t_s,sim_t,odom_vx,odom_wz,imu_wz,imu_ax,imu_ay,roll,pitch,yaw,gt_x,gt_y,gt_speed,ekf_cov_xx,ekf_cov_yy,ekf_cov_vx,cmd_lin_x,cmd_ang_z,ekf_x,ekf_y,ekf_yaw,imu_roll,imu_pitch,trn_x,trn_y
6.81,0.040,0.0000,0.0000,0.0000,0.0000,0.0000,0.0000,0.0000,0.0000,0.000,0.000,0.0000,0.0014001,0.00140011,0.000680664,0.0000,0.0000,0.000,0.000,0.0000,0.0000,0.0000,nan,nan
6.91,0.060,0.0000,0.0000,0.0000,0.0000,0.0000,0.0000,0.0000,0.0000,0.000,0.000,0.0000,0.00290103,0.00290125,0.00119086,0.0000,0.0000,0.000,0.000,0.0000,0.0000,0.0000,nan,nan
7.01,0.080,0.0000,0.0000,0.0000,0.0000,0.0000,0.0000,0.0000,0.0000,0.000,0.000,0.0000,0.00290103,0.00290125,0.00119086,0.0000,0.0000,0.000,0.000,0.0000,0.0000,0.0000,nan,nan
7.11,0.100,0.0000,0.0000,0.0000,0.0000,0.0000,0.0000,0.0000,0.0000,0.000,0.000,0.0000,0.00440346,0.00440478,0.00169733,0.0000,0.0000,0.000,0.000,0.0000,0.0000,0.0000,nan,nan
7.21,0.120,0.0000,0.0000,0.0000,0.0000,0.0000,0.0000,0.0000,0.0000,0.000,0.000,0.0000,0.00440346,0.00440478,0.00169733,0.0000,0.0000,0.000,0.000,0.0000,0.0000,0.0000,nan,nan
7.31,0.140,0.0000,0.0000,0.0000,0.0000,0.0000,0.0000,0.0000,0.0000,0.000,0.000,0.0000,0.00640862,0.00641555,0.00200835,0.0000,0.0000,0.000,0.000,0.0000,0.0000,0.0000,nan,nan
7.41,0.160,0.0000,0.0000,0.0000,0.0000,0.0000,0.0000,0.0000,0.0000,0.000,0.000,0.0000,0.0079128,0.00792992,0.00190013,0.0000,0.0000,0.000,0.000,0.0000,0.0000,0.0000,nan,nan
7.51,0.200,0.0000,0.0000,0.0000,0.0000,0.0000,0.0000,0.0000,0.0000,0.000,0.000,0.0000,0.00941883,0.00945121,0.00218954,0.0000,0.0000,0.000,0.000,0.0000,0.0000,0.0000,nan,nan
7.61,0.200,0.0000,0.0000,0.0000,0.0000,0.0000,0.0000,0.0000,0.0000,0.000,0.000,0.0000,0.00941883,0.00945121,0.00218954,0.0000,0.0000,0.000,0.000,0.0000,0.0000,0.0000,nan,nan
7.71,0.240,0.0000,0.0000,0.0000,0.0000,0.0000,0.0000,0.0000,0.0000,0.000,0.000,0.0000,0.0114264,0.0114927,0.00223126,0.0000,0.0000,0.000,0.000,0.0000,0.0000,0.0000,nan,nan
7.81,0.260,0.0000,0.0000,0.0000,0.0000,0.0000,0.0000,0.0000,0.0000,0.000,0.000,0.0000,0.0114264,0.0114927,0.00223126,0.0000,0.0000,0.000,0.000,0.0000,0.0000,0.0000,nan,nan
7.91,0.280,0.0000,0.0000,0.0000,0.0000,0.0000,0.0000,0.0000,0.0000,0.000,0.000,0.0000,0.012931,0.0130355,0.00199722,0.0000,0.0000,0.000,0.000,0.0000,0.0000,0.0000,nan,nan
8.01,0.300,0.0000,0.0000,0.0000,0.0000,0.0000,0.0000,0.0000,0.0000,0.000,0.000,0.0000,0.0144381,0.0145898,0.00225569,0.0000,0.0000,0.000,0.000,0.0000,0.0000,0.0000,nan,nan
8.11,0.320,0.0000,0.0000,0.0000,0.0000,0.0000,0.0000,0.0000,0.0000,0.000,0.000,0.0000,0.0144381,0.0145898,0.00225569,0.0000,0.0000,0.000,0.000,0.0000,0.0000,0.0000,nan,nan
8.21,0.340,0.0000,0.0000,0.0000,0.0000,0.0000,0.0000,0.0000,0.0000,0.000,0.000,0.0000,0.016446,0.0166826,0.00226285,0.0000,0.0000,0.000,0.000,0.0000,0.0000,0.0000,nan,nan
8.31,0.360,0.0000,0.0000,0.0000,0.0000,0.0000,0.0000,0.0000,0.0000,0.000,0.000,0.0000,0.0179505,0.0182694,0.00201298,0.0000,0.0000,0.000,0.000,0.0000,0.0000,0.0000,nan,nan
8.41,0.380,0.0000,0.0000,0.0000,0.0000,0.0000,0.0000,0.0000,0.0000,0.000,0.000,0.0000,0.0179505,0.0182694,0.00201298,0.0000,0.0000,0.000,0.000,0.0000,0.0000,0.0000,nan,nan
8.51,0.400,0.0000,0.0000,0.0000,0.0000,0.0000,0.0000,0.0000,0.0000,0.000,0.000,0.0000,0.019458,0.0198724,0.00226948,0.0000,0.0000,0.000,0.000,0.0000,0.0000,0.0000,nan,nan
8.61,0.420,0.0000,0.0000,0.0000,0.0000,0.0000,0.0000,0.0000,0.0000,0.000,0.000,0.0000,0.021466,0.0220376,0.00227295,0.0000,0.0000,0.000,0.000,0.0000,0.0000,0.0000,nan,nan
8.71,0.440,0.0000,0.0000,0.0000,0.0000,0.0000,0.0000,0.0000,0.0000,0.000,0.000,0.0000,0.021466,0.0220376,0.00227295,0.0000,0.0000,0.000,0.000,0.0000,0.0000,0.0000,nan,nan
8.81,0.480,0.0000,0.0000,0.0000,0.0000,0.0000,0.0000,0.0000,0.0000,0.000,0.000,0.0000,0.0229705,0.0236843,0.00201998,0.0000,0.0000,0.000,0.000,0.0000,0.0000,0.0000,nan,nan
8.91,0.500,0.0000,0.0000,0.0000,0.0000,0.0000,0.0000,0.0000,0.0000,0.000,0.000,0.0000,0.0244781,0.0253522,0.0022777,0.0000,0.0000,0.000,0.000,0.0000,0.0000,0.0000,nan,nan
9.01,0.520,0.0000,0.0000,0.0000,0.0000,0.0000,0.0000,0.0000,0.0000,0.000,0.000,0.0000,0.0244781,0.0253522,0.0022777,0.0000,0.0000,0.000,0.000,0.0000,0.0000,0.0000,nan,nan
9.11,0.540,0.0000,0.0000,0.0000,0.0000,0.0000,0.0000,0.0000,0.0000,0.000,0.000,0.0000,0.0264861,0.0276118,0.00228074,0.0000,0.0000,0.000,0.000,0.0000,0.0000,0.0000,nan,nan
9.21,0.560,0.0000,0.0000,0.0000,0.0000,0.0000,0.0000,0.0000,0.0000,0.000,0.000,0.0000,0.0279905,0.0293352,0.00202599,0.0000,0.0000,0.000,0.000,0.0000,0.0000,0.0000,nan,nan
9.31,0.580,0.0000,0.0000,0.0000,0.0000,0.0000,0.0000,0.0000,0.0000,0.000,0.000,0.0000,0.0279905,0.0293352,0.00202599,0.0000,0.0000,0.000,0.000,0.0000,0.0000,0.0000,nan,nan
9.41,0.600,0.0000,0.0000,0.0000,0.0000,0.0000,0.0000,0.0000,0.0000,0.000,0.000,0.0000,0.0294981,0.0310851,0.00228521,0.0000,0.0000,0.000,0.000,0.0000,0.0000,0.0000,nan,nan
9.51,0.620,0.0000,0.0000,0.0000,0.0000,0.0000,0.0000,0.0000,0.0000,0.000,0.000,0.0000,0.0294981,0.0310851,0.00228521,0.0000,0.0000,0.000,0.000,0.0000,0.0000,0.0000,nan,nan
9.61,0.640,0.0000,0.0000,0.0000,0.0000,0.0000,0.0000,0.0000,0.0000,0.000,0.000,0.0000,0.0315061,0.0334621,0.00228813,0.0000,0.0000,0.000,0.000,0.0000,0.0000,0.0000,nan,nan
9.71,0.660,0.0000,0.0000,0.0000,0.0000,0.0000,0.0000,0.0000,0.0000,0.000,0.000,0.0000,0.0330106,0.0352799,0.00203174,0.0000,0.0000,0.000,0.000,0.0000,0.0000,0.0000,nan,nan
9.81,0.680,0.0000,0.0000,0.0000,0.0000,0.0000,0.0000,0.0000,0.0000,0.000,0.000,0.0000,0.0330106,0.0352799,0.00203174,0.0000,0.0000,0.000,0.000,0.0000,0.0000,0.0000,nan,nan
9.91,0.700,0.0000,0.0000,0.0000,0.0000,0.0000,0.0000,0.0000,0.0000,0.000,0.000,0.0000,0.0345182,0.0371296,0.00229243,0.0000,0.0000,0.000,0.000,0.0000,0.0000,0.0000,nan,nan
10.01,0.720,0.0000,0.0000,0.0000,0.0000,0.0000,0.0000,0.0000,0.0000,0.000,0.000,0.0000,0.0365262,0.0396484,0.00229523,0.0000,0.0000,0.000,0.000,0.0000,0.0000,0.0000,nan,nan
10.11,0.740,-0.0276,0.0000,-0.0000,-0.0307,0.0298,0.0183,0.0189,0.0033,-0.001,-0.000,0.0001,0.0365262,0.0396484,0.00229523,0.0000,0.0000,0.000,0.000,0.0000,0.0183,0.0189,nan,nan
10.21,0.760,0.0000,-0.0000,-0.0000,-0.0307,0.0297,0.0182,0.0189,0.0033,-0.001,-0.000,0.0001,0.0380306,0.0415792,0.00203725,0.0000,0.0000,-0.000,-0.000,0.0040,0.0183,0.0189,nan,nan
10.31,0.780,0.0000,-0.0000,-0.0000,-0.0307,0.0296,0.0182,0.0189,0.0033,-0.001,-0.000,0.0001,0.0395383,0.0435477,0.00229933,0.0000,0.0000,-0.001,-0.000,0.0042,0.0182,0.0189,nan,nan
10.41,0.820,0.0000,-0.0000,-0.0000,-0.0307,0.0295,0.0181,0.0189,0.0033,-0.001,-0.000,0.0001,0.0395383,0.0435477,0.00229933,0.0000,0.0000,-0.001,-0.000,0.0042,0.0181,0.0189,nan,nan
10.51,0.840,0.0000,-0.0000,-0.0000,-0.0307,0.0294,0.0181,0.0189,0.0033,-0.001,-0.000,0.0001,0.0415463,0.0462343,0.002302,0.0000,0.0000,-0.001,-0.000,0.0037,0.0181,0.0189,nan,nan
10.61,0.860,0.0000,-0.0000,-0.0000,-0.0307,0.0293,0.0180,0.0189,0.0033,-0.001,-0.000,0.0001,0.0415463,0.0462343,0.002302,0.0000,0.0000,-0.001,-0.000,0.0037,0.0180,0.0189,nan,nan
10.71,0.880,0.0000,-0.0000,-0.0000,-0.0307,0.0292,0.0180,0.0189,0.0033,-0.001,-0.000,0.0001,0.0430507,0.0482981,0.00204249,0.0000,0.0000,-0.001,-0.000,0.0035,0.0180,0.0189,nan,nan
10.81,0.900,0.0000,-0.0000,-0.0000,-0.0307,0.0291,0.0179,0.0189,0.0033,-0.001,-0.000,0.0001,0.0445583,0.0504058,0.00230589,0.0000,0.0000,-0.001,-0.000,0.0034,0.0179,0.0189,nan,nan
10.91,0.920,0.0000,-0.0000,-0.0000,-0.0307,0.0290,0.0179,0.0189,0.0033,-0.001,-0.000,0.0001,0.0445583,0.0504058,0.00230589,0.0000,0.0000,-0.001,-0.000,0.0034,0.0179,0.0189,nan,nan
11.01,0.920,0.0000,-0.0000,-0.0000,-0.0307,0.0290,0.0178,0.0189,0.0033,-0.001,-0.000,0.0001,0.0465664,0.0532879,0.00230841,0.0000,0.0000,-0.001,-0.000,0.0033,0.0179,0.0189,nan,nan
11.11,0.960,0.0000,-0.0000,-0.0000,-0.0307,0.0288,0.0178,0.0189,0.0033,-0.001,-0.000,0.0001,0.0465664,0.0532879,0.00230841,0.0000,0.0000,-0.001,-0.000,0.0033,0.0178,0.0189,nan,nan
11.21,0.980,0.0000,-0.0000,-0.0000,-0.0307,0.0288,0.0177,0.0189,0.0033,-0.001,-0.000,0.0001,0.0480708,0.0555059,0.00204744,0.0000,0.0000,-0.001,-0.000,0.0033,0.0177,0.0189,nan,nan
11.31,1.000,0.0000,-0.0000,-0.0000,-0.0307,0.0287,0.0177,0.0189,0.0033,-0.001,-0.000,0.0001,0.0495784,0.0577746,0.00231208,0.0000,0.0000,-0.001,-0.000,0.0033,0.0177,0.0189,nan,nan
11.41,1.020,0.0000,-0.0000,-0.0000,-0.0307,0.0286,0.0176,0.0189,0.0033,-0.001,-0.000,0.0001,0.0495784,0.0577746,0.00231208,0.0000,0.0000,-0.001,-0.000,0.0033,0.0176,0.0189,nan,nan
11.51,1.040,0.0000,-0.0000,-0.0000,-0.0307,0.0285,0.0176,0.0189,0.0033,-0.001,-0.000,0.0001,0.0515865,0.0608821,0.00231445,0.0000,0.0000,-0.001,-0.000,0.0033,0.0176,0.0189,nan,nan
11.61,1.060,0.0000,-0.0000,-0.0000,-0.0307,0.0284,0.0175,0.0189,0.0033,-0.001,-0.000,0.0001,0.0515865,0.0608821,0.00231445,0.0000,0.0000,-0.001,-0.000,0.0033,0.0175,0.0189,nan,nan
11.71,1.080,0.0000,-0.0000,-0.0000,-0.0307,0.0283,0.0175,0.0189,0.0033,-0.001,-0.000,0.0001,0.0530909,0.0632773,0.00205209,0.0000,0.0000,-0.001,-0.000,0.0033,0.0175,0.0189,nan,nan
11.81,1.100,0.0000,-0.0000,-0.0000,-0.0307,0.0283,0.0174,0.0189,0.0033,-0.001,-0.000,0.0001,0.0545985,0.0657304,0.00231788,0.0000,0.0000,-0.001,-0.000,0.0033,0.0174,0.0189,nan,nan
11.91,1.120,0.0000,-0.0000,-0.0000,-0.0307,0.0281,0.0174,0.0189,0.0033,-0.001,-0.000,0.0001,0.0545985,0.0657304,0.00231788,0.0000,0.0000,-0.001,-0.000,0.0033,0.0174,0.0189,nan,nan
12.01,1.140,0.0000,-0.0000,-0.0000,-0.0307,0.0281,0.0173,0.0189,0.0033,-0.001,-0.000,0.0001,0.0566066,0.0690953,0.00232009,0.0000,0.0000,-0.001,-0.000,0.0033,0.0173,0.0189,nan,nan
12.11,1.160,0.0000,-0.0000,-0.0000,-0.0307,0.0280,0.0173,0.0189,0.0033,-0.001,-0.000,0.0001,0.058111,0.0716925,0.00205642,0.0000,0.0000,-0.001,-0.000,0.0033,0.0173,0.0189,nan,nan
12.21,1.180,0.0000,-0.0000,-0.0000,-0.0307,0.0279,0.0172,0.0189,0.0033,-0.001,-0.000,0.0001,0.058111,0.0716925,0.00205642,0.0000,0.0000,-0.001,-0.000,0.0033,0.0172,0.0189,nan,nan
12.31,1.200,0.0000,-0.0000,-0.0000,-0.0307,0.0278,0.0172,0.0189,0.0033,-0.001,-0.000,0.0001,0.0596187,0.0743553,0.00232329,0.0000,0.0000,-0.001,-0.000,0.0033,0.0172,0.0189,nan,nan
12.41,1.220,0.0000,-0.0000,-0.0000,-0.0307,0.0277,0.0171,0.0189,0.0033,-0.001,-0.000,0.0001,0.0616267,0.0780122,0.00232534,0.0000,0.0000,-0.001,-0.000,0.0033,0.0171,0.0189,nan,nan
12.51,1.240,0.0000,-0.0000,-0.0000,-0.0307,0.0276,0.0171,0.0189,0.0033,-0.001,-0.000,0.0001,0.0616267,0.0780122,0.00232534,0.0000,0.0000,-0.001,-0.000,0.0033,0.0171,0.0189,nan,nan
12.61,1.260,0.0000,-0.0000,-0.0000,-0.0307,0.0276,0.0170,0.0189,0.0033,-0.001,-0.000,0.0001,0.0631311,0.080838,0.00206044,0.0000,0.0000,-0.001,-0.000,0.0033,0.0170,0.0189,nan,nan
12.71,1.280,0.0000,-0.0000,-0.0000,-0.0681,0.0503,0.0169,0.0189,0.0033,-0.001,-0.000,0.0003,0.0631311,0.080838,0.00206044,0.0000,0.0000,-0.001,-0.000,0.0033,0.0170,0.0189,nan,nan
12.81,1.300,0.0000,-0.0000,-0.0000,-0.0220,0.0185,0.0168,0.0188,0.0032,-0.001,-0.000,0.0004,0.0646388,0.0837378,0.0023283,0.0000,0.0000,-0.001,-0.000,0.0033,0.0169,0.0189,nan,nan
12.91,1.340,0.0000,-0.0000,-0.0000,-0.0239,0.0206,0.0167,0.0187,0.0032,-0.001,-0.000,0.0003,0.0666468,0.0877242,0.00233019,0.0000,0.0000,-0.001,-0.000,0.0033,0.0167,0.0187,nan,nan
13.01,1.360,0.0000,-0.0000,-0.0000,-0.0250,0.0216,0.0167,0.0186,0.0032,-0.001,-0.000,0.0002,0.0666468,0.0877242,0.00233019,0.0000,0.0000,-0.001,-0.000,0.0033,0.0167,0.0187,nan,nan
13.11,1.380,0.0000,-0.0000,-0.0000,-0.0258,0.0225,0.0166,0.0186,0.0032,-0.001,-0.000,0.0002,0.0681512,0.0908073,0.00206416,0.0000,0.0000,-0.001,-0.000,0.0032,0.0166,0.0186,nan,nan
13.21,1.400,0.0000,-0.0000,-0.0000,-0.0265,0.0232,0.0166,0.0185,0.0032,-0.001,-0.000,0.0002,0.0696589,0.0939737,0.00233292,0.0000,0.0000,-0.001,-0.000,0.0032,0.0166,0.0185,nan,nan
13.31,1.420,0.0000,-0.0000,-0.0000,-0.0271,0.0238,0.0165,0.0185,0.0032,-0.001,-0.000,0.0000,0.0696589,0.0939737,0.00233292,0.0000,0.0000,-0.001,-0.000,0.0032,0.0165,0.0185,nan,nan
13.41,1.420,0.0000,-0.0000,-0.0000,-0.0274,0.0241,0.0165,0.0185,0.0032,-0.001,-0.000,0.0002,0.071667,0.0983299,0.00233466,0.0000,0.0000,-0.001,-0.000,0.0032,0.0165,0.0185,nan,nan
13.51,1.440,0.0000,-0.0000,-0.0000,-0.0278,0.0245,0.0165,0.0185,0.0032,-0.001,-0.000,0.0000,0.071667,0.0983299,0.00233466,0.0000,0.0000,-0.001,-0.000,0.0032,0.0165,0.0185,nan,nan
13.61,1.460,0.0000,-0.0000,-0.0000,-0.0281,0.0249,0.0165,0.0184,0.0032,-0.002,-0.000,0.0002,0.0731714,0.101702,0.00206757,0.0000,0.0000,-0.001,-0.000,0.0032,0.0165,0.0184,nan,nan
13.71,1.480,0.0000,-0.0000,-0.0000,-0.0284,0.0252,0.0164,0.0184,0.0032,-0.002,-0.000,0.0002,0.0746791,0.105166,0.00233716,0.0000,0.0000,-0.001,-0.000,0.0032,0.0164,0.0184,nan,nan
13.81,1.520,0.0000,-0.0000,-0.0000,-0.0288,0.0255,0.0164,0.0184,0.0032,-0.002,-0.000,0.0002,0.0746791,0.105166,0.00233716,0.0000,0.0000,-0.001,-0.000,0.0032,0.0164,0.0184,nan,nan
13.91,1.540,0.0000,-0.0000,-0.0000,-0.0289,0.0257,0.0164,0.0184,0.0032,-0.002,-0.000,0.0000,0.0766871,0.109936,0.00233876,0.0000,0.0000,-0.001,-0.000,0.0032,0.0164,0.0184,nan,nan
14.01,1.560,0.0000,-0.0000,0.0000,-0.0291,0.0258,0.0164,0.0184,0.0032,-0.002,-0.000,0.0000,0.0781915,0.11363,0.00207069,0.0000,0.0000,-0.001,-0.000,0.0032,0.0164,0.0184,nan,nan
14.11,1.580,0.0000,-0.0000,0.0000,-0.0292,0.0260,0.0164,0.0184,0.0032,-0.002,-0.000,0.0000,0.0781915,0.11363,0.00207069,0.0000,0.0000,-0.001,-0.000,0.0032,0.0164,0.0184,nan,nan
14.21,1.580,0.0000,-0.0000,0.0000,-0.0292,0.0260,0.0164,0.0184,0.0032,-0.002,-0.000,0.0000,0.0796992,0.117427,0.00234104,0.0000,0.0000,-0.001,-0.000,0.0032,0.0164,0.0184,nan,nan
14.31,1.600,0.0000,-0.0000,0.0000,-0.0293,0.0261,0.0164,0.0184,0.0032,-0.002,-0.000,0.0000,0.0796992,0.117427,0.00234104,0.0000,0.0000,-0.001,-0.000,0.0032,0.0164,0.0184,nan,nan
14.41,1.620,0.0000,-0.0000,0.0000,-0.0294,0.0261,0.0164,0.0184,0.0032,-0.002,-0.000,0.0000,0.0796992,0.117427,0.00234104,0.0000,0.0000,-0.001,-0.000,0.0032,0.0164,0.0184,nan,nan
14.51,1.640,0.0000,-0.0000,0.0000,-0.0294,0.0262,0.0164,0.0184,0.0032,-0.002,-0.000,0.0000,0.0817073,0.122657,0.00234249,0.0000,0.0000,-0.001,-0.000,0.0032,0.0164,0.0184,nan,nan
14.61,1.660,0.0000,-0.0000,0.0000,-0.0295,0.0263,0.0164,0.0184,0.0032,-0.002,-0.000,0.0000,0.0817073,0.122657,0.00234249,0.0000,0.0000,-0.001,-0.000,0.0032,0.0164,0.0184,nan,nan
14.71,1.680,0.0000,-0.0000,0.0000,-0.0295,0.0263,0.0164,0.0184,0.0032,-0.002,-0.000,0.0000,0.0832117,0.12671,0.00207354,0.0000,0.0000,-0.001,-0.000,0.0032,0.0164,0.0184,nan,nan
14.81,1.700,0.0000,-0.0000,0.0000,-0.0296,0.0263,0.0164,0.0184,0.0032,-0.002,-0.000,0.0000,0.0847194,0.130877,0.00234457,0.0000,0.0000,-0.001,-0.000,0.0032,0.0164,0.0184,nan,nan
14.91,1.720,0.0000,-0.0000,0.0000,-0.0296,0.0264,0.0164,0.0183,0.0032,-0.002,-0.000,0.0000,0.0847194,0.130877,0.00234457,0.0000,0.0000,-0.001,-0.000,0.0032,0.0164,0.0183,nan,nan
15.01,1.740,0.0000,-0.0000,0.0000,-0.0296,0.0264,0.0164,0.0183,0.0032,-0.002,-0.000,0.0000,0.0867275,0.136619,0.0023459,0.0000,0.0000,-0.001,-0.000,0.0032,0.0164,0.0183,nan,nan
15.11,1.760,0.0000,-0.0000,0.0000,-0.0297,0.0265,0.0164,0.0183,0.0032,-0.002,-0.000,0.0000,0.0882319,0.141069,0.00207613,0.0000,0.0000,-0.001,-0.000,0.0032,0.0164,0.0183,nan,nan
15.21,1.780,0.0000,-0.0000,0.0000,-0.0297,0.0265,0.0164,0.0183,0.0032,-0.002,-0.000,0.0000,0.0882319,0.141069,0.00207613,0.0000,0.0000,-0.001,-0.000,0.0032,0.0164,0.0183,nan,nan
15.31,1.800,0.0000,-0.0000,0.0000,-0.0297,0.0265,0.0164,0.0183,0.0033,-0.002,-0.000,0.0001,0.0897396,0.145646,0.00234778,0.0000,0.3000,-0.001,-0.000,0.0032,0.0164,0.0183,nan,nan
15.41,1.820,0.0000,0.0155,0.0130,-0.0405,0.0361,0.0164,0.0183,0.0034,-0.002,-0.000,0.0003,0.0897396,0.145646,0.00234778,0.0000,0.3000,-0.001,-0.000,0.0032,0.0164,0.0183,nan,nan
15.51,1.840,0.0000,0.0355,0.0259,-0.0405,0.0361,0.0164,0.0183,0.0039,-0.002,-0.000,0.0007,0.0917477,0.151954,0.00234898,0.0000,0.3000,-0.001,-0.000,0.0035,0.0164,0.0183,nan,nan
15.61,1.860,0.0000,0.0555,0.0389,-0.0404,0.0361,0.0164,0.0183,0.0044,-0.002,-0.000,0.0009,0.0917477,0.151954,0.00234898,0.0000,0.3000,-0.001,-0.000,0.0035,0.0164,0.0183,nan,nan
15.71,1.860,0.0000,0.0555,0.0453,-0.0404,0.0361,0.0164,0.0183,0.0049,-0.002,-0.000,0.0010,0.0932521,0.156844,0.00207847,0.0000,0.3000,-0.001,-0.000,0.0043,0.0164,0.0183,nan,nan
15.81,1.860,0.0000,0.0555,0.0453,-0.0404,0.0361,0.0164,0.0183,0.0051,-0.002,-0.000,0.0011,0.0932521,0.156844,0.00207847,0.0000,0.3000,-0.001,-0.000,0.0043,0.0164,0.0183,nan,nan
15.91,1.880,0.0000,0.0755,0.0518,-0.0404,0.0361,0.0164,0.0183,0.0056,-0.002,-0.000,0.0012,0.0932521,0.156844,0.00207847,0.0000,0.3000,-0.001,-0.000,0.0043,0.0164,0.0183,nan,nan
16.01,1.880,0.0000,0.0755,0.0582,-0.0403,0.0361,0.0164,0.0183,0.0062,-0.002,-0.000,0.0014,0.0932521,0.156844,0.00207847,0.0000,0.3000,-0.001,-0.000,0.0043,0.0164,0.0183,nan,nan
16.11,1.900,0.0000,0.0955,0.0711,-0.0405,0.0358,0.0164,0.0183,0.0072,-0.002,-0.000,0.0016,0.0947598,0.161874,0.00235068,0.0000,0.3000,-0.001,-0.000,0.0057,0.0164,0.0183,nan,nan
16.21,1.920,0.0000,0.1155,0.0775,-0.0418,0.0343,0.0165,0.0183,0.0087,-0.002,-0.000,0.0019,0.0947598,0.161874,0.00235068,0.0000,0.3000,-0.001,-0.000,0.0057,0.0164,0.0183,nan,nan
16.31,1.940,0.0000,0.1355,0.0903,-0.0424,0.0334,0.0165,0.0182,0.0104,-0.002,-0.000,0.0021,0.096768,0.168807,0.00235176,0.0000,0.3000,-0.001,-0.000,0.0086,0.0165,0.0182,nan,nan
16.41,1.960,0.0000,0.1555,0.1031,-0.0432,0.0324,0.0165,0.0182,0.0122,-0.002,-0.000,0.0024,0.0982724,0.174182,0.00208058,0.0000,0.3000,-0.001,-0.000,0.0114,0.0165,0.0182,nan,nan
16.51,1.980,0.0000,0.1755,0.1158,-0.0441,0.0312,0.0166,0.0182,0.0141,-0.002,-0.000,0.0026,0.0982724,0.174182,0.00208058,0.0000,0.3000,-0.001,-0.000,0.0114,0.0166,0.0182,nan,nan
16.61,2.000,0.0000,0.1955,0.1285,-0.0451,0.0299,0.0166,0.0181,0.0163,-0.002,-0.000,0.0029,0.0997803,0.179712,0.0023533,0.0000,0.3000,-0.001,-0.000,0.0148,0.0166,0.0181,nan,nan
16.71,2.020,0.0000,0.2155,0.1410,-0.0462,0.0284,0.0166,0.0181,0.0189,-0.002,-0.000,0.0032,0.0997803,0.179712,0.0023533,0.0000,0.3000,-0.001,-0.000,0.0148,0.0166,0.0181,nan,nan
16.81,2.020,0.0000,0.2155,0.1473,-0.0468,0.0276,0.0167,0.0180,0.0216,-0.002,0.000,0.0035,0.101789,0.187333,0.00235427,0.0000,0.3000,-0.001,-0.000,0.0202,0.0167,0.0181,nan,nan
16.91,2.040,0.0000,0.2355,0.1473,-0.0468,0.0276,0.0167,0.0180,0.0219,-0.002,0.000,0.0035,0.101789,0.187333,0.00235427,0.0000,0.3000,-0.001,-0.000,0.0202,0.0167,0.0181,nan,nan
17.01,2.040,0.0000,0.2355,0.1535,-0.0475,0.0268,0.0167,0.0180,0.0220,-0.002,0.000,0.0035,0.101789,0.187333,0.00235427,0.0000,0.3000,-0.001,-0.000,0.0202,0.0167,0.0180,nan,nan
17.11,2.040,0.0000,0.2355,0.1597,-0.0481,0.0260,0.0168,0.0180,0.0249,-0.002,0.000,0.0038,0.101789,0.187333,0.00235427,0.0000,0.3000,-0.001,-0.000,0.0202,0.0167,0.0180,nan,nan
17.21,2.060,0.0000,0.2555,0.1659,-0.0488,0.0251,0.0168,0.0180,0.0264,-0.002,0.000,0.0040,0.103293,0.193241,0.00208248,0.0000,0.3000,-0.001,-0.000,0.0250,0.0168,0.0180,nan,nan
17.31,2.060,0.0000,0.2555,0.1721,-0.0495,0.0242,0.0168,0.0179,0.0275,-0.002,0.000,0.0041,0.103293,0.193241,0.00208248,0.0000,0.3000,-0.001,-0.000,0.0250,0.0168,0.0180,nan,nan
17.41,2.080,0.0000,0.2755,0.1844,-0.0511,0.0223,0.0169,0.0179,0.0309,-0.002,0.000,0.0044,0.103293,0.193241,0.00208248,0.0000,0.3000,-0.001,-0.000,0.0250,0.0169,0.0179,nan,nan
17.51,2.100,0.0000,0.2955,0.1902,-0.0376,0.0163,0.0169,0.0178,0.0341,-0.002,0.000,0.0046,0.104802,0.199319,0.00235566,0.0000,0.3000,-0.001,-0.000,0.0302,0.0169,0.0178,nan,nan
17.61,2.120,0.0000,0.3000,0.1897,-0.0376,0.0164,0.0170,0.0178,0.0381,-0.002,0.000,0.0047,0.104802,0.199319,0.00235566,0.0000,0.3000,-0.001,-0.000,0.0302,0.0170,0.0178,nan,nan
17.71,2.140,0.0000,0.3000,0.1892,-0.0375,0.0166,0.0171,0.0177,0.0421,-0.002,0.000,0.0048,0.106811,0.207694,0.00235653,0.0000,0.3000,-0.001,-0.000,0.0379,0.0171,0.0177,nan,nan
17.81,2.160,0.0000,0.3000,0.1886,-0.0374,0.0167,0.0171,0.0176,0.0460,-0.002,0.000,0.0050,0.108317,0.214185,0.00208419,0.0000,0.3000,-0.001,-0.000,0.0437,0.0171,0.0176,nan,nan
17.91,2.180,0.0000,0.3000,0.1881,-0.0373,0.0169,0.0172,0.0176,0.0506,-0.003,0.000,0.0051,0.108317,0.214185,0.00208419,0.0000,0.3000,-0.001,-0.000,0.0437,0.0172,0.0176,nan,nan
18.01,2.200,0.0000,0.3000,0.1876,-0.0373,0.0171,0.0173,0.0175,0.0549,-0.003,0.000,0.0053,0.109827,0.220862,0.00235777,0.0000,0.3000,-0.001,-0.000,0.0494,0.0173,0.0175,nan,nan
18.11,2.240,0.0000,0.3000,0.1868,-0.0371,0.0173,0.0174,0.0174,0.0594,-0.003,0.000,0.0055,0.111838,0.23006,0.00235856,0.0000,0.3000,-0.001,-0.000,0.0569,0.0173,0.0174,nan,nan
18.21,2.260,-0.0000,0.3000,0.1867,-0.0192,0.0174,0.0174,0.0173,0.0638,-0.003,0.000,0.0054,0.113346,0.237188,0.00208572,0.0000,0.3000,-0.001,-0.000,0.0625,0.0174,0.0173,nan,nan
18.31,2.280,-0.0000,0.3000,0.1875,-0.0191,0.0175,0.0175,0.0172,0.0681,-0.003,0.000,0.0053,0.113346,0.237188,0.00208572,0.0000,0.3000,-0.001,-0.000,0.0625,0.0175,0.0173,nan,nan
18.41,2.300,-0.0000,0.3000,0.1880,-0.0190,0.0175,0.0176,0.0172,0.0723,-0.003,0.000,0.0051,0.114859,0.244517,0.00235967,0.0000,0.3000,-0.001,-0.000,0.0681,0.0176,0.0172,nan,nan
18.51,2.320,-0.0000,0.3000,0.1886,-0.0189,0.0176,0.0177,0.0171,0.0768,-0.003,0.000,0.0049,0.116875,0.254611,0.00236037,0.0000,0.3000,-0.001,-0.000,0.0757,0.0176,0.0171,nan,nan
18.61,2.360,-0.0000,0.3000,0.1894,-0.0188,0.0177,0.0177,0.0170,0.0813,-0.003,0.000,0.0048,0.116875,0.254611,0.00236037,0.0000,0.3000,-0.001,-0.000,0.0757,0.0177,0.0170,nan,nan
18.71,2.380,-0.0000,0.3000,0.1899,-0.0187,0.0177,0.0178,0.0169,0.0855,-0.003,0.000,0.0046,0.118388,0.262431,0.00208709,0.0000,0.3000,-0.001,-0.000,0.0813,0.0178,0.0170,nan,nan
18.81,2.400,-0.0000,0.3000,0.1904,-0.0186,0.0178,0.0179,0.0169,0.0893,-0.004,0.000,0.0045,0.119905,0.270469,0.00236136,0.0000,0.3000,-0.001,-0.000,0.0870,0.0179,0.0169,nan,nan
18.91,2.420,-0.0000,0.3000,0.1909,-0.0185,0.0178,0.0179,0.0168,0.0933,-0.004,-0.000,0.0045,0.119905,0.270469,0.00236136,0.0000,0.3000,-0.001,-0.000,0.0870,0.0179,0.0168,nan,nan
19.01,2.440,-0.0000,0.3000,0.1915,-0.0185,0.0179,0.0180,0.0167,0.0973,-0.004,-0.000,0.0044,0.12193,0.281537,0.00236199,0.0000,0.3000,-0.001,-0.000,0.0946,0.0180,0.0167,nan,nan
19.11,2.460,-0.0000,0.3000,0.1920,-0.0184,0.0179,0.0181,0.0167,0.1010,-0.004,-0.000,0.0043,0.12193,0.281537,0.00236199,0.0000,0.3000,-0.001,-0.000,0.0946,0.0181,0.0167,nan,nan
19.21,2.480,-0.0000,0.3000,0.1925,-0.0183,0.0180,0.0181,0.0166,0.1043,-0.004,-0.000,0.0043,0.12345,0.290107,0.00208831,0.0000,0.3000,-0.001,-0.000,0.1004,0.0181,0.0166,nan,nan
19.31,2.500,-0.0000,0.3000,0.1931,-0.0182,0.0180,0.0182,0.0165,0.1081,-0.004,-0.000,0.0043,0.124977,0.298913,0.00236287,0.0000,0.3000,-0.001,-0.000,0.1062,0.0182,0.0165,nan,nan
19.41,2.520,-0.0000,0.3000,0.1936,-0.0181,0.0181,0.0183,0.0165,0.1120,-0.004,-0.000,0.0043,0.124977,0.298913,0.00236287,0.0000,0.3000,-0.001,-0.000,0.1062,0.0183,0.0165,nan,nan
19.51,2.540,-0.0000,0.3000,0.1941,-0.0181,0.0181,0.0183,0.0164,0.1159,-0.004,-0.000,0.0043,0.127015,0.311034,0.00236343,0.0000,0.3000,-0.001,-0.000,0.1139,0.0183,0.0164,nan,nan
19.61,2.560,-0.0000,0.3000,0.1947,-0.0180,0.0182,0.0184,0.0163,0.1199,-0.004,-0.000,0.0044,0.127015,0.311034,0.00236343,0.0000,0.3000,-0.001,-0.000,0.1139,0.0184,0.0163,nan,nan
19.71,2.580,-0.0000,0.3000,0.1952,-0.0179,0.0183,0.0184,0.0162,0.1238,-0.004,-0.000,0.0045,0.128547,0.320415,0.0020894,0.0000,0.3000,-0.001,-0.000,0.1197,0.0184,0.0163,nan,nan
19.81,2.600,-0.0000,0.3000,0.1958,-0.0178,0.0183,0.0185,0.0162,0.1276,-0.004,-0.001,0.0045,0.130088,0.330052,0.00236422,0.0000,0.3000,-0.001,-0.000,0.1256,0.0185,0.0162,nan,nan
19.91,2.620,-0.0000,0.3000,0.1963,-0.0177,0.0184,0.0186,0.0161,0.1315,-0.004,-0.001,0.0046,0.130088,0.330052,0.00236422,0.0000,0.3000,-0.001,-0.000,0.1256,0.0186,0.0161,nan,nan
20.01,2.640,-0.0000,0.3000,0.1968,-0.0177,0.0184,0.0186,0.0160,0.1356,-0.004,-0.001,0.0047,0.132147,0.343309,0.00236472,0.0000,0.3000,-0.001,-0.000,0.1334,0.0186,0.0160,nan,nan
20.11,2.660,-0.0000,0.3000,0.1974,-0.0176,0.0185,0.0187,0.0160,0.1396,-0.004,-0.001,0.0049,0.132147,0.343309,0.00236472,0.0000,0.3000,-0.001,-0.000,0.1334,0.0187,0.0160,nan,nan
20.21,2.680,-0.0000,0.3000,0.1979,-0.0175,0.0185,0.0188,0.0159,0.1435,-0.004,-0.001,0.0050,0.133697,0.353565,0.00209038,0.0000,0.3000,-0.001,-0.000,0.1393,0.0188,0.0159,nan,nan
20.31,2.700,-0.0000,0.3000,0.1985,-0.0174,0.0186,0.0188,0.0158,0.1473,-0.004,-0.001,0.0052,0.135258,0.364096,0.00236542,0.0000,0.3000,-0.001,-0.000,0.1453,0.0188,0.0158,nan,nan
20.41,2.720,-0.0000,0.3000,0.1990,-0.0173,0.0186,0.0189,0.0157,0.1511,-0.004,-0.001,0.0053,0.135258,0.364096,0.00236542,0.0000,0.3000,-0.001,-0.000,0.1453,0.0189,0.0157,nan,nan
20.51,2.740,-0.0000,0.3000,0.1995,-0.0173,0.0187,0.0189,0.0157,0.1552,-0.004,-0.001,0.0055,0.137348,0.378575,0.00236586,0.0000,0.3000,-0.001,-0.000,0.1532,0.0189,0.0157,nan,nan
20.61,2.760,-0.0000,0.3000,0.2001,-0.0172,0.0187,0.0190,0.0156,0.1590,-0.004,-0.001,0.0057,0.137348,0.378575,0.00236586,0.0000,0.3000,-0.001,-0.000,0.1532,0.0190,0.0156,nan,nan
20.71,2.780,-0.0000,0.3000,0.2006,-0.0171,0.0188,0.0191,0.0155,0.1632,-0.004,-0.001,0.0059,0.138924,0.389771,0.00209124,0.0000,0.3000,-0.001,-0.000,0.1592,0.0191,0.0155,nan,nan
20.81,2.800,-0.0000,0.3000,0.2012,-0.0170,0.0189,0.0191,0.0154,0.1675,-0.004,-0.002,0.0061,0.140513,0.401262,0.00236649,0.0000,0.3000,-0.001,-0.000,0.1652,0.0191,0.0154,nan,nan
20.91,2.820,-0.0000,0.3000,0.2017,-0.0169,0.0189,0.0192,0.0153,0.1715,-0.004,-0.002,0.0063,0.140513,0.401262,0.00236649,0.0000,0.3000,-0.001,-0.000,0.1652,0.0192,0.0154,nan,nan
21.01,2.840,-0.0000,0.3000,0.2023,-0.0168,0.0190,0.0193,0.0153,0.1757,-0.004,-0.002,0.0065,0.142646,0.417053,0.00236688,0.0000,0.3000,-0.001,-0.000,0.1733,0.0193,0.0153,nan,nan
21.11,2.860,-0.0000,0.3000,0.2028,-0.0168,0.0190,0.0193,0.0152,0.1802,-0.004,-0.002,0.0068,0.142646,0.417053,0.00236688,0.0000,0.3000,-0.001,-0.000,0.1733,0.0193,0.0152,nan,nan
21.21,2.880,-0.0000,0.3000,0.2034,-0.0167,0.0191,0.0194,0.0151,0.1847,-0.004,-0.002,0.0070,0.144259,0.429257,0.00209201,0.0000,0.3000,-0.001,-0.000,0.1793,0.0194,0.0151,nan,nan
21.31,2.900,-0.0000,0.3000,0.2039,-0.0166,0.0191,0.0195,0.0150,0.1889,-0.004,-0.002,0.0073,0.145887,0.441776,0.00236744,0.0000,0.3000,-0.001,-0.000,0.1854,0.0194,0.0150,nan,nan
21.41,2.920,-0.0000,0.3000,0.2047,-0.0165,0.0192,0.0195,0.0149,0.1934,-0.004,-0.002,0.0075,0.145887,0.441776,0.00236744,0.0000,0.3000,-0.001,-0.000,0.1854,0.0195,0.0149,nan,nan
21.51,2.940,-0.0000,0.3000,0.2053,-0.0164,0.0193,0.0196,0.0148,0.1977,-0.004,-0.003,0.0078,0.148079,0.45897,0.00236779,0.0000,0.3000,-0.001,-0.000,0.1936,0.0196,0.0148,nan,nan
21.61,2.960,-0.0000,0.3000,0.2058,-0.0163,0.0193,0.0197,0.0148,0.2014,-0.004,-0.003,0.0080,0.14974,0.47225,0.00209269,0.0000,0.3000,-0.001,-0.000,0.1998,0.0197,0.0148,nan,nan
21.71,2.980,-0.0000,0.3000,0.2061,-0.0163,0.0194,0.0197,0.0147,0.2045,-0.004,-0.003,0.0082,0.14974,0.47225,0.00209269,0.0000,0.3000,-0.001,-0.000,0.1998,0.0197,0.0147,nan,nan
21.81,3.000,-0.0000,0.3000,0.2067,-0.0162,0.0194,0.0197,0.0146,0.2078,-0.004,-0.003,0.0084,0.151421,0.485867,0.00236828,0.0000,0.3000,-0.001,-0.000,0.2059,0.0197,0.0146,nan,nan
21.91,3.000,-0.0000,0.3000,0.2069,-0.0161,0.0194,0.0198,0.0146,0.2112,-0.004,-0.003,0.0086,0.151421,0.485867,0.00236828,0.0000,0.3000,-0.001,-0.000,0.2059,0.0198,0.0146,nan,nan
22.01,3.020,-0.0000,0.3000,0.2075,-0.0161,0.0195,0.0198,0.0145,0.2143,-0.004,-0.003,0.0088,0.151421,0.485867,0.00236828,0.0000,0.3000,-0.001,-0.000,0.2059,0.0198,0.0145,nan,nan
22.11,3.040,-0.0000,0.3000,0.2078,-0.0160,0.0195,0.0199,0.0145,0.2170,-0.004,-0.003,0.0089,0.153691,0.504558,0.00236859,0.0000,0.3000,-0.001,-0.000,0.2142,0.0199,0.0145,nan,nan
22.21,3.040,-0.0000,0.3000,0.2081,-0.0160,0.0196,0.0199,0.0144,0.2199,-0.004,-0.003,0.0091,0.153691,0.504558,0.00236859,0.0000,0.3000,-0.001,-0.000,0.2142,0.0199,0.0144,nan,nan
22.31,3.060,-0.0000,0.3000,0.2086,-0.0159,0.0196,0.0200,0.0143,0.2232,-0.004,-0.004,0.0093,0.155416,0.518986,0.00209329,0.0000,0.3000,-0.001,-0.000,0.2204,0.0200,0.0144,nan,nan
22.41,3.080,-0.0000,0.3000,0.2092,-0.0158,0.0197,0.0200,0.0143,0.2272,-0.004,-0.004,0.0096,0.155416,0.518986,0.00209329,0.0000,0.3000,-0.001,-0.000,0.2204,0.0200,0.0143,nan,nan
22.51,3.100,-0.0000,0.3000,0.2097,-0.0157,0.0197,0.0201,0.0142,0.2312,-0.004,-0.004,0.0098,0.157167,0.533771,0.00236902,0.0000,0.3000,-0.001,-0.000,0.2267,0.0201,0.0142,nan,nan
22.61,3.120,-0.0000,0.3000,0.2103,-0.0156,0.0198,0.0201,0.0141,0.2356,-0.004,-0.004,0.0101,0.157167,0.533771,0.00236902,0.0000,0.3000,-0.001,-0.000,0.2267,0.0201,0.0141,nan,nan
22.71,3.140,-0.0000,0.3000,0.2109,-0.0155,0.0198,0.0202,0.0140,0.2398,-0.004,-0.004,0.0104,0.159538,0.554053,0.0023693,0.0000,0.3000,-0.001,-0.000,0.2351,0.0202,0.0140,nan,nan
22.81,3.160,-0.0000,0.3000,0.2114,-0.0155,0.0199,0.0203,0.0139,0.2440,-0.004,-0.005,0.0107,0.161346,0.569699,0.00209383,0.0000,0.3000,-0.001,-0.000,0.2414,0.0203,0.0139,nan,nan
22.91,3.180,-0.0000,0.3000,0.2120,-0.0154,0.0200,0.0203,0.0138,0.2482,-0.004,-0.005,0.0109,0.161346,0.569699,0.00209383,0.0000,0.3000,-0.001,-0.000,0.2414,0.0203,0.0138,nan,nan
23.01,3.200,-0.0000,0.3000,0.2126,-0.0153,0.0200,0.0204,0.0138,0.2519,-0.004,-0.005,0.0112,0.163187,0.585724,0.00236968,0.0000,0.3000,-0.001,-0.000,0.2477,0.0204,0.0138,nan,nan
23.11,3.220,-0.0000,0.3000,0.2131,-0.0152,0.0201,0.0204,0.0137,0.2563,-0.004,-0.005,0.0114,0.163187,0.585724,0.00236968,0.0000,0.3000,-0.001,-0.000,0.2477,0.0204,0.0137,nan,nan
23.21,3.240,-0.0000,0.3000,0.2137,-0.0151,0.0201,0.0205,0.0136,0.2606,-0.004,-0.005,0.0117,0.165689,0.607693,0.00236993,0.0000,0.3000,-0.001,-0.000,0.2562,0.0205,0.0136,nan,nan
23.31,3.260,-0.0000,0.3000,0.2143,-0.0150,0.0202,0.0205,0.0135,0.2649,-0.003,-0.006,0.0120,0.167604,0.624629,0.0020943,0.0000,0.3000,-0.001,-0.000,0.2627,0.0205,0.0135,nan,nan
23.41,3.280,-0.0000,0.3000,0.2148,-0.0149,0.0202,0.0206,0.0134,0.2694,-0.003,-0.006,0.0123,0.167604,0.624629,0.0020943,0.0000,0.3000,-0.001,-0.000,0.2627,0.0206,0.0134,nan,nan
23.51,3.300,-0.0000,0.3000,0.2154,-0.0149,0.0203,0.0207,0.0133,0.2735,-0.003,-0.006,0.0125,0.169558,0.641967,0.00237027,0.0000,0.3000,-0.001,-0.000,0.2691,0.0207,0.0133,nan,nan
23.61,3.320,-0.0000,0.3000,0.2160,-0.0148,0.0204,0.0207,0.0132,0.2782,-0.003,-0.006,0.0129,0.172225,0.665719,0.00237048,0.0000,0.3000,-0.001,-0.000,0.2777,0.0207,0.0132,nan,nan
23.71,3.340,-0.0000,0.3000,0.2166,-0.0147,0.0204,0.0208,0.0131,0.2832,-0.003,-0.007,0.0132,0.172225,0.665719,0.00237048,0.0000,0.3000,-0.001,-0.000,0.2777,0.0208,0.0131,nan,nan
23.81,3.360,-0.0000,0.3000,0.2172,-0.0146,0.0205,0.0209,0.0130,0.2882,-0.003,-0.007,0.0135,0.174273,0.684017,0.00209472,0.0000,0.3000,-0.001,-0.000,0.2842,0.0208,0.0130,nan,nan
23.91,3.400,-0.0000,0.3000,0.2180,-0.0145,0.0206,0.0209,0.0129,0.2928,-0.003,-0.007,0.0138,0.176371,0.702739,0.00237079,0.0000,0.3000,-0.001,-0.000,0.2907,0.0209,0.0129,nan,nan
24.01,3.420,-0.0000,0.3000,0.2186,-0.0144,0.0206,0.0210,0.0128,0.2973,-0.003,-0.007,0.0141,0.176371,0.702739,0.00237079,0.0000,0.3000,-0.001,-0.000,0.2907,0.0210,0.0128,nan,nan
24.11,3.440,-0.0000,0.3000,0.2192,-0.0143,0.0207,0.0210,0.0127,0.3024,-0.002,-0.008,0.0144,0.179244,0.728369,0.00237098,0.0000,0.3000,-0.001,-0.000,0.2994,0.0210,0.0127,nan,nan
24.21,3.460,-0.0000,0.3000,0.2198,-0.0142,0.0208,0.0211,0.0126,0.3074,-0.002,-0.008,0.0147,0.181458,0.748101,0.00209509,0.0000,0.3000,-0.001,-0.000,0.3060,0.0211,0.0126,nan,nan
24.31,3.480,-0.0000,0.3000,0.2204,-0.0141,0.0208,0.0212,0.0125,0.3123,-0.002,-0.008,0.0150,0.181458,0.748101,0.00209509,0.0000,0.3000,-0.001,-0.000,0.3060,0.0211,0.0125,nan,nan
24.41,3.500,-0.0000,0.3000,0.2209,-0.0140,0.0209,0.0212,0.0124,0.3165,-0.002,-0.009,0.0153,0.183734,0.768277,0.00237124,0.0000,0.3000,-0.001,-0.000,0.3126,0.0212,0.0125,nan,nan
24.51,3.520,-0.0000,0.3000,0.2218,-0.0139,0.0210,0.0213,0.0123,0.3218,-0.002,-0.009,0.0157,0.183734,0.768277,0.00237124,0.0000,0.3000,-0.001,-0.000,0.3126,0.0213,0.0123,nan,nan
24.61,3.540,-0.0000,0.3000,0.2224,-0.0138,0.0210,0.0213,0.0122,0.3262,-0.002,-0.009,0.0159,0.18686,0.79588,0.00237141,0.0000,0.3000,-0.001,-0.000,0.3215,0.0213,0.0122,nan,nan
24.71,3.560,-0.0000,0.3000,0.2230,-0.0137,0.0211,0.0214,0.0121,0.3309,-0.002,-0.009,0.0162,0.189279,0.817116,0.00209542,0.0000,0.3000,-0.001,-0.000,0.3281,0.0214,0.0121,nan,nan
24.81,3.580,-0.0000,0.3000,0.2236,-0.0136,0.0211,0.0215,0.0120,0.3358,-0.001,-0.010,0.0166,0.189279,0.817116,0.00209542,0.0000,0.3000,-0.001,-0.000,0.3281,0.0214,0.0120,nan,nan
24.91,3.600,-0.0000,0.3000,0.2242,-0.0135,0.0212,0.0215,0.0119,0.3401,-0.001,-0.010,0.0168,0.191772,0.838817,0.00237165,0.0000,0.3000,-0.001,-0.000,0.3348,0.0215,0.0119,nan,nan
25.01,3.620,-0.0000,0.3000,0.2248,-0.0134,0.0213,0.0216,0.0118,0.3448,-0.001,-0.010,0.0171,0.195209,0.868485,0.0023718,0.0000,0.3000,-0.001,-0.000,0.3438,0.0215,0.0118,nan,nan
25.11,3.640,-0.0000,0.3000,0.2254,-0.0133,0.0213,0.0216,0.0117,0.3500,-0.001,-0.011,0.0175,0.195209,0.868485,0.0023718,0.0000,0.3000,-0.001,-0.000,0.3438,0.0216,0.0117,nan,nan
25.21,3.680,-0.0000,0.3000,0.2263,-0.0132,0.0214,0.0217,0.0116,0.3550,-0.001,-0.011,0.0178,0.197878,0.891294,0.00209571,0.0000,0.3000,-0.001,-0.000,0.3506,0.0217,0.0116,nan,nan
25.31,3.700,-0.0000,0.3000,0.2269,-0.0131,0.0215,0.0217,0.0115,0.3597,-0.001,-0.011,0.0181,0.200634,0.914587,0.00237201,0.0000,0.3000,-0.001,-0.000,0.3573,0.0217,0.0115,nan,nan
25.41,3.720,-0.0000,0.3000,0.2275,-0.0130,0.0216,0.0218,0.0114,0.3645,-0.000,-0.012,0.0184,0.200634,0.914587,0.00237201,0.0000,0.3000,-0.001,-0.000,0.3573,0.0218,0.0114,nan,nan
25.51,3.740,-0.0000,0.3000,0.2281,-0.0129,0.0216,0.0218,0.0113,0.3693,-0.000,-0.012,0.0187,0.204448,0.946409,0.00237214,0.0000,0.3000,-0.001,-0.000,0.3664,0.0218,0.0113,nan,nan
25.61,3.760,-0.0000,0.3000,0.2287,-0.0128,0.0217,0.0219,0.0112,0.3743,0.000,-0.012,0.0190,0.204448,0.946409,0.00237214,0.0000,0.3000,-0.001,-0.000,0.3664,0.0219,0.0112,nan,nan
25.71,3.780,-0.0000,0.3000,0.2294,-0.0127,0.0217,0.0219,0.0111,0.3789,0.000,-0.013,0.0193,0.207418,0.970855,0.00209596,0.0000,0.3000,-0.001,-0.000,0.3733,0.0219,0.0111,nan,nan
25.81,3.800,-0.0000,0.3000,0.2300,-0.0126,0.0218,0.0220,0.0110,0.3839,0.000,-0.013,0.0196,0.210493,0.995806,0.00237232,0.0000,0.3000,-0.001,-0.000,0.3801,0.0220,0.0110,nan,nan
25.91,3.820,-0.0000,0.3000,0.2306,-0.0125,0.0219,0.0221,0.0109,0.3883,0.001,-0.013,0.0199,0.210493,0.995806,0.00237232,0.0000,0.3000,-0.001,-0.000,0.3801,0.0220,0.0109,nan,nan
26.01,3.840,-0.0000,0.3000,0.2312,-0.0086,0.0291,0.0221,0.0108,0.3922,0.001,-0.014,0.0201,0.214758,1.02987,0.00237244,0.0000,0.3000,-0.001,-0.000,0.3893,0.0221,0.0108,nan,nan
26.11,3.860,-0.0000,0.3000,0.2309,0.0016,0.0480,0.0221,0.0107,0.3959,0.001,-0.014,0.0200,0.214758,1.02987,0.00237244,0.0000,0.3000,-0.001,-0.000,0.3893,0.0221,0.0107,nan,nan
26.21,3.860,-0.0000,0.3000,0.2309,-0.0109,0.0247,0.0222,0.0106,0.3994,0.001,-0.014,0.0202,0.218089,1.05601,0.00209619,0.0000,0.3000,-0.001,-0.000,0.3963,0.0222,0.0106,nan,nan
26.31,3.880,-0.0000,0.3000,0.2313,-0.0103,0.0256,0.0222,0.0105,0.4031,0.001,-0.015,0.0204,0.218089,1.05601,0.00209619,0.0000,0.3000,-0.001,-0.000,0.3963,0.0222,0.0105,nan,nan
26.41,3.900,-0.0000,0.3000,0.2315,-0.0099,0.0263,0.0223,0.0104,0.4077,0.001,-0.015,0.0206,0.221545,1.08268,0.0023726,0.0000,0.3000,-0.001,-0.000,0.4032,0.0222,0.0105,nan,nan
26.51,3.920,-0.0000,0.3000,0.2318,-0.0086,0.0283,0.0223,0.0103,0.4121,0.002,-0.015,0.0208,0.221545,1.08268,0.0023726,0.0000,0.3000,-0.001,-0.000,0.4032,0.0223,0.0104,nan,nan
26.61,3.940,-0.0000,0.3000,0.2320,-0.0062,0.0325,0.0223,0.0102,0.4163,0.002,-0.016,0.0209,0.226349,1.11906,0.0023727,0.0000,0.3000,-0.001,-0.000,0.4125,0.0223,0.0103,nan,nan
26.71,3.960,-0.0000,0.3000,0.2321,0.0573,0.0286,0.0224,0.0101,0.4205,0.002,-0.016,0.0210,0.226349,1.11906,0.0023727,0.0000,0.3000,-0.001,-0.000,0.4125,0.0224,0.0102,nan,nan
26.81,3.980,-0.0000,0.3000,0.2338,0.0745,0.0334,0.0224,0.0100,0.4247,0.002,-0.016,0.0214,0.230109,1.14697,0.00209639,0.0000,0.3000,-0.001,-0.000,0.4194,0.0224,0.0101,nan,nan
26.91,4.000,-0.0000,0.3000,0.2235,0.1692,0.0750,0.0225,0.0100,0.4287,0.003,-0.016,0.0220,0.234015,1.17542,0.00237285,0.0000,0.3000,-0.001,-0.000,0.4264,0.0225,0.0100,nan,nan
27.01,4.000,-0.0000,0.3000,0.2365,0.0014,0.0006,0.0225,0.0099,0.4330,0.003,-0.017,0.0235,0.234015,1.17542,0.00237285,0.0000,0.3000,-0.001,-0.000,0.4264,0.0225,0.0099,nan,nan
27.11,4.020,-0.0000,0.3000,0.2372,0.0014,0.0006,0.0226,0.0098,0.4368,0.003,-0.017,0.0241,0.239455,1.2142,0.00237294,0.0000,0.3000,-0.001,-0.000,0.4357,0.0225,0.0098,nan,nan
27.21,4.040,-0.0000,0.3000,0.2378,0.0014,0.0006,0.0226,0.0097,0.4410,0.004,-0.017,0.0248,0.239455,1.2142,0.00237294,0.0000,0.3000,-0.001,-0.000,0.4357,0.0226,0.0097,nan,nan
27.31,4.060,-0.0000,0.3000,0.2381,0.0014,0.0006,0.0226,0.0096,0.4448,0.004,-0.017,0.0254,0.243721,1.24392,0.00209657,0.0000,0.3000,-0.001,-0.000,0.4428,0.0226,0.0096,nan,nan
27.41,4.080,-0.0000,0.3000,0.2388,0.0014,0.0006,0.0227,0.0095,0.4489,0.004,-0.017,0.0261,0.243721,1.24392,0.00209657,0.0000,0.3000,-0.001,-0.000,0.4428,0.0227,0.0095,nan,nan
27.51,4.100,-0.0000,0.3000,0.2394,0.0014,0.0006,0.0227,0.0094,0.4527,0.005,-0.018,0.0267,0.248157,1.2742,0.00237306,0.0000,0.3000,-0.001,-0.000,0.4499,0.0227,0.0094,nan,nan
27.61,4.100,-0.0000,0.3000,0.2398,0.0014,0.0006,0.0227,0.0093,0.4568,0.005,-0.018,0.0273,0.248157,1.2742,0.00237306,0.0000,0.3000,-0.001,-0.000,0.4499,0.0227,0.0094,nan,nan
27.71,4.120,-0.0000,0.3000,0.2404,0.0015,0.0006,0.0228,0.0092,0.4609,0.006,-0.018,0.0280,0.254348,1.31544,0.00237314,0.0000,0.3000,-0.001,-0.000,0.4595,0.0228,0.0093,nan,nan
27.81,4.140,-0.0000,0.3000,0.2411,0.0015,0.0006,0.0228,0.0091,0.4647,0.006,-0.018,0.0286,0.254348,1.31544,0.00237314,0.0000,0.3000,-0.001,-0.000,0.4595,0.0228,0.0092,nan,nan
27.91,4.160,-0.0000,0.3000,0.2414,0.0015,0.0006,0.0228,0.0091,0.4681,0.006,-0.018,0.0292,0.259209,1.34702,0.00209672,0.0000,0.3000,-0.001,-0.000,0.4668,0.0228,0.0091,nan,nan
28.01,4.180,-0.0000,0.3000,0.2421,0.0015,0.0006,0.0229,0.0090,0.4717,0.007,-0.019,0.0298,0.259209,1.34702,0.00209672,0.0000,0.3000,-0.001,-0.000,0.4668,0.0229,0.0090,nan,nan
28.11,4.180,-0.0000,0.3000,0.2424,0.0015,0.0006,0.0229,0.0089,0.4754,0.007,-0.019,0.0303,0.259209,1.34702,0.00209672,0.0000,0.3000,-0.001,-0.000,0.4668,0.0229,0.0089,nan,nan
28.21,4.200,-0.0000,0.3000,0.2431,-0.0086,0.0267,0.0229,0.0088,0.4793,0.008,-0.019,0.0305,0.26427,1.37917,0.00237326,0.0000,0.3000,-0.001,-0.000,0.4740,0.0229,0.0088,nan,nan
28.31,4.220,-0.0000,0.3000,0.2434,-0.0085,0.0268,0.0230,0.0087,0.4836,0.008,-0.019,0.0307,0.26427,1.37917,0.00237326,0.0000,0.3000,-0.001,-0.000,0.4740,0.0230,0.0088,nan,nan
28.41,4.240,-0.0000,0.3000,0.2441,-0.0084,0.0269,0.0230,0.0086,0.4878,0.009,-0.020,0.0309,0.27134,1.42293,0.00237333,0.0000,0.3000,-0.001,-0.000,0.4837,0.0230,0.0087,nan,nan
28.51,4.260,-0.0000,0.3000,0.2447,-0.0083,0.0270,0.0231,0.0085,0.4922,0.009,-0.020,0.0311,0.27134,1.42293,0.00237333,0.0000,0.3000,-0.001,-0.000,0.4837,0.0230,0.0085,nan,nan
28.61,4.280,-0.0000,0.3000,0.2454,-0.0082,0.0271,0.0231,0.0084,0.4969,0.010,-0.020,0.0313,0.276896,1.45641,0.00209686,0.0000,0.3000,-0.001,-0.000,0.4911,0.0231,0.0084,nan,nan
28.71,4.280,-0.0000,0.3000,0.2458,-0.0081,0.0271,0.0231,0.0083,0.5001,0.010,-0.020,0.0315,0.276896,1.45641,0.00209686,0.0000,0.3000,-0.001,-0.000,0.4911,0.0231,0.0084,nan,nan
28.81,4.300,-0.0000,0.3000,0.2465,-0.0080,0.0272,0.0232,0.0082,0.5037,0.010,-0.021,0.0316,0.282685,1.49047,0.00237343,0.0000,0.3000,-0.001,-0.000,0.4984,0.0232,0.0083,nan,nan
28.91,4.320,-0.0000,0.3000,0.2468,-0.0080,0.0272,0.0232,0.0081,0.5079,0.011,-0.021,0.0318,0.282685,1.49047,0.00237343,0.0000,0.3000,-0.001,-0.000,0.4984,0.0232,0.0082,nan,nan
29.01,4.340,-0.0000,0.3000,0.2475,-0.0078,0.0273,0.0232,0.0080,0.5124,0.011,-0.021,0.0320,0.290778,1.53679,0.00237349,0.0000,0.3000,-0.001,-0.000,0.5083,0.0232,0.0081,nan,nan
29.11,4.360,-0.0000,0.3000,0.2482,-0.0077,0.0274,0.0233,0.0079,0.5169,0.012,-0.021,0.0322,0.290778,1.53679,0.00237349,0.0000,0.3000,-0.001,-0.000,0.5083,0.0233,0.0080,nan,nan
29.21,4.380,-0.0000,0.3000,0.2489,-0.0076,0.0275,0.0233,0.0078,0.5216,0.012,-0.022,0.0325,0.297142,1.5722,0.00209698,0.0000,0.3000,-0.001,-0.000,0.5157,0.0233,0.0079,nan,nan
29.31,4.380,-0.0000,0.3000,0.2492,-0.0076,0.0276,0.0233,0.0077,0.5253,0.013,-0.022,0.0326,0.303775,1.6082,0.00237358,0.0000,0.3000,-0.001,-0.000,0.5232,0.0233,0.0078,nan,nan
29.41,4.400,-0.0000,0.3000,0.2499,-0.0074,0.0277,0.0234,0.0077,0.5293,0.013,-0.022,0.0328,0.303775,1.6082,0.00237358,0.0000,0.3000,-0.001,-0.000,0.5232,0.0234,0.0077,nan,nan
29.51,4.420,-0.0000,0.3000,0.2506,-0.0073,0.0278,0.0234,0.0076,0.5336,0.014,-0.022,0.0330,0.303775,1.6082,0.00237358,0.0000,0.3000,-0.001,-0.000,0.5232,0.0234,0.0076,nan,nan
29.61,4.440,-0.0000,0.3000,0.2510,-0.0073,0.0278,0.0234,0.0075,0.5378,0.014,-0.023,0.0332,0.313052,1.65712,0.00237363,0.0000,0.3000,-0.001,-0.000,0.5331,0.0234,0.0075,nan,nan
29.71,4.460,0.0000,0.3000,0.2517,-0.0071,0.0279,0.0235,0.0074,0.5419,0.015,-0.023,0.0334,0.313052,1.65712,0.00237363,0.0000,0.3000,-0.001,-0.000,0.5331,0.0234,0.0074,nan,nan
29.81,4.480,0.0000,0.3000,0.2524,-0.0070,0.0280,0.0235,0.0073,0.5464,0.015,-0.023,0.0336,0.32035,1.69448,0.00209709,0.0000,0.3000,-0.001,-0.000,0.5407,0.0235,0.0073,nan,nan
29.91,4.480,0.0000,0.3000,0.2528,-0.0069,0.0281,0.0235,0.0072,0.5502,0.016,-0.023,0.0337,0.32035,1.69448,0.00209709,0.0000,0.3000,-0.001,-0.000,0.5407,0.0235,0.0072,nan,nan
30.01,4.500,0.0000,0.3000,0.2535,-0.0068,0.0282,0.0235,0.0071,0.5542,0.016,-0.024,0.0339,0.327958,1.73244,0.00237371,0.0000,0.3000,-0.001,-0.000,0.5482,0.0235,0.0071,nan,nan
30.11,4.520,0.0000,0.3000,0.2538,-0.0068,0.0282,0.0236,0.0070,0.5581,0.017,-0.024,0.0341,0.327958,1.73244,0.00237371,0.0000,0.3000,-0.001,-0.000,0.5482,0.0236,0.0070,nan,nan
30.21,4.540,0.0000,0.3000,0.2546,-0.0066,0.0283,0.0236,0.0069,0.5621,0.017,-0.024,0.0342,0.3386,1.78397,0.00237375,0.0000,0.3000,-0.001,-0.000,0.5584,0.0236,0.0069,nan,nan
30.31,4.560,0.0000,0.3000,0.2553,-0.0065,0.0284,0.0236,0.0068,0.5665,0.018,-0.025,0.0344,0.3386,1.78397,0.00237375,0.0000,0.3000,-0.001,-0.000,0.5584,0.0236,0.0068,nan,nan
30.41,4.560,0.0000,0.3000,0.2557,-0.0064,0.0285,0.0237,0.0067,0.5708,0.018,-0.025,0.0346,0.346973,1.8233,0.00209718,0.0000,0.3000,-0.001,-0.000,0.5660,0.0236,0.0067,nan,nan
30.51,4.580,0.0000,0.3000,0.2564,-0.0063,0.0286,0.0237,0.0066,0.5752,0.019,-0.025,0.0348,0.346973,1.8233,0.00209718,0.0000,0.3000,-0.001,-0.000,0.5660,0.0237,0.0066,nan,nan
30.61,4.600,0.0000,0.3000,0.2571,-0.0062,0.0287,0.0237,0.0065,0.5793,0.019,-0.025,0.0350,0.3557,1.86323,0.00237382,0.0000,0.3000,-0.001,-0.000,0.5737,0.0237,0.0065,nan,nan
30.71,4.620,0.0000,0.3000,0.2579,-0.0061,0.0288,0.0237,0.0064,0.5839,0.020,-0.026,0.0352,0.3557,1.86323,0.00237382,0.0000,0.3000,-0.001,-0.000,0.5737,0.0237,0.0064,nan,nan
30.81,4.640,0.0000,0.3000,0.2582,-0.0060,0.0288,0.0238,0.0063,0.5883,0.020,-0.026,0.0353,0.367908,1.91737,0.00237387,0.0000,0.3000,-0.001,-0.000,0.5840,0.0238,0.0063,nan,nan
30.91,4.660,0.0000,0.3000,0.2590,-0.0059,0.0289,0.0238,0.0062,0.5927,0.021,-0.026,0.0355,0.367908,1.91737,0.00237387,0.0000,0.3000,-0.001,-0.000,0.5840,0.0238,0.0062,nan,nan
31.01,4.660,0.0000,0.3000,0.2594,-0.0058,0.0290,0.0238,0.0061,0.5963,0.021,-0.027,0.0357,0.377511,1.95867,0.00209726,0.0000,0.3000,-0.001,-0.000,0.5917,0.0238,0.0061,nan,nan
31.11,4.680,0.0000,0.3000,0.2601,-0.0057,0.0291,0.0238,0.0060,0.6002,0.022,-0.027,0.0358,0.377511,1.95867,0.00209726,0.0000,0.3000,-0.001,-0.000,0.5917,0.0238,0.0060,nan,nan
31.21,4.700,0.0000,0.3000,0.2605,-0.0056,0.0291,0.0239,0.0059,0.6044,0.022,-0.027,0.0360,0.387519,2.00055,0.00237393,0.0000,0.3000,-0.001,-0.000,0.5995,0.0239,0.0059,nan,nan
31.31,4.720,0.0000,0.3000,0.2613,-0.0055,0.0292,0.0239,0.0058,0.6086,0.023,-0.027,0.0361,0.387519,2.00055,0.00237393,0.0000,0.3000,-0.001,-0.000,0.5995,0.0239,0.0058,nan,nan
31.41,4.740,0.0000,0.3000,0.2620,-0.0053,0.0294,0.0239,0.0057,0.6128,0.023,-0.028,0.0363,0.401515,2.05731,0.00237396,0.0000,0.3000,-0.001,-0.000,0.6099,0.0239,0.0057,nan,nan
31.51,4.740,0.0000,0.3000,0.2624,-0.0053,0.0294,0.0239,0.0056,0.6172,0.024,-0.028,0.0365,0.401515,2.05731,0.00237396,0.0000,0.3000,-0.001,-0.000,0.6099,0.0239,0.0056,nan,nan
31.61,4.760,0.0000,0.3000,0.2632,-0.0051,0.0295,0.0240,0.0055,0.6217,0.024,-0.028,0.0366,0.412522,2.10055,0.00209734,0.0000,0.3000,-0.001,-0.000,0.6178,0.0240,0.0055,nan,nan
31.71,4.780,0.0000,0.3000,0.2640,-0.0050,0.0296,0.0240,0.0053,0.6270,0.025,-0.029,0.0368,0.412522,2.10055,0.00209734,0.0000,0.3000,-0.001,-0.000,0.6178,0.0240,0.0054,nan,nan
31.81,4.800,0.0000,0.3000,0.2648,-0.0048,0.0297,0.0240,0.0052,0.6330,0.026,-0.029,0.0371,0.423989,2.14438,0.00237402,0.0000,0.3000,-0.001,-0.000,0.6257,0.0240,0.0052,nan,nan
31.91,4.840,0.0000,0.3000,0.2660,-0.0046,0.0299,0.0241,0.0050,0.6392,0.026,-0.029,0.0373,0.440018,2.20371,0.00237405,0.0000,0.3000,-0.001,-0.000,0.6363,0.0241,0.0051,nan,nan
32.01,4.860,0.0000,0.3000,0.2668,-0.0045,0.0300,0.0241,0.0049,0.6447,0.027,-0.030,0.0375,0.440018,2.20371,0.00237405,0.0000,0.3000,-0.001,-0.000,0.6363,0.0241,0.0049,nan,nan
32.11,4.880,0.0000,0.3000,0.2676,-0.0044,0.0301,0.0241,0.0048,0.6506,0.028,-0.030,0.0377,0.452619,2.24887,0.0020974,0.0000,0.3000,-0.001,-0.000,0.6443,0.0241,0.0048,nan,nan
32.21,4.900,0.0000,0.3000,0.2684,-0.0042,0.0303,0.0241,0.0046,0.6557,0.028,-0.031,0.0379,0.465741,2.29461,0.00237409,0.0000,0.3000,-0.001,-0.000,0.6523,0.0241,0.0047,nan,nan
32.31,4.920,0.0000,0.3000,0.2692,-0.0041,0.0304,0.0242,0.0045,0.6608,0.029,-0.031,0.0381,0.465741,2.29461,0.00237409,0.0000,0.3000,-0.001,-0.000,0.6523,0.0242,0.0045,nan,nan
32.41,4.940,0.0000,0.3000,0.2700,-0.0039,0.0305,0.0242,0.0044,0.6665,0.030,-0.031,0.0383,0.484075,2.35646,0.00237412,0.0000,0.3000,-0.001,-0.000,0.6630,0.0242,0.0044,nan,nan
32.51,4.960,0.0000,0.3000,0.2708,-0.0038,0.0306,0.0242,0.0042,0.6722,0.030,-0.032,0.0385,0.484075,2.35646,0.00237412,0.0000,0.3000,-0.001,-0.000,0.6630,0.0242,0.0043,nan,nan
32.61,4.980,0.0000,0.3000,0.2717,-0.0036,0.0307,0.0242,0.0041,0.6784,0.031,-0.032,0.0387,0.498479,2.4035,0.00209746,0.0000,0.3000,-0.001,-0.000,0.6711,0.0242,0.0041,nan,nan
32.71,5.000,0.0000,0.3000,0.2725,-0.0035,0.0308,0.0243,0.0040,0.6841,0.032,-0.033,0.0389,0.513471,2.45109,0.00237416,0.0000,0.3000,-0.001,-0.000,0.6793,0.0243,0.0040,nan,nan
32.81,5.020,0.0000,0.3000,0.2734,-0.0033,0.0310,0.0243,0.0038,0.6899,0.033,-0.033,0.0390,0.513471,2.45109,0.00237416,0.0000,0.3000,-0.001,-0.000,0.6793,0.0243,0.0039,nan,nan
32.91,5.040,0.0000,0.3000,0.2747,-0.0031,0.0311,0.0243,0.0037,0.6959,0.033,-0.033,0.0392,0.534405,2.51539,0.00237419,0.0000,0.3000,-0.001,-0.000,0.6902,0.0243,0.0037,nan,nan
33.01,5.060,0.0000,0.3000,0.2755,-0.0029,0.0313,0.0243,0.0035,0.7017,0.034,-0.034,0.0394,0.550843,2.56423,0.00209751,0.0000,0.3000,-0.001,-0.000,0.6984,0.0243,0.0035,nan,nan
33.11,5.080,0.0000,0.3000,0.2764,-0.0028,0.0314,0.0243,0.0034,0.7078,0.035,-0.034,0.0396,0.550843,2.56423,0.00209751,0.0000,0.3000,-0.001,-0.000,0.6984,0.0243,0.0034,nan,nan
33.21,5.100,0.0000,0.3000,0.2773,-0.0026,0.0315,0.0244,0.0032,0.7136,0.036,-0.035,0.0398,0.56794,2.61361,0.00237423,0.0000,0.3000,-0.001,-0.000,0.7067,0.0244,0.0033,nan,nan
33.31,5.120,0.0000,0.3000,0.2781,-0.0024,0.0316,0.0244,0.0031,0.7197,0.036,-0.035,0.0400,0.591798,2.68026,0.00237425,0.0000,0.3000,-0.001,-0.000,0.7178,0.0244,0.0031,nan,nan
33.41,5.140,0.0000,0.3000,0.2790,-0.0023,0.0318,0.0244,0.0029,0.7255,0.037,-0.036,0.0401,0.591798,2.68026,0.00237425,0.0000,0.3000,-0.001,-0.000,0.7178,0.0244,0.0030,nan,nan
33.51,5.160,0.0000,0.3000,0.2799,-0.0021,0.0319,0.0244,0.0028,0.7314,0.038,-0.036,0.0403,0.610519,2.73083,0.00209755,0.0000,0.3000,-0.001,-0.000,0.7261,0.0244,0.0029,nan,nan
33.61,5.200,0.0000,0.3000,0.2813,-0.0019,0.0321,0.0244,0.0027,0.7376,0.039,-0.036,0.0405,0.629979,2.78191,0.00237428,0.0000,0.3000,-0.001,-0.000,0.7345,0.0244,0.0027,nan,nan
33.71,5.220,0.0000,0.3000,0.2822,-0.0017,0.0322,0.0245,0.0025,0.7432,0.039,-0.037,0.0406,0.629979,2.78191,0.00237428,0.0000,0.3000,-0.001,-0.000,0.7345,0.0245,0.0025,nan,nan
33.81,5.240,0.0000,0.3000,0.2831,-0.0015,0.0324,0.0245,0.0024,0.7497,0.040,-0.037,0.0408,0.657113,2.85077,0.0023743,0.0000,0.3000,-0.001,-0.000,0.7458,0.0245,0.0024,nan,nan
33.91,5.260,0.0000,0.3000,0.2841,-0.0014,0.0325,0.0245,0.0022,0.7560,0.041,-0.038,0.0410,0.678389,2.90297,0.00209759,0.0000,0.3000,-0.001,-0.000,0.7543,0.0245,0.0022,nan,nan
34.01,5.280,0.0000,0.3000,0.2850,-0.0012,0.0326,0.0245,0.0020,0.7625,0.042,-0.038,0.0411,0.678389,2.90297,0.00209759,0.0000,0.3000,-0.001,-0.000,0.7543,0.0245,0.0021,nan,nan
34.11,5.300,0.0000,0.3000,0.2865,-0.0009,0.0329,0.0245,0.0019,0.7688,0.042,-0.039,0.0413,0.70049,2.95564,0.00237433,0.0000,0.3000,-0.001,-0.000,0.7628,0.0245,0.0019,nan,nan
34.21,5.320,0.0000,0.3000,0.2874,-0.0007,0.0330,0.0245,0.0017,0.7748,0.043,-0.039,0.0414,0.70049,2.95564,0.00237433,0.0000,0.3000,-0.001,-0.000,0.7628,0.0245,0.0018,nan,nan
34.31,5.340,0.0000,0.3000,0.2884,-0.0006,0.0331,0.0245,0.0016,0.7812,0.044,-0.039,0.0416,0.731284,3.02656,0.00237435,0.0000,0.3000,-0.001,-0.000,0.7743,0.0245,0.0016,nan,nan
34.41,5.360,0.0000,0.3000,0.2894,-0.0004,0.0333,0.0245,0.0014,0.7875,0.045,-0.040,0.0418,0.755409,3.08026,0.00209762,0.0000,0.3000,-0.001,-0.000,0.7829,0.0245,0.0015,nan,nan
34.51,5.380,0.0000,0.3000,0.2904,-0.0002,0.0334,0.0245,0.0013,0.7936,0.046,-0.040,0.0419,0.755409,3.08026,0.00209762,0.0000,0.3000,-0.001,-0.000,0.7829,0.0245,0.0013,nan,nan
34.61,5.400,0.0000,0.3000,0.2914,0.0000,0.0336,0.0246,0.0011,0.7992,0.046,-0.041,0.0420,0.780453,3.13438,0.00237437,0.0000,0.3000,-0.001,-0.000,0.7916,0.0246,0.0012,nan,nan
34.71,5.420,0.0000,0.3000,0.2924,0.0002,0.0337,0.0246,0.0010,0.8050,0.047,-0.041,0.0421,0.815319,3.20717,0.00237439,0.0000,0.3000,-0.001,-0.000,0.8032,0.0246,0.0010,nan,nan
34.81,5.440,0.0000,0.3000,0.2934,0.0004,0.0339,0.0246,0.0009,0.8106,0.048,-0.042,0.0423,0.815319,3.20717,0.00237439,0.0000,0.3000,-0.001,-0.000,0.8032,0.0246,0.0009,nan,nan
34.91,5.460,0.0000,0.3000,0.2944,0.0006,0.0340,0.0246,0.0007,0.8162,0.048,-0.042,0.0424,0.842613,3.26222,0.00209765,0.0000,0.3000,-0.001,-0.000,0.8120,0.0246,0.0008,nan,nan
35.01,5.480,0.0000,0.3000,0.2955,0.0008,0.0342,0.0246,0.0006,0.8224,0.049,-0.042,0.0425,0.842613,3.26222,0.00209765,0.0000,0.3000,-0.001,-0.000,0.8120,0.0246,0.0006,nan,nan
35.11,5.500,0.0000,0.3000,0.2965,0.0010,0.0343,0.0246,0.0004,0.8286,0.050,-0.043,0.0426,0.870926,3.31764,0.00237441,0.0000,0.3000,-0.001,-0.000,0.8209,0.0246,0.0005,nan,nan
35.21,5.520,0.0000,0.3000,0.2976,0.0012,0.0345,0.0246,0.0003,0.8354,0.051,-0.043,0.0428,0.910309,3.39208,0.00237442,0.0000,0.3000,-0.001,-0.000,0.8327,0.0246,0.0003,nan,nan
35.31,5.560,0.0000,0.3000,0.2992,0.0015,0.0347,0.0246,0.0001,0.8423,0.052,-0.044,0.0429,0.910309,3.39208,0.00237442,0.0000,0.3000,-0.001,-0.000,0.8327,0.0246,0.0001,nan,nan
35.41,5.580,-0.0000,0.3000,0.2997,-0.0015,0.0502,0.0246,-0.0001,0.8492,0.053,-0.044,0.0428,0.941115,3.4483,0.00209768,0.0000,0.3000,-0.001,-0.000,0.8417,0.0246,-0.0000,nan,nan
35.51,5.600,-0.0000,0.3000,0.2986,-0.0012,0.0503,0.0246,-0.0003,0.8560,0.053,-0.045,0.0426,0.973045,3.50483,0.00237444,0.0000,0.3000,-0.001,-0.000,0.8507,0.0246,-0.0002,nan,nan
35.61,5.620,-0.0000,0.3000,0.2970,-0.0008,0.0505,0.0246,-0.0004,0.8632,0.054,-0.045,0.0423,0.973045,3.50483,0.00237444,0.0000,0.3000,-0.001,-0.000,0.8507,0.0246,-0.0004,nan,nan
35.71,5.640,-0.0000,0.3000,0.2960,-0.0005,0.0506,0.0246,-0.0006,0.8700,0.055,-0.046,0.0421,1.01742,3.58067,0.00237445,0.0000,0.3000,-0.001,-0.000,0.8626,0.0246,-0.0006,nan,nan
35.81,5.660,-0.0000,0.3000,0.2949,-0.0002,0.0507,0.0246,-0.0008,0.8771,0.056,-0.046,0.0418,1.0521,3.63787,0.0020977,0.0000,0.3000,-0.001,-0.000,0.8715,0.0246,-0.0007,nan,nan
35.91,5.700,-0.0000,0.3000,0.2934,0.0003,0.0509,0.0246,-0.0009,0.8838,0.057,-0.047,0.0416,1.08801,3.69534,0.00237447,0.0000,0.3000,-0.001,-0.000,0.8803,0.0246,-0.0009,nan,nan
36.01,5.720,-0.0000,0.3000,0.2923,0.0006,0.0510,0.0246,-0.0011,0.8906,0.058,-0.047,0.0413,1.08801,3.69534,0.00237447,0.0000,0.3000,-0.001,-0.000,0.8803,0.0246,-0.0011,nan,nan
36.11,5.740,-0.0000,0.3000,0.2913,0.0009,0.0511,0.0245,-0.0013,0.8970,0.058,-0.048,0.0411,1.13786,3.77235,0.00237448,0.0000,0.3000,-0.001,-0.000,0.8920,0.0246,-0.0012,nan,nan
36.21,5.760,-0.0000,0.3000,0.2898,0.0013,0.0512,0.0245,-0.0014,0.9036,0.059,-0.048,0.0408,1.17677,3.83038,0.00209773,0.0000,0.3000,-0.001,-0.000,0.9008,0.0245,-0.0014,nan,nan
36.31,5.780,-0.0000,0.3000,0.2888,0.0016,0.0513,0.0245,-0.0016,0.9097,0.060,-0.048,0.0406,1.17677,3.83038,0.00209773,0.0000,0.3000,-0.001,-0.000,0.9008,0.0245,-0.0016,nan,nan
36.41,5.800,-0.0000,0.3000,0.2879,0.0019,0.0514,0.0245,-0.0017,0.9155,0.061,-0.049,0.0403,1.21702,3.88863,0.0023745,0.0000,0.3000,-0.001,-0.000,0.9095,0.0245,-0.0017,nan,nan
36.51,5.820,-0.0000,0.3000,0.2869,0.0022,0.0514,0.0245,-0.0019,0.9215,0.061,-0.049,0.0401,1.21702,3.88863,0.0023745,0.0000,0.3000,-0.001,-0.000,0.9095,0.0245,-0.0018,nan,nan
36.61,5.840,-0.0000,0.3000,0.2859,0.0025,0.0515,0.0245,-0.0020,0.9275,0.062,-0.050,0.0398,1.27284,3.96661,0.00237451,0.0000,0.3000,-0.001,-0.000,0.9210,0.0245,-0.0020,nan,nan
36.71,5.860,-0.0000,0.3000,0.2850,0.0028,0.0516,0.0245,-0.0022,0.9338,0.063,-0.050,0.0396,1.31635,4.02531,0.00209774,0.0000,0.3000,-0.001,-0.000,0.9296,0.0245,-0.0021,nan,nan
36.81,5.880,-0.0000,0.3000,0.2840,0.0031,0.0516,0.0245,-0.0023,0.9400,0.064,-0.051,0.0393,1.31635,4.02531,0.00209774,0.0000,0.3000,-0.001,-0.000,0.9296,0.0245,-0.0023,nan,nan
36.91,5.920,-0.0000,0.3000,0.2826,0.0036,0.0517,0.0245,-0.0025,0.9466,0.064,-0.051,0.0390,1.36132,4.08418,0.00237452,0.0000,0.3000,-0.001,-0.000,0.9381,0.0245,-0.0025,nan,nan
37.01,5.940,-0.0000,0.3000,0.2817,0.0039,0.0518,0.0244,-0.0026,0.9530,0.065,-0.051,0.0388,1.42361,4.16291,0.00237453,0.0000,0.3000,-0.001,-0.000,0.9494,0.0244,-0.0026,nan,nan
37.11,5.960,-0.0000,0.3000,0.2808,0.0042,0.0518,0.0244,-0.0028,0.9595,0.066,-0.052,0.0385,1.42361,4.16291,0.00237453,0.0000,0.3000,-0.001,-0.000,0.9494,0.0244,-0.0027,nan,nan
37.21,5.980,-0.0000,0.3000,0.2799,0.0045,0.0519,0.0244,-0.0029,0.9657,0.067,-0.052,0.0382,1.47212,4.22211,0.00209776,0.0000,0.3000,-0.001,-0.000,0.9579,0.0244,-0.0029,nan,nan
37.31,6.000,-0.0000,0.3000,0.2786,0.0050,0.0519,0.0244,-0.0031,0.9721,0.068,-0.053,0.0379,1.52221,4.28143,0.00237454,0.0000,0.3000,-0.001,-0.000,0.9663,0.0244,-0.0031,nan,nan
37.41,6.020,-0.0000,0.3000,0.2777,0.0053,0.0520,0.0244,-0.0033,0.9785,0.068,-0.053,0.0376,1.59151,4.36067,0.00237455,0.0000,0.3000,-0.001,-0.000,0.9774,0.0244,-0.0032,nan,nan
37.51,6.040,-0.0000,0.3000,0.2768,0.0055,0.0520,0.0243,-0.0034,0.9843,0.069,-0.053,0.0374,1.59151,4.36067,0.00237455,0.0000,0.3000,-0.001,-0.000,0.9774,0.0244,-0.0034,nan,nan
37.61,6.060,-0.0000,0.3000,0.2759,0.0058,0.0521,0.0243,-0.0035,0.9901,0.070,-0.054,0.0371,1.64542,4.42019,0.00209777,0.0000,0.3000,-0.001,-0.000,0.9857,0.0243,-0.0035,nan,nan
37.71,6.080,-0.0000,0.3000,0.2751,0.0061,0.0521,0.0243,-0.0037,0.9956,0.070,-0.054,0.0369,1.64542,4.42019,0.00209777,0.0000,0.3000,-0.001,-0.000,0.9857,0.0243,-0.0036,nan,nan
37.81,6.100,-0.0000,0.3000,0.2742,0.0064,0.0521,0.0243,-0.0038,1.0008,0.071,-0.055,0.0366,1.70104,4.47977,0.00237456,0.0000,0.3000,-0.001,-0.000,0.9940,0.0243,-0.0038,nan,nan
37.91,6.120,-0.0000,0.3000,0.2733,0.0067,0.0522,0.0243,-0.0039,1.0068,0.072,-0.055,0.0363,1.77791,4.55928,0.00237456,0.0000,0.3000,-0.001,-0.000,1.0050,0.0243,-0.0039,nan,nan
38.01,6.160,-0.0000,0.3000,0.2721,0.0072,0.0522,0.0242,-0.0041,1.0131,0.072,-0.055,0.0360,1.77791,4.55928,0.00237456,0.0000,0.3000,-0.001,-0.000,1.0050,0.0242,-0.0041,nan,nan
38.11,6.180,-0.0000,0.3000,0.2712,0.0075,0.0522,0.0242,-0.0042,1.0193,0.073,-0.056,0.0357,1.83764,4.61894,0.00209779,0.0000,0.3000,-0.001,-0.000,1.0131,0.0242,-0.0042,nan,nan
38.21,6.200,-0.0000,0.3000,0.2704,0.0078,0.0522,0.0242,-0.0044,1.0255,0.074,-0.056,0.0354,1.89921,4.6786,0.00237457,0.0000,0.3000,-0.001,-0.000,1.0213,0.0242,-0.0044,nan,nan
38.31,6.220,-0.0000,0.3000,0.2696,0.0081,0.0522,0.0242,-0.0045,1.0317,0.075,-0.057,0.0351,1.89921,4.6786,0.00237457,0.0000,0.3000,-0.001,-0.000,1.0213,0.0242,-0.0045,nan,nan
38.41,6.240,-0.0000,0.3000,0.2683,0.0085,0.0522,0.0241,-0.0047,1.0377,0.075,-0.057,0.0349,1.98421,4.75813,0.00237458,0.0000,0.3000,-0.001,-0.000,1.0321,0.0241,-0.0047,nan,nan
38.51,6.260,-0.0000,0.3000,0.2675,0.0088,0.0523,0.0241,-0.0048,1.0435,0.076,-0.057,0.0346,2.0502,4.81773,0.0020978,0.0000,0.3000,-0.001,-0.000,1.0401,0.0241,-0.0048,nan,nan
38.61,6.280,-0.0000,0.3000,0.2667,0.0091,0.0523,0.0241,-0.0050,1.0500,0.077,-0.058,0.0342,2.0502,4.81773,0.0020978,0.0000,0.3000,-0.001,-0.000,1.0401,0.0241,-0.0049,nan,nan
38.71,6.300,-0.0000,0.3000,0.2659,0.0094,0.0523,0.0240,-0.0051,1.0553,0.077,-0.058,0.0340,2.11816,4.87728,0.00237458,0.0000,0.3000,-0.001,-0.000,1.0482,0.0241,-0.0051,nan,nan
38.81,6.320,-0.0000,0.3000,0.2651,0.0097,0.0523,0.0240,-0.0053,1.0611,0.078,-0.058,0.0337,2.2119,4.95656,0.00237459,0.0000,0.3000,-0.001,-0.000,1.0588,0.0240,-0.0052,nan,nan
38.91,6.360,-0.0000,0.3000,0.2640,0.0101,0.0523,0.0240,-0.0054,1.0667,0.078,-0.059,0.0334,2.2119,4.95656,0.00237459,0.0000,0.3000,-0.001,-0.000,1.0588,0.0240,-0.0054,nan,nan
39.01,6.380,-0.0000,0.3000,0.2632,0.0104,0.0522,0.0240,-0.0055,1.0719,0.079,-0.059,0.0331,2.2846,5.01591,0.00209781,0.0000,0.3000,-0.001,-0.000,1.0667,0.0240,-0.0055,nan,nan
39.11,6.400,-0.0000,0.3000,0.2624,0.0107,0.0522,0.0239,-0.0057,1.0777,0.080,-0.059,0.0328,2.35941,5.07514,0.0023746,0.0000,0.3000,-0.001,-0.000,1.0746,0.0239,-0.0056,nan,nan
39.21,6.420,-0.0000,0.3000,0.2616,0.0110,0.0522,0.0239,-0.0058,1.0840,0.080,-0.060,0.0325,2.35941,5.07514,0.0023746,0.0000,0.3000,-0.001,-0.000,1.0746,0.0239,-0.0058,nan,nan
39.31,6.440,-0.0000,0.3000,0.2609,0.0112,0.0522,0.0239,-0.0059,1.0900,0.081,-0.060,0.0322,2.46249,5.1539,0.0023746,0.0000,0.3000,-0.001,-0.000,1.0851,0.0239,-0.0059,nan,nan
39.41,6.460,-0.0000,0.3000,0.2597,0.0117,0.0522,0.0238,-0.0061,1.0954,0.082,-0.060,0.0319,2.54237,5.21279,0.00209782,0.0000,0.3000,-0.001,-0.000,1.0929,0.0238,-0.0061,nan,nan
39.51,6.480,-0.0000,0.3000,0.2593,0.0118,0.0522,0.0238,-0.0062,1.1006,0.082,-0.061,0.0316,2.54237,5.21279,0.00209782,0.0000,0.3000,-0.001,-0.000,1.0929,0.0238,-0.0061,nan,nan
39.61,6.500,-0.0000,0.3000,0.2586,0.0121,0.0522,0.0238,-0.0063,1.1055,0.083,-0.061,0.0314,2.62449,5.2715,0.00237461,0.0000,0.3000,-0.001,-0.000,1.1007,0.0238,-0.0063,nan,nan
39.71,6.520,-0.0000,0.3000,0.2578,0.0124,0.0521,0.0237,-0.0064,1.1104,0.083,-0.061,0.0311,2.62449,5.2715,0.00237461,0.0000,0.3000,-0.001,-0.000,1.1007,0.0237,-0.0064,nan,nan
39.81,6.540,-0.0000,0.3000,0.2571,0.0126,0.0521,0.0237,-0.0065,1.1140,0.084,-0.061,0.0309,2.73754,5.34947,0.00237461,0.0000,0.3000,-0.001,-0.000,1.1110,0.0237,-0.0065,nan,nan
39.91,6.540,-0.0000,0.3000,0.2567,0.0128,0.0521,0.0237,-0.0066,1.1176,0.084,-0.062,0.0307,2.73754,5.34947,0.00237461,0.0000,0.3000,-0.001,-0.000,1.1110,0.0237,-0.0066,nan,nan
40.01,6.560,-0.0000,0.3000,0.2560,0.0131,0.0521,0.0236,-0.0067,1.1220,0.084,-0.062,0.0305,2.82507,5.40769,0.00209782,0.0000,0.3000,-0.001,-0.000,1.1188,0.0237,-0.0067,nan,nan
40.11,6.580,-0.0000,0.3000,0.2553,0.0133,0.0520,0.0236,-0.0068,1.1268,0.085,-0.062,0.0302,2.82507,5.40769,0.00209782,0.0000,0.3000,-0.001,-0.000,1.1188,0.0236,-0.0068,nan,nan
40.21,6.600,-0.0000,0.3000,0.2545,0.0136,0.0520,0.0236,-0.0069,1.1317,0.086,-0.062,0.0300,2.91498,5.46567,0.00237462,0.0000,0.3000,-0.001,-0.000,1.1264,0.0236,-0.0069,nan,nan
40.31,6.620,-0.0000,0.3000,0.2538,0.0139,0.0520,0.0235,-0.0071,1.1370,0.086,-0.063,0.0297,2.91498,5.46567,0.00237462,0.0000,0.3000,-0.001,-0.000,1.1264,0.0235,-0.0070,nan,nan
40.41,6.640,-0.0000,0.3000,0.2531,0.0142,0.0519,0.0235,-0.0072,1.1416,0.087,-0.063,0.0294,3.03866,5.54257,0.00237462,0.0000,0.3000,-0.001,-0.000,1.1366,0.0235,-0.0072,nan,nan
40.51,6.660,-0.0000,0.3000,0.2527,0.0143,0.0519,0.0235,-0.0073,1.1461,0.087,-0.063,0.0292,3.13432,5.59991,0.00209783,0.0000,0.3000,-0.001,-0.000,1.1442,0.0235,-0.0072,nan,nan
40.61,6.680,-0.0000,0.3000,0.2517,0.0147,0.0518,0.0234,-0.0074,1.1522,0.088,-0.063,0.0289,3.13432,5.59991,0.00209783,0.0000,0.3000,-0.001,-0.000,1.1442,0.0234,-0.0074,nan,nan
40.71,6.700,-0.0000,0.3000,0.2509,0.0150,0.0518,0.0234,-0.0075,1.1577,0.088,-0.064,0.0285,3.23252,5.65694,0.00237462,0.0000,0.3000,-0.001,-0.000,1.1518,0.0234,-0.0075,nan,nan
40.81,6.720,-0.0000,0.3000,0.2502,0.0152,0.0517,0.0234,-0.0077,1.1635,0.089,-0.064,0.0282,3.36747,5.73248,0.00237463,0.0000,0.3000,-0.001,-0.000,1.1618,0.0234,-0.0076,nan,nan
40.91,6.760,-0.0000,0.3000,0.2492,0.0157,0.0517,0.0233,-0.0078,1.1692,0.089,-0.064,0.0279,3.36747,5.73248,0.00237463,0.0000,0.3000,-0.001,-0.000,1.1618,0.0233,-0.0078,nan,nan
41.01,6.780,-0.0000,0.3000,0.2485,0.0159,0.0516,0.0233,-0.0079,1.1747,0.090,-0.065,0.0276,3.47177,5.78872,0.00209784,0.0000,0.3000,-0.001,-0.000,1.1693,0.0233,-0.0079,nan,nan
41.11,6.800,-0.0000,0.3000,0.2478,0.0162,0.0516,0.0232,-0.0081,1.1794,0.090,-0.065,0.0273,3.57876,5.84459,0.00237463,0.0000,0.3000,-0.001,-0.000,1.1767,0.0232,-0.0080,nan,nan
41.21,6.820,0.0000,0.3000,0.2471,0.0164,0.0515,0.0232,-0.0082,1.1851,0.091,-0.065,0.0270,3.57876,5.84459,0.00237463,0.0000,0.3000,-0.001,-0.000,1.1767,0.0232,-0.0082,nan,nan
41.31,6.840,0.0000,0.3000,0.2464,0.0167,0.0514,0.0231,-0.0083,1.1905,0.091,-0.065,0.0267,3.72567,5.91848,0.00237463,0.0000,0.3000,-0.001,-0.000,1.1866,0.0231,-0.0083,nan,nan
41.41,6.860,0.0000,0.3000,0.2457,0.0170,0.0514,0.0231,-0.0084,1.1956,0.092,-0.066,0.0264,3.83911,5.97341,0.00209784,0.0000,0.3000,-0.001,-0.000,1.1940,0.0231,-0.0084,nan,nan
41.51,6.880,0.0000,0.3000,0.2451,0.0172,0.0513,0.0230,-0.0086,1.2013,0.092,-0.066,0.0261,3.83911,5.97341,0.00209784,0.0000,0.3000,-0.001,-0.000,1.1940,0.0231,-0.0085,nan,nan
41.61,6.900,0.0000,0.3000,0.2440,0.0176,0.0512,0.0230,-0.0087,1.2062,0.093,-0.066,0.0258,3.9554,6.0279,0.00237464,0.0000,0.3000,-0.001,-0.000,1.2014,0.0230,-0.0087,nan,nan
41.71,6.920,0.0000,0.3000,0.2434,0.0179,0.0512,0.0230,-0.0088,1.2118,0.093,-0.066,0.0254,4.11496,6.09985,0.00237464,0.0000,0.3000,-0.001,-0.000,1.2111,0.0230,-0.0088,nan,nan
41.81,6.940,0.0000,0.3000,0.2427,0.0181,0.0511,0.0229,-0.0089,1.2171,0.094,-0.067,0.0251,4.11496,6.09985,0.00237464,0.0000,0.3000,-0.001,-0.000,1.2111,0.0229,-0.0089,nan,nan
41.91,6.960,0.0000,0.3000,0.2420,0.0184,0.0510,0.0229,-0.0090,1.2224,0.094,-0.067,0.0248,4.23806,6.15325,0.00209785,0.0000,0.3000,-0.001,-0.000,1.2184,0.0229,-0.0090,nan,nan
42.01,6.980,0.0000,0.3000,0.2414,0.0187,0.0510,0.0228,-0.0092,1.2278,0.095,-0.067,0.0245,4.36417,6.20615,0.00237464,0.0000,0.3000,-0.001,-0.000,1.2257,0.0228,-0.0091,nan,nan
42.11,7.020,0.0000,0.3000,0.2404,0.0190,0.0508,0.0228,-0.0093,1.2328,0.095,-0.067,0.0242,4.36417,6.20615,0.00237464,0.0000,0.3000,-0.001,-0.000,1.2257,0.0228,-0.0093,nan,nan
42.21,7.040,0.0000,0.3000,0.2397,0.0193,0.0508,0.0227,-0.0094,1.2378,0.096,-0.068,0.0239,4.53707,6.27587,0.00237465,0.0000,0.3000,-0.001,-0.000,1.2353,0.0227,-0.0094,nan,nan
42.31,7.060,0.0000,0.3000,0.2391,0.0195,0.0507,0.0227,-0.0095,1.2431,0.096,-0.068,0.0236,4.53707,6.27587,0.00237465,0.0000,0.3000,-0.001,-0.000,1.2353,0.0227,-0.0095,nan,nan
42.41,7.080,0.0000,0.3000,0.2384,0.0198,0.0506,0.0226,-0.0096,1.2484,0.097,-0.068,0.0233,4.67037,6.32752,0.00209785,0.0000,0.3000,-0.001,-0.000,1.2425,0.0226,-0.0096,nan,nan
42.51,7.100,0.0000,0.3000,0.2378,0.0200,0.0505,0.0226,-0.0097,1.2534,0.097,-0.068,0.0230,4.80684,6.37861,0.00237465,0.0000,0.3000,-0.001,-0.000,1.2497,0.0226,-0.0097,nan,nan
42.61,7.120,0.0000,0.3000,0.2371,0.0203,0.0504,0.0225,-0.0099,1.2590,0.098,-0.068,0.0226,4.80684,6.37861,0.00237465,0.0000,0.3000,-0.001,-0.000,1.2497,0.0225,-0.0098,nan,nan
42.71,7.140,0.0000,0.3000,0.2362,0.0207,0.0503,0.0225,-0.0100,1.2642,0.098,-0.069,0.0223,4.99379,6.4458,0.00237465,0.0000,0.3000,-0.001,-0.000,1.2592,0.0225,-0.0100,nan,nan
42.81,7.160,0.0000,0.3000,0.2355,0.0209,0.0502,0.0224,-0.0101,1.2694,0.099,-0.069,0.0220,5.13782,6.49549,0.00209785,0.0000,0.3000,-0.001,-0.000,1.2663,0.0224,-0.0101,nan,nan
42.91,7.180,0.0000,0.3000,0.2349,0.0211,0.0502,0.0224,-0.0102,1.2748,0.099,-0.069,0.0217,5.13782,6.49549,0.00209785,0.0000,0.3000,-0.001,-0.000,1.2663,0.0224,-0.0102,nan,nan
43.01,7.220,0.0000,0.3000,0.2339,0.0215,0.0500,0.0223,-0.0103,1.2802,0.100,-0.069,0.0213,5.28518,6.54455,0.00237465,0.0000,0.3000,-0.001,-0.000,1.2733,0.0223,-0.0103,nan,nan
43.11,7.240,0.0000,0.3000,0.2333,0.0217,0.0499,0.0222,-0.0105,1.2856,0.100,-0.069,0.0210,5.4869,6.60895,0.00237465,0.0000,0.3000,-0.001,-0.000,1.2827,0.0222,-0.0105,nan,nan
43.21,7.260,0.0000,0.3000,0.2327,0.0220,0.0498,0.0222,-0.0106,1.2909,0.100,-0.070,0.0207,5.6422,6.65646,0.00209786,0.0000,0.3000,-0.001,-0.000,1.2897,0.0222,-0.0106,nan,nan
43.31,7.280,0.0000,0.3000,0.2321,0.0222,0.0497,0.0221,-0.0107,1.2963,0.101,-0.070,0.0203,5.6422,6.65646,0.00209786,0.0000,0.3000,-0.001,-0.000,1.2897,0.0222,-0.0107,nan,nan
43.41,7.300,0.0000,0.3000,0.2314,0.0225,0.0496,0.0221,-0.0108,1.3009,0.101,-0.070,0.0200,5.80099,6.70328,0.00237466,0.0000,0.3000,-0.001,-0.000,1.2966,0.0221,-0.0108,nan,nan
43.51,7.320,0.0000,0.3000,0.2308,0.0227,0.0495,0.0220,-0.0109,1.3053,0.102,-0.070,0.0198,5.80099,6.70328,0.00237466,0.0000,0.3000,-0.001,-0.000,1.2966,0.0221,-0.0109,nan,nan
43.61,7.340,0.0000,0.3000,0.2302,0.0229,0.0494,0.0220,-0.0110,1.3090,0.102,-0.070,0.0195,6.01823,6.76459,0.00237466,0.0000,0.3000,-0.001,-0.000,1.3059,0.0220,-0.0110,nan,nan
43.71,7.360,0.0000,0.3000,0.2296,0.0232,0.0493,0.0219,-0.0111,1.3136,0.102,-0.070,0.0193,6.01823,6.76459,0.00237466,0.0000,0.3000,-0.001,-0.000,1.3059,0.0219,-0.0111,nan,nan
43.81,7.380,0.0000,0.3000,0.2290,0.0234,0.0492,0.0219,-0.0112,1.3184,0.103,-0.071,0.0190,6.18535,6.80971,0.00209786,0.0000,0.3000,-0.001,-0.000,1.3128,0.0219,-0.0112,nan,nan
43.91,7.400,0.0000,0.3000,0.2284,0.0236,0.0491,0.0218,-0.0113,1.3230,0.103,-0.071,0.0187,6.35612,6.85408,0.00237466,0.0000,0.3000,-0.001,-0.000,1.3197,0.0218,-0.0113,nan,nan
44.01,7.420,0.0000,0.3000,0.2277,0.0239,0.0490,0.0218,-0.0114,1.3275,0.103,-0.071,0.0184,6.35612,6.85408,0.00237466,0.0000,0.3000,-0.001,-0.000,1.3197,0.0218,-0.0114,nan,nan
44.11,7.440,0.0000,0.3000,0.2271,0.0241,0.0489,0.0217,-0.0115,1.3321,0.104,-0.071,0.0181,6.58959,6.91203,0.00237466,0.0000,0.3000,-0.001,-0.000,1.3288,0.0217,-0.0115,nan,nan
44.21,7.460,0.0000,0.3000,0.2265,0.0243,0.0488,0.0217,-0.0116,1.3373,0.104,-0.071,0.0178,6.76908,6.95457,0.00209786,0.0000,0.3000,-0.001,-0.000,1.3356,0.0217,-0.0116,nan,nan
44.31,7.480,0.0000,0.3000,0.2256,0.0246,0.0487,0.0216,-0.0117,1.3427,0.104,-0.071,0.0174,6.76908,6.95457,0.00209786,0.0000,0.3000,-0.001,-0.000,1.3356,0.0216,-0.0117,nan,nan
44.41,7.500,0.0000,0.3000,0.2250,0.0249,0.0486,0.0216,-0.0118,1.3474,0.105,-0.071,0.0171,6.9524,6.99629,0.00237466,0.0000,0.3000,-0.001,-0.000,1.3424,0.0216,-0.0118,nan,nan
44.51,7.520,0.0000,0.3000,0.2244,0.0251,0.0484,0.0215,-0.0119,1.3526,0.105,-0.072,0.0168,7.20285,7.05061,0.00237466,0.0000,0.3000,-0.001,-0.000,1.3514,0.0215,-0.0119,nan,nan
44.61,7.540,0.0000,0.3000,0.2235,0.0254,0.0483,0.0214,-0.0120,1.3577,0.105,-0.072,0.0165,7.20285,7.05061,0.00237466,0.0000,0.3000,-0.001,-0.000,1.3514,0.0214,-0.0120,nan,nan
44.71,7.580,0.0000,0.3000,0.2229,0.0256,0.0482,0.0214,-0.0122,1.3631,0.106,-0.072,0.0161,7.39527,7.09035,0.00209786,0.0000,0.3000,-0.001,-0.000,1.3581,0.0214,-0.0121,nan,nan
44.81,7.600,0.0000,0.3000,0.2223,0.0259,0.0481,0.0213,-0.0123,1.3682,0.106,-0.072,0.0158,7.59168,7.12923,0.00237467,0.0000,0.3000,-0.001,-0.000,1.3648,0.0213,-0.0122,nan,nan
44.91,7.620,0.0000,0.3000,0.2217,0.0261,0.0479,0.0212,-0.0124,1.3733,0.107,-0.072,0.0155,7.59168,7.12923,0.00237467,0.0000,0.3000,-0.001,-0.000,1.3648,0.0213,-0.0123,nan,nan
45.01,7.640,0.0000,0.3000,0.2209,0.0264,0.0478,0.0212,-0.0125,1.3782,0.107,-0.072,0.0151,7.85986,7.17966,0.00237467,0.0000,0.3000,-0.001,-0.000,1.3737,0.0212,-0.0125,nan,nan
45.11,7.660,0.0000,0.3000,0.2203,0.0266,0.0476,0.0211,-0.0126,1.3832,0.107,-0.072,0.0148,8.06577,7.21643,0.00209786,0.0000,0.3000,-0.001,-0.000,1.3803,0.0211,-0.0126,nan,nan
45.21,7.680,0.0000,0.3000,0.2197,0.0268,0.0475,0.0211,-0.0127,1.3883,0.107,-0.072,0.0145,8.06577,7.21643,0.00209786,0.0000,0.3000,-0.001,-0.000,1.3803,0.0211,-0.0127,nan,nan
45.31,7.700,0.0000,0.3000,0.2191,0.0270,0.0474,0.0210,-0.0128,1.3931,0.108,-0.073,0.0142,8.27585,7.25226,0.00237467,0.0000,0.3000,-0.001,-0.000,1.3869,0.0210,-0.0128,nan,nan
45.41,7.740,0.0000,0.3000,0.2182,0.0273,0.0472,0.0209,-0.0129,1.3977,0.108,-0.073,0.0139,8.5625,7.29857,0.00237467,0.0000,0.3000,-0.001,-0.000,1.3957,0.0209,-0.0129,nan,nan
45.51,7.760,0.0000,0.3000,0.2176,0.0275,0.0471,0.0209,-0.0130,1.4025,0.108,-0.073,0.0136,8.5625,7.29857,0.00237467,0.0000,0.3000,-0.001,-0.000,1.3957,0.0209,-0.0130,nan,nan
45.61,7.780,0.0000,0.3000,0.2171,0.0277,0.0470,0.0208,-0.0131,1.4077,0.109,-0.073,0.0132,8.78246,7.33217,0.00209787,0.0000,0.3000,-0.001,-0.000,1.4022,0.0208,-0.0131,nan,nan
45.71,7.800,0.0000,0.3000,0.2165,0.0279,0.0468,0.0207,-0.0132,1.4123,0.109,-0.073,0.0129,9.00676,7.36479,0.00237467,0.0000,0.3000,-0.001,-0.000,1.4087,0.0208,-0.0132,nan,nan
45.81,7.820,0.0000,0.3000,0.2159,0.0282,0.0467,0.0207,-0.0133,1.4168,0.109,-0.073,0.0127,9.00676,7.36479,0.00237467,0.0000,0.3000,-0.001,-0.000,1.4087,0.0207,-0.0133,nan,nan
45.91,7.840,0.0000,0.3000,0.2150,0.0285,0.0465,0.0206,-0.0134,1.4220,0.109,-0.073,0.0123,9.31264,7.40672,0.00237467,0.0000,0.3000,-0.001,-0.000,1.4174,0.0206,-0.0134,nan,nan
46.01,7.860,0.0000,0.3000,0.2145,0.0287,0.0464,0.0205,-0.0135,1.4269,0.110,-0.073,0.0120,9.54722,7.43698,0.00209787,0.0000,0.3000,-0.001,-0.000,1.4238,0.0206,-0.0135,nan,nan
46.11,7.880,0.0000,0.3000,0.2139,0.0288,0.0463,0.0205,-0.0136,1.4318,0.110,-0.073,0.0117,9.54722,7.43698,0.00209787,0.0000,0.3000,-0.001,-0.000,1.4238,0.0205,-0.0136,nan,nan
46.21,7.920,0.0000,0.3000,0.2130,0.0291,0.0461,0.0204,-0.0137,1.4365,0.110,-0.073,0.0114,9.7863,7.46622,0.00237467,0.0000,0.3000,-0.001,-0.000,1.4303,0.0204,-0.0137,nan,nan
46.31,7.940,0.0000,0.3000,0.2125,0.0293,0.0459,0.0204,-0.0138,1.4412,0.110,-0.073,0.0111,10.1122,7.50356,0.00237467,0.0000,0.3000,-0.001,-0.000,1.4388,0.0204,-0.0138,nan,nan
46.41,7.960,0.0000,0.3000,0.2119,0.0295,0.0458,0.0203,-0.0139,1.4458,0.111,-0.073,0.0108,10.1122,7.50356,0.00237467,0.0000,0.3000,-0.001,-0.000,1.4388,0.0203,-0.0139,nan,nan
46.51,7.980,0.0000,0.3000,0.2107,0.0188,0.0802,0.0202,-0.0140,1.4509,0.111,-0.073,0.0100,10.3619,7.53032,0.00209787,0.0000,0.3000,-0.001,-0.000,1.4452,0.0202,-0.0140,nan,nan
46.61,8.000,0.0000,0.3000,0.2090,0.0287,0.0497,0.0201,-0.0141,1.4557,0.111,-0.073,0.0096,10.6164,7.55601,0.00237467,0.0000,0.3000,-0.001,-0.000,1.4515,0.0202,-0.0141,nan,nan
46.71,8.020,0.0000,0.3000,0.2081,0.0282,0.0517,0.0201,-0.0142,1.4605,0.111,-0.073,0.0092,10.9629,7.58856,0.00237467,0.0000,0.3000,-0.001,-0.000,1.4599,0.0201,-0.0142,nan,nan
46.81,8.040,0.0000,0.3000,0.2092,-0.0932,0.0663,0.0200,-0.0143,1.4653,0.112,-0.074,0.0089,10.9629,7.58856,0.00237467,0.0000,0.3000,-0.001,-0.000,1.4599,0.0200,-0.0142,nan,nan
46.91,8.080,0.0000,0.3000,0.2095,-0.0574,0.0414,0.0199,-0.0144,1.4703,0.112,-0.074,0.0090,11.2284,7.61169,0.00209787,0.0000,0.3000,-0.001,-0.000,1.4661,0.0199,-0.0144,nan,nan
47.01,8.100,-0.0000,0.3000,0.1781,0.4464,0.6156,0.0199,-0.0145,1.4746,0.112,-0.074,0.0018,11.4988,7.63371,0.00237468,0.0000,0.3000,-0.001,-0.000,1.4724,0.0199,-0.0145,nan,nan
47.11,8.120,-0.0000,0.3000,0.1680,-0.1424,0.0953,0.0198,-0.0145,1.4785,0.112,-0.074,0.0031,11.4988,7.63371,0.00237468,0.0000,0.3000,-0.001,-0.000,1.4724,0.0198,-0.0145,nan,nan
47.21,8.140,-0.0000,0.3000,0.1645,-0.1808,0.1819,0.0198,-0.0146,1.4824,0.112,-0.074,0.0086,11.8668,7.66138,0.00237468,0.0000,0.3000,-0.001,-0.000,1.4795,0.0198,-0.0146,nan,nan
47.31,8.160,-0.0000,0.3000,0.1651,-0.1802,0.1824,0.0197,-0.0147,1.4862,0.112,-0.074,0.0142,12.1486,7.68104,0.00209787,0.0000,0.3000,-0.001,-0.000,1.4845,0.0197,-0.0147,nan,nan
47.41,8.180,-0.0000,0.3000,0.1656,0.0232,0.0310,0.0197,-0.0148,1.4902,0.112,-0.074,0.0153,12.1486,7.68104,0.00209787,0.0000,0.3000,-0.001,-0.000,1.4845,0.0197,-0.0147,nan,nan
47.51,8.200,-0.0000,0.3000,0.1661,0.0233,0.0309,0.0196,-0.0148,1.4939,0.111,-0.075,0.0153,12.4354,7.69982,0.00237468,0.0000,0.3000,-0.001,-0.000,1.4893,0.0196,-0.0148,nan,nan
47.61,8.240,-0.0000,0.3000,0.1668,0.0235,0.0308,0.0195,-0.0149,1.4979,0.111,-0.075,0.0153,12.8255,7.72342,0.00237468,0.0000,0.3000,-0.001,-0.000,1.4959,0.0195,-0.0149,nan,nan
47.71,8.260,-0.0000,0.3000,0.1674,0.0236,0.0307,0.0195,-0.0150,1.5019,0.111,-0.075,0.0153,13.1241,7.74004,0.00209787,0.0000,0.3000,-0.001,-0.000,1.5009,0.0195,-0.0150,nan,nan
47.81,8.280,-0.0000,0.3000,0.1681,0.0237,0.0306,0.0194,-0.0151,1.5059,0.111,-0.076,0.0153,13.1241,7.74004,0.00209787,0.0000,0.3000,-0.001,-0.000,1.5009,0.0194,-0.0151,nan,nan
47.91,8.300,-0.0000,0.3000,0.1686,0.0238,0.0305,0.0194,-0.0152,1.5099,0.111,-0.076,0.0153,13.4278,7.7557,0.00237468,0.0000,0.3000,-0.001,-0.000,1.5060,0.0194,-0.0151,nan,nan
48.01,8.320,-0.0000,0.3000,0.1710,0.2107,-0.1658,0.0193,-0.0152,1.5139,0.111,-0.076,0.0110,13.8409,7.77505,0.00237468,0.0000,0.3000,-0.001,-0.000,1.5127,0.0193,-0.0152,nan,nan
48.11,8.360,0.0000,0.3000,0.2008,0.1820,-0.1449,0.0192,-0.0153,1.5183,0.111,-0.076,0.0066,13.8409,7.77505,0.00237468,0.0000,0.3000,-0.001,-0.000,1.5127,0.0192,-0.0153,nan,nan
48.21,8.380,0.0000,0.3000,0.2015,0.0011,-0.0009,0.0192,-0.0154,1.5229,0.111,-0.077,0.0071,14.1568,7.78839,0.00209787,0.0000,0.3000,-0.001,-0.000,1.5182,0.0192,-0.0154,nan,nan
48.31,8.400,0.0000,0.3000,0.2010,0.0011,-0.0009,0.0191,-0.0155,1.5276,0.111,-0.077,0.0078,14.4781,7.80058,0.00237468,0.0000,0.3000,-0.001,-0.000,1.5242,0.0191,-0.0155,nan,nan
48.41,8.420,0.0000,0.3000,0.2002,0.0011,-0.0009,0.0190,-0.0156,1.5322,0.111,-0.077,0.0086,14.4781,7.80058,0.00237468,0.0000,0.3000,-0.001,-0.000,1.5242,0.0190,-0.0156,nan,nan
48.51,8.440,0.0000,0.3000,0.1996,0.0011,-0.0009,0.0189,-0.0157,1.5370,0.111,-0.077,0.0094,14.9149,7.81492,0.00237468,0.0000,0.3000,-0.001,-0.000,1.5323,0.0190,-0.0157,nan,nan
48.61,8.460,0.0000,0.3000,0.1991,0.0011,-0.0009,0.0189,-0.0158,1.5417,0.111,-0.077,0.0102,15.2489,7.82422,0.00209787,0.0000,0.3000,-0.001,-0.000,1.5383,0.0189,-0.0157,nan,nan
48.71,8.500,0.0000,0.3000,0.1983,0.0017,-0.0002,0.0188,-0.0158,1.5461,0.111,-0.078,0.0110,15.5884,7.83226,0.00237468,0.0000,0.3000,-0.001,-0.000,1.5443,0.0188,-0.0158,nan,nan
48.81,8.520,0.0000,0.3000,0.1977,0.0357,0.0398,0.0187,-0.0159,1.5507,0.111,-0.078,0.0107,15.5884,7.83226,0.00237468,0.0000,0.3000,-0.001,-0.000,1.5443,0.0187,-0.0159,nan,nan
48.91,8.540,0.0000,0.3000,0.1972,0.0358,0.0397,0.0186,-0.0160,1.5556,0.111,-0.078,0.0103,16.0497,7.84103,0.00237468,0.0000,0.3000,-0.001,-0.000,1.5522,0.0187,-0.0160,nan,nan
49.01,8.560,0.0000,0.3000,0.1964,0.0360,0.0395,0.0186,-0.0161,1.5599,0.111,-0.078,0.0101,16.4022,7.84613,0.00209787,0.0000,0.3000,-0.001,-0.000,1.5581,0.0186,-0.0161,nan,nan
49.11,8.580,0.0000,0.3000,0.1959,0.0362,0.0393,0.0185,-0.0162,1.5644,0.111,-0.078,0.0098,16.4022,7.84613,0.00209787,0.0000,0.3000,-0.001,-0.000,1.5581,0.0185,-0.0162,nan,nan
49.21,8.600,0.0000,0.3000,0.1953,0.0364,0.0392,0.0184,-0.0163,1.5689,0.111,-0.079,0.0095,16.7605,7.84997,0.00237468,0.0000,0.3000,-0.001,-0.000,1.5640,0.0184,-0.0162,nan,nan
49.31,8.620,0.0000,0.3000,0.1948,0.0365,0.0391,0.0184,-0.0164,1.5734,0.111,-0.079,0.0092,17.247,7.85309,0.00237468,0.0000,0.3000,-0.001,-0.000,1.5718,0.0184,-0.0163,nan,nan
49.41,8.660,0.0000,0.3000,0.1940,0.0367,0.0389,0.0183,-0.0164,1.5779,0.111,-0.079,0.0089,17.247,7.85309,0.00237468,0.0000,0.3000,-0.001,-0.000,1.5718,0.0183,-0.0164,nan,nan
49.51,8.680,0.0000,0.3000,0.1934,0.0369,0.0387,0.0182,-0.0165,1.5823,0.111,-0.079,0.0086,17.6187,7.85394,0.00209787,0.0000,0.3000,-0.001,-0.000,1.5777,0.0182,-0.0165,nan,nan
49.61,8.700,0.0000,0.3000,0.1929,0.0370,0.0386,0.0181,-0.0166,1.5868,0.112,-0.079,0.0083,17.9962,7.85351,0.00237468,0.0000,0.3000,-0.001,-0.000,1.5835,0.0182,-0.0166,nan,nan
49.71,8.720,0.0000,0.3000,0.1921,0.0372,0.0384,0.0181,-0.0167,1.5912,0.112,-0.080,0.0080,17.9962,7.85351,0.00237468,0.0000,0.3000,-0.001,-0.000,1.5835,0.0181,-0.0167,nan,nan
49.81,8.740,0.0000,0.3000,0.1916,0.0374,0.0382,0.0180,-0.0168,1.5956,0.112,-0.080,0.0078,18.5088,7.85092,0.00237468,0.0000,0.3000,-0.001,-0.000,1.5912,0.0180,-0.0167,nan,nan
49.91,8.760,0.0000,0.3000,0.1910,0.0375,0.0381,0.0179,-0.0168,1.6002,0.112,-0.080,0.0075,18.9002,7.84747,0.00209788,0.0000,0.3000,-0.001,-0.000,1.5969,0.0179,-0.0168,nan,nan
50.01,8.800,0.0000,0.3000,0.1902,0.0377,0.0379,0.0178,-0.0169,1.6046,0.112,-0.080,0.0072,19.2975,7.84273,0.00237468,0.0000,0.3000,-0.001,-0.000,1.6027,0.0178,-0.0169,nan,nan
50.11,8.820,0.0000,0.3000,0.1897,0.0379,0.0377,0.0178,-0.0170,1.6087,0.112,-0.080,0.0069,19.2975,7.84273,0.00237468,0.0000,0.3000,-0.001,-0.000,1.6027,0.0178,-0.0170,nan,nan
50.21,8.840,0.0000,0.3000,0.1892,0.0380,0.0376,0.0177,-0.0171,1.6133,0.112,-0.080,0.0067,19.8368,7.83439,0.00237468,0.0000,0.3000,-0.001,-0.000,1.6103,0.0177,-0.0170,nan,nan
50.31,8.860,0.0000,0.3000,0.1887,0.0381,0.0374,0.0176,-0.0171,1.6176,0.112,-0.081,0.0064,20.2483,7.82662,0.00209788,0.0000,0.3000,-0.001,-0.000,1.6159,0.0176,-0.0171,nan,nan
50.41,8.880,0.0000,0.3000,0.1879,0.0383,0.0372,0.0175,-0.0172,1.6218,0.112,-0.081,0.0061,20.2483,7.82662,0.00209788,0.0000,0.3000,-0.001,-0.000,1.6159,0.0175,-0.0172,nan,nan
50.51,8.900,0.0000,0.3000,0.1873,0.0385,0.0371,0.0175,-0.0173,1.6261,0.112,-0.081,0.0059,20.6661,7.81755,0.00237468,0.0000,0.3000,-0.001,-0.000,1.6216,0.0175,-0.0173,nan,nan
50.61,8.920,0.0000,0.3000,0.1868,0.0386,0.0369,0.0174,-0.0174,1.6304,0.112,-0.081,0.0056,21.2327,7.80344,0.00237468,0.0000,0.3000,-0.001,-0.000,1.6291,0.0174,-0.0173,nan,nan
50.71,8.960,-0.0000,0.3000,0.1869,0.0273,0.0271,0.0173,-0.0174,1.6347,0.112,-0.081,0.0056,21.2327,7.80344,0.00237468,0.0000,0.3000,-0.001,-0.000,1.6291,0.0173,-0.0174,nan,nan
50.81,8.980,-0.0000,0.3000,0.1875,0.0274,0.0270,0.0172,-0.0175,1.6392,0.112,-0.081,0.0056,21.665,7.79134,0.00209788,0.0000,0.3000,-0.001,-0.000,1.6347,0.0173,-0.0175,nan,nan
50.91,9.000,-0.0000,0.3000,0.1880,0.0275,0.0269,0.0172,-0.0176,1.6437,0.112,-0.081,0.0057,22.1037,7.77795,0.00237468,0.0000,0.3000,-0.001,-0.000,1.6403,0.0172,-0.0176,nan,nan
51.01,9.020,-0.0000,0.3000,0.1888,0.0277,0.0268,0.0171,-0.0177,1.6480,0.112,-0.082,0.0057,22.1037,7.77795,0.00237468,0.0000,0.3000,-0.001,-0.000,1.6403,0.0171,-0.0177,nan,nan
51.11,9.040,-0.0000,0.3000,0.1893,0.0278,0.0267,0.0170,-0.0178,1.6526,0.112,-0.082,0.0057,22.6984,7.75805,0.00237468,0.0000,0.3000,-0.001,-0.000,1.6478,0.0170,-0.0177,nan,nan
51.21,9.080,-0.0000,0.3000,0.1901,0.0279,0.0265,0.0169,-0.0178,1.6571,0.112,-0.082,0.0057,23.152,7.74159,0.00209788,0.0000,0.3000,-0.001,-0.000,1.6535,0.0169,-0.0178,nan,nan
51.31,9.100,-0.0000,0.3000,0.1907,0.0280,0.0264,0.0168,-0.0179,1.6615,0.112,-0.082,0.0057,23.612,7.7238,0.00237468,0.0000,0.3000,-0.001,-0.000,1.6592,0.0169,-0.0179,nan,nan
51.41,9.120,-0.0000,0.3000,0.1912,0.0281,0.0263,0.0168,-0.0180,1.6659,0.112,-0.082,0.0058,23.612,7.7238,0.00237468,0.0000,0.3000,-0.001,-0.000,1.6592,0.0168,-0.0180,nan,nan
51.51,9.140,-0.0000,0.3000,0.1917,0.0282,0.0262,0.0167,-0.0180,1.6703,0.112,-0.082,0.0058,24.2356,7.69802,0.00237468,0.0000,0.3000,-0.001,-0.000,1.6668,0.0167,-0.0180,nan,nan
51.61,9.160,-0.0000,0.3000,0.1925,0.0284,0.0260,0.0166,-0.0181,1.6749,0.112,-0.082,0.0058,24.7109,7.67711,0.00209788,0.0000,0.3000,-0.001,-0.000,1.6726,0.0166,-0.0181,nan,nan
51.71,9.180,-0.0000,0.3000,0.1930,0.0285,0.0259,0.0165,-0.0182,1.6795,0.112,-0.082,0.0058,24.7109,7.67711,0.00209788,0.0000,0.3000,-0.001,-0.000,1.6726,0.0165,-0.0182,nan,nan
51.81,9.200,-0.0000,0.3000,0.1936,0.0286,0.0258,0.0164,-0.0183,1.6838,0.112,-0.083,0.0059,25.1928,7.65487,0.00237468,0.0000,0.3000,-0.001,-0.000,1.6784,0.0165,-0.0182,nan,nan
51.91,9.240,-0.0000,0.3000,0.1944,0.0287,0.0256,0.0164,-0.0183,1.6885,0.112,-0.083,0.0059,25.8457,7.62311,0.00237468,0.0000,0.3000,-0.001,-0.000,1.6861,0.0164,-0.0183,nan,nan
52.01,9.260,-0.0000,0.3000,0.1949,0.0288,0.0255,0.0163,-0.0184,1.6931,0.112,-0.083,0.0059,26.3432,7.5977,0.00209788,0.0000,0.3000,-0.001,-0.000,1.6919,0.0163,-0.0184,nan,nan
52.11,9.280,-0.0000,0.3000,0.1957,0.0289,0.0253,0.0162,-0.0185,1.6976,0.112,-0.083,0.0059,26.3432,7.5977,0.00209788,0.0000,0.3000,-0.001,-0.000,1.6919,0.0162,-0.0185,nan,nan
52.21,9.300,-0.0000,0.3000,0.1963,0.0290,0.0252,0.0161,-0.0186,1.7023,0.112,-0.083,0.0060,26.8474,7.57095,0.00237468,0.0000,0.3000,-0.001,-0.000,1.6978,0.0161,-0.0186,nan,nan
52.31,9.320,-0.0000,0.3000,0.1968,0.0291,0.0251,0.0160,-0.0187,1.7071,0.112,-0.083,0.0060,27.5303,7.53316,0.00237468,0.0000,0.3000,-0.001,-0.000,1.7056,0.0160,-0.0186,nan,nan
52.41,9.360,-0.0000,0.3000,0.1976,0.0293,0.0249,0.0159,-0.0187,1.7116,0.112,-0.083,0.0060,27.5303,7.53316,0.00237468,0.0000,0.3000,-0.001,-0.000,1.7056,0.0159,-0.0187,nan,nan
52.51,9.380,-0.0000,0.3000,0.1981,0.0294,0.0248,0.0158,-0.0188,1.7163,0.112,-0.084,0.0060,28.0504,7.50324,0.00209788,0.0000,0.3000,-0.001,-0.000,1.7116,0.0159,-0.0188,nan,nan
52.61,9.400,-0.0000,0.3000,0.1987,0.0295,0.0247,0.0158,-0.0189,1.7209,0.112,-0.084,0.0061,28.5774,7.47195,0.00237468,0.0000,0.3000,-0.001,-0.000,1.7175,0.0158,-0.0188,nan,nan
52.71,9.420,-0.0000,0.3000,0.1995,0.0296,0.0245,0.0157,-0.0189,1.7257,0.112,-0.084,0.0061,28.5774,7.47195,0.00237468,0.0000,0.3000,-0.001,-0.000,1.7175,0.0157,-0.0189,nan,nan
52.81,9.440,-0.0000,0.3000,0.2000,0.0297,0.0244,0.0156,-0.0190,1.7303,0.112,-0.084,0.0061,29.2908,7.42813,0.00237468,0.0000,0.3000,-0.001,-0.000,1.7255,0.0156,-0.0190,nan,nan
52.91,9.460,-0.0000,0.3000,0.2006,0.0298,0.0243,0.0155,-0.0191,1.7351,0.112,-0.084,0.0061,29.8339,7.39369,0.00209788,0.0000,0.3000,-0.001,-0.000,1.7315,0.0155,-0.0191,nan,nan
53.01,9.500,-0.0000,0.3000,0.2014,0.0299,0.0241,0.0154,-0.0192,1.7399,0.112,-0.084,0.0062,30.384,7.35789,0.00237468,0.0000,0.3000,-0.001,-0.000,1.7375,0.0154,-0.0192,nan,nan
53.11,9.520,-0.0000,0.3000,0.2020,0.0300,0.0239,0.0153,-0.0192,1.7444,0.112,-0.084,0.0062,30.384,7.35789,0.00237468,0.0000,0.3000,-0.001,-0.000,1.7375,0.0153,-0.0192,nan,nan
53.21,9.540,-0.0000,0.3000,0.2025,0.0301,0.0238,0.0152,-0.0193,1.7492,0.112,-0.085,0.0062,31.1283,7.30807,0.00237468,0.0000,0.3000,-0.001,-0.000,1.7455,0.0152,-0.0193,nan,nan
53.31,9.560,-0.0000,0.3000,0.2033,0.0303,0.0236,0.0151,-0.0194,1.7541,0.112,-0.085,0.0062,31.6948,7.26914,0.00209788,0.0000,0.3000,-0.001,-0.000,1.7516,0.0151,-0.0194,nan,nan
53.41,9.580,-0.0000,0.3000,0.2039,0.0304,0.0235,0.0150,-0.0195,1.7590,0.112,-0.085,0.0063,31.6948,7.26914,0.00209788,0.0000,0.3000,-0.001,-0.000,1.7516,0.0151,-0.0194,nan,nan
53.51,9.600,-0.0000,0.3000,0.2044,0.0305,0.0234,0.0149,-0.0195,1.7635,0.112,-0.085,0.0063,32.2683,7.22888,0.00237468,0.0000,0.3000,-0.001,-0.000,1.7577,0.0150,-0.0195,nan,nan
53.61,9.640,-0.0000,0.3000,0.2053,0.0306,0.0232,0.0148,-0.0196,1.7684,0.112,-0.085,0.0063,33.0441,7.17315,0.00237468,0.0000,0.3000,-0.001,-0.000,1.7659,0.0149,-0.0196,nan,nan
53.71,9.660,-0.0000,0.3000,0.2058,0.0307,0.0231,0.0147,-0.0197,1.7733,0.112,-0.085,0.0063,33.6342,7.12981,0.00209788,0.0000,0.3000,-0.001,-0.000,1.7721,0.0148,-0.0196,nan,nan
53.81,9.680,-0.0000,0.3000,0.2066,0.0308,0.0229,0.0146,-0.0197,1.7781,0.112,-0.085,0.0064,33.6342,7.12981,0.00209788,0.0000,0.3000,-0.001,-0.000,1.7721,0.0146,-0.0197,nan,nan
53.91,9.700,-0.0000,0.3000,0.2072,0.0309,0.0227,0.0146,-0.0198,1.7824,0.112,-0.086,0.0064,34.2314,7.08518,0.00237468,0.0000,0.3000,-0.001,-0.000,1.7782,0.0146,-0.0198,nan,nan
54.01,9.720,-0.0000,0.3000,0.2078,0.0310,0.0226,0.0145,-0.0199,1.7874,0.112,-0.086,0.0064,35.0389,7.02367,0.00237468,0.0000,0.3000,-0.001,-0.000,1.7865,0.0145,-0.0199,nan,nan
54.11,9.740,-0.0000,0.3000,0.2083,0.0311,0.0225,0.0144,-0.0199,1.7922,0.112,-0.086,0.0064,35.0389,7.02367,0.00237468,0.0000,0.3000,-0.001,-0.000,1.7865,0.0144,-0.0199,nan,nan
54.21,9.780,-0.0000,0.3000,0.2091,0.0312,0.0223,0.0143,-0.0200,1.7972,0.113,-0.086,0.0065,35.6529,6.97605,0.00209788,0.0000,0.3000,-0.001,-0.000,1.7928,0.0143,-0.0200,nan,nan
54.31,9.800,-0.0000,0.3000,0.2097,0.0313,0.0221,0.0142,-0.0201,1.8014,0.113,-0.086,0.0065,36.2741,6.92717,0.00237468,0.0000,0.3000,-0.001,-0.000,1.7990,0.0142,-0.0201,nan,nan
54.41,9.820,-0.0000,0.3000,0.2103,0.0314,0.0220,0.0141,-0.0201,1.8063,0.113,-0.086,0.0065,36.2741,6.92717,0.00237468,0.0000,0.3000,-0.001,-0.000,1.7990,0.0141,-0.0201,nan,nan
54.51,9.840,-0.0000,0.3000,0.2108,0.0315,0.0219,0.0140,-0.0202,1.8111,0.113,-0.086,0.0065,37.1136,6.86008,0.00237468,0.0000,0.3000,-0.001,-0.000,1.8074,0.0140,-0.0202,nan,nan
54.61,9.860,-0.0000,0.3000,0.2117,0.0316,0.0217,0.0139,-0.0203,1.8160,0.113,-0.087,0.0066,37.7517,6.80833,0.00209788,0.0000,0.3000,-0.001,-0.000,1.8138,0.0139,-0.0203,nan,nan
54.71,9.880,-0.0000,0.3000,0.2122,0.0317,0.0215,0.0138,-0.0204,1.8213,0.113,-0.087,0.0066,37.7517,6.80833,0.00209788,0.0000,0.3000,-0.001,-0.000,1.8138,0.0138,-0.0203,nan,nan
54.81,9.900,-0.0000,0.3000,0.2093,0.0465,0.0313,0.0137,-0.0204,1.8257,0.113,-0.087,0.0064,38.397,6.75539,0.00237468,0.0000,0.0000,-0.001,-0.000,1.8201,0.0137,-0.0204,nan,nan
54.91,9.920,-0.0000,0.2895,0.1956,0.0469,0.0312,0.0136,-0.0205,1.8302,0.113,-0.087,0.0062,39.2688,6.68298,0.00237468,0.0000,0.0000,-0.001,-0.000,1.8284,0.0136,-0.0204,nan,nan
55.01,9.940,-0.0000,0.2695,0.1818,0.0472,0.0312,0.0135,-0.0205,1.8331,0.113,-0.087,0.0060,39.2688,6.68298,0.00237468,0.0000,0.0000,-0.001,-0.000,1.8284,0.0136,-0.0205,nan,nan
55.11,9.960,-0.0000,0.2495,0.1748,0.0473,0.0312,0.0135,-0.0205,1.8345,0.113,-0.087,0.0059,39.2688,6.68298,0.00237468,0.0000,0.0000,-0.001,-0.000,1.8284,0.0135,-0.0205,nan,nan
55.21,9.980,-0.0000,0.2295,0.1609,0.0476,0.0312,0.0134,-0.0206,1.8384,0.113,-0.087,0.0056,39.9311,6.62741,0.00209788,0.0000,0.0000,-0.001,-0.000,1.8341,0.0135,-0.0206,nan,nan
55.31,10.000,-0.0000,0.2095,0.1542,0.0176,0.0114,0.0134,-0.0206,1.8418,0.113,-0.087,0.0055,40.601,6.57094,0.00237468,0.0000,0.3000,-0.001,-0.000,1.8391,0.0134,-0.0206,nan,nan
55.41,10.020,-0.0000,0.2205,0.1689,0.0175,0.0112,0.0133,-0.0207,1.8457,0.113,-0.088,0.0059,41.5059,6.49448,0.00237468,0.0000,0.3000,-0.001,-0.000,1.8452,0.0133,-0.0207,nan,nan
55.51,10.040,-0.0000,0.2405,0.1836,0.0173,0.0110,0.0132,-0.0207,1.8500,0.113,-0.088,0.0062,41.5059,6.49448,0.00237468,0.0000,0.3000,-0.001,-0.000,1.8452,0.0132,-0.0207,nan,nan
55.61,10.080,-0.0000,0.2805,0.2060,0.0170,0.0107,0.0131,-0.0208,1.8548,0.113,-0.088,0.0066,42.1935,6.43629,0.00209788,0.0000,0.3000,-0.001,-0.000,1.8505,0.0131,-0.0208,nan,nan
55.71,10.100,-0.0000,0.2990,0.2174,0.0325,0.0203,0.0130,-0.0209,1.8593,0.113,-0.088,0.0068,42.8887,6.37727,0.00237468,0.0000,0.3000,-0.001,-0.000,1.8564,0.0130,-0.0209,nan,nan
55.81,10.120,-0.0000,0.3000,0.2180,0.0326,0.0201,0.0129,-0.0209,1.8643,0.113,-0.088,0.0068,42.8887,6.37727,0.00237468,0.0000,0.3000,-0.001,-0.000,1.8564,0.0129,-0.0209,nan,nan
55.91,10.140,-0.0000,0.3000,0.2189,0.0327,0.0199,0.0128,-0.0210,1.8696,0.113,-0.088,0.0069,43.8271,6.29708,0.00237468,0.0000,0.3000,-0.001,-0.000,1.8651,0.0128,-0.0210,nan,nan
56.01,10.160,-0.0000,0.3000,0.2194,0.0328,0.0198,0.0127,-0.0211,1.8746,0.113,-0.088,0.0069,44.5394,6.23579,0.00209788,0.0000,0.3000,-0.001,-0.000,1.8718,0.0127,-0.0211,nan,nan
56.11,10.180,-0.0000,0.3000,0.2200,0.0329,0.0196,0.0126,-0.0211,1.8799,0.113,-0.089,0.0069,44.5394,6.23579,0.00209788,0.0000,0.3000,-0.001,-0.000,1.8718,0.0126,-0.0211,nan,nan
56.21,10.200,-0.0000,0.3000,0.2206,0.0330,0.0195,0.0125,-0.0212,1.8847,0.113,-0.089,0.0069,45.2591,6.17353,0.00237468,0.0000,0.3000,-0.001,-0.000,1.8784,0.0125,-0.0212,nan,nan
56.31,10.240,-0.0000,0.3000,0.2215,0.0331,0.0193,0.0124,-0.0212,1.8898,0.113,-0.089,0.0070,46.2301,6.08911,0.00237468,0.0000,0.3000,-0.001,-0.000,1.8873,0.0124,-0.0212,nan,nan
56.41,10.260,-0.0000,0.3000,0.2221,0.0332,0.0191,0.0122,-0.0213,1.8949,0.113,-0.089,0.0070,46.2301,6.08911,0.00237468,0.0000,0.3000,-0.001,-0.000,1.8873,0.0123,-0.0213,nan,nan
56.51,10.280,-0.0000,0.3000,0.2227,0.0333,0.0190,0.0121,-0.0214,1.9000,0.113,-0.089,0.0070,46.9668,6.02478,0.00209788,0.0000,0.3000,-0.001,-0.000,1.8939,0.0122,-0.0214,nan,nan
56.61,10.300,-0.0000,0.3000,0.2236,0.0334,0.0187,0.0120,-0.0214,1.9052,0.113,-0.089,0.0071,47.7108,5.95962,0.00237468,0.0000,0.3000,-0.001,-0.000,1.9006,0.0120,-0.0214,nan,nan
56.71,10.320,-0.0000,0.3000,0.2242,0.0335,0.0186,0.0119,-0.0215,1.9103,0.113,-0.090,0.0071,48.7141,5.87155,0.00237468,0.0000,0.3000,-0.001,-0.000,1.9095,0.0119,-0.0215,nan,nan
56.81,10.340,-0.0000,0.3000,0.2248,0.0336,0.0184,0.0118,-0.0216,1.9157,0.113,-0.090,0.0071,48.7141,5.87155,0.00237468,0.0000,0.3000,-0.001,-0.000,1.9095,0.0118,-0.0215,nan,nan
56.91,10.380,-0.0000,0.3000,0.2257,0.0337,0.0182,0.0117,-0.0216,1.9209,0.113,-0.090,0.0071,49.4751,5.80464,0.00209788,0.0000,0.3000,-0.001,-0.000,1.9163,0.0117,-0.0216,nan,nan
57.01,10.400,-0.0000,0.3000,0.2263,0.0338,0.0181,0.0116,-0.0217,1.9259,0.113,-0.090,0.0072,50.2433,5.73706,0.00237468,0.0000,0.3000,-0.001,-0.000,1.9231,0.0116,-0.0217,nan,nan
57.11,10.420,-0.0000,0.3000,0.2269,0.0338,0.0179,0.0115,-0.0217,1.9316,0.113,-0.090,0.0072,50.2433,5.73706,0.00237468,0.0000,0.3000,-0.001,-0.000,1.9231,0.0115,-0.0217,nan,nan
57.21,10.440,-0.0000,0.3000,0.2278,0.0340,0.0177,0.0113,-0.0218,1.9368,0.113,-0.090,0.0072,51.2788,5.64598,0.00237468,0.0000,0.3000,-0.001,-0.000,1.9321,0.0114,-0.0218,nan,nan
57.31,10.460,-0.0000,0.3000,0.2284,0.0340,0.0175,0.0112,-0.0219,1.9420,0.113,-0.091,0.0073,52.0637,5.57701,0.00209788,0.0000,0.3000,-0.001,-0.000,1.9390,0.0113,-0.0219,nan,nan
57.41,10.480,-0.0000,0.3000,0.2290,0.0341,0.0174,0.0111,-0.0219,1.9475,0.114,-0.091,0.0073,52.0637,5.57701,0.00209788,0.0000,0.3000,-0.001,-0.000,1.9390,0.0112,-0.0219,nan,nan
57.51,10.520,-0.0000,0.3000,0.2299,0.0342,0.0171,0.0110,-0.0220,1.9528,0.114,-0.091,0.0073,52.8558,5.50753,0.00237468,0.0000,0.3000,-0.001,-0.000,1.9458,0.0110,-0.0220,nan,nan
57.61,10.540,-0.0000,0.3000,0.2306,0.0343,0.0170,0.0109,-0.0220,1.9583,0.114,-0.091,0.0074,53.923,5.41419,0.00237468,0.0000,0.3000,-0.001,-0.000,1.9550,0.0109,-0.0220,nan,nan
57.71,10.560,-0.0000,0.3000,0.2312,0.0344,0.0168,0.0108,-0.0221,1.9639,0.114,-0.091,0.0074,54.7317,5.34373,0.00209788,0.0000,0.3000,-0.001,-0.000,1.9619,0.0108,-0.0221,nan,nan
57.81,10.580,-0.0000,0.3000,0.2321,0.0345,0.0166,0.0106,-0.0222,1.9695,0.114,-0.091,0.0074,54.7317,5.34373,0.00209788,0.0000,0.3000,-0.001,-0.000,1.9619,0.0106,-0.0222,nan,nan
57.91,10.600,-0.0000,0.3000,0.2327,0.0346,0.0164,0.0105,-0.0222,1.9748,0.114,-0.092,0.0075,55.5473,5.27295,0.00237468,0.0000,0.3000,-0.001,-0.000,1.9689,0.0105,-0.0222,nan,nan
58.01,10.640,-0.0000,0.3000,0.2337,0.0347,0.0162,0.0104,-0.0223,1.9804,0.114,-0.092,0.0075,56.6457,5.17819,0.00237468,0.0000,0.3000,-0.001,-0.000,1.9782,0.0104,-0.0223,nan,nan
58.11,10.660,-0.0000,0.3000,0.2343,0.0348,0.0160,0.0103,-0.0223,1.9860,0.114,-0.092,0.0075,56.6457,5.17819,0.00237468,0.0000,0.3000,-0.001,-0.000,1.9782,0.0103,-0.0223,nan,nan
58.21,10.680,-0.0000,0.3000,0.2349,0.0348,0.0158,0.0101,-0.0224,1.9919,0.114,-0.092,0.0075,57.4775,5.1069,0.00209788,0.0000,0.3000,-0.001,-0.000,1.9852,0.0102,-0.0224,nan,nan
58.31,10.700,-0.0000,0.3000,0.2359,0.0349,0.0156,0.0100,-0.0225,1.9971,0.114,-0.092,0.0076,58.3162,5.03551,0.00237468,0.0000,0.3000,-0.001,-0.000,1.9922,0.0100,-0.0224,nan,nan
58.41,10.720,-0.0000,0.3000,0.2365,0.0350,0.0154,0.0099,-0.0225,2.0025,0.114,-0.092,0.0076,59.4451,4.94028,0.00237468,0.0000,0.3000,-0.001,-0.000,2.0017,0.0099,-0.0225,nan,nan
58.51,10.740,-0.0000,0.3000,0.2372,0.0351,0.0153,0.0098,-0.0226,2.0080,0.114,-0.093,0.0076,59.4451,4.94028,0.00237468,0.0000,0.3000,-0.001,-0.000,2.0017,0.0098,-0.0225,nan,nan
58.61,10.780,-0.0000,0.3000,0.2382,0.0352,0.0150,0.0096,-0.0226,2.0137,0.114,-0.093,0.0077,60.2996,4.86891,0.00209788,0.0000,0.3000,-0.001,-0.000,2.0088,0.0096,-0.0226,nan,nan
58.71,10.800,-0.0000,0.3000,0.2388,0.0353,0.0148,0.0095,-0.0227,2.0192,0.114,-0.093,0.0077,61.1608,4.79767,0.00237468,0.0000,0.3000,-0.001,-0.000,2.0159,0.0095,-0.0227,nan,nan
58.81,10.820,-0.0000,0.3000,0.2395,0.0353,0.0147,0.0094,-0.0227,2.0249,0.114,-0.093,0.0077,61.1608,4.79767,0.00237468,0.0000,0.3000,-0.001,-0.000,2.0159,0.0094,-0.0227,nan,nan
58.91,10.840,-0.0000,0.3000,0.2404,0.0354,0.0144,0.0093,-0.0228,2.0307,0.114,-0.093,0.0078,62.3193,4.70303,0.00237468,0.0000,0.3000,-0.001,-0.000,2.0255,0.0093,-0.0228,nan,nan
59.01,10.860,-0.0000,0.3000,0.2411,0.0355,0.0142,0.0091,-0.0228,2.0365,0.114,-0.093,0.0078,63.1958,4.6324,0.00209788,0.0000,0.3000,-0.001,-0.000,2.0327,0.0092,-0.0228,nan,nan
59.11,10.880,-0.0000,0.3000,0.2418,0.0356,0.0141,0.0090,-0.0229,2.0423,0.114,-0.094,0.0078,64.0787,4.56217,0.00237469,0.0000,0.3000,-0.001,-0.000,2.0399,0.0090,-0.0229,nan,nan
59.21,10.920,-0.0000,0.3000,0.2428,0.0357,0.0138,0.0089,-0.0229,2.0478,0.114,-0.094,0.0079,64.0787,4.56217,0.00237469,0.0000,0.3000,-0.001,-0.000,2.0399,0.0089,-0.0229,nan,nan
59.31,10.940,-0.0000,0.3000,0.2434,0.0357,0.0136,0.0087,-0.0230,2.0537,0.115,-0.094,0.0079,65.2659,4.4693,0.00237469,0.0000,0.3000,-0.001,-0.000,2.0496,0.0088,-0.0230,nan,nan
59.41,10.960,-0.0000,0.3000,0.2444,0.0358,0.0134,0.0086,-0.0230,2.0593,0.115,-0.094,0.0079,66.1636,4.40034,0.00209788,0.0000,0.3000,-0.001,-0.000,2.0569,0.0086,-0.0230,nan,nan
59.51,10.980,-0.0000,0.3000,0.2451,0.0359,0.0132,0.0085,-0.0231,2.0649,0.115,-0.094,0.0080,66.1636,4.40034,0.00209788,0.0000,0.3000,-0.001,-0.000,2.0569,0.0085,-0.0231,nan,nan
59.61,11.000,-0.0000,0.3000,0.2458,0.0360,0.0130,0.0083,-0.0231,2.0706,0.115,-0.094,0.0080,67.0675,4.33207,0.00237469,0.0000,0.3000,-0.001,-0.000,2.0643,0.0084,-0.0231,nan,nan
59.71,11.020,-0.0000,0.3000,0.2465,0.0360,0.0128,0.0082,-0.0232,2.0762,0.115,-0.095,0.0080,68.2821,4.24228,0.00237469,0.0000,0.3000,-0.001,-0.000,2.0741,0.0083,-0.0232,nan,nan
59.81,11.060,-0.0000,0.3000,0.2475,0.0361,0.0126,0.0081,-0.0232,2.0822,0.115,-0.095,0.0081,68.2821,4.24228,0.00237469,0.0000,0.3000,-0.001,-0.000,2.0741,0.0081,-0.0232,nan,nan
59.91,11.080,-0.0000,0.3000,0.2482,0.0362,0.0124,0.0079,-0.0233,2.0881,0.115,-0.095,0.0081,69.2001,4.176,0.00209788,0.0000,0.3000,-0.001,-0.000,2.0815,0.0080,-0.0233,nan,nan
60.01,11.100,-0.0000,0.3000,0.2489,0.0362,0.0122,0.0078,-0.0233,2.0936,0.115,-0.095,0.0081,70.1239,4.11073,0.00237469,0.0000,0.3000,-0.001,-0.000,2.0890,0.0079,-0.0233,nan,nan
60.11,11.120,-0.0000,0.3000,0.2499,0.0363,0.0119,0.0077,-0.0234,2.0996,0.115,-0.095,0.0081,71.3647,4.02546,0.00237469,0.0000,0.3000,-0.001,-0.000,2.0989,0.0077,-0.0234,nan,nan
60.21,11.140,0.0000,0.3000,0.2506,0.0364,0.0118,0.0075,-0.0234,2.1056,0.115,-0.096,0.0082,71.3647,4.02546,0.00237469,0.0000,0.3000,-0.001,-0.000,2.0989,0.0076,-0.0234,nan,nan
60.31,11.180,0.0000,0.3000,0.2517,0.0365,0.0115,0.0074,-0.0234,2.1114,0.115,-0.096,0.0082,72.3019,3.96297,0.00209788,0.0000,0.3000,-0.001,-0.000,2.1064,0.0074,-0.0234,nan,nan
60.41,11.200,0.0000,0.3000,0.2524,0.0365,0.0113,0.0073,-0.0235,2.1164,0.115,-0.096,0.0082,73.2446,3.90185,0.00237469,0.0000,0.3000,-0.001,-0.000,2.1140,0.0073,-0.0235,nan,nan
60.51,11.200,0.0000,0.3000,0.2524,0.0365,0.0113,0.0072,-0.0235,2.1175,0.115,-0.096,0.0082,73.2446,3.90185,0.00237469,0.0000,0.3000,-0.001,-0.000,2.1140,0.0073,-0.0235,nan,nan
60.61,11.220,0.0000,0.3000,0.2531,0.0366,0.0111,0.0071,-0.0235,2.1235,0.115,-0.096,0.0083,73.2446,3.90185,0.00237469,0.0000,0.3000,-0.001,-0.000,2.1140,0.0071,-0.0235,nan,nan
60.71,11.240,0.0000,0.3000,0.2542,0.0367,0.0108,0.0070,-0.0236,2.1294,0.115,-0.096,0.0083,74.5099,3.82269,0.00237469,0.0000,0.3000,-0.001,-0.000,2.1241,0.0070,-0.0236,nan,nan
60.81,11.260,0.0000,0.3000,0.2549,0.0367,0.0106,0.0068,-0.0236,2.1355,0.115,-0.096,0.0083,75.4651,3.76521,0.00209788,0.0000,0.3000,-0.001,-0.000,2.1317,0.0068,-0.0236,nan,nan
60.91,11.280,0.0000,0.3000,0.2557,0.0368,0.0105,0.0067,-0.0237,2.1414,0.115,-0.097,0.0084,75.4651,3.76521,0.00209788,0.0000,0.3000,-0.001,-0.000,2.1317,0.0067,-0.0236,nan,nan
61.01,11.320,0.0000,0.3000,0.2568,0.0368,0.0102,0.0065,-0.0237,2.1473,0.116,-0.097,0.0084,76.4254,3.70949,0.00237469,0.0000,0.3000,-0.001,-0.000,2.1394,0.0065,-0.0237,nan,nan
61.11,11.340,0.0000,0.3000,0.2575,0.0369,0.0100,0.0064,-0.0237,2.1537,0.116,-0.097,0.0084,77.7136,3.63815,0.00237469,0.0000,0.3000,-0.001,-0.000,2.1496,0.0064,-0.0237,nan,nan
61.21,11.360,0.0000,0.3000,0.2583,0.0369,0.0098,0.0062,-0.0238,2.1596,0.116,-0.097,0.0085,78.6854,3.58701,0.00209788,0.0000,0.3000,-0.001,-0.000,2.1574,0.0063,-0.0238,nan,nan
61.31,11.380,0.0000,0.3000,0.2594,0.0370,0.0095,0.0061,-0.0238,2.1656,0.116,-0.097,0.0085,78.6854,3.58701,0.00209788,0.0000,0.3000,-0.001,-0.000,2.1574,0.0061,-0.0238,nan,nan
61.41,11.400,0.0000,0.3000,0.2602,0.0371,0.0093,0.0060,-0.0238,2.1718,0.116,-0.098,0.0085,79.6619,3.53805,0.00237469,0.0000,0.3000,-0.001,-0.000,2.1651,0.0060,-0.0238,nan,nan
61.51,11.440,0.0000,0.3000,0.2609,0.0371,0.0091,0.0058,-0.0239,2.1778,0.116,-0.098,0.0086,80.9709,3.47638,0.00237469,0.0000,0.3000,-0.001,-0.000,2.1755,0.0059,-0.0239,nan,nan
61.61,11.460,0.0000,0.3000,0.2621,0.0372,0.0088,0.0057,-0.0239,2.1844,0.116,-0.098,0.0086,80.9709,3.47638,0.00237469,0.0000,0.3000,-0.001,-0.000,2.1755,0.0057,-0.0239,nan,nan
61.71,11.480,0.0000,0.3000,0.2628,0.0372,0.0086,0.0055,-0.0240,2.1907,0.116,-0.098,0.0086,81.9578,3.43302,0.00209788,0.0000,0.3000,-0.001,-0.000,2.1834,0.0056,-0.0239,nan,nan
61.81,11.500,0.0000,0.3000,0.2640,0.0373,0.0083,0.0054,-0.0240,2.1965,0.116,-0.098,0.0087,82.949,3.39229,0.00237469,0.0000,0.3000,-0.001,-0.000,2.1913,0.0054,-0.0240,nan,nan
61.91,11.520,0.0000,0.3000,0.2648,0.0373,0.0081,0.0052,-0.0240,2.2028,0.116,-0.099,0.0087,84.2767,3.34232,0.00237469,0.0000,0.3000,-0.001,-0.000,2.2018,0.0052,-0.0240,nan,nan
62.01,11.540,0.0000,0.3000,0.2656,0.0374,0.0079,0.0051,-0.0241,2.2087,0.116,-0.099,0.0087,84.2767,3.34232,0.00237469,0.0000,0.3000,-0.001,-0.000,2.2018,0.0051,-0.0240,nan,nan
62.11,11.560,0.0000,0.3000,0.2664,0.0374,0.0077,0.0049,-0.0241,2.2148,0.116,-0.099,0.0088,85.2771,3.30829,0.00209788,0.0000,0.3000,-0.001,-0.000,2.2098,0.0050,-0.0241,nan,nan
62.21,11.600,0.0000,0.3000,0.2676,0.0375,0.0074,0.0048,-0.0241,2.2210,0.116,-0.099,0.0088,86.2811,3.27737,0.00237469,0.0000,0.3000,-0.001,-0.000,2.2178,0.0048,-0.0241,nan,nan
62.31,11.620,0.0000,0.3000,0.2684,0.0375,0.0072,0.0046,-0.0241,2.2271,0.116,-0.099,0.0088,86.2811,3.27737,0.00237469,0.0000,0.3000,-0.001,-0.000,2.2178,0.0047,-0.0241,nan,nan
62.41,11.640,0.0000,0.3000,0.2692,0.0376,0.0070,0.0045,-0.0242,2.2333,0.117,-0.099,0.0089,87.6252,3.24127,0.00237469,0.0000,0.3000,-0.001,-0.000,2.2285,0.0045,-0.0242,nan,nan
62.51,11.660,0.0000,0.3000,0.2705,0.0376,0.0067,0.0043,-0.0242,2.2398,0.117,-0.100,0.0089,88.6371,3.21822,0.00209788,0.0000,0.3000,-0.001,-0.000,2.2366,0.0043,-0.0242,nan,nan
62.61,11.680,0.0000,0.3000,0.2713,0.0376,0.0065,0.0042,-0.0242,2.2463,0.117,-0.100,0.0089,88.6371,3.21822,0.00209788,0.0000,0.3000,-0.001,-0.000,2.2366,0.0042,-0.0242,nan,nan
62.71,11.700,0.0000,0.3000,0.2721,0.0377,0.0063,0.0040,-0.0242,2.2520,0.117,-0.100,0.0090,89.652,3.19883,0.00237469,0.0000,0.3000,-0.001,-0.000,2.2447,0.0041,-0.0242,nan,nan
62.81,11.740,0.0000,0.3000,0.2734,0.0377,0.0060,0.0039,-0.0243,2.2583,0.117,-0.100,0.0090,91.0098,3.17891,0.00237469,0.0000,0.3000,-0.001,-0.000,2.2556,0.0039,-0.0243,nan,nan
62.91,11.760,0.0000,0.3000,0.2743,0.0378,0.0058,0.0037,-0.0243,2.2649,0.117,-0.100,0.0090,91.0098,3.17891,0.00237469,0.0000,0.3000,-0.001,-0.000,2.2556,0.0037,-0.0243,nan,nan
63.01,11.780,0.0000,0.3000,0.2751,0.0378,0.0056,0.0036,-0.0243,2.2712,0.117,-0.101,0.0091,92.0312,3.16864,0.00209788,0.0000,0.3000,-0.001,-0.000,2.2638,0.0036,-0.0243,nan,nan
63.11,11.800,0.0000,0.3000,0.2764,0.0378,0.0053,0.0034,-0.0243,2.2776,0.117,-0.101,0.0091,93.055,3.16258,0.00237469,0.0000,0.3000,-0.001,-0.000,2.2721,0.0034,-0.0243,nan,nan
63.21,11.820,0.0000,0.3000,0.2773,0.0379,0.0051,0.0032,-0.0244,2.2842,0.117,-0.101,0.0091,94.4236,3.16134,0.00237469,0.0000,0.3000,-0.001,-0.000,2.2831,0.0033,-0.0244,nan,nan
63.31,11.840,0.0000,0.3000,0.2782,0.0379,0.0049,0.0031,-0.0244,2.2912,0.117,-0.101,0.0092,94.4236,3.16134,0.00237469,0.0000,0.3000,-0.001,-0.000,2.2831,0.0031,-0.0244,nan,nan
63.41,11.880,0.0000,0.3000,0.2795,0.0379,0.0046,0.0029,-0.0244,2.2976,0.117,-0.101,0.0092,95.4522,3.16576,0.00209788,0.0000,0.3000,-0.001,-0.000,2.2915,0.0029,-0.0244,nan,nan
63.51,11.900,0.0000,0.3000,0.2804,0.0379,0.0043,0.0028,-0.0244,2.3037,0.117,-0.102,0.0093,96.4827,3.17498,0.00237469,0.0000,0.3000,-0.001,-0.000,2.2998,0.0028,-0.0244,nan,nan
63.61,11.920,0.0000,0.3000,0.2813,0.0380,0.0041,0.0026,-0.0244,2.3099,0.118,-0.102,0.0093,96.4827,3.17498,0.00237469,0.0000,0.3000,-0.001,-0.000,2.2998,0.0027,-0.0244,nan,nan
63.71,11.940,0.0000,0.3000,0.2827,0.0380,0.0038,0.0025,-0.0245,2.3167,0.118,-0.102,0.0093,97.8588,3.19504,0.00237469,0.0000,0.3000,-0.001,-0.000,2.3111,0.0025,-0.0245,nan,nan
63.81,11.960,0.0000,0.3000,0.2836,0.0380,0.0036,0.0023,-0.0245,2.3235,0.118,-0.102,0.0094,98.8923,3.21617,0.00209788,0.0000,0.3000,-0.001,-0.000,2.3195,0.0023,-0.0245,nan,nan
63.91,11.980,0.0000,0.3000,0.2846,0.0380,0.0034,0.0021,-0.0245,2.3303,0.118,-0.102,0.0094,98.8923,3.21617,0.00209788,0.0000,0.3000,-0.001,-0.000,2.3195,0.0022,-0.0245,nan,nan
64.01,12.020,0.0124,0.3000,0.2694,0.6559,0.1034,0.0020,-0.0245,2.3364,0.118,-0.103,0.0063,99.9268,3.24273,0.00237469,0.0973,0.3000,-0.001,-0.000,2.3281,0.0020,-0.0245,nan,nan
64.11,12.040,0.0284,0.3000,0.2537,0.6572,0.1001,0.0018,-0.0245,2.3427,0.117,-0.102,0.0198,101.307,3.28692,0.00237469,0.0973,0.3000,-0.001,0.000,2.3392,0.0018,-0.0245,nan,nan
64.21,12.060,0.0444,0.3000,0.2377,0.6564,0.0967,0.0017,-0.0245,2.3484,0.117,-0.102,0.0346,102.344,3.32688,0.00209788,0.0973,0.3000,-0.002,0.001,2.3468,0.0017,-0.0245,nan,nan
64.31,12.080,0.0604,0.3000,0.2130,0.6531,0.0921,0.0015,-0.0245,2.3535,0.116,-0.102,0.0488,102.344,3.32688,0.00209788,0.0973,0.3000,-0.002,0.001,2.3468,0.0016,-0.0245,nan,nan
64.41,12.100,0.0764,0.3000,0.2003,0.5054,0.0806,0.0014,-0.0245,2.3580,0.115,-0.101,0.0609,103.381,3.37286,0.00237469,0.1022,0.3000,-0.003,0.002,2.3536,0.0015,-0.0245,nan,nan
64.51,12.120,0.0924,0.3000,0.1869,0.2529,0.0140,0.0013,-0.0245,2.3626,0.114,-0.100,0.0713,104.768,3.4438,0.00237469,0.1022,0.3000,-0.005,0.005,2.3617,0.0014,-0.0245,nan,nan
64.61,12.160,0.1022,0.3000,0.2158,0.3161,0.0156,0.0012,-0.0246,2.3675,0.112,-0.099,0.0787,104.768,3.4438,0.00237469,0.1022,0.3000,-0.005,0.005,2.3617,0.0012,-0.0246,nan,nan
64.71,12.180,0.1022,0.3000,0.2432,0.3138,0.0140,0.0011,-0.0246,2.3729,0.111,-0.098,0.0849,105.812,3.50439,0.00209788,0.1022,0.3000,-0.007,0.007,2.3676,0.0011,-0.0246,nan,nan
64.81,12.200,0.1022,0.3000,0.2705,0.3122,0.0123,0.0009,-0.0246,2.3790,0.109,-0.097,0.0928,106.857,3.57152,0.00237469,0.1056,0.3000,-0.009,0.009,2.3744,0.0010,-0.0246,nan,nan
64.91,12.220,0.1056,0.3000,0.3031,0.3112,0.0096,0.0008,-0.0246,2.3856,0.107,-0.096,0.0990,106.857,3.57152,0.00237469,0.1056,0.3000,-0.009,0.009,2.3744,0.0008,-0.0246,nan,nan
65.01,12.240,0.1056,0.3000,0.3310,0.3105,0.0076,0.0006,-0.0246,2.3933,0.105,-0.094,0.1055,108.253,3.67162,0.00237469,0.1056,0.3000,-0.012,0.012,2.3854,0.0006,-0.0246,nan,nan
65.11,12.260,0.1056,0.3000,0.3407,0.0405,0.0006,0.0004,-0.0246,2.4014,0.103,-0.093,0.1061,109.298,3.75501,0.00209788,0.1056,0.3000,-0.015,0.014,2.3949,0.0004,-0.0246,nan,nan
65.21,12.300,0.1056,0.3000,0.3431,0.0401,0.0002,0.0002,-0.0246,2.4093,0.101,-0.091,0.1067,110.341,3.84588,0.00237469,0.1101,0.3000,-0.017,0.016,2.4052,0.0002,-0.0246,nan,nan
65.31,12.320,0.1101,0.3000,0.3447,0.0399,-0.0001,-0.0000,-0.0246,2.4172,0.099,-0.090,0.1106,110.341,3.84588,0.00237469,0.1101,0.3000,-0.017,0.016,2.4052,0.0000,-0.0246,nan,nan
65.41,12.340,0.1101,0.3000,0.3436,0.0396,-0.0004,-0.0002,-0.0246,2.4255,0.097,-0.088,0.1106,111.726,3.97914,0.00237469,0.1101,0.3000,-0.020,0.019,2.4191,-0.0002,-0.0246,nan,nan
65.51,12.360,0.1101,0.3000,0.3412,0.0392,-0.0008,-0.0004,-0.0246,2.4337,0.095,-0.087,0.1106,112.761,4.08848,0.00209788,0.1101,0.3000,-0.023,0.021,2.4294,-0.0004,-0.0246,nan,nan
65.61,12.380,0.1101,0.3000,0.3396,0.0390,-0.0011,-0.0006,-0.0246,2.4418,0.093,-0.085,0.1106,112.761,4.08848,0.00209788,0.1101,0.3000,-0.023,0.021,2.4294,-0.0006,-0.0246,nan,nan
65.71,12.400,0.1101,0.3000,0.3373,0.3285,-0.0100,-0.0008,-0.0246,2.4493,0.091,-0.084,0.1163,113.792,4.20617,0.00237469,0.1159,0.3000,-0.025,0.023,2.4397,-0.0007,-0.0246,nan,nan
65.81,12.440,0.1159,0.3000,0.3357,0.0382,-0.0017,-0.0010,-0.0246,2.4573,0.088,-0.082,0.1163,115.159,4.37646,0.00237469,0.1159,0.3000,-0.029,0.026,2.4533,-0.0010,-0.0246,nan,nan
65.91,12.460,0.1159,0.3000,0.3341,0.0380,-0.0020,-0.0012,-0.0246,2.4654,0.086,-0.080,0.1163,116.179,4.51454,0.00209788,0.1159,0.3000,-0.031,0.028,2.4633,-0.0012,-0.0246,nan,nan
66.01,12.480,0.1159,0.3000,0.3326,0.0377,-0.0022,-0.0014,-0.0245,2.4734,0.084,-0.079,0.1162,116.179,4.51454,0.00209788,0.1159,0.3000,-0.031,0.028,2.4633,-0.0013,-0.0245,nan,nan
66.11,12.500,0.1159,0.3000,0.3298,0.3281,-0.0210,-0.0016,-0.0245,2.4806,0.082,-0.077,0.1219,117.195,4.66175,0.00237469,0.1216,0.3000,-0.034,0.031,2.4733,-0.0016,-0.0245,nan,nan
66.21,12.520,0.1216,0.3000,0.3289,0.0369,-0.0028,-0.0018,-0.0245,2.4889,0.079,-0.075,0.1218,118.541,4.87269,0.00237469,0.1216,0.3000,-0.038,0.033,2.4865,-0.0017,-0.0245,nan,nan
66.31,12.560,0.1216,0.3000,0.3275,0.0367,-0.0030,-0.0020,-0.0245,2.4961,0.077,-0.074,0.1217,118.541,4.87269,0.00237469,0.1216,0.3000,-0.038,0.033,2.4865,-0.0019,-0.0245,nan,nan
66.41,12.580,0.1216,0.3000,0.3254,0.0363,-0.0033,-0.0021,-0.0245,2.5039,0.075,-0.072,0.1217,119.545,5.04218,0.00209788,0.1216,0.3000,-0.041,0.036,2.4964,-0.0021,-0.0245,nan,nan
66.51,12.600,0.1216,0.3000,0.3240,0.0360,-0.0035,-0.0023,-0.0245,2.5113,0.072,-0.070,0.1255,120.543,5.22164,0.00237469,0.1272,0.3000,-0.044,0.038,2.5061,-0.0023,-0.0245,nan,nan
66.61,12.620,0.1272,0.3000,0.3219,0.0354,-0.0038,-0.0025,-0.0245,2.5191,0.070,-0.069,0.1270,120.543,5.22164,0.00237469,0.1272,0.3000,-0.044,0.038,2.5061,-0.0025,-0.0245,nan,nan
66.71,12.640,0.1272,0.3000,0.3205,0.0352,-0.0040,-0.0027,-0.0244,2.5265,0.068,-0.067,0.1269,121.866,5.47682,0.00237469,0.1272,0.3000,-0.048,0.041,2.5191,-0.0027,-0.0244,nan,nan
66.81,12.660,0.1272,0.3000,0.3192,0.0349,-0.0042,-0.0029,-0.0244,2.5335,0.065,-0.065,0.1268,122.85,5.68046,0.00209788,0.1272,0.3000,-0.051,0.043,2.5287,-0.0028,-0.0244,nan,nan
66.91,12.680,0.1272,0.3000,0.3179,0.0347,-0.0044,-0.0030,-0.0244,2.5408,0.063,-0.064,0.1267,122.85,5.68046,0.00209788,0.1272,0.3000,-0.051,0.043,2.5287,-0.0030,-0.0244,nan,nan
67.01,12.720,0.1342,0.3000,0.3159,0.0340,-0.0046,-0.0032,-0.0244,2.5477,0.061,-0.062,0.1336,123.829,5.89487,0.00237469,0.1342,0.3000,-0.054,0.045,2.5383,-0.0032,-0.0244,nan,nan
67.11,12.740,0.1342,0.3000,0.3146,0.0337,-0.0048,-0.0034,-0.0243,2.5553,0.058,-0.060,0.1335,125.124,6.19792,0.00237469,0.1342,0.3000,-0.058,0.048,2.5509,-0.0034,-0.0243,nan,nan
67.21,12.760,0.1342,0.3000,0.3133,0.0334,-0.0050,-0.0036,-0.0243,2.5628,0.055,-0.058,0.1333,126.087,6.4384,0.00209788,0.1342,0.3000,-0.061,0.050,2.5603,-0.0035,-0.0243,nan,nan
67.31,12.780,0.1342,0.3000,0.3114,0.0331,-0.0052,-0.0038,-0.0243,2.5700,0.053,-0.056,0.1332,126.087,6.4384,0.00209788,0.1342,0.3000,-0.061,0.050,2.5603,-0.0037,-0.0243,nan,nan
67.41,12.800,0.1342,0.3000,0.3102,0.0326,-0.0054,-0.0039,-0.0243,2.5772,0.050,-0.054,0.1367,127.043,6.69046,0.00237469,0.1379,0.3000,-0.065,0.053,2.5697,-0.0039,-0.0243,nan,nan
67.51,12.820,0.1379,0.3000,0.3089,0.0323,-0.0055,-0.0041,-0.0242,2.5846,0.048,-0.052,0.1366,128.308,7.04499,0.00237469,0.1379,0.3000,-0.069,0.055,2.5821,-0.0041,-0.0242,nan,nan
67.61,12.860,0.1379,0.3000,0.3071,0.0320,-0.0057,-0.0043,-0.0242,2.5920,0.045,-0.051,0.1364,128.308,7.04499,0.00237469,0.1379,0.3000,-0.069,0.055,2.5821,-0.0043,-0.0242,nan,nan
67.71,12.880,0.1379,0.3000,0.3059,0.0317,-0.0059,-0.0045,-0.0242,2.5990,0.043,-0.049,0.1362,129.247,7.32502,0.00209788,0.1379,0.3000,-0.073,0.058,2.5913,-0.0044,-0.0242,nan,nan
67.81,12.900,0.1379,0.3000,0.3047,0.0314,-0.0060,-0.0046,-0.0241,2.6057,0.040,-0.047,0.1403,130.179,7.61745,0.00237469,0.1432,0.3000,-0.076,0.060,2.6005,-0.0046,-0.0242,nan,nan
67.91,12.920,0.1432,0.3000,0.3029,0.0308,-0.0062,-0.0048,-0.0241,2.6130,0.038,-0.045,0.1410,130.179,7.61745,0.00237469,0.1432,0.3000,-0.076,0.060,2.6005,-0.0048,-0.0241,nan,nan
68.01,12.940,0.1432,0.3000,0.3018,0.0305,-0.0063,-0.0050,-0.0241,2.6199,0.035,-0.043,0.1408,131.409,8.02704,0.00237469,0.1432,0.3000,-0.081,0.063,2.6127,-0.0049,-0.0241,nan,nan
68.11,12.960,0.1432,0.3000,0.3006,0.0303,-0.0064,-0.0051,-0.0240,2.6272,0.032,-0.041,0.1406,132.323,8.34931,0.00209788,0.1432,0.3000,-0.085,0.065,2.6218,-0.0051,-0.0241,nan,nan
68.21,13.000,0.1432,0.3000,0.2989,0.0299,-0.0066,-0.0053,-0.0240,2.6340,0.030,-0.039,0.1410,133.228,8.68477,0.00237469,0.1499,0.3000,-0.089,0.067,2.6308,-0.0053,-0.0240,nan,nan
68.31,13.020,0.1499,0.3000,0.2978,0.0292,-0.0067,-0.0055,-0.0240,2.6406,0.027,-0.037,0.1467,133.228,8.68477,0.00237469,0.1499,0.3000,-0.089,0.067,2.6308,-0.0054,-0.0240,nan,nan
68.41,13.040,0.1499,0.3000,0.2967,0.0290,-0.0068,-0.0056,-0.0239,2.6471,0.024,-0.035,0.1465,134.422,9.15298,0.00237469,0.1499,0.3000,-0.094,0.070,2.6427,-0.0056,-0.0239,nan,nan
68.51,13.060,0.1499,0.3000,0.2956,0.0287,-0.0069,-0.0058,-0.0239,2.6542,0.022,-0.033,0.1462,135.307,9.52014,0.00209788,0.1499,0.3000,-0.098,0.072,2.6516,-0.0057,-0.0239,nan,nan
68.61,13.080,0.1499,0.3000,0.2939,0.0283,-0.0071,-0.0060,-0.0238,2.6613,0.019,-0.031,0.1460,135.307,9.52014,0.00209788,0.1499,0.3000,-0.098,0.072,2.6516,-0.0059,-0.0239,nan,nan
68.71,13.100,0.1499,0.3000,0.2831,0.0282,-0.0072,-0.0061,-0.0238,2.6673,0.016,-0.029,0.1492,136.183,9.90128,0.00237469,0.1534,0.2889,-0.102,0.074,2.6604,-0.0061,-0.0238,nan,nan
68.81,13.120,0.1534,0.2889,0.2810,0.0280,-0.0073,-0.0063,-0.0238,2.6741,0.013,-0.027,0.1489,137.337,10.4316,0.00237469,0.1534,0.2889,-0.107,0.077,2.6719,-0.0062,-0.0238,nan,nan
68.91,13.160,0.1534,0.2889,0.2795,0.0277,-0.0075,-0.0064,-0.0237,2.6808,0.010,-0.025,0.1487,137.337,10.4316,0.00237469,0.1534,0.2889,-0.107,0.077,2.6719,-0.0064,-0.0237,nan,nan
69.01,13.180,0.1534,0.2889,0.2785,0.0274,-0.0076,-0.0066,-0.0237,2.6875,0.008,-0.023,0.1484,138.193,10.8462,0.00209788,0.1534,0.2889,-0.111,0.079,2.6803,-0.0065,-0.0237,nan,nan
69.11,13.200,0.1534,0.2889,0.2776,0.0272,-0.0077,-0.0067,-0.0236,2.6938,0.005,-0.021,0.1529,139.039,11.2756,0.00237469,0.1583,0.2479,-0.115,0.081,2.6887,-0.0067,-0.0237,nan,nan
69.21,13.220,0.1583,0.2734,0.2475,0.0277,-0.0080,-0.0069,-0.0236,2.7000,0.002,-0.019,0.1526,140.153,11.8712,0.00237469,0.1583,0.2479,-0.121,0.084,2.6994,-0.0069,-0.0236,nan,nan
69.31,13.240,0.1583,0.2534,0.2363,0.0414,0.0368,-0.0070,-0.0236,2.7054,-0.001,-0.017,0.1526,140.153,11.8712,0.00237469,0.1583,0.2479,-0.121,0.084,2.6994,-0.0070,-0.0236,nan,nan
69.41,13.260,0.1583,0.2479,0.2356,0.0414,0.0365,-0.0071,-0.0235,2.7109,-0.004,-0.015,0.1525,140.979,12.3356,0.00209788,0.1583,0.2479,-0.125,0.086,2.7066,-0.0071,-0.0235,nan,nan
69.51,13.300,0.1583,0.2479,0.2345,0.0406,0.0374,-0.0073,-0.0235,2.7165,-0.007,-0.013,0.1547,141.797,12.8151,0.00237469,0.1628,0.2104,-0.130,0.088,2.7136,-0.0072,-0.0235,nan,nan
69.61,13.320,0.1628,0.2324,0.2150,0.0749,0.1409,-0.0074,-0.0234,2.7213,-0.010,-0.011,0.1571,141.797,12.8151,0.00237469,0.1628,0.2104,-0.130,0.088,2.7136,-0.0074,-0.0235,nan,nan
69.71,13.340,0.1628,0.2128,0.1976,0.0178,0.0633,-0.0075,-0.0234,2.7260,-0.013,-0.009,0.1571,142.876,13.4785,0.00237469,0.1628,0.2104,-0.135,0.090,2.7225,-0.0074,-0.0234,nan,nan
69.81,13.360,0.1628,0.2104,0.1968,0.0401,0.0280,-0.0076,-0.0234,2.7307,-0.016,-0.007,0.1570,143.678,13.9941,0.00209788,0.1628,0.2104,-0.140,0.092,2.7285,-0.0076,-0.0234,nan,nan
69.91,13.380,0.1628,0.2104,0.1963,0.0400,0.0279,-0.0077,-0.0233,2.7352,-0.019,-0.005,0.1570,143.678,13.9941,0.00209788,0.1628,0.2104,-0.140,0.092,2.7285,-0.0077,-0.0234,nan,nan
70.01,13.400,0.1628,0.2104,0.1864,0.0748,0.1305,-0.0078,-0.0233,2.7390,-0.022,-0.003,0.1609,144.473,14.5255,0.00237469,0.1666,0.1791,-0.144,0.094,2.7344,-0.0078,-0.0233,nan,nan
70.11,13.420,0.1666,0.1949,0.1674,0.0744,0.1252,-0.0079,-0.0233,2.7430,-0.025,-0.001,0.1612,145.524,15.2586,0.00237469,0.1666,0.1791,-0.150,0.097,2.7418,-0.0078,-0.0233,nan,nan
70.21,13.460,0.1666,0.1791,0.1655,0.0383,0.0225,-0.0080,-0.0233,2.7469,-0.028,0.001,0.1611,145.524,15.2586,0.00237469,0.1666,0.1791,-0.150,0.097,2.7418,-0.0080,-0.0233,nan,nan
70.31,13.480,0.1666,0.1791,0.1649,0.0306,0.0068,-0.0081,-0.0232,2.7507,-0.032,0.002,0.1610,146.306,15.827,0.00209788,0.1666,0.1791,-0.155,0.099,2.7468,-0.0080,-0.0232,nan,nan
70.41,13.500,0.1666,0.1791,0.1640,0.0299,0.0268,-0.0081,-0.0232,2.7540,-0.034,0.004,0.1640,147.083,16.4116,0.00237469,0.1697,0.1532,-0.160,0.101,2.7517,-0.0081,-0.0232,nan,nan
70.51,13.520,0.1697,0.1636,0.1309,0.0954,0.1017,-0.0082,-0.0232,2.7573,-0.038,0.006,0.1616,147.083,16.4116,0.00237469,0.1697,0.1532,-0.160,0.101,2.7517,-0.0082,-0.0232,nan,nan
70.61,13.540,0.1697,0.1532,0.1258,0.0389,0.0106,-0.0083,-0.0231,2.7602,-0.041,0.007,0.1616,148.112,17.2165,0.00237469,0.1697,0.1532,-0.166,0.103,2.7577,-0.0083,-0.0231,nan,nan
70.71,13.560,0.1697,0.1532,0.1256,0.0389,0.0105,-0.0084,-0.0231,2.7632,-0.045,0.009,0.1615,148.88,17.8392,0.00209788,0.1697,0.1532,-0.171,0.105,2.7614,-0.0083,-0.0231,nan,nan
70.81,13.580,0.1697,0.1532,0.1255,0.0388,0.0104,-0.0084,-0.0231,2.7661,-0.048,0.011,0.1615,149.645,18.4784,0.00237469,0.1721,0.1325,-0.175,0.107,2.7651,-0.0084,-0.0231,nan,nan
70.91,13.620,0.1721,0.1377,0.1088,0.0950,0.0945,-0.0085,-0.0231,2.7687,-0.051,0.012,0.1650,149.645,18.4784,0.00237469,0.1721,0.1325,-0.175,0.107,2.7651,-0.0085,-0.0231,nan,nan
71.01,13.640,0.1721,0.1325,0.1081,0.0384,0.0068,-0.0085,-0.0231,2.7712,-0.055,0.014,0.1650,150.66,19.3567,0.00237469,0.1721,0.1325,-0.182,0.110,2.7698,-0.0085,-0.0231,nan,nan
71.11,13.660,0.1721,0.1325,0.1080,0.0384,0.0067,-0.0086,-0.0230,2.7738,-0.058,0.016,0.1650,151.419,20.0349,0.00209788,0.1721,0.1325,-0.187,0.111,2.7730,-0.0086,-0.0230,nan,nan
71.21,13.680,0.1721,0.1325,0.1078,0.0384,0.0066,-0.0087,-0.0230,2.7764,-0.062,0.017,0.1650,151.419,20.0349,0.00209788,0.1721,0.1325,-0.187,0.111,2.7730,-0.0086,-0.0230,nan,nan
71.31,13.700,0.1721,0.1325,0.0995,0.0949,0.0905,-0.0087,-0.0230,2.7787,-0.065,0.019,0.1677,152.175,20.7301,0.00237469,0.1741,0.1162,-0.191,0.113,2.7762,-0.0087,-0.0230,nan,nan
71.41,13.720,0.1741,0.1179,0.0944,0.0381,0.0038,-0.0088,-0.0230,2.7807,-0.069,0.020,0.1677,153.181,21.6837,0.00237469,0.1741,0.1162,-0.198,0.116,2.7803,-0.0087,-0.0230,nan,nan
71.51,13.760,0.1741,0.1162,0.0942,0.0380,0.0037,-0.0088,-0.0229,2.7830,-0.072,0.022,0.1677,153.181,21.6837,0.00237469,0.1741,0.1162,-0.198,0.116,2.7803,-0.0088,-0.0229,nan,nan
71.61,13.780,0.1741,0.1162,0.0941,0.0380,0.0036,-0.0089,-0.0229,2.7851,-0.076,0.023,0.1677,153.933,22.4191,0.00209788,0.1741,0.1162,-0.203,0.118,2.7831,-0.0088,-0.0229,nan,nan
71.71,13.800,0.1741,0.1162,0.0940,0.0380,0.0035,-0.0089,-0.0229,2.7870,-0.079,0.025,0.1700,154.684,23.1719,0.00237469,0.1762,0.0983,-0.208,0.119,2.7859,-0.0089,-0.0229,nan,nan
71.81,13.820,0.1762,0.1010,0.0794,0.0377,0.0007,-0.0089,-0.0229,2.7889,-0.082,0.026,0.1708,154.684,23.1719,0.00237469,0.1762,0.0983,-0.208,0.119,2.7859,-0.0089,-0.0229,nan,nan
71.91,13.840,0.1762,0.0983,0.0793,0.0377,0.0005,-0.0090,-0.0229,2.7909,-0.086,0.028,0.1708,155.682,24.203,0.00237469,0.1762,0.0983,-0.214,0.122,2.7894,-0.0090,-0.0229,nan,nan
72.01,13.860,0.1762,0.0983,0.0793,0.0377,0.0005,-0.0090,-0.0229,2.7927,-0.090,0.030,0.1708,156.43,24.9971,0.00209788,0.1762,0.0983,-0.219,0.124,2.7917,-0.0090,-0.0229,nan,nan
72.11,13.880,0.1762,0.0983,0.0792,0.0376,0.0004,-0.0091,-0.0228,2.7946,-0.094,0.031,0.1708,156.43,24.9971,0.00209788,0.1762,0.0983,-0.219,0.124,2.7917,-0.0091,-0.0229,nan,nan
72.21,13.900,0.1762,0.0983,0.0726,0.0375,-0.0009,-0.0091,-0.0228,2.7962,-0.097,0.033,0.1722,157.176,25.8092,0.00237469,0.1772,0.0901,-0.224,0.125,2.7941,-0.0091,-0.0228,nan,nan
72.31,13.940,0.1772,0.0901,0.0725,0.0375,-0.0010,-0.0091,-0.0228,2.7978,-0.101,0.034,0.1722,158.171,26.92,0.00237469,0.1772,0.0901,-0.231,0.128,2.7971,-0.0091,-0.0228,nan,nan
72.41,13.960,0.1772,0.0901,0.0724,0.0375,-0.0011,-0.0092,-0.0228,2.7995,-0.104,0.035,0.1722,158.171,26.92,0.00237469,0.1772,0.0901,-0.231,0.128,2.7971,-0.0092,-0.0228,nan,nan
72.51,13.980,0.1772,0.0901,0.0723,0.0375,-0.0011,-0.0092,-0.0228,2.8013,-0.108,0.037,0.1722,158.916,27.7745,0.00209788,0.1772,0.0901,-0.236,0.130,2.7992,-0.0092,-0.0228,nan,nan
72.61,14.000,0.1772,0.0901,0.0642,0.0941,0.0778,-0.0093,-0.0228,2.8028,-0.112,0.038,0.1740,159.66,28.6473,0.00237469,0.1785,0.0797,-0.241,0.131,2.8014,-0.0093,-0.0228,nan,nan
72.71,14.020,0.1785,0.0797,0.0639,0.0373,-0.0029,-0.0093,-0.0228,2.8042,-0.115,0.040,0.1740,160.652,29.8402,0.00237469,0.1785,0.0797,-0.248,0.134,2.8041,-0.0093,-0.0228,nan,nan
72.81,14.040,0.1785,0.0797,0.0638,0.0373,-0.0030,-0.0093,-0.0227,2.8057,-0.119,0.041,0.1740,160.652,29.8402,0.00237469,0.1785,0.0797,-0.248,0.134,2.8041,-0.0093,-0.0227,nan,nan
72.91,14.060,0.1785,0.0797,0.0638,0.0373,-0.0030,-0.0094,-0.0227,2.8072,-0.123,0.043,0.1740,161.395,30.7567,0.00209788,0.1785,0.0797,-0.253,0.136,2.8060,-0.0093,-0.0227,nan,nan
73.01,14.100,0.1785,0.0797,0.0637,0.0372,-0.0031,-0.0094,-0.0227,2.8086,-0.127,0.044,0.1752,162.139,31.6921,0.00237469,0.1796,0.0703,-0.258,0.137,2.8079,-0.0094,-0.0227,nan,nan
73.11,14.120,0.1796,0.0703,0.0561,0.0371,-0.0046,-0.0094,-0.0227,2.8099,-0.130,0.046,0.1756,162.139,31.6921,0.00237469,0.1796,0.0703,-0.258,0.137,2.8079,-0.0094,-0.0227,nan,nan
73.21,14.140,0.1796,0.0703,0.0561,0.0371,-0.0046,-0.0095,-0.0227,2.8113,-0.134,0.047,0.1756,163.129,32.9692,0.00237469,0.1796,0.0703,-0.264,0.140,2.8103,-0.0094,-0.0227,nan,nan
73.31,14.160,0.1796,0.0703,0.0561,0.0371,-0.0047,-0.0095,-0.0227,2.8126,-0.138,0.049,0.1756,163.873,33.9494,0.00209788,0.1796,0.0703,-0.269,0.141,2.8120,-0.0095,-0.0227,nan,nan
73.41,14.180,0.1796,0.0703,0.0560,0.0371,-0.0048,-0.0095,-0.0227,2.8139,-0.142,0.050,0.1756,163.873,33.9494,0.00209788,0.1796,0.0703,-0.269,0.141,2.8120,-0.0095,-0.0227,nan,nan
73.51,14.200,0.1796,0.0703,0.0494,0.0405,0.0024,-0.0095,-0.0227,2.8151,-0.146,0.051,0.1771,164.616,34.9492,0.00237469,0.1806,0.0621,-0.275,0.143,2.8136,-0.0095,-0.0227,nan,nan
73.61,14.240,0.1806,0.0621,0.0494,0.0369,-0.0061,-0.0096,-0.0226,2.8162,-0.150,0.053,0.1771,165.608,36.3127,0.00237469,0.1806,0.0621,-0.281,0.145,2.8157,-0.0096,-0.0226,nan,nan
73.71,14.260,0.1806,0.0621,0.0494,0.0369,-0.0062,-0.0096,-0.0226,2.8173,-0.153,0.054,0.1771,165.608,36.3127,0.00237469,0.1806,0.0621,-0.281,0.145,2.8157,-0.0096,-0.0226,nan,nan
73.81,14.280,0.1806,0.0621,0.0493,0.0369,-0.0062,-0.0096,-0.0226,2.8185,-0.157,0.056,0.1771,166.352,37.3584,0.00209788,0.1806,0.0621,-0.287,0.147,2.8172,-0.0096,-0.0226,nan,nan
73.91,14.300,0.1806,0.0621,0.0435,0.0368,-0.0074,-0.0096,-0.0226,2.8196,-0.161,0.057,0.1783,167.097,38.4241,0.00237469,0.1814,0.0548,-0.292,0.149,2.8186,-0.0096,-0.0226,nan,nan
74.01,14.320,0.1814,0.0548,0.0435,0.0368,-0.0074,-0.0097,-0.0226,2.8206,-0.165,0.059,0.1783,168.091,39.8763,0.00237469,0.1814,0.0548,-0.299,0.151,2.8205,-0.0097,-0.0226,nan,nan
74.11,14.340,0.1814,0.0548,0.0435,0.0368,-0.0074,-0.0097,-0.0226,2.8217,-0.169,0.060,0.1783,168.091,39.8763,0.00237469,0.1814,0.0548,-0.299,0.151,2.8205,-0.0097,-0.0226,nan,nan
74.21,14.380,0.1814,0.0548,0.0435,0.0368,-0.0075,-0.0097,-0.0226,2.8227,-0.173,0.061,0.1783,168.837,40.9892,0.00209788,0.1814,0.0548,-0.304,0.153,2.8218,-0.0097,-0.0226,nan,nan
74.31,14.400,0.1814,0.0548,0.0434,0.0368,-0.0075,-0.0097,-0.0226,2.8237,-0.177,0.063,0.1794,169.585,42.1225,0.00237469,0.1822,0.0485,-0.309,0.155,2.8231,-0.0097,-0.0226,nan,nan
74.41,14.420,0.1822,0.0485,0.0384,0.0367,-0.0085,-0.0098,-0.0226,2.8246,-0.181,0.064,0.1794,169.585,42.1225,0.00237469,0.1822,0.0485,-0.309,0.155,2.8231,-0.0097,-0.0226,nan,nan
74.51,14.440,0.1822,0.0485,0.0383,0.0369,-0.0085,-0.0098,-0.0226,2.8255,-0.185,0.066,0.1795,170.582,43.6658,0.00237469,0.1822,0.0485,-0.316,0.157,2.8247,-0.0098,-0.0226,nan,nan
74.61,14.460,0.1822,0.0485,0.0383,0.0369,-0.0085,-0.0098,-0.0225,2.8264,-0.189,0.067,0.1795,171.332,44.8476,0.00209788,0.1822,0.0485,-0.321,0.159,2.8258,-0.0098,-0.0225,nan,nan
74.71,14.480,0.1822,0.0485,0.0382,0.0370,-0.0085,-0.0098,-0.0225,2.8273,-0.193,0.068,0.1795,171.332,44.8476,0.00209788,0.1822,0.0485,-0.321,0.159,2.8258,-0.0098,-0.0225,nan,nan
74.81,14.520,0.1831,0.0413,0.0325,0.0372,-0.0096,-0.0098,-0.0225,2.8280,-0.196,0.070,0.1807,172.083,46.0503,0.00237469,0.1831,0.0413,-0.326,0.160,2.8270,-0.0098,-0.0225,nan,nan
74.91,14.540,0.1831,0.0413,0.0325,0.0379,-0.0095,-0.0098,-0.0225,2.8287,-0.200,0.071,0.1808,173.086,47.687,0.00237469,0.1831,0.0413,-0.333,0.163,2.8284,-0.0098,-0.0225,nan,nan
75.01,14.560,0.1831,0.0413,0.0324,0.0397,-0.0090,-0.0099,-0.0225,2.8294,-0.204,0.072,0.1808,173.086,47.687,0.00237469,0.1831,0.0413,-0.333,0.163,2.8284,-0.0099,-0.0225,nan,nan
75.11,14.580,0.1831,0.0413,0.0296,0.0366,-0.0104,-0.0099,-0.0225,2.8301,-0.208,0.074,0.1818,173.839,48.9393,0.00209788,0.1831,0.0413,-0.338,0.164,2.8293,-0.0099,-0.0225,nan,nan
75.21,14.600,0.1831,0.0413,0.0272,0.0365,-0.0108,-0.0099,-0.0225,2.8308,-0.212,0.075,0.1823,174.595,50.2132,0.00237469,0.1834,0.0381,-0.344,0.166,2.8302,-0.0099,-0.0225,nan,nan
75.31,14.620,0.1834,0.0381,0.0272,0.0365,-0.0109,-0.0099,-0.0225,2.8315,-0.216,0.076,0.1823,175.604,51.9454,0.00237469,0.1834,0.0381,-0.351,0.168,2.8314,-0.0099,-0.0225,nan,nan
75.41,14.640,0.1834,0.0381,0.0272,0.0365,-0.0109,-0.0099,-0.0225,2.8321,-0.220,0.078,0.1823,175.604,51.9454,0.00237469,0.1834,0.0381,-0.351,0.168,2.8314,-0.0099,-0.0225,nan,nan
75.51,14.680,0.1834,0.0381,0.0272,0.0365,-0.0109,-0.0099,-0.0225,2.8327,-0.224,0.079,0.1823,176.364,53.2701,0.00209788,0.1834,0.0381,-0.356,0.170,2.8322,-0.0099,-0.0225,nan,nan
75.61,14.700,0.1834,0.0381,0.0272,0.0365,-0.0109,-0.0099,-0.0225,2.8333,-0.228,0.080,0.1829,177.125,54.6168,0.00237469,0.1839,0.0342,-0.361,0.172,2.8330,-0.0099,-0.0225,nan,nan
75.71,14.720,0.1839,0.0342,0.0244,0.0365,-0.0115,-0.0100,-0.0225,2.8339,-0.232,0.082,0.1829,177.125,54.6168,0.00237469,0.1839,0.0342,-0.361,0.172,2.8330,-0.0100,-0.0225,nan,nan
75.81,14.740,0.1839,0.0342,0.0244,0.0365,-0.0115,-0.0100,-0.0225,2.8345,-0.236,0.083,0.1829,178.143,56.4469,0.00237469,0.1839,0.0342,-0.368,0.174,2.8340,-0.0100,-0.0225,nan,nan
75.91,14.760,0.1839,0.0342,0.0244,0.0365,-0.0115,-0.0100,-0.0225,2.8351,-0.240,0.084,0.1829,178.908,57.8456,0.00209788,0.1839,0.0342,-0.373,0.175,2.8347,-0.0100,-0.0225,nan,nan
76.01,14.780,0.1839,0.0342,0.0244,0.0364,-0.0115,-0.0100,-0.0225,2.8356,-0.245,0.086,0.1829,179.676,59.2668,0.00237469,0.1839,0.0342,-0.379,0.177,2.8355,-0.0100,-0.0225,nan,nan
76.11,14.820,0.1843,0.0307,0.0219,0.0364,-0.0120,-0.0100,-0.0224,2.8361,-0.248,0.087,0.1834,179.676,59.2668,0.00237469,0.1843,0.0307,-0.379,0.177,2.8355,-0.0100,-0.0224,nan,nan
76.21,14.840,0.1843,0.0307,0.0219,0.0364,-0.0120,-0.0100,-0.0224,2.8367,-0.253,0.088,0.1834,180.703,61.1973,0.00237469,0.1843,0.0307,-0.386,0.179,2.8364,-0.0100,-0.0224,nan,nan
76.31,14.860,0.1843,0.0307,0.0219,0.0364,-0.0120,-0.0100,-0.0224,2.8372,-0.257,0.090,0.1834,181.475,62.6719,0.00209788,0.1843,0.0307,-0.391,0.181,2.8370,-0.0100,-0.0224,nan,nan
76.41,14.880,0.1843,0.0307,0.0219,0.0364,-0.0120,-0.0100,-0.0224,2.8377,-0.261,0.091,0.1834,181.475,62.6719,0.00209788,0.1843,0.0307,-0.391,0.181,2.8370,-0.0100,-0.0224,nan,nan
76.51,14.900,0.1843,0.0307,0.0197,0.0364,-0.0125,-0.0101,-0.0224,2.8382,-0.265,0.092,0.1838,182.25,64.1696,0.00237469,0.1847,0.0276,-0.396,0.183,2.8377,-0.0101,-0.0224,nan,nan
76.61,14.920,0.1847,0.0276,0.0197,0.0364,-0.0124,-0.0101,-0.0224,2.8386,-0.269,0.094,0.1839,183.286,66.2028,0.00237469,0.1847,0.0276,-0.403,0.185,2.8385,-0.0101,-0.0224,nan,nan
76.71,14.960,0.1847,0.0276,0.0198,0.0368,-0.0128,-0.0101,-0.0224,2.8391,-0.273,0.095,0.1839,183.286,66.2028,0.00237469,0.1847,0.0276,-0.403,0.185,2.8385,-0.0101,-0.0224,nan,nan
76.81,14.980,0.1847,0.0276,0.0198,0.0373,-0.0131,-0.0101,-0.0224,2.8396,-0.277,0.096,0.1839,184.066,67.7551,0.00209788,0.1847,0.0276,-0.408,0.186,2.8391,-0.0101,-0.0224,nan,nan
76.91,15.000,0.1847,0.0276,0.0200,0.0410,-0.0159,-0.0101,-0.0224,2.8400,-0.281,0.098,0.1848,184.849,69.3311,0.00237469,0.1850,0.0248,-0.414,0.188,2.8397,-0.0101,-0.0224,nan,nan
77.01,15.020,0.1850,0.0248,0.0195,0.0363,-0.0127,-0.0101,-0.0224,2.8405,-0.286,0.099,0.1848,185.895,71.4696,0.00237469,0.1850,0.0248,-0.421,0.190,2.8404,-0.0101,-0.0224,nan,nan
77.11,15.040,0.1850,0.0248,0.0195,0.0363,-0.0127,-0.0101,-0.0224,2.8409,-0.290,0.100,0.1848,185.895,71.4696,0.00237469,0.1850,0.0248,-0.421,0.190,2.8404,-0.0101,-0.0224,nan,nan
77.21,15.080,0.1850,0.0248,0.0195,0.0363,-0.0127,-0.0101,-0.0224,2.8414,-0.294,0.102,0.1848,186.683,73.1016,0.00209788,0.1850,0.0248,-0.426,0.192,2.8410,-0.0101,-0.0224,nan,nan
77.31,15.100,0.1850,0.0248,0.0195,0.0363,-0.0127,-0.0101,-0.0224,2.8418,-0.298,0.103,0.1851,187.473,74.7578,0.00237469,0.1853,0.0222,-0.431,0.194,2.8416,-0.0101,-0.0224,nan,nan
77.41,15.120,0.1853,0.0222,0.0174,0.0363,-0.0131,-0.0102,-0.0224,2.8423,-0.302,0.104,0.1851,187.473,74.7578,0.00237469,0.1853,0.0222,-0.431,0.194,2.8416,-0.0101,-0.0224,nan,nan
77.51,15.140,0.1853,0.0222,0.0174,0.0363,-0.0132,-0.0102,-0.0224,2.8427,-0.306,0.106,0.1851,188.53,77.0042,0.00237469,0.1853,0.0222,-0.438,0.196,2.8423,-0.0102,-0.0224,nan,nan
77.61,15.160,0.1853,0.0222,0.0174,0.0363,-0.0132,-0.0102,-0.0224,2.8431,-0.311,0.107,0.1851,189.326,78.7178,0.00209788,0.1853,0.0222,-0.444,0.197,2.8429,-0.0102,-0.0224,nan,nan
77.71,15.180,0.1853,0.0222,0.0174,0.0363,-0.0132,-0.0102,-0.0224,2.8435,-0.315,0.108,0.1851,190.124,80.4561,0.00237469,0.1856,0.0197,-0.449,0.199,2.8434,-0.0102,-0.0224,nan,nan
77.81,15.220,0.1856,0.0197,0.0154,0.0363,-0.0136,-0.0102,-0.0224,2.8439,-0.319,0.110,0.1854,190.124,80.4561,0.00237469,0.1856,0.0197,-0.449,0.199,2.8434,-0.0102,-0.0224,nan,nan
77.91,15.240,0.1856,0.0197,0.0154,0.0363,-0.0136,-0.0102,-0.0224,2.8442,-0.323,0.111,0.1854,191.192,82.813,0.00237469,0.1856,0.0197,-0.456,0.201,2.8440,-0.0102,-0.0224,nan,nan
78.01,15.260,0.1856,0.0197,0.0154,0.0362,-0.0136,-0.0102,-0.0224,2.8445,-0.326,0.112,0.1854,191.192,82.813,0.00237469,0.1856,0.0197,-0.456,0.201,2.8440,-0.0102,-0.0224,nan,nan
78.11,15.280,0.1856,0.0197,0.0154,0.0362,-0.0136,-0.0102,-0.0224,2.8449,-0.331,0.113,0.1854,191.997,84.61,0.00209788,0.1856,0.0197,-0.462,0.203,2.8445,-0.0102,-0.0224,nan,nan
78.21,15.300,0.1856,0.0197,0.0137,0.0362,-0.0140,-0.0102,-0.0224,2.8452,-0.335,0.115,0.1857,192.803,86.4325,0.00237469,0.1859,0.0175,-0.467,0.205,2.8449,-0.0102,-0.0224,nan,nan
78.31,15.320,0.1859,0.0175,0.0137,0.0362,-0.0140,-0.0102,-0.0224,2.8456,-0.339,0.116,0.1857,193.883,88.9023,0.00237469,0.1859,0.0175,-0.474,0.207,2.8455,-0.0102,-0.0224,nan,nan
78.41,15.340,0.1859,0.0175,0.0137,0.0362,-0.0140,-0.0102,-0.0224,2.8459,-0.343,0.117,0.1857,193.883,88.9023,0.00237469,0.1859,0.0175,-0.474,0.207,2.8455,-0.0102,-0.0224,nan,nan
78.51,15.380,0.1859,0.0175,0.0137,0.0362,-0.0140,-0.0102,-0.0223,2.8462,-0.347,0.118,0.1857,194.697,90.7848,0.00209788,0.1859,0.0175,-0.479,0.208,2.8459,-0.0102,-0.0223,nan,nan
78.61,15.400,0.1859,0.0175,0.0137,0.0362,-0.0140,-0.0102,-0.0223,2.8465,-0.351,0.120,0.1860,195.513,92.6933,0.00237469,0.1861,0.0155,-0.485,0.210,2.8463,-0.0102,-0.0223,nan,nan
78.71,15.420,0.1861,0.0155,0.0121,0.0362,-0.0143,-0.0103,-0.0223,2.8468,-0.356,0.121,0.1860,195.513,92.6933,0.00237469,0.1861,0.0155,-0.485,0.210,2.8463,-0.0102,-0.0223,nan,nan
78.81,15.440,0.1861,0.0155,0.0121,0.0362,-0.0143,-0.0103,-0.0223,2.8471,-0.360,0.122,0.1860,196.605,95.2787,0.00237469,0.1861,0.0155,-0.492,0.212,2.8468,-0.0103,-0.0223,nan,nan
78.91,15.460,0.1861,0.0155,0.0121,0.0362,-0.0143,-0.0103,-0.0223,2.8474,-0.364,0.124,0.1860,197.428,97.2485,0.00209788,0.1861,0.0155,-0.497,0.214,2.8472,-0.0103,-0.0223,nan,nan
79.01,15.500,0.1861,0.0155,0.0121,0.0362,-0.0143,-0.0103,-0.0223,2.8477,-0.368,0.125,0.1860,198.253,99.245,0.00237469,0.1863,0.0138,-0.502,0.215,2.8476,-0.0103,-0.0223,nan,nan
79.11,15.520,0.1863,0.0138,0.0108,0.0362,-0.0146,-0.0103,-0.0223,2.8479,-0.372,0.126,0.1862,198.253,99.245,0.00237469,0.1863,0.0138,-0.502,0.215,2.8476,-0.0103,-0.0223,nan,nan
79.21,15.540,0.1863,0.0138,0.0108,0.0362,-0.0146,-0.0103,-0.0223,2.8482,-0.376,0.127,0.1862,199.359,101.949,0.00237469,0.1863,0.0138,-0.510,0.218,2.8480,-0.0103,-0.0223,nan,nan
79.31,15.560,0.1863,0.0138,0.0108,0.0362,-0.0146,-0.0103,-0.0223,2.8484,-0.380,0.129,0.1862,200.191,104.008,0.00209788,0.1863,0.0138,-0.515,0.219,2.8483,-0.0103,-0.0223,nan,nan
79.41,15.580,0.1863,0.0138,0.0108,0.0362,-0.0146,-0.0103,-0.0223,2.8487,-0.385,0.130,0.1862,200.191,104.008,0.00209788,0.1863,0.0138,-0.515,0.219,2.8483,-0.0103,-0.0223,nan,nan
79.51,15.600,0.1863,0.0138,0.0096,0.0362,-0.0149,-0.0103,-0.0223,2.8489,-0.389,0.131,0.1864,201.027,106.094,0.00237469,0.1865,0.0123,-0.520,0.221,2.8486,-0.0103,-0.0223,nan,nan
79.61,15.620,0.1865,0.0123,0.0096,0.0362,-0.0149,-0.0103,-0.0223,2.8491,-0.393,0.133,0.1864,202.146,108.919,0.00237469,0.1865,0.0123,-0.527,0.223,2.8490,-0.0103,-0.0223,nan,nan
79.71,15.660,0.1865,0.0123,0.0096,0.0362,-0.0149,-0.0103,-0.0223,2.8493,-0.397,0.134,0.1864,202.146,108.919,0.00237469,0.1865,0.0123,-0.527,0.223,2.8490,-0.0103,-0.0223,nan,nan
79.81,15.680,0.1865,0.0123,0.0096,0.0362,-0.0149,-0.0103,-0.0223,2.8496,-0.401,0.135,0.1864,202.989,111.069,0.00209788,0.1865,0.0123,-0.533,0.225,2.8493,-0.0103,-0.0223,nan,nan
79.91,15.700,0.1865,0.0123,0.0096,0.0361,-0.0149,-0.0103,-0.0223,2.8498,-0.405,0.136,0.1865,203.835,113.248,0.00237469,0.1867,0.0109,-0.538,0.226,2.8496,-0.0103,-0.0223,nan,nan
80.01,15.720,0.1867,0.0109,0.0085,0.0361,-0.0151,-0.0103,-0.0223,2.8500,-0.409,0.138,0.1865,203.835,113.248,0.00237469,0.1867,0.0109,-0.538,0.226,2.8496,-0.0103,-0.0223,nan,nan
80.11,15.740,0.1867,0.0109,0.0085,0.0361,-0.0151,-0.0103,-0.0223,2.8502,-0.414,0.139,0.1865,204.968,116.196,0.00237469,0.1867,0.0109,-0.545,0.228,2.8500,-0.0103,-0.0223,nan,nan
80.21,15.780,0.1867,0.0109,0.0085,0.0361,-0.0151,-0.0103,-0.0223,2.8504,-0.418,0.140,0.1865,205.822,118.44,0.00209788,0.1867,0.0109,-0.551,0.230,2.8502,-0.0103,-0.0223,nan,nan
80.31,15.800,0.1867,0.0109,0.0085,0.0361,-0.0151,-0.0103,-0.0223,2.8506,-0.422,0.141,0.1849,206.679,120.712,0.00237469,0.1629,-0.2096,-0.556,0.231,2.8505,-0.0103,-0.0223,nan,nan
80.41,15.820,0.1743,-0.0046,-0.0071,-0.7546,0.0528,-0.0103,-0.0223,2.8505,-0.426,0.143,0.1684,206.679,120.712,0.00237469,0.1629,-0.2096,-0.556,0.231,2.8505,-0.0103,-0.0223,nan,nan
80.51,15.840,0.1629,-0.0246,-0.0227,0.0182,-0.0084,-0.0103,-0.0223,2.8501,-0.429,0.143,0.1628,207.827,123.786,0.00237469,0.1629,-0.2096,-0.563,0.234,2.8505,-0.0103,-0.0223,nan,nan
80.61,15.860,0.1629,-0.0446,-0.0383,0.0191,-0.0088,-0.0103,-0.0223,2.8494,-0.432,0.144,0.1624,208.694,126.125,0.00209788,0.1629,-0.2096,-0.567,0.235,2.8498,-0.0103,-0.0223,nan,nan
80.71,15.880,0.1629,-0.0646,-0.0540,0.0201,-0.0093,-0.0103,-0.0223,2.8483,-0.436,0.145,0.1621,208.694,126.125,0.00209788,0.1629,-0.2096,-0.567,0.235,2.8498,-0.0103,-0.0223,nan,nan
80.81,15.900,0.1629,-0.0846,-0.0696,0.0210,-0.0096,-0.0103,-0.0223,2.8468,-0.439,0.146,0.1617,209.567,128.493,0.00237469,0.1628,-0.2105,-0.572,0.236,2.8483,-0.0103,-0.0223,nan,nan
80.91,15.920,0.1628,-0.1046,-0.0932,0.0223,-0.0102,-0.0102,-0.0224,2.8447,-0.443,0.147,0.1613,210.746,131.692,0.00237469,0.1628,-0.2105,-0.579,0.238,2.8452,-0.0102,-0.0224,nan,nan
81.01,15.940,0.1628,-0.1246,-0.1090,0.0231,-0.0105,-0.0101,-0.0224,2.8422,-0.446,0.149,0.1610,210.746,131.692,0.00237469,0.1628,-0.2105,-0.579,0.238,2.8452,-0.0102,-0.0224,nan,nan
81.11,15.980,0.1628,-0.1646,-0.1327,0.0243,-0.0110,-0.0101,-0.0224,2.8393,-0.450,0.150,0.1607,211.644,134.123,0.00209788,0.1628,-0.2105,-0.583,0.240,2.8421,-0.0101,-0.0224,nan,nan
81.21,16.000,0.1628,-0.1846,-0.1487,0.0251,-0.0112,-0.0100,-0.0225,2.8361,-0.454,0.151,0.1611,212.556,136.582,0.00237469,0.1640,-0.2004,-0.588,0.241,2.8382,-0.0100,-0.0224,nan,nan
81.31,16.020,0.1640,-0.2004,-0.1578,0.0453,-0.0201,-0.0099,-0.0225,2.8323,-0.457,0.152,0.1615,212.556,136.582,0.00237469,0.1640,-0.2004,-0.588,0.241,2.8382,-0.0100,-0.0225,nan,nan
81.41,16.040,0.1640,-0.2004,-0.1583,0.0454,-0.0199,-0.0098,-0.0225,2.8287,-0.461,0.153,0.1617,213.798,139.9,0.00237469,0.1640,-0.2004,-0.594,0.243,2.8320,-0.0098,-0.0225,nan,nan
81.51,16.060,0.1640,-0.2004,-0.1586,0.0454,-0.0197,-0.0098,-0.0226,2.8249,-0.465,0.154,0.1619,214.751,142.419,0.00209788,0.1640,-0.2004,-0.599,0.245,2.8272,-0.0098,-0.0226,nan,nan
81.61,16.080,0.1640,-0.2004,-0.1588,0.0454,-0.0195,-0.0097,-0.0226,2.8212,-0.468,0.155,0.1621,214.751,142.419,0.00209788,0.1640,-0.2004,-0.599,0.245,2.8272,-0.0097,-0.0226,nan,nan
81.71,16.100,0.1640,-0.2004,-0.1512,0.0653,-0.0278,-0.0096,-0.0226,2.8179,-0.472,0.156,0.1648,215.724,144.964,0.00237469,0.1665,-0.1794,-0.603,0.246,2.8223,-0.0096,-0.0226,nan,nan
81.81,16.140,0.1665,-0.1794,-0.1437,0.0492,-0.0207,-0.0095,-0.0227,2.8147,-0.475,0.157,0.1651,217.05,148.398,0.00237469,0.1665,-0.1794,-0.610,0.248,2.8162,-0.0095,-0.0227,nan,nan
81.91,16.160,0.1665,-0.1794,-0.1438,-0.0224,0.0093,-0.0095,-0.0227,2.8114,-0.479,0.158,0.1666,217.05,148.398,0.00237469,0.1665,-0.1794,-0.610,0.248,2.8162,-0.0095,-0.0227,nan,nan
82.01,16.180,0.1665,-0.1794,-0.1599,0.0462,-0.0191,-0.0094,-0.0227,2.8077,-0.482,0.159,0.1689,218.066,151.003,0.00209788,0.1665,-0.1794,-0.614,0.250,2.8119,-0.0094,-0.0227,nan,nan
82.11,16.200,0.1665,-0.1794,-0.1603,0.0462,-0.0190,-0.0093,-0.0228,2.8044,-0.486,0.160,0.1712,219.1,153.635,0.00237469,0.1691,-0.1576,-0.619,0.251,2.8072,-0.0093,-0.0227,nan,nan
82.21,16.220,0.1691,-0.1639,-0.1412,0.0452,-0.0183,-0.0092,-0.0228,2.8011,-0.490,0.161,0.1714,219.1,153.635,0.00237469,0.1691,-0.1576,-0.619,0.251,2.8072,-0.0092,-0.0228,nan,nan
82.31,16.240,0.1691,-0.1576,-0.1414,0.0452,-0.0182,-0.0091,-0.0228,2.7978,-0.493,0.162,0.1716,220.509,157.184,0.00237469,0.1691,-0.1576,-0.626,0.254,2.8011,-0.0092,-0.0228,nan,nan
82.41,16.260,0.1691,-0.1576,-0.1417,0.0452,-0.0180,-0.0091,-0.0228,2.7946,-0.497,0.164,0.1718,221.588,159.877,0.00209788,0.1691,-0.1576,-0.630,0.255,2.7969,-0.0091,-0.0228,nan,nan
82.51,16.300,0.1691,-0.1576,-0.1421,0.0452,-0.0178,-0.0090,-0.0229,2.7912,-0.501,0.165,0.1726,222.685,162.595,0.00237469,0.1717,-0.1362,-0.635,0.257,2.7927,-0.0090,-0.0229,nan,nan
82.61,16.320,0.1717,-0.1421,-0.1243,0.0444,-0.0173,-0.0089,-0.0229,2.7882,-0.505,0.166,0.1743,222.685,162.595,0.00237469,0.1717,-0.1362,-0.635,0.257,2.7927,-0.0089,-0.0229,nan,nan
82.71,16.340,0.1717,-0.1362,-0.1232,0.0443,-0.0171,-0.0089,-0.0229,2.7853,-0.509,0.167,0.1744,224.176,166.262,0.00237469,0.1717,-0.1362,-0.641,0.259,2.7873,-0.0089,-0.0229,nan,nan
82.81,16.360,0.1717,-0.1362,-0.1235,0.0443,-0.0170,-0.0088,-0.0230,2.7825,-0.512,0.169,0.1746,225.316,169.043,0.00209788,0.1717,-0.1362,-0.646,0.261,2.7836,-0.0088,-0.0230,nan,nan
82.91,16.380,0.1717,-0.1362,-0.1237,0.0443,-0.0168,-0.0087,-0.0230,2.7795,-0.516,0.170,0.1748,225.316,169.043,0.00209788,0.1717,-0.1362,-0.646,0.261,2.7836,-0.0087,-0.0230,nan,nan
83.01,16.400,0.1717,-0.1362,-0.1148,0.0439,-0.0166,-0.0087,-0.0230,2.7770,-0.520,0.171,0.1768,226.472,171.851,0.00237469,0.1740,-0.1172,-0.651,0.263,2.7799,-0.0087,-0.0230,nan,nan
83.11,16.420,0.1740,-0.1208,-0.1068,0.0434,-0.0163,-0.0086,-0.0230,2.7746,-0.524,0.172,0.1769,228.041,175.637,0.00237469,0.1740,-0.1172,-0.658,0.266,2.7753,-0.0086,-0.0230,nan,nan
83.21,16.460,0.1740,-0.1172,-0.1070,0.0434,-0.0161,-0.0086,-0.0230,2.7720,-0.528,0.174,0.1771,228.041,175.637,0.00237469,0.1740,-0.1172,-0.658,0.266,2.7753,-0.0086,-0.0230,nan,nan
83.31,16.480,0.1740,-0.1172,-0.1069,0.0436,-0.0161,-0.0085,-0.0231,2.7695,-0.532,0.175,0.1773,229.236,178.508,0.00209788,0.1740,-0.1172,-0.662,0.267,2.7721,-0.0085,-0.0231,nan,nan
83.41,16.500,0.1740,-0.1172,-0.1070,0.0436,-0.0160,-0.0084,-0.0231,2.7671,-0.536,0.176,0.1790,230.448,181.408,0.00237469,0.1759,-0.1008,-0.667,0.269,2.7689,-0.0085,-0.0231,nan,nan
83.51,16.520,0.1759,-0.1025,-0.0922,0.0429,-0.0156,-0.0084,-0.0231,2.7649,-0.540,0.178,0.1792,230.448,181.408,0.00237469,0.1759,-0.1008,-0.667,0.269,2.7689,-0.0084,-0.0231,nan,nan
83.61,16.540,0.1759,-0.1008,-0.0923,0.0430,-0.0155,-0.0083,-0.0231,2.7627,-0.544,0.179,0.1793,232.089,185.317,0.00237469,0.1759,-0.1008,-0.674,0.272,2.7650,-0.0084,-0.0231,nan,nan
83.71,16.560,0.1759,-0.1008,-0.0923,0.0431,-0.0155,-0.0083,-0.0231,2.7605,-0.548,0.181,0.1794,233.339,188.282,0.00209788,0.1759,-0.1008,-0.679,0.274,2.7622,-0.0083,-0.0231,nan,nan
83.81,16.600,0.1759,-0.1008,-0.0924,0.0434,-0.0154,-0.0082,-0.0232,2.7583,-0.552,0.182,0.1810,234.603,191.275,0.00237469,0.1776,-0.0866,-0.684,0.276,2.7595,-0.0082,-0.0232,nan,nan
83.91,16.620,0.1776,-0.0873,-0.0795,0.0387,-0.0273,-0.0082,-0.0232,2.7564,-0.556,0.183,0.1809,234.603,191.275,0.00237469,0.1776,-0.0866,-0.684,0.276,2.7595,-0.0082,-0.0232,nan,nan
84.01,16.640,0.1776,-0.0866,-0.0793,0.0440,-0.0191,-0.0081,-0.0232,2.7545,-0.560,0.185,0.1810,236.313,195.31,0.00237469,0.1776,-0.0866,-0.690,0.278,2.7560,-0.0081,-0.0232,nan,nan
84.11,16.660,0.1776,-0.0866,-0.0788,0.0509,-0.0367,-0.0081,-0.0232,2.7526,-0.564,0.186,0.1812,237.612,198.37,0.00209788,0.1776,-0.0866,-0.695,0.280,2.7537,-0.0081,-0.0232,nan,nan
84.21,16.680,0.1776,-0.0866,-0.0715,0.0380,-0.0251,-0.0081,-0.0232,2.7509,-0.568,0.188,0.1826,237.612,198.37,0.00209788,0.1776,-0.0866,-0.695,0.280,2.7537,-0.0081,-0.0232,nan,nan
84.31,16.700,0.1776,-0.0866,-0.0633,-0.0183,-0.1147,-0.0080,-0.0232,2.7497,-0.571,0.189,0.1834,238.926,201.459,0.00237469,0.1791,-0.0745,-0.700,0.282,2.7514,-0.0080,-0.0232,nan,nan
84.41,16.740,0.1791,-0.0745,-0.0616,0.0380,-0.0234,-0.0080,-0.0232,2.7482,-0.575,0.190,0.1834,240.7,205.624,0.00237469,0.1791,-0.0745,-0.707,0.285,2.7488,-0.0080,-0.0232,nan,nan
84.51,16.760,0.1791,-0.0745,-0.0616,0.0380,-0.0233,-0.0080,-0.0233,2.7468,-0.579,0.192,0.1833,240.7,205.624,0.00237469,0.1791,-0.0745,-0.707,0.285,2.7488,-0.0080,-0.0233,nan,nan
84.61,16.780,0.1791,-0.0745,-0.0616,0.0380,-0.0233,-0.0079,-0.0233,2.7454,-0.583,0.193,0.1833,242.046,208.783,0.00209788,0.1791,-0.0745,-0.712,0.287,2.7469,-0.0079,-0.0233,nan,nan
84.71,16.800,0.1791,-0.0745,-0.0617,0.0380,-0.0232,-0.0079,-0.0233,2.7441,-0.587,0.195,0.1840,243.405,211.972,0.00237469,0.1802,-0.0649,-0.717,0.289,2.7451,-0.0079,-0.0233,nan,nan
84.81,16.820,0.1802,-0.0649,-0.0538,0.0380,-0.0220,-0.0079,-0.0233,2.7429,-0.591,0.196,0.1839,243.405,211.972,0.00237469,0.1802,-0.0649,-0.717,0.289,2.7451,-0.0079,-0.0233,nan,nan
84.91,16.840,0.1802,-0.0649,-0.0539,0.0380,-0.0220,-0.0079,-0.0233,2.7417,-0.594,0.198,0.1839,245.238,216.271,0.00237469,0.1802,-0.0649,-0.723,0.292,2.7428,-0.0079,-0.0233,nan,nan
85.01,16.860,0.1802,-0.0649,-0.0539,0.0380,-0.0219,-0.0078,-0.0233,2.7405,-0.598,0.199,0.1839,246.628,219.531,0.00209788,0.1802,-0.0649,-0.728,0.294,2.7412,-0.0078,-0.0233,nan,nan
85.11,16.880,0.1802,-0.0649,-0.0539,0.0380,-0.0219,-0.0078,-0.0233,2.7392,-0.602,0.201,0.1839,248.031,222.823,0.00237469,0.1812,-0.0569,-0.733,0.296,2.7396,-0.0078,-0.0233,nan,nan
85.21,16.920,0.1812,-0.0569,-0.0473,0.0380,-0.0208,-0.0078,-0.0233,2.7381,-0.606,0.202,0.1844,248.031,222.823,0.00237469,0.1812,-0.0569,-0.733,0.296,2.7396,-0.0078,-0.0233,nan,nan
85.31,16.940,0.1812,-0.0569,-0.0473,0.0380,-0.0208,-0.0077,-0.0233,2.7371,-0.610,0.204,0.1844,249.921,227.259,0.00237469,0.1812,-0.0569,-0.740,0.299,2.7376,-0.0077,-0.0233,nan,nan
85.41,16.960,0.1812,-0.0569,-0.0473,0.0380,-0.0207,-0.0077,-0.0233,2.7360,-0.614,0.205,0.1844,251.353,230.623,0.00209788,0.1812,-0.0569,-0.745,0.301,2.7362,-0.0077,-0.0233,nan,nan
85.51,16.980,0.1812,-0.0569,-0.0474,0.0380,-0.0207,-0.0077,-0.0233,2.7349,-0.618,0.207,0.1844,251.353,230.623,0.00209788,0.1812,-0.0569,-0.745,0.301,2.7362,-0.0077,-0.0233,nan,nan
85.61,17.000,0.1812,-0.0569,-0.0398,0.0344,-0.0254,-0.0077,-0.0234,2.7339,-0.622,0.208,0.1850,252.798,234.019,0.00237469,0.1823,-0.0478,-0.750,0.303,2.7348,-0.0077,-0.0234,nan,nan
85.71,17.020,0.1823,-0.0478,-0.0399,0.0380,-0.0194,-0.0076,-0.0234,2.7330,-0.625,0.210,0.1850,254.744,238.596,0.00237469,0.1823,-0.0478,-0.756,0.306,2.7331,-0.0077,-0.0234,nan,nan
85.81,17.040,0.1823,-0.0478,-0.0399,0.0380,-0.0194,-0.0076,-0.0234,2.7321,-0.629,0.211,0.1850,254.744,238.596,0.00237469,0.1823,-0.0478,-0.756,0.306,2.7331,-0.0076,-0.0234,nan,nan
85.91,17.060,0.1823,-0.0478,-0.0399,0.0380,-0.0193,-0.0076,-0.0234,2.7312,-0.633,0.213,0.1850,256.218,242.066,0.00209788,0.1823,-0.0478,-0.762,0.308,2.7319,-0.0076,-0.0234,nan,nan
86.01,17.100,0.1823,-0.0478,-0.0399,0.0380,-0.0193,-0.0076,-0.0234,2.7303,-0.637,0.215,0.1854,257.704,245.568,0.00237469,0.1828,-0.0437,-0.767,0.311,2.7307,-0.0076,-0.0234,nan,nan
86.11,17.120,0.1828,-0.0437,-0.0365,0.0380,-0.0187,-0.0076,-0.0234,2.7295,-0.641,0.216,0.1852,257.704,245.568,0.00237469,0.1828,-0.0437,-0.767,0.311,2.7307,-0.0076,-0.0234,nan,nan
86.21,17.140,0.1828,-0.0437,-0.0365,0.0380,-0.0187,-0.0076,-0.0234,2.7288,-0.644,0.217,0.1852,259.704,250.289,0.00237469,0.1828,-0.0437,-0.773,0.314,2.7292,-0.0076,-0.0234,nan,nan
86.31,17.160,0.1828,-0.0437,-0.0365,0.0380,-0.0187,-0.0075,-0.0234,2.7281,-0.647,0.219,0.1852,259.704,250.289,0.00237469,0.1828,-0.0437,-0.773,0.314,2.7292,-0.0075,-0.0234,nan,nan
86.41,17.180,0.1828,-0.0437,-0.0366,0.0380,-0.0186,-0.0075,-0.0234,2.7274,-0.651,0.220,0.1852,261.218,253.868,0.00209788,0.1828,-0.0437,-0.778,0.316,2.7281,-0.0075,-0.0234,nan,nan
86.51,17.200,0.1828,-0.0437,-0.0366,0.0380,-0.0186,-0.0075,-0.0234,2.7266,-0.654,0.222,0.1857,262.744,257.481,0.00237469,0.1834,-0.0384,-0.783,0.318,2.7270,-0.0075,-0.0234,nan,nan
86.61,17.220,0.1834,-0.0384,-0.0321,0.0380,-0.0179,-0.0075,-0.0234,2.7259,-0.658,0.223,0.1855,262.744,257.481,0.00237469,0.1834,-0.0384,-0.783,0.318,2.7270,-0.0075,-0.0234,nan,nan
86.71,17.240,0.1834,-0.0384,-0.0321,0.0380,-0.0178,-0.0075,-0.0234,2.7251,-0.662,0.225,0.1855,264.798,262.348,0.00237469,0.1834,-0.0384,-0.790,0.321,2.7257,-0.0075,-0.0234,nan,nan
86.81,17.260,0.1834,-0.0384,-0.0322,0.0380,-0.0178,-0.0074,-0.0234,2.7244,-0.666,0.227,0.1855,266.353,266.038,0.00209788,0.1834,-0.0384,-0.795,0.323,2.7247,-0.0074,-0.0234,nan,nan
86.91,17.280,0.1834,-0.0384,-0.0322,0.0380,-0.0178,-0.0074,-0.0234,2.7236,-0.670,0.228,0.1855,266.353,266.038,0.00209788,0.1834,-0.0384,-0.795,0.323,2.7247,-0.0074,-0.0234,nan,nan
87.01,17.300,0.1834,-0.0384,-0.0282,0.0395,-0.0125,-0.0074,-0.0234,2.7230,-0.674,0.230,0.1877,267.919,269.762,0.00237469,0.1859,-0.0336,-0.800,0.325,2.7238,-0.0074,-0.0234,nan,nan
87.11,17.340,0.1859,-0.0336,-0.0282,0.0395,-0.0125,-0.0074,-0.0234,2.7223,-0.678,0.232,0.1877,270.026,274.78,0.00237469,0.1859,-0.0336,-0.807,0.328,2.7226,-0.0074,-0.0234,nan,nan
87.21,17.360,0.1859,-0.0336,-0.0282,0.0395,-0.0124,-0.0074,-0.0234,2.7217,-0.682,0.233,0.1877,270.026,274.78,0.00237469,0.1859,-0.0336,-0.807,0.328,2.7226,-0.0074,-0.0234,nan,nan
87.31,17.380,0.1859,-0.0336,-0.0282,0.0395,-0.0124,-0.0074,-0.0235,2.7211,-0.686,0.235,0.1878,271.62,278.584,0.00209788,0.1859,-0.0336,-0.812,0.331,2.7217,-0.0074,-0.0234,nan,nan
87.41,17.400,0.1859,-0.0336,-0.0282,0.0379,-0.0174,-0.0074,-0.0235,2.7205,-0.690,0.237,0.1881,273.226,282.422,0.00237469,0.1866,-0.0282,-0.817,0.333,2.7209,-0.0074,-0.0235,nan,nan
87.51,17.420,0.1866,-0.0282,-0.0236,0.0379,-0.0163,-0.0073,-0.0235,2.7199,-0.693,0.238,0.1881,273.226,282.422,0.00237469,0.1866,-0.0282,-0.817,0.333,2.7209,-0.0073,-0.0235,nan,nan
87.61,17.440,0.1866,-0.0282,-0.0236,0.0379,-0.0162,-0.0073,-0.0235,2.7194,-0.698,0.240,0.1881,275.385,287.593,0.00237469,0.1866,-0.0282,-0.824,0.336,2.7199,-0.0073,-0.0235,nan,nan
87.71,17.460,0.1866,-0.0282,-0.0236,0.0378,-0.0163,-0.0073,-0.0235,2.7189,-0.701,0.242,0.1881,277.018,291.513,0.00209788,0.1866,-0.0282,-0.829,0.338,2.7192,-0.0073,-0.0235,nan,nan
87.81,17.480,0.1866,-0.0282,-0.0236,0.0377,-0.0163,-0.0073,-0.0235,2.7184,-0.705,0.243,0.1881,277.018,291.513,0.00209788,0.1866,-0.0282,-0.829,0.338,2.7192,-0.0073,-0.0235,nan,nan
87.91,17.500,0.1866,-0.0282,-0.0216,0.0374,-0.0160,-0.0073,-0.0235,2.7179,-0.708,0.245,0.1882,278.663,295.467,0.00237469,0.1869,-0.0258,-0.834,0.340,2.7185,-0.0073,-0.0235,nan,nan
88.01,17.520,0.1869,-0.0258,-0.0215,0.0364,-0.0163,-0.0073,-0.0235,2.7174,-0.712,0.246,0.1882,280.874,300.796,0.00237469,0.1869,-0.0258,-0.841,0.344,2.7176,-0.0073,-0.0235,nan,nan
88.11,17.560,0.1869,-0.0258,-0.0196,0.0391,-0.0121,-0.0073,-0.0235,2.7170,-0.716,0.248,0.1877,280.874,300.796,0.00237469,0.1869,-0.0258,-0.841,0.344,2.7176,-0.0073,-0.0235,nan,nan
88.21,17.580,0.1869,-0.0258,-0.0196,0.0391,-0.0121,-0.0073,-0.0235,2.7165,-0.721,0.250,0.1877,282.546,304.834,0.00209788,0.1869,-0.0258,-0.846,0.346,2.7170,-0.0073,-0.0235,nan,nan
88.31,17.600,0.1869,-0.0258,-0.0196,0.0380,-0.0154,-0.0073,-0.0235,2.7161,-0.724,0.252,0.1880,284.229,308.908,0.00237469,0.1873,-0.0227,-0.851,0.348,2.7164,-0.0073,-0.0235,nan,nan
88.41,17.620,0.1873,-0.0227,-0.0172,0.0381,-0.0149,-0.0072,-0.0235,2.7157,-0.728,0.253,0.1880,284.229,308.908,0.00237469,0.1873,-0.0227,-0.851,0.348,2.7164,-0.0072,-0.0235,nan,nan
88.51,17.640,0.1873,-0.0227,-0.0172,0.0381,-0.0149,-0.0072,-0.0235,2.7153,-0.733,0.255,0.1880,286.491,314.397,0.00237469,0.1873,-0.0227,-0.858,0.351,2.7157,-0.0072,-0.0235,nan,nan
88.61,17.680,0.1873,-0.0227,-0.0172,0.0381,-0.0149,-0.0072,-0.0235,2.7148,-0.737,0.257,0.1880,288.201,318.556,0.00209788,0.1873,-0.0227,-0.863,0.354,2.7152,-0.0072,-0.0235,nan,nan
88.71,17.700,0.1873,-0.0227,-0.0172,0.0381,-0.0149,-0.0072,-0.0235,2.7144,-0.741,0.259,0.1882,289.922,322.752,0.00237469,0.1876,-0.0202,-0.868,0.356,2.7146,-0.0072,-0.0235,nan,nan
88.81,17.720,0.1876,-0.0202,-0.0153,0.0381,-0.0145,-0.0072,-0.0235,2.7141,-0.745,0.261,0.1882,289.922,322.752,0.00237469,0.1876,-0.0202,-0.868,0.356,2.7146,-0.0072,-0.0235,nan,nan
88.91,17.740,0.1876,-0.0202,-0.0153,0.0381,-0.0145,-0.0072,-0.0235,2.7137,-0.749,0.262,0.1881,292.234,328.404,0.00237469,0.1876,-0.0202,-0.875,0.359,2.7140,-0.0072,-0.0235,nan,nan
89.01,17.760,0.1876,-0.0202,-0.0153,0.0381,-0.0145,-0.0072,-0.0235,2.7134,-0.753,0.264,0.1881,293.982,332.687,0.00209788,0.1876,-0.0202,-0.880,0.361,2.7136,-0.0072,-0.0235,nan,nan
89.11,17.780,0.1876,-0.0202,-0.0153,0.0381,-0.0145,-0.0072,-0.0235,2.7130,-0.757,0.266,0.1881,293.982,332.687,0.00209788,0.1876,-0.0202,-0.880,0.361,2.7136,-0.0072,-0.0235,nan,nan
89.21,17.820,0.1878,-0.0179,-0.0136,0.0381,-0.0142,-0.0072,-0.0235,2.7127,-0.761,0.268,0.1883,295.741,337.008,0.00237469,0.1878,-0.0179,-0.885,0.364,2.7131,-0.0072,-0.0235,nan,nan
89.31,17.840,0.1878,-0.0179,-0.0136,0.0381,-0.0141,-0.0072,-0.0235,2.7124,-0.765,0.270,0.1883,298.104,342.827,0.00237469,0.1878,-0.0179,-0.892,0.367,2.7125,-0.0072,-0.0235,nan,nan
89.41,17.860,0.1878,-0.0179,-0.0136,0.0381,-0.0141,-0.0072,-0.0235,2.7120,-0.769,0.271,0.1883,299.889,347.237,0.00209788,0.1878,-0.0179,-0.897,0.369,2.7121,-0.0072,-0.0235,nan,nan
89.51,17.880,0.1878,-0.0179,-0.0136,0.0381,-0.0141,-0.0071,-0.0235,2.7117,-0.773,0.273,0.1883,299.889,347.237,0.00209788,0.1878,-0.0179,-0.897,0.369,2.7121,-0.0071,-0.0235,nan,nan
89.61,17.900,0.1878,-0.0179,-0.0121,0.0381,-0.0138,-0.0071,-0.0235,2.7114,-0.777,0.275,0.1885,301.686,351.684,0.00237469,0.1881,-0.0160,-0.902,0.372,2.7117,-0.0071,-0.0235,nan,nan
89.71,17.920,0.1881,-0.0160,-0.0121,0.0381,-0.0138,-0.0071,-0.0235,2.7112,-0.781,0.277,0.1885,304.1,357.674,0.00237469,0.1881,-0.0160,-0.909,0.375,2.7112,-0.0071,-0.0235,nan,nan
89.81,17.940,0.1881,-0.0160,-0.0121,0.0381,-0.0138,-0.0071,-0.0235,2.7109,-0.785,0.279,0.1885,304.1,357.674,0.00237469,0.1881,-0.0160,-0.909,0.375,2.7112,-0.0071,-0.0235,nan,nan
89.91,17.980,0.1881,-0.0160,-0.0121,0.0381,-0.0138,-0.0071,-0.0235,2.7106,-0.789,0.280,0.1885,305.924,362.212,0.00209788,0.1881,-0.0160,-0.914,0.377,2.7109,-0.0071,-0.0235,nan,nan
90.01,18.000,0.1881,-0.0160,-0.0121,0.0381,-0.0138,-0.0071,-0.0235,2.7103,-0.793,0.282,0.1886,307.759,366.789,0.00237469,0.1883,-0.0142,-0.919,0.379,2.7105,-0.0071,-0.0235,nan,nan
90.11,18.020,0.1883,-0.0142,-0.0108,0.0381,-0.0135,-0.0071,-0.0235,2.7101,-0.797,0.284,0.1886,307.759,366.789,0.00237469,0.1883,-0.0142,-0.919,0.379,2.7105,-0.0071,-0.0235,nan,nan
90.21,18.040,0.1883,-0.0142,-0.0108,0.0381,-0.0135,-0.0071,-0.0235,2.7098,-0.801,0.286,0.1886,310.224,372.952,0.00237469,0.1883,-0.0142,-0.926,0.383,2.7100,-0.0071,-0.0235,nan,nan
90.31,18.060,0.1883,-0.0142,-0.0108,0.0381,-0.0135,-0.0071,-0.0235,2.7095,-0.805,0.288,0.1886,312.086,377.621,0.00209788,0.1883,-0.0142,-0.931,0.385,2.7097,-0.0071,-0.0235,nan,nan
90.41,18.080,0.1883,-0.0142,-0.0108,0.0381,-0.0135,-0.0071,-0.0235,2.7093,-0.809,0.289,0.1886,312.086,377.621,0.00209788,0.1883,-0.0142,-0.931,0.385,2.7097,-0.0071,-0.0235,nan,nan
90.51,18.100,0.1883,-0.0142,-0.0096,0.0381,-0.0133,-0.0071,-0.0235,2.7091,-0.812,0.291,0.1888,313.959,382.33,0.00237469,0.1885,-0.0126,-0.936,0.387,2.7094,-0.0071,-0.0235,nan,nan
90.61,18.120,0.1885,-0.0126,-0.0096,0.0381,-0.0133,-0.0071,-0.0235,2.7089,-0.815,0.292,0.1888,316.475,388.67,0.00237469,0.1885,-0.0126,-0.943,0.390,2.7090,-0.0071,-0.0235,nan,nan
90.71,18.140,0.1885,-0.0126,-0.0096,0.0381,-0.0133,-0.0071,-0.0235,2.7087,-0.819,0.294,0.1888,316.475,388.67,0.00237469,0.1885,-0.0126,-0.943,0.390,2.7090,-0.0071,-0.0235,nan,nan
90.81,18.180,0.1885,-0.0126,-0.0096,0.0381,-0.0133,-0.0071,-0.0235,2.7085,-0.823,0.296,0.1888,318.376,393.473,0.00209788,0.1885,-0.0126,-0.948,0.393,2.7087,-0.0071,-0.0235,nan,nan
90.91,18.200,0.1885,-0.0126,-0.0096,0.0381,-0.0133,-0.0071,-0.0235,2.7083,-0.827,0.298,0.1889,320.288,398.316,0.00237469,0.1886,-0.0112,-0.953,0.395,2.7084,-0.0071,-0.0235,nan,nan
91.01,18.220,0.1886,-0.0112,-0.0085,0.0381,-0.0131,-0.0071,-0.0235,2.7081,-0.830,0.299,0.1889,320.288,398.316,0.00237469,0.1886,-0.0112,-0.953,0.395,2.7084,-0.0071,-0.0235,nan,nan
91.11,18.240,0.1886,-0.0112,-0.0085,0.0381,-0.0131,-0.0071,-0.0235,2.7079,-0.834,0.301,0.1889,322.855,404.837,0.00237469,0.1886,-0.0112,-0.960,0.398,2.7081,-0.0071,-0.0235,nan,nan
91.21,18.260,0.1886,-0.0112,-0.0086,0.0380,-0.0130,-0.0071,-0.0235,2.7077,-0.839,0.303,0.1889,324.794,409.776,0.00209788,0.1886,-0.0112,-0.965,0.401,2.7078,-0.0071,-0.0235,nan,nan
91.31,18.280,0.1886,-0.0112,-0.0086,0.0379,-0.0129,-0.0071,-0.0235,2.7075,-0.842,0.305,0.1889,324.794,409.776,0.00209788,0.1886,-0.0112,-0.965,0.401,2.7078,-0.0071,-0.0235,nan,nan
91.41,18.300,0.1886,-0.0112,-0.0077,0.0377,-0.0126,-0.0070,-0.0235,2.7074,-0.846,0.306,0.1890,326.745,414.756,0.00237469,0.1888,-0.0100,-0.971,0.403,2.7076,-0.0070,-0.0235,nan,nan
91.51,18.340,0.1888,-0.0100,-0.0084,0.0386,-0.0115,-0.0070,-0.0236,2.7072,-0.850,0.308,0.1888,329.364,421.461,0.00237469,0.1888,-0.0100,-0.977,0.406,2.7072,-0.0070,-0.0236,nan,nan
91.61,18.360,0.1888,-0.0100,-0.0084,0.0382,-0.0130,-0.0070,-0.0236,2.7070,-0.854,0.310,0.1888,329.364,421.461,0.00237469,0.1888,-0.0100,-0.977,0.406,2.7072,-0.0070,-0.0236,nan,nan
91.71,18.380,0.1888,-0.0100,-0.0084,0.0382,-0.0130,-0.0070,-0.0236,2.7068,-0.858,0.312,0.1888,331.343,426.538,0.00209788,0.1888,-0.0100,-0.983,0.409,2.7070,-0.0070,-0.0236,nan,nan
91.81,18.400,0.1888,-0.0100,-0.0075,0.0382,-0.0128,-0.0070,-0.0236,2.7066,-0.862,0.314,0.1889,333.333,431.658,0.00237469,0.1889,-0.0088,-0.988,0.411,2.7067,-0.0070,-0.0236,nan,nan
91.91,18.420,0.1889,-0.0088,-0.0075,0.0382,-0.0128,-0.0070,-0.0236,2.7064,-0.867,0.316,0.1889,336.005,438.549,0.00237469,0.1889,-0.0088,-0.995,0.414,2.7064,-0.0070,-0.0236,nan,nan
92.01,18.440,0.1889,-0.0088,-0.0075,0.0382,-0.0128,-0.0070,-0.0236,2.7062,-0.871,0.318,0.1889,336.005,438.549,0.00237469,0.1889,-0.0088,-0.995,0.414,2.7064,-0.0070,-0.0236,nan,nan
92.11,18.480,0.1889,-0.0088,-0.0075,0.0382,-0.0128,-0.0070,-0.0236,2.7060,-0.875,0.320,0.1889,338.023,443.768,0.00209788,0.1889,-0.0088,-1.000,0.417,2.7062,-0.0070,-0.0236,nan,nan
92.21,18.500,0.1889,-0.0088,-0.0075,0.0382,-0.0128,-0.0070,-0.0236,2.7059,-0.879,0.321,0.1890,340.052,449.029,0.00237469,0.1891,-0.0077,-1.005,0.419,2.7060,-0.0070,-0.0236,nan,nan
92.31,18.520,0.1891,-0.0077,-0.0065,0.0382,-0.0126,-0.0070,-0.0236,2.7057,-0.883,0.323,0.1890,340.052,449.029,0.00237469,0.1891,-0.0077,-1.005,0.419,2.7060,-0.0070,-0.0236,nan,nan
92.41,18.540,0.1891,-0.0077,-0.0065,0.0382,-0.0126,-0.0070,-0.0236,2.7056,-0.886,0.325,0.1890,342.777,456.111,0.00237469,0.1891,-0.0077,-1.012,0.422,2.7057,-0.0070,-0.0236,nan,nan
92.51,18.560,0.1891,-0.0077,-0.0065,0.0382,-0.0126,-0.0070,-0.0236,2.7054,-0.890,0.327,0.1890,344.835,461.474,0.00209788,0.1891,-0.0077,-1.017,0.425,2.7055,-0.0070,-0.0236,nan,nan
92.61,18.580,0.1891,-0.0077,-0.0066,0.0382,-0.0126,-0.0070,-0.0236,2.7053,-0.894,0.329,0.1890,344.835,461.474,0.00209788,0.1891,-0.0077,-1.017,0.425,2.7055,-0.0070,-0.0236,nan,nan
92.71,18.620,0.1892,-0.0068,-0.0057,0.0382,-0.0124,-0.0070,-0.0236,2.7051,-0.898,0.330,0.1892,346.905,466.88,0.00237469,0.1892,-0.0068,-1.022,0.427,2.7053,-0.0070,-0.0236,nan,nan
92.81,18.640,0.1892,-0.0068,-0.0057,0.0382,-0.0124,-0.0070,-0.0236,2.7050,-0.902,0.332,0.1892,349.684,474.156,0.00237469,0.1892,-0.0068,-1.029,0.430,2.7051,-0.0070,-0.0236,nan,nan
92.91,18.660,0.1892,-0.0068,-0.0057,0.0382,-0.0124,-0.0070,-0.0236,2.7049,-0.907,0.334,0.1892,351.782,479.664,0.00209788,0.1892,-0.0068,-1.034,0.433,2.7049,-0.0070,-0.0236,nan,nan
93.01,18.680,0.1892,-0.0068,-0.0057,0.0382,-0.0124,-0.0070,-0.0236,2.7047,-0.911,0.336,0.1892,351.782,479.664,0.00209788,0.1892,-0.0068,-1.034,0.433,2.7049,-0.0070,-0.0236,nan,nan
93.11,18.700,0.1892,-0.0068,-0.0050,0.0382,-0.0123,-0.0070,-0.0236,2.7046,-0.914,0.338,0.1893,353.892,485.217,0.00237469,0.1893,-0.0059,-1.039,0.435,2.7047,-0.0070,-0.0236,nan,nan
93.21,18.720,0.1893,-0.0059,-0.0050,0.0382,-0.0122,-0.0070,-0.0236,2.7045,-0.919,0.340,0.1893,356.725,492.691,0.00237469,0.1893,-0.0059,-1.046,0.438,2.7045,-0.0070,-0.0236,nan,nan
93.31,18.760,0.1893,-0.0059,-0.0050,0.0382,-0.0122,-0.0070,-0.0236,2.7044,-0.923,0.342,0.1893,356.725,492.691,0.00237469,0.1893,-0.0059,-1.046,0.438,2.7045,-0.0070,-0.0236,nan,nan
93.41,18.780,0.1893,-0.0059,-0.0050,0.0382,-0.0122,-0.0070,-0.0236,2.7043,-0.926,0.343,0.1893,358.863,498.348,0.00209788,0.1893,-0.0059,-1.051,0.441,2.7044,-0.0070,-0.0236,nan,nan
93.51,18.800,0.1893,-0.0059,-0.0050,0.0382,-0.0122,-0.0070,-0.0236,2.7041,-0.930,0.345,0.1893,361.014,504.051,0.00237469,0.1894,-0.0052,-1.056,0.443,2.7042,-0.0070,-0.0236,nan,nan
93.61,18.820,0.1894,-0.0052,-0.0044,0.0382,-0.0121,-0.0070,-0.0236,2.7040,-0.934,0.347,0.1893,361.014,504.051,0.00237469,0.1894,-0.0052,-1.056,0.443,2.7042,-0.0070,-0.0236,nan,nan
93.71,18.840,0.1894,-0.0052,-0.0044,0.0382,-0.0121,-0.0070,-0.0236,2.7039,-0.938,0.349,0.1893,363.901,511.726,0.00237469,0.1894,-0.0052,-1.063,0.446,2.7040,-0.0070,-0.0236,nan,nan
93.81,18.860,0.1894,-0.0052,-0.0044,0.0382,-0.0121,-0.0070,-0.0236,2.7038,-0.942,0.351,0.1893,366.081,517.535,0.00209788,0.1894,-0.0052,-1.068,0.449,2.7039,-0.0070,-0.0236,nan,nan
93.91,18.900,0.1894,-0.0052,-0.0044,0.0382,-0.0121,-0.0070,-0.0236,2.7037,-0.947,0.353,0.1894,368.273,523.391,0.00237469,0.1895,-0.0045,-1.073,0.451,2.7038,-0.0070,-0.0236,nan,nan
94.01,18.920,0.1895,-0.0045,-0.0038,0.0382,-0.0120,-0.0070,-0.0236,2.7036,-0.950,0.355,0.1894,368.273,523.391,0.00237469,0.1895,-0.0045,-1.073,0.451,2.7038,-0.0070,-0.0236,nan,nan
94.11,18.940,0.1895,-0.0045,-0.0038,0.0382,-0.0120,-0.0070,-0.0236,2.7036,-0.954,0.356,0.1894,371.215,531.27,0.00237469,0.1895,-0.0045,-1.080,0.454,2.7036,-0.0070,-0.0236,nan,nan
94.21,18.960,0.1895,-0.0045,-0.0038,0.0382,-0.0120,-0.0070,-0.0236,2.7035,-0.958,0.358,0.1894,373.436,537.234,0.00209788,0.1895,-0.0045,-1.085,0.457,2.7035,-0.0070,-0.0236,nan,nan
94.31,18.980,0.1895,-0.0045,-0.0038,0.0382,-0.0120,-0.0070,-0.0236,2.7034,-0.962,0.360,0.1894,373.436,537.234,0.00209788,0.1895,-0.0045,-1.085,0.457,2.7035,-0.0070,-0.0236,nan,nan
94.41,19.000,0.1895,-0.0045,-0.0034,0.0382,-0.0119,-0.0070,-0.0236,2.7033,-0.966,0.362,0.1895,375.669,543.244,0.00237469,0.1895,-0.0040,-1.091,0.459,2.7034,-0.0070,-0.0236,nan,nan
94.51,19.020,0.1895,-0.0040,-0.0034,0.0382,-0.0119,-0.0069,-0.0236,2.7032,-0.970,0.364,0.1895,378.667,551.332,0.00237469,0.1895,-0.0040,-1.097,0.462,2.7033,-0.0070,-0.0236,nan,nan
94.61,19.060,0.1895,-0.0040,-0.0034,0.0383,-0.0118,-0.0069,-0.0236,2.7031,-0.974,0.366,0.1895,378.667,551.332,0.00237469,0.1895,-0.0040,-1.097,0.462,2.7033,-0.0069,-0.0236,nan,nan
94.71,19.080,0.1895,-0.0040,-0.0034,0.0390,-0.0115,-0.0069,-0.0236,2.7031,-0.978,0.368,0.1896,380.929,557.453,0.00209788,0.1895,-0.0040,-1.103,0.465,2.7031,-0.0069,-0.0236,nan,nan
94.81,19.100,0.1895,-0.0040,-0.0038,0.0384,-0.0113,-0.0069,-0.0236,2.7030,-0.982,0.369,0.1896,383.205,563.621,0.00237469,0.1896,-0.0035,-1.108,0.467,2.7030,-0.0069,-0.0236,nan,nan
94.91,19.120,0.1896,-0.0035,-0.0033,0.0384,-0.0113,-0.0069,-0.0236,2.7029,-0.986,0.371,0.1896,383.205,563.621,0.00237469,0.1896,-0.0035,-1.108,0.467,2.7030,-0.0069,-0.0236,nan,nan
95.01,19.140,0.1896,-0.0035,-0.0033,0.0382,-0.0119,-0.0069,-0.0236,2.7028,-0.990,0.373,0.1896,386.258,571.921,0.00237469,0.1896,-0.0035,-1.115,0.470,2.7029,-0.0069,-0.0236,nan,nan
95.11,19.160,0.1896,-0.0035,-0.0033,0.0382,-0.0119,-0.0069,-0.0236,2.7027,-0.994,0.375,0.1896,388.563,578.202,0.00209788,0.1896,-0.0035,-1.120,0.473,2.7028,-0.0069,-0.0236,nan,nan
95.21,19.200,0.1896,-0.0035,-0.0033,0.0382,-0.0119,-0.0069,-0.0236,2.7027,-0.998,0.377,0.1897,390.881,584.531,0.00237469,0.1896,-0.0030,-1.125,0.475,2.7027,-0.0069,-0.0236,nan,nan
95.31,19.220,0.1896,-0.0030,-0.0029,0.0382,-0.0118,-0.0069,-0.0236,2.7026,-1.002,0.379,0.1897,390.881,584.531,0.00237469,0.1896,-0.0030,-1.125,0.475,2.7027,-0.0069,-0.0236,nan,nan
95.41,19.240,0.1896,-0.0030,-0.0029,0.0382,-0.0118,-0.0069,-0.0236,2.7025,-1.006,0.381,0.1897,393.992,593.046,0.00237469,0.1896,-0.0030,-1.132,0.478,2.7026,-0.0069,-0.0236,nan,nan
95.51,19.260,0.1896,-0.0030,-0.0029,0.0382,-0.0118,-0.0069,-0.0236,2.7025,-1.010,0.383,0.1897,396.34,599.489,0.00209788,0.1896,-0.0030,-1.137,0.481,2.7025,-0.0069,-0.0236,nan,nan
95.61,19.280,0.1896,-0.0030,-0.0029,0.0382,-0.0118,-0.0069,-0.0236,2.7024,-1.014,0.384,0.1897,396.34,599.489,0.00209788,0.1896,-0.0030,-1.137,0.481,2.7025,-0.0069,-0.0236,nan,nan
95.71,19.320,0.1897,-0.0026,-0.0025,0.0382,-0.0117,-0.0069,-0.0236,2.7023,-1.018,0.386,0.1897,398.701,605.982,0.00237469,0.1897,-0.0026,-1.142,0.483,2.7024,-0.0069,-0.0236,nan,nan
95.81,19.340,0.1897,-0.0026,-0.0025,0.0382,-0.0117,-0.0069,-0.0236,2.7023,-1.022,0.388,0.1833,401.869,614.716,0.00237469,0.1897,-0.0026,-1.149,0.486,2.7023,-0.0069,-0.0236,nan,nan
95.91,19.360,0.1897,-0.0026,0.0062,0.0672,0.1450,-0.0054,-0.0247,2.7025,-1.026,0.390,0.1843,404.26,621.324,0.00209788,0.1897,-0.0026,-1.154,0.489,2.7024,-0.0058,-0.0243,nan,nan
96.01,19.380,0.1897,-0.0026,0.0023,0.0715,0.1329,-0.0044,-0.0258,2.7026,-1.030,0.392,0.1853,404.26,621.324,0.00209788,0.1897,-0.0026,-1.154,0.489,2.7024,-0.0045,-0.0257,nan,nan
96.11,19.400,0.1897,-0.0026,0.0006,0.0746,0.1245,-0.0039,-0.0269,2.7026,-1.034,0.394,0.1861,406.663,627.984,0.00237469,0.1897,-0.0024,-1.159,0.491,2.7025,-0.0039,-0.0267,nan,nan
96.21,19.420,0.1897,-0.0024,-0.0008,0.0778,0.1155,-0.0037,-0.0280,2.7026,-1.038,0.396,0.1868,409.887,636.943,0.00237469,0.1897,-0.0024,-1.166,0.494,2.7026,-0.0037,-0.0276,nan,nan
96.31,19.460,0.1897,-0.0024,-0.0018,0.0825,0.1012,-0.0039,-0.0290,2.7025,-1.042,0.398,0.1874,409.887,636.943,0.00237469,0.1897,-0.0024,-1.166,0.494,2.7026,-0.0038,-0.0289,nan,nan
96.41,19.480,0.1897,-0.0024,-0.0019,0.0348,0.0382,-0.0044,-0.0300,2.7025,-1.046,0.400,0.1874,412.319,643.721,0.00209788,0.1897,-0.0024,-1.171,0.497,2.7025,-0.0042,-0.0298,nan,nan
96.51,19.500,0.1897,-0.0024,-0.0019,0.0161,0.0172,-0.0049,-0.0310,2.7025,-1.050,0.401,0.1872,414.765,650.551,0.00237469,0.1897,-0.0027,-1.176,0.499,2.7025,-0.0047,-0.0306,nan,nan
96.61,19.520,0.1897,-0.0027,-0.0021,0.0024,0.0268,-0.0056,-0.0323,2.7024,-1.054,0.403,0.1868,414.765,650.551,0.00237469,0.1897,-0.0027,-1.176,0.499,2.7025,-0.0055,-0.0321,nan,nan
96.71,19.540,0.1897,-0.0027,-0.0022,-0.0064,0.0336,-0.0064,-0.0337,2.7024,-1.058,0.405,0.1864,418.046,659.737,0.00237469,0.1897,-0.0027,-1.183,0.503,2.7024,-0.0062,-0.0332,nan,nan
96.81,19.580,0.1897,-0.0027,-0.0031,0.6808,-0.0114,-0.0070,-0.0348,2.7023,-1.062,0.407,0.1892,420.522,666.687,0.00209788,0.1897,-0.0027,-1.188,0.505,2.7024,-0.0070,-0.0348,nan,nan
96.91,19.600,0.1897,-0.0027,-0.0022,-0.0417,0.0427,-0.0068,-0.0342,2.7023,-1.066,0.409,0.1912,423.012,673.688,0.00237469,0.1897,-0.0024,-1.194,0.507,2.7023,-0.0068,-0.0343,nan,nan
97.01,19.620,0.1897,-0.0024,-0.0021,-0.0536,0.0529,-0.0066,-0.0338,2.7022,-1.070,0.411,0.1904,423.012,673.688,0.00237469,0.1897,-0.0024,-1.194,0.507,2.7023,-0.0066,-0.0339,nan,nan
97.11,19.640,0.1897,-0.0024,-0.0020,-0.0532,0.0545,-0.0066,-0.0337,2.7022,-1.074,0.413,0.1897,426.353,683.105,0.00237469,0.1897,-0.0024,-1.200,0.511,2.7022,-0.0066,-0.0337,nan,nan
97.21,19.660,0.1897,-0.0024,-0.0020,-0.0531,0.0542,-0.0068,-0.0339,2.7021,-1.078,0.414,0.1889,428.875,690.229,0.00209788,0.1897,-0.0024,-1.206,0.513,2.7021,-0.0068,-0.0339,nan,nan
97.31,19.680,0.1897,-0.0024,-0.0020,-0.5827,-0.2273,-0.0069,-0.0339,2.7021,-1.082,0.416,0.1904,428.875,690.229,0.00209788,0.1897,-0.0024,-1.206,0.513,2.7021,-0.0069,-0.0340,nan,nan
97.41,19.700,0.1897,-0.0024,-0.0018,-0.0531,0.0540,-0.0069,-0.0339,2.7020,-1.086,0.418,0.1897,431.41,697.405,0.00237469,0.1897,-0.0021,-1.211,0.515,2.7021,-0.0069,-0.0339,nan,nan
97.51,19.720,0.1897,-0.0021,-0.0015,0.0546,-0.0114,-0.0069,-0.0337,2.7020,-1.090,0.420,0.1900,434.811,707.056,0.00237469,0.1897,-0.0021,-1.218,0.519,2.7020,-0.0069,-0.0338,nan,nan
97.61,19.760,0.1897,-0.0021,-0.0015,0.0544,-0.0115,-0.0069,-0.0336,2.7020,-1.094,0.422,0.1900,434.811,707.056,0.00237469,0.1897,-0.0021,-1.218,0.519,2.7020,-0.0069,-0.0336,nan,nan
97.71,19.780,0.1897,-0.0021,-0.0015,0.0542,-0.0115,-0.0069,-0.0334,2.7019,-1.098,0.424,0.1900,437.378,714.356,0.00209788,0.1897,-0.0021,-1.223,0.521,2.7020,-0.0069,-0.0335,nan,nan
97.81,19.800,0.1897,-0.0021,-0.0015,0.0540,-0.0115,-0.0069,-0.0333,2.7019,-1.102,0.425,0.1900,439.959,721.71,0.00237469,0.1898,-0.0019,-1.228,0.524,2.7019,-0.0069,-0.0333,nan,nan
97.91,19.820,0.1898,-0.0019,-0.0013,0.0537,-0.0114,-0.0069,-0.0331,2.7018,-1.106,0.427,0.1900,443.422,731.599,0.00237469,0.1898,-0.0019,-1.235,0.527,2.7018,-0.0069,-0.0332,nan,nan
98.01,19.840,0.1898,-0.0019,-0.0013,0.0535,-0.0114,-0.0069,-0.0330,2.7018,-1.110,0.429,0.1900,443.422,731.599,0.00237469,0.1898,-0.0019,-1.235,0.527,2.7018,-0.0069,-0.0330,nan,nan
98.11,19.880,0.1898,-0.0019,-0.0013,0.0532,-0.0114,-0.0069,-0.0328,2.7018,-1.114,0.431,0.1900,446.035,739.079,0.00209788,0.1898,-0.0019,-1.240,0.529,2.7018,-0.0069,-0.0329,nan,nan
98.21,19.900,0.1898,-0.0019,-0.0013,0.0530,-0.0114,-0.0069,-0.0327,2.7017,-1.118,0.433,0.1901,448.662,746.614,0.00237469,0.1898,-0.0017,-1.245,0.532,2.7018,-0.0069,-0.0327,nan,nan
98.31,19.920,0.1898,-0.0017,-0.0012,0.0528,-0.0114,-0.0069,-0.0326,2.7017,-1.122,0.435,0.1901,448.662,746.614,0.00237469,0.1898,-0.0017,-1.245,0.532,2.7018,-0.0069,-0.0326,nan,nan
98.41,19.940,0.1898,-0.0017,-0.0012,0.0525,-0.0114,-0.0069,-0.0324,2.7017,-1.126,0.437,0.1901,452.186,756.745,0.00237469,0.1898,-0.0017,-1.252,0.535,2.7017,-0.0069,-0.0324,nan,nan
98.51,19.960,0.1898,-0.0017,-0.0012,0.0523,-0.0114,-0.0069,-0.0323,2.7017,-1.130,0.439,0.1901,454.845,764.408,0.00209788,0.1898,-0.0017,-1.257,0.537,2.7017,-0.0069,-0.0323,nan,nan
98.61,19.980,0.1898,-0.0017,-0.0012,0.0521,-0.0114,-0.0069,-0.0321,2.7016,-1.134,0.441,0.1901,457.519,772.126,0.00237469,0.1898,-0.0015,-1.262,0.540,2.7016,-0.0069,-0.0322,nan,nan
98.71,20.020,0.1898,-0.0015,-0.0011,0.0518,-0.0114,-0.0069,-0.0320,2.7016,-1.138,0.443,0.1901,457.519,772.126,0.00237469,0.1898,-0.0015,-1.262,0.540,2.7016,-0.0069,-0.0320,nan,nan
98.81,20.040,0.1898,-0.0015,-0.0011,0.0516,-0.0114,-0.0069,-0.0318,2.7016,-1.142,0.445,0.1901,461.106,782.504,0.00237469,0.1898,-0.0015,-1.269,0.543,2.7016,-0.0069,-0.0319,nan,nan
98.91,20.060,0.1898,-0.0015,-0.0011,0.0514,-0.0114,-0.0069,-0.0317,2.7016,-1.146,0.446,0.1901,463.813,790.352,0.00209788,0.1898,-0.0015,-1.274,0.545,2.7016,-0.0069,-0.0317,nan,nan
99.01,20.080,0.1898,-0.0015,-0.0011,0.0511,-0.0114,-0.0069,-0.0316,2.7015,-1.150,0.448,0.1901,463.813,790.352,0.00209788,0.1898,-0.0015,-1.274,0.545,2.7016,-0.0069,-0.0316,nan,nan
99.11,20.100,0.1898,-0.0015,-0.0010,0.0509,-0.0114,-0.0069,-0.0314,2.7015,-1.154,0.450,0.1901,466.534,798.257,0.00237469,0.1898,-0.0014,-1.279,0.548,2.7015,-0.0069,-0.0314,nan,nan
99.21,20.120,0.1898,-0.0014,-0.0010,0.0507,-0.0114,-0.0069,-0.0313,2.7015,-1.158,0.452,0.1901,470.184,808.885,0.00237469,0.1898,-0.0014,-1.286,0.551,2.7015,-0.0069,-0.0313,nan,nan
99.31,20.160,0.1898,-0.0014,-0.0010,0.0504,-0.0114,-0.0069,-0.0311,2.7015,-1.162,0.454,0.1901,470.184,808.885,0.00237469,0.1898,-0.0014,-1.286,0.551,2.7015,-0.0069,-0.0311,nan,nan
99.41,20.180,0.1898,-0.0014,-0.0010,0.0502,-0.0114,-0.0069,-0.0310,2.7014,-1.166,0.456,0.1901,472.939,816.922,0.00209788,0.1898,-0.0014,-1.291,0.553,2.7015,-0.0069,-0.0310,nan,nan
99.51,20.200,0.1898,-0.0014,-0.0010,0.0500,-0.0114,-0.0069,-0.0309,2.7014,-1.170,0.458,0.1901,475.708,825.016,0.00237469,0.1899,-0.0012,-1.297,0.556,2.7014,-0.0069,-0.0309,nan,nan
99.61,20.220,0.1899,-0.0012,-0.0008,0.0497,-0.0113,-0.0069,-0.0307,2.7014,-1.174,0.460,0.1901,475.708,825.016,0.00237469,0.1899,-0.0012,-1.297,0.556,2.7014,-0.0069,-0.0307,nan,nan
99.71,20.240,0.1899,-0.0012,-0.0008,0.0495,-0.0113,-0.0069,-0.0306,2.7014,-1.178,0.461,0.1901,479.422,835.898,0.00237469,0.1899,-0.0012,-1.303,0.559,2.7014,-0.0069,-0.0306,nan,nan
99.81,20.260,0.1899,-0.0012,-0.0008,0.0493,-0.0113,-0.0069,-0.0304,2.7014,-1.182,0.463,0.1901,482.225,844.126,0.00209788,0.1899,-0.0012,-1.309,0.562,2.7014,-0.0069,-0.0305,nan,nan
99.91,20.280,0.1899,-0.0012,-0.0008,0.0491,-0.0113,-0.0069,-0.0303,2.7013,-1.186,0.465,0.1901,485.043,852.413,0.00237469,0.1899,-0.0011,-1.314,0.564,2.7013,-0.0069,-0.0303,nan,nan
100.01,20.320,0.1899,-0.0011,-0.0008,0.0488,-0.0113,-0.0069,-0.0302,2.7013,-1.190,0.467,0.1901,485.043,852.413,0.00237469,0.1899,-0.0011,-1.314,0.564,2.7013,-0.0069,-0.0302,nan,nan
100.11,20.340,0.1899,-0.0011,-0.0008,0.0486,-0.0113,-0.0069,-0.0300,2.7013,-1.194,0.469,0.1901,488.823,863.553,0.00237469,0.1899,-0.0011,-1.321,0.567,2.7013,-0.0069,-0.0300,nan,nan
100.21,20.360,0.1899,-0.0011,-0.0008,0.0484,-0.0113,-0.0069,-0.0299,2.7013,-1.197,0.471,0.1901,488.823,863.553,0.00237469,0.1899,-0.0011,-1.321,0.567,2.7013,-0.0069,-0.0299,nan,nan
100.31,20.380,0.1899,-0.0011,-0.0008,0.0482,-0.0113,-0.0069,-0.0297,2.7013,-1.201,0.472,0.1901,491.675,871.976,0.00209788,0.1899,-0.0011,-1.326,0.570,2.7013,-0.0069,-0.0298,nan,nan
100.41,20.400,0.1899,-0.0011,-0.0007,0.0479,-0.0113,-0.0069,-0.0296,2.7012,-1.205,0.474,0.1902,494.542,880.459,0.00237469,0.1899,-0.0010,-1.331,0.572,2.7013,-0.0069,-0.0296,nan,nan
100.51,20.420,0.1899,-0.0010,-0.0007,0.0475,-0.0118,-0.0069,-0.0295,2.7012,-1.209,0.476,0.1902,498.388,891.861,0.00237469,0.1899,-0.0010,-1.338,0.575,2.7012,-0.0069,-0.0295,nan,nan
100.61,20.440,0.1899,-0.0010,-0.0007,0.0476,-0.0113,-0.0069,-0.0293,2.7012,-1.213,0.478,0.1902,498.388,891.861,0.00237469,0.1899,-0.0010,-1.338,0.575,2.7012,-0.0069,-0.0294,nan,nan
100.71,20.480,0.1899,-0.0010,-0.0007,0.0473,-0.0113,-0.0069,-0.0292,2.7012,-1.218,0.480,0.1902,501.289,900.482,0.00209788,0.1899,-0.0010,-1.343,0.578,2.7012,-0.0069,-0.0292,nan,nan
100.81,20.500,0.1899,-0.0010,-0.0007,0.0471,-0.0113,-0.0069,-0.0290,2.7012,-1.222,0.482,0.1902,504.206,909.163,0.00237469,0.1899,-0.0009,-1.348,0.580,2.7012,-0.0069,-0.0291,nan,nan
100.91,20.520,0.1899,-0.0009,-0.0006,0.0468,-0.0113,-0.0069,-0.0289,2.7012,-1.226,0.484,0.1902,504.206,909.163,0.00237469,0.1899,-0.0009,-1.348,0.580,2.7012,-0.0069,-0.0289,nan,nan
101.01,20.540,0.1899,-0.0009,-0.0034,0.0115,-0.1750,-0.0072,-0.0291,2.7011,-1.229,0.486,0.1870,508.119,920.832,0.00237469,0.1899,-0.0009,-1.355,0.583,2.7012,-0.0072,-0.0290,nan,nan
101.11,20.560,0.1899,-0.0009,-0.0019,0.0162,-0.1721,-0.0076,-0.0299,2.7011,-1.233,0.487,0.1871,511.071,929.654,0.00209788,0.1899,-0.0009,-1.360,0.586,2.7011,-0.0076,-0.0298,nan,nan
101.21,20.580,0.1899,-0.0009,-0.0011,0.0211,-0.1687,-0.0076,-0.0309,2.7011,-1.237,0.489,0.1872,511.071,929.654,0.00209788,0.1899,-0.0009,-1.360,0.586,2.7011,-0.0076,-0.0306,nan,nan
101.31,20.620,0.1899,-0.0007,-0.0002,-0.0537,-0.0661,-0.0070,-0.0320,2.7010,-1.241,0.491,0.1869,514.038,938.536,0.00237469,0.1899,-0.0007,-1.365,0.588,2.7011,-0.0070,-0.0320,nan,nan
101.41,20.640,0.1899,-0.0007,-0.0006,0.6782,-0.0114,-0.0069,-0.0321,2.7010,-1.245,0.493,0.1912,518.019,950.475,0.00237469,0.1899,-0.0007,-1.372,0.591,2.7010,-0.0069,-0.0322,nan,nan
101.51,20.660,0.1899,-0.0007,-0.0002,-0.0260,-0.0595,-0.0071,-0.0317,2.7010,-1.248,0.495,0.1905,518.019,950.475,0.00237469,0.1899,-0.0007,-1.372,0.591,2.7010,-0.0071,-0.0318,nan,nan
101.61,20.680,0.1899,-0.0007,-0.0002,-0.0149,-0.0506,-0.0072,-0.0315,2.7010,-1.252,0.497,0.1899,521.023,959.501,0.00209788,0.1899,-0.0007,-1.377,0.594,2.7010,-0.0072,-0.0316,nan,nan
101.71,20.700,0.1899,-0.0007,-0.0002,-0.0019,-0.0413,-0.0071,-0.0316,2.7010,-1.256,0.498,0.1896,524.042,968.588,0.00237469,0.1899,-0.0006,-1.382,0.596,2.7010,-0.0072,-0.0315,nan,nan
101.81,20.720,0.1899,-0.0006,-0.0002,0.0158,-0.0309,-0.0070,-0.0317,2.7010,-1.260,0.500,0.1893,524.042,968.588,0.00237469,0.1899,-0.0006,-1.382,0.596,2.7010,-0.0070,-0.0317,nan,nan
101.91,20.740,0.1899,-0.0006,-0.0005,1.5350,1.2770,-0.0069,-0.0319,2.7010,-1.264,0.502,0.1903,528.091,980.802,0.00237469,0.1899,-0.0006,-1.389,0.600,2.7010,-0.0069,-0.0319,nan,nan
102.01,20.760,0.1899,-0.0006,-0.0003,0.0365,-0.0193,-0.0069,-0.0318,2.7010,-1.268,0.504,0.1902,531.146,990.035,0.00209788,0.1899,-0.0006,-1.395,0.602,2.7010,-0.0069,-0.0318,nan,nan
102.11,20.800,0.1899,-0.0006,-0.0003,0.0513,-0.0112,-0.0069,-0.0317,2.7010,-1.272,0.506,0.1903,534.217,999.331,0.00237469,0.1899,-0.0006,-1.400,0.604,2.7010,-0.0069,-0.0317,nan,nan
102.21,20.820,0.1899,-0.0006,-0.0003,0.0511,-0.0112,-0.0068,-0.0314,2.7010,-1.276,0.508,0.1878,534.217,999.331,0.00237469,0.1899,-0.0006,-1.400,0.604,2.7010,-0.0069,-0.0315,nan,nan
102.31,20.840,0.1899,-0.0006,0.0069,-0.0581,0.0682,-0.0052,-0.0305,2.7012,-1.280,0.510,0.1894,538.335,1011.82,0.00237469,0.1899,-0.0006,-1.407,0.608,2.7010,-0.0056,-0.0307,nan,nan
102.41,20.860,0.1899,-0.0006,0.0043,-0.0533,0.0709,-0.0038,-0.0300,2.7013,-1.284,0.512,0.1892,541.442,1021.27,0.00209788,0.1899,-0.0006,-1.412,0.610,2.7012,-0.0044,-0.0301,nan,nan
102.51,20.880,0.1899,-0.0006,0.0015,-0.0451,0.0747,-0.0027,-0.0299,2.7013,-1.287,0.513,0.1889,541.442,1021.27,0.00209788,0.1899,-0.0006,-1.412,0.610,2.7012,-0.0028,-0.0299,nan,nan
102.61,20.900,0.1899,-0.0006,0.0001,-0.0390,0.0773,-0.0018,-0.0301,2.7013,-1.291,0.515,0.1886,544.563,1030.78,0.00237469,0.1899,-0.0009,-1.417,0.613,2.7013,-0.0019,-0.0300,nan,nan
102.71,20.920,0.1899,-0.0009,-0.0006,-0.0323,0.0797,-0.0010,-0.0306,2.7013,-1.295,0.517,0.1882,548.749,1043.55,0.00237469,0.1899,-0.0009,-1.424,0.616,2.7013,-0.0012,-0.0304,nan,nan
102.81,20.960,0.1899,-0.0009,-0.0005,0.0395,-0.0056,-0.0009,-0.0306,2.7013,-1.299,0.519,0.1912,548.749,1043.55,0.00237469,0.1899,-0.0009,-1.424,0.616,2.7013,-0.0009,-0.0306,nan,nan
102.91,20.980,0.1899,-0.0009,-0.0005,0.0507,0.0008,-0.0010,-0.0300,2.7013,-1.303,0.521,0.1912,551.907,1053.21,0.00209788,0.1899,-0.0009,-1.429,0.618,2.7013,-0.0010,-0.0301,nan,nan
103.01,21.000,0.1899,-0.0009,-0.0005,0.0619,0.0075,-0.0012,-0.0294,2.7013,-1.307,0.523,0.1873,555.081,1062.94,0.00237469,0.1662,-0.1964,-1.434,0.621,2.7013,-0.0011,-0.0297,nan,nan
103.11,21.020,0.1775,-0.0164,-0.0156,-0.0847,0.0530,-0.0019,-0.0279,2.7010,-1.311,0.525,0.1747,555.081,1062.94,0.00237469,0.1662,-0.1964,-1.434,0.621,2.7013,-0.0019,-0.0279,nan,nan
103.21,21.040,0.1662,-0.0364,-0.0260,0.1716,-0.0682,-0.0030,-0.0258,2.7005,-1.315,0.526,0.1777,559.338,1076,0.00237469,0.1662,-0.1964,-1.441,0.624,2.7011,-0.0028,-0.0262,nan,nan
103.31,21.060,0.1662,-0.0564,-0.0364,0.1864,-0.0655,-0.0041,-0.0238,2.6997,-1.318,0.528,0.1808,562.553,1085.88,0.00209788,0.1662,-0.1964,-1.445,0.626,2.7004,-0.0038,-0.0244,nan,nan
103.41,21.100,0.1662,-0.0964,-0.0523,0.1050,0.0444,-0.0053,-0.0217,2.6986,-1.322,0.530,0.1841,565.789,1095.81,0.00237469,0.1662,-0.1965,-1.450,0.628,2.6992,-0.0053,-0.0217,nan,nan
103.51,21.120,0.1662,-0.1164,-0.0626,0.1793,-0.0381,-0.0066,-0.0195,2.6972,-1.326,0.532,0.1866,565.789,1095.81,0.00237469,0.1662,-0.1965,-1.450,0.628,2.6992,-0.0064,-0.0198,nan,nan
103.61,21.140,0.1662,-0.1364,-0.0728,0.1768,-0.0401,-0.0081,-0.0170,2.6955,-1.330,0.534,0.1893,570.144,1109.15,0.00237469,0.1662,-0.1965,-1.456,0.631,2.6969,-0.0076,-0.0177,nan,nan
103.71,21.160,0.1662,-0.1564,-0.0830,0.1741,-0.0422,-0.0095,-0.0145,2.6937,-1.334,0.536,0.1924,573.445,1119.22,0.00209788,0.1662,-0.1965,-1.460,0.633,2.6946,-0.0089,-0.0156,nan,nan
103.81,21.180,0.1662,-0.1764,-0.1076,-0.8489,0.2870,-0.0095,-0.0142,2.6917,-1.338,0.538,0.1813,573.445,1119.22,0.00209788,0.1662,-0.1965,-1.460,0.633,2.6946,-0.0095,-0.0142,nan,nan
103.91,21.200,0.1662,-0.1952,-0.1188,-0.2996,-0.4681,-0.0094,-0.0147,2.6888,-1.342,0.539,0.1632,576.779,1129.35,0.00237469,0.1671,-0.1891,-1.465,0.635,2.6921,-0.0094,-0.0147,nan,nan
104.01,21.220,0.1671,-0.1891,-0.0908,-0.0066,-0.0111,-0.0094,-0.0147,2.6867,-1.345,0.541,0.1603,581.284,1142.93,0.00237469,0.1671,-0.1891,-1.471,0.638,2.6875,-0.0094,-0.0147,nan,nan
104.11,21.260,0.1671,-0.1891,-0.0905,-0.0066,-0.0111,-0.0094,-0.0148,2.6846,-1.348,0.542,0.1596,581.284,1142.93,0.00237469,0.1671,-0.1891,-1.471,0.638,2.6875,-0.0094,-0.0148,nan,nan
104.21,21.280,0.1671,-0.1891,-0.0904,-0.0065,-0.0111,-0.0093,-0.0148,2.6826,-1.352,0.544,0.1589,584.709,1153.18,0.00209788,0.1671,-0.1891,-1.475,0.640,2.6846,-0.0093,-0.0148,nan,nan
104.31,21.300,0.1671,-0.1891,-0.0962,0.1501,-0.1116,-0.0093,-0.0148,2.6808,-1.354,0.545,0.1607,588.171,1163.48,0.00237469,0.1688,-0.1754,-1.480,0.642,2.6819,-0.0093,-0.0148,nan,nan
104.41,21.320,0.1688,-0.1759,-0.0890,0.1509,-0.1104,-0.0092,-0.0149,2.6790,-1.357,0.546,0.1630,588.171,1163.48,0.00237469,0.1688,-0.1754,-1.480,0.642,2.6819,-0.0092,-0.0149,nan,nan
104.51,21.340,0.1688,-0.1754,-0.0889,0.1513,-0.1100,-0.0091,-0.0151,2.6770,-1.361,0.548,0.1659,592.846,1177.29,0.00237469,0.1688,-0.1754,-1.486,0.645,2.6782,-0.0091,-0.0150,nan,nan
104.61,21.360,0.1688,-0.1754,-0.0887,0.1516,-0.1096,-0.0090,-0.0152,2.6750,-1.364,0.549,0.1687,596.395,1187.71,0.00209788,0.1688,-0.1754,-1.490,0.648,2.6756,-0.0090,-0.0152,nan,nan
104.71,21.380,0.1688,-0.1754,-0.0884,0.1522,-0.1090,-0.0089,-0.0153,2.6731,-1.367,0.551,0.1715,596.395,1187.71,0.00209788,0.1688,-0.1754,-1.490,0.648,2.6756,-0.0089,-0.0153,nan,nan
104.81,21.400,0.1688,-0.1754,-0.0832,0.1710,-0.0465,-0.0088,-0.0155,2.6712,-1.371,0.553,0.1745,599.981,1198.19,0.00237469,0.1703,-0.1630,-1.495,0.650,2.6729,-0.0088,-0.0155,nan,nan
104.91,21.420,0.1703,-0.1632,-0.0818,0.1533,-0.1075,-0.0087,-0.0156,2.6694,-1.374,0.555,0.1774,604.821,1212.24,0.00237469,0.1703,-0.1630,-1.501,0.653,2.6695,-0.0087,-0.0156,nan,nan
105.01,21.440,0.1703,-0.1630,-0.0817,0.1536,-0.1071,-0.0086,-0.0157,2.6676,-1.378,0.556,0.1802,604.821,1212.24,0.00237469,0.1703,-0.1630,-1.501,0.653,2.6695,-0.0086,-0.0157,nan,nan
105.11,21.460,0.1703,-0.1630,-0.0815,0.0286,-0.0298,-0.0085,-0.0159,2.6659,-1.381,0.558,0.1820,608.494,1222.84,0.00209788,0.1703,-0.1630,-1.505,0.655,2.6671,-0.0085,-0.0158,nan,nan
105.21,21.480,0.1703,-0.1630,-0.0814,0.0287,-0.0295,-0.0084,-0.0160,2.6641,-1.384,0.560,0.1820,612.204,1233.5,0.00237469,0.1717,-0.1514,-1.510,0.658,2.6647,-0.0084,-0.0160,nan,nan
105.31,21.500,0.1703,-0.1630,-0.0763,0.1719,-0.0450,-0.0083,-0.0161,2.6625,-1.388,0.562,0.1829,612.204,1233.5,0.00237469,0.1717,-0.1514,-1.510,0.658,2.6647,-0.0083,-0.0161,nan,nan
105.41,21.540,0.1717,-0.1514,-0.0753,0.0288,-0.0279,-0.0082,-0.0163,2.6609,-1.391,0.564,0.1827,617.207,1247.79,0.00237469,0.1717,-0.1514,-1.516,0.661,2.6615,-0.0082,-0.0163,nan,nan
105.51,21.560,0.1717,-0.1514,-0.0751,0.0290,-0.0277,-0.0081,-0.0164,2.6594,-1.394,0.566,0.1828,617.207,1247.79,0.00237469,0.1717,-0.1514,-1.516,0.661,2.6615,-0.0081,-0.0164,nan,nan
105.61,21.580,0.1717,-0.1514,-0.0750,0.0292,-0.0276,-0.0080,-0.0165,2.6577,-1.398,0.568,0.1828,621.002,1258.57,0.00209788,0.1717,-0.1514,-1.521,0.663,2.6593,-0.0080,-0.0165,nan,nan
105.71,21.600,0.1717,-0.1514,-0.0749,0.0294,-0.0274,-0.0079,-0.0167,2.6562,-1.401,0.570,0.1836,624.833,1269.41,0.00237469,0.1730,-0.1407,-1.525,0.666,2.6571,-0.0079,-0.0166,nan,nan
105.81,21.620,0.1730,-0.1407,-0.0695,-0.0259,0.0069,-0.0078,-0.0168,2.6547,-1.405,0.572,0.1834,624.833,1269.41,0.00237469,0.1730,-0.1407,-1.525,0.666,2.6571,-0.0079,-0.0168,nan,nan
105.91,21.640,0.1730,-0.1407,-0.0694,0.0295,-0.0260,-0.0077,-0.0169,2.6531,-1.408,0.574,0.1835,629.997,1283.95,0.00237469,0.1730,-0.1407,-1.531,0.669,2.6542,-0.0078,-0.0169,nan,nan
106.01,21.660,0.1730,-0.1407,-0.0693,0.0297,-0.0258,-0.0076,-0.0171,2.6516,-1.412,0.576,0.1835,633.912,1294.92,0.00209788,0.1730,-0.1407,-1.536,0.671,2.6521,-0.0077,-0.0170,nan,nan
106.11,21.680,0.1730,-0.1407,-0.0691,0.0300,-0.0256,-0.0075,-0.0172,2.6500,-1.415,0.578,0.1836,633.912,1294.92,0.00209788,0.1730,-0.1407,-1.536,0.671,2.6521,-0.0075,-0.0172,nan,nan
106.21,21.700,0.1730,-0.1407,-0.0642,-0.3750,-0.0661,-0.0074,-0.0173,2.6485,-1.419,0.580,0.1844,637.864,1305.95,0.00237469,0.1742,-0.1309,-1.540,0.674,2.6500,-0.0075,-0.0173,nan,nan
106.31,21.720,0.1742,-0.1309,-0.0641,0.0301,-0.0243,-0.0073,-0.0175,2.6472,-1.422,0.582,0.1841,643.188,1320.74,0.00237469,0.1742,-0.1309,-1.546,0.677,2.6474,-0.0074,-0.0174,nan,nan
106.41,21.740,0.1742,-0.1309,-0.0640,0.0303,-0.0242,-0.0073,-0.0176,2.6459,-1.425,0.584,0.1841,643.188,1320.74,0.00237469,0.1742,-0.1309,-1.546,0.677,2.6474,-0.0073,-0.0176,nan,nan
106.51,21.760,0.1742,-0.1309,-0.0639,0.0305,-0.0240,-0.0072,-0.0177,2.6444,-1.429,0.586,0.1842,647.222,1331.9,0.00209788,0.1742,-0.1309,-1.551,0.680,2.6455,-0.0072,-0.0177,nan,nan
106.61,21.800,0.1742,-0.1309,-0.0638,0.0308,-0.0238,-0.0071,-0.0179,2.6430,-1.433,0.588,0.1848,651.293,1343.12,0.00237469,0.1752,-0.1220,-1.556,0.682,2.6436,-0.0071,-0.0179,nan,nan
106.71,21.820,0.1752,-0.1220,-0.0593,-0.0227,0.0083,-0.0070,-0.0180,2.6416,-1.436,0.590,0.1847,651.293,1343.12,0.00237469,0.1752,-0.1220,-1.556,0.682,2.6436,-0.0070,-0.0180,nan,nan
106.81,21.840,0.1752,-0.1220,-0.0592,0.0309,-0.0226,-0.0069,-0.0181,2.6403,-1.440,0.592,0.1847,656.776,1358.17,0.00237469,0.1752,-0.1220,-1.562,0.685,2.6411,-0.0069,-0.0181,nan,nan
106.91,21.860,0.1752,-0.1220,-0.0591,0.0311,-0.0224,-0.0068,-0.0183,2.6390,-1.443,0.594,0.1847,660.929,1369.53,0.00209788,0.1752,-0.1220,-1.566,0.688,2.6394,-0.0068,-0.0182,nan,nan
107.01,21.880,0.1752,-0.1220,-0.0590,0.0314,-0.0222,-0.0067,-0.0184,2.6377,-1.447,0.596,0.1848,660.929,1369.53,0.00209788,0.1752,-0.1220,-1.566,0.688,2.6394,-0.0067,-0.0184,nan,nan
107.11,21.900,0.1752,-0.1220,-0.0549,0.1765,-0.0365,-0.0066,-0.0186,2.6364,-1.451,0.598,0.1871,665.118,1380.94,0.00237469,0.1781,-0.1137,-1.571,0.690,2.6376,-0.0066,-0.0185,nan,nan
107.21,21.920,0.1781,-0.1137,-0.0549,-0.0209,0.0089,-0.0065,-0.0187,2.6352,-1.454,0.600,0.1872,670.758,1396.25,0.00237469,0.1781,-0.1137,-1.577,0.694,2.6354,-0.0065,-0.0186,nan,nan
107.31,21.940,0.1781,-0.1137,-0.0548,0.0318,-0.0210,-0.0064,-0.0188,2.6341,-1.457,0.602,0.1871,670.758,1396.25,0.00237469,0.1781,-0.1137,-1.577,0.694,2.6354,-0.0064,-0.0187,nan,nan
107.41,21.960,0.1781,-0.1137,-0.0547,0.0320,-0.0209,-0.0063,-0.0189,2.6328,-1.461,0.604,0.1871,675.03,1407.81,0.00209788,0.1781,-0.1137,-1.582,0.696,2.6337,-0.0064,-0.0189,nan,nan
107.51,22.000,0.1781,-0.1137,-0.0546,0.0323,-0.0207,-0.0062,-0.0191,2.6316,-1.465,0.606,0.1875,679.337,1419.42,0.00237469,0.1790,-0.1060,-1.587,0.699,2.6321,-0.0062,-0.0190,nan,nan
107.61,22.020,0.1790,-0.1060,-0.0509,0.0323,-0.0198,-0.0061,-0.0192,2.6306,-1.468,0.608,0.1875,679.337,1419.42,0.00237469,0.1790,-0.1060,-1.587,0.699,2.6321,-0.0061,-0.0192,nan,nan
107.71,22.040,0.1790,-0.1060,-0.0508,0.0324,-0.0197,-0.0061,-0.0193,2.6295,-1.471,0.610,0.1875,685.134,1435,0.00237469,0.1790,-0.1060,-1.593,0.703,2.6300,-0.0061,-0.0193,nan,nan
107.81,22.060,0.1790,-0.1060,-0.0507,0.0326,-0.0195,-0.0060,-0.0194,2.6283,-1.475,0.613,0.1875,685.134,1435,0.00237469,0.1790,-0.1060,-1.593,0.703,2.6300,-0.0060,-0.0194,nan,nan
107.91,22.060,0.1790,-0.1060,-0.0507,0.0327,-0.0194,-0.0059,-0.0195,2.6277,-1.477,0.614,0.1876,689.524,1446.75,0.00209788,0.1790,-0.1060,-1.597,0.705,2.6285,-0.0059,-0.0195,nan,nan
108.01,22.080,0.1790,-0.1060,-0.0506,0.0329,-0.0193,-0.0058,-0.0196,2.6269,-1.480,0.615,0.1876,689.524,1446.75,0.00209788,0.1790,-0.1060,-1.597,0.705,2.6285,-0.0059,-0.0196,nan,nan
108.11,22.100,0.1790,-0.1060,-0.0463,-0.3550,-0.0625,-0.0058,-0.0197,2.6259,-1.483,0.617,0.1884,693.948,1458.57,0.00237469,0.1802,-0.0969,-1.602,0.708,2.6270,-0.0058,-0.0197,nan,nan
108.21,22.120,0.1802,-0.0969,-0.0462,0.0331,-0.0182,-0.0057,-0.0198,2.6249,-1.486,0.619,0.1880,699.903,1474.42,0.00237469,0.1802,-0.0969,-1.608,0.711,2.6250,-0.0057,-0.0198,nan,nan
108.31,22.140,0.1802,-0.0969,-0.0461,0.0333,-0.0180,-0.0056,-0.0199,2.6241,-1.489,0.621,0.1880,699.903,1474.42,0.00237469,0.1802,-0.0969,-1.608,0.711,2.6250,-0.0056,-0.0199,nan,nan
108.41,22.160,0.1802,-0.0969,-0.0890,0.0221,-0.1160,-0.0059,-0.0191,2.6224,-1.492,0.623,0.1771,704.409,1486.38,0.00209788,0.1802,-0.0969,-1.613,0.714,2.6235,-0.0058,-0.0192,nan,nan
108.51,22.180,0.1802,-0.0969,-0.0878,0.0239,-0.1244,-0.0060,-0.0180,2.6204,-1.495,0.625,0.1775,704.409,1486.38,0.00209788,0.1802,-0.0969,-1.613,0.714,2.6235,-0.0060,-0.0183,nan,nan
108.61,22.200,0.1802,-0.0969,-0.0827,0.0252,-0.1327,-0.0058,-0.0172,2.6188,-1.498,0.627,0.1784,708.955,1498.4,0.00237469,0.1807,-0.0922,-1.618,0.717,2.6210,-0.0059,-0.0174,nan,nan
108.71,22.220,0.1807,-0.0922,-0.0822,0.0269,-0.1408,-0.0054,-0.0164,2.6171,-1.501,0.629,0.1786,715.085,1514.51,0.00237469,0.1807,-0.0922,-1.624,0.720,2.6176,-0.0056,-0.0166,nan,nan
108.81,22.240,0.1807,-0.0922,-0.0682,-0.2251,0.6001,-0.0051,-0.0160,2.6156,-1.504,0.631,0.1778,715.085,1514.51,0.00237469,0.1807,-0.0922,-1.624,0.720,2.6176,-0.0052,-0.0160,nan,nan
108.91,22.260,0.1807,-0.0922,-0.0818,0.0615,-0.1143,-0.0050,-0.0159,2.6139,-1.508,0.633,0.1786,719.736,1526.66,0.00209788,0.1807,-0.0922,-1.629,0.723,2.6152,-0.0051,-0.0160,nan,nan
109.01,22.280,0.1807,-0.0922,-0.0810,0.0478,0.0208,-0.0050,-0.0159,2.6122,-1.511,0.635,0.1790,719.736,1526.66,0.00209788,0.1807,-0.0922,-1.629,0.723,2.6152,-0.0050,-0.0159,nan,nan
109.11,22.300,0.1807,-0.0922,-0.0703,0.0467,-0.1148,-0.0049,-0.0159,2.6108,-1.514,0.637,0.1801,724.43,1538.86,0.00237469,0.1822,-0.0804,-1.633,0.726,2.6127,-0.0049,-0.0159,nan,nan
109.21,22.320,0.1822,-0.0805,-0.0694,0.0319,-0.0679,-0.0048,-0.0159,2.6094,-1.517,0.639,0.1804,730.759,1555.21,0.00237469,0.1822,-0.0804,-1.640,0.729,2.6097,-0.0049,-0.0159,nan,nan
109.31,22.340,0.1822,-0.0804,-0.0688,0.0281,-0.0514,-0.0048,-0.0159,2.6079,-1.520,0.641,0.1805,730.759,1555.21,0.00237469,0.1822,-0.0804,-1.640,0.729,2.6097,-0.0048,-0.0159,nan,nan
109.41,22.360,0.1822,-0.0804,-0.0682,0.0244,-0.0351,-0.0047,-0.0159,2.6065,-1.523,0.643,0.1806,735.556,1567.55,0.00209788,0.1822,-0.0804,-1.644,0.732,2.6076,-0.0047,-0.0159,nan,nan
109.51,22.380,0.1822,-0.0804,-0.0676,0.0208,-0.0188,-0.0047,-0.0159,2.6052,-1.526,0.645,0.1807,735.556,1567.55,0.00209788,0.1822,-0.0804,-1.644,0.732,2.6076,-0.0047,-0.0159,nan,nan
109.61,22.400,0.1822,-0.0804,-0.0577,0.0235,-0.0317,-0.0046,-0.0159,2.6040,-1.529,0.646,0.1815,740.396,1579.94,0.00237469,0.1835,-0.0698,-1.649,0.735,2.6056,-0.0046,-0.0159,nan,nan
109.71,22.420,0.1835,-0.0698,-0.0567,0.0191,-0.0131,-0.0047,-0.0161,2.6028,-1.532,0.649,0.1816,746.915,1596.55,0.00237469,0.1835,-0.0698,-1.655,0.739,2.6032,-0.0047,-0.0160,nan,nan
109.81,22.440,0.1835,-0.0698,-0.0561,0.0162,0.0040,-0.0047,-0.0163,2.6017,-1.535,0.651,0.1818,746.915,1596.55,0.00237469,0.1835,-0.0698,-1.655,0.739,2.6032,-0.0047,-0.0162,nan,nan
109.91,22.460,0.1835,-0.0698,-0.0553,0.0306,0.0413,-0.0047,-0.0165,2.6006,-1.538,0.653,0.1820,751.852,1609.08,0.00209788,0.1835,-0.0698,-1.660,0.742,2.6015,-0.0047,-0.0164,nan,nan
110.01,22.480,0.1835,-0.0698,-0.0548,0.0310,0.0415,-0.0048,-0.0167,2.5994,-1.542,0.655,0.1823,756.83,1621.67,0.00237469,0.1835,-0.0698,-1.665,0.744,2.5998,-0.0048,-0.0166,nan,nan
110.11,22.500,0.1835,-0.0698,-0.0481,0.0314,0.0418,-0.0049,-0.0171,2.5985,-1.544,0.657,0.1831,756.83,1621.67,0.00237469,0.1845,-0.0611,-1.665,0.744,2.5998,-0.0048,-0.0169,nan,nan
110.21,22.540,0.1845,-0.0611,-0.0473,0.0322,0.0420,-0.0050,-0.0175,2.5974,-1.548,0.659,0.1834,763.529,1638.55,0.00237469,0.1845,-0.0611,-1.671,0.748,2.5978,-0.0050,-0.0175,nan,nan
110.31,22.540,0.1845,-0.0611,-0.0470,0.0325,0.0421,-0.0052,-0.0179,2.5965,-1.551,0.661,0.1836,763.529,1638.55,0.00237469,0.1845,-0.0611,-1.671,0.748,2.5978,-0.0051,-0.0177,nan,nan
110.41,22.560,0.1845,-0.0611,-0.0465,0.0331,0.0422,-0.0053,-0.0183,2.5957,-1.554,0.662,0.1838,768.6,1651.29,0.00209788,0.1845,-0.0611,-1.676,0.751,2.5964,-0.0052,-0.0181,nan,nan
110.51,22.580,0.1845,-0.0611,-0.0459,0.0337,0.0423,-0.0055,-0.0188,2.5947,-1.557,0.664,0.1841,773.709,1664.08,0.00237469,0.1854,-0.0540,-1.681,0.754,2.5950,-0.0054,-0.0186,nan,nan
110.61,22.600,0.1845,-0.0611,-0.0403,0.0343,0.0424,-0.0057,-0.0194,2.5939,-1.560,0.666,0.1848,773.709,1664.08,0.00237469,0.1854,-0.0540,-1.681,0.754,2.5950,-0.0056,-0.0191,nan,nan
110.71,22.640,0.1854,-0.0540,-0.0395,0.0355,0.0424,-0.0060,-0.0200,2.5930,-1.564,0.668,0.1851,780.583,1681.25,0.00237469,0.1854,-0.0540,-1.687,0.758,2.5934,-0.0060,-0.0200,nan,nan
110.81,22.660,0.1854,-0.0540,-0.0390,0.0363,0.0423,-0.0062,-0.0206,2.5923,-1.567,0.670,0.1854,780.583,1681.25,0.00237469,0.1854,-0.0540,-1.687,0.758,2.5934,-0.0062,-0.0206,nan,nan
110.91,22.680,0.1854,-0.0540,-0.0384,0.0372,0.0417,-0.0065,-0.0213,2.5914,-1.570,0.672,0.1856,785.783,1694.2,0.00209788,0.1854,-0.0540,-1.692,0.761,2.5922,-0.0065,-0.0213,nan,nan
111.01,22.700,0.1854,-0.0540,-0.0379,0.0381,0.0416,-0.0068,-0.0221,2.5906,-1.574,0.674,0.1864,791.021,1707.21,0.00237469,0.1861,-0.0480,-1.696,0.764,2.5910,-0.0068,-0.0220,nan,nan
111.11,22.720,0.1861,-0.0480,-0.0334,0.0174,-0.0068,-0.0072,-0.0228,2.5900,-1.577,0.676,0.1864,791.021,1707.21,0.00237469,0.1861,-0.0480,-1.696,0.764,2.5910,-0.0072,-0.0228,nan,nan
111.21,22.720,0.1861,-0.0480,-0.0334,0.0184,-0.0071,-0.0075,-0.0236,2.5894,-1.580,0.678,0.1862,798.064,1724.66,0.00237469,0.1861,-0.0480,-1.703,0.767,2.5896,-0.0075,-0.0236,nan,nan
111.31,22.760,0.1861,-0.0480,-0.0352,0.3516,-0.9842,-0.0078,-0.0243,2.5887,-1.583,0.680,0.1858,798.064,1724.66,0.00237469,0.1861,-0.0480,-1.703,0.767,2.5896,-0.0078,-0.0243,nan,nan
111.41,22.760,0.1861,-0.0480,-0.0372,0.0406,0.0421,-0.0076,-0.0240,2.5880,-1.586,0.681,0.1872,803.389,1737.83,0.00209788,0.1861,-0.0480,-1.707,0.770,2.5887,-0.0077,-0.0241,nan,nan
111.51,22.780,0.1861,-0.0480,-0.0345,0.0265,0.0016,-0.0074,-0.0237,2.5873,-1.589,0.683,0.1867,808.753,1751.07,0.00237469,0.1867,-0.0431,-1.712,0.773,2.5876,-0.0075,-0.0238,nan,nan
111.61,22.820,0.1867,-0.0431,-0.0316,0.0243,0.0335,-0.0072,-0.0234,2.5866,-1.593,0.686,0.1872,808.753,1751.07,0.00237469,0.1867,-0.0431,-1.712,0.773,2.5876,-0.0072,-0.0234,nan,nan
111.71,22.840,0.1867,-0.0431,-0.0318,0.0230,0.0544,-0.0070,-0.0233,2.5858,-1.596,0.688,0.1875,815.963,1768.82,0.00237469,0.1867,-0.0431,-1.719,0.777,2.5863,-0.0071,-0.0233,nan,nan
111.81,22.860,0.1867,-0.0431,-0.0319,0.0215,0.0748,-0.0070,-0.0233,2.5851,-1.600,0.690,0.1879,821.415,1782.21,0.00209788,0.1867,-0.0431,-1.723,0.780,2.5853,-0.0070,-0.0233,nan,nan
111.91,22.880,0.1867,-0.0431,-0.0318,0.0193,0.1037,-0.0070,-0.0235,2.5843,-1.604,0.693,0.1884,821.415,1782.21,0.00209788,0.1867,-0.0431,-1.723,0.780,2.5853,-0.0070,-0.0234,nan,nan
112.01,22.900,0.1867,-0.0431,-0.0284,-0.0297,0.0302,-0.0072,-0.0238,2.5837,-1.607,0.695,0.1887,826.905,1795.67,0.00237469,0.1873,-0.0385,-1.728,0.783,2.5844,-0.0072,-0.0237,nan,nan
112.11,22.920,0.1873,-0.0385,-0.0295,0.0167,0.1465,-0.0071,-0.0237,2.5830,-1.611,0.697,0.1891,834.283,1813.73,0.00237469,0.1873,-0.0385,-1.734,0.787,2.5832,-0.0071,-0.0237,nan,nan
112.21,22.940,0.1873,-0.0385,-0.0293,0.0150,0.1668,-0.0070,-0.0237,2.5824,-1.615,0.699,0.1898,834.283,1813.73,0.00237469,0.1873,-0.0385,-1.734,0.787,2.5832,-0.0070,-0.0236,nan,nan
112.31,22.980,0.1873,-0.0385,-0.0298,0.0445,-0.0118,-0.0069,-0.0236,2.5817,-1.618,0.702,0.1899,839.861,1827.35,0.00209788,0.1873,-0.0385,-1.739,0.790,2.5823,-0.0069,-0.0236,nan,nan
112.41,23.000,0.1873,-0.0385,-0.0286,0.1040,-0.1905,-0.0069,-0.0233,2.5811,-1.621,0.703,0.1902,845.477,1841.04,0.00237469,0.1878,-0.0343,-1.744,0.793,2.5814,-0.0069,-0.0233,nan,nan
112.51,23.020,0.1878,-0.0343,-0.0208,0.2886,-0.4034,-0.0068,-0.0222,2.5806,-1.625,0.706,0.1894,845.477,1841.04,0.00237469,0.1878,-0.0343,-1.744,0.793,2.5814,-0.0068,-0.0224,nan,nan
112.61,23.040,0.1878,-0.0343,-0.0201,0.8745,-0.5655,-0.0067,-0.0206,2.5802,-1.628,0.708,0.1909,853.024,1859.41,0.00237469,0.1878,-0.0343,-1.750,0.797,2.5804,-0.0067,-0.0208,nan,nan
112.71,23.060,0.1878,-0.0343,-0.0363,-0.0445,0.1403,-0.0071,-0.0191,2.5796,-1.632,0.710,0.1900,853.024,1859.41,0.00237469,0.1878,-0.0343,-1.750,0.797,2.5804,-0.0070,-0.0193,nan,nan
112.81,23.080,0.1878,-0.0343,-0.0381,-0.0678,-0.0795,-0.0076,-0.0183,2.5788,-1.635,0.712,0.1892,858.727,1873.26,0.00209788,0.1878,-0.0343,-1.755,0.800,2.5797,-0.0075,-0.0185,nan,nan
112.91,23.100,0.1878,-0.0343,-0.0380,-0.0684,-0.0797,-0.0078,-0.0178,2.5780,-1.639,0.714,0.1889,864.469,1887.19,0.00237469,0.1882,-0.0307,-1.760,0.803,2.5787,-0.0078,-0.0180,nan,nan
113.01,23.120,0.1882,-0.0307,-0.0341,-0.0692,-0.0791,-0.0080,-0.0176,2.5771,-1.643,0.716,0.1882,864.469,1887.19,0.00237469,0.1882,-0.0307,-1.760,0.803,2.5787,-0.0080,-0.0176,nan,nan
113.11,23.140,0.1882,-0.0307,-0.0341,-0.0692,-0.0789,-0.0079,-0.0177,2.5764,-1.646,0.718,0.1874,872.187,1905.87,0.00237469,0.1882,-0.0307,-1.766,0.807,2.5772,-0.0079,-0.0177,nan,nan
113.21,23.160,0.1882,-0.0307,-0.0341,-0.0689,-0.0785,-0.0076,-0.0181,2.5756,-1.650,0.721,0.1867,878.024,1919.95,0.00209788,0.1882,-0.0307,-1.771,0.810,2.5762,-0.0077,-0.0180,nan,nan
113.31,23.180,0.1882,-0.0307,-0.0341,-0.0684,-0.0780,-0.0072,-0.0188,2.5748,-1.653,0.723,0.1859,883.902,1934.11,0.00237469,0.1889,-0.0256,-1.776,0.813,2.5751,-0.0074,-0.0185,nan,nan
113.41,23.220,0.1889,-0.0256,-0.0284,-0.0666,-0.0756,-0.0066,-0.0198,2.5742,-1.657,0.725,0.1858,883.902,1934.11,0.00237469,0.1889,-0.0256,-1.776,0.813,2.5751,-0.0066,-0.0198,nan,nan
113.51,23.240,0.1889,-0.0256,-0.0178,3.6915,-0.6915,-0.0059,-0.0210,2.5736,-1.660,0.727,0.1870,891.803,1953.1,0.00237469,0.1889,-0.0256,-1.782,0.817,2.5739,-0.0059,-0.0209,nan,nan
113.61,23.260,0.1889,-0.0256,-0.0276,-0.2380,0.1897,-0.0059,-0.0208,2.5730,-1.664,0.730,0.1884,897.775,1967.42,0.00209788,0.1889,-0.0256,-1.787,0.820,2.5732,-0.0059,-0.0209,nan,nan
113.71,23.280,0.1889,-0.0256,-0.0283,-0.0659,-0.0756,-0.0058,-0.0209,2.5724,-1.668,0.732,0.1878,897.775,1967.42,0.00209788,0.1889,-0.0256,-1.787,0.820,2.5732,-0.0058,-0.0209,nan,nan
113.81,23.300,0.1889,-0.0256,-0.0283,-0.0657,-0.0755,-0.0057,-0.0212,2.5719,-1.671,0.734,0.1872,903.786,1981.81,0.00237469,0.1894,-0.0214,-1.792,0.823,2.5724,-0.0057,-0.0211,nan,nan
113.91,23.320,0.1894,-0.0214,-0.0203,0.0501,-0.0371,-0.0056,-0.0213,2.5715,-1.674,0.736,0.1875,903.786,1981.81,0.00237469,0.1894,-0.0214,-1.792,0.823,2.5724,-0.0056,-0.0213,nan,nan
114.01,23.340,0.1894,-0.0214,-0.0227,0.0550,-0.0250,-0.0055,-0.0214,2.5711,-1.677,0.738,0.1879,911.863,2001.11,0.00237469,0.1894,-0.0214,-1.798,0.827,2.5715,-0.0056,-0.0214,nan,nan
114.11,23.360,0.1894,-0.0214,-0.0236,0.0348,-0.0134,-0.0055,-0.0215,2.5706,-1.681,0.740,0.1880,917.966,2015.68,0.00209788,0.1894,-0.0214,-1.803,0.830,2.5709,-0.0055,-0.0215,nan,nan
114.21,23.380,0.1894,-0.0214,-0.0236,0.0349,-0.0133,-0.0054,-0.0216,2.5701,-1.684,0.743,0.1880,917.966,2015.68,0.00209788,0.1894,-0.0214,-1.803,0.830,2.5709,-0.0054,-0.0216,nan,nan
114.31,23.400,0.1894,-0.0214,-0.0199,0.0351,-0.0125,-0.0053,-0.0217,2.5696,-1.687,0.745,0.1886,924.107,2030.32,0.00237469,0.1898,-0.0180,-1.808,0.833,2.5702,-0.0053,-0.0217,nan,nan
114.41,23.420,0.1898,-0.0180,-0.0199,0.0353,-0.0123,-0.0052,-0.0218,2.5692,-1.691,0.747,0.1886,932.357,2049.95,0.00237469,0.1898,-0.0180,-1.814,0.838,2.5693,-0.0053,-0.0218,nan,nan
114.51,23.460,0.1898,-0.0180,-0.0199,0.0355,-0.0122,-0.0052,-0.0219,2.5687,-1.695,0.749,0.1886,932.357,2049.95,0.00237469,0.1898,-0.0180,-1.814,0.838,2.5693,-0.0052,-0.0219,nan,nan
114.61,23.480,0.1898,-0.0180,-0.0199,0.0357,-0.0121,-0.0051,-0.0221,2.5683,-1.698,0.752,0.1886,938.59,2064.76,0.00209788,0.1898,-0.0180,-1.819,0.841,2.5687,-0.0051,-0.0220,nan,nan
114.71,23.500,0.1898,-0.0180,-0.0199,0.0358,-0.0119,-0.0050,-0.0222,2.5679,-1.701,0.754,0.1891,944.863,2079.65,0.00237469,0.1902,-0.0150,-1.824,0.844,2.5681,-0.0050,-0.0221,nan,nan
114.81,23.520,0.1902,-0.0150,-0.0165,0.0360,-0.0112,-0.0049,-0.0223,2.5675,-1.705,0.756,0.1891,944.863,2079.65,0.00237469,0.1902,-0.0150,-1.824,0.844,2.5681,-0.0050,-0.0222,nan,nan
114.91,23.540,0.1902,-0.0150,-0.0165,0.0363,-0.0110,-0.0048,-0.0224,2.5671,-1.709,0.759,0.1891,953.286,2099.62,0.00237469,0.1902,-0.0150,-1.830,0.848,2.5674,-0.0049,-0.0224,nan,nan
115.01,23.560,0.1902,-0.0150,-0.0165,0.0364,-0.0109,-0.0048,-0.0225,2.5667,-1.712,0.761,0.1891,959.649,2114.68,0.00209788,0.1902,-0.0150,-1.835,0.851,2.5669,-0.0048,-0.0225,nan,nan
115.11,23.580,0.1902,-0.0150,-0.0165,0.0366,-0.0108,-0.0047,-0.0226,2.5664,-1.716,0.764,0.1891,959.649,2114.68,0.00209788,0.1902,-0.0150,-1.835,0.851,2.5669,-0.0047,-0.0226,nan,nan
115.21,23.600,0.1902,-0.0150,-0.0137,0.0368,-0.0101,-0.0046,-0.0227,2.5661,-1.719,0.766,0.1895,966.051,2129.82,0.00237469,0.1905,-0.0125,-1.840,0.854,2.5664,-0.0046,-0.0227,nan,nan
115.31,23.620,0.1905,-0.0125,-0.0137,0.0369,-0.0100,-0.0046,-0.0228,2.5658,-1.722,0.768,0.1895,974.648,2150.13,0.00237469,0.1905,-0.0125,-1.846,0.858,2.5659,-0.0046,-0.0228,nan,nan
115.41,23.640,0.1905,-0.0125,-0.0137,0.0371,-0.0099,-0.0045,-0.0229,2.5655,-1.726,0.770,0.1895,974.648,2150.13,0.00237469,0.1905,-0.0125,-1.846,0.858,2.5659,-0.0045,-0.0229,nan,nan
115.51,23.660,0.1905,-0.0125,-0.0137,0.0372,-0.0098,-0.0044,-0.0230,2.5652,-1.729,0.772,0.1895,981.14,2165.46,0.00209788,0.1905,-0.0125,-1.851,0.861,2.5655,-0.0044,-0.0230,nan,nan
115.61,23.700,0.1905,-0.0125,-0.0137,0.0375,-0.0096,-0.0043,-0.0232,2.5649,-1.733,0.775,0.1899,987.67,2180.86,0.00237469,0.1907,-0.0103,-1.855,0.864,2.5650,-0.0043,-0.0232,nan,nan
115.71,23.720,0.1907,-0.0103,-0.0114,0.0377,-0.0091,-0.0043,-0.0233,2.5646,-1.736,0.777,0.1899,987.67,2180.86,0.00237469,0.1907,-0.0103,-1.855,0.864,2.5650,-0.0043,-0.0233,nan,nan
115.81,23.740,0.1907,-0.0103,-0.0114,0.0378,-0.0090,-0.0042,-0.0234,2.5644,-1.740,0.779,0.1899,996.438,2201.52,0.00237469,0.1907,-0.0103,-1.862,0.869,2.5646,-0.0042,-0.0234,nan,nan
115.91,23.760,0.1907,-0.0103,-0.0114,0.0381,-0.0088,-0.0041,-0.0235,2.5641,-1.744,0.782,0.1899,1003.06,2217.11,0.00209788,0.1907,-0.0103,-1.867,0.872,2.5642,-0.0041,-0.0235,nan,nan
116.01,23.780,0.1907,-0.0103,-0.0114,0.0382,-0.0087,-0.0040,-0.0236,2.5638,-1.747,0.784,0.1899,1003.06,2217.11,0.00209788,0.1907,-0.0103,-1.867,0.872,2.5642,-0.0040,-0.0236,nan,nan
116.11,23.800,0.1907,-0.0103,-0.0094,0.0384,-0.0082,-0.0039,-0.0237,2.5636,-1.751,0.787,0.1902,1009.72,2232.78,0.00237469,0.1909,-0.0086,-1.871,0.875,2.5639,-0.0040,-0.0237,nan,nan
116.21,23.840,0.1909,-0.0086,-0.0094,0.0387,-0.0081,-0.0039,-0.0239,2.5634,-1.755,0.789,0.1902,1018.66,2253.8,0.00237469,0.1909,-0.0086,-1.878,0.879,2.5635,-0.0039,-0.0239,nan,nan
116.31,23.860,0.1909,-0.0086,-0.0094,0.0388,-0.0080,-0.0038,-0.0240,2.5632,-1.758,0.791,0.1902,1018.66,2253.8,0.00237469,0.1909,-0.0086,-1.878,0.879,2.5635,-0.0038,-0.0240,nan,nan
116.41,23.880,0.1909,-0.0086,-0.0094,0.0390,-0.0079,-0.0037,-0.0241,2.5630,-1.762,0.794,0.1902,1025.41,2269.66,0.00209788,0.1909,-0.0086,-1.883,0.882,2.5632,-0.0037,-0.0241,nan,nan
116.51,23.900,0.1909,-0.0086,-0.0094,0.0391,-0.0077,-0.0037,-0.0242,2.5628,-1.765,0.796,0.1904,1032.2,2285.6,0.00237469,0.1911,-0.0071,-1.887,0.885,2.5629,-0.0037,-0.0242,nan,nan
116.61,23.920,0.1911,-0.0071,-0.0078,0.0393,-0.0073,-0.0036,-0.0243,2.5626,-1.768,0.798,0.1904,1032.2,2285.6,0.00237469,0.1911,-0.0071,-1.887,0.885,2.5629,-0.0036,-0.0243,nan,nan
116.71,23.940,0.1911,-0.0071,-0.0069,0.0395,-0.0060,-0.0036,-0.0243,2.5625,-1.772,0.800,0.1909,1041.31,2306.98,0.00237469,0.1911,-0.0071,-1.894,0.889,2.5626,-0.0036,-0.0243,nan,nan
116.81,23.960,0.1911,-0.0071,-0.0069,0.0395,-0.0061,-0.0036,-0.0243,2.5623,-1.775,0.803,0.1909,1048.18,2323.11,0.00209788,0.1911,-0.0071,-1.899,0.893,2.5624,-0.0036,-0.0243,nan,nan
116.91,23.980,0.1911,-0.0071,-0.0069,0.0395,-0.0061,-0.0036,-0.0243,2.5622,-1.779,0.805,0.1909,1048.18,2323.11,0.00209788,0.1911,-0.0071,-1.899,0.893,2.5624,-0.0036,-0.0243,nan,nan
117.01,24.000,0.1911,-0.0071,-0.0057,0.0395,-0.0061,-0.0036,-0.0243,2.5620,-1.782,0.807,0.1911,1055.1,2339.33,0.00237469,0.1913,-0.0060,-1.903,0.896,2.5622,-0.0036,-0.0243,nan,nan
117.11,24.020,0.1913,-0.0060,-0.0057,0.0395,-0.0061,-0.0036,-0.0243,2.5619,-1.786,0.810,0.1911,1064.38,2361.08,0.00237469,0.1913,-0.0060,-1.910,0.900,2.5619,-0.0036,-0.0243,nan,nan
117.21,24.060,0.1913,-0.0060,-0.0057,0.0395,-0.0061,-0.0036,-0.0243,2.5618,-1.790,0.812,0.1911,1064.38,2361.08,0.00237469,0.1913,-0.0060,-1.910,0.900,2.5619,-0.0036,-0.0243,nan,nan
117.31,24.080,0.1913,-0.0060,-0.0057,0.0395,-0.0061,-0.0036,-0.0243,2.5616,-1.793,0.815,0.1911,1071.39,2377.49,0.00209788,0.1913,-0.0060,-1.915,0.903,2.5618,-0.0036,-0.0243,nan,nan
117.41,24.100,0.1913,-0.0060,-0.0057,0.0395,-0.0061,-0.0036,-0.0243,2.5615,-1.797,0.817,0.1912,1078.43,2393.99,0.00237469,0.1914,-0.0051,-1.919,0.906,2.5616,-0.0036,-0.0243,nan,nan
117.51,24.120,0.1914,-0.0051,-0.0049,0.0395,-0.0061,-0.0035,-0.0243,2.5614,-1.801,0.819,0.1912,1078.43,2393.99,0.00237469,0.1914,-0.0051,-1.919,0.906,2.5616,-0.0035,-0.0243,nan,nan
117.61,24.140,0.1914,-0.0051,-0.0049,0.0395,-0.0060,-0.0035,-0.0243,2.5613,-1.804,0.822,0.1912,1087.88,2416.12,0.00237469,0.1914,-0.0051,-1.926,0.910,2.5614,-0.0035,-0.0243,nan,nan
117.71,24.160,0.1914,-0.0051,-0.0049,0.0395,-0.0060,-0.0035,-0.0243,2.5612,-1.808,0.824,0.1912,1095.02,2432.82,0.00209788,0.1914,-0.0051,-1.931,0.914,2.5612,-0.0035,-0.0243,nan,nan
117.81,24.180,0.1914,-0.0051,-0.0049,0.0395,-0.0060,-0.0035,-0.0243,2.5611,-1.812,0.827,0.1912,1095.02,2432.82,0.00209788,0.1914,-0.0051,-1.931,0.914,2.5612,-0.0035,-0.0243,nan,nan
117.91,24.200,0.1914,-0.0051,-0.0042,0.0395,-0.0060,-0.0035,-0.0243,2.5610,-1.815,0.829,0.1913,1102.19,2449.6,0.00237469,0.1915,-0.0044,-1.935,0.917,2.5611,-0.0035,-0.0243,nan,nan
118.01,24.220,0.1915,-0.0044,-0.0042,0.0395,-0.0060,-0.0035,-0.0243,2.5609,-1.818,0.831,0.1913,1111.82,2472.12,0.00237469,0.1915,-0.0044,-1.942,0.921,2.5609,-0.0035,-0.0243,nan,nan
118.11,24.240,0.1915,-0.0044,-0.0042,0.0400,-0.0069,-0.0035,-0.0243,2.5608,-1.821,0.833,0.1913,1111.82,2472.12,0.00237469,0.1915,-0.0044,-1.942,0.921,2.5609,-0.0035,-0.0243,nan,nan
118.21,24.280,0.1915,-0.0044,-0.0043,0.0414,-0.0061,-0.0035,-0.0243,2.5607,-1.825,0.836,0.1914,1119.08,2489.1,0.00209788,0.1915,-0.0044,-1.947,0.924,2.5608,-0.0035,-0.0243,nan,nan
118.31,24.300,0.1915,-0.0044,-0.0044,0.0403,-0.0060,-0.0035,-0.0243,2.5606,-1.828,0.838,0.1914,1126.39,2506.18,0.00237469,0.1915,-0.0037,-1.951,0.927,2.5607,-0.0035,-0.0243,nan,nan
118.41,24.320,0.1915,-0.0037,-0.0038,0.0400,-0.0061,-0.0035,-0.0243,2.5605,-1.832,0.840,0.1915,1126.39,2506.18,0.00237469,0.1915,-0.0037,-1.951,0.927,2.5607,-0.0035,-0.0243,nan,nan
118.51,24.340,0.1915,-0.0037,-0.0038,0.0401,-0.0061,-0.0035,-0.0243,2.5604,-1.836,0.843,0.1915,1136.19,2529.08,0.00237469,0.1915,-0.0037,-1.958,0.931,2.5605,-0.0035,-0.0243,nan,nan
118.61,24.360,0.1915,-0.0037,-0.0039,0.0401,-0.0061,-0.0035,-0.0243,2.5604,-1.839,0.845,0.1915,1143.58,2546.36,0.00209788,0.1915,-0.0037,-1.963,0.935,2.5604,-0.0035,-0.0243,nan,nan
118.71,24.380,0.1915,-0.0037,-0.0045,0.0333,-0.0022,-0.0035,-0.0243,2.5603,-1.843,0.847,0.1914,1143.58,2546.36,0.00209788,0.1915,-0.0037,-1.963,0.935,2.5604,-0.0035,-0.0243,nan,nan
118.81,24.400,0.1915,-0.0037,-0.0038,0.0416,-0.0057,-0.0035,-0.0243,2.5602,-1.847,0.850,0.1915,1151.02,2563.73,0.00237469,0.1916,-0.0032,-1.967,0.938,2.5603,-0.0035,-0.0243,nan,nan
118.91,24.420,0.1916,-0.0032,-0.0038,0.0589,0.0057,-0.0035,-0.0243,2.5601,-1.850,0.852,0.1916,1160.99,2587.02,0.00237469,0.1916,-0.0032,-1.974,0.942,2.5601,-0.0035,-0.0243,nan,nan
119.01,24.460,0.1916,-0.0032,-0.0018,-0.0461,0.2010,-0.0038,-0.0243,2.5600,-1.854,0.854,0.1915,1160.99,2587.02,0.00237469,0.1916,-0.0032,-1.974,0.942,2.5601,-0.0038,-0.0243,nan,nan
119.11,24.480,0.1916,-0.0032,-0.0009,0.0106,0.1206,-0.0046,-0.0242,2.5600,-1.857,0.857,0.1917,1168.52,2604.6,0.00209788,0.1916,-0.0032,-1.979,0.945,2.5600,-0.0045,-0.0242,nan,nan
119.21,24.500,0.1916,-0.0032,0.0003,0.2854,-0.1694,-0.0058,-0.0240,2.5600,-1.860,0.859,0.1919,1176.09,2622.27,0.00237469,0.1917,-0.0026,-1.983,0.948,2.5600,-0.0056,-0.0240,nan,nan
119.31,24.520,0.1917,-0.0026,0.0025,0.1668,-0.0118,-0.0073,-0.0236,2.5600,-1.864,0.861,0.1918,1176.09,2622.27,0.00237469,0.1917,-0.0026,-1.983,0.948,2.5600,-0.0071,-0.0237,nan,nan
119.41,24.540,0.1917,-0.0026,0.0050,0.1202,0.0471,-0.0093,-0.0232,2.5601,-1.867,0.863,0.1916,1186.24,2645.97,0.00237469,0.1917,-0.0026,-1.990,0.952,2.5600,-0.0091,-0.0232,nan,nan
119.51,24.560,0.1917,-0.0026,-0.0017,0.0748,-0.1340,-0.0107,-0.0220,2.5601,-1.870,0.865,0.1957,1186.24,2645.97,0.00237469,0.1917,-0.0026,-1.990,0.952,2.5600,-0.0106,-0.0222,nan,nan
119.61,24.580,0.1917,-0.0026,-0.0017,0.0214,0.1085,-0.0113,-0.0202,2.5601,-1.874,0.867,0.1963,1193.9,2663.85,0.00209788,0.1917,-0.0026,-1.995,0.956,2.5601,-0.0112,-0.0207,nan,nan
119.71,24.600,0.1917,-0.0026,-0.0028,0.1002,-0.1223,-0.0115,-0.0184,2.5600,-1.877,0.870,0.1967,1201.59,2681.82,0.00237469,0.1917,-0.0029,-1.999,0.959,2.5601,-0.0115,-0.0190,nan,nan
119.81,24.620,0.1917,-0.0029,-0.0044,0.1041,-0.1204,-0.0116,-0.0162,2.5599,-1.881,0.872,0.1970,1201.59,2681.82,0.00237469,0.1917,-0.0029,-1.999,0.959,2.5601,-0.0116,-0.0171,nan,nan
119.91,24.640,0.1917,-0.0029,-0.0101,-0.5647,-0.1073,-0.0102,-0.0151,2.5597,-1.885,0.875,0.1904,1211.92,2705.93,0.00237469,0.1917,-0.0029,-2.006,0.963,2.5599,-0.0103,-0.0151,nan,nan
120.01,24.660,0.1917,-0.0029,-0.0022,0.0902,-0.0572,-0.0096,-0.0141,2.5596,-1.888,0.877,0.1943,1219.71,2724.12,0.00209788,0.1917,-0.0029,-2.011,0.966,2.5597,-0.0097,-0.0143,nan,nan
120.11,24.680,0.1917,-0.0029,-0.0022,0.0889,-0.0566,-0.0089,-0.0129,2.5595,-1.892,0.879,0.1947,1219.71,2724.12,0.00209788,0.1917,-0.0029,-2.011,0.966,2.5597,-0.0091,-0.0132,nan,nan
120.21,24.700,0.1917,-0.0029,-0.0017,0.0875,-0.0558,-0.0082,-0.0116,2.5595,-1.895,0.881,0.1953,1227.55,2742.4,0.00237469,0.1917,-0.0022,-2.015,0.969,2.5596,-0.0084,-0.0119,nan,nan
120.31,24.720,0.1917,-0.0022,-0.0018,0.0855,-0.0546,-0.0074,-0.0101,2.5594,-1.899,0.884,0.1934,1238.06,2766.91,0.00237469,0.1917,-0.0022,-2.022,0.974,2.5595,-0.0076,-0.0105,nan,nan
120.41,24.740,0.1917,-0.0022,-0.0022,-0.6377,-0.0127,-0.0075,-0.0102,2.5594,-1.902,0.886,0.1905,1238.06,2766.91,0.00237469,0.1917,-0.0022,-2.022,0.974,2.5595,-0.0074,-0.0100,nan,nan
120.51,24.780,0.1917,-0.0022,-0.0017,0.0901,-0.0573,-0.0077,-0.0105,2.5594,-1.905,0.888,0.1910,1245.99,2785.41,0.00209788,0.1917,-0.0022,-2.027,0.977,2.5594,-0.0077,-0.0105,nan,nan
120.61,24.800,0.1917,-0.0022,-0.0017,0.0901,-0.0574,-0.0079,-0.0106,2.5593,-1.909,0.890,0.1915,1253.96,2804,0.00237469,0.1918,-0.0018,-2.032,0.980,2.5593,-0.0079,-0.0106,nan,nan
120.71,24.800,0.1917,-0.0022,-0.0014,0.0901,-0.0574,-0.0079,-0.0105,2.5593,-1.911,0.892,0.1920,1253.96,2804,0.00237469,0.1918,-0.0018,-2.032,0.980,2.5593,-0.0079,-0.0106,nan,nan
120.81,24.820,0.1918,-0.0018,-0.0014,0.0899,-0.0574,-0.0078,-0.0103,2.5593,-1.914,0.894,0.1924,1264.65,2828.93,0.00237469,0.1918,-0.0018,-2.038,0.984,2.5593,-0.0079,-0.0104,nan,nan
120.91,24.840,0.1918,-0.0018,-0.0014,0.0895,-0.0573,-0.0077,-0.0099,2.5592,-1.918,0.896,0.1929,1264.65,2828.93,0.00237469,0.1918,-0.0018,-2.038,0.984,2.5593,-0.0077,-0.0101,nan,nan
121.01,24.860,0.1918,-0.0018,-0.0014,0.0889,-0.0571,-0.0074,-0.0094,2.5592,-1.920,0.898,0.1934,1272.72,2847.74,0.00209788,0.1918,-0.0018,-2.043,0.987,2.5592,-0.0075,-0.0095,nan,nan
121.11,24.880,0.1918,-0.0018,-0.0014,0.0887,-0.0570,-0.0075,-0.0094,2.5592,-1.924,0.901,0.1918,1272.72,2847.74,0.00209788,0.1918,-0.0018,-2.043,0.987,2.5592,-0.0075,-0.0094,nan,nan
121.21,24.900,0.1918,-0.0018,-0.0012,0.0882,-0.0569,-0.0074,-0.0092,2.5592,-1.927,0.903,0.1921,1280.83,2866.64,0.00237469,0.1918,-0.0016,-2.048,0.990,2.5592,-0.0075,-0.0092,nan,nan
121.31,24.940,0.1918,-0.0016,-0.0014,0.0147,-0.0124,-0.0074,-0.0090,2.5591,-1.931,0.905,0.1920,1291.71,2891.99,0.00237469,0.1918,-0.0016,-2.054,0.995,2.5591,-0.0074,-0.0090,nan,nan
121.41,24.960,0.1918,-0.0016,-0.0014,0.0145,-0.0124,-0.0074,-0.0089,2.5591,-1.935,0.908,0.1920,1291.71,2891.99,0.00237469,0.1918,-0.0016,-2.054,0.995,2.5591,-0.0074,-0.0089,nan,nan
121.51,24.980,0.1918,-0.0016,-0.0014,0.0143,-0.0123,-0.0074,-0.0088,2.5591,-1.939,0.910,0.1920,1299.91,2911.12,0.00209788,0.1918,-0.0016,-2.059,0.998,2.5591,-0.0074,-0.0088,nan,nan
121.61,25.000,0.1918,-0.0016,-0.0014,0.0141,-0.0123,-0.0074,-0.0086,2.5590,-1.942,0.913,0.1920,1308.16,2930.35,0.00237469,0.1918,-0.0014,-2.064,1.001,2.5590,-0.0074,-0.0087,nan,nan
121.71,25.020,0.1918,-0.0014,-0.0012,0.0138,-0.0123,-0.0074,-0.0085,2.5590,-1.946,0.915,0.1920,1308.16,2930.35,0.00237469,0.1918,-0.0014,-2.064,1.001,2.5590,-0.0074,-0.0085,nan,nan
121.81,25.040,0.1918,-0.0014,-0.0012,0.0136,-0.0123,-0.0074,-0.0084,2.5590,-1.950,0.918,0.1920,1319.23,2956.13,0.00237469,0.1918,-0.0014,-2.070,1.005,2.5590,-0.0074,-0.0084,nan,nan
121.91,25.060,0.1918,-0.0014,-0.0012,0.0134,-0.0123,-0.0074,-0.0082,2.5589,-1.953,0.920,0.1920,1327.57,2975.58,0.00209788,0.1918,-0.0014,-2.075,1.008,2.5590,-0.0074,-0.0083,nan,nan
122.01,25.080,0.1918,-0.0014,-0.0012,0.0132,-0.0123,-0.0074,-0.0081,2.5589,-1.956,0.922,0.1920,1327.57,2975.58,0.00209788,0.1918,-0.0014,-2.075,1.008,2.5590,-0.0074,-0.0082,nan,nan
122.11,25.100,0.1918,-0.0014,-0.0010,0.0130,-0.0123,-0.0074,-0.0080,2.5589,-1.959,0.924,0.1921,1335.96,2995.12,0.00237469,0.1919,-0.0012,-2.080,1.011,2.5589,-0.0074,-0.0080,nan,nan
122.21,25.140,0.1919,-0.0012,-0.0010,0.0128,-0.0123,-0.0074,-0.0079,2.5589,-1.963,0.926,0.1921,1347.21,3021.34,0.00237469,0.1919,-0.0012,-2.086,1.016,2.5589,-0.0074,-0.0079,nan,nan
122.31,25.160,0.1919,-0.0012,-0.0011,0.0126,-0.0123,-0.0074,-0.0077,2.5588,-1.967,0.929,0.1921,1347.21,3021.34,0.00237469,0.1919,-0.0012,-2.086,1.016,2.5589,-0.0074,-0.0077,nan,nan
122.41,25.180,0.1919,-0.0012,-0.0011,0.0124,-0.0123,-0.0074,-0.0076,2.5588,-1.970,0.931,0.1921,1355.7,3041.11,0.00209788,0.1919,-0.0012,-2.091,1.019,2.5588,-0.0074,-0.0076,nan,nan
122.51,25.200,0.1919,-0.0012,-0.0011,0.0122,-0.0123,-0.0074,-0.0075,2.5588,-1.974,0.934,0.1921,1364.24,3060.99,0.00237469,0.1919,-0.0010,-2.096,1.022,2.5588,-0.0074,-0.0075,nan,nan
122.61,25.220,0.1919,-0.0010,-0.0009,0.0119,-0.0122,-0.0074,-0.0073,2.5588,-1.978,0.936,0.1921,1364.24,3060.99,0.00237469,0.1919,-0.0010,-2.096,1.022,2.5588,-0.0074,-0.0073,nan,nan
122.71,25.240,0.1919,-0.0010,-0.0009,0.0117,-0.0122,-0.0074,-0.0072,2.5588,-1.981,0.938,0.1921,1375.68,3087.64,0.00237469,0.1919,-0.0010,-2.102,1.026,2.5588,-0.0074,-0.0072,nan,nan
122.81,25.260,0.1919,-0.0010,-0.0009,0.0115,-0.0122,-0.0074,-0.0071,2.5587,-1.985,0.941,0.1921,1384.31,3107.75,0.00209788,0.1919,-0.0010,-2.107,1.029,2.5587,-0.0074,-0.0071,nan,nan
122.91,25.280,0.1919,-0.0010,-0.0009,0.0113,-0.0122,-0.0074,-0.0069,2.5587,-1.988,0.943,0.1921,1384.31,3107.75,0.00209788,0.1919,-0.0010,-2.107,1.029,2.5587,-0.0074,-0.0070,nan,nan
123.01,25.300,0.1919,-0.0010,-0.0008,0.0111,-0.0122,-0.0074,-0.0068,2.5587,-1.992,0.945,0.1921,1392.99,3127.95,0.00237469,0.1919,-0.0009,-2.112,1.033,2.5587,-0.0074,-0.0069,nan,nan
123.11,25.340,0.1919,-0.0009,-0.0008,0.0109,-0.0122,-0.0074,-0.0067,2.5587,-1.995,0.948,0.1921,1404.62,3155.05,0.00237469,0.1919,-0.0009,-2.118,1.037,2.5587,-0.0074,-0.0067,nan,nan
123.21,25.360,0.1919,-0.0009,-0.0008,0.0107,-0.0122,-0.0074,-0.0066,2.5587,-1.999,0.950,0.1921,1404.62,3155.05,0.00237469,0.1919,-0.0009,-2.118,1.037,2.5587,-0.0074,-0.0066,nan,nan
123.31,25.380,0.1919,-0.0009,-0.0008,0.0105,-0.0122,-0.0074,-0.0065,2.5586,-2.002,0.952,0.1921,1413.4,3175.49,0.00209788,0.1919,-0.0009,-2.123,1.040,2.5587,-0.0074,-0.0065,nan,nan
123.41,25.400,0.1919,-0.0009,-0.0008,0.0103,-0.0122,-0.0074,-0.0063,2.5586,-2.005,0.954,0.1921,1422.22,3196.03,0.00237469,0.1919,-0.0008,-2.128,1.043,2.5586,-0.0074,-0.0063,nan,nan
123.51,25.420,0.1919,-0.0008,-0.0007,0.0101,-0.0122,-0.0074,-0.0062,2.5586,-2.008,0.956,0.1921,1422.22,3196.03,0.00237469,0.1919,-0.0008,-2.128,1.043,2.5586,-0.0074,-0.0062,nan,nan
123.61,25.440,0.1919,-0.0008,-0.0007,0.0099,-0.0122,-0.0074,-0.0061,2.5586,-2.012,0.959,0.1921,1434.05,3223.58,0.00237469,0.1919,-0.0008,-2.134,1.047,2.5586,-0.0074,-0.0061,nan,nan
123.71,25.460,0.1919,-0.0008,-0.0007,0.0097,-0.0122,-0.0074,-0.0059,2.5586,-2.016,0.961,0.1921,1442.97,3244.36,0.00209788,0.1919,-0.0008,-2.139,1.051,2.5586,-0.0074,-0.0060,nan,nan
123.81,25.480,0.1919,-0.0008,-0.0007,0.0094,-0.0122,-0.0074,-0.0058,2.5586,-2.019,0.964,0.1921,1442.97,3244.36,0.00209788,0.1919,-0.0008,-2.139,1.051,2.5586,-0.0074,-0.0058,nan,nan
123.91,25.500,0.1919,-0.0008,-0.0006,0.0092,-0.0122,-0.0074,-0.0057,2.5585,-2.023,0.966,0.1922,1451.94,3265.24,0.00237469,0.1919,-0.0006,-2.144,1.054,2.5586,-0.0074,-0.0057,nan,nan
124.01,25.520,0.1919,-0.0006,-0.0006,0.0091,-0.0122,-0.0074,-0.0056,2.5585,-2.025,0.968,0.1922,1451.94,3265.24,0.00237469,0.1919,-0.0006,-2.144,1.054,2.5586,-0.0074,-0.0056,nan,nan
124.11,25.540,0.1919,-0.0006,-0.0006,0.0090,-0.0122,-0.0074,-0.0055,2.5585,-2.028,0.970,0.1922,1463.97,3293.24,0.00237469,0.1919,-0.0006,-2.150,1.058,2.5585,-0.0074,-0.0055,nan,nan
124.21,25.560,0.1919,-0.0006,-0.0006,0.0087,-0.0122,-0.0074,-0.0053,2.5585,-2.033,0.973,0.1922,1473.04,3314.36,0.00209788,0.1919,-0.0006,-2.155,1.061,2.5585,-0.0074,-0.0054,nan,nan
124.31,25.600,0.1919,-0.0006,-0.0006,0.0084,-0.0122,-0.0074,-0.0051,2.5585,-2.038,0.976,0.1922,1482.16,3335.59,0.00237469,0.1919,-0.0005,-2.160,1.064,2.5585,-0.0074,-0.0052,nan,nan
124.41,25.620,0.1919,-0.0005,-0.0005,0.0081,-0.0121,-0.0074,-0.0050,2.5585,-2.042,0.979,0.1922,1494.39,3364.05,0.00237469,0.1919,-0.0005,-2.166,1.069,2.5585,-0.0074,-0.0050,nan,nan
124.51,25.660,0.1919,-0.0005,-0.0005,0.0078,-0.0121,-0.0074,-0.0048,2.5584,-2.047,0.982,0.1922,1494.39,3364.05,0.00237469,0.1919,-0.0005,-2.166,1.069,2.5585,-0.0074,-0.0048,nan,nan
124.61,25.680,0.1919,-0.0005,-0.0005,0.0076,-0.0121,-0.0074,-0.0047,2.5584,-2.051,0.984,0.1922,1503.61,3385.52,0.00209788,0.1919,-0.0005,-2.171,1.072,2.5585,-0.0074,-0.0047,nan,nan
124.71,25.700,0.1919,-0.0005,-0.0004,0.0073,-0.0121,-0.0074,-0.0045,2.5584,-2.055,0.987,0.1922,1512.88,3407.09,0.00237469,0.1919,-0.0005,-2.176,1.075,2.5584,-0.0074,-0.0045,nan,nan
124.81,25.720,0.1919,-0.0005,-0.0004,0.0072,-0.0121,-0.0074,-0.0044,2.5584,-2.059,0.990,0.1922,1525.31,3436.02,0.00237469,0.1919,-0.0005,-2.182,1.079,2.5584,-0.0074,-0.0044,nan,nan
124.91,25.760,0.1919,-0.0005,-0.0005,0.0069,-0.0121,-0.0074,-0.0042,2.5584,-2.063,0.992,0.1922,1525.31,3436.02,0.00237469,0.1919,-0.0005,-2.182,1.079,2.5584,-0.0074,-0.0042,nan,nan
125.01,25.780,0.1919,-0.0005,-0.0005,0.0067,-0.0121,-0.0074,-0.0041,2.5584,-2.067,0.995,0.1922,1534.68,3457.84,0.00209788,0.1919,-0.0005,-2.187,1.082,2.5584,-0.0074,-0.0041,nan,nan
125.11,25.800,0.1919,-0.0005,-0.0004,-0.0093,-0.0088,-0.0074,-0.0040,2.5584,-2.071,0.998,0.1920,1544.1,3479.77,0.00237469,0.1920,-0.0004,-2.192,1.085,2.5584,-0.0074,-0.0040,nan,nan
125.21,25.820,0.1920,-0.0004,-0.0003,-0.0084,0.0016,-0.0074,-0.0039,2.5584,-2.074,1.000,0.1920,1544.1,3479.77,0.00237469,0.1920,-0.0004,-2.192,1.085,2.5584,-0.0074,-0.0039,nan,nan
125.31,25.840,0.1920,-0.0004,-0.0003,0.0070,-0.0125,-0.0074,-0.0039,2.5584,-2.078,1.002,0.1920,1556.74,3509.17,0.00237469,0.1920,-0.0004,-2.198,1.090,2.5584,-0.0074,-0.0039,nan,nan
125.41,25.880,0.1920,-0.0004,-0.0003,0.0063,-0.0121,-0.0074,-0.0039,2.5584,-2.082,1.005,0.1920,1566.26,3531.34,0.00209788,0.1920,-0.0004,-2.203,1.093,2.5584,-0.0074,-0.0039,nan,nan
125.51,25.900,0.1920,-0.0004,-0.0003,0.0062,-0.0121,-0.0074,-0.0038,2.5583,-2.086,1.007,0.1920,1575.84,3553.63,0.00237469,0.1920,-0.0003,-2.208,1.096,2.5583,-0.0074,-0.0038,nan,nan
125.61,25.920,0.1920,-0.0003,-0.0003,0.0067,-0.0108,-0.0074,-0.0038,2.5583,-2.090,1.010,0.1920,1575.84,3553.63,0.00237469,0.1920,-0.0003,-2.208,1.096,2.5583,-0.0074,-0.0038,nan,nan
125.71,25.940,0.1920,-0.0003,-0.0003,0.0070,-0.0099,-0.0074,-0.0037,2.5583,-2.094,1.013,0.1920,1588.68,3583.51,0.00237469,0.1920,-0.0003,-2.214,1.100,2.5583,-0.0074,-0.0037,nan,nan
125.81,25.980,0.1920,-0.0003,-0.0003,0.0060,-0.0121,-0.0074,-0.0037,2.5583,-2.098,1.016,0.1920,1598.36,3606.04,0.00209788,0.1920,-0.0003,-2.219,1.103,2.5583,-0.0074,-0.0037,nan,nan
125.91,26.000,0.1920,-0.0003,-0.0002,-0.0019,-0.0079,-0.0074,-0.0036,2.5583,-2.102,1.018,0.1854,1608.09,3628.68,0.00237469,0.1773,-0.1205,-2.224,1.107,2.5583,-0.0074,-0.0037,nan,nan
126.01,26.020,0.1797,-0.0158,-0.0217,0.0608,0.1707,-0.0074,-0.0039,2.5580,-2.106,1.020,0.1781,1608.09,3628.68,0.00237469,0.1773,-0.1205,-2.224,1.107,2.5583,-0.0074,-0.0039,nan,nan
126.11,26.040,0.1773,-0.0358,-0.0312,0.1243,0.0351,-0.0074,-0.0047,2.5574,-2.109,1.022,0.1800,1621.14,3659.05,0.00237469,0.1773,-0.1205,-2.230,1.111,2.5580,-0.0074,-0.0046,nan,nan
126.21,26.060,0.1773,-0.0558,-0.0415,-0.0698,0.0546,-0.0074,-0.0061,2.5566,-2.112,1.025,0.1811,1630.99,3681.94,0.00209788,0.1773,-0.1205,-2.234,1.114,2.5572,-0.0074,-0.0058,nan,nan
126.31,26.080,0.1773,-0.0758,-0.0533,0.7408,-0.0605,-0.0074,-0.0082,2.5554,-2.116,1.027,0.1807,1630.99,3681.94,0.00209788,0.1773,-0.1205,-2.234,1.114,2.5572,-0.0074,-0.0075,nan,nan
126.41,26.100,0.1773,-0.0958,-0.0635,0.7579,-0.0571,-0.0074,-0.0107,2.5542,-2.119,1.029,0.1816,1640.9,3704.92,0.00237469,0.1774,-0.1197,-2.239,1.117,2.5559,-0.0074,-0.0097,nan,nan
126.51,26.140,0.1774,-0.1197,-0.0700,0.3330,0.2809,-0.0073,-0.0139,2.5527,-2.123,1.031,0.1823,1654.22,3735.71,0.00237469,0.1774,-0.1197,-2.245,1.120,2.5534,-0.0073,-0.0139,nan,nan
126.61,26.160,0.1774,-0.1197,-0.1015,0.7820,-0.3925,-0.0073,-0.0159,2.5506,-2.126,1.033,0.1803,1654.22,3735.71,0.00237469,0.1774,-0.1197,-2.245,1.120,2.5534,-0.0073,-0.0160,nan,nan
126.71,26.180,0.1774,-0.1197,-0.0489,0.1165,0.2532,-0.0073,-0.0159,2.5489,-2.130,1.036,0.1799,1664.31,3758.89,0.00209788,0.1774,-0.1197,-2.249,1.123,2.5512,-0.0073,-0.0159,nan,nan
126.81,26.200,0.1774,-0.1197,-0.0453,-0.0033,-0.0068,-0.0072,-0.0159,2.5479,-2.133,1.038,0.1795,1674.47,3782.14,0.00237469,0.1784,-0.1114,-2.254,1.126,2.5489,-0.0073,-0.0159,nan,nan
126.91,26.220,0.1784,-0.1114,-0.0452,-0.0033,-0.0068,-0.0072,-0.0159,2.5468,-2.137,1.041,0.1788,1688.15,3813.28,0.00237469,0.1784,-0.1114,-2.259,1.130,2.5469,-0.0072,-0.0159,nan,nan
127.01,26.240,0.1784,-0.1114,-0.0451,-0.0032,-0.0068,-0.0072,-0.0159,2.5457,-2.140,1.043,0.1781,1688.15,3813.28,0.00237469,0.1784,-0.1114,-2.259,1.130,2.5469,-0.0072,-0.0159,nan,nan
127.11,26.280,0.1784,-0.1114,-0.0451,-0.0032,-0.0067,-0.0072,-0.0159,2.5445,-2.144,1.046,0.1773,1698.5,3836.73,0.00209788,0.1784,-0.1114,-2.264,1.133,2.5455,-0.0072,-0.0159,nan,nan
127.21,26.300,0.1784,-0.1114,-0.0411,-0.0023,-0.0064,-0.0072,-0.0159,2.5434,-2.148,1.048,0.1768,1708.91,3860.27,0.00237469,0.1795,-0.1019,-2.268,1.136,2.5442,-0.0072,-0.0159,nan,nan
127.31,26.320,0.1795,-0.1019,-0.0411,-0.0023,-0.0064,-0.0072,-0.0159,2.5423,-2.152,1.051,0.1761,1722.91,3891.8,0.00237469,0.1795,-0.1019,-2.274,1.140,2.5425,-0.0072,-0.0159,nan,nan
127.41,26.360,0.1795,-0.1019,-0.0410,-0.0023,-0.0064,-0.0071,-0.0159,2.5410,-2.156,1.054,0.1752,1733.49,3915.55,0.00209788,0.1795,-0.1019,-2.279,1.143,2.5413,-0.0072,-0.0159,nan,nan
127.51,26.380,0.1795,-0.1019,-0.0409,-0.0023,-0.0063,-0.0071,-0.0159,2.5399,-2.160,1.057,0.1744,1733.49,3915.55,0.00209788,0.1795,-0.1019,-2.279,1.143,2.5413,-0.0071,-0.0159,nan,nan
127.61,26.420,0.1802,-0.0964,-0.0387,-0.0022,-0.0060,-0.0071,-0.0159,2.5387,-2.165,1.059,0.1747,1744.14,3939.4,0.00237469,0.1802,-0.0964,-2.283,1.146,2.5401,-0.0071,-0.0159,nan,nan
127.71,26.440,0.1802,-0.0964,-0.0688,0.0304,-0.0135,-0.0071,-0.0160,2.5369,-2.169,1.062,0.1803,1758.44,3971.34,0.00237469,0.1802,-0.0964,-2.289,1.151,2.5384,-0.0071,-0.0160,nan,nan
127.81,26.480,0.1802,-0.0964,-0.0689,0.0305,-0.0134,-0.0071,-0.0160,2.5352,-2.172,1.065,0.1804,1769.26,3995.39,0.00209788,0.1802,-0.0964,-2.294,1.154,2.5366,-0.0071,-0.0160,nan,nan
127.91,26.500,0.1802,-0.0964,-0.0689,0.0305,-0.0134,-0.0070,-0.0160,2.5333,-2.176,1.067,0.1810,1780.16,4019.53,0.00237469,0.1808,-0.0916,-2.298,1.157,2.5345,-0.0070,-0.0160,nan,nan
128.01,26.520,0.1808,-0.0916,-0.0656,0.0303,-0.0132,-0.0070,-0.0160,2.5316,-2.181,1.070,0.1812,1794.83,4051.84,0.00237469,0.1808,-0.0916,-2.304,1.161,2.5318,-0.0070,-0.0160,nan,nan
128.11,26.540,0.1808,-0.0916,-0.0656,0.0303,-0.0132,-0.0070,-0.0160,2.5299,-2.184,1.073,0.1813,1794.83,4051.84,0.00237469,0.1808,-0.0916,-2.304,1.161,2.5318,-0.0070,-0.0160,nan,nan
128.21,26.580,0.1808,-0.0916,-0.0657,0.0303,-0.0131,-0.0069,-0.0160,2.5284,-2.188,1.075,0.1814,1805.92,4076.16,0.00209788,0.1808,-0.0916,-2.308,1.164,2.5298,-0.0070,-0.0160,nan,nan
128.31,26.600,0.1808,-0.0916,-0.0657,0.0303,-0.0131,-0.0069,-0.0160,2.5269,-2.191,1.078,0.1824,1817.11,4100.56,0.00237469,0.1820,-0.0821,-2.313,1.167,2.5278,-0.0069,-0.0160,nan,nan
128.41,26.620,0.1820,-0.0821,-0.0590,0.0299,-0.0128,-0.0069,-0.0160,2.5252,-2.195,1.080,0.1825,1832.15,4133.22,0.00237469,0.1820,-0.0821,-2.319,1.171,2.5254,-0.0069,-0.0160,nan,nan
128.51,26.660,0.1820,-0.0821,-0.0590,0.0299,-0.0128,-0.0069,-0.0161,2.5235,-2.200,1.084,0.1826,1832.15,4133.22,0.00237469,0.1820,-0.0821,-2.319,1.171,2.5254,-0.0069,-0.0160,nan,nan
128.61,26.680,0.1820,-0.0821,-0.0591,0.0299,-0.0127,-0.0068,-0.0161,2.5217,-2.204,1.087,0.1828,1843.54,4157.8,0.00209788,0.1820,-0.0821,-2.323,1.174,2.5236,-0.0068,-0.0161,nan,nan
128.71,26.700,0.1820,-0.0821,-0.0528,0.0295,-0.0125,-0.0068,-0.0161,2.5206,-2.207,1.089,0.1837,1855,4182.47,0.00237469,0.1830,-0.0733,-2.328,1.178,2.5218,-0.0068,-0.0161,nan,nan
128.81,26.720,0.1830,-0.0733,-0.0528,0.0295,-0.0125,-0.0068,-0.0161,2.5195,-2.210,1.091,0.1838,1870.42,4215.5,0.00237469,0.1830,-0.0733,-2.334,1.182,2.5196,-0.0068,-0.0161,nan,nan
128.91,26.740,0.1830,-0.0733,-0.0528,0.0295,-0.0125,-0.0068,-0.0161,2.5181,-2.214,1.094,0.1839,1870.42,4215.5,0.00237469,0.1830,-0.0733,-2.334,1.182,2.5196,-0.0068,-0.0161,nan,nan
129.01,26.780,0.1830,-0.0733,-0.0529,0.0295,-0.0124,-0.0068,-0.0161,2.5168,-2.218,1.096,0.1839,1882.08,4240.36,0.00209788,0.1830,-0.0733,-2.338,1.185,2.5180,-0.0068,-0.0161,nan,nan
129.11,26.800,0.1830,-0.0733,-0.0529,0.0295,-0.0124,-0.0067,-0.0161,2.5156,-2.222,1.099,0.1848,1893.82,4265.32,0.00237469,0.1840,-0.0655,-2.342,1.188,2.5165,-0.0067,-0.0161,nan,nan
129.21,26.820,0.1840,-0.0655,-0.0473,0.0292,-0.0122,-0.0067,-0.0161,2.5144,-2.226,1.102,0.1849,1909.6,4298.72,0.00237469,0.1840,-0.0655,-2.348,1.193,2.5145,-0.0067,-0.0161,nan,nan
129.31,26.840,0.1840,-0.0655,-0.0473,0.0292,-0.0122,-0.0067,-0.0161,2.5132,-2.229,1.104,0.1850,1909.6,4298.72,0.00237469,0.1840,-0.0655,-2.348,1.193,2.5145,-0.0067,-0.0161,nan,nan
129.41,26.880,0.1840,-0.0655,-0.0474,0.0292,-0.0121,-0.0067,-0.0161,2.5120,-2.233,1.107,0.1850,1921.54,4323.88,0.00209788,0.1840,-0.0655,-2.353,1.196,2.5131,-0.0067,-0.0161,nan,nan
129.51,26.900,0.1840,-0.0655,-0.0474,0.0292,-0.0121,-0.0067,-0.0161,2.5109,-2.237,1.110,0.1858,1933.55,4349.12,0.00237469,0.1848,-0.0585,-2.357,1.199,2.5117,-0.0067,-0.0161,nan,nan
129.61,26.920,0.1848,-0.0585,-0.0424,0.0289,-0.0119,-0.0066,-0.0161,2.5097,-2.241,1.113,0.1859,1949.7,4382.92,0.00237469,0.1848,-0.0585,-2.363,1.203,2.5099,-0.0067,-0.0161,nan,nan
129.71,26.960,0.1848,-0.0585,-0.0424,0.0289,-0.0119,-0.0066,-0.0162,2.5085,-2.245,1.116,0.1860,1949.7,4382.92,0.00237469,0.1848,-0.0585,-2.363,1.203,2.5099,-0.0066,-0.0162,nan,nan
129.81,26.980,0.1848,-0.0585,-0.0424,0.0289,-0.0118,-0.0066,-0.0162,2.5073,-2.250,1.119,0.1861,1961.9,4408.37,0.00209788,0.1848,-0.0585,-2.368,1.207,2.5086,-0.0066,-0.0162,nan,nan
129.91,27.000,0.1848,-0.0585,-0.0379,0.0286,-0.0117,-0.0066,-0.0162,2.5064,-2.253,1.121,0.1867,1974.18,4433.92,0.00237469,0.1856,-0.0523,-2.372,1.210,2.5074,-0.0066,-0.0162,nan,nan
130.01,27.040,0.1856,-0.0523,-0.0379,0.0287,-0.0117,-0.0066,-0.0162,2.5053,-2.257,1.124,0.1868,1990.69,4468.12,0.00237469,0.1856,-0.0523,-2.378,1.214,2.5058,-0.0066,-0.0162,nan,nan
130.11,27.060,0.1856,-0.0523,-0.0379,0.0287,-0.0116,-0.0066,-0.0162,2.5043,-2.261,1.127,0.1869,2003.16,4493.88,0.00209788,0.1856,-0.0523,-2.383,1.218,2.5046,-0.0066,-0.0162,nan,nan
130.21,27.080,0.1856,-0.0523,-0.0380,0.0287,-0.0116,-0.0065,-0.0162,2.5032,-2.266,1.130,0.1869,2003.16,4493.88,0.00209788,0.1856,-0.0523,-2.383,1.218,2.5046,-0.0065,-0.0162,nan,nan
130.31,27.120,0.1863,-0.0467,-0.0339,0.0284,-0.0115,-0.0065,-0.0162,2.5023,-2.269,1.133,0.1876,2015.71,4519.74,0.00237469,0.1863,-0.0467,-2.387,1.221,2.5035,-0.0065,-0.0162,nan,nan
130.41,27.140,0.1863,-0.0467,-0.0339,0.0284,-0.0114,-0.0065,-0.0162,2.5015,-2.273,1.136,0.1876,2032.57,4554.36,0.00237469,0.1863,-0.0467,-2.393,1.225,2.5021,-0.0065,-0.0162,nan,nan
130.51,27.160,0.1863,-0.0467,-0.0339,0.0284,-0.0114,-0.0065,-0.0162,2.5005,-2.278,1.139,0.1877,2045.3,4580.44,0.00209788,0.1863,-0.0467,-2.398,1.229,2.5011,-0.0065,-0.0162,nan,nan
130.61,27.200,0.1863,-0.0467,-0.0340,0.0264,-0.0166,-0.0065,-0.0162,2.4997,-2.282,1.142,0.1882,2058.12,4606.62,0.00237469,0.1869,-0.0417,-2.402,1.232,2.5001,-0.0065,-0.0162,nan,nan
130.71,27.220,0.1869,-0.0417,-0.0303,0.0263,-0.0160,-0.0065,-0.0162,2.4989,-2.285,1.145,0.1881,2058.12,4606.62,0.00237469,0.1869,-0.0417,-2.402,1.232,2.5001,-0.0065,-0.0162,nan,nan
130.81,27.240,0.1869,-0.0417,-0.0304,0.0263,-0.0160,-0.0065,-0.0162,2.4981,-2.289,1.147,0.1881,2075.33,4641.67,0.00237469,0.1869,-0.0417,-2.408,1.237,2.4988,-0.0065,-0.0162,nan,nan
130.91,27.260,0.1869,-0.0417,-0.0304,0.0264,-0.0159,-0.0064,-0.0162,2.4974,-2.293,1.150,0.1881,2088.33,4668.08,0.00209788,0.1869,-0.0417,-2.413,1.240,2.4979,-0.0065,-0.0162,nan,nan
131.01,27.300,0.1869,-0.0417,-0.0304,0.0264,-0.0159,-0.0064,-0.0162,2.4967,-2.297,1.153,0.1886,2101.41,4694.58,0.00237469,0.1875,-0.0372,-2.417,1.243,2.4970,-0.0064,-0.0162,nan,nan
131.11,27.320,0.1875,-0.0372,-0.0271,0.0264,-0.0154,-0.0064,-0.0162,2.4960,-2.301,1.155,0.1885,2101.41,4694.58,0.00237469,0.1875,-0.0372,-2.417,1.243,2.4970,-0.0064,-0.0162,nan,nan
131.21,27.340,0.1875,-0.0372,-0.0271,0.0264,-0.0153,-0.0064,-0.0162,2.4952,-2.305,1.159,0.1885,2118.97,4730.08,0.00237469,0.1875,-0.0372,-2.423,1.248,2.4959,-0.0064,-0.0162,nan,nan
131.31,27.380,0.1875,-0.0372,-0.0272,0.0264,-0.0153,-0.0064,-0.0162,2.4945,-2.309,1.161,0.1885,2132.23,4756.82,0.00209788,0.1875,-0.0372,-2.428,1.251,2.4951,-0.0064,-0.0162,nan,nan
131.41,27.400,0.1875,-0.0372,-0.0272,0.0264,-0.0153,-0.0064,-0.0162,2.4939,-2.312,1.164,0.1889,2145.57,4783.66,0.00237469,0.1879,-0.0332,-2.432,1.255,2.4942,-0.0064,-0.0162,nan,nan
131.51,27.420,0.1879,-0.0332,-0.0243,0.0264,-0.0148,-0.0064,-0.0163,2.4932,-2.317,1.167,0.1889,2163.48,4819.61,0.00237469,0.1879,-0.0332,-2.438,1.259,2.4932,-0.0064,-0.0163,nan,nan
131.61,27.460,0.1879,-0.0332,-0.0243,0.0264,-0.0148,-0.0064,-0.0163,2.4925,-2.321,1.170,0.1889,2163.48,4819.61,0.00237469,0.1879,-0.0332,-2.438,1.259,2.4932,-0.0064,-0.0163,nan,nan
131.71,27.480,0.1879,-0.0332,-0.0243,0.0264,-0.0148,-0.0064,-0.0163,2.4919,-2.325,1.173,0.1889,2177,4846.69,0.00209788,0.1879,-0.0332,-2.442,1.262,2.4925,-0.0064,-0.0163,nan,nan
131.81,27.500,0.1879,-0.0332,-0.0217,0.0264,-0.0143,-0.0063,-0.0163,2.4913,-2.329,1.176,0.1892,2190.6,4873.88,0.00237469,0.1884,-0.0297,-2.447,1.266,2.4918,-0.0064,-0.0163,nan,nan
131.91,27.520,0.1884,-0.0297,-0.0217,0.0264,-0.0143,-0.0063,-0.0163,2.4907,-2.332,1.179,0.1892,2208.86,4910.29,0.00237469,0.1884,-0.0297,-2.453,1.270,2.4909,-0.0063,-0.0163,nan,nan
132.01,27.560,0.1884,-0.0297,-0.0217,0.0264,-0.0143,-0.0063,-0.0163,2.4902,-2.336,1.182,0.1892,2208.86,4910.29,0.00237469,0.1884,-0.0297,-2.453,1.270,2.4909,-0.0063,-0.0163,nan,nan
132.11,27.580,0.1884,-0.0297,-0.0217,0.0264,-0.0143,-0.0063,-0.0163,2.4897,-2.340,1.185,0.1892,2222.64,4937.72,0.00209788,0.1884,-0.0297,-2.457,1.274,2.4902,-0.0063,-0.0163,nan,nan
132.21,27.600,0.1884,-0.0297,-0.0194,0.0264,-0.0138,-0.0063,-0.0163,2.4892,-2.344,1.187,0.1895,2236.5,4965.26,0.00237469,0.1888,-0.0265,-2.462,1.277,2.4896,-0.0063,-0.0163,nan,nan
132.31,27.620,0.1888,-0.0265,-0.0194,0.0264,-0.0138,-0.0063,-0.0163,2.4887,-2.348,1.190,0.1895,2255.11,5002.15,0.00237469,0.1888,-0.0265,-2.468,1.282,2.4888,-0.0063,-0.0163,nan,nan
132.41,27.660,0.1888,-0.0265,-0.0194,0.0264,-0.0138,-0.0063,-0.0163,2.4882,-2.351,1.193,0.1895,2255.11,5002.15,0.00237469,0.1888,-0.0265,-2.468,1.282,2.4888,-0.0063,-0.0163,nan,nan
132.51,27.680,0.1888,-0.0265,-0.0195,0.0267,-0.0138,-0.0063,-0.0163,2.4877,-2.355,1.196,0.1896,2269.15,5029.94,0.00209788,0.1888,-0.0265,-2.472,1.285,2.4882,-0.0063,-0.0163,nan,nan
132.61,27.700,0.1888,-0.0265,-0.0174,0.0271,-0.0133,-0.0063,-0.0163,2.4872,-2.359,1.199,0.1898,2283.27,5057.84,0.00237469,0.1891,-0.0236,-2.477,1.289,2.4876,-0.0063,-0.0163,nan,nan
132.71,27.740,0.1891,-0.0236,-0.0191,0.4307,-0.1657,-0.0063,-0.0163,2.4868,-2.363,1.202,0.1903,2302.22,5095.21,0.00237469,0.1891,-0.0236,-2.483,1.293,2.4869,-0.0063,-0.0163,nan,nan
132.81,27.760,0.1891,-0.0236,-0.0191,0.0276,-0.0106,-0.0063,-0.0163,2.4864,-2.366,1.204,0.1903,2302.22,5095.21,0.00237469,0.1891,-0.0236,-2.483,1.293,2.4869,-0.0063,-0.0163,nan,nan
132.91,27.780,0.1891,-0.0236,-0.0191,0.0276,-0.0106,-0.0063,-0.0163,2.4859,-2.370,1.207,0.1904,2316.52,5123.37,0.00209788,0.1891,-0.0236,-2.487,1.297,2.4864,-0.0063,-0.0163,nan,nan
133.01,27.800,0.1891,-0.0236,-0.0193,0.0273,-0.0105,-0.0063,-0.0163,2.4855,-2.373,1.210,0.1906,2330.91,5151.64,0.00237469,0.1894,-0.0210,-2.492,1.300,2.4858,-0.0063,-0.0163,nan,nan
133.11,27.820,0.1894,-0.0210,-0.0172,0.0254,-0.0125,-0.0062,-0.0163,2.4850,-2.377,1.213,0.1906,2350.21,5189.5,0.00237469,0.1894,-0.0210,-2.498,1.305,2.4851,-0.0062,-0.0163,nan,nan
133.21,27.840,0.1894,-0.0210,-0.0191,0.0264,-0.0136,-0.0062,-0.0163,2.4846,-2.381,1.216,0.1902,2350.21,5189.5,0.00237469,0.1894,-0.0210,-2.498,1.305,2.4851,-0.0062,-0.0163,nan,nan
133.31,27.880,0.1894,-0.0210,-0.0191,0.0264,-0.0136,-0.0062,-0.0163,2.4841,-2.385,1.218,0.1902,2364.77,5218.02,0.00209788,0.1894,-0.0210,-2.502,1.308,2.4845,-0.0062,-0.0163,nan,nan
133.41,27.900,0.1894,-0.0210,-0.0191,0.0265,-0.0136,-0.0062,-0.0163,2.4837,-2.389,1.221,0.1904,2379.42,5246.66,0.00237469,0.1897,-0.0185,-2.507,1.312,2.4840,-0.0062,-0.0163,nan,nan
133.51,27.920,0.1897,-0.0185,-0.0168,0.0265,-0.0132,-0.0062,-0.0163,2.4832,-2.393,1.224,0.1904,2399.07,5285.01,0.00237469,0.1897,-0.0185,-2.513,1.316,2.4833,-0.0062,-0.0163,nan,nan
133.61,27.960,0.1897,-0.0185,-0.0168,0.0265,-0.0132,-0.0062,-0.0163,2.4827,-2.397,1.228,0.1904,2399.07,5285.01,0.00237469,0.1897,-0.0185,-2.513,1.316,2.4833,-0.0062,-0.0163,nan,nan
133.71,27.980,0.1897,-0.0185,-0.0168,0.0265,-0.0132,-0.0062,-0.0163,2.4823,-2.401,1.231,0.1904,2413.91,5313.91,0.00209788,0.1897,-0.0185,-2.517,1.320,2.4828,-0.0062,-0.0163,nan,nan
133.81,28.000,0.1897,-0.0185,-0.0145,0.0265,-0.0127,-0.0062,-0.0163,2.4818,-2.405,1.234,0.1906,2428.82,5342.92,0.00237469,0.1901,-0.0159,-2.522,1.323,2.4823,-0.0062,-0.0163,nan,nan
133.91,28.040,0.1901,-0.0159,-0.0145,0.0265,-0.0127,-0.0062,-0.0163,2.4814,-2.410,1.237,0.1906,2448.83,5381.77,0.00237469,0.1901,-0.0159,-2.528,1.328,2.4816,-0.0062,-0.0163,nan,nan
134.01,28.060,0.1901,-0.0159,-0.0145,0.0265,-0.0127,-0.0062,-0.0163,2.4810,-2.414,1.241,0.1906,2463.94,5411.05,0.00209788,0.1901,-0.0159,-2.532,1.332,2.4812,-0.0062,-0.0163,nan,nan
134.11,28.100,0.1901,-0.0159,-0.0145,0.0265,-0.0127,-0.0062,-0.0163,2.4806,-2.419,1.244,0.1908,2479.12,5440.44,0.00237469,0.1903,-0.0138,-2.537,1.335,2.4808,-0.0062,-0.0163,nan,nan
134.21,28.120,0.1903,-0.0138,-0.0125,0.0265,-0.0123,-0.0062,-0.0163,2.4802,-2.423,1.247,0.1908,2499.48,5479.81,0.00237469,0.1903,-0.0138,-2.543,1.340,2.4803,-0.0062,-0.0163,nan,nan
134.31,28.160,0.1903,-0.0138,-0.0125,0.0265,-0.0123,-0.0062,-0.0163,2.4799,-2.427,1.250,0.1908,2499.48,5479.81,0.00237469,0.1903,-0.0138,-2.543,1.340,2.4803,-0.0062,-0.0163,nan,nan
134.41,28.180,0.1903,-0.0138,-0.0125,0.0265,-0.0123,-0.0062,-0.0163,2.4796,-2.431,1.253,0.1908,2514.85,5509.48,0.00209788,0.1903,-0.0138,-2.547,1.343,2.4799,-0.0062,-0.0163,nan,nan
134.51,28.200,0.1903,-0.0138,-0.0108,0.0265,-0.0120,-0.0062,-0.0163,2.4793,-2.435,1.256,0.1910,2530.3,5539.26,0.00237469,0.1905,-0.0119,-2.552,1.347,2.4795,-0.0062,-0.0163,nan,nan
134.61,28.220,0.1905,-0.0119,-0.0108,0.0265,-0.0120,-0.0061,-0.0163,2.4790,-2.439,1.260,0.1910,2551.02,5579.15,0.00237469,0.1905,-0.0119,-2.558,1.351,2.4791,-0.0062,-0.0163,nan,nan
134.71,28.260,0.1905,-0.0119,-0.0108,0.0265,-0.0120,-0.0061,-0.0163,2.4787,-2.443,1.263,0.1910,2551.02,5579.15,0.00237469,0.1905,-0.0119,-2.558,1.351,2.4791,-0.0061,-0.0163,nan,nan
134.81,28.280,0.1905,-0.0119,-0.0108,0.0265,-0.0120,-0.0061,-0.0163,2.4784,-2.447,1.266,0.1910,2566.66,5609.21,0.00209788,0.1905,-0.0119,-2.562,1.355,2.4787,-0.0061,-0.0163,nan,nan
134.91,28.320,0.1907,-0.0102,-0.0093,0.0265,-0.0117,-0.0061,-0.0163,2.4781,-2.452,1.269,0.1911,2582.37,5639.39,0.00237469,0.1907,-0.0102,-2.567,1.358,2.4784,-0.0061,-0.0163,nan,nan
135.01,28.340,0.1907,-0.0102,-0.0093,0.0265,-0.0117,-0.0061,-0.0163,2.4778,-2.456,1.273,0.1911,2603.45,5679.82,0.00237469,0.1907,-0.0102,-2.573,1.363,2.4780,-0.0061,-0.0163,nan,nan
135.11,28.380,0.1907,-0.0102,-0.0093,0.0265,-0.0117,-0.0061,-0.0163,2.4776,-2.460,1.276,0.1911,2619.35,5710.28,0.00209788,0.1907,-0.0102,-2.578,1.367,2.4777,-0.0061,-0.0163,nan,nan
135.21,28.400,0.1907,-0.0102,-0.0093,0.0265,-0.0117,-0.0061,-0.0164,2.4773,-2.464,1.279,0.1912,2635.33,5740.87,0.00237469,0.1909,-0.0088,-2.582,1.370,2.4775,-0.0061,-0.0164,nan,nan
135.31,28.420,0.1909,-0.0088,-0.0081,0.0265,-0.0114,-0.0061,-0.0164,2.4771,-2.468,1.282,0.1912,2656.77,5781.84,0.00237469,0.1909,-0.0088,-2.588,1.375,2.4771,-0.0061,-0.0164,nan,nan
135.41,28.440,0.1909,-0.0088,-0.0081,0.0265,-0.0114,-0.0061,-0.0164,2.4769,-2.472,1.285,0.1912,2656.77,5781.84,0.00237469,0.1909,-0.0088,-2.588,1.375,2.4771,-0.0061,-0.0164,nan,nan
135.51,28.480,0.1909,-0.0088,-0.0081,0.0265,-0.0114,-0.0061,-0.0164,2.4767,-2.476,1.288,0.1912,2672.94,5812.71,0.00209788,0.1909,-0.0088,-2.593,1.378,2.4769,-0.0061,-0.0164,nan,nan
135.61,28.500,0.1909,-0.0088,-0.0070,0.0265,-0.0112,-0.0061,-0.0164,2.4765,-2.480,1.291,0.1913,2689.19,5843.7,0.00237469,0.1911,-0.0076,-2.597,1.382,2.4767,-0.0061,-0.0164,nan,nan
135.71,28.520,0.1911,-0.0076,-0.0070,0.0265,-0.0112,-0.0061,-0.0164,2.4763,-2.484,1.295,0.1913,2710.98,5885.23,0.00237469,0.1911,-0.0076,-2.603,1.387,2.4764,-0.0061,-0.0164,nan,nan
135.81,28.560,0.1911,-0.0076,-0.0070,0.0265,-0.0112,-0.0061,-0.0164,2.4761,-2.488,1.298,0.1913,2710.98,5885.23,0.00237469,0.1911,-0.0076,-2.603,1.387,2.4764,-0.0061,-0.0164,nan,nan
135.91,28.580,0.1911,-0.0076,-0.0070,0.0265,-0.0112,-0.0061,-0.0164,2.4759,-2.492,1.301,0.1913,2727.42,5916.51,0.00209788,0.1911,-0.0076,-2.608,1.390,2.4762,-0.0061,-0.0164,nan,nan
136.01,28.600,0.1911,-0.0076,-0.0060,0.0265,-0.0110,-0.0061,-0.0164,2.4758,-2.496,1.304,0.1914,2743.94,5947.93,0.00237469,0.1912,-0.0066,-2.612,1.394,2.4759,-0.0061,-0.0164,nan,nan
136.11,28.640,0.1912,-0.0066,-0.0060,0.0265,-0.0110,-0.0061,-0.0164,2.4756,-2.501,1.308,0.1914,2766.09,5990.01,0.00237469,0.1912,-0.0066,-2.618,1.398,2.4757,-0.0061,-0.0164,nan,nan
136.21,28.660,0.1912,-0.0066,-0.0060,0.0265,-0.0110,-0.0061,-0.0164,2.4754,-2.505,1.311,0.1914,2782.8,6021.72,0.00209788,0.1912,-0.0066,-2.623,1.402,2.4755,-0.0061,-0.0164,nan,nan
136.31,28.700,0.1912,-0.0066,-0.0060,0.0265,-0.0110,-0.0061,-0.0164,2.4752,-2.510,1.315,0.1915,2799.59,6053.56,0.00237469,0.1913,-0.0054,-2.627,1.406,2.4753,-0.0061,-0.0164,nan,nan
136.41,28.720,0.1913,-0.0054,-0.0050,0.0265,-0.0108,-0.0061,-0.0164,2.4751,-2.514,1.318,0.1915,2822.1,6096.21,0.00237469,0.1913,-0.0054,-2.633,1.410,2.4751,-0.0061,-0.0164,nan,nan
136.51,28.760,0.1913,-0.0054,-0.0050,0.0265,-0.0108,-0.0061,-0.0164,2.4750,-2.518,1.321,0.1915,2822.1,6096.21,0.00237469,0.1913,-0.0054,-2.633,1.410,2.4751,-0.0061,-0.0164,nan,nan
136.61,28.780,0.1913,-0.0054,-0.0050,0.0265,-0.0108,-0.0061,-0.0164,2.4748,-2.523,1.325,0.1915,2839.08,6128.35,0.00209788,0.1913,-0.0054,-2.638,1.414,2.4750,-0.0061,-0.0164,nan,nan
136.71,28.820,0.1914,-0.0049,-0.0045,0.0265,-0.0107,-0.0061,-0.0164,2.4747,-2.527,1.328,0.1916,2856.14,6160.62,0.00237469,0.1914,-0.0049,-2.642,1.417,2.4748,-0.0061,-0.0164,nan,nan
136.81,28.840,0.1914,-0.0049,-0.0045,0.0265,-0.0107,-0.0061,-0.0164,2.4746,-2.531,1.331,0.1916,2879.02,6203.85,0.00237469,0.1914,-0.0049,-2.648,1.422,2.4746,-0.0061,-0.0164,nan,nan
136.91,28.860,0.1914,-0.0049,-0.0045,0.0265,-0.0107,-0.0061,-0.0164,2.4744,-2.535,1.335,0.1916,2896.27,6236.42,0.00209788,0.1914,-0.0049,-2.653,1.426,2.4745,-0.0061,-0.0164,nan,nan
137.01,28.900,0.1914,-0.0049,-0.0045,0.0260,-0.0109,-0.0061,-0.0164,2.4743,-2.540,1.338,0.1916,2913.6,6269.13,0.00237469,0.1915,-0.0043,-2.657,1.429,2.4744,-0.0061,-0.0164,nan,nan
137.11,28.920,0.1915,-0.0043,-0.0039,0.0265,-0.0106,-0.0061,-0.0164,2.4742,-2.544,1.342,0.1916,2936.84,6312.94,0.00237469,0.1915,-0.0043,-2.663,1.434,2.4742,-0.0061,-0.0164,nan,nan
137.21,28.960,0.1915,-0.0043,-0.0039,0.0265,-0.0106,-0.0061,-0.0164,2.4741,-2.549,1.345,0.1916,2954.37,6345.96,0.00209788,0.1915,-0.0043,-2.668,1.438,2.4741,-0.0061,-0.0164,nan,nan
137.31,28.980,0.1915,-0.0043,-0.0039,0.0265,-0.0106,-0.0061,-0.0164,2.4740,-2.553,1.348,0.1916,2954.37,6345.96,0.00209788,0.1915,-0.0043,-2.668,1.438,2.4741,-0.0061,-0.0164,nan,nan
137.41,29.020,0.1915,-0.0037,-0.0034,0.0265,-0.0105,-0.0061,-0.0164,2.4739,-2.557,1.352,0.1917,2971.98,6379.11,0.00237469,0.1915,-0.0037,-2.672,1.441,2.4740,-0.0061,-0.0164,nan,nan
137.51,29.040,0.1915,-0.0037,-0.0034,0.0265,-0.0105,-0.0061,-0.0164,2.4738,-2.562,1.355,0.1917,2995.59,6423.52,0.00237469,0.1915,-0.0037,-2.678,1.446,2.4738,-0.0061,-0.0164,nan,nan
137.61,29.080,0.1915,-0.0037,-0.0034,0.0265,-0.0105,-0.0061,-0.0164,2.4737,-2.566,1.359,0.1917,3013.4,6456.98,0.00209788,0.1915,-0.0037,-2.683,1.449,2.4737,-0.0061,-0.0164,nan,nan
137.71,29.100,0.1915,-0.0037,-0.0029,0.0265,-0.0104,-0.0061,-0.0164,2.4736,-2.571,1.362,0.1917,3031.28,6490.58,0.00237469,0.1916,-0.0032,-2.687,1.453,2.4736,-0.0061,-0.0164,nan,nan
137.81,29.140,0.1916,-0.0032,-0.0029,0.0265,-0.0104,-0.0061,-0.0164,2.4735,-2.575,1.366,0.1917,3055.26,6535.58,0.00237469,0.1916,-0.0032,-2.693,1.458,2.4735,-0.0061,-0.0164,nan,nan
137.91,29.160,0.1916,-0.0032,-0.0029,0.0264,-0.0104,-0.0061,-0.0164,2.4734,-2.579,1.369,0.1917,3073.35,6569.5,0.00209788,0.1916,-0.0032,-2.698,1.461,2.4734,-0.0061,-0.0164,nan,nan
138.01,29.180,0.1916,-0.0032,-0.0026,0.0265,-0.0103,-0.0061,-0.0164,2.4733,-2.584,1.372,0.1916,3073.35,6569.5,0.00209788,0.1916,-0.0032,-2.698,1.461,2.4734,-0.0061,-0.0164,nan,nan
138.11,29.220,0.1917,-0.0027,-0.0022,0.0265,-0.0102,-0.0061,-0.0164,2.4733,-2.588,1.376,0.1917,3091.52,6603.55,0.00237469,0.1917,-0.0027,-2.702,1.465,2.4733,-0.0061,-0.0164,nan,nan
138.21,29.240,0.1917,-0.0027,-0.0022,0.0265,-0.0103,-0.0061,-0.0164,2.4732,-2.592,1.379,0.1917,3115.87,6649.16,0.00237469,0.1917,-0.0027,-2.708,1.470,2.4733,-0.0061,-0.0164,nan,nan
138.31,29.280,0.1917,-0.0027,-0.0022,0.0266,-0.0103,-0.0061,-0.0164,2.4731,-2.597,1.383,0.1917,3134.23,6683.54,0.00209788,0.1917,-0.0027,-2.713,1.473,2.4732,-0.0061,-0.0164,nan,nan
138.41,29.300,0.1917,-0.0027,-0.0019,0.0266,-0.0102,-0.0061,-0.0164,2.4731,-2.601,1.386,0.1917,3152.68,6718.05,0.00237469,0.1917,-0.0024,-2.717,1.477,2.4731,-0.0061,-0.0164,nan,nan
138.51,29.320,0.1917,-0.0024,-0.0018,0.0266,-0.0098,-0.0061,-0.0164,2.4730,-2.605,1.389,0.1918,3177.41,6764.28,0.00237469,0.1917,-0.0024,-2.723,1.481,2.4730,-0.0061,-0.0164,nan,nan
138.61,29.360,0.1917,-0.0024,-0.0018,0.0265,-0.0101,-0.0061,-0.0164,2.4730,-2.609,1.392,0.1918,3196.06,6799.12,0.00209788,0.1917,-0.0024,-2.728,1.485,2.4730,-0.0061,-0.0164,nan,nan
138.71,29.380,0.1917,-0.0024,-0.0018,0.0265,-0.0101,-0.0061,-0.0164,2.4729,-2.613,1.396,0.1918,3196.06,6799.12,0.00209788,0.1917,-0.0024,-2.728,1.485,2.4730,-0.0061,-0.0164,nan,nan
138.81,29.420,0.1917,-0.0021,-0.0016,0.0265,-0.0101,-0.0060,-0.0164,2.4729,-2.617,1.399,0.1918,3214.79,6834.09,0.00237469,0.1917,-0.0021,-2.732,1.489,2.4729,-0.0060,-0.0164,nan,nan
138.91,29.440,0.1917,-0.0021,-0.0016,0.0265,-0.0101,-0.0060,-0.0164,2.4728,-2.621,1.402,0.1918,3239.9,6880.95,0.00237469,0.1917,-0.0021,-2.738,1.493,2.4729,-0.0060,-0.0164,nan,nan
139.01,29.460,0.1917,-0.0021,-0.0016,0.0265,-0.0101,-0.0060,-0.0164,2.4728,-2.626,1.406,0.1918,3258.84,6916.26,0.00209788,0.1917,-0.0021,-2.743,1.497,2.4728,-0.0060,-0.0164,nan,nan
139.11,29.500,0.1917,-0.0021,-0.0016,0.0265,-0.0101,-0.0060,-0.0164,2.4728,-2.630,1.409,0.1918,3277.85,6951.7,0.00237469,0.1918,-0.0019,-2.747,1.500,2.4728,-0.0060,-0.0164,nan,nan
139.21,29.520,0.1918,-0.0019,-0.0014,0.0265,-0.0101,-0.0060,-0.0164,2.4727,-2.634,1.413,0.1918,3303.35,6999.19,0.00237469,0.1918,-0.0019,-2.753,1.505,2.4727,-0.0060,-0.0164,nan,nan
139.31,29.560,0.1918,-0.0019,-0.0014,0.0265,-0.0101,-0.0060,-0.0164,2.4727,-2.639,1.416,0.1918,3303.35,6999.19,0.00237469,0.1918,-0.0019,-2.753,1.505,2.4727,-0.0060,-0.0164,nan,nan
139.41,29.580,0.1918,-0.0019,-0.0014,0.0265,-0.0101,-0.0060,-0.0164,2.4726,-2.643,1.419,0.1918,3322.57,7034.97,0.00209788,0.1918,-0.0019,-2.758,1.509,2.4727,-0.0060,-0.0164,nan,nan
139.51,29.600,0.1918,-0.0019,-0.0013,0.0265,-0.0100,-0.0060,-0.0164,2.4726,-2.647,1.422,0.1918,3341.87,7070.9,0.00237469,0.1918,-0.0017,-2.762,1.512,2.4726,-0.0060,-0.0164,nan,nan
139.61,29.640,0.1918,-0.0017,-0.0013,0.0265,-0.0100,-0.0060,-0.0164,2.4726,-2.651,1.426,0.1918,3367.75,7119.02,0.00237469,0.1918,-0.0017,-2.768,1.517,2.4726,-0.0060,-0.0164,nan,nan
139.71,29.660,0.1918,-0.0017,-0.0013,0.0265,-0.0100,-0.0060,-0.0164,2.4725,-2.656,1.430,0.1918,3387.26,7155.28,0.00209788,0.1918,-0.0017,-2.773,1.521,2.4725,-0.0060,-0.0164,nan,nan
139.81,29.700,0.1918,-0.0017,-0.0013,0.0265,-0.0100,-0.0060,-0.0164,2.4725,-2.660,1.433,0.1918,3406.86,7191.69,0.00237469,0.1918,-0.0015,-2.778,1.524,2.4725,-0.0060,-0.0164,nan,nan
139.91,29.720,0.1918,-0.0015,-0.0011,0.0265,-0.0100,-0.0060,-0.0164,2.4725,-2.665,1.437,0.1918,3433.13,7240.46,0.00237469,0.1918,-0.0015,-2.784,1.529,2.4725,-0.0060,-0.0164,nan,nan
140.01,29.760,0.1918,-0.0015,-0.0011,0.0265,-0.0100,-0.0060,-0.0164,2.4724,-2.669,1.440,0.1918,3452.93,7277.21,0.00209788,0.1918,-0.0015,-2.788,1.533,2.4724,-0.0060,-0.0164,nan,nan
140.11,29.780,0.1918,-0.0015,-0.0011,0.0265,-0.0100,-0.0060,-0.0164,2.4724,-2.674,1.444,0.1918,3452.93,7277.21,0.00209788,0.1918,-0.0015,-2.788,1.533,2.4724,-0.0060,-0.0164,nan,nan
140.21,29.820,0.1918,-0.0014,-0.0010,0.0265,-0.0100,-0.0060,-0.0164,2.4724,-2.678,1.447,0.1918,3472.83,7314.1,0.00237469,0.1918,-0.0014,-2.793,1.536,2.4724,-0.0060,-0.0164,nan,nan
140.31,29.840,0.1918,-0.0014,-0.0010,0.0265,-0.0100,-0.0060,-0.0164,2.4723,-2.683,1.451,0.1918,3499.49,7363.52,0.00237469,0.1918,-0.0014,-2.799,1.541,2.4724,-0.0060,-0.0164,nan,nan
140.41,29.880,0.1918,-0.0014,-0.0010,0.0265,-0.0100,-0.0060,-0.0164,2.4723,-2.686,1.454,0.1918,3519.59,7400.76,0.00209788,0.1918,-0.0014,-2.803,1.544,2.4723,-0.0060,-0.0164,nan,nan
140.51,29.900,0.1918,-0.0014,-0.0010,0.0265,-0.0100,-0.0060,-0.0164,2.4723,-2.690,1.457,0.1919,3539.78,7438.14,0.00237469,0.1919,-0.0012,-2.808,1.548,2.4723,-0.0060,-0.0164,nan,nan
140.61,29.920,0.1919,-0.0012,-0.0009,0.0265,-0.0100,-0.0060,-0.0164,2.4723,-2.695,1.460,0.1919,3566.84,7488.22,0.00237469,0.1919,-0.0012,-2.814,1.553,2.4723,-0.0060,-0.0164,nan,nan
140.71,29.960,0.1919,-0.0012,-0.0009,0.0265,-0.0100,-0.0060,-0.0164,2.4722,-2.699,1.464,0.1919,3587.24,7525.95,0.00209788,0.1919,-0.0012,-2.818,1.556,2.4722,-0.0060,-0.0164,nan,nan
140.81,29.980,0.1919,-0.0012,-0.0009,0.0265,-0.0100,-0.0060,-0.0164,2.4722,-2.704,1.467,0.1919,3587.24,7525.95,0.00209788,0.1919,-0.0012,-2.818,1.556,2.4722,-0.0060,-0.0164,nan,nan
140.91,30.020,0.1919,-0.0011,-0.0008,0.0265,-0.0099,-0.0060,-0.0164,2.4722,-2.708,1.471,0.1919,3607.73,7563.84,0.00237469,0.1919,-0.0011,-2.823,1.560,2.4722,-0.0060,-0.0164,nan,nan
141.01,30.040,0.1919,-0.0011,-0.0008,0.0265,-0.0099,-0.0060,-0.0164,2.4722,-2.712,1.474,0.1919,3635.19,7614.58,0.00237469,0.1919,-0.0011,-2.829,1.565,2.4722,-0.0060,-0.0164,nan,nan
141.11,30.080,0.1919,-0.0011,-0.0008,0.0265,-0.0099,-0.0060,-0.0164,2.4721,-2.717,1.478,0.1919,3655.89,7652.82,0.00209788,0.1919,-0.0011,-2.833,1.568,2.4721,-0.0060,-0.0164,nan,nan
141.21,30.100,0.1919,-0.0011,-0.0008,0.0265,-0.0099,-0.0060,-0.0164,2.4721,-2.720,1.481,0.1919,3676.68,7691.2,0.00237469,0.1919,-0.0010,-2.838,1.572,2.4721,-0.0060,-0.0164,nan,nan
141.31,30.120,0.1919,-0.0010,-0.0007,0.0265,-0.0099,-0.0060,-0.0164,2.4721,-2.725,1.484,0.1919,3704.55,7742.62,0.00237469,0.1919,-0.0010,-2.844,1.577,2.4721,-0.0060,-0.0164,nan,nan
141.41,30.160,0.1919,-0.0010,-0.0007,0.0265,-0.0099,-0.0060,-0.0164,2.4721,-2.729,1.488,0.1919,3725.56,7781.36,0.00209788,0.1919,-0.0010,-2.848,1.580,2.4721,-0.0060,-0.0164,nan,nan
141.51,30.180,0.1919,-0.0010,-0.0007,0.0265,-0.0099,-0.0060,-0.0164,2.4720,-2.734,1.491,0.1919,3725.56,7781.36,0.00209788,0.1919,-0.0010,-2.848,1.580,2.4721,-0.0060,-0.0164,nan,nan
141.61,30.220,0.1919,-0.0009,-0.0006,0.0265,-0.0099,-0.0060,-0.0164,2.4720,-2.738,1.494,0.1919,3746.66,7820.25,0.00237469,0.1919,-0.0009,-2.853,1.584,2.4721,-0.0060,-0.0164,nan,nan
141.71,30.240,0.1919,-0.0009,-0.0006,0.0265,-0.0099,-0.0060,-0.0164,2.4720,-2.742,1.498,0.1919,3774.93,7872.34,0.00237469,0.1919,-0.0009,-2.859,1.589,2.4720,-0.0060,-0.0164,nan,nan
141.81,30.280,0.1919,-0.0009,-0.0006,0.0265,-0.0099,-0.0060,-0.0164,2.4720,-2.747,1.501,0.1919,3796.25,7911.59,0.00209788,0.1919,-0.0009,-2.863,1.592,2.4720,-0.0060,-0.0164,nan,nan
141.91,30.300,0.1919,-0.0009,-0.0006,0.0265,-0.0099,-0.0060,-0.0164,2.4720,-2.751,1.505,0.1919,3817.65,7951,0.00237469,0.1919,-0.0008,-2.868,1.596,2.4720,-0.0060,-0.0164,nan,nan
142.01,30.340,0.1919,-0.0008,-0.0006,0.0265,-0.0099,-0.0060,-0.0164,2.4720,-2.755,1.508,0.1919,3846.34,8003.78,0.00237469,0.1919,-0.0008,-2.874,1.600,2.4720,-0.0060,-0.0164,nan,nan
142.11,30.360,0.1919,-0.0008,-0.0006,0.0265,-0.0099,-0.0060,-0.0164,2.4719,-2.760,1.512,0.1919,3867.97,8043.55,0.00209788,0.1919,-0.0008,-2.878,1.604,2.4719,-0.0060,-0.0164,nan,nan
142.21,30.380,0.1919,-0.0008,-0.0006,0.0265,-0.0099,-0.0060,-0.0164,2.4719,-2.764,1.515,0.1919,3889.69,8083.47,0.00237469,0.1919,-0.0008,-2.883,1.608,2.4719,-0.0060,-0.0164,nan,nan
142.31,30.420,0.1919,-0.0007,-0.0005,0.0265,-0.0099,-0.0060,-0.0164,2.4719,-2.769,1.519,0.1919,3889.69,8083.47,0.00237469,0.1919,-0.0007,-2.883,1.608,2.4719,-0.0060,-0.0164,nan,nan
142.41,30.440,0.1919,-0.0007,-0.0005,0.0265,-0.0099,-0.0060,-0.0164,2.4719,-2.773,1.522,0.1919,3918.8,8136.95,0.00237469,0.1919,-0.0007,-2.889,1.612,2.4719,-0.0060,-0.0164,nan,nan
142.51,30.480,0.1919,-0.0007,-0.0005,0.0265,-0.0099,-0.0060,-0.0164,2.4719,-2.777,1.526,0.1919,3940.74,8177.24,0.00209788,0.1919,-0.0007,-2.893,1.616,2.4719,-0.0060,-0.0164,nan,nan
142.61,30.500,0.1919,-0.0007,-0.0005,0.0265,-0.0099,-0.0060,-0.0164,2.4719,-2.781,1.529,0.1919,3962.77,8217.68,0.00237469,0.1919,-0.0006,-2.898,1.620,2.4719,-0.0060,-0.0164,nan,nan
142.71,30.540,0.1919,-0.0006,-0.0005,0.0265,-0.0099,-0.0060,-0.0164,2.4719,-2.786,1.532,0.1919,3992.3,8271.86,0.00237469,0.1919,-0.0006,-2.904,1.624,2.4719,-0.0060,-0.0164,nan,nan
142.81,30.560,0.1919,-0.0006,-0.0005,0.0265,-0.0099,-0.0060,-0.0164,2.4718,-2.790,1.536,0.1919,4014.56,8312.67,0.00209788,0.1919,-0.0006,-2.908,1.628,2.4718,-0.0060,-0.0164,nan,nan
142.91,30.580,0.1919,-0.0006,-0.0005,0.0265,-0.0099,-0.0060,-0.0164,2.4718,-2.794,1.539,0.1919,4014.56,8312.67,0.00209788,0.1919,-0.0006,-2.908,1.628,2.4718,-0.0060,-0.0164,nan,nan
143.01,30.620,0.1919,-0.0006,-0.0004,0.0265,-0.0098,-0.0060,-0.0164,2.4718,-2.798,1.542,0.1919,4036.91,8353.65,0.00237469,0.1919,-0.0006,-2.913,1.631,2.4718,-0.0060,-0.0164,nan,nan
143.11,30.640,0.1919,-0.0006,-0.0004,0.0266,-0.0098,-0.0060,-0.0164,2.4718,-2.802,1.545,0.1919,4066.87,8408.53,0.00237469,0.1919,-0.0006,-2.919,1.636,2.4718,-0.0060,-0.0164,nan,nan
143.21,30.660,0.1919,-0.0006,-0.0004,0.0266,-0.0098,-0.0060,-0.0164,2.4718,-2.806,1.548,0.1919,4089.45,8449.88,0.00209788,0.1919,-0.0006,-2.923,1.640,2.4718,-0.0060,-0.0164,nan,nan
143.31,30.700,0.1919,-0.0006,-0.0005,0.0266,-0.0098,-0.0060,-0.0164,2.4718,-2.810,1.552,0.1919,4112.12,8491.39,0.00237469,0.1919,-0.0005,-2.928,1.643,2.4718,-0.0060,-0.0164,nan,nan
143.41,30.720,0.1919,-0.0005,-0.0004,0.0266,-0.0098,-0.0060,-0.0164,2.4718,-2.814,1.555,0.1919,4112.12,8491.39,0.00237469,0.1919,-0.0005,-2.928,1.643,2.4718,-0.0060,-0.0164,nan,nan
143.51,30.740,0.1919,-0.0005,-0.0004,0.0265,-0.0098,-0.0060,-0.0164,2.4718,-2.818,1.558,0.1919,4142.51,8546.98,0.00237469,0.1919,-0.0005,-2.934,1.648,2.4718,-0.0060,-0.0164,nan,nan
143.61,30.780,0.1919,-0.0005,-0.0004,0.0265,-0.0098,-0.0060,-0.0164,2.4718,-2.822,1.561,0.1919,4165.41,8588.87,0.00209788,0.1919,-0.0005,-2.939,1.652,2.4718,-0.0060,-0.0164,nan,nan
143.71,30.800,0.1919,-0.0005,-0.0004,0.0265,-0.0098,-0.0060,-0.0164,2.4717,-2.826,1.564,0.1919,4188.41,8630.91,0.00237469,0.1919,-0.0004,-2.943,1.655,2.4717,-0.0060,-0.0164,nan,nan
143.81,30.820,0.1919,-0.0004,-0.0004,0.0266,-0.0098,-0.0060,-0.0164,2.4717,-2.830,1.567,0.1919,4219.23,8687.23,0.00237469,0.1919,-0.0004,-2.949,1.660,2.4717,-0.0060,-0.0164,nan,nan
143.91,30.860,0.1919,-0.0004,-0.0004,0.0265,-0.0098,-0.0060,-0.0164,2.4717,-2.835,1.571,0.1919,4242.46,8729.66,0.00209788,0.1919,-0.0004,-2.954,1.664,2.4717,-0.0060,-0.0164,nan,nan
144.01,30.880,0.1919,-0.0004,-0.0004,0.0265,-0.0098,-0.0060,-0.0164,2.4717,-2.839,1.574,0.1919,4242.46,8729.66,0.00209788,0.1919,-0.0004,-2.954,1.664,2.4717,-0.0060,-0.0164,nan,nan
144.11,30.920,0.1920,-0.0004,-0.0004,0.0265,-0.0098,-0.0060,-0.0164,2.4717,-2.843,1.578,0.1919,4265.78,8772.25,0.00237469,0.1920,-0.0004,-2.958,1.667,2.4717,-0.0060,-0.0164,nan,nan
144.21,30.940,0.1920,-0.0004,-0.0004,0.0265,-0.0098,-0.0060,-0.0164,2.4717,-2.848,1.581,0.1919,4297.04,8829.3,0.00237469,0.1920,-0.0004,-2.964,1.672,2.4717,-0.0060,-0.0164,nan,nan
144.31,30.980,0.1920,-0.0004,-0.0004,0.0265,-0.0098,-0.0060,-0.0164,2.4717,-2.852,1.585,0.1919,4320.6,8872.27,0.00209788,0.1920,-0.0004,-2.969,1.676,2.4717,-0.0060,-0.0164,nan,nan
144.41,31.000,0.1920,-0.0004,-0.0003,0.0265,-0.0098,-0.0060,-0.0164,2.4717,-2.857,1.588,0.1919,4344.26,8915.41,0.00237469,0.1920,-0.0003,-2.973,1.679,2.4717,-0.0060,-0.0164,nan,nan
144.51,31.040,0.1920,-0.0003,-0.0003,0.0265,-0.0098,-0.0060,-0.0164,2.4717,-2.861,1.592,0.1919,4375.96,8973.19,0.00237469,0.1920,-0.0003,-2.979,1.684,2.4717,-0.0060,-0.0164,nan,nan
144.61,31.060,0.1920,-0.0003,-0.0003,0.0265,-0.0098,-0.0060,-0.0164,2.4716,-2.865,1.595,0.1919,4399.86,9016.72,0.00209788,0.1920,-0.0003,-2.984,1.687,2.4717,-0.0060,-0.0164,nan,nan
144.71,31.100,0.1920,-0.0003,-0.0003,0.0265,-0.0098,-0.0060,-0.0164,2.4716,-2.870,1.599,0.1920,4423.85,9060.42,0.00237469,0.1920,-0.0003,-2.988,1.691,2.4716,-0.0060,-0.0164,nan,nan
144.81,31.120,0.1920,-0.0003,-0.0003,0.0265,-0.0098,-0.0060,-0.0164,2.4716,-2.874,1.602,0.1920,4423.85,9060.42,0.00237469,0.1920,-0.0003,-2.988,1.691,2.4716,-0.0060,-0.0164,nan,nan
144.91,31.140,0.1920,-0.0003,-0.0003,0.0265,-0.0098,-0.0060,-0.0164,2.4716,-2.879,1.606,0.1920,4456,9118.94,0.00237469,0.1920,-0.0003,-2.994,1.696,2.4716,-0.0060,-0.0164,nan,nan
145.01,31.180,0.1920,-0.0003,-0.0003,0.0265,-0.0098,-0.0060,-0.0164,2.4716,-2.883,1.609,0.1920,4480.23,9163.03,0.00209788,0.1920,-0.0003,-2.999,1.699,2.4716,-0.0060,-0.0164,nan,nan
145.11,31.200,0.1920,-0.0003,-0.0002,0.0265,-0.0098,-0.0060,-0.0164,2.4716,-2.888,1.613,0.1920,4504.56,9207.29,0.00237469,0.1920,-0.0002,-3.003,1.703,2.4716,-0.0060,-0.0164,nan,nan
145.21,31.240,0.1920,-0.0002,-0.0002,0.0265,-0.0098,-0.0060,-0.0164,2.4716,-2.892,1.616,0.1920,4537.16,9266.56,0.00237469,0.1920,-0.0002,-3.009,1.708,2.4716,-0.0060,-0.0164,nan,nan
145.31,31.260,0.1920,-0.0002,-0.0002,0.0265,-0.0098,-0.0060,-0.0164,2.4716,-2.896,1.620,0.1920,4561.73,9311.21,0.00209788,0.1920,-0.0002,-3.014,1.711,2.4716,-0.0060,-0.0164,nan,nan
145.41,31.300,0.1920,-0.0002,-0.0002,0.0265,-0.0098,-0.0060,-0.0164,2.4716,-2.901,1.623,0.1920,4586.4,9356.04,0.00237469,0.1920,-0.0002,-3.018,1.715,2.4716,-0.0060,-0.0164,nan,nan
145.51,31.320,0.1920,-0.0002,-0.0002,0.0265,-0.0098,-0.0060,-0.0164,2.4716,-2.905,1.627,0.1920,4619.46,9416.06,0.00237469,0.1920,-0.0002,-3.024,1.720,2.4716,-0.0060,-0.0164,nan,nan
145.61,31.360,0.1920,-0.0002,-0.0002,0.0265,-0.0098,-0.0060,-0.0164,2.4716,-2.910,1.630,0.1920,4619.46,9416.06,0.00237469,0.1920,-0.0002,-3.024,1.720,2.4716,-0.0060,-0.0164,nan,nan
145.71,31.380,0.1920,-0.0002,-0.0002,0.0265,-0.0098,-0.0060,-0.0164,2.4716,-2.914,1.634,0.1920,4644.37,9461.29,0.00209788,0.1920,-0.0002,-3.029,1.723,2.4716,-0.0060,-0.0164,nan,nan
145.81,31.420,0.1866,-0.0157,-0.0185,0.0276,-0.0101,-0.0060,-0.0164,2.4713,-2.918,1.637,0.1867,4669.39,9506.68,0.00237469,0.1866,-0.0439,-3.033,1.727,2.4716,-0.0060,-0.0164,nan,nan
145.91,31.440,0.1866,-0.0357,-0.0402,0.0290,-0.0106,-0.0060,-0.0164,2.4703,-2.923,1.641,0.1868,4702.91,9567.47,0.00237469,0.1866,-0.0439,-3.039,1.731,2.4712,-0.0060,-0.0164,nan,nan
146.01,31.480,0.1866,-0.0439,-0.0402,0.0290,-0.0106,-0.0060,-0.0164,2.4691,-2.927,1.644,0.1868,4728.19,9613.25,0.00209788,0.1866,-0.0439,-3.044,1.735,2.4702,-0.0060,-0.0164,nan,nan
146.11,31.500,0.1866,-0.0439,-0.0386,0.0289,-0.0105,-0.0060,-0.0164,2.4679,-2.931,1.648,0.1871,4753.61,9659.15,0.00237469,0.1868,-0.0422,-3.048,1.738,2.4689,-0.0060,-0.0164,nan,nan
146.21,31.540,0.1868,-0.0422,-0.0387,0.0289,-0.0105,-0.0059,-0.0164,2.4668,-2.936,1.651,0.1872,4787.74,9720.56,0.00237469,0.1868,-0.0422,-3.054,1.743,2.4673,-0.0060,-0.0164,nan,nan
146.31,31.560,0.1868,-0.0422,-0.0387,0.0289,-0.0104,-0.0059,-0.0164,2.4656,-2.940,1.654,0.1872,4813.5,9766.77,0.00209788,0.1868,-0.0422,-3.058,1.747,2.4661,-0.0059,-0.0164,nan,nan
146.41,31.580,0.1868,-0.0422,-0.0387,0.0289,-0.0104,-0.0059,-0.0164,2.4646,-2.944,1.658,0.1873,4839.4,9813.1,0.00237469,0.1876,-0.0363,-3.063,1.750,2.4649,-0.0059,-0.0164,nan,nan
146.51,31.620,0.1876,-0.0363,-0.0334,0.0286,-0.0103,-0.0059,-0.0164,2.4636,-2.948,1.661,0.1880,4839.4,9813.1,0.00237469,0.1876,-0.0363,-3.063,1.750,2.4649,-0.0059,-0.0164,nan,nan
146.61,31.640,0.1876,-0.0363,-0.0334,0.0286,-0.0102,-0.0059,-0.0164,2.4626,-2.953,1.665,0.1880,4874.17,9875.09,0.00237469,0.1876,-0.0363,-3.068,1.755,2.4635,-0.0059,-0.0164,nan,nan
146.71,31.680,0.1876,-0.0363,-0.0334,0.0286,-0.0102,-0.0059,-0.0164,2.4616,-2.957,1.668,0.1881,4900.41,9921.74,0.00209788,0.1876,-0.0363,-3.073,1.758,2.4625,-0.0059,-0.0164,nan,nan
146.81,31.700,0.1876,-0.0363,-0.0287,0.0284,-0.0101,-0.0058,-0.0164,2.4607,-2.961,1.671,0.1887,4926.79,9968.53,0.00237469,0.1882,-0.0312,-3.077,1.762,2.4615,-0.0059,-0.0164,nan,nan
146.91,31.740,0.1882,-0.0312,-0.0287,0.0284,-0.0101,-0.0058,-0.0165,2.4598,-2.966,1.675,0.1887,4962.18,10031.1,0.00237469,0.1882,-0.0312,-3.083,1.767,2.4603,-0.0058,-0.0165,nan,nan
147.01,31.760,0.1882,-0.0312,-0.0287,0.0284,-0.0100,-0.0058,-0.0165,2.4590,-2.970,1.679,0.1888,4988.89,10078.2,0.00209788,0.1882,-0.0312,-3.087,1.770,2.4594,-0.0058,-0.0165,nan,nan
147.11,31.800,0.1882,-0.0312,-0.0287,0.0284,-0.0100,-0.0058,-0.0165,2.4582,-2.975,1.682,0.1893,5015.74,10125.5,0.00237469,0.1887,-0.0268,-3.092,1.774,2.4586,-0.0058,-0.0165,nan,nan
147.21,31.820,0.1887,-0.0268,-0.0247,0.0281,-0.0099,-0.0058,-0.0165,2.4575,-2.979,1.685,0.1893,5051.75,10188.7,0.00237469,0.1887,-0.0268,-3.098,1.778,2.4575,-0.0058,-0.0165,nan,nan
147.31,31.860,0.1887,-0.0268,-0.0247,0.0281,-0.0099,-0.0058,-0.0165,2.4567,-2.983,1.689,0.1894,5051.75,10188.7,0.00237469,0.1887,-0.0268,-3.098,1.778,2.4575,-0.0058,-0.0165,nan,nan
147.41,31.880,0.1887,-0.0268,-0.0247,0.0281,-0.0099,-0.0058,-0.0165,2.4560,-2.988,1.692,0.1894,5078.91,10236.3,0.00209788,0.1887,-0.0268,-3.102,1.782,2.4568,-0.0058,-0.0165,nan,nan
147.51,31.920,0.1892,-0.0230,-0.0212,0.0279,-0.0098,-0.0058,-0.0165,2.4554,-2.992,1.696,0.1899,5106.22,10284.1,0.00237469,0.1892,-0.0230,-3.106,1.786,2.4561,-0.0058,-0.0165,nan,nan
147.61,31.940,0.1892,-0.0230,-0.0212,0.0279,-0.0097,-0.0058,-0.0165,2.4547,-2.996,1.699,0.1899,5142.84,10348,0.00237469,0.1892,-0.0230,-3.112,1.790,2.4552,-0.0058,-0.0165,nan,nan
147.71,31.980,0.1892,-0.0230,-0.0212,0.0279,-0.0097,-0.0057,-0.0165,2.4541,-3.001,1.703,0.1899,5170.46,10396.1,0.00209788,0.1892,-0.0230,-3.117,1.794,2.4545,-0.0057,-0.0165,nan,nan
147.81,32.000,0.1892,-0.0230,-0.0182,0.0267,-0.0127,-0.0057,-0.0165,2.4535,-3.005,1.706,0.1903,5198.21,10444.3,0.00237469,0.1896,-0.0198,-3.121,1.798,2.4539,-0.0057,-0.0165,nan,nan
147.91,32.040,0.1896,-0.0198,-0.0182,0.0266,-0.0127,-0.0057,-0.0165,2.4530,-3.009,1.710,0.1903,5235.43,10508.9,0.00237469,0.1896,-0.0198,-3.127,1.802,2.4531,-0.0057,-0.0165,nan,nan
148.01,32.060,0.1896,-0.0198,-0.0182,0.0265,-0.0127,-0.0057,-0.0165,2.4525,-3.013,1.713,0.1902,5263.5,10557.5,0.00209788,0.1896,-0.0198,-3.131,1.806,2.4526,-0.0057,-0.0165,nan,nan
148.11,32.080,0.1896,-0.0198,-0.0182,0.0261,-0.0129,-0.0057,-0.0165,2.4520,-3.017,1.716,0.1902,5263.5,10557.5,0.00209788,0.1896,-0.0198,-3.131,1.806,2.4526,-0.0057,-0.0165,nan,nan
148.21,32.120,0.1899,-0.0170,-0.0140,0.0267,-0.0119,-0.0057,-0.0165,2.4515,-3.022,1.720,0.1900,5291.71,10606.3,0.00237469,0.1899,-0.0170,-3.136,1.810,2.4521,-0.0057,-0.0165,nan,nan
148.31,32.140,0.1899,-0.0170,-0.0140,0.0267,-0.0118,-0.0057,-0.0165,2.4512,-3.026,1.723,0.1900,5329.52,10671.5,0.00237469,0.1899,-0.0170,-3.142,1.814,2.4514,-0.0057,-0.0165,nan,nan
148.41,32.160,0.1899,-0.0170,-0.0140,0.0267,-0.0118,-0.0057,-0.0165,2.4509,-3.028,1.725,0.1900,5358.04,10720.7,0.00209788,0.1899,-0.0170,-3.146,1.818,2.4510,-0.0057,-0.0165,nan,nan
148.51,32.180,0.1899,-0.0170,-0.0140,0.0268,-0.0118,-0.0057,-0.0165,2.4507,-3.031,1.727,0.1900,5358.04,10720.7,0.00209788,0.1899,-0.0170,-3.146,1.818,2.4510,-0.0057,-0.0165,nan,nan
148.61,32.200,0.1899,-0.0170,-0.0140,0.0268,-0.0119,-0.0057,-0.0165,2.4504,-3.033,1.729,0.1903,5386.68,10770,0.00237469,0.1903,-0.0141,-3.150,1.822,2.4506,-0.0057,-0.0165,nan,nan
148.71,32.220,0.1903,-0.0141,-0.0116,0.0268,-0.0114,-0.0057,-0.0165,2.4502,-3.036,1.732,0.1904,5386.68,10770,0.00237469,0.1903,-0.0141,-3.150,1.822,2.4506,-0.0057,-0.0165,nan,nan
148.81,32.240,0.1903,-0.0141,-0.0116,0.0268,-0.0115,-0.0057,-0.0165,2.4500,-3.039,1.734,0.1904,5425.08,10836,0.00237469,0.1903,-0.0141,-3.156,1.827,2.4501,-0.0057,-0.0165,nan,nan
148.91,32.260,0.1903,-0.0141,-0.0116,0.0269,-0.0115,-0.0057,-0.0165,2.4497,-3.042,1.736,0.1904,5425.08,10836,0.00237469,0.1903,-0.0141,-3.156,1.827,2.4501,-0.0057,-0.0165,nan,nan
149.01,32.280,0.1903,-0.0141,-0.0116,0.0270,-0.0116,-0.0057,-0.0165,2.4495,-3.045,1.739,0.1904,5454.03,10885.7,0.00209788,0.1903,-0.0141,-3.161,1.830,2.4497,-0.0057,-0.0165,nan,nan
149.11,32.300,0.1903,-0.0141,-0.0116,0.0274,-0.0117,-0.0057,-0.0165,2.4493,-3.048,1.741,0.1905,5483.11,10935.5,0.00237469,0.1904,-0.0129,-3.165,1.834,2.4494,-0.0057,-0.0165,nan,nan
149.21,32.320,0.1904,-0.0129,-0.0096,0.2454,-0.0876,-0.0057,-0.0165,2.4491,-3.051,1.744,0.1908,5483.11,10935.5,0.00237469,0.1904,-0.0129,-3.165,1.834,2.4494,-0.0057,-0.0165,nan,nan
149.31,32.340,0.1904,-0.0129,-0.0096,0.0268,-0.0110,-0.0057,-0.0165,2.4489,-3.054,1.746,0.1908,5522.09,11002.3,0.00237469,0.1904,-0.0129,-3.171,1.839,2.4490,-0.0057,-0.0165,nan,nan
149.41,32.360,0.1904,-0.0129,-0.0096,0.0268,-0.0110,-0.0057,-0.0165,2.4487,-3.057,1.748,0.1908,5522.09,11002.3,0.00237469,0.1904,-0.0129,-3.171,1.839,2.4490,-0.0057,-0.0165,nan,nan
149.51,32.380,0.1904,-0.0129,-0.0096,0.0268,-0.0110,-0.0056,-0.0165,2.4485,-3.060,1.751,0.1908,5551.47,11052.5,0.00209788,0.1904,-0.0129,-3.175,1.842,2.4487,-0.0056,-0.0165,nan,nan
149.61,32.400,0.1904,-0.0129,-0.0096,0.0268,-0.0110,-0.0056,-0.0165,2.4483,-3.062,1.753,0.1908,5580.99,11103,0.00237469,0.1906,-0.0114,-3.180,1.846,2.4484,-0.0056,-0.0165,nan,nan
149.71,32.400,0.1904,-0.0129,-0.0085,0.0268,-0.0108,-0.0056,-0.0165,2.4482,-3.065,1.755,0.1909,5580.99,11103,0.00237469,0.1906,-0.0114,-3.180,1.846,2.4484,-0.0056,-0.0165,nan,nan
149.81,32.440,0.1906,-0.0114,-0.0085,0.0268,-0.0107,-0.0056,-0.0165,2.4480,-3.068,1.758,0.1909,5620.55,11170.5,0.00237469,0.1906,-0.0114,-3.185,1.851,2.4480,-0.0056,-0.0165,nan,nan
149.91,32.460,0.1906,-0.0114,-0.0085,0.0268,-0.0107,-0.0056,-0.0165,2.4478,-3.071,1.760,0.1909,5620.55,11170.5,0.00237469,0.1906,-0.0114,-3.185,1.851,2.4480,-0.0056,-0.0165,nan,nan
150.01,32.480,0.1906,-0.0114,-0.0085,0.0268,-0.0107,-0.0056,-0.0165,2.4476,-3.075,1.763,0.1909,5650.36,11221.3,0.00209788,0.1906,-0.0114,-3.190,1.855,2.4478,-0.0056,-0.0165,nan,nan
150.11,32.500,0.1906,-0.0114,-0.0085,0.0268,-0.0107,-0.0056,-0.0165,2.4474,-3.078,1.766,0.1910,5680.31,11272.3,0.00237469,0.1908,-0.0102,-3.194,1.858,2.4475,-0.0056,-0.0165,nan,nan
150.21,32.520,0.1908,-0.0102,-0.0076,0.0268,-0.0106,-0.0056,-0.0165,2.4472,-3.082,1.769,0.1910,5680.31,11272.3,0.00237469,0.1908,-0.0102,-3.194,1.858,2.4475,-0.0056,-0.0165,nan,nan
150.31,32.540,0.1908,-0.0102,-0.0076,0.0268,-0.0105,-0.0056,-0.0165,2.4470,-3.085,1.772,0.1910,5720.45,11340.6,0.00237469,0.1908,-0.0102,-3.200,1.863,2.4472,-0.0056,-0.0165,nan,nan
150.41,32.560,0.1908,-0.0102,-0.0076,0.0268,-0.0105,-0.0056,-0.0165,2.4469,-3.088,1.774,0.1910,5750.7,11392,0.00209788,0.1908,-0.0102,-3.205,1.867,2.4470,-0.0056,-0.0165,nan,nan
150.51,32.580,0.1908,-0.0102,-0.0076,0.0268,-0.0105,-0.0056,-0.0165,2.4467,-3.092,1.777,0.1910,5781.09,11443.6,0.00237469,0.1909,-0.0090,-3.209,1.870,2.4468,-0.0056,-0.0165,nan,nan
150.61,32.620,0.1909,-0.0090,-0.0068,0.0268,-0.0104,-0.0056,-0.0165,2.4466,-3.095,1.780,0.1911,5781.09,11443.6,0.00237469,0.1909,-0.0090,-3.209,1.870,2.4468,-0.0056,-0.0165,nan,nan
150.71,32.640,0.1909,-0.0090,-0.0068,0.0268,-0.0104,-0.0056,-0.0165,2.4464,-3.099,1.783,0.1911,5821.8,11512.7,0.00237469,0.1909,-0.0090,-3.215,1.875,2.4465,-0.0056,-0.0165,nan,nan
150.81,32.660,0.1909,-0.0090,-0.0068,0.0268,-0.0104,-0.0056,-0.0165,2.4462,-3.102,1.786,0.1911,5852.49,11564.7,0.00209788,0.1909,-0.0090,-3.219,1.879,2.4463,-0.0056,-0.0165,nan,nan
150.91,32.680,0.1909,-0.0090,-0.0068,0.0268,-0.0104,-0.0056,-0.0165,2.4461,-3.106,1.789,0.1911,5852.49,11564.7,0.00209788,0.1909,-0.0090,-3.219,1.879,2.4463,-0.0056,-0.0165,nan,nan
151.01,32.700,0.1909,-0.0090,-0.0058,0.0268,-0.0102,-0.0056,-0.0165,2.4459,-3.109,1.791,0.1912,5883.31,11616.8,0.00237469,0.1911,-0.0078,-3.224,1.883,2.4461,-0.0056,-0.0165,nan,nan
151.11,32.720,0.1911,-0.0078,-0.0058,0.0268,-0.0102,-0.0056,-0.0165,2.4458,-3.112,1.794,0.1912,5924.61,11686.7,0.00237469,0.1911,-0.0078,-3.229,1.888,2.4458,-0.0056,-0.0165,nan,nan
151.21,32.740,0.1911,-0.0078,-0.0058,0.0268,-0.0102,-0.0056,-0.0165,2.4457,-3.115,1.797,0.1912,5924.61,11686.7,0.00237469,0.1911,-0.0078,-3.229,1.888,2.4458,-0.0056,-0.0165,nan,nan
151.31,32.760,0.1911,-0.0078,-0.0058,0.0268,-0.0102,-0.0056,-0.0165,2.4456,-3.118,1.799,0.1912,5955.74,11739.3,0.00209788,0.1911,-0.0078,-3.234,1.891,2.4457,-0.0056,-0.0165,nan,nan
151.41,32.800,0.1911,-0.0078,-0.0058,0.0268,-0.0102,-0.0056,-0.0165,2.4454,-3.121,1.802,0.1913,5987,11792.1,0.00237469,0.1911,-0.0072,-3.238,1.895,2.4455,-0.0056,-0.0165,nan,nan
151.51,32.820,0.1911,-0.0072,-0.0054,0.0268,-0.0101,-0.0056,-0.0165,2.4453,-3.124,1.804,0.1913,5987,11792.1,0.00237469,0.1911,-0.0072,-3.238,1.895,2.4455,-0.0056,-0.0165,nan,nan
151.61,32.840,0.1911,-0.0072,-0.0054,0.0268,-0.0101,-0.0056,-0.0165,2.4452,-3.127,1.807,0.1913,6028.88,11862.8,0.00237469,0.1911,-0.0072,-3.244,1.900,2.4453,-0.0056,-0.0165,nan,nan
151.71,32.860,0.1911,-0.0072,-0.0054,0.0268,-0.0101,-0.0056,-0.0165,2.4451,-3.131,1.809,0.1913,6028.88,11862.8,0.00237469,0.1911,-0.0072,-3.244,1.900,2.4453,-0.0056,-0.0165,nan,nan
151.81,32.880,0.1911,-0.0072,-0.0054,0.0268,-0.0101,-0.0056,-0.0165,2.4450,-3.134,1.812,0.1913,6060.45,11916,0.00209788,0.1911,-0.0072,-3.249,1.903,2.4451,-0.0056,-0.0165,nan,nan
151.91,32.900,0.1911,-0.0072,-0.0054,0.0268,-0.0101,-0.0056,-0.0165,2.4449,-3.137,1.814,0.1914,6092.15,11969.4,0.00237469,0.1912,-0.0064,-3.253,1.907,2.4450,-0.0056,-0.0165,nan,nan
152.01,32.920,0.1912,-0.0064,-0.0048,0.0268,-0.0100,-0.0056,-0.0165,2.4448,-3.140,1.817,0.1914,6092.15,11969.4,0.00237469,0.1912,-0.0064,-3.253,1.907,2.4450,-0.0056,-0.0165,nan,nan
152.11,32.940,0.1912,-0.0064,-0.0048,0.0268,-0.0100,-0.0056,-0.0165,2.4447,-3.143,1.820,0.1914,6134.62,12040.8,0.00237469,0.1912,-0.0064,-3.259,1.912,2.4448,-0.0056,-0.0165,nan,nan
152.21,32.960,0.1912,-0.0064,-0.0048,0.0268,-0.0100,-0.0056,-0.0165,2.4446,-3.146,1.822,0.1914,6166.63,12094.7,0.00209788,0.1912,-0.0064,-3.263,1.916,2.4446,-0.0056,-0.0165,nan,nan
152.31,32.980,0.1912,-0.0064,-0.0048,0.0268,-0.0100,-0.0056,-0.0165,2.4445,-3.149,1.825,0.1914,6166.63,12094.7,0.00209788,0.1912,-0.0064,-3.263,1.916,2.4446,-0.0056,-0.0165,nan,nan
152.41,33.000,0.1912,-0.0064,-0.0043,0.0268,-0.0099,-0.0056,-0.0165,2.4444,-3.152,1.828,0.1914,6198.78,12148.7,0.00237469,0.1913,-0.0057,-3.268,1.919,2.4445,-0.0056,-0.0165,nan,nan
152.51,33.020,0.1913,-0.0057,-0.0043,0.0268,-0.0098,-0.0056,-0.0165,2.4443,-3.156,1.830,0.1914,6241.84,12221,0.00237469,0.1913,-0.0057,-3.273,1.924,2.4443,-0.0056,-0.0165,nan,nan
152.61,33.040,0.1913,-0.0057,-0.0043,0.0268,-0.0098,-0.0056,-0.0165,2.4442,-3.159,1.833,0.1914,6241.84,12221,0.00237469,0.1913,-0.0057,-3.273,1.924,2.4443,-0.0056,-0.0165,nan,nan
152.71,33.080,0.1913,-0.0057,-0.0043,0.0268,-0.0098,-0.0056,-0.0165,2.4441,-3.163,1.836,0.1914,6274.3,12275.4,0.00209788,0.1913,-0.0057,-3.278,1.928,2.4442,-0.0056,-0.0165,nan,nan
152.81,33.100,0.1913,-0.0057,-0.0043,0.0268,-0.0098,-0.0056,-0.0165,2.4440,-3.166,1.839,0.1915,6306.89,12330.1,0.00237469,0.1914,-0.0051,-3.282,1.932,2.4440,-0.0056,-0.0165,nan,nan
152.91,33.120,0.1914,-0.0051,-0.0038,0.0268,-0.0097,-0.0056,-0.0165,2.4439,-3.170,1.842,0.1915,6306.89,12330.1,0.00237469,0.1914,-0.0051,-3.282,1.932,2.4440,-0.0056,-0.0165,nan,nan
153.01,33.140,0.1914,-0.0051,-0.0038,0.0268,-0.0097,-0.0056,-0.0165,2.4438,-3.173,1.845,0.1915,6350.55,12403.2,0.00237469,0.1914,-0.0051,-3.288,1.937,2.4439,-0.0056,-0.0165,nan,nan
153.11,33.160,0.1914,-0.0051,-0.0038,0.0268,-0.0097,-0.0056,-0.0165,2.4437,-3.177,1.848,0.1915,6383.45,12458.3,0.00209788,0.1914,-0.0051,-3.292,1.940,2.4438,-0.0056,-0.0165,nan,nan
153.21,33.180,0.1914,-0.0051,-0.0038,0.0268,-0.0097,-0.0056,-0.0165,2.4436,-3.180,1.851,0.1915,6416.49,12513.6,0.00237469,0.1914,-0.0045,-3.297,1.944,2.4437,-0.0056,-0.0165,nan,nan
153.31,33.200,0.1914,-0.0051,-0.0034,0.0268,-0.0097,-0.0056,-0.0165,2.4436,-3.183,1.853,0.1915,6416.49,12513.6,0.00237469,0.1914,-0.0045,-3.297,1.944,2.4437,-0.0056,-0.0165,nan,nan
153.41,33.240,0.1914,-0.0045,-0.0034,0.0268,-0.0097,-0.0056,-0.0165,2.4435,-3.186,1.856,0.1915,6460.75,12587.6,0.00237469,0.1914,-0.0045,-3.303,1.949,2.4435,-0.0056,-0.0165,nan,nan
153.51,33.260,0.1914,-0.0045,-0.0034,0.0268,-0.0097,-0.0056,-0.0165,2.4434,-3.190,1.859,0.1915,6460.75,12587.6,0.00237469,0.1914,-0.0045,-3.303,1.949,2.4435,-0.0056,-0.0165,nan,nan
153.61,33.280,0.1914,-0.0045,-0.0034,0.0268,-0.0097,-0.0056,-0.0165,2.4433,-3.193,1.861,0.1915,6494.11,12643.3,0.00209788,0.1914,-0.0045,-3.307,1.953,2.4434,-0.0056,-0.0165,nan,nan
153.71,33.300,0.1914,-0.0045,-0.0034,0.0268,-0.0097,-0.0056,-0.0165,2.4433,-3.196,1.864,0.1916,6527.6,12699.2,0.00237469,0.1915,-0.0040,-3.312,1.956,2.4433,-0.0056,-0.0165,nan,nan
153.81,33.320,0.1915,-0.0040,-0.0030,0.0268,-0.0096,-0.0056,-0.0165,2.4432,-3.200,1.867,0.1916,6527.6,12699.2,0.00237469,0.1915,-0.0040,-3.312,1.956,2.4433,-0.0056,-0.0165,nan,nan
153.91,33.340,0.1915,-0.0040,-0.0030,0.0268,-0.0096,-0.0056,-0.0166,2.4431,-3.203,1.870,0.1916,6572.46,12774,0.00237469,0.1915,-0.0040,-3.317,1.961,2.4432,-0.0056,-0.0166,nan,nan
154.01,33.360,0.1915,-0.0040,-0.0030,0.0268,-0.0096,-0.0056,-0.0166,2.4430,-3.206,1.873,0.1916,6606.27,12830.4,0.00209788,0.1915,-0.0040,-3.322,1.965,2.4431,-0.0056,-0.0166,nan,nan
154.11,33.400,0.1915,-0.0040,-0.0030,0.0268,-0.0096,-0.0056,-0.0166,2.4430,-3.210,1.875,0.1916,6640.21,12887,0.00237469,0.1916,-0.0036,-3.326,1.969,2.4430,-0.0056,-0.0166,nan,nan
154.21,33.420,0.1916,-0.0036,-0.0027,0.0268,-0.0095,-0.0056,-0.0166,2.4429,-3.213,1.878,0.1916,6640.21,12887,0.00237469,0.1916,-0.0036,-3.326,1.969,2.4430,-0.0056,-0.0166,nan,nan
154.31,33.440,0.1916,-0.0036,-0.0027,0.0268,-0.0095,-0.0056,-0.0166,2.4429,-3.217,1.881,0.1916,6685.69,12962.7,0.00237469,0.1916,-0.0036,-3.332,1.974,2.4429,-0.0056,-0.0166,nan,nan
154.41,33.460,0.1916,-0.0036,-0.0027,0.0268,-0.0095,-0.0056,-0.0166,2.4428,-3.220,1.884,0.1916,6719.95,13019.7,0.00209788,0.1916,-0.0036,-3.336,1.977,2.4428,-0.0056,-0.0166,nan,nan
154.51,33.480,0.1916,-0.0036,-0.0027,0.0268,-0.0095,-0.0056,-0.0166,2.4427,-3.223,1.887,0.1916,6719.95,13019.7,0.00209788,0.1916,-0.0036,-3.336,1.977,2.4428,-0.0056,-0.0166,nan,nan
154.61,33.500,0.1916,-0.0036,-0.0024,0.0268,-0.0095,-0.0056,-0.0166,2.4427,-3.227,1.890,0.1917,6754.36,13076.9,0.00237469,0.1916,-0.0032,-3.341,1.981,2.4427,-0.0056,-0.0166,nan,nan
154.71,33.520,0.1916,-0.0032,-0.0024,0.0268,-0.0094,-0.0056,-0.0166,2.4426,-3.230,1.892,0.1917,6800.44,13153.5,0.00237469,0.1916,-0.0032,-3.347,1.986,2.4426,-0.0056,-0.0166,nan,nan
154.81,33.560,0.1916,-0.0032,-0.0024,0.0269,-0.0094,-0.0056,-0.0166,2.4426,-3.233,1.895,0.1917,6800.44,13153.5,0.00237469,0.1916,-0.0032,-3.347,1.986,2.4426,-0.0056,-0.0166,nan,nan
154.91,33.580,0.1916,-0.0032,-0.0024,0.0269,-0.0094,-0.0055,-0.0166,2.4425,-3.237,1.898,0.1917,6835.17,13211.2,0.00209788,0.1916,-0.0032,-3.351,1.990,2.4426,-0.0055,-0.0166,nan,nan
155.01,33.600,0.1916,-0.0032,-0.0024,0.0271,-0.0093,-0.0055,-0.0166,2.4425,-3.240,1.901,0.1917,6870.03,13269,0.00237469,0.1917,-0.0028,-3.356,1.993,2.4425,-0.0055,-0.0166,nan,nan
155.11,33.620,0.1917,-0.0028,-0.0024,0.0270,-0.0090,-0.0055,-0.0166,2.4424,-3.243,1.904,0.1918,6870.03,13269,0.00237469,0.1917,-0.0028,-3.356,1.993,2.4425,-0.0055,-0.0166,nan,nan
155.21,33.640,0.1917,-0.0028,-0.0024,0.0270,-0.0090,-0.0055,-0.0166,2.4423,-3.247,1.907,0.1918,6916.73,13346.5,0.00237469,0.1917,-0.0028,-3.361,1.998,2.4424,-0.0055,-0.0166,nan,nan
155.31,33.660,0.1917,-0.0028,-0.0024,0.0270,-0.0090,-0.0055,-0.0166,2.4423,-3.250,1.909,0.1918,6951.92,13404.8,0.00209788,0.1917,-0.0028,-3.366,2.002,2.4423,-0.0055,-0.0166,nan,nan
155.41,33.700,0.1917,-0.0028,-0.0024,0.0270,-0.0090,-0.0055,-0.0166,2.4422,-3.254,1.912,0.1918,6987.25,13463.4,0.00237469,0.1917,-0.0025,-3.370,2.006,2.4423,-0.0055,-0.0166,nan,nan
155.51,33.720,0.1917,-0.0025,-0.0021,0.0268,-0.0094,-0.0055,-0.0166,2.4422,-3.257,1.915,0.1918,6987.25,13463.4,0.00237469,0.1917,-0.0025,-3.370,2.006,2.4423,-0.0055,-0.0166,nan,nan
155.61,33.740,0.1917,-0.0025,-0.0021,0.0268,-0.0094,-0.0055,-0.0166,2.4421,-3.261,1.918,0.1918,7034.58,13541.7,0.00237469,0.1917,-0.0025,-3.376,2.011,2.4422,-0.0055,-0.0166,nan,nan
155.71,33.760,0.1917,-0.0025,-0.0021,0.0268,-0.0094,-0.0055,-0.0166,2.4421,-3.264,1.921,0.1918,7070.23,13600.7,0.00209788,0.1917,-0.0025,-3.380,2.014,2.4421,-0.0055,-0.0166,nan,nan
155.81,33.780,0.1917,-0.0025,-0.0021,0.0268,-0.0093,-0.0055,-0.0166,2.4420,-3.267,1.924,0.1918,7070.23,13600.7,0.00209788,0.1917,-0.0025,-3.380,2.014,2.4421,-0.0055,-0.0166,nan,nan
155.91,33.800,0.1917,-0.0025,-0.0018,0.0268,-0.0093,-0.0055,-0.0166,2.4420,-3.271,1.927,0.1918,7106.03,13659.9,0.00237469,0.1917,-0.0022,-3.385,2.018,2.4420,-0.0055,-0.0166,nan,nan
156.01,33.840,0.1917,-0.0022,-0.0020,0.0269,-0.0090,-0.0055,-0.0166,2.4420,-3.274,1.929,0.1918,7153.98,13739.2,0.00237469,0.1917,-0.0022,-3.391,2.023,2.4420,-0.0055,-0.0166,nan,nan
156.11,33.860,0.1917,-0.0022,-0.0020,0.0268,-0.0094,-0.0055,-0.0166,2.4419,-3.278,1.932,0.1918,7153.98,13739.2,0.00237469,0.1917,-0.0022,-3.391,2.023,2.4420,-0.0055,-0.0166,nan,nan
156.21,33.880,0.1917,-0.0022,-0.0020,0.0268,-0.0094,-0.0055,-0.0166,2.4419,-3.281,1.935,0.1918,7190.11,13798.9,0.00209788,0.1917,-0.0022,-3.395,2.027,2.4419,-0.0055,-0.0166,nan,nan
156.31,33.900,0.1917,-0.0022,-0.0018,0.0268,-0.0093,-0.0055,-0.0166,2.4418,-3.285,1.938,0.1918,7226.38,13858.8,0.00237469,0.1918,-0.0019,-3.400,2.030,2.4419,-0.0055,-0.0166,nan,nan
156.41,33.920,0.1918,-0.0019,-0.0018,0.0268,-0.0093,-0.0055,-0.0166,2.4418,-3.288,1.941,0.1918,7274.97,13939,0.00237469,0.1918,-0.0019,-3.405,2.035,2.4418,-0.0055,-0.0166,nan,nan
156.51,33.940,0.1918,-0.0019,-0.0018,0.0268,-0.0093,-0.0055,-0.0166,2.4417,-3.292,1.944,0.1918,7274.97,13939,0.00237469,0.1918,-0.0019,-3.405,2.035,2.4418,-0.0055,-0.0166,nan,nan
156.61,33.980,0.1918,-0.0019,-0.0018,0.0268,-0.0093,-0.0055,-0.0166,2.4417,-3.295,1.947,0.1918,7311.57,13999.3,0.00209788,0.1918,-0.0019,-3.410,2.039,2.4417,-0.0055,-0.0166,nan,nan
156.71,34.000,0.1918,-0.0019,-0.0018,0.0268,-0.0093,-0.0055,-0.0166,2.4416,-3.298,1.950,0.1918,7348.32,14059.9,0.00237469,0.1918,-0.0016,-3.414,2.043,2.4417,-0.0055,-0.0166,nan,nan
156.81,34.020,0.1918,-0.0016,-0.0015,0.0268,-0.0093,-0.0055,-0.0166,2.4416,-3.302,1.953,0.1918,7348.32,14059.9,0.00237469,0.1918,-0.0016,-3.414,2.043,2.4417,-0.0055,-0.0166,nan,nan
156.91,34.040,0.1918,-0.0016,-0.0015,0.0268,-0.0093,-0.0055,-0.0166,2.4416,-3.305,1.956,0.1918,7397.54,14141,0.00237469,0.1918,-0.0016,-3.420,2.048,2.4416,-0.0055,-0.0166,nan,nan
157.01,34.060,0.1918,-0.0016,-0.0015,0.0268,-0.0093,-0.0055,-0.0166,2.4415,-3.309,1.959,0.1918,7434.63,14202.1,0.00209788,0.1918,-0.0016,-3.425,2.051,2.4416,-0.0055,-0.0166,nan,nan
157.11,34.100,0.1918,-0.0016,-0.0015,0.0268,-0.0093,-0.0055,-0.0166,2.4415,-3.312,1.962,0.1918,7471.86,14263.3,0.00237469,0.1918,-0.0014,-3.429,2.055,2.4415,-0.0055,-0.0166,nan,nan
157.21,34.120,0.1918,-0.0014,-0.0013,0.0268,-0.0092,-0.0055,-0.0166,2.4415,-3.316,1.964,0.1919,7471.86,14263.3,0.00237469,0.1918,-0.0014,-3.429,2.055,2.4415,-0.0055,-0.0166,nan,nan
157.31,34.140,0.1918,-0.0014,-0.0013,0.0268,-0.0092,-0.0055,-0.0166,2.4414,-3.319,1.967,0.1919,7521.72,14345.4,0.00237469,0.1918,-0.0014,-3.435,2.060,2.4415,-0.0055,-0.0166,nan,nan
157.41,34.160,0.1918,-0.0014,-0.0013,0.0268,-0.0092,-0.0055,-0.0166,2.4414,-3.322,1.970,0.1919,7559.29,14407.1,0.00209788,0.1918,-0.0014,-3.439,2.064,2.4414,-0.0055,-0.0166,nan,nan
157.51,34.180,0.1918,-0.0014,-0.0013,0.0268,-0.0092,-0.0055,-0.0166,2.4414,-3.326,1.973,0.1919,7559.29,14407.1,0.00209788,0.1918,-0.0014,-3.439,2.064,2.4414,-0.0055,-0.0166,nan,nan
157.61,34.200,0.1918,-0.0014,-0.0011,0.0268,-0.0092,-0.0055,-0.0166,2.4413,-3.330,1.976,0.1919,7597,14469.1,0.00237469,0.1919,-0.0012,-3.444,2.067,2.4414,-0.0055,-0.0166,nan,nan
157.71,34.220,0.1919,-0.0012,-0.0011,0.0268,-0.0092,-0.0055,-0.0166,2.4413,-3.333,1.979,0.1919,7647.51,14552,0.00237469,0.1919,-0.0012,-3.449,2.072,2.4413,-0.0055,-0.0166,nan,nan
157.81,34.260,0.1919,-0.0012,-0.0011,0.0268,-0.0092,-0.0055,-0.0166,2.4413,-3.336,1.981,0.1919,7647.51,14552,0.00237469,0.1919,-0.0012,-3.449,2.072,2.4413,-0.0055,-0.0166,nan,nan
157.91,34.280,0.1919,-0.0012,-0.0011,0.0268,-0.0092,-0.0055,-0.0166,2.4413,-3.339,1.984,0.1919,7685.57,14614.5,0.00209788,0.1919,-0.0012,-3.454,2.076,2.4413,-0.0055,-0.0166,nan,nan
158.01,34.300,0.1919,-0.0012,-0.0011,0.0268,-0.0092,-0.0055,-0.0166,2.4412,-3.343,1.987,0.1919,7723.77,14677.2,0.00237469,0.1919,-0.0010,-3.458,2.080,2.4413,-0.0055,-0.0166,nan,nan
158.11,34.320,0.1919,-0.0010,-0.0010,0.0268,-0.0091,-0.0055,-0.0166,2.4412,-3.346,1.990,0.1919,7723.77,14677.2,0.00237469,0.1919,-0.0010,-3.458,2.080,2.4413,-0.0055,-0.0166,nan,nan
158.21,34.340,0.1919,-0.0010,-0.0010,0.0268,-0.0091,-0.0055,-0.0166,2.4412,-3.349,1.993,0.1919,7774.93,14761.1,0.00237469,0.1919,-0.0010,-3.464,2.085,2.4412,-0.0055,-0.0166,nan,nan
158.31,34.360,0.1919,-0.0010,-0.0010,0.0268,-0.0091,-0.0055,-0.0166,2.4412,-3.353,1.995,0.1919,7813.47,14824.3,0.00209788,0.1919,-0.0010,-3.469,2.088,2.4412,-0.0055,-0.0166,nan,nan
158.41,34.380,0.1919,-0.0010,-0.0010,0.0268,-0.0091,-0.0055,-0.0166,2.4412,-3.356,1.998,0.1919,7813.47,14824.3,0.00209788,0.1919,-0.0010,-3.469,2.088,2.4412,-0.0055,-0.0166,nan,nan
158.51,34.400,0.1919,-0.0010,-0.0008,0.0268,-0.0091,-0.0055,-0.0166,2.4411,-3.359,2.001,0.1919,7852.17,14887.7,0.00237469,0.1919,-0.0009,-3.473,2.092,2.4412,-0.0055,-0.0166,nan,nan
158.61,34.440,0.1919,-0.0009,-0.0008,0.0268,-0.0091,-0.0055,-0.0166,2.4411,-3.362,2.004,0.1919,7903.99,14972.5,0.00237469,0.1919,-0.0009,-3.479,2.097,2.4411,-0.0055,-0.0166,nan,nan
158.71,34.460,0.1919,-0.0009,-0.0008,0.0268,-0.0091,-0.0055,-0.0166,2.4411,-3.366,2.006,0.1919,7903.99,14972.5,0.00237469,0.1919,-0.0009,-3.479,2.097,2.4411,-0.0055,-0.0166,nan,nan
158.81,34.480,0.1919,-0.0009,-0.0008,0.0268,-0.0091,-0.0055,-0.0166,2.4411,-3.369,2.009,0.1919,7943.02,15036.4,0.00209788,0.1919,-0.0009,-3.483,2.101,2.4411,-0.0055,-0.0166,nan,nan
158.91,34.500,0.1919,-0.0009,-0.0007,0.0268,-0.0091,-0.0055,-0.0166,2.4411,-3.373,2.012,0.1919,7982.21,15100.5,0.00237469,0.1919,-0.0008,-3.488,2.104,2.4411,-0.0055,-0.0166,nan,nan
159.01,34.520,0.1919,-0.0008,-0.0007,0.0268,-0.0091,-0.0055,-0.0166,2.4410,-3.376,2.015,0.1919,8034.7,15186.4,0.00237469,0.1919,-0.0008,-3.493,2.109,2.4411,-0.0055,-0.0166,nan,nan
159.11,34.540,0.1919,-0.0008,-0.0007,0.0268,-0.0091,-0.0055,-0.0166,2.4410,-3.380,2.018,0.1919,8034.7,15186.4,0.00237469,0.1919,-0.0008,-3.493,2.109,2.4411,-0.0055,-0.0166,nan,nan
159.21,34.580,0.1919,-0.0008,-0.0007,0.0268,-0.0091,-0.0055,-0.0166,2.4410,-3.383,2.021,0.1919,8074.23,15251,0.00209788,0.1919,-0.0008,-3.498,2.113,2.4410,-0.0055,-0.0166,nan,nan
159.31,34.600,0.1919,-0.0008,-0.0007,0.0268,-0.0091,-0.0055,-0.0166,2.4410,-3.386,2.023,0.1919,8113.92,15315.8,0.00237469,0.1919,-0.0007,-3.502,2.117,2.4410,-0.0055,-0.0166,nan,nan
159.41,34.620,0.1919,-0.0007,-0.0006,0.0268,-0.0091,-0.0055,-0.0166,2.4410,-3.389,2.026,0.1919,8113.92,15315.8,0.00237469,0.1919,-0.0007,-3.502,2.117,2.4410,-0.0055,-0.0166,nan,nan
159.51,34.640,0.1919,-0.0007,-0.0006,0.0268,-0.0091,-0.0055,-0.0166,2.4410,-3.393,2.029,0.1919,8167.07,15402.6,0.00237469,0.1919,-0.0007,-3.508,2.122,2.4410,-0.0055,-0.0166,nan,nan
159.61,34.660,0.1919,-0.0007,-0.0006,0.0268,-0.0091,-0.0055,-0.0166,2.4410,-3.396,2.032,0.1919,8207.11,15468,0.00209788,0.1919,-0.0007,-3.513,2.125,2.4410,-0.0055,-0.0166,nan,nan
159.71,34.680,0.1919,-0.0007,-0.0006,0.0268,-0.0091,-0.0055,-0.0166,2.4409,-3.400,2.035,0.1919,8207.11,15468,0.00209788,0.1919,-0.0007,-3.513,2.125,2.4410,-0.0055,-0.0166,nan,nan
159.81,34.700,0.1919,-0.0007,-0.0005,0.0268,-0.0090,-0.0055,-0.0166,2.4409,-3.403,2.038,0.1919,8247.3,15533.6,0.00237469,0.1919,-0.0006,-3.517,2.129,2.4409,-0.0055,-0.0166,nan,nan
159.91,34.720,0.1919,-0.0006,-0.0005,0.0268,-0.0090,-0.0055,-0.0166,2.4409,-3.406,2.041,0.1919,8301.12,15621.3,0.00237469,0.1919,-0.0006,-3.523,2.134,2.4409,-0.0055,-0.0166,nan,nan
160.01,34.760,0.1919,-0.0006,-0.0005,0.0268,-0.0090,-0.0055,-0.0166,2.4409,-3.410,2.043,0.1919,8301.12,15621.3,0.00237469,0.1919,-0.0006,-3.523,2.134,2.4409,-0.0055,-0.0166,nan,nan
160.11,34.780,0.1919,-0.0006,-0.0005,0.0268,-0.0090,-0.0055,-0.0166,2.4409,-3.413,2.046,0.1919,8341.67,15687.4,0.00209788,0.1919,-0.0006,-3.527,2.138,2.4409,-0.0055,-0.0166,nan,nan
160.21,34.800,0.1919,-0.0006,-0.0005,0.0268,-0.0090,-0.0055,-0.0166,2.4409,-3.416,2.049,0.1919,8382.37,15753.7,0.00237469,0.1919,-0.0005,-3.532,2.142,2.4409,-0.0055,-0.0166,nan,nan
160.31,34.820,0.1919,-0.0005,-0.0005,0.0268,-0.0090,-0.0055,-0.0166,2.4409,-3.420,2.052,0.1919,8382.37,15753.7,0.00237469,0.1919,-0.0005,-3.532,2.142,2.4409,-0.0055,-0.0166,nan,nan
160.41,34.840,0.1919,-0.0005,-0.0005,0.0268,-0.0090,-0.0055,-0.0166,2.4409,-3.423,2.055,0.1919,8436.87,15842.5,0.00237469,0.1919,-0.0005,-3.537,2.147,2.4409,-0.0055,-0.0166,nan,nan
160.51,34.860,0.1919,-0.0005,-0.0005,0.0268,-0.0090,-0.0055,-0.0166,2.4409,-3.426,2.057,0.1919,8477.93,15909.4,0.00209788,0.1919,-0.0005,-3.542,2.150,2.4409,-0.0055,-0.0166,nan,nan
160.61,34.880,0.1919,-0.0005,-0.0005,0.0268,-0.0090,-0.0055,-0.0166,2.4408,-3.430,2.060,0.1919,8519.14,15976.4,0.00237469,0.1919,-0.0004,-3.546,2.154,2.4408,-0.0055,-0.0166,nan,nan
160.71,34.920,0.1919,-0.0004,-0.0004,0.0268,-0.0090,-0.0055,-0.0166,2.4408,-3.433,2.063,0.1919,8519.14,15976.4,0.00237469,0.1919,-0.0004,-3.546,2.154,2.4408,-0.0055,-0.0166,nan,nan
160.81,34.940,0.1919,-0.0004,-0.0004,0.0268,-0.0090,-0.0055,-0.0166,2.4408,-3.437,2.066,0.1919,8574.32,16066.2,0.00237469,0.1919,-0.0004,-3.552,2.159,2.4408,-0.0055,-0.0166,nan,nan
160.91,34.960,0.1919,-0.0004,-0.0004,0.0268,-0.0090,-0.0055,-0.0166,2.4408,-3.440,2.069,0.1919,8615.89,16133.8,0.00209788,0.1919,-0.0004,-3.557,2.163,2.4408,-0.0055,-0.0166,nan,nan
161.01,34.980,0.1919,-0.0004,-0.0004,0.0268,-0.0090,-0.0055,-0.0166,2.4408,-3.443,2.072,0.1919,8615.89,16133.8,0.00209788,0.1919,-0.0004,-3.557,2.163,2.4408,-0.0055,-0.0166,nan,nan
161.11,35.000,0.1919,-0.0004,-0.0003,0.0268,-0.0090,-0.0055,-0.0166,2.4408,-3.447,2.075,0.1919,8657.62,16201.6,0.00237469,0.1920,-0.0004,-3.561,2.166,2.4408,-0.0055,-0.0166,nan,nan
161.21,35.040,0.1920,-0.0004,-0.0003,0.0268,-0.0090,-0.0055,-0.0166,2.4408,-3.450,2.078,0.1919,8713.5,16292.4,0.00237469,0.1920,-0.0004,-3.567,2.171,2.4408,-0.0055,-0.0166,nan,nan
161.31,35.060,0.1920,-0.0004,-0.0003,0.0268,-0.0090,-0.0055,-0.0166,2.4408,-3.454,2.081,0.1919,8713.5,16292.4,0.00237469,0.1920,-0.0004,-3.567,2.171,2.4408,-0.0055,-0.0166,nan,nan
161.41,35.080,0.1920,-0.0004,-0.0003,0.0268,-0.0090,-0.0055,-0.0166,2.4408,-3.457,2.083,0.1919,8755.59,16360.8,0.00209788,0.1920,-0.0004,-3.571,2.175,2.4408,-0.0055,-0.0166,nan,nan
161.51,35.100,0.1920,-0.0004,-0.0003,0.0268,-0.0090,-0.0055,-0.0166,2.4408,-3.460,2.086,0.1919,8797.84,16429.3,0.00237469,0.1920,-0.0003,-3.576,2.179,2.4408,-0.0055,-0.0166,nan,nan
161.61,35.120,0.1920,-0.0003,-0.0003,0.0268,-0.0090,-0.0055,-0.0166,2.4408,-3.464,2.089,0.1919,8854.41,16521.1,0.00237469,0.1920,-0.0003,-3.581,2.184,2.4408,-0.0055,-0.0166,nan,nan
161.71,35.140,0.1920,-0.0003,-0.0003,0.0268,-0.0090,-0.0055,-0.0166,2.4408,-3.467,2.092,0.1919,8854.41,16521.1,0.00237469,0.1920,-0.0003,-3.581,2.184,2.4408,-0.0055,-0.0166,nan,nan
161.81,35.180,0.1920,-0.0003,-0.0003,0.0268,-0.0090,-0.0055,-0.0166,2.4407,-3.471,2.095,0.1919,8897.02,16590.3,0.00209788,0.1920,-0.0003,-3.586,2.187,2.4408,-0.0055,-0.0166,nan,nan
161.91,35.200,0.1920,-0.0003,-0.0003,0.0268,-0.0090,-0.0055,-0.0166,2.4407,-3.474,2.098,0.1919,8939.8,16659.6,0.00237469,0.1920,-0.0003,-3.590,2.191,2.4407,-0.0055,-0.0166,nan,nan
162.01,35.220,0.1920,-0.0003,-0.0002,0.0268,-0.0090,-0.0055,-0.0166,2.4407,-3.478,2.101,0.1919,8939.8,16659.6,0.00237469,0.1920,-0.0003,-3.590,2.191,2.4407,-0.0055,-0.0166,nan,nan
162.11,35.240,0.1920,-0.0003,-0.0002,0.0268,-0.0090,-0.0055,-0.0166,2.4407,-3.481,2.104,0.1919,8997.07,16752.4,0.00237469,0.1920,-0.0003,-3.596,2.196,2.4407,-0.0055,-0.0166,nan,nan
162.21,35.260,0.1920,-0.0003,-0.0002,0.0268,-0.0090,-0.0055,-0.0166,2.4407,-3.485,2.107,0.1919,9040.21,16822.3,0.00209788,0.1920,-0.0003,-3.601,2.200,2.4407,-0.0055,-0.0166,nan,nan
162.31,35.280,0.1920,-0.0003,-0.0002,0.0268,-0.0090,-0.0055,-0.0166,2.4407,-3.488,2.109,0.1919,9040.21,16822.3,0.00209788,0.1920,-0.0003,-3.601,2.200,2.4407,-0.0055,-0.0166,nan,nan
162.41,35.300,0.1920,-0.0003,-0.0002,0.0268,-0.0090,-0.0055,-0.0166,2.4407,-3.491,2.112,0.1920,9083.51,16892.5,0.00237469,0.1920,-0.0002,-3.605,2.203,2.4407,-0.0055,-0.0166,nan,nan
162.51,35.340,0.1920,-0.0002,-0.0002,0.0268,-0.0090,-0.0055,-0.0166,2.4407,-3.494,2.115,0.1920,9141.5,16986.3,0.00237469,0.1920,-0.0002,-3.611,2.208,2.4407,-0.0055,-0.0166,nan,nan
162.61,35.360,0.1920,-0.0002,-0.0002,0.0268,-0.0090,-0.0055,-0.0166,2.4407,-3.498,2.118,0.1920,9141.5,16986.3,0.00237469,0.1920,-0.0002,-3.611,2.208,2.4407,-0.0055,-0.0166,nan,nan
162.71,35.380,0.1920,-0.0002,-0.0002,0.0268,-0.0090,-0.0055,-0.0166,2.4407,-3.502,2.121,0.1920,9185.17,17057,0.00209788,0.1920,-0.0002,-3.615,2.212,2.4407,-0.0055,-0.0166,nan,nan
162.81,35.400,0.1920,-0.0002,-0.0002,0.0268,-0.0090,-0.0055,-0.0166,2.4407,-3.505,2.124,0.1920,9229.01,17127.9,0.00237469,0.1920,-0.0002,-3.620,2.216,2.4407,-0.0055,-0.0166,nan,nan
162.91,35.420,0.1920,-0.0002,-0.0002,0.0268,-0.0090,-0.0055,-0.0166,2.4407,-3.508,2.127,0.1920,9287.7,17222.8,0.00237469,0.1920,-0.0002,-3.625,2.221,2.4407,-0.0055,-0.0166,nan,nan
163.01,35.440,0.1920,-0.0002,-0.0002,0.0268,-0.0090,-0.0055,-0.0166,2.4407,-3.512,2.130,0.1920,9287.7,17222.8,0.00237469,0.1920,-0.0002,-3.625,2.221,2.4407,-0.0055,-0.0166,nan,nan
163.11,35.480,0.1920,-0.0002,-0.0002,0.0268,-0.0090,-0.0055,-0.0166,2.4407,-3.515,2.133,0.1920,9331.91,17294.3,0.00209788,0.1920,-0.0002,-3.630,2.224,2.4407,-0.0055,-0.0166,nan,nan
163.21,35.500,0.1920,-0.0002,-0.0002,0.0268,-0.0090,-0.0055,-0.0166,2.4407,-3.519,2.136,0.1920,9376.29,17366,0.00237469,0.1920,-0.0002,-3.634,2.228,2.4407,-0.0055,-0.0166,nan,nan
163.31,35.520,0.1920,-0.0002,-0.0001,0.0268,-0.0090,-0.0055,-0.0166,2.4407,-3.522,2.139,0.1920,9376.29,17366,0.00237469,0.1920,-0.0002,-3.634,2.228,2.4407,-0.0055,-0.0166,nan,nan
163.41,35.540,0.1920,-0.0002,-0.0001,0.0268,-0.0090,-0.0055,-0.0166,2.4407,-3.525,2.141,0.1920,9435.71,17461.9,0.00237469,0.1920,-0.0002,-3.640,2.233,2.4407,-0.0055,-0.0166,nan,nan
163.51,35.560,0.1920,-0.0002,-0.0001,0.0268,-0.0090,-0.0055,-0.0166,2.4407,-3.528,2.144,0.1920,9480.46,17534.2,0.00209788,0.1920,-0.0002,-3.645,2.237,2.4407,-0.0055,-0.0166,nan,nan
163.61,35.580,0.1920,-0.0002,-0.0001,0.0268,-0.0090,-0.0055,-0.0166,2.4407,-3.532,2.147,0.1920,9480.46,17534.2,0.00209788,0.1920,-0.0002,-3.645,2.237,2.4407,-0.0055,-0.0166,nan,nan
163.71,35.600,0.1920,-0.0002,-0.0001,0.0268,-0.0090,-0.0055,-0.0166,2.4407,-3.535,2.149,0.1920,9525.37,17606.7,0.00237469,0.1920,-0.0002,-3.649,2.241,2.4407,-0.0055,-0.0166,nan,nan
163.81,35.640,0.1920,-0.0002,-0.0001,0.0268,-0.0090,-0.0055,-0.0166,2.4407,-3.539,2.152,0.1920,9585.52,17703.7,0.00237469,0.1920,-0.0002,-3.655,2.246,2.4407,-0.0055,-0.0166,nan,nan
163.91,35.660,0.1920,-0.0002,-0.0001,0.0268,-0.0090,-0.0055,-0.0166,2.4407,-3.542,2.155,0.1920,9630.82,17776.8,0.00209788,0.1920,-0.0002,-3.659,2.249,2.4407,-0.0055,-0.0166,nan,nan
164.01,35.680,0.1920,-0.0002,-0.0001,0.0268,-0.0090,-0.0055,-0.0166,2.4407,-3.546,2.158,0.1920,9630.82,17776.8,0.00209788,0.1920,-0.0002,-3.659,2.249,2.4407,-0.0055,-0.0166,nan,nan
164.11,35.700,0.1920,-0.0002,-0.0001,0.0268,-0.0090,-0.0055,-0.0166,2.4407,-3.549,2.161,0.1920,9676.28,17850.1,0.00237469,0.1920,-0.0002,-3.664,2.253,2.4407,-0.0055,-0.0166,nan,nan
164.21,35.720,0.1920,-0.0002,-0.0001,0.0268,-0.0090,-0.0055,-0.0166,2.4407,-3.553,2.164,0.1920,9737.16,17948.2,0.00237469,0.1920,-0.0002,-3.670,2.258,2.4407,-0.0055,-0.0166,nan,nan
164.31,35.760,0.1920,-0.0002,-0.0001,0.0268,-0.0090,-0.0055,-0.0166,2.4407,-3.556,2.167,0.1920,9737.16,17948.2,0.00237469,0.1920,-0.0002,-3.670,2.258,2.4407,-0.0055,-0.0166,nan,nan
164.41,35.780,0.1920,-0.0002,-0.0001,0.0268,-0.0090,-0.0055,-0.0166,2.4406,-3.559,2.170,0.1920,9783.01,18022,0.00209788,0.1920,-0.0002,-3.674,2.262,2.4407,-0.0055,-0.0166,nan,nan
164.51,35.800,0.1920,-0.0002,-0.0001,0.0268,-0.0090,-0.0055,-0.0166,2.4406,-3.563,2.173,0.1920,9829.02,18096.1,0.00237469,0.1920,-0.0001,-3.678,2.265,2.4406,-0.0055,-0.0166,nan,nan
164.61,35.820,0.1920,-0.0001,-0.0001,0.0268,-0.0090,-0.0055,-0.0166,2.4406,-3.566,2.175,0.1920,9829.02,18096.1,0.00237469,0.1920,-0.0001,-3.678,2.265,2.4406,-0.0055,-0.0166,nan,nan
164.71,35.840,0.1920,-0.0001,-0.0001,0.0268,-0.0090,-0.0055,-0.0166,2.4406,-3.569,2.178,0.1920,9890.64,18195.3,0.00237469,0.1920,-0.0001,-3.684,2.270,2.4406,-0.0055,-0.0166,nan,nan
164.81,35.860,0.1920,-0.0001,-0.0001,0.0268,-0.0090,-0.0055,-0.0166,2.4406,-3.573,2.181,0.1920,9937.04,18270,0.00209788,0.1920,-0.0001,-3.689,2.274,2.4406,-0.0055,-0.0166,nan,nan
164.91,35.880,0.1920,-0.0001,-0.0001,0.0268,-0.0090,-0.0055,-0.0166,2.4406,-3.576,2.184,0.1920,9937.04,18270,0.00209788,0.1920,-0.0001,-3.689,2.274,2.4406,-0.0055,-0.0166,nan,nan
165.01,35.920,0.1920,-0.0001,-0.0001,0.0268,-0.0090,-0.0055,-0.0166,2.4406,-3.579,2.187,0.1920,9983.62,18344.9,0.00237469,0.1920,-0.0001,-3.693,2.278,2.4406,-0.0055,-0.0166,nan,nan
165.11,35.940,0.1920,-0.0001,-0.0001,0.0268,-0.0090,-0.0055,-0.0166,2.4406,-3.583,2.190,0.1920,10046,18445.2,0.00237469,0.1920,-0.0001,-3.699,2.283,2.4406,-0.0055,-0.0166,nan,nan
165.21,35.960,0.1920,-0.0001,-0.0001,0.0268,-0.0090,-0.0055,-0.0166,2.4406,-3.586,2.193,0.1920,10092.9,18520.7,0.00209788,0.1920,-0.0001,-3.703,2.286,2.4406,-0.0055,-0.0166,nan,nan
165.31,35.980,0.1920,-0.0001,-0.0001,0.0268,-0.0090,-0.0055,-0.0166,2.4406,-3.590,2.195,0.1920,10092.9,18520.7,0.00209788,0.1920,-0.0001,-3.703,2.286,2.4406,-0.0055,-0.0166,nan,nan
165.41,36.000,0.1920,-0.0001,-0.0001,0.0268,-0.0090,-0.0055,-0.0166,2.4406,-3.593,2.198,0.1920,10140.1,18596.4,0.00237469,0.1920,-0.0001,-3.708,2.290,2.4406,-0.0055,-0.0166,nan,nan
165.51,36.020,0.1920,-0.0001,-0.0001,0.0268,-0.0090,-0.0055,-0.0166,2.4406,-3.596,2.201,0.1920,10203.2,18697.8,0.00237469,0.1920,-0.0001,-3.714,2.295,2.4406,-0.0055,-0.0166,nan,nan
165.61,36.040,0.1920,-0.0001,-0.0001,0.0268,-0.0090,-0.0055,-0.0166,2.4406,-3.600,2.204,0.1920,10203.2,18697.8,0.00237469,0.1920,-0.0001,-3.714,2.295,2.4406,-0.0055,-0.0166,nan,nan
165.71,36.080,0.1920,-0.0001,-0.0001,0.0268,-0.0090,-0.0055,-0.0166,2.4406,-3.603,2.207,0.1920,10250.7,18774.1,0.00209788,0.1920,-0.0001,-3.718,2.299,2.4406,-0.0055,-0.0166,nan,nan
165.81,36.100,0.1920,-0.0001,-0.0001,0.0268,-0.0090,-0.0055,-0.0166,2.4406,-3.607,2.210,0.1920,10298.4,18850.7,0.00237469,0.1920,-0.0001,-3.722,2.303,2.4406,-0.0055,-0.0166,nan,nan
165.91,36.120,0.1920,-0.0001,-0.0001,0.0268,-0.0090,-0.0055,-0.0166,2.4406,-3.610,2.213,0.1920,10298.4,18850.7,0.00237469,0.1920,-0.0001,-3.722,2.303,2.4406,-0.0055,-0.0166,nan,nan
166.01,36.140,0.1920,-0.0001,-0.0001,0.0268,-0.0090,-0.0055,-0.0166,2.4406,-3.613,2.215,0.1920,10362.3,18953.2,0.00237469,0.1920,-0.0001,-3.728,2.307,2.4406,-0.0055,-0.0166,nan,nan
166.11,36.160,0.1920,-0.0001,-0.0001,0.0268,-0.0090,-0.0055,-0.0166,2.4406,-3.617,2.218,0.1920,10410.4,19030.3,0.00209788,0.1920,-0.0001,-3.733,2.311,2.4406,-0.0055,-0.0166,nan,nan
166.21,36.180,0.1920,-0.0001,-0.0001,0.0268,-0.0090,-0.0055,-0.0166,2.4406,-3.620,2.221,0.1920,10458.7,19107.7,0.00237469,0.1920,-0.0001,-3.737,2.315,2.4406,-0.0055,-0.0166,nan,nan
166.31,36.200,0.1920,-0.0001,-0.0001,0.0268,-0.0090,-0.0055,-0.0166,2.4406,-3.623,2.224,0.1920,10458.7,19107.7,0.00237469,0.1920,-0.0001,-3.737,2.315,2.4406,-0.0055,-0.0166,nan,nan
166.41,36.240,0.1920,-0.0001,-0.0001,0.0268,-0.0090,-0.0055,-0.0166,2.4406,-3.626,2.226,0.1920,10523.3,19211.3,0.00237469,0.1920,-0.0001,-3.743,2.320,2.4406,-0.0055,-0.0166,nan,nan
166.51,36.260,0.1920,-0.0001,-0.0001,0.0268,-0.0090,-0.0055,-0.0166,2.4406,-3.630,2.229,0.1920,10523.3,19211.3,0.00237469,0.1920,-0.0001,-3.743,2.320,2.4406,-0.0055,-0.0166,nan,nan
166.61,36.280,0.1920,-0.0001,-0.0001,0.0268,-0.0090,-0.0055,-0.0166,2.4406,-3.633,2.232,0.1920,10572,19289.3,0.00209788,0.1920,-0.0001,-3.747,2.324,2.4406,-0.0055,-0.0166,nan,nan
166.71,36.300,0.1920,-0.0001,-0.0001,0.0268,-0.0089,-0.0055,-0.0166,2.4406,-3.637,2.235,0.1920,10620.8,19367.6,0.00237469,0.1920,-0.0001,-3.752,2.327,2.4406,-0.0055,-0.0166,nan,nan
166.81,36.320,0.1920,-0.0001,-0.0001,0.0268,-0.0089,-0.0055,-0.0166,2.4406,-3.640,2.238,0.1920,10686.2,19472.3,0.00237469,0.1920,-0.0001,-3.758,2.332,2.4406,-0.0055,-0.0166,nan,nan
166.91,36.340,0.1920,-0.0001,-0.0001,0.0268,-0.0089,-0.0055,-0.0166,2.4406,-3.644,2.241,0.1920,10686.2,19472.3,0.00237469,0.1920,-0.0001,-3.758,2.332,2.4406,-0.0055,-0.0166,nan,nan
167.01,36.380,0.1920,-0.0001,-0.0001,0.0268,-0.0089,-0.0055,-0.0166,2.4406,-3.647,2.244,0.1920,10735.5,19551.2,0.00209788,0.1920,-0.0001,-3.762,2.336,2.4406,-0.0055,-0.0166,nan,nan
167.11,36.400,0.1920,-0.0001,-0.0001,0.0268,-0.0089,-0.0055,-0.0166,2.4406,-3.651,2.247,0.1920,10784.9,19630.3,0.00237469,0.1920,-0.0001,-3.766,2.340,2.4406,-0.0055,-0.0166,nan,nan
167.21,36.420,0.1920,-0.0001,-0.0001,0.0268,-0.0089,-0.0055,-0.0166,2.4406,-3.654,2.250,0.1920,10784.9,19630.3,0.00237469,0.1920,-0.0001,-3.766,2.340,2.4406,-0.0055,-0.0166,nan,nan
167.31,36.440,0.1920,-0.0001,-0.0001,0.0268,-0.0089,-0.0055,-0.0166,2.4406,-3.657,2.253,0.1920,10851.1,19736.1,0.00237469,0.1920,-0.0001,-3.772,2.345,2.4406,-0.0055,-0.0166,nan,nan
167.41,36.460,0.1920,-0.0001,-0.0001,0.0268,-0.0089,-0.0055,-0.0166,2.4406,-3.661,2.255,0.1920,10900.9,19815.8,0.00209788,0.1920,-0.0001,-3.777,2.348,2.4406,-0.0055,-0.0166,nan,nan
167.51,36.480,0.1920,-0.0001,-0.0001,0.0268,-0.0089,-0.0055,-0.0166,2.4406,-3.664,2.258,0.1920,10951,19895.8,0.00237469,0.1900,-0.0001,-3.781,2.352,2.4406,-0.0055,-0.0166,nan,nan
167.61,36.500,0.1920,-0.0001,-0.0000,0.0268,-0.0089,-0.0055,-0.0166,2.4406,-3.667,2.261,0.1900,10951,19895.8,0.00237469,0.1900,-0.0001,-3.781,2.352,2.4406,-0.0055,-0.0166,nan,nan
167.71,36.540,0.1900,-0.0001,-0.0000,0.0268,-0.0089,-0.0055,-0.0166,2.4406,-3.671,2.264,0.1900,11017.9,20002.8,0.00237469,0.1900,-0.0001,-3.787,2.357,2.4406,-0.0055,-0.0166,nan,nan
167.81,36.560,0.1900,-0.0001,-0.0001,0.0268,-0.0089,-0.0055,-0.0166,2.4406,-3.674,2.267,0.1900,11068.4,20083.4,0.00209788,0.1900,-0.0001,-3.791,2.361,2.4406,-0.0055,-0.0166,nan,nan
167.91,36.580,0.1900,-0.0001,-0.0001,0.0268,-0.0089,-0.0055,-0.0166,2.4406,-3.678,2.270,0.1900,11068.4,20083.4,0.00209788,0.1900,-0.0001,-3.791,2.361,2.4406,-0.0055,-0.0166,nan,nan
168.01,36.600,0.1900,-0.0001,-0.0000,0.0268,-0.0089,-0.0055,-0.0166,2.4406,-3.680,2.272,0.1900,11119,20164.2,0.00237469,0.1900,-0.0001,-3.796,2.364,2.4406,-0.0055,-0.0166,nan,nan
168.11,36.620,0.1900,-0.0001,-0.0000,0.0268,-0.0089,-0.0055,-0.0166,2.4406,-3.684,2.275,0.1900,11186.7,20272.4,0.00237469,0.1900,-0.0001,-3.801,2.369,2.4406,-0.0055,-0.0166,nan,nan
168.21,36.640,0.1900,-0.0001,-0.0000,0.0268,-0.0089,-0.0055,-0.0166,2.4406,-3.687,2.278,0.1900,11186.7,20272.4,0.00237469,0.1900,-0.0001,-3.801,2.369,2.4406,-0.0055,-0.0166,nan,nan
168.31,36.680,0.1900,-0.0001,-0.0000,0.0268,-0.0089,-0.0055,-0.0166,2.4406,-3.691,2.281,0.1900,11237.8,20353.8,0.00209788,0.1900,-0.0001,-3.806,2.373,2.4406,-0.0055,-0.0166,nan,nan
168.41,36.700,0.1900,-0.0001,-0.0000,0.0268,-0.0089,-0.0055,-0.0166,2.4406,-3.694,2.283,0.1900,11289,20435.5,0.00237469,0.1900,-0.0000,-3.810,2.377,2.4406,-0.0055,-0.0166,nan,nan
168.51,36.720,0.1900,-0.0000,-0.0000,0.0268,-0.0089,-0.0055,-0.0166,2.4406,-3.697,2.286,0.1900,11289,20435.5,0.00237469,0.1900,-0.0000,-3.810,2.377,2.4406,-0.0055,-0.0166,nan,nan
168.61,36.740,0.1900,-0.0000,-0.0000,0.0268,-0.0089,-0.0055,-0.0166,2.4406,-3.701,2.289,0.1900,11357.5,20544.8,0.00237469,0.1900,-0.0000,-3.816,2.381,2.4406,-0.0055,-0.0166,nan,nan
168.71,36.760,0.1900,-0.0000,-0.0000,0.0268,-0.0089,-0.0055,-0.0166,2.4406,-3.704,2.292,0.1900,11409.1,20627.1,0.00209788,0.1900,-0.0000,-3.820,2.385,2.4406,-0.0055,-0.0166,nan,nan
168.81,36.780,0.1900,-0.0000,-0.0000,0.0268,-0.0089,-0.0055,-0.0166,2.4406,-3.708,2.295,0.1900,11409.1,20627.1,0.00209788,0.1900,-0.0000,-3.820,2.385,2.4406,-0.0055,-0.0166,nan,nan
168.91,36.820,0.1900,-0.0000,-0.0000,0.0268,-0.0089,-0.0055,-0.0166,2.4406,-3.711,2.298,0.1900,11460.9,20709.7,0.00237469,0.1900,-0.0000,-3.825,2.389,2.4406,-0.0055,-0.0166,nan,nan
169.01,36.840,0.1900,-0.0000,-0.0000,0.0268,-0.0089,-0.0055,-0.0166,2.4406,-3.714,2.301,0.1900,11530.3,20820.2,0.00237469,0.1900,-0.0000,-3.830,2.394,2.4406,-0.0055,-0.0166,nan,nan
169.11,36.860,0.1900,-0.0000,-0.0000,0.0268,-0.0089,-0.0055,-0.0166,2.4406,-3.718,2.303,0.1900,11582.5,20903.4,0.00209788,0.1900,-0.0000,-3.835,2.397,2.4406,-0.0055,-0.0166,nan,nan
169.21,36.880,0.1900,-0.0000,-0.0000,0.0268,-0.0089,-0.0055,-0.0166,2.4406,-3.721,2.306,0.1900,11582.5,20903.4,0.00209788,0.1900,-0.0000,-3.835,2.397,2.4406,-0.0055,-0.0166,nan,nan
169.31,36.900,0.1900,-0.0000,-0.0000,0.0268,-0.0089,-0.0055,-0.0166,2.4406,-3.725,2.309,0.1900,11635,20986.8,0.00237469,0.1900,-0.0000,-3.839,2.401,2.4406,-0.0055,-0.0166,nan,nan
169.41,36.920,0.1900,-0.0000,-0.0000,0.0268,-0.0089,-0.0055,-0.0166,2.4406,-3.728,2.312,0.1900,11705.1,21098.5,0.00237469,0.1900,-0.0000,-3.845,2.406,2.4406,-0.0055,-0.0166,nan,nan
169.51,36.960,0.1900,-0.0000,-0.0000,0.0268,-0.0089,-0.0055,-0.0166,2.4406,-3.731,2.315,0.1900,11705.1,21098.5,0.00237469,0.1900,-0.0000,-3.845,2.406,2.4406,-0.0055,-0.0166,nan,nan
169.61,36.980,0.1900,-0.0000,-0.0000,0.0268,-0.0089,-0.0055,-0.0166,2.4406,-3.735,2.318,0.1900,11758,21182.6,0.00209788,0.1900,-0.0000,-3.849,2.410,2.4406,-0.0055,-0.0166,nan,nan
169.71,37.000,0.1900,-0.0000,-0.0000,0.0268,-0.0089,-0.0055,-0.0166,2.4406,-3.738,2.320,0.1859,11811,21267,0.00237469,0.1830,0.0576,-3.854,2.413,2.4406,-0.0055,-0.0166,nan,nan
169.81,37.020,0.1830,0.0155,0.0279,0.0253,-0.0085,-0.0055,-0.0166,2.4410,-3.741,2.323,0.1830,11811,21267,0.00237469,0.1830,0.0576,-3.854,2.413,2.4406,-0.0055,-0.0166,nan,nan
169.91,37.040,0.1830,0.0355,0.0466,0.0243,-0.0081,-0.0055,-0.0166,2.4419,-3.745,2.326,0.1830,11882,21379.9,0.00237469,0.1830,0.0576,-3.859,2.418,2.4409,-0.0055,-0.0166,nan,nan
170.01,37.060,0.1830,0.0551,0.0537,0.0239,-0.0080,-0.0056,-0.0165,2.4432,-3.748,2.329,0.1829,11935.4,21464.9,0.00209788,0.1830,0.0576,-3.864,2.422,2.4420,-0.0056,-0.0166,nan,nan
170.11,37.100,0.1830,0.0576,0.0536,0.0238,-0.0080,-0.0056,-0.0165,2.4444,-3.751,2.332,0.1830,11988.9,21550.3,0.00237469,0.1832,0.0558,-3.868,2.425,2.4437,-0.0056,-0.0165,nan,nan
170.21,37.120,0.1832,0.0558,0.0519,0.0239,-0.0081,-0.0056,-0.0165,2.4456,-3.754,2.334,0.1829,11988.9,21550.3,0.00237469,0.1832,0.0558,-3.868,2.425,2.4437,-0.0056,-0.0165,nan,nan
170.31,37.140,0.1832,0.0558,0.0519,0.0239,-0.0081,-0.0056,-0.0165,2.4469,-3.758,2.337,0.1829,12060.4,21664.7,0.00237469,0.1832,0.0558,-3.873,2.430,2.4459,-0.0056,-0.0165,nan,nan
170.41,37.160,0.1832,0.0558,0.0518,0.0239,-0.0081,-0.0056,-0.0165,2.4480,-3.761,2.340,0.1828,12114.1,21751,0.00209788,0.1832,0.0558,-3.878,2.433,2.4475,-0.0056,-0.0165,nan,nan
170.51,37.180,0.1832,0.0558,0.0518,0.0238,-0.0082,-0.0057,-0.0165,2.4493,-3.764,2.343,0.1827,12114.1,21751,0.00209788,0.1832,0.0558,-3.878,2.433,2.4475,-0.0057,-0.0165,nan,nan
170.61,37.200,0.1832,0.0558,0.0446,0.0242,-0.0083,-0.0057,-0.0165,2.4503,-3.767,2.345,0.1835,12167.9,21837.7,0.00237469,0.1842,0.0481,-3.882,2.437,2.4490,-0.0057,-0.0165,nan,nan
170.71,37.220,0.1842,0.0481,0.0445,0.0242,-0.0083,-0.0057,-0.0165,2.4513,-3.771,2.348,0.1835,12239.7,21953.9,0.00237469,0.1842,0.0481,-3.887,2.442,2.4510,-0.0057,-0.0165,nan,nan
170.81,37.260,0.1842,0.0481,0.0445,0.0242,-0.0084,-0.0057,-0.0165,2.4524,-3.774,2.351,0.1834,12239.7,21953.9,0.00237469,0.1842,0.0481,-3.887,2.442,2.4510,-0.0057,-0.0165,nan,nan
170.91,37.280,0.1842,0.0481,0.0445,0.0242,-0.0084,-0.0057,-0.0165,2.4533,-3.777,2.353,0.1834,12293.7,22041.5,0.00209788,0.1842,0.0481,-3.892,2.445,2.4523,-0.0057,-0.0165,nan,nan
171.01,37.300,0.1842,0.0481,0.0445,0.0242,-0.0084,-0.0057,-0.0165,2.4543,-3.780,2.356,0.1841,12347.8,22129.5,0.00237469,0.1850,0.0411,-3.896,2.449,2.4536,-0.0057,-0.0165,nan,nan
171.11,37.320,0.1850,0.0411,0.0380,0.0245,-0.0086,-0.0058,-0.0165,2.4552,-3.783,2.359,0.1840,12347.8,22129.5,0.00237469,0.1850,0.0411,-3.896,2.449,2.4536,-0.0058,-0.0165,nan,nan
171.21,37.340,0.1850,0.0411,0.0380,0.0245,-0.0086,-0.0058,-0.0165,2.4561,-3.787,2.361,0.1840,12420,22247.4,0.00237469,0.1850,0.0411,-3.902,2.453,2.4553,-0.0058,-0.0165,nan,nan
171.31,37.360,0.1850,0.0411,0.0380,0.0245,-0.0086,-0.0058,-0.0165,2.4570,-3.790,2.364,0.1839,12474.4,22336.2,0.00209788,0.1850,0.0411,-3.906,2.457,2.4564,-0.0058,-0.0165,nan,nan
171.41,37.380,0.1850,0.0411,0.0380,0.0245,-0.0086,-0.0058,-0.0165,2.4578,-3.793,2.367,0.1839,12474.4,22336.2,0.00209788,0.1850,0.0411,-3.906,2.457,2.4564,-0.0058,-0.0165,nan,nan
171.51,37.420,0.1857,0.0353,0.0326,0.0250,-0.0082,-0.0058,-0.0165,2.4586,-3.796,2.370,0.1845,12528.8,22425.4,0.00237469,0.1857,0.0353,-3.910,2.460,2.4575,-0.0058,-0.0165,nan,nan
171.61,37.440,0.1857,0.0353,0.0325,0.0267,-0.0032,-0.0058,-0.0165,2.4593,-3.800,2.372,0.1845,12601.5,22544.9,0.00237469,0.1857,0.0353,-3.916,2.465,2.4589,-0.0058,-0.0165,nan,nan
171.71,37.460,0.1857,0.0353,0.0325,0.0267,-0.0032,-0.0058,-0.0165,2.4601,-3.803,2.375,0.1845,12656.2,22634.9,0.00209788,0.1857,0.0353,-3.920,2.469,2.4599,-0.0058,-0.0165,nan,nan
171.81,37.480,0.1857,0.0353,0.0325,0.0267,-0.0032,-0.0059,-0.0164,2.4609,-3.806,2.378,0.1845,12656.2,22634.9,0.00209788,0.1857,0.0353,-3.920,2.469,2.4599,-0.0059,-0.0164,nan,nan
171.91,37.500,0.1857,0.0353,0.0279,0.0267,-0.0041,-0.0059,-0.0164,2.4616,-3.810,2.381,0.1872,12711.1,22725.3,0.00237469,0.1883,0.0303,-3.925,2.472,2.4608,-0.0059,-0.0164,nan,nan
172.01,37.520,0.1883,0.0303,0.0279,0.0267,-0.0041,-0.0059,-0.0164,2.4622,-3.813,2.384,0.1872,12784.3,22846.4,0.00237469,0.1883,0.0303,-3.931,2.477,2.4620,-0.0059,-0.0164,nan,nan
172.11,37.560,0.1883,0.0303,0.0279,0.0267,-0.0041,-0.0059,-0.0164,2.4629,-3.816,2.387,0.1872,12784.3,22846.4,0.00237469,0.1883,0.0303,-3.931,2.477,2.4620,-0.0059,-0.0164,nan,nan
172.21,37.580,0.1883,0.0303,0.0279,0.0267,-0.0041,-0.0059,-0.0164,2.4636,-3.820,2.390,0.1872,12839.5,22937.7,0.00209788,0.1883,0.0303,-3.935,2.480,2.4628,-0.0059,-0.0164,nan,nan
172.31,37.600,0.1883,0.0303,0.0279,0.0267,-0.0042,-0.0059,-0.0164,2.4642,-3.823,2.392,0.1881,12894.7,23029.2,0.00237469,0.1890,0.0249,-3.939,2.484,2.4637,-0.0059,-0.0164,nan,nan
172.41,37.620,0.1890,0.0249,0.0229,0.0266,-0.0051,-0.0059,-0.0164,2.4647,-3.826,2.395,0.1881,12894.7,23029.2,0.00237469,0.1890,0.0249,-3.939,2.484,2.4637,-0.0059,-0.0164,nan,nan
172.51,37.640,0.1890,0.0249,0.0229,0.0266,-0.0052,-0.0059,-0.0164,2.4652,-3.830,2.398,0.1881,12968.5,23151.9,0.00237469,0.1890,0.0249,-3.945,2.489,2.4647,-0.0059,-0.0164,nan,nan
172.61,37.660,0.1890,0.0249,0.0229,0.0266,-0.0052,-0.0059,-0.0164,2.4658,-3.833,2.400,0.1881,13024.1,23244.3,0.00209788,0.1890,0.0249,-3.950,2.492,2.4653,-0.0059,-0.0164,nan,nan
172.71,37.700,0.1890,0.0249,0.0229,0.0266,-0.0052,-0.0059,-0.0164,2.4663,-3.836,2.403,0.1884,13079.8,23337,0.00237469,0.1892,0.0225,-3.954,2.496,2.4660,-0.0059,-0.0164,nan,nan
172.81,37.720,0.1892,0.0225,0.0207,0.0266,-0.0056,-0.0059,-0.0164,2.4668,-3.840,2.406,0.1884,13079.8,23337,0.00237469,0.1892,0.0225,-3.954,2.496,2.4660,-0.0059,-0.0164,nan,nan
172.91,37.740,0.1892,0.0225,0.0207,0.0266,-0.0057,-0.0060,-0.0164,2.4673,-3.843,2.409,0.1884,13154.2,23461.2,0.00237469,0.1892,0.0225,-3.960,2.500,2.4669,-0.0060,-0.0164,nan,nan
173.01,37.760,0.1892,0.0225,0.0206,0.0266,-0.0057,-0.0060,-0.0164,2.4678,-3.847,2.412,0.1884,13210.2,23554.8,0.00209788,0.1892,0.0225,-3.964,2.504,2.4675,-0.0060,-0.0164,nan,nan
173.11,37.780,0.1892,0.0225,0.0206,0.0266,-0.0057,-0.0060,-0.0164,2.4682,-3.850,2.415,0.1884,13210.2,23554.8,0.00209788,0.1892,0.0225,-3.964,2.504,2.4675,-0.0060,-0.0164,nan,nan
173.21,37.820,0.1896,0.0195,0.0178,0.0266,-0.0062,-0.0060,-0.0164,2.4687,-3.854,2.417,0.1889,13266.4,23648.6,0.00237469,0.1896,0.0195,-3.969,2.508,2.4681,-0.0060,-0.0164,nan,nan
173.31,37.840,0.1896,0.0195,0.0178,0.0266,-0.0062,-0.0060,-0.0164,2.4691,-3.857,2.420,0.1889,13341.5,23774.4,0.00237469,0.1896,0.0195,-3.975,2.512,2.4689,-0.0060,-0.0164,nan,nan
173.41,37.860,0.1896,0.0195,0.0178,0.0266,-0.0063,-0.0060,-0.0164,2.4695,-3.860,2.423,0.1889,13398,23869,0.00209788,0.1896,0.0195,-3.979,2.516,2.4694,-0.0060,-0.0164,nan,nan
173.51,37.880,0.1896,0.0195,0.0178,0.0266,-0.0063,-0.0060,-0.0164,2.4699,-3.864,2.426,0.1889,13398,23869,0.00209788,0.1896,0.0195,-3.979,2.516,2.4694,-0.0060,-0.0164,nan,nan
173.61,37.900,0.1896,0.0195,0.0153,0.0266,-0.0068,-0.0060,-0.0164,2.4703,-3.867,2.428,0.1893,13454.6,23964.1,0.00237469,0.1900,0.0168,-3.984,2.519,2.4699,-0.0060,-0.0164,nan,nan
173.71,37.920,0.1900,0.0168,0.0153,0.0266,-0.0068,-0.0060,-0.0164,2.4706,-3.870,2.431,0.1893,13530.4,24091.3,0.00237469,0.1900,0.0168,-3.990,2.524,2.4706,-0.0060,-0.0164,nan,nan
173.81,37.940,0.1900,0.0168,0.0153,0.0266,-0.0068,-0.0060,-0.0164,2.4709,-3.873,2.433,0.1893,13530.4,24091.3,0.00237469,0.1900,0.0168,-3.990,2.524,2.4706,-0.0060,-0.0164,nan,nan
173.91,37.960,0.1900,0.0168,0.0153,0.0266,-0.0068,-0.0060,-0.0164,2.4712,-3.876,2.435,0.1893,13587.4,24187.1,0.00209788,0.1900,0.0168,-3.994,2.528,2.4710,-0.0060,-0.0164,nan,nan
174.01,37.980,0.1900,0.0168,0.0153,0.0267,-0.0068,-0.0060,-0.0164,2.4716,-3.880,2.438,0.1893,13587.4,24187.1,0.00209788,0.1900,0.0168,-3.994,2.528,2.4710,-0.0060,-0.0164,nan,nan
174.11,38.020,0.1902,0.0144,0.0131,0.0267,-0.0072,-0.0060,-0.0164,2.4719,-3.883,2.441,0.1897,13644.5,24283.2,0.00237469,0.1902,0.0144,-3.999,2.531,2.4715,-0.0060,-0.0164,nan,nan
174.21,38.040,0.1902,0.0144,0.0131,0.0269,-0.0071,-0.0060,-0.0164,2.4722,-3.887,2.444,0.1897,13720.9,24412,0.00237469,0.1902,0.0144,-4.004,2.536,2.4720,-0.0060,-0.0164,nan,nan
174.31,38.060,0.1902,0.0144,0.0131,0.0272,-0.0070,-0.0060,-0.0164,2.4725,-3.890,2.447,0.1897,13778.5,24508.9,0.00209788,0.1902,0.0144,-4.009,2.539,2.4724,-0.0060,-0.0164,nan,nan
174.41,38.080,0.1902,0.0144,0.0118,0.0265,-0.0075,-0.0060,-0.0164,2.4728,-3.894,2.449,0.1901,13778.5,24508.9,0.00209788,0.1902,0.0144,-4.009,2.539,2.4724,-0.0060,-0.0164,nan,nan
174.51,38.100,0.1902,0.0144,0.0102,0.0265,-0.0078,-0.0061,-0.0164,2.4730,-3.897,2.452,0.1904,13836.1,24606.2,0.00237469,0.1905,0.0125,-4.013,2.543,2.4728,-0.0061,-0.0164,nan,nan
174.61,38.120,0.1905,0.0125,0.0101,0.0265,-0.0078,-0.0061,-0.0164,2.4733,-3.901,2.455,0.1904,13913.3,24736.4,0.00237469,0.1905,0.0125,-4.019,2.548,2.4732,-0.0061,-0.0164,nan,nan
174.71,38.160,0.1905,0.0125,0.0101,0.0265,-0.0078,-0.0061,-0.0164,2.4735,-3.904,2.458,0.1904,13913.3,24736.4,0.00237469,0.1905,0.0125,-4.019,2.548,2.4732,-0.0061,-0.0164,nan,nan
174.81,38.180,0.1905,0.0125,0.0101,0.0264,-0.0077,-0.0061,-0.0164,2.4738,-3.908,2.461,0.1904,13971.4,24834.4,0.00209788,0.1905,0.0125,-4.024,2.551,2.4735,-0.0061,-0.0164,nan,nan
174.91,38.200,0.1905,0.0125,0.0088,0.0259,-0.0078,-0.0061,-0.0164,2.4741,-3.912,2.465,0.1905,14029.6,24932.8,0.00237469,0.1907,0.0109,-4.028,2.555,2.4738,-0.0061,-0.0164,nan,nan
175.01,38.240,0.1907,0.0109,0.0080,0.0265,-0.0083,-0.0061,-0.0164,2.4743,-3.917,2.468,0.1903,14107.5,25064.5,0.00237469,0.1907,0.0109,-4.034,2.559,2.4742,-0.0061,-0.0164,nan,nan
175.11,38.260,0.1907,0.0109,0.0080,0.0265,-0.0083,-0.0061,-0.0164,2.4746,-3.921,2.472,0.1903,14166.1,25163.7,0.00209788,0.1907,0.0109,-4.039,2.563,2.4744,-0.0061,-0.0164,nan,nan
175.21,38.300,0.1907,0.0109,0.0080,0.0265,-0.0083,-0.0061,-0.0164,2.4748,-3.926,2.475,0.1905,14224.9,25263.2,0.00237469,0.1908,0.0096,-4.043,2.567,2.4747,-0.0061,-0.0164,nan,nan
175.31,38.320,0.1908,0.0096,0.0071,0.0265,-0.0085,-0.0061,-0.0164,2.4750,-3.930,2.478,0.1905,14224.9,25263.2,0.00237469,0.1908,0.0096,-4.043,2.567,2.4747,-0.0061,-0.0164,nan,nan
175.41,38.340,0.1908,0.0096,0.0071,0.0265,-0.0085,-0.0061,-0.0164,2.4751,-3.933,2.481,0.1905,14303.6,25396.3,0.00237469,0.1908,0.0096,-4.049,2.571,2.4750,-0.0061,-0.0164,nan,nan
175.51,38.380,0.1908,0.0096,0.0071,0.0265,-0.0085,-0.0061,-0.0164,2.4753,-3.937,2.484,0.1905,14362.8,25496.6,0.00209788,0.1908,0.0096,-4.054,2.575,2.4752,-0.0061,-0.0164,nan,nan
175.61,38.400,0.1908,0.0096,0.0071,0.0265,-0.0085,-0.0061,-0.0164,2.4755,-3.941,2.487,0.1907,14422.2,25597.2,0.00237469,0.1910,0.0086,-4.058,2.578,2.4754,-0.0061,-0.0164,nan,nan
175.71,38.420,0.1910,0.0086,0.0063,0.0265,-0.0087,-0.0061,-0.0164,2.4757,-3.945,2.491,0.1907,14501.6,25731.8,0.00237469,0.1910,0.0086,-4.064,2.583,2.4756,-0.0061,-0.0164,nan,nan
175.81,38.460,0.1910,0.0086,0.0063,0.0265,-0.0087,-0.0061,-0.0164,2.4759,-3.950,2.494,0.1907,14561.4,25833.2,0.00209788,0.1910,0.0086,-4.069,2.587,2.4758,-0.0061,-0.0164,nan,nan
175.91,38.480,0.1910,0.0086,0.0063,0.0265,-0.0087,-0.0061,-0.0164,2.4761,-3.954,2.498,0.1907,14621.4,25934.9,0.00237469,0.1910,0.0086,-4.073,2.590,2.4760,-0.0061,-0.0164,nan,nan
176.01,38.520,0.1911,0.0077,0.0056,0.0265,-0.0088,-0.0061,-0.0164,2.4762,-3.959,2.501,0.1908,14621.4,25934.9,0.00237469,0.1911,0.0077,-4.073,2.590,2.4760,-0.0061,-0.0164,nan,nan
176.11,38.540,0.1911,0.0077,0.0056,0.0265,-0.0088,-0.0061,-0.0164,2.4764,-3.963,2.505,0.1908,14701.6,26071,0.00237469,0.1911,0.0077,-4.079,2.595,2.4763,-0.0061,-0.0164,nan,nan
176.21,38.580,0.1911,0.0077,0.0056,0.0265,-0.0088,-0.0061,-0.0164,2.4766,-3.967,2.508,0.1908,14762,26173.5,0.00209788,0.1911,0.0077,-4.084,2.598,2.4764,-0.0061,-0.0164,nan,nan
176.31,38.600,0.1911,0.0077,0.0050,0.0265,-0.0089,-0.0061,-0.0164,2.4767,-3.971,2.511,0.1909,14822.6,26276.3,0.00237469,0.1912,0.0068,-4.088,2.602,2.4766,-0.0061,-0.0164,nan,nan
176.41,38.620,0.1912,0.0068,0.0050,0.0265,-0.0089,-0.0061,-0.0164,2.4768,-3.975,2.514,0.1909,14903.6,26413.9,0.00237469,0.1912,0.0068,-4.094,2.607,2.4768,-0.0061,-0.0164,nan,nan
176.51,38.660,0.1912,0.0068,0.0050,0.0265,-0.0089,-0.0061,-0.0164,2.4769,-3.979,2.517,0.1909,14903.6,26413.9,0.00237469,0.1912,0.0068,-4.094,2.607,2.4768,-0.0061,-0.0164,nan,nan
176.61,38.680,0.1912,0.0068,0.0050,0.0265,-0.0089,-0.0061,-0.0164,2.4771,-3.982,2.520,0.1909,14964.6,26517.4,0.00209788,0.1912,0.0068,-4.099,2.610,2.4770,-0.0061,-0.0164,nan,nan
176.71,38.700,0.1912,0.0068,0.0045,0.0265,-0.0090,-0.0061,-0.0164,2.4772,-3.986,2.523,0.1911,15025.8,26621.4,0.00237469,0.1913,0.0061,-4.103,2.614,2.4771,-0.0061,-0.0164,nan,nan
176.81,38.720,0.1913,0.0061,0.0045,0.0265,-0.0091,-0.0061,-0.0164,2.4773,-3.990,2.526,0.1911,15107.7,26760.4,0.00237469,0.1913,0.0061,-4.109,2.618,2.4773,-0.0061,-0.0164,nan,nan
176.91,38.760,0.1913,0.0061,0.0045,0.0265,-0.0091,-0.0061,-0.0163,2.4774,-3.994,2.529,0.1911,15107.7,26760.4,0.00237469,0.1913,0.0061,-4.109,2.618,2.4773,-0.0061,-0.0163,nan,nan
177.01,38.780,0.1913,0.0061,0.0045,0.0265,-0.0091,-0.0061,-0.0163,2.4775,-3.998,2.532,0.1911,15169.3,26865.1,0.00209788,0.1913,0.0061,-4.114,2.622,2.4774,-0.0061,-0.0163,nan,nan
177.11,38.800,0.1913,0.0061,0.0040,0.0265,-0.0092,-0.0061,-0.0163,2.4777,-4.002,2.535,0.1912,15231.1,26970.2,0.00237469,0.1913,0.0054,-4.118,2.626,2.4776,-0.0061,-0.0163,nan,nan
177.21,38.840,0.1913,0.0054,0.0040,0.0265,-0.0092,-0.0061,-0.0163,2.4778,-4.006,2.538,0.1912,15313.8,27110.8,0.00237469,0.1913,0.0054,-4.124,2.630,2.4777,-0.0061,-0.0163,nan,nan
177.31,38.860,0.1913,0.0054,-0.0008,0.0770,-0.1503,-0.0076,-0.0175,2.4777,-4.010,2.542,0.1868,15376,27216.6,0.00209788,0.1913,0.0054,-4.129,2.634,2.4778,-0.0075,-0.0174,nan,nan
177.41,38.900,0.1913,0.0054,0.0013,0.0628,-0.1210,-0.0086,-0.0188,2.4778,-4.015,2.545,0.1880,15438.5,27322.7,0.00237469,0.1914,0.0050,-4.134,2.637,2.4778,-0.0085,-0.0187,nan,nan
177.51,38.920,0.1914,0.0050,0.0025,0.0719,-0.1169,-0.0089,-0.0200,2.4778,-4.019,2.549,0.1887,15438.5,27322.7,0.00237469,0.1914,0.0050,-4.134,2.637,2.4778,-0.0089,-0.0199,nan,nan
177.61,38.960,0.1914,0.0050,0.0023,0.0043,0.1137,-0.0087,-0.0210,2.4779,-4.024,2.552,0.1891,15522,27464.8,0.00237469,0.1914,0.0050,-4.140,2.642,2.4778,-0.0087,-0.0210,nan,nan
177.71,38.980,0.1914,0.0050,0.0021,0.0206,-0.0227,-0.0082,-0.0219,2.4780,-4.028,2.556,0.1890,15584.9,27571.7,0.00209788,0.1914,0.0050,-4.144,2.646,2.4779,-0.0082,-0.0219,nan,nan
177.81,39.020,0.1914,0.0048,0.0020,0.0155,-0.0257,-0.0077,-0.0229,2.4781,-4.032,2.559,0.1889,15648,27679,0.00237469,0.1914,0.0048,-4.149,2.649,2.4780,-0.0077,-0.0229,nan,nan
177.91,39.040,0.1914,0.0048,0.0019,-0.0344,0.0411,-0.0070,-0.0241,2.4781,-4.037,2.563,0.1891,15732.4,27822.6,0.00237469,0.1914,0.0048,-4.155,2.654,2.4781,-0.0070,-0.0240,nan,nan
178.01,39.080,0.1914,0.0048,0.0020,0.0290,-0.0163,-0.0063,-0.0253,2.4782,-4.041,2.566,0.1885,15796,27930.6,0.00209788,0.1914,0.0048,-4.159,2.657,2.4781,-0.0063,-0.0253,nan,nan
178.11,39.100,0.1914,0.0048,0.0017,-0.0271,0.0317,-0.0062,-0.0255,2.4783,-4.046,2.570,0.1927,15859.7,28039,0.00237469,0.1915,0.0045,-4.164,2.661,2.4782,-0.0062,-0.0255,nan,nan
178.21,39.140,0.1915,0.0045,0.0018,0.0249,-0.0186,-0.0065,-0.0249,2.4783,-4.050,2.573,0.1919,15945,28184.1,0.00237469,0.1915,0.0045,-4.170,2.666,2.4783,-0.0065,-0.0249,nan,nan
178.31,39.160,0.1915,0.0045,0.0018,0.0243,-0.0189,-0.0068,-0.0243,2.4784,-4.055,2.577,0.1918,16009.2,28293.3,0.00209788,0.1915,0.0045,-4.174,2.669,2.4784,-0.0068,-0.0243,nan,nan
178.41,39.200,0.1915,0.0045,0.0018,0.0137,-0.0801,-0.0070,-0.0239,2.4784,-4.059,2.580,0.1920,16073.6,28402.8,0.00237469,0.1915,0.0042,-4.179,2.673,2.4784,-0.0070,-0.0239,nan,nan
178.51,39.220,0.1915,0.0042,0.0016,-0.0273,-0.0495,-0.0071,-0.0238,2.4785,-4.064,2.583,0.1920,16073.6,28402.8,0.00237469,0.1915,0.0042,-4.179,2.673,2.4784,-0.0071,-0.0238,nan,nan
178.61,39.240,0.1915,0.0042,0.0016,-0.0324,-0.0537,-0.0069,-0.0240,2.4785,-4.068,2.587,0.1908,16159.8,28549.4,0.00237469,0.1915,0.0042,-4.185,2.677,2.4785,-0.0070,-0.0239,nan,nan
178.71,39.280,0.1915,0.0042,0.0017,0.0278,-0.0169,-0.0067,-0.0244,2.4786,-4.073,2.591,0.1903,16224.6,28659.7,0.00209788,0.1915,0.0042,-4.189,2.681,2.4785,-0.0068,-0.0242,nan,nan
178.81,39.300,0.1915,0.0042,0.0016,0.0283,-0.0166,-0.0065,-0.0247,2.4786,-4.077,2.594,0.1902,16289.7,28770.4,0.00237469,0.1915,0.0040,-4.194,2.684,2.4786,-0.0066,-0.0246,nan,nan
178.91,39.340,0.1915,0.0040,0.0016,0.0288,-0.0163,-0.0063,-0.0252,2.4787,-4.081,2.597,0.1901,16376.8,28918.5,0.00237469,0.1915,0.0040,-4.200,2.689,2.4787,-0.0063,-0.0251,nan,nan
179.01,39.360,0.1915,0.0040,0.0015,-0.0305,0.0404,-0.0062,-0.0253,2.4787,-4.086,2.601,0.1917,16442.3,29030,0.00209788,0.1915,0.0040,-4.204,2.693,2.4787,-0.0061,-0.0254,nan,nan
179.11,39.400,0.1915,0.0040,0.0016,0.0288,-0.0163,-0.0063,-0.0251,2.4788,-4.090,2.604,0.1914,16508,29141.8,0.00237469,0.1915,0.0038,-4.209,2.696,2.4788,-0.0063,-0.0251,nan,nan
179.21,39.420,0.1915,0.0038,0.0015,0.0286,-0.0164,-0.0064,-0.0249,2.4788,-4.095,2.608,0.1913,16596,29291.4,0.00237469,0.1915,0.0038,-4.215,2.701,2.4788,-0.0064,-0.0250,nan,nan
179.31,39.460,0.1915,0.0038,0.0015,0.0285,-0.0164,-0.0064,-0.0248,2.4789,-4.099,2.611,0.1912,16596,29291.4,0.00237469,0.1915,0.0038,-4.215,2.701,2.4788,-0.0064,-0.0248,nan,nan
179.41,39.480,0.1915,0.0038,0.0015,0.0284,-0.0164,-0.0064,-0.0248,2.4789,-4.104,2.615,0.1911,16662.2,29404,0.00209788,0.1915,0.0038,-4.220,2.704,2.4789,-0.0064,-0.0248,nan,nan
179.51,39.520,0.1916,0.0035,0.0014,0.0284,-0.0164,-0.0064,-0.0248,2.4790,-4.108,2.618,0.1910,16728.6,29517,0.00237469,0.1916,0.0035,-4.224,2.708,2.4789,-0.0064,-0.0248,nan,nan
179.61,39.540,0.1916,0.0035,0.0014,0.0285,-0.0164,-0.0064,-0.0248,2.4790,-4.112,2.621,0.1909,16817.5,29668.2,0.00237469,0.1916,0.0035,-4.230,2.713,2.4790,-0.0064,-0.0248,nan,nan
179.71,39.580,0.1916,0.0035,0.0014,0.0287,-0.0163,-0.0063,-0.0250,2.4791,-4.117,2.625,0.1908,16884.4,29782,0.00209788,0.1916,0.0035,-4.235,2.716,2.4790,-0.0063,-0.0250,nan,nan
179.81,39.600,0.1916,0.0035,0.0014,0.0289,-0.0161,-0.0062,-0.0252,2.4791,-4.121,2.628,0.1907,16951.4,29896.1,0.00237469,0.1916,0.0033,-4.239,2.720,2.4791,-0.0062,-0.0252,nan,nan
179.91,39.640,0.1916,0.0033,0.0014,0.0287,-0.0162,-0.0062,-0.0251,2.4791,-4.126,2.632,0.1914,17041.2,30048.9,0.00237469,0.1916,0.0033,-4.245,2.725,2.4791,-0.0062,-0.0251,nan,nan
180.01,39.660,0.1916,0.0033,0.0014,0.0286,-0.0162,-0.0062,-0.0250,2.4792,-4.130,2.635,0.1913,17108.8,30163.9,0.00209788,0.1916,0.0033,-4.250,2.728,2.4792,-0.0062,-0.0250,nan,nan
180.11,39.700,0.1916,0.0033,0.0014,0.0286,-0.0162,-0.0062,-0.0250,2.4792,-4.135,2.639,0.1912,17176.6,30279.2,0.00237469,0.1916,0.0032,-4.254,2.732,2.4792,-0.0062,-0.0250,nan,nan
180.21,39.720,0.1916,0.0032,0.0013,0.0287,-0.0162,-0.0062,-0.0250,2.4793,-4.139,2.642,0.1911,17176.6,30279.2,0.00237469,0.1916,0.0032,-4.254,2.732,2.4792,-0.0062,-0.0250,nan,nan
180.31,39.760,0.1916,0.0032,0.0013,0.0406,-0.0098,-0.0062,-0.0251,2.4793,-4.144,2.646,0.1912,17267.3,30433.5,0.00237469,0.1916,0.0032,-4.260,2.736,2.4793,-0.0062,-0.0251,nan,nan
180.41,39.780,0.1916,0.0032,0.0013,0.0405,-0.0097,-0.0062,-0.0250,2.4793,-4.148,2.649,0.1912,17335.5,30549.6,0.00209788,0.1916,0.0032,-4.265,2.740,2.4793,-0.0062,-0.0250,nan,nan
180.51,39.800,0.1916,0.0032,0.0012,0.0405,-0.0098,-0.0062,-0.0250,2.4794,-4.152,2.652,0.1913,17404,30666.1,0.00237469,0.1916,0.0030,-4.269,2.743,2.4793,-0.0062,-0.0250,nan,nan
180.61,39.840,0.1916,0.0030,0.0012,0.0405,-0.0098,-0.0062,-0.0250,2.4794,-4.157,2.656,0.1913,17495.6,30822,0.00237469,0.1916,0.0030,-4.275,2.748,2.4794,-0.0062,-0.0250,nan,nan
180.71,39.860,0.1916,0.0030,0.0012,0.0404,-0.0098,-0.0062,-0.0250,2.4794,-4.162,2.660,0.1913,17564.6,30939.4,0.00209788,0.1916,0.0030,-4.280,2.752,2.4794,-0.0062,-0.0250,nan,nan
180.81,39.900,0.1916,0.0030,0.0012,0.0404,-0.0098,-0.0062,-0.0249,2.4795,-4.165,2.663,0.1913,17633.7,31057.1,0.00237469,0.1917,0.0028,-4.284,2.755,2.4795,-0.0062,-0.0249,nan,nan
180.91,39.920,0.1917,0.0028,0.0012,0.0403,-0.0098,-0.0062,-0.0249,2.4795,-4.170,2.666,0.1913,17726.3,31214.6,0.00237469,0.1917,0.0028,-4.291,2.760,2.4795,-0.0062,-0.0249,nan,nan
181.01,39.960,0.1917,0.0028,0.0012,0.0403,-0.0098,-0.0062,-0.0249,2.4795,-4.175,2.670,0.1913,17726.3,31214.6,0.00237469,0.1917,0.0028,-4.291,2.760,2.4795,-0.0062,-0.0249,nan,nan
181.11,39.980,0.1917,0.0028,0.0012,0.0403,-0.0098,-0.0062,-0.0249,2.4796,-4.179,2.673,0.1913,17795.9,31333.1,0.00209788,0.1917,0.0028,-4.295,2.763,2.4795,-0.0062,-0.0249,nan,nan
181.21,40.020,0.1917,0.0027,0.0011,0.0402,-0.0098,-0.0062,-0.0248,2.4796,-4.183,2.677,0.1914,17865.8,31452,0.00237469,0.1917,0.0027,-4.300,2.767,2.4796,-0.0062,-0.0248,nan,nan
181.31,40.040,0.1917,0.0027,0.0011,0.0402,-0.0098,-0.0062,-0.0248,2.4796,-4.188,2.680,0.1914,17959.3,31611.1,0.00237469,0.1917,0.0027,-4.306,2.772,2.4796,-0.0062,-0.0248,nan,nan
181.41,40.080,0.1917,0.0027,0.0011,0.0401,-0.0098,-0.0062,-0.0248,2.4797,-4.192,2.684,0.1914,18029.7,31730.8,0.00209788,0.1917,0.0027,-4.310,2.775,2.4797,-0.0062,-0.0248,nan,nan
181.51,40.100,0.1917,0.0027,0.0010,0.0401,-0.0098,-0.0062,-0.0248,2.4797,-4.197,2.687,0.1914,18100.3,31850.9,0.00237469,0.1917,0.0025,-4.315,2.779,2.4797,-0.0062,-0.0248,nan,nan
181.61,40.140,0.1917,0.0025,0.0010,0.0401,-0.0098,-0.0062,-0.0247,2.4797,-4.201,2.691,0.1914,18194.7,32011.6,0.00237469,0.1917,0.0025,-4.321,2.783,2.4797,-0.0062,-0.0247,nan,nan
181.71,40.160,0.1917,0.0025,0.0010,0.0400,-0.0098,-0.0062,-0.0247,2.4798,-4.206,2.694,0.1914,18265.8,32132.6,0.00209788,0.1917,0.0025,-4.325,2.787,2.4798,-0.0062,-0.0247,nan,nan
181.81,40.200,0.1917,0.0025,0.0010,0.0400,-0.0098,-0.0062,-0.0247,2.4798,-4.210,2.698,0.1914,18337.1,32253.9,0.00237469,0.1917,0.0024,-4.330,2.791,2.4798,-0.0062,-0.0247,nan,nan
181.91,40.220,0.1917,0.0024,0.0010,0.0399,-0.0098,-0.0062,-0.0247,2.4798,-4.215,2.701,0.1914,18337.1,32253.9,0.00237469,0.1917,0.0024,-4.330,2.791,2.4798,-0.0062,-0.0247,nan,nan
182.01,40.260,0.1917,0.0024,0.0010,0.0399,-0.0098,-0.0062,-0.0246,2.4799,-4.220,2.705,0.1914,18432.5,32416.2,0.00237469,0.1917,0.0024,-4.336,2.795,2.4798,-0.0062,-0.0246,nan,nan
182.11,40.280,0.1917,0.0024,0.0010,0.0398,-0.0098,-0.0062,-0.0246,2.4799,-4.224,2.708,0.1914,18504.3,32538.4,0.00209788,0.1917,0.0024,-4.340,2.799,2.4799,-0.0062,-0.0246,nan,nan
182.21,40.320,0.1917,0.0023,-0.0074,0.5988,-0.1051,-0.0070,-0.0239,2.4798,-4.229,2.712,0.1940,18576.3,32660.9,0.00237469,0.1917,0.0023,-4.345,2.802,2.4799,-0.0068,-0.0241,nan,nan
182.31,40.340,0.1917,0.0023,-0.0032,0.3061,-0.5144,-0.0092,-0.0198,2.4797,-4.233,2.715,0.2007,18672.7,32824.9,0.00237469,0.1917,0.0023,-4.351,2.807,2.4798,-0.0090,-0.0202,nan,nan
182.41,40.380,0.1917,0.0023,0.0022,-0.8025,-0.7110,-0.0110,-0.0158,2.4796,-4.238,2.719,0.1963,18745.2,32948.3,0.00209788,0.1917,0.0023,-4.356,2.811,2.4797,-0.0110,-0.0158,nan,nan
182.51,40.400,0.1917,0.0023,0.0023,-0.6319,-0.0172,-0.0110,-0.0151,2.4797,-4.242,2.722,0.1899,18818,33072,0.00237469,0.1917,0.0025,-4.360,2.814,2.4797,-0.0110,-0.0150,nan,nan
182.61,40.420,0.1917,0.0025,0.0023,0.6627,-0.0184,-0.0112,-0.0165,2.4798,-4.246,2.725,0.1912,18915.4,33237.6,0.00237469,0.1917,0.0025,-4.366,2.819,2.4798,-0.0112,-0.0164,nan,nan
182.71,40.460,0.1917,0.0025,0.0019,0.0155,-0.0116,-0.0110,-0.0159,2.4798,-4.250,2.729,0.1933,18915.4,33237.6,0.00237469,0.1917,0.0025,-4.366,2.819,2.4798,-0.0111,-0.0160,nan,nan
182.81,40.480,0.1917,0.0025,0.0018,0.0310,-0.0019,-0.0111,-0.0159,2.4799,-4.255,2.732,0.1913,18988.7,33362.2,0.00209788,0.1917,0.0025,-4.371,2.822,2.4798,-0.0111,-0.0159,nan,nan
182.91,40.520,0.1917,0.0024,0.0018,0.0304,-0.0196,-0.0112,-0.0161,2.4799,-4.259,2.735,0.1915,19062.2,33487.3,0.00237469,0.1917,0.0024,-4.375,2.826,2.4799,-0.0112,-0.0161,nan,nan
183.01,40.540,0.1917,0.0024,0.0018,0.0370,-0.0234,-0.0113,-0.0163,2.4800,-4.264,2.739,0.1916,19160.5,33654.5,0.00237469,0.1917,0.0024,-4.381,2.831,2.4800,-0.0113,-0.0163,nan,nan
183.11,40.580,0.1917,0.0024,0.0018,0.0435,-0.0274,-0.0114,-0.0163,2.4801,-4.268,2.742,0.1918,19234.6,33780.4,0.00209788,0.1917,0.0024,-4.386,2.834,2.4800,-0.0114,-0.0163,nan,nan
183.21,40.600,0.1917,0.0024,0.0016,0.0496,-0.0313,-0.0113,-0.0163,2.4801,-4.273,2.746,0.1921,19308.8,33906.7,0.00237469,0.1917,0.0021,-4.390,2.838,2.4801,-0.0113,-0.0163,nan,nan
183.31,40.640,0.1917,0.0021,0.0016,0.0560,-0.0354,-0.0113,-0.0161,2.4801,-4.277,2.749,0.1923,19408.1,34075.6,0.00237469,0.1917,0.0021,-4.396,2.842,2.4801,-0.0113,-0.0161,nan,nan
183.41,40.660,0.1917,0.0021,0.0017,0.0601,-0.0381,-0.0111,-0.0157,2.4802,-4.282,2.753,0.1927,19482.9,34202.8,0.00209788,0.1917,0.0021,-4.401,2.846,2.4802,-0.0111,-0.0158,nan,nan
183.51,40.700,0.1917,0.0021,0.0016,0.1174,0.0452,-0.0109,-0.0154,2.4802,-4.286,2.756,0.1917,19557.8,34330.3,0.00237469,0.1918,0.0019,-4.405,2.849,2.4802,-0.0109,-0.0154,nan,nan
183.61,40.720,0.1918,0.0019,0.0015,0.0732,-0.0458,-0.0109,-0.0153,2.4803,-4.291,2.760,0.1922,19557.8,34330.3,0.00237469,0.1918,0.0019,-4.405,2.849,2.4802,-0.0109,-0.0153,nan,nan
183.71,40.740,0.1918,0.0019,0.0014,0.0247,-0.0174,-0.0109,-0.0152,2.4803,-4.295,2.763,0.1918,19658.1,34500.9,0.00237469,0.1918,0.0019,-4.412,2.854,2.4803,-0.0109,-0.0152,nan,nan
183.81,40.780,0.1918,0.0019,0.0014,0.0246,-0.0174,-0.0108,-0.0152,2.4804,-4.299,2.766,0.1918,19733.6,34629.4,0.00209788,0.1918,0.0019,-4.416,2.858,2.4803,-0.0108,-0.0152,nan,nan
183.91,40.800,0.1918,0.0019,0.0013,0.0245,-0.0174,-0.0108,-0.0151,2.4804,-4.304,2.770,0.1918,19809.3,34758.2,0.00237469,0.1918,0.0017,-4.421,2.861,2.4804,-0.0108,-0.0151,nan,nan
184.01,40.840,0.1918,0.0017,0.0013,0.0245,-0.0173,-0.0108,-0.0151,2.4804,-4.308,2.773,0.1918,19910.6,34930.5,0.00237469,0.1918,0.0017,-4.427,2.866,2.4804,-0.0108,-0.0151,nan,nan
184.11,40.860,0.1918,0.0017,0.0013,0.0245,-0.0172,-0.0108,-0.0151,2.4805,-4.313,2.777,0.1918,19986.9,35060.2,0.00209788,0.1918,0.0017,-4.431,2.869,2.4805,-0.0108,-0.0151,nan,nan
184.21,40.900,0.1918,0.0017,0.0013,0.0245,-0.0172,-0.0108,-0.0151,2.4805,-4.317,2.781,0.1918,20063.3,35190.3,0.00237469,0.1918,0.0015,-4.436,2.873,2.4805,-0.0108,-0.0151,nan,nan
184.31,40.920,0.1918,0.0015,0.0012,0.0244,-0.0172,-0.0108,-0.0151,2.4806,-4.322,2.784,0.1918,20165.6,35364.4,0.00237469,0.1918,0.0015,-4.442,2.878,2.4806,-0.0108,-0.0151,nan,nan
184.41,40.960,0.1918,0.0015,0.0012,0.0244,-0.0172,-0.0108,-0.0151,2.4806,-4.326,2.787,0.1918,20165.6,35364.4,0.00237469,0.1918,0.0015,-4.442,2.878,2.4806,-0.0108,-0.0151,nan,nan
184.51,40.980,0.1918,0.0015,0.0012,0.0244,-0.0172,-0.0107,-0.0151,2.4806,-4.331,2.791,0.1918,20242.6,35495.4,0.00209788,0.1918,0.0015,-4.446,2.881,2.4806,-0.0107,-0.0151,nan,nan
184.61,41.020,0.1918,0.0013,0.0010,0.0244,-0.0172,-0.0107,-0.0151,2.4807,-4.335,2.794,0.1918,20319.9,35626.8,0.00237469,0.1918,0.0013,-4.451,2.885,2.4806,-0.0107,-0.0151,nan,nan
184.71,41.040,0.1918,0.0013,0.0010,0.0244,-0.0171,-0.0107,-0.0151,2.4807,-4.340,2.798,0.1918,20423.2,35802.6,0.00237469,0.1918,0.0013,-4.457,2.889,2.4807,-0.0107,-0.0151,nan,nan
184.81,41.060,0.1918,0.0013,0.0010,0.0244,-0.0171,-0.0107,-0.0151,2.4807,-4.344,2.801,0.1918,20500.9,35934.9,0.00209788,0.1918,0.0013,-4.461,2.893,2.4807,-0.0107,-0.0151,nan,nan
184.91,41.100,0.1918,0.0013,0.0010,0.0244,-0.0171,-0.0107,-0.0151,2.4807,-4.348,2.804,0.1918,20578.9,36067.6,0.00237469,0.1919,0.0012,-4.466,2.897,2.4807,-0.0107,-0.0151,nan,nan
185.01,41.120,0.1919,0.0012,0.0009,0.0244,-0.0171,-0.0107,-0.0151,2.4808,-4.352,2.808,0.1918,20683.3,36245.1,0.00237469,0.1919,0.0012,-4.472,2.901,2.4808,-0.0107,-0.0151,nan,nan
185.11,41.160,0.1919,0.0012,0.0009,0.0244,-0.0171,-0.0106,-0.0151,2.4808,-4.357,2.811,0.1918,20683.3,36245.1,0.00237469,0.1919,0.0012,-4.472,2.901,2.4808,-0.0107,-0.0151,nan,nan
185.21,41.180,0.1919,0.0012,0.0009,0.0244,-0.0171,-0.0106,-0.0151,2.4808,-4.361,2.815,0.1918,20761.8,36378.7,0.00209788,0.1919,0.0012,-4.477,2.905,2.4808,-0.0106,-0.0151,nan,nan
185.31,41.220,0.1919,0.0011,0.0008,0.0244,-0.0170,-0.0106,-0.0151,2.4808,-4.365,2.818,0.1918,20840.5,36512.7,0.00237469,0.1919,0.0011,-4.481,2.908,2.4808,-0.0106,-0.0151,nan,nan
185.41,41.240,0.1919,0.0011,0.0008,0.0244,-0.0170,-0.0106,-0.0151,2.4809,-4.370,2.822,0.1918,20945.9,36692,0.00237469,0.1919,0.0011,-4.487,2.913,2.4809,-0.0106,-0.0151,nan,nan
185.51,41.280,0.1919,0.0011,0.0008,0.0244,-0.0170,-0.0106,-0.0151,2.4809,-4.375,2.825,0.1918,21025.2,36826.9,0.00209788,0.1919,0.0011,-4.492,2.917,2.4809,-0.0106,-0.0151,nan,nan
185.61,41.300,0.1919,0.0011,0.0007,0.0244,-0.0170,-0.0106,-0.0151,2.4809,-4.379,2.829,0.1919,21104.7,36962.3,0.00237469,0.1919,0.0009,-4.496,2.920,2.4809,-0.0106,-0.0151,nan,nan
185.71,41.340,0.1919,0.0009,0.0007,0.0244,-0.0170,-0.0106,-0.0151,2.4809,-4.384,2.832,0.1919,21211.2,37143.3,0.00237469,0.1919,0.0009,-4.502,2.925,2.4809,-0.0106,-0.0151,nan,nan
185.81,41.360,0.1919,0.0009,0.0007,0.0244,-0.0169,-0.0105,-0.0151,2.4810,-4.388,2.836,0.1919,21291.2,37279.6,0.00209788,0.1919,0.0009,-4.507,2.928,2.4810,-0.0105,-0.0151,nan,nan
185.91,41.400,0.1919,0.0009,0.0007,0.0244,-0.0169,-0.0105,-0.0151,2.4810,-4.393,2.839,0.1919,21371.6,37416.2,0.00237469,0.1919,0.0008,-4.511,2.932,2.4810,-0.0105,-0.0151,nan,nan
186.01,41.420,0.1919,0.0008,0.0006,0.0244,-0.0169,-0.0105,-0.0151,2.4810,-4.397,2.843,0.1919,21371.6,37416.2,0.00237469,0.1919,0.0008,-4.511,2.932,2.4810,-0.0105,-0.0151,nan,nan
186.11,41.460,0.1919,0.0008,0.0006,0.0244,-0.0169,-0.0105,-0.0151,2.4810,-4.402,2.846,0.1919,21479,37599.1,0.00237469,0.1919,0.0008,-4.518,2.937,2.4810,-0.0105,-0.0151,nan,nan
186.21,41.480,0.1919,0.0008,0.0006,0.0244,-0.0169,-0.0105,-0.0151,2.4810,-4.406,2.850,0.1919,21559.9,37736.6,0.00209788,0.1919,0.0008,-4.522,2.940,2.4810,-0.0105,-0.0151,nan,nan
186.31,41.520,0.1919,0.0007,0.0006,0.0244,-0.0168,-0.0105,-0.0151,2.4811,-4.411,2.853,0.1919,21641,37874.6,0.00237469,0.1919,0.0007,-4.527,2.944,2.4810,-0.0105,-0.0151,nan,nan
186.41,41.540,0.1919,0.0007,0.0006,0.0244,-0.0168,-0.0105,-0.0151,2.4811,-4.415,2.857,0.1919,21749.5,38059.3,0.00237469,0.1919,0.0007,-4.533,2.948,2.4811,-0.0105,-0.0151,nan,nan
186.51,41.580,0.1919,0.0007,0.0006,0.0244,-0.0168,-0.0104,-0.0151,2.4811,-4.420,2.860,0.1919,21831.2,38198.2,0.00209788,0.1919,0.0007,-4.537,2.952,2.4811,-0.0104,-0.0151,nan,nan
186.61,41.600,0.1919,0.0007,0.0006,0.0244,-0.0168,-0.0104,-0.0151,2.4811,-4.424,2.864,0.1919,21913.1,38337.5,0.00237469,0.1919,0.0007,-4.542,2.955,2.4811,-0.0104,-0.0151,nan,nan
186.71,41.620,0.1919,0.0007,0.0005,0.0244,-0.0168,-0.0104,-0.0151,2.4811,-4.428,2.867,0.1919,22022.6,38523.9,0.00237469,0.1919,0.0007,-4.548,2.960,2.4811,-0.0104,-0.0151,nan,nan
186.81,41.660,0.1919,0.0007,0.0005,0.0244,-0.0167,-0.0104,-0.0151,2.4811,-4.433,2.871,0.1919,22105.1,38664.2,0.00209788,0.1919,0.0007,-4.552,2.964,2.4811,-0.0104,-0.0151,nan,nan
186.91,41.680,0.1919,0.0007,0.0005,0.0244,-0.0167,-0.0104,-0.0151,2.4812,-4.438,2.874,0.1919,22187.8,38804.9,0.00237469,0.1919,0.0007,-4.557,2.967,2.4812,-0.0104,-0.0151,nan,nan
187.01,41.720,0.1919,0.0006,0.0005,0.0244,-0.0167,-0.0104,-0.0151,2.4812,-4.442,2.878,0.1919,22187.8,38804.9,0.00237469,0.1919,0.0006,-4.557,2.967,2.4812,-0.0104,-0.0151,nan,nan
187.11,41.740,0.1919,0.0006,0.0005,0.0244,-0.0167,-0.0103,-0.0151,2.4812,-4.447,2.881,0.1919,22298.5,38993.2,0.00237469,0.1919,0.0006,-4.563,2.972,2.4812,-0.0104,-0.0151,nan,nan
187.21,41.780,0.1919,0.0006,0.0005,0.0244,-0.0167,-0.0103,-0.0151,2.4812,-4.451,2.885,0.1919,22381.7,39134.8,0.00209788,0.1919,0.0006,-4.568,2.975,2.4812,-0.0103,-0.0151,nan,nan
187.31,41.800,0.1919,0.0006,0.0004,0.0244,-0.0166,-0.0103,-0.0151,2.4812,-4.455,2.888,0.1919,22465.3,39276.9,0.00237469,0.1919,0.0005,-4.572,2.979,2.4812,-0.0103,-0.0151,nan,nan
187.41,41.840,0.1919,0.0005,0.0004,0.0244,-0.0166,-0.0103,-0.0151,2.4812,-4.460,2.892,0.1919,22577,39466.9,0.00237469,0.1919,0.0005,-4.578,2.984,2.4812,-0.0103,-0.0151,nan,nan
187.51,41.860,0.1919,0.0005,0.0004,0.0244,-0.0166,-0.0103,-0.0151,2.4812,-4.465,2.895,0.1919,22661.1,39609.9,0.00209788,0.1919,0.0005,-4.583,2.987,2.4812,-0.0103,-0.0151,nan,nan
187.61,41.900,0.1919,0.0005,0.0004,0.0244,-0.0166,-0.0103,-0.0151,2.4812,-4.469,2.898,0.1919,22745.4,39753.4,0.00237469,0.1919,0.0005,-4.587,2.991,2.4812,-0.0103,-0.0151,nan,nan
187.71,41.920,0.1919,0.0005,0.0004,0.0244,-0.0165,-0.0103,-0.0151,2.4813,-4.473,2.902,0.1919,22858.2,39945.3,0.00237469,0.1919,0.0005,-4.593,2.995,2.4813,-0.0103,-0.0151,nan,nan
187.81,41.960,0.1919,0.0005,0.0004,0.0244,-0.0165,-0.0102,-0.0151,2.4813,-4.478,2.905,0.1919,22858.2,39945.3,0.00237469,0.1919,0.0005,-4.593,2.995,2.4813,-0.0102,-0.0151,nan,nan
187.91,41.980,0.1919,0.0005,0.0022,0.0816,0.1042,-0.0092,-0.0161,2.4814,-4.482,2.909,0.1895,22943.1,40089.7,0.00209788,0.1919,0.0005,-4.598,2.999,2.4813,-0.0093,-0.0160,nan,nan
188.01,42.020,0.1920,0.0004,0.0009,0.1011,0.1151,-0.0087,-0.0170,2.4814,-4.487,2.912,0.1902,23028.3,40234.5,0.00237469,0.1920,0.0004,-4.602,3.002,2.4813,-0.0087,-0.0170,nan,nan
188.11,42.040,0.1920,0.0004,0.0003,0.0178,0.0005,-0.0088,-0.0176,2.4814,-4.491,2.916,0.1910,23142.2,40428.2,0.00237469,0.1920,0.0004,-4.608,3.007,2.4814,-0.0088,-0.0176,nan,nan
188.21,42.080,0.1920,0.0004,0.0003,0.0215,-0.0107,-0.0092,-0.0182,2.4814,-4.496,2.919,0.1909,23227.9,40574,0.00209788,0.1920,0.0004,-4.613,3.011,2.4814,-0.0091,-0.0181,nan,nan
188.31,42.100,0.1920,0.0004,0.0001,0.0287,-0.0158,-0.0095,-0.0188,2.4814,-4.500,2.923,0.1909,23313.9,40720.3,0.00237469,0.1920,0.0002,-4.618,3.014,2.4814,-0.0095,-0.0187,nan,nan
188.41,42.140,0.1920,0.0002,0.0001,0.0361,-0.0207,-0.0099,-0.0193,2.4815,-4.504,2.926,0.1909,23428.9,40915.9,0.00237469,0.1920,0.0002,-4.624,3.019,2.4815,-0.0099,-0.0193,nan,nan
188.51,42.160,0.1920,0.0002,0.0001,0.0434,-0.0253,-0.0102,-0.0199,2.4815,-4.509,2.929,0.1910,23515.5,41063.1,0.00209788,0.1920,0.0002,-4.628,3.022,2.4815,-0.0102,-0.0199,nan,nan
188.61,42.180,0.1920,0.0002,0.0001,0.0482,-0.0283,-0.0105,-0.0203,2.4815,-4.513,2.933,0.1911,23515.5,41063.1,0.00209788,0.1920,0.0002,-4.628,3.022,2.4815,-0.0104,-0.0202,nan,nan
188.71,42.220,0.1920,0.0001,0.0001,0.0554,-0.0326,-0.0107,-0.0207,2.4815,-4.517,2.936,0.1913,23602.3,41210.7,0.00237469,0.1920,0.0001,-4.633,3.026,2.4815,-0.0107,-0.0206,nan,nan
188.81,42.240,0.1920,0.0001,0.0001,0.0624,-0.0366,-0.0108,-0.0210,2.4815,-4.522,2.939,0.1920,23718.4,41408.2,0.00237469,0.1920,0.0001,-4.639,3.031,2.4815,-0.0109,-0.0210,nan,nan
188.91,42.280,0.1920,0.0001,0.0001,0.0691,-0.0395,-0.0107,-0.0208,2.4815,-4.526,2.943,0.1924,23805.8,41556.8,0.00209788,0.1920,0.0001,-4.643,3.034,2.4815,-0.0108,-0.0209,nan,nan
189.01,42.300,0.1920,0.0001,0.0001,0.0755,-0.0429,-0.0105,-0.0205,2.4815,-4.531,2.947,0.1928,23893.4,41705.9,0.00237469,0.1920,0.0001,-4.648,3.038,2.4815,-0.0105,-0.0206,nan,nan
189.11,42.340,0.1920,0.0001,0.0001,0.0817,-0.0459,-0.0101,-0.0199,2.4815,-4.535,2.950,0.1933,24010.7,41905.2,0.00237469,0.1920,0.0001,-4.654,3.043,2.4815,-0.0102,-0.0200,nan,nan
189.21,42.360,0.1920,0.0001,0.0001,0.0875,-0.0486,-0.0095,-0.0191,2.4815,-4.540,2.954,0.1938,24098.9,42055.3,0.00209788,0.1920,0.0001,-4.659,3.046,2.4815,-0.0096,-0.0193,nan,nan
189.31,42.400,0.1920,0.0001,0.0001,0.0921,-0.0501,-0.0088,-0.0179,2.4815,-4.545,2.957,0.1944,24187.4,42205.7,0.00237469,0.1920,0.0001,-4.663,3.050,2.4815,-0.0089,-0.0181,nan,nan
189.41,42.420,0.1920,0.0001,0.0001,0.0975,-0.0523,-0.0078,-0.0164,2.4815,-4.549,2.961,0.1951,24305.8,42407,0.00237469,0.1920,0.0001,-4.669,3.054,2.4815,-0.0080,-0.0167,nan,nan
189.51,42.460,0.1920,0.0001,0.0001,-0.6321,-0.0114,-0.0070,-0.0149,2.4814,-4.554,2.965,0.1922,24394.9,42558.5,0.00209788,0.1920,0.0001,-4.674,3.058,2.4815,-0.0070,-0.0150,nan,nan
189.61,42.480,0.1920,0.0001,0.0001,0.0992,-0.0571,-0.0073,-0.0155,2.4815,-4.558,2.968,0.1911,24394.9,42558.5,0.00209788,0.1920,0.0001,-4.674,3.058,2.4815,-0.0072,-0.0154,nan,nan
189.71,42.520,0.1920,0.0001,0.0001,0.0996,-0.0573,-0.0074,-0.0158,2.4815,-4.563,2.972,0.1918,24484.2,42710.4,0.00237469,0.1920,0.0001,-4.678,3.061,2.4815,-0.0074,-0.0157,nan,nan
189.81,42.540,0.1920,0.0001,0.0001,0.0898,-0.0506,-0.0074,-0.0156,2.4815,-4.567,2.975,0.1925,24603.8,42913.6,0.00237469,0.1920,0.0001,-4.684,3.066,2.4815,-0.0074,-0.0157,nan,nan
189.91,42.580,0.1920,0.0001,0.0001,0.0893,-0.0503,-0.0071,-0.0152,2.4815,-4.572,2.979,0.1932,24693.7,43066.4,0.00209788,0.1920,0.0001,-4.689,3.070,2.4815,-0.0072,-0.0153,nan,nan
190.01,42.600,0.1920,0.0001,0.0001,0.0990,-0.0568,-0.0071,-0.0152,2.4815,-4.576,2.982,0.1919,24783.9,43219.8,0.00237469,0.1920,0.0001,-4.693,3.073,2.4815,-0.0071,-0.0151,nan,nan
190.11,42.640,0.1920,0.0001,0.0001,0.0250,-0.0117,-0.0071,-0.0151,2.4815,-4.581,2.986,0.1920,24904.6,43424.9,0.00237469,0.1920,0.0001,-4.699,3.078,2.4815,-0.0071,-0.0151,nan,nan
190.21,42.660,0.1920,0.0001,0.0001,0.0248,-0.0116,-0.0070,-0.0151,2.4815,-4.585,2.989,0.1920,24995.4,43579.2,0.00209788,0.1920,0.0001,-4.704,3.081,2.4815,-0.0070,-0.0151,nan,nan
190.31,42.700,0.1920,0.0001,0.0001,0.0242,-0.0113,-0.0070,-0.0151,2.4815,-4.590,2.992,0.1906,25086.5,43734,0.00237469,0.1690,0.1882,-4.709,3.085,2.4815,-0.0070,-0.0151,nan,nan
190.41,42.720,0.1796,0.0156,0.0261,0.0174,-0.0080,-0.0070,-0.0151,2.4819,-4.594,2.995,0.1707,25086.5,43734,0.00237469,0.1690,0.1882,-4.709,3.085,2.4815,-0.0070,-0.0151,nan,nan
190.51,42.760,0.1690,0.0556,0.0521,0.0213,-0.0096,-0.0071,-0.0151,2.4831,-4.598,2.999,0.1706,25208.4,43941.1,0.00237469,0.1690,0.1882,-4.714,3.089,2.4818,-0.0071,-0.0151,nan,nan
190.61,42.780,0.1690,0.0756,0.0780,0.0196,-0.0087,-0.0071,-0.0151,2.4851,-4.602,3.002,0.1705,25300,44097,0.00209788,0.1690,0.1882,-4.718,3.092,2.4829,-0.0071,-0.0151,nan,nan
190.71,42.800,0.1690,0.0956,0.0952,0.0185,-0.0081,-0.0071,-0.0150,2.4875,-4.605,3.004,0.1704,25391.7,44253.4,0.00237469,0.1691,0.1876,-4.722,3.096,2.4848,-0.0071,-0.0150,nan,nan
190.81,42.840,0.1691,0.1356,0.1208,0.0168,-0.0072,-0.0072,-0.0150,2.4910,-4.610,3.007,0.1702,25514,44463.2,0.00237469,0.1691,0.1876,-4.728,3.100,2.4886,-0.0072,-0.0150,nan,nan
190.91,42.860,0.1691,0.1556,0.1463,0.0151,-0.0063,-0.0072,-0.0150,2.4952,-4.614,3.010,0.1699,25605.6,44621.5,0.00209788,0.1691,0.1876,-4.732,3.103,2.4923,-0.0072,-0.0150,nan,nan
191.01,42.900,0.1691,0.1876,0.1609,0.0139,-0.0058,-0.0074,-0.0150,2.4998,-4.618,3.013,0.1739,25696.9,44780.7,0.00237469,0.1706,0.1749,-4.736,3.106,2.4968,-0.0073,-0.0150,nan,nan
191.11,42.920,0.1706,0.1751,0.1345,0.1793,0.0945,-0.0075,-0.0151,2.5040,-4.622,3.017,0.1769,25818.2,44994.5,0.00237469,0.1706,0.1749,-4.741,3.110,2.5029,-0.0075,-0.0151,nan,nan
191.21,42.960,0.1706,0.1749,0.1337,-1.8116,1.3254,-0.0074,-0.0149,2.5081,-4.627,3.020,0.1733,25908.9,45156.1,0.00209788,0.1706,0.1749,-4.745,3.113,2.5070,-0.0074,-0.0149,nan,nan
191.31,42.980,0.1706,0.1749,0.1487,0.0143,-0.0064,-0.0075,-0.0149,2.5125,-4.631,3.023,0.1730,25908.9,45156.1,0.00209788,0.1706,0.1749,-4.745,3.113,2.5070,-0.0075,-0.0149,nan,nan
191.41,43.020,0.1732,0.1594,0.1183,0.1718,0.0967,-0.0077,-0.0151,2.5162,-4.635,3.025,0.1794,25999.3,45318.5,0.00237469,0.1732,0.1542,-4.750,3.116,2.5113,-0.0077,-0.0150,nan,nan
191.51,43.040,0.1732,0.1542,0.1186,0.1604,0.0810,-0.0076,-0.0149,2.5198,-4.640,3.028,0.1820,26119.4,45536.7,0.00237469,0.1732,0.1542,-4.755,3.120,2.5167,-0.0077,-0.0150,nan,nan
191.61,43.080,0.1732,0.1542,0.1296,0.0146,0.0009,-0.0077,-0.0148,2.5235,-4.644,3.031,0.1773,26209.3,45701.4,0.00209788,0.1732,0.1542,-4.759,3.123,2.5203,-0.0076,-0.0148,nan,nan
191.71,43.100,0.1732,0.1542,0.1094,0.1722,0.0954,-0.0078,-0.0149,2.5265,-4.648,3.034,0.1823,26298.9,45867,0.00237469,0.1755,0.1354,-4.764,3.126,2.5240,-0.0078,-0.0149,nan,nan
191.81,43.140,0.1755,0.1354,0.1025,0.1789,0.0903,-0.0078,-0.0148,2.5297,-4.653,3.037,0.1855,26418,46089.2,0.00237469,0.1755,0.1354,-4.769,3.130,2.5285,-0.0078,-0.0149,nan,nan
191.91,43.160,0.1755,0.1354,0.1135,0.0164,-0.0075,-0.0078,-0.0147,2.5330,-4.657,3.040,0.1815,26507.2,46256.9,0.00209788,0.1755,0.1354,-4.774,3.133,2.5317,-0.0078,-0.0147,nan,nan
192.01,43.200,0.1755,0.1354,0.1133,0.0162,-0.0075,-0.0078,-0.0147,2.5361,-4.662,3.042,0.1821,26596.2,46425.4,0.00237469,0.1774,0.1193,-4.778,3.136,2.5350,-0.0078,-0.0147,nan,nan
192.11,43.220,0.1774,0.1208,0.0899,0.1806,0.0895,-0.0080,-0.0148,2.5389,-4.666,3.045,0.1871,26596.2,46425.4,0.00237469,0.1774,0.1193,-4.778,3.136,2.5350,-0.0080,-0.0148,nan,nan
192.21,43.260,0.1774,0.1193,0.0986,-0.9102,0.4929,-0.0079,-0.0146,2.5416,-4.671,3.048,0.1839,26714.6,46651.4,0.00237469,0.1774,0.1193,-4.784,3.140,2.5390,-0.0079,-0.0146,nan,nan
192.31,43.280,0.1774,0.1193,0.0993,0.0164,-0.0088,-0.0080,-0.0146,2.5446,-4.676,3.051,0.1837,26803.2,46821.9,0.00209788,0.1774,0.1193,-4.788,3.143,2.5417,-0.0080,-0.0146,nan,nan
192.41,43.300,0.1774,0.1193,0.0820,0.1736,0.0927,-0.0081,-0.0147,2.5471,-4.680,3.054,0.1878,26891.7,46993.2,0.00237469,0.1791,0.1051,-4.792,3.146,2.5446,-0.0080,-0.0147,nan,nan
192.51,43.340,0.1791,0.1051,0.0778,0.0905,-0.0391,-0.0080,-0.0146,2.5494,-4.685,3.056,0.1847,27009.6,47222.8,0.00237469,0.1791,0.1051,-4.798,3.150,2.5481,-0.0081,-0.0146,nan,nan
192.61,43.360,0.1791,0.1051,0.0786,0.1810,0.0882,-0.0081,-0.0146,2.5519,-4.690,3.059,0.1874,27097.8,47396,0.00209788,0.1791,0.1051,-4.803,3.153,2.5505,-0.0081,-0.0146,nan,nan
192.71,43.400,0.1791,0.1051,0.0864,0.0202,0.0022,-0.0081,-0.0146,2.5542,-4.695,3.062,0.1873,27186,47570,0.00237469,0.1807,0.0928,-4.807,3.156,2.5529,-0.0081,-0.0145,nan,nan
192.81,43.420,0.1807,0.0930,0.0682,0.0807,-0.0349,-0.0082,-0.0146,2.5563,-4.700,3.065,0.1881,27303.5,47803.1,0.00237469,0.1807,0.0928,-4.813,3.160,2.5559,-0.0082,-0.0146,nan,nan
192.91,43.460,0.1807,0.0928,0.0763,0.0126,-0.0017,-0.0082,-0.0145,2.5585,-4.704,3.068,0.1851,27391.5,47978.8,0.00209788,0.1807,0.0928,-4.818,3.163,2.5580,-0.0082,-0.0145,nan,nan
193.01,43.480,0.1807,0.0928,0.0669,0.1161,0.0550,-0.0082,-0.0145,2.5606,-4.709,3.071,0.1855,27391.5,47978.8,0.00209788,0.1807,0.0928,-4.818,3.163,2.5580,-0.0082,-0.0145,nan,nan
193.11,43.520,0.1819,0.0823,0.0611,0.1011,-0.0495,-0.0083,-0.0145,2.5625,-4.714,3.074,0.1889,27479.5,48155.3,0.00237469,0.1819,0.0823,-4.822,3.166,2.5602,-0.0083,-0.0146,nan,nan
193.21,43.540,0.1819,0.0823,0.0668,0.0301,0.0061,-0.0083,-0.0145,2.5644,-4.719,3.077,0.1877,27596.7,48391.8,0.00237469,0.1819,0.0823,-4.828,3.170,2.5627,-0.0083,-0.0145,nan,nan
193.31,43.580,0.1819,0.0823,0.0597,0.0787,-0.0354,-0.0083,-0.0144,2.5662,-4.724,3.079,0.1862,27684.6,48570,0.00209788,0.1819,0.0823,-4.833,3.173,2.5646,-0.0083,-0.0144,nan,nan
193.41,43.600,0.1819,0.0823,0.0541,0.0850,-0.0738,-0.0083,-0.0145,2.5679,-4.728,3.082,0.1892,27772.4,48749,0.00237469,0.1831,0.0731,-4.838,3.176,2.5664,-0.0083,-0.0145,nan,nan
193.51,43.640,0.1831,0.0731,0.0570,0.0200,0.0014,-0.0083,-0.0144,2.5696,-4.733,3.085,0.1871,27889.5,48988.7,0.00237469,0.1831,0.0731,-4.844,3.180,2.5688,-0.0083,-0.0144,nan,nan
193.61,43.660,0.1831,0.0731,0.0598,0.0181,-0.0100,-0.0084,-0.0144,2.5713,-4.738,3.088,0.1868,27977.4,49169.3,0.00209788,0.1831,0.0731,-4.848,3.183,2.5705,-0.0083,-0.0144,nan,nan
193.71,43.700,0.1831,0.0731,0.0597,0.0192,-0.0098,-0.0084,-0.0144,2.5730,-4.743,3.091,0.1873,28065.2,49350.7,0.00237469,0.1841,0.0649,-4.853,3.186,2.5722,-0.0084,-0.0144,nan,nan
193.81,43.720,0.1841,0.0649,0.0530,0.0189,-0.0113,-0.0084,-0.0144,2.5746,-4.747,3.094,0.1872,28182.3,49593.6,0.00237469,0.1841,0.0649,-4.859,3.190,2.5744,-0.0084,-0.0144,nan,nan
193.91,43.760,0.1841,0.0649,0.0529,0.0188,-0.0115,-0.0084,-0.0143,2.5762,-4.752,3.096,0.1871,28182.3,49593.6,0.00237469,0.1841,0.0649,-4.859,3.190,2.5744,-0.0084,-0.0143,nan,nan
194.01,43.780,0.1841,0.0649,0.0529,0.0186,-0.0117,-0.0084,-0.0143,2.5779,-4.757,3.099,0.1869,28270.1,49776.6,0.00209788,0.1841,0.0649,-4.864,3.193,2.5760,-0.0084,-0.0143,nan,nan
194.11,43.820,0.1850,0.0571,0.0465,0.0190,-0.0123,-0.0085,-0.0143,2.5793,-4.762,3.102,0.1875,28357.9,49960.4,0.00237469,0.1850,0.0571,-4.868,3.196,2.5776,-0.0085,-0.0143,nan,nan
194.21,43.840,0.1850,0.0571,0.0464,0.0188,-0.0126,-0.0085,-0.0143,2.5806,-4.767,3.105,0.1874,28475.1,50206.5,0.00237469,0.1850,0.0571,-4.875,3.200,2.5795,-0.0085,-0.0143,nan,nan
194.31,43.880,0.1850,0.0571,0.0464,0.0185,-0.0130,-0.0085,-0.0143,2.5820,-4.771,3.108,0.1872,28562.9,50391.9,0.00209788,0.1850,0.0571,-4.879,3.203,2.5809,-0.0085,-0.0143,nan,nan
194.41,43.900,0.1850,0.0571,0.0407,0.0185,-0.0141,-0.0085,-0.0143,2.5832,-4.776,3.111,0.1877,28650.8,50577.9,0.00237469,0.1859,0.0502,-4.884,3.206,2.5823,-0.0085,-0.0143,nan,nan
194.51,43.940,0.1859,0.0502,0.0406,0.0175,-0.0152,-0.0085,-0.0143,2.5845,-4.781,3.113,0.1875,28768.1,50827.1,0.00237469,0.1859,0.0502,-4.890,3.210,2.5840,-0.0085,-0.0143,nan,nan
194.61,43.960,0.1859,0.0502,0.0405,0.0193,-0.0116,-0.0086,-0.0143,2.5857,-4.785,3.116,0.1874,28856.1,51014.8,0.00209788,0.1859,0.0502,-4.895,3.213,2.5852,-0.0086,-0.0143,nan,nan
194.71,44.000,0.1859,0.0502,0.0404,0.0187,-0.0113,-0.0086,-0.0143,2.5869,-4.790,3.119,0.1878,28944.1,51203.1,0.00237469,0.1866,0.0442,-4.900,3.216,2.5864,-0.0086,-0.0143,nan,nan
194.81,44.020,0.1866,0.0442,0.0352,0.0158,-0.0095,-0.0086,-0.0142,2.5879,-4.795,3.122,0.1877,28944.1,51203.1,0.00237469,0.1866,0.0442,-4.900,3.216,2.5864,-0.0086,-0.0142,nan,nan
194.91,44.060,0.1866,0.0442,0.0323,0.0204,-0.0123,-0.0086,-0.0142,2.5889,-4.800,3.125,0.1868,29061.6,51455.3,0.00237469,0.1866,0.0442,-4.906,3.220,2.5879,-0.0086,-0.0142,nan,nan
195.01,44.080,0.1866,0.0442,0.0323,0.0204,-0.0124,-0.0086,-0.0142,2.5899,-4.805,3.128,0.1868,29149.8,51645.3,0.00209788,0.1866,0.0442,-4.911,3.222,2.5889,-0.0086,-0.0142,nan,nan
195.11,44.100,0.1866,0.0442,0.0285,0.0207,-0.0126,-0.0086,-0.0142,2.5907,-4.809,3.131,0.1873,29238,51835.9,0.00237469,0.1872,0.0390,-4.916,3.225,2.5899,-0.0086,-0.0142,nan,nan
195.21,44.140,0.1872,0.0390,0.0284,0.0317,-0.0193,-0.0086,-0.0142,2.5915,-4.813,3.133,0.1872,29355.9,52091,0.00237469,0.1872,0.0390,-4.922,3.229,2.5911,-0.0086,-0.0142,nan,nan
195.31,44.160,0.1872,0.0390,0.0284,0.0208,-0.0127,-0.0087,-0.0142,2.5922,-4.818,3.136,0.1872,29444.3,52283.1,0.00209788,0.1872,0.0390,-4.927,3.232,2.5919,-0.0087,-0.0142,nan,nan
195.41,44.180,0.1872,0.0390,0.0284,0.0209,-0.0127,-0.0087,-0.0142,2.5930,-4.822,3.138,0.1871,29444.3,52283.1,0.00209788,0.1872,0.0390,-4.927,3.232,2.5919,-0.0087,-0.0142,nan,nan
195.51,44.220,0.1877,0.0349,0.0253,0.0214,-0.0130,-0.0087,-0.0142,2.5937,-4.826,3.141,0.1875,29532.9,52475.9,0.00237469,0.1877,0.0349,-4.932,3.235,2.5928,-0.0087,-0.0142,nan,nan
195.61,44.240,0.1877,0.0349,0.0252,0.0225,-0.0137,-0.0087,-0.0142,2.5943,-4.830,3.143,0.1875,29651.2,52734,0.00237469,0.1877,0.0349,-4.938,3.239,2.5938,-0.0087,-0.0142,nan,nan
195.71,44.260,0.1877,0.0349,0.0232,0.0210,-0.0129,-0.0087,-0.0142,2.5949,-4.834,3.146,0.1879,29740,52928.2,0.00209788,0.1877,0.0349,-4.943,3.242,2.5946,-0.0087,-0.0142,nan,nan
195.81,44.300,0.1877,0.0349,0.0232,0.0210,-0.0129,-0.0087,-0.0142,2.5955,-4.839,3.148,0.1882,29829,53123.2,0.00237469,0.1882,0.0312,-4.948,3.245,2.5953,-0.0087,-0.0142,nan,nan
195.91,44.320,0.1882,0.0312,0.0208,0.0212,-0.0130,-0.0087,-0.0142,2.5960,-4.842,3.151,0.1882,29829,53123.2,0.00237469,0.1882,0.0312,-4.948,3.245,2.5953,-0.0087,-0.0142,nan,nan
196.01,44.340,0.1882,0.0312,0.0208,0.0212,-0.0130,-0.0087,-0.0142,2.5966,-4.847,3.153,0.1881,29947.7,53384.1,0.00237469,0.1882,0.0312,-4.954,3.249,2.5961,-0.0087,-0.0142,nan,nan
196.11,44.360,0.1882,0.0312,0.0208,0.0212,-0.0131,-0.0087,-0.0142,2.5971,-4.851,3.156,0.1881,30037,53580.5,0.00209788,0.1882,0.0312,-4.959,3.252,2.5968,-0.0087,-0.0142,nan,nan
196.21,44.400,0.1882,0.0312,0.0208,0.0212,-0.0131,-0.0087,-0.0142,2.5977,-4.855,3.158,0.1883,30126.3,53777.5,0.00237469,0.1885,0.0283,-4.964,3.255,2.5974,-0.0087,-0.0142,nan,nan
196.31,44.420,0.1885,0.0283,0.0188,0.0214,-0.0132,-0.0087,-0.0142,2.5982,-4.860,3.161,0.1883,30245.7,54041.3,0.00237469,0.1885,0.0283,-4.970,3.259,2.5981,-0.0087,-0.0142,nan,nan
196.41,44.460,0.1885,0.0283,0.0188,0.0213,-0.0132,-0.0087,-0.0142,2.5988,-4.864,3.164,0.1882,30245.7,54041.3,0.00237469,0.1885,0.0283,-4.970,3.259,2.5981,-0.0087,-0.0142,nan,nan
196.51,44.480,0.1885,0.0283,0.0188,0.0213,-0.0132,-0.0088,-0.0141,2.5993,-4.869,3.167,0.1882,30335.4,54239.8,0.00209788,0.1885,0.0283,-4.975,3.262,2.5987,-0.0088,-0.0141,nan,nan
196.61,44.520,0.1889,0.0256,0.0170,0.0215,-0.0133,-0.0088,-0.0141,2.5998,-4.874,3.170,0.1884,30425.2,54438.9,0.00237469,0.1889,0.0256,-4.980,3.264,2.5993,-0.0088,-0.0141,nan,nan
196.71,44.540,0.1889,0.0256,0.0170,0.0215,-0.0133,-0.0088,-0.0141,2.6003,-4.878,3.173,0.1883,30545.2,54705.5,0.00237469,0.1889,0.0256,-4.986,3.268,2.6000,-0.0088,-0.0141,nan,nan
196.81,44.580,0.1889,0.0256,0.0170,0.0215,-0.0133,-0.0088,-0.0141,2.6008,-4.883,3.176,0.1883,30635.3,54906.1,0.00209788,0.1889,0.0256,-4.991,3.271,2.6005,-0.0088,-0.0141,nan,nan
196.91,44.600,0.1889,0.0256,0.0170,0.0215,-0.0133,-0.0088,-0.0141,2.6013,-4.888,3.178,0.1886,30725.6,55107.4,0.00237469,0.1892,0.0232,-4.996,3.274,2.6010,-0.0088,-0.0141,nan,nan
197.01,44.620,0.1892,0.0232,0.0154,0.0229,-0.0113,-0.0088,-0.0141,2.6017,-4.892,3.181,0.1886,30846.2,55376.7,0.00237469,0.1892,0.0232,-5.003,3.278,2.6016,-0.0088,-0.0141,nan,nan
197.11,44.660,0.1892,0.0232,0.0154,0.0229,-0.0113,-0.0088,-0.0141,2.6021,-4.897,3.184,0.1886,30846.2,55376.7,0.00237469,0.1892,0.0232,-5.003,3.278,2.6016,-0.0088,-0.0141,nan,nan
197.21,44.680,0.1892,0.0232,0.0154,0.0229,-0.0113,-0.0088,-0.0141,2.6024,-4.900,3.186,0.1886,30936.9,55579.5,0.00209788,0.1892,0.0232,-5.007,3.281,2.6021,-0.0088,-0.0141,nan,nan
197.31,44.700,0.1892,0.0232,0.0139,0.0229,-0.0116,-0.0088,-0.0141,2.6028,-4.904,3.188,0.1889,31027.7,55782.9,0.00237469,0.1894,0.0210,-5.012,3.284,2.6025,-0.0088,-0.0141,nan,nan
197.41,44.720,0.1894,0.0210,0.0139,0.0229,-0.0116,-0.0088,-0.0141,2.6031,-4.908,3.190,0.1889,31027.7,55782.9,0.00237469,0.1894,0.0210,-5.012,3.284,2.6025,-0.0088,-0.0141,nan,nan
197.51,44.740,0.1894,0.0210,0.0139,0.0229,-0.0116,-0.0088,-0.0141,2.6034,-4.911,3.192,0.1889,31149,56055,0.00237469,0.1894,0.0210,-5.019,3.288,2.6031,-0.0088,-0.0141,nan,nan
197.61,44.760,0.1894,0.0210,0.0139,0.0229,-0.0116,-0.0088,-0.0141,2.6037,-4.915,3.195,0.1889,31240.2,56259.9,0.00209788,0.1894,0.0210,-5.024,3.291,2.6035,-0.0088,-0.0141,nan,nan
197.71,44.800,0.1894,0.0210,0.0139,0.0229,-0.0116,-0.0088,-0.0141,2.6040,-4.919,3.197,0.1889,31331.5,56465.3,0.00237469,0.1897,0.0190,-5.029,3.294,2.6039,-0.0088,-0.0141,nan,nan
197.81,44.820,0.1897,0.0190,0.0126,0.0229,-0.0119,-0.0088,-0.0141,2.6044,-4.923,3.199,0.1892,31331.5,56465.3,0.00237469,0.1897,0.0190,-5.029,3.294,2.6039,-0.0088,-0.0141,nan,nan
197.91,44.840,0.1897,0.0190,0.0126,0.0229,-0.0119,-0.0088,-0.0141,2.6047,-4.927,3.202,0.1892,31453.5,56740.3,0.00237469,0.1897,0.0190,-5.035,3.298,2.6045,-0.0088,-0.0141,nan,nan
198.01,44.860,0.1897,0.0190,0.0126,0.0229,-0.0119,-0.0088,-0.0141,2.6050,-4.931,3.204,0.1892,31545.2,56947.3,0.00209788,0.1897,0.0190,-5.040,3.300,2.6048,-0.0088,-0.0141,nan,nan
198.11,44.900,0.1897,0.0190,0.0126,0.0229,-0.0119,-0.0088,-0.0141,2.6054,-4.935,3.207,0.1894,31637.1,57154.9,0.00237469,0.1899,0.0173,-5.045,3.303,2.6052,-0.0088,-0.0141,nan,nan
198.21,44.920,0.1899,0.0173,0.0114,0.0228,-0.0121,-0.0088,-0.0141,2.6057,-4.940,3.210,0.1894,31637.1,57154.9,0.00237469,0.1899,0.0173,-5.045,3.303,2.6052,-0.0088,-0.0141,nan,nan
198.31,44.940,0.1899,0.0173,0.0114,0.0228,-0.0121,-0.0088,-0.0141,2.6060,-4.944,3.212,0.1894,31759.8,57432.6,0.00237469,0.1899,0.0173,-5.051,3.307,2.6057,-0.0088,-0.0141,nan,nan
198.41,44.980,0.1899,0.0173,0.0114,0.0228,-0.0121,-0.0089,-0.0141,2.6063,-4.948,3.215,0.1894,31852.1,57641.7,0.00209788,0.1899,0.0173,-5.056,3.310,2.6060,-0.0089,-0.0141,nan,nan
198.51,45.000,0.1899,0.0173,0.0114,0.0228,-0.0121,-0.0089,-0.0141,2.6065,-4.952,3.217,0.1897,31944.5,57851.4,0.00237469,0.1901,0.0156,-5.061,3.313,2.6064,-0.0089,-0.0141,nan,nan
198.61,45.020,0.1901,0.0156,0.0103,0.0228,-0.0124,-0.0089,-0.0141,2.6068,-4.956,3.219,0.1897,31944.5,57851.4,0.00237469,0.1901,0.0156,-5.061,3.313,2.6064,-0.0089,-0.0141,nan,nan
198.71,45.040,0.1901,0.0156,0.0103,0.0228,-0.0124,-0.0089,-0.0141,2.6071,-4.961,3.222,0.1897,32068,58132,0.00237469,0.1901,0.0156,-5.068,3.317,2.6068,-0.0089,-0.0141,nan,nan
198.81,45.080,0.1901,0.0156,0.0103,0.0228,-0.0124,-0.0089,-0.0141,2.6073,-4.965,3.225,0.1897,32160.9,58343.1,0.00209788,0.1901,0.0156,-5.073,3.320,2.6071,-0.0089,-0.0141,nan,nan
198.91,45.100,0.1901,0.0156,0.0094,0.0228,-0.0126,-0.0089,-0.0141,2.6076,-4.969,3.227,0.1899,32253.9,58555,0.00237469,0.1903,0.0142,-5.077,3.323,2.6074,-0.0089,-0.0141,nan,nan
199.01,45.140,0.1903,0.0142,0.0094,0.0228,-0.0126,-0.0089,-0.0141,2.6079,-4.974,3.230,0.1899,32378.2,58838.4,0.00237469,0.1903,0.0142,-5.084,3.327,2.6078,-0.0089,-0.0141,nan,nan
199.11,45.160,0.1903,0.0142,0.0094,0.0228,-0.0126,-0.0089,-0.0141,2.6081,-4.979,3.233,0.1899,32471.6,59051.6,0.00209788,0.1903,0.0142,-5.089,3.329,2.6081,-0.0089,-0.0141,nan,nan
199.21,45.180,0.1903,0.0142,0.0094,0.0228,-0.0126,-0.0089,-0.0141,2.6084,-4.983,3.236,0.1899,32471.6,59051.6,0.00209788,0.1903,0.0142,-5.089,3.329,2.6081,-0.0089,-0.0141,nan,nan
199.31,45.220,0.1904,0.0129,0.0085,0.0228,-0.0127,-0.0089,-0.0141,2.6086,-4.988,3.238,0.1901,32565.2,59265.6,0.00237469,0.1904,0.0129,-5.094,3.332,2.6083,-0.0089,-0.0141,nan,nan
199.41,45.240,0.1904,0.0129,0.0085,0.0228,-0.0128,-0.0089,-0.0141,2.6088,-4.992,3.241,0.1901,32690.4,59551.8,0.00237469,0.1904,0.0129,-5.100,3.336,2.6087,-0.0089,-0.0141,nan,nan
199.51,45.260,0.1904,0.0129,0.0085,0.0228,-0.0128,-0.0089,-0.0141,2.6091,-4.996,3.243,0.1901,32784.4,59767.2,0.00209788,0.1904,0.0129,-5.105,3.339,2.6090,-0.0089,-0.0141,nan,nan
199.61,45.300,0.1904,0.0129,0.0085,0.0228,-0.0128,-0.0089,-0.0141,2.6093,-5.001,3.246,0.1903,32878.6,59983.2,0.00237469,0.1906,0.0117,-5.110,3.342,2.6092,-0.0089,-0.0141,nan,nan
199.71,45.320,0.1906,0.0117,0.0077,0.0228,-0.0129,-0.0089,-0.0141,2.6095,-5.005,3.248,0.1903,32878.6,59983.2,0.00237469,0.1906,0.0117,-5.110,3.342,2.6092,-0.0089,-0.0141,nan,nan
199.81,45.340,0.1906,0.0117,0.0077,0.0228,-0.0129,-0.0089,-0.0141,2.6097,-5.010,3.251,0.1903,33004.6,60272.3,0.00237469,0.1906,0.0117,-5.117,3.346,2.6095,-0.0089,-0.0141,nan,nan
199.91,45.380,0.1906,0.0117,0.0077,0.0228,-0.0129,-0.0089,-0.0141,2.6099,-5.014,3.254,0.1903,33099.3,60489.8,0.00209788,0.1906,0.0117,-5.122,3.349,2.6098,-0.0089,-0.0141,nan,nan
200.01,45.400,0.1906,0.0117,0.0077,0.0228,-0.0129,-0.0089,-0.0141,2.6101,-5.018,3.256,0.1904,33194.1,60708,0.00237469,0.1907,0.0106,-5.127,3.352,2.6100,-0.0089,-0.0141,nan,nan
200.11,45.420,0.1907,0.0106,0.0070,0.0228,-0.0130,-0.0089,-0.0141,2.6103,-5.022,3.259,0.1904,33320.9,60999.9,0.00237469,0.1907,0.0106,-5.133,3.356,2.6103,-0.0089,-0.0141,nan,nan
200.21,45.460,0.1907,0.0106,0.0070,0.0234,-0.0148,-0.0089,-0.0140,2.6105,-5.027,3.261,0.1904,33320.9,60999.9,0.00237469,0.1907,0.0106,-5.133,3.356,2.6103,-0.0089,-0.0140,nan,nan
200.31,45.480,0.1907,0.0106,0.0070,0.0229,-0.0131,-0.0089,-0.0140,2.6107,-5.031,3.264,0.1904,33416.2,61219.6,0.00209788,0.1907,0.0106,-5.138,3.358,2.6105,-0.0089,-0.0140,nan,nan
200.41,45.500,0.1907,0.0106,0.0064,0.0236,-0.0132,-0.0089,-0.0140,2.6108,-5.035,3.266,0.1906,33511.7,61439.9,0.00237469,0.1908,0.0096,-5.143,3.361,2.6107,-0.0089,-0.0140,nan,nan
200.51,45.520,0.1908,0.0096,0.0069,0.0222,-0.0141,-0.0089,-0.0140,2.6110,-5.039,3.269,0.1908,33639.4,61734.6,0.00237469,0.1908,0.0096,-5.150,3.365,2.6110,-0.0089,-0.0140,nan,nan
200.61,45.560,0.1908,0.0096,0.0069,0.0221,-0.0141,-0.0089,-0.0140,2.6112,-5.044,3.271,0.1908,33639.4,61734.6,0.00237469,0.1908,0.0096,-5.150,3.365,2.6110,-0.0089,-0.0140,nan,nan
200.71,45.580,0.1908,0.0096,0.0069,0.0221,-0.0141,-0.0089,-0.0140,2.6114,-5.048,3.274,0.1908,33735.3,61956.4,0.00209788,0.1908,0.0096,-5.155,3.368,2.6112,-0.0089,-0.0140,nan,nan
200.81,45.600,0.1908,0.0096,0.0063,0.0227,-0.0133,-0.0089,-0.0140,2.6116,-5.052,3.276,0.1909,33831.5,62178.9,0.00237469,0.1909,0.0087,-5.160,3.371,2.6114,-0.0089,-0.0140,nan,nan
200.91,45.640,0.1909,0.0087,0.0063,0.0227,-0.0133,-0.0089,-0.0140,2.6117,-5.057,3.279,0.1909,33960,62476.5,0.00237469,0.1909,0.0087,-5.166,3.375,2.6116,-0.0089,-0.0140,nan,nan
201.01,45.660,0.1909,0.0087,0.0063,0.0227,-0.0133,-0.0089,-0.0140,2.6119,-5.062,3.282,0.1909,34056.7,62700.4,0.00209788,0.1909,0.0087,-5.171,3.378,2.6118,-0.0089,-0.0140,nan,nan
201.11,45.700,0.1909,0.0087,0.0063,0.0227,-0.0133,-0.0089,-0.0140,2.6121,-5.066,3.285,0.1910,34153.5,62925,0.00237469,0.1910,0.0078,-5.176,3.381,2.6120,-0.0089,-0.0140,nan,nan
201.21,45.720,0.1910,0.0078,0.0056,0.0227,-0.0134,-0.0089,-0.0140,2.6123,-5.071,3.288,0.1910,34282.9,63225.5,0.00237469,0.1910,0.0078,-5.183,3.385,2.6122,-0.0089,-0.0140,nan,nan
201.31,45.760,0.1910,0.0078,0.0056,0.0227,-0.0134,-0.0089,-0.0140,2.6124,-5.076,3.290,0.1910,34282.9,63225.5,0.00237469,0.1910,0.0078,-5.183,3.385,2.6122,-0.0089,-0.0140,nan,nan
201.41,45.780,0.1910,0.0078,0.0057,0.0225,-0.0134,-0.0089,-0.0140,2.6126,-5.081,3.293,0.1910,34380.2,63451.6,0.00209788,0.1910,0.0078,-5.188,3.387,2.6124,-0.0089,-0.0140,nan,nan
201.51,45.820,0.1911,0.0070,0.0056,0.0250,-0.0140,-0.0089,-0.0140,2.6127,-5.086,3.296,0.1910,34477.7,63678.4,0.00237469,0.1911,0.0070,-5.193,3.390,2.6126,-0.0089,-0.0140,nan,nan
201.61,45.840,0.1911,0.0070,0.0056,0.0222,-0.0142,-0.0089,-0.0140,2.6129,-5.090,3.299,0.1910,34608,63981.7,0.00237469,0.1911,0.0070,-5.199,3.394,2.6128,-0.0089,-0.0140,nan,nan
201.71,45.860,0.1911,0.0070,0.0056,0.0222,-0.0142,-0.0089,-0.0140,2.6130,-5.095,3.301,0.1909,34706,64210,0.00209788,0.1911,0.0070,-5.204,3.397,2.6130,-0.0089,-0.0140,nan,nan
201.81,45.900,0.1911,0.0070,0.0056,0.0222,-0.0142,-0.0090,-0.0140,2.6132,-5.100,3.304,0.1910,34804.2,64439,0.00237469,0.1912,0.0063,-5.209,3.400,2.6131,-0.0089,-0.0140,nan,nan
201.91,45.920,0.1912,0.0063,0.0050,0.0227,-0.0135,-0.0090,-0.0140,2.6133,-5.104,3.307,0.1910,34935.4,64745.2,0.00237469,0.1912,0.0063,-5.216,3.404,2.6133,-0.0090,-0.0140,nan,nan
202.01,45.960,0.1912,0.0063,0.0050,0.0227,-0.0135,-0.0090,-0.0140,2.6135,-5.109,3.309,0.1910,34935.4,64745.2,0.00237469,0.1912,0.0063,-5.216,3.404,2.6133,-0.0090,-0.0140,nan,nan
202.11,45.980,0.1912,0.0063,0.0050,0.0227,-0.0135,-0.0090,-0.0140,2.6136,-5.113,3.312,0.1910,35034.1,64975.7,0.00209788,0.1912,0.0063,-5.221,3.407,2.6135,-0.0090,-0.0140,nan,nan
202.21,46.000,0.1912,0.0063,0.0044,0.0227,-0.0137,-0.0090,-0.0140,2.6137,-5.117,3.314,0.1911,35133,65206.8,0.00237469,0.1913,0.0055,-5.226,3.410,2.6136,-0.0090,-0.0140,nan,nan
202.31,46.040,0.1913,0.0055,0.0044,0.0227,-0.0137,-0.0090,-0.0140,2.6139,-5.122,3.317,0.1911,35265.1,65516,0.00237469,0.1913,0.0055,-5.232,3.413,2.6138,-0.0090,-0.0140,nan,nan
202.41,46.060,0.1913,0.0055,0.0044,0.0227,-0.0137,-0.0090,-0.0140,2.6140,-5.127,3.320,0.1911,35364.5,65748.7,0.00209788,0.1913,0.0055,-5.237,3.416,2.6139,-0.0090,-0.0140,nan,nan
202.51,46.080,0.1913,0.0055,0.0044,0.0227,-0.0137,-0.0090,-0.0140,2.6141,-5.132,3.323,0.1911,35464.1,65982,0.00237469,0.1914,0.0049,-5.242,3.419,2.6141,-0.0090,-0.0140,nan,nan
202.61,46.120,0.1914,0.0049,0.0039,0.0227,-0.0138,-0.0090,-0.0140,2.6142,-5.136,3.325,0.1912,35464.1,65982,0.00237469,0.1914,0.0049,-5.242,3.419,2.6141,-0.0090,-0.0140,nan,nan
202.71,46.140,0.1914,0.0049,0.0039,0.0227,-0.0138,-0.0090,-0.0140,2.6143,-5.141,3.328,0.1912,35597.2,66294.1,0.00237469,0.1914,0.0049,-5.249,3.423,2.6142,-0.0090,-0.0140,nan,nan
202.81,46.180,0.1914,0.0049,0.0039,0.0227,-0.0138,-0.0090,-0.0140,2.6144,-5.146,3.331,0.1912,35697.3,66529,0.00209788,0.1914,0.0049,-5.254,3.426,2.6144,-0.0090,-0.0140,nan,nan
202.91,46.200,0.1914,0.0049,0.0035,0.0227,-0.0139,-0.0090,-0.0140,2.6146,-5.151,3.334,0.1913,35797.6,66764.5,0.00237469,0.1915,0.0044,-5.259,3.429,2.6145,-0.0090,-0.0140,nan,nan
203.01,46.240,0.1915,0.0044,0.0035,0.0227,-0.0139,-0.0090,-0.0140,2.6147,-5.155,3.337,0.1913,35931.6,67079.6,0.00237469,0.1915,0.0044,-5.265,3.433,2.6146,-0.0090,-0.0140,nan,nan
203.11,46.260,0.1915,0.0044,0.0035,0.0227,-0.0139,-0.0090,-0.0140,2.6147,-5.160,3.339,0.1913,36032.4,67316.6,0.00209788,0.1915,0.0044,-5.270,3.436,2.6147,-0.0090,-0.0140,nan,nan
203.21,46.300,0.1915,0.0044,0.0035,0.0227,-0.0139,-0.0090,-0.0140,2.6149,-5.165,3.342,0.1914,36133.5,67554.4,0.00237469,0.1915,0.0039,-5.275,3.439,2.6148,-0.0090,-0.0140,nan,nan
203.31,46.320,0.1915,0.0039,0.0031,0.0227,-0.0139,-0.0090,-0.0140,2.6149,-5.170,3.345,0.1914,36133.5,67554.4,0.00237469,0.1915,0.0039,-5.275,3.439,2.6148,-0.0090,-0.0140,nan,nan
203.41,46.360,0.1915,0.0039,0.0031,0.0227,-0.0139,-0.0090,-0.0140,2.6150,-5.175,3.348,0.1914,36268.5,67872.4,0.00237469,0.1915,0.0039,-5.282,3.442,2.6149,-0.0090,-0.0140,nan,nan
203.51,46.380,0.1915,0.0039,0.0031,0.0227,-0.0140,-0.0090,-0.0140,2.6151,-5.180,3.351,0.1914,36370.1,68111.7,0.00209788,0.1915,0.0039,-5.287,3.445,2.6150,-0.0090,-0.0140,nan,nan
203.61,46.400,0.1915,0.0039,0.0027,0.0227,-0.0140,-0.0090,-0.0140,2.6152,-5.184,3.353,0.1915,36471.8,68351.6,0.00237469,0.1916,0.0034,-5.292,3.448,2.6151,-0.0090,-0.0140,nan,nan
203.71,46.440,0.1916,0.0034,0.0027,0.0227,-0.0140,-0.0090,-0.0140,2.6153,-5.189,3.356,0.1915,36607.9,68672.6,0.00237469,0.1916,0.0034,-5.298,3.452,2.6152,-0.0090,-0.0140,nan,nan
203.81,46.460,0.1916,0.0034,0.0027,0.0227,-0.0140,-0.0090,-0.0140,2.6154,-5.193,3.359,0.1915,36710.1,68914.1,0.00209788,0.1916,0.0034,-5.303,3.455,2.6153,-0.0090,-0.0140,nan,nan
203.91,46.480,0.1916,0.0034,0.0027,0.0227,-0.0140,-0.0090,-0.0140,2.6154,-5.198,3.361,0.1915,36812.7,69156.3,0.00237469,0.1916,0.0030,-5.308,3.458,2.6154,-0.0090,-0.0140,nan,nan
204.01,46.520,0.1916,0.0030,0.0024,0.0227,-0.0141,-0.0090,-0.0140,2.6155,-5.202,3.364,0.1915,36812.7,69156.3,0.00237469,0.1916,0.0030,-5.308,3.458,2.6154,-0.0090,-0.0140,nan,nan
204.11,46.540,0.1916,0.0030,0.0024,0.0227,-0.0141,-0.0090,-0.0140,2.6155,-5.206,3.366,0.1915,36949.7,69480.2,0.00237469,0.1916,0.0030,-5.315,3.462,2.6155,-0.0090,-0.0140,nan,nan
204.21,46.560,0.1916,0.0030,0.0024,0.0227,-0.0141,-0.0090,-0.0140,2.6156,-5.210,3.369,0.1915,37052.7,69724,0.00209788,0.1916,0.0030,-5.320,3.464,2.6156,-0.0090,-0.0140,nan,nan
204.31,46.580,0.1916,0.0030,0.0024,0.0227,-0.0141,-0.0090,-0.0140,2.6157,-5.214,3.371,0.1915,37156,69968.4,0.00237469,0.1917,0.0027,-5.325,3.467,2.6156,-0.0090,-0.0140,nan,nan
204.41,46.620,0.1917,0.0027,0.0021,0.0227,-0.0141,-0.0090,-0.0140,2.6157,-5.218,3.373,0.1916,37156,69968.4,0.00237469,0.1917,0.0027,-5.325,3.467,2.6156,-0.0090,-0.0140,nan,nan
204.51,46.640,0.1917,0.0027,0.0021,0.0227,-0.0141,-0.0090,-0.0140,2.6158,-5.223,3.376,0.1916,37294.1,70295.4,0.00237469,0.1917,0.0027,-5.331,3.471,2.6157,-0.0090,-0.0140,nan,nan
204.61,46.660,0.1917,0.0027,0.0021,0.0227,-0.0141,-0.0090,-0.0140,2.6158,-5.227,3.379,0.1916,37397.9,70541.4,0.00209788,0.1917,0.0027,-5.336,3.474,2.6158,-0.0090,-0.0140,nan,nan
204.71,46.700,0.1917,0.0027,0.0021,0.0227,-0.0141,-0.0090,-0.0140,2.6159,-5.232,3.381,0.1916,37501.9,70788.1,0.00237469,0.1917,0.0024,-5.341,3.477,2.6159,-0.0090,-0.0140,nan,nan
204.81,46.720,0.1917,0.0024,0.0019,0.0227,-0.0142,-0.0090,-0.0140,2.6159,-5.236,3.384,0.1916,37501.9,70788.1,0.00237469,0.1917,0.0024,-5.341,3.477,2.6159,-0.0090,-0.0140,nan,nan
204.91,46.760,0.1917,0.0024,0.0019,0.0227,-0.0142,-0.0090,-0.0140,2.6160,-5.241,3.387,0.1916,37641,71118,0.00237469,0.1917,0.0024,-5.348,3.481,2.6159,-0.0090,-0.0140,nan,nan
205.01,46.780,0.1917,0.0024,0.0019,0.0227,-0.0142,-0.0090,-0.0140,2.6161,-5.246,3.390,0.1916,37745.6,71366.3,0.00209788,0.1917,0.0024,-5.353,3.484,2.6160,-0.0090,-0.0140,nan,nan
205.11,46.820,0.1917,0.0021,0.0017,0.0227,-0.0142,-0.0090,-0.0140,2.6161,-5.251,3.392,0.1917,37850.4,71615.2,0.00237469,0.1917,0.0021,-5.358,3.487,2.6161,-0.0090,-0.0140,nan,nan
205.21,46.840,0.1917,0.0021,0.0017,0.0227,-0.0142,-0.0090,-0.0140,2.6161,-5.255,3.395,0.1917,37990.6,71948.2,0.00237469,0.1917,0.0021,-5.365,3.490,2.6161,-0.0090,-0.0140,nan,nan
205.31,46.860,0.1917,0.0021,0.0017,0.0227,-0.0142,-0.0090,-0.0140,2.6162,-5.260,3.398,0.1917,38095.9,72198.8,0.00209788,0.1917,0.0021,-5.370,3.493,2.6162,-0.0090,-0.0140,nan,nan
205.41,46.900,0.1917,0.0021,0.0017,0.0227,-0.0142,-0.0090,-0.0140,2.6162,-5.264,3.400,0.1917,38201.5,72450,0.00237469,0.1918,0.0019,-5.375,3.496,2.6162,-0.0090,-0.0140,nan,nan
205.51,46.920,0.1918,0.0019,0.0015,0.0225,-0.0145,-0.0090,-0.0140,2.6163,-5.269,3.403,0.1917,38201.5,72450,0.00237469,0.1918,0.0019,-5.375,3.496,2.6162,-0.0090,-0.0140,nan,nan
205.61,46.940,0.1918,0.0019,0.0010,0.0218,-0.0145,-0.0090,-0.0140,2.6163,-5.273,3.405,0.1917,38342.7,72786,0.00237469,0.1918,0.0019,-5.381,3.500,2.6163,-0.0090,-0.0140,nan,nan
205.71,46.980,0.1918,0.0019,0.0014,0.0226,-0.0145,-0.0090,-0.0140,2.6164,-5.278,3.408,0.1917,38448.9,73038.9,0.00209788,0.1918,0.0019,-5.386,3.503,2.6163,-0.0090,-0.0140,nan,nan
205.81,47.000,0.1918,0.0019,0.0014,0.0226,-0.0145,-0.0090,-0.0140,2.6164,-5.282,3.410,0.1917,38555.3,73292.4,0.00237469,0.1918,0.0017,-5.391,3.506,2.6164,-0.0090,-0.0140,nan,nan
205.91,47.020,0.1918,0.0017,0.0012,0.0226,-0.0145,-0.0090,-0.0140,2.6164,-5.286,3.413,0.1917,38697.5,73631.5,0.00237469,0.1918,0.0017,-5.398,3.510,2.6164,-0.0090,-0.0140,nan,nan
206.01,47.060,0.1918,0.0017,0.0012,0.0226,-0.0145,-0.0090,-0.0140,2.6165,-5.291,3.416,0.1917,38697.5,73631.5,0.00237469,0.1918,0.0017,-5.398,3.510,2.6164,-0.0090,-0.0140,nan,nan
206.11,47.080,0.1918,0.0017,0.0012,0.0226,-0.0145,-0.0090,-0.0140,2.6165,-5.296,3.418,0.1917,38804.5,73886.6,0.00209788,0.1918,0.0017,-5.403,3.513,2.6165,-0.0090,-0.0140,nan,nan
206.21,47.120,0.1918,0.0015,0.0011,0.0226,-0.0145,-0.0090,-0.0140,2.6165,-5.301,3.421,0.1917,38911.7,74142.4,0.00237469,0.1918,0.0015,-5.408,3.515,2.6165,-0.0090,-0.0140,nan,nan
206.31,47.140,0.1918,0.0015,0.0011,0.0226,-0.0145,-0.0090,-0.0140,2.6165,-5.305,3.424,0.1917,39055,74484.6,0.00237469,0.1918,0.0015,-5.414,3.519,2.6165,-0.0090,-0.0140,nan,nan
206.41,47.160,0.1918,0.0015,0.0011,0.0226,-0.0145,-0.0090,-0.0140,2.6166,-5.310,3.426,0.1917,39162.7,74742,0.00209788,0.1918,0.0015,-5.419,3.522,2.6166,-0.0090,-0.0140,nan,nan
206.51,47.200,0.1918,0.0015,0.0011,0.0226,-0.0145,-0.0090,-0.0140,2.6166,-5.314,3.429,0.1917,39270.8,75000.1,0.00237469,0.1918,0.0014,-5.424,3.525,2.6166,-0.0090,-0.0140,nan,nan
206.61,47.220,0.1918,0.0014,0.0010,0.0227,-0.0144,-0.0090,-0.0140,2.6166,-5.318,3.431,0.1918,39270.8,75000.1,0.00237469,0.1918,0.0014,-5.424,3.525,2.6166,-0.0090,-0.0140,nan,nan
206.71,47.240,0.1918,0.0014,0.0010,0.0227,-0.0144,-0.0090,-0.0140,2.6167,-5.322,3.434,0.1918,39415.2,75345.4,0.00237469,0.1918,0.0014,-5.431,3.529,2.6166,-0.0090,-0.0140,nan,nan
206.81,47.260,0.1918,0.0014,0.0009,0.0227,-0.0144,-0.0090,-0.0140,2.6167,-5.327,3.436,0.1918,39523.7,75605.1,0.00209788,0.1918,0.0014,-5.436,3.532,2.6167,-0.0090,-0.0140,nan,nan
206.91,47.300,0.1918,0.0014,0.0009,0.0227,-0.0144,-0.0090,-0.0140,2.6167,-5.332,3.439,0.1918,39632.6,75865.6,0.00237469,0.1919,0.0012,-5.441,3.535,2.6167,-0.0090,-0.0140,nan,nan
207.01,47.320,0.1919,0.0012,0.0008,0.0227,-0.0144,-0.0090,-0.0140,2.6167,-5.336,3.442,0.1918,39778.1,76214,0.00237469,0.1919,0.0012,-5.448,3.539,2.6167,-0.0090,-0.0140,nan,nan
207.11,47.360,0.1919,0.0012,0.0008,0.0227,-0.0144,-0.0090,-0.0140,2.6168,-5.341,3.445,0.1918,39778.1,76214,0.00237469,0.1919,0.0012,-5.448,3.539,2.6167,-0.0090,-0.0140,nan,nan
207.21,47.380,0.1919,0.0012,0.0008,0.0227,-0.0144,-0.0090,-0.0140,2.6168,-5.346,3.447,0.1918,39887.5,76476.1,0.00209788,0.1919,0.0012,-5.453,3.541,2.6167,-0.0090,-0.0140,nan,nan
207.31,47.400,0.1919,0.0012,0.0007,0.0227,-0.0144,-0.0090,-0.0140,2.6168,-5.350,3.450,0.1918,39997.1,76738.9,0.00237469,0.1919,0.0011,-5.458,3.544,2.6168,-0.0090,-0.0140,nan,nan
207.41,47.440,0.1919,0.0011,0.0007,0.0227,-0.0144,-0.0090,-0.0140,2.6168,-5.354,3.452,0.1918,40143.7,77090.4,0.00237469,0.1919,0.0011,-5.464,3.548,2.6168,-0.0090,-0.0140,nan,nan
207.51,47.460,0.1919,0.0011,0.0007,0.0227,-0.0144,-0.0090,-0.0140,2.6168,-5.358,3.454,0.1918,40253.9,77354.8,0.00209788,0.1919,0.0011,-5.469,3.551,2.6168,-0.0090,-0.0140,nan,nan
207.61,47.480,0.1919,0.0011,0.0007,0.0227,-0.0144,-0.0090,-0.0140,2.6168,-5.362,3.457,0.1918,40253.9,77354.8,0.00209788,0.1919,0.0011,-5.469,3.551,2.6168,-0.0090,-0.0140,nan,nan
207.71,47.500,0.1919,0.0011,0.0006,0.0227,-0.0145,-0.0090,-0.0140,2.6169,-5.366,3.459,0.1918,40364.4,77620,0.00237469,0.1919,0.0010,-5.474,3.554,2.6168,-0.0090,-0.0140,nan,nan
207.81,47.540,0.1919,0.0010,0.0006,0.0227,-0.0145,-0.0090,-0.0140,2.6169,-5.371,3.462,0.1918,40512.1,77974.6,0.00237469,0.1919,0.0010,-5.481,3.558,2.6169,-0.0090,-0.0140,nan,nan
207.91,47.560,0.1919,0.0010,0.0006,0.0227,-0.0145,-0.0090,-0.0140,2.6169,-5.376,3.465,0.1918,40623.2,78241.4,0.00209788,0.1919,0.0010,-5.486,3.561,2.6169,-0.0090,-0.0140,nan,nan
208.01,47.600,0.1919,0.0010,0.0006,0.0227,-0.0145,-0.0090,-0.0140,2.6169,-5.380,3.467,0.1918,40734.5,78508.9,0.00237469,0.1919,0.0009,-5.491,3.564,2.6169,-0.0090,-0.0140,nan,nan
208.11,47.620,0.1919,0.0009,0.0006,0.0227,-0.0145,-0.0090,-0.0140,2.6169,-5.385,3.470,0.1918,40734.5,78508.9,0.00237469,0.1919,0.0009,-5.491,3.564,2.6169,-0.0090,-0.0140,nan,nan
208.21,47.640,0.1919,0.0009,0.0006,0.0227,-0.0145,-0.0090,-0.0140,2.6170,-5.389,3.473,0.1918,40883.3,78866.7,0.00237469,0.1919,0.0009,-5.497,3.567,2.6169,-0.0090,-0.0140,nan,nan
208.31,47.680,0.1919,0.0009,0.0006,0.0227,-0.0145,-0.0090,-0.0140,2.6170,-5.394,3.475,0.1918,40995.3,79135.9,0.00209788,0.1919,0.0009,-5.502,3.570,2.6170,-0.0090,-0.0140,nan,nan
208.41,47.700,0.1919,0.0009,0.0006,0.0227,-0.0145,-0.0090,-0.0140,2.6170,-5.398,3.478,0.1919,41107.4,79405.8,0.00237469,0.1919,0.0008,-5.507,3.573,2.6170,-0.0090,-0.0140,nan,nan
208.51,47.720,0.1919,0.0008,0.0006,0.0227,-0.0145,-0.0090,-0.0140,2.6170,-5.403,3.480,0.1919,41257.4,79766.8,0.00237469,0.1919,0.0008,-5.514,3.577,2.6170,-0.0090,-0.0140,nan,nan
208.61,47.760,0.1919,0.0008,0.0006,0.0227,-0.0145,-0.0090,-0.0140,2.6170,-5.408,3.483,0.1919,41370.1,80038.4,0.00209788,0.1919,0.0008,-5.519,3.580,2.6170,-0.0090,-0.0140,nan,nan
208.71,47.780,0.1919,0.0008,0.0006,0.0227,-0.0145,-0.0090,-0.0140,2.6170,-5.412,3.486,0.1919,41370.1,80038.4,0.00209788,0.1919,0.0008,-5.519,3.580,2.6170,-0.0090,-0.0140,nan,nan
208.81,47.800,0.1919,0.0008,0.0005,0.0227,-0.0145,-0.0090,-0.0140,2.6170,-5.416,3.488,0.1919,41483.1,80310.7,0.00237469,0.1919,0.0008,-5.524,3.583,2.6170,-0.0090,-0.0140,nan,nan
208.91,47.840,0.1919,0.0008,0.0005,0.0227,-0.0145,-0.0090,-0.0140,2.6171,-5.421,3.491,0.1919,41634.2,80674.9,0.00237469,0.1919,0.0008,-5.531,3.587,2.6170,-0.0090,-0.0140,nan,nan
209.01,47.860,0.1919,0.0008,0.0005,0.0227,-0.0145,-0.0090,-0.0140,2.6171,-5.425,3.493,0.1919,41747.8,80948.9,0.00209788,0.1919,0.0008,-5.536,3.589,2.6171,-0.0090,-0.0140,nan,nan
209.11,47.880,0.1919,0.0008,0.0005,0.0227,-0.0145,-0.0090,-0.0140,2.6171,-5.429,3.496,0.1919,41747.8,80948.9,0.00209788,0.1919,0.0008,-5.536,3.589,2.6171,-0.0090,-0.0140,nan,nan
209.21,47.900,0.1919,0.0008,0.0005,0.0227,-0.0145,-0.0090,-0.0140,2.6171,-5.433,3.498,0.1919,41861.7,81223.7,0.00237469,0.1919,0.0007,-5.541,3.592,2.6171,-0.0090,-0.0140,nan,nan
209.31,47.940,0.1919,0.0007,0.0005,0.0227,-0.0145,-0.0090,-0.0140,2.6171,-5.438,3.501,0.1919,42013.9,81591.1,0.00237469,0.1919,0.0007,-5.547,3.596,2.6171,-0.0090,-0.0140,nan,nan
209.41,47.960,0.1919,0.0007,0.0005,0.0227,-0.0145,-0.0090,-0.0140,2.6171,-5.442,3.503,0.1919,42128.4,81867.5,0.00209788,0.1919,0.0007,-5.552,3.599,2.6171,-0.0090,-0.0140,nan,nan
209.51,48.000,0.1919,0.0007,0.0005,0.0112,-0.0034,-0.0090,-0.0140,2.6171,-5.447,3.506,0.1900,42243.1,82144.7,0.00237469,0.1608,0.2553,-5.557,3.602,2.6171,-0.0090,-0.0140,nan,nan
209.61,48.020,0.1795,0.0162,0.0210,-0.7252,0.0850,-0.0090,-0.0140,2.6175,-5.451,3.508,0.1688,42243.1,82144.7,0.00237469,0.1608,0.2553,-5.557,3.602,2.6171,-0.0090,-0.0140,nan,nan
209.71,48.060,0.1608,0.0562,0.0414,0.0280,-0.0146,-0.0090,-0.0140,2.6184,-5.456,3.511,0.1627,42396.5,82515.3,0.00237469,0.1608,0.2553,-5.564,3.606,2.6174,-0.0090,-0.0140,nan,nan
209.81,48.080,0.1608,0.0762,0.0548,0.0132,-0.0008,-0.0090,-0.0140,2.6199,-5.460,3.513,0.1626,42511.7,82794.3,0.00209788,0.1608,0.2553,-5.568,3.608,2.6183,-0.0090,-0.0140,nan,nan
209.91,48.100,0.1608,0.0962,0.0746,0.0141,-0.0096,-0.0091,-0.0141,2.6219,-5.464,3.515,0.1625,42627,83074.1,0.00237469,0.1607,0.2559,-5.572,3.611,2.6198,-0.0091,-0.0141,nan,nan
210.01,48.140,0.1607,0.1362,0.0945,0.0129,-0.0085,-0.0091,-0.0140,2.6245,-5.468,3.517,0.1623,42780.6,83448.8,0.00237469,0.1607,0.2559,-5.578,3.614,2.6228,-0.0091,-0.0140,nan,nan
210.11,48.160,0.1607,0.1562,0.1143,0.0116,-0.0073,-0.0092,-0.0140,2.6277,-5.472,3.520,0.1619,42895.5,83731.2,0.00209788,0.1607,0.2559,-5.582,3.616,2.6257,-0.0091,-0.0140,nan,nan
210.21,48.200,0.1607,0.1962,0.1340,0.0106,-0.0059,-0.0092,-0.0140,2.6313,-5.476,3.522,0.1625,43010,84014.8,0.00237469,0.1618,0.2468,-5.586,3.619,2.6293,-0.0092,-0.0140,nan,nan
210.31,48.220,0.1618,0.2162,0.1534,0.0094,-0.0044,-0.0093,-0.0140,2.6357,-5.481,3.524,0.1621,43161.9,84395.1,0.00237469,0.1618,0.2468,-5.592,3.622,2.6349,-0.0093,-0.0140,nan,nan
210.41,48.260,0.1618,0.2468,0.1636,0.0139,-0.0027,-0.0093,-0.0140,2.6401,-5.484,3.526,0.1618,43161.9,84395.1,0.00237469,0.1618,0.2468,-5.592,3.622,2.6349,-0.0093,-0.0140,nan,nan
210.51,48.280,0.1618,0.2468,0.1633,0.0141,-0.0023,-0.0094,-0.0140,2.6445,-5.488,3.528,0.1616,43275,84682,0.00209788,0.1618,0.2468,-5.596,3.624,2.6398,-0.0094,-0.0140,nan,nan
210.61,48.300,0.1618,0.2468,0.1560,0.0196,-0.0015,-0.0094,-0.0139,2.6485,-5.492,3.530,0.1632,43387.4,84970.5,0.00237469,0.1642,0.2276,-5.600,3.626,2.6448,-0.0094,-0.0139,nan,nan
210.71,48.320,0.1642,0.2313,0.1497,0.0153,-0.0021,-0.0095,-0.0139,2.6522,-5.495,3.532,0.1630,43536,85357.5,0.00237469,0.1642,0.2276,-5.606,3.629,2.6512,-0.0095,-0.0139,nan,nan
210.81,48.360,0.1642,0.2276,0.1493,0.0156,-0.0016,-0.0095,-0.0139,2.6563,-5.499,3.534,0.1628,43536,85357.5,0.00237469,0.1642,0.2276,-5.606,3.629,2.6512,-0.0095,-0.0139,nan,nan
210.91,48.380,0.1642,0.2276,0.1490,0.0159,-0.0013,-0.0096,-0.0139,2.6599,-5.503,3.536,0.1627,43646.6,85649.5,0.00209788,0.1642,0.2276,-5.610,3.632,2.6557,-0.0096,-0.0139,nan,nan
211.01,48.400,0.1642,0.2276,0.1419,0.0111,0.0035,-0.0096,-0.0139,2.6632,-5.506,3.538,0.1645,43756.6,85942.9,0.00237469,0.1669,0.2056,-5.615,3.634,2.6602,-0.0096,-0.0139,nan,nan
211.11,48.420,0.1669,0.2121,0.1341,0.0231,-0.0060,-0.0097,-0.0138,2.6662,-5.509,3.539,0.1645,43902.1,86336.5,0.00237469,0.1669,0.2056,-5.621,3.637,2.6659,-0.0097,-0.0138,nan,nan
211.21,48.440,0.1669,0.2056,0.1336,0.0085,0.0019,-0.0097,-0.0138,2.6693,-5.513,3.541,0.1645,43902.1,86336.5,0.00237469,0.1669,0.2056,-5.621,3.637,2.6659,-0.0097,-0.0138,nan,nan
211.31,48.480,0.1669,0.2056,0.1332,0.0088,0.0022,-0.0098,-0.0138,2.6732,-5.517,3.543,0.1642,44010.4,86633.3,0.00209788,0.1669,0.2056,-5.625,3.639,2.6699,-0.0097,-0.0138,nan,nan
211.41,48.500,0.1669,0.2056,0.1269,0.0231,0.0021,-0.0098,-0.0138,2.6768,-5.521,3.546,0.1675,44118.2,86931.5,0.00237469,0.1693,0.1860,-5.629,3.642,2.6739,-0.0098,-0.0138,nan,nan
211.51,48.540,0.1693,0.1860,0.1203,0.0180,0.0001,-0.0099,-0.0138,2.6802,-5.525,3.548,0.1674,44260.9,87331.3,0.00237469,0.1693,0.1860,-5.635,3.645,2.6789,-0.0099,-0.0138,nan,nan
211.61,48.560,0.1693,0.1860,0.1200,0.0172,-0.0008,-0.0099,-0.0138,2.6834,-5.529,3.550,0.1672,44367.3,87632.8,0.00209788,0.1693,0.1860,-5.640,3.647,2.6826,-0.0099,-0.0138,nan,nan
211.71,48.580,0.1693,0.1860,0.1197,0.0176,-0.0027,-0.0100,-0.0138,2.6866,-5.533,3.552,0.1671,44367.3,87632.8,0.00209788,0.1693,0.1860,-5.640,3.647,2.6826,-0.0099,-0.0138,nan,nan
211.81,48.620,0.1714,0.1710,0.1081,0.0098,0.0027,-0.0099,-0.0137,2.6895,-5.537,3.554,0.1694,44473.1,87935.5,0.00237469,0.1714,0.1686,-5.645,3.649,2.6861,-0.0099,-0.0137,nan,nan
211.91,48.640,0.1714,0.1686,0.1080,0.0098,0.0029,-0.0099,-0.0135,2.6924,-5.541,3.556,0.1692,44613.4,88341.3,0.00237469,0.1714,0.1686,-5.651,3.652,2.6907,-0.0099,-0.0135,nan,nan
212.01,48.660,0.1714,0.1686,0.1078,0.0098,0.0032,-0.0099,-0.0134,2.6953,-5.545,3.558,0.1690,44718,88647.1,0.00209788,0.1714,0.1686,-5.655,3.654,2.6939,-0.0099,-0.0134,nan,nan
212.11,48.680,0.1714,0.1686,0.1076,0.0098,0.0033,-0.0099,-0.0133,2.6979,-5.549,3.559,0.1689,44718,88647.1,0.00209788,0.1714,0.1686,-5.655,3.654,2.6939,-0.0099,-0.0133,nan,nan
212.21,48.720,0.1733,0.1543,0.0973,0.0102,0.0032,-0.0100,-0.0134,2.7004,-5.552,3.561,0.1699,44822.1,88954.3,0.00237469,0.1733,0.1530,-5.660,3.657,2.6971,-0.0100,-0.0134,nan,nan
212.31,48.740,0.1733,0.1530,0.0971,0.0105,0.0032,-0.0101,-0.0135,2.7030,-5.556,3.563,0.1697,44960.2,89365.8,0.00237469,0.1733,0.1530,-5.666,3.660,2.7012,-0.0101,-0.0135,nan,nan
212.41,48.760,0.1733,0.1530,0.1056,0.1828,0.0781,-0.0102,-0.0137,2.7054,-5.560,3.565,0.1719,45063.3,89675.9,0.00209788,0.1733,0.1530,-5.671,3.662,2.7041,-0.0102,-0.0137,nan,nan
212.51,48.800,0.1733,0.1530,0.0974,0.0108,0.0035,-0.0102,-0.0137,2.7080,-5.564,3.567,0.1728,45165.9,89987.2,0.00237469,0.1750,0.1390,-5.676,3.664,2.7071,-0.0102,-0.0137,nan,nan
212.61,48.820,0.1750,0.1396,0.0892,-0.5510,0.4948,-0.0102,-0.0136,2.7105,-5.569,3.569,0.1762,45165.9,89987.2,0.00237469,0.1750,0.1390,-5.676,3.664,2.7071,-0.0103,-0.0137,nan,nan
212.71,48.840,0.1750,0.1390,0.0887,0.0076,0.0019,-0.0101,-0.0134,2.7130,-5.573,3.571,0.1760,45302,90404.3,0.00237469,0.1750,0.1390,-5.682,3.667,2.7109,-0.0102,-0.0134,nan,nan
212.81,48.880,0.1750,0.1390,0.0885,0.0075,0.0022,-0.0101,-0.0132,2.7153,-5.577,3.573,0.1759,45403.7,90718.6,0.00209788,0.1750,0.1390,-5.687,3.669,2.7136,-0.0101,-0.0132,nan,nan
212.91,48.900,0.1750,0.1390,0.0884,0.0099,0.0027,-0.0101,-0.0131,2.7176,-5.582,3.575,0.1767,45504.9,91034.1,0.00237469,0.1766,0.1262,-5.691,3.671,2.7162,-0.0101,-0.0131,nan,nan
213.01,48.920,0.1766,0.1264,0.0799,0.0112,0.0040,-0.0101,-0.0132,2.7200,-5.586,3.577,0.1766,45639.3,91456.6,0.00237469,0.1766,0.1262,-5.698,3.674,2.7195,-0.0101,-0.0132,nan,nan
213.11,48.960,0.1766,0.1262,0.0798,0.0116,0.0041,-0.0102,-0.0133,2.7221,-5.591,3.579,0.1765,45639.3,91456.6,0.00237469,0.1766,0.1262,-5.698,3.674,2.7195,-0.0102,-0.0133,nan,nan
213.21,48.980,0.1766,0.1262,0.0797,0.0119,0.0041,-0.0103,-0.0134,2.7243,-5.595,3.581,0.1765,45739.7,91774.9,0.00209788,0.1766,0.1262,-5.703,3.676,2.7219,-0.0103,-0.0134,nan,nan
213.31,49.020,0.1780,0.1148,0.0811,0.7495,0.6397,-0.0105,-0.0137,2.7266,-5.600,3.583,0.1803,45839.8,92094.4,0.00237469,0.1780,0.1147,-5.708,3.679,2.7243,-0.0105,-0.0137,nan,nan
213.41,49.040,0.1780,0.1147,0.0727,0.0227,-0.0034,-0.0105,-0.0137,2.7288,-5.605,3.585,0.1803,45972.7,92522.2,0.00237469,0.1780,0.1147,-5.714,3.681,2.7274,-0.0105,-0.0137,nan,nan
213.51,49.060,0.1780,0.1147,0.0727,0.0228,-0.0034,-0.0105,-0.0137,2.7307,-5.609,3.587,0.1803,46072,92844.5,0.00209788,0.1780,0.1147,-5.719,3.684,2.7296,-0.0105,-0.0137,nan,nan
213.61,49.100,0.1780,0.1147,0.0854,-0.7356,0.1811,-0.0105,-0.0136,2.7326,-5.614,3.588,0.1795,46171,93167.9,0.00237469,0.1792,0.1044,-5.724,3.686,2.7317,-0.0105,-0.0137,nan,nan
213.71,49.120,0.1792,0.1044,0.0818,-0.4683,-1.0173,-0.0105,-0.0132,2.7347,-5.618,3.590,0.1735,46171,93167.9,0.00237469,0.1792,0.1044,-5.724,3.686,2.7317,-0.0105,-0.0134,nan,nan
213.81,49.140,0.1792,0.1044,0.0809,-1.1271,0.9301,-0.0106,-0.0128,2.7363,-5.621,3.592,0.1765,46302.5,93600.9,0.00237469,0.1792,0.1044,-5.730,3.688,2.7349,-0.0106,-0.0128,nan,nan
213.91,49.160,0.1792,0.1044,0.0759,0.0143,-0.0115,-0.0106,-0.0128,2.7384,-5.626,3.594,0.1763,46400.7,93927.1,0.00209788,0.1792,0.1044,-5.735,3.691,2.7371,-0.0106,-0.0128,nan,nan
214.01,49.200,0.1792,0.1044,0.0758,0.0143,-0.0115,-0.0107,-0.0128,2.7402,-5.630,3.596,0.1781,46498.6,94254.5,0.00237469,0.1805,0.0940,-5.740,3.693,2.7394,-0.0107,-0.0128,nan,nan
214.11,49.220,0.1805,0.0940,0.0682,0.0218,-0.0036,-0.0107,-0.0128,2.7420,-5.634,3.597,0.1791,46498.6,94254.5,0.00237469,0.1805,0.0940,-5.740,3.693,2.7394,-0.0107,-0.0128,nan,nan
214.21,49.240,0.1805,0.0940,0.0681,0.0217,-0.0037,-0.0107,-0.0127,2.7439,-5.638,3.599,0.1791,46628.7,94692.8,0.00237469,0.1805,0.0940,-5.747,3.696,2.7422,-0.0107,-0.0127,nan,nan
214.31,49.280,0.1805,0.0940,0.0680,0.0217,-0.0038,-0.0107,-0.0127,2.7458,-5.643,3.601,0.1791,46725.9,95022.9,0.00209788,0.1805,0.0940,-5.752,3.698,2.7442,-0.0107,-0.0127,nan,nan
214.41,49.300,0.1805,0.0940,0.0680,0.0217,-0.0039,-0.0107,-0.0127,2.7474,-5.647,3.603,0.1805,46822.8,95354.2,0.00237469,0.1817,0.0843,-5.757,3.700,2.7462,-0.0107,-0.0127,nan,nan
214.51,49.320,0.1817,0.0843,0.0608,0.0214,-0.0054,-0.0108,-0.0127,2.7491,-5.652,3.605,0.1805,46951.6,95797.6,0.00237469,0.1817,0.0843,-5.764,3.703,2.7488,-0.0108,-0.0127,nan,nan
214.61,49.360,0.1817,0.0843,0.0607,0.0214,-0.0054,-0.0108,-0.0127,2.7509,-5.657,3.607,0.1805,47047.9,96131.6,0.00209788,0.1817,0.0843,-5.769,3.705,2.7506,-0.0108,-0.0127,nan,nan
214.71,49.380,0.1817,0.0843,0.0606,0.0214,-0.0055,-0.0108,-0.0126,2.7527,-5.662,3.609,0.1806,47047.9,96131.6,0.00209788,0.1817,0.0843,-5.769,3.705,2.7506,-0.0108,-0.0126,nan,nan
214.81,49.420,0.1828,0.0755,0.0543,0.0212,-0.0068,-0.0108,-0.0126,2.7541,-5.666,3.611,0.1818,47144,96466.7,0.00237469,0.1828,0.0755,-5.774,3.707,2.7524,-0.0108,-0.0126,nan,nan
214.91,49.440,0.1828,0.0755,0.0542,0.0211,-0.0069,-0.0109,-0.0126,2.7557,-5.671,3.613,0.1818,47271.7,96915.2,0.00237469,0.1828,0.0755,-5.780,3.709,2.7547,-0.0109,-0.0126,nan,nan
215.01,49.460,0.1828,0.0755,0.0542,0.0211,-0.0069,-0.0109,-0.0126,2.7573,-5.676,3.615,0.1818,47367.3,97253,0.00209788,0.1828,0.0755,-5.785,3.712,2.7563,-0.0109,-0.0126,nan,nan
215.11,49.500,0.1828,0.0755,0.0541,0.0211,-0.0069,-0.0109,-0.0126,2.7586,-5.679,3.617,0.1828,47462.6,97591.8,0.00237469,0.1837,0.0677,-5.791,3.714,2.7579,-0.0109,-0.0126,nan,nan
215.21,49.520,0.1837,0.0677,0.0484,0.0209,-0.0081,-0.0109,-0.0126,2.7598,-5.684,3.618,0.1829,47462.6,97591.8,0.00237469,0.1837,0.0677,-5.791,3.714,2.7579,-0.0109,-0.0126,nan,nan
215.31,49.540,0.1837,0.0677,0.0484,0.0209,-0.0081,-0.0109,-0.0126,2.7610,-5.688,3.620,0.1829,47589.4,98045.4,0.00237469,0.1837,0.0677,-5.797,3.716,2.7600,-0.0109,-0.0126,nan,nan
215.41,49.580,0.1837,0.0677,0.0483,0.0209,-0.0081,-0.0109,-0.0125,2.7623,-5.693,3.622,0.1829,47684.3,98386.8,0.00209788,0.1837,0.0677,-5.802,3.718,2.7614,-0.0109,-0.0125,nan,nan
215.51,49.600,0.1837,0.0677,0.0483,0.0209,-0.0081,-0.0109,-0.0125,2.7635,-5.697,3.624,0.1838,47779.1,98729.4,0.00237469,0.1846,0.0608,-5.808,3.720,2.7628,-0.0109,-0.0125,nan,nan
215.61,49.620,0.1846,0.0608,0.0433,0.0207,-0.0091,-0.0110,-0.0125,2.7647,-5.701,3.626,0.1839,47779.1,98729.4,0.00237469,0.1846,0.0608,-5.808,3.720,2.7628,-0.0110,-0.0125,nan,nan
215.71,49.640,0.1846,0.0608,0.0432,0.0207,-0.0091,-0.0110,-0.0125,2.7658,-5.706,3.627,0.1839,47905.2,99187.8,0.00237469,0.1846,0.0608,-5.814,3.723,2.7646,-0.0110,-0.0125,nan,nan
215.81,49.680,0.1846,0.0608,0.0432,0.0207,-0.0091,-0.0110,-0.0125,2.7670,-5.710,3.629,0.1839,47999.6,99532.9,0.00209788,0.1846,0.0608,-5.820,3.725,2.7659,-0.0110,-0.0125,nan,nan
215.91,49.700,0.1846,0.0608,0.0387,0.0206,-0.0099,-0.0110,-0.0125,2.7680,-5.715,3.631,0.1847,48093.8,99879.1,0.00237469,0.1853,0.0546,-5.825,3.727,2.7672,-0.0110,-0.0125,nan,nan
216.01,49.720,0.1853,0.0546,0.0380,0.0159,0.0468,-0.0110,-0.0125,2.7690,-5.719,3.633,0.1847,48219.3,100342,0.00237469,0.1853,0.0546,-5.832,3.730,2.7688,-0.0110,-0.0125,nan,nan
216.11,49.760,0.1853,0.0546,0.0347,0.0173,-0.0119,-0.0110,-0.0125,2.7700,-5.724,3.635,0.1845,48219.3,100342,0.00237469,0.1853,0.0546,-5.832,3.730,2.7688,-0.0110,-0.0125,nan,nan
216.21,49.780,0.1853,0.0546,0.0355,0.0169,-0.0150,-0.0110,-0.0124,2.7709,-5.729,3.636,0.1842,48313.3,100691,0.00209788,0.1853,0.0546,-5.837,3.732,2.7699,-0.0110,-0.0124,nan,nan
216.31,49.800,0.1853,0.0546,0.0319,0.0172,-0.0153,-0.0111,-0.0124,2.7718,-5.733,3.638,0.1853,48407.2,101041,0.00237469,0.1860,0.0492,-5.842,3.734,2.7709,-0.0110,-0.0124,nan,nan
216.41,49.840,0.1860,0.0492,0.0267,-0.0181,0.0246,-0.0111,-0.0124,2.7725,-5.738,3.640,0.1843,48532.3,101509,0.00237469,0.1860,0.0492,-5.849,3.737,2.7722,-0.0111,-0.0124,nan,nan
216.51,49.860,0.1860,0.0492,0.0269,-0.0179,0.0239,-0.0111,-0.0124,2.7732,-5.742,3.642,0.1832,48626.1,101861,0.00209788,0.1860,0.0492,-5.854,3.739,2.7730,-0.0111,-0.0124,nan,nan
216.61,49.880,0.1860,0.0492,0.0271,-0.0205,0.0209,-0.0111,-0.0123,2.7739,-5.747,3.643,0.1822,48626.1,101861,0.00209788,0.1860,0.0492,-5.854,3.739,2.7730,-0.0111,-0.0123,nan,nan
216.71,49.920,0.1865,0.0451,0.0249,0.0137,-0.0167,-0.0111,-0.0124,2.7746,-5.751,3.645,0.1825,48719.9,102215,0.00237469,0.1865,0.0451,-5.859,3.741,2.7738,-0.0111,-0.0123,nan,nan
216.81,49.940,0.1865,0.0451,0.0249,0.0138,-0.0167,-0.0110,-0.0124,2.7753,-5.756,3.647,0.1826,48844.9,102687,0.00237469,0.1865,0.0451,-5.866,3.743,2.7748,-0.0110,-0.0124,nan,nan
216.91,49.960,0.1865,0.0451,0.0249,0.0201,-0.0133,-0.0110,-0.0124,2.7759,-5.761,3.648,0.1826,48938.6,103043,0.00209788,0.1865,0.0451,-5.871,3.745,2.7755,-0.0110,-0.0124,nan,nan
217.01,50.000,0.1865,0.0451,0.0249,0.0201,-0.0132,-0.0110,-0.0124,2.7766,-5.765,3.650,0.1833,49032.3,103400,0.00237469,0.1869,0.0418,-5.877,3.747,2.7763,-0.0110,-0.0124,nan,nan
217.11,50.020,0.1869,0.0418,0.0231,0.0201,-0.0136,-0.0110,-0.0124,2.7772,-5.770,3.652,0.1833,49032.3,103400,0.00237469,0.1869,0.0418,-5.877,3.747,2.7763,-0.0110,-0.0124,nan,nan
217.21,50.040,0.1869,0.0418,0.0231,0.0201,-0.0135,-0.0110,-0.0124,2.7778,-5.775,3.653,0.1833,49157.2,103877,0.00237469,0.1869,0.0418,-5.884,3.750,2.7772,-0.0110,-0.0124,nan,nan
217.31,50.080,0.1869,0.0418,0.0231,0.0201,-0.0135,-0.0110,-0.0124,2.7784,-5.779,3.655,0.1833,49250.9,104236,0.00209788,0.1869,0.0418,-5.889,3.752,2.7779,-0.0110,-0.0124,nan,nan
217.41,50.100,0.1869,0.0418,0.0214,0.0200,-0.0138,-0.0110,-0.0124,2.7790,-5.784,3.656,0.1840,49344.6,104597,0.00237469,0.1873,0.0387,-5.894,3.754,2.7786,-0.0110,-0.0124,nan,nan
217.51,50.120,0.1873,0.0387,0.0214,0.0200,-0.0138,-0.0110,-0.0123,2.7796,-5.789,3.658,0.1840,49469.5,105079,0.00237469,0.1873,0.0387,-5.901,3.757,2.7795,-0.0110,-0.0124,nan,nan
217.61,50.160,0.1873,0.0387,0.0214,0.0200,-0.0138,-0.0110,-0.0123,2.7802,-5.793,3.660,0.1840,49563.3,105441,0.00209788,0.1873,0.0387,-5.906,3.759,2.7801,-0.0110,-0.0123,nan,nan
217.71,50.180,0.1873,0.0387,0.0215,0.0200,-0.0138,-0.0110,-0.0123,2.7808,-5.798,3.662,0.1840,49563.3,105441,0.00209788,0.1873,0.0387,-5.906,3.759,2.7801,-0.0110,-0.0123,nan,nan
217.81,50.220,0.1876,0.0358,0.0199,0.0200,-0.0141,-0.0110,-0.0123,2.7814,-5.803,3.663,0.1846,49657,105805,0.00237469,0.1876,0.0358,-5.912,3.761,2.7808,-0.0110,-0.0123,nan,nan
217.91,50.240,0.1876,0.0358,0.0199,0.0200,-0.0141,-0.0110,-0.0123,2.7819,-5.808,3.665,0.1846,49782,106292,0.00237469,0.1876,0.0358,-5.919,3.763,2.7816,-0.0110,-0.0123,nan,nan
218.01,50.260,0.1876,0.0358,0.0199,0.0200,-0.0140,-0.0110,-0.0123,2.7824,-5.812,3.667,0.1846,49875.7,106658,0.00209788,0.1876,0.0358,-5.924,3.765,2.7822,-0.0110,-0.0123,nan,nan
218.11,50.300,0.1876,0.0358,0.0199,0.0200,-0.0140,-0.0110,-0.0123,2.7830,-5.817,3.668,0.1851,49969.5,107025,0.00237469,0.1880,0.0331,-5.929,3.767,2.7828,-0.0110,-0.0123,nan,nan
218.21,50.320,0.1880,0.0331,0.0184,0.0200,-0.0143,-0.0109,-0.0123,2.7835,-5.822,3.670,0.1851,49969.5,107025,0.00237469,0.1880,0.0331,-5.929,3.767,2.7828,-0.0109,-0.0123,nan,nan
218.31,50.360,0.1880,0.0331,0.0184,0.0199,-0.0143,-0.0109,-0.0123,2.7841,-5.827,3.672,0.1851,50094.5,107516,0.00237469,0.1880,0.0331,-5.936,3.770,2.7835,-0.0109,-0.0123,nan,nan
218.41,50.380,0.1880,0.0331,0.0184,0.0199,-0.0143,-0.0109,-0.0123,2.7846,-5.832,3.674,0.1851,50188.4,107886,0.00209788,0.1880,0.0331,-5.941,3.772,2.7841,-0.0109,-0.0123,nan,nan
218.51,50.400,0.1880,0.0331,0.0171,0.0199,-0.0145,-0.0109,-0.0123,2.7850,-5.836,3.675,0.1856,50282.2,108257,0.00237469,0.1883,0.0307,-5.947,3.774,2.7846,-0.0109,-0.0123,nan,nan
218.61,50.440,0.1883,0.0307,0.0171,0.0199,-0.0145,-0.0109,-0.0123,2.7855,-5.841,3.677,0.1856,50407.4,108752,0.00237469,0.1883,0.0307,-5.954,3.776,2.7853,-0.0109,-0.0123,nan,nan
218.71,50.460,0.1883,0.0307,0.0171,0.0199,-0.0145,-0.0109,-0.0123,2.7860,-5.846,3.679,0.1856,50501.4,109126,0.00209788,0.1883,0.0307,-5.959,3.778,2.7858,-0.0109,-0.0123,nan,nan
218.81,50.480,0.1883,0.0307,0.0171,0.0199,-0.0145,-0.0109,-0.0123,2.7865,-5.851,3.681,0.1856,50595.4,109500,0.00237469,0.1883,0.0307,-5.964,3.780,2.7863,-0.0109,-0.0123,nan,nan
218.91,50.520,0.1885,0.0284,0.0158,0.0199,-0.0147,-0.0109,-0.0123,2.7869,-5.856,3.682,0.1861,50595.4,109500,0.00237469,0.1885,0.0284,-5.964,3.780,2.7863,-0.0109,-0.0123,nan,nan
219.01,50.540,0.1885,0.0284,0.0158,0.0199,-0.0147,-0.0109,-0.0123,2.7874,-5.861,3.684,0.1861,50720.8,110000,0.00237469,0.1885,0.0284,-5.971,3.783,2.7870,-0.0109,-0.0123,nan,nan
219.11,50.580,0.1885,0.0284,0.0158,0.0199,-0.0146,-0.0109,-0.0123,2.7878,-5.866,3.686,0.1861,50814.8,110377,0.00209788,0.1885,0.0284,-5.977,3.785,2.7875,-0.0109,-0.0123,nan,nan
219.21,50.600,0.1885,0.0284,0.0158,0.0199,-0.0146,-0.0109,-0.0123,2.7881,-5.870,3.687,0.1866,50909,110755,0.00237469,0.1888,0.0263,-5.982,3.787,2.7879,-0.0109,-0.0123,nan,nan
219.31,50.620,0.1888,0.0263,0.0147,0.0199,-0.0148,-0.0109,-0.0122,2.7885,-5.873,3.689,0.1866,50909,110755,0.00237469,0.1888,0.0263,-5.982,3.787,2.7879,-0.0109,-0.0123,nan,nan
219.41,50.640,0.1888,0.0263,0.0147,0.0198,-0.0148,-0.0108,-0.0122,2.7888,-5.878,3.690,0.1866,51034.5,111260,0.00237469,0.1888,0.0263,-5.989,3.790,2.7885,-0.0108,-0.0122,nan,nan
219.51,50.660,0.1888,0.0263,0.0148,-0.0115,0.0137,-0.0108,-0.0122,2.7891,-5.882,3.692,0.1865,51128.8,111640,0.00209788,0.1888,0.0263,-5.994,3.791,2.7890,-0.0108,-0.0122,nan,nan
219.61,50.680,0.1888,0.0263,0.0148,0.0219,-0.0142,-0.0108,-0.0122,2.7895,-5.886,3.693,0.1865,51223.1,112021,0.00237469,0.1890,0.0243,-6.000,3.793,2.7894,-0.0108,-0.0122,nan,nan
219.71,50.720,0.1890,0.0243,0.0136,0.0190,-0.0159,-0.0108,-0.0122,2.7899,-5.891,3.695,0.1869,51223.1,112021,0.00237469,0.1890,0.0243,-6.000,3.793,2.7894,-0.0108,-0.0122,nan,nan
219.81,50.740,0.1890,0.0243,0.0136,0.0204,-0.0151,-0.0108,-0.0122,2.7903,-5.896,3.697,0.1870,51348.9,112531,0.00237469,0.1890,0.0243,-6.007,3.796,2.7900,-0.0108,-0.0122,nan,nan
219.91,50.780,0.1890,0.0243,0.0154,0.0383,-0.0665,-0.0110,-0.0122,2.7908,-5.902,3.699,0.1883,51443.4,112914,0.00209788,0.1890,0.0243,-6.012,3.798,2.7904,-0.0109,-0.0122,nan,nan
220.01,50.800,0.1890,0.0243,0.0126,0.0100,-0.0064,-0.0113,-0.0122,2.7912,-5.907,3.701,0.1890,51537.9,113299,0.00237469,0.1892,0.0225,-6.018,3.800,2.7908,-0.0113,-0.0122,nan,nan
220.11,50.840,0.1892,0.0225,0.0126,0.0097,-0.0063,-0.0113,-0.0122,2.7915,-5.911,3.702,0.1887,51663.9,113814,0.00237469,0.1892,0.0225,-6.025,3.803,2.7914,-0.0113,-0.0122,nan,nan
220.21,50.860,0.1892,0.0225,0.0126,0.0095,-0.0062,-0.0113,-0.0122,2.7918,-5.916,3.704,0.1885,51663.9,113814,0.00237469,0.1892,0.0225,-6.025,3.803,2.7914,-0.0113,-0.0122,nan,nan
220.31,50.880,0.1892,0.0225,0.0126,0.0093,-0.0060,-0.0113,-0.0122,2.7920,-5.919,3.705,0.1883,51758.6,114201,0.00209788,0.1892,0.0225,-6.030,3.804,2.7918,-0.0113,-0.0122,nan,nan
220.41,50.880,0.1892,0.0225,0.0126,0.0092,-0.0059,-0.0113,-0.0122,2.7922,-5.921,3.706,0.1882,51758.6,114201,0.00209788,0.1892,0.0225,-6.030,3.804,2.7918,-0.0113,-0.0122,nan,nan
220.51,50.900,0.1892,0.0225,0.0116,0.0088,-0.0058,-0.0113,-0.0122,2.7924,-5.925,3.707,0.1881,51853.3,114589,0.00237469,0.1895,0.0207,-6.035,3.806,2.7922,-0.0113,-0.0122,nan,nan
220.61,50.920,0.1895,0.0207,0.0116,0.0084,-0.0055,-0.0113,-0.0122,2.7927,-5.928,3.708,0.1879,51979.6,115108,0.00237469,0.1895,0.0207,-6.042,3.809,2.7926,-0.0113,-0.0122,nan,nan
220.71,50.940,0.1895,0.0207,0.0116,0.0082,-0.0053,-0.0113,-0.0122,2.7928,-5.930,3.709,0.1877,51979.6,115108,0.00237469,0.1895,0.0207,-6.042,3.809,2.7926,-0.0113,-0.0122,nan,nan
220.81,50.960,0.1895,0.0207,0.0116,0.0197,-0.0161,-0.0113,-0.0122,2.7930,-5.933,3.710,0.1877,51979.6,115108,0.00237469,0.1895,0.0207,-6.042,3.809,2.7926,-0.0113,-0.0122,nan,nan
220.91,50.980,0.1895,0.0207,0.0116,0.0197,-0.0161,-0.0113,-0.0122,2.7932,-5.936,3.711,0.1877,52074.5,115499,0.00209788,0.1895,0.0207,-6.048,3.811,2.7930,-0.0113,-0.0122,nan,nan
221.01,50.980,0.1895,0.0207,0.0116,0.0197,-0.0161,-0.0113,-0.0122,2.7934,-5.939,3.712,0.1877,52169.4,115891,0.00237469,0.1897,0.0191,-6.053,3.813,2.7933,-0.0113,-0.0122,nan,nan
221.11,51.020,0.1897,0.0191,0.0107,0.0197,-0.0163,-0.0113,-0.0122,2.7936,-5.943,3.714,0.1880,52169.4,115891,0.00237469,0.1897,0.0191,-6.053,3.813,2.7933,-0.0113,-0.0122,nan,nan
221.21,51.040,0.1897,0.0191,0.0107,0.0196,-0.0163,-0.0113,-0.0122,2.7939,-5.947,3.715,0.1880,52296.2,116415,0.00237469,0.1897,0.0191,-6.060,3.815,2.7938,-0.0113,-0.0122,nan,nan
221.31,51.060,0.1897,0.0191,0.0107,0.0233,-0.0196,-0.0113,-0.0122,2.7941,-5.951,3.716,0.1881,52296.2,116415,0.00237469,0.1897,0.0191,-6.060,3.815,2.7938,-0.0113,-0.0122,nan,nan
221.41,51.080,0.1897,0.0191,0.0107,0.0198,-0.0163,-0.0113,-0.0122,2.7944,-5.956,3.718,0.1895,52391.3,116809,0.00209788,0.1897,0.0191,-6.066,3.817,2.7941,-0.0113,-0.0122,nan,nan
221.51,51.100,0.1897,0.0191,0.0099,0.0198,-0.0165,-0.0113,-0.0122,2.7947,-5.960,3.720,0.1897,52486.5,117204,0.00237469,0.1898,0.0177,-6.071,3.819,2.7944,-0.0113,-0.0122,nan,nan
221.61,51.140,0.1898,0.0177,0.0104,0.0187,-0.0174,-0.0113,-0.0122,2.7949,-5.965,3.721,0.1898,52613.6,117733,0.00237469,0.1898,0.0177,-6.078,3.822,2.7948,-0.0113,-0.0122,nan,nan
221.71,51.160,0.1898,0.0177,0.0104,0.0187,-0.0174,-0.0113,-0.0122,2.7952,-5.969,3.723,0.1898,52709,118131,0.00209788,0.1898,0.0177,-6.083,3.824,2.7951,-0.0113,-0.0122,nan,nan
221.81,51.180,0.1898,0.0177,0.0106,0.0223,-0.0142,-0.0113,-0.0122,2.7955,-5.974,3.725,0.1900,52709,118131,0.00209788,0.1898,0.0177,-6.083,3.824,2.7951,-0.0113,-0.0122,nan,nan
221.91,51.200,0.1898,0.0177,0.0105,0.0187,-0.0174,-0.0113,-0.0122,2.7957,-5.978,3.726,0.1903,52804.5,118529,0.00237469,0.1900,0.0164,-6.089,3.826,2.7954,-0.0113,-0.0122,nan,nan
222.01,51.240,0.1900,0.0164,0.0104,0.0187,-0.0175,-0.0114,-0.0122,2.7960,-5.983,3.728,0.1903,52931.9,119063,0.00237469,0.1900,0.0164,-6.096,3.828,2.7959,-0.0114,-0.0122,nan,nan
222.11,51.260,0.1900,0.0164,0.0104,0.0187,-0.0175,-0.0114,-0.0122,2.7963,-5.988,3.730,0.1902,53027.6,119464,0.00209788,0.1900,0.0164,-6.101,3.830,2.7962,-0.0114,-0.0122,nan,nan
222.21,51.280,0.1900,0.0164,0.0104,0.0187,-0.0175,-0.0114,-0.0122,2.7965,-5.992,3.731,0.1902,53027.6,119464,0.00209788,0.1900,0.0164,-6.101,3.830,2.7962,-0.0114,-0.0122,nan,nan
222.31,51.300,0.1900,0.0164,0.0096,0.0197,-0.0165,-0.0114,-0.0122,2.7967,-5.996,3.733,0.1904,53123.4,119867,0.00237469,0.1902,0.0150,-6.107,3.832,2.7965,-0.0114,-0.0122,nan,nan
222.41,51.320,0.1902,0.0150,0.0096,0.0197,-0.0165,-0.0114,-0.0122,2.7969,-6.000,3.734,0.1904,53251.2,120405,0.00237469,0.1902,0.0150,-6.114,3.835,2.7969,-0.0114,-0.0122,nan,nan
222.51,51.360,0.1902,0.0150,0.0096,0.0197,-0.0166,-0.0114,-0.0122,2.7972,-6.004,3.735,0.1904,53251.2,120405,0.00237469,0.1902,0.0150,-6.114,3.835,2.7969,-0.0114,-0.0122,nan,nan
222.61,51.380,0.1902,0.0150,0.0096,0.0197,-0.0166,-0.0114,-0.0121,2.7974,-6.008,3.737,0.1904,53347.2,120810,0.00209788,0.1902,0.0150,-6.119,3.837,2.7972,-0.0114,-0.0121,nan,nan
222.71,51.400,0.1902,0.0150,0.0096,0.0197,-0.0166,-0.0114,-0.0121,2.7976,-6.012,3.738,0.1905,53443.3,121216,0.00237469,0.1903,0.0137,-6.125,3.839,2.7975,-0.0114,-0.0121,nan,nan
222.81,51.420,0.1903,0.0137,0.0088,0.0197,-0.0167,-0.0114,-0.0121,2.7978,-6.017,3.740,0.1905,53443.3,121216,0.00237469,0.1903,0.0137,-6.125,3.839,2.7975,-0.0114,-0.0121,nan,nan
222.91,51.440,0.1903,0.0137,0.0087,0.0197,-0.0167,-0.0114,-0.0121,2.7980,-6.020,3.741,0.1905,53571.5,121759,0.00237469,0.1903,0.0137,-6.132,3.841,2.7978,-0.0114,-0.0121,nan,nan
223.01,51.460,0.1903,0.0137,0.0087,0.0197,-0.0167,-0.0114,-0.0121,2.7981,-6.023,3.742,0.1905,53667.8,122167,0.00209788,0.1903,0.0137,-6.137,3.843,2.7981,-0.0114,-0.0121,nan,nan
223.11,51.480,0.1903,0.0137,0.0087,0.0197,-0.0167,-0.0114,-0.0121,2.7983,-6.026,3.743,0.1905,53667.8,122167,0.00209788,0.1903,0.0137,-6.137,3.843,2.7981,-0.0114,-0.0121,nan,nan
223.21,51.500,0.1903,0.0137,0.0087,0.0197,-0.0167,-0.0114,-0.0121,2.7985,-6.030,3.745,0.1906,53764.2,122577,0.00237469,0.1905,0.0126,-6.142,3.845,2.7983,-0.0114,-0.0121,nan,nan
223.31,51.520,0.1905,0.0126,0.0080,0.0197,-0.0169,-0.0114,-0.0121,2.7987,-6.034,3.746,0.1906,53764.2,122577,0.00237469,0.1905,0.0126,-6.142,3.845,2.7983,-0.0114,-0.0121,nan,nan
223.41,51.540,0.1905,0.0126,0.0080,0.0197,-0.0169,-0.0114,-0.0121,2.7988,-6.038,3.748,0.1906,53892.8,123125,0.00237469,0.1905,0.0126,-6.150,3.848,2.7987,-0.0114,-0.0121,nan,nan
223.51,51.560,0.1905,0.0126,0.0080,0.0197,-0.0169,-0.0114,-0.0121,2.7990,-6.041,3.749,0.1906,53989.4,123537,0.00209788,0.1905,0.0126,-6.155,3.850,2.7989,-0.0114,-0.0121,nan,nan
223.61,51.580,0.1905,0.0126,0.0080,0.0197,-0.0169,-0.0114,-0.0121,2.7992,-6.045,3.750,0.1906,53989.4,123537,0.00209788,0.1905,0.0126,-6.155,3.850,2.7989,-0.0114,-0.0121,nan,nan
223.71,51.600,0.1905,0.0126,0.0073,0.0197,-0.0170,-0.0114,-0.0121,2.7993,-6.050,3.752,0.1907,54086.1,123950,0.00237469,0.1906,0.0115,-6.160,3.851,2.7991,-0.0114,-0.0121,nan,nan
223.81,51.620,0.1906,0.0115,0.0073,0.0197,-0.0170,-0.0114,-0.0121,2.7995,-6.054,3.753,0.1907,54215.3,124503,0.00237469,0.1906,0.0115,-6.168,3.854,2.7994,-0.0114,-0.0121,nan,nan
223.91,51.640,0.1906,0.0115,0.0073,0.0197,-0.0170,-0.0114,-0.0121,2.7996,-6.057,3.754,0.1907,54215.3,124503,0.00237469,0.1906,0.0115,-6.168,3.854,2.7994,-0.0114,-0.0121,nan,nan
224.01,51.660,0.1906,0.0115,0.0073,0.0196,-0.0170,-0.0114,-0.0121,2.7998,-6.060,3.756,0.1907,54312.2,124919,0.00209788,0.1906,0.0115,-6.173,3.856,2.7997,-0.0114,-0.0121,nan,nan
224.11,51.680,0.1906,0.0115,0.0073,0.0196,-0.0171,-0.0114,-0.0121,2.7999,-6.064,3.757,0.1907,54312.2,124919,0.00209788,0.1906,0.0115,-6.173,3.856,2.7997,-0.0114,-0.0121,nan,nan
224.21,51.700,0.1906,0.0115,0.0065,0.0196,-0.0172,-0.0114,-0.0121,2.8000,-6.067,3.758,0.1909,54409.3,125335,0.00237469,0.1907,0.0102,-6.178,3.858,2.7999,-0.0114,-0.0121,nan,nan
224.31,51.720,0.1907,0.0102,0.0065,0.0196,-0.0172,-0.0114,-0.0121,2.8001,-6.070,3.759,0.1909,54409.3,125335,0.00237469,0.1907,0.0102,-6.178,3.858,2.7999,-0.0114,-0.0121,nan,nan
224.41,51.740,0.1907,0.0102,0.0065,0.0196,-0.0172,-0.0114,-0.0121,2.8003,-6.074,3.760,0.1909,54538.9,125893,0.00237469,0.1907,0.0102,-6.186,3.860,2.8002,-0.0114,-0.0121,nan,nan
224.51,51.760,0.1907,0.0102,0.0065,0.0196,-0.0172,-0.0114,-0.0121,2.8004,-6.077,3.762,0.1909,54636.2,126312,0.00209788,0.1907,0.0102,-6.191,3.862,2.8003,-0.0114,-0.0121,nan,nan
224.61,51.780,0.1907,0.0102,0.0065,0.0196,-0.0172,-0.0114,-0.0121,2.8005,-6.081,3.763,0.1909,54636.2,126312,0.00209788,0.1907,0.0102,-6.191,3.862,2.8003,-0.0114,-0.0121,nan,nan
224.71,51.800,0.1907,0.0102,0.0065,0.0196,-0.0172,-0.0114,-0.0121,2.8006,-6.084,3.764,0.1909,54733.7,126733,0.00237469,0.1908,0.0096,-6.196,3.864,2.8005,-0.0114,-0.0121,nan,nan
224.81,51.820,0.1908,0.0096,0.0061,0.0196,-0.0173,-0.0114,-0.0121,2.8008,-6.088,3.766,0.1909,54733.7,126733,0.00237469,0.1908,0.0096,-6.196,3.864,2.8005,-0.0114,-0.0121,nan,nan
224.91,51.840,0.1908,0.0096,0.0061,0.0196,-0.0173,-0.0114,-0.0121,2.8009,-6.092,3.767,0.1909,54863.8,127295,0.00237469,0.1908,0.0096,-6.204,3.867,2.8008,-0.0114,-0.0121,nan,nan
225.01,51.860,0.1908,0.0096,0.0061,0.0196,-0.0173,-0.0114,-0.0121,2.8011,-6.096,3.768,0.1909,54961.5,127718,0.00209788,0.1908,0.0096,-6.209,3.869,2.8010,-0.0114,-0.0121,nan,nan
225.11,51.880,0.1908,0.0096,0.0061,0.0196,-0.0173,-0.0114,-0.0121,2.8012,-6.101,3.770,0.1909,55059.3,128143,0.00237469,0.1909,0.0088,-6.214,3.871,2.8012,-0.0114,-0.0121,nan,nan
225.21,51.900,0.1908,0.0096,0.0056,0.0196,-0.0174,-0.0114,-0.0121,2.8013,-6.104,3.771,0.1910,55059.3,128143,0.00237469,0.1909,0.0088,-6.214,3.871,2.8012,-0.0114,-0.0121,nan,nan
225.31,51.940,0.1909,0.0088,0.0056,0.0196,-0.0174,-0.0114,-0.0121,2.8014,-6.108,3.773,0.1910,55190,128710,0.00237469,0.1909,0.0088,-6.222,3.873,2.8014,-0.0114,-0.0121,nan,nan
225.41,51.960,0.1909,0.0088,0.0056,0.0196,-0.0174,-0.0114,-0.0121,2.8016,-6.113,3.774,0.1910,55190,128710,0.00237469,0.1909,0.0088,-6.222,3.873,2.8014,-0.0114,-0.0121,nan,nan
225.51,51.980,0.1909,0.0088,0.0056,0.0196,-0.0174,-0.0114,-0.0121,2.8017,-6.117,3.776,0.1910,55288.1,129137,0.00209788,0.1909,0.0088,-6.227,3.875,2.8016,-0.0114,-0.0121,nan,nan
225.61,52.000,0.1909,0.0088,0.0051,0.0196,-0.0175,-0.0114,-0.0121,2.8019,-6.122,3.777,0.1911,55386.3,129564,0.00237469,0.1910,0.0081,-6.232,3.877,2.8017,-0.0114,-0.0121,nan,nan
225.71,52.040,0.1910,0.0081,0.0051,0.0196,-0.0175,-0.0114,-0.0121,2.8020,-6.127,3.779,0.1911,55517.5,130137,0.00237469,0.1910,0.0081,-6.240,3.880,2.8019,-0.0114,-0.0121,nan,nan
225.81,52.060,0.1910,0.0081,0.0051,0.0196,-0.0175,-0.0114,-0.0121,2.8021,-6.131,3.781,0.1911,55616,130567,0.00209788,0.1910,0.0081,-6.245,3.881,2.8021,-0.0114,-0.0121,nan,nan
225.91,52.080,0.1910,0.0081,0.0051,0.0196,-0.0175,-0.0114,-0.0121,2.8022,-6.135,3.782,0.1911,55616,130567,0.00209788,0.1910,0.0081,-6.245,3.881,2.8021,-0.0114,-0.0121,nan,nan
226.01,52.100,0.1910,0.0081,0.0047,0.0196,-0.0176,-0.0114,-0.0121,2.8023,-6.139,3.784,0.1912,55714.7,130999,0.00237469,0.1911,0.0074,-6.250,3.883,2.8022,-0.0114,-0.0121,nan,nan
226.11,52.120,0.1911,0.0074,0.0047,0.0196,-0.0176,-0.0114,-0.0121,2.8025,-6.144,3.785,0.1912,55846.4,131576,0.00237469,0.1911,0.0074,-6.258,3.886,2.8024,-0.0114,-0.0121,nan,nan
226.21,52.160,0.1911,0.0074,0.0047,0.0196,-0.0176,-0.0114,-0.0121,2.8026,-6.148,3.787,0.1912,55846.4,131576,0.00237469,0.1911,0.0074,-6.258,3.886,2.8024,-0.0114,-0.0121,nan,nan
226.31,52.180,0.1911,0.0074,0.0047,0.0196,-0.0176,-0.0114,-0.0121,2.8027,-6.152,3.788,0.1912,55945.3,132010,0.00209788,0.1911,0.0074,-6.263,3.888,2.8026,-0.0114,-0.0121,nan,nan
226.41,52.200,0.1911,0.0074,0.0047,0.0196,-0.0176,-0.0114,-0.0121,2.8028,-6.156,3.790,0.1913,56044.4,132445,0.00237469,0.1912,0.0068,-6.268,3.890,2.8027,-0.0114,-0.0121,nan,nan
226.51,52.220,0.1912,0.0068,0.0043,0.0196,-0.0177,-0.0114,-0.0121,2.8029,-6.161,3.791,0.1912,56176.7,133027,0.00237469,0.1912,0.0068,-6.276,3.892,2.8029,-0.0114,-0.0121,nan,nan
226.61,52.240,0.1912,0.0068,0.0043,0.0194,-0.0177,-0.0114,-0.0121,2.8030,-6.165,3.793,0.1913,56176.7,133027,0.00237469,0.1912,0.0068,-6.276,3.892,2.8029,-0.0114,-0.0121,nan,nan
226.71,52.280,0.1912,0.0068,0.0047,0.0187,-0.0186,-0.0114,-0.0121,2.8031,-6.170,3.794,0.1912,56276.1,133465,0.00209788,0.1912,0.0068,-6.281,3.894,2.8030,-0.0114,-0.0121,nan,nan
226.81,52.300,0.1912,0.0068,0.0047,0.0191,-0.0181,-0.0114,-0.0121,2.8032,-6.174,3.796,0.1912,56375.6,133904,0.00237469,0.1912,0.0062,-6.286,3.896,2.8032,-0.0114,-0.0121,nan,nan
226.91,52.320,0.1912,0.0062,0.0043,0.0192,-0.0181,-0.0114,-0.0121,2.8033,-6.179,3.797,0.1912,56375.6,133904,0.00237469,0.1912,0.0062,-6.286,3.896,2.8032,-0.0114,-0.0121,nan,nan
227.01,52.340,0.1912,0.0062,0.0043,0.0192,-0.0181,-0.0114,-0.0121,2.8034,-6.183,3.799,0.1912,56508.5,134491,0.00237469,0.1912,0.0062,-6.294,3.899,2.8033,-0.0114,-0.0121,nan,nan
227.11,52.380,0.1912,0.0062,0.0043,0.0192,-0.0181,-0.0114,-0.0121,2.8035,-6.187,3.800,0.1912,56608.4,134933,0.00209788,0.1912,0.0062,-6.299,3.901,2.8035,-0.0114,-0.0121,nan,nan
227.21,52.400,0.1912,0.0062,0.0043,0.0196,-0.0177,-0.0114,-0.0121,2.8036,-6.191,3.802,0.1913,56708.3,135375,0.00237469,0.1913,0.0057,-6.304,3.902,2.8036,-0.0114,-0.0121,nan,nan
227.31,52.420,0.1913,0.0057,0.0039,0.0196,-0.0178,-0.0114,-0.0121,2.8037,-6.195,3.803,0.1913,56708.3,135375,0.00237469,0.1913,0.0057,-6.304,3.902,2.8036,-0.0114,-0.0121,nan,nan
227.41,52.440,0.1913,0.0057,0.0039,0.0196,-0.0178,-0.0114,-0.0121,2.8038,-6.199,3.805,0.1913,56841.8,135967,0.00237469,0.1913,0.0057,-6.312,3.905,2.8038,-0.0114,-0.0121,nan,nan
227.51,52.460,0.1913,0.0057,0.0039,0.0196,-0.0178,-0.0114,-0.0121,2.8039,-6.203,3.806,0.1913,56942.1,136413,0.00209788,0.1913,0.0057,-6.317,3.907,2.8039,-0.0114,-0.0121,nan,nan
227.61,52.480,0.1913,0.0057,0.0039,0.0196,-0.0178,-0.0114,-0.0121,2.8040,-6.208,3.808,0.1913,56942.1,136413,0.00209788,0.1913,0.0057,-6.317,3.907,2.8039,-0.0114,-0.0121,nan,nan
227.71,52.500,0.1913,0.0057,0.0108,-0.7756,-0.0116,-0.0115,-0.0121,2.8042,-6.212,3.809,0.1762,57042.5,136859,0.00237469,0.1692,0.2007,-6.322,3.909,2.8040,-0.0114,-0.0121,nan,nan
227.81,52.540,0.1692,0.0412,0.0315,0.0167,-0.0159,-0.0115,-0.0121,2.8047,-6.216,3.810,0.1693,57176.6,137456,0.00237469,0.1692,0.2007,-6.329,3.911,2.8044,-0.0115,-0.0121,nan,nan
227.91,52.560,0.1692,0.0612,0.0453,0.0155,-0.0148,-0.0115,-0.0121,2.8058,-6.220,3.812,0.1692,57176.6,137456,0.00237469,0.1692,0.2007,-6.329,3.911,2.8044,-0.0115,-0.0121,nan,nan
228.01,52.580,0.1692,0.0812,0.0658,0.0136,-0.0130,-0.0115,-0.0120,2.8072,-6.224,3.813,0.1691,57277.2,137906,0.00209788,0.1692,0.2007,-6.334,3.913,2.8054,-0.0115,-0.0120,nan,nan
228.11,52.600,0.1692,0.1012,0.0795,0.0123,-0.0118,-0.0115,-0.0120,2.8088,-6.227,3.814,0.1690,57377.6,138356,0.00237469,0.1693,0.2003,-6.339,3.915,2.8070,-0.0115,-0.0120,nan,nan
228.21,52.620,0.1693,0.1212,0.0931,0.0109,-0.0104,-0.0115,-0.0120,2.8109,-6.231,3.816,0.1688,57510.9,138959,0.00237469,0.1693,0.2003,-6.345,3.917,2.8102,-0.0115,-0.0120,nan,nan
228.31,52.640,0.1693,0.1412,0.1065,0.0190,0.0016,-0.0116,-0.0120,2.8134,-6.235,3.817,0.1687,57510.9,138959,0.00237469,0.1693,0.2003,-6.345,3.917,2.8102,-0.0115,-0.0120,nan,nan
228.41,52.680,0.1693,0.1812,0.1262,0.0117,0.0080,-0.0116,-0.0119,2.8161,-6.238,3.818,0.1685,57610.2,139413,0.00209788,0.1693,0.2003,-6.350,3.918,2.8133,-0.0116,-0.0119,nan,nan
228.51,52.700,0.1693,0.1995,0.1257,0.0091,-0.0089,-0.0116,-0.0119,2.8186,-6.241,3.819,0.1662,57708.7,139869,0.00237469,0.1705,0.1902,-6.355,3.920,2.8170,-0.0116,-0.0119,nan,nan
228.61,52.720,0.1705,0.1902,0.1191,0.0235,0.0050,-0.0117,-0.0119,2.8211,-6.245,3.820,0.1666,57708.7,139869,0.00237469,0.1705,0.1902,-6.355,3.920,2.8170,-0.0116,-0.0119,nan,nan
228.71,52.740,0.1705,0.1902,0.1189,0.0234,0.0049,-0.0117,-0.0118,2.8239,-6.248,3.822,0.1667,57838.6,140479,0.00237469,0.1705,0.1902,-6.361,3.922,2.8220,-0.0117,-0.0119,nan,nan
228.81,52.760,0.1705,0.1902,0.1187,0.0234,0.0048,-0.0117,-0.0118,2.8266,-6.252,3.823,0.1668,57934.9,140938,0.00209788,0.1705,0.1902,-6.366,3.924,2.8257,-0.0117,-0.0118,nan,nan
228.91,52.780,0.1705,0.1902,0.1185,0.0233,0.0047,-0.0117,-0.0118,2.8288,-6.255,3.824,0.1669,57934.9,140938,0.00209788,0.1705,0.1902,-6.366,3.924,2.8257,-0.0117,-0.0118,nan,nan
229.01,52.800,0.1705,0.1902,0.1121,0.0340,0.0034,-0.0118,-0.0118,2.8315,-6.259,3.825,0.1692,58030.3,141400,0.00237469,0.1726,0.1733,-6.371,3.925,2.8293,-0.0118,-0.0118,nan,nan
229.11,52.820,0.1726,0.1753,0.1080,0.0155,0.0024,-0.0118,-0.0117,2.8342,-6.263,3.826,0.1692,58156.1,142018,0.00237469,0.1726,0.1733,-6.378,3.928,2.8338,-0.0118,-0.0117,nan,nan
229.21,52.840,0.1726,0.1733,0.1081,0.0155,0.0024,-0.0118,-0.0117,2.8366,-6.266,3.827,0.1692,58156.1,142018,0.00237469,0.1726,0.1733,-6.378,3.928,2.8338,-0.0118,-0.0117,nan,nan
229.31,52.860,0.1726,0.1733,0.1083,0.0154,0.0024,-0.0119,-0.0117,2.8389,-6.270,3.828,0.1691,58249.5,142483,0.00209788,0.1726,0.1733,-6.383,3.929,2.8371,-0.0119,-0.0117,nan,nan
229.41,52.900,0.1726,0.1733,0.1086,0.0154,0.0024,-0.0119,-0.0116,2.8414,-6.273,3.830,0.1698,58342.1,142950,0.00237469,0.1745,0.1577,-6.388,3.931,2.8403,-0.0119,-0.0116,nan,nan
229.51,52.920,0.1745,0.1590,0.0990,0.0159,0.0004,-0.0119,-0.0116,2.8439,-6.277,3.831,0.1712,58342.1,142950,0.00237469,0.1745,0.1577,-6.388,3.931,2.8403,-0.0119,-0.0116,nan,nan
229.61,52.940,0.1745,0.1577,0.0992,0.0159,0.0004,-0.0119,-0.0116,2.8463,-6.281,3.832,0.1711,58464.4,143575,0.00237469,0.1745,0.1577,-6.394,3.933,2.8444,-0.0119,-0.0116,nan,nan
229.71,52.960,0.1745,0.1577,0.0994,0.0158,0.0004,-0.0120,-0.0115,2.8488,-6.285,3.833,0.1710,58555.1,144045,0.00209788,0.1745,0.1577,-6.399,3.934,2.8474,-0.0120,-0.0116,nan,nan
229.81,52.980,0.1745,0.1577,0.0995,0.0158,0.0004,-0.0120,-0.0115,2.8511,-6.289,3.834,0.1710,58645.2,144517,0.00237469,0.1745,0.1577,-6.404,3.936,2.8504,-0.0120,-0.0115,nan,nan
229.91,53.000,0.1745,0.1577,0.0933,0.0387,-0.0045,-0.0120,-0.0115,2.8529,-6.293,3.835,0.1730,58645.2,144517,0.00237469,0.1763,0.1437,-6.404,3.936,2.8504,-0.0120,-0.0115,-6.404,3.936
230.01,53.040,0.1763,0.1437,0.0909,0.0162,-0.0014,-0.0120,-0.0115,2.8550,-6.296,3.836,0.1729,3.80731,4.05301,0.00237469,0.1763,0.1437,-6.411,3.938,2.8542,-0.0120,-0.0115,-6.404,3.936
230.11,53.060,0.1763,0.1437,0.0910,0.0162,-0.0014,-0.0121,-0.0114,2.8573,-6.300,3.838,0.1729,3.78281,4.16076,0.00209788,0.1763,0.1437,-6.416,3.940,2.8569,-0.0121,-0.0115,-6.404,3.936
230.21,53.080,0.1763,0.1437,0.0912,0.0161,-0.0015,-0.0121,-0.0114,2.8596,-6.305,3.839,0.1728,3.78281,4.16076,0.00209788,0.1763,0.1437,-6.416,3.940,2.8569,-0.0121,-0.0114,-6.404,3.936
230.31,53.100,0.1763,0.1437,0.0850,0.0406,-0.0080,-0.0121,-0.0114,2.8615,-6.308,3.840,0.1746,3.75997,4.2859,0.00237469,0.1778,0.1314,-6.421,3.941,2.8596,-0.0121,-0.0114,-6.404,3.936
230.41,53.120,0.1778,0.1316,0.0837,0.0165,-0.0031,-0.0121,-0.0114,2.8635,-6.312,3.841,0.1745,3.73201,4.48011,0.00237469,0.1778,0.1314,-6.427,3.943,2.8631,-0.0121,-0.0114,-6.404,3.936
230.51,53.160,0.1778,0.1314,0.0838,0.0164,-0.0031,-0.0122,-0.0113,2.8658,-6.317,3.842,0.1745,3.73201,4.48011,0.00237469,0.1778,0.1314,-6.427,3.943,2.8631,-0.0122,-0.0113,-6.404,3.936
230.61,53.180,0.1778,0.1314,0.0839,0.0164,-0.0031,-0.0122,-0.0113,2.8678,-6.321,3.843,0.1744,3.71288,4.64651,0.00209788,0.1778,0.1314,-6.433,3.945,2.8656,-0.0122,-0.0113,-6.404,3.936
230.71,53.200,0.1778,0.1314,0.0840,0.0164,-0.0031,-0.0122,-0.0113,2.8694,-6.324,3.844,0.1760,3.69529,4.83089,0.00237469,0.1792,0.1196,-6.438,3.946,2.8681,-0.0122,-0.0113,-6.404,3.936
230.81,53.220,0.1792,0.1197,0.0766,0.0167,-0.0046,-0.0122,-0.0113,2.8707,-6.327,3.845,0.1761,3.69529,4.83089,0.00237469,0.1792,0.1196,-6.438,3.946,2.8681,-0.0122,-0.0113,-6.404,3.936
230.91,53.240,0.1792,0.1196,0.0767,0.0166,-0.0046,-0.0122,-0.0113,2.8720,-6.330,3.846,0.1761,3.67418,5.10497,0.00237469,0.1792,0.1196,-6.445,3.948,2.8713,-0.0122,-0.0113,-6.404,3.936
231.01,53.260,0.1792,0.1196,0.0767,0.0166,-0.0046,-0.0123,-0.0112,2.8737,-6.334,3.847,0.1761,3.67418,5.10497,0.00237469,0.1792,0.1196,-6.445,3.948,2.8713,-0.0123,-0.0112,-6.404,3.936
231.11,53.280,0.1792,0.1196,0.0768,0.0166,-0.0047,-0.0123,-0.0112,2.8755,-6.338,3.848,0.1760,3.66007,5.33194,0.00209788,0.1792,0.1196,-6.450,3.950,2.8736,-0.0123,-0.0112,-6.404,3.936
231.21,53.300,0.1792,0.1196,0.0769,0.0165,-0.0047,-0.0123,-0.0112,2.8772,-6.341,3.849,0.1776,3.6474,5.57744,0.00237469,0.1806,0.1088,-6.455,3.951,2.8759,-0.0123,-0.0112,-6.404,3.936
231.31,53.320,0.1806,0.1088,0.0701,1.1128,0.8301,-0.0123,-0.0112,2.8789,-6.346,3.850,0.1772,3.63273,5.93391,0.00237469,0.1806,0.1088,-6.462,3.953,2.8788,-0.0123,-0.0112,-6.404,3.936
231.41,53.340,0.1806,0.1088,0.0702,0.0070,-0.0472,-0.0123,-0.0112,2.8807,-6.350,3.851,0.1792,3.63273,5.93391,0.00237469,0.1806,0.1088,-6.462,3.953,2.8788,-0.0123,-0.0112,-6.404,3.936
231.51,53.380,0.1806,0.1088,0.0706,-0.1448,-0.2859,-0.0124,-0.0111,2.8823,-6.354,3.852,0.1791,3.62334,6.22333,0.00209788,0.1806,0.1088,-6.467,3.954,2.8809,-0.0124,-0.0111,-6.404,3.936
231.61,53.400,0.1806,0.1088,0.0706,0.0068,0.0061,-0.0124,-0.0111,2.8838,-6.358,3.853,0.1772,3.61532,6.53184,0.00237469,0.1818,0.0989,-6.472,3.956,2.8830,-0.0124,-0.0111,-6.404,3.936
231.71,53.420,0.1818,0.0989,0.0640,-0.9719,-0.6791,-0.0124,-0.0111,2.8854,-6.362,3.854,0.1780,3.61532,6.53184,0.00237469,0.1818,0.0989,-6.472,3.956,2.8830,-0.0124,-0.0111,-6.404,3.936
231.81,53.440,0.1818,0.0989,0.0594,0.0102,0.0148,-0.0124,-0.0111,2.8869,-6.366,3.855,0.1777,3.60672,6.9732,0.00237469,0.1818,0.0989,-6.479,3.958,2.8856,-0.0124,-0.0111,-6.404,3.936
231.91,53.460,0.1818,0.0989,0.0593,0.0300,0.0198,-0.0124,-0.0111,2.8884,-6.371,3.856,0.1774,3.6018,7.32693,0.00209788,0.1818,0.0989,-6.485,3.959,2.8874,-0.0124,-0.0111,-6.404,3.936
232.01,53.500,0.1818,0.0989,0.0592,0.0099,0.0089,-0.0124,-0.0110,2.8896,-6.374,3.857,0.1771,3.59818,7.70031,0.00237469,0.1829,0.0901,-6.490,3.960,2.8891,-0.0124,-0.0110,-6.404,3.936
232.11,53.520,0.1829,0.0901,0.0540,-0.0743,-0.0106,-0.0125,-0.0110,2.8911,-6.379,3.858,0.1772,3.59818,7.70031,0.00237469,0.1829,0.0901,-6.490,3.960,2.8891,-0.0125,-0.0110,-6.404,3.936
232.21,53.540,0.1829,0.0901,0.0541,0.0053,0.0047,-0.0125,-0.0110,2.8926,-6.384,3.859,0.1769,3.59534,8.229,0.00237469,0.1829,0.0901,-6.497,3.962,2.8914,-0.0125,-0.0110,-6.404,3.936
232.31,53.580,0.1829,0.0901,0.0542,-0.0006,0.0002,-0.0125,-0.0110,2.8942,-6.389,3.860,0.1765,3.59467,8.64886,0.00209788,0.1829,0.0901,-6.502,3.964,2.8930,-0.0125,-0.0110,-6.404,3.936
232.41,53.600,0.1829,0.0901,0.0496,0.4532,0.3310,-0.0125,-0.0110,2.8957,-6.394,3.861,0.1778,3.59526,9.08893,0.00237469,0.1838,0.0825,-6.508,3.965,2.8946,-0.0125,-0.0110,-6.404,3.936
232.51,53.640,0.1838,0.0825,0.0497,0.0183,-0.0109,-0.0125,-0.0110,2.8972,-6.399,3.862,0.1779,3.59794,9.70739,0.00237469,0.1838,0.0825,-6.515,3.967,2.8967,-0.0125,-0.0110,-6.404,3.936
232.61,53.660,0.1838,0.0825,0.0497,0.0178,-0.0113,-0.0125,-0.0109,2.8987,-6.404,3.863,0.1779,3.60136,10.1952,0.00209788,0.1838,0.0825,-6.520,3.968,2.8982,-0.0125,-0.0109,-6.404,3.936
232.71,53.680,0.1838,0.0825,0.0497,0.0178,-0.0113,-0.0126,-0.0109,2.9001,-6.409,3.864,0.1779,3.60599,10.7038,0.00237469,0.1847,0.0756,-6.525,3.969,2.8997,-0.0126,-0.0109,-6.404,3.936
232.81,53.720,0.1847,0.0756,0.0495,-0.7971,-0.4878,-0.0126,-0.0109,2.9013,-6.414,3.865,0.1793,3.60599,10.7038,0.00237469,0.1847,0.0756,-6.525,3.969,2.8997,-0.0126,-0.0109,-6.404,3.936
232.91,53.740,0.1847,0.0756,0.0457,0.0180,-0.0118,-0.0126,-0.0109,2.9024,-6.418,3.866,0.1793,3.614,11.4146,0.00237469,0.1847,0.0756,-6.533,3.971,2.9016,-0.0126,-0.0109,-6.404,3.936
233.01,53.760,0.1847,0.0756,0.0457,0.0177,-0.0120,-0.0126,-0.0109,2.9035,-6.422,3.867,0.1792,3.62138,11.9723,0.00209788,0.1847,0.0756,-6.538,3.972,2.9030,-0.0126,-0.0109,-6.404,3.936
233.11,53.780,0.1847,0.0756,0.0457,0.0177,-0.0120,-0.0126,-0.0109,2.9046,-6.426,3.868,0.1793,3.62138,11.9723,0.00209788,0.1847,0.0756,-6.538,3.972,2.9030,-0.0126,-0.0109,-6.404,3.936
233.21,53.820,0.1855,0.0692,0.0420,-0.4167,-0.3670,-0.0126,-0.0108,2.9056,-6.430,3.869,0.1805,3.62992,12.5513,0.00237469,0.1855,0.0692,-6.543,3.974,2.9044,-0.0126,-0.0109,-6.404,3.936
233.31,53.840,0.1855,0.0692,0.0418,0.0326,0.0302,-0.0126,-0.0108,2.9065,-6.434,3.869,0.1805,3.6431,13.3567,0.00237469,0.1855,0.0692,-6.550,3.975,2.9061,-0.0126,-0.0108,-6.404,3.936
233.41,53.860,0.1855,0.0692,0.0419,0.0176,-0.0128,-0.0126,-0.0108,2.9073,-6.437,3.870,0.1805,3.6431,13.3567,0.00237469,0.1855,0.0692,-6.550,3.975,2.9061,-0.0126,-0.0108,-6.404,3.936
233.51,53.880,0.1855,0.0692,0.0419,0.0176,-0.0128,-0.0126,-0.0108,2.9083,-6.441,3.871,0.1805,3.6543,13.9861,0.00209788,0.1855,0.0692,-6.556,3.977,2.9074,-0.0126,-0.0108,-6.404,3.936
233.61,53.900,0.1855,0.0692,0.0419,0.0175,-0.0128,-0.0127,-0.0108,2.9092,-6.445,3.872,0.1821,3.66665,14.6374,0.00237469,0.1862,0.0634,-6.561,3.978,2.9086,-0.0127,-0.0108,-6.404,3.936
233.71,53.920,0.1862,0.0634,0.0389,-0.0528,0.0016,-0.0127,-0.0108,2.9102,-6.450,3.873,0.1817,3.66665,14.6374,0.00237469,0.1862,0.0634,-6.561,3.978,2.9086,-0.0127,-0.0108,-6.404,3.936
233.81,53.940,0.1862,0.0634,0.0385,0.0179,-0.0132,-0.0127,-0.0108,2.9111,-6.454,3.874,0.1817,3.68485,15.5401,0.00237469,0.1862,0.0634,-6.569,3.980,2.9103,-0.0127,-0.0108,-6.404,3.936
233.91,53.960,0.1862,0.0634,0.0363,0.0393,-0.2864,-0.0127,-0.0104,2.9122,-6.458,3.874,0.1852,3.69979,16.2431,0.00209788,0.1862,0.0634,-6.574,3.981,2.9115,-0.0127,-0.0106,-6.404,3.936
234.01,54.000,0.1862,0.0634,0.0520,0.9436,0.2532,-0.0127,-0.0091,2.9132,-6.463,3.875,0.1903,3.71584,16.9685,0.00237469,0.1868,0.0579,-6.579,3.982,2.9127,-0.0127,-0.0092,-6.404,3.936
234.11,54.020,0.1868,0.0579,0.0401,0.1012,-0.1217,-0.0128,-0.0066,2.9143,-6.467,3.876,0.1912,3.71584,16.9685,0.00237469,0.1868,0.0579,-6.579,3.982,2.9127,-0.0128,-0.0071,-6.222,3.943
234.21,54.040,0.1868,0.0579,0.0386,-0.0377,0.0555,-0.0128,-0.0031,2.9152,-6.472,3.877,0.1913,1.90354,3.42245,0.00237468,0.1868,0.0579,-6.419,3.965,2.9146,-0.0129,-0.0044,-6.222,3.943
234.31,54.060,0.1868,0.0579,0.0590,0.9145,0.3912,-0.0127,0.0006,2.9162,-6.476,3.878,0.1982,1.9075,3.57873,0.00209788,0.1868,0.0579,-6.424,3.966,2.9157,-0.0127,0.0004,-6.222,3.943
234.41,54.080,0.1868,0.0579,0.0596,0.6283,-0.0009,-0.0127,0.0060,2.9175,-6.480,3.879,0.2036,1.9075,3.57873,0.00209788,0.1868,0.0579,-6.424,3.966,2.9157,-0.0127,0.0049,-6.222,3.943
234.51,54.100,0.1868,0.0579,0.0656,0.6162,0.0020,-0.0128,0.0140,2.9189,-6.485,3.880,0.2078,1.91187,3.7433,0.00237468,0.1862,0.0630,-6.430,3.967,2.9173,-0.0128,0.0111,-6.222,3.943
234.61,54.140,0.1862,0.0630,0.0419,-0.8504,-0.2303,-0.0122,0.0186,2.9198,-6.490,3.881,0.1962,1.91833,3.97578,0.00237469,0.1862,0.0630,-6.437,3.968,2.9195,-0.0121,0.0182,-6.222,3.943
234.71,54.160,0.1862,0.0630,0.0630,-0.6670,-0.0073,-0.0122,0.0197,2.9213,-6.495,3.882,0.1882,1.92363,4.16002,0.00209788,0.1862,0.0630,-6.443,3.969,2.9209,-0.0122,0.0195,-6.222,3.943
234.81,54.180,0.1862,0.0630,0.0630,-0.6660,-0.0091,-0.0122,0.0183,2.9230,-6.499,3.883,0.1825,1.92363,4.16002,0.00209788,0.1862,0.0630,-6.443,3.969,2.9209,-0.0122,0.0188,-6.222,3.943
234.91,54.220,0.1872,0.0549,0.0302,0.0049,-0.0326,-0.0128,0.0157,2.9242,-6.504,3.884,0.1780,1.92934,4.35283,0.00237469,0.1872,0.0549,-6.448,3.970,2.9227,-0.0128,0.0157,-6.222,3.943
235.01,54.240,0.1872,0.0549,0.0549,0.7536,0.1049,-0.0129,0.0153,2.9252,-6.508,3.885,0.1902,1.93754,4.62336,0.00237469,0.1872,0.0549,-6.455,3.971,2.9246,-0.0129,0.0153,-6.222,3.943
235.11,54.260,0.1872,0.0549,0.0325,-0.1159,-0.3727,-0.0126,0.0163,2.9262,-6.513,3.886,0.1916,1.94414,4.83643,0.00209788,0.1872,0.0549,-6.461,3.972,2.9259,-0.0127,0.0160,-6.222,3.943
235.21,54.280,0.1872,0.0549,0.0270,-0.1861,-0.1508,-0.0122,0.0171,2.9268,-6.518,3.887,0.1869,1.94414,4.83643,0.00209788,0.1872,0.0549,-6.461,3.972,2.9259,-0.0123,0.0169,-6.222,3.943
235.31,54.320,0.1882,0.0468,0.0251,-0.2099,-0.1211,-0.0122,0.0173,2.9276,-6.522,3.888,0.1842,1.95112,5.05831,0.00237469,0.1882,0.0468,-6.467,3.973,2.9268,-0.0122,0.0173,-6.222,3.943
235.41,54.340,0.1882,0.0468,0.0250,-0.0306,-0.0138,-0.0122,0.0173,2.9282,-6.527,3.890,0.1840,1.96105,5.36793,0.00237469,0.1882,0.0468,-6.474,3.974,2.9279,-0.0122,0.0173,-6.222,3.943
235.51,54.360,0.1882,0.0468,0.0250,-0.0307,-0.0138,-0.0123,0.0174,2.9289,-6.532,3.891,0.1840,1.96894,5.61058,0.00209788,0.1882,0.0468,-6.480,3.975,2.9286,-0.0123,0.0174,-6.222,3.943
235.61,54.400,0.1882,0.0468,0.0250,-0.0307,-0.0139,-0.0123,0.0174,2.9295,-6.537,3.892,0.1840,1.97724,5.86226,0.00237469,0.1888,0.0422,-6.485,3.975,2.9294,-0.0123,0.0174,-6.222,3.943
235.71,54.420,0.1888,0.0422,0.0225,-0.0308,-0.0144,-0.0124,0.0173,2.9301,-6.541,3.893,0.1848,1.97724,5.86226,0.00237469,0.1888,0.0422,-6.485,3.975,2.9294,-0.0124,0.0173,-6.222,3.943
235.81,54.440,0.1888,0.0422,0.0225,-0.0307,-0.0146,-0.0125,0.0172,2.9307,-6.546,3.894,0.1848,1.98891,6.21201,0.00237469,0.1888,0.0422,-6.493,3.977,2.9303,-0.0125,0.0172,-6.222,3.943
235.91,54.460,0.1888,0.0422,0.0225,-0.0305,-0.0147,-0.0126,0.0172,2.9313,-6.550,3.895,0.1848,1.99811,6.48505,0.00209788,0.1888,0.0422,-6.498,3.977,2.9309,-0.0126,0.0172,-6.222,3.943
236.01,54.500,0.1888,0.0422,0.0225,-0.0305,-0.0149,-0.0127,0.0171,2.9318,-6.555,3.896,0.1847,2.00772,6.76736,0.00237469,0.1893,0.0381,-6.504,3.978,2.9316,-0.0127,0.0171,-6.222,3.943
236.11,54.520,0.1893,0.0381,0.0203,-0.0304,-0.0154,-0.0129,0.0169,2.9324,-6.560,3.897,0.1855,2.00772,6.76736,0.00237469,0.1893,0.0381,-6.504,3.978,2.9316,-0.0128,0.0169,-6.222,3.943
236.21,54.540,0.1893,0.0381,0.0203,-0.1479,-0.1475,-0.0129,0.0170,2.9330,-6.565,3.898,0.1861,2.02113,7.15835,0.00237469,0.1893,0.0381,-6.511,3.979,2.9325,-0.0129,0.0169,-6.222,3.943
236.31,54.580,0.1893,0.0381,0.0203,-0.0307,-0.0154,-0.0129,0.0171,2.9336,-6.570,3.899,0.1861,2.03165,7.46262,0.00209788,0.1893,0.0381,-6.517,3.980,2.9331,-0.0129,0.0171,-6.222,3.943
236.41,54.600,0.1893,0.0381,0.0182,-0.0309,-0.0158,-0.0129,0.0172,2.9341,-6.575,3.901,0.1868,2.04256,7.77641,0.00237469,0.1898,0.0343,-6.523,3.981,2.9337,-0.0129,0.0172,-6.222,3.943
236.51,54.640,0.1898,0.0343,0.0182,-0.0309,-0.0159,-0.0129,0.0173,2.9347,-6.581,3.902,0.1867,2.05773,8.20978,0.00237469,0.1898,0.0343,-6.530,3.982,2.9344,-0.0129,0.0173,-6.222,3.943
236.61,54.660,0.1898,0.0343,0.0182,-0.0313,-0.0158,-0.0129,0.0174,2.9352,-6.586,3.903,0.1870,2.06956,8.54612,0.00209788,0.1898,0.0343,-6.536,3.983,2.9350,-0.0129,0.0174,-6.222,3.943
236.71,54.700,0.1898,0.0343,0.0182,-0.0315,-0.0158,-0.0129,0.0176,2.9357,-6.592,3.904,0.1876,2.0818,8.89226,0.00237469,0.1902,0.0308,-6.541,3.984,2.9355,-0.0129,0.0176,-6.222,3.943
236.81,54.720,0.1902,0.0308,0.0163,-0.0318,-0.0161,-0.0129,0.0178,2.9362,-6.597,3.906,0.1876,2.09873,9.36915,0.00237469,0.1902,0.0308,-6.549,3.985,2.9362,-0.0129,0.0177,-6.222,3.943
236.91,54.760,0.1902,0.0308,0.0163,-0.0320,-0.0161,-0.0129,0.0179,2.9367,-6.603,3.907,0.1876,2.09873,9.36915,0.00237469,0.1902,0.0308,-6.549,3.985,2.9362,-0.0129,0.0179,-6.222,3.943
237.01,54.780,0.1902,0.0308,0.0163,-0.0321,-0.0161,-0.0129,0.0180,2.9371,-6.608,3.908,0.1875,2.11189,9.73844,0.00209788,0.1902,0.0308,-6.555,3.986,2.9367,-0.0129,0.0180,-6.222,3.943
237.11,54.800,0.1902,0.0308,0.0145,-0.0321,-0.0166,-0.0129,0.0180,2.9375,-6.612,3.909,0.1881,2.12546,10.1178,0.00237469,0.1906,0.0275,-6.560,3.986,2.9372,-0.0129,0.0180,-6.222,3.943
237.21,54.840,0.1906,0.0275,0.0145,-0.0321,-0.0167,-0.0129,0.0180,2.9379,-6.617,3.910,0.1881,2.14417,10.6394,0.00237469,0.1906,0.0275,-6.568,3.988,2.9378,-0.0129,0.0180,-6.222,3.943
237.31,54.860,0.1906,0.0275,0.0145,-0.0324,-0.0166,-0.0130,0.0181,2.9383,-6.622,3.911,0.1884,2.15867,11.0425,0.00209788,0.1906,0.0275,-6.574,3.988,2.9382,-0.0130,0.0181,-6.222,3.943
237.41,54.880,0.1906,0.0275,0.0145,-0.0326,-0.0166,-0.0129,0.0183,2.9387,-6.627,3.912,0.1884,2.15867,11.0425,0.00209788,0.1906,0.0275,-6.574,3.988,2.9382,-0.0129,0.0183,-6.222,3.943
237.51,54.920,0.1910,0.0244,0.0129,-0.0329,-0.0168,-0.0129,0.0184,2.9390,-6.632,3.913,0.1889,2.17359,11.456,0.00237469,0.1910,0.0244,-6.579,3.989,2.9386,-0.0129,0.0184,-6.222,3.943
237.61,54.940,0.1910,0.0244,0.0129,-0.0329,-0.0169,-0.0129,0.0185,2.9394,-6.637,3.914,0.1889,2.19411,12.0234,0.00237469,0.1910,0.0244,-6.587,3.990,2.9392,-0.0129,0.0185,-6.222,3.943
237.71,54.980,0.1910,0.0244,0.0129,-0.0329,-0.0170,-0.0130,0.0186,2.9398,-6.643,3.915,0.1889,2.20997,12.4613,0.00209788,0.1910,0.0244,-6.593,3.991,2.9396,-0.0130,0.0186,-6.222,3.943
237.81,55.000,0.1910,0.0244,0.0122,0.0547,-0.0703,-0.0130,0.0186,2.9402,-6.648,3.917,0.1897,2.22626,12.9098,0.00237469,0.1913,0.0216,-6.598,3.992,2.9399,-0.0130,0.0186,-6.407,3.983
237.91,55.020,0.1913,0.0216,0.0114,-0.0334,-0.0172,-0.0129,0.0188,2.9405,-6.653,3.918,0.1898,1.3528,3.16847,0.00237468,0.1913,0.0216,-6.542,4.000,2.9404,-0.0130,0.0188,-6.407,3.983
238.01,55.060,0.1913,0.0216,0.0114,-0.0337,-0.0171,-0.0129,0.0190,2.9408,-6.658,3.919,0.1898,1.3528,3.16847,0.00237468,0.1913,0.0216,-6.542,4.000,2.9404,-0.0129,0.0190,-6.407,3.983
238.11,55.080,0.1913,0.0216,0.0114,-0.0340,-0.0171,-0.0128,0.0192,2.9411,-6.664,3.920,0.1897,1.35789,3.28202,0.00209788,0.1913,0.0216,-6.547,4.001,2.9408,-0.0128,0.0192,-6.407,3.983
238.21,55.120,0.1895,0.0355,0.0192,-0.0340,-0.0157,-0.0127,0.0196,2.9416,-6.669,3.921,0.1869,1.36314,3.39932,0.00237468,0.1895,0.0364,-6.553,4.003,2.9411,-0.0127,0.0195,-6.407,3.983
238.31,55.140,0.1895,0.0364,0.0192,-0.0345,-0.0156,-0.0126,0.0200,2.9421,-6.674,3.922,0.1869,1.37037,3.56165,0.00237469,0.1895,0.0364,-6.561,4.004,2.9417,-0.0126,0.0200,-6.407,3.983
238.41,55.160,0.1895,0.0364,0.0192,-0.0348,-0.0155,-0.0125,0.0203,2.9425,-6.678,3.923,0.1869,1.37597,3.68788,0.00209788,0.1895,0.0364,-6.566,4.005,2.9423,-0.0125,0.0202,-6.407,3.983
238.51,55.180,0.1895,0.0364,0.0192,-0.0351,-0.0154,-0.0123,0.0206,2.9430,-6.683,3.924,0.1869,1.38172,3.81801,0.00237469,0.1898,0.0344,-6.572,4.006,2.9428,-0.0124,0.0205,-6.407,3.983
238.61,55.220,0.1898,0.0344,0.0181,-0.0358,-0.0153,-0.0123,0.0208,2.9435,-6.687,3.925,0.1868,1.38172,3.81801,0.00237469,0.1898,0.0344,-6.572,4.006,2.9428,-0.0123,0.0208,-6.407,3.983
238.71,55.240,0.1898,0.0344,0.0181,-0.0357,-0.0155,-0.0123,0.0209,2.9439,-6.692,3.926,0.1868,1.38961,3.99765,0.00237469,0.1898,0.0344,-6.579,4.008,2.9436,-0.0123,0.0209,-6.407,3.983
238.81,55.260,0.1898,0.0344,0.0181,-0.0358,-0.0155,-0.0123,0.0210,2.9444,-6.697,3.927,0.1868,1.3957,4.13702,0.00209788,0.1898,0.0344,-6.585,4.009,2.9442,-0.0123,0.0210,-6.407,3.983
238.91,55.300,0.1898,0.0344,0.0181,-0.0359,-0.0156,-0.0123,0.0211,2.9449,-6.702,3.928,0.1872,1.40195,4.28042,0.00237469,0.1901,0.0317,-6.590,4.010,2.9447,-0.0123,0.0211,-6.407,3.983
239.01,55.320,0.1901,0.0317,0.0167,-0.0360,-0.0159,-0.0124,0.0212,2.9454,-6.708,3.929,0.1872,1.4105,4.47795,0.00237469,0.1901,0.0317,-6.598,4.011,2.9454,-0.0123,0.0211,-6.407,3.983
239.11,55.360,0.1901,0.0317,0.0167,-0.0361,-0.0160,-0.0124,0.0212,2.9459,-6.713,3.930,0.1872,1.4105,4.47795,0.00237469,0.1901,0.0317,-6.598,4.011,2.9454,-0.0124,0.0212,-6.407,3.983
239.21,55.380,0.1901,0.0317,0.0167,-0.0361,-0.0160,-0.0124,0.0212,2.9463,-6.717,3.931,0.1872,1.4171,4.63091,0.00209788,0.1901,0.0317,-6.603,4.012,2.9459,-0.0124,0.0212,-6.407,3.983
239.31,55.400,0.1901,0.0317,0.0234,-0.3182,-0.5153,-0.0124,0.0211,2.9466,-6.721,3.932,0.1875,1.42385,4.78802,0.00237469,0.1904,0.0293,-6.609,4.013,2.9464,-0.0124,0.0212,-6.407,3.983
239.41,55.420,0.1904,0.0293,0.0211,-0.0871,0.0635,-0.0123,0.0204,2.9472,-6.725,3.933,0.1873,1.42385,4.78802,0.00237469,0.1904,0.0293,-6.609,4.013,2.9464,-0.0123,0.0205,-6.407,3.983
239.51,55.460,0.1904,0.0293,0.0259,0.1928,0.1565,-0.0123,0.0183,2.9479,-6.731,3.934,0.1852,1.43308,5.00405,0.00237469,0.1904,0.0293,-6.617,4.015,2.9471,-0.0123,0.0183,-6.407,3.983
239.61,55.480,0.1904,0.0293,0.0254,-0.3503,0.0395,-0.0123,0.0151,2.9486,-6.736,3.935,0.1824,1.44018,5.17105,0.00209788,0.1904,0.0293,-6.622,4.016,2.9479,-0.0123,0.0161,-6.407,3.983
239.71,55.500,0.1904,0.0293,0.0220,-0.2744,0.0197,-0.0123,0.0128,2.9490,-6.738,3.936,0.1807,1.44743,5.34235,0.00237469,0.1907,0.0265,-6.628,4.017,2.9487,-0.0123,0.0134,-6.407,3.983
239.81,55.520,0.1907,0.0265,0.0149,-0.3085,0.3145,-0.0123,0.0102,2.9493,-6.741,3.936,0.1790,1.44743,5.34235,0.00237469,0.1907,0.0265,-6.628,4.017,2.9487,-0.0123,0.0102,-6.407,3.983
239.91,55.520,0.1907,0.0265,0.0172,-0.0732,-0.5146,-0.0123,0.0068,2.9496,-6.745,3.937,0.1766,1.45731,5.57754,0.00237469,0.1907,0.0265,-6.635,4.018,2.9495,-0.0123,0.0085,-6.407,3.983
240.01,55.540,0.1907,0.0265,0.0078,-0.2403,0.0271,-0.0123,0.0031,2.9499,-6.748,3.938,0.1745,1.45731,5.57754,0.00237469,0.1907,0.0265,-6.635,4.018,2.9495,-0.0123,0.0046,-6.407,3.983
240.11,55.560,0.1907,0.0265,0.0022,-0.2320,0.0281,-0.0123,-0.0011,2.9500,-6.751,3.938,0.1721,1.4649,5.75907,0.00209788,0.1907,0.0265,-6.641,4.019,2.9499,-0.0123,0.0003,-6.407,3.983
240.21,55.580,0.1907,0.0265,-0.0010,-0.1919,-0.0091,-0.0123,-0.0045,2.9500,-6.753,3.939,0.1710,1.4649,5.75907,0.00209788,0.1907,0.0265,-6.641,4.019,2.9499,-0.0123,-0.0045,-6.407,3.983
240.31,55.600,0.1907,0.0265,0.0265,0.6501,-0.0153,-0.0123,-0.0058,2.9504,-6.756,3.939,0.1880,1.47266,5.94505,0.00237469,0.1911,0.0236,-6.647,4.020,2.9500,-0.0123,-0.0056,-6.407,3.983
240.41,55.620,0.1911,0.0236,0.0236,0.6513,-0.0154,-0.0123,-0.0059,2.9508,-6.760,3.940,0.1923,1.47266,5.94505,0.00237469,0.1911,0.0236,-6.647,4.020,2.9500,-0.0123,-0.0060,-6.407,3.983
240.51,55.640,0.1911,0.0236,0.0236,0.6495,-0.0150,-0.0123,-0.0048,2.9513,-6.763,3.941,0.1912,1.48324,6.2,0.00237469,0.1911,0.0236,-6.654,4.022,2.9509,-0.0123,-0.0049,-6.407,3.983
240.61,55.660,0.1911,0.0236,0.0191,0.0012,0.0004,-0.0123,-0.0048,2.9516,-6.766,3.941,0.1906,1.48324,6.2,0.00237469,0.1911,0.0236,-6.654,4.022,2.9509,-0.0123,-0.0048,-6.407,3.983
240.71,55.660,0.1911,0.0236,0.0191,0.0012,0.0004,-0.0123,-0.0048,2.9519,-6.769,3.942,0.1905,1.49135,6.39653,0.00209788,0.1911,0.0236,-6.660,4.023,2.9516,-0.0123,-0.0048,-6.407,3.983
240.81,55.680,0.1911,0.0236,0.0191,0.0012,0.0004,-0.0123,-0.0048,2.9522,-6.772,3.942,0.1904,1.49135,6.39653,0.00209788,0.1911,0.0236,-6.660,4.023,2.9516,-0.0123,-0.0048,-6.407,3.983
240.91,55.700,0.1911,0.0236,0.0171,0.0011,0.0004,-0.0123,-0.0048,2.9526,-6.776,3.943,0.1906,1.49961,6.59766,0.00237469,0.1914,0.0212,-6.665,4.024,2.9522,-0.0123,-0.0048,-6.407,3.983
241.01,55.720,0.1914,0.0212,0.0171,0.0011,0.0004,-0.0123,-0.0048,2.9529,-6.780,3.944,0.1904,1.49961,6.59766,0.00237469,0.1914,0.0212,-6.665,4.024,2.9522,-0.0123,-0.0048,-6.407,3.983
241.11,55.740,0.1914,0.0212,0.0171,0.0011,0.0004,-0.0123,-0.0048,2.9533,-6.784,3.945,0.1903,1.51087,6.87308,0.00237469,0.1914,0.0212,-6.673,4.025,2.9529,-0.0123,-0.0048,-6.407,3.983
241.21,55.760,0.1914,0.0212,0.0171,0.0077,-0.0166,-0.0123,-0.0048,2.9537,-6.788,3.945,0.1902,1.51948,7.08513,0.00209788,0.1914,0.0212,-6.678,4.026,2.9534,-0.0123,-0.0048,-6.407,3.983
241.31,55.800,0.1914,0.0212,0.0172,0.0077,-0.0166,-0.0123,-0.0048,2.9541,-6.793,3.946,0.1906,1.52826,7.30194,0.00237469,0.1917,0.0185,-6.684,4.027,2.9539,-0.0123,-0.0048,-6.407,3.983
241.41,55.800,0.1914,0.0212,0.0150,0.0077,-0.0170,-0.0123,-0.0048,2.9544,-6.796,3.947,0.1907,1.52826,7.30194,0.00237469,0.1917,0.0185,-6.684,4.027,2.9539,-0.0123,-0.0048,-6.407,3.983
241.51,55.840,0.1917,0.0185,0.0150,0.0077,-0.0171,-0.0123,-0.0048,2.9547,-6.800,3.947,0.1907,1.5402,7.5985,0.00237469,0.1917,0.0185,-6.692,4.028,2.9546,-0.0123,-0.0048,-6.407,3.983
241.61,55.860,0.1917,0.0185,0.0150,0.0077,-0.0171,-0.0123,-0.0048,2.9550,-6.804,3.948,0.1907,1.5402,7.5985,0.00237469,0.1917,0.0185,-6.692,4.028,2.9546,-0.0123,-0.0048,-6.407,3.983
241.71,55.880,0.1917,0.0185,0.0150,0.0077,-0.0171,-0.0123,-0.0048,2.9553,-6.808,3.949,0.1907,1.54934,7.82659,0.00209788,0.1917,0.0185,-6.697,4.029,2.9550,-0.0123,-0.0048,-6.407,3.983
241.81,55.900,0.1917,0.0185,0.0150,0.0077,-0.0171,-0.0123,-0.0048,2.9556,-6.811,3.950,0.1910,1.55864,8.05959,0.00237469,0.1920,0.0163,-6.703,4.031,2.9554,-0.0123,-0.0048,-6.407,3.983
241.91,55.920,0.1920,0.0163,0.0132,0.0077,-0.0174,-0.0123,-0.0048,2.9559,-6.815,3.950,0.1911,1.55864,8.05959,0.00237469,0.1920,0.0163,-6.703,4.031,2.9554,-0.0123,-0.0048,-6.407,3.983
242.01,55.940,0.1920,0.0163,0.0132,0.0077,-0.0174,-0.0123,-0.0048,2.9561,-6.819,3.951,0.1911,1.57128,8.37798,0.00237469,0.1920,0.0163,-6.711,4.032,2.9560,-0.0123,-0.0048,-6.407,3.983
242.11,55.960,0.1920,0.0163,0.0132,0.0077,-0.0174,-0.0123,-0.0048,2.9564,-6.823,3.952,0.1911,1.57128,8.37798,0.00237469,0.1920,0.0163,-6.711,4.032,2.9560,-0.0123,-0.0048,-6.407,3.983
242.21,55.980,0.1920,0.0163,0.0132,0.0077,-0.0174,-0.0123,-0.0047,2.9567,-6.826,3.952,0.1911,1.58096,8.62264,0.00209788,0.1920,0.0163,-6.716,4.033,2.9564,-0.0123,-0.0048,-6.407,3.983
242.31,55.980,0.1920,0.0163,0.0132,0.0077,-0.0174,-0.0123,-0.0047,2.9569,-6.830,3.953,0.1911,1.58096,8.62264,0.00209788,0.1920,0.0163,-6.716,4.033,2.9564,-0.0123,-0.0047,-6.407,3.983
242.41,56.000,0.1920,0.0163,0.0116,0.0077,-0.0177,-0.0123,-0.0047,2.9570,-6.832,3.953,0.1914,1.5908,8.87236,0.00237469,0.1922,0.0143,-6.722,4.034,2.9568,-0.0123,-0.0047,-6.594,4.020
242.51,56.020,0.1922,0.0143,0.0116,0.0077,-0.0177,-0.0123,-0.0047,2.9572,-6.836,3.954,0.1914,1.5908,8.87236,0.00237469,0.1922,0.0143,-6.722,4.034,2.9568,-0.0123,-0.0047,-6.594,4.020
242.61,56.040,0.1922,0.0143,0.0116,0.0077,-0.0177,-0.0123,-0.0047,2.9574,-6.838,3.954,0.1914,1.06922,2.8306,0.00237468,0.1922,0.0143,-6.696,4.036,2.9573,-0.0123,-0.0047,-6.594,4.020
242.71,56.040,0.1922,0.0143,0.0116,0.0077,-0.0177,-0.0123,-0.0047,2.9576,-6.841,3.955,0.1914,1.06922,2.8306,0.00237468,0.1922,0.0143,-6.696,4.036,2.9573,-0.0123,-0.0047,-6.594,4.020
242.81,56.060,0.1922,0.0143,0.0116,0.0077,-0.0177,-0.0123,-0.0047,2.9578,-6.844,3.955,0.1914,1.07343,2.91255,0.00209788,0.1922,0.0143,-6.702,4.037,2.9576,-0.0123,-0.0047,-6.594,4.020
242.91,56.080,0.1922,0.0143,0.0116,0.0077,-0.0177,-0.0123,-0.0047,2.9580,-6.848,3.956,0.1914,1.07343,2.91255,0.00209788,0.1922,0.0143,-6.702,4.037,2.9576,-0.0123,-0.0047,-6.594,4.020
243.01,56.100,0.1922,0.0143,0.0116,0.0077,-0.0177,-0.0123,-0.0047,2.9582,-6.850,3.957,0.1908,1.0777,2.9967,0.00237468,0.1917,0.0186,-6.708,4.038,2.9580,-0.0123,-0.0047,-6.594,4.020
243.11,56.120,0.1917,0.0186,0.0151,0.0010,0.0004,-0.0123,-0.0047,2.9584,-6.853,3.957,0.1907,1.0777,2.9967,0.00237468,0.1917,0.0186,-6.708,4.038,2.9580,-0.0123,-0.0047,-6.594,4.020
243.21,56.140,0.1917,0.0186,0.0151,0.0076,-0.0171,-0.0123,-0.0047,2.9587,-6.857,3.958,0.1906,1.08352,3.11237,0.00237468,0.1917,0.0186,-6.715,4.039,2.9585,-0.0123,-0.0047,-6.594,4.020
243.31,56.160,0.1917,0.0186,0.0151,0.0076,-0.0171,-0.0123,-0.0047,2.9590,-6.860,3.958,0.1906,1.08352,3.11237,0.00237468,0.1917,0.0186,-6.715,4.039,2.9585,-0.0123,-0.0047,-6.594,4.020
243.41,56.160,0.1917,0.0186,0.0151,0.0076,-0.0171,-0.0123,-0.0047,2.9592,-6.864,3.959,0.1906,1.08797,3.20177,0.00209788,0.1917,0.0186,-6.721,4.041,2.9590,-0.0123,-0.0047,-6.594,4.020
243.51,56.180,0.1917,0.0186,0.0151,0.0076,-0.0171,-0.0124,-0.0047,2.9596,-6.867,3.960,0.1906,1.0925,3.29347,0.00237469,0.1919,0.0171,-6.727,4.042,2.9594,-0.0124,-0.0047,-6.594,4.020
243.61,56.200,0.1917,0.0186,0.0139,0.0076,-0.0173,-0.0124,-0.0047,2.9598,-6.870,3.960,0.1909,1.0925,3.29347,0.00237469,0.1919,0.0171,-6.727,4.042,2.9594,-0.0124,-0.0047,-6.594,4.020
243.71,56.220,0.1919,0.0171,0.0139,0.0076,-0.0173,-0.0124,-0.0047,2.9601,-6.874,3.961,0.1909,1.09864,3.41937,0.00237469,0.1919,0.0171,-6.734,4.043,2.9600,-0.0124,-0.0047,-6.594,4.020
243.81,56.240,0.1919,0.0171,0.0139,0.0076,-0.0173,-0.0124,-0.0047,2.9604,-6.878,3.961,0.1909,1.09864,3.41937,0.00237469,0.1919,0.0171,-6.734,4.043,2.9600,-0.0124,-0.0047,-6.594,4.020
243.91,56.260,0.1919,0.0171,0.0139,0.0076,-0.0173,-0.0124,-0.0047,2.9606,-6.882,3.962,0.1909,1.10334,3.51656,0.00209788,0.1919,0.0171,-6.740,4.044,2.9604,-0.0124,-0.0047,-6.594,4.020
244.01,56.280,0.1919,0.0171,0.0139,0.0076,-0.0173,-0.0124,-0.0047,2.9609,-6.886,3.963,0.1909,1.10334,3.51656,0.00209788,0.1919,0.0171,-6.740,4.044,2.9604,-0.0124,-0.0047,-6.594,4.020
244.11,56.300,0.1919,0.0171,0.0121,0.0076,-0.0177,-0.0124,-0.0047,2.9611,-6.889,3.963,0.1913,1.10812,3.61615,0.00237469,0.1922,0.0149,-6.745,4.045,2.9608,-0.0124,-0.0047,-6.594,4.020
244.21,56.320,0.1922,0.0149,0.0121,0.0076,-0.0177,-0.0124,-0.0047,2.9613,-6.893,3.964,0.1913,1.10812,3.61615,0.00237469,0.1922,0.0149,-6.745,4.045,2.9608,-0.0124,-0.0047,-6.594,4.020
244.31,56.340,0.1922,0.0149,0.0121,0.0076,-0.0177,-0.0124,-0.0047,2.9616,-6.896,3.965,0.1913,1.1146,3.75273,0.00237469,0.1922,0.0149,-6.753,4.047,2.9613,-0.0124,-0.0047,-6.594,4.020
244.41,56.360,0.1922,0.0149,0.0121,0.0076,-0.0177,-0.0124,-0.0047,2.9618,-6.899,3.965,0.1913,1.11955,3.85805,0.00209788,0.1922,0.0149,-6.759,4.048,2.9617,-0.0124,-0.0047,-6.594,4.020
244.51,56.380,0.1922,0.0149,0.0121,0.0076,-0.0177,-0.0124,-0.0047,2.9620,-6.903,3.966,0.1913,1.11955,3.85805,0.00209788,0.1922,0.0149,-6.759,4.048,2.9617,-0.0124,-0.0047,-6.594,4.020
244.61,56.400,0.1922,0.0149,0.0121,0.0076,-0.0177,-0.0124,-0.0047,2.9622,-6.906,3.966,0.1915,1.12459,3.96589,0.00237469,0.1923,0.0139,-6.764,4.049,2.9621,-0.0124,-0.0047,-6.594,4.020
244.71,56.420,0.1923,0.0139,0.0113,0.0076,-0.0178,-0.0124,-0.0047,2.9625,-6.910,3.967,0.1915,1.12459,3.96589,0.00237469,0.1923,0.0139,-6.764,4.049,2.9621,-0.0124,-0.0047,-6.594,4.020
244.81,56.440,0.1923,0.0139,0.0113,0.0076,-0.0178,-0.0124,-0.0047,2.9627,-6.915,3.968,0.1915,1.13142,4.11363,0.00237469,0.1923,0.0139,-6.772,4.051,2.9625,-0.0124,-0.0047,-6.594,4.020
244.91,56.460,0.1923,0.0139,0.0113,0.0076,-0.0178,-0.0124,-0.0047,2.9630,-6.919,3.969,0.1915,1.13664,4.22745,0.00209788,0.1923,0.0139,-6.777,4.052,2.9629,-0.0124,-0.0047,-6.594,4.020
245.01,56.480,0.1923,0.0139,0.0113,0.0076,-0.0178,-0.0124,-0.0047,2.9632,-6.923,3.969,0.1915,1.13664,4.22745,0.00209788,0.1923,0.0139,-6.777,4.052,2.9629,-0.0124,-0.0047,-6.594,4.020
245.11,56.500,0.1923,0.0139,0.0103,0.0075,-0.0180,-0.0124,-0.0047,2.9634,-6.926,3.970,0.1917,1.14195,4.34389,0.00237469,0.1924,0.0127,-6.783,4.053,2.9632,-0.0124,-0.0047,-6.594,4.020
245.21,56.520,0.1924,0.0127,0.0103,0.0075,-0.0180,-0.0124,-0.0047,2.9636,-6.931,3.971,0.1917,1.14914,4.50329,0.00237469,0.1924,0.0127,-6.791,4.054,2.9636,-0.0124,-0.0047,-6.594,4.020
245.31,56.540,0.1924,0.0127,0.0103,0.0075,-0.0180,-0.0124,-0.0047,2.9638,-6.934,3.971,0.1917,1.14914,4.50329,0.00237469,0.1924,0.0127,-6.791,4.054,2.9636,-0.0124,-0.0047,-6.594,4.020
245.41,56.560,0.1924,0.0127,0.0103,0.0075,-0.0180,-0.0124,-0.0047,2.9640,-6.938,3.972,0.1917,1.15464,4.62598,0.00209788,0.1924,0.0127,-6.796,4.055,2.9639,-0.0124,-0.0047,-6.594,4.020
245.51,56.580,0.1924,0.0127,0.0103,0.0075,-0.0180,-0.0124,-0.0047,2.9642,-6.942,3.973,0.1917,1.15464,4.62598,0.00209788,0.1924,0.0127,-6.796,4.055,2.9639,-0.0124,-0.0047,-6.594,4.020
245.61,56.600,0.1924,0.0127,0.0103,0.0075,-0.0180,-0.0124,-0.0047,2.9644,-6.945,3.973,0.1919,1.16022,4.75141,0.00237469,0.1926,0.0115,-6.802,4.057,2.9642,-0.0124,-0.0047,-6.594,4.020
245.71,56.620,0.1926,0.0115,0.0094,0.0075,-0.0182,-0.0124,-0.0047,2.9646,-6.948,3.974,0.1919,1.16022,4.75141,0.00237469,0.1926,0.0115,-6.802,4.057,2.9642,-0.0124,-0.0047,-6.594,4.020
245.81,56.640,0.1926,0.0115,0.0094,0.0075,-0.0182,-0.0124,-0.0046,2.9648,-6.952,3.974,0.1919,1.16779,4.92297,0.00237469,0.1926,0.0115,-6.810,4.058,2.9646,-0.0124,-0.0047,-6.594,4.020
245.91,56.660,0.1926,0.0115,0.0094,0.0075,-0.0182,-0.0124,-0.0046,2.9649,-6.956,3.975,0.1919,1.17357,5.05492,0.00209788,0.1926,0.0115,-6.815,4.059,2.9649,-0.0124,-0.0046,-6.594,4.020
246.01,56.680,0.1926,0.0115,0.0094,0.0075,-0.0182,-0.0124,-0.0046,2.9651,-6.958,3.975,0.1919,1.17357,5.05492,0.00209788,0.1926,0.0115,-6.815,4.059,2.9649,-0.0124,-0.0046,-6.594,4.020
246.11,56.680,0.1926,0.0115,0.0094,0.0075,-0.0182,-0.0124,-0.0046,2.9652,-6.962,3.976,0.1919,1.17357,5.05492,0.00209788,0.1926,0.0115,-6.815,4.059,2.9649,-0.0124,-0.0046,-6.594,4.020
246.21,56.700,0.1926,0.0115,0.0086,0.0075,-0.0184,-0.0124,-0.0046,2.9654,-6.965,3.977,0.1921,1.17944,5.18973,0.00237469,0.1927,0.0106,-6.821,4.060,2.9652,-0.0124,-0.0046,-6.594,4.020
246.31,56.720,0.1927,0.0106,0.0086,0.0075,-0.0184,-0.0124,-0.0046,2.9656,-6.969,3.977,0.1921,1.18739,5.37399,0.00237469,0.1927,0.0106,-6.828,4.062,2.9655,-0.0124,-0.0046,-6.594,4.020
246.41,56.740,0.1927,0.0106,0.0086,0.0075,-0.0184,-0.0124,-0.0046,2.9657,-6.972,3.978,0.1921,1.18739,5.37399,0.00237469,0.1927,0.0106,-6.828,4.062,2.9655,-0.0124,-0.0046,-6.594,4.020
246.51,56.760,0.1927,0.0106,0.0086,0.0075,-0.0184,-0.0124,-0.0046,2.9659,-6.976,3.979,0.1921,1.19347,5.51561,0.00209788,0.1927,0.0106,-6.834,4.063,2.9658,-0.0124,-0.0046,-6.594,4.020
246.61,56.780,0.1927,0.0106,0.0086,0.0075,-0.0184,-0.0124,-0.0046,2.9661,-6.981,3.979,0.1921,1.19963,5.66021,0.00237469,0.1928,0.0098,-6.840,4.064,2.9660,-0.0124,-0.0046,-6.594,4.020
246.71,56.820,0.1928,0.0098,0.0080,0.0075,-0.0185,-0.0124,-0.0046,2.9663,-6.985,3.980,0.1922,1.19963,5.66021,0.00237469,0.1928,0.0098,-6.840,4.064,2.9660,-0.0124,-0.0046,-6.594,4.020
246.81,56.840,0.1928,0.0098,0.0080,0.0075,-0.0185,-0.0124,-0.0046,2.9665,-6.990,3.981,0.1922,1.20799,5.85772,0.00237469,0.1928,0.0098,-6.847,4.066,2.9664,-0.0124,-0.0046,-6.594,4.020
246.91,56.860,0.1928,0.0098,0.0080,0.0075,-0.0185,-0.0124,-0.0046,2.9667,-6.994,3.982,0.1922,1.21437,6.00942,0.00209788,0.1928,0.0098,-6.853,4.067,2.9666,-0.0124,-0.0046,-6.594,4.020
247.01,56.880,0.1928,0.0098,0.0080,0.0075,-0.0185,-0.0124,-0.0046,2.9668,-6.997,3.982,0.1922,1.21437,6.00942,0.00209788,0.1928,0.0098,-6.853,4.067,2.9666,-0.0124,-0.0046,-6.594,4.020
247.11,56.900,0.1928,0.0098,0.0080,0.0075,-0.0186,-0.0124,-0.0046,2.9670,-7.001,3.983,0.1924,1.22084,6.16424,0.00237469,0.1929,0.0091,-6.859,4.068,2.9669,-0.0124,-0.0046,-6.594,4.020
247.21,56.920,0.1929,0.0091,0.0075,0.0076,-0.0185,-0.0124,-0.0046,2.9671,-7.005,3.983,0.1924,1.22084,6.16424,0.00237469,0.1929,0.0091,-6.859,4.068,2.9669,-0.0124,-0.0046,-6.594,4.020
247.31,56.940,0.1929,0.0091,0.0075,0.0077,-0.0184,-0.0124,-0.0046,2.9673,-7.009,3.984,0.1924,1.22962,6.37556,0.00237469,0.1929,0.0091,-6.866,4.069,2.9672,-0.0124,-0.0046,-6.594,4.020
247.41,56.960,0.1929,0.0091,0.0075,0.0086,-0.0174,-0.0124,-0.0046,2.9674,-7.012,3.985,0.1924,1.22962,6.37556,0.00237469,0.1929,0.0091,-6.866,4.069,2.9672,-0.0124,-0.0046,-6.594,4.020
247.51,56.980,0.1929,0.0091,0.0083,0.0019,-0.0033,-0.0124,-0.0046,2.9676,-7.017,3.985,0.1926,1.23631,6.53779,0.00209788,0.1929,0.0091,-6.872,4.070,2.9674,-0.0124,-0.0046,-6.594,4.020
247.61,57.000,0.1929,0.0091,0.0083,0.0075,-0.0185,-0.0124,-0.0046,2.9678,-7.021,3.986,0.1926,1.24311,6.70326,0.00237469,0.1929,0.0085,-6.878,4.072,2.9676,-0.0124,-0.0046,-6.783,4.054
247.71,57.020,0.1929,0.0085,0.0078,0.0076,-0.0186,-0.0124,-0.0046,2.9679,-7.025,3.987,0.1926,1.24311,6.70326,0.00237469,0.1929,0.0085,-6.878,4.072,2.9676,-0.0124,-0.0046,-6.783,4.054
247.81,57.040,0.1929,0.0085,0.0077,0.0077,-0.0187,-0.0124,-0.0046,2.9681,-7.029,3.988,0.1927,0.895378,2.56138,0.00237468,0.1929,0.0085,-6.865,4.069,2.9679,-0.0124,-0.0046,-6.783,4.054
247.91,57.060,0.1929,0.0085,0.0077,0.0082,-0.0188,-0.0124,-0.0046,2.9683,-7.033,3.988,0.1927,0.898963,2.62669,0.00209788,0.1929,0.0085,-6.871,4.070,2.9682,-0.0124,-0.0046,-6.783,4.054
248.01,57.080,0.1929,0.0085,0.0070,0.0075,-0.0187,-0.0124,-0.0046,2.9684,-7.037,3.989,0.1929,0.898963,2.62669,0.00209788,0.1929,0.0085,-6.871,4.070,2.9682,-0.0124,-0.0046,-6.783,4.054
248.11,57.100,0.1929,0.0085,0.0061,0.0075,-0.0189,-0.0124,-0.0046,2.9686,-7.041,3.990,0.1930,0.902601,2.69366,0.00237468,0.1931,0.0075,-6.877,4.071,2.9684,-0.0124,-0.0046,-6.783,4.054
248.21,57.140,0.1931,0.0075,0.0061,0.0075,-0.0189,-0.0124,-0.0046,2.9687,-7.045,3.990,0.1930,0.90753,2.78561,0.00237468,0.1931,0.0075,-6.884,4.073,2.9687,-0.0124,-0.0046,-6.783,4.054
248.31,57.160,0.1931,0.0075,0.0061,0.0074,-0.0189,-0.0124,-0.0046,2.9688,-7.049,3.991,0.1930,0.90753,2.78561,0.00237468,0.1931,0.0075,-6.884,4.073,2.9687,-0.0124,-0.0046,-6.783,4.054
248.41,57.180,0.1931,0.0075,0.0061,0.0074,-0.0189,-0.0124,-0.0046,2.9690,-7.053,3.992,0.1930,0.911288,2.8566,0.00209788,0.1931,0.0075,-6.890,4.074,2.9688,-0.0124,-0.0046,-6.783,4.054
248.51,57.200,0.1931,0.0075,0.0061,0.0074,-0.0189,-0.0124,-0.0046,2.9691,-7.057,3.992,0.1931,0.915102,2.92935,0.00237469,0.1931,0.0071,-6.896,4.075,2.9690,-0.0124,-0.0046,-6.783,4.054
248.61,57.220,0.1931,0.0071,0.0058,0.0074,-0.0190,-0.0124,-0.0046,2.9692,-7.061,3.993,0.1931,0.915102,2.92935,0.00237469,0.1931,0.0071,-6.896,4.075,2.9690,-0.0124,-0.0046,-6.783,4.054
248.71,57.240,0.1931,0.0071,0.0058,0.0074,-0.0190,-0.0124,-0.0046,2.9693,-7.065,3.994,0.1931,0.920271,3.02915,0.00237469,0.1931,0.0071,-6.903,4.077,2.9693,-0.0124,-0.0046,-6.783,4.054
248.81,57.260,0.1931,0.0071,0.0058,0.0074,-0.0190,-0.0124,-0.0046,2.9695,-7.069,3.994,0.1931,0.92421,3.10614,0.00209788,0.1931,0.0071,-6.909,4.078,2.9694,-0.0124,-0.0046,-6.783,4.054
248.91,57.280,0.1931,0.0071,0.0058,0.0074,-0.0190,-0.0124,-0.0046,2.9696,-7.074,3.995,0.1931,0.92421,3.10614,0.00209788,0.1931,0.0071,-6.909,4.078,2.9694,-0.0124,-0.0046,-6.783,4.054
249.01,57.300,0.1931,0.0071,0.0058,0.0074,-0.0190,-0.0124,-0.0046,2.9697,-7.078,3.996,0.1931,0.92821,3.185,0.00237469,0.1932,0.0069,-6.915,4.079,2.9696,-0.0124,-0.0046,-6.783,4.054
249.11,57.320,0.1932,0.0069,0.0056,0.0074,-0.0190,-0.0124,-0.0046,2.9698,-7.081,3.997,0.1931,0.92821,3.185,0.00237469,0.1932,0.0069,-6.915,4.079,2.9696,-0.0124,-0.0046,-6.783,4.054
249.21,57.340,0.1932,0.0069,0.0056,0.0074,-0.0190,-0.0124,-0.0046,2.9699,-7.085,3.997,0.1931,0.933629,3.29309,0.00237469,0.1932,0.0069,-6.922,4.081,2.9698,-0.0124,-0.0046,-6.783,4.054
249.31,57.360,0.1932,0.0069,0.0056,0.0074,-0.0190,-0.0124,-0.0046,2.9700,-7.088,3.998,0.1931,0.93776,3.37642,0.00209788,0.1932,0.0069,-6.928,4.082,2.9700,-0.0124,-0.0046,-6.783,4.054
249.41,57.380,0.1932,0.0069,0.0056,0.0074,-0.0190,-0.0124,-0.0046,2.9701,-7.092,3.998,0.1931,0.93776,3.37642,0.00209788,0.1932,0.0069,-6.928,4.082,2.9700,-0.0124,-0.0046,-6.783,4.054
249.51,57.400,0.1932,0.0069,0.0056,0.0074,-0.0190,-0.0124,-0.0046,2.9702,-7.095,3.999,0.1931,0.941953,3.46172,0.00237469,0.1932,0.0067,-6.934,4.083,2.9702,-0.0124,-0.0046,-6.783,4.054
249.61,57.420,0.1932,0.0067,0.0055,0.0074,-0.0190,-0.0124,-0.0046,2.9703,-7.099,3.999,0.1931,0.941953,3.46172,0.00237469,0.1932,0.0067,-6.934,4.083,2.9702,-0.0124,-0.0046,-6.783,4.054
249.71,57.420,0.1932,0.0067,0.0055,0.0074,-0.0190,-0.0124,-0.0046,2.9704,-7.102,4.000,0.1931,0.947634,3.57857,0.00237469,0.1932,0.0067,-6.941,4.084,2.9704,-0.0124,-0.0046,-6.783,4.054
249.81,57.440,0.1932,0.0067,0.0055,0.0074,-0.0190,-0.0124,-0.0046,2.9705,-7.104,4.000,0.1931,0.947634,3.57857,0.00237469,0.1932,0.0067,-6.941,4.084,2.9704,-0.0124,-0.0046,-6.783,4.054
249.91,57.460,0.1932,0.0067,0.0055,0.0074,-0.0190,-0.0124,-0.0046,2.9706,-7.108,4.001,0.1931,0.951964,3.66859,0.00209788,0.1932,0.0067,-6.947,4.086,2.9705,-0.0124,-0.0046,-6.783,4.054
250.01,57.480,0.1932,0.0067,0.0055,0.0074,-0.0190,-0.0124,-0.0046,2.9707,-7.111,4.002,0.1931,0.951964,3.66859,0.00209788,0.1932,0.0067,-6.947,4.086,2.9705,-0.0124,-0.0046,-6.783,4.054
250.11,57.500,0.1932,0.0067,0.0055,0.0074,-0.0190,-0.0124,-0.0046,2.9708,-7.115,4.002,0.1931,0.95636,3.76069,0.00237469,0.1932,0.0066,-6.953,4.087,2.9707,-0.0124,-0.0046,-6.783,4.054
250.21,57.520,0.1932,0.0066,0.0054,0.0074,-0.0190,-0.0124,-0.0046,2.9709,-7.119,4.003,0.1931,0.95636,3.76069,0.00237469,0.1932,0.0066,-6.953,4.087,2.9707,-0.0124,-0.0046,-6.783,4.054
250.31,57.540,0.1932,0.0066,0.0054,0.0074,-0.0190,-0.0124,-0.0046,2.9710,-7.122,4.003,0.1931,0.962316,3.88677,0.00237469,0.1932,0.0066,-6.960,4.088,2.9709,-0.0124,-0.0046,-6.783,4.054
250.41,57.540,0.1932,0.0066,0.0054,0.0074,-0.0190,-0.0124,-0.0046,2.9711,-7.125,4.004,0.1931,0.962316,3.88677,0.00237469,0.1932,0.0066,-6.960,4.088,2.9709,-0.0124,-0.0046,-6.783,4.054
250.51,57.560,0.1932,0.0066,0.0054,0.0074,-0.0190,-0.0124,-0.0046,2.9712,-7.128,4.005,0.1931,0.966855,3.98384,0.00209788,0.1932,0.0066,-6.966,4.089,2.9711,-0.0124,-0.0046,-6.783,4.054
250.61,57.580,0.1932,0.0066,0.0054,0.0074,-0.0190,-0.0124,-0.0046,2.9713,-7.131,4.005,0.1931,0.966855,3.98384,0.00209788,0.1932,0.0066,-6.966,4.089,2.9711,-0.0124,-0.0046,-6.783,4.054
250.71,57.600,0.1932,0.0066,0.0054,0.0074,-0.0190,-0.0124,-0.0046,2.9713,-7.134,4.006,0.1931,0.971462,4.08311,0.00237469,0.1932,0.0066,-6.971,4.091,2.9713,-0.0124,-0.0046,-6.783,4.054
250.81,57.620,0.1932,0.0066,0.0054,0.0074,-0.0191,-0.0124,-0.0046,2.9714,-7.137,4.006,0.1931,0.971462,4.08311,0.00237469,0.1932,0.0066,-6.971,4.091,2.9713,-0.0124,-0.0046,-6.783,4.054
250.91,57.640,0.1932,0.0066,0.0054,0.0074,-0.0191,-0.0124,-0.0046,2.9715,-7.141,4.007,0.1931,0.977704,4.21892,0.00237469,0.1932,0.0066,-6.979,4.092,2.9715,-0.0124,-0.0046,-6.783,4.054
251.01,57.660,0.1932,0.0066,0.0054,0.0074,-0.0191,-0.0124,-0.0046,2.9716,-7.145,4.007,0.1931,0.977704,4.21892,0.00237469,0.1932,0.0066,-6.979,4.092,2.9715,-0.0124,-0.0046,-6.783,4.054
251.11,57.660,0.1932,0.0066,0.0054,0.0074,-0.0191,-0.0124,-0.0046,2.9717,-7.148,4.008,0.1931,0.982462,4.32343,0.00209788,0.1932,0.0066,-6.985,4.093,2.9716,-0.0124,-0.0046,-6.783,4.054
251.21,57.680,0.1932,0.0066,0.0054,0.0074,-0.0191,-0.0124,-0.0046,2.9718,-7.152,4.008,0.1931,0.982462,4.32343,0.00209788,0.1932,0.0066,-6.985,4.093,2.9716,-0.0124,-0.0046,-6.783,4.054
251.31,57.700,0.1932,0.0066,0.0054,0.0074,-0.0191,-0.0124,-0.0046,2.9719,-7.155,4.009,0.1931,0.98729,4.43025,0.00237469,0.1932,0.0066,-6.990,4.094,2.9718,-0.0124,-0.0046,-6.783,4.054
251.41,57.720,0.1932,0.0066,0.0054,0.0074,-0.0191,-0.0124,-0.0046,2.9720,-7.158,4.009,0.1931,0.98729,4.43025,0.00237469,0.1932,0.0066,-6.990,4.094,2.9718,-0.0124,-0.0046,-6.783,4.054
251.51,57.740,0.1932,0.0066,0.0054,0.0074,-0.0191,-0.0124,-0.0046,2.9721,-7.161,4.010,0.1931,0.993832,4.57631,0.00237469,0.1932,0.0066,-6.998,4.096,2.9720,-0.0124,-0.0046,-6.783,4.054
251.61,57.760,0.1932,0.0066,0.0054,0.0074,-0.0191,-0.0124,-0.0046,2.9722,-7.165,4.011,0.1931,0.998818,4.68865,0.00209788,0.1932,0.0066,-7.004,4.097,2.9722,-0.0124,-0.0046,-6.783,4.054
251.71,57.780,0.1932,0.0066,0.0054,0.0074,-0.0191,-0.0124,-0.0046,2.9723,-7.169,4.011,0.1931,0.998818,4.68865,0.00209788,0.1932,0.0066,-7.004,4.097,2.9722,-0.0124,-0.0046,-6.783,4.054
251.81,57.800,0.1932,0.0066,0.0054,0.0074,-0.0191,-0.0124,-0.0046,2.9724,-7.172,4.012,0.1931,1.00388,4.80341,0.00237469,0.1932,0.0066,-7.009,4.098,2.9723,-0.0124,-0.0046,-6.783,4.054
251.91,57.820,0.1932,0.0066,0.0054,0.0074,-0.0191,-0.0124,-0.0046,2.9725,-7.175,4.012,0.1931,1.00388,4.80341,0.00237469,0.1932,0.0066,-7.009,4.098,2.9723,-0.0124,-0.0046,-6.783,4.054
252.01,57.820,0.1932,0.0066,0.0054,0.0074,-0.0191,-0.0124,-0.0046,2.9726,-7.178,4.013,0.1931,1.01073,4.96027,0.00237469,0.1932,0.0066,-7.017,4.100,2.9725,-0.0124,-0.0046,-6.783,4.054
252.11,57.840,0.1932,0.0066,0.0054,0.0074,-0.0191,-0.0124,-0.0046,2.9727,-7.181,4.013,0.1931,1.01073,4.96027,0.00237469,0.1932,0.0066,-7.017,4.100,2.9725,-0.0124,-0.0046,-6.783,4.054
252.21,57.860,0.1932,0.0066,0.0054,0.0074,-0.0191,-0.0124,-0.0045,2.9728,-7.186,4.014,0.1931,1.01595,5.08084,0.00209788,0.1932,0.0066,-7.023,4.101,2.9727,-0.0124,-0.0046,-6.783,4.054
252.31,57.900,0.1932,0.0066,0.0054,0.0074,-0.0191,-0.0124,-0.0045,2.9729,-7.191,4.015,0.1931,1.02125,5.20397,0.00237469,0.1932,0.0067,-7.028,4.102,2.9729,-0.0124,-0.0045,-6.783,4.054
252.41,57.920,0.1932,0.0067,0.0055,0.0074,-0.0190,-0.0124,-0.0045,2.9731,-7.195,4.016,0.1931,1.02125,5.20397,0.00237469,0.1932,0.0067,-7.028,4.102,2.9729,-0.0124,-0.0045,-6.783,4.054
252.51,57.940,0.1932,0.0067,0.0055,0.0074,-0.0190,-0.0124,-0.0045,2.9732,-7.199,4.016,0.1931,1.02843,5.37218,0.00237469,0.1932,0.0067,-7.036,4.104,2.9731,-0.0124,-0.0045,-6.783,4.054
252.61,57.960,0.1932,0.0067,0.0055,0.0074,-0.0190,-0.0124,-0.0045,2.9732,-7.202,4.017,0.1931,1.02843,5.37218,0.00237469,0.1932,0.0067,-7.036,4.104,2.9731,-0.0124,-0.0045,-6.783,4.054
252.71,57.980,0.1932,0.0067,0.0055,0.0074,-0.0190,-0.0124,-0.0045,2.9734,-7.206,4.017,0.1931,1.0339,5.50141,0.00209788,0.1932,0.0067,-7.042,4.105,2.9732,-0.0124,-0.0045,-6.783,4.054
252.81,58.000,0.1932,0.0067,0.0055,0.0074,-0.0190,-0.0124,-0.0045,2.9735,-7.210,4.018,0.1931,1.03945,5.63333,0.00237469,0.1932,0.0068,-7.047,4.106,2.9734,-0.0124,-0.0045,-6.973,4.087
252.91,58.000,0.1932,0.0067,0.0056,0.0074,-0.0190,-0.0124,-0.0045,2.9736,-7.212,4.019,0.1931,1.03945,5.63333,0.00237469,0.1932,0.0068,-7.047,4.106,2.9734,-0.0124,-0.0045,-6.973,4.087
253.01,58.020,0.1932,0.0068,0.0056,0.0074,-0.0190,-0.0124,-0.0045,2.9736,-7.215,4.019,0.1931,1.03945,5.63333,0.00237469,0.1932,0.0068,-7.047,4.106,2.9734,-0.0124,-0.0045,-6.973,4.087
253.11,58.040,0.1932,0.0068,0.0056,0.0073,-0.0190,-0.0124,-0.0045,2.9737,-7.219,4.020,0.1931,0.781384,2.38909,0.00237468,0.1932,0.0068,-7.042,4.102,2.9736,-0.0124,-0.0045,-6.973,4.087
253.21,58.060,0.1932,0.0068,0.0056,0.0073,-0.0190,-0.0124,-0.0045,2.9738,-7.222,4.020,0.1931,0.784665,2.44716,0.00209788,0.1932,0.0068,-7.047,4.103,2.9738,-0.0124,-0.0045,-6.973,4.087
253.31,58.080,0.1932,0.0068,0.0056,0.0073,-0.0190,-0.0124,-0.0045,2.9739,-7.226,4.021,0.1931,0.784665,2.44716,0.00209788,0.1932,0.0068,-7.047,4.103,2.9738,-0.0124,-0.0045,-6.973,4.087
253.41,58.100,0.1932,0.0068,0.0056,0.0073,-0.0190,-0.0124,-0.0045,2.9740,-7.229,4.021,0.1917,0.787992,2.50677,0.00237468,0.1814,0.1020,-7.053,4.104,2.9740,-0.0124,-0.0045,-6.973,4.087
253.51,58.120,0.1821,0.0223,0.0197,-0.1782,-0.0650,-0.0124,-0.0045,2.9742,-7.232,4.022,0.1825,0.787992,2.50677,0.00237468,0.1814,0.1020,-7.053,4.104,2.9740,-0.0124,-0.0045,-6.973,4.087
253.61,58.120,0.1821,0.0223,0.0301,0.0234,0.0085,-0.0124,-0.0045,2.9747,-7.235,4.022,0.1825,0.792497,2.58868,0.00237468,0.1814,0.1020,-7.061,4.106,2.9744,-0.0124,-0.0045,-6.973,4.087
253.71,58.140,0.1814,0.0423,0.0465,0.0244,0.0089,-0.0124,-0.0045,2.9755,-7.238,4.023,0.1828,0.792497,2.58868,0.00237468,0.1814,0.1020,-7.061,4.106,2.9744,-0.0124,-0.0045,-6.973,4.087
253.81,58.160,0.1814,0.0623,0.0629,0.0254,0.0092,-0.0124,-0.0045,2.9764,-7.241,4.023,0.1830,0.795921,2.65198,0.00209788,0.1814,0.1020,-7.066,4.107,2.9756,-0.0124,-0.0045,-6.973,4.087
253.91,58.180,0.1814,0.0823,0.0711,0.0259,0.0094,-0.0124,-0.0045,2.9774,-7.244,4.024,0.1833,0.795921,2.65198,0.00209788,0.1814,0.1020,-7.066,4.107,2.9756,-0.0124,-0.0045,-6.973,4.087
254.01,58.200,0.1814,0.1009,0.0836,0.0050,0.0018,-0.0124,-0.0045,2.9789,-7.247,4.024,0.1836,0.799379,2.71693,0.00237469,0.1816,0.1007,-7.071,4.108,2.9776,-0.0124,-0.0045,-6.973,4.087
254.11,58.220,0.1816,0.1007,0.0827,0.0049,0.0018,-0.0124,-0.0045,2.9803,-7.250,4.025,0.1836,0.799379,2.71693,0.00237469,0.1816,0.1007,-7.071,4.108,2.9776,-0.0124,-0.0045,-6.973,4.087
254.21,58.220,0.1816,0.1007,0.0827,0.0049,0.0018,-0.0125,-0.0044,2.9817,-7.253,4.025,0.1835,0.804021,2.80616,0.00237469,0.1816,0.1007,-7.078,4.109,2.9809,-0.0124,-0.0044,-6.973,4.087
254.31,58.240,0.1816,0.1007,0.0828,0.0049,0.0018,-0.0125,-0.0044,2.9829,-7.256,4.026,0.1835,0.804021,2.80616,0.00237469,0.1816,0.1007,-7.078,4.109,2.9809,-0.0125,-0.0044,-6.973,4.087
254.41,58.260,0.1816,0.1007,0.0827,0.0045,0.0016,-0.0125,-0.0044,2.9846,-7.259,4.026,0.1834,0.80752,2.87509,0.00209788,0.1816,0.1007,-7.084,4.110,2.9835,-0.0125,-0.0044,-6.973,4.087
254.51,58.280,0.1816,0.1007,0.0827,0.0044,0.0016,-0.0125,-0.0044,2.9866,-7.264,4.027,0.1834,0.80752,2.87509,0.00209788,0.1816,0.1007,-7.084,4.110,2.9835,-0.0125,-0.0044,-6.973,4.087
254.61,58.320,0.1829,0.0902,0.0742,0.0036,0.0013,-0.0125,-0.0044,2.9885,-7.268,4.028,0.1842,0.811036,2.94579,0.00237469,0.1829,0.0902,-7.089,4.111,2.9860,-0.0125,-0.0044,-6.973,4.087
254.71,58.340,0.1829,0.0902,0.0742,0.0030,0.0010,-0.0125,-0.0043,2.9904,-7.273,4.028,0.1841,0.815744,3.04286,0.00237469,0.1829,0.0902,-7.096,4.113,2.9892,-0.0125,-0.0043,-6.973,4.087
254.81,58.360,0.1829,0.0902,0.0740,-0.0005,-0.0002,-0.0125,-0.0043,2.9923,-7.278,4.029,0.1840,0.819291,3.11781,0.00209788,0.1829,0.0902,-7.102,4.114,2.9914,-0.0125,-0.0043,-6.973,4.087
254.91,58.380,0.1829,0.0902,0.0674,0.0036,0.0012,-0.0125,-0.0043,2.9940,-7.282,4.029,0.1821,0.819291,3.11781,0.00209788,0.1829,0.0902,-7.102,4.114,2.9914,-0.0125,-0.0043,-6.973,4.087
255.01,58.420,0.1842,0.0797,0.0595,0.0033,0.0011,-0.0125,-0.0043,2.9955,-7.286,4.030,0.1831,0.822857,3.19463,0.00237469,0.1842,0.0797,-7.107,4.115,2.9936,-0.0125,-0.0043,-6.973,4.087
255.11,58.440,0.1842,0.0797,0.0596,0.0033,0.0011,-0.0125,-0.0043,2.9968,-7.290,4.030,0.1831,0.827632,3.30002,0.00237469,0.1842,0.0797,-7.114,4.116,2.9962,-0.0125,-0.0043,-6.973,4.087
255.21,58.460,0.1842,0.0797,0.0596,0.0033,0.0011,-0.0125,-0.0042,2.9981,-7.294,4.031,0.1830,0.827632,3.30002,0.00237469,0.1842,0.0797,-7.114,4.116,2.9962,-0.0125,-0.0042,-6.973,4.087
255.31,58.480,0.1842,0.0797,0.0596,0.0033,0.0011,-0.0125,-0.0042,2.9994,-7.298,4.031,0.1829,0.831234,3.38134,0.00209788,0.1842,0.0797,-7.120,4.117,2.9979,-0.0125,-0.0042,-6.973,4.087
255.41,58.500,0.1842,0.0797,0.0597,0.0033,0.0011,-0.0125,-0.0042,3.0007,-7.302,4.032,0.1838,0.834857,3.46464,0.00237469,0.1852,0.0711,-7.125,4.118,2.9997,-0.0125,-0.0042,-6.973,4.087
255.51,58.520,0.1852,0.0711,0.0533,0.0030,0.0010,-0.0125,-0.0042,3.0019,-7.307,4.032,0.1837,0.834857,3.46464,0.00237469,0.1852,0.0711,-7.125,4.118,2.9997,-0.0125,-0.0042,-6.973,4.087
255.61,58.540,0.1852,0.0711,0.0534,0.0030,0.0010,-0.0125,-0.0042,3.0032,-7.311,4.033,0.1836,0.839713,3.57885,0.00237469,0.1852,0.0711,-7.132,4.119,3.0019,-0.0125,-0.0042,-6.973,4.087
255.71,58.580,0.1852,0.0711,0.0534,0.0030,0.0010,-0.0126,-0.0042,3.0045,-7.315,4.033,0.1836,0.843375,3.66691,0.00209788,0.1852,0.0711,-7.138,4.120,3.0035,-0.0126,-0.0042,-6.973,4.087
255.81,58.600,0.1852,0.0711,0.0537,0.0021,0.0007,-0.0126,-0.0041,3.0060,-7.320,4.034,0.1843,0.847059,3.75708,0.00237469,0.1861,0.0640,-7.143,4.121,3.0051,-0.0126,-0.0041,-6.973,4.087
255.91,58.620,0.1861,0.0640,0.0485,0.0036,-0.0099,-0.0126,-0.0041,3.0073,-7.326,4.035,0.1842,0.851997,3.88063,0.00237469,0.1861,0.0640,-7.151,4.122,3.0071,-0.0126,-0.0041,-6.973,4.087
256.01,58.660,0.1861,0.0640,0.0482,-0.1265,-0.1721,-0.0126,-0.0041,3.0086,-7.330,4.035,0.1834,0.851997,3.88063,0.00237469,0.1861,0.0640,-7.151,4.122,3.0071,-0.0126,-0.0041,-6.973,4.087
256.11,58.680,0.1861,0.0640,0.0534,0.0029,0.0009,-0.0126,-0.0041,3.0100,-7.335,4.036,0.1829,0.855721,3.97584,0.00209788,0.1861,0.0640,-7.156,4.123,3.0086,-0.0126,-0.0041,-6.973,4.087
256.21,58.700,0.1861,0.0640,0.0481,0.0064,-0.0110,-0.0126,-0.0041,3.0114,-7.340,4.036,0.1838,0.859466,4.07327,0.00237469,0.1869,0.0576,-7.162,4.124,3.0101,-0.0126,-0.0041,-6.973,4.087
256.31,58.740,0.1869,0.0576,0.0481,0.0064,-0.0110,-0.0126,-0.0041,3.0127,-7.345,4.037,0.1838,0.864483,4.2067,0.00237469,0.1869,0.0576,-7.169,4.126,3.0122,-0.0126,-0.0041,-6.973,4.087
256.41,58.760,0.1869,0.0576,0.0482,0.0064,-0.0110,-0.0126,-0.0040,3.0141,-7.350,4.037,0.1838,0.868263,4.30947,0.00209788,0.1869,0.0576,-7.175,4.126,3.0136,-0.0126,-0.0040,-6.973,4.087
256.51,58.780,0.1869,0.0576,0.0482,0.0063,-0.0110,-0.0126,-0.0040,3.0154,-7.355,4.038,0.1838,0.868263,4.30947,0.00209788,0.1869,0.0576,-7.175,4.126,3.0136,-0.0126,-0.0040,-6.973,4.087
256.61,58.820,0.1877,0.0512,0.0429,0.0063,-0.0121,-0.0126,-0.0040,3.0165,-7.360,4.038,0.1849,0.872063,4.41459,0.00237469,0.1877,0.0512,-7.180,4.127,3.0150,-0.0126,-0.0040,-6.973,4.087
256.71,58.840,0.1877,0.0512,0.0429,0.0063,-0.0121,-0.0126,-0.0040,3.0175,-7.364,4.038,0.1849,0.877153,4.55848,0.00237469,0.1877,0.0512,-7.187,4.129,3.0168,-0.0126,-0.0040,-6.973,4.087
256.81,58.860,0.1877,0.0512,0.0429,0.0063,-0.0121,-0.0126,-0.0040,3.0186,-7.369,4.039,0.1849,0.880989,4.66923,0.00209788,0.1877,0.0512,-7.193,4.130,3.0181,-0.0126,-0.0040,-6.973,4.087
256.91,58.880,0.1877,0.0512,0.0430,0.0063,-0.0121,-0.0126,-0.0040,3.0197,-7.374,4.039,0.1849,0.880989,4.66923,0.00209788,0.1877,0.0512,-7.193,4.130,3.0181,-0.0126,-0.0040,-6.973,4.087
257.01,58.920,0.1884,0.0455,0.0382,0.0063,-0.0130,-0.0126,-0.0040,3.0207,-7.378,4.040,0.1859,0.884847,4.78247,0.00237469,0.1884,0.0455,-7.199,4.130,3.0194,-0.0126,-0.0040,-6.973,4.087
257.11,58.940,0.1884,0.0455,0.0383,0.0063,-0.0130,-0.0126,-0.0039,3.0217,-7.383,4.040,0.1859,0.890014,4.93738,0.00237469,0.1884,0.0455,-7.206,4.132,3.0210,-0.0126,-0.0039,-6.973,4.087
257.21,58.960,0.1884,0.0455,0.0383,0.0063,-0.0130,-0.0126,-0.0039,3.0228,-7.389,4.041,0.1859,0.89391,5.05657,0.00209788,0.1884,0.0455,-7.212,4.133,3.0221,-0.0126,-0.0039,-6.973,4.087
257.31,59.000,0.1884,0.0455,0.0383,0.0062,-0.0130,-0.0126,-0.0039,3.0238,-7.394,4.041,0.1868,0.897827,5.17837,0.00237469,0.1890,0.0406,-7.217,4.134,3.0233,-0.0126,-0.0039,-7.157,4.114
257.41,59.020,0.1890,0.0406,0.0342,0.0062,-0.0138,-0.0126,-0.0039,3.0248,-7.399,4.042,0.1868,0.697248,2.30881,0.00237468,0.1890,0.0406,-7.216,4.128,3.0247,-0.0126,-0.0039,-7.157,4.114
257.51,59.060,0.1890,0.0406,0.0342,0.0062,-0.0138,-0.0126,-0.0039,3.0258,-7.404,4.042,0.1868,0.697248,2.30881,0.00237468,0.1890,0.0406,-7.216,4.128,3.0247,-0.0126,-0.0039,-7.157,4.114
257.61,59.080,0.1890,0.0406,0.0342,0.0062,-0.0138,-0.0126,-0.0039,3.0267,-7.409,4.043,0.1868,0.699822,2.3654,0.00209788,0.1890,0.0406,-7.221,4.128,3.0257,-0.0126,-0.0039,-7.157,4.114
257.71,59.100,0.1890,0.0406,0.0260,0.0456,-0.0851,-0.0126,-0.0039,3.0275,-7.414,4.043,0.1885,0.702412,2.42353,0.00237468,0.1902,0.0309,-7.227,4.129,3.0267,-0.0126,-0.0039,-7.157,4.114
257.81,59.120,0.1902,0.0309,0.0260,0.0062,-0.0154,-0.0126,-0.0039,3.0281,-7.418,4.044,0.1885,0.705884,2.50352,0.00237468,0.1902,0.0309,-7.234,4.130,3.0279,-0.0126,-0.0039,-7.157,4.114
257.91,59.160,0.1902,0.0309,0.0261,0.0062,-0.0154,-0.0126,-0.0038,3.0287,-7.423,4.044,0.1885,0.705884,2.50352,0.00237468,0.1902,0.0309,-7.234,4.130,3.0279,-0.0126,-0.0038,-7.157,4.114
258.01,59.180,0.1902,0.0309,0.0261,0.0062,-0.0154,-0.0126,-0.0038,3.0294,-7.428,4.045,0.1885,0.708504,2.56541,0.00209788,0.1902,0.0309,-7.240,4.131,3.0287,-0.0126,-0.0038,-7.157,4.114
258.11,59.200,0.1902,0.0309,0.0230,0.0062,-0.0160,-0.0127,-0.0038,3.0300,-7.432,4.045,0.1892,0.711143,2.62896,0.00237469,0.1906,0.0272,-7.246,4.132,3.0295,-0.0127,-0.0038,-7.157,4.114
258.21,59.220,0.1906,0.0272,0.0230,0.0062,-0.0160,-0.0127,-0.0038,3.0305,-7.437,4.045,0.1892,0.714684,2.71632,0.00237469,0.1906,0.0272,-7.253,4.133,3.0304,-0.0127,-0.0038,-7.157,4.114
258.31,59.240,0.1906,0.0272,0.0230,0.0062,-0.0160,-0.0127,-0.0038,3.0311,-7.441,4.046,0.1892,0.714684,2.71632,0.00237469,0.1906,0.0272,-7.253,4.133,3.0304,-0.0127,-0.0038,-7.157,4.114
258.41,59.280,0.1906,0.0272,0.0230,0.0061,-0.0160,-0.0127,-0.0038,3.0316,-7.445,4.046,0.1892,0.717357,2.78386,0.00209788,0.1906,0.0272,-7.259,4.134,3.0311,-0.0127,-0.0038,-7.157,4.114
258.51,59.300,0.1906,0.0272,0.0230,0.0061,-0.0160,-0.0127,-0.0038,3.0321,-7.450,4.047,0.1897,0.72005,2.85316,0.00237469,0.1910,0.0244,-7.264,4.135,3.0318,-0.0127,-0.0038,-7.157,4.114
258.61,59.320,0.1910,0.0244,0.0207,0.0061,-0.0165,-0.0127,-0.0038,3.0326,-7.454,4.047,0.1897,0.72005,2.85316,0.00237469,0.1910,0.0244,-7.264,4.135,3.0318,-0.0127,-0.0038,-7.157,4.114
258.71,59.340,0.1910,0.0244,0.0207,0.0061,-0.0165,-0.0127,-0.0038,3.0331,-7.459,4.048,0.1897,0.723663,2.94837,0.00237469,0.1910,0.0244,-7.272,4.136,3.0327,-0.0127,-0.0038,-7.157,4.114
258.81,59.380,0.1910,0.0244,0.0207,0.0061,-0.0165,-0.0127,-0.0038,3.0337,-7.465,4.048,0.1897,0.726391,3.02192,0.00209788,0.1910,0.0244,-7.278,4.137,3.0333,-0.0127,-0.0038,-7.157,4.114
258.91,59.400,0.1910,0.0244,0.0186,0.0061,-0.0169,-0.0127,-0.0038,3.0343,-7.470,4.049,0.1901,0.72914,3.09734,0.00237469,0.1913,0.0220,-7.283,4.137,3.0339,-0.0127,-0.0038,-7.157,4.114
259.01,59.440,0.1913,0.0220,0.0186,0.0061,-0.0169,-0.0127,-0.0038,3.0348,-7.475,4.049,0.1901,0.73283,3.20089,0.00237469,0.1913,0.0220,-7.291,4.138,3.0347,-0.0127,-0.0038,-7.157,4.114
259.11,59.460,0.1913,0.0220,0.0186,0.0061,-0.0169,-0.0127,-0.0038,3.0353,-7.481,4.050,0.1901,0.735616,3.28082,0.00209788,0.1913,0.0220,-7.297,4.139,3.0352,-0.0127,-0.0038,-7.157,4.114
259.21,59.480,0.1913,0.0220,0.0186,0.0061,-0.0169,-0.0127,-0.0038,3.0359,-7.486,4.050,0.1901,0.735616,3.28082,0.00209788,0.1913,0.0220,-7.297,4.139,3.0352,-0.0127,-0.0038,-7.157,4.114
259.31,59.520,0.1915,0.0199,0.0169,0.0061,-0.0173,-0.0127,-0.0038,3.0363,-7.491,4.051,0.1905,0.738424,3.36275,0.00237469,0.1915,0.0199,-7.302,4.140,3.0358,-0.0127,-0.0038,-7.157,4.114
259.41,59.540,0.1915,0.0199,0.0169,0.0061,-0.0173,-0.0127,-0.0037,3.0367,-7.495,4.051,0.1905,0.742194,3.47514,0.00237469,0.1915,0.0199,-7.310,4.141,3.0365,-0.0127,-0.0037,-7.157,4.114
259.51,59.560,0.1915,0.0199,0.0169,0.0060,-0.0173,-0.0127,-0.0037,3.0371,-7.499,4.051,0.1905,0.745041,3.56185,0.00209788,0.1915,0.0199,-7.316,4.142,3.0370,-0.0127,-0.0037,-7.157,4.114
259.61,59.580,0.1915,0.0199,0.0169,0.0060,-0.0173,-0.0127,-0.0037,3.0375,-7.504,4.052,0.1905,0.745041,3.56185,0.00209788,0.1915,0.0199,-7.316,4.142,3.0370,-0.0127,-0.0037,-7.157,4.114
259.71,59.600,0.1915,0.0199,0.0169,0.0060,-0.0173,-0.0127,-0.0037,3.0378,-7.507,4.052,0.1908,0.747911,3.65067,0.00237469,0.1918,0.0181,-7.321,4.143,3.0375,-0.0127,-0.0037,-7.157,4.114
259.81,59.620,0.1918,0.0181,0.0153,0.0060,-0.0176,-0.0127,-0.0037,3.0381,-7.511,4.053,0.1908,0.747911,3.65067,0.00237469,0.1918,0.0181,-7.321,4.143,3.0375,-0.0127,-0.0037,-7.157,4.114
259.91,59.640,0.1918,0.0181,0.0153,0.0060,-0.0176,-0.0127,-0.0037,3.0385,-7.516,4.053,0.1908,0.751764,3.77243,0.00237469,0.1918,0.0181,-7.329,4.144,3.0381,-0.0127,-0.0037,-7.157,4.114
260.01,59.660,0.1918,0.0181,0.0153,0.0060,-0.0176,-0.0127,-0.0037,3.0388,-7.520,4.053,0.1908,0.754675,3.86632,0.00209788,0.1918,0.0181,-7.335,4.145,3.0386,-0.0127,-0.0037,-7.157,4.114
260.11,59.700,0.1918,0.0181,0.0154,0.0060,-0.0176,-0.0127,-0.0037,3.0392,-7.525,4.054,0.1908,0.757609,3.96243,0.00237469,0.1920,0.0165,-7.340,4.145,3.0390,-0.0127,-0.0037,-7.157,4.114
260.21,59.720,0.1920,0.0165,0.0140,0.0060,-0.0179,-0.0127,-0.0037,3.0395,-7.529,4.054,0.1911,0.757609,3.96243,0.00237469,0.1920,0.0165,-7.340,4.145,3.0390,-0.0127,-0.0037,-7.157,4.114
260.31,59.740,0.1920,0.0165,0.0140,0.0060,-0.0179,-0.0127,-0.0037,3.0399,-7.535,4.055,0.1911,0.76155,4.09412,0.00237469,0.1920,0.0165,-7.348,4.147,3.0396,-0.0127,-0.0037,-7.157,4.114
260.41,59.780,0.1920,0.0165,0.0140,0.0060,-0.0179,-0.0127,-0.0037,3.0403,-7.540,4.055,0.1911,0.764528,4.1956,0.00209788,0.1920,0.0165,-7.354,4.147,3.0400,-0.0127,-0.0037,-7.157,4.114
260.51,59.800,0.1920,0.0165,0.0141,0.0062,-0.0177,-0.0127,-0.0037,3.0406,-7.544,4.056,0.1913,0.76753,4.29943,0.00237469,0.1921,0.0152,-7.359,4.148,3.0404,-0.0127,-0.0037,-7.157,4.114
260.61,59.820,0.1921,0.0152,0.0130,0.0067,-0.0175,-0.0127,-0.0037,3.0410,-7.550,4.056,0.1913,0.771562,4.44162,0.00237469,0.1921,0.0152,-7.367,4.149,3.0410,-0.0127,-0.0037,-7.157,4.114
260.71,59.860,0.1921,0.0152,0.0145,0.0060,-0.0177,-0.0127,-0.0037,3.0414,-7.556,4.057,0.1916,0.771562,4.44162,0.00237469,0.1921,0.0152,-7.367,4.149,3.0410,-0.0127,-0.0037,-7.157,4.114
260.81,59.880,0.1921,0.0152,0.0145,0.0060,-0.0177,-0.0127,-0.0037,3.0418,-7.561,4.057,0.1916,0.774609,4.55111,0.00209788,0.1921,0.0152,-7.373,4.150,3.0414,-0.0127,-0.0037,-7.157,4.114
260.91,59.900,0.1921,0.0152,0.0134,0.0060,-0.0180,-0.0127,-0.0037,3.0421,-7.565,4.058,0.1918,0.777681,4.6631,0.00237469,0.1923,0.0140,-7.378,4.151,3.0418,-0.0127,-0.0037,-7.157,4.114
261.01,59.920,0.1923,0.0140,0.0134,0.0059,-0.0180,-0.0127,-0.0037,3.0425,-7.570,4.058,0.1918,0.781807,4.81637,0.00237469,0.1923,0.0140,-7.386,4.152,3.0424,-0.0127,-0.0037,-7.157,4.114
261.11,59.960,0.1923,0.0140,0.0134,0.0060,-0.0180,-0.0127,-0.0037,3.0428,-7.575,4.058,0.1918,0.781807,4.81637,0.00237469,0.1923,0.0140,-7.386,4.152,3.0424,-0.0127,-0.0037,-7.157,4.114
261.21,59.980,0.1923,0.0140,0.0134,0.0060,-0.0180,-0.0127,-0.0037,3.0432,-7.581,4.059,0.1918,0.784924,4.93433,0.00209788,0.1923,0.0140,-7.392,4.153,3.0428,-0.0127,-0.0037,-7.157,4.114
261.31,60.020,0.1924,0.0128,0.0122,0.0060,-0.0182,-0.0127,-0.0037,3.0435,-7.586,4.059,0.1920,0.788066,5.05492,0.00237469,0.1924,0.0128,-7.397,4.153,3.0432,-0.0127,-0.0037,-7.309,4.175
261.41,60.040,0.1924,0.0128,0.0122,0.0060,-0.0182,-0.0127,-0.0037,3.0439,-7.591,4.060,0.1920,0.631651,2.29095,0.00237468,0.1924,0.0128,-7.390,4.172,3.0437,-0.0127,-0.0037,-7.309,4.175
261.51,60.060,0.1924,0.0128,0.0122,0.0060,-0.0182,-0.0127,-0.0037,3.0442,-7.596,4.060,0.1920,0.633881,2.34796,0.00209788,0.1924,0.0128,-7.395,4.173,3.0440,-0.0127,-0.0037,-7.309,4.175
261.61,60.100,0.1924,0.0128,0.0122,0.0061,-0.0183,-0.0127,-0.0036,3.0446,-7.602,4.061,0.1904,0.636128,2.40654,0.00237468,0.1903,0.0297,-7.401,4.174,3.0444,-0.0127,-0.0036,-7.309,4.175
261.71,60.120,0.1903,0.0270,0.0283,0.0022,0.0006,-0.0127,-0.0036,3.0452,-7.607,4.061,0.1900,0.636128,2.40654,0.00237468,0.1903,0.0297,-7.401,4.174,3.0444,-0.0127,-0.0036,-7.309,4.175
261.81,60.160,0.1903,0.0297,0.0279,0.0152,0.0043,-0.0127,-0.0036,3.0461,-7.612,4.062,0.1900,0.639143,2.48715,0.00237468,0.1903,0.0297,-7.409,4.175,3.0451,-0.0127,-0.0036,-7.309,4.175
261.91,60.180,0.1903,0.0297,0.0253,0.0013,0.0004,-0.0127,-0.0036,3.0468,-7.618,4.062,0.1904,0.641414,2.54952,0.00209788,0.1903,0.0297,-7.414,4.176,3.0460,-0.0127,-0.0036,-7.309,4.175
262.01,60.200,0.1903,0.0297,0.0244,0.0012,0.0004,-0.0127,-0.0036,3.0475,-7.623,4.063,0.1904,0.643699,2.61356,0.00237469,0.1905,0.0286,-7.420,4.178,3.0468,-0.0127,-0.0036,-7.309,4.175
262.11,60.240,0.1905,0.0286,0.0244,0.0058,-0.0158,-0.0127,-0.0036,3.0481,-7.628,4.063,0.1904,0.646758,2.70161,0.00237469,0.1905,0.0286,-7.428,4.179,3.0478,-0.0127,-0.0036,-7.309,4.175
262.21,60.260,0.1905,0.0286,0.0244,0.0058,-0.0158,-0.0127,-0.0036,3.0487,-7.633,4.063,0.1904,0.649063,2.76969,0.00209788,0.1905,0.0286,-7.433,4.180,3.0485,-0.0127,-0.0036,-7.309,4.175
262.31,60.280,0.1905,0.0286,0.0244,0.0058,-0.0158,-0.0127,-0.0036,3.0493,-7.637,4.064,0.1904,0.649063,2.76969,0.00209788,0.1905,0.0286,-7.433,4.180,3.0485,-0.0127,-0.0036,-7.309,4.175
262.41,60.300,0.1905,0.0286,0.0227,0.0058,-0.0162,-0.0127,-0.0036,3.0499,-7.642,4.064,0.1906,0.651381,2.83954,0.00237469,0.1907,0.0266,-7.439,4.181,3.0493,-0.0127,-0.0036,-7.309,4.175
262.51,60.340,0.1907,0.0266,0.0228,0.0058,-0.0162,-0.0127,-0.0036,3.0505,-7.647,4.065,0.1906,0.654485,2.9355,0.00237469,0.1907,0.0266,-7.446,4.182,3.0502,-0.0127,-0.0036,-7.309,4.175
262.61,60.360,0.1907,0.0266,0.0228,0.0058,-0.0162,-0.0127,-0.0036,3.0511,-7.652,4.065,0.1906,0.656823,3.00964,0.00209788,0.1907,0.0266,-7.452,4.183,3.0509,-0.0127,-0.0036,-7.309,4.175
262.71,60.380,0.1907,0.0266,0.0228,0.0057,-0.0162,-0.0127,-0.0036,3.0517,-7.657,4.065,0.1906,0.656823,3.00964,0.00209788,0.1907,0.0266,-7.452,4.183,3.0509,-0.0127,-0.0036,-7.309,4.175
262.81,60.420,0.1909,0.0250,0.0214,0.0057,-0.0164,-0.0127,-0.0036,3.0522,-7.661,4.066,0.1909,0.659175,3.08566,0.00237469,0.1909,0.0250,-7.458,4.184,3.0516,-0.0127,-0.0036,-7.309,4.175
262.91,60.440,0.1909,0.0250,0.0214,0.0057,-0.0165,-0.0127,-0.0035,3.0527,-7.666,4.066,0.1909,0.662326,3.19003,0.00237469,0.1909,0.0250,-7.465,4.186,3.0524,-0.0127,-0.0035,-7.309,4.175
263.01,60.460,0.1909,0.0250,0.0214,0.0057,-0.0165,-0.0127,-0.0035,3.0532,-7.670,4.066,0.1909,0.664699,3.27059,0.00209788,0.1909,0.0250,-7.471,4.187,3.0531,-0.0127,-0.0035,-7.309,4.175
263.11,60.480,0.1909,0.0250,0.0214,0.0057,-0.0165,-0.0127,-0.0035,3.0538,-7.676,4.067,0.1909,0.664699,3.27059,0.00209788,0.1909,0.0250,-7.471,4.187,3.0531,-0.0127,-0.0035,-7.309,4.175
263.21,60.520,0.1911,0.0237,0.0203,0.0057,-0.0167,-0.0127,-0.0035,3.0543,-7.681,4.067,0.1910,0.667086,3.35316,0.00237469,0.1911,0.0237,-7.477,4.188,3.0537,-0.0127,-0.0035,-7.309,4.175
263.31,60.540,0.1911,0.0237,0.0203,0.0057,-0.0167,-0.0127,-0.0035,3.0548,-7.685,4.067,0.1910,0.670283,3.46643,0.00237469,0.1911,0.0237,-7.484,4.189,3.0545,-0.0127,-0.0035,-7.309,4.175
263.41,60.560,0.1911,0.0237,0.0203,0.0057,-0.0167,-0.0127,-0.0035,3.0553,-7.690,4.068,0.1910,0.672691,3.55381,0.00209788,0.1911,0.0237,-7.490,4.190,3.0552,-0.0127,-0.0035,-7.309,4.175
263.51,60.580,0.1911,0.0237,0.0203,0.0057,-0.0167,-0.0127,-0.0035,3.0558,-7.694,4.068,0.1910,0.672691,3.55381,0.00209788,0.1911,0.0237,-7.490,4.190,3.0552,-0.0127,-0.0035,-7.309,4.175
263.61,60.600,0.1911,0.0237,0.0193,0.0057,-0.0169,-0.0127,-0.0035,3.0562,-7.699,4.068,0.1912,0.675114,3.6433,0.00237469,0.1912,0.0225,-7.495,4.191,3.0558,-0.0127,-0.0035,-7.309,4.175
263.71,60.620,0.1912,0.0225,0.0193,0.0057,-0.0169,-0.0127,-0.0035,3.0566,-7.703,4.069,0.1912,0.678359,3.766,0.00237469,0.1912,0.0225,-7.503,4.192,3.0565,-0.0127,-0.0035,-7.309,4.175
263.81,60.640,0.1912,0.0225,0.0193,0.0056,-0.0169,-0.0128,-0.0035,3.0571,-7.707,4.069,0.1912,0.678359,3.766,0.00237469,0.1912,0.0225,-7.503,4.192,3.0565,-0.0128,-0.0035,-7.309,4.175
263.91,60.680,0.1912,0.0225,0.0193,0.0056,-0.0169,-0.0128,-0.0035,3.0576,-7.712,4.069,0.1912,0.680803,3.86059,0.00209788,0.1912,0.0225,-7.509,4.193,3.0571,-0.0128,-0.0035,-7.309,4.175
264.01,60.700,0.1912,0.0225,0.0193,0.0056,-0.0169,-0.0128,-0.0035,3.0580,-7.716,4.070,0.1913,0.683261,3.95742,0.00237469,0.1913,0.0216,-7.514,4.194,3.0577,-0.0128,-0.0035,-7.309,4.175
264.11,60.720,0.1913,0.0216,0.0185,0.0056,-0.0170,-0.0128,-0.0035,3.0585,-7.721,4.070,0.1913,0.686554,4.09008,0.00237469,0.1913,0.0216,-7.522,4.196,3.0584,-0.0128,-0.0035,-7.309,4.175
264.21,60.740,0.1913,0.0216,0.0185,0.0056,-0.0170,-0.0128,-0.0035,3.0590,-7.726,4.070,0.1913,0.686554,4.09008,0.00237469,0.1913,0.0216,-7.522,4.196,3.0584,-0.0128,-0.0035,-7.309,4.175
264.31,60.780,0.1913,0.0216,0.0185,0.0056,-0.0171,-0.0128,-0.0035,3.0594,-7.731,4.071,0.1913,0.689034,4.19229,0.00209788,0.1913,0.0216,-7.528,4.197,3.0590,-0.0128,-0.0035,-7.309,4.175
264.41,60.800,0.1913,0.0216,0.0185,0.0056,-0.0171,-0.0128,-0.0035,3.0599,-7.735,4.071,0.1914,0.691529,4.29687,0.00237469,0.1914,0.0208,-7.533,4.198,3.0596,-0.0128,-0.0035,-7.309,4.175
264.51,60.820,0.1914,0.0208,0.0179,0.0056,-0.0172,-0.0128,-0.0034,3.0604,-7.741,4.071,0.1914,0.69487,4.44005,0.00237469,0.1914,0.0208,-7.541,4.199,3.0603,-0.0128,-0.0034,-7.309,4.175
264.61,60.860,0.1914,0.0208,0.0179,0.0056,-0.0172,-0.0128,-0.0034,3.0609,-7.746,4.072,0.1914,0.69487,4.44005,0.00237469,0.1914,0.0208,-7.541,4.199,3.0603,-0.0128,-0.0034,-7.309,4.175
264.71,60.880,0.1914,0.0208,0.0179,0.0056,-0.0172,-0.0128,-0.0034,3.0614,-7.752,4.072,0.1914,0.697387,4.55031,0.00209788,0.1914,0.0208,-7.546,4.200,3.0608,-0.0128,-0.0034,-7.309,4.175
264.81,60.900,0.1914,0.0208,0.0174,0.0055,-0.0173,-0.0128,-0.0034,3.0618,-7.757,4.073,0.1915,0.699918,4.66306,0.00237469,0.1915,0.0202,-7.552,4.201,3.0614,-0.0128,-0.0034,-7.309,4.175
264.91,60.940,0.1915,0.0202,0.0174,0.0055,-0.0173,-0.0128,-0.0034,3.0623,-7.761,4.073,0.1915,0.703307,4.81735,0.00237469,0.1915,0.0202,-7.560,4.202,3.0621,-0.0128,-0.0034,-7.309,4.175
265.01,60.960,0.1915,0.0202,0.0174,0.0055,-0.0173,-0.0128,-0.0034,3.0627,-7.766,4.073,0.1915,0.705861,4.93608,0.00209788,0.1915,0.0202,-7.565,4.203,3.0626,-0.0128,-0.0034,-7.309,4.175
265.11,60.980,0.1915,0.0202,0.0174,0.0055,-0.0173,-0.0128,-0.0034,3.0631,-7.771,4.074,0.1915,0.705861,4.93608,0.00209788,0.1915,0.0202,-7.565,4.203,3.0626,-0.0128,-0.0034,-7.309,4.175
265.21,61.020,0.1916,0.0198,0.0170,0.0055,-0.0174,-0.0128,-0.0034,3.0636,-7.776,4.074,0.1915,0.708428,5.05745,0.00237469,0.1916,0.0198,-7.571,4.204,3.0631,-0.0128,-0.0034,-7.499,4.192
265.31,61.040,0.1916,0.0198,0.0170,0.0055,-0.0174,-0.0128,-0.0034,3.0641,-7.782,4.074,0.1915,0.58273,2.29648,0.00237468,0.1916,0.0198,-7.569,4.202,3.0638,-0.0128,-0.0034,-7.499,4.192
265.41,61.060,0.1916,0.0198,0.0170,0.0055,-0.0174,-0.0128,-0.0034,3.0646,-7.787,4.075,0.1915,0.584688,2.35396,0.00209788,0.1916,0.0198,-7.575,4.203,3.0643,-0.0128,-0.0034,-7.499,4.192
265.51,61.100,0.1916,0.0198,0.0170,0.0055,-0.0174,-0.0128,-0.0034,3.0650,-7.792,4.075,0.1919,0.586657,2.41299,0.00237468,0.1919,0.0167,-7.580,4.204,3.0648,-0.0128,-0.0034,-7.499,4.192
265.61,61.120,0.1919,0.0167,0.0144,0.0054,-0.0180,-0.0128,-0.0034,3.0654,-7.797,4.075,0.1919,0.586657,2.41299,0.00237468,0.1919,0.0167,-7.580,4.204,3.0648,-0.0128,-0.0034,-7.499,4.192
265.71,61.140,0.1919,0.0167,0.0144,0.0054,-0.0180,-0.0128,-0.0034,3.0658,-7.802,4.076,0.1919,0.58929,2.49417,0.00237468,0.1919,0.0167,-7.588,4.206,3.0654,-0.0128,-0.0034,-7.499,4.192
265.81,61.180,0.1919,0.0167,0.0143,0.0053,-0.0181,-0.0128,-0.0034,3.0662,-7.808,4.076,0.1919,0.591271,2.55695,0.00209788,0.1919,0.0167,-7.594,4.207,3.0658,-0.0128,-0.0034,-7.499,4.192
265.91,61.200,0.1919,0.0167,0.0142,0.0025,-0.0087,-0.0128,-0.0034,3.0666,-7.813,4.076,0.1919,0.593263,2.62137,0.00237469,0.1920,0.0165,-7.599,4.208,3.0663,-0.0128,-0.0034,-7.499,4.192
266.01,61.240,0.1920,0.0165,0.0140,0.0011,-0.0207,-0.0128,-0.0034,3.0670,-7.819,4.077,0.1916,0.595928,2.7099,0.00237469,0.1920,0.0165,-7.607,4.209,3.0668,-0.0128,-0.0034,-7.499,4.192
266.11,61.260,0.1920,0.0165,0.0128,0.0054,-0.0182,-0.0128,-0.0034,3.0674,-7.824,4.077,0.1916,0.597933,2.77829,0.00209788,0.1920,0.0165,-7.613,4.210,3.0672,-0.0128,-0.0034,-7.499,4.192
266.21,61.280,0.1920,0.0165,0.0128,0.0054,-0.0182,-0.0128,-0.0034,3.0677,-7.829,4.077,0.1916,0.597933,2.77829,0.00209788,0.1920,0.0165,-7.613,4.210,3.0672,-0.0128,-0.0034,-7.499,4.192
266.31,61.300,0.1920,0.0165,0.0129,0.0054,-0.0182,-0.0128,-0.0033,3.0680,-7.833,4.078,0.1915,0.59995,2.84845,0.00237469,0.1919,0.0166,-7.618,4.211,3.0676,-0.0128,-0.0034,-7.499,4.192
266.41,61.340,0.1919,0.0166,0.0129,0.0054,-0.0182,-0.0128,-0.0033,3.0683,-7.838,4.078,0.1915,0.602648,2.94476,0.00237469,0.1919,0.0166,-7.626,4.212,3.0681,-0.0128,-0.0033,-7.499,4.192
266.51,61.360,0.1919,0.0166,0.0129,0.0054,-0.0182,-0.0128,-0.0033,3.0687,-7.843,4.078,0.1915,0.604678,3.01912,0.00209788,0.1919,0.0166,-7.632,4.213,3.0685,-0.0128,-0.0033,-7.499,4.192
266.61,61.380,0.1919,0.0166,0.0129,0.0054,-0.0182,-0.0128,-0.0033,3.0690,-7.848,4.079,0.1915,0.604678,3.01912,0.00209788,0.1919,0.0166,-7.632,4.213,3.0685,-0.0128,-0.0033,-7.499,4.192
266.71,61.420,0.1919,0.0170,0.0132,0.0054,-0.0182,-0.0128,-0.0033,3.0693,-7.853,4.079,0.1915,0.60672,3.09534,0.00237469,0.1919,0.0170,-7.637,4.214,3.0689,-0.0128,-0.0033,-7.499,4.192
266.81,61.440,0.1919,0.0170,0.0132,0.0054,-0.0182,-0.0128,-0.0033,3.0697,-7.858,4.079,0.1915,0.609452,3.19992,0.00237469,0.1919,0.0170,-7.645,4.216,3.0694,-0.0128,-0.0033,-7.499,4.192
266.91,61.460,0.1919,0.0170,0.0132,0.0054,-0.0182,-0.0128,-0.0033,3.0700,-7.863,4.080,0.1915,0.611508,3.2806,0.00209788,0.1919,0.0170,-7.651,4.216,3.0698,-0.0128,-0.0033,-7.499,4.192
267.01,61.480,0.1919,0.0170,0.0132,0.0054,-0.0182,-0.0128,-0.0033,3.0703,-7.868,4.080,0.1915,0.613575,3.36324,0.00237469,0.1919,0.0174,-7.656,4.217,3.0702,-0.0128,-0.0033,-7.499,4.192
267.11,61.520,0.1919,0.0174,0.0135,0.0054,-0.0181,-0.0128,-0.0033,3.0707,-7.872,4.080,0.1914,0.613575,3.36324,0.00237469,0.1919,0.0174,-7.656,4.217,3.0702,-0.0128,-0.0033,-7.499,4.192
267.21,61.540,0.1919,0.0174,0.0135,0.0054,-0.0181,-0.0128,-0.0033,3.0710,-7.877,4.080,0.1914,0.61634,3.47655,0.00237469,0.1919,0.0174,-7.664,4.219,3.0708,-0.0128,-0.0033,-7.499,4.192
267.31,61.560,0.1919,0.0174,0.0135,0.0053,-0.0181,-0.0128,-0.0033,3.0714,-7.882,4.081,0.1914,0.618421,3.56392,0.00209788,0.1919,0.0174,-7.670,4.220,3.0712,-0.0128,-0.0033,-7.499,4.192
267.41,61.600,0.1919,0.0174,0.0135,0.0053,-0.0181,-0.0128,-0.0033,3.0717,-7.887,4.081,0.1914,0.620514,3.65336,0.00237469,0.1918,0.0178,-7.675,4.221,3.0716,-0.0128,-0.0033,-7.499,4.192
267.51,61.620,0.1918,0.0178,0.0138,0.0053,-0.0181,-0.0128,-0.0033,3.0721,-7.892,4.081,0.1914,0.620514,3.65336,0.00237469,0.1918,0.0178,-7.675,4.221,3.0716,-0.0128,-0.0033,-7.499,4.192
267.61,61.640,0.1918,0.0178,0.0139,0.0051,-0.0180,-0.0128,-0.0033,3.0724,-7.897,4.082,0.1914,0.623313,3.77591,0.00237469,0.1918,0.0178,-7.683,4.222,3.0721,-0.0128,-0.0033,-7.499,4.192
267.71,61.660,0.1918,0.0178,0.0139,0.0050,-0.0179,-0.0128,-0.0033,3.0728,-7.902,4.082,0.1914,0.625419,3.87033,0.00209788,0.1918,0.0178,-7.689,4.223,3.0725,-0.0128,-0.0033,-7.499,4.192
267.81,61.700,0.1918,0.0178,0.0139,0.0043,-0.0177,-0.0128,-0.0033,3.0732,-7.907,4.082,0.1913,0.627536,3.96696,0.00237469,0.1918,0.0182,-7.694,4.224,3.0729,-0.0128,-0.0033,-7.499,4.192
267.91,61.720,0.1918,0.0182,0.0158,0.0007,0.0002,-0.0128,-0.0033,3.0736,-7.912,4.083,0.1908,0.630368,4.09926,0.00237469,0.1918,0.0182,-7.702,4.225,3.0735,-0.0128,-0.0033,-7.499,4.192
268.01,61.760,0.1918,0.0182,0.0158,0.0053,-0.0177,-0.0128,-0.0033,3.0740,-7.918,4.083,0.1908,0.630368,4.09926,0.00237469,0.1918,0.0182,-7.702,4.225,3.0735,-0.0128,-0.0033,-7.499,4.192
268.11,61.780,0.1918,0.0182,0.0158,0.0053,-0.0177,-0.0128,-0.0033,3.0745,-7.923,4.083,0.1908,0.632498,4.20114,0.00209788,0.1918,0.0182,-7.708,4.226,3.0740,-0.0128,-0.0033,-7.499,4.192
268.21,61.800,0.1918,0.0182,0.0161,0.0053,-0.0176,-0.0128,-0.0033,3.0749,-7.929,4.084,0.1907,0.634639,4.30533,0.00237469,0.1917,0.0186,-7.713,4.227,3.0745,-0.0128,-0.0033,-7.499,4.192
268.31,61.840,0.1917,0.0186,0.0161,0.0053,-0.0176,-0.0128,-0.0033,3.0754,-7.934,4.084,0.1907,0.637502,4.44792,0.00237469,0.1917,0.0186,-7.721,4.229,3.0751,-0.0128,-0.0033,-7.499,4.192
268.41,61.860,0.1917,0.0186,0.0161,0.0053,-0.0176,-0.0128,-0.0032,3.0758,-7.939,4.084,0.1907,0.639654,4.55766,0.00209788,0.1917,0.0186,-7.727,4.230,3.0756,-0.0128,-0.0033,-7.499,4.192
268.51,61.900,0.1917,0.0186,0.0161,0.0052,-0.0176,-0.0128,-0.0032,3.0763,-7.945,4.084,0.1907,0.641817,4.66984,0.00237469,0.1917,0.0188,-7.732,4.231,3.0761,-0.0128,-0.0032,-7.499,4.192
268.61,61.920,0.1917,0.0188,0.0163,0.0052,-0.0176,-0.0128,-0.0032,3.0767,-7.950,4.085,0.1907,0.641817,4.66984,0.00237469,0.1917,0.0188,-7.732,4.231,3.0761,-0.0128,-0.0032,-7.499,4.192
268.71,61.940,0.1917,0.0188,0.0163,0.0052,-0.0176,-0.0128,-0.0032,3.0772,-7.955,4.085,0.1907,0.644709,4.82327,0.00237469,0.1917,0.0188,-7.740,4.232,3.0767,-0.0128,-0.0032,-7.499,4.192
268.81,61.980,0.1917,0.0188,0.0163,0.0052,-0.0176,-0.0128,-0.0032,3.0776,-7.960,4.085,0.1907,0.646883,4.94128,0.00209788,0.1917,0.0188,-7.746,4.233,3.0772,-0.0128,-0.0032,-7.499,4.192
268.91,62.000,0.1917,0.0188,0.0163,0.0052,-0.0176,-0.0128,-0.0032,3.0780,-7.965,4.086,0.1906,0.649067,5.06186,0.00237469,0.1916,0.0191,-7.751,4.234,3.0777,-0.0128,-0.0032,-7.691,4.206
269.01,62.020,0.1916,0.0191,0.0166,0.0052,-0.0176,-0.0128,-0.0032,3.0784,-7.969,4.086,0.1906,0.649067,5.06186,0.00237469,0.1916,0.0191,-7.751,4.234,3.0777,-0.0128,-0.0032,-7.691,4.206
269.11,62.040,0.1916,0.0191,0.0166,0.0052,-0.0176,-0.0128,-0.0032,3.0788,-7.974,4.086,0.1906,0.545843,2.30054,0.00237468,0.1916,0.0191,-7.752,4.222,3.0784,-0.0128,-0.0032,-7.691,4.206
269.21,62.080,0.1916,0.0191,0.0166,0.0052,-0.0176,-0.0128,-0.0032,3.0793,-7.979,4.086,0.1906,0.547628,2.35767,0.00209788,0.1916,0.0191,-7.757,4.223,3.0789,-0.0128,-0.0032,-7.691,4.206
269.31,62.100,0.1916,0.0191,0.0079,0.0580,-0.1264,-0.0128,-0.0032,3.0797,-7.985,4.087,0.1932,0.549419,2.4163,0.00237468,0.1936,0.0036,-7.763,4.224,3.0794,-0.0128,-0.0032,-7.691,4.206
269.41,62.140,0.1936,0.0036,0.0031,0.0052,-0.0202,-0.0128,-0.0032,3.0798,-7.990,4.087,0.1934,0.551811,2.49685,0.00237468,0.1936,0.0036,-7.771,4.225,3.0798,-0.0128,-0.0032,-7.691,4.206
269.51,62.160,0.1936,0.0036,0.0031,0.0052,-0.0202,-0.0128,-0.0032,3.0798,-7.996,4.087,0.1934,0.553609,2.55909,0.00209788,0.1936,0.0036,-7.777,4.226,3.0799,-0.0128,-0.0032,-7.691,4.206
269.61,62.200,0.1936,0.0036,0.0031,0.0052,-0.0202,-0.0128,-0.0032,3.0799,-8.001,4.088,0.1934,0.555417,2.62293,0.00237469,0.1934,0.0046,-7.782,4.226,3.0799,-0.0128,-0.0032,-7.691,4.206
269.71,62.220,0.1934,0.0046,0.0040,0.0052,-0.0200,-0.0128,-0.0032,3.0801,-8.007,4.088,0.1932,0.555417,2.62293,0.00237469,0.1934,0.0046,-7.782,4.226,3.0799,-0.0128,-0.0032,-7.691,4.206
269.81,62.240,0.1934,0.0046,0.0040,0.0052,-0.0200,-0.0128,-0.0032,3.0802,-8.012,4.088,0.1932,0.557834,2.71057,0.00237469,0.1934,0.0046,-7.790,4.228,3.0801,-0.0128,-0.0032,-7.691,4.206
269.91,62.280,0.1934,0.0046,0.0040,0.0052,-0.0200,-0.0128,-0.0032,3.0803,-8.018,4.089,0.1932,0.559652,2.77823,0.00209788,0.1934,0.0046,-7.796,4.228,3.0802,-0.0128,-0.0032,-7.691,4.206
270.01,62.300,0.1934,0.0046,0.0050,0.0052,-0.0198,-0.0128,-0.0032,3.0804,-8.023,4.089,0.1930,0.561479,2.84758,0.00237469,0.1933,0.0057,-7.802,4.229,3.0803,-0.0128,-0.0032,-7.691,4.206
270.11,62.340,0.1933,0.0057,0.0050,0.0052,-0.0198,-0.0128,-0.0032,3.0805,-8.028,4.089,0.1930,0.563923,2.94273,0.00237469,0.1933,0.0057,-7.809,4.230,3.0805,-0.0128,-0.0032,-7.691,4.206
270.21,62.360,0.1933,0.0057,0.0050,0.0052,-0.0198,-0.0128,-0.0032,3.0807,-8.033,4.089,0.1930,0.56576,3.01614,0.00209788,0.1933,0.0057,-7.815,4.231,3.0806,-0.0128,-0.0032,-7.691,4.206
270.31,62.380,0.1933,0.0057,0.0050,0.0052,-0.0198,-0.0128,-0.0032,3.0808,-8.038,4.090,0.1930,0.56576,3.01614,0.00209788,0.1933,0.0057,-7.815,4.231,3.0806,-0.0128,-0.0032,-7.691,4.206
270.41,62.400,0.1933,0.0057,0.0137,-0.0240,-0.0060,-0.0128,-0.0032,3.0810,-8.043,4.090,0.1885,0.567607,3.09133,0.00237469,0.1889,0.0409,-7.821,4.232,3.0808,-0.0128,-0.0032,-7.691,4.206
270.51,62.440,0.1889,0.0398,0.0356,0.0015,0.0004,-0.0128,-0.0032,3.0818,-8.048,4.090,0.1879,0.570077,3.19442,0.00237469,0.1889,0.0409,-7.828,4.233,3.0813,-0.0128,-0.0032,-7.691,4.206
270.61,62.460,0.1889,0.0409,0.0356,0.0015,0.0004,-0.0128,-0.0032,3.0829,-8.054,4.091,0.1878,0.571931,3.27391,0.00209788,0.1889,0.0409,-7.834,4.234,3.0823,-0.0128,-0.0032,-7.691,4.206
270.71,62.500,0.1889,0.0409,0.0356,0.0015,0.0004,-0.0128,-0.0031,3.0839,-8.059,4.091,0.1878,0.573789,3.35529,0.00237469,0.1891,0.0401,-7.840,4.235,3.0834,-0.0128,-0.0031,-7.691,4.206
270.81,62.520,0.1891,0.0401,0.0349,0.0015,0.0004,-0.0128,-0.0031,3.0848,-8.064,4.091,0.1877,0.573789,3.35529,0.00237469,0.1891,0.0401,-7.840,4.235,3.0834,-0.0128,-0.0031,-7.691,4.206
270.91,62.540,0.1891,0.0401,0.0349,0.0015,0.0004,-0.0128,-0.0031,3.0858,-8.069,4.091,0.1876,0.576264,3.4668,0.00237469,0.1891,0.0401,-7.847,4.236,3.0849,-0.0128,-0.0031,-7.691,4.206
271.01,62.580,0.1891,0.0401,0.0349,0.0015,0.0004,-0.0128,-0.0031,3.0868,-8.075,4.092,0.1875,0.578119,3.55272,0.00209788,0.1891,0.0401,-7.853,4.237,3.0860,-0.0128,-0.0031,-7.691,4.206
271.11,62.600,0.1891,0.0401,0.0349,0.0015,0.0004,-0.0129,-0.0031,3.0876,-8.079,4.092,0.1880,0.579977,3.64064,0.00237469,0.1895,0.0363,-7.858,4.237,3.0870,-0.0129,-0.0031,-7.691,4.206
271.21,62.620,0.1895,0.0363,0.0316,0.0013,0.0003,-0.0129,-0.0031,3.0885,-8.085,4.092,0.1879,0.582451,3.76104,0.00237469,0.1895,0.0363,-7.866,4.239,3.0883,-0.0129,-0.0031,-7.691,4.206
271.31,62.660,0.1895,0.0363,0.0317,0.0013,0.0003,-0.0129,-0.0031,3.0894,-8.090,4.092,0.1878,0.584305,3.85375,0.00209788,0.1895,0.0363,-7.872,4.239,3.0893,-0.0129,-0.0031,-7.691,4.206
271.41,62.680,0.1895,0.0363,0.0318,0.0019,0.0005,-0.0129,-0.0031,3.0903,-8.095,4.092,0.1878,0.584305,3.85375,0.00209788,0.1895,0.0363,-7.872,4.239,3.0893,-0.0129,-0.0031,-7.691,4.206
271.51,62.700,0.1895,0.0363,0.0290,0.0059,-0.0145,-0.0129,-0.0031,3.0911,-8.100,4.093,0.1883,0.586162,3.94857,0.00237469,0.1899,0.0330,-7.877,4.240,3.0902,-0.0129,-0.0031,-7.691,4.206
271.61,62.740,0.1899,0.0330,0.0325,0.0014,0.0003,-0.0129,-0.0030,3.0918,-8.105,4.093,0.1890,0.588636,4.07834,0.00237469,0.1899,0.0330,-7.885,4.241,3.0914,-0.0129,-0.0030,-7.691,4.206
271.71,62.760,0.1899,0.0330,0.0325,0.0049,-0.0145,-0.0129,-0.0030,3.0927,-8.109,4.093,0.1890,0.590489,4.17822,0.00209788,0.1899,0.0330,-7.890,4.242,3.0924,-0.0129,-0.0030,-7.691,4.206
271.81,62.780,0.1899,0.0330,0.0325,0.0049,-0.0145,-0.0129,-0.0030,3.0936,-8.115,4.093,0.1890,0.590489,4.17822,0.00209788,0.1899,0.0330,-7.890,4.242,3.0924,-0.0129,-0.0030,-7.691,4.206
271.91,62.820,0.1903,0.0300,0.0296,0.0048,-0.0151,-0.0129,-0.0030,3.0944,-8.120,4.093,0.1895,0.592344,4.28031,0.00237469,0.1903,0.0300,-7.896,4.243,3.0933,-0.0129,-0.0030,-7.691,4.206
272.01,62.840,0.1903,0.0300,0.0297,0.0048,-0.0151,-0.0129,-0.0030,3.0953,-8.126,4.093,0.1895,0.594814,4.41996,0.00237469,0.1903,0.0300,-7.904,4.244,3.0946,-0.0129,-0.0030,-7.691,4.206
272.11,62.880,0.1903,0.0300,0.0297,0.0048,-0.0151,-0.0129,-0.0030,3.0961,-8.131,4.093,0.1895,0.596663,4.52737,0.00209788,0.1903,0.0300,-7.909,4.245,3.0955,-0.0129,-0.0030,-7.691,4.206
272.21,62.900,0.1903,0.0300,0.0297,0.0048,-0.0151,-0.0129,-0.0030,3.0968,-8.135,4.094,0.1899,0.598514,4.63713,0.00237469,0.1907,0.0270,-7.915,4.245,3.0963,-0.0129,-0.0030,-7.691,4.206
272.31,62.920,0.1907,0.0270,0.0268,0.0048,-0.0156,-0.0129,-0.0030,3.0975,-8.141,4.094,0.1899,0.600979,4.78717,0.00237469,0.1907,0.0270,-7.923,4.247,3.0975,-0.0129,-0.0030,-7.691,4.206
272.41,62.960,0.1907,0.0270,0.0268,0.0048,-0.0156,-0.0129,-0.0030,3.0983,-8.146,4.094,0.1899,0.600979,4.78717,0.00237469,0.1907,0.0270,-7.923,4.247,3.0975,-0.0129,-0.0030,-7.691,4.206
272.51,62.980,0.1907,0.0270,0.0267,0.0048,-0.0157,-0.0129,-0.0030,3.0991,-8.151,4.094,0.1899,0.602824,4.90252,0.00209788,0.1907,0.0270,-7.928,4.247,3.0983,-0.0129,-0.0030,-7.691,4.206
272.61,63.000,0.1907,0.0270,0.0236,0.0048,-0.0163,-0.0129,-0.0029,3.0997,-8.156,4.094,0.1904,0.604671,5.02032,0.00237469,0.1911,0.0238,-7.934,4.248,3.0991,-0.0129,-0.0029,-7.881,4.217
272.71,63.040,0.1911,0.0238,0.0236,0.0048,-0.0163,-0.0129,-0.0029,3.1004,-8.162,4.094,0.1904,0.517859,2.29392,0.00237468,0.1911,0.0238,-7.936,4.233,3.1000,-0.0129,-0.0029,-7.881,4.217
272.81,63.060,0.1911,0.0238,0.0236,0.0048,-0.0163,-0.0129,-0.0029,3.1010,-8.167,4.094,0.1904,0.519495,2.35,0.00209788,0.1911,0.0238,-7.942,4.234,3.1007,-0.0129,-0.0029,-7.881,4.217
272.91,63.080,0.1911,0.0238,0.0236,0.0048,-0.0163,-0.0129,-0.0029,3.1016,-8.171,4.095,0.1904,0.519495,2.35,0.00209788,0.1911,0.0238,-7.942,4.234,3.1007,-0.0129,-0.0029,-7.881,4.217
273.01,63.100,0.1911,0.0238,0.0137,0.0323,-0.1431,-0.0129,-0.0029,3.1020,-8.176,4.095,0.1926,0.521135,2.40753,0.00237468,0.1928,0.0094,-7.947,4.234,3.1014,-0.0129,-0.0029,-7.881,4.217
273.11,63.140,0.1928,0.0094,0.0093,0.0049,-0.0192,-0.0129,-0.0029,3.1022,-8.181,4.095,0.1926,0.52332,2.48652,0.00237468,0.1928,0.0094,-7.955,4.235,3.1021,-0.0129,-0.0029,-7.881,4.217
273.21,63.160,0.1928,0.0094,0.0092,0.0053,-0.0194,-0.0129,-0.0029,3.1025,-8.187,4.095,0.1926,0.524958,2.54751,0.00209788,0.1928,0.0094,-7.961,4.236,3.1024,-0.0129,-0.0029,-7.881,4.217
273.31,63.200,0.1928,0.0094,0.0083,0.0003,0.0001,-0.0129,-0.0029,3.1027,-8.192,4.095,0.1930,0.526601,2.61002,0.00237469,0.1930,0.0080,-7.966,4.236,3.1026,-0.0129,-0.0029,-7.881,4.217
273.41,63.220,0.1930,0.0080,0.0070,0.0047,-0.0195,-0.0129,-0.0029,3.1029,-8.197,4.095,0.1930,0.526601,2.61002,0.00237469,0.1930,0.0080,-7.966,4.236,3.1026,-0.0129,-0.0029,-7.881,4.217
273.51,63.260,0.1930,0.0080,0.0070,0.0047,-0.0195,-0.0129,-0.0029,3.1031,-8.203,4.096,0.1930,0.528791,2.69579,0.00237469,0.1930,0.0080,-7.974,4.237,3.1029,-0.0129,-0.0029,-7.881,4.217
273.61,63.280,0.1930,0.0080,0.0070,0.0047,-0.0195,-0.0129,-0.0029,3.1033,-8.209,4.096,0.1930,0.530435,2.76196,0.00209788,0.1930,0.0080,-7.980,4.238,3.1031,-0.0129,-0.0029,-7.881,4.217
273.71,63.300,0.1930,0.0080,0.0070,0.0047,-0.0195,-0.0129,-0.0029,3.1035,-8.214,4.096,0.1930,0.532083,2.82976,0.00237469,0.1930,0.0080,-7.986,4.238,3.1033,-0.0129,-0.0029,-7.881,4.217
273.81,63.340,0.1930,0.0080,0.0070,0.0047,-0.0195,-0.0129,-0.0029,3.1037,-8.219,4.096,0.1930,0.534282,2.9227,0.00237469,0.1930,0.0080,-7.993,4.239,3.1036,-0.0129,-0.0029,-7.881,4.217
273.91,63.360,0.1930,0.0080,0.0070,0.0047,-0.0195,-0.0129,-0.0029,3.1039,-8.224,4.096,0.1930,0.535931,2.99437,0.00209788,0.1930,0.0080,-7.999,4.240,3.1038,-0.0129,-0.0029,-7.881,4.217
274.01,63.380,0.1930,0.0080,0.0070,0.0047,-0.0195,-0.0129,-0.0029,3.1041,-8.230,4.096,0.1930,0.537585,3.06775,0.00237469,0.1930,0.0080,-8.005,4.240,3.1040,-0.0129,-0.0029,-7.881,4.217
274.11,63.420,0.1930,0.0080,0.0071,0.0047,-0.0195,-0.0129,-0.0029,3.1043,-8.235,4.097,0.1930,0.537585,3.06775,0.00237469,0.1930,0.0080,-8.005,4.240,3.1040,-0.0129,-0.0029,-7.881,4.217
274.21,63.440,0.1930,0.0080,0.0071,0.0047,-0.0195,-0.0129,-0.0029,3.1045,-8.240,4.097,0.1930,0.539791,3.16829,0.00237469,0.1930,0.0080,-8.013,4.241,3.1043,-0.0129,-0.0029,-7.881,4.217
274.31,63.460,0.1930,0.0080,0.0071,0.0047,-0.0195,-0.0129,-0.0029,3.1046,-8.245,4.097,0.1930,0.541446,3.24576,0.00209788,0.1930,0.0080,-8.018,4.241,3.1045,-0.0129,-0.0029,-7.881,4.217
274.41,63.500,0.1930,0.0080,0.0071,0.0047,-0.0195,-0.0129,-0.0029,3.1048,-8.250,4.097,0.1930,0.543106,3.32504,0.00237469,0.1930,0.0081,-8.024,4.242,3.1047,-0.0129,-0.0029,-7.881,4.217
274.51,63.520,0.1930,0.0081,0.0071,0.0047,-0.0195,-0.0129,-0.0029,3.1050,-8.255,4.097,0.1930,0.543106,3.32504,0.00237469,0.1930,0.0081,-8.024,4.242,3.1047,-0.0129,-0.0029,-7.881,4.217
274.61,63.560,0.1930,0.0081,0.0071,0.0047,-0.0195,-0.0129,-0.0029,3.1052,-8.261,4.097,0.1930,0.54532,3.43361,0.00237469,0.1930,0.0081,-8.032,4.243,3.1050,-0.0129,-0.0029,-7.881,4.217
274.71,63.580,0.1930,0.0081,0.0071,0.0046,-0.0195,-0.0129,-0.0029,3.1054,-8.266,4.098,0.1930,0.54698,3.51721,0.00209788,0.1930,0.0081,-8.038,4.243,3.1052,-0.0129,-0.0029,-7.881,4.217
274.81,63.600,0.1930,0.0081,0.0072,0.0046,-0.0195,-0.0129,-0.0029,3.1056,-8.272,4.098,0.1930,0.548646,3.60272,0.00237469,0.1930,0.0081,-8.043,4.244,3.1054,-0.0129,-0.0029,-7.881,4.217
274.91,63.640,0.1930,0.0081,0.0072,0.0046,-0.0195,-0.0129,-0.0029,3.1058,-8.277,4.098,0.1930,0.550867,3.71974,0.00237469,0.1930,0.0081,-8.051,4.245,3.1057,-0.0129,-0.0029,-7.881,4.217
275.01,63.660,0.1930,0.0081,0.0072,0.0046,-0.0195,-0.0129,-0.0029,3.1060,-8.283,4.098,0.1930,0.552533,3.80981,0.00209788,0.1930,0.0081,-8.057,4.245,3.1059,-0.0129,-0.0029,-7.881,4.217
275.11,63.700,0.1930,0.0081,0.0072,0.0046,-0.0195,-0.0129,-0.0029,3.1062,-8.288,4.098,0.1930,0.554205,3.90189,0.00237469,0.1930,0.0082,-8.063,4.246,3.1061,-0.0129,-0.0029,-7.881,4.217
275.21,63.720,0.1930,0.0082,0.0072,0.0046,-0.0195,-0.0129,-0.0029,3.1064,-8.293,4.098,0.1930,0.554205,3.90189,0.00237469,0.1930,0.0082,-8.063,4.246,3.1061,-0.0129,-0.0029,-7.881,4.217
275.31,63.740,0.1930,0.0082,0.0073,0.0046,-0.0195,-0.0129,-0.0029,3.1066,-8.299,4.099,0.1930,0.556434,4.02784,0.00237469,0.1930,0.0082,-8.070,4.247,3.1064,-0.0129,-0.0029,-7.881,4.217
275.41,63.780,0.1930,0.0082,0.0073,0.0046,-0.0195,-0.0129,-0.0029,3.1068,-8.304,4.099,0.1930,0.558105,4.12472,0.00209788,0.1930,0.0082,-8.076,4.247,3.1067,-0.0129,-0.0029,-7.881,4.217
275.51,63.800,0.1930,0.0082,0.0073,0.0046,-0.0195,-0.0129,-0.0028,3.1070,-8.309,4.099,0.1930,0.559782,4.22372,0.00237469,0.1930,0.0083,-8.082,4.248,3.1069,-0.0129,-0.0028,-7.881,4.217
275.61,63.820,0.1930,0.0083,0.0073,0.0046,-0.0195,-0.0129,-0.0028,3.1072,-8.314,4.099,0.1930,0.562018,4.35906,0.00237469,0.1930,0.0083,-8.090,4.249,3.1072,-0.0129,-0.0028,-7.881,4.217
275.71,63.840,0.1930,0.0083,0.0073,0.0046,-0.0195,-0.0129,-0.0028,3.1074,-8.319,4.099,0.1930,0.562018,4.35906,0.00237469,0.1930,0.0083,-8.090,4.249,3.1072,-0.0129,-0.0028,-7.881,4.217
275.81,63.880,0.1930,0.0083,0.0073,0.0046,-0.0195,-0.0129,-0.0028,3.1076,-8.324,4.099,0.1930,0.563696,4.46311,0.00209788,0.1930,0.0083,-8.095,4.249,3.1074,-0.0129,-0.0028,-7.881,4.217
275.91,63.900,0.1930,0.0083,0.0074,0.0046,-0.0195,-0.0129,-0.0028,3.1078,-8.330,4.100,0.1930,0.565378,4.56939,0.00237469,0.1930,0.0084,-8.101,4.250,3.1076,-0.0129,-0.0028,-7.881,4.217
276.01,63.940,0.1930,0.0084,0.0074,0.0046,-0.0195,-0.0129,-0.0028,3.1080,-8.335,4.100,0.1930,0.567621,4.71461,0.00237469,0.1930,0.0084,-8.109,4.250,3.1079,-0.0129,-0.0028,-7.881,4.217
276.11,63.960,0.1930,0.0084,0.0074,0.0046,-0.0195,-0.0129,-0.0028,3.1082,-8.341,4.100,0.1930,0.569304,4.82621,0.00209788,0.1930,0.0084,-8.115,4.251,3.1081,-0.0129,-0.0028,-7.881,4.217
276.21,64.000,0.1930,0.0084,0.0074,0.0046,-0.0195,-0.0129,-0.0028,3.1084,-8.346,4.100,0.1930,0.570992,4.94015,0.00237469,0.1929,0.0086,-8.120,4.252,3.1083,-0.0129,-0.0028,-8.074,4.224
276.31,64.020,0.1929,0.0086,0.0076,0.0045,-0.0195,-0.0129,-0.0028,3.1086,-8.351,4.100,0.1930,0.570992,4.94015,0.00237469,0.1929,0.0086,-8.120,4.252,3.1083,-0.0129,-0.0028,-8.074,4.224
276.41,64.040,0.1929,0.0086,0.0076,0.0045,-0.0195,-0.0129,-0.0028,3.1089,-8.357,4.100,0.1930,0.496439,2.27849,0.00237468,0.1929,0.0086,-8.123,4.238,3.1086,-0.0129,-0.0028,-8.074,4.224
276.51,64.080,0.1929,0.0086,0.0075,0.0045,-0.0196,-0.0129,-0.0028,3.1091,-8.363,4.100,0.1929,0.498011,2.33323,0.00209788,0.1929,0.0086,-8.129,4.238,3.1089,-0.0129,-0.0028,-8.074,4.224
276.61,64.100,0.1929,0.0086,-0.0012,-0.0233,-0.0051,-0.0129,-0.0028,3.1092,-8.368,4.101,0.1933,0.499588,2.38936,0.00237468,0.1934,-0.0045,-8.135,4.239,3.1091,-0.0129,-0.0028,-8.074,4.224
276.71,64.140,0.1934,-0.0045,-0.0036,0.0046,-0.0216,-0.0129,-0.0028,3.1091,-8.374,4.101,0.1933,0.501689,2.46638,0.00237468,0.1934,-0.0045,-8.142,4.239,3.1092,-0.0129,-0.0028,-8.074,4.224
276.81,64.160,0.1934,-0.0045,-0.0036,0.0046,-0.0216,-0.0129,-0.0028,3.1090,-8.378,4.101,0.1933,0.503265,2.52582,0.00209788,0.1934,-0.0045,-8.148,4.240,3.1091,-0.0129,-0.0028,-8.074,4.224
276.91,64.180,0.1934,-0.0045,-0.0036,0.0046,-0.0216,-0.0129,-0.0028,3.1089,-8.383,4.101,0.1933,0.503265,2.52582,0.00209788,0.1934,-0.0045,-8.148,4.240,3.1091,-0.0129,-0.0028,-8.074,4.224
277.01,64.200,0.1934,-0.0045,-0.0033,0.0046,-0.0216,-0.0129,-0.0028,3.1088,-8.387,4.101,0.1934,0.504846,2.58672,0.00237469,0.1935,-0.0042,-8.154,4.240,3.1089,-0.0129,-0.0028,-8.074,4.224
277.11,64.240,0.1935,-0.0042,-0.0033,0.0046,-0.0216,-0.0129,-0.0028,3.1087,-8.392,4.101,0.1934,0.506954,2.67023,0.00237469,0.1935,-0.0042,-8.162,4.241,3.1088,-0.0129,-0.0028,-8.074,4.224
277.21,64.260,0.1935,-0.0042,-0.0033,0.0046,-0.0216,-0.0129,-0.0028,3.1087,-8.397,4.102,0.1934,0.508536,2.73464,0.00209788,0.1935,-0.0042,-8.167,4.241,3.1087,-0.0129,-0.0028,-8.074,4.224
277.31,64.280,0.1935,-0.0042,-0.0033,0.0046,-0.0216,-0.0129,-0.0028,3.1086,-8.402,4.102,0.1934,0.508536,2.73464,0.00209788,0.1935,-0.0042,-8.167,4.241,3.1087,-0.0129,-0.0028,-8.074,4.224
277.41,64.300,0.1935,-0.0042,-0.0024,0.0046,-0.0214,-0.0129,-0.0028,3.1085,-8.406,4.102,0.1936,0.510123,2.80059,0.00237469,0.1936,-0.0030,-8.173,4.241,3.1086,-0.0129,-0.0028,-8.074,4.224
277.51,64.340,0.1936,-0.0030,-0.0024,0.0046,-0.0214,-0.0129,-0.0028,3.1084,-8.412,4.102,0.1936,0.51224,2.89098,0.00237469,0.1936,-0.0030,-8.181,4.242,3.1085,-0.0129,-0.0028,-8.074,4.224
277.61,64.360,0.1936,-0.0030,-0.0024,0.0046,-0.0214,-0.0129,-0.0028,3.1084,-8.417,4.102,0.1936,0.513828,2.96064,0.00209788,0.1936,-0.0030,-8.187,4.242,3.1084,-0.0129,-0.0028,-8.074,4.224
277.71,64.380,0.1936,-0.0030,-0.0024,0.0046,-0.0214,-0.0129,-0.0028,3.1083,-8.421,4.102,0.1936,0.513828,2.96064,0.00209788,0.1936,-0.0030,-8.187,4.242,3.1084,-0.0129,-0.0028,-8.074,4.224
277.81,64.400,0.1936,-0.0030,-0.0015,0.0046,-0.0212,-0.0129,-0.0028,3.1083,-8.426,4.102,0.1937,0.515422,3.03194,0.00237469,0.1938,-0.0019,-8.192,4.243,3.1083,-0.0129,-0.0028,-8.074,4.224
277.91,64.420,0.1938,-0.0019,-0.0015,0.0046,-0.0212,-0.0129,-0.0028,3.1083,-8.430,4.103,0.1937,0.517547,3.1296,0.00237469,0.1938,-0.0019,-8.200,4.243,3.1083,-0.0129,-0.0028,-8.074,4.224
278.01,64.460,0.1938,-0.0019,-0.0015,0.0046,-0.0212,-0.0129,-0.0028,3.1082,-8.435,4.103,0.1937,0.517547,3.1296,0.00237469,0.1938,-0.0019,-8.200,4.243,3.1083,-0.0129,-0.0028,-8.074,4.224
278.11,64.480,0.1938,-0.0019,-0.0015,0.0046,-0.0212,-0.0129,-0.0028,3.1082,-8.440,4.103,0.1937,0.519141,3.20482,0.00209788,0.1938,-0.0019,-8.206,4.244,3.1082,-0.0129,-0.0028,-8.074,4.224
278.21,64.500,0.1938,-0.0019,-0.0008,0.0046,-0.0211,-0.0129,-0.0028,3.1082,-8.444,4.103,0.1939,0.520742,3.28177,0.00237469,0.1939,-0.0010,-8.212,4.244,3.1082,-0.0129,-0.0028,-8.074,4.224
278.31,64.520,0.1939,-0.0010,-0.0008,0.0046,-0.0211,-0.0129,-0.0028,3.1081,-8.449,4.103,0.1939,0.520742,3.28177,0.00237469,0.1939,-0.0010,-8.212,4.244,3.1082,-0.0129,-0.0028,-8.074,4.224
278.41,64.540,0.1939,-0.0010,-0.0008,0.0046,-0.0211,-0.0129,-0.0028,3.1081,-8.453,4.103,0.1939,0.522876,3.3871,0.00237469,0.1939,-0.0010,-8.220,4.245,3.1081,-0.0129,-0.0028,-8.074,4.224
278.51,64.560,0.1939,-0.0010,-0.0008,0.0046,-0.0211,-0.0129,-0.0028,3.1081,-8.458,4.103,0.1939,0.524477,3.46819,0.00209788,0.1939,-0.0010,-8.225,4.245,3.1081,-0.0129,-0.0028,-8.074,4.224
278.61,64.600,0.1939,-0.0010,-0.0008,0.0046,-0.0211,-0.0129,-0.0028,3.1081,-8.463,4.104,0.1940,0.526083,3.5511,0.00237469,0.1940,-0.0001,-8.231,4.246,3.1081,-0.0129,-0.0028,-8.074,4.224
278.71,64.620,0.1940,-0.0001,-0.0001,0.0046,-0.0209,-0.0129,-0.0028,3.1081,-8.468,4.104,0.1940,0.526083,3.5511,0.00237469,0.1940,-0.0001,-8.231,4.246,3.1081,-0.0129,-0.0028,-8.074,4.224
278.81,64.640,0.1940,-0.0001,-0.0001,0.0046,-0.0209,-0.0129,-0.0028,3.1081,-8.473,4.104,0.1940,0.528226,3.66453,0.00237469,0.1940,-0.0001,-8.239,4.246,3.1081,-0.0129,-0.0028,-8.074,4.224
278.91,64.680,0.1940,-0.0001,-0.0001,0.0046,-0.0209,-0.0129,-0.0028,3.1081,-8.477,4.104,0.1940,0.529834,3.7518,0.00209788,0.1940,-0.0001,-8.245,4.247,3.1081,-0.0129,-0.0028,-8.074,4.224
279.01,64.700,0.1940,-0.0001,-0.0001,0.0046,-0.0209,-0.0129,-0.0028,3.1081,-8.482,4.104,0.1939,0.531448,3.841,0.00237469,0.1939,0.0006,-8.251,4.247,3.1081,-0.0129,-0.0028,-8.074,4.224
279.11,64.720,0.1939,0.0006,0.0006,0.0046,-0.0208,-0.0129,-0.0028,3.1081,-8.487,4.104,0.1939,0.531448,3.841,0.00237469,0.1939,0.0006,-8.251,4.247,3.1081,-0.0129,-0.0028,-8.074,4.224
279.21,64.740,0.1939,0.0006,0.0006,0.0046,-0.0208,-0.0129,-0.0028,3.1081,-8.492,4.105,0.1939,0.5336,3.96297,0.00237469,0.1939,0.0006,-8.258,4.247,3.1081,-0.0129,-0.0028,-8.074,4.224
279.31,64.780,0.1939,0.0006,0.0006,0.0046,-0.0208,-0.0129,-0.0028,3.1081,-8.497,4.105,0.1939,0.535215,4.05676,0.00209788,0.1939,0.0006,-8.264,4.248,3.1081,-0.0129,-0.0028,-8.074,4.224
279.41,64.800,0.1939,0.0006,0.0006,0.0046,-0.0208,-0.0129,-0.0028,3.1081,-8.502,4.105,0.1937,0.536836,4.15258,0.00237469,0.1938,0.0015,-8.270,4.248,3.1081,-0.0129,-0.0028,-8.074,4.224
279.51,64.820,0.1938,0.0015,0.0013,0.0046,-0.0207,-0.0129,-0.0028,3.1082,-8.507,4.105,0.1937,0.538998,4.28353,0.00237469,0.1938,0.0015,-8.278,4.249,3.1082,-0.0129,-0.0028,-8.074,4.224
279.61,64.860,0.1938,0.0015,0.0013,0.0046,-0.0207,-0.0129,-0.0028,3.1082,-8.512,4.105,0.1937,0.538998,4.28353,0.00237469,0.1938,0.0015,-8.278,4.249,3.1082,-0.0129,-0.0028,-8.074,4.224
279.71,64.880,0.1938,0.0015,0.0013,0.0046,-0.0207,-0.0129,-0.0028,3.1082,-8.517,4.105,0.1937,0.54062,4.38419,0.00209788,0.1938,0.0015,-8.283,4.249,3.1082,-0.0129,-0.0028,-8.074,4.224
279.81,64.900,0.1938,0.0015,0.0017,0.0046,-0.0206,-0.0129,-0.0028,3.1083,-8.523,4.106,0.1937,0.542248,4.48697,0.00237469,0.1938,0.0019,-8.289,4.250,3.1082,-0.0129,-0.0028,-8.074,4.224
279.91,64.940,0.1938,0.0019,0.0017,0.0046,-0.0206,-0.0129,-0.0028,3.1083,-8.528,4.106,0.1937,0.544419,4.62738,0.00237469,0.1938,0.0019,-8.297,4.250,3.1083,-0.0129,-0.0028,-8.074,4.224
280.01,64.960,0.1938,0.0019,0.0017,0.0046,-0.0206,-0.0129,-0.0028,3.1084,-8.534,4.106,0.1937,0.546049,4.73525,0.00209788,0.1938,0.0019,-8.303,4.251,3.1084,-0.0129,-0.0028,-8.074,4.224
280.11,65.000,0.1938,0.0019,0.0017,0.0046,-0.0206,-0.0129,-0.0028,3.1084,-8.539,4.106,0.1937,0.547684,4.84536,0.00237469,0.1937,0.0024,-8.309,4.251,3.1084,-0.0129,-0.0028,-8.267,4.230
280.21,65.020,0.1937,0.0024,0.0021,0.0046,-0.0205,-0.0129,-0.0028,3.1085,-8.545,4.106,0.1936,0.547684,4.84536,0.00237469,0.1937,0.0024,-8.309,4.251,3.1084,-0.0129,-0.0028,-8.267,4.230
280.31,65.040,0.1937,0.0024,0.0021,0.0046,-0.0205,-0.0129,-0.0028,3.1085,-8.550,4.107,0.1936,0.480703,2.25883,0.00237468,0.1937,0.0024,-8.312,4.241,3.1085,-0.0129,-0.0028,-8.267,4.230
280.41,65.080,0.1937,0.0024,0.0021,0.0046,-0.0205,-0.0129,-0.0028,3.1086,-8.556,4.107,0.1936,0.482254,2.31231,0.00209788,0.1937,0.0024,-8.318,4.241,3.1086,-0.0129,-0.0028,-8.267,4.230
280.51,65.100,0.1937,0.0024,-0.0067,0.0250,0.0055,-0.0129,-0.0028,3.1086,-8.561,4.107,0.1931,0.48381,2.36712,0.00237468,0.1930,-0.0081,-8.323,4.241,3.1086,-0.0129,-0.0028,-8.267,4.230
280.61,65.140,0.1930,-0.0081,-0.0072,0.0020,-0.0104,-0.0129,-0.0028,3.1084,-8.567,4.107,0.1930,0.485885,2.44232,0.00237468,0.1930,-0.0081,-8.331,4.242,3.1085,-0.0129,-0.0028,-8.267,4.230
280.71,65.160,0.1930,-0.0081,-0.0072,0.0046,-0.0223,-0.0129,-0.0028,3.1082,-8.572,4.107,0.1930,0.487441,2.50034,0.00209788,0.1930,-0.0081,-8.337,4.242,3.1083,-0.0129,-0.0028,-8.267,4.230
280.81,65.180,0.1930,-0.0081,-0.0072,0.0046,-0.0223,-0.0129,-0.0028,3.1080,-8.577,4.107,0.1930,0.487441,2.50034,0.00209788,0.1930,-0.0081,-8.337,4.242,3.1083,-0.0129,-0.0028,-8.267,4.230
280.91,65.220,0.1931,-0.0075,-0.0066,0.0046,-0.0222,-0.0129,-0.0028,3.1078,-8.582,4.107,0.1931,0.489002,2.55977,0.00237469,0.1931,-0.0075,-8.343,4.242,3.1081,-0.0129,-0.0028,-8.267,4.230
281.01,65.240,0.1931,-0.0075,-0.0066,0.0046,-0.0222,-0.0129,-0.0028,3.1077,-8.587,4.108,0.1931,0.491084,2.64125,0.00237469,0.1931,-0.0075,-8.350,4.243,3.1078,-0.0129,-0.0028,-8.267,4.230
281.11,65.260,0.1931,-0.0075,-0.0066,0.0046,-0.0222,-0.0129,-0.0028,3.1075,-8.593,4.108,0.1931,0.492646,2.70408,0.00209788,0.1931,-0.0075,-8.356,4.243,3.1076,-0.0129,-0.0028,-8.267,4.230
281.21,65.300,0.1931,-0.0075,-0.0066,0.0046,-0.0222,-0.0129,-0.0028,3.1073,-8.598,4.108,0.1932,0.494213,2.76839,0.00237469,0.1932,-0.0062,-8.362,4.243,3.1074,-0.0129,-0.0028,-8.267,4.230
281.31,65.320,0.1932,-0.0062,-0.0055,0.0046,-0.0220,-0.0129,-0.0028,3.1071,-8.603,4.108,0.1932,0.494213,2.76839,0.00237469,0.1932,-0.0062,-8.362,4.243,3.1074,-0.0129,-0.0028,-8.267,4.230
281.41,65.360,0.1932,-0.0062,-0.0055,0.0046,-0.0220,-0.0129,-0.0028,3.1070,-8.609,4.108,0.1932,0.496304,2.85652,0.00237469,0.1932,-0.0062,-8.370,4.244,3.1071,-0.0129,-0.0028,-8.267,4.230
281.51,65.380,0.1932,-0.0062,-0.0055,0.0046,-0.0220,-0.0129,-0.0029,3.1068,-8.614,4.108,0.1932,0.497873,2.92443,0.00209788,0.1932,-0.0062,-8.376,4.244,3.1070,-0.0129,-0.0028,-8.267,4.230
281.61,65.400,0.1932,-0.0062,-0.0045,0.0046,-0.0218,-0.0129,-0.0029,3.1067,-8.620,4.109,0.1934,0.499447,2.99392,0.00237469,0.1934,-0.0051,-8.381,4.244,3.1068,-0.0129,-0.0029,-8.267,4.230
281.71,65.440,0.1934,-0.0051,-0.0045,0.0046,-0.0218,-0.0129,-0.0029,3.1065,-8.625,4.109,0.1934,0.501547,3.08907,0.00237469,0.1934,-0.0051,-8.389,4.245,3.1066,-0.0129,-0.0029,-8.267,4.230
281.81,65.460,0.1934,-0.0051,-0.0045,0.0046,-0.0218,-0.0129,-0.0029,3.1064,-8.631,4.109,0.1934,0.503122,3.16235,0.00209788,0.1934,-0.0051,-8.395,4.245,3.1065,-0.0129,-0.0029,-8.267,4.230
281.91,65.500,0.1934,-0.0051,-0.0045,0.0046,-0.0218,-0.0129,-0.0029,3.1063,-8.636,4.109,0.1935,0.504703,3.23731,0.00237469,0.1935,-0.0041,-8.401,4.245,3.1063,-0.0129,-0.0029,-8.267,4.230
282.01,65.520,0.1935,-0.0041,-0.0036,0.0046,-0.0216,-0.0129,-0.0029,3.1062,-8.642,4.109,0.1935,0.504703,3.23731,0.00237469,0.1935,-0.0041,-8.401,4.245,3.1063,-0.0129,-0.0029,-8.267,4.230
282.11,65.540,0.1935,-0.0041,-0.0036,0.0046,-0.0216,-0.0129,-0.0029,3.1061,-8.647,4.109,0.1935,0.506813,3.33989,0.00237469,0.1935,-0.0041,-8.408,4.246,3.1062,-0.0129,-0.0029,-8.267,4.230
282.21,65.580,0.1935,-0.0041,-0.0036,0.0046,-0.0216,-0.0129,-0.0029,3.1060,-8.651,4.110,0.1935,0.508395,3.41884,0.00209788,0.1935,-0.0041,-8.414,4.246,3.1061,-0.0129,-0.0029,-8.267,4.230
282.31,65.600,0.1935,-0.0041,-0.0036,0.0046,-0.0216,-0.0129,-0.0029,3.1059,-8.656,4.110,0.1936,0.509984,3.49956,0.00237469,0.1936,-0.0033,-8.420,4.246,3.1060,-0.0129,-0.0029,-8.267,4.230
282.41,65.620,0.1936,-0.0033,-0.0029,0.0045,-0.0214,-0.0129,-0.0029,3.1059,-8.661,4.110,0.1936,0.509984,3.49956,0.00237469,0.1936,-0.0033,-8.420,4.246,3.1060,-0.0129,-0.0029,-8.267,4.230
282.51,65.640,0.1936,-0.0033,-0.0032,-0.0001,-0.0000,-0.0129,-0.0029,3.1058,-8.667,4.110,0.1935,0.512104,3.60998,0.00237469,0.1936,-0.0033,-8.428,4.247,3.1059,-0.0129,-0.0029,-8.267,4.230
282.61,65.680,0.1936,-0.0033,-0.0032,0.0046,-0.0215,-0.0129,-0.0029,3.1057,-8.672,4.110,0.1935,0.513694,3.69492,0.00209788,0.1936,-0.0033,-8.433,4.247,3.1058,-0.0129,-0.0029,-8.267,4.230
282.71,65.700,0.1936,-0.0033,-0.0032,0.0046,-0.0215,-0.0129,-0.0029,3.1056,-8.676,4.110,0.1936,0.515291,3.78172,0.00237469,0.1937,-0.0025,-8.439,4.247,3.1057,-0.0129,-0.0029,-8.267,4.230
282.81,65.720,0.1937,-0.0025,-0.0025,0.0046,-0.0214,-0.0129,-0.0029,3.1055,-8.682,4.111,0.1936,0.517421,3.9004,0.00237469,0.1937,-0.0025,-8.447,4.248,3.1056,-0.0129,-0.0029,-8.267,4.230
282.91,65.760,0.1937,-0.0025,-0.0025,0.0046,-0.0214,-0.0129,-0.0029,3.1055,-8.688,4.111,0.1936,0.51902,3.99165,0.00209788,0.1937,-0.0025,-8.453,4.248,3.1055,-0.0129,-0.0029,-8.267,4.230
283.01,65.780,0.1937,-0.0025,-0.0025,0.0046,-0.0214,-0.0129,-0.0029,3.1054,-8.693,4.111,0.1936,0.51902,3.99165,0.00209788,0.1937,-0.0025,-8.453,4.248,3.1055,-0.0129,-0.0029,-8.267,4.230
283.11,65.820,0.1938,-0.0018,-0.0018,0.0046,-0.0213,-0.0129,-0.0029,3.1053,-8.698,4.111,0.1937,0.520625,4.08485,0.00237469,0.1938,-0.0018,-8.459,4.248,3.1054,-0.0129,-0.0029,-8.267,4.230
283.21,65.840,0.1938,-0.0018,-0.0018,0.0046,-0.0213,-0.0129,-0.0029,3.1053,-8.704,4.111,0.1937,0.522766,4.21223,0.00237469,0.1938,-0.0018,-8.466,4.249,3.1053,-0.0129,-0.0029,-8.267,4.230
283.31,65.860,0.1938,-0.0018,-0.0018,0.0047,-0.0213,-0.0129,-0.0029,3.1052,-8.709,4.112,0.1937,0.524373,4.31012,0.00209788,0.1938,-0.0018,-8.472,4.249,3.1053,-0.0129,-0.0029,-8.267,4.230
283.41,65.900,0.1938,-0.0018,-0.0018,0.0047,-0.0213,-0.0129,-0.0029,3.1052,-8.714,4.112,0.1938,0.525987,4.41007,0.00237469,0.1938,-0.0012,-8.478,4.249,3.1052,-0.0129,-0.0029,-8.267,4.230
283.51,65.920,0.1938,-0.0012,-0.0012,0.0047,-0.0211,-0.0129,-0.0029,3.1052,-8.719,4.112,0.1938,0.525987,4.41007,0.00237469,0.1938,-0.0012,-8.478,4.249,3.1052,-0.0129,-0.0029,-8.267,4.230
283.61,65.940,0.1938,-0.0012,-0.0012,0.0047,-0.0211,-0.0129,-0.0029,3.1051,-8.724,4.112,0.1938,0.528141,4.54659,0.00237469,0.1938,-0.0012,-8.486,4.249,3.1052,-0.0129,-0.0029,-8.267,4.230
283.71,65.980,0.1938,-0.0012,-0.0012,0.0047,-0.0211,-0.0129,-0.0029,3.1051,-8.729,4.112,0.1938,0.529757,4.65147,0.00209788,0.1938,-0.0012,-8.492,4.250,3.1051,-0.0129,-0.0029,-8.267,4.230
283.81,66.000,0.1938,-0.0012,-0.0012,0.0047,-0.0211,-0.0129,-0.0029,3.1051,-8.733,4.112,0.1939,0.53138,4.75851,0.00237469,0.1939,-0.0007,-8.497,4.250,3.1051,-0.0129,-0.0029,-8.565,4.261
283.91,66.020,0.1939,-0.0007,-0.0007,0.0047,-0.0210,-0.0129,-0.0029,3.1051,-8.738,4.113,0.1939,0.53138,4.75851,0.00237469,0.1939,-0.0007,-8.497,4.250,3.1051,-0.0129,-0.0029,-8.565,4.261
284.01,66.040,0.1939,-0.0007,-0.0007,0.0046,-0.0211,-0.0129,-0.0029,3.1050,-8.743,4.113,0.1939,0.468986,2.24012,0.00237468,0.1939,-0.0007,-8.513,4.255,3.1051,-0.0129,-0.0029,-8.565,4.261
284.11,66.080,0.1939,-0.0007,-0.0007,0.0046,-0.0211,-0.0129,-0.0029,3.1050,-8.748,4.113,0.1939,0.470535,2.29263,0.00209788,0.1939,-0.0007,-8.519,4.256,3.1050,-0.0129,-0.0029,-8.565,4.261
284.21,66.100,0.1939,-0.0007,-0.0007,0.0046,-0.0211,-0.0129,-0.0029,3.1050,-8.753,4.113,0.1933,0.472089,2.34645,0.00237468,0.1933,0.0054,-8.524,4.256,3.1050,-0.0129,-0.0029,-8.565,4.261
284.31,66.120,0.1933,0.0054,0.0047,0.0002,0.0000,-0.0129,-0.0029,3.1052,-8.759,4.113,0.1934,0.474161,2.42027,0.00237468,0.1933,0.0054,-8.532,4.256,3.1051,-0.0129,-0.0029,-8.565,4.261
284.41,66.160,0.1933,0.0054,0.0047,0.0047,-0.0200,-0.0129,-0.0029,3.1053,-8.764,4.114,0.1933,0.474161,2.42027,0.00237468,0.1933,0.0054,-8.532,4.256,3.1051,-0.0129,-0.0029,-8.565,4.261
284.51,66.180,0.1933,0.0054,0.0047,0.0046,-0.0200,-0.0129,-0.0029,3.1054,-8.769,4.114,0.1933,0.475715,2.47722,0.00209788,0.1933,0.0054,-8.538,4.257,3.1052,-0.0129,-0.0029,-8.565,4.261
284.61,66.200,0.1933,0.0054,0.0048,0.0046,-0.0200,-0.0129,-0.0029,3.1055,-8.773,4.114,0.1933,0.477274,2.53555,0.00237469,0.1933,0.0054,-8.544,4.257,3.1054,-0.0129,-0.0029,-8.565,4.261
284.71,66.220,0.1933,0.0054,0.0048,0.0046,-0.0200,-0.0129,-0.0029,3.1056,-8.778,4.114,0.1933,0.479353,2.61552,0.00237469,0.1933,0.0054,-8.552,4.257,3.1056,-0.0129,-0.0029,-8.565,4.261
284.81,66.260,0.1933,0.0054,0.0048,0.0046,-0.0200,-0.0129,-0.0029,3.1058,-8.783,4.114,0.1933,0.479353,2.61552,0.00237469,0.1933,0.0054,-8.552,4.257,3.1056,-0.0129,-0.0029,-8.565,4.261
284.91,66.280,0.1933,0.0054,0.0048,0.0046,-0.0200,-0.0129,-0.0029,3.1059,-8.788,4.114,0.1933,0.480912,2.67717,0.00209788,0.1933,0.0054,-8.557,4.258,3.1057,-0.0129,-0.0029,-8.565,4.261
285.01,66.300,0.1933,0.0054,0.0048,0.0046,-0.0200,-0.0129,-0.0029,3.1060,-8.792,4.114,0.1934,0.482476,2.74029,0.00237469,0.1933,0.0053,-8.563,4.258,3.1059,-0.0129,-0.0029,-8.565,4.261
285.11,66.320,0.1933,0.0053,0.0047,0.0046,-0.0200,-0.0129,-0.0029,3.1061,-8.797,4.115,0.1934,0.482476,2.74029,0.00237469,0.1933,0.0053,-8.563,4.258,3.1059,-0.0129,-0.0029,-8.565,4.261
285.21,66.360,0.1933,0.0053,0.0047,0.0046,-0.0200,-0.0129,-0.0029,3.1062,-8.802,4.115,0.1934,0.484561,2.82677,0.00237469,0.1933,0.0053,-8.571,4.259,3.1061,-0.0129,-0.0029,-8.565,4.261
285.31,66.380,0.1933,0.0053,0.0047,0.0046,-0.0200,-0.0129,-0.0029,3.1064,-8.808,4.115,0.1934,0.486125,2.8934,0.00209788,0.1933,0.0053,-8.577,4.259,3.1062,-0.0129,-0.0029,-8.565,4.261
285.41,66.400,0.1933,0.0053,0.0046,0.0046,-0.0200,-0.0129,-0.0029,3.1065,-8.813,4.115,0.1934,0.487694,2.96158,0.00237469,0.1934,0.0052,-8.582,4.259,3.1064,-0.0129,-0.0029,-8.565,4.261
285.51,66.440,0.1934,0.0052,0.0046,0.0046,-0.0200,-0.0129,-0.0029,3.1066,-8.818,4.115,0.1934,0.489786,3.05494,0.00237469,0.1934,0.0052,-8.590,4.260,3.1065,-0.0129,-0.0029,-8.565,4.261
285.61,66.460,0.1934,0.0052,0.0046,0.0046,-0.0200,-0.0129,-0.0029,3.1067,-8.824,4.116,0.1934,0.491355,3.12684,0.00209788,0.1934,0.0052,-8.596,4.260,3.1067,-0.0129,-0.0029,-8.565,4.261
285.71,66.480,0.1934,0.0052,0.0046,0.0046,-0.0200,-0.0129,-0.0029,3.1069,-8.829,4.116,0.1934,0.491355,3.12684,0.00209788,0.1934,0.0052,-8.596,4.260,3.1067,-0.0129,-0.0029,-8.565,4.261
285.81,66.520,0.1910,0.0206,0.0212,0.0009,0.0002,-0.0129,-0.0028,3.1072,-8.834,4.116,0.1916,0.49293,3.20037,0.00237469,0.1910,0.0240,-8.602,4.260,3.1068,-0.0129,-0.0028,-8.565,4.261
285.91,66.540,0.1910,0.0240,0.0212,0.0009,0.0002,-0.0129,-0.0028,3.1078,-8.839,4.116,0.1915,0.495029,3.30101,0.00237469,0.1910,0.0240,-8.609,4.261,3.1073,-0.0129,-0.0028,-8.565,4.261
286.01,66.560,0.1910,0.0240,0.0212,0.0009,0.0002,-0.0129,-0.0028,3.1084,-8.844,4.116,0.1914,0.496602,3.37847,0.00209788,0.1910,0.0240,-8.615,4.261,3.1079,-0.0129,-0.0028,-8.565,4.261
286.11,66.600,0.1910,0.0240,0.0212,0.0009,0.0002,-0.0129,-0.0028,3.1089,-8.849,4.116,0.1914,0.49818,3.45765,0.00237469,0.1912,0.0227,-8.621,4.261,3.1086,-0.0129,-0.0028,-8.565,4.261
286.21,66.620,0.1912,0.0227,0.0201,0.0008,0.0002,-0.0129,-0.0028,3.1094,-8.854,4.116,0.1913,0.49818,3.45765,0.00237469,0.1912,0.0227,-8.621,4.261,3.1086,-0.0129,-0.0028,-8.565,4.261
286.31,66.640,0.1912,0.0227,0.0201,0.0045,-0.0170,-0.0129,-0.0028,3.1099,-8.859,4.116,0.1913,0.500281,3.56597,0.00237469,0.1912,0.0227,-8.628,4.262,3.1094,-0.0129,-0.0028,-8.565,4.261
286.41,66.680,0.1912,0.0227,0.0201,0.0045,-0.0170,-0.0129,-0.0028,3.1104,-8.864,4.117,0.1913,0.501856,3.6493,0.00209788,0.1912,0.0227,-8.634,4.262,3.1100,-0.0129,-0.0028,-8.565,4.261
286.51,66.700,0.1912,0.0227,0.0201,0.0045,-0.0170,-0.0129,-0.0028,3.1110,-8.869,4.117,0.1916,0.503435,3.73446,0.00237469,0.1915,0.0201,-8.640,4.262,3.1106,-0.0129,-0.0028,-8.565,4.261
286.61,66.720,0.1915,0.0201,0.0178,0.0045,-0.0175,-0.0129,-0.0028,3.1115,-8.875,4.117,0.1916,0.505539,3.85088,0.00237469,0.1915,0.0201,-8.648,4.263,3.1114,-0.0129,-0.0028,-8.565,4.261
286.71,66.760,0.1915,0.0201,0.0178,0.0045,-0.0175,-0.0129,-0.0028,3.1120,-8.880,4.117,0.1916,0.505539,3.85088,0.00237469,0.1915,0.0201,-8.648,4.263,3.1114,-0.0129,-0.0028,-8.565,4.261
286.81,66.780,0.1915,0.0201,0.0178,0.0045,-0.0175,-0.0129,-0.0028,3.1125,-8.886,4.117,0.1916,0.507115,3.94039,0.00209788,0.1915,0.0201,-8.653,4.263,3.1119,-0.0129,-0.0028,-8.565,4.261
286.91,66.820,0.1918,0.0178,0.0157,0.0045,-0.0179,-0.0129,-0.0028,3.1130,-8.891,4.117,0.1919,0.508695,4.03183,0.00237469,0.1918,0.0178,-8.659,4.263,3.1125,-0.0129,-0.0028,-8.565,4.261
287.01,66.840,0.1918,0.0178,0.0157,0.0045,-0.0179,-0.0129,-0.0028,3.1134,-8.896,4.117,0.1919,0.5108,4.15679,0.00237469,0.1918,0.0178,-8.667,4.264,3.1131,-0.0129,-0.0028,-8.565,4.261
287.11,66.860,0.1918,0.0178,0.0157,0.0045,-0.0179,-0.0129,-0.0028,3.1139,-8.902,4.117,0.1919,0.512377,4.25282,0.00209788,0.1918,0.0178,-8.672,4.264,3.1136,-0.0129,-0.0028,-8.565,4.261
287.21,66.900,0.1918,0.0178,0.0157,0.0045,-0.0179,-0.0129,-0.0028,3.1143,-8.907,4.117,0.1921,0.513958,4.35088,0.00237469,0.1920,0.0158,-8.678,4.264,3.1140,-0.0129,-0.0028,-8.565,4.261
287.31,66.920,0.1920,0.0158,0.0140,0.0044,-0.0183,-0.0129,-0.0027,3.1147,-8.913,4.117,0.1921,0.516064,4.48481,0.00237469,0.1920,0.0158,-8.686,4.265,3.1146,-0.0129,-0.0027,-8.565,4.261
287.41,66.960,0.1920,0.0158,0.0140,0.0044,-0.0183,-0.0129,-0.0027,3.1151,-8.918,4.118,0.1921,0.516064,4.48481,0.00237469,0.1920,0.0158,-8.686,4.265,3.1146,-0.0129,-0.0027,-8.565,4.261
287.51,66.980,0.1920,0.0158,0.0139,0.0043,-0.0184,-0.0129,-0.0027,3.1154,-8.923,4.118,0.1921,0.517643,4.5877,0.00209788,0.1920,0.0158,-8.692,4.265,3.1150,-0.0129,-0.0027,-8.565,4.261
287.61,67.000,0.1920,0.0158,0.0124,0.0041,-0.0188,-0.0129,-0.0027,3.1158,-8.928,4.118,0.1923,0.519225,4.69272,0.00237469,0.1923,0.0141,-8.697,4.265,3.1155,-0.0129,-0.0027,-8.758,4.267
287.71,67.020,0.1923,0.0141,0.0124,0.0036,-0.0190,-0.0129,-0.0027,3.1161,-8.932,4.118,0.1923,0.459967,2.22578,0.00237468,0.1923,0.0141,-8.712,4.266,3.1160,-0.0129,-0.0027,-8.758,4.267
287.81,67.060,0.1923,0.0141,0.0112,0.0044,-0.0188,-0.0129,-0.0027,3.1164,-8.937,4.118,0.1920,0.459967,2.22578,0.00237468,0.1923,0.0141,-8.712,4.266,3.1160,-0.0129,-0.0027,-8.758,4.267
287.91,67.080,0.1923,0.0141,0.0112,0.0044,-0.0188,-0.0129,-0.0027,3.1167,-8.943,4.118,0.1920,0.4615,2.27769,0.00209788,0.1923,0.0141,-8.718,4.266,3.1163,-0.0129,-0.0027,-8.758,4.267
288.01,67.100,0.1923,0.0141,0.0100,0.0044,-0.0190,-0.0129,-0.0027,3.1169,-8.948,4.118,0.1922,0.463037,2.3309,0.00237468,0.1924,0.0126,-8.723,4.266,3.1167,-0.0129,-0.0027,-8.758,4.267
288.11,67.140,0.1924,0.0126,0.0100,0.0044,-0.0190,-0.0129,-0.0027,3.1172,-8.953,4.118,0.1922,0.465085,2.40389,0.00237468,0.1924,0.0126,-8.731,4.267,3.1171,-0.0129,-0.0027,-8.758,4.267
288.21,67.160,0.1924,0.0126,0.0100,0.0044,-0.0190,-0.0129,-0.0027,3.1175,-8.958,4.118,0.1922,0.46662,2.46019,0.00209788,0.1924,0.0126,-8.737,4.267,3.1174,-0.0129,-0.0027,-8.758,4.267
288.31,67.200,0.1924,0.0126,0.0100,0.0044,-0.0190,-0.0129,-0.0027,3.1178,-8.964,4.118,0.1923,0.468158,2.51787,0.00237469,0.1926,0.0115,-8.743,4.267,3.1177,-0.0129,-0.0027,-8.758,4.267
288.41,67.220,0.1926,0.0115,0.0092,0.0044,-0.0192,-0.0129,-0.0027,3.1180,-8.969,4.118,0.1923,0.468158,2.51787,0.00237469,0.1926,0.0115,-8.743,4.267,3.1177,-0.0129,-0.0027,-8.758,4.267
288.51,67.240,0.1926,0.0115,0.0092,0.0044,-0.0192,-0.0129,-0.0027,3.1183,-8.975,4.119,0.1923,0.470208,2.59694,0.00237469,0.1926,0.0115,-8.750,4.268,3.1181,-0.0129,-0.0027,-8.758,4.267
288.61,67.280,0.1926,0.0115,0.0092,0.0044,-0.0192,-0.0129,-0.0027,3.1186,-8.980,4.119,0.1923,0.471743,2.6579,0.00209788,0.1926,0.0115,-8.756,4.268,3.1183,-0.0129,-0.0027,-8.758,4.267
288.71,67.300,0.1926,0.0115,0.0084,0.0044,-0.0193,-0.0129,-0.0027,3.1188,-8.985,4.119,0.1925,0.473283,2.72031,0.00237469,0.1927,0.0106,-8.762,4.268,3.1186,-0.0129,-0.0027,-8.758,4.267
288.81,67.320,0.1927,0.0106,0.0084,0.0044,-0.0193,-0.0129,-0.0027,3.1190,-8.990,4.119,0.1925,0.475334,2.80581,0.00237469,0.1927,0.0106,-8.770,4.268,3.1189,-0.0129,-0.0027,-8.758,4.267
288.91,67.360,0.1927,0.0106,0.0084,0.0044,-0.0193,-0.0129,-0.0027,3.1192,-8.995,4.119,0.1925,0.475334,2.80581,0.00237469,0.1927,0.0106,-8.770,4.268,3.1189,-0.0129,-0.0027,-8.758,4.267
289.01,67.380,0.1927,0.0106,0.0084,0.0044,-0.0193,-0.0129,-0.0027,3.1194,-9.000,4.119,0.1925,0.476872,2.8717,0.00209788,0.1927,0.0106,-8.775,4.269,3.1192,-0.0129,-0.0027,-8.758,4.267
289.11,67.400,0.1927,0.0106,0.0077,0.0043,-0.0195,-0.0129,-0.0027,3.1197,-9.005,4.119,0.1926,0.478413,2.93912,0.00237469,0.1928,0.0097,-8.781,4.269,3.1194,-0.0129,-0.0027,-8.758,4.267
289.21,67.440,0.1928,0.0097,0.0077,0.0043,-0.0195,-0.0129,-0.0027,3.1199,-9.010,4.119,0.1926,0.480465,3.03144,0.00237469,0.1928,0.0097,-8.789,4.269,3.1198,-0.0129,-0.0027,-8.758,4.267
289.31,67.460,0.1928,0.0097,0.0077,0.0043,-0.0195,-0.0129,-0.0027,3.1201,-9.015,4.119,0.1926,0.482004,3.10254,0.00209788,0.1928,0.0097,-8.795,4.269,3.1200,-0.0129,-0.0027,-8.758,4.267
289.41,67.480,0.1928,0.0097,0.0077,0.0043,-0.0195,-0.0129,-0.0027,3.1203,-9.020,4.119,0.1926,0.482004,3.10254,0.00209788,0.1928,0.0097,-8.795,4.269,3.1200,-0.0129,-0.0027,-8.758,4.267
289.51,67.520,0.1929,0.0089,0.0071,0.0043,-0.0196,-0.0129,-0.0027,3.1205,-9.025,4.119,0.1927,0.483546,3.17526,0.00237469,0.1929,0.0089,-8.800,4.270,3.1202,-0.0129,-0.0027,-8.758,4.267
289.61,67.540,0.1929,0.0089,0.0071,0.0043,-0.0196,-0.0129,-0.0027,3.1207,-9.031,4.119,0.1927,0.485601,3.27478,0.00237469,0.1929,0.0089,-8.808,4.270,3.1205,-0.0129,-0.0027,-8.758,4.267
289.71,67.580,0.1929,0.0089,0.0071,0.0043,-0.0196,-0.0129,-0.0027,3.1209,-9.037,4.120,0.1927,0.48714,3.35138,0.00209788,0.1929,0.0089,-8.814,4.270,3.1207,-0.0129,-0.0027,-8.758,4.267
289.81,67.600,0.1929,0.0089,0.0072,0.0042,-0.0195,-0.0129,-0.0027,3.1211,-9.042,4.120,0.1928,0.488684,3.42969,0.00237469,0.1930,0.0083,-8.820,4.271,3.1209,-0.0129,-0.0027,-8.758,4.267
289.91,67.620,0.1930,0.0083,0.0066,0.0040,-0.0196,-0.0129,-0.0027,3.1212,-9.047,4.120,0.1928,0.49074,3.53681,0.00237469,0.1930,0.0083,-8.827,4.271,3.1212,-0.0129,-0.0027,-8.758,4.267
290.01,67.660,0.1930,0.0083,0.0067,0.0001,-0.0179,-0.0129,-0.0027,3.1214,-9.053,4.120,0.1926,0.49074,3.53681,0.00237469,0.1930,0.0083,-8.827,4.271,3.1212,-0.0129,-0.0027,-8.758,4.267
290.11,67.680,0.1930,0.0083,0.0074,0.0043,-0.0196,-0.0129,-0.0027,3.1216,-9.058,4.120,0.1926,0.492281,3.61922,0.00209788,0.1930,0.0083,-8.833,4.271,3.1214,-0.0129,-0.0027,-8.758,4.267
290.21,67.700,0.1930,0.0083,0.0068,0.0043,-0.0197,-0.0130,-0.0027,3.1218,-9.063,4.120,0.1927,0.493826,3.70343,0.00237469,0.1931,0.0077,-8.839,4.271,3.1216,-0.0130,-0.0027,-8.758,4.267
290.31,67.740,0.1931,0.0077,0.0068,0.0043,-0.0197,-0.0130,-0.0027,3.1220,-9.068,4.120,0.1927,0.495884,3.81857,0.00237469,0.1931,0.0077,-8.847,4.272,3.1219,-0.0130,-0.0027,-8.758,4.267
290.41,67.760,0.1931,0.0077,0.0068,0.0043,-0.0197,-0.0130,-0.0027,3.1222,-9.073,4.120,0.1927,0.497426,3.9071,0.00209788,0.1931,0.0077,-8.853,4.272,3.1221,-0.0130,-0.0027,-8.758,4.267
290.51,67.780,0.1931,0.0077,0.0068,0.0043,-0.0197,-0.0130,-0.0026,3.1224,-9.079,4.120,0.1927,0.498972,3.99754,0.00237469,0.1931,0.0071,-8.858,4.272,3.1223,-0.0130,-0.0027,-8.758,4.267
290.61,67.820,0.1931,0.0071,0.0063,0.0043,-0.0198,-0.0130,-0.0026,3.1226,-9.084,4.120,0.1928,0.498972,3.99754,0.00237469,0.1931,0.0071,-8.858,4.272,3.1223,-0.0130,-0.0026,-8.758,4.267
290.71,67.840,0.1931,0.0071,0.0063,0.0043,-0.0198,-0.0130,-0.0026,3.1227,-9.090,4.120,0.1928,0.501031,4.12112,0.00237469,0.1931,0.0071,-8.866,4.272,3.1226,-0.0130,-0.0026,-8.758,4.267
290.81,67.880,0.1931,0.0071,0.0063,0.0043,-0.0198,-0.0130,-0.0026,3.1229,-9.095,4.120,0.1928,0.502574,4.2161,0.00209788,0.1931,0.0071,-8.872,4.273,3.1228,-0.0130,-0.0026,-8.758,4.267
290.91,67.900,0.1931,0.0071,0.0058,0.0043,-0.0199,-0.0130,-0.0026,3.1231,-9.100,4.120,0.1929,0.504121,4.31308,0.00237469,0.1932,0.0065,-8.878,4.273,3.1230,-0.0130,-0.0026,-8.758,4.267
291.01,67.920,0.1932,0.0065,0.0058,0.0043,-0.0199,-0.0130,-0.0026,3.1232,-9.105,4.121,0.1929,0.506182,4.44555,0.00237469,0.1932,0.0065,-8.885,4.273,3.1232,-0.0130,-0.0026,-8.758,4.267
291.11,67.960,0.1932,0.0065,0.0058,0.0043,-0.0199,-0.0130,-0.0026,3.1234,-9.110,4.121,0.1929,0.506182,4.44555,0.00237469,0.1932,0.0065,-8.885,4.273,3.1232,-0.0130,-0.0026,-8.758,4.267
291.21,67.980,0.1932,0.0065,0.0058,0.0043,-0.0199,-0.0130,-0.0026,3.1235,-9.116,4.121,0.1929,0.507727,4.54732,0.00209788,0.1932,0.0065,-8.891,4.273,3.1234,-0.0130,-0.0026,-8.758,4.267
291.31,68.020,0.1933,0.0060,0.0054,0.0043,-0.0199,-0.0130,-0.0026,3.1237,-9.121,4.121,0.1930,0.509275,4.65119,0.00237469,0.1933,0.0060,-8.897,4.274,3.1235,-0.0130,-0.0026,-8.951,4.271
291.41,68.040,0.1933,0.0060,0.0054,0.0043,-0.0199,-0.0130,-0.0026,3.1238,-9.126,4.121,0.1930,0.452722,2.21684,0.00237468,0.1933,0.0060,-8.911,4.272,3.1238,-0.0130,-0.0026,-8.951,4.271
291.51,68.060,0.1933,0.0060,0.0054,0.0043,-0.0199,-0.0130,-0.0026,3.1240,-9.132,4.121,0.1930,0.454242,2.26845,0.00209788,0.1933,0.0060,-8.917,4.272,3.1239,-0.0130,-0.0026,-8.951,4.271
291.61,68.080,0.1933,0.0060,0.0054,0.0043,-0.0199,-0.0130,-0.0026,3.1241,-9.136,4.121,0.1930,0.454242,2.26845,0.00209788,0.1933,0.0060,-8.917,4.272,3.1239,-0.0130,-0.0026,-8.951,4.271
291.71,68.120,0.1935,0.0038,0.0034,0.0043,-0.0203,-0.0130,-0.0026,3.1242,-9.142,4.121,0.1933,0.455765,2.32134,0.00237468,0.1935,0.0038,-8.922,4.272,3.1241,-0.0130,-0.0026,-8.951,4.271
291.81,68.140,0.1935,0.0038,0.0034,0.0043,-0.0203,-0.0130,-0.0026,3.1243,-9.147,4.121,0.1933,0.457795,2.3939,0.00237468,0.1935,0.0038,-8.930,4.273,3.1242,-0.0130,-0.0026,-8.951,4.271
291.91,68.180,0.1935,0.0038,0.0034,0.0042,-0.0203,-0.0130,-0.0026,3.1244,-9.153,4.121,0.1933,0.459316,2.44988,0.00209788,0.1935,0.0038,-8.936,4.273,3.1243,-0.0130,-0.0026,-8.951,4.271
292.01,68.200,0.1935,0.0038,0.0031,0.0042,-0.0204,-0.0130,-0.0026,3.1245,-9.158,4.121,0.1934,0.46084,2.50722,0.00237469,0.1936,0.0035,-8.942,4.273,3.1244,-0.0130,-0.0026,-8.951,4.271
292.11,68.220,0.1936,0.0035,0.0031,0.0042,-0.0204,-0.0130,-0.0026,3.1246,-9.164,4.121,0.1934,0.462871,2.58583,0.00237469,0.1936,0.0035,-8.949,4.273,3.1246,-0.0130,-0.0026,-8.951,4.271
292.21,68.260,0.1936,0.0035,0.0031,0.0042,-0.0204,-0.0130,-0.0026,3.1247,-9.169,4.122,0.1934,0.464393,2.64644,0.00209788,0.1936,0.0035,-8.955,4.274,3.1247,-0.0130,-0.0026,-8.951,4.271
292.31,68.280,0.1936,0.0035,0.0031,0.0042,-0.0204,-0.0130,-0.0026,3.1248,-9.175,4.122,0.1934,0.464393,2.64644,0.00209788,0.1936,0.0035,-8.955,4.274,3.1247,-0.0130,-0.0026,-8.951,4.271
292.41,68.320,0.1936,0.0034,0.0030,0.0042,-0.0204,-0.0130,-0.0026,3.1249,-9.180,4.122,0.1934,0.465919,2.70849,0.00237469,0.1936,0.0034,-8.961,4.274,3.1248,-0.0130,-0.0026,-8.951,4.271
292.51,68.340,0.1936,0.0034,0.0030,0.0042,-0.0204,-0.0130,-0.0026,3.1249,-9.186,4.122,0.1934,0.467951,2.79352,0.00237469,0.1936,0.0034,-8.969,4.274,3.1249,-0.0130,-0.0026,-8.951,4.271
292.61,68.380,0.1936,0.0034,0.0030,0.0042,-0.0204,-0.0130,-0.0026,3.1250,-9.191,4.122,0.1934,0.469474,2.85903,0.00209788,0.1936,0.0034,-8.975,4.274,3.1250,-0.0130,-0.0026,-8.951,4.271
292.71,68.400,0.1936,0.0034,0.0030,0.0042,-0.0204,-0.0130,-0.0026,3.1251,-9.197,4.122,0.1934,0.471001,2.92607,0.00237469,0.1936,0.0032,-8.980,4.274,3.1251,-0.0130,-0.0026,-8.951,4.271
292.81,68.420,0.1936,0.0032,0.0029,0.0042,-0.0204,-0.0130,-0.0026,3.1252,-9.201,4.122,0.1934,0.473034,3.01787,0.00237469,0.1936,0.0032,-8.988,4.275,3.1252,-0.0130,-0.0026,-8.951,4.271
292.91,68.440,0.1936,0.0032,0.0029,0.0042,-0.0204,-0.0130,-0.0026,3.1253,-9.206,4.122,0.1934,0.473034,3.01787,0.00237469,0.1936,0.0032,-8.988,4.275,3.1252,-0.0130,-0.0026,-8.951,4.271
293.01,68.480,0.1936,0.0032,0.0029,0.0042,-0.0204,-0.0130,-0.0026,3.1253,-9.211,4.122,0.1934,0.474558,3.08857,0.00209788,0.1936,0.0032,-8.994,4.275,3.1253,-0.0130,-0.0026,-8.951,4.271
293.11,68.500,0.1936,0.0032,0.0028,0.0043,-0.0204,-0.0130,-0.0026,3.1254,-9.217,4.122,0.1935,0.476086,3.16089,0.00237469,0.1936,0.0031,-9.000,4.275,3.1253,-0.0130,-0.0026,-8.951,4.271
293.21,68.540,0.1936,0.0031,0.0028,0.0044,-0.0203,-0.0130,-0.0026,3.1255,-9.222,4.122,0.1935,0.478121,3.25986,0.00237469,0.1936,0.0031,-9.007,4.275,3.1255,-0.0130,-0.0026,-8.951,4.271
293.31,68.560,0.1936,0.0031,0.0032,0.0042,-0.0204,-0.0130,-0.0026,3.1256,-9.228,4.122,0.1935,0.479646,3.33604,0.00209788,0.1936,0.0031,-9.013,4.275,3.1255,-0.0130,-0.0026,-8.951,4.271
293.41,68.580,0.1936,0.0031,0.0032,0.0042,-0.0204,-0.0130,-0.0026,3.1257,-9.233,4.122,0.1935,0.481175,3.41392,0.00237469,0.1936,0.0030,-9.019,4.276,3.1256,-0.0130,-0.0026,-8.951,4.271
293.51,68.620,0.1936,0.0030,0.0031,0.0042,-0.0204,-0.0130,-0.0026,3.1258,-9.239,4.123,0.1935,0.481175,3.41392,0.00237469,0.1936,0.0030,-9.019,4.276,3.1256,-0.0130,-0.0026,-8.951,4.271
293.61,68.640,0.1936,0.0030,0.0031,0.0042,-0.0204,-0.0130,-0.0026,3.1258,-9.245,4.123,0.1935,0.483211,3.52046,0.00237469,0.1936,0.0030,-9.027,4.276,3.1258,-0.0130,-0.0026,-8.951,4.271
293.71,68.680,0.1936,0.0030,0.0031,0.0042,-0.0204,-0.0130,-0.0026,3.1259,-9.250,4.123,0.1935,0.484737,3.60243,0.00209788,0.1936,0.0030,-9.033,4.276,3.1259,-0.0130,-0.0026,-8.951,4.271
293.81,68.700,0.1936,0.0030,0.0029,0.0042,-0.0204,-0.0130,-0.0026,3.1260,-9.256,4.123,0.1936,0.486267,3.68619,0.00237469,0.1936,0.0029,-9.038,4.276,3.1259,-0.0130,-0.0026,-8.951,4.271
293.91,68.740,0.1936,0.0029,0.0029,0.0042,-0.0204,-0.0130,-0.0026,3.1261,-9.261,4.123,0.1936,0.488305,3.80071,0.00237469,0.1936,0.0029,-9.046,4.276,3.1261,-0.0130,-0.0026,-8.951,4.271
294.01,68.760,0.1936,0.0029,0.0029,0.0042,-0.0204,-0.0130,-0.0026,3.1262,-9.267,4.123,0.1936,0.489832,3.88877,0.00209788,0.1936,0.0029,-9.052,4.277,3.1262,-0.0130,-0.0026,-8.951,4.271
294.11,68.780,0.1936,0.0029,0.0029,0.0042,-0.0204,-0.0130,-0.0026,3.1263,-9.272,4.123,0.1936,0.489832,3.88877,0.00209788,0.1936,0.0029,-9.052,4.277,3.1262,-0.0130,-0.0026,-8.951,4.271
294.21,68.820,0.1937,0.0028,0.0028,0.0042,-0.0205,-0.0130,-0.0026,3.1263,-9.276,4.123,0.1936,0.491363,3.97873,0.00237469,0.1937,0.0028,-9.058,4.277,3.1262,-0.0130,-0.0026,-8.951,4.271
294.31,68.840,0.1937,0.0028,0.0028,0.0042,-0.0205,-0.0130,-0.0026,3.1264,-9.282,4.123,0.1936,0.493402,4.10166,0.00237469,0.1937,0.0028,-9.066,4.277,3.1264,-0.0130,-0.0026,-8.951,4.271
294.41,68.860,0.1937,0.0028,0.0028,0.0042,-0.0205,-0.0130,-0.0026,3.1265,-9.287,4.123,0.1936,0.49493,4.19615,0.00209788,0.1937,0.0028,-9.071,4.277,3.1264,-0.0130,-0.0026,-8.951,4.271
294.51,68.900,0.1937,0.0028,0.0028,0.0042,-0.0205,-0.0130,-0.0026,3.1266,-9.293,4.123,0.1936,0.496462,4.29263,0.00237469,0.1937,0.0027,-9.077,4.277,3.1265,-0.0130,-0.0026,-8.951,4.271
294.61,68.920,0.1937,0.0027,0.0027,0.0042,-0.0205,-0.0130,-0.0026,3.1266,-9.298,4.123,0.1936,0.498503,4.42442,0.00237469,0.1937,0.0027,-9.085,4.278,3.1266,-0.0130,-0.0026,-8.951,4.271
294.71,68.960,0.1937,0.0027,0.0027,0.0042,-0.0205,-0.0130,-0.0026,3.1267,-9.304,4.123,0.1936,0.498503,4.42442,0.00237469,0.1937,0.0027,-9.085,4.278,3.1266,-0.0130,-0.0026,-8.951,4.271
294.81,68.980,0.1937,0.0027,0.0027,0.0042,-0.0205,-0.0130,-0.0026,3.1268,-9.309,4.123,0.1936,0.500032,4.52566,0.00209788,0.1937,0.0027,-9.091,4.278,3.1267,-0.0130,-0.0026,-8.951,4.271
294.91,69.000,0.1937,0.0027,0.0026,0.0042,-0.0205,-0.0130,-0.0026,3.1269,-9.314,4.124,0.1936,0.501565,4.629,0.00237469,0.1937,0.0026,-9.097,4.278,3.1268,-0.0130,-0.0026,-9.144,4.274
295.01,69.040,0.1937,0.0026,0.0026,0.0043,-0.0205,-0.0130,-0.0026,3.1269,-9.319,4.124,0.1936,0.447044,2.21214,0.00237468,0.1937,0.0026,-9.110,4.276,3.1269,-0.0130,-0.0026,-9.144,4.274
295.11,69.060,0.1937,0.0026,0.0026,0.0049,-0.0208,-0.0130,-0.0026,3.1270,-9.325,4.124,0.1936,0.448558,2.26362,0.00209788,0.1937,0.0026,-9.115,4.276,3.1270,-0.0130,-0.0026,-9.144,4.274
295.21,69.080,0.1937,0.0026,0.0023,0.0019,-0.0093,-0.0130,-0.0026,3.1271,-9.330,4.124,0.1937,0.450076,2.31639,0.00237468,0.1940,0.0000,-9.121,4.276,3.1270,-0.0130,-0.0026,-9.144,4.274
295.31,69.120,0.1940,0.0000,0.0000,0.0042,-0.0210,-0.0130,-0.0026,3.1271,-9.335,4.124,0.1940,0.450076,2.31639,0.00237468,0.1940,0.0000,-9.121,4.276,3.1270,-0.0130,-0.0026,-9.144,4.274
295.41,69.140,0.1940,0.0000,0.0000,0.0042,-0.0210,-0.0130,-0.0026,3.1271,-9.340,4.124,0.1940,0.452098,2.38878,0.00237468,0.1940,0.0000,-9.129,4.276,3.1271,-0.0130,-0.0026,-9.144,4.274
295.51,69.160,0.1940,0.0000,0.0000,0.0042,-0.0210,-0.0130,-0.0026,3.1271,-9.345,4.124,0.1940,0.453612,2.44463,0.00209788,0.1940,0.0000,-9.135,4.276,3.1271,-0.0130,-0.0026,-9.144,4.274
295.61,69.200,0.1940,0.0000,0.0000,0.0042,-0.0210,-0.0130,-0.0026,3.1271,-9.350,4.124,0.1940,0.455131,2.50184,0.00237469,0.1940,0.0001,-9.141,4.277,3.1271,-0.0130,-0.0026,-9.144,4.274
295.71,69.220,0.1940,0.0001,0.0001,0.0042,-0.0210,-0.0130,-0.0026,3.1271,-9.355,4.124,0.1940,0.455131,2.50184,0.00237469,0.1940,0.0001,-9.141,4.277,3.1271,-0.0130,-0.0026,-9.144,4.274
295.81,69.240,0.1940,0.0001,0.0001,0.0042,-0.0210,-0.0130,-0.0026,3.1271,-9.360,4.124,0.1940,0.457154,2.58027,0.00237469,0.1940,0.0001,-9.148,4.277,3.1271,-0.0130,-0.0026,-9.144,4.274
295.91,69.280,0.1940,0.0001,0.0001,0.0042,-0.0210,-0.0130,-0.0026,3.1271,-9.366,4.124,0.1940,0.458669,2.64075,0.00209788,0.1940,0.0001,-9.154,4.277,3.1271,-0.0130,-0.0026,-9.144,4.274
296.01,69.300,0.1940,0.0001,0.0002,0.0042,-0.0210,-0.0130,-0.0026,3.1271,-9.371,4.124,0.1940,0.460189,2.70266,0.00237469,0.1940,0.0003,-9.160,4.277,3.1271,-0.0130,-0.0026,-9.144,4.274
296.11,69.340,0.1940,0.0003,0.0002,0.0042,-0.0210,-0.0130,-0.0026,3.1271,-9.377,4.124,0.1940,0.462213,2.7875,0.00237469,0.1940,0.0003,-9.168,4.277,3.1271,-0.0130,-0.0026,-9.144,4.274
296.21,69.360,0.1940,0.0003,0.0002,0.0042,-0.0210,-0.0130,-0.0026,3.1271,-9.383,4.124,0.1940,0.463729,2.85287,0.00209788,0.1940,0.0003,-9.174,4.277,3.1271,-0.0130,-0.0026,-9.144,4.274
296.31,69.380,0.1940,0.0003,0.0002,0.0042,-0.0210,-0.0130,-0.0026,3.1271,-9.388,4.125,0.1940,0.463729,2.85287,0.00209788,0.1940,0.0003,-9.174,4.277,3.1271,-0.0130,-0.0026,-9.144,4.274
296.41,69.420,0.1939,0.0005,0.0004,0.0042,-0.0209,-0.0130,-0.0026,3.1271,-9.394,4.125,0.1939,0.46525,2.91977,0.00237469,0.1939,0.0005,-9.179,4.278,3.1271,-0.0130,-0.0026,-9.144,4.274
296.51,69.440,0.1939,0.0005,0.0004,0.0042,-0.0209,-0.0130,-0.0026,3.1271,-9.399,4.125,0.1939,0.467275,3.01138,0.00237469,0.1939,0.0005,-9.187,4.278,3.1271,-0.0130,-0.0026,-9.144,4.274
296.61,69.480,0.1939,0.0005,0.0004,0.0042,-0.0209,-0.0130,-0.0026,3.1271,-9.405,4.125,0.1939,0.468793,3.08193,0.00209788,0.1939,0.0005,-9.193,4.278,3.1271,-0.0130,-0.0026,-9.144,4.274
296.71,69.500,0.1939,0.0005,0.0004,0.0042,-0.0209,-0.0130,-0.0026,3.1271,-9.409,4.125,0.1939,0.470314,3.1541,0.00237469,0.1939,0.0006,-9.199,4.278,3.1271,-0.0130,-0.0026,-9.144,4.274
296.81,69.520,0.1939,0.0006,0.0005,0.0042,-0.0209,-0.0130,-0.0026,3.1272,-9.414,4.125,0.1939,0.470314,3.1541,0.00237469,0.1939,0.0006,-9.199,4.278,3.1271,-0.0130,-0.0026,-9.144,4.274
296.91,69.540,0.1939,0.0006,0.0005,0.0042,-0.0209,-0.0130,-0.0026,3.1272,-9.419,4.125,0.1939,0.472341,3.25287,0.00237469,0.1939,0.0006,-9.207,4.278,3.1272,-0.0130,-0.0026,-9.144,4.274
297.01,69.580,0.1939,0.0006,0.0005,0.0042,-0.0209,-0.0130,-0.0026,3.1272,-9.425,4.125,0.1939,0.47386,3.3289,0.00209788,0.1939,0.0006,-9.212,4.278,3.1272,-0.0130,-0.0026,-9.144,4.274
297.11,69.600,0.1939,0.0006,0.0007,0.0042,-0.0209,-0.0130,-0.0026,3.1272,-9.430,4.125,0.1939,0.475383,3.40663,0.00237469,0.1939,0.0007,-9.218,4.278,3.1272,-0.0130,-0.0026,-9.144,4.274
297.21,69.640,0.1939,0.0007,0.0007,0.0042,-0.0209,-0.0130,-0.0026,3.1272,-9.435,4.125,0.1939,0.477411,3.51296,0.00237469,0.1939,0.0007,-9.226,4.279,3.1272,-0.0130,-0.0026,-9.144,4.274
297.31,69.660,0.1939,0.0007,0.0007,0.0042,-0.0209,-0.0130,-0.0026,3.1272,-9.441,4.125,0.1939,0.478931,3.59476,0.00209788,0.1939,0.0007,-9.232,4.279,3.1272,-0.0130,-0.0026,-9.144,4.274
297.41,69.680,0.1939,0.0007,0.0007,0.0042,-0.0209,-0.0130,-0.0026,3.1273,-9.447,4.125,0.1939,0.480454,3.67836,0.00237469,0.1939,0.0008,-9.238,4.279,3.1273,-0.0130,-0.0026,-9.144,4.274
297.51,69.720,0.1939,0.0008,0.0007,0.0042,-0.0209,-0.0130,-0.0026,3.1273,-9.452,4.125,0.1939,0.480454,3.67836,0.00237469,0.1939,0.0008,-9.238,4.279,3.1273,-0.0130,-0.0026,-9.144,4.274
297.61,69.740,0.1939,0.0008,0.0007,0.0042,-0.0209,-0.0130,-0.0026,3.1273,-9.457,4.126,0.1939,0.482484,3.79267,0.00237469,0.1939,0.0008,-9.245,4.279,3.1273,-0.0130,-0.0026,-9.144,4.274
297.71,69.780,0.1939,0.0008,0.0007,0.0042,-0.0209,-0.0130,-0.0026,3.1273,-9.463,4.126,0.1939,0.484005,3.88057,0.00209788,0.1939,0.0008,-9.251,4.279,3.1273,-0.0130,-0.0026,-9.144,4.274
297.81,69.800,0.1939,0.0008,0.0007,0.0042,-0.0209,-0.0130,-0.0026,3.1273,-9.468,4.126,0.1939,0.48553,3.97036,0.00237469,0.1939,0.0009,-9.257,4.279,3.1273,-0.0130,-0.0026,-9.144,4.274
297.91,69.820,0.1939,0.0009,0.0008,0.0042,-0.0208,-0.0130,-0.0026,3.1274,-9.472,4.126,0.1939,0.48553,3.97036,0.00237469,0.1939,0.0009,-9.257,4.279,3.1273,-0.0130,-0.0026,-9.144,4.274
298.01,69.840,0.1939,0.0009,0.0008,0.0042,-0.0208,-0.0130,-0.0026,3.1274,-9.476,4.126,0.1939,0.487561,4.09306,0.00237469,0.1939,0.0009,-9.265,4.279,3.1274,-0.0130,-0.0026,-9.144,4.274
298.11,69.860,0.1939,0.0009,0.0008,0.0042,-0.0208,-0.0130,-0.0026,3.1274,-9.480,4.126,0.1939,0.489083,4.18738,0.00209788,0.1939,0.0009,-9.270,4.280,3.1274,-0.0130,-0.0026,-9.144,4.274
298.21,69.880,0.1939,0.0009,0.0008,0.0042,-0.0208,-0.0130,-0.0026,3.1274,-9.485,4.126,0.1939,0.489083,4.18738,0.00209788,0.1939,0.0009,-9.270,4.280,3.1274,-0.0130,-0.0026,-9.144,4.274
298.31,69.900,0.1939,0.0009,0.0009,0.0042,-0.0208,-0.0130,-0.0026,3.1274,-9.489,4.126,0.1939,0.490609,4.28368,0.00237469,0.1939,0.0010,-9.276,4.280,3.1274,-0.0130,-0.0026,-9.144,4.274
298.41,69.940,0.1939,0.0010,0.0009,0.0041,-0.0209,-0.0130,-0.0026,3.1275,-9.493,4.126,0.1939,0.492642,4.41524,0.00237469,0.1939,0.0010,-9.284,4.280,3.1274,-0.0130,-0.0026,-9.144,4.274
298.51,69.960,0.1939,0.0010,0.0008,0.0042,-0.0208,-0.0130,-0.0026,3.1275,-9.498,4.126,0.1939,0.492642,4.41524,0.00237469,0.1939,0.0010,-9.284,4.280,3.1274,-0.0130,-0.0026,-9.144,4.274
298.61,69.980,0.1939,0.0010,0.0008,0.0042,-0.0208,-0.0130,-0.0026,3.1275,-9.503,4.126,0.1939,0.494165,4.51631,0.00209788,0.1939,0.0010,-9.290,4.280,3.1275,-0.0130,-0.0026,-9.144,4.274
298.71,70.000,0.1939,0.0010,0.0009,0.0042,-0.0208,-0.0130,-0.0026,3.1275,-9.508,4.126,0.1938,0.495692,4.61947,0.00237469,0.1939,0.0011,-9.296,4.280,3.1275,-0.0130,-0.0026,-9.338,4.277
298.81,70.040,0.1939,0.0011,0.0009,0.0042,-0.0208,-0.0130,-0.0026,3.1275,-9.513,4.126,0.1938,0.442623,2.21016,0.00237468,0.1939,0.0011,-9.308,4.278,3.1275,-0.0130,-0.0026,-9.338,4.277
298.91,70.060,0.1939,0.0011,0.0009,0.0042,-0.0208,-0.0130,-0.0026,3.1276,-9.518,4.126,0.1938,0.444135,2.26162,0.00209788,0.1939,0.0011,-9.314,4.279,3.1276,-0.0130,-0.0026,-9.338,4.277
299.01,70.080,0.1939,0.0011,0.0009,0.0042,-0.0208,-0.0130,-0.0026,3.1276,-9.523,4.126,0.1938,0.444135,2.26162,0.00209788,0.1939,0.0011,-9.314,4.279,3.1276,-0.0130,-0.0026,-9.338,4.277
299.11,70.120,0.1938,-0.0013,-0.0010,0.0042,-0.0212,-0.0130,-0.0026,3.1276,-9.529,4.127,0.1938,0.445651,2.31436,0.00237468,0.1938,-0.0013,-9.320,4.279,3.1276,-0.0130,-0.0026,-9.338,4.277
299.21,70.140,0.1938,-0.0013,-0.0010,0.0042,-0.0212,-0.0130,-0.0026,3.1275,-9.535,4.127,0.1938,0.447669,2.38671,0.00237468,0.1938,-0.0013,-9.328,4.279,3.1276,-0.0130,-0.0026,-9.338,4.277
299.31,70.160,0.1938,-0.0013,-0.0010,0.0042,-0.0212,-0.0130,-0.0026,3.1275,-9.539,4.127,0.1938,0.449182,2.44253,0.00209788,0.1938,-0.0013,-9.333,4.279,3.1275,-0.0130,-0.0026,-9.338,4.277
299.41,70.200,0.1938,-0.0013,-0.0010,0.0042,-0.0212,-0.0130,-0.0026,3.1275,-9.544,4.127,0.1938,0.450699,2.49971,0.00237469,0.1939,-0.0012,-9.339,4.279,3.1275,-0.0130,-0.0026,-9.338,4.277
299.51,70.220,0.1939,-0.0012,-0.0009,0.0042,-0.0212,-0.0130,-0.0026,3.1275,-9.549,4.127,0.1938,0.450699,2.49971,0.00237469,0.1939,-0.0012,-9.339,4.279,3.1275,-0.0130,-0.0026,-9.338,4.277
299.61,70.240,0.1939,-0.0012,-0.0009,0.0042,-0.0212,-0.0130,-0.0026,3.1274,-9.555,4.127,0.1938,0.452719,2.57811,0.00237469,0.1939,-0.0012,-9.347,4.279,3.1275,-0.0130,-0.0026,-9.338,4.277
299.71,70.280,0.1939,-0.0012,-0.0009,0.0042,-0.0212,-0.0130,-0.0026,3.1274,-9.560,4.127,0.1938,0.454232,2.63855,0.00209788,0.1939,-0.0012,-9.353,4.279,3.1274,-0.0130,-0.0026,-9.338,4.277
299.81,70.300,0.1939,-0.0012,-0.0007,0.0042,-0.0211,-0.0130,-0.0026,3.1274,-9.566,4.127,0.1939,0.455749,2.70044,0.00237469,0.1939,-0.0009,-9.359,4.279,3.1274,-0.0130,-0.0026,-9.338,4.277
299.91,70.340,0.1939,-0.0009,-0.0007,0.0042,-0.0211,-0.0130,-0.0026,3.1274,-9.571,4.127,0.1939,0.457771,2.78524,0.00237469,0.1939,-0.0009,-9.366,4.279,3.1274,-0.0130,-0.0026,-9.338,4.277
300.01,70.360,0.1939,-0.0009,-0.0007,0.0042,-0.0211,-0.0130,-0.0026,3.1273,-9.577,4.127,0.1939,0.459285,2.85058,0.00209788,0.1939,-0.0009,-9.372,4.280,3.1274,-0.0130,-0.0026,-9.338,4.277
300.11,70.400,0.1939,-0.0009,-0.0007,0.0042,-0.0211,-0.0130,-0.0026,3.1273,-9.582,4.127,0.1939,0.460804,2.91745,0.00237469,0.1939,-0.0007,-9.378,4.280,3.1273,-0.0130,-0.0026,-9.338,4.277
300.21,70.420,0.1939,-0.0007,-0.0006,0.0042,-0.0211,-0.0130,-0.0026,3.1273,-9.588,4.127,0.1939,0.460804,2.91745,0.00237469,0.1939,-0.0007,-9.378,4.280,3.1273,-0.0130,-0.0026,-9.338,4.277
300.31,70.440,0.1939,-0.0007,-0.0006,0.0042,-0.0211,-0.0130,-0.0026,3.1273,-9.593,4.127,0.1939,0.462826,3.00902,0.00237469,0.1939,-0.0007,-9.386,4.280,3.1273,-0.0130,-0.0026,-9.338,4.277
300.41,70.480,0.1939,-0.0007,-0.0006,0.0042,-0.0211,-0.0130,-0.0026,3.1273,-9.599,4.127,0.1939,0.464342,3.07955,0.00209788,0.1939,-0.0007,-9.391,4.280,3.1273,-0.0130,-0.0026,-9.338,4.277
300.51,70.500,0.1939,-0.0007,0.0066,0.0002,0.0000,-0.0130,-0.0026,3.1273,-9.605,4.128,0.1929,0.465861,3.15169,0.00237469,0.1930,0.0083,-9.397,4.280,3.1273,-0.0130,-0.0026,-9.338,4.277
300.61,70.540,0.1930,0.0083,0.0067,0.0001,0.0000,-0.0130,-0.0026,3.1275,-9.610,4.128,0.1928,0.467885,3.25042,0.00237469,0.1930,0.0083,-9.405,4.280,3.1274,-0.0130,-0.0026,-9.338,4.277
300.71,70.560,0.1930,0.0083,0.0067,0.0038,-0.0196,-0.0130,-0.0026,3.1277,-9.615,4.128,0.1928,0.469402,3.32642,0.00209788,0.1930,0.0083,-9.411,4.280,3.1276,-0.0130,-0.0026,-9.338,4.277
300.81,70.580,0.1930,0.0083,0.0073,-0.0001,-0.0002,-0.0130,-0.0026,3.1278,-9.620,4.128,0.1926,0.469402,3.32642,0.00209788,0.1930,0.0083,-9.411,4.280,3.1276,-0.0130,-0.0026,-9.338,4.277
300.91,70.620,0.1930,0.0079,0.0071,0.0042,-0.0196,-0.0130,-0.0026,3.1281,-9.625,4.128,0.1926,0.470922,3.40412,0.00237469,0.1930,0.0079,-9.417,4.280,3.1278,-0.0130,-0.0026,-9.338,4.277
301.01,70.640,0.1930,0.0079,0.0071,0.0042,-0.0196,-0.0130,-0.0026,3.1283,-9.631,4.128,0.1926,0.472947,3.51042,0.00237469,0.1930,0.0079,-9.424,4.280,3.1281,-0.0130,-0.0026,-9.338,4.277
301.11,70.660,0.1930,0.0079,0.0071,0.0042,-0.0196,-0.0130,-0.0026,3.1285,-9.636,4.128,0.1926,0.474464,3.5922,0.00209788,0.1930,0.0079,-9.430,4.281,3.1283,-0.0130,-0.0026,-9.338,4.277
301.21,70.700,0.1930,0.0079,0.0071,0.0042,-0.0196,-0.0130,-0.0026,3.1287,-9.642,4.128,0.1928,0.475984,3.67577,0.00237469,0.1931,0.0070,-9.436,4.281,3.1285,-0.0130,-0.0026,-9.338,4.277
301.31,70.720,0.1931,0.0070,0.0062,0.0042,-0.0198,-0.0130,-0.0026,3.1288,-9.647,4.128,0.1928,0.475984,3.67577,0.00237469,0.1931,0.0070,-9.436,4.281,3.1285,-0.0130,-0.0026,-9.338,4.277
301.41,70.740,0.1931,0.0070,0.0062,0.0042,-0.0198,-0.0130,-0.0026,3.1290,-9.652,4.128,0.1928,0.478009,3.79004,0.00237469,0.1931,0.0070,-9.444,4.281,3.1288,-0.0130,-0.0026,-9.338,4.277
301.51,70.780,0.1931,0.0070,0.0062,0.0041,-0.0198,-0.0130,-0.0026,3.1292,-9.657,4.128,0.1928,0.479527,3.87791,0.00209788,0.1931,0.0070,-9.449,4.281,3.1290,-0.0130,-0.0026,-9.338,4.277
301.61,70.800,0.1931,0.0070,0.0054,0.0041,-0.0200,-0.0130,-0.0026,3.1293,-9.662,4.128,0.1930,0.481047,3.96768,0.00237469,0.1933,0.0061,-9.455,4.281,3.1292,-0.0130,-0.0026,-9.338,4.277
301.71,70.840,0.1933,0.0061,0.0054,0.0041,-0.0200,-0.0130,-0.0026,3.1295,-9.668,4.128,0.1930,0.483073,4.09035,0.00237469,0.1933,0.0061,-9.463,4.281,3.1294,-0.0130,-0.0026,-9.338,4.277
301.81,70.860,0.1933,0.0061,0.0054,0.0041,-0.0200,-0.0130,-0.0026,3.1296,-9.673,4.128,0.1930,0.484591,4.18464,0.00209788,0.1933,0.0061,-9.469,4.281,3.1296,-0.0130,-0.0026,-9.338,4.277
301.91,70.880,0.1933,0.0061,0.0054,0.0041,-0.0200,-0.0130,-0.0026,3.1298,-9.679,4.128,0.1930,0.484591,4.18464,0.00209788,0.1933,0.0061,-9.469,4.281,3.1296,-0.0130,-0.0026,-9.338,4.277
302.01,70.920,0.1933,0.0053,0.0047,0.0041,-0.0201,-0.0130,-0.0026,3.1299,-9.683,4.128,0.1931,0.486112,4.28092,0.00237469,0.1933,0.0053,-9.475,4.281,3.1297,-0.0130,-0.0026,-9.338,4.277
302.11,70.940,0.1933,0.0053,0.0047,0.0041,-0.0201,-0.0130,-0.0026,3.1300,-9.688,4.128,0.1931,0.488138,4.41245,0.00237469,0.1933,0.0053,-9.482,4.281,3.1299,-0.0130,-0.0026,-9.338,4.277
302.21,70.960,0.1933,0.0053,0.0047,0.0041,-0.0201,-0.0130,-0.0025,3.1301,-9.694,4.128,0.1931,0.489656,4.51349,0.00209788,0.1933,0.0053,-9.488,4.281,3.1301,-0.0130,-0.0025,-9.338,4.277
302.31,71.000,0.1933,0.0053,0.0047,0.0041,-0.0201,-0.0130,-0.0025,3.1303,-9.699,4.128,0.1932,0.491177,4.61663,0.00237469,0.1934,0.0046,-9.494,4.281,3.1302,-0.0130,-0.0025,-9.532,4.280
302.41,71.020,0.1934,0.0046,0.0041,0.0041,-0.0202,-0.0130,-0.0025,3.1304,-9.704,4.128,0.1932,0.491177,4.61663,0.00237469,0.1934,0.0046,-9.494,4.281,3.1302,-0.0130,-0.0025,-9.532,4.280
302.51,71.040,0.1934,0.0046,0.0041,0.0041,-0.0202,-0.0130,-0.0025,3.1305,-9.708,4.128,0.1932,0.439161,2.20962,0.00237468,0.1934,0.0046,-9.506,4.280,3.1304,-0.0130,-0.0025,-9.532,4.280
302.61,71.060,0.1934,0.0046,0.0041,0.0041,-0.0202,-0.0130,-0.0025,3.1306,-9.713,4.128,0.1932,0.440671,2.26109,0.00209788,0.1934,0.0046,-9.512,4.280,3.1305,-0.0130,-0.0025,-9.532,4.280
302.71,71.100,0.1934,0.0046,0.0041,0.0041,-0.0202,-0.0130,-0.0025,3.1307,-9.718,4.129,0.1935,0.442184,2.31383,0.00237468,0.1936,0.0031,-9.517,4.281,3.1306,-0.0130,-0.0025,-9.532,4.280
302.81,71.120,0.1936,0.0031,0.0028,0.0041,-0.0205,-0.0130,-0.0025,3.1307,-9.723,4.129,0.1935,0.442184,2.31383,0.00237468,0.1936,0.0031,-9.517,4.281,3.1306,-0.0130,-0.0025,-9.532,4.280
302.91,71.140,0.1936,0.0031,0.0028,0.0041,-0.0205,-0.0130,-0.0025,3.1308,-9.728,4.129,0.1935,0.444199,2.3862,0.00237468,0.1936,0.0031,-9.525,4.281,3.1308,-0.0130,-0.0025,-9.532,4.280
303.01,71.180,0.1936,0.0031,0.0028,0.0041,-0.0205,-0.0130,-0.0025,3.1309,-9.733,4.129,0.1935,0.445709,2.44202,0.00209788,0.1936,0.0031,-9.531,4.281,3.1308,-0.0130,-0.0025,-9.532,4.280
303.11,71.200,0.1936,0.0031,0.0028,0.0041,-0.0205,-0.0130,-0.0025,3.1309,-9.738,4.129,0.1935,0.447223,2.49921,0.00237469,0.1937,0.0026,-9.537,4.281,3.1309,-0.0130,-0.0025,-9.532,4.280
303.21,71.220,0.1937,0.0026,0.0023,0.0041,-0.0206,-0.0130,-0.0025,3.1310,-9.742,4.129,0.1935,0.447223,2.49921,0.00237469,0.1937,0.0026,-9.537,4.281,3.1309,-0.0130,-0.0025,-9.532,4.280
303.31,71.240,0.1937,0.0026,0.0023,0.0041,-0.0206,-0.0130,-0.0025,3.1311,-9.746,4.129,0.1935,0.449239,2.57762,0.00237469,0.1937,0.0026,-9.544,4.281,3.1310,-0.0130,-0.0025,-9.532,4.280
303.41,71.260,0.1937,0.0026,0.0023,0.0041,-0.0206,-0.0130,-0.0025,3.1311,-9.751,4.129,0.1935,0.450749,2.63807,0.00209788,0.1937,0.0026,-9.550,4.281,3.1311,-0.0130,-0.0025,-9.532,4.280
303.51,71.280,0.1937,0.0026,0.0023,0.0041,-0.0206,-0.0130,-0.0025,3.1312,-9.756,4.129,0.1935,0.450749,2.63807,0.00209788,0.1937,0.0026,-9.550,4.281,3.1311,-0.0130,-0.0025,-9.532,4.280
303.61,71.320,0.1937,0.0022,0.0020,0.0041,-0.0206,-0.0130,-0.0025,3.1312,-9.761,4.129,0.1936,0.452263,2.69997,0.00237469,0.1937,0.0022,-9.556,4.281,3.1312,-0.0130,-0.0025,-9.532,4.280
303.71,71.340,0.1937,0.0022,0.0020,0.0041,-0.0206,-0.0130,-0.0025,3.1313,-9.766,4.129,0.1936,0.45428,2.78478,0.00237469,0.1937,0.0022,-9.564,4.281,3.1312,-0.0130,-0.0025,-9.532,4.280
303.81,71.360,0.1937,0.0022,0.0020,0.0041,-0.0206,-0.0130,-0.0025,3.1313,-9.771,4.129,0.1936,0.455791,2.85014,0.00209788,0.1937,0.0022,-9.570,4.281,3.1313,-0.0130,-0.0025,-9.532,4.280
303.91,71.400,0.1937,0.0022,0.0020,0.0041,-0.0206,-0.0130,-0.0025,3.1314,-9.776,4.129,0.1937,0.457305,2.91702,0.00237469,0.1938,0.0019,-9.575,4.281,3.1314,-0.0130,-0.0025,-9.532,4.280
304.01,71.420,0.1938,0.0019,0.0017,0.0041,-0.0207,-0.0130,-0.0025,3.1314,-9.781,4.129,0.1937,0.457305,2.91702,0.00237469,0.1938,0.0019,-9.575,4.281,3.1314,-0.0130,-0.0025,-9.532,4.280
304.11,71.440,0.1938,0.0019,0.0017,0.0042,-0.0206,-0.0130,-0.0025,3.1315,-9.787,4.129,0.1937,0.459322,3.00861,0.00237469,0.1938,0.0019,-9.583,4.281,3.1314,-0.0130,-0.0025,-9.532,4.280
304.21,71.480,0.1938,0.0019,0.0019,0.0041,-0.0206,-0.0130,-0.0025,3.1315,-9.792,4.129,0.1937,0.460833,3.07914,0.00209788,0.1938,0.0019,-9.589,4.281,3.1315,-0.0130,-0.0025,-9.532,4.280
304.31,71.500,0.1938,0.0019,0.0016,0.0041,-0.0207,-0.0130,-0.0025,3.1316,-9.797,4.129,0.1938,0.462348,3.15129,0.00237469,0.1938,0.0016,-9.595,4.281,3.1315,-0.0130,-0.0025,-9.532,4.280
304.41,71.540,0.1938,0.0016,0.0016,0.0041,-0.0207,-0.0130,-0.0025,3.1316,-9.803,4.129,0.1938,0.464366,3.25004,0.00237469,0.1938,0.0016,-9.603,4.281,3.1316,-0.0130,-0.0025,-9.532,4.280
304.51,71.560,0.1938,0.0016,0.0016,0.0041,-0.0207,-0.0130,-0.0025,3.1317,-9.809,4.129,0.1938,0.465877,3.32606,0.00209788,0.1938,0.0016,-9.608,4.281,3.1316,-0.0130,-0.0025,-9.532,4.280
304.61,71.580,0.1938,0.0016,0.0016,0.0041,-0.0207,-0.0130,-0.0025,3.1317,-9.814,4.129,0.1938,0.465877,3.32606,0.00209788,0.1938,0.0016,-9.608,4.281,3.1316,-0.0130,-0.0025,-9.532,4.280
304.71,71.620,0.1938,0.0013,0.0013,0.0041,-0.0208,-0.0130,-0.0025,3.1317,-9.819,4.129,0.1938,0.467392,3.40377,0.00237469,0.1938,0.0013,-9.614,4.281,3.1317,-0.0130,-0.0025,-9.532,4.280
304.81,71.640,0.1938,0.0013,0.0013,0.0041,-0.0208,-0.0130,-0.0025,3.1318,-9.824,4.129,0.1938,0.469411,3.51008,0.00237469,0.1938,0.0013,-9.622,4.281,3.1318,-0.0130,-0.0025,-9.532,4.280
304.91,71.680,0.1938,0.0013,0.0013,0.0041,-0.0208,-0.0130,-0.0025,3.1318,-9.830,4.130,0.1938,0.470923,3.59188,0.00209788,0.1938,0.0013,-9.628,4.281,3.1318,-0.0130,-0.0025,-9.532,4.280
305.01,71.700,0.1938,0.0013,0.0013,0.0041,-0.0208,-0.0130,-0.0025,3.1319,-9.836,4.130,0.1938,0.472438,3.67546,0.00237469,0.1939,0.0011,-9.634,4.281,3.1318,-0.0130,-0.0025,-9.532,4.280
305.11,71.720,0.1939,0.0011,0.0011,0.0041,-0.0208,-0.0130,-0.0025,3.1319,-9.841,4.130,0.1938,0.474457,3.78975,0.00237469,0.1939,0.0011,-9.641,4.281,3.1319,-0.0130,-0.0025,-9.532,4.280
305.21,71.760,0.1939,0.0011,0.0011,0.0041,-0.0208,-0.0130,-0.0025,3.1319,-9.846,4.130,0.1938,0.474457,3.78975,0.00237469,0.1939,0.0011,-9.641,4.281,3.1319,-0.0130,-0.0025,-9.532,4.280
305.31,71.780,0.1939,0.0011,0.0011,0.0041,-0.0208,-0.0130,-0.0025,3.1319,-9.852,4.130,0.1938,0.47597,3.87764,0.00209788,0.1939,0.0011,-9.647,4.282,3.1319,-0.0130,-0.0025,-9.532,4.280
305.41,71.800,0.1939,0.0011,0.0008,0.0041,-0.0209,-0.0130,-0.0025,3.1320,-9.856,4.130,0.1939,0.477486,3.96742,0.00237469,0.1939,0.0008,-9.653,4.282,3.1319,-0.0130,-0.0025,-9.532,4.280
305.51,71.840,0.1939,0.0008,0.0008,0.0041,-0.0209,-0.0130,-0.0025,3.1320,-9.862,4.130,0.1939,0.479505,4.09011,0.00237469,0.1939,0.0008,-9.661,4.282,3.1320,-0.0130,-0.0025,-9.532,4.280
305.61,71.860,0.1939,0.0008,0.0008,0.0041,-0.0209,-0.0130,-0.0025,3.1320,-9.867,4.130,0.1939,0.481018,4.18441,0.00209788,0.1939,0.0008,-9.667,4.282,3.1320,-0.0130,-0.0025,-9.532,4.280
305.71,71.880,0.1939,0.0008,0.0008,0.0041,-0.0209,-0.0130,-0.0025,3.1320,-9.872,4.130,0.1939,0.482535,4.28071,0.00237469,0.1939,0.0006,-9.672,4.282,3.1320,-0.0130,-0.0025,-9.532,4.280
305.81,71.920,0.1939,0.0006,0.0006,0.0041,-0.0209,-0.0130,-0.0025,3.1320,-9.878,4.130,0.1939,0.482535,4.28071,0.00237469,0.1939,0.0006,-9.672,4.282,3.1320,-0.0130,-0.0025,-9.532,4.280
305.91,71.940,0.1939,0.0006,0.0006,0.0041,-0.0209,-0.0130,-0.0025,3.1321,-9.883,4.130,0.1939,0.484555,4.41225,0.00237469,0.1939,0.0006,-9.680,4.282,3.1321,-0.0130,-0.0025,-9.532,4.280
306.01,71.980,0.1939,0.0006,0.0006,0.0041,-0.0209,-0.0130,-0.0025,3.1321,-9.889,4.130,0.1939,0.486069,4.51331,0.00209788,0.1939,0.0006,-9.686,4.282,3.1321,-0.0130,-0.0025,-9.532,4.280
306.11,72.000,0.1939,0.0006,0.0004,0.0041,-0.0209,-0.0130,-0.0025,3.1321,-9.894,4.130,0.1939,0.487586,4.61646,0.00237469,0.1939,0.0004,-9.692,4.282,3.1321,-0.0130,-0.0025,-9.740,4.290
306.21,72.020,0.1939,0.0004,0.0004,0.0041,-0.0209,-0.0130,-0.0025,3.1321,-9.899,4.130,0.1939,0.436407,2.20965,0.00237468,0.1939,0.0004,-9.705,4.286,3.1321,-0.0130,-0.0025,-9.740,4.290
306.31,72.060,0.1939,0.0004,0.0004,0.0041,-0.0209,-0.0130,-0.0025,3.1321,-9.904,4.130,0.1939,0.436407,2.20965,0.00237468,0.1939,0.0004,-9.705,4.286,3.1321,-0.0130,-0.0025,-9.740,4.290
306.41,72.080,0.1939,0.0004,0.0004,0.0041,-0.0209,-0.0130,-0.0025,3.1321,-9.909,4.130,0.1939,0.437916,2.26112,0.00209788,0.1939,0.0004,-9.710,4.286,3.1321,-0.0130,-0.0025,-9.740,4.290
306.51,72.100,0.1939,0.0004,0.0040,0.0001,0.0000,-0.0130,-0.0025,3.1322,-9.915,4.130,0.1935,0.439427,2.31388,0.00237468,0.1935,0.0045,-9.716,4.286,3.1321,-0.0130,-0.0025,-9.740,4.290
306.61,72.140,0.1935,0.0045,0.0040,0.0041,-0.0203,-0.0130,-0.0025,3.1323,-9.920,4.130,0.1935,0.441441,2.38625,0.00237468,0.1935,0.0045,-9.724,4.287,3.1322,-0.0130,-0.0025,-9.740,4.290
306.71,72.160,0.1935,0.0045,0.0040,0.0041,-0.0203,-0.0130,-0.0025,3.1324,-9.926,4.130,0.1935,0.442949,2.44209,0.00209788,0.1935,0.0045,-9.730,4.287,3.1324,-0.0130,-0.0025,-9.740,4.290
306.81,72.200,0.1935,0.0045,0.0040,0.0041,-0.0203,-0.0130,-0.0025,3.1325,-9.931,4.130,0.1935,0.444461,2.49928,0.00237469,0.1935,0.0042,-9.736,4.287,3.1325,-0.0130,-0.0025,-9.740,4.290
306.91,72.220,0.1935,0.0042,0.0038,0.0041,-0.0203,-0.0130,-0.0025,3.1326,-9.936,4.130,0.1935,0.444461,2.49928,0.00237469,0.1935,0.0042,-9.736,4.287,3.1325,-0.0130,-0.0025,-9.740,4.290
307.01,72.240,0.1935,0.0042,0.0038,0.0041,-0.0203,-0.0130,-0.0025,3.1327,-9.942,4.130,0.1935,0.446475,2.5777,0.00237469,0.1935,0.0042,-9.743,4.287,3.1326,-0.0130,-0.0025,-9.740,4.290
307.11,72.280,0.1935,0.0042,0.0038,0.0041,-0.0203,-0.0130,-0.0025,3.1329,-9.947,4.131,0.1935,0.447983,2.63816,0.00209788,0.1935,0.0042,-9.749,4.287,3.1328,-0.0130,-0.0025,-9.740,4.290
307.21,72.300,0.1935,0.0042,0.0033,0.0041,-0.0204,-0.0130,-0.0025,3.1329,-9.953,4.131,0.1936,0.449495,2.70007,0.00237469,0.1935,0.0037,-9.755,4.287,3.1329,-0.0130,-0.0025,-9.740,4.290
307.31,72.320,0.1935,0.0037,0.0033,0.0041,-0.0204,-0.0130,-0.0025,3.1330,-9.958,4.131,0.1936,0.451509,2.78489,0.00237469,0.1935,0.0037,-9.763,4.287,3.1330,-0.0130,-0.0025,-9.740,4.290
307.41,72.360,0.1935,0.0037,0.0033,0.0041,-0.0204,-0.0130,-0.0025,3.1331,-9.963,4.131,0.1936,0.451509,2.78489,0.00237469,0.1935,0.0037,-9.763,4.287,3.1330,-0.0130,-0.0025,-9.740,4.290
307.51,72.380,0.1935,0.0037,0.0033,0.0041,-0.0204,-0.0130,-0.0025,3.1332,-9.968,4.131,0.1936,0.453018,2.85025,0.00209788,0.1935,0.0037,-9.769,4.287,3.1331,-0.0130,-0.0025,-9.740,4.290
307.61,72.400,0.1935,0.0037,0.0030,0.0041,-0.0205,-0.0130,-0.0025,3.1333,-9.973,4.131,0.1936,0.454531,2.91714,0.00237469,0.1936,0.0033,-9.774,4.287,3.1332,-0.0130,-0.0025,-9.740,4.290
307.71,72.440,0.1936,0.0033,0.0030,0.0041,-0.0205,-0.0130,-0.0025,3.1334,-9.978,4.131,0.1936,0.456545,3.00873,0.00237469,0.1936,0.0033,-9.782,4.287,3.1333,-0.0130,-0.0025,-9.740,4.290
307.81,72.460,0.1936,0.0033,0.0030,0.0041,-0.0205,-0.0130,-0.0025,3.1334,-9.983,4.131,0.1936,0.458054,3.07928,0.00209788,0.1936,0.0033,-9.788,4.287,3.1334,-0.0130,-0.0025,-9.740,4.290
307.91,72.480,0.1936,0.0033,0.0030,0.0041,-0.0205,-0.0130,-0.0025,3.1335,-9.988,4.131,0.1936,0.458054,3.07928,0.00209788,0.1936,0.0033,-9.788,4.287,3.1334,-0.0130,-0.0025,-9.740,4.290
308.01,72.520,0.1936,0.0029,0.0026,0.0041,-0.0205,-0.0130,-0.0025,3.1336,-9.993,4.131,0.1937,0.459566,3.15143,0.00237469,0.1936,0.0029,-9.794,4.287,3.1335,-0.0130,-0.0025,-9.740,4.290
308.11,72.540,0.1936,0.0029,0.0026,0.0041,-0.0205,-0.0130,-0.0025,3.1337,-9.998,4.131,0.1937,0.461581,3.25019,0.00237469,0.1936,0.0029,-9.801,4.287,3.1336,-0.0130,-0.0025,-9.740,4.290
308.21,72.560,0.1936,0.0029,0.0026,0.0041,-0.0205,-0.0130,-0.0025,3.1337,-10.003,4.131,0.1937,0.46309,3.32621,0.00209788,0.1936,0.0029,-9.807,4.287,3.1337,-0.0130,-0.0025,-9.740,4.290
308.31,72.600,0.1936,0.0029,0.0026,0.0041,-0.0205,-0.0130,-0.0025,3.1338,-10.008,4.131,0.1937,0.464603,3.40393,0.00237469,0.1937,0.0026,-9.813,4.288,3.1338,-0.0130,-0.0025,-9.740,4.290
308.41,72.620,0.1937,0.0026,0.0023,0.0041,-0.0206,-0.0130,-0.0025,3.1339,-10.013,4.131,0.1937,0.464603,3.40393,0.00237469,0.1937,0.0026,-9.813,4.288,3.1338,-0.0130,-0.0025,-9.740,4.290
308.51,72.640,0.1937,0.0026,0.0023,0.0040,-0.0206,-0.0130,-0.0025,3.1339,-10.017,4.131,0.1937,0.466617,3.51025,0.00237469,0.1937,0.0026,-9.821,4.288,3.1339,-0.0130,-0.0025,-9.740,4.290
308.61,72.660,0.1937,0.0026,0.0023,0.0040,-0.0206,-0.0130,-0.0025,3.1340,-10.022,4.131,0.1937,0.468127,3.59205,0.00209788,0.1937,0.0026,-9.827,4.288,3.1339,-0.0130,-0.0025,-9.740,4.290
308.85,72.660,0.1937,0.0026,0.0023,0.0040,-0.0206,-0.0130,-0.0025,3.1340,-10.022,4.131,0.1937,0.468127,3.59205,0.00209788,0.1937,0.0026,-9.827,4.288,3.1339,-0.0130,-0.0025,-9.740,4.290
308.91,72.740,0.1937,0.0023,0.0021,0.0040,-0.0206,-0.0130,-0.0025,3.1341,-10.038,4.131,0.1937,0.471655,3.78994,0.00237469,0.1937,0.0023,-9.840,4.288,3.1341,-0.0130,-0.0025,-9.740,4.290
309.01,72.780,0.1937,0.0023,0.0021,0.0040,-0.0206,-0.0130,-0.0025,3.1342,-10.043,4.131,0.1937,0.473164,3.87783,0.00209788,0.1937,0.0023,-9.846,4.288,3.1342,-0.0130,-0.0025,-9.740,4.290
309.11,72.800,0.1937,0.0023,0.0021,0.0040,-0.0206,-0.0130,-0.0025,3.1342,-10.047,4.131,0.1938,0.474677,3.96761,0.00237469,0.1937,0.0021,-9.852,4.288,3.1342,-0.0130,-0.0025,-9.740,4.290
309.21,72.820,0.1937,0.0021,0.0018,0.0040,-0.0207,-0.0130,-0.0025,3.1343,-10.053,4.131,0.1938,0.474677,3.96761,0.00237469,0.1937,0.0021,-9.852,4.288,3.1342,-0.0130,-0.0025,-9.740,4.290
309.31,72.840,0.1937,0.0021,0.0018,0.0039,-0.0207,-0.0130,-0.0025,3.1343,-10.058,4.131,0.1937,0.476693,4.09031,0.00237469,0.1937,0.0021,-9.860,4.288,3.1343,-0.0130,-0.0025,-9.740,4.290
309.41,72.880,0.1937,0.0021,0.0017,0.0040,-0.0207,-0.0130,-0.0025,3.1344,-10.063,4.131,0.1937,0.478202,4.18462,0.00209788,0.1937,0.0021,-9.865,4.288,3.1343,-0.0130,-0.0025,-9.740,4.290
309.51,72.900,0.1937,0.0021,0.0017,0.0040,-0.0207,-0.0130,-0.0025,3.1344,-10.068,4.131,0.1937,0.479716,4.28092,0.00237469,0.1938,0.0018,-9.871,4.288,3.1344,-0.0130,-0.0025,-9.740,4.290
309.61,72.920,0.1938,0.0018,0.0015,0.0040,-0.0207,-0.0130,-0.0025,3.1345,-10.073,4.131,0.1937,0.481731,4.41246,0.00237469,0.1938,0.0018,-9.879,4.288,3.1345,-0.0130,-0.0025,-9.740,4.290
309.71,72.960,0.1938,0.0018,0.0015,0.0040,-0.0207,-0.0130,-0.0025,3.1345,-10.079,4.131,0.1937,0.483241,4.51352,0.00209788,0.1938,0.0018,-9.885,4.288,3.1345,-0.0130,-0.0025,-9.740,4.290
309.81,72.980,0.1938,0.0018,0.0015,0.0040,-0.0207,-0.0130,-0.0025,3.1346,-10.085,4.131,0.1937,0.483241,4.51352,0.00209788,0.1938,0.0018,-9.885,4.288,3.1345,-0.0130,-0.0025,-9.740,4.290
309.91,73.020,0.1938,0.0017,0.0013,0.0040,-0.0208,-0.0130,-0.0025,3.1346,-10.090,4.131,0.1938,0.484755,4.61668,0.00237469,0.1938,0.0017,-9.891,4.288,3.1345,-0.0130,-0.0025,-9.933,4.292
310.01,73.040,0.1938,0.0017,0.0013,0.0040,-0.0208,-0.0130,-0.0025,3.1346,-10.095,4.131,0.1938,0.434224,2.20973,0.00237468,0.1938,0.0017,-9.903,4.290,3.1346,-0.0130,-0.0025,-9.933,4.292
310.11,73.080,0.1938,0.0017,0.0013,0.0040,-0.0208,-0.0130,-0.0025,3.1347,-10.101,4.131,0.1938,0.435731,2.26121,0.00209788,0.1938,0.0017,-9.909,4.290,3.1346,-0.0130,-0.0025,-9.933,4.292
310.21,73.100,0.1938,0.0017,0.0013,0.0040,-0.0208,-0.0130,-0.0025,3.1347,-10.107,4.131,0.1935,0.437241,2.31396,0.00237468,0.1936,0.0035,-9.915,4.290,3.1347,-0.0130,-0.0025,-9.933,4.292
310.31,73.120,0.1936,0.0035,0.0028,0.0040,-0.0205,-0.0130,-0.0025,3.1348,-10.112,4.132,0.1935,0.439252,2.38633,0.00237468,0.1936,0.0035,-9.922,4.290,3.1348,-0.0130,-0.0025,-9.933,4.292
310.41,73.160,0.1936,0.0035,0.0028,0.0040,-0.0205,-0.0130,-0.0025,3.1349,-10.118,4.132,0.1935,0.439252,2.38633,0.00237468,0.1936,0.0035,-9.922,4.290,3.1348,-0.0130,-0.0025,-9.933,4.292
310.51,73.180,0.1936,0.0035,0.0028,0.0040,-0.0205,-0.0130,-0.0025,3.1350,-10.123,4.132,0.1935,0.440759,2.44216,0.00209788,0.1936,0.0035,-9.928,4.291,3.1349,-0.0130,-0.0025,-9.933,4.292
310.61,73.220,0.1936,0.0033,0.0027,0.0040,-0.0205,-0.0130,-0.0025,3.1350,-10.129,4.132,0.1935,0.442269,2.49936,0.00237469,0.1936,0.0033,-9.934,4.291,3.1349,-0.0130,-0.0025,-9.933,4.292
310.71,73.240,0.1936,0.0033,0.0027,0.0040,-0.0205,-0.0130,-0.0025,3.1351,-10.134,4.132,0.1935,0.444281,2.57777,0.00237469,0.1936,0.0033,-9.942,4.291,3.1351,-0.0130,-0.0025,-9.933,4.292
310.81,73.260,0.1936,0.0033,0.0027,0.0040,-0.0205,-0.0130,-0.0025,3.1352,-10.140,4.132,0.1935,0.445787,2.63823,0.00209788,0.1936,0.0033,-9.947,4.291,3.1351,-0.0130,-0.0025,-9.933,4.292
310.91,73.300,0.1936,0.0033,0.0027,0.0040,-0.0205,-0.0130,-0.0025,3.1353,-10.145,4.132,0.1936,0.447298,2.70013,0.00237469,0.1936,0.0030,-9.953,4.291,3.1352,-0.0130,-0.0025,-9.933,4.292
311.01,73.320,0.1936,0.0030,0.0024,0.0040,-0.0206,-0.0130,-0.0025,3.1353,-10.151,4.132,0.1936,0.449309,2.78495,0.00237469,0.1936,0.0030,-9.961,4.291,3.1353,-0.0130,-0.0025,-9.933,4.292
311.11,73.360,0.1936,0.0030,0.0024,0.0040,-0.0206,-0.0130,-0.0025,3.1354,-10.156,4.132,0.1936,0.450816,2.85031,0.00209788,0.1936,0.0030,-9.967,4.291,3.1354,-0.0130,-0.0025,-9.933,4.292
311.21,73.380,0.1936,0.0030,0.0024,0.0040,-0.0206,-0.0130,-0.0025,3.1355,-10.162,4.132,0.1936,0.450816,2.85031,0.00209788,0.1936,0.0030,-9.967,4.291,3.1354,-0.0130,-0.0025,-9.933,4.292
311.31,73.420,0.1937,0.0028,0.0022,0.0040,-0.0206,-0.0130,-0.0025,3.1355,-10.167,4.132,0.1936,0.452327,2.91719,0.00237469,0.1937,0.0028,-9.973,4.291,3.1355,-0.0130,-0.0025,-9.933,4.292
311.41,73.440,0.1937,0.0028,0.0023,0.0040,-0.0206,-0.0130,-0.0025,3.1356,-10.173,4.132,0.1936,0.454338,3.00878,0.00237469,0.1937,0.0028,-9.980,4.291,3.1355,-0.0130,-0.0025,-9.933,4.292
311.51,73.480,0.1937,0.0028,0.0023,0.0039,-0.0206,-0.0130,-0.0025,3.1357,-10.178,4.132,0.1936,0.455845,3.07931,0.00209788,0.1937,0.0028,-9.986,4.291,3.1356,-0.0130,-0.0025,-9.933,4.292
311.61,73.500,0.1937,0.0028,0.0023,0.0039,-0.0205,-0.0130,-0.0025,3.1357,-10.184,4.132,0.1936,0.457356,3.15146,0.00237469,0.1937,0.0026,-9.992,4.291,3.1357,-0.0130,-0.0025,-9.933,4.292
311.71,73.520,0.1937,0.0026,0.0023,0.0040,-0.0206,-0.0130,-0.0025,3.1358,-10.190,4.132,0.1936,0.459368,3.25021,0.00237469,0.1937,0.0026,-10.000,4.291,3.1358,-0.0130,-0.0025,-9.933,4.292
311.81,73.560,0.1937,0.0026,0.0023,0.0040,-0.0206,-0.0130,-0.0025,3.1359,-10.195,4.132,0.1936,0.460875,3.32622,0.00209788,0.1937,0.0026,-10.006,4.291,3.1358,-0.0130,-0.0025,-9.933,4.292
311.91,73.580,0.1937,0.0026,0.0023,0.0040,-0.0206,-0.0130,-0.0025,3.1359,-10.201,4.132,0.1936,0.460875,3.32622,0.00209788,0.1937,0.0026,-10.006,4.291,3.1358,-0.0130,-0.0025,-9.933,4.292
312.01,73.620,0.1937,0.0024,0.0021,0.0040,-0.0206,-0.0130,-0.0025,3.1360,-10.206,4.132,0.1936,0.462385,3.40393,0.00237469,0.1937,0.0024,-10.011,4.291,3.1359,-0.0130,-0.0025,-9.933,4.292
312.11,73.640,0.1937,0.0024,0.0021,0.0040,-0.0206,-0.0130,-0.0025,3.1360,-10.212,4.132,0.1936,0.464397,3.51024,0.00237469,0.1937,0.0024,-10.019,4.292,3.1360,-0.0130,-0.0025,-9.933,4.292
312.21,73.680,0.1937,0.0024,0.0021,0.0040,-0.0206,-0.0130,-0.0025,3.1361,-10.218,4.132,0.1936,0.465904,3.59203,0.00209788,0.1937,0.0024,-10.025,4.292,3.1361,-0.0130,-0.0025,-9.933,4.292
312.31,73.700,0.1937,0.0024,0.0020,0.0040,-0.0207,-0.0130,-0.0025,3.1362,-10.223,4.132,0.1936,0.467415,3.67561,0.00237469,0.1937,0.0022,-10.031,4.292,3.1361,-0.0130,-0.0025,-9.933,4.292
312.41,73.720,0.1937,0.0022,0.0020,0.0040,-0.0207,-0.0130,-0.0025,3.1362,-10.229,4.132,0.1936,0.469427,3.78989,0.00237469,0.1937,0.0022,-10.038,4.292,3.1362,-0.0130,-0.0025,-9.933,4.292
312.51,73.760,0.1937,0.0022,0.0020,0.0040,-0.0207,-0.0130,-0.0025,3.1363,-10.234,4.132,0.1936,0.470934,3.87777,0.00209788,0.1937,0.0022,-10.044,4.292,3.1363,-0.0130,-0.0025,-9.933,4.292
312.61,73.780,0.1937,0.0022,0.0020,0.0040,-0.0207,-0.0130,-0.0025,3.1363,-10.240,4.132,0.1936,0.470934,3.87777,0.00209788,0.1937,0.0022,-10.044,4.292,3.1363,-0.0130,-0.0025,-9.933,4.292
312.71,73.820,0.1938,0.0020,0.0018,0.0040,-0.0207,-0.0130,-0.0025,3.1364,-10.245,4.132,0.1937,0.472445,3.96753,0.00237469,0.1938,0.0020,-10.050,4.292,3.1363,-0.0130,-0.0025,-9.933,4.292
312.81,73.840,0.1938,0.0020,0.0018,0.0040,-0.0207,-0.0130,-0.0025,3.1364,-10.251,4.132,0.1937,0.474457,4.09021,0.00237469,0.1938,0.0020,-10.058,4.292,3.1364,-0.0130,-0.0025,-9.933,4.292
312.91,73.880,0.1938,0.0020,0.0018,0.0040,-0.0207,-0.0130,-0.0025,3.1365,-10.256,4.132,0.1937,0.475965,4.18451,0.00209788,0.1938,0.0020,-10.064,4.292,3.1365,-0.0130,-0.0025,-9.933,4.292
313.01,73.900,0.1938,0.0020,0.0018,0.0040,-0.0207,-0.0130,-0.0025,3.1365,-10.261,4.132,0.1937,0.477476,4.28079,0.00237469,0.1938,0.0018,-10.069,4.292,3.1365,-0.0130,-0.0025,-9.933,4.292
313.11,73.920,0.1938,0.0018,0.0017,0.0040,-0.0207,-0.0130,-0.0025,3.1366,-10.267,4.132,0.1937,0.479488,4.41231,0.00237469,0.1938,0.0018,-10.077,4.292,3.1366,-0.0130,-0.0025,-9.933,4.292
313.21,73.960,0.1938,0.0018,0.0017,0.0040,-0.0207,-0.0130,-0.0025,3.1366,-10.272,4.132,0.1937,0.479488,4.41231,0.00237469,0.1938,0.0018,-10.077,4.292,3.1366,-0.0130,-0.0025,-9.933,4.292
313.31,73.980,0.1938,0.0018,0.0017,0.0040,-0.0207,-0.0130,-0.0025,3.1367,-10.278,4.132,0.1937,0.480995,4.51336,0.00209788,0.1938,0.0018,-10.083,4.292,3.1366,-0.0130,-0.0025,-9.933,4.292
313.41,74.020,0.1938,0.0017,0.0015,0.0040,-0.0207,-0.0130,-0.0025,3.1367,-10.283,4.132,0.1937,0.482506,4.61649,0.00237469,0.1938,0.0017,-10.089,4.292,3.1367,-0.0130,-0.0025,-10.127,4.293
313.51,74.040,0.1938,0.0017,0.0015,0.0040,-0.0207,-0.0130,-0.0025,3.1368,-10.289,4.132,0.1937,0.432487,2.20971,0.00237468,0.1938,0.0017,-10.101,4.293,3.1367,-0.0130,-0.0025,-10.127,4.293
313.61,74.060,0.1938,0.0017,0.0015,0.0040,-0.0207,-0.0130,-0.0025,3.1368,-10.294,4.132,0.1937,0.433993,2.26118,0.00209788,0.1938,0.0017,-10.107,4.293,3.1368,-0.0130,-0.0025,-10.127,4.293
313.71,74.100,0.1938,0.0017,0.0015,0.0040,-0.0207,-0.0130,-0.0025,3.1368,-10.299,4.132,0.1936,0.435502,2.31392,0.00237468,0.1937,0.0021,-10.112,4.293,3.1368,-0.0130,-0.0025,-10.127,4.293
313.81,74.120,0.1937,0.0021,0.0019,0.0040,-0.0207,-0.0130,-0.0025,3.1369,-10.305,4.132,0.1936,0.435502,2.31392,0.00237468,0.1937,0.0021,-10.112,4.293,3.1368,-0.0130,-0.0025,-10.127,4.293
313.91,74.160,0.1937,0.0021,0.0019,0.0040,-0.0207,-0.0130,-0.0025,3.1370,-10.310,4.132,0.1936,0.437511,2.38628,0.00237468,0.1937,0.0021,-10.120,4.293,3.1369,-0.0130,-0.0025,-10.127,4.293
314.01,74.180,0.1937,0.0021,0.0019,0.0040,-0.0207,-0.0130,-0.0025,3.1370,-10.316,4.132,0.1936,0.439017,2.4421,0.00209788,0.1937,0.0021,-10.126,4.293,3.1370,-0.0130,-0.0025,-10.127,4.293
314.11,74.200,0.1937,0.0021,0.0018,0.0040,-0.0207,-0.0130,-0.0025,3.1371,-10.321,4.132,0.1937,0.440526,2.49929,0.00237469,0.1938,0.0020,-10.132,4.293,3.1370,-0.0130,-0.0025,-10.127,4.293
314.21,74.240,0.1938,0.0020,0.0018,0.0040,-0.0207,-0.0130,-0.0025,3.1371,-10.326,4.132,0.1937,0.442536,2.57769,0.00237469,0.1938,0.0020,-10.139,4.293,3.1371,-0.0130,-0.0025,-10.127,4.293
314.31,74.260,0.1938,0.0020,0.0018,0.0040,-0.0207,-0.0130,-0.0025,3.1372,-10.332,4.132,0.1937,0.444041,2.63813,0.00209788,0.1938,0.0020,-10.145,4.293,3.1371,-0.0130,-0.0025,-10.127,4.293
314.41,74.280,0.1938,0.0020,0.0018,0.0040,-0.0207,-0.0130,-0.0025,3.1372,-10.337,4.132,0.1937,0.44555,2.70002,0.00237469,0.1938,0.0019,-10.151,4.293,3.1372,-0.0130,-0.0025,-10.127,4.293
314.51,74.320,0.1938,0.0019,0.0017,0.0040,-0.0207,-0.0130,-0.0025,3.1373,-10.343,4.132,0.1937,0.44555,2.70002,0.00237469,0.1938,0.0019,-10.151,4.293,3.1372,-0.0130,-0.0025,-10.127,4.293
314.61,74.340,0.1938,0.0019,0.0017,0.0040,-0.0207,-0.0130,-0.0025,3.1373,-10.348,4.132,0.1937,0.44756,2.78482,0.00237469,0.1938,0.0019,-10.159,4.293,3.1373,-0.0130,-0.0025,-10.127,4.293
314.71,74.380,0.1938,0.0019,0.0019,0.0040,-0.0207,-0.0130,-0.0025,3.1373,-10.353,4.132,0.1937,0.449066,2.85016,0.00209788,0.1938,0.0019,-10.165,4.293,3.1373,-0.0130,-0.0025,-10.127,4.293
314.81,74.400,0.1938,0.0019,0.0037,0.0001,0.0000,-0.0130,-0.0025,3.1374,-10.359,4.132,0.1935,0.450575,2.91703,0.00237469,0.1936,0.0036,-10.170,4.293,3.1374,-0.0130,-0.0025,-10.127,4.293
314.91,74.440,0.1936,0.0036,0.0037,0.0040,-0.0203,-0.0130,-0.0025,3.1375,-10.364,4.133,0.1935,0.452585,3.0086,0.00237469,0.1936,0.0036,-10.178,4.293,3.1375,-0.0130,-0.0025,-10.127,4.293
315.01,74.460,0.1936,0.0036,0.0037,0.0040,-0.0203,-0.0130,-0.0025,3.1376,-10.370,4.133,0.1935,0.454091,3.07912,0.00209788,0.1936,0.0036,-10.184,4.293,3.1376,-0.0130,-0.0025,-10.127,4.293
315.11,74.480,0.1936,0.0036,0.0037,0.0040,-0.0203,-0.0130,-0.0025,3.1377,-10.376,4.133,0.1935,0.454091,3.07912,0.00209788,0.1936,0.0036,-10.184,4.293,3.1376,-0.0130,-0.0025,-10.127,4.293
315.21,74.520,0.1936,0.0031,0.0032,0.0040,-0.0204,-0.0130,-0.0024,3.1378,-10.381,4.133,0.1935,0.4556,3.15125,0.00237469,0.1936,0.0031,-10.190,4.293,3.1377,-0.0130,-0.0024,-10.127,4.293
315.31,74.540,0.1936,0.0031,0.0032,0.0040,-0.0204,-0.0130,-0.0024,3.1379,-10.387,4.133,0.1935,0.45761,3.24998,0.00237469,0.1936,0.0031,-10.198,4.294,3.1378,-0.0130,-0.0024,-10.127,4.293
315.41,74.580,0.1936,0.0031,0.0032,0.0040,-0.0204,-0.0130,-0.0024,3.1380,-10.392,4.133,0.1935,0.459115,3.32597,0.00209788,0.1936,0.0031,-10.203,4.294,3.1379,-0.0130,-0.0024,-10.127,4.293
315.51,74.600,0.1936,0.0031,0.0029,0.0040,-0.0205,-0.0130,-0.0024,3.1381,-10.398,4.133,0.1936,0.460624,3.40366,0.00237469,0.1936,0.0029,-10.209,4.294,3.1380,-0.0130,-0.0024,-10.127,4.293
315.61,74.640,0.1936,0.0029,0.0029,0.0040,-0.0205,-0.0130,-0.0024,3.1382,-10.403,4.133,0.1936,0.462634,3.50994,0.00237469,0.1936,0.0029,-10.217,4.294,3.1382,-0.0130,-0.0024,-10.127,4.293
315.71,74.660,0.1936,0.0029,0.0029,0.0040,-0.0205,-0.0130,-0.0024,3.1383,-10.409,4.133,0.1936,0.46414,3.59171,0.00209788,0.1936,0.0029,-10.223,4.294,3.1382,-0.0130,-0.0024,-10.127,4.293
315.81,74.680,0.1936,0.0029,0.0029,0.0040,-0.0205,-0.0130,-0.0024,3.1383,-10.414,4.133,0.1936,0.46414,3.59171,0.00209788,0.1936,0.0029,-10.223,4.294,3.1382,-0.0130,-0.0024,-10.127,4.293
315.91,74.720,0.1937,0.0025,0.0025,0.0040,-0.0206,-0.0130,-0.0024,3.1384,-10.419,4.133,0.1936,0.465649,3.67527,0.00237469,0.1937,0.0025,-10.229,4.294,3.1383,-0.0130,-0.0024,-10.127,4.293
316.01,74.740,0.1937,0.0025,0.0025,0.0040,-0.0206,-0.0130,-0.0024,3.1385,-10.425,4.133,0.1936,0.467659,3.78952,0.00237469,0.1937,0.0025,-10.236,4.294,3.1384,-0.0130,-0.0024,-10.127,4.293
316.11,74.780,0.1937,0.0025,0.0025,0.0040,-0.0206,-0.0130,-0.0024,3.1386,-10.430,4.133,0.1936,0.469164,3.87737,0.00209788,0.1937,0.0025,-10.242,4.294,3.1385,-0.0130,-0.0024,-10.127,4.293
316.21,74.800,0.1937,0.0025,0.0022,0.0040,-0.0206,-0.0130,-0.0024,3.1386,-10.436,4.133,0.1937,0.470673,3.96712,0.00237469,0.1937,0.0022,-10.248,4.294,3.1386,-0.0130,-0.0024,-10.127,4.293
316.31,74.820,0.1937,0.0022,0.0022,0.0040,-0.0206,-0.0130,-0.0024,3.1387,-10.441,4.133,0.1937,0.472683,4.08977,0.00237469,0.1937,0.0022,-10.256,4.294,3.1387,-0.0130,-0.0024,-10.127,4.293
316.41,74.860,0.1937,0.0022,0.0022,0.0040,-0.0206,-0.0130,-0.0024,3.1388,-10.447,4.133,0.1937,0.472683,4.08977,0.00237469,0.1937,0.0022,-10.256,4.294,3.1387,-0.0130,-0.0024,-10.127,4.293
316.51,74.880,0.1937,0.0022,0.0022,0.0040,-0.0207,-0.0130,-0.0024,3.1388,-10.452,4.133,0.1937,0.474188,4.18403,0.00209788,0.1937,0.0022,-10.261,4.294,3.1387,-0.0130,-0.0024,-10.127,4.293
316.61,74.920,0.1938,0.0019,0.0019,0.0042,-0.0208,-0.0130,-0.0024,3.1389,-10.458,4.133,0.1937,0.475697,4.28029,0.00237469,0.1938,0.0019,-10.267,4.294,3.1388,-0.0130,-0.0024,-10.127,4.293
316.71,74.940,0.1938,0.0019,0.0017,0.0039,-0.0207,-0.0130,-0.0024,3.1389,-10.463,4.133,0.1938,0.477707,4.41177,0.00237469,0.1938,0.0019,-10.275,4.294,3.1389,-0.0130,-0.0024,-10.127,4.293
316.81,74.980,0.1938,0.0019,0.0017,0.0039,-0.0207,-0.0130,-0.0024,3.1390,-10.469,4.133,0.1938,0.479213,4.51279,0.00209788,0.1938,0.0019,-10.281,4.294,3.1389,-0.0130,-0.0024,-10.127,4.293
316.91,75.000,0.1938,0.0019,0.0017,0.0039,-0.0207,-0.0130,-0.0024,3.1390,-10.474,4.133,0.1938,0.480722,4.6159,0.00237469,0.1938,0.0017,-10.287,4.294,3.1390,-0.0130,-0.0024,-10.321,4.294
317.01,75.020,0.1938,0.0017,0.0015,0.0039,-0.0208,-0.0130,-0.0024,3.1391,-10.480,4.133,0.1938,0.431105,2.20959,0.00237468,0.1938,0.0017,-10.298,4.294,3.1391,-0.0130,-0.0024,-10.321,4.294
317.11,75.060,0.1938,0.0017,0.0015,0.0039,-0.0208,-0.0130,-0.0024,3.1391,-10.485,4.133,0.1938,0.431105,2.20959,0.00237468,0.1938,0.0017,-10.298,4.294,3.1391,-0.0130,-0.0024,-10.321,4.294
317.21,75.080,0.1938,0.0017,0.0015,0.0039,-0.0208,-0.0130,-0.0024,3.1391,-10.491,4.133,0.1938,0.43261,2.26104,0.00209788,0.1938,0.0017,-10.304,4.294,3.1391,-0.0130,-0.0024,-10.321,4.294
317.31,75.100,0.1938,0.0017,0.0012,0.0039,-0.0208,-0.0130,-0.0024,3.1392,-10.496,4.133,0.1938,0.434118,2.31378,0.00237468,0.1938,0.0014,-10.310,4.294,3.1391,-0.0130,-0.0024,-10.321,4.294
317.41,75.140,0.1938,0.0014,0.0012,0.0039,-0.0208,-0.0130,-0.0024,3.1392,-10.501,4.133,0.1938,0.436127,2.38612,0.00237468,0.1938,0.0014,-10.317,4.294,3.1392,-0.0130,-0.0024,-10.321,4.294
317.51,75.160,0.1938,0.0014,0.0012,0.0039,-0.0208,-0.0130,-0.0024,3.1392,-10.507,4.133,0.1938,0.437631,2.44193,0.00209788,0.1938,0.0014,-10.323,4.294,3.1392,-0.0130,-0.0024,-10.321,4.294
317.61,75.200,0.1938,0.0014,0.0012,0.0039,-0.0208,-0.0130,-0.0024,3.1393,-10.513,4.133,0.1939,0.43914,2.4991,0.00237469,0.1938,0.0012,-10.329,4.294,3.1393,-0.0130,-0.0024,-10.321,4.294
317.71,75.220,0.1938,0.0012,0.0011,0.0039,-0.0208,-0.0130,-0.0024,3.1393,-10.518,4.133,0.1939,0.441148,2.57748,0.00237469,0.1938,0.0012,-10.337,4.294,3.1393,-0.0130,-0.0024,-10.321,4.294
317.81,75.260,0.1938,0.0012,0.0011,0.0039,-0.0208,-0.0130,-0.0024,3.1393,-10.524,4.133,0.1939,0.441148,2.57748,0.00237469,0.1938,0.0012,-10.337,4.294,3.1393,-0.0130,-0.0024,-10.321,4.294
317.91,75.280,0.1938,0.0012,0.0011,0.0039,-0.0208,-0.0130,-0.0024,3.1394,-10.529,4.133,0.1939,0.442653,2.63792,0.00209788,0.1938,0.0012,-10.343,4.294,3.1393,-0.0130,-0.0024,-10.321,4.294
318.01,75.320,0.1939,0.0011,0.0010,0.0039,-0.0209,-0.0130,-0.0024,3.1394,-10.535,4.133,0.1939,0.444161,2.69979,0.00237469,0.1939,0.0011,-10.348,4.294,3.1394,-0.0130,-0.0024,-10.321,4.294
318.11,75.340,0.1939,0.0011,0.0010,0.0039,-0.0209,-0.0130,-0.0024,3.1394,-10.540,4.133,0.1939,0.44617,2.78457,0.00237469,0.1939,0.0011,-10.356,4.294,3.1394,-0.0130,-0.0024,-10.321,4.294
318.21,75.360,0.1939,0.0011,0.0010,0.0039,-0.0209,-0.0130,-0.0024,3.1395,-10.546,4.133,0.1939,0.447674,2.84989,0.00209788,0.1939,0.0011,-10.362,4.294,3.1394,-0.0130,-0.0024,-10.321,4.294
318.31,75.400,0.1939,0.0011,0.0010,0.0039,-0.0209,-0.0130,-0.0024,3.1395,-10.551,4.133,0.1939,0.449183,2.91674,0.00237469,0.1939,0.0010,-10.368,4.294,3.1395,-0.0130,-0.0024,-10.321,4.294
318.41,75.420,0.1939,0.0010,0.0009,0.0039,-0.0209,-0.0130,-0.0024,3.1395,-10.557,4.133,0.1939,0.451191,3.00829,0.00237469,0.1939,0.0010,-10.376,4.294,3.1395,-0.0130,-0.0024,-10.321,4.294
318.51,75.460,0.1939,0.0010,0.0009,0.0039,-0.0209,-0.0130,-0.0024,3.1395,-10.563,4.133,0.1939,0.451191,3.00829,0.00237469,0.1939,0.0010,-10.376,4.294,3.1395,-0.0130,-0.0024,-10.321,4.294
318.61,75.480,0.1939,0.0010,0.0009,0.0039,-0.0209,-0.0130,-0.0024,3.1396,-10.568,4.133,0.1939,0.452696,3.0788,0.00209788,0.1939,0.0010,-10.381,4.294,3.1395,-0.0130,-0.0024,-10.321,4.294
318.71,75.500,0.1939,0.0010,0.0008,0.0039,-0.0209,-0.0130,-0.0024,3.1396,-10.573,4.133,0.1939,0.454204,3.15091,0.00237469,0.1939,0.0009,-10.387,4.294,3.1396,-0.0130,-0.0024,-10.321,4.294
318.81,75.540,0.1939,0.0009,0.0008,0.0039,-0.0209,-0.0130,-0.0024,3.1396,-10.579,4.133,0.1939,0.456213,3.24961,0.00237469,0.1939,0.0009,-10.395,4.294,3.1396,-0.0130,-0.0024,-10.321,4.294
318.91,75.560,0.1939,0.0009,0.0008,0.0039,-0.0209,-0.0130,-0.0024,3.1396,-10.584,4.133,0.1939,0.457718,3.32558,0.00209788,0.1939,0.0009,-10.401,4.294,3.1396,-0.0130,-0.0024,-10.321,4.294
319.01,75.600,0.1939,0.0009,0.0008,0.0039,-0.0209,-0.0130,-0.0024,3.1397,-10.590,4.133,0.1939,0.459226,3.40325,0.00237469,0.1939,0.0008,-10.407,4.294,3.1397,-0.0130,-0.0024,-10.321,4.294
319.11,75.620,0.1939,0.0008,0.0008,0.0039,-0.0209,-0.0130,-0.0024,3.1397,-10.595,4.133,0.1939,0.459226,3.40325,0.00237469,0.1939,0.0008,-10.407,4.294,3.1397,-0.0130,-0.0024,-10.321,4.294
319.21,75.660,0.1939,0.0008,0.0008,0.0039,-0.0209,-0.0130,-0.0024,3.1397,-10.601,4.133,0.1939,0.461235,3.50951,0.00237469,0.1939,0.0008,-10.414,4.295,3.1397,-0.0130,-0.0024,-10.321,4.294
319.31,75.680,0.1939,0.0008,0.0007,0.0039,-0.0209,-0.0130,-0.0024,3.1397,-10.606,4.133,0.1939,0.462739,3.59125,0.00209788,0.1939,0.0008,-10.420,4.295,3.1397,-0.0130,-0.0024,-10.321,4.294
319.41,75.700,0.1939,0.0008,0.0007,0.0039,-0.0209,-0.0130,-0.0024,3.1397,-10.611,4.133,0.1939,0.464247,3.67479,0.00237469,0.1939,0.0008,-10.426,4.295,3.1397,-0.0130,-0.0024,-10.321,4.294
319.51,75.740,0.1939,0.0008,0.0007,0.0039,-0.0209,-0.0130,-0.0024,3.1398,-10.616,4.133,0.1939,0.466256,3.78901,0.00237469,0.1939,0.0008,-10.434,4.295,3.1398,-0.0130,-0.0024,-10.321,4.294
319.61,75.760,0.1939,0.0008,0.0007,0.0038,-0.0210,-0.0130,-0.0024,3.1398,-10.622,4.133,0.1939,0.467761,3.87684,0.00209788,0.1939,0.0008,-10.440,4.295,3.1398,-0.0130,-0.0024,-10.321,4.294
319.71,75.780,0.1939,0.0008,0.0006,0.0039,-0.0209,-0.0130,-0.0024,3.1398,-10.628,4.133,0.1939,0.469269,3.96655,0.00237469,0.1939,0.0007,-10.445,4.295,3.1398,-0.0130,-0.0024,-10.321,4.294
319.81,75.820,0.1939,0.0007,0.0006,0.0039,-0.0209,-0.0130,-0.0024,3.1398,-10.633,4.133,0.1939,0.469269,3.96655,0.00237469,0.1939,0.0007,-10.445,4.295,3.1398,-0.0130,-0.0024,-10.321,4.294
319.91,75.840,0.1939,0.0007,0.0006,0.0039,-0.0209,-0.0130,-0.0024,3.1398,-10.638,4.133,0.1939,0.471278,4.08917,0.00237469,0.1939,0.0007,-10.453,4.295,3.1398,-0.0130,-0.0024,-10.321,4.294
320.01,75.880,0.1939,0.0007,0.0006,0.0039,-0.0209,-0.0130,-0.0024,3.1398,-10.644,4.133,0.1939,0.472782,4.18341,0.00209788,0.1939,0.0007,-10.459,4.295,3.1398,-0.0130,-0.0024,-10.321,4.294
320.11,75.900,0.1939,0.0007,0.0005,0.0039,-0.0210,-0.0130,-0.0024,3.1399,-10.649,4.133,0.1939,0.474291,4.27964,0.00237469,0.1939,0.0007,-10.465,4.295,3.1399,-0.0130,-0.0024,-10.321,4.294
320.21,75.940,0.1939,0.0007,0.0005,0.0039,-0.0210,-0.0130,-0.0024,3.1399,-10.655,4.133,0.1939,0.476299,4.41109,0.00237469,0.1939,0.0007,-10.473,4.295,3.1399,-0.0130,-0.0024,-10.321,4.294
320.31,75.960,0.1939,0.0007,0.0005,0.0039,-0.0210,-0.0130,-0.0024,3.1399,-10.661,4.133,0.1939,0.477804,4.51207,0.00209788,0.1939,0.0007,-10.478,4.295,3.1399,-0.0130,-0.0024,-10.321,4.294
320.41,75.980,0.1939,0.0007,0.0005,0.0039,-0.0210,-0.0130,-0.0024,3.1399,-10.666,4.133,0.1939,0.477804,4.51207,0.00209788,0.1939,0.0007,-10.478,4.295,3.1399,-0.0130,-0.0024,-10.321,4.294
320.51,76.020,0.1939,0.0006,0.0005,0.0039,-0.0210,-0.0130,-0.0024,3.1399,-10.671,4.133,0.1939,0.479312,4.61515,0.00237469,0.1939,0.0006,-10.484,4.295,3.1399,-0.0130,-0.0024,-10.515,4.294
320.61,76.040,0.1939,0.0006,0.0005,0.0039,-0.0210,-0.0130,-0.0024,3.1399,-10.677,4.133,0.1939,0.430009,2.20943,0.00237468,0.1939,0.0006,-10.495,4.295,3.1399,-0.0130,-0.0024,-10.515,4.294
320.71,76.080,0.1939,0.0006,0.0005,0.0039,-0.0210,-0.0130,-0.0024,3.1399,-10.682,4.133,0.1939,0.431513,2.26087,0.00209788,0.1939,0.0006,-10.501,4.295,3.1399,-0.0130,-0.0024,-10.515,4.294
320.81,76.100,0.1939,0.0006,0.0005,0.0039,-0.0210,-0.0130,-0.0024,3.1400,-10.687,4.133,0.1940,0.433021,2.3136,0.00237468,0.1940,0.0003,-10.507,4.295,3.1400,-0.0130,-0.0024,-10.515,4.294
320.91,76.120,0.1940,0.0003,0.0002,0.0039,-0.0210,-0.0130,-0.0024,3.1400,-10.693,4.133,0.1940,0.435029,2.38592,0.00237468,0.1940,0.0003,-10.515,4.295,3.1400,-0.0130,-0.0024,-10.515,4.294
321.01,76.160,0.1940,0.0003,0.0002,0.0039,-0.0210,-0.0130,-0.0024,3.1400,-10.698,4.133,0.1940,0.435029,2.38592,0.00237468,0.1940,0.0003,-10.515,4.295,3.1400,-0.0130,-0.0024,-10.515,4.294
321.11,76.180,0.1940,0.0003,0.0002,0.0039,-0.0210,-0.0130,-0.0024,3.1400,-10.703,4.133,0.1940,0.436534,2.44173,0.00209788,0.1940,0.0003,-10.520,4.295,3.1400,-0.0130,-0.0024,-10.515,4.294
321.21,76.200,0.1940,0.0003,0.0002,0.0039,-0.0210,-0.0130,-0.0024,3.1400,-10.708,4.133,0.1940,0.438042,2.49888,0.00237469,0.1940,0.0003,-10.526,4.295,3.1400,-0.0130,-0.0024,-10.515,4.294
321.31,76.240,0.1940,0.0003,0.0002,0.0039,-0.0210,-0.0130,-0.0024,3.1400,-10.714,4.133,0.1940,0.44005,2.57725,0.00237469,0.1940,0.0003,-10.534,4.295,3.1400,-0.0130,-0.0024,-10.515,4.294
321.41,76.260,0.1940,0.0003,0.0002,0.0039,-0.0210,-0.0130,-0.0024,3.1400,-10.720,4.133,0.1940,0.441554,2.63767,0.00209788,0.1940,0.0003,-10.540,4.295,3.1400,-0.0130,-0.0024,-10.515,4.294
321.51,76.300,0.1940,0.0003,0.0002,0.0039,-0.0210,-0.0130,-0.0024,3.1400,-10.725,4.133,0.1940,0.443062,2.69953,0.00237469,0.1940,0.0003,-10.546,4.295,3.1400,-0.0130,-0.0024,-10.515,4.294
321.61,76.320,0.1940,0.0003,0.0002,0.0039,-0.0210,-0.0130,-0.0024,3.1400,-10.730,4.133,0.1940,0.443062,2.69953,0.00237469,0.1940,0.0003,-10.546,4.295,3.1400,-0.0130,-0.0024,-10.515,4.294
321.71,76.340,0.1940,0.0003,0.0002,0.0039,-0.0210,-0.0130,-0.0024,3.1400,-10.736,4.133,0.1940,0.445071,2.78429,0.00237469,0.1940,0.0003,-10.553,4.295,3.1400,-0.0130,-0.0024,-10.515,4.294
321.81,76.380,0.1940,0.0003,0.0002,0.0039,-0.0210,-0.0130,-0.0024,3.1400,-10.742,4.133,0.1940,0.446575,2.84961,0.00209788,0.1940,0.0003,-10.559,4.295,3.1400,-0.0130,-0.0024,-10.515,4.294
321.91,76.400,0.1940,0.0003,0.0002,0.0039,-0.0210,-0.0130,-0.0024,3.1400,-10.747,4.133,0.1940,0.448083,2.91644,0.00237469,0.1940,0.0002,-10.565,4.295,3.1400,-0.0130,-0.0024,-10.515,4.294
322.01,76.440,0.1940,0.0002,0.0002,0.0039,-0.0210,-0.0130,-0.0024,3.1400,-10.753,4.133,0.1940,0.450091,3.00797,0.00237469,0.1940,0.0002,-10.573,4.295,3.1400,-0.0130,-0.0024,-10.515,4.294
322.11,76.460,0.1940,0.0002,0.0002,0.0039,-0.0210,-0.0130,-0.0024,3.1400,-10.758,4.133,0.1940,0.451596,3.07846,0.00209788,0.1940,0.0002,-10.579,4.295,3.1400,-0.0130,-0.0024,-10.515,4.294
322.21,76.500,0.1940,0.0002,0.0002,0.0039,-0.0210,-0.0130,-0.0024,3.1400,-10.764,4.133,0.1940,0.453104,3.15056,0.00237469,0.1940,0.0002,-10.584,4.295,3.1400,-0.0130,-0.0024,-10.515,4.294
322.31,76.520,0.1940,0.0002,0.0002,0.0039,-0.0210,-0.0130,-0.0024,3.1401,-10.769,4.133,0.1940,0.453104,3.15056,0.00237469,0.1940,0.0002,-10.584,4.295,3.1400,-0.0130,-0.0024,-10.515,4.294
322.41,76.540,0.1940,0.0002,0.0002,0.0039,-0.0210,-0.0130,-0.0024,3.1401,-10.775,4.133,0.1940,0.455112,3.24924,0.00237469,0.1940,0.0002,-10.592,4.295,3.1401,-0.0130,-0.0024,-10.515,4.294
322.51,76.580,0.1940,0.0002,0.0002,0.0039,-0.0210,-0.0130,-0.0024,3.1401,-10.781,4.133,0.1940,0.456616,3.32519,0.00209788,0.1940,0.0002,-10.598,4.295,3.1401,-0.0130,-0.0024,-10.515,4.294
322.61,76.600,0.1940,0.0002,0.0002,0.0039,-0.0210,-0.0130,-0.0024,3.1401,-10.786,4.133,0.1940,0.458124,3.40285,0.00237469,0.1940,0.0002,-10.604,4.295,3.1401,-0.0130,-0.0024,-10.515,4.294
322.71,76.640,0.1940,0.0002,0.0002,0.0039,-0.0210,-0.0130,-0.0024,3.1401,-10.792,4.133,0.1940,0.460133,3.50908,0.00237469,0.1940,0.0002,-10.612,4.295,3.1401,-0.0130,-0.0024,-10.515,4.294
322.81,76.660,0.1940,0.0002,0.0002,0.0039,-0.0210,-0.0130,-0.0024,3.1401,-10.797,4.133,0.1940,0.461637,3.59081,0.00209788,0.1940,0.0002,-10.617,4.295,3.1401,-0.0130,-0.0024,-10.515,4.294
322.91,76.700,0.1940,0.0002,0.0002,0.0039,-0.0210,-0.0130,-0.0024,3.1401,-10.803,4.133,0.1940,0.463145,3.67432,0.00237469,0.1940,0.0002,-10.623,4.295,3.1401,-0.0130,-0.0024,-10.515,4.294
323.01,76.720,0.1940,0.0002,0.0002,0.0039,-0.0210,-0.0130,-0.0024,3.1401,-10.808,4.133,0.1940,0.463145,3.67432,0.00237469,0.1940,0.0002,-10.623,4.295,3.1401,-0.0130,-0.0024,-10.515,4.294
323.11,76.760,0.1940,0.0002,0.0002,0.0039,-0.0210,-0.0130,-0.0024,3.1401,-10.814,4.133,0.1940,0.465154,3.78852,0.00237469,0.1940,0.0002,-10.631,4.295,3.1401,-0.0130,-0.0024,-10.515,4.294
323.21,76.780,0.1940,0.0002,0.0002,0.0039,-0.0210,-0.0130,-0.0024,3.1401,-10.820,4.133,0.1940,0.466658,3.87633,0.00209788,0.1940,0.0002,-10.637,4.295,3.1401,-0.0130,-0.0024,-10.515,4.294
323.31,76.800,0.1940,0.0002,0.0001,0.0039,-0.0210,-0.0130,-0.0024,3.1401,-10.825,4.133,0.1940,0.468166,3.96603,0.00237469,0.1940,0.0002,-10.643,4.295,3.1401,-0.0130,-0.0024,-10.515,4.294
323.41,76.840,0.1940,0.0002,0.0001,0.0039,-0.0210,-0.0130,-0.0024,3.1401,-10.831,4.133,0.1940,0.470174,4.08862,0.00237469,0.1940,0.0002,-10.650,4.295,3.1401,-0.0130,-0.0024,-10.515,4.294
323.51,76.860,0.1940,0.0002,0.0001,0.0039,-0.0210,-0.0130,-0.0024,3.1401,-10.836,4.133,0.1940,0.471679,4.18284,0.00209788,0.1940,0.0002,-10.656,4.295,3.1401,-0.0130,-0.0024,-10.515,4.294
323.61,76.900,0.1940,0.0002,0.0001,0.0039,-0.0210,-0.0130,-0.0024,3.1401,-10.842,4.133,0.1940,0.473187,4.27904,0.00237469,0.1940,0.0001,-10.662,4.295,3.1401,-0.0130,-0.0024,-10.515,4.294
323.71,76.920,0.1940,0.0001,0.0001,0.0039,-0.0210,-0.0130,-0.0024,3.1401,-10.847,4.133,0.1940,0.473187,4.27904,0.00237469,0.1940,0.0001,-10.662,4.295,3.1401,-0.0130,-0.0024,-10.515,4.294
323.81,76.960,0.1940,0.0001,0.0001,0.0039,-0.0210,-0.0130,-0.0024,3.1401,-10.853,4.133,0.1940,0.475195,4.41047,0.00237469,0.1940,0.0001,-10.670,4.295,3.1401,-0.0130,-0.0024,-10.515,4.294
323.91,76.980,0.1940,0.0001,0.0001,0.0039,-0.0210,-0.0130,-0.0024,3.1401,-10.858,4.133,0.1940,0.4767,4.51143,0.00209788,0.1940,0.0001,-10.676,4.295,3.1401,-0.0130,-0.0024,-10.515,4.294
324.01,77.000,0.1940,0.0001,0.0001,0.0039,-0.0210,-0.0130,-0.0024,3.1401,-10.863,4.133,0.1940,0.478208,4.61448,0.00237469,0.1940,0.0001,-10.681,4.295,3.1401,-0.0130,-0.0024,-10.709,4.295
324.11,77.040,0.1940,0.0001,0.0001,0.0039,-0.0210,-0.0130,-0.0024,3.1401,-10.869,4.133,0.1940,0.42914,2.20929,0.00237468,0.1940,0.0001,-10.692,4.295,3.1401,-0.0130,-0.0024,-10.709,4.295
324.21,77.060,0.1940,0.0001,0.0001,0.0039,-0.0210,-0.0130,-0.0024,3.1401,-10.874,4.133,0.1940,0.430645,2.26072,0.00209788,0.1940,0.0001,-10.698,4.295,3.1401,-0.0130,-0.0024,-10.709,4.295
324.31,77.080,0.1940,0.0001,0.0001,0.0039,-0.0210,-0.0130,-0.0024,3.1401,-10.880,4.133,0.1940,0.432152,2.31344,0.00237468,0.1940,-0.0001,-10.704,4.295,3.1401,-0.0130,-0.0024,-10.709,4.295
324.41,77.120,0.1940,-0.0001,-0.0001,0.0039,-0.0211,-0.0130,-0.0024,3.1401,-10.885,4.133,0.1940,0.432152,2.31344,0.00237468,0.1940,-0.0001,-10.704,4.295,3.1401,-0.0130,-0.0024,-10.709,4.295
324.51,77.140,0.1940,-0.0001,-0.0001,0.0039,-0.0211,-0.0130,-0.0024,3.1401,-10.890,4.133,0.1940,0.434161,2.38576,0.00237468,0.1940,-0.0001,-10.711,4.295,3.1401,-0.0130,-0.0024,-10.709,4.295
324.61,77.160,0.1940,-0.0001,-0.0001,0.0039,-0.0211,-0.0130,-0.0024,3.1401,-10.895,4.133,0.1940,0.435665,2.44155,0.00209788,0.1940,-0.0001,-10.717,4.295,3.1401,-0.0130,-0.0024,-10.709,4.295
324.71,77.200,0.1940,-0.0001,-0.0001,0.0039,-0.0211,-0.0130,-0.0024,3.1401,-10.899,4.133,0.1940,0.437173,2.4987,0.00237469,0.1940,-0.0001,-10.723,4.295,3.1401,-0.0130,-0.0024,-10.709,4.295
324.81,77.220,0.1940,-0.0001,-0.0001,0.0039,-0.0211,-0.0130,-0.0024,3.1401,-10.904,4.133,0.1940,0.437173,2.4987,0.00237469,0.1940,-0.0001,-10.723,4.295,3.1401,-0.0130,-0.0024,-10.709,4.295
324.91,77.240,0.1940,-0.0001,-0.0001,0.0039,-0.0211,-0.0130,-0.0024,3.1401,-10.909,4.133,0.1940,0.439181,2.57705,0.00237469,0.1940,-0.0001,-10.731,4.295,3.1401,-0.0130,-0.0024,-10.709,4.295
325.01,77.260,0.1940,-0.0001,-0.0001,0.0039,-0.0211,-0.0130,-0.0024,3.1401,-10.913,4.133,0.1940,0.440685,2.63747,0.00209788,0.1940,-0.0001,-10.737,4.295,3.1401,-0.0130,-0.0024,-10.709,4.295
325.11,77.280,0.1940,-0.0001,-0.0001,0.0038,-0.0210,-0.0130,-0.0024,3.1401,-10.917,4.133,0.1940,0.440685,2.63747,0.00209788,0.1940,-0.0001,-10.737,4.295,3.1401,-0.0130,-0.0024,-10.709,4.295
325.21,77.300,0.1940,-0.0001,-0.0001,0.0039,-0.0211,-0.0130,-0.0024,3.1401,-10.920,4.133,0.1940,0.442193,2.69932,0.00237469,0.1940,-0.0001,-10.743,4.295,3.1401,-0.0130,-0.0024,-10.709,4.295
325.31,77.320,0.1940,-0.0001,-0.0001,0.0039,-0.0211,-0.0130,-0.0024,3.1401,-10.923,4.133,0.1940,0.442193,2.69932,0.00237469,0.1940,-0.0001,-10.743,4.295,3.1401,-0.0130,-0.0024,-10.709,4.295
325.41,77.320,0.1940,-0.0001,-0.0001,0.0039,-0.0211,-0.0130,-0.0024,3.1401,-10.925,4.133,0.1940,0.442193,2.69932,0.00237469,0.1940,-0.0001,-10.743,4.295,3.1401,-0.0130,-0.0024,-10.709,4.295
325.51,77.340,0.1940,-0.0001,-0.0001,0.0039,-0.0211,-0.0130,-0.0024,3.1401,-10.929,4.133,0.1940,0.444201,2.78407,0.00237469,0.1940,-0.0001,-10.750,4.295,3.1401,-0.0130,-0.0024,-10.709,4.295
325.61,77.360,0.1940,-0.0001,-0.0001,0.0039,-0.0211,-0.0130,-0.0024,3.1401,-10.934,4.133,0.1940,0.445706,2.84937,0.00209788,0.1940,-0.0001,-10.756,4.295,3.1401,-0.0130,-0.0024,-10.709,4.295
325.71,77.400,0.1940,-0.0001,-0.0001,0.0039,-0.0211,-0.0130,-0.0024,3.1401,-10.938,4.133,0.1940,0.447213,2.9162,0.00237469,0.1940,-0.0001,-10.762,4.295,3.1401,-0.0130,-0.0024,-10.709,4.295
325.81,77.420,0.1940,-0.0001,-0.0001,0.0039,-0.0211,-0.0130,-0.0024,3.1401,-10.943,4.133,0.1940,0.447213,2.9162,0.00237469,0.1940,-0.0001,-10.762,4.295,3.1401,-0.0130,-0.0024,-10.709,4.295
325.91,77.440,0.1940,-0.0001,-0.0001,0.0039,-0.0211,-0.0130,-0.0024,3.1401,-10.948,4.133,0.1940,0.449222,3.00772,0.00237469,0.1940,-0.0001,-10.770,4.295,3.1401,-0.0130,-0.0024,-10.709,4.295
326.01,77.460,0.1940,-0.0001,-0.0001,0.0039,-0.0211,-0.0130,-0.0024,3.1401,-10.953,4.133,0.1940,0.450726,3.0782,0.00209788,0.1940,-0.0001,-10.775,4.295,3.1401,-0.0130,-0.0024,-10.709,4.295
326.11,77.500,0.1940,-0.0001,-0.0001,0.0039,-0.0211,-0.0130,-0.0024,3.1401,-10.958,4.133,0.1940,0.452234,3.15028,0.00237469,0.1940,-0.0001,-10.781,4.295,3.1401,-0.0130,-0.0024,-10.709,4.295
326.21,77.520,0.1940,-0.0001,-0.0001,0.0039,-0.0211,-0.0130,-0.0024,3.1401,-10.963,4.133,0.1940,0.452234,3.15028,0.00237469,0.1940,-0.0001,-10.781,4.295,3.1401,-0.0130,-0.0024,-10.709,4.295
326.31,77.540,0.1940,-0.0001,-0.0001,0.0039,-0.0211,-0.0130,-0.0024,3.1401,-10.969,4.133,0.1940,0.454242,3.24895,0.00237469,0.1940,-0.0001,-10.789,4.295,3.1401,-0.0130,-0.0024,-10.709,4.295
326.41,77.560,0.1940,-0.0001,-0.0001,0.0039,-0.0211,-0.0130,-0.0024,3.1401,-10.973,4.133,0.1940,0.455746,3.3249,0.00209788,0.1940,-0.0001,-10.795,4.295,3.1401,-0.0130,-0.0024,-10.709,4.295
326.51,77.580,0.1940,-0.0001,-0.0001,0.0039,-0.0211,-0.0130,-0.0024,3.1401,-10.977,4.133,0.1940,0.457254,3.40254,0.00237469,0.1940,-0.0001,-10.801,4.295,3.1401,-0.0130,-0.0024,-10.709,4.295
326.61,77.620,0.1940,-0.0001,-0.0001,0.0039,-0.0211,-0.0130,-0.0024,3.1401,-10.981,4.133,0.1940,0.457254,3.40254,0.00237469,0.1940,-0.0001,-10.801,4.295,3.1401,-0.0130,-0.0024,-10.709,4.295
326.71,77.640,0.1940,-0.0001,-0.0001,0.0039,-0.0211,-0.0130,-0.0024,3.1401,-10.986,4.133,0.1940,0.459263,3.50876,0.00237469,0.1940,-0.0001,-10.808,4.295,3.1401,-0.0130,-0.0024,-10.709,4.295
326.81,77.660,0.1940,-0.0001,-0.0001,0.0039,-0.0211,-0.0130,-0.0024,3.1401,-10.990,4.133,0.1940,0.460767,3.59047,0.00209788,0.1940,-0.0001,-10.814,4.295,3.1401,-0.0130,-0.0024,-10.709,4.295
326.91,77.680,0.1940,-0.0001,-0.0001,0.0039,-0.0211,-0.0130,-0.0024,3.1401,-10.995,4.133,0.1940,0.460767,3.59047,0.00209788,0.1940,-0.0001,-10.814,4.295,3.1401,-0.0130,-0.0024,-10.709,4.295
327.01,77.700,0.1940,-0.0001,-0.0002,0.0039,-0.0211,-0.0130,-0.0024,3.1401,-11.000,4.133,0.1940,0.462275,3.67398,0.00237469,0.1940,-0.0002,-10.820,4.295,3.1401,-0.0130,-0.0024,-10.709,4.295
327.11,77.740,0.1940,-0.0002,-0.0002,0.0039,-0.0211,-0.0130,-0.0024,3.1401,-11.005,4.133,0.1940,0.464283,3.78816,0.00237469,0.1940,-0.0002,-10.828,4.295,3.1401,-0.0130,-0.0024,-10.709,4.295
327.21,77.760,0.1940,-0.0002,-0.0002,0.0039,-0.0211,-0.0130,-0.0024,3.1401,-11.010,4.133,0.1940,0.465787,3.87596,0.00209788,0.1940,-0.0002,-10.834,4.295,3.1401,-0.0130,-0.0024,-10.709,4.295
327.31,77.780,0.1940,-0.0002,-0.0002,0.0039,-0.0211,-0.0130,-0.0024,3.1401,-11.015,4.133,0.1940,0.465787,3.87596,0.00209788,0.1940,-0.0002,-10.834,4.295,3.1401,-0.0130,-0.0024,-10.709,4.295
327.41,77.800,0.1940,-0.0002,-0.0002,0.0039,-0.0210,-0.0130,-0.0024,3.1401,-11.019,4.133,0.1940,0.467295,3.96565,0.00237469,0.1940,-0.0002,-10.840,4.295,3.1401,-0.0130,-0.0024,-10.709,4.295
327.51,77.840,0.1940,-0.0002,-0.0002,0.0039,-0.0211,-0.0130,-0.0024,3.1400,-11.024,4.133,0.1940,0.469304,4.08822,0.00237469,0.1940,-0.0002,-10.847,4.295,3.1400,-0.0130,-0.0024,-10.709,4.295
327.61,77.860,0.1940,-0.0002,-0.0002,0.0039,-0.0211,-0.0130,-0.0024,3.1400,-11.029,4.133,0.1940,0.470808,4.18243,0.00209788,0.1940,-0.0002,-10.853,4.295,3.1400,-0.0130,-0.0024,-10.709,4.295
327.71,77.880,0.1940,-0.0002,-0.0002,0.0039,-0.0211,-0.0130,-0.0024,3.1400,-11.033,4.133,0.1940,0.470808,4.18243,0.00209788,0.1940,-0.0002,-10.853,4.295,3.1400,-0.0130,-0.0024,-10.709,4.295
327.81,77.900,0.1940,-0.0002,-0.0002,0.0039,-0.0211,-0.0130,-0.0024,3.1400,-11.038,4.133,0.1940,0.472316,4.27862,0.00237469,0.1940,-0.0002,-10.859,4.295,3.1400,-0.0130,-0.0024,-10.709,4.295
327.91,77.940,0.1940,-0.0002,-0.0002,0.0039,-0.0211,-0.0130,-0.0024,3.1400,-11.043,4.133,0.1940,0.474324,4.41003,0.00237469,0.1940,-0.0002,-10.867,4.295,3.1400,-0.0130,-0.0024,-10.709,4.295
328.01,77.960,0.1940,-0.0002,-0.0002,0.0039,-0.0211,-0.0130,-0.0024,3.1400,-11.048,4.133,0.1940,0.474324,4.41003,0.00237469,0.1940,-0.0002,-10.867,4.295,3.1400,-0.0130,-0.0024,-10.709,4.295
328.11,77.980,0.1940,-0.0002,-0.0002,0.0039,-0.0211,-0.0130,-0.0024,3.1400,-11.052,4.133,0.1940,0.475829,4.51098,0.00209788,0.1940,-0.0002,-10.872,4.295,3.1400,-0.0130,-0.0024,-10.709,4.295
328.21,78.000,0.1940,-0.0002,-0.0002,0.0039,-0.0211,-0.0130,-0.0024,3.1400,-11.057,4.133,0.1940,0.477337,4.61402,0.00237469,0.1940,-0.0002,-10.878,4.295,3.1400,-0.0130,-0.0024,-10.786,4.228
328.31,78.020,0.1940,-0.0002,-0.0002,0.0039,-0.0211,-0.0130,-0.0024,3.1400,-11.061,4.134,0.1940,0.42845,2.20918,0.00237468,0.1940,-0.0002,-10.876,4.259,3.1400,-0.0130,-0.0024,-10.786,4.228
328.41,78.040,0.1940,-0.0002,-0.0002,0.0039,-0.0211,-0.0130,-0.0024,3.1400,-11.066,4.134,0.1940,0.42845,2.20918,0.00237468,0.1940,-0.0002,-10.876,4.259,3.1400,-0.0130,-0.0024,-10.786,4.228
328.51,78.080,0.1940,-0.0002,-0.0002,0.0039,-0.0211,-0.0130,-0.0024,3.1400,-11.071,4.134,0.1940,0.429955,2.26061,0.00209788,0.1940,-0.0002,-10.882,4.258,3.1400,-0.0130,-0.0024,-10.786,4.228
328.61,78.100,0.1940,-0.0002,-0.0092,-0.0263,-0.0049,-0.0130,-0.0024,3.1399,-11.076,4.134,0.1883,0.431462,2.31333,0.00237468,0.1885,-0.0448,-10.888,4.258,3.1400,-0.0130,-0.0024,-10.786,4.228
328.71,78.120,0.1885,-0.0157,-0.0283,0.1774,-0.9276,-0.0130,-0.0024,3.1393,-11.081,4.134,0.1898,0.43347,2.38564,0.00237468,0.1885,-0.0448,-10.896,4.257,3.1397,-0.0130,-0.0024,-10.786,4.228
328.81,78.160,0.1885,-0.0448,-0.0361,0.1961,-0.1065,-0.0130,-0.0016,3.1384,-11.086,4.134,0.1917,0.43347,2.38564,0.00237468,0.1885,-0.0448,-10.896,4.257,3.1397,-0.0130,-0.0018,-10.786,4.228
328.91,78.180,0.1885,-0.0448,-0.0398,0.1861,0.0634,-0.0130,0.0001,3.1374,-11.091,4.134,0.1929,0.434975,2.44143,0.00209788,0.1885,-0.0448,-10.901,4.257,3.1387,-0.0130,0.0001,-10.786,4.228
329.01,78.200,0.1885,-0.0448,-0.0428,0.1895,0.0448,-0.0130,0.0025,3.1364,-11.096,4.134,0.1937,0.436483,2.49858,0.00237469,0.1884,-0.0453,-10.907,4.257,3.1376,-0.0130,0.0020,-10.786,4.228
329.11,78.240,0.1884,-0.0453,-0.0453,0.7116,0.0851,-0.0130,0.0064,3.1350,-11.101,4.134,0.1953,0.438491,2.57692,0.00237469,0.1884,-0.0453,-10.914,4.256,3.1357,-0.0130,0.0060,-10.786,4.228
329.21,78.260,0.1884,-0.0453,-0.0512,0.0678,-0.0524,-0.0130,0.0114,3.1336,-11.107,4.134,0.1960,0.439995,2.63733,0.00209788,0.1884,-0.0453,-10.920,4.256,3.1342,-0.0130,0.0095,-10.786,4.228
329.31,78.280,0.1884,-0.0453,-0.0304,-0.0333,0.1983,-0.0118,0.0153,3.1326,-11.112,4.135,0.1913,0.439995,2.63733,0.00209788,0.1884,-0.0453,-10.920,4.256,3.1342,-0.0118,0.0148,-10.786,4.228
329.41,78.320,0.1889,-0.0410,-0.0467,-0.6639,-0.0277,-0.0118,0.0157,3.1313,-11.117,4.134,0.1867,0.441504,2.69918,0.00237469,0.1889,-0.0410,-10.926,4.255,3.1329,-0.0118,0.0158,-10.786,4.228
329.51,78.340,0.1889,-0.0410,-0.0272,-0.0114,0.0602,-0.0124,0.0137,3.1303,-11.122,4.134,0.1816,0.443513,2.78392,0.00237469,0.1889,-0.0410,-10.933,4.255,3.1311,-0.0123,0.0139,-10.786,4.228
329.61,78.380,0.1889,-0.0410,-0.0373,0.7348,-0.4184,-0.0130,0.0123,3.1295,-11.128,4.134,0.1870,0.445018,2.84921,0.00209788,0.1889,-0.0410,-10.939,4.254,3.1301,-0.0130,0.0123,-10.786,4.228
329.71,78.400,0.1889,-0.0410,-0.0420,-0.0100,0.1022,-0.0127,0.0130,3.1284,-11.133,4.135,0.1935,0.446527,2.91603,0.00237469,0.1921,-0.0154,-10.945,4.254,3.1291,-0.0128,0.0128,-10.786,4.228
329.81,78.420,0.1921,-0.0255,-0.0153,-0.0271,-0.0204,-0.0123,0.0138,3.1279,-11.137,4.135,0.1933,0.448537,3.00753,0.00237469,0.1921,-0.0154,-10.952,4.253,3.1279,-0.0123,0.0137,-10.786,4.228
329.91,78.460,0.1921,-0.0154,-0.0153,-0.0281,-0.0199,-0.0118,0.0146,3.1274,-11.143,4.135,0.1933,0.448537,3.00753,0.00237469,0.1921,-0.0154,-10.952,4.253,3.1279,-0.0118,0.0146,-10.786,4.228
330.01,78.480,0.1921,-0.0154,-0.0121,-0.0031,0.1044,-0.0118,0.0145,3.1270,-11.148,4.135,0.1905,0.450043,3.078,0.00209788,0.1921,-0.0154,-10.958,4.253,3.1274,-0.0118,0.0147,-10.786,4.228
330.11,78.500,0.1921,-0.0154,-0.0125,-0.0259,-0.0202,-0.0121,0.0141,3.1267,-11.153,4.135,0.1911,0.451553,3.15008,0.00237469,0.1924,-0.0126,-10.964,4.253,3.1269,-0.0120,0.0142,-10.786,4.228
330.21,78.540,0.1924,-0.0126,-0.0125,-0.0216,-0.0225,-0.0123,0.0136,3.1263,-11.159,4.135,0.1911,0.453564,3.24872,0.00237469,0.1924,-0.0126,-10.971,4.252,3.1264,-0.0123,0.0136,-10.786,4.228
330.31,78.560,0.1924,-0.0126,-0.0125,-0.0212,-0.0227,-0.0125,0.0131,3.1260,-11.164,4.135,0.1911,0.455071,3.32466,0.00209788,0.1924,-0.0126,-10.977,4.252,3.1261,-0.0125,0.0133,-10.786,4.228
330.41,78.580,0.1924,-0.0126,-0.0125,-0.0206,-0.0230,-0.0128,0.0126,3.1257,-11.169,4.135,0.1911,0.455071,3.32466,0.00209788,0.1924,-0.0126,-10.977,4.252,3.1261,-0.0127,0.0128,-10.786,4.228
330.51,78.620,0.1925,-0.0120,-0.0106,0.7717,-0.2481,-0.0129,0.0124,3.1253,-11.174,4.135,0.1929,0.456582,3.40229,0.00237469,0.1925,-0.0120,-10.983,4.252,3.1257,-0.0130,0.0123,-10.786,4.228
330.61,78.640,0.1925,-0.0120,-0.0119,-0.0241,-0.0210,-0.0128,0.0126,3.1250,-11.180,4.135,0.1927,0.458596,3.50848,0.00237469,0.1925,-0.0120,-10.991,4.251,3.1253,-0.0128,0.0126,-10.786,4.228
330.71,78.660,0.1925,-0.0120,-0.0119,-0.0243,-0.0209,-0.0126,0.0129,3.1247,-11.185,4.135,0.1927,0.460104,3.59018,0.00209788,0.1925,-0.0120,-10.997,4.251,3.1249,-0.0127,0.0128,-10.786,4.228
330.81,78.700,0.1925,-0.0120,-0.0119,-0.0246,-0.0207,-0.0125,0.0131,3.1244,-11.189,4.135,0.1927,0.461617,3.67367,0.00237469,0.1926,-0.0115,-11.002,4.250,3.1246,-0.0125,0.0131,-10.786,4.228
330.91,78.720,0.1926,-0.0115,-0.0114,-0.0248,-0.0205,-0.0124,0.0133,3.1241,-11.194,4.135,0.1927,0.461617,3.67367,0.00237469,0.1926,-0.0115,-11.002,4.250,3.1246,-0.0124,0.0132,-10.786,4.228
331.01,78.740,0.1926,-0.0115,-0.0114,-0.0251,-0.0204,-0.0123,0.0135,3.1238,-11.199,4.135,0.1927,0.463633,3.78782,0.00237469,0.1926,-0.0115,-11.010,4.250,3.1241,-0.0123,0.0134,-10.786,4.228
331.11,78.760,0.1926,-0.0115,-0.0114,-0.0252,-0.0203,-0.0122,0.0136,3.1235,-11.204,4.135,0.1926,0.465143,3.8756,0.00209788,0.1926,-0.0115,-11.016,4.249,3.1237,-0.0122,0.0136,-10.786,4.228
331.21,78.800,0.1926,-0.0115,-0.0115,-0.0263,-0.0197,-0.0121,0.0138,3.1232,-11.209,4.135,0.1927,0.466658,3.96527,0.00237469,0.1926,-0.0111,-11.022,4.249,3.1234,-0.0121,0.0138,-10.786,4.228
331.31,78.820,0.1926,-0.0111,-0.0111,-0.0264,-0.0195,-0.0120,0.0140,3.1229,-11.214,4.135,0.1926,0.466658,3.96527,0.00237469,0.1926,-0.0111,-11.022,4.249,3.1234,-0.0120,0.0140,-10.786,4.228
331.41,78.860,0.1926,-0.0111,-0.0111,-0.0266,-0.0194,-0.0119,0.0141,3.1226,-11.220,4.135,0.1926,0.468676,4.08781,0.00237469,0.1926,-0.0111,-11.029,4.249,3.1229,-0.0119,0.0141,-10.786,4.228
331.51,78.880,0.1926,-0.0111,-0.0111,-0.0267,-0.0193,-0.0118,0.0142,3.1223,-11.225,4.135,0.1925,0.470189,4.18199,0.00209788,0.1926,-0.0111,-11.035,4.248,3.1226,-0.0118,0.0142,-10.786,4.228
331.61,78.900,0.1926,-0.0111,-0.0107,-0.0269,-0.0191,-0.0117,0.0143,3.1220,-11.230,4.135,0.1925,0.471706,4.27816,0.00237469,0.1927,-0.0108,-11.041,4.248,3.1223,-0.0117,0.0143,-10.786,4.228
331.71,78.940,0.1927,-0.0108,-0.0107,-0.0259,-0.0196,-0.0117,0.0143,3.1217,-11.235,4.135,0.1923,0.473727,4.40952,0.00237469,0.1927,-0.0108,-11.049,4.247,3.1218,-0.0117,0.0143,-10.786,4.228
331.81,78.960,0.1927,-0.0108,-0.0107,-0.0259,-0.0196,-0.0117,0.0143,3.1214,-11.241,4.136,0.1923,0.475243,4.51045,0.00209788,0.1927,-0.0108,-11.054,4.247,3.1215,-0.0117,0.0143,-10.786,4.228
331.91,78.980,0.1927,-0.0108,-0.0107,-0.0258,-0.0196,-0.0118,0.0142,3.1212,-11.246,4.136,0.1922,0.475243,4.51045,0.00209788,0.1927,-0.0108,-11.054,4.247,3.1215,-0.0118,0.0142,-10.786,4.228
332.01,79.000,0.1927,-0.0108,-0.0105,-0.0258,-0.0196,-0.0118,0.0141,3.1209,-11.250,4.136,0.1923,0.476763,4.61346,0.00237469,0.1927,-0.0106,-11.060,4.247,3.1212,-0.0118,0.0142,-10.977,4.231
332.11,79.040,0.1927,-0.0106,-0.0105,-0.0257,-0.0196,-0.0118,0.0141,3.1206,-11.255,4.136,0.1922,0.427957,2.20902,0.00237468,0.1927,-0.0106,-11.059,4.238,3.1208,-0.0118,0.0141,-10.977,4.231
332.21,79.060,0.1927,-0.0106,-0.0105,-0.0255,-0.0196,-0.0118,0.0140,3.1203,-11.261,4.136,0.1922,0.429469,2.26044,0.00209788,0.1927,-0.0106,-11.065,4.237,3.1205,-0.0118,0.0140,-10.977,4.231
332.31,79.100,0.1927,-0.0106,-0.0105,-0.0254,-0.0197,-0.0119,0.0139,3.1200,-11.266,4.136,0.1917,0.430984,2.31314,0.00237468,0.1919,-0.0173,-11.071,4.237,3.1202,-0.0119,0.0139,-10.977,4.231
332.41,79.120,0.1919,-0.0173,-0.0172,-0.0257,-0.0207,-0.0119,0.0139,3.1196,-11.271,4.136,0.1914,0.430984,2.31314,0.00237468,0.1919,-0.0173,-11.071,4.237,3.1202,-0.0119,0.0139,-10.977,4.231
332.51,79.140,0.1919,-0.0173,-0.0172,-0.0257,-0.0207,-0.0119,0.0138,3.1191,-11.276,4.136,0.1913,0.433004,2.38543,0.00237468,0.1919,-0.0173,-11.078,4.236,3.1196,-0.0119,0.0138,-10.977,4.231
332.61,79.180,0.1919,-0.0173,-0.0173,-0.0257,-0.0207,-0.0119,0.0138,3.1186,-11.282,4.136,0.1913,0.434517,2.4412,0.00209788,0.1919,-0.0173,-11.084,4.236,3.1191,-0.0119,0.0138,-10.977,4.231
332.71,79.200,0.1919,-0.0173,-0.0170,-0.0256,-0.0207,-0.0119,0.0137,3.1181,-11.287,4.136,0.1913,0.436036,2.49833,0.00237469,0.1919,-0.0170,-11.090,4.235,3.1185,-0.0119,0.0137,-10.977,4.231
332.81,79.240,0.1919,-0.0170,-0.0170,-0.0255,-0.0207,-0.0119,0.0137,3.1177,-11.292,4.136,0.1913,0.438059,2.57665,0.00237469,0.1919,-0.0170,-11.098,4.235,3.1179,-0.0119,0.0137,-10.977,4.231
332.91,79.260,0.1919,-0.0170,-0.0170,-0.0254,-0.0207,-0.0119,0.0136,3.1172,-11.298,4.136,0.1912,0.439576,2.63704,0.00209788,0.1919,-0.0170,-11.103,4.234,3.1173,-0.0119,0.0136,-10.977,4.231
333.01,79.280,0.1919,-0.0170,-0.0170,-0.0253,-0.0208,-0.0120,0.0135,3.1168,-11.303,4.136,0.1912,0.439576,2.63704,0.00209788,0.1919,-0.0170,-11.103,4.234,3.1173,-0.0120,0.0135,-10.977,4.231
333.11,79.320,0.1920,-0.0163,-0.0162,-0.0251,-0.0207,-0.0120,0.0134,3.1163,-11.308,4.136,0.1913,0.441097,2.69886,0.00237469,0.1920,-0.0163,-11.109,4.234,3.1168,-0.0120,0.0134,-10.977,4.231
333.21,79.340,0.1920,-0.0163,-0.0162,-0.0250,-0.0207,-0.0121,0.0132,3.1159,-11.313,4.136,0.1912,0.443125,2.78357,0.00237469,0.1920,-0.0163,-11.117,4.233,3.1162,-0.0121,0.0133,-10.977,4.231
333.31,79.360,0.1920,-0.0163,-0.0162,-0.0248,-0.0208,-0.0121,0.0131,3.1155,-11.317,4.136,0.1912,0.444645,2.84885,0.00209788,0.1920,-0.0163,-11.123,4.233,3.1157,-0.0121,0.0131,-10.977,4.231
333.41,79.380,0.1920,-0.0163,-0.0163,-0.0246,-0.0209,-0.0122,0.0129,3.1151,-11.322,4.136,0.1912,0.444645,2.84885,0.00209788,0.1920,-0.0163,-11.123,4.233,3.1157,-0.0122,0.0130,-10.977,4.231
333.51,79.400,0.1920,-0.0163,-0.0157,-0.0244,-0.0208,-0.0123,0.0128,3.1148,-11.326,4.137,0.1912,0.44617,2.91564,0.00237469,0.1921,-0.0157,-11.128,4.232,3.1152,-0.0123,0.0128,-10.977,4.231
333.61,79.420,0.1921,-0.0157,-0.0157,-0.0243,-0.0209,-0.0124,0.0126,3.1145,-11.330,4.137,0.1912,0.448203,3.00711,0.00237469,0.1921,-0.0157,-11.136,4.231,3.1146,-0.0123,0.0127,-10.977,4.231
333.71,79.460,0.1921,-0.0157,-0.0157,-0.0240,-0.0210,-0.0125,0.0124,3.1141,-11.335,4.137,0.1912,0.448203,3.00711,0.00237469,0.1921,-0.0157,-11.136,4.231,3.1146,-0.0125,0.0124,-10.977,4.231
333.81,79.480,0.1921,-0.0157,-0.0157,-0.0238,-0.0211,-0.0126,0.0122,3.1137,-11.339,4.137,0.1911,0.449728,3.07755,0.00209788,0.1921,-0.0157,-11.142,4.231,3.1141,-0.0125,0.0123,-10.977,4.231
333.91,79.500,0.1921,-0.0157,-0.0157,-0.0235,-0.0212,-0.0127,0.0120,3.1134,-11.344,4.137,0.1911,0.451258,3.1496,0.00237469,0.1921,-0.0152,-11.148,4.231,3.1136,-0.0126,0.0121,-10.977,4.231
334.01,79.520,0.1921,-0.0152,-0.0152,-0.0232,-0.0213,-0.0128,0.0117,3.1130,-11.348,4.137,0.1911,0.453297,3.24821,0.00237469,0.1921,-0.0152,-11.155,4.230,3.1130,-0.0128,0.0118,-10.977,4.231
334.11,79.540,0.1921,-0.0152,-0.0152,-0.0229,-0.0214,-0.0129,0.0115,3.1127,-11.352,4.137,0.1911,0.453297,3.24821,0.00237469,0.1921,-0.0152,-11.155,4.230,3.1130,-0.0129,0.0116,-10.977,4.231
334.21,79.560,0.1921,-0.0152,-0.0106,-0.0176,-0.2303,-0.0130,0.0114,3.1124,-11.357,4.137,0.1897,0.454827,3.32411,0.00209788,0.1921,-0.0152,-11.161,4.229,3.1126,-0.0130,0.0114,-10.977,4.231
334.31,79.600,0.1921,-0.0152,-0.0055,0.0077,0.0336,-0.0129,0.0114,3.1123,-11.361,4.137,0.1904,0.456362,3.40171,0.00237469,0.1922,-0.0149,-11.167,4.229,3.1123,-0.0129,0.0114,-10.977,4.231
334.41,79.620,0.1922,-0.0149,-0.0090,0.0074,0.0332,-0.0128,0.0116,3.1121,-11.366,4.137,0.1912,0.456362,3.40171,0.00237469,0.1922,-0.0149,-11.167,4.229,3.1123,-0.0128,0.0116,-10.977,4.231
334.51,79.640,0.1922,-0.0149,-0.0062,-0.0114,0.0494,-0.0126,0.0115,3.1119,-11.371,4.137,0.1934,0.458408,3.50786,0.00237469,0.1922,-0.0149,-11.175,4.228,3.1120,-0.0127,0.0116,-10.977,4.231
334.61,79.660,0.1922,-0.0149,-0.0115,-0.1256,-0.0835,-0.0120,0.0112,3.1117,-11.376,4.138,0.1909,0.459943,3.58952,0.00209788,0.1922,-0.0149,-11.180,4.228,3.1118,-0.0122,0.0112,-10.977,4.231
334.71,79.700,0.1922,-0.0149,-0.0149,-0.6569,-0.0217,-0.0117,0.0099,3.1113,-11.381,4.138,0.1868,0.461483,3.67298,0.00237469,0.1921,-0.0158,-11.186,4.227,3.1115,-0.0117,0.0100,-10.977,4.231
334.81,79.720,0.1921,-0.0158,-0.0124,-0.0124,0.1791,-0.0118,0.0066,3.1110,-11.385,4.138,0.1801,0.461483,3.67298,0.00237469,0.1921,-0.0158,-11.186,4.227,3.1115,-0.0117,0.0073,-10.977,4.231
334.91,79.740,0.1921,-0.0158,-0.0255,0.0111,-0.0493,-0.0118,0.0029,3.1105,-11.389,4.138,0.1810,0.463537,3.78708,0.00237469,0.1921,-0.0158,-11.194,4.227,3.1109,-0.0118,0.0029,-10.977,4.231
335.01,79.760,0.1921,-0.0158,-0.0166,0.0222,0.0121,-0.0117,-0.0013,3.1101,-11.394,4.138,0.1816,0.465079,3.87482,0.00209788,0.1921,-0.0158,-11.200,4.226,3.1103,-0.0117,-0.0004,-10.977,4.231
335.11,79.780,0.1921,-0.0158,-0.0158,0.6519,-0.0219,-0.0117,-0.0044,3.1097,-11.398,4.138,0.1911,0.466626,3.96445,0.00237469,0.1921,-0.0158,-11.205,4.226,3.1098,-0.0117,-0.0041,-10.977,4.231
335.21,79.820,0.1921,-0.0156,-0.0156,0.6497,-0.0221,-0.0117,-0.0038,3.1093,-11.404,4.138,0.1933,0.466626,3.96445,0.00237469,0.1921,-0.0156,-11.205,4.226,3.1098,-0.0117,-0.0041,-10.977,4.231
335.31,79.840,0.1921,-0.0156,-0.0130,-0.0001,-0.0006,-0.0117,-0.0038,3.1090,-11.408,4.138,0.1920,0.46869,4.08693,0.00237469,0.1921,-0.0156,-11.213,4.225,3.1092,-0.0117,-0.0038,-10.977,4.231
335.41,79.860,0.1921,-0.0156,-0.0130,0.0067,-0.0215,-0.0117,-0.0039,3.1087,-11.413,4.139,0.1920,0.470239,4.18106,0.00209788,0.1921,-0.0156,-11.219,4.225,3.1088,-0.0117,-0.0039,-10.977,4.231
335.51,79.900,0.1921,-0.0156,-0.0130,0.0066,-0.0215,-0.0117,-0.0039,3.1083,-11.418,4.139,0.1920,0.471794,4.27719,0.00237469,0.1921,-0.0155,-11.225,4.224,3.1084,-0.0117,-0.0039,-10.977,4.231
335.61,79.920,0.1921,-0.0155,-0.0129,0.0066,-0.0214,-0.0117,-0.0039,3.1080,-11.423,4.139,0.1920,0.471794,4.27719,0.00237469,0.1921,-0.0155,-11.225,4.224,3.1084,-0.0117,-0.0039,-10.977,4.231
335.71,79.940,0.1921,-0.0155,-0.0129,0.0065,-0.0214,-0.0117,-0.0039,3.1077,-11.427,4.139,0.1920,0.473869,4.40849,0.00237469,0.1921,-0.0155,-11.232,4.224,3.1079,-0.0117,-0.0039,-10.977,4.231
335.81,79.960,0.1921,-0.0155,-0.0129,0.0065,-0.0214,-0.0117,-0.0039,3.1074,-11.431,4.139,0.1920,0.475426,4.50936,0.00209788,0.1921,-0.0155,-11.238,4.223,3.1075,-0.0117,-0.0039,-10.977,4.231
335.91,79.980,0.1921,-0.0155,-0.0129,0.0065,-0.0214,-0.0117,-0.0039,3.1072,-11.435,4.139,0.1920,0.475426,4.50936,0.00209788,0.1921,-0.0155,-11.238,4.223,3.1075,-0.0117,-0.0039,-10.977,4.231
336.01,80.000,0.1921,-0.0155,-0.0131,0.0064,-0.0215,-0.0117,-0.0039,3.1069,-11.439,4.139,0.1920,0.47699,4.61231,0.00237469,0.1921,-0.0157,-11.244,4.223,3.1072,-0.0117,-0.0039,-11.169,4.236
336.11,80.020,0.1921,-0.0157,-0.0131,0.0064,-0.0215,-0.0117,-0.0039,3.1066,-11.443,4.139,0.1920,0.47699,4.61231,0.00237469,0.1921,-0.0157,-11.244,4.223,3.1072,-0.0117,-0.0039,-11.169,4.236
336.21,80.040,0.1921,-0.0157,-0.0131,0.0064,-0.0215,-0.0117,-0.0039,3.1064,-11.447,4.139,0.1920,0.427905,2.2086,0.00237468,0.1921,-0.0157,-11.244,4.230,3.1066,-0.0117,-0.0039,-11.169,4.236
336.31,80.060,0.1921,-0.0157,-0.0131,0.0064,-0.0215,-0.0117,-0.0039,3.1061,-11.451,4.140,0.1920,0.429443,2.25999,0.00209788,0.1921,-0.0157,-11.249,4.229,3.1063,-0.0117,-0.0039,-11.169,4.236
336.41,80.080,0.1921,-0.0157,-0.0131,0.0064,-0.0214,-0.0117,-0.0039,3.1058,-11.456,4.140,0.1920,0.429443,2.25999,0.00209788,0.1921,-0.0157,-11.249,4.229,3.1063,-0.0117,-0.0039,-11.169,4.236
336.51,80.100,0.1921,-0.0157,-0.0072,0.0064,-0.0203,-0.0117,-0.0039,3.1056,-11.460,4.140,0.1929,0.430985,2.31266,0.00237468,0.1929,-0.0087,-11.255,4.229,3.1059,-0.0117,-0.0039,-11.169,4.236
336.61,80.140,0.1929,-0.0087,-0.0072,0.0064,-0.0203,-0.0117,-0.0039,3.1054,-11.464,4.140,0.1929,0.433043,2.38492,0.00237468,0.1929,-0.0087,-11.263,4.228,3.1055,-0.0117,-0.0039,-11.169,4.236
336.71,80.160,0.1929,-0.0087,-0.0072,0.0064,-0.0203,-0.0117,-0.0039,3.1053,-11.468,4.140,0.1929,0.433043,2.38492,0.00237468,0.1929,-0.0087,-11.263,4.228,3.1055,-0.0117,-0.0039,-11.169,4.236
336.81,80.180,0.1929,-0.0087,-0.0081,-0.0005,-0.0002,-0.0117,-0.0039,3.1051,-11.473,4.140,0.1926,0.434587,2.44066,0.00209788,0.1929,-0.0087,-11.269,4.228,3.1053,-0.0117,-0.0039,-11.169,4.236
336.91,80.200,0.1929,-0.0087,-0.0081,0.0064,-0.0205,-0.0117,-0.0039,3.1049,-11.477,4.140,0.1926,0.436136,2.49775,0.00237469,0.1929,-0.0091,-11.275,4.228,3.1050,-0.0117,-0.0039,-11.169,4.236
337.01,80.220,0.1929,-0.0091,-0.0085,0.0064,-0.0205,-0.0117,-0.0039,3.1047,-11.482,4.141,0.1926,0.436136,2.49775,0.00237469,0.1929,-0.0091,-11.275,4.228,3.1050,-0.0117,-0.0039,-11.169,4.236
337.11,80.240,0.1929,-0.0091,-0.0085,0.0064,-0.0205,-0.0117,-0.0039,3.1045,-11.486,4.141,0.1926,0.438203,2.57603,0.00237469,0.1929,-0.0091,-11.282,4.227,3.1047,-0.0117,-0.0039,-11.169,4.236
337.21,80.280,0.1929,-0.0091,-0.0085,0.0064,-0.0205,-0.0117,-0.0039,3.1043,-11.491,4.141,0.1926,0.439753,2.63639,0.00209788,0.1929,-0.0091,-11.288,4.227,3.1045,-0.0117,-0.0039,-11.169,4.236
337.31,80.300,0.1929,-0.0091,-0.0085,0.0064,-0.0205,-0.0117,-0.0039,3.1041,-11.495,4.141,0.1924,0.441309,2.69818,0.00237469,0.1928,-0.0099,-11.294,4.226,3.1042,-0.0117,-0.0039,-11.169,4.236
337.41,80.320,0.1928,-0.0099,-0.0092,0.0064,-0.0207,-0.0117,-0.0039,3.1039,-11.500,4.141,0.1924,0.441309,2.69818,0.00237469,0.1928,-0.0099,-11.294,4.226,3.1042,-0.0117,-0.0039,-11.169,4.236
337.51,80.340,0.1928,-0.0099,-0.0092,0.0064,-0.0207,-0.0117,-0.0039,3.1037,-11.505,4.141,0.1924,0.443385,2.78284,0.00237469,0.1928,-0.0099,-11.302,4.226,3.1039,-0.0117,-0.0039,-11.169,4.236
337.61,80.360,0.1928,-0.0099,-0.0092,0.0064,-0.0207,-0.0117,-0.0039,3.1034,-11.510,4.141,0.1924,0.444943,2.84808,0.00209788,0.1928,-0.0099,-11.307,4.225,3.1036,-0.0117,-0.0039,-11.169,4.236
337.71,80.400,0.1928,-0.0099,-0.0092,0.0064,-0.0207,-0.0117,-0.0040,3.1032,-11.515,4.142,0.1923,0.446507,2.91484,0.00237469,0.1927,-0.0106,-11.313,4.225,3.1033,-0.0117,-0.0040,-11.169,4.236
337.81,80.420,0.1927,-0.0106,-0.0099,0.0064,-0.0208,-0.0117,-0.0040,3.1029,-11.520,4.142,0.1923,0.446507,2.91484,0.00237469,0.1927,-0.0106,-11.313,4.225,3.1033,-0.0117,-0.0040,-11.169,4.236
337.91,80.440,0.1927,-0.0106,-0.0099,0.0064,-0.0208,-0.0117,-0.0040,3.1026,-11.525,4.142,0.1923,0.448594,3.00625,0.00237469,0.1927,-0.0106,-11.321,4.225,3.1029,-0.0117,-0.0040,-11.169,4.236
338.01,80.480,0.1927,-0.0106,-0.0099,0.0064,-0.0208,-0.0117,-0.0040,3.1023,-11.531,4.142,0.1923,0.450161,3.07665,0.00209788,0.1927,-0.0106,-11.327,4.224,3.1026,-0.0117,-0.0040,-11.169,4.236
338.11,80.500,0.1927,-0.0106,-0.0105,0.0064,-0.0209,-0.0117,-0.0040,3.1020,-11.537,4.142,0.1922,0.451734,3.14866,0.00237469,0.1926,-0.0113,-11.333,4.224,3.1023,-0.0117,-0.0040,-11.169,4.236
338.21,80.540,0.1926,-0.0113,-0.0105,0.0064,-0.0209,-0.0117,-0.0040,3.1017,-11.542,4.143,0.1922,0.453833,3.24722,0.00237469,0.1926,-0.0113,-11.340,4.223,3.1019,-0.0117,-0.0040,-11.169,4.236
338.31,80.560,0.1926,-0.0113,-0.0105,0.0064,-0.0209,-0.0117,-0.0040,3.1014,-11.547,4.143,0.1922,0.455409,3.32307,0.00209788,0.1926,-0.0113,-11.346,4.223,3.1016,-0.0117,-0.0040,-11.169,4.236
338.41,80.600,0.1926,-0.0113,-0.0104,0.0064,-0.0209,-0.0116,-0.0040,3.1012,-11.553,4.143,0.1921,0.456992,3.40063,0.00237469,0.1925,-0.0119,-11.352,4.222,3.1013,-0.0116,-0.0040,-11.169,4.236
338.51,80.620,0.1925,-0.0119,-0.0110,0.0064,-0.0210,-0.0116,-0.0040,3.1009,-11.558,4.143,0.1921,0.456992,3.40063,0.00237469,0.1925,-0.0119,-11.352,4.222,3.1013,-0.0116,-0.0040,-11.169,4.236
338.61,80.640,0.1925,-0.0119,-0.0110,0.0064,-0.0211,-0.0116,-0.0040,3.1006,-11.563,4.143,0.1921,0.459105,3.50672,0.00237469,0.1925,-0.0119,-11.360,4.222,3.1008,-0.0116,-0.0040,-11.169,4.236
338.71,80.680,0.1925,-0.0119,-0.0110,0.0063,-0.0210,-0.0116,-0.0040,3.1003,-11.568,4.143,0.1921,0.460692,3.58833,0.00209788,0.1925,-0.0119,-11.365,4.221,3.1005,-0.0116,-0.0040,-11.169,4.236
338.81,80.700,0.1925,-0.0119,-0.0110,0.0063,-0.0209,-0.0116,-0.0040,3.1000,-11.573,4.144,0.1920,0.462286,3.67174,0.00237469,0.1925,-0.0125,-11.371,4.221,3.1002,-0.0116,-0.0040,-11.169,4.236
338.91,80.720,0.1925,-0.0125,-0.0047,-0.0500,-0.0388,-0.0116,-0.0040,3.0998,-11.578,4.144,0.1916,0.462286,3.67174,0.00237469,0.1925,-0.0125,-11.371,4.221,3.1002,-0.0116,-0.0040,-11.169,4.236
339.01,80.740,0.1925,-0.0125,-0.0045,0.0065,-0.0197,-0.0116,-0.0040,3.0997,-11.582,4.144,0.1914,0.464414,3.78577,0.00237469,0.1925,-0.0125,-11.379,4.221,3.0998,-0.0116,-0.0040,-11.169,4.236
339.11,80.780,0.1925,-0.0125,-0.0103,-0.0006,-0.0002,-0.0116,-0.0040,3.0994,-11.588,4.144,0.1919,0.466013,3.87346,0.00209788,0.1925,-0.0125,-11.385,4.220,3.0996,-0.0116,-0.0040,-11.169,4.236
339.21,80.800,0.1925,-0.0125,-0.0111,-0.0007,-0.0002,-0.0116,-0.0040,3.0991,-11.593,4.144,0.1916,0.467619,3.96303,0.00237469,0.1923,-0.0134,-11.391,4.220,3.0993,-0.0116,-0.0040,-11.169,4.236
339.31,80.820,0.1923,-0.0134,-0.0111,0.0065,-0.0210,-0.0116,-0.0040,3.0988,-11.598,4.145,0.1916,0.469764,4.08543,0.00237469,0.1923,-0.0134,-11.398,4.219,3.0989,-0.0116,-0.0040,-11.169,4.236
339.41,80.860,0.1923,-0.0134,-0.0111,0.0065,-0.0210,-0.0116,-0.0040,3.0985,-11.604,4.145,0.1916,0.471376,4.17951,0.00209788,0.1923,-0.0134,-11.404,4.219,3.0986,-0.0116,-0.0040,-11.169,4.236
339.51,80.880,0.1923,-0.0134,-0.0111,0.0065,-0.0210,-0.0116,-0.0040,3.0982,-11.609,4.145,0.1916,0.471376,4.17951,0.00209788,0.1923,-0.0134,-11.404,4.219,3.0986,-0.0116,-0.0040,-11.169,4.236
339.61,80.920,0.1923,-0.0142,-0.0117,0.0065,-0.0211,-0.0116,-0.0040,3.0978,-11.614,4.145,0.1915,0.472995,4.27558,0.00237469,0.1923,-0.0142,-11.410,4.218,3.0982,-0.0116,-0.0040,-11.169,4.236
339.71,80.940,0.1923,-0.0142,-0.0117,0.0065,-0.0211,-0.0116,-0.0040,3.0975,-11.620,4.145,0.1915,0.475159,4.4068,0.00237469,0.1923,-0.0142,-11.418,4.218,3.0978,-0.0116,-0.0040,-11.169,4.236
339.81,80.980,0.1923,-0.0142,-0.0117,0.0065,-0.0211,-0.0116,-0.0040,3.0972,-11.626,4.146,0.1915,0.476786,4.5076,0.00209788,0.1923,-0.0142,-11.423,4.217,3.0974,-0.0116,-0.0040,-11.169,4.236
339.91,81.000,0.1923,-0.0142,-0.0123,0.0065,-0.0212,-0.0116,-0.0040,3.0968,-11.631,4.146,0.1913,0.478421,4.6105,0.00237469,0.1922,-0.0148,-11.429,4.217,3.0971,-0.0116,-0.0040,-11.362,4.243
340.01,81.020,0.1922,-0.0148,-0.0123,0.0065,-0.0212,-0.0116,-0.0040,3.0965,-11.637,4.146,0.1913,0.428451,2.20783,0.00237468,0.1922,-0.0148,-11.429,4.232,3.0966,-0.0116,-0.0040,-11.362,4.243
340.11,81.060,0.1922,-0.0148,-0.0123,0.0065,-0.0212,-0.0116,-0.0040,3.0961,-11.642,4.146,0.1913,0.430028,2.25919,0.00209788,0.1922,-0.0148,-11.435,4.231,3.0962,-0.0116,-0.0040,-11.362,4.243
340.21,81.080,0.1922,-0.0148,-0.0122,0.0066,-0.0212,-0.0116,-0.0040,3.0958,-11.647,4.146,0.1913,0.430028,2.25919,0.00209788,0.1922,-0.0148,-11.435,4.231,3.0962,-0.0116,-0.0040,-11.362,4.243
340.31,81.120,0.1939,-0.0006,0.0005,0.0065,-0.0187,-0.0116,-0.0040,3.0956,-11.653,4.147,0.1939,0.431612,2.31182,0.00237468,0.1939,0.0006,-11.441,4.231,3.0958,-0.0116,-0.0040,-11.362,4.243
340.41,81.140,0.1939,0.0006,0.0005,0.0065,-0.0187,-0.0116,-0.0040,3.0956,-11.658,4.147,0.1939,0.433727,2.38402,0.00237468,0.1939,0.0006,-11.449,4.231,3.0956,-0.0116,-0.0040,-11.362,4.243
340.51,81.180,0.1939,0.0006,0.0005,0.0065,-0.0187,-0.0116,-0.0040,3.0957,-11.664,4.147,0.1939,0.435315,2.43973,0.00209788,0.1939,0.0006,-11.455,4.231,3.0956,-0.0116,-0.0040,-11.362,4.243
340.61,81.200,0.1939,0.0006,0.0005,0.0065,-0.0187,-0.0116,-0.0040,3.0957,-11.669,4.147,0.1940,0.436908,2.49679,0.00237469,0.1940,-0.0002,-11.460,4.230,3.0956,-0.0116,-0.0040,-11.362,4.243
340.71,81.220,0.1940,-0.0002,-0.0002,0.0065,-0.0189,-0.0116,-0.0040,3.0957,-11.675,4.148,0.1940,0.439036,2.57501,0.00237469,0.1940,-0.0002,-11.468,4.230,3.0957,-0.0116,-0.0040,-11.362,4.243
340.81,81.260,0.1940,-0.0002,-0.0002,0.0065,-0.0189,-0.0116,-0.0040,3.0957,-11.680,4.148,0.1940,0.439036,2.57501,0.00237469,0.1940,-0.0002,-11.468,4.230,3.0957,-0.0116,-0.0040,-11.362,4.243
340.91,81.280,0.1940,-0.0002,-0.0002,0.0065,-0.0189,-0.0116,-0.0040,3.0957,-11.686,4.148,0.1940,0.440633,2.63533,0.00209788,0.1940,-0.0002,-11.474,4.230,3.0957,-0.0116,-0.0040,-11.362,4.243
341.01,81.320,0.1937,-0.0026,-0.0022,0.0065,-0.0193,-0.0116,-0.0040,3.0956,-11.691,4.148,0.1935,0.442236,2.69708,0.00237469,0.1937,-0.0026,-11.480,4.230,3.0956,-0.0116,-0.0040,-11.362,4.243
341.11,81.340,0.1937,-0.0026,-0.0022,0.0065,-0.0193,-0.0116,-0.0040,3.0955,-11.697,4.149,0.1935,0.444376,2.78169,0.00237469,0.1937,-0.0026,-11.488,4.229,3.0956,-0.0116,-0.0040,-11.362,4.243
341.21,81.360,0.1937,-0.0026,-0.0022,0.0065,-0.0193,-0.0116,-0.0040,3.0955,-11.702,4.149,0.1935,0.445983,2.84688,0.00209788,0.1937,-0.0026,-11.493,4.229,3.0955,-0.0116,-0.0040,-11.362,4.243
341.31,81.400,0.1937,-0.0026,-0.0022,0.0065,-0.0193,-0.0116,-0.0040,3.0954,-11.707,4.149,0.1933,0.447597,2.9136,0.00237469,0.1935,-0.0038,-11.499,4.229,3.0955,-0.0116,-0.0040,-11.362,4.243
341.41,81.420,0.1935,-0.0038,-0.0031,0.0065,-0.0194,-0.0116,-0.0040,3.0953,-11.713,4.149,0.1933,0.449752,3.00496,0.00237469,0.1935,-0.0038,-11.507,4.228,3.0953,-0.0116,-0.0040,-11.362,4.243
341.51,81.460,0.1935,-0.0038,-0.0031,0.0066,-0.0194,-0.0116,-0.0040,3.0952,-11.718,4.150,0.1933,0.449752,3.00496,0.00237469,0.1935,-0.0038,-11.507,4.228,3.0953,-0.0116,-0.0040,-11.362,4.243
341.61,81.480,0.1935,-0.0038,-0.0031,0.0066,-0.0194,-0.0116,-0.0040,3.0951,-11.724,4.150,0.1933,0.451371,3.07532,0.00209788,0.1935,-0.0038,-11.513,4.228,3.0953,-0.0116,-0.0040,-11.362,4.243
341.71,81.520,0.1934,-0.0052,-0.0043,0.0066,-0.0197,-0.0116,-0.0040,3.0950,-11.729,4.150,0.1931,0.452997,3.14728,0.00237469,0.1934,-0.0052,-11.519,4.228,3.0952,-0.0116,-0.0040,-11.362,4.243
341.81,81.540,0.1934,-0.0052,-0.0043,0.0066,-0.0197,-0.0116,-0.0040,3.0949,-11.735,4.150,0.1931,0.455167,3.24578,0.00237469,0.1934,-0.0052,-11.526,4.228,3.0950,-0.0116,-0.0040,-11.362,4.243
341.91,81.560,0.1934,-0.0052,-0.0043,0.0076,-0.0204,-0.0116,-0.0040,3.0948,-11.741,4.151,0.1931,0.456798,3.32159,0.00209788,0.1934,-0.0052,-11.532,4.227,3.0949,-0.0116,-0.0040,-11.362,4.243
342.01,81.600,0.1934,-0.0052,-0.0043,0.0066,-0.0197,-0.0116,-0.0040,3.0947,-11.746,4.151,0.1928,0.458437,3.3991,0.00237469,0.1932,-0.0066,-11.538,4.227,3.0947,-0.0116,-0.0040,-11.362,4.243
342.11,81.620,0.1932,-0.0066,-0.0055,0.0066,-0.0199,-0.0116,-0.0041,3.0945,-11.752,4.151,0.1928,0.460625,3.50512,0.00237469,0.1932,-0.0066,-11.546,4.227,3.0945,-0.0116,-0.0041,-11.362,4.243
342.21,81.660,0.1932,-0.0066,-0.0055,0.0067,-0.0199,-0.0116,-0.0041,3.0943,-11.758,4.151,0.1928,0.46227,3.58669,0.00209788,0.1932,-0.0066,-11.552,4.226,3.0944,-0.0116,-0.0041,-11.362,4.243
342.31,81.680,0.1932,-0.0066,-0.0054,0.0073,-0.0201,-0.0116,-0.0041,3.0942,-11.763,4.152,0.1928,0.46227,3.58669,0.00209788,0.1932,-0.0066,-11.552,4.226,3.0944,-0.0116,-0.0041,-11.362,4.243
342.41,81.720,0.1930,-0.0079,-0.0059,0.0066,-0.0200,-0.0116,-0.0041,3.0940,-11.768,4.152,0.1928,0.463923,3.67005,0.00237469,0.1930,-0.0079,-11.557,4.226,3.0942,-0.0116,-0.0041,-11.362,4.243
342.51,81.740,0.1930,-0.0079,-0.0059,0.0066,-0.0200,-0.0116,-0.0041,3.0939,-11.773,4.152,0.1928,0.466131,3.78402,0.00237469,0.1930,-0.0079,-11.565,4.226,3.0940,-0.0116,-0.0041,-11.362,4.243
342.61,81.760,0.1930,-0.0079,-0.0059,0.0066,-0.0200,-0.0116,-0.0041,3.0937,-11.779,4.152,0.1928,0.46779,3.87165,0.00209788,0.1930,-0.0079,-11.571,4.226,3.0938,-0.0116,-0.0041,-11.362,4.243
342.71,81.800,0.1930,-0.0079,-0.0059,0.0066,-0.0200,-0.0116,-0.0041,3.0935,-11.785,4.153,0.1926,0.469458,3.96117,0.00237469,0.1929,-0.0092,-11.577,4.225,3.0936,-0.0116,-0.0041,-11.362,4.243
342.81,81.820,0.1929,-0.0092,-0.0068,0.0066,-0.0201,-0.0116,-0.0041,3.0933,-11.790,4.153,0.1926,0.471688,4.08351,0.00237469,0.1929,-0.0092,-11.585,4.225,3.0934,-0.0116,-0.0041,-11.362,4.243
342.91,81.860,0.1929,-0.0092,-0.0068,0.0066,-0.0201,-0.0116,-0.0041,3.0931,-11.796,4.153,0.1926,0.471688,4.08351,0.00237469,0.1929,-0.0092,-11.585,4.225,3.0934,-0.0116,-0.0041,-11.362,4.243
343.01,81.880,0.1929,-0.0092,-0.0068,0.0066,-0.0201,-0.0116,-0.0041,3.0929,-11.801,4.153,0.1926,0.473364,4.17754,0.00209788,0.1929,-0.0092,-11.590,4.225,3.0931,-0.0116,-0.0041,-11.362,4.243
343.11,81.900,0.1929,-0.0092,-0.0077,0.0066,-0.0203,-0.0116,-0.0041,3.0927,-11.806,4.154,0.1924,0.475049,4.27355,0.00237469,0.1927,-0.0104,-11.596,4.225,3.0929,-0.0116,-0.0041,-11.362,4.243
343.21,81.940,0.1927,-0.0104,-0.0077,0.0066,-0.0203,-0.0116,-0.0041,3.0925,-11.812,4.154,0.1924,0.477301,4.4047,0.00237469,0.1927,-0.0104,-11.604,4.224,3.0926,-0.0116,-0.0041,-11.362,4.243
343.31,81.960,0.1927,-0.0104,-0.0077,0.0066,-0.0203,-0.0116,-0.0041,3.0923,-11.817,4.154,0.1924,0.478996,4.50545,0.00209788,0.1927,-0.0104,-11.610,4.224,3.0924,-0.0116,-0.0041,-11.362,4.243
343.41,82.000,0.1927,-0.0104,-0.0077,0.0066,-0.0203,-0.0116,-0.0041,3.0921,-11.822,4.154,0.1923,0.480699,4.60829,0.00237469,0.1926,-0.0115,-11.615,4.224,3.0922,-0.0116,-0.0041,-11.555,4.252
343.51,82.020,0.1926,-0.0115,-0.0086,0.0066,-0.0205,-0.0116,-0.0041,3.0918,-11.828,4.154,0.1923,0.480699,4.60829,0.00237469,0.1926,-0.0115,-11.615,4.224,3.0922,-0.0116,-0.0041,-11.555,4.252
343.61,82.060,0.1926,-0.0115,-0.0086,0.0066,-0.0205,-0.0116,-0.0041,3.0916,-11.833,4.155,0.1923,0.429378,2.20683,0.00237468,0.1926,-0.0115,-11.616,4.240,3.0918,-0.0116,-0.0041,-11.555,4.252
343.71,82.080,0.1926,-0.0115,-0.0086,0.0066,-0.0205,-0.0116,-0.0041,3.0913,-11.839,4.155,0.1923,0.430991,2.25815,0.00209788,0.1926,-0.0115,-11.622,4.240,3.0916,-0.0116,-0.0041,-11.555,4.252
343.81,82.100,0.1926,-0.0115,-0.0011,0.0351,-0.1000,-0.0116,-0.0041,3.0912,-11.845,4.155,0.1930,0.432612,2.31075,0.00237468,0.1931,0.0076,-11.628,4.240,3.0913,-0.0116,-0.0041,-11.555,4.252
343.91,82.140,0.1931,0.0076,0.0056,0.0003,0.0001,-0.0116,-0.0041,3.0914,-11.850,4.156,0.1928,0.434776,2.38291,0.00237468,0.1931,0.0076,-11.636,4.240,3.0912,-0.0116,-0.0041,-11.555,4.252
344.01,82.160,0.1931,0.0076,0.0056,0.0066,-0.0177,-0.0116,-0.0041,3.0915,-11.855,4.156,0.1928,0.436402,2.43859,0.00209788,0.1931,0.0076,-11.641,4.240,3.0914,-0.0116,-0.0041,-11.555,4.252
344.11,82.200,0.1931,0.0076,0.0057,0.0064,-0.0177,-0.0116,-0.0041,3.0917,-11.861,4.156,0.1930,0.438034,2.49561,0.00237469,0.1932,0.0066,-11.647,4.240,3.0916,-0.0116,-0.0041,-11.555,4.252
344.21,82.220,0.1932,0.0066,0.0049,0.0061,-0.0177,-0.0116,-0.0041,3.0918,-11.866,4.156,0.1930,0.438034,2.49561,0.00237469,0.1932,0.0066,-11.647,4.240,3.0916,-0.0116,-0.0041,-11.555,4.252
344.31,82.240,0.1932,0.0066,0.0054,0.0003,0.0001,-0.0116,-0.0041,3.0920,-11.872,4.157,0.1929,0.440212,2.5738,0.00237469,0.1932,0.0066,-11.655,4.239,3.0918,-0.0116,-0.0041,-11.555,4.252
344.41,82.280,0.1932,0.0066,0.0054,0.0066,-0.0178,-0.0116,-0.0041,3.0921,-11.877,4.157,0.1928,0.441847,2.63408,0.00209788,0.1932,0.0066,-11.661,4.239,3.0920,-0.0116,-0.0041,-11.555,4.252
344.51,82.300,0.1932,0.0066,0.0036,0.0066,-0.0181,-0.0116,-0.0041,3.0922,-11.882,4.157,0.1932,0.443489,2.69579,0.00237469,0.1935,0.0043,-11.667,4.239,3.0921,-0.0116,-0.0041,-11.555,4.252
344.61,82.320,0.1935,0.0043,0.0036,0.0066,-0.0181,-0.0116,-0.0041,3.0923,-11.887,4.157,0.1932,0.445681,2.78036,0.00237469,0.1935,0.0043,-11.674,4.239,3.0923,-0.0116,-0.0041,-11.555,4.252
344.71,82.360,0.1935,0.0043,0.0036,0.0066,-0.0181,-0.0116,-0.0041,3.0924,-11.893,4.158,0.1932,0.447327,2.84552,0.00209788,0.1935,0.0043,-11.680,4.239,3.0924,-0.0116,-0.0041,-11.555,4.252
344.81,82.380,0.1935,0.0043,0.0036,0.0066,-0.0181,-0.0116,-0.0041,3.0926,-11.899,4.158,0.1932,0.447327,2.84552,0.00209788,0.1935,0.0043,-11.680,4.239,3.0924,-0.0116,-0.0041,-11.555,4.252
344.91,82.420,0.1937,0.0023,0.0019,0.0066,-0.0185,-0.0116,-0.0041,3.0926,-11.903,4.158,0.1936,0.448981,2.9122,0.00237469,0.1937,0.0023,-11.686,4.239,3.0925,-0.0116,-0.0041,-11.555,4.252
345.01,82.440,0.1937,0.0023,0.0019,0.0066,-0.0185,-0.0116,-0.0041,3.0927,-11.909,4.158,0.1936,0.451188,3.00352,0.00237469,0.1937,0.0023,-11.694,4.239,3.0926,-0.0116,-0.0041,-11.555,4.252
345.11,82.460,0.1937,0.0023,0.0019,0.0066,-0.0185,-0.0116,-0.0041,3.0927,-11.914,4.159,0.1936,0.452845,3.07384,0.00209788,0.1937,0.0023,-11.699,4.239,3.0927,-0.0116,-0.0041,-11.555,4.252
345.21,82.500,0.1937,0.0023,0.0019,0.0066,-0.0185,-0.0116,-0.0041,3.0928,-11.920,4.159,0.1939,0.454511,3.14577,0.00237469,0.1939,0.0004,-11.705,4.239,3.0927,-0.0116,-0.0041,-11.555,4.252
345.31,82.520,0.1939,0.0004,0.0003,0.0066,-0.0188,-0.0116,-0.0041,3.0928,-11.925,4.159,0.1939,0.456734,3.24422,0.00237469,0.1939,0.0004,-11.713,4.239,3.0928,-0.0116,-0.0041,-11.555,4.252
345.41,82.560,0.1939,0.0004,0.0003,0.0066,-0.0188,-0.0116,-0.0041,3.0928,-11.931,4.159,0.1939,0.456734,3.24422,0.00237469,0.1939,0.0004,-11.713,4.239,3.0928,-0.0116,-0.0041,-11.555,4.252
345.51,82.580,0.1939,0.0004,0.0003,0.0066,-0.0188,-0.0116,-0.0041,3.0928,-11.936,4.160,0.1939,0.458405,3.32,0.00209788,0.1939,0.0004,-11.719,4.239,3.0928,-0.0116,-0.0041,-11.555,4.252
345.61,82.620,0.1905,0.0159,0.0168,-0.0211,-0.0074,-0.0116,-0.0041,3.0930,-11.942,4.160,0.1901,0.460083,3.39747,0.00237469,0.1905,0.0285,-11.725,4.239,3.0928,-0.0116,-0.0041,-11.555,4.252
345.71,82.640,0.1905,0.0285,0.0235,0.0014,0.0005,-0.0116,-0.0041,3.0936,-11.947,4.160,0.1898,0.462324,3.50345,0.00237469,0.1905,0.0285,-11.732,4.238,3.0931,-0.0116,-0.0041,-11.555,4.252
345.81,82.660,0.1905,0.0285,0.0235,0.0014,0.0005,-0.0116,-0.0041,3.0943,-11.952,4.160,0.1896,0.464007,3.58499,0.00209788,0.1905,0.0285,-11.738,4.238,3.0938,-0.0116,-0.0041,-11.555,4.252
345.91,82.700,0.1905,0.0285,0.0235,0.0014,0.0005,-0.0116,-0.0040,3.0948,-11.957,4.161,0.1898,0.465694,3.66831,0.00237469,0.1907,0.0263,-11.744,4.238,3.0945,-0.0116,-0.0040,-11.555,4.252
346.01,82.720,0.1907,0.0263,0.0217,0.0013,0.0004,-0.0116,-0.0040,3.0954,-11.962,4.161,0.1896,0.465694,3.66831,0.00237469,0.1907,0.0263,-11.744,4.238,3.0945,-0.0116,-0.0040,-11.555,4.252
346.11,82.740,0.1907,0.0263,0.0217,0.0013,0.0004,-0.0116,-0.0040,3.0961,-11.968,4.161,0.1895,0.467944,3.78225,0.00237469,0.1907,0.0263,-11.752,4.238,3.0955,-0.0116,-0.0040,-11.555,4.252
346.21,82.780,0.1907,0.0263,0.0218,0.0013,0.0004,-0.0116,-0.0040,3.0967,-11.973,4.161,0.1893,0.469631,3.86987,0.00209788,0.1907,0.0263,-11.757,4.238,3.0961,-0.0116,-0.0040,-11.555,4.252
346.31,82.800,0.1907,0.0263,0.0183,0.0065,-0.0153,-0.0116,-0.0040,3.0972,-11.978,4.161,0.1900,0.471322,3.95937,0.00237469,0.1913,0.0221,-11.763,4.238,3.0968,-0.0116,-0.0040,-11.555,4.252
346.41,82.820,0.1913,0.0221,0.0183,0.0065,-0.0153,-0.0116,-0.0040,3.0977,-11.983,4.162,0.1900,0.473578,4.08169,0.00237469,0.1913,0.0221,-11.771,4.238,3.0976,-0.0116,-0.0040,-11.555,4.252
346.51,82.860,0.1913,0.0221,0.0183,0.0065,-0.0153,-0.0116,-0.0040,3.0982,-11.988,4.162,0.1900,0.47527,4.17571,0.00209788,0.1913,0.0221,-11.776,4.238,3.0981,-0.0116,-0.0040,-11.555,4.252
346.61,82.880,0.1913,0.0221,0.0183,0.0065,-0.0153,-0.0116,-0.0040,3.0988,-11.994,4.162,0.1900,0.47527,4.17571,0.00209788,0.1913,0.0221,-11.776,4.238,3.0981,-0.0116,-0.0040,-11.555,4.252
346.71,82.900,0.1913,0.0221,0.0152,0.0065,-0.0159,-0.0116,-0.0040,3.0991,-11.998,4.162,0.1907,0.476966,4.27171,0.00237469,0.1917,0.0184,-11.782,4.238,3.0987,-0.0116,-0.0040,-11.555,4.252
346.81,82.940,0.1917,0.0184,0.0152,0.0065,-0.0159,-0.0116,-0.0040,3.0995,-12.003,4.162,0.1907,0.479229,4.40286,0.00237469,0.1917,0.0184,-11.790,4.237,3.0993,-0.0116,-0.0040,-11.555,4.252
346.91,82.960,0.1917,0.0184,0.0152,0.0064,-0.0159,-0.0116,-0.0040,3.1000,-12.009,4.162,0.1907,0.480926,4.50361,0.00209788,0.1917,0.0184,-11.796,4.237,3.0998,-0.0116,-0.0040,-11.555,4.252
347.01,83.000,0.1917,0.0184,0.0152,0.0064,-0.0159,-0.0116,-0.0040,3.1004,-12.014,4.163,0.1914,0.482628,4.60646,0.00237469,0.1922,0.0142,-11.801,4.237,3.1002,-0.0116,-0.0040,-11.747,4.262
347.11,83.020,0.1922,0.0142,0.0117,0.0064,-0.0166,-0.0116,-0.0040,3.1007,-12.019,4.163,0.1915,0.482628,4.60646,0.00237469,0.1922,0.0142,-11.801,4.237,3.1002,-0.0116,-0.0040,-11.747,4.262
347.21,83.040,0.1922,0.0142,0.0117,0.0064,-0.0166,-0.0116,-0.0040,3.1010,-12.025,4.163,0.1915,0.430082,2.206,0.00237468,0.1922,0.0142,-11.803,4.251,3.1007,-0.0116,-0.0040,-11.747,4.262
347.31,83.080,0.1922,0.0142,0.0117,0.0064,-0.0166,-0.0116,-0.0040,3.1014,-12.031,4.163,0.1915,0.431688,2.25733,0.00209788,0.1922,0.0142,-11.809,4.251,3.1011,-0.0116,-0.0040,-11.747,4.262
347.41,83.100,0.1922,0.0142,0.0194,-0.0048,-0.0016,-0.0117,-0.0040,3.1018,-12.036,4.163,0.1902,0.433298,2.30994,0.00237468,0.1911,0.0234,-11.814,4.251,3.1014,-0.0117,-0.0040,-11.747,4.262
347.51,83.140,0.1911,0.0234,0.0194,0.0011,0.0004,-0.0117,-0.0040,3.1024,-12.041,4.163,0.1900,0.435445,2.38212,0.00237468,0.1911,0.0234,-11.822,4.251,3.1021,-0.0117,-0.0040,-11.747,4.262
347.61,83.160,0.1911,0.0234,0.0195,0.0015,0.0005,-0.0117,-0.0040,3.1029,-12.047,4.164,0.1899,0.437055,2.4378,0.00209788,0.1911,0.0234,-11.828,4.251,3.1026,-0.0117,-0.0040,-11.747,4.262
347.71,83.200,0.1911,0.0234,0.0197,0.0081,-0.0137,-0.0117,-0.0039,3.1035,-12.052,4.164,0.1902,0.438669,2.49484,0.00237469,0.1914,0.0214,-11.833,4.251,3.1032,-0.0117,-0.0039,-11.747,4.262
347.81,83.220,0.1914,0.0214,0.0199,0.0064,-0.0150,-0.0117,-0.0039,3.1040,-12.057,4.164,0.1906,0.438669,2.49484,0.00237469,0.1914,0.0214,-11.833,4.251,3.1032,-0.0117,-0.0039,-11.747,4.262
347.91,83.240,0.1914,0.0214,0.0199,0.0063,-0.0150,-0.0117,-0.0039,3.1046,-12.063,4.164,0.1906,0.440819,2.57304,0.00237469,0.1914,0.0214,-11.841,4.251,3.1040,-0.0117,-0.0039,-11.747,4.262
348.01,83.280,0.1914,0.0214,0.0199,0.0063,-0.0150,-0.0117,-0.0039,3.1051,-12.068,4.164,0.1906,0.44243,2.63334,0.00209788,0.1914,0.0214,-11.847,4.251,3.1046,-0.0117,-0.0039,-11.747,4.262
348.11,83.300,0.1914,0.0214,0.0168,0.0063,-0.0156,-0.0117,-0.0039,3.1057,-12.073,4.164,0.1911,0.444045,2.69508,0.00237469,0.1918,0.0181,-11.853,4.251,3.1052,-0.0117,-0.0039,-11.747,4.262
348.21,83.340,0.1918,0.0181,0.0168,0.0063,-0.0156,-0.0117,-0.0039,3.1062,-12.079,4.164,0.1911,0.446197,2.77967,0.00237469,0.1918,0.0181,-11.860,4.251,3.1060,-0.0117,-0.0039,-11.747,4.262
348.31,83.360,0.1918,0.0181,0.0168,0.0063,-0.0156,-0.0117,-0.0039,3.1067,-12.085,4.165,0.1911,0.44781,2.84486,0.00209788,0.1918,0.0181,-11.866,4.251,3.1065,-0.0117,-0.0039,-11.747,4.262
348.41,83.400,0.1918,0.0181,0.0168,0.0063,-0.0156,-0.0117,-0.0039,3.1071,-12.090,4.165,0.1916,0.449427,2.91157,0.00237469,0.1922,0.0150,-11.872,4.251,3.1070,-0.0117,-0.0039,-11.747,4.262
348.51,83.420,0.1922,0.0150,0.0139,0.0063,-0.0162,-0.0117,-0.0039,3.1075,-12.095,4.165,0.1916,0.449427,2.91157,0.00237469,0.1922,0.0150,-11.872,4.251,3.1070,-0.0117,-0.0039,-11.747,4.262
348.61,83.440,0.1922,0.0150,0.0139,0.0063,-0.0162,-0.0117,-0.0039,3.1079,-12.101,4.165,0.1916,0.451581,3.00292,0.00237469,0.1922,0.0150,-11.879,4.251,3.1076,-0.0117,-0.0039,-11.747,4.262
348.71,83.480,0.1922,0.0150,0.0139,0.0063,-0.0162,-0.0117,-0.0039,3.1083,-12.106,4.165,0.1916,0.453196,3.07328,0.00209788,0.1922,0.0150,-11.885,4.251,3.1080,-0.0117,-0.0039,-11.747,4.262
348.81,83.500,0.1922,0.0150,0.0114,0.0063,-0.0167,-0.0117,-0.0039,3.1086,-12.111,4.165,0.1921,0.454815,3.14525,0.00237469,0.1925,0.0123,-11.891,4.251,3.1084,-0.0117,-0.0039,-11.747,4.262
348.91,83.540,0.1925,0.0123,0.0114,0.0063,-0.0167,-0.0117,-0.0039,3.1090,-12.117,4.165,0.1921,0.456972,3.24375,0.00237469,0.1925,0.0123,-11.899,4.251,3.1089,-0.0117,-0.0039,-11.747,4.262
349.01,83.560,0.1925,0.0123,0.0114,0.0063,-0.0167,-0.0117,-0.0039,3.1093,-12.122,4.166,0.1921,0.458589,3.31957,0.00209788,0.1925,0.0123,-11.904,4.251,3.1092,-0.0117,-0.0039,-11.747,4.262
349.11,83.580,0.1925,0.0123,0.0114,0.0063,-0.0167,-0.0117,-0.0039,3.1096,-12.127,4.166,0.1921,0.458589,3.31957,0.00209788,0.1925,0.0123,-11.904,4.251,3.1092,-0.0117,-0.0039,-11.747,4.262
349.21,83.620,0.1928,0.0100,0.0093,0.0064,-0.0172,-0.0117,-0.0039,3.1099,-12.133,4.166,0.1924,0.460211,3.39708,0.00237469,0.1928,0.0100,-11.910,4.251,3.1095,-0.0117,-0.0039,-11.747,4.262
349.31,83.640,0.1928,0.0100,0.0093,0.0065,-0.0172,-0.0117,-0.0039,3.1101,-12.138,4.166,0.1924,0.462372,3.50313,0.00237469,0.1928,0.0100,-11.918,4.251,3.1099,-0.0117,-0.0039,-11.747,4.262
349.41,83.680,0.1928,0.0100,0.0092,0.0075,-0.0176,-0.0117,-0.0039,3.1104,-12.144,4.166,0.1925,0.463992,3.58471,0.00209788,0.1928,0.0100,-11.924,4.251,3.1102,-0.0117,-0.0039,-11.747,4.262
349.51,83.700,0.1928,0.0100,0.0083,0.0063,-0.0173,-0.0117,-0.0039,3.1106,-12.149,4.166,0.1930,0.465616,3.66808,0.00237469,0.1930,0.0080,-11.930,4.251,3.1105,-0.0117,-0.0039,-11.747,4.262
349.61,83.720,0.1930,0.0080,0.0066,0.0063,-0.0176,-0.0117,-0.0039,3.1108,-12.155,4.166,0.1930,0.467781,3.78208,0.00237469,0.1930,0.0080,-11.937,4.251,3.1108,-0.0117,-0.0039,-11.747,4.262
349.71,83.760,0.1930,0.0080,0.0066,0.0063,-0.0176,-0.0117,-0.0039,3.1110,-12.160,4.167,0.1930,0.467781,3.78208,0.00237469,0.1930,0.0080,-11.937,4.251,3.1108,-0.0117,-0.0039,-11.747,4.262
349.81,83.780,0.1930,0.0080,0.0066,0.0062,-0.0176,-0.0117,-0.0039,3.1112,-12.165,4.167,0.1930,0.469405,3.86975,0.00209788,0.1930,0.0080,-11.943,4.251,3.1110,-0.0117,-0.0039,-11.747,4.262
349.91,83.820,0.1932,0.0064,0.0053,0.0062,-0.0179,-0.0117,-0.0039,3.1113,-12.171,4.167,0.1932,0.471033,3.95929,0.00237469,0.1932,0.0064,-11.949,4.251,3.1112,-0.0117,-0.0039,-11.747,4.262
350.01,83.840,0.1932,0.0064,0.0053,0.0062,-0.0179,-0.0117,-0.0039,3.1115,-12.176,4.167,0.1932,0.473204,4.08168,0.00237469,0.1932,0.0064,-11.957,4.251,3.1114,-0.0117,-0.0039,-11.747,4.262
350.11,83.860,0.1932,0.0064,0.0053,0.0062,-0.0179,-0.0117,-0.0039,3.1116,-12.182,4.167,0.1932,0.474832,4.17574,0.00209788,0.1932,0.0064,-11.962,4.251,3.1116,-0.0117,-0.0039,-11.747,4.262
350.21,83.900,0.1932,0.0064,0.0053,0.0062,-0.0179,-0.0117,-0.0039,3.1118,-12.187,4.167,0.1934,0.476465,4.27179,0.00237469,0.1934,0.0050,-11.968,4.251,3.1117,-0.0117,-0.0039,-11.747,4.262
350.31,83.920,0.1934,0.0050,0.0041,0.0062,-0.0181,-0.0117,-0.0038,3.1119,-12.192,4.167,0.1934,0.478641,4.403,0.00237469,0.1934,0.0050,-11.976,4.251,3.1119,-0.0117,-0.0038,-11.747,4.262
350.41,83.960,0.1934,0.0050,0.0041,0.0062,-0.0181,-0.0117,-0.0038,3.1120,-12.198,4.168,0.1934,0.478641,4.403,0.00237469,0.1934,0.0050,-11.976,4.251,3.1119,-0.0117,-0.0038,-11.747,4.262
350.51,83.980,0.1934,0.0050,0.0041,0.0062,-0.0181,-0.0117,-0.0038,3.1121,-12.203,4.168,0.1934,0.480274,4.5038,0.00209788,0.1934,0.0050,-11.982,4.251,3.1120,-0.0117,-0.0038,-11.747,4.262
350.61,84.000,0.1934,0.0050,0.0029,0.0062,-0.0184,-0.0117,-0.0038,3.1122,-12.208,4.168,0.1936,0.481911,4.60669,0.00237469,0.1936,0.0034,-11.987,4.251,3.1121,-0.0117,-0.0038,-11.985,4.312
350.71,84.040,0.1936,0.0034,0.0029,0.0062,-0.0184,-0.0117,-0.0038,3.1123,-12.214,4.168,0.1936,0.429584,2.20615,0.00237468,0.1936,0.0034,-11.994,4.284,3.1123,-0.0117,-0.0038,-11.985,4.312
350.81,84.060,0.1936,0.0034,0.0029,0.0062,-0.0184,-0.0117,-0.0038,3.1124,-12.219,4.168,0.1936,0.431155,2.2575,0.00209788,0.1936,0.0034,-12.000,4.284,3.1124,-0.0117,-0.0038,-11.985,4.312
350.91,84.080,0.1936,0.0034,0.0029,0.0062,-0.0184,-0.0117,-0.0038,3.1125,-12.225,4.168,0.1936,0.432729,2.31014,0.00237468,0.1936,0.0034,-12.005,4.285,3.1124,-0.0117,-0.0038,-11.985,4.312
351.01,84.120,0.1900,0.0189,0.0195,0.0236,0.0078,-0.0117,-0.0038,3.1128,-12.230,4.169,0.1906,0.432729,2.31014,0.00237468,0.1900,0.0326,-12.005,4.285,3.1124,-0.0117,-0.0038,-11.985,4.312
351.11,84.140,0.1900,0.0326,0.0272,0.0015,0.0005,-0.0117,-0.0038,3.1136,-12.235,4.169,0.1905,0.434828,2.38235,0.00237468,0.1900,0.0326,-12.013,4.285,3.1129,-0.0117,-0.0038,-11.985,4.312
351.21,84.180,0.1900,0.0326,0.0272,0.0015,0.0005,-0.0117,-0.0038,3.1144,-12.241,4.169,0.1904,0.4364,2.43806,0.00209788,0.1900,0.0326,-12.019,4.285,3.1136,-0.0117,-0.0038,-11.985,4.312
351.31,84.200,0.1900,0.0326,0.0263,0.0015,0.0005,-0.0117,-0.0038,3.1151,-12.246,4.169,0.1904,0.437975,2.49513,0.00237469,0.1901,0.0316,-12.025,4.286,3.1145,-0.0117,-0.0038,-11.985,4.312
351.41,84.240,0.1901,0.0316,0.0264,0.0015,0.0005,-0.0117,-0.0038,3.1159,-12.251,4.169,0.1902,0.440072,2.57337,0.00237469,0.1901,0.0316,-12.032,4.286,3.1156,-0.0117,-0.0038,-11.985,4.312
351.51,84.260,0.1901,0.0316,0.0264,0.0015,0.0005,-0.0117,-0.0038,3.1166,-12.257,4.169,0.1901,0.441641,2.6337,0.00209788,0.1901,0.0316,-12.038,4.287,3.1164,-0.0117,-0.0038,-11.985,4.312
351.61,84.280,0.1901,0.0316,0.0264,0.0015,0.0005,-0.0117,-0.0038,3.1174,-12.262,4.169,0.1900,0.441641,2.6337,0.00209788,0.1901,0.0316,-12.038,4.287,3.1164,-0.0117,-0.0038,-11.985,4.312
351.71,84.320,0.1905,0.0283,0.0237,0.0061,-0.0143,-0.0117,-0.0038,3.1181,-12.268,4.169,0.1904,0.443213,2.69547,0.00237469,0.1905,0.0283,-12.043,4.287,3.1172,-0.0117,-0.0038,-11.985,4.312
351.81,84.340,0.1905,0.0283,0.0237,0.0061,-0.0143,-0.0117,-0.0038,3.1187,-12.273,4.169,0.1904,0.445305,2.7801,0.00237469,0.1905,0.0283,-12.051,4.287,3.1182,-0.0117,-0.0038,-11.985,4.312
351.91,84.380,0.1905,0.0283,0.0237,0.0061,-0.0143,-0.0117,-0.0038,3.1194,-12.278,4.169,0.1904,0.446871,2.84532,0.00209788,0.1905,0.0283,-12.057,4.288,3.1189,-0.0117,-0.0038,-11.985,4.312
352.01,84.400,0.1905,0.0283,0.0213,0.0061,-0.0148,-0.0117,-0.0038,3.1201,-12.284,4.169,0.1907,0.44844,2.91207,0.00237469,0.1909,0.0255,-12.063,4.288,3.1196,-0.0117,-0.0038,-11.985,4.312
352.11,84.440,0.1909,0.0255,0.0213,0.0060,-0.0148,-0.0117,-0.0037,3.1207,-12.289,4.169,0.1907,0.450528,3.00347,0.00237469,0.1909,0.0255,-12.070,4.288,3.1205,-0.0117,-0.0037,-11.985,4.312
352.21,84.460,0.1909,0.0255,0.0213,0.0060,-0.0148,-0.0117,-0.0037,3.1213,-12.295,4.169,0.1907,0.452091,3.07386,0.00209788,0.1909,0.0255,-12.076,4.289,3.1211,-0.0117,-0.0037,-11.985,4.312
352.31,84.480,0.1909,0.0255,0.0213,0.0060,-0.0149,-0.0117,-0.0037,3.1219,-12.300,4.169,0.1907,0.452091,3.07386,0.00209788,0.1909,0.0255,-12.076,4.289,3.1211,-0.0117,-0.0037,-11.985,4.312
352.41,84.520,0.1912,0.0230,0.0193,0.0059,-0.0154,-0.0117,-0.0037,3.1224,-12.306,4.169,0.1910,0.453656,3.14587,0.00237469,0.1912,0.0230,-12.082,4.289,3.1218,-0.0117,-0.0037,-11.985,4.312
352.51,84.540,0.1912,0.0230,0.0192,0.0058,-0.0156,-0.0117,-0.0037,3.1230,-12.311,4.169,0.1910,0.45574,3.24442,0.00237469,0.1912,0.0230,-12.089,4.289,3.1226,-0.0117,-0.0037,-11.985,4.312
352.61,84.580,0.1912,0.0230,0.0192,0.0050,-0.0157,-0.0117,-0.0037,3.1235,-12.316,4.170,0.1910,0.457299,3.32028,0.00209788,0.1912,0.0230,-12.095,4.290,3.1231,-0.0117,-0.0037,-11.985,4.312
352.71,84.600,0.1912,0.0230,0.0174,-0.3796,-0.1684,-0.0117,-0.0037,3.1240,-12.322,4.170,0.1908,0.458862,3.39783,0.00237469,0.1914,0.0210,-12.101,4.290,3.1237,-0.0117,-0.0037,-11.985,4.312
352.81,84.620,0.1914,0.0210,0.0158,0.0060,-0.0159,-0.0117,-0.0037,3.1245,-12.327,4.170,0.1908,0.460941,3.50393,0.00237469,0.1914,0.0210,-12.108,4.291,3.1244,-0.0117,-0.0037,-11.985,4.312
352.91,84.660,0.1914,0.0210,0.0158,0.0060,-0.0159,-0.0117,-0.0037,3.1249,-12.333,4.170,0.1908,0.462498,3.58556,0.00209788,0.1914,0.0210,-12.114,4.291,3.1249,-0.0117,-0.0037,-11.985,4.312
353.01,84.680,0.1914,0.0210,0.0159,0.0060,-0.0159,-0.0117,-0.0037,3.1254,-12.338,4.170,0.1908,0.462498,3.58556,0.00209788,0.1914,0.0210,-12.114,4.291,3.1249,-0.0117,-0.0037,-11.985,4.312
353.11,84.720,0.1916,0.0193,0.0146,0.0060,-0.0162,-0.0117,-0.0037,3.1258,-12.343,4.170,0.1911,0.464057,3.66898,0.00237469,0.1916,0.0193,-12.120,4.291,3.1253,-0.0117,-0.0037,-11.985,4.312
353.21,84.740,0.1916,0.0193,0.0146,0.0060,-0.0162,-0.0117,-0.0037,3.1262,-12.349,4.170,0.1911,0.466133,3.78304,0.00237469,0.1916,0.0193,-12.127,4.292,3.1259,-0.0117,-0.0037,-11.985,4.312
353.31,84.760,0.1916,0.0193,0.0146,0.0059,-0.0162,-0.0117,-0.0037,3.1266,-12.354,4.170,0.1911,0.467686,3.87075,0.00209788,0.1916,0.0193,-12.133,4.292,3.1264,-0.0117,-0.0037,-11.985,4.312
353.41,84.800,0.1916,0.0193,0.0146,0.0059,-0.0162,-0.0117,-0.0037,3.1270,-12.359,4.170,0.1913,0.469243,3.96035,0.00237469,0.1918,0.0180,-12.139,4.292,3.1268,-0.0117,-0.0037,-11.985,4.312
353.51,84.820,0.1918,0.0180,0.0136,0.0059,-0.0164,-0.0117,-0.0037,3.1274,-12.365,4.170,0.1913,0.471315,4.0828,0.00237469,0.1918,0.0180,-12.147,4.293,3.1274,-0.0117,-0.0037,-11.985,4.312
353.61,84.860,0.1918,0.0180,0.0136,0.0059,-0.0164,-0.0118,-0.0037,3.1278,-12.370,4.170,0.1913,0.471315,4.0828,0.00237469,0.1918,0.0180,-12.147,4.293,3.1274,-0.0118,-0.0037,-11.985,4.312
353.71,84.880,0.1918,0.0180,0.0136,0.0059,-0.0164,-0.0118,-0.0037,3.1282,-12.375,4.170,0.1913,0.472866,4.17692,0.00209788,0.1918,0.0180,-12.152,4.293,3.1278,-0.0118,-0.0037,-11.985,4.312
353.81,84.900,0.1918,0.0180,0.0128,0.0059,-0.0166,-0.0118,-0.0037,3.1285,-12.381,4.170,0.1915,0.47442,4.27302,0.00237469,0.1919,0.0169,-12.158,4.293,3.1282,-0.0118,-0.0037,-11.985,4.312
353.91,84.940,0.1919,0.0169,0.0128,0.0059,-0.0166,-0.0118,-0.0036,3.1289,-12.386,4.170,0.1915,0.476488,4.4043,0.00237469,0.1919,0.0169,-12.166,4.294,3.1287,-0.0118,-0.0037,-11.985,4.312
354.01,84.960,0.1919,0.0169,0.0128,0.0059,-0.0166,-0.0118,-0.0036,3.1293,-12.392,4.170,0.1915,0.478037,4.50516,0.00209788,0.1919,0.0169,-12.172,4.294,3.1291,-0.0118,-0.0036,-11.985,4.312
354.11,85.000,0.1919,0.0169,0.0128,0.0059,-0.0166,-0.0118,-0.0036,3.1296,-12.397,4.170,0.1916,0.479588,4.60811,0.00237469,0.1920,0.0159,-12.177,4.294,3.1295,-0.0118,-0.0036,-12.176,4.316
354.21,85.020,0.1920,0.0159,0.0120,0.0059,-0.0167,-0.0118,-0.0036,3.1299,-12.402,4.170,0.1916,0.479588,4.60811,0.00237469,0.1920,0.0159,-12.177,4.294,3.1295,-0.0118,-0.0036,-12.176,4.316
354.31,85.040,0.1920,0.0159,0.0120,0.0059,-0.0167,-0.0118,-0.0036,3.1303,-12.408,4.170,0.1916,0.428441,2.2069,0.00237468,0.1920,0.0159,-12.184,4.306,3.1299,-0.0118,-0.0036,-12.176,4.316
354.41,85.080,0.1920,0.0159,0.0120,0.0059,-0.0167,-0.0118,-0.0036,3.1306,-12.413,4.170,0.1916,0.429964,2.2583,0.00209788,0.1920,0.0159,-12.190,4.307,3.1303,-0.0118,-0.0036,-12.176,4.316
354.51,85.100,0.1920,0.0159,0.0196,0.0010,0.0003,-0.0118,-0.0036,3.1310,-12.418,4.170,0.1903,0.431491,2.31097,0.00237468,0.1907,0.0269,-12.196,4.307,3.1307,-0.0118,-0.0036,-12.176,4.316
354.61,85.140,0.1907,0.0269,0.0204,0.0011,0.0003,-0.0118,-0.0036,3.1316,-12.423,4.170,0.1902,0.433524,2.38323,0.00237468,0.1907,0.0269,-12.204,4.308,3.1313,-0.0118,-0.0036,-12.176,4.316
354.71,85.160,0.1907,0.0269,0.0204,0.0011,0.0003,-0.0118,-0.0036,3.1321,-12.429,4.170,0.1901,0.435045,2.43898,0.00209788,0.1907,0.0269,-12.209,4.308,3.1319,-0.0118,-0.0036,-12.176,4.316
354.81,85.180,0.1907,0.0269,0.0205,0.0008,0.0003,-0.0118,-0.0036,3.1327,-12.434,4.170,0.1899,0.435045,2.43898,0.00209788,0.1907,0.0269,-12.209,4.308,3.1319,-0.0118,-0.0036,-12.176,4.316
354.91,85.220,0.1908,0.0261,0.0200,0.0049,-0.0149,-0.0118,-0.0036,3.1333,-12.439,4.170,0.1900,0.43657,2.49609,0.00237469,0.1908,0.0261,-12.215,4.309,3.1326,-0.0118,-0.0036,-12.176,4.316
355.01,85.240,0.1908,0.0261,0.0202,0.0000,-0.0132,-0.0118,-0.0036,3.1338,-12.445,4.170,0.1900,0.438598,2.57439,0.00237469,0.1908,0.0261,-12.223,4.309,3.1334,-0.0118,-0.0036,-12.176,4.316
355.11,85.280,0.1908,0.0261,0.0220,0.0012,0.0004,-0.0118,-0.0036,3.1345,-12.450,4.170,0.1894,0.440117,2.63476,0.00209788,0.1908,0.0261,-12.228,4.310,3.1340,-0.0118,-0.0036,-12.176,4.316
355.21,85.300,0.1908,0.0261,0.0220,0.0058,-0.0148,-0.0118,-0.0036,3.1351,-12.455,4.170,0.1896,0.441638,2.69657,0.00237469,0.1909,0.0247,-12.234,4.310,3.1346,-0.0118,-0.0036,-12.176,4.316
355.31,85.320,0.1909,0.0247,0.0209,0.0058,-0.0150,-0.0118,-0.0036,3.1356,-12.461,4.170,0.1896,0.443663,2.78126,0.00237469,0.1909,0.0247,-12.242,4.311,3.1355,-0.0118,-0.0036,-12.176,4.316
355.41,85.360,0.1909,0.0247,0.0209,0.0057,-0.0150,-0.0118,-0.0036,3.1362,-12.466,4.170,0.1896,0.443663,2.78126,0.00237469,0.1909,0.0247,-12.242,4.311,3.1355,-0.0118,-0.0036,-12.176,4.316
355.51,85.380,0.1909,0.0247,0.0209,0.0057,-0.0150,-0.0118,-0.0036,3.1368,-12.471,4.170,0.1896,0.445178,2.84653,0.00209788,0.1909,0.0247,-12.248,4.311,3.1361,-0.0118,-0.0036,-12.176,4.316
355.61,85.420,0.1911,0.0232,0.0196,0.0057,-0.0153,-0.0118,-0.0035,3.1374,-12.477,4.170,0.1899,0.446695,2.91331,0.00237469,0.1911,0.0232,-12.253,4.312,3.1368,-0.0118,-0.0036,-12.176,4.316
355.71,85.440,0.1911,0.0232,0.0196,0.0057,-0.0153,-0.0118,-0.0035,3.1379,-12.482,4.170,0.1899,0.448715,3.00477,0.00237469,0.1911,0.0232,-12.261,4.312,3.1376,-0.0118,-0.0035,-12.176,4.316
355.81,85.460,0.1911,0.0232,0.0196,0.0057,-0.0153,-0.0118,-0.0035,3.1385,-12.487,4.170,0.1899,0.450226,3.0752,0.00209788,0.1911,0.0232,-12.267,4.313,3.1381,-0.0118,-0.0035,-12.176,4.316
355.91,85.500,0.1911,0.0232,0.0196,0.0057,-0.0153,-0.0118,-0.0035,3.1390,-12.492,4.170,0.1901,0.45174,3.14725,0.00237469,0.1913,0.0220,-12.272,4.313,3.1387,-0.0118,-0.0035,-12.176,4.316
356.01,85.520,0.1913,0.0220,0.0186,0.0057,-0.0155,-0.0118,-0.0035,3.1395,-12.498,4.170,0.1901,0.45174,3.14725,0.00237469,0.1913,0.0220,-12.272,4.313,3.1387,-0.0118,-0.0035,-12.176,4.316
356.11,85.560,0.1913,0.0220,0.0186,0.0057,-0.0155,-0.0118,-0.0035,3.1401,-12.503,4.170,0.1901,0.453755,3.24585,0.00237469,0.1913,0.0220,-12.280,4.314,3.1395,-0.0118,-0.0035,-12.176,4.316
356.21,85.580,0.1913,0.0220,0.0186,0.0057,-0.0155,-0.0118,-0.0035,3.1406,-12.509,4.170,0.1901,0.455263,3.32176,0.00209788,0.1913,0.0220,-12.286,4.314,3.1400,-0.0118,-0.0035,-12.176,4.316
356.31,85.600,0.1913,0.0220,0.0177,0.0057,-0.0157,-0.0118,-0.0035,3.1410,-12.513,4.170,0.1903,0.456773,3.39936,0.00237469,0.1914,0.0209,-12.291,4.314,3.1406,-0.0118,-0.0035,-12.176,4.316
356.41,85.640,0.1914,0.0209,0.0177,0.0057,-0.0157,-0.0118,-0.0035,3.1415,-12.518,4.169,0.1903,0.458783,3.50551,0.00237469,0.1914,0.0209,-12.299,4.315,3.1413,-0.0118,-0.0035,-12.176,4.316
356.51,85.660,0.1914,0.0209,0.0177,0.0056,-0.0157,-0.0118,-0.0035,-3.1412,-12.524,4.169,0.1903,0.460288,3.58718,0.00209788,0.1914,0.0209,-12.305,4.315,-3.1413,-0.0118,-0.0035,-12.176,4.316
356.61,85.700,0.1914,0.0209,0.0177,0.0056,-0.0157,-0.0118,-0.0035,-3.1407,-12.529,4.169,0.1903,0.461795,3.67065,0.00237469,0.1915,0.0200,-12.311,4.316,-3.1408,-0.0118,-0.0035,-12.176,4.316
356.71,85.720,0.1915,0.0200,0.0170,0.0056,-0.0158,-0.0118,-0.0035,-3.1402,-12.534,4.169,0.1904,0.461795,3.67065,0.00237469,0.1915,0.0200,-12.311,4.316,-3.1408,-0.0118,-0.0035,-12.176,4.316
356.81,85.740,0.1915,0.0200,0.0170,0.0056,-0.0158,-0.0118,-0.0035,-3.1397,-12.540,4.169,0.1904,0.4638,3.78476,0.00237469,0.1915,0.0200,-12.318,4.316,-3.1401,-0.0118,-0.0035,-12.176,4.316
356.91,85.780,0.1915,0.0200,0.0170,0.0056,-0.0158,-0.0118,-0.0035,-3.1392,-12.545,4.169,0.1904,0.465301,3.87252,0.00209788,0.1915,0.0200,-12.324,4.317,-3.1396,-0.0118,-0.0035,-12.176,4.316
357.01,85.800,0.1915,0.0200,0.0164,0.0056,-0.0160,-0.0118,-0.0035,-3.1388,-12.551,4.169,0.1906,0.466805,3.96216,0.00237469,0.1916,0.0193,-12.330,4.317,-3.1391,-0.0118,-0.0035,-12.176,4.316
357.11,85.820,0.1916,0.0193,0.0164,0.0056,-0.0160,-0.0118,-0.0035,-3.1383,-12.556,4.169,0.1906,0.468805,4.08466,0.00237469,0.1916,0.0193,-12.337,4.318,-3.1384,-0.0118,-0.0035,-12.176,4.316
357.21,85.860,0.1916,0.0193,0.0164,0.0056,-0.0160,-0.0118,-0.0035,-3.1378,-12.562,4.169,0.1906,0.470303,4.17882,0.00209788,0.1916,0.0193,-12.343,4.318,-3.1379,-0.0118,-0.0035,-12.176,4.316
357.31,85.880,0.1916,0.0193,0.0164,0.0056,-0.0160,-0.0118,-0.0034,-3.1373,-12.567,4.169,0.1906,0.470303,4.17882,0.00209788,0.1916,0.0193,-12.343,4.318,-3.1379,-0.0118,-0.0035,-12.176,4.316
357.41,85.920,0.1917,0.0188,0.0160,0.0056,-0.0161,-0.0118,-0.0034,-3.1369,-12.572,4.169,0.1907,0.471803,4.27497,0.00237469,0.1917,0.0188,-12.349,4.319,-3.1375,-0.0118,-0.0034,-12.176,4.316
357.51,85.940,0.1917,0.0188,0.0160,0.0056,-0.0161,-0.0118,-0.0034,-3.1365,-12.578,4.169,0.1907,0.473799,4.40631,0.00237469,0.1917,0.0188,-12.357,4.319,-3.1368,-0.0118,-0.0034,-12.176,4.316
357.61,85.980,0.1917,0.0188,0.0160,0.0056,-0.0161,-0.0118,-0.0034,-3.1360,-12.583,4.169,0.1907,0.475293,4.50721,0.00209788,0.1917,0.0188,-12.362,4.320,-3.1363,-0.0118,-0.0034,-12.176,4.316
357.71,86.000,0.1917,0.0188,0.0160,0.0056,-0.0161,-0.0118,-0.0034,-3.1356,-12.588,4.169,0.1907,0.47679,4.6102,0.00237469,0.1917,0.0184,-12.368,4.320,-3.1359,-0.0118,-0.0034,-12.367,4.316
357.81,86.020,0.1917,0.0184,0.0156,0.0056,-0.0162,-0.0118,-0.0034,-3.1352,-12.593,4.168,0.1907,0.42722,2.20793,0.00237468,0.1917,0.0184,-12.376,4.319,-3.1352,-0.0118,-0.0034,-12.367,4.316
357.91,86.060,0.1917,0.0184,0.0157,0.0058,-0.0159,-0.0118,-0.0034,-3.1347,-12.599,4.168,0.1908,0.42722,2.20793,0.00237468,0.1917,0.0184,-12.376,4.319,-3.1352,-0.0118,-0.0034,-12.367,4.316
358.01,86.080,0.1917,0.0184,0.0158,0.0072,-0.0149,-0.0118,-0.0034,-3.1343,-12.604,4.168,0.1908,0.428719,2.25935,0.00209788,0.1917,0.0184,-12.381,4.319,-3.1348,-0.0118,-0.0034,-12.367,4.316
358.11,86.100,0.1917,0.0184,0.0148,0.0055,-0.0163,-0.0118,-0.0034,-3.1339,-12.609,4.168,0.1916,0.430221,2.31205,0.00237468,0.1921,0.0155,-12.387,4.320,-3.1343,-0.0118,-0.0034,-12.367,4.316
358.21,86.140,0.1921,0.0155,0.0148,0.0055,-0.0163,-0.0118,-0.0034,-3.1335,-12.614,4.168,0.1916,0.432221,2.38435,0.00237468,0.1921,0.0155,-12.395,4.320,-3.1337,-0.0118,-0.0034,-12.367,4.316
358.31,86.160,0.1921,0.0155,0.0148,0.0055,-0.0163,-0.0118,-0.0034,-3.1331,-12.619,4.168,0.1916,0.433718,2.44013,0.00209788,0.1921,0.0155,-12.401,4.320,-3.1332,-0.0118,-0.0034,-12.367,4.316
358.41,86.180,0.1921,0.0155,0.0148,0.0055,-0.0163,-0.0118,-0.0034,-3.1327,-12.625,4.168,0.1916,0.435219,2.49726,0.00237469,0.1921,0.0153,-12.406,4.321,-3.1328,-0.0118,-0.0034,-12.367,4.316
358.51,86.220,0.1921,0.0153,0.0146,0.0055,-0.0163,-0.0118,-0.0034,-3.1323,-12.630,4.168,0.1916,0.435219,2.49726,0.00237469,0.1921,0.0153,-12.406,4.321,-3.1328,-0.0118,-0.0034,-12.367,4.316
358.61,86.240,0.1921,0.0153,0.0146,0.0055,-0.0163,-0.0118,-0.0034,-3.1319,-12.635,4.168,0.1916,0.437218,2.57559,0.00237469,0.1921,0.0153,-12.414,4.321,-3.1322,-0.0118,-0.0034,-12.367,4.316
358.71,86.280,0.1921,0.0153,0.0146,0.0055,-0.0163,-0.0118,-0.0034,-3.1315,-12.641,4.168,0.1916,0.438715,2.63599,0.00209788,0.1921,0.0153,-12.420,4.322,-3.1318,-0.0118,-0.0034,-12.367,4.316
358.81,86.300,0.1921,0.0153,0.0146,0.0055,-0.0163,-0.0118,-0.0034,-3.1311,-12.646,4.168,0.1916,0.440215,2.69782,0.00237469,0.1921,0.0151,-12.426,4.322,-3.1313,-0.0118,-0.0034,-12.367,4.316
358.91,86.320,0.1921,0.0151,0.0145,0.0055,-0.0163,-0.0118,-0.0034,-3.1306,-12.651,4.167,0.1916,0.442212,2.78255,0.00237469,0.1921,0.0151,-12.433,4.323,-3.1307,-0.0118,-0.0034,-12.367,4.316
359.01,86.360,0.1921,0.0151,0.0145,0.0054,-0.0163,-0.0118,-0.0034,-3.1302,-12.657,4.167,0.1916,0.443708,2.84783,0.00209788,0.1921,0.0151,-12.439,4.323,-3.1303,-0.0118,-0.0034,-12.367,4.316
359.11,86.380,0.1921,0.0151,0.0145,0.0054,-0.0163,-0.0118,-0.0034,-3.1298,-12.662,4.167,0.1916,0.443708,2.84783,0.00209788,0.1921,0.0151,-12.439,4.323,-3.1303,-0.0118,-0.0034,-12.367,4.316
359.21,86.420,0.1921,0.0151,0.0145,0.0054,-0.0164,-0.0118,-0.0034,-3.1294,-12.668,4.167,0.1917,0.445208,2.91464,0.00237469,0.1921,0.0151,-12.445,4.324,-3.1299,-0.0118,-0.0034,-12.367,4.316
359.31,86.440,0.1921,0.0151,0.0145,0.0054,-0.0164,-0.0118,-0.0034,-3.1290,-12.673,4.167,0.1917,0.447204,3.00613,0.00237469,0.1921,0.0151,-12.453,4.324,-3.1293,-0.0118,-0.0034,-12.367,4.316
359.41,86.460,0.1921,0.0151,0.0145,0.0054,-0.0164,-0.0118,-0.0033,-3.1286,-12.678,4.167,0.1917,0.4487,3.07659,0.00209788,0.1921,0.0151,-12.458,4.325,-3.1289,-0.0118,-0.0033,-12.367,4.316
359.51,86.500,0.1921,0.0151,0.0145,0.0054,-0.0164,-0.0118,-0.0033,-3.1282,-12.684,4.167,0.1917,0.450199,3.14865,0.00237469,0.1921,0.0151,-12.464,4.325,-3.1284,-0.0118,-0.0033,-12.367,4.316
359.61,86.520,0.1921,0.0151,0.0145,0.0054,-0.0164,-0.0118,-0.0033,-3.1278,-12.689,4.167,0.1917,0.452195,3.24729,0.00237469,0.1921,0.0151,-12.472,4.326,-3.1278,-0.0118,-0.0033,-12.367,4.316
359.71,86.560,0.1921,0.0151,0.0145,0.0054,-0.0164,-0.0118,-0.0033,-3.1274,-12.695,4.166,0.1917,0.452195,3.24729,0.00237469,0.1921,0.0151,-12.472,4.326,-3.1278,-0.0118,-0.0033,-12.367,4.316
359.81,86.580,0.1921,0.0151,0.0145,0.0054,-0.0164,-0.0119,-0.0033,-3.1269,-12.701,4.166,0.1917,0.45369,3.32321,0.00209788,0.1921,0.0151,-12.478,4.326,-3.1274,-0.0119,-0.0033,-12.367,4.316
359.91,86.620,0.1921,0.0152,0.0146,0.0055,-0.0164,-0.0119,-0.0033,-3.1265,-12.706,4.166,0.1916,0.455189,3.40083,0.00237469,0.1921,0.0152,-12.483,4.326,-3.1270,-0.0119,-0.0033,-12.367,4.316
360.01,86.640,0.1921,0.0152,0.0146,0.0056,-0.0165,-0.0119,-0.0033,-3.1261,-12.711,4.166,0.1917,0.457185,3.50702,0.00237469,0.1921,0.0152,-12.491,4.327,-3.1264,-0.0119,-0.0033,-12.367,4.316
360.11,86.660,0.1921,0.0152,0.0146,0.0058,-0.0166,-0.0119,-0.0033,-3.1257,-12.717,4.166,0.1917,0.45868,3.58871,0.00209788,0.1921,0.0152,-12.497,4.327,-3.1260,-0.0119,-0.0033,-12.367,4.316
360.21,86.700,0.1921,0.0152,0.0144,0.0101,-0.0185,-0.0119,-0.0033,-3.1253,-12.722,4.166,0.1936,0.460179,3.67219,0.00237469,0.1940,-0.0004,-12.503,4.328,-3.1255,-0.0119,-0.0033,-12.367,4.316
360.31,86.720,0.1940,0.0009,-0.0003,0.0054,-0.0193,-0.0119,-0.0033,-3.1253,-12.727,4.166,0.1939,0.462175,3.78633,0.00237469,0.1940,-0.0004,-12.510,4.328,-3.1252,-0.0119,-0.0033,-12.367,4.316
360.41,86.760,0.1940,-0.0004,-0.0003,0.0054,-0.0193,-0.0119,-0.0033,-3.1253,-12.733,4.166,0.1939,0.462175,3.78633,0.00237469,0.1940,-0.0004,-12.510,4.328,-3.1252,-0.0119,-0.0033,-12.367,4.316
360.51,86.780,0.1940,-0.0004,-0.0003,0.0054,-0.0193,-0.0119,-0.0033,-3.1253,-12.738,4.166,0.1939,0.46367,3.8741,0.00209788,0.1940,-0.0004,-12.516,4.329,-3.1252,-0.0119,-0.0033,-12.367,4.316
360.61,86.800,0.1940,-0.0004,0.0001,0.0054,-0.0192,-0.0119,-0.0033,-3.1253,-12.744,4.165,0.1940,0.46517,3.96376,0.00237469,0.1940,0.0001,-12.522,4.329,-3.1253,-0.0119,-0.0033,-12.367,4.316
360.71,86.840,0.1940,0.0001,0.0001,0.0054,-0.0192,-0.0119,-0.0033,-3.1253,-12.750,4.165,0.1940,0.467168,4.08629,0.00237469,0.1940,0.0001,-12.530,4.330,-3.1253,-0.0119,-0.0033,-12.367,4.316
360.81,86.860,0.1940,0.0001,0.0001,0.0054,-0.0192,-0.0119,-0.0033,-3.1253,-12.755,4.165,0.1940,0.468665,4.18047,0.00209788,0.1940,0.0001,-12.536,4.330,-3.1253,-0.0119,-0.0033,-12.367,4.316
360.91,86.900,0.1940,0.0001,0.0001,0.0054,-0.0192,-0.0119,-0.0033,-3.1253,-12.760,4.165,0.1938,0.470166,4.27663,0.00237469,0.1938,0.0015,-12.541,4.331,-3.1253,-0.0119,-0.0033,-12.367,4.316
361.01,86.920,0.1938,0.0015,0.0013,0.0054,-0.0189,-0.0119,-0.0033,-3.1253,-12.765,4.165,0.1938,0.470166,4.27663,0.00237469,0.1938,0.0015,-12.541,4.331,-3.1253,-0.0119,-0.0033,-12.367,4.316
361.11,86.940,0.1938,0.0015,0.0013,0.0054,-0.0189,-0.0119,-0.0033,-3.1252,-12.771,4.165,0.1938,0.472166,4.40799,0.00237469,0.1938,0.0015,-12.549,4.331,-3.1253,-0.0119,-0.0033,-12.367,4.316
361.21,86.980,0.1938,0.0015,0.0013,0.0054,-0.0189,-0.0119,-0.0033,-3.1252,-12.777,4.165,0.1938,0.473664,4.50891,0.00209788,0.1938,0.0015,-12.555,4.332,-3.1252,-0.0119,-0.0033,-12.367,4.316
361.31,87.000,0.1938,0.0015,0.0024,0.0036,-0.0126,-0.0119,-0.0033,-3.1251,-12.782,4.165,0.1936,0.475167,4.61192,0.00237469,0.1936,0.0028,-12.561,4.332,-3.1252,-0.0119,-0.0033,-12.560,4.314
361.41,87.040,0.1936,0.0028,0.0024,0.0054,-0.0187,-0.0119,-0.0033,-3.1251,-12.787,4.165,0.1936,0.426623,2.20868,0.00237468,0.1936,0.0028,-12.569,4.323,-3.1251,-0.0119,-0.0033,-12.560,4.314
361.51,87.060,0.1936,0.0028,0.0024,0.0054,-0.0187,-0.0119,-0.0033,-3.1250,-12.793,4.165,0.1936,0.428129,2.2601,0.00209788,0.1936,0.0028,-12.574,4.323,-3.1250,-0.0119,-0.0033,-12.560,4.314
361.61,87.100,0.1936,0.0028,0.0024,0.0054,-0.0187,-0.0119,-0.0033,-3.1249,-12.799,4.165,0.1935,0.429639,2.31281,0.00237468,0.1935,-0.0039,-12.580,4.323,-3.1249,-0.0119,-0.0033,-12.560,4.314
361.71,87.120,0.1935,-0.0039,-0.0034,-0.0002,-0.0000,-0.0119,-0.0033,-3.1250,-12.804,4.164,0.1933,0.429639,2.31281,0.00237468,0.1935,-0.0039,-12.580,4.323,-3.1249,-0.0119,-0.0033,-12.560,4.314
361.81,87.140,0.1935,-0.0039,-0.0034,0.0054,-0.0199,-0.0119,-0.0033,-3.1251,-12.810,4.164,0.1933,0.43165,2.38512,0.00237468,0.1935,-0.0039,-12.588,4.324,-3.1250,-0.0119,-0.0033,-12.560,4.314
361.91,87.180,0.1935,-0.0039,-0.0034,0.0054,-0.0199,-0.0119,-0.0033,-3.1252,-12.815,4.164,0.1933,0.433157,2.4409,0.00209788,0.1935,-0.0039,-12.594,4.324,-3.1251,-0.0119,-0.0033,-12.560,4.314
362.01,87.200,0.1935,-0.0039,-0.0023,0.0054,-0.0197,-0.0119,-0.0033,-3.1253,-12.820,4.164,0.1935,0.434668,2.49804,0.00237469,0.1937,-0.0027,-12.600,4.325,-3.1252,-0.0119,-0.0033,-12.560,4.314
362.11,87.240,0.1937,-0.0027,-0.0023,0.0054,-0.0197,-0.0119,-0.0033,-3.1253,-12.826,4.164,0.1935,0.436681,2.57639,0.00237469,0.1937,-0.0027,-12.607,4.325,-3.1253,-0.0119,-0.0033,-12.560,4.314
362.21,87.260,0.1937,-0.0027,-0.0023,0.0054,-0.0197,-0.0119,-0.0033,-3.1254,-12.831,4.164,0.1935,0.438189,2.63679,0.00209788,0.1937,-0.0027,-12.613,4.325,-3.1254,-0.0119,-0.0033,-12.560,4.314
362.31,87.280,0.1937,-0.0027,-0.0023,0.0054,-0.0197,-0.0119,-0.0033,-3.1255,-12.837,4.164,0.1935,0.439701,2.69863,0.00237469,0.1939,-0.0011,-12.619,4.326,-3.1254,-0.0119,-0.0033,-12.560,4.314
362.41,87.320,0.1939,-0.0011,-0.0009,0.0054,-0.0194,-0.0119,-0.0033,-3.1255,-12.842,4.164,0.1938,0.439701,2.69863,0.00237469,0.1939,-0.0011,-12.619,4.326,-3.1254,-0.0119,-0.0033,-12.560,4.314
362.51,87.340,0.1939,-0.0011,-0.0009,0.0054,-0.0194,-0.0119,-0.0033,-3.1255,-12.848,4.164,0.1938,0.441716,2.78337,0.00237469,0.1939,-0.0011,-12.627,4.326,-3.1255,-0.0119,-0.0033,-12.560,4.314
362.61,87.380,0.1939,-0.0011,-0.0009,0.0054,-0.0194,-0.0119,-0.0033,-3.1255,-12.853,4.164,0.1938,0.443225,2.84866,0.00209788,0.1939,-0.0011,-12.632,4.327,-3.1255,-0.0119,-0.0033,-12.560,4.314
362.71,87.400,0.1939,-0.0011,0.0003,0.0054,-0.0191,-0.0119,-0.0033,-3.1256,-12.859,4.163,0.1940,0.444738,2.91548,0.00237469,0.1940,0.0004,-12.638,4.327,-3.1256,-0.0119,-0.0033,-12.560,4.314
362.81,87.440,0.1940,0.0004,0.0003,0.0054,-0.0191,-0.0119,-0.0033,-3.1255,-12.864,4.163,0.1940,0.446754,3.00698,0.00237469,0.1940,0.0004,-12.646,4.327,-3.1256,-0.0119,-0.0033,-12.560,4.314
362.91,87.460,0.1940,0.0004,0.0003,0.0054,-0.0191,-0.0119,-0.0033,-3.1255,-12.870,4.163,0.1940,0.448265,3.07745,0.00209788,0.1940,0.0004,-12.652,4.328,-3.1255,-0.0119,-0.0033,-12.560,4.314
363.01,87.480,0.1940,0.0004,0.0003,0.0052,-0.0192,-0.0119,-0.0033,-3.1255,-12.875,4.163,0.1939,0.448265,3.07745,0.00209788,0.1940,0.0004,-12.652,4.328,-3.1255,-0.0119,-0.0033,-12.560,4.314
363.11,87.520,0.1938,0.0017,0.0013,0.0054,-0.0190,-0.0119,-0.0033,-3.1255,-12.880,4.163,0.1937,0.44978,3.14953,0.00237469,0.1938,0.0017,-12.658,4.328,-3.1255,-0.0119,-0.0033,-12.560,4.314
363.21,87.540,0.1938,0.0017,0.0013,0.0054,-0.0190,-0.0119,-0.0033,-3.1255,-12.886,4.163,0.1937,0.451798,3.24818,0.00237469,0.1938,0.0017,-12.665,4.329,-3.1255,-0.0119,-0.0033,-12.560,4.314
363.31,87.580,0.1938,0.0017,0.0013,0.0054,-0.0190,-0.0119,-0.0033,-3.1254,-12.892,4.163,0.1937,0.45331,3.32411,0.00209788,0.1938,0.0017,-12.671,4.329,-3.1255,-0.0119,-0.0033,-12.560,4.314
363.41,87.600,0.1938,0.0017,0.0013,0.0054,-0.0190,-0.0119,-0.0033,-3.1254,-12.897,4.163,0.1935,0.454826,3.40174,0.00237469,0.1936,0.0032,-12.677,4.329,-3.1254,-0.0119,-0.0033,-12.560,4.314
363.51,87.620,0.1936,0.0032,0.0025,0.0054,-0.0187,-0.0119,-0.0033,-3.1253,-12.902,4.163,0.1935,0.456845,3.50794,0.00237469,0.1936,0.0032,-12.685,4.330,-3.1253,-0.0119,-0.0033,-12.560,4.314
363.61,87.660,0.1936,0.0032,0.0025,0.0054,-0.0187,-0.0119,-0.0033,-3.1252,-12.908,4.163,0.1935,0.456845,3.50794,0.00237469,0.1936,0.0032,-12.685,4.330,-3.1253,-0.0119,-0.0033,-12.560,4.314
363.71,87.680,0.1936,0.0032,0.0025,0.0054,-0.0187,-0.0119,-0.0033,-3.1252,-12.914,4.163,0.1935,0.458359,3.58964,0.00209788,0.1936,0.0032,-12.691,4.330,-3.1253,-0.0119,-0.0033,-12.560,4.314
363.81,87.720,0.1935,0.0039,0.0030,0.0054,-0.0186,-0.0119,-0.0033,-3.1251,-12.919,4.162,0.1934,0.459877,3.67314,0.00237469,0.1935,0.0039,-12.697,4.331,-3.1252,-0.0119,-0.0033,-12.560,4.314
363.91,87.740,0.1935,0.0039,0.0030,0.0054,-0.0186,-0.0119,-0.0033,-3.1250,-12.925,4.162,0.1934,0.461899,3.7873,0.00237469,0.1935,0.0039,-12.704,4.331,-3.1251,-0.0119,-0.0033,-12.560,4.314
364.01,87.780,0.1935,0.0039,0.0030,0.0053,-0.0186,-0.0119,-0.0033,-3.1249,-12.930,4.162,0.1934,0.463414,3.87508,0.00209788,0.1935,0.0039,-12.710,4.332,-3.1250,-0.0119,-0.0033,-12.560,4.314
364.11,87.800,0.1935,0.0039,0.0038,0.0053,-0.0185,-0.0119,-0.0033,-3.1248,-12.936,4.162,0.1933,0.464934,3.96475,0.00237469,0.1934,0.0049,-12.716,4.332,-3.1249,-0.0119,-0.0033,-12.560,4.314
364.21,87.820,0.1934,0.0049,0.0038,0.0053,-0.0185,-0.0119,-0.0033,-3.1247,-12.941,4.162,0.1933,0.466958,4.0873,0.00237469,0.1934,0.0049,-12.724,4.332,-3.1247,-0.0119,-0.0033,-12.560,4.314
364.31,87.860,0.1934,0.0049,0.0038,0.0053,-0.0185,-0.0119,-0.0033,-3.1246,-12.947,4.162,0.1933,0.468475,4.18149,0.00209788,0.1934,0.0049,-12.729,4.333,-3.1246,-0.0119,-0.0033,-12.560,4.314
364.41,87.880,0.1934,0.0049,0.0038,0.0053,-0.0185,-0.0119,-0.0033,-3.1245,-12.952,4.162,0.1933,0.468475,4.18149,0.00209788,0.1934,0.0049,-12.729,4.333,-3.1246,-0.0119,-0.0033,-12.560,4.314
364.51,87.920,0.1933,0.0059,0.0045,0.0053,-0.0183,-0.0119,-0.0033,-3.1244,-12.957,4.162,0.1931,0.469997,4.27767,0.00237469,0.1933,0.0059,-12.735,4.333,-3.1245,-0.0119,-0.0033,-12.560,4.314
364.61,87.940,0.1933,0.0059,0.0045,0.0053,-0.0183,-0.0119,-0.0033,-3.1242,-12.963,4.162,0.1931,0.472024,4.40905,0.00237469,0.1933,0.0059,-12.743,4.334,-3.1243,-0.0119,-0.0033,-12.560,4.314
364.71,87.980,0.1933,0.0059,0.0045,0.0053,-0.0183,-0.0119,-0.0033,-3.1241,-12.969,4.161,0.1931,0.473544,4.50998,0.00209788,0.1933,0.0059,-12.749,4.334,-3.1242,-0.0119,-0.0033,-12.560,4.314
364.81,88.000,0.1933,0.0059,0.0045,0.0053,-0.0183,-0.0119,-0.0033,-3.1240,-12.974,4.161,0.1930,0.475067,4.613,0.00237469,0.1932,0.0068,-12.755,4.335,-3.1241,-0.0119,-0.0033,-12.753,4.311
364.91,88.020,0.1932,0.0068,0.0052,0.0053,-0.0182,-0.0119,-0.0033,-3.1238,-12.979,4.161,0.1930,0.426641,2.20895,0.00237468,0.1932,0.0068,-12.762,4.322,-3.1239,-0.0119,-0.0033,-12.753,4.311
365.01,88.060,0.1932,0.0068,0.0052,0.0053,-0.0182,-0.0119,-0.0033,-3.1237,-12.985,4.161,0.1930,0.426641,2.20895,0.00237468,0.1932,0.0068,-12.762,4.322,-3.1239,-0.0119,-0.0033,-12.753,4.311
365.11,88.080,0.1932,0.0068,0.0052,0.0053,-0.0182,-0.0119,-0.0033,-3.1235,-12.991,4.161,0.1930,0.428159,2.26037,0.00209788,0.1932,0.0068,-12.768,4.322,-3.1237,-0.0119,-0.0033,-12.753,4.311
365.21,88.100,0.1932,0.0068,-0.0025,-0.0001,-0.0000,-0.0119,-0.0033,-3.1235,-12.995,4.161,0.1934,0.42968,2.31308,0.00237468,0.1935,-0.0041,-12.774,4.323,-3.1236,-0.0119,-0.0033,-12.753,4.311
365.31,88.140,0.1935,-0.0041,-0.0032,0.0053,-0.0198,-0.0119,-0.0033,-3.1236,-13.001,4.161,0.1934,0.431707,2.38538,0.00237468,0.1935,-0.0041,-12.782,4.323,-3.1235,-0.0119,-0.0033,-12.753,4.311
365.41,88.160,0.1935,-0.0041,-0.0032,0.0054,-0.0198,-0.0119,-0.0033,-3.1237,-13.006,4.161,0.1934,0.433226,2.44116,0.00209788,0.1935,-0.0041,-12.787,4.323,-3.1236,-0.0119,-0.0033,-12.753,4.311
365.51,88.200,0.1935,-0.0041,-0.0032,0.0055,-0.0198,-0.0119,-0.0033,-3.1238,-13.012,4.161,0.1935,0.434749,2.4983,0.00237469,0.1936,-0.0032,-12.793,4.324,-3.1237,-0.0119,-0.0033,-12.753,4.311
365.61,88.220,0.1936,-0.0032,-0.0027,-0.0001,-0.0000,-0.0119,-0.0033,-3.1239,-13.017,4.160,0.1936,0.436777,2.57664,0.00237469,0.1936,-0.0032,-12.801,4.324,-3.1239,-0.0119,-0.0033,-12.753,4.311
365.71,88.260,0.1936,-0.0032,-0.0027,0.0053,-0.0197,-0.0119,-0.0033,-3.1239,-13.023,4.160,0.1936,0.436777,2.57664,0.00237469,0.1936,-0.0032,-12.801,4.324,-3.1239,-0.0119,-0.0033,-12.753,4.311
365.81,88.280,0.1936,-0.0032,-0.0027,0.0053,-0.0197,-0.0119,-0.0033,-3.1240,-13.028,4.160,0.1936,0.438298,2.63704,0.00209788,0.1936,-0.0032,-12.807,4.324,-3.1239,-0.0119,-0.0033,-12.753,4.311
365.91,88.300,0.1936,-0.0032,-0.0014,0.0053,-0.0195,-0.0119,-0.0033,-3.1241,-13.033,4.160,0.1938,0.439822,2.69888,0.00237469,0.1938,-0.0016,-12.813,4.324,-3.1240,-0.0119,-0.0033,-12.753,4.311
366.01,88.340,0.1938,-0.0016,-0.0014,0.0053,-0.0195,-0.0119,-0.0033,-3.1241,-13.039,4.160,0.1938,0.441852,2.78361,0.00237469,0.1938,-0.0016,-12.820,4.325,-3.1241,-0.0119,-0.0033,-12.753,4.311
366.11,88.360,0.1938,-0.0016,-0.0014,0.0053,-0.0195,-0.0119,-0.0033,-3.1241,-13.045,4.160,0.1938,0.443374,2.8489,0.00209788,0.1938,-0.0016,-12.826,4.325,-3.1241,-0.0119,-0.0033,-12.753,4.311
366.21,88.400,0.1938,-0.0016,-0.0014,0.0053,-0.0195,-0.0119,-0.0033,-3.1242,-13.050,4.160,0.1940,0.4449,2.91571,0.00237469,0.1940,-0.0002,-12.832,4.325,-3.1242,-0.0119,-0.0033,-12.753,4.311
366.31,88.420,0.1940,-0.0002,-0.0002,0.0053,-0.0192,-0.0119,-0.0033,-3.1242,-13.056,4.160,0.1940,0.4449,2.91571,0.00237469,0.1940,-0.0002,-12.832,4.325,-3.1242,-0.0119,-0.0033,-12.753,4.311
366.41,88.440,0.1940,-0.0002,-0.0002,0.0053,-0.0192,-0.0119,-0.0033,-3.1242,-13.061,4.160,0.1940,0.446932,3.0072,0.00237469,0.1940,-0.0002,-12.840,4.326,-3.1242,-0.0119,-0.0033,-12.753,4.311
366.51,88.480,0.1940,-0.0002,-0.0002,0.0053,-0.0192,-0.0119,-0.0033,-3.1242,-13.067,4.160,0.1940,0.448455,3.07767,0.00209788,0.1940,-0.0002,-12.846,4.326,-3.1242,-0.0119,-0.0033,-12.753,4.311
366.61,88.500,0.1940,-0.0002,0.0009,0.0053,-0.0190,-0.0119,-0.0033,-3.1242,-13.072,4.159,0.1938,0.449983,3.14974,0.00237469,0.1939,0.0011,-12.851,4.326,-3.1242,-0.0119,-0.0033,-12.753,4.311
366.71,88.540,0.1939,0.0011,0.0009,0.0053,-0.0190,-0.0119,-0.0033,-3.1242,-13.077,4.159,0.1938,0.452017,3.24838,0.00237469,0.1939,0.0011,-12.859,4.327,-3.1242,-0.0119,-0.0033,-12.753,4.311
366.81,88.560,0.1939,0.0011,0.0009,0.0053,-0.0190,-0.0119,-0.0033,-3.1241,-13.083,4.159,0.1938,0.453542,3.32431,0.00209788,0.1939,0.0011,-12.865,4.327,-3.1242,-0.0119,-0.0033,-12.753,4.311
366.91,88.580,0.1939,0.0011,0.0009,0.0053,-0.0190,-0.0119,-0.0033,-3.1241,-13.088,4.159,0.1938,0.453542,3.32431,0.00209788,0.1939,0.0011,-12.865,4.327,-3.1242,-0.0119,-0.0033,-12.753,4.311
367.01,88.620,0.1937,0.0022,0.0019,0.0053,-0.0188,-0.0119,-0.0033,-3.1241,-13.094,4.159,0.1936,0.455071,3.40193,0.00237469,0.1937,0.0022,-12.871,4.327,-3.1241,-0.0119,-0.0033,-12.753,4.311
367.11,88.640,0.1937,0.0022,0.0019,0.0053,-0.0188,-0.0119,-0.0033,-3.1240,-13.099,4.159,0.1936,0.457109,3.50812,0.00237469,0.1937,0.0022,-12.879,4.328,-3.1241,-0.0119,-0.0033,-12.753,4.311
367.21,88.680,0.1937,0.0022,0.0019,0.0053,-0.0188,-0.0119,-0.0033,-3.1239,-13.105,4.159,0.1936,0.458636,3.58982,0.00209788,0.1937,0.0022,-12.884,4.328,-3.1240,-0.0119,-0.0033,-12.753,4.311
367.31,88.700,0.1937,0.0022,0.0028,0.0053,-0.0187,-0.0119,-0.0033,-3.1239,-13.110,4.159,0.1934,0.460167,3.6733,0.00237469,0.1936,0.0033,-12.890,4.328,-3.1239,-0.0119,-0.0033,-12.753,4.311
367.41,88.720,0.1936,0.0033,0.0028,0.0053,-0.0187,-0.0119,-0.0033,-3.1238,-13.116,4.159,0.1934,0.462207,3.78745,0.00237469,0.1936,0.0033,-12.898,4.329,-3.1238,-0.0119,-0.0033,-12.753,4.311
367.51,88.760,0.1936,0.0033,0.0028,0.0053,-0.0187,-0.0119,-0.0033,-3.1237,-13.121,4.159,0.1934,0.463737,3.87522,0.00209788,0.1936,0.0033,-12.904,4.329,-3.1238,-0.0119,-0.0033,-12.753,4.311
367.61,88.780,0.1936,0.0033,0.0028,0.0053,-0.0187,-0.0119,-0.0033,-3.1236,-13.127,4.158,0.1934,0.463737,3.87522,0.00209788,0.1936,0.0033,-12.904,4.329,-3.1238,-0.0119,-0.0033,-12.753,4.311
367.71,88.820,0.1935,0.0042,0.0036,0.0053,-0.0185,-0.0119,-0.0033,-3.1236,-13.132,4.158,0.1933,0.46527,3.96489,0.00237469,0.1935,0.0042,-12.910,4.329,-3.1237,-0.0119,-0.0033,-12.753,4.311
367.81,88.840,0.1935,0.0042,0.0036,0.0053,-0.0185,-0.0119,-0.0033,-3.1235,-13.137,4.158,0.1933,0.467314,4.08742,0.00237469,0.1935,0.0042,-12.917,4.330,-3.1235,-0.0119,-0.0033,-12.753,4.311
367.91,88.880,0.1935,0.0042,0.0036,0.0053,-0.0185,-0.0119,-0.0033,-3.1233,-13.143,4.158,0.1933,0.468846,4.1816,0.00209788,0.1935,0.0042,-12.923,4.330,-3.1234,-0.0119,-0.0033,-12.753,4.311
368.01,88.900,0.1935,0.0042,0.0036,0.0053,-0.0185,-0.0119,-0.0033,-3.1232,-13.148,4.158,0.1931,0.470382,4.27777,0.00237469,0.1934,0.0051,-12.929,4.330,-3.1233,-0.0119,-0.0033,-12.753,4.311
368.11,88.920,0.1934,0.0051,0.0043,0.0053,-0.0184,-0.0119,-0.0033,-3.1231,-13.154,4.158,0.1931,0.472429,4.40913,0.00237469,0.1934,0.0051,-12.937,4.331,-3.1232,-0.0119,-0.0033,-12.753,4.311
368.21,88.960,0.1934,0.0051,0.0044,0.0054,-0.0183,-0.0119,-0.0033,-3.1230,-13.160,4.158,0.1931,0.473964,4.51005,0.00209788,0.1934,0.0051,-12.942,4.331,-3.1230,-0.0119,-0.0033,-12.753,4.311
368.31,88.980,0.1934,0.0051,0.0044,0.0055,-0.0182,-0.0119,-0.0033,-3.1229,-13.165,4.158,0.1931,0.473964,4.51005,0.00209788,0.1934,0.0051,-12.942,4.331,-3.1230,-0.0119,-0.0033,-12.753,4.311
368.41,89.020,0.1933,0.0059,0.0057,0.0053,-0.0181,-0.0119,-0.0033,-3.1227,-13.170,4.158,0.1931,0.475504,4.61306,0.00237469,0.1933,0.0059,-12.948,4.331,-3.1229,-0.0119,-0.0033,-12.947,4.307
368.51,89.040,0.1933,0.0059,0.0057,0.0053,-0.0181,-0.0119,-0.0033,-3.1226,-13.176,4.157,0.1931,0.426817,2.20885,0.00237468,0.1933,0.0059,-12.956,4.319,-3.1227,-0.0119,-0.0033,-12.947,4.307
368.61,89.060,0.1933,0.0059,0.0057,0.0053,-0.0181,-0.0119,-0.0033,-3.1224,-13.181,4.157,0.1931,0.428342,2.26027,0.00209788,0.1933,0.0059,-12.962,4.319,-3.1225,-0.0119,-0.0033,-12.947,4.307
368.71,89.100,0.1933,0.0059,0.0057,0.0053,-0.0181,-0.0119,-0.0033,-3.1223,-13.187,4.157,0.1932,0.429871,2.31296,0.00237468,0.1932,-0.0066,-12.967,4.319,-3.1223,-0.0119,-0.0033,-12.947,4.307
368.81,89.120,0.1932,-0.0064,-0.0064,-0.0003,-0.0001,-0.0119,-0.0033,-3.1224,-13.192,4.157,0.1930,0.431908,2.38525,0.00237468,0.1932,-0.0066,-12.975,4.319,-3.1224,-0.0119,-0.0033,-12.947,4.307
368.91,89.160,0.1932,-0.0066,-0.0064,0.0053,-0.0205,-0.0119,-0.0033,-3.1226,-13.198,4.157,0.1930,0.431908,2.38525,0.00237468,0.1932,-0.0066,-12.975,4.319,-3.1224,-0.0119,-0.0033,-12.947,4.307
369.01,89.180,0.1932,-0.0066,-0.0064,0.0053,-0.0205,-0.0119,-0.0033,-3.1228,-13.204,4.157,0.1930,0.433435,2.44102,0.00209788,0.1932,-0.0066,-12.981,4.319,-3.1225,-0.0119,-0.0033,-12.947,4.307
369.11,89.220,0.1933,-0.0058,-0.0056,0.0053,-0.0203,-0.0119,-0.0033,-3.1230,-13.209,4.157,0.1931,0.434966,2.49815,0.00237469,0.1933,-0.0058,-12.987,4.319,-3.1228,-0.0119,-0.0033,-12.947,4.307
369.21,89.240,0.1933,-0.0058,-0.0056,0.0053,-0.0203,-0.0119,-0.0033,-3.1231,-13.214,4.157,0.1931,0.437005,2.57647,0.00237469,0.1933,-0.0058,-12.994,4.320,-3.1230,-0.0119,-0.0033,-12.947,4.307
369.31,89.280,0.1933,-0.0058,-0.0056,0.0053,-0.0203,-0.0119,-0.0033,-3.1233,-13.220,4.156,0.1931,0.438532,2.63686,0.00209788,0.1933,-0.0058,-13.000,4.320,-3.1232,-0.0119,-0.0033,-12.947,4.307
369.41,89.300,0.1933,-0.0058,-0.0056,0.0053,-0.0203,-0.0119,-0.0033,-3.1234,-13.225,4.156,0.1934,0.440064,2.69868,0.00237469,0.1935,-0.0039,-13.006,4.320,-3.1234,-0.0119,-0.0033,-12.947,4.307
369.51,89.320,0.1935,-0.0039,-0.0038,0.0053,-0.0200,-0.0119,-0.0033,-3.1235,-13.230,4.156,0.1934,0.442104,2.78339,0.00237469,0.1935,-0.0039,-13.014,4.320,-3.1235,-0.0119,-0.0033,-12.947,4.307
369.61,89.360,0.1935,-0.0039,-0.0038,0.0053,-0.0200,-0.0119,-0.0033,-3.1236,-13.236,4.156,0.1934,0.442104,2.78339,0.00237469,0.1935,-0.0039,-13.014,4.320,-3.1235,-0.0119,-0.0033,-12.947,4.307
369.71,89.380,0.1935,-0.0039,-0.0038,0.0053,-0.0200,-0.0119,-0.0033,-3.1238,-13.242,4.156,0.1934,0.443633,2.84867,0.00209788,0.1935,-0.0039,-13.020,4.320,-3.1236,-0.0119,-0.0033,-12.947,4.307
369.81,89.400,0.1935,-0.0039,-0.0023,0.0053,-0.0198,-0.0119,-0.0033,-3.1238,-13.246,4.156,0.1936,0.445166,2.91547,0.00237469,0.1937,-0.0023,-13.025,4.321,-3.1238,-0.0119,-0.0033,-12.947,4.307
369.91,89.440,0.1937,-0.0023,-0.0023,0.0053,-0.0197,-0.0119,-0.0033,-3.1239,-13.252,4.156,0.1936,0.447208,3.00694,0.00237469,0.1937,-0.0023,-13.033,4.321,-3.1239,-0.0119,-0.0033,-12.947,4.307
370.01,89.460,0.1937,-0.0023,-0.0023,0.0053,-0.0197,-0.0119,-0.0033,-3.1240,-13.258,4.156,0.1936,0.448739,3.07739,0.00209788,0.1937,-0.0023,-13.039,4.321,-3.1239,-0.0119,-0.0033,-12.947,4.307
370.11,89.500,0.1937,-0.0023,-0.0023,0.0053,-0.0197,-0.0119,-0.0033,-3.1240,-13.263,4.156,0.1938,0.450273,3.14945,0.00237469,0.1939,-0.0010,-13.045,4.321,-3.1240,-0.0119,-0.0033,-12.947,4.307
370.21,89.520,0.1939,-0.0010,-0.0009,0.0053,-0.0194,-0.0119,-0.0033,-3.1240,-13.269,4.155,0.1938,0.450273,3.14945,0.00237469,0.1939,-0.0010,-13.045,4.321,-3.1240,-0.0119,-0.0033,-12.947,4.307
370.31,89.540,0.1939,-0.0010,-0.0009,0.0053,-0.0194,-0.0119,-0.0033,-3.1241,-13.274,4.155,0.1938,0.452317,3.24807,0.00237469,0.1939,-0.0010,-13.053,4.321,-3.1241,-0.0119,-0.0033,-12.947,4.307
370.41,89.580,0.1939,-0.0010,-0.0009,0.0053,-0.0194,-0.0119,-0.0033,-3.1241,-13.279,4.155,0.1938,0.453849,3.32398,0.00209788,0.1939,-0.0010,-13.058,4.322,-3.1241,-0.0119,-0.0033,-12.947,4.307
370.51,89.600,0.1939,-0.0010,0.0002,0.0054,-0.0192,-0.0119,-0.0033,-3.1241,-13.285,4.155,0.1940,0.455385,3.40159,0.00237469,0.1940,0.0002,-13.064,4.322,-3.1241,-0.0119,-0.0033,-12.947,4.307
370.61,89.640,0.1940,0.0002,0.0002,0.0053,-0.0192,-0.0119,-0.0033,-3.1241,-13.290,4.155,0.1940,0.457432,3.50776,0.00237469,0.1940,0.0002,-13.072,4.322,-3.1241,-0.0119,-0.0033,-12.947,4.307
370.71,89.660,0.1940,0.0002,0.0002,0.0053,-0.0192,-0.0119,-0.0033,-3.1241,-13.295,4.155,0.1940,0.458966,3.58944,0.00209788,0.1940,0.0002,-13.078,4.322,-3.1241,-0.0119,-0.0033,-12.947,4.307
370.81,89.680,0.1940,0.0002,0.0002,0.0053,-0.0192,-0.0119,-0.0033,-3.1241,-13.301,4.155,0.1940,0.460504,3.67291,0.00237469,0.1938,0.0013,-13.084,4.322,-3.1241,-0.0119,-0.0033,-12.947,4.307
370.91,89.720,0.1938,0.0013,0.0011,0.0053,-0.0190,-0.0119,-0.0033,-3.1241,-13.307,4.155,0.1938,0.460504,3.67291,0.00237469,0.1938,0.0013,-13.084,4.322,-3.1241,-0.0119,-0.0033,-12.947,4.307
371.01,89.740,0.1938,0.0013,0.0011,0.0053,-0.0190,-0.0119,-0.0033,-3.1240,-13.312,4.155,0.1938,0.462553,3.78704,0.00237469,0.1938,0.0013,-13.091,4.323,-3.1241,-0.0119,-0.0033,-12.947,4.307
371.11,89.780,0.1938,0.0013,0.0011,0.0053,-0.0190,-0.0119,-0.0033,-3.1240,-13.318,4.155,0.1938,0.464089,3.8748,0.00209788,0.1938,0.0013,-13.097,4.323,-3.1240,-0.0119,-0.0033,-12.947,4.307
371.21,89.800,0.1938,0.0013,0.0019,0.0053,-0.0188,-0.0119,-0.0033,-3.1240,-13.323,4.154,0.1937,0.465629,3.96444,0.00237469,0.1937,0.0023,-13.103,4.323,-3.1240,-0.0119,-0.0033,-12.947,4.307
371.31,89.840,0.1937,0.0023,0.0019,0.0053,-0.0188,-0.0119,-0.0033,-3.1239,-13.329,4.154,0.1937,0.467682,4.08696,0.00237469,0.1937,0.0023,-13.111,4.323,-3.1239,-0.0119,-0.0033,-12.947,4.307
371.41,89.860,0.1937,0.0023,0.0019,0.0053,-0.0188,-0.0119,-0.0033,-3.1238,-13.334,4.154,0.1937,0.46922,4.18112,0.00209788,0.1937,0.0023,-13.117,4.323,-3.1239,-0.0119,-0.0033,-12.947,4.307
371.51,89.900,0.1937,0.0023,0.0019,0.0053,-0.0188,-0.0119,-0.0033,-3.1238,-13.340,4.154,0.1937,0.470763,4.27727,0.00237469,0.1936,0.0031,-13.122,4.324,-3.1238,-0.0119,-0.0033,-12.947,4.307
371.61,89.920,0.1936,0.0031,0.0027,0.0053,-0.0187,-0.0119,-0.0033,-3.1237,-13.345,4.154,0.1936,0.470763,4.27727,0.00237469,0.1936,0.0031,-13.122,4.324,-3.1238,-0.0119,-0.0033,-12.947,4.307
371.71,89.940,0.1936,0.0031,0.0027,0.0053,-0.0187,-0.0119,-0.0033,-3.1236,-13.351,4.154,0.1936,0.472819,4.40861,0.00237469,0.1936,0.0031,-13.130,4.324,-3.1237,-0.0119,-0.0033,-12.947,4.307
371.81,89.980,0.1936,0.0031,0.0027,0.0053,-0.0187,-0.0119,-0.0033,-3.1236,-13.357,4.154,0.1936,0.47436,4.50951,0.00209788,0.1936,0.0031,-13.136,4.324,-3.1236,-0.0119,-0.0033,-12.947,4.307
371.91,90.000,0.1936,0.0031,0.0033,0.0053,-0.0186,-0.0119,-0.0033,-3.1235,-13.361,4.154,0.1935,0.475905,4.6125,0.00237469,0.1935,0.0039,-13.142,4.324,-3.1235,-0.0119,-0.0033,-13.223,4.314
372.01,90.020,0.1935,0.0039,0.0033,0.0053,-0.0186,-0.0119,-0.0033,-3.1234,-13.367,4.154,0.1935,0.426928,2.20861,0.00237468,0.1935,0.0039,-13.158,4.320,-3.1234,-0.0119,-0.0033,-13.223,4.314
372.11,90.060,0.1935,0.0039,0.0033,0.0053,-0.0186,-0.0119,-0.0033,-3.1233,-13.373,4.154,0.1935,0.428455,2.26002,0.00209788,0.1935,0.0039,-13.164,4.320,-3.1233,-0.0119,-0.0033,-13.223,4.314
372.21,90.080,0.1935,0.0039,0.0033,0.0053,-0.0186,-0.0119,-0.0033,-3.1232,-13.378,4.153,0.1935,0.428455,2.26002,0.00209788,0.1935,0.0039,-13.164,4.320,-3.1233,-0.0119,-0.0033,-13.223,4.314
372.31,90.120,0.1939,-0.0007,-0.0006,0.0053,-0.0193,-0.0119,-0.0033,-3.1232,-13.384,4.153,0.1939,0.429986,2.3127,0.00237468,0.1939,-0.0007,-13.170,4.320,-3.1232,-0.0119,-0.0033,-13.223,4.314
372.41,90.140,0.1939,-0.0007,-0.0006,0.0053,-0.0193,-0.0119,-0.0033,-3.1232,-13.389,4.153,0.1939,0.432026,2.38498,0.00237468,0.1939,-0.0007,-13.177,4.320,-3.1232,-0.0119,-0.0033,-13.223,4.314
372.51,90.180,0.1939,-0.0007,-0.0006,0.0053,-0.0193,-0.0119,-0.0033,-3.1232,-13.395,4.153,0.1939,0.433554,2.44074,0.00209788,0.1939,-0.0007,-13.183,4.320,-3.1232,-0.0119,-0.0033,-13.223,4.314
372.61,90.200,0.1939,-0.0007,0.0000,0.0053,-0.0192,-0.0119,-0.0033,-3.1232,-13.400,4.153,0.1940,0.435087,2.49785,0.00237469,0.1940,0.0000,-13.189,4.320,-3.1232,-0.0119,-0.0033,-13.223,4.314
372.71,90.240,0.1940,0.0000,0.0000,0.0053,-0.0192,-0.0119,-0.0033,-3.1232,-13.406,4.153,0.1940,0.437129,2.57616,0.00237469,0.1940,0.0000,-13.197,4.321,-3.1232,-0.0119,-0.0033,-13.223,4.314
372.81,90.260,0.1940,0.0000,0.0000,0.0053,-0.0192,-0.0119,-0.0033,-3.1232,-13.412,4.153,0.1940,0.438659,2.63654,0.00209788,0.1940,0.0000,-13.203,4.321,-3.1232,-0.0119,-0.0033,-13.223,4.314
372.91,90.280,0.1940,0.0000,0.0000,0.0053,-0.0192,-0.0119,-0.0033,-3.1232,-13.417,4.153,0.1940,0.440193,2.69835,0.00237469,0.1939,0.0011,-13.208,4.321,-3.1232,-0.0119,-0.0033,-13.223,4.314
373.01,90.320,0.1939,0.0011,0.0009,0.0053,-0.0190,-0.0119,-0.0033,-3.1232,-13.423,4.153,0.1939,0.440193,2.69835,0.00237469,0.1939,0.0011,-13.208,4.321,-3.1232,-0.0119,-0.0033,-13.223,4.314
373.11,90.340,0.1939,0.0011,0.0009,0.0053,-0.0190,-0.0119,-0.0033,-3.1232,-13.428,4.152,0.1939,0.442237,2.78305,0.00237469,0.1939,0.0011,-13.216,4.321,-3.1232,-0.0119,-0.0033,-13.223,4.314
373.21,90.380,0.1939,0.0011,0.0009,0.0053,-0.0191,-0.0119,-0.0033,-3.1232,-13.434,4.152,0.1939,0.44377,2.84832,0.00209788,0.1939,0.0011,-13.222,4.321,-3.1232,-0.0119,-0.0033,-13.223,4.314
373.31,90.400,0.1939,0.0011,0.0016,-0.0275,-0.0331,-0.0119,-0.0033,-3.1231,-13.439,4.152,0.1937,0.445306,2.9151,0.00237469,0.1937,0.0020,-13.228,4.321,-3.1232,-0.0119,-0.0033,-13.223,4.314
373.41,90.440,0.1937,0.0020,0.0016,0.0053,-0.0189,-0.0119,-0.0033,-3.1231,-13.445,4.152,0.1937,0.447353,3.00656,0.00237469,0.1937,0.0020,-13.236,4.322,-3.1231,-0.0119,-0.0033,-13.223,4.314
373.51,90.460,0.1937,0.0020,0.0016,0.0053,-0.0189,-0.0119,-0.0033,-3.1230,-13.450,4.152,0.1937,0.448887,3.077,0.00209788,0.1937,0.0020,-13.241,4.322,-3.1231,-0.0119,-0.0033,-13.223,4.314
373.61,90.480,0.1937,0.0020,0.0016,0.0053,-0.0189,-0.0119,-0.0033,-3.1230,-13.456,4.152,0.1937,0.448887,3.077,0.00209788,0.1937,0.0020,-13.241,4.322,-3.1231,-0.0119,-0.0033,-13.223,4.314
373.71,90.520,0.1936,0.0029,0.0022,0.0053,-0.0188,-0.0119,-0.0033,-3.1229,-13.461,4.152,0.1936,0.450426,3.14904,0.00237469,0.1936,0.0029,-13.247,4.322,-3.1230,-0.0119,-0.0033,-13.223,4.314
373.81,90.540,0.1936,0.0029,0.0022,0.0053,-0.0188,-0.0119,-0.0033,-3.1229,-13.467,4.152,0.1936,0.452476,3.24764,0.00237469,0.1936,0.0029,-13.255,4.322,-3.1229,-0.0119,-0.0033,-13.223,4.314
373.91,90.580,0.1936,0.0029,0.0022,0.0053,-0.0188,-0.0119,-0.0033,-3.1228,-13.472,4.152,0.1936,0.454012,3.32354,0.00209788,0.1936,0.0029,-13.261,4.322,-3.1229,-0.0119,-0.0033,-13.223,4.314
374.01,90.600,0.1936,0.0029,0.0029,0.0053,-0.0187,-0.0119,-0.0033,-3.1227,-13.478,4.152,0.1934,0.455553,3.40114,0.00237469,0.1935,0.0037,-13.267,4.322,-3.1228,-0.0119,-0.0033,-13.223,4.314
374.11,90.620,0.1935,0.0037,0.0029,0.0053,-0.0187,-0.0119,-0.0033,-3.1227,-13.483,4.151,0.1934,0.457607,3.50729,0.00237469,0.1935,0.0037,-13.274,4.323,-3.1227,-0.0119,-0.0033,-13.223,4.314
374.21,90.660,0.1935,0.0037,0.0029,0.0053,-0.0187,-0.0119,-0.0033,-3.1226,-13.488,4.151,0.1934,0.457607,3.50729,0.00237469,0.1935,0.0037,-13.274,4.323,-3.1227,-0.0119,-0.0033,-13.223,4.314
374.31,90.680,0.1935,0.0037,0.0029,0.0053,-0.0187,-0.0119,-0.0033,-3.1225,-13.492,4.151,0.1934,0.459146,3.58895,0.00209788,0.1935,0.0037,-13.280,4.323,-3.1226,-0.0119,-0.0033,-13.223,4.314
374.41,90.700,0.1935,0.0037,0.0029,0.0053,-0.0187,-0.0119,-0.0033,-3.1225,-13.496,4.151,0.1933,0.460689,3.6724,0.00237469,0.1934,0.0045,-13.286,4.323,-3.1225,-0.0119,-0.0033,-13.223,4.314
374.51,90.720,0.1934,0.0045,0.0035,0.0053,-0.0186,-0.0119,-0.0033,-3.1224,-13.500,4.151,0.1933,0.460689,3.6724,0.00237469,0.1934,0.0045,-13.286,4.323,-3.1225,-0.0119,-0.0033,-13.223,4.314
374.61,90.740,0.1934,0.0045,0.0035,0.0053,-0.0186,-0.0119,-0.0033,-3.1223,-13.504,4.151,0.1933,0.462747,3.78651,0.00237469,0.1934,0.0045,-13.294,4.323,-3.1224,-0.0119,-0.0033,-13.223,4.314
374.71,90.760,0.1934,0.0045,0.0035,0.0053,-0.0186,-0.0119,-0.0033,-3.1223,-13.508,4.151,0.1933,0.462747,3.78651,0.00237469,0.1934,0.0045,-13.294,4.323,-3.1224,-0.0119,-0.0033,-13.223,4.314
374.81,90.780,0.1934,0.0045,0.0035,0.0053,-0.0186,-0.0119,-0.0033,-3.1222,-13.511,4.151,0.1933,0.464289,3.87425,0.00209788,0.1934,0.0045,-13.300,4.323,-3.1223,-0.0119,-0.0033,-13.223,4.314
374.91,90.800,0.1934,0.0045,0.0035,0.0053,-0.0186,-0.0119,-0.0033,-3.1221,-13.515,4.151,0.1929,0.465836,3.96388,0.00237469,0.1929,-0.0086,-13.305,4.323,-3.1222,-0.0119,-0.0033,-13.223,4.314
375.01,90.820,0.1929,-0.0083,-0.0066,-0.0003,-0.0001,-0.0119,-0.0033,-3.1222,-13.519,4.151,0.1928,0.465836,3.96388,0.00237469,0.1929,-0.0086,-13.305,4.323,-3.1222,-0.0119,-0.0033,-13.223,4.314
375.11,90.840,0.1929,-0.0086,-0.0066,-0.0003,-0.0001,-0.0119,-0.0033,-3.1224,-13.524,4.151,0.1927,0.467897,4.08637,0.00237469,0.1929,-0.0086,-13.313,4.324,-3.1222,-0.0119,-0.0033,-13.223,4.314
375.21,90.860,0.1929,-0.0086,-0.0066,0.0053,-0.0205,-0.0119,-0.0033,-3.1225,-13.528,4.150,0.1927,0.469442,4.18051,0.00209788,0.1929,-0.0086,-13.319,4.324,-3.1224,-0.0119,-0.0033,-13.223,4.314
375.31,90.880,0.1929,-0.0086,-0.0066,0.0053,-0.0205,-0.0119,-0.0033,-3.1227,-13.532,4.150,0.1927,0.469442,4.18051,0.00209788,0.1929,-0.0086,-13.319,4.324,-3.1224,-0.0119,-0.0033,-13.223,4.314
375.41,90.900,0.1929,-0.0086,-0.0060,0.0053,-0.0204,-0.0119,-0.0033,-3.1228,-13.536,4.150,0.1928,0.470991,4.27665,0.00237469,0.1930,-0.0078,-13.325,4.324,-3.1226,-0.0119,-0.0033,-13.223,4.314
375.51,90.920,0.1930,-0.0078,-0.0060,0.0053,-0.0204,-0.0119,-0.0033,-3.1230,-13.541,4.150,0.1928,0.473054,4.40796,0.00237469,0.1930,-0.0078,-13.332,4.324,-3.1229,-0.0119,-0.0033,-13.223,4.314
375.61,90.960,0.1930,-0.0078,-0.0060,0.0053,-0.0204,-0.0119,-0.0033,-3.1231,-13.545,4.150,0.1928,0.473054,4.40796,0.00237469,0.1930,-0.0078,-13.332,4.324,-3.1229,-0.0119,-0.0033,-13.223,4.314
375.71,90.980,0.1930,-0.0078,-0.0060,0.0053,-0.0204,-0.0119,-0.0033,-3.1232,-13.550,4.150,0.1928,0.4746,4.50885,0.00209788,0.1930,-0.0078,-13.338,4.324,-3.1231,-0.0119,-0.0033,-13.223,4.314
375.81,91.000,0.1930,-0.0078,-0.0060,0.0053,-0.0204,-0.0119,-0.0033,-3.1234,-13.554,4.150,0.1931,0.47615,4.61182,0.00237469,0.1932,-0.0062,-13.344,4.324,-3.1233,-0.0119,-0.0033,-13.417,4.311
375.91,91.020,0.1932,-0.0062,-0.0047,0.0053,-0.0201,-0.0119,-0.0033,-3.1235,-13.559,4.150,0.1931,0.47615,4.61182,0.00237469,0.1932,-0.0062,-13.344,4.324,-3.1233,-0.0119,-0.0033,-13.417,4.311
376.01,91.040,0.1932,-0.0062,-0.0047,0.0053,-0.0202,-0.0119,-0.0033,-3.1236,-13.564,4.150,0.1931,0.426965,2.20837,0.00237468,0.1932,-0.0062,-13.359,4.318,-3.1235,-0.0119,-0.0033,-13.417,4.311
376.11,91.080,0.1932,-0.0062,-0.0048,0.0054,-0.0201,-0.0119,-0.0033,-3.1237,-13.569,4.150,0.1931,0.428492,2.25977,0.00209788,0.1932,-0.0062,-13.365,4.318,-3.1236,-0.0119,-0.0033,-13.417,4.311
376.21,91.100,0.1932,-0.0062,-0.0048,0.0054,-0.0201,-0.0119,-0.0033,-3.1238,-13.573,4.149,0.1926,0.430023,2.31245,0.00237468,0.1927,-0.0101,-13.371,4.318,-3.1238,-0.0119,-0.0033,-13.417,4.311
376.31,91.120,0.1927,-0.0101,-0.0079,0.0059,-0.0205,-0.0119,-0.0033,-3.1240,-13.578,4.149,0.1925,0.430023,2.31245,0.00237468,0.1927,-0.0101,-13.371,4.318,-3.1238,-0.0119,-0.0033,-13.417,4.311
376.41,91.140,0.1927,-0.0101,-0.0087,-0.0004,-0.0001,-0.0119,-0.0033,-3.1242,-13.583,4.149,0.1927,0.432062,2.38472,0.00237468,0.1927,-0.0101,-13.379,4.318,-3.1240,-0.0119,-0.0033,-13.417,4.311
376.51,91.180,0.1927,-0.0101,-0.0087,0.0053,-0.0209,-0.0119,-0.0033,-3.1244,-13.587,4.149,0.1927,0.43359,2.44048,0.00209788,0.1927,-0.0101,-13.384,4.318,-3.1243,-0.0119,-0.0033,-13.417,4.311
376.61,91.200,0.1927,-0.0101,-0.0087,0.0053,-0.0209,-0.0119,-0.0033,-3.1247,-13.592,4.149,0.1929,0.435122,2.49759,0.00237469,0.1929,-0.0087,-13.390,4.318,-3.1245,-0.0119,-0.0033,-13.417,4.311
376.71,91.220,0.1929,-0.0087,-0.0075,0.0053,-0.0207,-0.0119,-0.0033,-3.1248,-13.597,4.149,0.1929,0.435122,2.49759,0.00237469,0.1929,-0.0087,-13.390,4.318,-3.1245,-0.0119,-0.0033,-13.417,4.311
376.81,91.240,0.1929,-0.0087,-0.0075,0.0054,-0.0207,-0.0119,-0.0033,-3.1250,-13.602,4.149,0.1929,0.437162,2.57589,0.00237469,0.1929,-0.0087,-13.398,4.318,-3.1249,-0.0119,-0.0033,-13.417,4.311
376.91,91.260,0.1929,-0.0087,-0.0075,0.0054,-0.0207,-0.0119,-0.0033,-3.1252,-13.607,4.149,0.1929,0.43869,2.63627,0.00209788,0.1929,-0.0087,-13.404,4.318,-3.1251,-0.0119,-0.0033,-13.417,4.311
377.01,91.300,0.1929,-0.0087,-0.0075,0.0054,-0.0207,-0.0119,-0.0033,-3.1254,-13.611,4.149,0.1931,0.440222,2.69808,0.00237469,0.1931,-0.0071,-13.410,4.319,-3.1253,-0.0119,-0.0033,-13.417,4.311
377.11,91.320,0.1931,-0.0071,-0.0060,0.0054,-0.0204,-0.0119,-0.0033,-3.1255,-13.616,4.149,0.1931,0.440222,2.69808,0.00237469,0.1931,-0.0071,-13.410,4.319,-3.1253,-0.0119,-0.0033,-13.417,4.311
377.21,91.340,0.1931,-0.0071,-0.0060,0.0054,-0.0204,-0.0119,-0.0033,-3.1257,-13.621,4.148,0.1931,0.442262,2.78277,0.00237469,0.1931,-0.0071,-13.417,4.319,-3.1256,-0.0119,-0.0033,-13.417,4.311
377.31,91.360,0.1931,-0.0071,-0.0060,0.0054,-0.0204,-0.0119,-0.0033,-3.1259,-13.626,4.148,0.1931,0.443791,2.84803,0.00209788,0.1931,-0.0071,-13.423,4.319,-3.1258,-0.0119,-0.0033,-13.417,4.311
377.41,91.400,0.1931,-0.0071,-0.0060,0.0054,-0.0204,-0.0119,-0.0033,-3.1260,-13.630,4.148,0.1933,0.445324,2.91482,0.00237469,0.1933,-0.0056,-13.429,4.319,-3.1259,-0.0119,-0.0033,-13.417,4.311
377.51,91.420,0.1933,-0.0056,-0.0048,0.0054,-0.0201,-0.0119,-0.0033,-3.1261,-13.635,4.148,0.1933,0.445324,2.91482,0.00237469,0.1933,-0.0056,-13.429,4.319,-3.1259,-0.0119,-0.0033,-13.417,4.311
377.61,91.440,0.1933,-0.0056,-0.0048,0.0054,-0.0201,-0.0119,-0.0033,-3.1262,-13.640,4.148,0.1933,0.447365,3.00627,0.00237469,0.1933,-0.0056,-13.437,4.319,-3.1261,-0.0119,-0.0033,-13.417,4.311
377.71,91.460,0.1933,-0.0056,-0.0048,0.0054,-0.0201,-0.0119,-0.0033,-3.1263,-13.645,4.148,0.1933,0.448894,3.07671,0.00209788,0.1933,-0.0056,-13.442,4.319,-3.1263,-0.0119,-0.0033,-13.417,4.311
377.81,91.500,0.1933,-0.0056,-0.0048,0.0054,-0.0201,-0.0119,-0.0033,-3.1265,-13.649,4.148,0.1933,0.450427,3.14875,0.00237469,0.1935,-0.0043,-13.448,4.319,-3.1264,-0.0119,-0.0033,-13.417,4.311
377.91,91.520,0.1935,-0.0043,-0.0037,0.0054,-0.0199,-0.0119,-0.0033,-3.1266,-13.654,4.148,0.1935,0.450427,3.14875,0.00237469,0.1935,-0.0043,-13.448,4.319,-3.1264,-0.0119,-0.0033,-13.417,4.311
378.01,91.540,0.1935,-0.0043,-0.0037,0.0054,-0.0199,-0.0119,-0.0033,-3.1266,-13.659,4.148,0.1935,0.452469,3.24735,0.00237469,0.1935,-0.0043,-13.456,4.319,-3.1266,-0.0119,-0.0033,-13.417,4.311
378.11,91.560,0.1935,-0.0043,-0.0037,0.0054,-0.0199,-0.0119,-0.0033,-3.1267,-13.664,4.148,0.1935,0.453999,3.32325,0.00209788,0.1935,-0.0043,-13.462,4.320,-3.1267,-0.0119,-0.0033,-13.417,4.311
378.21,91.580,0.1935,-0.0043,-0.0037,0.0054,-0.0199,-0.0119,-0.0033,-3.1268,-13.668,4.148,0.1935,0.455533,3.40084,0.00237469,0.1936,-0.0032,-13.468,4.320,-3.1268,-0.0119,-0.0033,-13.417,4.311
378.31,91.620,0.1936,-0.0032,-0.0027,0.0054,-0.0197,-0.0119,-0.0033,-3.1269,-13.673,4.147,0.1936,0.455533,3.40084,0.00237469,0.1936,-0.0032,-13.468,4.320,-3.1268,-0.0119,-0.0033,-13.417,4.311
378.41,91.640,0.1936,-0.0032,-0.0027,0.0054,-0.0197,-0.0118,-0.0033,-3.1270,-13.678,4.147,0.1936,0.457576,3.50699,0.00237469,0.1936,-0.0032,-13.475,4.320,-3.1269,-0.0118,-0.0033,-13.417,4.311
378.51,91.660,0.1936,-0.0032,-0.0027,0.0054,-0.0197,-0.0118,-0.0033,-3.1270,-13.683,4.147,0.1936,0.459107,3.58866,0.00209788,0.1936,-0.0032,-13.481,4.320,-3.1270,-0.0118,-0.0033,-13.417,4.311
378.61,91.680,0.1936,-0.0032,-0.0027,0.0054,-0.0197,-0.0118,-0.0033,-3.1271,-13.688,4.147,0.1936,0.460642,3.67211,0.00237469,0.1937,-0.0022,-13.487,4.320,-3.1271,-0.0118,-0.0033,-13.417,4.311
378.71,91.720,0.1937,-0.0022,-0.0019,0.0054,-0.0196,-0.0118,-0.0033,-3.1271,-13.693,4.147,0.1937,0.460642,3.67211,0.00237469,0.1937,-0.0022,-13.487,4.320,-3.1271,-0.0118,-0.0033,-13.417,4.311
378.81,91.740,0.1937,-0.0022,-0.0019,0.0054,-0.0196,-0.0118,-0.0033,-3.1272,-13.698,4.147,0.1937,0.462686,3.78622,0.00237469,0.1937,-0.0022,-13.495,4.320,-3.1272,-0.0118,-0.0033,-13.417,4.311
378.91,91.760,0.1937,-0.0022,-0.0019,0.0054,-0.0196,-0.0118,-0.0033,-3.1272,-13.703,4.147,0.1937,0.464218,3.87397,0.00209788,0.1937,-0.0022,-13.500,4.320,-3.1272,-0.0118,-0.0033,-13.417,4.311
379.01,91.780,0.1937,-0.0022,-0.0019,0.0054,-0.0196,-0.0118,-0.0033,-3.1273,-13.707,4.147,0.1937,0.465754,3.9636,0.00237469,0.1937,-0.0022,-13.506,4.320,-3.1273,-0.0118,-0.0033,-13.417,4.311
379.11,91.820,0.1938,-0.0013,-0.0011,0.0054,-0.0194,-0.0118,-0.0033,-3.1273,-13.713,4.147,0.1938,0.465754,3.9636,0.00237469,0.1938,-0.0013,-13.506,4.320,-3.1273,-0.0118,-0.0033,-13.417,4.311
379.21,91.840,0.1938,-0.0013,-0.0011,0.0054,-0.0194,-0.0118,-0.0033,-3.1274,-13.718,4.147,0.1938,0.4678,4.08609,0.00237469,0.1938,-0.0013,-13.514,4.321,-3.1273,-0.0118,-0.0033,-13.417,4.311
379.31,91.880,0.1938,-0.0013,-0.0011,0.0054,-0.0194,-0.0118,-0.0033,-3.1274,-13.724,4.147,0.1938,0.469333,4.18024,0.00209788,0.1938,-0.0013,-13.520,4.321,-3.1274,-0.0118,-0.0033,-13.417,4.311
379.41,91.900,0.1938,-0.0013,-0.0005,0.0054,-0.0193,-0.0118,-0.0033,-3.1274,-13.729,4.147,0.1939,0.47087,4.27638,0.00237469,0.1939,-0.0005,-13.526,4.321,-3.1274,-0.0118,-0.0033,-13.417,4.311
379.51,91.920,0.1939,-0.0005,-0.0005,0.0053,-0.0192,-0.0118,-0.0033,-3.1274,-13.734,4.147,0.1939,0.472917,4.4077,0.00237469,0.1939,-0.0005,-13.533,4.321,-3.1274,-0.0118,-0.0033,-13.417,4.311
379.61,91.960,0.1939,-0.0005,-0.0005,0.0054,-0.0193,-0.0118,-0.0033,-3.1274,-13.740,4.146,0.1939,0.472917,4.4077,0.00237469,0.1939,-0.0005,-13.533,4.321,-3.1274,-0.0118,-0.0033,-13.417,4.311
379.71,91.980,0.1939,-0.0005,-0.0005,0.0054,-0.0193,-0.0118,-0.0033,-3.1275,-13.745,4.146,0.1939,0.474452,4.50859,0.00209788,0.1939,-0.0005,-13.539,4.321,-3.1274,-0.0118,-0.0033,-13.417,4.311
379.81,92.020,0.1940,0.0001,0.0001,0.0054,-0.0192,-0.0118,-0.0033,-3.1275,-13.750,4.146,0.1940,0.47599,4.61157,0.00237469,0.1940,0.0001,-13.545,4.321,-3.1275,-0.0118,-0.0033,-13.610,4.308
379.91,92.040,0.1940,0.0001,0.0001,0.0054,-0.0192,-0.0118,-0.0033,-3.1275,-13.756,4.146,0.1940,0.42682,2.20832,0.00237468,0.1940,0.0001,-13.560,4.315,-3.1275,-0.0118,-0.0033,-13.610,4.308
380.01,92.080,0.1940,0.0001,0.0001,0.0054,-0.0192,-0.0118,-0.0033,-3.1274,-13.762,4.146,0.1940,0.42834,2.25972,0.00209788,0.1940,0.0001,-13.565,4.315,-3.1275,-0.0118,-0.0033,-13.610,4.308
380.11,92.100,0.1940,0.0001,0.0001,0.0054,-0.0192,-0.0118,-0.0033,-3.1275,-13.767,4.146,0.1933,0.429864,2.31241,0.00237468,0.1933,-0.0053,-13.571,4.315,-3.1274,-0.0118,-0.0033,-13.610,4.308
380.21,92.120,0.1933,-0.0053,-0.0051,-0.0003,-0.0001,-0.0118,-0.0033,-3.1276,-13.773,4.146,0.1932,0.431895,2.38469,0.00237468,0.1933,-0.0053,-13.579,4.315,-3.1276,-0.0118,-0.0033,-13.610,4.308
380.31,92.160,0.1933,-0.0053,-0.0051,0.0054,-0.0202,-0.0118,-0.0033,-3.1278,-13.778,4.146,0.1932,0.433416,2.44045,0.00209788,0.1933,-0.0053,-13.585,4.315,-3.1277,-0.0118,-0.0033,-13.610,4.308
380.41,92.180,0.1933,-0.0053,-0.0051,0.0054,-0.0202,-0.0118,-0.0033,-3.1279,-13.783,4.146,0.1932,0.433416,2.44045,0.00209788,0.1933,-0.0053,-13.585,4.315,-3.1277,-0.0118,-0.0033,-13.610,4.308
380.51,92.200,0.1933,-0.0053,-0.0044,0.0054,-0.0200,-0.0118,-0.0033,-3.1280,-13.788,4.146,0.1933,0.434941,2.49756,0.00237469,0.1934,-0.0046,-13.591,4.315,-3.1279,-0.0118,-0.0033,-13.610,4.308
380.61,92.240,0.1934,-0.0046,-0.0044,0.0054,-0.0200,-0.0118,-0.0033,-3.1281,-13.794,4.146,0.1933,0.436972,2.57587,0.00237469,0.1934,-0.0046,-13.598,4.315,-3.1281,-0.0118,-0.0033,-13.610,4.308
380.71,92.260,0.1934,-0.0046,-0.0044,0.0054,-0.0200,-0.0118,-0.0033,-3.1283,-13.799,4.146,0.1933,0.438493,2.63625,0.00209788,0.1934,-0.0046,-13.604,4.315,-3.1282,-0.0118,-0.0033,-13.610,4.308
380.81,92.300,0.1934,-0.0046,-0.0044,0.0054,-0.0200,-0.0118,-0.0033,-3.1284,-13.804,4.145,0.1935,0.440019,2.69807,0.00237469,0.1936,-0.0035,-13.610,4.315,-3.1283,-0.0118,-0.0033,-13.610,4.308
380.91,92.320,0.1936,-0.0035,-0.0034,0.0054,-0.0198,-0.0118,-0.0033,-3.1285,-13.809,4.145,0.1935,0.440019,2.69807,0.00237469,0.1936,-0.0035,-13.610,4.315,-3.1283,-0.0118,-0.0033,-13.610,4.308
381.01,92.340,0.1936,-0.0035,-0.0034,0.0054,-0.0198,-0.0118,-0.0033,-3.1286,-13.815,4.145,0.1935,0.44205,2.78277,0.00237469,0.1936,-0.0035,-13.618,4.315,-3.1285,-0.0118,-0.0033,-13.610,4.308
381.11,92.380,0.1936,-0.0035,-0.0034,0.0054,-0.0198,-0.0118,-0.0033,-3.1287,-13.820,4.145,0.1935,0.443572,2.84804,0.00209788,0.1936,-0.0035,-13.624,4.315,-3.1286,-0.0118,-0.0033,-13.610,4.308
381.21,92.400,0.1936,-0.0035,-0.0025,0.0054,-0.0197,-0.0118,-0.0033,-3.1287,-13.826,4.145,0.1936,0.445098,2.91483,0.00237469,0.1937,-0.0026,-13.629,4.315,-3.1287,-0.0118,-0.0033,-13.610,4.308
381.31,92.440,0.1937,-0.0026,-0.0025,0.0054,-0.0197,-0.0118,-0.0033,-3.1288,-13.832,4.145,0.1936,0.44713,3.00629,0.00237469,0.1937,-0.0026,-13.637,4.315,-3.1288,-0.0118,-0.0033,-13.610,4.308
381.41,92.460,0.1937,-0.0026,-0.0025,0.0054,-0.0197,-0.0118,-0.0033,-3.1289,-13.837,4.145,0.1936,0.448653,3.07673,0.00209788,0.1937,-0.0026,-13.643,4.315,-3.1289,-0.0118,-0.0033,-13.610,4.308
381.51,92.480,0.1937,-0.0026,-0.0025,0.0054,-0.0197,-0.0118,-0.0034,-3.1290,-13.843,4.145,0.1936,0.448653,3.07673,0.00209788,0.1937,-0.0026,-13.643,4.315,-3.1289,-0.0118,-0.0034,-13.610,4.308
381.61,92.520,0.1938,-0.0018,-0.0017,0.0054,-0.0196,-0.0118,-0.0034,-3.1290,-13.848,4.145,0.1937,0.450179,3.14878,0.00237469,0.1938,-0.0018,-13.649,4.315,-3.1289,-0.0118,-0.0034,-13.610,4.308
381.71,92.540,0.1938,-0.0018,-0.0015,-0.0001,-0.0000,-0.0118,-0.0034,-3.1290,-13.853,4.145,0.1937,0.452212,3.24739,0.00237469,0.1938,-0.0018,-13.656,4.315,-3.1290,-0.0118,-0.0034,-13.610,4.308
381.81,92.580,0.1938,-0.0018,-0.0015,0.0054,-0.0195,-0.0118,-0.0034,-3.1291,-13.859,4.145,0.1937,0.453735,3.3233,0.00209788,0.1938,-0.0018,-13.662,4.315,-3.1291,-0.0118,-0.0034,-13.610,4.308
381.91,92.600,0.1938,-0.0018,-0.0015,0.0054,-0.0195,-0.0118,-0.0034,-3.1291,-13.864,4.145,0.1938,0.455262,3.4009,0.00237469,0.1939,-0.0011,-13.668,4.315,-3.1291,-0.0118,-0.0034,-13.610,4.308
382.01,92.620,0.1939,-0.0011,-0.0010,0.0054,-0.0194,-0.0118,-0.0034,-3.1292,-13.869,4.145,0.1938,0.457296,3.50706,0.00237469,0.1939,-0.0011,-13.676,4.316,-3.1291,-0.0118,-0.0034,-13.610,4.308
382.11,92.660,0.1939,-0.0011,-0.0010,0.0054,-0.0194,-0.0118,-0.0034,-3.1292,-13.875,4.144,0.1938,0.45882,3.58873,0.00209788,0.1939,-0.0011,-13.682,4.316,-3.1292,-0.0118,-0.0034,-13.610,4.308
382.21,92.680,0.1939,-0.0011,-0.0010,0.0054,-0.0194,-0.0118,-0.0034,-3.1292,-13.881,4.144,0.1938,0.45882,3.58873,0.00209788,0.1939,-0.0011,-13.682,4.316,-3.1292,-0.0118,-0.0034,-13.610,4.308
382.31,92.720,0.1939,-0.0006,-0.0005,0.0054,-0.0193,-0.0118,-0.0034,-3.1292,-13.886,4.144,0.1939,0.460348,3.67219,0.00237469,0.1939,-0.0006,-13.687,4.316,-3.1292,-0.0118,-0.0034,-13.610,4.308
382.41,92.740,0.1939,-0.0006,-0.0005,0.0054,-0.0193,-0.0118,-0.0034,-3.1292,-13.891,4.144,0.1939,0.462384,3.78631,0.00237469,0.1939,-0.0006,-13.695,4.316,-3.1292,-0.0118,-0.0034,-13.610,4.308
382.51,92.760,0.1939,-0.0006,-0.0005,0.0054,-0.0193,-0.0118,-0.0034,-3.1292,-13.897,4.144,0.1939,0.463909,3.87407,0.00209788,0.1939,-0.0006,-13.701,4.316,-3.1292,-0.0118,-0.0034,-13.610,4.308
382.61,92.800,0.1939,-0.0006,-0.0005,0.0054,-0.0193,-0.0118,-0.0034,-3.1293,-13.902,4.144,0.1940,0.465438,3.96371,0.00237469,0.1940,-0.0001,-13.707,4.316,-3.1293,-0.0118,-0.0034,-13.610,4.308
382.71,92.820,0.1940,-0.0001,-0.0001,0.0054,-0.0192,-0.0118,-0.0034,-3.1293,-13.907,4.144,0.1940,0.465438,3.96371,0.00237469,0.1940,-0.0001,-13.707,4.316,-3.1293,-0.0118,-0.0034,-13.610,4.308
382.81,92.860,0.1940,-0.0001,-0.0001,0.0054,-0.0192,-0.0118,-0.0034,-3.1293,-13.913,4.144,0.1940,0.467474,4.08621,0.00237469,0.1940,-0.0001,-13.715,4.316,-3.1293,-0.0118,-0.0034,-13.610,4.308
382.91,92.880,0.1940,-0.0001,-0.0001,0.0054,-0.0192,-0.0118,-0.0034,-3.1293,-13.919,4.144,0.1940,0.469,4.18037,0.00209788,0.1940,-0.0001,-13.720,4.316,-3.1293,-0.0118,-0.0034,-13.610,4.308
383.01,92.900,0.1940,-0.0001,0.0003,0.0054,-0.0191,-0.0118,-0.0034,-3.1293,-13.924,4.144,0.1940,0.47053,4.27652,0.00237469,0.1940,0.0004,-13.726,4.316,-3.1293,-0.0118,-0.0034,-13.610,4.308
383.11,92.940,0.1940,0.0004,0.0003,0.0054,-0.0191,-0.0118,-0.0034,-3.1293,-13.929,4.144,0.1940,0.472568,4.40785,0.00237469,0.1940,0.0004,-13.734,4.316,-3.1293,-0.0118,-0.0034,-13.610,4.308
383.21,92.960,0.1940,0.0004,0.0003,0.0054,-0.0191,-0.0118,-0.0034,-3.1292,-13.935,4.144,0.1940,0.474096,4.50875,0.00209788,0.1940,0.0004,-13.740,4.316,-3.1292,-0.0118,-0.0034,-13.610,4.308
383.31,92.980,0.1940,0.0004,0.0003,0.0054,-0.0191,-0.0118,-0.0034,-3.1292,-13.940,4.144,0.1940,0.475627,4.61174,0.00237469,0.1939,0.0008,-13.746,4.316,-3.1292,-0.0118,-0.0034,-13.804,4.305
383.41,93.020,0.1939,0.0008,0.0006,0.0054,-0.0191,-0.0118,-0.0034,-3.1292,-13.945,4.144,0.1939,0.475627,4.61174,0.00237469,0.1939,0.0008,-13.746,4.316,-3.1292,-0.0118,-0.0034,-13.804,4.305
383.51,93.040,0.1939,0.0008,0.0006,0.0054,-0.0191,-0.0118,-0.0034,-3.1292,-13.951,4.144,0.1939,0.42661,2.20841,0.00237468,0.1939,0.0008,-13.760,4.311,-3.1292,-0.0118,-0.0034,-13.804,4.305
383.61,93.080,0.1939,0.0008,0.0006,0.0054,-0.0191,-0.0118,-0.0034,-3.1292,-13.956,4.143,0.1939,0.428126,2.25982,0.00209788,0.1939,0.0008,-13.765,4.311,-3.1292,-0.0118,-0.0034,-13.804,4.305
383.71,93.100,0.1939,0.0008,-0.0038,-0.0002,-0.0001,-0.0118,-0.0034,-3.1292,-13.962,4.143,0.1933,0.429646,2.31251,0.00237468,0.1934,-0.0045,-13.771,4.311,-3.1292,-0.0118,-0.0034,-13.804,4.305
383.81,93.140,0.1934,-0.0045,-0.0038,0.0054,-0.0199,-0.0118,-0.0034,-3.1293,-13.967,4.143,0.1932,0.43167,2.3848,0.00237468,0.1934,-0.0045,-13.779,4.311,-3.1293,-0.0118,-0.0034,-13.804,4.305
383.91,93.160,0.1934,-0.0045,-0.0038,0.0054,-0.0199,-0.0118,-0.0034,-3.1294,-13.973,4.143,0.1932,0.433187,2.44056,0.00209788,0.1934,-0.0045,-13.785,4.311,-3.1294,-0.0118,-0.0034,-13.804,4.305
384.01,93.180,0.1934,-0.0045,-0.0038,0.0054,-0.0199,-0.0118,-0.0034,-3.1295,-13.978,4.143,0.1932,0.433187,2.44056,0.00209788,0.1934,-0.0045,-13.785,4.311,-3.1294,-0.0118,-0.0034,-13.804,4.305
384.11,93.220,0.1935,-0.0041,-0.0035,0.0055,-0.0199,-0.0118,-0.0034,-3.1296,-13.983,4.143,0.1933,0.434707,2.49769,0.00237469,0.1935,-0.0041,-13.791,4.311,-3.1295,-0.0118,-0.0034,-13.804,4.305
384.21,93.240,0.1935,-0.0041,-0.0035,0.0055,-0.0199,-0.0118,-0.0034,-3.1297,-13.988,4.143,0.1933,0.436732,2.57601,0.00237469,0.1935,-0.0041,-13.798,4.311,-3.1296,-0.0118,-0.0034,-13.804,4.305
384.31,93.260,0.1935,-0.0041,-0.0035,0.0055,-0.0199,-0.0118,-0.0034,-3.1298,-13.994,4.143,0.1933,0.438249,2.63639,0.00209788,0.1935,-0.0041,-13.804,4.311,-3.1298,-0.0118,-0.0034,-13.804,4.305
384.41,93.300,0.1935,-0.0041,-0.0035,0.0055,-0.0199,-0.0118,-0.0034,-3.1299,-13.999,4.143,0.1934,0.43977,2.69822,0.00237469,0.1936,-0.0033,-13.810,4.311,-3.1299,-0.0118,-0.0034,-13.804,4.305
384.51,93.320,0.1936,-0.0033,-0.0028,0.0058,-0.0198,-0.0118,-0.0034,-3.1300,-14.004,4.143,0.1934,0.441796,2.78293,0.00237469,0.1936,-0.0033,-13.818,4.311,-3.1300,-0.0118,-0.0034,-13.804,4.305
384.61,93.360,0.1936,-0.0033,-0.0026,0.0054,-0.0197,-0.0118,-0.0034,-3.1301,-14.010,4.143,0.1935,0.441796,2.78293,0.00237469,0.1936,-0.0033,-13.818,4.311,-3.1300,-0.0118,-0.0034,-13.804,4.305
384.71,93.380,0.1936,-0.0033,-0.0026,0.0055,-0.0197,-0.0118,-0.0034,-3.1301,-14.016,4.143,0.1935,0.443313,2.84821,0.00209788,0.1936,-0.0033,-13.823,4.311,-3.1301,-0.0118,-0.0034,-13.804,4.305
384.81,93.400,0.1936,-0.0033,-0.0021,0.0055,-0.0196,-0.0118,-0.0034,-3.1302,-14.021,4.143,0.1936,0.444834,2.915,0.00237469,0.1937,-0.0027,-13.829,4.311,-3.1301,-0.0118,-0.0034,-13.804,4.305
384.91,93.440,0.1937,-0.0027,-0.0021,0.0055,-0.0196,-0.0118,-0.0034,-3.1303,-14.027,4.142,0.1936,0.44686,3.00648,0.00237469,0.1937,-0.0027,-13.837,4.311,-3.1302,-0.0118,-0.0034,-13.804,4.305
385.01,93.460,0.1937,-0.0027,-0.0021,0.0055,-0.0196,-0.0118,-0.0034,-3.1303,-14.032,4.142,0.1936,0.448378,3.07693,0.00209788,0.1937,-0.0027,-13.843,4.311,-3.1303,-0.0118,-0.0034,-13.804,4.305
385.11,93.500,0.1937,-0.0027,-0.0021,0.0055,-0.0196,-0.0118,-0.0034,-3.1304,-14.038,4.142,0.1937,0.4499,3.14899,0.00237469,0.1937,-0.0022,-13.849,4.311,-3.1303,-0.0118,-0.0034,-13.804,4.305
385.21,93.520,0.1937,-0.0022,-0.0017,0.0055,-0.0195,-0.0118,-0.0034,-3.1304,-14.043,4.142,0.1937,0.451926,3.24761,0.00237469,0.1937,-0.0022,-13.856,4.311,-3.1304,-0.0118,-0.0034,-13.804,4.305
385.31,93.560,0.1937,-0.0022,-0.0017,0.0055,-0.0195,-0.0118,-0.0034,-3.1305,-14.049,4.142,0.1937,0.451926,3.24761,0.00237469,0.1937,-0.0022,-13.856,4.311,-3.1304,-0.0118,-0.0034,-13.804,4.305
385.41,93.580,0.1937,-0.0022,-0.0017,0.0055,-0.0195,-0.0118,-0.0034,-3.1305,-14.054,4.142,0.1937,0.453445,3.32353,0.00209788,0.1937,-0.0022,-13.862,4.311,-3.1305,-0.0118,-0.0034,-13.804,4.305
385.51,93.620,0.1938,-0.0018,-0.0014,0.0055,-0.0194,-0.0118,-0.0034,-3.1306,-14.060,4.142,0.1937,0.454967,3.40114,0.00237469,0.1938,-0.0018,-13.868,4.311,-3.1305,-0.0118,-0.0034,-13.804,4.305
385.61,93.640,0.1938,-0.0018,-0.0014,0.0055,-0.0194,-0.0118,-0.0034,-3.1306,-14.065,4.142,0.1937,0.456994,3.50731,0.00237469,0.1938,-0.0018,-13.876,4.310,-3.1306,-0.0118,-0.0034,-13.804,4.305
385.71,93.660,0.1938,-0.0018,-0.0014,0.0055,-0.0194,-0.0118,-0.0034,-3.1306,-14.071,4.142,0.1937,0.458513,3.589,0.00209788,0.1938,-0.0018,-13.882,4.310,-3.1306,-0.0118,-0.0034,-13.804,4.305
385.81,93.700,0.1938,-0.0018,-0.0014,0.0055,-0.0194,-0.0118,-0.0034,-3.1307,-14.076,4.142,0.1938,0.460036,3.67247,0.00237469,0.1938,-0.0014,-13.887,4.310,-3.1307,-0.0118,-0.0034,-13.804,4.305
385.91,93.720,0.1938,-0.0014,-0.0011,0.0055,-0.0194,-0.0118,-0.0034,-3.1307,-14.082,4.142,0.1938,0.462064,3.7866,0.00237469,0.1938,-0.0014,-13.895,4.310,-3.1307,-0.0118,-0.0034,-13.804,4.305
386.01,93.760,0.1938,-0.0014,-0.0011,0.0055,-0.0194,-0.0118,-0.0034,-3.1307,-14.087,4.142,0.1938,0.462064,3.7866,0.00237469,0.1938,-0.0014,-13.895,4.310,-3.1307,-0.0118,-0.0034,-13.804,4.305
386.11,93.780,0.1938,-0.0014,-0.0011,0.0055,-0.0194,-0.0118,-0.0034,-3.1308,-14.093,4.142,0.1938,0.463584,3.87437,0.00209788,0.1938,-0.0014,-13.901,4.310,-3.1307,-0.0118,-0.0034,-13.804,4.305
386.21,93.800,0.1938,-0.0014,-0.0008,0.0055,-0.0193,-0.0118,-0.0034,-3.1308,-14.098,4.142,0.1938,0.465107,3.96402,0.00237469,0.1939,-0.0010,-13.907,4.310,-3.1308,-0.0118,-0.0034,-13.804,4.305
386.31,93.840,0.1939,-0.0010,-0.0008,0.0055,-0.0193,-0.0118,-0.0034,-3.1308,-14.104,4.142,0.1938,0.467137,4.08654,0.00237469,0.1939,-0.0010,-13.914,4.310,-3.1308,-0.0118,-0.0034,-13.804,4.305
386.41,93.860,0.1939,-0.0010,-0.0008,0.0055,-0.0193,-0.0118,-0.0034,-3.1308,-14.109,4.142,0.1938,0.468657,4.18071,0.00209788,0.1939,-0.0010,-13.920,4.310,-3.1308,-0.0118,-0.0034,-13.804,4.305
386.51,93.900,0.1939,-0.0010,-0.0008,0.0055,-0.0193,-0.0118,-0.0034,-3.1309,-14.114,4.141,0.1938,0.470181,4.27687,0.00237469,0.1939,-0.0007,-13.926,4.310,-3.1308,-0.0118,-0.0034,-13.804,4.305
386.61,93.920,0.1939,-0.0007,-0.0005,0.0055,-0.0193,-0.0118,-0.0034,-3.1309,-14.119,4.141,0.1939,0.470181,4.27687,0.00237469,0.1939,-0.0007,-13.926,4.310,-3.1308,-0.0118,-0.0034,-13.804,4.305
386.71,93.940,0.1939,-0.0007,-0.0005,0.0055,-0.0193,-0.0118,-0.0034,-3.1309,-14.125,4.141,0.1939,0.472211,4.40823,0.00237469,0.1939,-0.0007,-13.934,4.310,-3.1309,-0.0118,-0.0034,-13.804,4.305
386.81,93.980,0.1939,-0.0007,-0.0005,0.0055,-0.0193,-0.0118,-0.0034,-3.1309,-14.130,4.141,0.1939,0.473732,4.50914,0.00209788,0.1939,-0.0007,-13.940,4.310,-3.1309,-0.0118,-0.0034,-13.804,4.305
386.91,94.000,0.1939,-0.0007,-0.0003,0.0055,-0.0192,-0.0118,-0.0034,-3.1309,-14.136,4.141,0.1939,0.475257,4.61214,0.00237469,0.1939,-0.0004,-13.945,4.310,-3.1309,-0.0118,-0.0034,-13.998,4.303
387.01,94.040,0.1939,-0.0004,-0.0003,0.0055,-0.0192,-0.0118,-0.0034,-3.1309,-14.141,4.141,0.1939,0.426416,2.20856,0.00237468,0.1939,-0.0004,-13.959,4.307,-3.1309,-0.0118,-0.0034,-13.998,4.303
387.11,94.060,0.1939,-0.0004,-0.0004,0.0042,-0.0147,-0.0118,-0.0034,-3.1309,-14.147,4.141,0.1939,0.427929,2.25998,0.00209788,0.1939,-0.0004,-13.965,4.307,-3.1309,-0.0118,-0.0034,-13.998,4.303
387.21,94.080,0.1939,-0.0004,-0.0004,0.0055,-0.0192,-0.0118,-0.0034,-3.1309,-14.153,4.141,0.1939,0.427929,2.25998,0.00209788,0.1939,-0.0004,-13.965,4.307,-3.1309,-0.0118,-0.0034,-13.998,4.303
387.31,94.120,0.1934,-0.0045,-0.0038,-0.0002,-0.0001,-0.0118,-0.0034,-3.1310,-14.158,4.141,0.1934,0.429445,2.31268,0.00237468,0.1934,-0.0045,-13.970,4.307,-3.1309,-0.0118,-0.0034,-13.998,4.303
387.41,94.140,0.1934,-0.0045,-0.0038,0.0055,-0.0199,-0.0118,-0.0034,-3.1311,-14.163,4.141,0.1934,0.431464,2.38497,0.00237468,0.1934,-0.0045,-13.978,4.306,-3.1310,-0.0118,-0.0034,-13.998,4.303
387.51,94.180,0.1934,-0.0045,-0.0038,0.0055,-0.0199,-0.0118,-0.0034,-3.1312,-14.169,4.141,0.1934,0.432977,2.44075,0.00209788,0.1934,-0.0045,-13.984,4.306,-3.1312,-0.0118,-0.0034,-13.998,4.303
387.61,94.200,0.1934,-0.0045,-0.0036,0.0055,-0.0199,-0.0118,-0.0034,-3.1314,-14.174,4.141,0.1935,0.434494,2.49788,0.00237469,0.1935,-0.0042,-13.990,4.306,-3.1313,-0.0118,-0.0034,-13.998,4.303
387.71,94.220,0.1935,-0.0042,-0.0036,0.0055,-0.0199,-0.0118,-0.0034,-3.1315,-14.180,4.141,0.1935,0.436514,2.57621,0.00237469,0.1935,-0.0042,-13.997,4.306,-3.1314,-0.0118,-0.0034,-13.998,4.303
387.81,94.260,0.1935,-0.0042,-0.0036,0.0055,-0.0199,-0.0118,-0.0034,-3.1316,-14.185,4.141,0.1935,0.438027,2.6366,0.00209788,0.1935,-0.0042,-14.003,4.306,-3.1315,-0.0118,-0.0034,-13.998,4.303
387.91,94.280,0.1935,-0.0042,-0.0036,0.0055,-0.0199,-0.0118,-0.0034,-3.1317,-14.190,4.141,0.1935,0.438027,2.6366,0.00209788,0.1935,-0.0042,-14.003,4.306,-3.1315,-0.0118,-0.0034,-13.998,4.303
388.01,94.320,0.1935,-0.0037,-0.0031,0.0055,-0.0198,-0.0118,-0.0034,-3.1317,-14.196,4.141,0.1935,0.439543,2.69843,0.00237469,0.1935,-0.0037,-14.009,4.306,-3.1316,-0.0118,-0.0034,-13.998,4.303
388.11,94.340,0.1935,-0.0037,-0.0031,0.0055,-0.0198,-0.0118,-0.0034,-3.1318,-14.201,4.140,0.1935,0.441563,2.78316,0.00237469,0.1935,-0.0037,-14.017,4.306,-3.1318,-0.0118,-0.0034,-13.998,4.303
388.21,94.360,0.1935,-0.0037,-0.0031,0.0055,-0.0198,-0.0118,-0.0034,-3.1319,-14.207,4.140,0.1935,0.443077,2.84844,0.00209788,0.1935,-0.0037,-14.023,4.306,-3.1319,-0.0118,-0.0034,-13.998,4.303
388.31,94.400,0.1935,-0.0037,-0.0031,0.0055,-0.0198,-0.0118,-0.0034,-3.1320,-14.212,4.140,0.1936,0.444594,2.91525,0.00237469,0.1936,-0.0032,-14.028,4.306,-3.1320,-0.0118,-0.0034,-13.998,4.303
388.41,94.420,0.1936,-0.0032,-0.0027,0.0055,-0.0197,-0.0118,-0.0034,-3.1321,-14.217,4.140,0.1936,0.446614,3.00674,0.00237469,0.1936,-0.0032,-14.036,4.306,-3.1321,-0.0118,-0.0034,-13.998,4.303
388.51,94.460,0.1936,-0.0032,-0.0027,0.0055,-0.0197,-0.0118,-0.0034,-3.1322,-14.223,4.140,0.1936,0.446614,3.00674,0.00237469,0.1936,-0.0032,-14.036,4.306,-3.1321,-0.0118,-0.0034,-13.998,4.303
388.61,94.480,0.1936,-0.0032,-0.0027,0.0055,-0.0197,-0.0118,-0.0034,-3.1322,-14.229,4.140,0.1936,0.448127,3.07719,0.00209788,0.1936,-0.0032,-14.042,4.306,-3.1322,-0.0118,-0.0034,-13.998,4.303
388.71,94.500,0.1936,-0.0032,-0.0024,0.0055,-0.0196,-0.0118,-0.0034,-3.1323,-14.234,4.140,0.1936,0.449644,3.14926,0.00237469,0.1936,-0.0029,-14.048,4.306,-3.1322,-0.0118,-0.0034,-13.998,4.303
388.81,94.540,0.1936,-0.0029,-0.0024,0.0055,-0.0196,-0.0118,-0.0034,-3.1324,-14.240,4.140,0.1936,0.451665,3.2479,0.00237469,0.1936,-0.0029,-14.056,4.306,-3.1323,-0.0118,-0.0034,-13.998,4.303
388.91,94.560,0.1936,-0.0029,-0.0024,0.0055,-0.0196,-0.0118,-0.0034,-3.1324,-14.245,4.140,0.1936,0.453179,3.32382,0.00209788,0.1936,-0.0029,-14.061,4.306,-3.1324,-0.0118,-0.0034,-13.998,4.303
389.01,94.600,0.1936,-0.0029,-0.0024,0.0055,-0.0196,-0.0118,-0.0034,-3.1325,-14.250,4.140,0.1937,0.454696,3.40145,0.00237469,0.1937,-0.0025,-14.067,4.306,-3.1325,-0.0118,-0.0034,-13.998,4.303
389.11,94.620,0.1937,-0.0025,-0.0022,0.0055,-0.0196,-0.0118,-0.0034,-3.1326,-14.255,4.140,0.1937,0.454696,3.40145,0.00237469,0.1937,-0.0025,-14.067,4.306,-3.1325,-0.0118,-0.0034,-13.998,4.303
389.21,94.640,0.1937,-0.0025,-0.0022,0.0055,-0.0196,-0.0118,-0.0034,-3.1326,-14.260,4.140,0.1937,0.456717,3.50763,0.00237469,0.1937,-0.0025,-14.075,4.306,-3.1326,-0.0118,-0.0034,-13.998,4.303
389.31,94.680,0.1937,-0.0025,-0.0022,0.0055,-0.0196,-0.0118,-0.0034,-3.1327,-14.265,4.140,0.1937,0.458231,3.58933,0.00209788,0.1937,-0.0025,-14.081,4.305,-3.1326,-0.0118,-0.0034,-13.998,4.303
389.41,94.700,0.1937,-0.0025,-0.0022,0.0055,-0.0196,-0.0118,-0.0034,-3.1327,-14.270,4.140,0.1933,0.459749,3.67281,0.00237469,0.1932,-0.0068,-14.087,4.305,-3.1327,-0.0118,-0.0034,-13.998,4.303
389.51,94.720,0.1932,-0.0068,-0.0058,0.0055,-0.0203,-0.0118,-0.0034,-3.1329,-14.275,4.140,0.1931,0.459749,3.67281,0.00237469,0.1932,-0.0068,-14.087,4.305,-3.1327,-0.0118,-0.0034,-13.998,4.303
389.61,94.740,0.1932,-0.0068,-0.0058,0.0055,-0.0203,-0.0118,-0.0034,-3.1331,-14.280,4.140,0.1931,0.46177,3.78696,0.00237469,0.1932,-0.0068,-14.094,4.305,-3.1329,-0.0118,-0.0034,-13.998,4.303
389.71,94.780,0.1932,-0.0068,-0.0058,0.0055,-0.0203,-0.0118,-0.0034,-3.1332,-14.286,4.140,0.1931,0.463284,3.87474,0.00209788,0.1932,-0.0068,-14.100,4.305,-3.1330,-0.0118,-0.0034,-13.998,4.303
389.81,94.800,0.1932,-0.0068,-0.0053,0.0055,-0.0202,-0.0118,-0.0034,-3.1334,-14.291,4.139,0.1932,0.464802,3.9644,0.00237469,0.1932,-0.0062,-14.106,4.305,-3.1332,-0.0118,-0.0034,-13.998,4.303
389.91,94.840,0.1932,-0.0062,-0.0054,0.0053,-0.0201,-0.0118,-0.0034,-3.1335,-14.297,4.139,0.1932,0.466823,4.08694,0.00237469,0.1932,-0.0062,-14.114,4.305,-3.1335,-0.0118,-0.0034,-13.998,4.303
390.01,94.860,0.1932,-0.0062,-0.0060,0.0055,-0.0203,-0.0118,-0.0034,-3.1337,-14.302,4.139,0.1930,0.468337,4.18112,0.00209788,0.1932,-0.0062,-14.119,4.305,-3.1336,-0.0118,-0.0034,-13.998,4.303
390.11,94.880,0.1932,-0.0062,-0.0060,0.0055,-0.0203,-0.0118,-0.0034,-3.1338,-14.307,4.139,0.1930,0.468337,4.18112,0.00209788,0.1932,-0.0062,-14.119,4.305,-3.1336,-0.0118,-0.0034,-13.998,4.303
390.21,94.920,0.1933,-0.0055,-0.0052,0.0055,-0.0202,-0.0118,-0.0034,-3.1340,-14.312,4.139,0.1931,0.469855,4.27729,0.00237469,0.1933,-0.0055,-14.125,4.305,-3.1338,-0.0118,-0.0034,-13.998,4.303
390.31,94.940,0.1933,-0.0055,-0.0052,0.0055,-0.0202,-0.0118,-0.0034,-3.1341,-14.318,4.139,0.1931,0.471875,4.40867,0.00237469,0.1933,-0.0055,-14.133,4.305,-3.1340,-0.0118,-0.0034,-13.998,4.303
390.41,94.980,0.1933,-0.0055,-0.0052,0.0055,-0.0202,-0.0118,-0.0034,-3.1343,-14.323,4.139,0.1931,0.473389,4.50959,0.00209788,0.1933,-0.0055,-14.139,4.305,-3.1342,-0.0118,-0.0034,-13.998,4.303
390.51,95.000,0.1933,-0.0055,-0.0052,0.0055,-0.0202,-0.0118,-0.0034,-3.1344,-14.328,4.139,0.1933,0.474906,4.61261,0.00237469,0.1934,-0.0047,-14.144,4.305,-3.1343,-0.0118,-0.0034,-14.191,4.301
390.61,95.020,0.1934,-0.0047,-0.0045,0.0055,-0.0200,-0.0118,-0.0034,-3.1345,-14.333,4.139,0.1933,0.426242,2.20873,0.00237468,0.1934,-0.0047,-14.157,4.303,-3.1345,-0.0118,-0.0034,-14.191,4.301
390.71,95.040,0.1934,-0.0047,-0.0045,0.0055,-0.0200,-0.0118,-0.0034,-3.1346,-14.338,4.139,0.1933,0.426242,2.20873,0.00237468,0.1934,-0.0047,-14.157,4.303,-3.1345,-0.0118,-0.0034,-14.191,4.301
390.81,95.080,0.1934,-0.0047,-0.0045,0.0055,-0.0200,-0.0118,-0.0034,-3.1348,-14.343,4.139,0.1933,0.427751,2.26015,0.00209788,0.1934,-0.0047,-14.163,4.303,-3.1347,-0.0118,-0.0034,-14.191,4.301
390.91,95.100,0.1934,-0.0047,-0.0053,0.0055,-0.0202,-0.0118,-0.0034,-3.1349,-14.348,4.139,0.1931,0.429263,2.31286,0.00237468,0.1933,-0.0055,-14.169,4.303,-3.1348,-0.0118,-0.0034,-14.191,4.301
391.01,95.120,0.1933,-0.0055,-0.0053,0.0055,-0.0202,-0.0118,-0.0034,-3.1350,-14.353,4.139,0.1931,0.431276,2.38516,0.00237468,0.1933,-0.0055,-14.176,4.303,-3.1350,-0.0118,-0.0034,-14.191,4.301
391.11,95.160,0.1933,-0.0055,-0.0053,0.0055,-0.0202,-0.0118,-0.0034,-3.1351,-14.358,4.139,0.1931,0.431276,2.38516,0.00237468,0.1933,-0.0055,-14.176,4.303,-3.1350,-0.0118,-0.0034,-14.191,4.301
391.21,95.180,0.1933,-0.0055,-0.0053,0.0056,-0.0202,-0.0118,-0.0034,-3.1353,-14.363,4.139,0.1931,0.432785,2.44094,0.00209788,0.1933,-0.0055,-14.182,4.303,-3.1351,-0.0118,-0.0034,-14.191,4.301
391.31,95.200,0.1933,-0.0055,-0.0047,0.0056,-0.0201,-0.0118,-0.0034,-3.1354,-14.368,4.139,0.1932,0.434296,2.49808,0.00237469,0.1934,-0.0049,-14.188,4.303,-3.1353,-0.0118,-0.0034,-14.191,4.301
391.41,95.240,0.1934,-0.0049,-0.0047,0.0056,-0.0201,-0.0118,-0.0034,-3.1355,-14.373,4.139,0.1932,0.43631,2.57642,0.00237469,0.1934,-0.0049,-14.196,4.303,-3.1355,-0.0118,-0.0034,-14.191,4.301
391.51,95.260,0.1934,-0.0049,-0.0047,0.0056,-0.0201,-0.0118,-0.0034,-3.1357,-14.379,4.139,0.1932,0.437818,2.63682,0.00209788,0.1934,-0.0049,-14.202,4.302,-3.1356,-0.0118,-0.0034,-14.191,4.301
391.61,95.280,0.1934,-0.0049,-0.0047,0.0056,-0.0201,-0.0118,-0.0034,-3.1358,-14.384,4.139,0.1932,0.437818,2.63682,0.00209788,0.1934,-0.0049,-14.202,4.302,-3.1356,-0.0118,-0.0034,-14.191,4.301
391.71,95.300,0.1934,-0.0049,-0.0041,0.0056,-0.0200,-0.0118,-0.0034,-3.1359,-14.388,4.138,0.1933,0.43933,2.69866,0.00237469,0.1935,-0.0043,-14.207,4.302,-3.1358,-0.0118,-0.0034,-14.191,4.301
391.81,95.340,0.1935,-0.0043,-0.0041,0.0056,-0.0200,-0.0118,-0.0034,-3.1360,-14.393,4.138,0.1933,0.441343,2.78339,0.00237469,0.1935,-0.0043,-14.215,4.302,-3.1360,-0.0118,-0.0034,-14.191,4.301
391.91,95.360,0.1935,-0.0043,-0.0041,0.0055,-0.0200,-0.0118,-0.0034,-3.1361,-14.399,4.138,0.1933,0.442851,2.84869,0.00209788,0.1935,-0.0043,-14.221,4.302,-3.1361,-0.0118,-0.0034,-14.191,4.301
392.01,95.380,0.1935,-0.0043,-0.0041,0.0055,-0.0200,-0.0118,-0.0034,-3.1362,-14.404,4.138,0.1933,0.444363,2.9155,0.00237469,0.1935,-0.0038,-14.227,4.302,-3.1362,-0.0118,-0.0034,-14.191,4.301
392.11,95.420,0.1935,-0.0038,-0.0036,0.0055,-0.0199,-0.0118,-0.0034,-3.1363,-14.409,4.138,0.1934,0.444363,2.9155,0.00237469,0.1935,-0.0038,-14.227,4.302,-3.1362,-0.0118,-0.0034,-14.191,4.301
392.21,95.440,0.1935,-0.0038,-0.0036,0.0040,-0.0199,-0.0118,-0.0034,-3.1364,-14.414,4.138,0.1934,0.446376,3.007,0.00237469,0.1935,-0.0038,-14.234,4.302,-3.1363,-0.0118,-0.0034,-14.191,4.301
392.31,95.460,0.1935,-0.0038,-0.0033,-0.0002,-0.0001,-0.0118,-0.0034,-3.1365,-14.420,4.138,0.1933,0.447884,3.07747,0.00209788,0.1935,-0.0038,-14.240,4.302,-3.1364,-0.0118,-0.0034,-14.191,4.301
392.41,95.500,0.1935,-0.0038,-0.0033,0.0056,-0.0198,-0.0118,-0.0034,-3.1366,-14.424,4.138,0.1934,0.449395,3.14954,0.00237469,0.1936,-0.0034,-14.246,4.302,-3.1365,-0.0118,-0.0034,-14.191,4.301
392.51,95.520,0.1936,-0.0034,-0.0029,0.0056,-0.0197,-0.0118,-0.0034,-3.1367,-14.430,4.138,0.1934,0.449395,3.14954,0.00237469,0.1936,-0.0034,-14.246,4.302,-3.1365,-0.0118,-0.0034,-14.191,4.301
392.61,95.540,0.1936,-0.0034,-0.0029,0.0056,-0.0197,-0.0118,-0.0034,-3.1367,-14.435,4.138,0.1934,0.451408,3.24819,0.00237469,0.1936,-0.0034,-14.254,4.302,-3.1367,-0.0118,-0.0034,-14.191,4.301
392.71,95.580,0.1936,-0.0034,-0.0029,0.0056,-0.0197,-0.0118,-0.0034,-3.1368,-14.440,4.138,0.1934,0.452916,3.32413,0.00209788,0.1936,-0.0034,-14.260,4.302,-3.1367,-0.0118,-0.0034,-14.191,4.301
392.81,95.600,0.1936,-0.0034,-0.0029,0.0056,-0.0197,-0.0118,-0.0034,-3.1369,-14.445,4.138,0.1934,0.454427,3.40176,0.00237469,0.1936,-0.0032,-14.265,4.302,-3.1368,-0.0118,-0.0034,-14.191,4.301
392.91,95.620,0.1936,-0.0032,-0.0027,0.0056,-0.0197,-0.0118,-0.0034,-3.1370,-14.450,4.138,0.1934,0.45644,3.50796,0.00237469,0.1936,-0.0032,-14.273,4.302,-3.1369,-0.0118,-0.0034,-14.191,4.301
393.01,95.660,0.1936,-0.0032,-0.0027,0.0056,-0.0197,-0.0118,-0.0034,-3.1370,-14.455,4.138,0.1934,0.45644,3.50796,0.00237469,0.1936,-0.0032,-14.273,4.302,-3.1369,-0.0118,-0.0034,-14.191,4.301
393.11,95.680,0.1936,-0.0032,-0.0027,0.0056,-0.0197,-0.0118,-0.0034,-3.1371,-14.461,4.138,0.1934,0.457948,3.58966,0.00209788,0.1936,-0.0032,-14.279,4.301,-3.1370,-0.0118,-0.0034,-14.191,4.301
393.21,95.700,0.1936,-0.0032,-0.0025,0.0056,-0.0196,-0.0118,-0.0034,-3.1372,-14.466,4.138,0.1935,0.45946,3.67315,0.00237469,0.1936,-0.0029,-14.285,4.301,-3.1371,-0.0118,-0.0034,-14.191,4.301
393.31,95.740,0.1936,-0.0029,-0.0025,0.0056,-0.0196,-0.0118,-0.0034,-3.1372,-14.471,4.138,0.1935,0.461472,3.78732,0.00237469,0.1936,-0.0029,-14.293,4.301,-3.1372,-0.0118,-0.0034,-14.191,4.301
393.41,95.760,0.1936,-0.0029,-0.0025,0.0056,-0.0196,-0.0118,-0.0034,-3.1373,-14.476,4.138,0.1935,0.46298,3.8751,0.00209788,0.1936,-0.0029,-14.298,4.301,-3.1373,-0.0118,-0.0034,-14.191,4.301
393.51,95.780,0.1936,-0.0029,-0.0025,0.0056,-0.0196,-0.0118,-0.0034,-3.1374,-14.480,4.138,0.1935,0.46298,3.8751,0.00209788,0.1936,-0.0029,-14.298,4.301,-3.1373,-0.0118,-0.0034,-14.191,4.301
393.61,95.800,0.1936,-0.0029,-0.0023,0.0056,-0.0196,-0.0118,-0.0035,-3.1374,-14.485,4.138,0.1935,0.464491,3.96478,0.00237469,0.1937,-0.0027,-14.304,4.301,-3.1373,-0.0118,-0.0035,-14.191,4.301
393.71,95.840,0.1937,-0.0027,-0.0023,0.0056,-0.0196,-0.0118,-0.0035,-3.1375,-14.491,4.138,0.1935,0.466504,4.08733,0.00237469,0.1937,-0.0027,-14.312,4.301,-3.1374,-0.0118,-0.0035,-14.191,4.301
393.81,95.860,0.1937,-0.0027,-0.0023,0.0056,-0.0196,-0.0118,-0.0035,-3.1375,-14.496,4.138,0.1935,0.468012,4.18152,0.00209788,0.1937,-0.0027,-14.318,4.301,-3.1375,-0.0118,-0.0035,-14.191,4.301
393.91,95.900,0.1937,-0.0027,-0.0023,0.0056,-0.0196,-0.0118,-0.0035,-3.1376,-14.501,4.138,0.1935,0.469523,4.2777,0.00237469,0.1937,-0.0025,-14.324,4.301,-3.1376,-0.0118,-0.0035,-14.191,4.301
394.01,95.920,0.1937,-0.0025,-0.0021,0.0056,-0.0196,-0.0118,-0.0035,-3.1377,-14.507,4.138,0.1935,0.469523,4.2777,0.00237469,0.1937,-0.0025,-14.324,4.301,-3.1376,-0.0118,-0.0035,-14.191,4.301
394.11,95.940,0.1937,-0.0025,-0.0021,0.0056,-0.0196,-0.0118,-0.0035,-3.1377,-14.512,4.138,0.1935,0.471536,4.40909,0.00237469,0.1937,-0.0025,-14.331,4.301,-3.1377,-0.0118,-0.0035,-14.191,4.301
394.21,95.980,0.1937,-0.0025,-0.0021,0.0056,-0.0196,-0.0118,-0.0035,-3.1378,-14.517,4.138,0.1935,0.473043,4.51002,0.00209788,0.1937,-0.0025,-14.337,4.301,-3.1377,-0.0118,-0.0035,-14.191,4.301
394.31,96.000,0.1937,-0.0025,-0.0021,0.0056,-0.0196,-0.0118,-0.0035,-3.1378,-14.522,4.138,0.1936,0.474555,4.61305,0.00237469,0.1937,-0.0024,-14.343,4.301,-3.1378,-0.0118,-0.0035,-14.261,4.246
394.41,96.020,0.1937,-0.0024,-0.0021,0.0056,-0.0195,-0.0118,-0.0035,-3.1379,-14.527,4.138,0.1936,0.426079,2.20889,0.00237468,0.1937,-0.0024,-14.342,4.271,-3.1379,-0.0118,-0.0035,-14.261,4.246
394.51,96.060,0.1937,-0.0024,-0.0021,0.0056,-0.0195,-0.0118,-0.0035,-3.1379,-14.532,4.138,0.1936,0.426079,2.20889,0.00237468,0.1937,-0.0024,-14.342,4.271,-3.1379,-0.0118,-0.0035,-14.261,4.246
394.61,96.080,0.1937,-0.0024,-0.0021,0.0056,-0.0195,-0.0118,-0.0035,-3.1380,-14.538,4.138,0.1936,0.427585,2.26032,0.00209788,0.1937,-0.0024,-14.348,4.270,-3.1379,-0.0118,-0.0035,-14.261,4.246
394.71,96.100,0.1937,-0.0024,-0.0106,-0.0232,-0.0068,-0.0118,-0.0035,-3.1382,-14.543,4.138,0.1900,0.429094,2.31303,0.00237468,0.1904,-0.0294,-14.353,4.270,-3.1380,-0.0118,-0.0035,-14.261,4.246
394.81,96.140,0.1904,-0.0294,-0.0250,-0.0013,-0.0004,-0.0118,-0.0035,-3.1387,-14.547,4.138,0.1895,0.431104,2.38534,0.00237468,0.1904,-0.0294,-14.361,4.269,-3.1384,-0.0118,-0.0035,-14.261,4.246
394.91,96.160,0.1904,-0.0294,-0.0249,-0.0012,-0.0003,-0.0118,-0.0035,-3.1394,-14.553,4.137,0.1894,0.432609,2.44112,0.00209788,0.1904,-0.0294,-14.367,4.269,-3.1391,-0.0118,-0.0035,-14.261,4.246
395.01,96.180,0.1904,-0.0294,-0.0249,-0.0011,-0.0003,-0.0118,-0.0035,-3.1401,-14.558,4.137,0.1892,0.432609,2.44112,0.00209788,0.1904,-0.0294,-14.367,4.269,-3.1391,-0.0118,-0.0035,-14.261,4.246
395.11,96.220,0.1904,-0.0292,-0.0246,-0.0010,-0.0003,-0.0118,-0.0035,-3.1408,-14.563,4.137,0.1890,0.434118,2.49827,0.00237469,0.1904,-0.0292,-14.372,4.268,-3.1399,-0.0118,-0.0035,-14.261,4.246
395.21,96.240,0.1904,-0.0292,-0.0246,-0.0007,-0.0002,-0.0118,-0.0035,-3.1414,-14.568,4.137,0.1889,0.436127,2.57661,0.00237469,0.1904,-0.0292,-14.380,4.268,-3.1409,-0.0118,-0.0035,-14.261,4.246
395.31,96.260,0.1904,-0.0292,-0.0245,0.0086,-0.0249,-0.0118,-0.0035,3.1411,-14.573,4.137,0.1889,0.437631,2.63702,0.00209788,0.1904,-0.0292,-14.386,4.267,3.1415,-0.0118,-0.0035,-14.261,4.246
395.41,96.280,0.1904,-0.0292,-0.0223,0.0057,-0.0234,-0.0118,-0.0035,3.1406,-14.577,4.137,0.1896,0.439139,2.69886,0.00237469,0.1907,-0.0269,-14.391,4.267,3.1408,-0.0118,-0.0035,-14.261,4.246
395.51,96.320,0.1907,-0.0269,-0.0205,0.0057,-0.0231,-0.0118,-0.0035,3.1400,-14.582,4.137,0.1900,0.439139,2.69886,0.00237469,0.1907,-0.0269,-14.391,4.267,3.1408,-0.0118,-0.0035,-14.261,4.246
395.61,96.340,0.1907,-0.0269,-0.0205,0.0057,-0.0231,-0.0118,-0.0035,3.1396,-14.586,4.137,0.1900,0.441146,2.7836,0.00237469,0.1907,-0.0269,-14.399,4.267,3.1399,-0.0118,-0.0035,-14.261,4.246
395.71,96.360,0.1907,-0.0269,-0.0205,0.0057,-0.0231,-0.0118,-0.0035,3.1391,-14.591,4.137,0.1900,0.44265,2.8489,0.00209788,0.1907,-0.0269,-14.405,4.266,3.1393,-0.0118,-0.0035,-14.261,4.246
395.81,96.380,0.1907,-0.0269,-0.0205,0.0057,-0.0231,-0.0118,-0.0035,3.1386,-14.596,4.137,0.1900,0.44265,2.8489,0.00209788,0.1907,-0.0269,-14.405,4.266,3.1393,-0.0118,-0.0035,-14.261,4.246
395.91,96.400,0.1907,-0.0269,-0.0192,0.0058,-0.0228,-0.0118,-0.0035,3.1382,-14.600,4.137,0.1902,0.444157,2.91572,0.00237469,0.1909,-0.0252,-14.411,4.266,3.1387,-0.0118,-0.0035,-14.261,4.246
396.01,96.420,0.1909,-0.0252,-0.0192,0.0058,-0.0228,-0.0118,-0.0035,3.1378,-14.604,4.137,0.1902,0.446163,3.00723,0.00237469,0.1909,-0.0252,-14.418,4.265,3.1379,-0.0118,-0.0035,-14.261,4.246
396.11,96.460,0.1909,-0.0252,-0.0192,0.0058,-0.0228,-0.0118,-0.0036,3.1373,-14.608,4.137,0.1902,0.446163,3.00723,0.00237469,0.1909,-0.0252,-14.418,4.265,3.1379,-0.0118,-0.0036,-14.261,4.246
396.21,96.480,0.1909,-0.0252,-0.0192,0.0058,-0.0228,-0.0118,-0.0036,3.1368,-14.613,4.137,0.1902,0.447666,3.0777,0.00209788,0.1909,-0.0252,-14.424,4.265,3.1373,-0.0118,-0.0036,-14.261,4.246
396.31,96.500,0.1909,-0.0252,-0.0192,0.0058,-0.0228,-0.0118,-0.0036,3.1364,-14.617,4.137,0.1904,0.449172,3.14978,0.00237469,0.1911,-0.0239,-14.430,4.264,3.1368,-0.0118,-0.0036,-14.261,4.246
396.41,96.520,0.1911,-0.0239,-0.0181,0.0058,-0.0226,-0.0118,-0.0036,3.1360,-14.621,4.137,0.1904,0.449172,3.14978,0.00237469,0.1911,-0.0239,-14.430,4.264,3.1368,-0.0118,-0.0036,-14.261,4.246
396.51,96.540,0.1911,-0.0239,-0.0181,0.0058,-0.0226,-0.0118,-0.0036,3.1356,-14.626,4.137,0.1904,0.451177,3.24843,0.00237469,0.1911,-0.0239,-14.437,4.264,3.1360,-0.0118,-0.0036,-14.261,4.246
396.61,96.560,0.1911,-0.0239,-0.0181,0.0058,-0.0226,-0.0118,-0.0036,3.1352,-14.630,4.137,0.1904,0.45268,3.32437,0.00209788,0.1911,-0.0239,-14.443,4.263,3.1355,-0.0118,-0.0036,-14.261,4.246
396.71,96.600,0.1911,-0.0239,-0.0181,0.0058,-0.0226,-0.0118,-0.0036,3.1348,-14.635,4.137,0.1906,0.454185,3.402,0.00237469,0.1912,-0.0227,-14.449,4.263,3.1349,-0.0118,-0.0036,-14.261,4.246
396.81,96.620,0.1912,-0.0227,-0.0173,0.0058,-0.0224,-0.0118,-0.0036,3.1344,-14.639,4.137,0.1906,0.454185,3.402,0.00237469,0.1912,-0.0227,-14.449,4.263,3.1349,-0.0118,-0.0036,-14.261,4.246
396.91,96.640,0.1912,-0.0227,-0.0173,0.0058,-0.0224,-0.0118,-0.0036,3.1341,-14.642,4.137,0.1906,0.45619,3.50821,0.00237469,0.1912,-0.0227,-14.456,4.263,3.1342,-0.0118,-0.0036,-14.261,4.246
397.01,96.660,0.1912,-0.0227,-0.0173,0.0058,-0.0224,-0.0118,-0.0036,3.1337,-14.647,4.137,0.1906,0.45619,3.50821,0.00237469,0.1912,-0.0227,-14.456,4.263,3.1342,-0.0118,-0.0036,-14.261,4.246
397.11,96.680,0.1912,-0.0227,-0.0173,0.0058,-0.0224,-0.0118,-0.0036,3.1333,-14.651,4.137,0.1906,0.457692,3.58991,0.00209788,0.1912,-0.0227,-14.462,4.262,3.1337,-0.0118,-0.0036,-14.261,4.246
397.21,96.700,0.1912,-0.0227,-0.0165,0.0059,-0.0223,-0.0118,-0.0036,3.1328,-14.656,4.137,0.1907,0.459197,3.67341,0.00237469,0.1913,-0.0217,-14.468,4.262,3.1332,-0.0118,-0.0036,-14.261,4.246
397.31,96.720,0.1913,-0.0217,-0.0165,0.0059,-0.0223,-0.0118,-0.0036,3.1325,-14.660,4.137,0.1907,0.461201,3.78757,0.00237469,0.1913,-0.0217,-14.476,4.261,3.1325,-0.0118,-0.0036,-14.261,4.246
397.41,96.740,0.1913,-0.0217,-0.0165,0.0059,-0.0223,-0.0118,-0.0036,3.1322,-14.664,4.137,0.1907,0.461201,3.78757,0.00237469,0.1913,-0.0217,-14.476,4.261,3.1325,-0.0118,-0.0036,-14.261,4.246
397.51,96.760,0.1913,-0.0217,-0.0165,0.0059,-0.0223,-0.0118,-0.0036,3.1318,-14.668,4.137,0.1907,0.462702,3.87536,0.00209788,0.1913,-0.0217,-14.481,4.261,3.1320,-0.0118,-0.0036,-14.261,4.246
397.61,96.780,0.1913,-0.0217,-0.0165,0.0059,-0.0223,-0.0118,-0.0036,3.1315,-14.672,4.137,0.1907,0.462702,3.87536,0.00209788,0.1913,-0.0217,-14.481,4.261,3.1320,-0.0118,-0.0036,-14.261,4.246
397.71,96.800,0.1913,-0.0217,-0.0159,0.0059,-0.0222,-0.0118,-0.0036,3.1312,-14.675,4.137,0.1909,0.464207,3.96503,0.00237469,0.1914,-0.0209,-14.487,4.260,3.1315,-0.0118,-0.0036,-14.261,4.246
397.81,96.820,0.1914,-0.0209,-0.0159,0.0059,-0.0222,-0.0118,-0.0036,3.1309,-14.679,4.137,0.1909,0.466212,4.08759,0.00237469,0.1914,-0.0209,-14.495,4.260,3.1309,-0.0118,-0.0036,-14.261,4.246
397.91,96.840,0.1914,-0.0209,-0.0159,0.0059,-0.0222,-0.0118,-0.0036,3.1305,-14.683,4.137,0.1909,0.466212,4.08759,0.00237469,0.1914,-0.0209,-14.495,4.260,3.1309,-0.0118,-0.0036,-14.261,4.246
398.01,96.860,0.1914,-0.0209,-0.0159,0.0059,-0.0222,-0.0118,-0.0036,3.1302,-14.687,4.137,0.1909,0.467713,4.18178,0.00209788,0.1914,-0.0209,-14.500,4.259,3.1304,-0.0118,-0.0036,-14.261,4.246
398.11,96.900,0.1914,-0.0209,-0.0159,0.0062,-0.0220,-0.0118,-0.0036,3.1298,-14.692,4.137,0.1909,0.469218,4.27796,0.00237469,0.1915,-0.0203,-14.506,4.259,3.1300,-0.0118,-0.0036,-14.261,4.246
398.21,96.920,0.1915,-0.0203,-0.0155,0.0064,-0.0218,-0.0118,-0.0036,3.1295,-14.696,4.137,0.1910,0.469218,4.27796,0.00237469,0.1915,-0.0203,-14.506,4.259,3.1300,-0.0118,-0.0036,-14.261,4.246
398.31,96.940,0.1915,-0.0203,-0.0155,0.0072,-0.0215,-0.0118,-0.0036,3.1291,-14.701,4.137,0.1910,0.471223,4.40934,0.00237469,0.1915,-0.0203,-14.514,4.259,3.1293,-0.0118,-0.0036,-14.261,4.246
398.41,96.960,0.1915,-0.0203,-0.0170,-0.0009,-0.0003,-0.0118,-0.0037,3.1287,-14.705,4.137,0.1914,0.472724,4.51027,0.00209788,0.1915,-0.0203,-14.520,4.258,3.1289,-0.0118,-0.0036,-14.261,4.246
398.51,96.980,0.1915,-0.0203,-0.0170,0.0059,-0.0224,-0.0118,-0.0037,3.1284,-14.709,4.137,0.1914,0.472724,4.51027,0.00209788,0.1915,-0.0203,-14.520,4.258,3.1289,-0.0118,-0.0037,-14.261,4.246
398.61,97.000,0.1915,-0.0203,-0.0170,0.0059,-0.0224,-0.0118,-0.0037,3.1281,-14.712,4.137,0.1915,0.47423,4.6133,0.00237469,0.1916,-0.0195,-14.525,4.258,3.1284,-0.0118,-0.0037,-14.452,4.247
398.71,97.020,0.1916,-0.0195,-0.0164,0.0059,-0.0222,-0.0118,-0.0037,3.1277,-14.717,4.137,0.1915,0.47423,4.6133,0.00237469,0.1916,-0.0195,-14.525,4.258,3.1284,-0.0118,-0.0037,-14.452,4.247
398.81,97.040,0.1916,-0.0195,-0.0164,0.0060,-0.0222,-0.0117,-0.0037,3.1273,-14.721,4.137,0.1915,0.42595,2.20901,0.00237468,0.1916,-0.0195,-14.525,4.251,3.1277,-0.0117,-0.0037,-14.452,4.247
398.91,97.060,0.1916,-0.0195,-0.0164,0.0060,-0.0222,-0.0117,-0.0037,3.1270,-14.725,4.137,0.1915,0.427455,2.26044,0.00209788,0.1916,-0.0195,-14.531,4.251,3.1272,-0.0117,-0.0037,-14.452,4.247
399.01,97.080,0.1916,-0.0195,-0.0164,0.0060,-0.0222,-0.0117,-0.0037,3.1266,-14.729,4.137,0.1915,0.427455,2.26044,0.00209788,0.1916,-0.0195,-14.531,4.251,3.1272,-0.0117,-0.0037,-14.452,4.247
399.11,97.100,0.1916,-0.0195,-0.0209,-0.0011,-0.0004,-0.0117,-0.0037,3.1263,-14.733,4.137,0.1909,0.428964,2.31314,0.00237468,0.1909,-0.0248,-14.537,4.250,3.1267,-0.0117,-0.0037,-14.452,4.247
399.21,97.120,0.1909,-0.0248,-0.0208,0.0060,-0.0231,-0.0117,-0.0037,3.1259,-14.737,4.137,0.1908,0.430974,2.38544,0.00237468,0.1909,-0.0248,-14.544,4.250,3.1260,-0.0117,-0.0037,-14.452,4.247
399.31,97.140,0.1909,-0.0248,-0.0208,0.0060,-0.0231,-0.0117,-0.0037,3.1253,-14.741,4.137,0.1908,0.430974,2.38544,0.00237468,0.1909,-0.0248,-14.544,4.250,3.1260,-0.0117,-0.0037,-14.452,4.247
399.41,97.180,0.1909,-0.0248,-0.0208,0.0060,-0.0231,-0.0117,-0.0037,3.1247,-14.747,4.137,0.1908,0.432479,2.44123,0.00209788,0.1909,-0.0248,-14.550,4.249,3.1253,-0.0117,-0.0037,-14.452,4.247
399.51,97.200,0.1909,-0.0248,-0.0203,0.0060,-0.0230,-0.0117,-0.0037,3.1243,-14.751,4.137,0.1909,0.433989,2.49836,0.00237469,0.1910,-0.0242,-14.556,4.249,3.1247,-0.0117,-0.0037,-14.452,4.247
399.61,97.220,0.1910,-0.0242,-0.0203,0.0060,-0.0230,-0.0117,-0.0037,3.1238,-14.756,4.137,0.1909,0.436,2.5767,0.00237469,0.1910,-0.0242,-14.564,4.248,3.1239,-0.0117,-0.0037,-14.452,4.247
399.71,97.260,0.1910,-0.0242,-0.0203,0.0060,-0.0230,-0.0117,-0.0037,3.1232,-14.761,4.137,0.1909,0.436,2.5767,0.00237469,0.1910,-0.0242,-14.564,4.248,3.1239,-0.0117,-0.0037,-14.452,4.247
399.81,97.280,0.1910,-0.0242,-0.0203,0.0060,-0.0230,-0.0117,-0.0037,3.1227,-14.766,4.137,0.1909,0.437508,2.6371,0.00209788,0.1910,-0.0242,-14.569,4.248,3.1233,-0.0117,-0.0037,-14.452,4.247
399.91,97.300,0.1910,-0.0242,-0.0195,0.0061,-0.0228,-0.0117,-0.0037,3.1221,-14.771,4.137,0.1910,0.439019,2.69893,0.00237469,0.1911,-0.0233,-14.575,4.247,3.1226,-0.0117,-0.0037,-14.452,4.247
400.01,97.340,0.1911,-0.0233,-0.0195,0.0061,-0.0228,-0.0117,-0.0037,3.1216,-14.777,4.137,0.1910,0.441033,2.78366,0.00237469,0.1911,-0.0233,-14.583,4.247,3.1219,-0.0117,-0.0037,-14.452,4.247
400.11,97.360,0.1911,-0.0233,-0.0195,0.0061,-0.0228,-0.0117,-0.0037,3.1211,-14.782,4.137,0.1910,0.442542,2.84894,0.00209788,0.1911,-0.0233,-14.588,4.246,3.1213,-0.0117,-0.0037,-14.452,4.247
400.21,97.380,0.1911,-0.0233,-0.0195,0.0061,-0.0228,-0.0117,-0.0037,3.1206,-14.787,4.137,0.1910,0.442542,2.84894,0.00209788,0.1911,-0.0233,-14.588,4.246,3.1213,-0.0117,-0.0037,-14.452,4.247
400.31,97.400,0.1911,-0.0233,-0.0189,0.0061,-0.0227,-0.0117,-0.0038,3.1201,-14.791,4.137,0.1911,0.444056,2.91575,0.00237469,0.1912,-0.0226,-14.594,4.246,3.1207,-0.0117,-0.0038,-14.452,4.247
400.41,97.440,0.1912,-0.0226,-0.0189,0.0061,-0.0227,-0.0117,-0.0038,3.1197,-14.796,4.137,0.1911,0.446072,3.00723,0.00237469,0.1912,-0.0226,-14.602,4.245,3.1199,-0.0117,-0.0038,-14.452,4.247
400.51,97.460,0.1912,-0.0226,-0.0189,0.0061,-0.0227,-0.0117,-0.0038,3.1192,-14.801,4.137,0.1911,0.447584,3.07769,0.00209788,0.1912,-0.0226,-14.608,4.245,3.1194,-0.0117,-0.0038,-14.452,4.247
400.61,97.480,0.1912,-0.0226,-0.0189,0.0061,-0.0227,-0.0117,-0.0038,3.1186,-14.806,4.137,0.1911,0.4491,3.14975,0.00237469,0.1913,-0.0220,-14.613,4.244,3.1188,-0.0117,-0.0038,-14.452,4.247
400.71,97.520,0.1913,-0.0220,-0.0184,0.0061,-0.0226,-0.0117,-0.0038,3.1182,-14.811,4.137,0.1912,0.4491,3.14975,0.00237469,0.1913,-0.0220,-14.613,4.244,3.1188,-0.0117,-0.0038,-14.452,4.247
400.81,97.540,0.1913,-0.0220,-0.0184,0.0061,-0.0226,-0.0117,-0.0038,3.1177,-14.816,4.138,0.1912,0.451121,3.24838,0.00237469,0.1913,-0.0220,-14.621,4.244,3.1181,-0.0117,-0.0038,-14.452,4.247
400.91,97.560,0.1913,-0.0220,-0.0184,0.0061,-0.0226,-0.0117,-0.0038,3.1173,-14.820,4.138,0.1912,0.452636,3.32429,0.00209788,0.1913,-0.0220,-14.627,4.243,3.1175,-0.0117,-0.0038,-14.452,4.247
401.01,97.600,0.1913,-0.0220,-0.0184,0.0062,-0.0226,-0.0117,-0.0038,3.1168,-14.826,4.138,0.1912,0.454155,3.4019,0.00237469,0.1913,-0.0216,-14.632,4.243,3.1170,-0.0117,-0.0038,-14.452,4.247
401.11,97.620,0.1913,-0.0216,-0.0180,0.0062,-0.0225,-0.0117,-0.0038,3.1163,-14.831,4.138,0.1912,0.454155,3.4019,0.00237469,0.1913,-0.0216,-14.632,4.243,3.1170,-0.0117,-0.0038,-14.452,4.247
401.21,97.640,0.1913,-0.0216,-0.0180,0.0062,-0.0225,-0.0117,-0.0038,3.1159,-14.835,4.138,0.1912,0.456181,3.50807,0.00237469,0.1913,-0.0216,-14.640,4.242,3.1162,-0.0117,-0.0038,-14.452,4.247
401.31,97.660,0.1913,-0.0216,-0.0180,0.0062,-0.0225,-0.0117,-0.0038,3.1155,-14.839,4.138,0.1912,0.4577,3.58975,0.00209788,0.1913,-0.0216,-14.646,4.242,3.1157,-0.0117,-0.0038,-14.452,4.247
401.41,97.680,0.1913,-0.0216,-0.0180,0.0062,-0.0225,-0.0117,-0.0038,3.1151,-14.844,4.138,0.1912,0.4577,3.58975,0.00209788,0.1913,-0.0216,-14.646,4.242,3.1157,-0.0117,-0.0038,-14.452,4.247
401.51,97.700,0.1913,-0.0216,-0.0178,0.0062,-0.0224,-0.0117,-0.0038,3.1147,-14.848,4.138,0.1913,0.459224,3.67322,0.00237469,0.1914,-0.0213,-14.652,4.241,3.1151,-0.0117,-0.0038,-14.452,4.247
401.61,97.740,0.1914,-0.0213,-0.0178,0.0062,-0.0224,-0.0117,-0.0038,3.1143,-14.852,4.138,0.1913,0.461255,3.78734,0.00237469,0.1914,-0.0213,-14.659,4.241,3.1144,-0.0117,-0.0038,-14.452,4.247
401.71,97.760,0.1914,-0.0213,-0.0178,0.0062,-0.0224,-0.0117,-0.0038,3.1139,-14.857,4.138,0.1913,0.461255,3.78734,0.00237469,0.1914,-0.0213,-14.659,4.241,3.1144,-0.0117,-0.0038,-14.452,4.247
401.81,97.780,0.1914,-0.0213,-0.0178,0.0062,-0.0224,-0.0117,-0.0038,3.1135,-14.861,4.138,0.1913,0.462779,3.87509,0.00209788,0.1914,-0.0213,-14.665,4.240,3.1139,-0.0117,-0.0038,-14.452,4.247
401.91,97.800,0.1914,-0.0213,-0.0178,0.0062,-0.0224,-0.0117,-0.0038,3.1131,-14.865,4.138,0.1913,0.464308,3.96473,0.00237469,0.1914,-0.0211,-14.671,4.240,3.1134,-0.0117,-0.0038,-14.452,4.247
402.01,97.820,0.1914,-0.0211,-0.0177,0.0055,-0.0221,-0.0117,-0.0038,3.1126,-14.870,4.138,0.1912,0.464308,3.96473,0.00237469,0.1914,-0.0211,-14.671,4.240,3.1134,-0.0117,-0.0038,-14.452,4.247
402.11,97.840,0.1914,-0.0211,-0.0178,0.0041,-0.0216,-0.0117,-0.0038,3.1122,-14.875,4.138,0.1912,0.466347,4.08723,0.00237469,0.1914,-0.0211,-14.679,4.239,3.1127,-0.0117,-0.0038,-14.452,4.247
402.21,97.880,0.1914,-0.0211,-0.0197,0.0063,-0.0228,-0.0117,-0.0039,3.1117,-14.880,4.139,0.1907,0.467876,4.18139,0.00209788,0.1914,-0.0211,-14.684,4.239,3.1121,-0.0117,-0.0039,-14.452,4.247
402.31,97.900,0.1914,-0.0211,-0.0196,0.0063,-0.0228,-0.0117,-0.0039,3.1111,-14.885,4.139,0.1907,0.469411,4.27752,0.00237469,0.1914,-0.0210,-14.690,4.239,3.1115,-0.0117,-0.0039,-14.452,4.247
402.41,97.940,0.1914,-0.0210,-0.0196,0.0063,-0.0228,-0.0117,-0.0039,3.1106,-14.891,4.139,0.1907,0.471459,4.40884,0.00237469,0.1914,-0.0210,-14.698,4.238,3.1108,-0.0117,-0.0039,-14.452,4.247
402.51,97.960,0.1914,-0.0210,-0.0196,0.0063,-0.0228,-0.0117,-0.0039,3.1100,-14.896,4.139,0.1907,0.472996,4.50973,0.00209788,0.1914,-0.0210,-14.703,4.237,3.1102,-0.0117,-0.0039,-14.452,4.247
402.61,97.980,0.1914,-0.0210,-0.0196,0.0063,-0.0228,-0.0117,-0.0039,3.1094,-14.902,4.139,0.1907,0.474538,4.6127,0.00237469,0.1914,-0.0207,-14.709,4.237,3.1096,-0.0117,-0.0039,-14.643,4.251
402.71,98.020,0.1914,-0.0207,-0.0193,0.0063,-0.0227,-0.0117,-0.0039,3.1088,-14.908,4.139,0.1907,0.474538,4.6127,0.00237469,0.1914,-0.0207,-14.709,4.237,3.1096,-0.0117,-0.0039,-14.643,4.251
402.81,98.040,0.1914,-0.0207,-0.0193,0.0063,-0.0227,-0.0117,-0.0039,3.1082,-14.913,4.139,0.1907,0.42617,2.20882,0.00237468,0.1914,-0.0207,-14.710,4.244,3.1088,-0.0117,-0.0039,-14.643,4.251
402.91,98.080,0.1914,-0.0207,-0.0193,0.0063,-0.0227,-0.0117,-0.0039,3.1077,-14.918,4.139,0.1907,0.4277,2.26022,0.00209788,0.1914,-0.0207,-14.716,4.244,3.1082,-0.0117,-0.0039,-14.643,4.251
403.01,98.100,0.1914,-0.0207,-0.0100,0.0397,-0.1210,-0.0117,-0.0039,3.1073,-14.923,4.139,0.1923,0.429234,2.31289,0.00237468,0.1927,-0.0108,-14.721,4.244,3.1076,-0.0117,-0.0039,-14.643,4.251
403.11,98.120,0.1927,-0.0108,-0.0100,0.0050,-0.0230,-0.0117,-0.0039,3.1070,-14.928,4.140,0.1923,0.431281,2.38516,0.00237468,0.1927,-0.0108,-14.729,4.243,3.1071,-0.0117,-0.0039,-14.643,4.251
403.21,98.160,0.1927,-0.0108,-0.0100,0.0063,-0.0209,-0.0117,-0.0039,3.1067,-14.934,4.140,0.1923,0.432816,2.44091,0.00209788,0.1927,-0.0108,-14.735,4.243,3.1068,-0.0117,-0.0039,-14.643,4.251
403.31,98.180,0.1927,-0.0108,-0.0100,0.0063,-0.0209,-0.0117,-0.0039,3.1065,-14.939,4.140,0.1923,0.432816,2.44091,0.00209788,0.1927,-0.0108,-14.735,4.243,3.1068,-0.0117,-0.0039,-14.643,4.251
403.41,98.220,0.1927,-0.0108,-0.0101,0.0063,-0.0209,-0.0117,-0.0039,3.1062,-14.945,4.140,0.1923,0.434357,2.49801,0.00237469,0.1927,-0.0108,-14.741,4.243,3.1065,-0.0117,-0.0039,-14.643,4.251
403.51,98.240,0.1927,-0.0108,-0.0101,0.0063,-0.0209,-0.0117,-0.0039,3.1059,-14.950,4.140,0.1923,0.436412,2.5763,0.00237469,0.1927,-0.0108,-14.748,4.242,3.1061,-0.0117,-0.0039,-14.643,4.251
403.61,98.280,0.1927,-0.0108,-0.0101,0.0063,-0.0210,-0.0117,-0.0039,3.1056,-14.956,4.140,0.1923,0.437954,2.63666,0.00209788,0.1927,-0.0108,-14.754,4.242,3.1058,-0.0117,-0.0039,-14.643,4.251
403.71,98.300,0.1927,-0.0108,-0.0108,0.0061,-0.0212,-0.0117,-0.0039,3.1053,-14.962,4.141,0.1921,0.439501,2.69846,0.00237469,0.1926,-0.0117,-14.760,4.241,3.1055,-0.0117,-0.0039,-14.643,4.251
403.81,98.340,0.1926,-0.0117,-0.0107,0.0025,-0.0215,-0.0117,-0.0039,3.1049,-14.968,4.141,0.1919,0.441565,2.78313,0.00237469,0.1926,-0.0117,-14.768,4.241,3.1051,-0.0117,-0.0039,-14.643,4.251
403.91,98.360,0.1926,-0.0117,-0.0097,-0.0006,-0.0002,-0.0117,-0.0039,3.1047,-14.973,4.141,0.1920,0.443114,2.84838,0.00209788,0.1926,-0.0117,-14.774,4.241,3.1048,-0.0117,-0.0039,-14.643,4.251
404.01,98.400,0.1926,-0.0117,-0.0097,0.0064,-0.0208,-0.0117,-0.0039,3.1044,-14.979,4.141,0.1918,0.444669,2.91514,0.00237469,0.1924,-0.0126,-14.779,4.240,3.1045,-0.0117,-0.0039,-14.643,4.251
404.11,98.420,0.1924,-0.0126,-0.0104,0.0064,-0.0209,-0.0117,-0.0039,3.1041,-14.984,4.141,0.1917,0.444669,2.91514,0.00237469,0.1924,-0.0126,-14.779,4.240,3.1045,-0.0117,-0.0039,-14.643,4.251
404.21,98.440,0.1924,-0.0126,-0.0104,0.0064,-0.0209,-0.0117,-0.0039,3.1038,-14.989,4.141,0.1917,0.446743,3.00657,0.00237469,0.1924,-0.0126,-14.787,4.240,3.1041,-0.0117,-0.0039,-14.643,4.251
404.31,98.480,0.1924,-0.0126,-0.0104,0.0064,-0.0209,-0.0117,-0.0039,3.1036,-14.994,4.142,0.1917,0.448299,3.07698,0.00209788,0.1924,-0.0126,-14.793,4.240,3.1038,-0.0117,-0.0039,-14.643,4.251
404.41,98.500,0.1924,-0.0126,-0.0104,0.0064,-0.0209,-0.0117,-0.0039,3.1033,-14.998,4.142,0.1916,0.449862,3.14899,0.00237469,0.1923,-0.0136,-14.799,4.239,3.1035,-0.0117,-0.0039,-14.643,4.251
404.51,98.520,0.1923,-0.0136,-0.0113,0.0064,-0.0211,-0.0117,-0.0040,3.1031,-15.003,4.142,0.1916,0.449862,3.14899,0.00237469,0.1923,-0.0136,-14.799,4.239,3.1035,-0.0117,-0.0040,-14.643,4.251
404.61,98.540,0.1923,-0.0136,-0.0113,0.0064,-0.0211,-0.0117,-0.0040,3.1027,-15.009,4.142,0.1916,0.451948,3.24756,0.00237469,0.1923,-0.0136,-14.806,4.239,3.1030,-0.0117,-0.0040,-14.643,4.251
404.71,98.580,0.1923,-0.0136,-0.0113,0.0064,-0.0211,-0.0117,-0.0040,3.1024,-15.014,4.142,0.1916,0.453513,3.32342,0.00209788,0.1923,-0.0136,-14.812,4.238,3.1027,-0.0117,-0.0040,-14.643,4.251
404.81,98.600,0.1923,-0.0136,-0.0113,0.0064,-0.0211,-0.0117,-0.0040,3.1021,-15.019,4.142,0.1914,0.455086,3.40098,0.00237469,0.1922,-0.0145,-14.818,4.238,3.1023,-0.0117,-0.0040,-14.643,4.251
404.91,98.620,0.1922,-0.0145,-0.0120,0.0064,-0.0212,-0.0117,-0.0040,3.1018,-15.023,4.143,0.1914,0.457184,3.50708,0.00237469,0.1922,-0.0145,-14.826,4.238,3.1019,-0.0117,-0.0040,-14.643,4.251
405.01,98.640,0.1922,-0.0145,-0.0120,0.0064,-0.0212,-0.0117,-0.0040,3.1015,-15.028,4.143,0.1914,0.457184,3.50708,0.00237469,0.1922,-0.0145,-14.826,4.238,3.1019,-0.0117,-0.0040,-14.643,4.251
405.11,98.680,0.1922,-0.0145,-0.0120,0.0064,-0.0212,-0.0116,-0.0040,3.1012,-15.034,4.143,0.1914,0.45876,3.5887,0.00209788,0.1922,-0.0145,-14.831,4.237,3.1015,-0.0116,-0.0040,-14.643,4.251
405.21,98.700,0.1922,-0.0145,-0.0128,0.0065,-0.0214,-0.0116,-0.0040,3.1008,-15.039,4.143,0.1912,0.460343,3.67212,0.00237469,0.1921,-0.0154,-14.837,4.237,3.1011,-0.0116,-0.0040,-14.643,4.251
405.31,98.740,0.1921,-0.0154,-0.0128,0.0065,-0.0213,-0.0116,-0.0040,3.1005,-15.044,4.143,0.1912,0.462456,3.78616,0.00237469,0.1921,-0.0154,-14.845,4.236,3.1006,-0.0116,-0.0040,-14.643,4.251
405.41,98.760,0.1921,-0.0154,-0.0128,0.0065,-0.0213,-0.0116,-0.0040,3.1002,-15.049,4.143,0.1912,0.464044,3.87385,0.00209788,0.1921,-0.0154,-14.851,4.236,3.1003,-0.0116,-0.0040,-14.643,4.251
405.51,98.780,0.1921,-0.0154,-0.0128,0.0065,-0.0213,-0.0116,-0.0040,3.0998,-15.054,4.144,0.1912,0.464044,3.87385,0.00209788,0.1921,-0.0154,-14.851,4.236,3.1003,-0.0116,-0.0040,-14.643,4.251
405.61,98.800,0.1921,-0.0154,-0.0045,0.0626,-0.1114,-0.0116,-0.0040,3.0997,-15.058,4.144,0.1921,0.465638,3.96343,0.00237469,0.1921,0.0151,-14.856,4.236,3.0999,-0.0116,-0.0040,-14.643,4.251
405.71,98.840,0.1921,0.0151,0.0125,0.0007,0.0003,-0.0116,-0.0040,3.0999,-15.063,4.144,0.1923,0.467768,4.08585,0.00237469,0.1921,0.0151,-14.864,4.235,3.0997,-0.0116,-0.0040,-14.643,4.251
405.81,98.860,0.1921,0.0151,0.0125,0.0007,0.0003,-0.0116,-0.0040,3.1003,-15.069,4.144,0.1921,0.469368,4.17993,0.00209788,0.1921,0.0151,-14.870,4.235,3.1000,-0.0116,-0.0040,-14.643,4.251
405.91,98.900,0.1921,0.0151,0.0125,0.0064,-0.0164,-0.0116,-0.0040,3.1006,-15.074,4.144,0.1920,0.470973,4.27601,0.00237469,0.1923,0.0141,-14.876,4.234,3.1004,-0.0116,-0.0040,-14.643,4.251
406.01,98.920,0.1923,0.0141,0.0116,0.0064,-0.0166,-0.0116,-0.0040,3.1009,-15.079,4.145,0.1922,0.470973,4.27601,0.00237469,0.1923,0.0141,-14.876,4.234,3.1004,-0.0116,-0.0040,-14.643,4.251
406.11,98.940,0.1923,0.0141,0.0116,0.0064,-0.0166,-0.0116,-0.0040,3.1012,-15.085,4.145,0.1922,0.473114,4.40725,0.00237469,0.1923,0.0141,-14.883,4.234,3.1010,-0.0116,-0.0040,-14.643,4.251
406.21,98.980,0.1923,0.0141,0.0116,0.0064,-0.0166,-0.0117,-0.0040,3.1016,-15.090,4.145,0.1922,0.474721,4.50807,0.00209788,0.1923,0.0141,-14.889,4.234,3.1013,-0.0117,-0.0040,-14.643,4.251
406.31,99.000,0.1923,0.0141,0.0116,0.0064,-0.0166,-0.0117,-0.0040,3.1019,-15.095,4.145,0.1926,0.476334,4.61098,0.00237469,0.1927,0.0107,-14.895,4.233,3.1017,-0.0117,-0.0040,-14.835,4.259
406.41,99.020,0.1927,0.0107,0.0088,0.0064,-0.0172,-0.0117,-0.0040,3.1021,-15.101,4.145,0.1926,0.427071,2.20811,0.00237468,0.1927,0.0107,-14.896,4.247,3.1021,-0.0117,-0.0040,-14.835,4.259
406.51,99.060,0.1927,0.0107,0.0088,0.0064,-0.0172,-0.0117,-0.0040,3.1024,-15.106,4.145,0.1926,0.427071,2.20811,0.00237468,0.1927,0.0107,-14.896,4.247,3.1021,-0.0117,-0.0040,-14.835,4.259
406.61,99.080,0.1927,0.0107,0.0088,0.0064,-0.0172,-0.0117,-0.0040,3.1026,-15.112,4.146,0.1926,0.428636,2.25948,0.00209788,0.1927,0.0107,-14.902,4.247,3.1023,-0.0117,-0.0040,-14.835,4.259
406.71,99.120,0.1916,0.0193,0.0160,0.0009,0.0003,-0.0117,-0.0040,3.1030,-15.117,4.146,0.1918,0.430207,2.31213,0.00237468,0.1916,0.0193,-14.908,4.247,3.1026,-0.0117,-0.0040,-14.835,4.259
406.81,99.140,0.1916,0.0193,0.0160,0.0009,0.0003,-0.0117,-0.0039,3.1034,-15.122,4.146,0.1916,0.432302,2.38436,0.00237468,0.1916,0.0193,-14.915,4.246,3.1031,-0.0117,-0.0039,-14.835,4.259
406.91,99.160,0.1916,0.0193,0.0160,0.0063,-0.0158,-0.0117,-0.0039,3.1039,-15.127,4.146,0.1915,0.433872,2.44008,0.00209788,0.1916,0.0193,-14.921,4.246,3.1036,-0.0117,-0.0039,-14.835,4.259
407.01,99.200,0.1916,0.0193,0.0160,0.0063,-0.0159,-0.0117,-0.0039,3.1042,-15.132,4.146,0.1915,0.435447,2.49717,0.00237469,0.1920,0.0164,-14.927,4.246,3.1041,-0.0117,-0.0039,-14.835,4.259
407.11,99.220,0.1920,0.0164,0.0136,0.0063,-0.0164,-0.0117,-0.0039,3.1046,-15.137,4.146,0.1919,0.435447,2.49717,0.00237469,0.1920,0.0164,-14.927,4.246,3.1041,-0.0117,-0.0039,-14.835,4.259
407.21,99.240,0.1920,0.0164,0.0135,0.0061,-0.0166,-0.0117,-0.0039,3.1050,-15.143,4.147,0.1919,0.437547,2.57543,0.00237469,0.1920,0.0164,-14.935,4.246,3.1047,-0.0117,-0.0039,-14.835,4.259
407.31,99.280,0.1920,0.0164,0.0135,0.0039,-0.0176,-0.0117,-0.0039,3.1054,-15.148,4.147,0.1918,0.439121,2.63577,0.00209788,0.1920,0.0164,-14.940,4.245,3.1051,-0.0117,-0.0039,-14.835,4.259
407.41,99.300,0.1920,0.0164,0.0123,0.0063,-0.0165,-0.0117,-0.0039,3.1057,-15.153,4.147,0.1920,0.4407,2.69755,0.00237469,0.1924,0.0131,-14.946,4.245,3.1055,-0.0117,-0.0039,-14.835,4.259
407.51,99.320,0.1924,0.0131,0.0098,0.0063,-0.0170,-0.0117,-0.0039,3.1060,-15.159,4.147,0.1920,0.442805,2.7822,0.00237469,0.1924,0.0131,-14.954,4.245,3.1059,-0.0117,-0.0039,-14.835,4.259
407.61,99.360,0.1924,0.0131,0.0098,0.0063,-0.0170,-0.0117,-0.0039,3.1063,-15.164,4.147,0.1920,0.444384,2.84743,0.00209788,0.1924,0.0131,-14.960,4.244,3.1062,-0.0117,-0.0039,-14.835,4.259
407.71,99.380,0.1924,0.0131,0.0279,0.0261,0.0977,-0.0110,-0.0043,3.1067,-15.170,4.147,0.1857,0.444384,2.84743,0.00209788,0.1924,0.0131,-14.960,4.244,3.1062,-0.0115,-0.0040,-14.835,4.259
407.81,99.420,0.1927,0.0103,0.0192,0.0337,0.0931,-0.0094,-0.0057,3.1073,-15.174,4.148,0.1870,0.445967,2.91417,0.00237469,0.1927,0.0103,-14.966,4.244,3.1066,-0.0095,-0.0056,-14.835,4.259
407.91,99.440,0.1927,0.0103,0.0144,0.0426,0.0920,-0.0081,-0.0073,3.1077,-15.180,4.148,0.1881,0.448077,3.00558,0.00237469,0.1927,0.0103,-14.973,4.244,3.1074,-0.0082,-0.0073,-14.835,4.259
408.01,99.460,0.1927,0.0103,0.0119,0.0489,0.0907,-0.0076,-0.0088,3.1081,-15.185,4.148,0.1890,0.449659,3.07598,0.00209788,0.1927,0.0103,-14.979,4.244,3.1079,-0.0077,-0.0084,-14.835,4.259
408.11,99.500,0.1927,0.0103,0.0103,-0.0265,0.1147,-0.0074,-0.0103,3.1084,-15.190,4.148,0.1889,0.451245,3.14799,0.00237469,0.1932,0.0066,-14.985,4.243,3.1082,-0.0074,-0.0102,-14.835,4.259
408.21,99.520,0.1932,0.0066,0.0063,0.0048,0.1465,-0.0077,-0.0118,3.1085,-15.194,4.148,0.1891,0.451245,3.14799,0.00237469,0.1932,0.0066,-14.985,4.243,3.1082,-0.0076,-0.0115,-14.835,4.259
408.31,99.540,0.1932,0.0066,-0.0011,-0.2788,0.3381,-0.0087,-0.0136,3.1086,-15.198,4.148,0.1857,0.453359,3.24655,0.00237469,0.1932,0.0066,-14.993,4.243,3.1086,-0.0084,-0.0131,-14.835,4.259
408.41,99.560,0.1932,0.0066,0.0024,-0.0577,0.0507,-0.0103,-0.0165,3.1087,-15.201,4.148,0.1847,0.453359,3.24655,0.00237469,0.1932,0.0066,-14.993,4.243,3.1086,-0.0098,-0.0157,-14.835,4.259
408.51,99.580,0.1932,0.0066,0.0059,0.6665,-0.0176,-0.0117,-0.0195,3.1088,-15.206,4.148,0.1891,0.454944,3.32241,0.00209788,0.1932,0.0066,-14.998,4.243,3.1087,-0.0117,-0.0195,-14.835,4.259
408.61,99.600,0.1932,0.0066,0.0037,0.6678,-0.0179,-0.0117,-0.0199,3.1089,-15.211,4.148,0.1956,0.456535,3.39997,0.00237469,0.1935,0.0041,-15.004,4.242,3.1088,-0.0117,-0.0201,-14.835,4.259
408.71,99.640,0.1935,0.0041,0.0019,-0.0515,0.0302,-0.0113,-0.0182,3.1090,-15.217,4.149,0.1972,0.458655,3.50607,0.00237469,0.1935,0.0041,-15.012,4.242,3.1090,-0.0115,-0.0185,-14.835,4.259
408.81,99.660,0.1935,0.0041,0.0015,1.7833,3.1863,-0.0112,-0.0181,3.1091,-15.222,4.149,0.1915,0.460246,3.5877,0.00209788,0.1935,0.0041,-15.018,4.242,3.1091,-0.0112,-0.0181,-14.835,4.259
408.91,99.700,0.1935,0.0041,0.0038,1.9854,-2.4648,-0.0117,-0.0190,3.1092,-15.227,4.149,0.1926,0.461842,3.67111,0.00237469,0.1937,0.0023,-15.024,4.241,3.1091,-0.0117,-0.0190,-14.835,4.259
409.01,99.720,0.1937,0.0023,0.0010,0.0166,-0.0111,-0.0116,-0.0188,3.1092,-15.233,4.149,0.1944,0.461842,3.67111,0.00237469,0.1937,0.0023,-15.024,4.241,3.1091,-0.0116,-0.0189,-14.835,4.259
409.11,99.740,0.1937,0.0023,0.0010,0.0164,-0.0109,-0.0115,-0.0186,3.1092,-15.238,4.149,0.1943,0.463971,3.78517,0.00237469,0.1937,0.0023,-15.031,4.241,3.1092,-0.0115,-0.0187,-14.835,4.259
409.21,99.780,0.1937,0.0023,0.0010,0.0162,-0.0108,-0.0114,-0.0185,3.1092,-15.244,4.150,0.1942,0.465568,3.87287,0.00209788,0.1937,0.0023,-15.037,4.241,3.1092,-0.0114,-0.0185,-14.835,4.259
409.31,99.800,0.1937,0.0023,0.0003,0.0161,-0.0108,-0.0113,-0.0184,3.1093,-15.250,4.150,0.1940,0.46717,3.96246,0.00237469,0.1939,0.0007,-15.043,4.240,3.1093,-0.0113,-0.0184,-14.835,4.259
409.41,99.840,0.1939,0.0007,0.0003,0.0179,-0.0118,-0.0113,-0.0184,3.1093,-15.255,4.150,0.1939,0.469307,4.0849,0.00237469,0.1939,0.0007,-15.051,4.240,3.1093,-0.0113,-0.0184,-14.835,4.259
409.51,99.860,0.1939,0.0007,0.0003,0.0180,-0.0118,-0.0113,-0.0185,3.1093,-15.260,4.150,0.1938,0.470911,4.179,0.00209788,0.1939,0.0007,-15.057,4.240,3.1093,-0.0113,-0.0185,-14.835,4.259
409.61,99.880,0.1939,0.0007,0.0003,0.0181,-0.0118,-0.0113,-0.0186,3.1093,-15.265,4.150,0.1937,0.470911,4.179,0.00209788,0.1939,0.0007,-15.057,4.240,3.1093,-0.0113,-0.0186,-14.835,4.259
409.71,99.900,0.1939,0.0007,-0.0003,0.0182,-0.0120,-0.0114,-0.0187,3.1093,-15.269,4.150,0.1935,0.47252,4.27509,0.00237469,0.1939,-0.0008,-15.062,4.239,3.1093,-0.0114,-0.0187,-14.835,4.259
409.81,99.940,0.1939,-0.0008,-0.0003,0.0185,-0.0121,-0.0115,-0.0189,3.1093,-15.275,4.150,0.1933,0.474667,4.40635,0.00237469,0.1939,-0.0008,-15.070,4.239,3.1093,-0.0115,-0.0189,-14.835,4.259
409.91,99.960,0.1939,-0.0008,-0.0003,0.0188,-0.0123,-0.0116,-0.0192,3.1093,-15.280,4.151,0.1932,0.476278,4.50719,0.00209788,0.1939,-0.0008,-15.076,4.239,3.1093,-0.0116,-0.0192,-14.835,4.259
410.01,100.000,0.1939,-0.0008,-0.0003,0.0190,-0.0123,-0.0117,-0.0193,3.1093,-15.286,4.151,0.1938,0.477895,4.61012,0.00237469,0.1937,-0.0022,-15.082,4.238,3.1093,-0.0117,-0.0193,-15.028,4.265
410.11,100.020,0.1937,-0.0022,-0.0010,0.0189,-0.0123,-0.0116,-0.0193,3.1092,-15.291,4.151,0.1935,0.477895,4.61012,0.00237469,0.1937,-0.0022,-15.082,4.238,3.1093,-0.0116,-0.0193,-15.028,4.265
410.21,100.040,0.1937,-0.0022,-0.0010,0.0189,-0.0123,-0.0116,-0.0193,3.1092,-15.297,4.151,0.1934,0.427729,2.20762,0.00237468,0.1937,-0.0022,-15.084,4.253,3.1092,-0.0116,-0.0193,-15.028,4.265
410.31,100.080,0.1937,-0.0022,-0.0010,0.0190,-0.0123,-0.0116,-0.0194,3.1092,-15.302,4.151,0.1932,0.429295,2.25899,0.00209788,0.1937,-0.0022,-15.089,4.253,3.1092,-0.0116,-0.0194,-15.028,4.265
410.41,100.100,0.1937,-0.0022,0.0034,0.0972,0.0697,-0.0117,-0.0195,3.1092,-15.307,4.152,0.1936,0.430865,2.31164,0.00237468,0.1927,0.0102,-15.095,4.253,3.1092,-0.0117,-0.0195,-15.028,4.265
410.51,100.120,0.1927,0.0100,0.0044,0.0316,-0.0180,-0.0117,-0.0196,3.1093,-15.312,4.152,0.1939,0.432959,2.38387,0.00237468,0.1927,0.0102,-15.103,4.253,3.1093,-0.0117,-0.0196,-15.028,4.265
410.61,100.160,0.1927,0.0102,0.0044,0.0317,-0.0181,-0.0117,-0.0196,3.1094,-15.317,4.152,0.1939,0.432959,2.38387,0.00237468,0.1927,0.0102,-15.103,4.253,3.1093,-0.0117,-0.0196,-15.028,4.265
410.71,100.180,0.1927,0.0102,0.0044,0.0318,-0.0181,-0.0117,-0.0196,3.1095,-15.321,4.152,0.1939,0.434529,2.43959,0.00209788,0.1927,0.0102,-15.109,4.253,3.1094,-0.0117,-0.0196,-15.028,4.265
410.81,100.200,0.1927,0.0102,0.0044,0.0318,-0.0181,-0.0117,-0.0197,3.1096,-15.326,4.152,0.1939,0.436104,2.49668,0.00237469,0.1929,0.0091,-15.115,4.253,3.1095,-0.0117,-0.0197,-15.028,4.265
410.91,100.220,0.1929,0.0091,0.0040,0.0319,-0.0182,-0.0117,-0.0197,3.1097,-15.330,4.152,0.1939,0.436104,2.49668,0.00237469,0.1929,0.0091,-15.115,4.253,3.1095,-0.0117,-0.0197,-15.028,4.265
411.01,100.240,0.1929,0.0091,0.0040,0.0319,-0.0182,-0.0117,-0.0197,3.1098,-15.334,4.152,0.1939,0.438203,2.57493,0.00237469,0.1929,0.0091,-15.122,4.252,3.1097,-0.0117,-0.0197,-15.028,4.265
411.11,100.260,0.1929,0.0091,0.0040,0.0319,-0.0182,-0.0117,-0.0197,3.1099,-15.337,4.152,0.1939,0.438203,2.57493,0.00237469,0.1929,0.0091,-15.122,4.252,3.1097,-0.0117,-0.0197,-15.028,4.265
411.21,100.280,0.1929,0.0091,0.0040,0.0320,-0.0182,-0.0117,-0.0198,3.1099,-15.341,4.153,0.1939,0.439777,2.63527,0.00209788,0.1929,0.0091,-15.128,4.252,3.1098,-0.0117,-0.0198,-15.028,4.265
411.31,100.300,0.1929,0.0091,0.0033,0.0321,-0.0183,-0.0117,-0.0198,3.1100,-15.345,4.153,0.1939,0.441356,2.69705,0.00237469,0.1931,0.0075,-15.134,4.252,3.1100,-0.0117,-0.0198,-15.028,4.265
411.41,100.320,0.1931,0.0075,0.0033,0.0321,-0.0183,-0.0117,-0.0198,3.1101,-15.351,4.153,0.1939,0.443461,2.7817,0.00237469,0.1931,0.0075,-15.142,4.252,3.1101,-0.0117,-0.0198,-15.028,4.265
411.51,100.360,0.1931,0.0075,0.0033,0.0322,-0.0183,-0.0117,-0.0199,3.1102,-15.356,4.153,0.1939,0.443461,2.7817,0.00237469,0.1931,0.0075,-15.142,4.252,3.1101,-0.0117,-0.0199,-15.028,4.265
411.61,100.380,0.1931,0.0075,0.0033,0.0322,-0.0183,-0.0117,-0.0199,3.1103,-15.361,4.153,0.1939,0.44504,2.84692,0.00209788,0.1931,0.0075,-15.147,4.252,3.1102,-0.0117,-0.0199,-15.028,4.265
411.71,100.400,0.1931,0.0075,0.0027,0.0323,-0.0184,-0.0117,-0.0199,3.1104,-15.366,4.153,0.1939,0.446624,2.91367,0.00237469,0.1932,0.0061,-15.153,4.252,3.1103,-0.0117,-0.0199,-15.028,4.265
411.81,100.440,0.1932,0.0061,0.0027,0.0323,-0.0184,-0.0117,-0.0200,3.1104,-15.371,4.153,0.1939,0.448735,3.00507,0.00237469,0.1932,0.0061,-15.161,4.251,3.1104,-0.0117,-0.0200,-15.028,4.265
411.91,100.460,0.1932,0.0061,0.0027,0.0324,-0.0184,-0.0117,-0.0200,3.1105,-15.377,4.154,0.1939,0.450318,3.07547,0.00209788,0.1932,0.0061,-15.167,4.251,3.1105,-0.0117,-0.0200,-15.028,4.265
412.01,100.480,0.1932,0.0061,0.0027,0.0325,-0.0184,-0.0117,-0.0200,3.1106,-15.382,4.154,0.1939,0.451906,3.14747,0.00237469,0.1934,0.0047,-15.173,4.251,3.1106,-0.0117,-0.0200,-15.028,4.265
412.11,100.520,0.1934,0.0047,0.0021,0.0325,-0.0185,-0.0117,-0.0201,3.1106,-15.387,4.154,0.1939,0.451906,3.14747,0.00237469,0.1934,0.0047,-15.173,4.251,3.1106,-0.0117,-0.0201,-15.028,4.265
412.21,100.540,0.1934,0.0047,0.0021,0.0326,-0.0185,-0.0117,-0.0201,3.1107,-15.393,4.154,0.1939,0.454024,3.24602,0.00237469,0.1934,0.0047,-15.180,4.251,3.1107,-0.0117,-0.0201,-15.028,4.265
412.31,100.580,0.1934,0.0047,0.0021,0.0327,-0.0185,-0.0117,-0.0202,3.1108,-15.398,4.154,0.1939,0.455612,3.32187,0.00209788,0.1934,0.0047,-15.186,4.251,3.1107,-0.0117,-0.0202,-15.028,4.265
412.41,100.600,0.1934,0.0047,0.0015,0.0327,-0.0186,-0.0117,-0.0202,3.1108,-15.404,4.154,0.1939,0.457206,3.39942,0.00237469,0.1936,0.0034,-15.192,4.251,3.1108,-0.0117,-0.0202,-15.028,4.265
412.51,100.620,0.1936,0.0034,0.0015,0.0328,-0.0186,-0.0117,-0.0202,3.1109,-15.409,4.155,0.1939,0.45933,3.50551,0.00237469,0.1936,0.0034,-15.200,4.250,3.1108,-0.0117,-0.0202,-15.028,4.265
412.61,100.660,0.1936,0.0034,0.0015,0.0328,-0.0186,-0.0117,-0.0203,3.1109,-15.415,4.155,0.1939,0.460924,3.58713,0.00209788,0.1936,0.0034,-15.205,4.250,3.1109,-0.0117,-0.0203,-15.028,4.265
412.71,100.680,0.1936,0.0034,0.0015,0.0329,-0.0187,-0.0117,-0.0203,3.1109,-15.421,4.155,0.1939,0.460924,3.58713,0.00209788,0.1936,0.0034,-15.205,4.250,3.1109,-0.0117,-0.0203,-15.028,4.265
412.81,100.720,0.1937,0.0021,0.0009,0.0330,-0.0188,-0.0117,-0.0204,3.1110,-15.425,4.155,0.1939,0.462523,3.67054,0.00237469,0.1937,0.0021,-15.211,4.250,3.1109,-0.0117,-0.0203,-15.028,4.265
412.91,100.740,0.1937,0.0021,0.0009,0.0330,-0.0188,-0.0117,-0.0204,3.1110,-15.430,4.155,0.1939,0.464655,3.78458,0.00237469,0.1937,0.0021,-15.219,4.250,3.1110,-0.0117,-0.0204,-15.028,4.265
413.01,100.760,0.1937,0.0021,0.0009,0.0331,-0.0188,-0.0117,-0.0204,3.1110,-15.436,4.155,0.1939,0.466254,3.87228,0.00209788,0.1937,0.0021,-15.225,4.250,3.1110,-0.0117,-0.0204,-15.028,4.265
413.11,100.800,0.1937,0.0021,0.0009,0.0331,-0.0188,-0.0117,-0.0205,3.1110,-15.442,4.156,0.1939,0.467859,3.96186,0.00237469,0.1939,0.0009,-15.231,4.250,3.1110,-0.0117,-0.0205,-15.028,4.265
413.21,100.820,0.1939,0.0009,0.0004,0.0332,-0.0189,-0.0117,-0.0205,3.1111,-15.447,4.156,0.1939,0.469999,4.08428,0.00237469,0.1939,0.0009,-15.238,4.249,3.1111,-0.0117,-0.0205,-15.028,4.265
413.31,100.860,0.1939,0.0009,0.0144,-0.0702,0.0733,-0.0104,-0.0194,3.1112,-15.452,4.156,0.1943,0.469999,4.08428,0.00237469,0.1939,0.0009,-15.238,4.249,3.1111,-0.0104,-0.0194,-15.028,4.265
413.41,100.880,0.1939,0.0009,0.0103,-0.0670,0.0759,-0.0089,-0.0177,3.1115,-15.457,4.156,0.1944,0.471604,4.17838,0.00209788,0.1939,0.0009,-15.244,4.249,3.1112,-0.0093,-0.0180,-15.028,4.265
413.51,100.900,0.1939,0.0009,0.0043,-0.0618,0.0790,-0.0077,-0.0165,3.1117,-15.462,4.156,0.1944,0.473214,4.27446,0.00237469,0.1939,-0.0005,-15.250,4.249,3.1115,-0.0078,-0.0166,-15.028,4.265
413.61,100.920,0.1939,-0.0005,0.0023,0.1660,-0.1387,-0.0066,-0.0158,3.1118,-15.467,4.157,0.1944,0.47536,4.40571,0.00237469,0.1939,-0.0005,-15.258,4.249,3.1118,-0.0070,-0.0160,-15.028,4.265
413.71,100.960,0.1939,-0.0005,-0.0002,0.2913,0.3905,-0.0072,-0.0139,3.1118,-15.473,4.157,0.1955,0.47697,4.50654,0.00209788,0.1939,-0.0005,-15.264,4.249,3.1118,-0.0067,-0.0146,-15.028,4.265
413.81,100.980,0.1939,-0.0005,-0.0056,0.4700,0.0233,-0.0091,-0.0102,3.1117,-15.478,4.157,0.2028,0.47697,4.50654,0.00209788,0.1939,-0.0005,-15.264,4.249,3.1118,-0.0090,-0.0105,-15.028,4.265
413.91,101.020,0.1937,-0.0024,-0.0019,0.0688,0.0190,-0.0113,-0.0054,3.1115,-15.483,4.157,0.1992,0.478585,4.60946,0.00237469,0.1937,-0.0024,-15.269,4.249,3.1117,-0.0106,-0.0068,-15.222,4.271
414.01,101.040,0.1937,-0.0024,-0.0028,-0.6423,-0.0180,-0.0113,-0.0042,3.1114,-15.489,4.157,0.1930,0.427962,2.20731,0.00237468,0.1937,-0.0024,-15.272,4.261,3.1116,-0.0113,-0.0042,-15.222,4.271
414.11,101.060,0.1937,-0.0024,-0.0028,-0.6401,-0.0181,-0.0113,-0.0058,3.1114,-15.494,4.157,0.1876,0.429525,2.25868,0.00209788,0.1937,-0.0024,-15.278,4.261,3.1114,-0.0113,-0.0055,-15.222,4.271
414.21,101.100,0.1937,-0.0024,-0.0028,-6.1043,0.7669,-0.0112,-0.0058,3.1113,-15.499,4.157,0.1931,0.431092,2.31133,0.00237468,0.1927,0.0102,-15.283,4.261,3.1114,-0.0112,-0.0058,-15.222,4.271
414.31,101.120,0.1927,0.0100,0.0086,0.0007,0.0007,-0.0112,-0.0058,3.1115,-15.505,4.157,0.1925,0.431092,2.31133,0.00237468,0.1927,0.0102,-15.283,4.261,3.1114,-0.0112,-0.0058,-15.222,4.271
414.41,101.140,0.1927,0.0102,0.0086,0.0043,-0.0063,-0.0112,-0.0058,3.1118,-15.510,4.158,0.1924,0.433182,2.38355,0.00237468,0.1927,0.0102,-15.291,4.261,3.1115,-0.0112,-0.0058,-15.222,4.271
414.51,101.180,0.1927,0.0102,0.0086,0.0096,-0.0166,-0.0112,-0.0058,3.1120,-15.516,4.158,0.1926,0.434749,2.43927,0.00209788,0.1927,0.0102,-15.297,4.261,3.1117,-0.0112,-0.0058,-15.222,4.271
414.61,101.200,0.1927,0.0102,0.0044,0.1596,-0.0557,-0.0112,-0.0058,3.1122,-15.521,4.158,0.1936,0.43632,2.49635,0.00237469,0.1929,0.0093,-15.303,4.261,3.1120,-0.0112,-0.0058,-15.222,4.271
414.71,101.240,0.1929,0.0093,0.0043,0.0096,-0.0174,-0.0112,-0.0058,3.1123,-15.527,4.158,0.1936,0.438413,2.57461,0.00237469,0.1929,0.0093,-15.310,4.261,3.1123,-0.0112,-0.0058,-15.222,4.271
414.81,101.260,0.1929,0.0093,0.0043,0.0095,-0.0174,-0.0112,-0.0058,3.1124,-15.532,4.158,0.1936,0.439983,2.63494,0.00209788,0.1929,0.0093,-15.316,4.261,3.1124,-0.0112,-0.0058,-15.222,4.271
414.91,101.300,0.1929,0.0093,0.0043,0.0095,-0.0174,-0.0112,-0.0058,3.1126,-15.538,4.158,0.1937,0.441557,2.69672,0.00237469,0.1930,0.0077,-15.322,4.261,3.1125,-0.0112,-0.0058,-15.222,4.271
415.01,101.320,0.1930,0.0077,0.0036,0.0092,-0.0177,-0.0112,-0.0058,3.1126,-15.543,4.159,0.1937,0.441557,2.69672,0.00237469,0.1930,0.0077,-15.322,4.261,3.1125,-0.0112,-0.0058,-15.222,4.271
415.11,101.340,0.1930,0.0077,0.0036,0.0092,-0.0177,-0.0112,-0.0058,3.1127,-15.548,4.159,0.1937,0.443655,2.78136,0.00237469,0.1930,0.0077,-15.330,4.261,3.1127,-0.0112,-0.0058,-15.222,4.271
415.21,101.380,0.1930,0.0077,0.0036,0.0092,-0.0177,-0.0112,-0.0058,3.1128,-15.554,4.159,0.1937,0.445228,2.84658,0.00209788,0.1930,0.0077,-15.336,4.261,3.1128,-0.0112,-0.0058,-15.222,4.271
415.31,101.400,0.1930,0.0077,0.0030,0.0092,-0.0177,-0.0112,-0.0058,3.1129,-15.559,4.159,0.1938,0.446805,2.91333,0.00237469,0.1932,0.0066,-15.341,4.261,3.1129,-0.0112,-0.0058,-15.222,4.271
415.41,101.420,0.1932,0.0066,0.0030,0.0092,-0.0177,-0.0112,-0.0058,3.1130,-15.564,4.159,0.1937,0.448908,3.00473,0.00237469,0.1932,0.0066,-15.349,4.261,3.1130,-0.0112,-0.0058,-15.222,4.271
415.51,101.460,0.1932,0.0066,0.0030,0.0094,-0.0176,-0.0112,-0.0058,3.1131,-15.570,4.159,0.1933,0.450485,3.07512,0.00209788,0.1932,0.0066,-15.355,4.261,3.1131,-0.0112,-0.0058,-15.222,4.271
415.61,101.480,0.1932,0.0066,0.0050,0.0094,-0.0172,-0.0112,-0.0058,3.1133,-15.575,4.159,0.1931,0.450485,3.07512,0.00209788,0.1932,0.0066,-15.355,4.261,3.1131,-0.0112,-0.0058,-15.222,4.271
415.71,101.520,0.1933,0.0056,0.0042,0.0094,-0.0174,-0.0112,-0.0058,3.1134,-15.581,4.160,0.1933,0.452067,3.14712,0.00237469,0.1933,0.0056,-15.361,4.261,3.1132,-0.0112,-0.0058,-15.222,4.271
415.81,101.540,0.1933,0.0056,0.0042,0.0094,-0.0174,-0.0112,-0.0058,3.1135,-15.586,4.160,0.1933,0.454175,3.24567,0.00237469,0.1933,0.0056,-15.368,4.261,3.1134,-0.0112,-0.0058,-15.222,4.271
415.91,101.580,0.1933,0.0056,0.0042,0.0094,-0.0174,-0.0112,-0.0058,3.1136,-15.592,4.160,0.1933,0.455755,3.32152,0.00209788,0.1933,0.0056,-15.374,4.261,3.1135,-0.0112,-0.0058,-15.222,4.271
416.01,101.600,0.1933,0.0056,0.0042,0.0094,-0.0174,-0.0112,-0.0058,3.1137,-15.597,4.160,0.1934,0.45734,3.39907,0.00237469,0.1935,0.0043,-15.380,4.261,3.1137,-0.0112,-0.0058,-15.222,4.271
416.11,101.620,0.1935,0.0043,0.0033,0.0094,-0.0176,-0.0112,-0.0058,3.1138,-15.602,4.160,0.1934,0.459453,3.50516,0.00237469,0.1935,0.0043,-15.388,4.261,3.1138,-0.0112,-0.0058,-15.222,4.271
416.21,101.660,0.1935,0.0043,0.0033,0.0094,-0.0176,-0.0112,-0.0058,3.1139,-15.608,4.160,0.1934,0.459453,3.50516,0.00237469,0.1935,0.0043,-15.388,4.261,3.1138,-0.0112,-0.0058,-15.222,4.271
416.31,101.680,0.1935,0.0043,0.0033,0.0094,-0.0176,-0.0112,-0.0058,3.1140,-15.613,4.160,0.1934,0.461037,3.58678,0.00209788,0.1935,0.0043,-15.394,4.261,3.1139,-0.0112,-0.0058,-15.222,4.271
416.41,101.700,0.1935,0.0043,0.0024,0.0094,-0.0178,-0.0112,-0.0058,3.1141,-15.618,4.161,0.1936,0.462626,3.67019,0.00237469,0.1936,0.0031,-15.399,4.261,3.1140,-0.0112,-0.0058,-15.222,4.271
416.51,101.740,0.1936,0.0031,0.0024,0.0094,-0.0178,-0.0112,-0.0058,3.1141,-15.624,4.161,0.1936,0.464745,3.78423,0.00237469,0.1936,0.0031,-15.407,4.261,3.1141,-0.0112,-0.0058,-15.222,4.271
416.61,101.760,0.1936,0.0031,0.0024,0.0094,-0.0178,-0.0112,-0.0058,3.1142,-15.629,4.161,0.1936,0.466333,3.87193,0.00209788,0.1936,0.0031,-15.413,4.261,3.1142,-0.0112,-0.0058,-15.222,4.271
416.71,101.800,0.1936,0.0031,0.0024,0.0094,-0.0178,-0.0112,-0.0058,3.1143,-15.634,4.161,0.1937,0.467926,3.96151,0.00237469,0.1937,0.0021,-15.419,4.261,3.1143,-0.0112,-0.0058,-15.222,4.271
416.81,101.820,0.1937,0.0021,0.0016,0.0094,-0.0179,-0.0112,-0.0058,3.1143,-15.640,4.161,0.1937,0.467926,3.96151,0.00237469,0.1937,0.0021,-15.419,4.261,3.1143,-0.0112,-0.0058,-15.222,4.271
416.91,101.840,0.1937,0.0021,0.0016,0.0094,-0.0179,-0.0112,-0.0058,3.1144,-15.645,4.161,0.1937,0.47005,4.08394,0.00237469,0.1937,0.0021,-15.427,4.261,3.1143,-0.0112,-0.0058,-15.222,4.271
417.01,101.880,0.1937,0.0021,0.0016,0.0094,-0.0179,-0.0112,-0.0058,3.1144,-15.650,4.161,0.1937,0.471643,4.17804,0.00209788,0.1937,0.0021,-15.432,4.261,3.1144,-0.0112,-0.0058,-15.222,4.271
417.11,101.900,0.1937,0.0021,0.0009,0.0094,-0.0180,-0.0112,-0.0058,3.1144,-15.656,4.162,0.1938,0.473241,4.27412,0.00237469,0.1939,0.0012,-15.438,4.261,3.1144,-0.0112,-0.0058,-15.222,4.271
417.21,101.940,0.1939,0.0012,0.0009,0.0094,-0.0180,-0.0112,-0.0058,3.1145,-15.661,4.162,0.1938,0.475372,4.40537,0.00237469,0.1939,0.0012,-15.446,4.261,3.1145,-0.0112,-0.0058,-15.222,4.271
417.31,101.960,0.1939,0.0012,0.0009,0.0094,-0.0180,-0.0112,-0.0058,3.1145,-15.667,4.162,0.1938,0.476969,4.5062,0.00209788,0.1939,0.0012,-15.452,4.261,3.1145,-0.0112,-0.0058,-15.222,4.271
417.41,101.980,0.1939,0.0012,0.0009,0.0094,-0.0180,-0.0112,-0.0058,3.1145,-15.672,4.162,0.1938,0.476969,4.5062,0.00209788,0.1939,0.0012,-15.452,4.261,3.1145,-0.0112,-0.0058,-15.222,4.271
417.51,102.020,0.1940,0.0003,0.0002,0.0094,-0.0182,-0.0112,-0.0058,3.1145,-15.677,4.162,0.1940,0.478572,4.60913,0.00237469,0.1940,0.0003,-15.458,4.261,3.1145,-0.0112,-0.0058,-15.450,4.304
417.61,102.040,0.1940,0.0003,0.0002,0.0094,-0.0182,-0.0112,-0.0058,3.1145,-15.682,4.162,0.1940,0.427887,2.20721,0.00237468,0.1940,0.0003,-15.464,4.284,3.1145,-0.0112,-0.0058,-15.450,4.304
417.71,102.060,0.1940,0.0003,0.0002,0.0094,-0.0182,-0.0112,-0.0058,3.1145,-15.688,4.162,0.1940,0.429441,2.25859,0.00209788,0.1940,0.0003,-15.470,4.285,3.1145,-0.0112,-0.0058,-15.450,4.304
417.81,102.100,0.1940,0.0003,0.0002,0.0094,-0.0182,-0.0112,-0.0058,3.1145,-15.693,4.163,0.1918,0.430999,2.31124,0.00237468,0.1907,0.0268,-15.476,4.285,3.1145,-0.0112,-0.0058,-15.450,4.304
417.91,102.120,0.1907,0.0158,0.0203,0.0014,0.0007,-0.0112,-0.0058,3.1149,-15.698,4.163,0.1910,0.430999,2.31124,0.00237468,0.1907,0.0268,-15.476,4.285,3.1145,-0.0112,-0.0058,-15.450,4.304
418.01,102.140,0.1907,0.0268,0.0203,0.0011,0.0006,-0.0113,-0.0058,3.1155,-15.703,4.163,0.1908,0.433075,2.38347,0.00237468,0.1907,0.0268,-15.483,4.285,3.1148,-0.0113,-0.0058,-15.450,4.304
418.11,102.180,0.1907,0.0268,0.0202,-0.0001,-0.0000,-0.0113,-0.0058,3.1160,-15.709,4.163,0.1906,0.434632,2.4392,0.00209788,0.1907,0.0268,-15.489,4.285,3.1154,-0.0113,-0.0058,-15.450,4.304
418.21,102.200,0.1907,0.0268,0.0181,0.0014,0.0007,-0.0113,-0.0058,3.1165,-15.714,4.163,0.1900,0.436191,2.49628,0.00237469,0.1908,0.0262,-15.495,4.286,3.1161,-0.0113,-0.0058,-15.450,4.304
418.31,102.220,0.1908,0.0262,0.0181,0.0093,-0.0147,-0.0113,-0.0058,3.1170,-15.719,4.163,0.1900,0.438268,2.57455,0.00237469,0.1908,0.0262,-15.502,4.286,3.1168,-0.0113,-0.0058,-15.450,4.304
418.41,102.260,0.1908,0.0262,0.0181,0.0093,-0.0147,-0.0113,-0.0058,3.1175,-15.724,4.163,0.1900,0.439823,2.63489,0.00209788,0.1908,0.0262,-15.508,4.286,3.1174,-0.0113,-0.0058,-15.450,4.304
418.51,102.280,0.1908,0.0262,0.0181,0.0093,-0.0147,-0.0113,-0.0058,3.1181,-15.730,4.163,0.1900,0.439823,2.63489,0.00209788,0.1908,0.0262,-15.508,4.286,3.1174,-0.0113,-0.0058,-15.450,4.304
418.61,102.320,0.1910,0.0239,0.0166,0.0093,-0.0150,-0.0113,-0.0058,3.1185,-15.735,4.163,0.1904,0.441382,2.69668,0.00237469,0.1910,0.0239,-15.514,4.286,3.1179,-0.0113,-0.0058,-15.450,4.304
418.71,102.340,0.1910,0.0239,0.0166,0.0093,-0.0150,-0.0113,-0.0058,3.1190,-15.740,4.163,0.1904,0.443457,2.78134,0.00237469,0.1910,0.0239,-15.521,4.287,3.1186,-0.0113,-0.0058,-15.450,4.304
418.81,102.360,0.1910,0.0239,0.0166,0.0093,-0.0150,-0.0113,-0.0058,3.1194,-15.745,4.163,0.1904,0.445012,2.84657,0.00209788,0.1910,0.0239,-15.527,4.287,3.1191,-0.0113,-0.0058,-15.450,4.304
418.91,102.400,0.1910,0.0239,0.0166,0.0093,-0.0150,-0.0113,-0.0057,3.1198,-15.750,4.164,0.1906,0.44657,2.91333,0.00237469,0.1913,0.0220,-15.533,4.287,3.1196,-0.0113,-0.0057,-15.450,4.304
419.01,102.420,0.1913,0.0220,0.0153,0.0093,-0.0153,-0.0113,-0.0057,3.1203,-15.756,4.164,0.1906,0.448644,3.00475,0.00237469,0.1913,0.0220,-15.540,4.288,3.1203,-0.0113,-0.0057,-15.450,4.304
419.11,102.460,0.1913,0.0220,0.0153,0.0093,-0.0153,-0.0113,-0.0057,3.1207,-15.761,4.164,0.1906,0.448644,3.00475,0.00237469,0.1913,0.0220,-15.540,4.288,3.1203,-0.0113,-0.0057,-15.450,4.304
419.21,102.480,0.1913,0.0220,0.0153,0.0093,-0.0153,-0.0113,-0.0057,3.1211,-15.767,4.164,0.1906,0.450198,3.07516,0.00209788,0.1913,0.0220,-15.546,4.288,3.1207,-0.0113,-0.0057,-15.450,4.304
419.31,102.500,0.1913,0.0220,0.0142,0.0093,-0.0155,-0.0113,-0.0057,3.1215,-15.771,4.164,0.1909,0.451755,3.14717,0.00237469,0.1915,0.0204,-15.552,4.288,3.1212,-0.0113,-0.0057,-15.450,4.304
419.41,102.540,0.1915,0.0204,0.0142,0.0092,-0.0155,-0.0113,-0.0057,3.1219,-15.777,4.164,0.1909,0.453828,3.24574,0.00237469,0.1915,0.0204,-15.560,4.288,3.1217,-0.0113,-0.0057,-15.450,4.304
419.51,102.560,0.1915,0.0204,0.0142,0.0092,-0.0155,-0.0113,-0.0057,3.1223,-15.782,4.164,0.1909,0.455381,3.32162,0.00209788,0.1915,0.0204,-15.565,4.288,3.1222,-0.0113,-0.0057,-15.450,4.304
419.61,102.580,0.1915,0.0204,0.0142,0.0092,-0.0155,-0.0113,-0.0057,3.1227,-15.787,4.164,0.1909,0.456937,3.39919,0.00237469,0.1917,0.0189,-15.571,4.289,3.1226,-0.0113,-0.0057,-15.450,4.304
419.71,102.620,0.1917,0.0189,0.0131,0.0092,-0.0157,-0.0113,-0.0057,3.1230,-15.792,4.164,0.1911,0.456937,3.39919,0.00237469,0.1917,0.0189,-15.571,4.289,3.1226,-0.0113,-0.0057,-15.450,4.304
419.81,102.640,0.1917,0.0189,0.0132,0.0092,-0.0157,-0.0113,-0.0057,3.1234,-15.798,4.164,0.1911,0.459009,3.5053,0.00237469,0.1917,0.0189,-15.579,4.289,3.1231,-0.0113,-0.0057,-15.450,4.304
419.91,102.680,0.1917,0.0189,0.0132,0.0092,-0.0157,-0.0113,-0.0057,3.1238,-15.803,4.164,0.1911,0.460561,3.58694,0.00209788,0.1917,0.0189,-15.584,4.289,3.1235,-0.0113,-0.0057,-15.450,4.304
420.01,102.700,0.1917,0.0189,0.0132,0.0092,-0.0157,-0.0113,-0.0057,3.1241,-15.808,4.164,0.1913,0.462116,3.67038,0.00237469,0.1918,0.0176,-15.590,4.289,3.1239,-0.0113,-0.0057,-15.450,4.304
420.11,102.720,0.1918,0.0176,0.0123,0.0092,-0.0159,-0.0113,-0.0057,3.1244,-15.813,4.164,0.1913,0.462116,3.67038,0.00237469,0.1918,0.0176,-15.590,4.289,3.1239,-0.0113,-0.0057,-15.450,4.304
420.21,102.740,0.1918,0.0176,0.0123,0.0092,-0.0159,-0.0113,-0.0057,3.1248,-15.818,4.164,0.1913,0.464187,3.78445,0.00237469,0.1918,0.0176,-15.598,4.290,3.1244,-0.0113,-0.0057,-15.450,4.304
420.31,102.780,0.1918,0.0176,0.0123,0.0089,-0.0159,-0.0113,-0.0057,3.1251,-15.823,4.165,0.1913,0.465737,3.87218,0.00209788,0.1918,0.0176,-15.604,4.290,3.1248,-0.0113,-0.0057,-15.450,4.304
420.41,102.800,0.1918,0.0176,0.0123,0.0086,-0.0158,-0.0113,-0.0057,3.1254,-15.828,4.165,0.1914,0.467291,3.96178,0.00237469,0.1920,0.0165,-15.609,4.290,3.1252,-0.0113,-0.0057,-15.450,4.304
420.51,102.820,0.1920,0.0165,0.0117,0.0017,-0.0144,-0.0113,-0.0057,3.1257,-15.832,4.165,0.1914,0.46936,4.08425,0.00237469,0.1920,0.0165,-15.617,4.290,3.1256,-0.0113,-0.0057,-15.450,4.304
420.61,102.860,0.1920,0.0165,0.0126,0.0010,0.0005,-0.0113,-0.0057,3.1260,-15.838,4.165,0.1912,0.46936,4.08425,0.00237469,0.1920,0.0165,-15.617,4.290,3.1256,-0.0113,-0.0057,-15.450,4.304
420.71,102.880,0.1920,0.0165,0.0126,0.0092,-0.0159,-0.0113,-0.0057,3.1263,-15.843,4.165,0.1911,0.470909,4.17838,0.00209788,0.1920,0.0165,-15.623,4.291,3.1260,-0.0113,-0.0057,-15.450,4.304
420.81,102.900,0.1920,0.0165,0.0118,0.0092,-0.0160,-0.0113,-0.0057,3.1267,-15.848,4.165,0.1912,0.472462,4.27449,0.00237469,0.1921,0.0154,-15.629,4.291,3.1264,-0.0113,-0.0057,-15.450,4.304
420.91,102.940,0.1921,0.0154,0.0118,0.0092,-0.0160,-0.0113,-0.0057,3.1270,-15.853,4.165,0.1912,0.474529,4.40579,0.00237469,0.1921,0.0154,-15.636,4.291,3.1269,-0.0113,-0.0057,-15.450,4.304
421.01,102.960,0.1921,0.0154,0.0118,0.0092,-0.0160,-0.0113,-0.0057,3.1273,-15.858,4.165,0.1912,0.476076,4.50666,0.00209788,0.1921,0.0154,-15.642,4.291,3.1272,-0.0113,-0.0057,-15.450,4.304
421.11,102.980,0.1921,0.0154,0.0118,0.0092,-0.0160,-0.0113,-0.0057,3.1276,-15.864,4.165,0.1912,0.476076,4.50666,0.00209788,0.1921,0.0154,-15.642,4.291,3.1272,-0.0113,-0.0057,-15.450,4.304
421.21,103.020,0.1919,0.0173,0.0133,0.0091,-0.0158,-0.0113,-0.0057,3.1280,-15.869,4.165,0.1909,0.477627,4.60962,0.00237469,0.1919,0.0173,-15.648,4.292,3.1276,-0.0113,-0.0057,-15.642,4.308
421.31,103.040,0.1919,0.0173,0.0133,0.0091,-0.0158,-0.0113,-0.0057,3.1283,-15.874,4.165,0.1909,0.427404,2.20751,0.00237468,0.1919,0.0173,-15.655,4.301,3.1281,-0.0113,-0.0057,-15.642,4.308
421.41,103.060,0.1919,0.0173,0.0133,0.0091,-0.0158,-0.0113,-0.0056,3.1287,-15.879,4.165,0.1909,0.428928,2.25891,0.00209788,0.1919,0.0173,-15.660,4.301,3.1285,-0.0113,-0.0056,-15.642,4.308
421.51,103.100,0.1919,0.0173,0.0133,0.0091,-0.0158,-0.0113,-0.0056,3.1291,-15.884,4.165,0.1902,0.430455,2.31158,0.00237468,0.1911,0.0232,-15.666,4.302,3.1289,-0.0113,-0.0056,-15.642,4.308
421.61,103.120,0.1911,0.0232,0.0178,0.0013,0.0007,-0.0113,-0.0056,3.1296,-15.889,4.165,0.1900,0.432489,2.38385,0.00237468,0.1911,0.0232,-15.674,4.302,3.1295,-0.0113,-0.0056,-15.642,4.308
421.71,103.160,0.1911,0.0232,0.0178,0.0091,-0.0149,-0.0113,-0.0056,3.1301,-15.895,4.165,0.1899,0.432489,2.38385,0.00237468,0.1911,0.0232,-15.674,4.302,3.1295,-0.0113,-0.0056,-15.642,4.308
421.81,103.180,0.1911,0.0232,0.0178,0.0091,-0.0149,-0.0113,-0.0056,3.1306,-15.900,4.165,0.1899,0.434011,2.43961,0.00209788,0.1911,0.0232,-15.680,4.302,3.1300,-0.0113,-0.0056,-15.642,4.308
421.91,103.200,0.1911,0.0232,0.0166,0.0091,-0.0151,-0.0113,-0.0056,3.1311,-15.906,4.165,0.1901,0.435537,2.49672,0.00237469,0.1913,0.0217,-15.685,4.303,3.1306,-0.0113,-0.0056,-15.642,4.308
422.01,103.240,0.1913,0.0217,0.0167,0.0091,-0.0151,-0.0113,-0.0056,3.1315,-15.911,4.165,0.1901,0.437568,2.57502,0.00237469,0.1913,0.0217,-15.693,4.303,3.1313,-0.0113,-0.0056,-15.642,4.308
422.11,103.260,0.1913,0.0217,0.0167,0.0091,-0.0151,-0.0113,-0.0056,3.1320,-15.916,4.165,0.1901,0.439088,2.63539,0.00209788,0.1913,0.0217,-15.699,4.303,3.1318,-0.0113,-0.0056,-15.642,4.308
422.21,103.300,0.1913,0.0217,0.0167,0.0090,-0.0151,-0.0113,-0.0056,3.1324,-15.921,4.165,0.1904,0.440612,2.6972,0.00237469,0.1915,0.0199,-15.704,4.304,3.1323,-0.0113,-0.0056,-15.642,4.308
422.31,103.320,0.1915,0.0199,0.0153,0.0090,-0.0154,-0.0114,-0.0056,3.1329,-15.927,4.165,0.1904,0.440612,2.6972,0.00237469,0.1915,0.0199,-15.704,4.304,3.1323,-0.0114,-0.0056,-15.642,4.308
422.41,103.340,0.1915,0.0199,0.0153,0.0090,-0.0154,-0.0114,-0.0056,3.1333,-15.932,4.165,0.1904,0.44264,2.7819,0.00237469,0.1915,0.0199,-15.712,4.304,3.1329,-0.0114,-0.0056,-15.642,4.308
422.51,103.380,0.1915,0.0199,0.0153,0.0090,-0.0154,-0.0114,-0.0056,3.1337,-15.937,4.165,0.1904,0.444159,2.84717,0.00209788,0.1915,0.0199,-15.718,4.304,3.1334,-0.0114,-0.0056,-15.642,4.308
422.61,103.400,0.1915,0.0199,0.0142,0.0090,-0.0157,-0.0114,-0.0056,3.1341,-15.943,4.165,0.1907,0.44568,2.91395,0.00237469,0.1917,0.0184,-15.724,4.305,3.1338,-0.0114,-0.0056,-15.642,4.308
422.71,103.440,0.1917,0.0184,0.0142,0.0090,-0.0157,-0.0114,-0.0056,3.1345,-15.948,4.165,0.1907,0.447706,3.00541,0.00237469,0.1917,0.0184,-15.731,4.305,3.1344,-0.0114,-0.0056,-15.642,4.308
422.81,103.460,0.1917,0.0184,0.0142,0.0090,-0.0157,-0.0114,-0.0056,3.1349,-15.953,4.165,0.1907,0.449222,3.07585,0.00209788,0.1917,0.0184,-15.737,4.305,3.1348,-0.0114,-0.0056,-15.642,4.308
422.91,103.480,0.1917,0.0184,0.0142,0.0090,-0.0157,-0.0114,-0.0056,3.1353,-15.959,4.165,0.1907,0.449222,3.07585,0.00209788,0.1917,0.0184,-15.737,4.305,3.1348,-0.0114,-0.0056,-15.642,4.308
423.01,103.520,0.1919,0.0171,0.0132,0.0090,-0.0159,-0.0114,-0.0056,3.1357,-15.964,4.165,0.1909,0.450742,3.1479,0.00237469,0.1919,0.0171,-15.743,4.306,3.1353,-0.0114,-0.0056,-15.642,4.308
423.11,103.540,0.1919,0.0171,0.0132,0.0090,-0.0159,-0.0114,-0.0056,3.1361,-15.969,4.165,0.1909,0.452764,3.24651,0.00237469,0.1919,0.0171,-15.750,4.306,3.1358,-0.0114,-0.0056,-15.642,4.308
423.21,103.580,0.1919,0.0171,0.0132,0.0090,-0.0159,-0.0114,-0.0056,3.1364,-15.975,4.165,0.1909,0.454278,3.32241,0.00209788,0.1919,0.0171,-15.756,4.306,3.1362,-0.0114,-0.0056,-15.642,4.308
423.31,103.600,0.1919,0.0171,0.0132,0.0090,-0.0159,-0.0114,-0.0056,3.1368,-15.980,4.165,0.1911,0.455796,3.40001,0.00237469,0.1920,0.0160,-15.762,4.307,3.1366,-0.0114,-0.0056,-15.642,4.308
423.41,103.620,0.1920,0.0160,0.0123,0.0090,-0.0161,-0.0114,-0.0056,3.1371,-15.984,4.165,0.1911,0.455796,3.40001,0.00237469,0.1920,0.0160,-15.762,4.307,3.1366,-0.0114,-0.0056,-15.642,4.308
423.51,103.660,0.1920,0.0160,0.0124,0.0092,-0.0159,-0.0114,-0.0055,3.1374,-15.990,4.165,0.1912,0.457816,3.50617,0.00237469,0.1920,0.0160,-15.770,4.307,3.1371,-0.0114,-0.0055,-15.642,4.308
423.61,103.680,0.1920,0.0160,0.0124,0.0099,-0.0156,-0.0114,-0.0055,3.1378,-15.995,4.165,0.1912,0.459328,3.58785,0.00209788,0.1920,0.0160,-15.775,4.307,3.1375,-0.0114,-0.0055,-15.642,4.308
423.71,103.700,0.1920,0.0160,0.0129,0.0090,-0.0159,-0.0114,-0.0055,3.1382,-16.001,4.165,0.1916,0.460843,3.67131,0.00237469,0.1921,0.0150,-15.781,4.308,3.1378,-0.0114,-0.0055,-15.642,4.308
423.81,103.740,0.1921,0.0150,0.0129,0.0089,-0.0159,-0.0114,-0.0055,3.1386,-16.007,4.165,0.1916,0.46286,3.78543,0.00237469,0.1921,0.0150,-15.789,4.308,3.1383,-0.0114,-0.0055,-15.642,4.308
423.91,103.760,0.1921,0.0150,0.0129,0.0089,-0.0159,-0.0114,-0.0055,3.1389,-16.012,4.165,0.1916,0.46437,3.87319,0.00209788,0.1921,0.0150,-15.795,4.308,3.1387,-0.0114,-0.0055,-15.642,4.308
424.01,103.800,0.1921,0.0150,0.0129,0.0089,-0.0159,-0.0114,-0.0055,3.1393,-16.017,4.165,0.1918,0.465883,3.96283,0.00237469,0.1923,0.0140,-15.800,4.309,3.1391,-0.0114,-0.0055,-15.642,4.308
424.11,103.820,0.1923,0.0140,0.0120,0.0089,-0.0161,-0.0114,-0.0055,3.1396,-16.022,4.165,0.1918,0.465883,3.96283,0.00237469,0.1923,0.0140,-15.800,4.309,3.1391,-0.0114,-0.0055,-15.642,4.308
424.21,103.840,0.1923,0.0140,0.0120,0.0089,-0.0161,-0.0114,-0.0055,3.1399,-16.028,4.165,0.1918,0.467897,4.08534,0.00237469,0.1923,0.0140,-15.808,4.309,3.1396,-0.0114,-0.0055,-15.642,4.308
424.31,103.880,0.1923,0.0140,0.0120,0.0089,-0.0161,-0.0114,-0.0055,3.1403,-16.033,4.165,0.1918,0.469405,4.1795,0.00209788,0.1923,0.0140,-15.814,4.309,3.1400,-0.0114,-0.0055,-15.642,4.308
424.41,103.900,0.1923,0.0140,0.0113,0.0089,-0.0163,-0.0114,-0.0055,3.1406,-16.039,4.165,0.1919,0.470916,4.27565,0.00237469,0.1924,0.0131,-15.819,4.310,3.1403,-0.0114,-0.0055,-15.642,4.308
424.51,103.940,0.1924,0.0131,0.0113,0.0089,-0.0163,-0.0114,-0.0055,3.1409,-16.044,4.165,0.1919,0.472927,4.40699,0.00237469,0.1924,0.0131,-15.827,4.310,3.1408,-0.0114,-0.0055,-15.642,4.308
424.61,103.960,0.1924,0.0131,0.0113,0.0089,-0.0163,-0.0114,-0.0055,3.1413,-16.050,4.165,0.1919,0.474432,4.5079,0.00209788,0.1924,0.0131,-15.833,4.310,3.1411,-0.0114,-0.0055,-15.642,4.308
424.71,104.000,0.1924,0.0131,0.0113,0.0089,-0.0163,-0.0114,-0.0055,3.1416,-16.055,4.165,0.1919,0.475941,4.61089,0.00237469,0.1925,0.0124,-15.839,4.311,3.1415,-0.0114,-0.0055,-15.834,4.310
424.81,104.020,0.1925,0.0124,0.0106,0.0089,-0.0164,-0.0114,-0.0055,-3.1413,-16.060,4.165,0.1920,0.475941,4.61089,0.00237469,0.1925,0.0124,-15.839,4.311,3.1415,-0.0114,-0.0055,-15.834,4.310
424.91,104.040,0.1925,0.0124,0.0106,0.0089,-0.0164,-0.0114,-0.0055,-3.1410,-16.066,4.165,0.1920,0.426662,2.20814,0.00237468,0.1925,0.0124,-15.846,4.311,-3.1413,-0.0114,-0.0055,-15.834,4.310
425.01,104.080,0.1925,0.0124,0.0106,0.0089,-0.0164,-0.0114,-0.0055,-3.1407,-16.072,4.165,0.1920,0.428166,2.25956,0.00209788,0.1925,0.0124,-15.852,4.311,-3.1410,-0.0114,-0.0055,-15.834,4.310
425.11,104.100,0.1925,0.0124,0.0097,0.0089,-0.0166,-0.0114,-0.0055,-3.1404,-16.077,4.165,0.1922,0.429673,2.31226,0.00237468,0.1926,0.0113,-15.857,4.311,-3.1407,-0.0114,-0.0055,-15.834,4.310
425.21,104.140,0.1926,0.0113,0.0097,0.0089,-0.0166,-0.0114,-0.0055,-3.1402,-16.082,4.165,0.1922,0.43168,2.38455,0.00237468,0.1926,0.0113,-15.865,4.312,-3.1403,-0.0114,-0.0055,-15.834,4.310
425.31,104.160,0.1926,0.0113,0.0097,0.0089,-0.0166,-0.0114,-0.0055,-3.1399,-16.088,4.165,0.1922,0.433183,2.44033,0.00209788,0.1926,0.0113,-15.871,4.312,-3.1400,-0.0114,-0.0055,-15.834,4.310
425.41,104.180,0.1926,0.0113,0.0097,0.0089,-0.0166,-0.0114,-0.0055,-3.1396,-16.093,4.165,0.1922,0.433183,2.44033,0.00209788,0.1926,0.0113,-15.871,4.312,-3.1400,-0.0114,-0.0055,-15.834,4.310
425.51,104.220,0.1927,0.0108,0.0092,0.0090,-0.0167,-0.0114,-0.0055,-3.1393,-16.098,4.165,0.1923,0.434689,2.49746,0.00237469,0.1927,0.0108,-15.877,4.312,-3.1397,-0.0114,-0.0055,-15.834,4.310
425.61,104.240,0.1927,0.0108,0.0092,0.0093,-0.0168,-0.0114,-0.0055,-3.1391,-16.104,4.165,0.1923,0.436695,2.57579,0.00237469,0.1927,0.0108,-15.884,4.313,-3.1393,-0.0114,-0.0055,-15.834,4.310
425.71,104.280,0.1927,0.0108,0.0083,0.0006,0.0003,-0.0114,-0.0055,-3.1388,-16.110,4.165,0.1927,0.438197,2.63619,0.00209788,0.1927,0.0108,-15.890,4.313,-3.1390,-0.0114,-0.0055,-15.834,4.310
425.81,104.300,0.1927,0.0108,0.0080,0.0088,-0.0169,-0.0114,-0.0055,-3.1386,-16.115,4.165,0.1926,0.439703,2.69802,0.00237469,0.1927,0.0104,-15.896,4.313,-3.1388,-0.0114,-0.0055,-15.834,4.310
425.91,104.340,0.1927,0.0104,0.0080,0.0088,-0.0169,-0.0114,-0.0055,-3.1384,-16.121,4.165,0.1926,0.441707,2.78275,0.00237469,0.1927,0.0104,-15.904,4.314,-3.1384,-0.0114,-0.0055,-15.834,4.310
426.01,104.360,0.1927,0.0104,0.0080,0.0088,-0.0169,-0.0114,-0.0055,-3.1381,-16.126,4.165,0.1926,0.443209,2.84803,0.00209788,0.1927,0.0104,-15.909,4.314,-3.1382,-0.0114,-0.0055,-15.834,4.310
426.11,104.380,0.1927,0.0104,0.0080,0.0088,-0.0169,-0.0114,-0.0055,-3.1379,-16.132,4.165,0.1926,0.444713,2.91484,0.00237469,0.1927,0.0102,-15.915,4.314,-3.1380,-0.0114,-0.0055,-15.834,4.310
426.21,104.420,0.1927,0.0102,0.0079,0.0088,-0.0170,-0.0114,-0.0055,-3.1377,-16.137,4.165,0.1926,0.444713,2.91484,0.00237469,0.1927,0.0102,-15.915,4.314,-3.1380,-0.0114,-0.0055,-15.834,4.310
426.31,104.440,0.1927,0.0102,0.0079,0.0088,-0.0170,-0.0114,-0.0055,-3.1374,-16.143,4.164,0.1926,0.446717,3.00633,0.00237469,0.1927,0.0102,-15.923,4.315,-3.1376,-0.0114,-0.0055,-15.834,4.310
426.41,104.480,0.1927,0.0102,0.0079,0.0088,-0.0170,-0.0114,-0.0055,-3.1372,-16.148,4.164,0.1926,0.448218,3.07679,0.00209788,0.1927,0.0102,-15.929,4.315,-3.1374,-0.0114,-0.0055,-15.834,4.310
426.51,104.500,0.1927,0.0102,0.0078,0.0088,-0.0170,-0.0114,-0.0054,-3.1370,-16.154,4.164,0.1927,0.449722,3.14886,0.00237469,0.1928,0.0101,-15.935,4.315,-3.1372,-0.0114,-0.0054,-15.834,4.310
426.61,104.540,0.1928,0.0101,0.0078,0.0088,-0.0170,-0.0114,-0.0054,-3.1368,-16.159,4.164,0.1927,0.451725,3.2475,0.00237469,0.1928,0.0101,-15.942,4.316,-3.1369,-0.0114,-0.0054,-15.834,4.310
426.71,104.560,0.1928,0.0101,0.0078,0.0088,-0.0170,-0.0114,-0.0054,-3.1366,-16.165,4.164,0.1927,0.453225,3.32342,0.00209788,0.1928,0.0101,-15.948,4.316,-3.1366,-0.0114,-0.0054,-15.834,4.310
426.81,104.580,0.1928,0.0101,0.0078,0.0088,-0.0170,-0.0114,-0.0054,-3.1363,-16.170,4.164,0.1927,0.454728,3.40105,0.00237469,0.1928,0.0101,-15.954,4.316,-3.1364,-0.0114,-0.0054,-15.834,4.310
426.91,104.620,0.1928,0.0101,0.0078,0.0088,-0.0170,-0.0114,-0.0054,-3.1361,-16.176,4.164,0.1927,0.454728,3.40105,0.00237469,0.1928,0.0101,-15.954,4.316,-3.1364,-0.0114,-0.0054,-15.834,4.310
427.01,104.640,0.1928,0.0101,0.0078,0.0088,-0.0170,-0.0114,-0.0054,-3.1359,-16.181,4.164,0.1927,0.45673,3.50724,0.00237469,0.1928,0.0101,-15.962,4.317,-3.1361,-0.0114,-0.0054,-15.834,4.310
427.11,104.680,0.1928,0.0101,0.0078,0.0088,-0.0170,-0.0114,-0.0054,-3.1357,-16.187,4.164,0.1927,0.45823,3.58893,0.00209788,0.1928,0.0101,-15.967,4.317,-3.1358,-0.0114,-0.0054,-15.834,4.310
427.21,104.700,0.1928,0.0101,0.0078,0.0088,-0.0170,-0.0114,-0.0054,-3.1354,-16.192,4.164,0.1927,0.459733,3.67242,0.00237469,0.1928,0.0100,-15.973,4.317,-3.1356,-0.0114,-0.0054,-15.834,4.310
427.31,104.740,0.1928,0.0100,0.0078,0.0088,-0.0170,-0.0114,-0.0054,-3.1352,-16.198,4.164,0.1927,0.461734,3.78657,0.00237469,0.1928,0.0100,-15.981,4.318,-3.1353,-0.0114,-0.0054,-15.834,4.310
427.41,104.760,0.1928,0.0100,0.0078,0.0088,-0.0170,-0.0114,-0.0054,-3.1350,-16.203,4.164,0.1927,0.463233,3.87434,0.00209788,0.1928,0.0100,-15.987,4.318,-3.1351,-0.0114,-0.0054,-15.834,4.310
427.51,104.780,0.1928,0.0100,0.0078,0.0088,-0.0170,-0.0114,-0.0054,-3.1348,-16.209,4.164,0.1927,0.463233,3.87434,0.00209788,0.1928,0.0100,-15.987,4.318,-3.1351,-0.0114,-0.0054,-15.834,4.310
427.61,104.820,0.1928,0.0101,0.0078,0.0088,-0.0170,-0.0114,-0.0054,-3.1345,-16.214,4.164,0.1927,0.464735,3.96401,0.00237469,0.1928,0.0101,-15.992,4.318,-3.1348,-0.0114,-0.0054,-15.834,4.310
427.71,104.840,0.1928,0.0101,0.0078,0.0088,-0.0170,-0.0114,-0.0054,-3.1343,-16.220,4.164,0.1927,0.466736,4.08655,0.00237469,0.1928,0.0101,-16.000,4.319,-3.1345,-0.0114,-0.0054,-15.834,4.310
427.81,104.880,0.1928,0.0101,0.0078,0.0088,-0.0170,-0.0114,-0.0054,-3.1341,-16.225,4.164,0.1927,0.468235,4.18073,0.00209788,0.1928,0.0101,-16.006,4.319,-3.1343,-0.0114,-0.0054,-15.834,4.310
427.91,104.900,0.1928,0.0101,0.0079,0.0088,-0.0170,-0.0114,-0.0054,-3.1339,-16.231,4.164,0.1927,0.469737,4.2769,0.00237469,0.1927,0.0101,-16.012,4.319,-3.1341,-0.0114,-0.0054,-15.834,4.310
428.01,104.940,0.1927,0.0101,0.0079,0.0088,-0.0170,-0.0114,-0.0054,-3.1336,-16.236,4.164,0.1927,0.471737,4.40828,0.00237469,0.1927,0.0101,-16.019,4.320,-3.1337,-0.0114,-0.0054,-15.834,4.310
428.11,104.960,0.1927,0.0101,0.0079,0.0087,-0.0170,-0.0114,-0.0054,-3.1334,-16.242,4.164,0.1927,0.473235,4.5092,0.00209788,0.1927,0.0101,-16.025,4.320,-3.1335,-0.0114,-0.0054,-15.834,4.310
428.21,105.000,0.1927,0.0101,0.0078,0.0087,-0.0171,-0.0114,-0.0054,-3.1332,-16.248,4.163,0.1926,0.474736,4.61222,0.00237469,0.1927,0.0102,-16.031,4.320,-3.1333,-0.0114,-0.0054,-16.027,4.309
428.31,105.020,0.1927,0.0102,0.0079,0.0087,-0.0171,-0.0114,-0.0054,-3.1330,-16.253,4.163,0.1926,0.474736,4.61222,0.00237469,0.1927,0.0102,-16.031,4.320,-3.1333,-0.0114,-0.0054,-16.027,4.309
428.41,105.040,0.1927,0.0102,0.0079,0.0085,-0.0171,-0.0114,-0.0054,-3.1327,-16.259,4.163,0.1926,0.426198,2.2087,0.00237468,0.1927,0.0102,-16.038,4.315,-3.1329,-0.0114,-0.0054,-16.027,4.309
428.51,105.080,0.1927,0.0102,0.0078,0.0043,-0.0186,-0.0114,-0.0054,-3.1325,-16.264,4.163,0.1924,0.427701,2.26013,0.00209788,0.1927,0.0102,-16.044,4.315,-3.1327,-0.0114,-0.0054,-16.027,4.309
428.61,105.100,0.1927,0.0102,0.0030,0.0087,-0.0180,-0.0115,-0.0054,-3.1324,-16.269,4.163,0.1934,0.429207,2.31284,0.00237468,0.1935,0.0042,-16.050,4.315,-3.1325,-0.0115,-0.0054,-16.027,4.309
428.71,105.140,0.1935,0.0042,0.0030,0.0087,-0.0180,-0.0115,-0.0054,-3.1323,-16.275,4.163,0.1934,0.431213,2.38515,0.00237468,0.1935,0.0042,-16.058,4.315,-3.1323,-0.0115,-0.0054,-16.027,4.309
428.81,105.160,0.1935,0.0042,0.0030,0.0087,-0.0180,-0.0115,-0.0054,-3.1322,-16.281,4.163,0.1934,0.432716,2.44093,0.00209788,0.1935,0.0042,-16.063,4.316,-3.1322,-0.0115,-0.0054,-16.027,4.309
428.91,105.200,0.1935,0.0042,0.0030,0.0087,-0.0180,-0.0115,-0.0054,-3.1321,-16.286,4.163,0.1933,0.434222,2.49808,0.00237469,0.1934,0.0045,-16.069,4.316,-3.1321,-0.0115,-0.0054,-16.027,4.309
429.01,105.220,0.1934,0.0045,0.0032,0.0087,-0.0179,-0.0115,-0.0054,-3.1320,-16.292,4.163,0.1933,0.434222,2.49808,0.00237469,0.1934,0.0045,-16.069,4.316,-3.1321,-0.0115,-0.0054,-16.027,4.309
429.11,105.240,0.1934,0.0045,0.0032,0.0087,-0.0179,-0.0115,-0.0054,-3.1319,-16.297,4.163,0.1933,0.436228,2.57642,0.00237469,0.1934,0.0045,-16.077,4.316,-3.1320,-0.0115,-0.0054,-16.027,4.309
429.21,105.280,0.1934,0.0045,0.0032,0.0087,-0.0179,-0.0115,-0.0054,-3.1318,-16.303,4.163,0.1933,0.437731,2.63682,0.00209788,0.1934,0.0045,-16.083,4.316,-3.1319,-0.0115,-0.0054,-16.027,4.309
429.31,105.300,0.1934,0.0045,0.0036,0.0087,-0.0179,-0.0115,-0.0054,-3.1317,-16.308,4.163,0.1932,0.439238,2.69867,0.00237469,0.1934,0.0051,-16.089,4.317,-3.1318,-0.0115,-0.0054,-16.027,4.309
429.41,105.340,0.1934,0.0051,0.0036,0.0087,-0.0179,-0.0115,-0.0054,-3.1316,-16.314,4.163,0.1932,0.441245,2.78341,0.00237469,0.1934,0.0051,-16.096,4.317,-3.1317,-0.0115,-0.0054,-16.027,4.309
429.51,105.360,0.1934,0.0051,0.0036,0.0087,-0.0179,-0.0115,-0.0054,-3.1315,-16.319,4.163,0.1932,0.442748,2.8487,0.00209788,0.1934,0.0051,-16.102,4.317,-3.1316,-0.0115,-0.0054,-16.027,4.309
429.61,105.400,0.1934,0.0051,0.0036,0.0087,-0.0179,-0.0115,-0.0054,-3.1314,-16.325,4.163,0.1931,0.444256,2.91552,0.00237469,0.1933,0.0057,-16.108,4.318,-3.1315,-0.0115,-0.0054,-16.027,4.309
429.71,105.420,0.1933,0.0057,0.0041,0.0087,-0.0178,-0.0115,-0.0054,-3.1313,-16.330,4.162,0.1931,0.444256,2.91552,0.00237469,0.1933,0.0057,-16.108,4.318,-3.1315,-0.0115,-0.0054,-16.027,4.309
429.81,105.440,0.1933,0.0057,0.0041,0.0087,-0.0178,-0.0115,-0.0054,-3.1312,-16.335,4.162,0.1931,0.446263,3.00702,0.00237469,0.1933,0.0057,-16.116,4.318,-3.1313,-0.0115,-0.0054,-16.027,4.309
429.91,105.480,0.1933,0.0057,0.0041,0.0087,-0.0178,-0.0115,-0.0054,-3.1311,-16.341,4.162,0.1931,0.447767,3.07749,0.00209788,0.1933,0.0057,-16.121,4.318,-3.1312,-0.0115,-0.0054,-16.027,4.309
430.01,105.500,0.1933,0.0057,0.0041,0.0087,-0.0178,-0.0115,-0.0054,-3.1310,-16.346,4.162,0.1930,0.449275,3.14957,0.00237469,0.1932,0.0063,-16.127,4.318,-3.1311,-0.0115,-0.0054,-16.027,4.309
430.11,105.520,0.1932,0.0063,0.0045,0.0087,-0.0177,-0.0115,-0.0054,-3.1309,-16.351,4.162,0.1930,0.451283,3.24822,0.00237469,0.1932,0.0063,-16.135,4.319,-3.1309,-0.0115,-0.0054,-16.027,4.309
430.21,105.560,0.1932,0.0063,0.0045,0.0087,-0.0177,-0.0115,-0.0054,-3.1307,-16.357,4.162,0.1930,0.451283,3.24822,0.00237469,0.1932,0.0063,-16.135,4.319,-3.1309,-0.0115,-0.0054,-16.027,4.309
430.31,105.580,0.1932,0.0063,0.0045,0.0087,-0.0177,-0.0115,-0.0054,-3.1306,-16.362,4.162,0.1930,0.452787,3.32416,0.00209788,0.1932,0.0063,-16.141,4.319,-3.1308,-0.0115,-0.0054,-16.027,4.309
430.41,105.620,0.1931,0.0069,0.0049,0.0087,-0.0176,-0.0115,-0.0054,-3.1305,-16.367,4.162,0.1929,0.454295,3.40179,0.00237469,0.1931,0.0069,-16.147,4.319,-3.1306,-0.0115,-0.0054,-16.027,4.309
430.51,105.640,0.1931,0.0069,0.0049,0.0087,-0.0176,-0.0115,-0.0054,-3.1303,-16.373,4.162,0.1929,0.456304,3.508,0.00237469,0.1931,0.0069,-16.154,4.320,-3.1304,-0.0115,-0.0054,-16.027,4.309
430.61,105.660,0.1931,0.0069,0.0049,0.0087,-0.0176,-0.0115,-0.0054,-3.1302,-16.379,4.162,0.1929,0.457809,3.5897,0.00209788,0.1931,0.0069,-16.160,4.320,-3.1303,-0.0115,-0.0054,-16.027,4.309
430.71,105.700,0.1931,0.0069,0.0049,0.0087,-0.0176,-0.0115,-0.0054,-3.1301,-16.384,4.162,0.1929,0.459318,3.6732,0.00237469,0.1931,0.0074,-16.166,4.320,-3.1301,-0.0115,-0.0054,-16.027,4.309
430.81,105.720,0.1931,0.0074,0.0053,0.0087,-0.0175,-0.0115,-0.0054,-3.1299,-16.389,4.162,0.1929,0.459318,3.6732,0.00237469,0.1931,0.0074,-16.166,4.320,-3.1301,-0.0115,-0.0054,-16.027,4.309
430.91,105.740,0.1931,0.0074,0.0053,0.0086,-0.0175,-0.0115,-0.0054,-3.1298,-16.394,4.162,0.1928,0.461328,3.78736,0.00237469,0.1931,0.0074,-16.174,4.321,-3.1299,-0.0115,-0.0054,-16.027,4.309
431.01,105.780,0.1931,0.0074,0.0053,0.0084,-0.0175,-0.0115,-0.0054,-3.1296,-16.400,4.162,0.1928,0.462834,3.87514,0.00209788,0.1931,0.0074,-16.179,4.321,-3.1298,-0.0115,-0.0054,-16.027,4.309
431.11,105.800,0.1931,0.0074,0.0057,0.0066,-0.0179,-0.0115,-0.0054,-3.1295,-16.405,4.161,0.1926,0.464344,3.96482,0.00237469,0.1930,0.0080,-16.185,4.321,-3.1296,-0.0115,-0.0054,-16.027,4.309
431.21,105.840,0.1930,0.0080,0.0062,0.0005,0.0002,-0.0115,-0.0054,-3.1293,-16.410,4.161,0.1926,0.466355,4.08737,0.00237469,0.1930,0.0080,-16.193,4.321,-3.1294,-0.0115,-0.0054,-16.027,4.309
431.31,105.860,0.1930,0.0080,0.0062,0.0087,-0.0174,-0.0115,-0.0054,-3.1291,-16.416,4.161,0.1926,0.467861,4.18156,0.00209788,0.1930,0.0080,-16.199,4.322,-3.1292,-0.0115,-0.0054,-16.027,4.309
431.41,105.880,0.1930,0.0080,0.0062,0.0087,-0.0174,-0.0115,-0.0054,-3.1290,-16.421,4.161,0.1926,0.469372,4.27774,0.00237469,0.1930,0.0085,-16.204,4.322,-3.1290,-0.0115,-0.0054,-16.027,4.309
431.51,105.920,0.1930,0.0085,0.0066,0.0087,-0.0173,-0.0115,-0.0054,-3.1288,-16.426,4.161,0.1925,0.469372,4.27774,0.00237469,0.1930,0.0085,-16.204,4.322,-3.1290,-0.0115,-0.0054,-16.027,4.309
431.61,105.940,0.1930,0.0085,0.0066,0.0087,-0.0173,-0.0115,-0.0054,-3.1286,-16.431,4.161,0.1925,0.471384,4.40913,0.00237469,0.1930,0.0085,-16.212,4.322,-3.1288,-0.0115,-0.0054,-16.027,4.309
431.71,105.980,0.1930,0.0085,0.0066,0.0087,-0.0173,-0.0115,-0.0053,-3.1284,-16.437,4.161,0.1925,0.472892,4.51006,0.00209788,0.1930,0.0085,-16.218,4.323,-3.1286,-0.0115,-0.0053,-16.027,4.309
431.81,106.000,0.1930,0.0085,0.0066,0.0087,-0.0173,-0.0115,-0.0053,-3.1282,-16.442,4.161,0.1924,0.474404,4.61309,0.00237469,0.1929,0.0089,-16.224,4.323,-3.1284,-0.0115,-0.0053,-16.220,4.307
431.91,106.020,0.1929,0.0089,0.0069,0.0087,-0.0172,-0.0115,-0.0053,-3.1280,-16.447,4.161,0.1924,0.426117,2.20898,0.00237468,0.1929,0.0089,-16.231,4.315,-3.1281,-0.0115,-0.0053,-16.220,4.307
432.01,106.060,0.1929,0.0089,0.0069,0.0087,-0.0172,-0.0115,-0.0053,-3.1279,-16.453,4.161,0.1924,0.426117,2.20898,0.00237468,0.1929,0.0089,-16.231,4.315,-3.1281,-0.0115,-0.0053,-16.220,4.307
432.11,106.080,0.1929,0.0089,0.0069,0.0086,-0.0172,-0.0115,-0.0053,-3.1277,-16.457,4.161,0.1924,0.427626,2.26041,0.00209788,0.1929,0.0089,-16.237,4.315,-3.1279,-0.0115,-0.0053,-16.220,4.307
432.21,106.100,0.1929,0.0089,-0.0005,0.0093,0.0043,-0.0115,-0.0053,-3.1276,-16.463,4.161,0.1939,0.429139,2.31312,0.00237468,0.1939,-0.0006,-16.243,4.315,-3.1277,-0.0115,-0.0053,-16.220,4.307
432.31,106.140,0.1939,-0.0006,-0.0005,0.0087,-0.0187,-0.0115,-0.0053,-3.1276,-16.468,4.160,0.1939,0.431155,2.38542,0.00237468,0.1939,-0.0006,-16.250,4.315,-3.1275,-0.0115,-0.0053,-16.220,4.307
432.41,106.160,0.1939,-0.0006,-0.0005,0.0087,-0.0187,-0.0115,-0.0053,-3.1276,-16.474,4.160,0.1939,0.432665,2.44121,0.00209788,0.1939,-0.0006,-16.256,4.315,-3.1276,-0.0115,-0.0053,-16.220,4.307
432.51,106.200,0.1939,-0.0006,-0.0005,0.0087,-0.0187,-0.0115,-0.0053,-3.1276,-16.479,4.160,0.1940,0.434179,2.49835,0.00237469,0.1940,-0.0001,-16.262,4.316,-3.1276,-0.0115,-0.0053,-16.220,4.307
432.61,106.220,0.1940,-0.0001,-0.0001,0.0087,-0.0186,-0.0115,-0.0053,-3.1276,-16.485,4.160,0.1940,0.434179,2.49835,0.00237469,0.1940,-0.0001,-16.262,4.316,-3.1276,-0.0115,-0.0053,-16.220,4.307
432.71,106.240,0.1940,-0.0001,-0.0001,0.0087,-0.0186,-0.0115,-0.0053,-3.1276,-16.490,4.160,0.1940,0.436196,2.5767,0.00237469,0.1940,-0.0001,-16.270,4.316,-3.1276,-0.0115,-0.0053,-16.220,4.307
432.81,106.280,0.1940,-0.0001,-0.0001,0.0087,-0.0186,-0.0115,-0.0053,-3.1276,-16.496,4.160,0.1940,0.437707,2.6371,0.00209788,0.1940,-0.0001,-16.276,4.316,-3.1276,-0.0115,-0.0053,-16.220,4.307
432.91,106.300,0.1940,-0.0001,0.0008,0.0087,-0.0184,-0.0115,-0.0053,-3.1276,-16.502,4.160,0.1938,0.439222,2.69894,0.00237469,0.1939,0.0010,-16.281,4.316,-3.1276,-0.0115,-0.0053,-16.220,4.307
433.01,106.340,0.1939,0.0010,0.0008,0.0087,-0.0184,-0.0115,-0.0053,-3.1276,-16.507,4.160,0.1938,0.44124,2.78368,0.00237469,0.1939,0.0010,-16.289,4.316,-3.1276,-0.0115,-0.0053,-16.220,4.307
433.11,106.360,0.1939,0.0010,0.0008,0.0087,-0.0184,-0.0115,-0.0053,-3.1276,-16.513,4.160,0.1938,0.442752,2.84897,0.00209788,0.1939,0.0010,-16.295,4.317,-3.1276,-0.0115,-0.0053,-16.220,4.307
433.21,106.400,0.1939,0.0010,0.0008,0.0087,-0.0184,-0.0115,-0.0053,-3.1275,-16.518,4.160,0.1937,0.444268,2.91579,0.00237469,0.1938,0.0020,-16.301,4.317,-3.1276,-0.0115,-0.0053,-16.220,4.307
433.31,106.420,0.1938,0.0020,0.0016,0.0086,-0.0183,-0.0115,-0.0053,-3.1275,-16.524,4.160,0.1936,0.444268,2.91579,0.00237469,0.1938,0.0020,-16.301,4.317,-3.1276,-0.0115,-0.0053,-16.220,4.307
433.41,106.440,0.1938,0.0020,0.0016,0.0086,-0.0183,-0.0115,-0.0053,-3.1275,-16.529,4.160,0.1936,0.446288,3.00729,0.00237469,0.1938,0.0020,-16.309,4.317,-3.1275,-0.0115,-0.0053,-16.220,4.307
433.51,106.480,0.1938,0.0020,0.0016,0.0086,-0.0183,-0.0115,-0.0053,-3.1274,-16.535,4.160,0.1936,0.447801,3.07776,0.00209788,0.1938,0.0020,-16.314,4.317,-3.1275,-0.0115,-0.0053,-16.220,4.307
433.61,106.500,0.1938,0.0020,0.0023,0.0087,-0.0182,-0.0115,-0.0053,-3.1274,-16.540,4.159,0.1935,0.449318,3.14983,0.00237469,0.1936,0.0029,-16.320,4.317,-3.1274,-0.0115,-0.0053,-16.220,4.307
433.71,106.540,0.1936,0.0029,0.0023,0.0087,-0.0182,-0.0115,-0.0053,-3.1273,-16.546,4.159,0.1935,0.451339,3.24848,0.00237469,0.1936,0.0029,-16.328,4.318,-3.1273,-0.0115,-0.0053,-16.220,4.307
433.81,106.560,0.1936,0.0029,0.0023,0.0087,-0.0181,-0.0115,-0.0053,-3.1272,-16.552,4.159,0.1935,0.452853,3.32441,0.00209788,0.1936,0.0029,-16.334,4.318,-3.1273,-0.0115,-0.0053,-16.220,4.307
433.91,106.600,0.1936,0.0029,0.0025,0.0086,-0.0181,-0.0115,-0.0053,-3.1271,-16.557,4.159,0.1934,0.454372,3.40205,0.00237469,0.1935,0.0038,-16.340,4.318,-3.1272,-0.0115,-0.0053,-16.220,4.307
434.01,106.620,0.1935,0.0038,0.0033,0.0086,-0.0180,-0.0115,-0.0053,-3.1271,-16.562,4.159,0.1934,0.454372,3.40205,0.00237469,0.1935,0.0038,-16.340,4.318,-3.1272,-0.0115,-0.0053,-16.220,4.307
434.11,106.640,0.1935,0.0038,0.0033,0.0086,-0.0180,-0.0115,-0.0053,-3.1270,-16.567,4.159,0.1934,0.456395,3.50824,0.00237469,0.1935,0.0038,-16.347,4.318,-3.1271,-0.0115,-0.0053,-16.220,4.307
434.21,106.680,0.1935,0.0038,0.0033,0.0086,-0.0180,-0.0115,-0.0053,-3.1269,-16.572,4.159,0.1934,0.45791,3.58994,0.00209788,0.1935,0.0038,-16.353,4.319,-3.1270,-0.0115,-0.0053,-16.220,4.307
434.31,106.700,0.1935,0.0038,0.0033,0.0086,-0.0180,-0.0115,-0.0053,-3.1268,-16.577,4.159,0.1932,0.45943,3.67344,0.00237469,0.1934,0.0048,-16.359,4.319,-3.1269,-0.0115,-0.0053,-16.220,4.307
434.41,106.720,0.1934,0.0048,0.0041,0.0086,-0.0178,-0.0115,-0.0053,-3.1267,-16.582,4.159,0.1932,0.45943,3.67344,0.00237469,0.1934,0.0048,-16.359,4.319,-3.1269,-0.0115,-0.0053,-16.220,4.307
434.51,106.740,0.1934,0.0048,0.0041,0.0086,-0.0178,-0.0115,-0.0053,-3.1266,-16.587,4.159,0.1932,0.461455,3.78759,0.00237469,0.1934,0.0048,-16.367,4.319,-3.1267,-0.0115,-0.0053,-16.220,4.307
434.61,106.780,0.1934,0.0048,0.0041,0.0086,-0.0178,-0.0115,-0.0053,-3.1265,-16.593,4.159,0.1932,0.462973,3.87538,0.00209788,0.1934,0.0048,-16.373,4.319,-3.1266,-0.0115,-0.0053,-16.220,4.307
434.71,106.800,0.1934,0.0048,0.0045,0.0086,-0.0177,-0.0115,-0.0053,-3.1263,-16.598,4.159,0.1932,0.464494,3.96505,0.00237469,0.1934,0.0052,-16.378,4.319,-3.1265,-0.0115,-0.0053,-16.220,4.307
434.81,106.840,0.1934,0.0052,0.0045,0.0086,-0.0177,-0.0115,-0.0053,-3.1262,-16.604,4.158,0.1932,0.466521,4.08759,0.00237469,0.1934,0.0052,-16.386,4.320,-3.1263,-0.0115,-0.0053,-16.220,4.307
434.91,106.860,0.1934,0.0052,0.0045,0.0086,-0.0177,-0.0115,-0.0053,-3.1261,-16.610,4.158,0.1932,0.468041,4.18178,0.00209788,0.1934,0.0052,-16.392,4.320,-3.1261,-0.0115,-0.0053,-16.220,4.307
435.01,106.900,0.1934,0.0052,0.0045,0.0086,-0.0177,-0.0115,-0.0053,-3.1260,-16.615,4.158,0.1931,0.469564,4.27796,0.00237469,0.1933,0.0059,-16.398,4.320,-3.1260,-0.0115,-0.0053,-16.220,4.307
435.11,106.920,0.1933,0.0059,0.0051,0.0086,-0.0176,-0.0115,-0.0053,-3.1258,-16.620,4.158,0.1931,0.469564,4.27796,0.00237469,0.1933,0.0059,-16.398,4.320,-3.1260,-0.0115,-0.0053,-16.220,4.307
435.21,106.940,0.1933,0.0059,0.0051,0.0086,-0.0176,-0.0115,-0.0053,-3.1257,-16.626,4.158,0.1931,0.471594,4.40933,0.00237469,0.1933,0.0059,-16.405,4.320,-3.1258,-0.0115,-0.0053,-16.220,4.307
435.31,106.980,0.1933,0.0059,0.0051,0.0086,-0.0176,-0.0115,-0.0053,-3.1255,-16.631,4.158,0.1931,0.473115,4.51026,0.00209788,0.1933,0.0059,-16.411,4.321,-3.1257,-0.0115,-0.0053,-16.220,4.307
435.41,107.000,0.1933,0.0059,-0.0036,-0.0005,-0.0002,-0.0115,-0.0053,-3.1255,-16.636,4.158,0.1932,0.474641,4.61328,0.00237469,0.1933,-0.0057,-16.417,4.321,-3.1255,-0.0115,-0.0053,-16.413,4.304
435.51,107.040,0.1933,-0.0057,-0.0049,0.0086,-0.0196,-0.0115,-0.0053,-3.1256,-16.642,4.158,0.1931,0.426249,2.20898,0.00237468,0.1933,-0.0057,-16.424,4.312,-3.1255,-0.0115,-0.0053,-16.413,4.304
435.61,107.060,0.1933,-0.0057,-0.0049,0.0086,-0.0196,-0.0115,-0.0053,-3.1257,-16.647,4.158,0.1931,0.427766,2.2604,0.00209788,0.1933,-0.0057,-16.430,4.312,-3.1257,-0.0115,-0.0053,-16.413,4.304
435.71,107.080,0.1933,-0.0057,-0.0049,0.0086,-0.0196,-0.0115,-0.0053,-3.1259,-16.653,4.158,0.1931,0.427766,2.2604,0.00209788,0.1933,-0.0057,-16.430,4.312,-3.1257,-0.0115,-0.0053,-16.413,4.304
435.81,107.120,0.1925,-0.0121,-0.0105,-0.0008,-0.0004,-0.0115,-0.0053,-3.1262,-16.658,4.157,0.1922,0.429286,2.3131,0.00237468,0.1925,-0.0121,-16.436,4.312,-3.1258,-0.0115,-0.0053,-16.413,4.304
435.91,107.140,0.1925,-0.0121,-0.0105,0.0086,-0.0207,-0.0115,-0.0053,-3.1265,-16.664,4.157,0.1921,0.431311,2.3854,0.00237468,0.1925,-0.0121,-16.444,4.312,-3.1262,-0.0115,-0.0053,-16.413,4.304
436.01,107.180,0.1925,-0.0121,-0.0105,0.0085,-0.0209,-0.0115,-0.0053,-3.1267,-16.669,4.157,0.1921,0.432828,2.44118,0.00209788,0.1925,-0.0121,-16.449,4.312,-3.1265,-0.0115,-0.0053,-16.413,4.304
436.11,107.200,0.1925,-0.0121,-0.0104,0.0082,-0.0209,-0.0115,-0.0053,-3.1270,-16.674,4.157,0.1923,0.434349,2.49832,0.00237469,0.1927,-0.0105,-16.455,4.313,-3.1268,-0.0115,-0.0053,-16.413,4.304
436.21,107.220,0.1927,-0.0105,-0.0082,-0.0006,-0.0003,-0.0115,-0.0053,-3.1272,-16.679,4.157,0.1924,0.436374,2.57665,0.00237469,0.1927,-0.0105,-16.463,4.313,-3.1272,-0.0115,-0.0053,-16.413,4.304
436.31,107.260,0.1927,-0.0105,-0.0082,-0.0006,-0.0003,-0.0115,-0.0053,-3.1274,-16.684,4.157,0.1921,0.436374,2.57665,0.00237469,0.1927,-0.0105,-16.463,4.313,-3.1272,-0.0115,-0.0053,-16.413,4.304
436.41,107.280,0.1927,-0.0105,-0.0082,0.0087,-0.0202,-0.0115,-0.0053,-3.1276,-16.689,4.157,0.1921,0.437892,2.63705,0.00209788,0.1927,-0.0105,-16.469,4.313,-3.1274,-0.0115,-0.0053,-16.413,4.304
436.51,107.300,0.1927,-0.0105,-0.0067,0.0087,-0.0199,-0.0115,-0.0053,-3.1278,-16.694,4.157,0.1924,0.439413,2.69888,0.00237469,0.1929,-0.0086,-16.474,4.313,-3.1277,-0.0115,-0.0053,-16.413,4.304
436.61,107.340,0.1929,-0.0086,-0.0067,0.0087,-0.0199,-0.0115,-0.0053,-3.1280,-16.699,4.157,0.1924,0.441438,2.78361,0.00237469,0.1929,-0.0086,-16.482,4.313,-3.1280,-0.0115,-0.0053,-16.413,4.304
436.71,107.360,0.1929,-0.0086,-0.0067,0.0087,-0.0199,-0.0115,-0.0053,-3.1282,-16.705,4.157,0.1924,0.442956,2.8489,0.00209788,0.1929,-0.0086,-16.488,4.313,-3.1282,-0.0115,-0.0053,-16.413,4.304
436.81,107.380,0.1929,-0.0086,-0.0067,0.0087,-0.0199,-0.0115,-0.0053,-3.1284,-16.710,4.157,0.1924,0.442956,2.8489,0.00209788,0.1929,-0.0086,-16.488,4.313,-3.1282,-0.0115,-0.0053,-16.413,4.304
436.91,107.420,0.1931,-0.0071,-0.0055,0.0087,-0.0197,-0.0115,-0.0054,-3.1285,-16.715,4.156,0.1927,0.444477,2.91571,0.00237469,0.1931,-0.0071,-16.494,4.313,-3.1284,-0.0115,-0.0054,-16.413,4.304
437.01,107.440,0.1931,-0.0071,-0.0055,0.0087,-0.0197,-0.0115,-0.0054,-3.1287,-16.720,4.156,0.1927,0.446503,3.0072,0.00237469,0.1931,-0.0071,-16.502,4.313,-3.1286,-0.0115,-0.0054,-16.413,4.304
437.11,107.460,0.1931,-0.0071,-0.0055,0.0087,-0.0197,-0.0115,-0.0054,-3.1288,-16.725,4.156,0.1927,0.448021,3.07766,0.00209788,0.1931,-0.0071,-16.507,4.314,-3.1288,-0.0115,-0.0054,-16.413,4.304
437.21,107.500,0.1931,-0.0071,-0.0055,0.0087,-0.0196,-0.0115,-0.0054,-3.1290,-16.730,4.156,0.1927,0.449543,3.14973,0.00237469,0.1933,-0.0057,-16.513,4.314,-3.1289,-0.0115,-0.0054,-16.413,4.304
437.31,107.520,0.1933,-0.0057,-0.0044,0.0087,-0.0194,-0.0115,-0.0054,-3.1291,-16.735,4.156,0.1930,0.449543,3.14973,0.00237469,0.1933,-0.0057,-16.513,4.314,-3.1289,-0.0115,-0.0054,-16.413,4.304
437.41,107.540,0.1933,-0.0057,-0.0044,0.0087,-0.0194,-0.0115,-0.0054,-3.1292,-16.741,4.156,0.1930,0.45157,3.24838,0.00237469,0.1933,-0.0057,-16.521,4.314,-3.1291,-0.0115,-0.0054,-16.413,4.304
437.51,107.580,0.1933,-0.0057,-0.0044,0.0087,-0.0194,-0.0115,-0.0054,-3.1293,-16.746,4.156,0.1930,0.453088,3.3243,0.00209788,0.1933,-0.0057,-16.527,4.314,-3.1292,-0.0115,-0.0054,-16.413,4.304
437.61,107.600,0.1933,-0.0057,-0.0044,0.0087,-0.0194,-0.0115,-0.0054,-3.1294,-16.751,4.156,0.1932,0.454611,3.40193,0.00237469,0.1935,-0.0045,-16.532,4.314,-3.1294,-0.0115,-0.0054,-16.413,4.304
437.71,107.620,0.1935,-0.0045,-0.0035,0.0087,-0.0192,-0.0115,-0.0054,-3.1295,-16.756,4.156,0.1932,0.456638,3.50812,0.00237469,0.1935,-0.0045,-16.540,4.314,-3.1295,-0.0115,-0.0054,-16.413,4.304
437.81,107.660,0.1935,-0.0045,-0.0035,0.0087,-0.0192,-0.0115,-0.0054,-3.1296,-16.762,4.156,0.1932,0.456638,3.50812,0.00237469,0.1935,-0.0045,-16.540,4.314,-3.1295,-0.0115,-0.0054,-16.413,4.304
437.91,107.680,0.1935,-0.0045,-0.0035,0.0087,-0.0192,-0.0115,-0.0054,-3.1297,-16.767,4.156,0.1932,0.458157,3.58981,0.00209788,0.1935,-0.0045,-16.546,4.315,-3.1296,-0.0115,-0.0054,-16.413,4.304
438.01,107.700,0.1935,-0.0045,-0.0026,0.0087,-0.0191,-0.0115,-0.0054,-3.1298,-16.772,4.156,0.1934,0.459679,3.6733,0.00237469,0.1936,-0.0033,-16.552,4.315,-3.1297,-0.0115,-0.0054,-16.413,4.304
438.11,107.740,0.1936,-0.0033,-0.0026,0.0087,-0.0191,-0.0115,-0.0054,-3.1299,-16.777,4.156,0.1934,0.461708,3.78745,0.00237469,0.1936,-0.0033,-16.560,4.315,-3.1298,-0.0115,-0.0054,-16.413,4.304
438.21,107.760,0.1936,-0.0033,-0.0026,0.0087,-0.0191,-0.0115,-0.0054,-3.1299,-16.782,4.155,0.1934,0.463227,3.87523,0.00209788,0.1936,-0.0033,-16.565,4.315,-3.1299,-0.0115,-0.0054,-16.413,4.304
438.31,107.780,0.1936,-0.0033,-0.0026,0.0087,-0.0191,-0.0115,-0.0054,-3.1300,-16.787,4.155,0.1934,0.463227,3.87523,0.00209788,0.1936,-0.0033,-16.565,4.315,-3.1299,-0.0115,-0.0054,-16.413,4.304
438.41,107.820,0.1937,-0.0023,-0.0018,0.0087,-0.0189,-0.0115,-0.0054,-3.1301,-16.792,4.155,0.1936,0.46475,3.9649,0.00237469,0.1937,-0.0023,-16.571,4.315,-3.1300,-0.0115,-0.0054,-16.413,4.304
438.51,107.840,0.1937,-0.0023,-0.0018,0.0087,-0.0189,-0.0115,-0.0054,-3.1301,-16.797,4.155,0.1936,0.466779,4.08744,0.00237469,0.1937,-0.0023,-16.579,4.315,-3.1301,-0.0115,-0.0054,-16.413,4.304
438.61,107.860,0.1937,-0.0023,-0.0018,0.0087,-0.0189,-0.0115,-0.0054,-3.1302,-16.803,4.155,0.1936,0.4683,4.18162,0.00209788,0.1937,-0.0023,-16.585,4.316,-3.1301,-0.0115,-0.0054,-16.413,4.304
438.71,107.900,0.1937,-0.0023,-0.0018,0.0087,-0.0189,-0.0115,-0.0054,-3.1302,-16.808,4.155,0.1937,0.469823,4.27779,0.00237469,0.1938,-0.0014,-16.591,4.316,-3.1302,-0.0115,-0.0054,-16.413,4.304
438.81,107.920,0.1938,-0.0014,-0.0011,0.0087,-0.0188,-0.0115,-0.0054,-3.1302,-16.813,4.155,0.1937,0.469823,4.27779,0.00237469,0.1938,-0.0014,-16.591,4.316,-3.1302,-0.0115,-0.0054,-16.413,4.304
438.91,107.940,0.1938,-0.0014,-0.0011,0.0087,-0.0188,-0.0115,-0.0054,-3.1303,-16.818,4.155,0.1937,0.471853,4.40916,0.00237469,0.1938,-0.0014,-16.598,4.316,-3.1302,-0.0115,-0.0054,-16.413,4.304
439.01,107.960,0.1938,-0.0014,-0.0011,0.0087,-0.0188,-0.0115,-0.0054,-3.1303,-16.823,4.155,0.1937,0.473374,4.51009,0.00209788,0.1938,-0.0014,-16.604,4.316,-3.1303,-0.0115,-0.0054,-16.413,4.304
439.11,108.000,0.1938,-0.0014,-0.0011,0.0092,-0.0189,-0.0115,-0.0054,-3.1303,-16.828,4.155,0.1939,0.474899,4.6131,0.00237469,0.1939,-0.0006,-16.610,4.316,-3.1303,-0.0115,-0.0054,-16.413,4.304
439.21,108.020,0.1939,-0.0006,-0.0004,0.0087,-0.0187,-0.0115,-0.0054,-3.1303,-16.833,4.155,0.1939,0.474899,4.6131,0.00237469,0.1939,-0.0006,-16.610,4.316,-3.1303,-0.0115,-0.0054,-16.691,4.286
439.31,108.040,0.1939,-0.0006,-0.0004,0.0087,-0.0187,-0.0115,-0.0054,-3.1303,-16.838,4.155,0.1939,0.426332,2.20887,0.00237468,0.1939,-0.0006,-16.626,4.300,-3.1303,-0.0115,-0.0054,-16.691,4.286
439.41,108.080,0.1939,-0.0006,-0.0004,0.0087,-0.0187,-0.0115,-0.0054,-3.1303,-16.843,4.155,0.1939,0.427847,2.26029,0.00209788,0.1939,-0.0006,-16.632,4.300,-3.1303,-0.0115,-0.0054,-16.691,4.286
439.51,108.100,0.1939,-0.0006,-0.0004,0.0087,-0.0187,-0.0115,-0.0054,-3.1304,-16.848,4.155,0.1923,0.429365,2.31299,0.00237468,0.1923,-0.0138,-16.638,4.300,-3.1304,-0.0115,-0.0054,-16.691,4.286
439.61,108.120,0.1923,-0.0134,-0.0097,-0.0007,-0.0003,-0.0115,-0.0054,-3.1307,-16.853,4.155,0.1921,0.431387,2.38529,0.00237468,0.1923,-0.0138,-16.646,4.300,-3.1305,-0.0115,-0.0054,-16.691,4.286
439.71,108.160,0.1923,-0.0138,-0.0097,0.0087,-0.0205,-0.0115,-0.0054,-3.1309,-16.858,4.155,0.1919,0.431387,2.38529,0.00237468,0.1923,-0.0138,-16.646,4.300,-3.1305,-0.0115,-0.0054,-16.691,4.286
439.81,108.180,0.1923,-0.0138,-0.0097,0.0087,-0.0205,-0.0115,-0.0054,-3.1312,-16.863,4.154,0.1919,0.432902,2.44106,0.00209788,0.1923,-0.0138,-16.651,4.300,-3.1308,-0.0115,-0.0054,-16.691,4.286
439.91,108.200,0.1923,-0.0138,-0.0092,0.0087,-0.0203,-0.0115,-0.0054,-3.1314,-16.868,4.154,0.1920,0.43442,2.4982,0.00237469,0.1924,-0.0130,-16.657,4.300,-3.1312,-0.0115,-0.0054,-16.691,4.286
440.01,108.240,0.1924,-0.0130,-0.0092,0.0087,-0.0203,-0.0115,-0.0054,-3.1316,-16.873,4.154,0.1920,0.436442,2.57653,0.00237469,0.1924,-0.0130,-16.665,4.300,-3.1315,-0.0115,-0.0054,-16.691,4.286
440.11,108.260,0.1924,-0.0130,-0.0092,0.0087,-0.0203,-0.0115,-0.0054,-3.1319,-16.878,4.154,0.1920,0.437956,2.63692,0.00209788,0.1924,-0.0130,-16.671,4.300,-3.1318,-0.0115,-0.0054,-16.691,4.286
440.21,108.280,0.1924,-0.0130,-0.0092,0.0087,-0.0203,-0.0115,-0.0054,-3.1321,-16.883,4.154,0.1920,0.437956,2.63692,0.00209788,0.1924,-0.0130,-16.671,4.300,-3.1318,-0.0115,-0.0054,-16.691,4.286
440.31,108.300,0.1924,-0.0130,-0.0081,0.0087,-0.0201,-0.0115,-0.0054,-3.1323,-16.888,4.154,0.1922,0.439474,2.69875,0.00237469,0.1926,-0.0115,-16.676,4.300,-3.1321,-0.0115,-0.0054,-16.691,4.286
440.41,108.340,0.1926,-0.0115,-0.0081,0.0088,-0.0201,-0.0114,-0.0054,-3.1325,-16.893,4.154,0.1922,0.441495,2.78348,0.00237469,0.1926,-0.0115,-16.684,4.300,-3.1324,-0.0114,-0.0054,-16.691,4.286
440.51,108.360,0.1926,-0.0115,-0.0081,0.0088,-0.0201,-0.0114,-0.0054,-3.1327,-16.897,4.154,0.1922,0.443009,2.84876,0.00209788,0.1926,-0.0115,-16.690,4.300,-3.1327,-0.0114,-0.0054,-16.691,4.286
440.61,108.380,0.1926,-0.0115,-0.0081,0.0088,-0.0201,-0.0114,-0.0054,-3.1329,-16.902,4.154,0.1922,0.443009,2.84876,0.00209788,0.1926,-0.0115,-16.690,4.300,-3.1327,-0.0114,-0.0054,-16.691,4.286
440.71,108.400,0.1926,-0.0115,-0.0072,0.0088,-0.0199,-0.0114,-0.0054,-3.1331,-16.907,4.154,0.1924,0.444527,2.91557,0.00237469,0.1927,-0.0102,-16.696,4.300,-3.1329,-0.0114,-0.0054,-16.691,4.286
440.81,108.440,0.1927,-0.0102,-0.0072,0.0088,-0.0199,-0.0114,-0.0054,-3.1333,-16.912,4.154,0.1924,0.446547,3.00706,0.00237469,0.1927,-0.0102,-16.703,4.300,-3.1332,-0.0114,-0.0054,-16.691,4.286
440.91,108.460,0.1927,-0.0102,-0.0072,0.0088,-0.0199,-0.0114,-0.0054,-3.1335,-16.918,4.154,0.1924,0.448061,3.07752,0.00209788,0.1927,-0.0102,-16.709,4.300,-3.1334,-0.0114,-0.0054,-16.691,4.286
441.01,108.500,0.1927,-0.0102,-0.0072,0.0088,-0.0199,-0.0114,-0.0054,-3.1337,-16.924,4.154,0.1926,0.449578,3.14958,0.00237469,0.1929,-0.0091,-16.715,4.300,-3.1337,-0.0114,-0.0054,-16.691,4.286
441.11,108.520,0.1929,-0.0091,-0.0064,0.0088,-0.0198,-0.0114,-0.0054,-3.1339,-16.930,4.154,0.1926,0.451598,3.24822,0.00237469,0.1929,-0.0091,-16.723,4.300,-3.1339,-0.0114,-0.0054,-16.691,4.286
441.21,108.560,0.1929,-0.0091,-0.0064,0.0088,-0.0198,-0.0114,-0.0054,-3.1341,-16.935,4.154,0.1926,0.451598,3.24822,0.00237469,0.1929,-0.0091,-16.723,4.300,-3.1339,-0.0114,-0.0054,-16.691,4.286
441.31,108.580,0.1929,-0.0091,-0.0064,0.0088,-0.0198,-0.0114,-0.0054,-3.1343,-16.940,4.154,0.1926,0.453112,3.32414,0.00209788,0.1929,-0.0091,-16.728,4.300,-3.1341,-0.0114,-0.0054,-16.691,4.286
441.41,108.600,0.1929,-0.0091,-0.0056,0.0088,-0.0196,-0.0114,-0.0054,-3.1344,-16.945,4.153,0.1928,0.454628,3.40177,0.00237469,0.1930,-0.0080,-16.734,4.300,-3.1343,-0.0114,-0.0054,-16.691,4.286
441.51,108.640,0.1930,-0.0080,-0.0056,0.0088,-0.0197,-0.0114,-0.0054,-3.1346,-16.951,4.153,0.1928,0.456648,3.50795,0.00237469,0.1930,-0.0080,-16.742,4.300,-3.1345,-0.0114,-0.0054,-16.691,4.286
441.61,108.660,0.1930,-0.0080,-0.0057,0.0089,-0.0196,-0.0114,-0.0054,-3.1348,-16.957,4.153,0.1928,0.458161,3.58964,0.00209788,0.1930,-0.0080,-16.748,4.300,-3.1347,-0.0114,-0.0054,-16.691,4.286
441.71,108.700,0.1930,-0.0080,-0.0057,0.0090,-0.0195,-0.0114,-0.0054,-3.1349,-16.962,4.153,0.1929,0.459678,3.67313,0.00237469,0.1931,-0.0071,-16.753,4.300,-3.1349,-0.0114,-0.0054,-16.691,4.286
441.81,108.720,0.1931,-0.0071,-0.0050,0.0094,-0.0193,-0.0114,-0.0054,-3.1351,-16.967,4.153,0.1929,0.459678,3.67313,0.00237469,0.1931,-0.0071,-16.753,4.300,-3.1349,-0.0114,-0.0054,-16.691,4.286
441.91,108.740,0.1931,-0.0071,-0.0055,-0.0004,-0.0002,-0.0114,-0.0054,-3.1352,-16.972,4.153,0.1931,0.461697,3.78727,0.00237469,0.1931,-0.0071,-16.761,4.300,-3.1351,-0.0114,-0.0054,-16.691,4.286
442.01,108.760,0.1931,-0.0071,-0.0055,0.0088,-0.0196,-0.0114,-0.0054,-3.1353,-16.977,4.153,0.1931,0.46321,3.87505,0.00209788,0.1931,-0.0071,-16.767,4.300,-3.1352,-0.0114,-0.0054,-16.691,4.286
442.11,108.800,0.1931,-0.0071,-0.0055,0.0088,-0.0196,-0.0114,-0.0054,-3.1355,-16.981,4.153,0.1932,0.464726,3.96471,0.00237469,0.1932,-0.0062,-16.773,4.300,-3.1354,-0.0114,-0.0054,-16.691,4.286
442.21,108.820,0.1932,-0.0062,-0.0048,0.0088,-0.0195,-0.0114,-0.0054,-3.1356,-16.986,4.153,0.1932,0.464726,3.96471,0.00237469,0.1932,-0.0062,-16.773,4.300,-3.1354,-0.0114,-0.0054,-16.691,4.286
442.31,108.840,0.1932,-0.0062,-0.0048,0.0088,-0.0195,-0.0114,-0.0054,-3.1357,-16.991,4.153,0.1932,0.466745,4.08724,0.00237469,0.1932,-0.0062,-16.780,4.300,-3.1356,-0.0114,-0.0054,-16.691,4.286
442.41,108.860,0.1932,-0.0062,-0.0048,0.0088,-0.0195,-0.0114,-0.0054,-3.1358,-16.996,4.153,0.1932,0.468257,4.18143,0.00209788,0.1932,-0.0062,-16.786,4.300,-3.1358,-0.0114,-0.0054,-16.691,4.286
442.51,108.900,0.1932,-0.0062,-0.0048,0.0088,-0.0195,-0.0114,-0.0054,-3.1360,-17.002,4.153,0.1933,0.469773,4.27759,0.00237469,0.1934,-0.0051,-16.792,4.300,-3.1359,-0.0114,-0.0054,-16.691,4.286
442.61,108.920,0.1934,-0.0051,-0.0040,0.0088,-0.0193,-0.0114,-0.0054,-3.1361,-17.007,4.153,0.1933,0.471791,4.40896,0.00237469,0.1934,-0.0051,-16.800,4.300,-3.1361,-0.0114,-0.0054,-16.691,4.286
442.71,108.960,0.1934,-0.0051,-0.0040,0.0088,-0.0193,-0.0114,-0.0054,-3.1362,-17.012,4.153,0.1933,0.471791,4.40896,0.00237469,0.1934,-0.0051,-16.800,4.300,-3.1361,-0.0114,-0.0054,-16.691,4.286
442.81,108.980,0.1934,-0.0051,-0.0040,0.0088,-0.0193,-0.0114,-0.0054,-3.1363,-17.017,4.153,0.1933,0.473303,4.50988,0.00209788,0.1934,-0.0051,-16.806,4.300,-3.1362,-0.0114,-0.0054,-16.691,4.286
442.91,109.000,0.1934,-0.0051,-0.0036,0.0088,-0.0192,-0.0114,-0.0054,-3.1364,-17.023,4.153,0.1934,0.474819,4.6129,0.00237469,0.1934,-0.0046,-16.811,4.300,-3.1363,-0.0114,-0.0054,-16.884,4.285
443.01,109.040,0.1934,-0.0046,-0.0036,0.0088,-0.0192,-0.0114,-0.0054,-3.1365,-17.028,4.153,0.1934,0.42624,2.20882,0.00237468,0.1934,-0.0046,-16.827,4.292,-3.1364,-0.0114,-0.0054,-16.884,4.285
443.11,109.060,0.1934,-0.0046,-0.0036,0.0088,-0.0192,-0.0114,-0.0054,-3.1366,-17.034,4.153,0.1934,0.427749,2.26024,0.00209788,0.1934,-0.0046,-16.833,4.292,-3.1366,-0.0114,-0.0054,-16.884,4.285
443.21,109.100,0.1934,-0.0046,-0.0036,0.0088,-0.0192,-0.0114,-0.0054,-3.1367,-17.039,4.153,0.1934,0.429261,2.31294,0.00237468,0.1925,-0.0122,-16.838,4.292,-3.1367,-0.0114,-0.0054,-16.884,4.285
443.31,109.120,0.1925,-0.0122,-0.0094,-0.0007,-0.0003,-0.0114,-0.0054,-3.1369,-17.044,4.153,0.1925,0.429261,2.31294,0.00237468,0.1925,-0.0122,-16.838,4.292,-3.1367,-0.0114,-0.0054,-16.884,4.285
443.41,109.140,0.1925,-0.0122,-0.0094,0.0088,-0.0203,-0.0114,-0.0054,-3.1372,-17.050,4.153,0.1924,0.431274,2.38523,0.00237468,0.1925,-0.0122,-16.846,4.292,-3.1369,-0.0114,-0.0054,-16.884,4.285
443.51,109.180,0.1925,-0.0122,-0.0094,0.0088,-0.0203,-0.0114,-0.0055,-3.1375,-17.055,4.153,0.1924,0.432782,2.44101,0.00209788,0.1925,-0.0122,-16.852,4.292,-3.1372,-0.0114,-0.0055,-16.884,4.285
443.61,109.200,0.1925,-0.0122,-0.0094,0.0088,-0.0203,-0.0114,-0.0055,-3.1377,-17.060,4.153,0.1925,0.434293,2.49814,0.00237469,0.1926,-0.0115,-16.858,4.292,-3.1375,-0.0114,-0.0055,-16.884,4.285
443.71,109.220,0.1926,-0.0115,-0.0089,0.0088,-0.0202,-0.0114,-0.0055,-3.1380,-17.065,4.153,0.1925,0.436306,2.57648,0.00237469,0.1926,-0.0115,-16.865,4.292,-3.1379,-0.0114,-0.0055,-16.884,4.285
443.81,109.260,0.1926,-0.0115,-0.0089,0.0089,-0.0202,-0.0114,-0.0055,-3.1382,-17.071,4.152,0.1925,0.437813,2.63687,0.00209788,0.1926,-0.0115,-16.871,4.292,-3.1382,-0.0114,-0.0055,-16.884,4.285
443.91,109.280,0.1926,-0.0115,-0.0089,0.0089,-0.0202,-0.0114,-0.0055,-3.1384,-17.076,4.152,0.1925,0.437813,2.63687,0.00209788,0.1926,-0.0115,-16.871,4.292,-3.1382,-0.0114,-0.0055,-16.884,4.285
444.01,109.300,0.1926,-0.0115,-0.0080,0.0089,-0.0201,-0.0114,-0.0055,-3.1387,-17.081,4.152,0.1926,0.439324,2.6987,0.00237469,0.1927,-0.0104,-16.877,4.292,-3.1384,-0.0114,-0.0055,-16.884,4.285
444.11,109.340,0.1927,-0.0104,-0.0080,0.0089,-0.0201,-0.0114,-0.0055,-3.1389,-17.086,4.152,0.1926,0.441336,2.78343,0.00237469,0.1927,-0.0104,-16.885,4.292,-3.1388,-0.0114,-0.0055,-16.884,4.285
444.21,109.360,0.1927,-0.0104,-0.0080,0.0089,-0.0201,-0.0114,-0.0055,-3.1391,-17.092,4.152,0.1926,0.442842,2.84871,0.00209788,0.1927,-0.0104,-16.890,4.291,-3.1390,-0.0114,-0.0055,-16.884,4.285
444.31,109.400,0.1927,-0.0104,-0.0080,0.0089,-0.0201,-0.0114,-0.0055,-3.1393,-17.097,4.152,0.1927,0.444352,2.91552,0.00237469,0.1928,-0.0094,-16.896,4.291,-3.1392,-0.0114,-0.0055,-16.884,4.285
444.41,109.420,0.1928,-0.0094,-0.0073,0.0089,-0.0199,-0.0114,-0.0055,-3.1395,-17.103,4.152,0.1927,0.444352,2.91552,0.00237469,0.1928,-0.0094,-16.896,4.291,-3.1392,-0.0114,-0.0055,-16.884,4.285
444.51,109.460,0.1928,-0.0094,-0.0073,0.0089,-0.0199,-0.0114,-0.0055,-3.1398,-17.108,4.152,0.1927,0.446363,3.00701,0.00237469,0.1928,-0.0094,-16.904,4.291,-3.1395,-0.0114,-0.0055,-16.884,4.285
444.61,109.480,0.1928,-0.0094,-0.0073,0.0089,-0.0199,-0.0114,-0.0055,-3.1400,-17.114,4.152,0.1927,0.447869,3.07747,0.00209788,0.1928,-0.0094,-16.910,4.291,-3.1398,-0.0114,-0.0055,-16.884,4.285
444.71,109.500,0.1928,-0.0094,-0.0067,0.0087,-0.0197,-0.0114,-0.0055,-3.1402,-17.119,4.152,0.1928,0.449379,3.14954,0.00237469,0.1929,-0.0086,-16.915,4.291,-3.1400,-0.0114,-0.0055,-16.884,4.285
444.81,109.540,0.1929,-0.0086,-0.0067,0.0065,-0.0191,-0.0114,-0.0055,-3.1404,-17.125,4.152,0.1926,0.451388,3.24817,0.00237469,0.1929,-0.0086,-16.923,4.291,-3.1402,-0.0114,-0.0055,-16.884,4.285
444.91,109.560,0.1929,-0.0086,-0.0074,0.0089,-0.0199,-0.0114,-0.0055,-3.1406,-17.131,4.152,0.1926,0.452894,3.3241,0.00209788,0.1929,-0.0086,-16.929,4.291,-3.1405,-0.0114,-0.0055,-16.884,4.285
445.01,109.600,0.1929,-0.0086,-0.0074,0.0089,-0.0199,-0.0114,-0.0055,-3.1408,-17.136,4.152,0.1927,0.454403,3.40172,0.00237469,0.1930,-0.0078,-16.935,4.291,-3.1407,-0.0114,-0.0055,-16.884,4.285
445.11,109.620,0.1930,-0.0078,-0.0067,0.0089,-0.0198,-0.0114,-0.0055,-3.1410,-17.142,4.152,0.1927,0.456412,3.50791,0.00237469,0.1930,-0.0078,-16.942,4.291,-3.1410,-0.0114,-0.0055,-16.884,4.285
445.21,109.660,0.1930,-0.0078,-0.0067,0.0089,-0.0198,-0.0114,-0.0055,-3.1412,-17.147,4.152,0.1927,0.456412,3.50791,0.00237469,0.1930,-0.0078,-16.942,4.291,-3.1410,-0.0114,-0.0055,-16.884,4.285
445.31,109.680,0.1930,-0.0078,-0.0067,0.0089,-0.0198,-0.0114,-0.0055,-3.1414,-17.153,4.152,0.1927,0.457917,3.5896,0.00209788,0.1930,-0.0078,-16.948,4.291,-3.1412,-0.0114,-0.0055,-16.884,4.285
445.41,109.700,0.1930,-0.0078,-0.0061,0.0089,-0.0197,-0.0114,-0.0055,-3.1415,-17.157,4.152,0.1929,0.459425,3.67308,0.00237469,0.1931,-0.0071,-16.954,4.291,-3.1414,-0.0114,-0.0055,-16.884,4.285
