sim_t,wall_t,gt_x,gt_y,gt_z,roll,pitch,yaw,odom_vx
0.002,2.400190323998686,0.0,0.0,6.618677247381118,0.0,0.0,0.0,
0.002,2.6003961140013416,0.0,0.0,6.618677247381118,0.0,0.0,0.0,
0.002,2.8003652690022136,0.0,0.0,6.618677247381118,0.0,0.0,0.0,
0.002,3.000249128002906,0.0,0.0,6.618677247381118,0.0,0.0,0.0,
0.002,3.200258429002133,0.0,0.0,6.618677247381118,0.0,0.0,0.0,
0.002,3.400297555999714,0.0,0.0,6.618677247381118,0.0,0.0,0.0,
0.002,3.6003190359988366,0.0,0.0,6.618677247381118,0.0,0.0,0.0,
0.003,3.800322649003647,0.0,0.0,6.618672387381118,0.0,0.0,0.0,
0.003,4.0006168210020405,0.0,0.0,6.618672387381118,0.0,0.0,0.0,
0.003,4.200210120005067,0.0,0.0,6.618672387381118,0.0,0.0,0.0,
0.016,4.400285581003118,0.0,0.0,6.618487707381118,0.0,0.0,0.0,
0.058,4.6001494100055424,0.0,0.0,6.616004247381118,0.0,0.0,0.0,0.0
0.101,4.800223518002895,0.0,0.0,6.610501107381118,0.0,0.0,0.0,0.0
0.14600000000000002,5.000175305001903,0.0,0.0,6.601297887381119,0.0,0.0,0.0,0.0
0.189,5.200189834999037,0.0,0.0,6.589901187381117,0.0,0.0,0.0,0.0
0.229,5.400208462000592,0.0,0.0,6.576390387381117,0.0,0.0,0.0,0.0
0.268,5.600382761003857,0.0,0.0,6.560721747381117,0.0,0.0,0.0,0.0
0.312,5.800263925004401,0.0,0.0,6.540086187381118,0.0,0.0,0.0,0.0
0.35800000000000004,6.000475101005577,0.0,0.0,6.515159247381118,0.0,0.0,0.0,0.0
0.4,6.200126752999495,0.0,0.0,6.488758107381117,0.0,0.0,0.0,0.0
0.441,6.400100236998696,0.0,0.0,6.4615097073811185,0.0,0.0,0.0,0.0
0.48200000000000004,6.6002962210041005,0.0,0.0,6.430890087381117,0.0,0.0,0.0,0.0
0.53,6.8001667440039455,0.0,0.0,6.391582407381118,0.0,0.0,0.0,0.0
0.5710000000000001,7.00024908100022,0.0,0.0,6.3550514073811195,0.0,0.0,0.0,0.0
0.61,7.200191717005509,0.0,0.0,6.317775207381119,0.0,0.0,0.0,0.0
0.651,7.400194011999702,0.0,0.0,6.275930607381119,0.0,0.0,0.0,0.0
0.6970000000000001,7.600233497003501,0.0,0.0,6.22574138738112,0.0,0.0,0.0,0.0
0.741,7.800157910001872,-0.0012031135515413467,-6.120932444910848e-05,6.175260005171811,0.010107475257285198,0.014723734963825206,0.003071727129713621,-0.027644169800321822
0.784,8.000317759004247,-0.0014785844921929169,-0.00033036549417066993,6.17339405343135,0.018230143809598604,0.018936190527707304,0.003252949006342923,1.4141544380820437e-11
0.8240000000000001,8.200189779003267,-0.0014782133021160996,-0.00032534005033420325,6.173414685028285,0.018132846880434216,0.018936188449423127,0.0032528220149912568,1.4144281991305963e-11
0.8640000000000001,8.400207443999534,-0.0014778464711587092,-0.00032026345929738495,6.17343513792813,0.018034654444256296,0.018936186304542364,0.0032526990705223522,1.4146745840742936e-11
0.91,8.60020721500041,-0.0014774286319860174,-0.00031438436584292514,6.173458513383641,0.017921005839675624,0.01893618374504953,0.003252563339043807,1.4149022665305155e-11
0.9520000000000001,8.800253298002644,-0.0014770500213510075,-0.00030899202058141126,6.1734797674345705,0.017816796858253586,0.018936181314979896,0.0032524450866903364,1.4151180227628402e-11
0.9930000000000001,9.000336502998834,-0.0014766825683543677,-0.0003037139255114995,6.173500462281885,0.017714804896123284,0.01893617885327905,0.003252335106999125,1.4153259185294143e-11
1.026,9.200124121001863,-0.001476388127386355,-0.00029945914817741475,6.173517093186223,0.017632585684928776,0.01893617680615079,0.003252250598122987,1.4155283932851259e-11
1.061,9.400385879001988,-0.0014760769816728394,-0.0002949423615070999,6.173534714394868,0.01754529701359971,0.018936174569933784,0.00325216493459492,1.4157268022826908e-11
1.102,9.60079029800545,-0.0014757050240040918,-0.0002895186923479806,6.173555843058129,0.01744046913273899,0.018936171797278988,0.003252067581149667,1.4159230428759106e-11
1.142,9.80022905900114,-0.0014753609250319022,-0.0002844804798427041,6.173575451223546,0.01734307495872872,0.018936169134967464,0.0032519825338738805,1.4161179282164149e-11
1.183,10.001121198001783,-0.00147499124272122,-0.0002790532773975756,6.173596559447286,0.01723815044523806,0.01893616617975227,0.0032518963305643274,1.2453845463569757e-11
1.223,10.200194123004621,-0.0014747259726717742,-0.0002741126424404138,6.173616154427313,0.017143982956925416,0.018933232803237277,0.0034309649070481175,1.521262635176615e-11
1.258,10.36052878600458,-0.00147485788792697,-0.0002700295654713307,6.173634238036478,0.017072931465639953,0.018916338045412207,0.004462806619412544,1.52121486251839e-11
1.296,10.535419894004008,-0.0014775630690467161,-0.00026724889012578145,6.17365136896149,0.017011604509916452,0.018864600758494547,0.006476464902855794,1.524403433345034e-11
1.334,10.735344067004917,-0.0015016121120776593,-0.00027478246417970433,6.17366394850569,0.016889121848960183,0.018646628180567445,0.009543353920699393,1.5087345435482735e-11
1.374,10.935347653001372,-0.0015265410561712683,-0.00028736505551168036,6.17367292769598,0.01682935666944554,0.018439924472838085,0.013860625078293824,1.511772478035578e-11
1.412,11.135630074000801,-0.0015481327575550953,-0.00030177758972802724,6.173678687496272,0.01683351778296025,0.018267976238826176,0.018986406632090714,1.5135050331072097e-11
1.457,11.335497143001703,-0.0015719053347009078,-0.00032083656337784694,6.1736831927408495,0.016896454639997255,0.018077310712883304,0.02632989168241988,1.514240122180155e-11
1.5,11.535465414002829,-0.0015933615644686012,-0.0003402955806853895,6.173685956916751,0.017002124558519002,0.01789600054490796,0.03461560918589495,1.5142834902670543e-11
1.5390000000000001,11.735555457002192,-0.0016120565679572534,-0.0003585457482665325,6.1736876149218265,0.01711964222346827,0.01773405873745859,0.04267272615397971,1.4171129547602135e-11
1.578,11.935343075005221,-0.0016301864583769124,-0.0003770829413020079,6.1736887352654835,0.017243431244439233,0.017579978117640525,0.05067789796160338,1.4191859493140058e-11
1.6179999999999999,12.135409116999654,-0.0016482853181218487,-0.0003961834671002528,6.173689508066513,0.01737411523188876,0.01742739307343947,0.05883453821440002,1.4211201659897199e-11
1.6640000000000001,12.335822068002017,-0.0016685409831780618,-0.0004180544415486504,6.173690086153863,0.01752660857571355,0.017256356646433855,0.06814756577811107,1.4240518486641207e-11
1.703,12.535842293000314,-0.0016853708406648219,-0.00043650488874614666,6.173690405062814,0.0176563905669562,0.017113752162305863,0.07598735873753827,1.4259947389572147e-11
1.745,12.73544023300201,-0.0017032859368918737,-0.000456336268210831,6.173690633858556,0.017795741084036486,0.016961756536367428,0.08437291698526489,1.4280417126588674e-11
1.786,12.935375170003681,-0.0018173995640798505,-0.000515314193172035,6.173691940316248,0.017928381040535794,0.016819246861643006,0.09230878480960107,-1.1431827706687159e-11
1.83,13.13577779300249,-0.0019824893981970474,-0.0006162480499452458,6.173693460028526,0.018068821729492774,0.016667606516103276,0.10073507168586711,-1.1239967290244124e-11
1.87,13.335488914999587,-0.0021162482678661293,-0.0007254806987252478,6.173694215821364,0.018196321429013593,0.01652790925336781,0.10844002716316102,-1.1045678260934721e-11
1.909,13.535371521000343,-0.0022316580698133874,-0.000848052299803823,6.173694390018804,0.018320388749240923,0.016390005600270305,0.11599344672138545,-1.0848613674063756e-11
1.9500000000000002,13.735932333001983,-0.0023393376513025244,-0.0009978464243765664,6.173693963747354,0.018453658955369923,0.016239607896035634,0.12417338550236455,-1.065016130841201e-11
1.992,13.935337538001477,-0.0024278023009400435,-0.0011619228372090685,6.173692938105591,0.01858335898271281,0.0160908941246095,0.1322041880157243,-1.0448586440503504e-11
2.035,14.135698697005864,-0.002504397722558839,-0.0013576768676154065,6.173691170417964,0.018722059834302345,0.015929202281166507,0.14087289996854097,-1.0244236015033437e-11
2.05,14.335464446005062,-0.0025247797826841154,-0.0014242424977286157,6.173690463419712,0.018766077799660576,0.015877297708257684,0.14364207080565697,-1.0140846495865219e-11
2.079,14.535452137999528,-0.0025608645033273723,-0.0015687138665089724,6.173688777093006,0.018857072935971164,0.01576907636743551,0.1493950535794047,-1.003676308730661e-11
2.1,14.73550244600483,-0.0025827130103790092,-0.0016842461446576413,6.173687298245439,0.018925931215340468,0.015686341570215832,0.1537745648720992,-9.826861546713417e-12
2.138,14.935365328004991,-0.002608691494032563,-0.0018901151411554282,6.173684422746508,0.01904138724489303,0.015545954939475063,0.16116970704433106,-9.721737304069222e-12
2.187,15.135912821999227,-0.002622277686731484,-0.002185124163002814,6.173679864526922,0.019193575759574498,0.015357629673851339,0.1710205764969273,-9.412609580650155e-12
2.228,15.335342938000394,-0.0026153833626327357,-0.002451605602393576,6.173675392933127,0.019320258146906213,0.015197931960400925,0.17931349179594946,-9.201667205971376e-12
2.251,15.535301388001244,-0.0026042194818450145,-0.0026089449461901885,6.173672621851876,0.019391048826382967,0.01510749610510943,0.18398576466073222,-9.09584907393679e-12
2.297,15.73528350199922,-0.002566136929264288,-0.0029405822198971514,6.1736665126898815,0.019532011873165084,0.014924785038773756,0.19337389689953746,-8.87970252883008e-12
2.346,15.93572156099981,-0.002500883335603131,-0.0033267546293177727,6.1736590136288525,0.019684256366924145,0.014723391559609202,0.20364453925378967,-8.552186736565659e-12
2.394,16.13532406200102,-0.0024168477471389204,-0.003714218728712562,6.1736511475913955,0.01982639196127006,0.014531413062771168,0.21336205146874612,-8.329448242250237e-12
2.439,16.335282514002756,-0.002313271610369796,-0.004116441735745374,6.173642681111598,0.019964544818418466,0.014341001781417248,0.22293229971677678,-8.10254641159247e-12
2.484,16.535338096000487,-0.0021944316364926114,-0.004522509890994346,6.173633870974811,0.02009576399722412,0.014156527391201525,0.23214177189472296,-7.759765052739453e-12
2.529,16.735644868000236,-0.002049502198349284,-0.004969377167329578,6.1736239152670045,0.02023193687750986,0.01396120773536605,0.2418279653502872,-7.527312106958561e-12
2.579,16.93569046700577,-0.001871837981101738,-0.005470549514453667,6.173612471440746,0.020375805652316427,0.01375037051906125,0.25221153073009955,-7.292083603616106e-12
2.623,17.135852117004106,-0.0016918198898357585,-0.0059427329573645896,6.173601457164071,0.02050390924703056,0.013558592742953145,0.26159356900146685,-6.9187711115858974e-12
2.667,17.33530175100168,-0.0014924082522781745,-0.006435904095778443,6.173589743737859,0.020630945784160575,0.013364481982690317,0.2710307979486753,-6.6606442583605485e-12
2.688,17.535459500999423,-0.001385427052148617,-0.006690367515105773,6.173583624673036,0.020694051531652408,0.01326654866271996,0.275770199252894,-6.536438057480609e-12
2.737,17.73536506900564,-0.0009655446124435203,-0.007046739200296005,6.173570084213346,0.02082133262163876,0.013065864828453821,0.2854374738243067,0.012399999990324317
2.783,17.935492698001326,0.0004215474290841185,-0.006774998046471408,6.173548986220307,0.020925741974085647,0.012897986487750958,0.2934795168554909,0.06039999999086152
2.83,18.135648968003807,0.0033715597370433882,-0.006003274246645313,6.173507279222901,0.02102613543493124,0.012733685402531721,0.3013117751012905,0.09239999999087826
2.873,18.335380823999003,0.006850054156976123,-0.004997369590983531,6.173459665335343,0.02112756640983213,0.012564694708205325,0.3093290609770446,0.09902733608262368
2.919,18.53529398300452,0.010843531573192816,-0.003732326862862758,6.173406799442389,0.021248601996148506,0.012358925159284571,0.3190399038496776,0.09902733608296299
2.97,18.73538464699959,0.015489325452548046,-0.0022231845382227836,6.173345909022875,0.02138734021212905,0.012117275156550613,0.33037449895496096,0.10187632290827031
3.013,18.935605677004787,0.019490710354179194,-0.0009735390813645565,6.1732926467413245,0.021502290754341662,0.011912121687507337,0.33994029679792986,0.10187632290870122
3.059,19.135426234002807,0.023878097398438436,0.0003726366837209502,6.173233858208752,0.021620631453333584,0.011695951501913254,0.3499652214756213,0.10540123420607131
3.102,19.33557431000372,0.02829806512257617,0.0017935692549923177,6.173175694080797,0.021743861830998964,0.011465168862698976,0.3606080595785058,0.1054012341982151
3.148,19.535332863000804,0.033045540494606646,0.003398043484411524,6.173114495927185,0.02187270124850453,0.011217358012833446,0.37197007372940233,0.10908710095159577
3.195,19.735886273003416,0.03819868000505992,0.0050760082005849635,6.173047031208592,0.022008231188523762,0.010948990045146169,0.3842004047550674,0.10908710095187402
3.239,19.935872203001054,0.042967359893446064,0.006647539542136629,6.1729849054549515,0.022127483253293518,0.010705872589395966,0.39521599166073995,0.11322934433951674
3.283,20.135383574001025,0.04794056013509325,0.008248927075264905,6.1729195028603705,0.022247837008646073,0.010453398947514668,0.40659367913901306,0.1132293443400316
3.327,20.335335914001917,0.05304070561522882,0.009886804126541587,6.172852359023991,0.022365912635879826,0.010198252416787214,0.4180303000144986,0.11754690683082394
3.377,20.535414982005022,0.0589858310969254,0.01178469083725924,6.172773905516142,0.022497836623196224,0.009903746651375774,0.4311574835722018,0.11754690683129924
3.4210000000000003,20.736137773004884,0.06446035285675857,0.013511723928576028,6.172701325629464,0.022613928603423566,0.009635649411908358,0.44304180151120953,0.12193863620831302
3.468,20.935392293002224,0.07020685715028521,0.015331958866960708,6.172625260093331,0.02273041792808103,0.009357472820397292,0.45530961278810805,0.12193863620878764
3.508,21.135732148999523,0.0754075824396981,0.016938302887231232,6.172555749860097,0.022831891576448434,0.00910702036857995,0.4663018953227642,0.1219386362090881
3.555,21.33543556999939,0.08142349866501536,0.018841157410094112,6.172476072917075,0.022943483438963845,0.008822046727846283,0.4787510054903593,0.12641518474588648
3.6020000000000003,21.535344187999726,0.08765403444673306,0.0207484370947223,6.172392518225283,0.023054710292536126,0.008527086126123747,0.4915739087665764,0.12641518474633925
3.6470000000000002,21.735321710999415,0.09380796079816134,0.022681525860380698,6.1723107935342645,0.02315826785388972,0.008241636874648505,0.503925600213937,0.13098121388892442
3.693,21.935337237002386,0.10016763427008703,0.024647254046393643,6.172225814303566,0.02326147483856797,0.007945622710239861,0.5166773386676655,0.1309812138902574
3.737,22.13534563500434,0.10636073523687202,0.026651682234705366,6.17214453072186,0.023357204264355336,0.007659600874775447,0.528946002539681,0.1356411086416015
3.7880000000000003,22.33536880700558,0.11359508311935447,0.029044082137864455,6.172050411152949,0.02346486021797214,0.007323128604976075,0.5433158916400348,0.13564110864322798
3.833,22.53545704299904,0.12006406824720617,0.03128394257801192,6.171967888032312,0.023556418757806556,0.007023007640717923,0.5560789938969936,0.14039961394673522
3.879,22.735346689005382,0.12674065950507765,0.033653037449589106,6.171883650942835,0.02364694086087199,0.006711889202999841,0.5692587014992414,0.14039961394823333
3.9210000000000003,22.93531660000008,0.13287525726801083,0.035910884235215414,6.171807573282629,0.02372646524879378,0.0064251100400279275,0.5813637152812128,0.14526193245769542
3.966,23.135493419998966,0.13954916473905574,0.038441898283771155,6.171726024297004,0.02380861251124909,0.006113692272366026,0.5944639726130089,0.14526193245919528
4.016,23.335360984005092,0.1469758983003664,0.04134993408220649,6.171636767882932,0.023895693423413192,0.005763969853965173,0.6091232827219139,0.14526193245953634
4.062,23.53547146799974,0.1539303323196113,0.04417800665649003,6.171554898502784,0.02397206110326373,0.00543766497628005,0.6227543071512529,0.15023364002897494
4.105,23.735350349001237,0.1604095740906824,0.04687571388053359,6.171479647767721,0.024039907700112634,0.00512944940645187,0.6355909876651937,0.1502336400293061
4.146,23.935392561004846,0.16663845280642145,0.049684648411036356,6.1714108174434,0.024097265055169695,0.0048529231722167065,0.6470779206917989,0.15532098720088452
4.196,24.135320187000616,0.17417004614615947,0.053196681167836796,6.171329476614801,0.024162039261342187,0.0045194902712436475,0.6608936261922128,0.15532098720117613
4.242,24.335329521003587,0.18112343684353335,0.056679812994798864,6.171258304640715,0.024214270546171993,0.004230837970853817,0.6728249602202354,0.16032418289759096
4.286,24.535334561005584,0.18766149720551256,0.06017332753801908,6.171194944813446,0.024257133854892605,0.003977854252316325,0.6832614589311371,0.16032418289380007
4.327,24.7356039350052,0.19376754721126743,0.06357023632624997,6.171137959827032,0.024293540494418665,0.003749229058871931,0.6926776854928155,0.1648714923631161
4.372,24.935342197000864,0.2003689648686753,0.06751324470244932,6.171080762145023,0.024326606505332762,0.003528471568083723,0.7017568887454824,0.1648714923593415
4.425,25.135329921002267,0.20800491906993357,0.07227820667799147,6.171017931961236,0.02436042772395865,0.003286862885030183,0.7116799838659918,0.16872795386605874
4.472,25.335336121999717,0.21455094702179572,0.07670357265390164,6.1709696279351,0.024382914477619748,0.0031154257608936174,0.7187129440384139,0.1687279538633083
4.517,25.53532115100097,0.22080955995324372,0.08102040074409184,6.170924842882606,0.024402934507707922,0.002954266376978286,0.7253184970181815,0.1687279538634413
4.561,25.735323562003032,0.22690041321872148,0.08542846386373157,6.170884631946771,0.0244190737415731,0.002817494708886964,0.7309203056647996,0.17176818751267042
4.606,25.935489237002912,0.23310653084753374,0.08997743612707804,6.1708445969940975,0.024434694845300708,0.002678359254623118,0.7366152070422606,0.17176818751273842
4.656,26.13534955200157,0.2399871057000039,0.09522751373715245,6.170803581262008,0.024449106005343505,0.002543119319006594,0.7421472597634222,0.17413648436673082
4.7,26.33544822600379,0.24601112866850436,0.09988307766860889,6.17076863390661,0.024460999090695396,0.0024257550841974736,0.7469455109468769,0.17413648436674542
4.745,26.535288358005346,0.2521666346944387,0.10479206578477596,6.170735398251763,0.024471282082669295,0.002319401899111101,0.7512916124653021,0.17615353791944793
4.79,26.735429913998814,0.2582922545980608,0.10974192593827466,6.170703378318812,0.02448081259391006,0.0022162166873081713,0.7555065473346781,0.17615353791945348
4.832,26.935420394001994,0.26400170977324827,0.11445510803531664,6.170675157156186,0.024488626667017205,0.0021278206995176225,0.7591160815519903,0.17788625171019787
4.871,27.135452271999384,0.2692837590838016,0.11888536553338677,6.170650187739543,0.02449514706991166,0.0020510990903965013,0.7622479917763405,0.17788625170896064
4.915,27.335342197999125,0.27523255898922544,0.12392609203124205,6.170622901252569,0.024502036416272948,0.0019667522525769667,0.7656902257633189,0.17788625170896616
4.959,27.53567837900482,0.28129745623057195,0.12917968954511724,6.1705969482519825,0.0245079806106405,0.0018908921706678639,0.7687853011428797,0.1793709578341442
5.005,27.73534755300352,0.287348360927602,0.13445450345972515,6.170571598003085,0.024513683893480492,0.0018151127598918014,0.7718763432116503,0.1793709578341442
5.054,27.93598085600388,0.2940558164101145,0.14042879389990645,6.1705455691015905,0.024518925454922295,0.0017425003581392213,0.7748375415536142,0.18064107525687306
5.1,28.135605814000883,0.30020958232138273,0.14594297173072646,6.170522227100671,0.0245235394483816,0.0016759762717984998,0.7775499044375902,0.1806410752568675
5.144,28.335356535004394,0.3060875005523047,0.15130399147585938,6.170501463678905,0.02452722688486851,0.0016208083425111406,0.779798862181869,0.18172652056804364
5.187,28.535370196004806,0.3116849313857659,0.15643871854159505,6.170482172017308,0.024530573231887218,0.0015690696310401186,0.7819077235296599,0.18172652056788957
5.231,28.73556504300359,0.3176739839074569,0.16199682374370344,6.170462575746061,0.024533724671654978,0.001518724592902372,0.7839595046468345,0.1826533178297146
5.277,28.935384042000805,0.32366200340235723,0.16762417936904647,6.1704441327259865,0.024536433852138495,0.0014744136047968673,0.7857651002998158,0.18265331783336305
5.32,29.136103135999292,0.3295147594776601,0.1731781056986073,6.1704269848889695,0.024538767958987063,0.001435439450177093,0.7873531124542175,0.18265331783420824
5.366,29.335368741005368,0.3354894778768972,0.17889465701929086,6.17041024386541,0.02454088013813605,0.0013993181643825055,0.7888247542764261,0.18343643436325163
5.409,29.535373953003727,0.3411914243406768,0.18437074548707155,6.170394601338076,0.024542816837773224,0.0013654024933879964,0.7902064216769917,0.1834364343632447
5.46,29.73531849400024,0.34794283548664573,0.190909574857363,6.170376973447054,0.024544808251466023,0.0013297336673305934,0.7916593973810678,0.18403031839614864
5.503,29.935530116003065,0.35362822814487177,0.19643101786999817,6.170362374064334,0.02454644582614693,0.0012996999636064035,0.7928827352214292,0.1840303183961542
5.547,30.135426256005303,0.35943783814338737,0.20211727811536817,6.170348175609428,0.02454788453093487,0.0012728241793847417,0.7939773786982612,0.18454229500442926
5.59,30.335501453002507,0.36510923881018015,0.20768036835921733,6.1703345118059,0.02454926164678202,0.0012465749851091022,0.7950464412681957,0.1845422950044237
5.633,30.535783883002296,0.3709062598664874,0.21339866156441598,6.1703210663164265,0.024550518511371026,0.0012221965622390765,0.7960392594086521,0.18498956459543078
5.681,30.73572632500145,0.377091674989537,0.21952049973288537,6.170307052476363,0.024551783865284445,0.0011971876695576142,0.7970577038734281,0.18498956459537258
5.724,30.935364727003616,0.38274527337390585,0.22514192409483605,6.170294665943192,0.02455282902588836,0.0011761830817058102,0.7979130399219311,0.18548852017871847
5.7620000000000005,31.13545598800556,0.3877367126035613,0.2301260238689384,6.170284073250886,0.024553658026828667,0.0011592979350668717,0.7986006024305949,0.18548852017865322
5.806,31.335337141004857,0.3935120096400115,0.23590275219591753,6.170271978453344,0.024554594640171724,0.0011399160517638015,0.7993898039927517,0.18548852017861858
5.848,31.535394140999415,0.39902073395313,0.24143262609711053,6.170260764115953,0.024555407873723442,0.001122845164966276,0.8000848822100453,0.18571132273406957
5.884,31.735309120005695,0.4037400511370326,0.2461757209739352,6.1702512488408905,0.02455609683544787,0.0011081543457365675,0.8006830336959097,0.18571132273408897
5.924,31.93543445099931,0.4089886628232989,0.25146140075451,6.17024084330716,0.024556818127413213,0.0010922218808382485,0.8013317224407653,0.18600075277962758
5.971,32.13539815200056,0.41516440141874145,0.257688662482556,6.170228734409833,0.024557629244618084,0.0010734487765498165,0.802096039476083,0.18600075277966643
6.015,32.33538678300101,0.4210717543502629,0.2636605137384032,6.170217399394138,0.024558356716280257,0.001056256839280297,0.8027959593865778,0.18600075277954708
6.062,32.535491244001605,0.4271033686788634,0.26978011949036484,6.170206186352771,0.024559013012086708,0.0010404118507385126,0.8034410246755814,0.18627743976412092
6.107,32.73529798100208,0.4329996950518089,0.2757722922091804,6.170195384490199,0.024559632465335254,0.0010251815134530097,0.8040610499179676,0.18627743976404043
6.153,32.93544588700024,0.43901999276577874,0.28191439852668443,6.170184745299285,0.02456016974374912,0.0010116788300129852,0.804610730614817,0.1865332150278287
6.2,33.13562072700006,0.4451676768470187,0.2881933971943796,6.17017399321819,0.0245607102687694,0.0009978776721572447,0.8051725489597193,0.18653321502770936
6.243,33.33530162399984,0.4507863474470932,0.29395266216795973,6.17016450119746,0.024561124598141193,0.0009870636084385927,0.8056127593273155,0.1867515424816113
6.279,33.53551561700442,0.45548826427276917,0.29877652750470246,6.170156627389942,0.02456146545839693,0.0009780607868610065,0.8059792334150152,0.18675154248158632
6.319,33.735350840004685,0.46070953392734515,0.30414265475427343,6.170148037186991,0.024561814338584485,0.000968711484608586,0.8063598055550371,0.18675154248154469
6.368,33.93533513700095,0.46723166697000806,0.3108595814996377,6.170137531606809,0.024562204926914924,0.0009580613980411745,0.8067933208937402,0.18693717222805217
6.409,34.135354357000324,0.47244690130162753,0.3162367548987556,6.170129231131096,0.02456250477213459,0.0009497848450314684,0.8071302153314845,0.18693717222795225
6.454,34.33534194299864,0.47831010910897953,0.3222954235601171,6.17012011707884,0.02456279512427817,0.0009416206426332729,0.8074625326795495,0.18709514658286075
6.502,34.53531428900169,0.4845619474366194,0.3287602980078973,6.170110473348096,0.02456310160554201,0.0009329341851997919,0.8078161029552348,0.18709514658274695
6.546,34.735305435002374,0.49028899333264797,0.3346957739577394,6.170101854793619,0.024563336743282923,0.0009261347583455019,0.8080928612613839,0.18722961385922998
6.589,34.93541855600051,0.4958842908504576,0.34049787226424677,6.170093485400377,0.024563565637120068,0.0009194886506598248,0.8083633760462196,0.187229613859205
6.633,35.13533744600136,0.5016069300284406,0.3464411684972029,6.1700850739948585,0.024563771771444066,0.0009134217052683757,0.8086103148131654,0.18734406647657187
6.673,35.33572582100169,0.506937692084613,0.3519821216849307,6.170077313692269,0.024563954150030376,0.0009080243659861479,0.8088299970434794,0.18734406647645807
6.709,35.53556472300261,0.5114871217749593,0.35671413672797186,6.170070742580318,0.0245641041233643,0.000903572671661349,0.8090111882323318,0.18734406647641644
6.757,35.735289358002774,0.5177238506822007,0.3632096852587412,6.170061872593411,0.024564283626234973,0.0008981907698261878,0.8092302391266685,0.18744148322361043
6.802,35.93560584700026,0.5235694601875097,0.3693006000392725,6.17005360256414,0.024564452164349337,0.0008931606542814824,0.8094349704699594,0.187441483223319
6.8420000000000005,36.13562970500061,0.5287634716945252,0.37471968753105966,6.170046369978346,0.024564580204643697,0.0008893185709206705,0.8095913474903496,0.1875244127180209
6.889,36.33539878100419,0.5348647711027827,0.38108458248324417,6.17003786618592,0.02456477235345961,0.0008844248097629628,0.8097904464951561,0.18752441271888132
6.937,36.53535887400358,0.541093436204761,0.38758755546831486,6.1700292737140305,0.024564981488480356,0.0008797572435337479,0.8099804247995303,0.1875953194892116
6.975,36.73538356499921,0.5460234215408406,0.39273762045677785,6.170022520786701,0.024565142371760454,0.0008762167924439431,0.8101245256049013,0.1875953194893365
7.022,36.93534689100488,0.5521196039554463,0.39911070930350917,6.170014247710825,0.02456533012736099,0.0008721714986464023,0.8102891723808215,0.18766440966203335
7.074,37.135379406005086,0.558862605153587,0.4061660303596612,6.170005194598168,0.02456552202700421,0.0008681531689285665,0.8104527203856352,0.18766440966203335
7.125,37.33531944100105,0.5654744227817765,0.4130889562732919,6.169996396280831,0.02456569872799796,0.0008645351227423862,0.8105999754172931,0.18772289758086091
7.176,37.535305448000145,0.5720848254413144,0.4200152961240062,6.169987679018799,0.02456586198958799,0.0008612814764953659,0.8107323987788595,0.18772289758086091
7.227,37.73531754600117,0.5786939181583837,0.426944475172648,6.169979031514746,0.024566013835403366,0.000858320991130696,0.8108528900623463,0.18777108769791329
7.274,37.93584213899885,0.5849131837354662,0.4334685343873365,6.169970951992598,0.024566146025468822,0.0008557973282713608,0.810955602870528,0.18777108769791884
7.324,38.13550999700237,0.5912609650377841,0.4401309952177183,6.16996276350874,0.02456626930623871,0.0008534923661213698,0.8110494154867927,0.1878215756748347
7.375,38.335423081000044,0.5978655266902965,0.4470678321892831,6.169954328123356,0.024566351594630387,0.0008515401723525514,0.8111288742979981,0.18782157567596158
7.418,38.53538769100123,0.6034326243701276,0.4529172629394498,6.16994725854258,0.024566390300643344,0.0008500686657121828,0.8111887620787557,0.18782157567594493
7.461,38.7354144580022,0.6089993905510863,0.4587678936900586,6.169940214204178,0.02456642328272618,0.0008487039887027602,0.8112443026033231,0.1878420300164385
7.496,38.93535008600156,0.6135302396387069,0.46353026307814077,6.169934488204988,0.024566448796798774,0.0008475931579796707,0.8112895122994243,0.1878420300164163
7.534,39.135574498002825,0.6184492184509804,0.46870230430338394,6.169928299150175,0.02456647007779591,0.000846538271307271,0.8113324455122767,0.18786482436498053
7.579,39.33544309500576,0.624274044104049,0.4748275817002813,6.169920982588829,0.024566492905106856,0.0008453161353114285,0.8113821859306797,0.18786482436489726
7.624,39.5352827300012,0.6300985718044535,0.4809539056106383,6.1699136878718805,0.024566511205196834,0.0008441861591024802,0.8114281756705097,0.18788477180055052
7.6690000000000005,39.735336605001066,0.635922835176634,0.4870812108702427,6.169906413277375,0.024566525332257443,0.0008431443428738366,0.8114705775795039,0.18788477180043395
7.712,39.93532742100069,0.6414880012654404,0.49293673242158237,6.169899474533082,0.024566536667022455,0.0008421864405052198,0.8115095642320991,0.18788477180037289
7.758,40.13543567900342,0.6474412013894985,0.49920197053211385,6.169892074610327,0.024566544044576057,0.0008412788887654554,0.8115465018996137,0.18790180700015702
7.802,40.33539091700368,0.6531353504350849,0.505195036671973,6.169885003354244,0.024566550503977845,0.0008404136525461405,0.8115817172157034,0.1879018070001015
7.844,40.5354266180002,0.6585704926332587,0.5109168539278098,6.169878275099344,0.024566552308421134,0.0008397074180738306,0.8116104613996181,0.1879163147123719
7.885,40.7353671230012,0.6640054705220033,0.5166388272193982,6.169871551697335,0.024566554034521123,0.000839001135929789,0.8116392074270408,0.18791631471225534
7.933,40.93536779600254,0.6700872820861961,0.5230428234053589,6.169864044123377,0.024566553374769574,0.0008382902156929816,0.8116681423032822,0.18792867084778675
7.981,41.135345615002734,0.6762983113583827,0.5295835628330866,6.169856387229274,0.024566551783455216,0.0008376021748860658,0.811696145966181,0.1879286708477257
8.031,41.33549258900166,0.6827679443459498,0.5363975376227698,6.169848425327491,0.024566548646940013,0.0008369489011890177,0.8117227345825044,0.1879391962109067
8.064,41.535315646004165,0.6870378078828803,0.5408950813853293,6.169843176924975,0.024566546144939624,0.0008365456518058616,0.8117391470659402,0.18793919621086785
8.105,41.735433667003235,0.6923426871507621,0.5464830957691296,6.169836660098359,0.02456654350257139,0.0008360518290437347,0.8117592456473192,0.18793919621076793
8.155,41.935515535005834,0.6988119126277061,0.5532985527103507,6.169828727690257,0.024566538777963578,0.0008355309393900377,0.8117804459047373,0.18794816300146122
8.204,42.135568691002845,0.7051516137120968,0.559977872216469,6.169820958565043,0.024566535593211796,0.0008350251234534278,0.8118010326475237,0.18794816300141126
8.254,42.33536727000319,0.7116205679047639,0.5667942346556173,6.169813044493998,0.024566531803976017,0.0008345819113166904,0.8118190718416847,0.18795580244883592
8.304,42.53584840200347,0.7180894045888072,0.5736107651370332,6.169805134880294,0.024566530567850253,0.0008341442838880232,0.8118368842373204,0.18795580244875265
8.321,42.60759181100002,0.7204181854686953,0.5760649911810413,6.169802293418095,0.02456653601514811,0.0008340126605473488,0.8118422118647949,0.18796230353079202
8.337,42.669399753001926,0.7223588445992122,0.5781102702480655,6.169799928791035,0.024566548260646245,0.0008339110496575387,0.8118463412454497,0.18796230353079202
8.386,42.86938008500147,0.7286982658294046,0.5847915777229841,6.169792206369971,0.024566590108461017,0.0008335811026830369,0.8118597650288786,0.18796230353081977
8.433,43.06943008600501,0.734778841633898,0.5912004934469085,6.169784805592685,0.02456663117405073,0.0008332948356908831,0.8118714102040379,0.18796758689790805
8.483,43.27008347900119,0.7413768261565495,0.598155046304145,6.1697767792737,0.024566676901439804,0.0008329996682646022,0.8118834191374174,0.18796758689774706
8.53,43.46926035800425,0.7473278708450738,0.6044280154708368,6.169769544628204,0.02456671849267036,0.0008327550232471764,0.8118933736196529,0.18797174081374157
8.578,43.66967172900331,0.7536669558524428,0.6111102593620347,6.169761841654495,0.024566763037134044,0.0008325079379646534,0.8119034283672913,0.18797174081363055
8.628,43.86927274000482,0.7600059678436427,0.6177927024719629,6.16975414268176,0.024566807295135787,0.0008322783247347243,0.8119127729026312,0.1879753498748915
8.678,44.06931105500553,0.7664742801740135,0.6246116938558769,6.169746290010766,0.02456685184971104,0.0008320585639594328,0.8119217171803482,0.18797534987481934
8.721,44.269376614000066,0.7721663404013261,0.6306125463119239,6.16973938243629,0.024566890220120072,0.0008318770311992848,0.8119291060847915,0.18797849826682755
8.765,44.46932007199939,0.7778583533768227,0.6366135402475888,6.16973247756838,0.024566927436825405,0.0008317084633415032,0.8119359677573769,0.18797849826683866
8.801,44.66935203400499,0.7823860616115555,0.641387086316077,6.169726985735738,0.024566956330872063,0.0008315744018967698,0.8119414250958275,0.18797849826667212
8.831,44.86957829200401,0.786266929389951,0.6454788311438971,6.169722280878367,0.02456697996741432,0.0008314741492647154,0.8119455065240729,0.18798124099121405
8.873,45.06944493899937,0.7917001198036434,0.6512073020642118,6.169715694693948,0.024567011815015166,0.0008313335207386292,0.8119512322697469,0.18798124099120295
8.913,45.26933621900389,0.7968745810598109,0.6566630674875497,6.169709424483994,0.02456703573233072,0.0008312025356852383,0.8119565695461527,0.1879812409914916
8.948,45.46950889800064,0.8014023284299384,0.6614370111908133,6.169703945355633,0.02456702923969483,0.0008310878507473726,0.8119612362968923,0.18798363163249898
8.982,45.66930323500128,0.8058006905389143,0.6660745770031969,6.169698623284762,0.024567021600077926,0.0008309764402378708,0.811965770432873,0.18798363163235465
9.02,45.86929593900277,0.8107164686697064,0.6712578173330437,6.169692676772068,0.024567011414291084,0.0008308603912198403,0.8119704938587219,0.18798363163233245
9.061,46.07005375200242,0.8161496548925615,0.6769867486030884,6.169686106069135,0.024566998381785506,0.0008307414785663331,0.8119753343238669,0.1879858506771248
9.101,46.26946417699946,0.821194731909199,0.6823064942756553,6.1696800050830785,0.024566985094104835,0.0008306310349907892,0.8119798303127698,0.18798585067695828
9.138,46.46934603399859,0.8259810410714633,0.6873535515626236,6.169674219311164,0.024566971066762415,0.0008305415440758111,0.8119834738603677,0.18798790857770808
9.175,46.66928878900217,0.8307673321214163,0.692400626373703,6.16966843369677,0.024566956295166514,0.0008304520300622582,0.8119871187834417,0.18798790857761372
9.207,46.86961107599927,0.8350361668897586,0.6969021022997459,6.169663274004662,0.024566942512453824,0.0008303746424190921,0.8119902699583423,0.18798790857745273
9.243,47.069576400004735,0.8395636883678403,0.7016764720524472,6.169657802983889,0.02456692712383873,0.0008303023010623417,0.8119932157901879,0.18798967042690795
9.285,47.26947834499879,0.8449966958480922,0.7074057333264248,6.169651237764518,0.024566908199790755,0.0008302154436964218,0.8119967526285476,0.1879896704268358
9.327,47.46971479100466,0.8504296707062744,0.7131350642350552,6.169644673588127,0.02456688867703402,0.0008301363906919068,0.8119999717446426,0.1879911732236006
9.376,47.669324542999675,0.8567681100587642,0.7198193410775691,6.169637016001232,0.02456686552353707,0.0008300497351058555,0.812003500452265,0.18799117322351733
9.422,47.86934032400313,0.8628221422171725,0.7261905092915644,6.1696294861244905,0.02456665433304276,0.0008355466293482664,0.8117797989850094,0.1860845477273998
9.471,48.069264394005586,0.8690158858219154,0.7325992396671054,6.169619996702265,0.024565993731139175,0.0008540294485906556,0.8110275876084084,0.18608454772596206
9.518,48.27006809100567,0.8752333938683058,0.738992811905871,6.169609821926297,0.024565346010739494,0.0008717695308432106,0.8103055854928402,0.18608454772578442
9.567,48.46990112500498,0.8815849382775335,0.7455259195581599,6.169599454677344,0.024564719475333,0.0008885744335976716,0.809621627890641,0.18629241508599792
9.615,48.66930827499891,0.8876814810864904,0.7517924561155283,6.169589433037983,0.024564126824059975,0.0009041986215592842,0.8089857097517269,0.18629241508600902
9.669,48.86928943100065,0.8946906947841795,0.7589990826264554,6.169577942300192,0.02456348655072104,0.0009207762105692973,0.80831097153322,0.18647019786797725
9.715,49.06930186200043,0.9006654241889496,0.7651395649176462,6.169568105562406,0.02456295731014597,0.0009342779840723653,0.8077614115007382,0.18647019786802166
9.762,49.269430865002505,0.9067732659596224,0.7714227921774556,6.169558145846178,0.024562468757771592,0.0009465625222105326,0.807261387099071,0.18669657573199272
9.808,49.46930034200341,0.9127542620304707,0.7775716280152468,6.169548328739557,0.024561996754089006,0.0009583216935604624,0.8067827379158858,0.18669657573223142
9.861,49.66931454700534,0.9196495591262549,0.7846677816900328,6.1695371303726825,0.02456151678957698,0.0009701546976650603,0.8063010764578561,0.18689302371698857
9.911,49.869301099999575,0.9261695546906272,0.7913646889731215,6.16952633719717,0.02456106661152323,0.0009821950425869801,0.8058108773735374,0.18689302371563965
9.963000000000001,50.069375835002575,0.9329551517300148,0.7983379500017184,6.16951516393918,0.024560660856281575,0.0009934142234465846,0.8053541919117769,0.18705987478052633
10.011,50.26957016400411,0.9392211858728122,0.8047745961554253,6.169504801941226,0.024560298316542023,0.0010034097151246828,0.8049473081464732,0.18705987478052633
10.063,50.46942095200211,0.9460101913935602,0.8117554968288841,6.169493689335463,0.02455996508654858,0.0010127159932752283,0.8045684735816366,0.18721970109357722
10.106,50.669481634002295,0.9517565837143623,0.8176617130488429,6.169484240400964,0.02455968869277426,0.001020404177486944,0.8042555018379641,0.18721970109358832
10.154,50.86935876699863,0.9578950528442652,0.8239776561234534,6.169474256187014,0.02455944451254451,0.0010273362827889346,0.803973305515458,0.18735663500714095
10.199,51.06934431200352,0.9637739839898115,0.8300232526770921,6.169464639699361,0.024559208751510228,0.0010339695031515404,0.80370327283442,0.18735663500721866
10.24,51.2694110520024,0.9691304325335137,0.8355372259706786,6.1694559698786895,0.024559034771596495,0.0010389979518656213,0.803498567166742,0.18746930760663583
10.282,51.46934410800168,0.9746186233313255,0.8411849655570868,6.169447056224394,0.024558856953538225,0.0010440923809573682,0.8032911738837262,0.18746930760681346
10.328,51.669368751005095,0.9806301059548466,0.8473733329132889,6.169437326808539,0.024558684171181577,0.0010490937904469794,0.8030875661771562,0.18756191984548032
10.374,51.869318900004146,0.9866423550394429,0.8535636175199578,6.169427614469891,0.02455852480953371,0.0010536667049594922,0.802901409576593,0.1875619198448364
10.421,52.0692568700033,0.9927867537236087,0.8598947886137396,6.169417776300172,0.02455834812257043,0.0010574792467131498,0.8027461952879258,0.187638038710769
10.469,52.26931158300431,0.9990621385927632,0.8663624829431871,6.169407753273539,0.024558182594686315,0.0010609529020035977,0.8026047775760932,0.1876380387107912
10.519,52.46941185600008,1.0057303806054334,0.8732348310467654,6.169397098162574,0.024558012924238367,0.001064430450582623,0.8024632011544944,0.18763803871084672
10.567,52.66961902700132,1.0120066521244682,0.8797043124479365,6.169387086626872,0.024557865409806336,0.001067365756813632,0.8023437002736903,0.18769407870197208
10.611,52.86946380500012,1.0176296516558363,0.8854998476063536,6.169378107316806,0.024557735484498577,0.0010699040679167029,0.8022403614045092,0.1876940787020609
10.661,53.069389746000525,1.0241681521263741,0.892240434048253,6.169367689028508,0.024557597857317807,0.0010725061583904578,0.8021344260292153,0.18773960970031034
10.711,53.26931279100245,1.0307072386352865,0.8989808346604172,6.1693572560013,0.024557462054846196,0.0010750305146151552,0.802031655016334,0.18773960970038805
10.757,53.46937324800092,1.0367233035787187,0.9051833031095118,6.169347676025061,0.024557348497135853,0.0010770675723248185,0.8019487228417327,0.1877783842709868
10.798,53.669322141999146,1.0420858816821919,0.9107111708576814,6.169339121839467,0.024557246618056822,0.0010788830602521636,0.8018748109078292,0.1877783842709757
10.84,53.86945457100228,1.0475792331882265,0.9163751499380787,6.169330379668913,0.02455715310081222,0.0010804853885844413,0.8018095771289784,0.18781140176101774
10.884,54.06952795400139,1.0534653372663172,0.922443444467859,6.169321001312715,0.024557053554868143,0.0010821808193583957,0.8017405527932442,0.18781140176123978
10.929,54.26947162600118,1.0592207769585642,0.9283775265936424,6.1693118384616765,0.0245569630826844,0.0010836813067161236,0.8016794648960046,0.1878394884782919
10.978,54.469311899003515,1.065630486788987,0.9349861920440069,6.169301633188522,0.024556866944974276,0.0010852521647569267,0.8016155119525483,0.1878394884782697
11.025,54.66948821800179,1.0717787257441658,0.9413256892840531,6.169291850185671,0.02455678166783183,0.0010866124883273211,0.801560130191095,0.1878699952878482
11.076,54.869302311002684,1.0784503377752195,0.9482053500792563,6.169281241790325,0.024556696697552022,0.0010879363285328056,0.8015062337293517,0.1878699952878371
11.125,55.06954163300543,1.0848605598809167,0.9548152950654315,6.169271045328493,0.024556618964576418,0.0010891449809038824,0.8014570264840615,0.18788316126111537
11.179,55.2692950060009,1.0919251287961238,0.9620998437160057,6.169259805002921,0.024556538098072202,0.0010904043308248284,0.8014057549606739,0.18788316126118199
11.228,55.469268031003594,1.0984665080418234,0.9688452633379011,6.169249402099122,0.024556470465844246,0.0010914478008068444,0.8013632726010756,0.18790483757262777
11.282,55.66931045200181,1.10540046316002,0.9759957702340742,6.169238378544172,0.024556405734289338,0.0010924500681047163,0.8013224683458499,0.1879048375728054
11.331,55.86930176400347,1.1118109348993641,0.9826066019931734,6.169228192647401,0.024556364955427536,0.0010932938401977494,0.8012880855486338,0.18791444602637153
11.381,56.06929865699931,1.1183516357963974,0.9893521513829328,6.169217814088407,0.024556361108041345,0.001094051377214013,0.8012572360031796,0.18791444602611618
11.43,56.2693466990022,1.1247617005710968,0.995963070730562,6.16920764396799,0.02455636224224889,0.0010947334461976572,0.8012294602146487,0.18792619716779813
11.483,56.469297226998606,1.131695218503583,1.0031138184474047,6.169196642335784,0.024556367386694044,0.001095426280981192,0.8012012478790994,0.18792619716803127
11.533,56.66927924500487,1.1382364362600303,1.0098600561247553,6.169186263897413,0.024556375973367725,0.0010960257675754464,0.8011768379408502,0.1879357643845614
11.579,56.86949036599981,1.1442544873016947,1.0160666788602772,6.169176714150674,0.02455638585385563,0.0010965493234640516,0.8011555207012955,0.1879357643845725
11.62,57.0696084730007,1.1496185036236133,1.0215987803503688,6.169168201918935,0.024556396212362278,0.0010969880894927501,0.801137656368125,0.1879357643846391
11.664,57.269311387004564,1.1553751018392309,1.0275358403410624,6.169159067425199,0.02455640891993766,0.0010974242985204421,0.8011198966970102,0.1879440698031476
11.706,57.469532022005296,1.161000967669611,1.0333379282866453,6.169150137582625,0.024556421452150468,0.001097842988225366,0.8011028507392433,0.1879440698032364
11.752,57.669378532002156,1.1670194216906082,1.0395451102815203,6.169140587463315,0.024556436573568603,0.0010982402267758788,0.8010866786421091,0.18795130676683147
11.8,57.869280470004014,1.173299654570986,1.0460220653546892,6.169130617883714,0.02455645139660738,0.0010986548557213197,0.8010697989535484,0.1879513067669092
11.849,58.06935801900545,1.1795799720834228,1.052499339014186,6.169120651389026,0.02455646726549942,0.0010990160530537957,0.8010550950988626,0.18795760873282497
11.901,58.26931636199879,1.18638375258714,1.0595162630930262,6.169109849907206,0.024556482329920123,0.0010994089325238117,0.8010391021840219,0.18795760873289158
11.951,58.46930168100516,1.1929258923135775,1.0662634489217926,6.169099468261908,0.024556483306962185,0.0010997502954588686,0.8010252099909789,0.18796309822903812
12.003,58.66930611400312,1.1997297254194839,1.07328010613073,6.169088672314388,0.024556448298546373,0.0011001317767010605,0.8010096779965001,0.18796309823126967
12.054,58.869308952998836,1.2064028186980715,1.0801621300508533,6.169078086449319,0.024556413397506634,0.001100457662182285,0.8009964105803427,0.1879680223463187
12.107,59.069286222998926,1.2133376991926708,1.087313991050436,6.16906708218086,0.024556375019666846,0.001100790622120868,0.8009828557491183,0.18796802234647414
12.154,59.269305282999994,1.2194875777240342,1.093656458552419,6.16905732561521,0.02455634108591321,0.0011010465842688452,0.8009724362552775,0.1879727391037811
12.2,59.46952517099999,1.2255066718568504,1.0998639185433063,6.169047773751425,0.024556306655875427,0.0011012970618357125,0.8009622405720055,0.1879727391038033
12.25,59.66932416300551,1.2320492353426142,1.106611419874814,6.169037393435832,0.024556269936307103,0.0011015296891533704,0.8009527717169345,0.18797678267860052
12.303,59.8693006770045,1.2389844223226452,1.1137637229218165,6.169026387217777,0.024556230236435786,0.0011017739726526484,0.8009428282571947,0.18797678267876705
12.354,60.06929087499884,1.2456579691632272,1.1206463453688853,6.16901579765851,0.02455619303093119,0.0011019752952249533,0.8009346336978023,0.1879802184154178
12.405,60.26935220500309,1.2523315724454023,1.127528932854136,6.169005205463999,0.024556155761039786,0.0011021742138939577,0.8009265368493452,0.1879802184154289
12.456,60.46929994400125,1.2590052294628438,1.1344116966880833,6.168994614118514,0.02455611988122933,0.001102345634729105,0.8009195594248485,0.18798314093836366
12.506,60.66930734700145,1.2655480770880392,1.1411594856055016,6.168984228276762,0.024556085316205695,0.0011025104599188072,0.8009128503424456,0.18798314093844137
12.556000000000001,60.86929336700268,1.2720909678565968,1.1479074701374348,6.168973843847808,0.024556052799893636,0.0011026466847465232,0.8009073055818916,0.1879863171225571
12.606,61.06932929300092,1.2786338959142591,1.1546554343463182,6.16896345744278,0.024556021431476033,0.001102780934439724,0.800901841092853,0.18798631712272362
12.655,61.26931890100241,1.2850459998665134,1.161268546743674,6.168953278988204,0.024555992755854735,0.0011028954979667405,0.8008971779804926,0.1879882427983426
12.707,61.469320499003516,1.2918507152119274,1.1682865222608472,6.168942475478706,0.02455596408048741,0.0011030156480916382,0.8008922871434874,0.1879882427983426
12.756,61.669280015004915,1.298393742312989,1.1750346298656678,6.1689320869622035,0.02455593888051508,0.0011031209443659112,0.8008880010370056,0.18798939971497175
12.807,61.869929694003076,1.305067660052401,1.1819176880066236,6.168921489172801,0.024555915507213786,0.0011032262609642794,0.8008837144079475,0.18798939971512718
12.86,62.06929939800466,1.3118724698959454,1.1889357923609811,6.168910683754336,0.024555895213678236,0.0011033202938293177,0.8008798882123729,0.18799091185210948
12.909,62.26977769500081,1.318415669116445,1.1956839783772009,6.1689002983910335,0.024555912691894624,0.0011034164641198785,0.8008759503253073,0.18799091185206507
12.961,62.46931822600163,1.3250897847003809,1.2025672028227978,6.168889708731418,0.024555952165340268,0.0011035057850486167,0.8008723053758972,0.18799224554503224
13.009,62.66930961199978,1.33137132591852,1.2090455250361025,6.168879740977944,0.02455599145423358,0.001103587694411496,0.8008689647451678,0.18799224554510996
13.061,62.86931350800296,1.3381763365927557,1.2160637726196837,6.168868942874781,0.02455603613979493,0.0011036639547356366,0.8008658559895275,0.18799352376540623
13.109,63.069539831005386,1.3445887682468824,1.2226771173079278,6.168858766721286,0.024556079224370128,0.0011037336909552914,0.800863014748405,0.18799352376553946
13.161,63.26932749700063,1.3512629378564502,1.2295604489772465,6.168848175330147,0.024556124835779028,0.001103795895713676,0.8008604813668959,0.18799462926665234
13.212,63.46948445599992,1.3579371225382002,1.2364437793226453,6.1688375829607764,0.024556170255208922,0.0011038559270555358,0.8008580374948158,0.18799462926665234
13.265,63.669264517004194,1.3648730461506429,1.2435970881732668,6.168826575098024,0.024556216891194603,0.0011039097213439832,0.8008558484593391,0.1879955477760875
13.316,63.869283355001244,1.371547248708935,1.2504804642755127,6.1688159818093,0.024556260320511884,0.0011039589901736728,0.8008538444493107,0.18799554777615413
13.368,64.06930158700561,1.3783523237336346,1.257498841667313,6.168805180694788,0.02455630231267896,0.0011040027914959397,0.800852064771722,0.18799631037627051
13.416,64.26931682000577,1.384633944775085,1.263977379870209,6.168795216958378,0.024556305117712923,0.0011040382468593766,0.8008506264288016,0.18799631037504927
13.468,64.46945974600385,1.3914390392329197,1.2709958354014808,6.168784426560898,0.024556287118536753,0.0011040702815952872,0.8008493231759912,0.1879969436073603
13.517,64.66932687300141,1.3979824054001295,1.2777443533925412,6.168774050485607,0.024556267243843893,0.0011040994261070165,0.8008481380827522,0.1879969436073825
13.57,64.86925200599944,1.404787508913199,1.2847628265304378,6.168763258783918,0.02455624436711155,0.0011041264152634805,0.8008470412128224,0.18799742151276444
13.62,65.06929248799861,1.4113308817320724,1.29151136408778,6.168752881341827,0.02455622052091855,0.0011041504534848726,0.8008460646926899,0.18799742151276444
13.671,65.26929053500498,1.418005123010015,1.2983948869150408,6.168742295669132,0.024556194702458276,0.0011041718234517908,0.8008451970435873,0.18799790830592578
13.722,65.46931609100284,1.4246793686498873,1.305278410283056,6.168731708963814,0.024556167587297034,0.0011041922471175343,0.8008443680336634,0.18799811755583207
13.774000000000001,65.66929805800464,1.4314844851517254,1.3122969080588085,6.168720913640885,0.024556138951159046,0.0011042117154195044,0.8008435780157782,0.18799811755582096
13.825,65.86931919400377,1.4381587369319082,1.3191804382927748,6.168710324890577,0.024556110222798164,0.0011042294505597544,0.8008428584982613,0.18799838422363102
13.876,66.06940142700478,1.4449638583972841,1.32619894490448,6.168699527498756,0.02455608062140047,0.0011042459821914172,0.8008421879682888,0.1879983842234867
13.926,66.26924366800085,1.4513763786148175,1.3328125413610759,6.168689352073627,0.024556052741593455,0.0011042603166324784,0.8008416066530609,0.18799861756977343
13.976,66.46935928099992,1.4579197679952258,1.3395611131075467,6.168678968052851,0.024556024611922227,0.0011042737244552443,0.8008410629877852,0.18799861756971792
14.027,66.66931129500153,1.4645940266931445,1.346444659387487,6.168668375387168,0.024555996558274232,0.0011042863009780334,0.8008405530629014,0.18799881427109533
14.075,66.86935177800478,1.471006550811966,1.3530582657615398,6.168658197246733,0.024555970505163557,0.0011042973696147515,0.8008401042970071,0.18799881427083998
14.127,67.06941927200387,1.4776808117618352,1.359941817798129,6.168647602799299,0.02455594461961743,0.0011043079540044606,0.8008396750662068,0.18799897959843603
14.18,67.2692750280039,1.4846168094072993,1.367095315610001,6.168636592009946,0.024555919359230922,0.001104318023066592,0.8008392665661892,0.18799897959793643
14.23,67.46929413700127,1.4911602041721754,1.373843900884795,6.168626203737454,0.024555897371344636,0.0011043266655214217,0.8008389161194754,0.18799911843219164
14.283,67.66929873000481,1.4980962028712148,1.380997402291727,6.16861519149043,0.02455587642130741,0.0011043351253447837,0.8008385736330043,0.18799911843442318
14.333,67.86927916599961,1.5046395942237392,1.3877459888922108,6.168604804236428,0.024555867299238202,0.0011043412853434292,0.800838296836981,0.18799923502980098
14.384,68.06981711700064,1.5114447172000285,1.3947645152711796,6.168594010610494,0.024555897843490396,0.0011043472593234205,0.8008380466881893,0.18799923502976768
14.431000000000001,68.26947817200562,1.5174646352434034,1.4009732139662534,6.168584462002984,0.0245559269915925,0.001104352086357406,0.8008378436904918,0.18799932735322766
14.48,68.46954941200238,1.524008026267133,1.4077218001821208,6.168574082559521,0.02455596047231322,0.0011043571857695046,0.8008376313438078,0.18799932735303893
14.527,68.66931698500412,1.530027947615229,1.4139305006411578,6.168564532951187,0.024555992518391516,0.0011043616609757382,0.800837446399888,0.18799939979751157
14.579,68.86929580700235,1.536833077818574,1.4209490321882265,6.168553737091748,0.024556029712073903,0.0011043665621582918,0.8008372451639009,0.18799939979748936
14.626,69.06931343099859,1.5429838700741074,1.4272927056166926,6.168543978683805,0.024556063817114643,0.001104370818554467,0.8008370713321032,0.18799946550429603
14.676,69.26988455900573,1.5496581354677856,1.4341762666086828,6.168533389101995,0.024556100916979393,0.0011043752851666792,0.8008368897186982,0.18799946550430713
14.723,69.46981070000038,1.5558089303487095,1.4405199407676916,6.168523629455362,0.02455613481522433,0.00110437926846251,0.8008367283669501,0.18799952602484016
14.772,69.66929612400418,1.562090594349029,1.4469985872946822,6.168513661557711,0.024556168775771842,0.0011043831745857252,0.800836570663436,0.1879995260245404
14.821,69.86941653700342,1.5685031275146084,1.45361220561132,6.168503485380602,0.024556202371266187,0.0011043870658201135,0.8008364140384651,0.18799958212126766
14.872,70.0692776979995,1.5751773977988763,1.4604957683877617,6.168492893245057,0.02455623574796077,0.0011043909115387182,0.8008362598311346,0.18799958212109003
14.918,70.26933986200311,1.5811973287157721,1.4667044725819909,6.168483339103172,0.024556263937253835,0.0011043942742236285,0.8008361258252835,0.18799958212184498
14.966,70.46978238400334,1.5874789953522246,1.4731831219836897,6.16847337404899,0.024556272572529868,0.0011043976150726192,0.8008359948041551,0.1879996340602097
15.014,70.6693269440002,1.593760661503621,1.4796617711739353,6.168463414616895,0.02455625563482541,0.0011044008198496387,0.8008358645091456,0.1879996340601986
15.065,70.86930086900247,1.600434932848636,1.4865453388928849,6.168452832199424,0.024556235062050385,0.0011044038351283982,0.8008357427872741,0.18799968122182875
15.116,71.06930180800555,1.6071092051773141,1.4934289077152247,6.168442249093554,0.024556212276878934,0.0011044066741014826,0.8008356287637923,0.18799968122215072
15.166,71.2692426690046,1.6136526102566515,1.5001775072062682,6.1684318727643115,0.024556188185883437,0.0011044091065249885,0.800835531855498,0.18799972407715915
15.215,71.46931664400472,1.6200651479664114,1.5067911355988894,6.168421703160275,0.02455616322478445,0.0011044113497684902,0.8008354431354534,0.18799972407713694
15.262,71.66943254299986,1.6262159499993365,1.5131348220230865,6.168411947867,0.0245561383178617,0.001104413206086967,0.8008353699109519,0.18799975903480703
15.313,71.8693613150026,1.6330121788743095,1.5201391981402983,6.168401086796552,0.024556021741386817,0.0011063765992398804,0.8007554359217632,0.18799975903476263
15.363,72.06931524000538,1.6394202290480921,1.5266659086319743,6.168389579876252,0.02455550081267927,0.0011172892137410126,0.800311124233633,0.18688448453390016
15.411,72.26936971500254,1.6457057522476342,1.5330539754029255,6.168378066292133,0.024554997248138276,0.0011277250139096696,0.7998862177228747,0.18688448453401119
15.459,72.46925156100042,1.6519939278967708,1.539447456836129,6.168366591282033,0.02455453388224261,0.0011371976218665448,0.7995005221844902,0.18701096949558238
15.508,72.66938297500019,1.6584156652784559,1.5459728387096963,6.168354808057144,0.02455406418450073,0.001146722585445626,0.7991126876620855,0.18701096949556018
15.554,72.86949965000531,1.6645776328619744,1.5522364345719197,6.168343536098843,0.024553649439481712,0.0011550364572127394,0.7987741606278318,0.18711304373824067
15.603,73.06973776400264,1.6708729357957384,1.5586316719790905,6.1683319559008725,0.024553226607685903,0.0011634681390380187,0.7984308305640255,0.18711304373826287
15.65,73.26945422100107,1.677039141152913,1.5649041898014748,6.168320749767813,0.02455288291309206,0.001170213038382266,0.7981561812526259,0.18728011149131696
15.699,73.46928519400535,1.6834695740672085,1.571441834773761,6.168309003012531,0.024552524078096483,0.0011772436531442324,0.7978698936545067,0.18728011149129475
15.745,73.66932626000198,1.689508001153962,1.577585090311912,6.168298039335318,0.024552230471195913,0.0011829399106698024,0.7976379381964807,0.1873830651866193
15.793,73.86925379500462,1.6958104830831553,1.5839943240635666,6.168286552165309,0.0245519266234427,0.0011888401163350076,0.7973976754608689,0.18738306518677472
15.844,74.06932760400377,1.7025086497899378,1.5908069149954154,6.168274358953263,0.02455162992992129,0.0011945891974483138,0.7971635646711046,0.18744471750611336
15.896,74.26995619000081,1.709473817558638,1.5978864936050814,6.168261607647053,0.02455132864822429,0.0012007392013752742,0.7969130327346488,0.18744471750760106
15.946,74.46933816000092,1.7159193434904214,1.6044371138209956,6.168249801868484,0.024551105552756868,0.0012061163965442659,0.7966940704605543,0.18752531180894483
15.997,74.66929242799961,1.7226293656904497,1.6112541637090763,6.168237472310969,0.024550878334462883,0.0012116356906378084,0.7964693165645722,0.18752531180894483
16.043,74.86085662100231,1.728681878814644,1.6174068840568339,6.168226410180189,0.02455071131242974,0.0012158580560920741,0.7962973730677206,0.18760417566248133
16.082,75.00582447500346,1.7338141009845653,1.6226229435462003,6.168217011167868,0.024550572958809126,0.0012193765489387387,0.79615409081316,0.18760417566248133
16.134,75.2059128059991,1.7406575691070558,1.629580172265044,6.168204509717491,0.024550414172759806,0.0012235491485405876,0.7959841698414066,0.18767307641640585
16.186,75.40595365500485,1.7475017990277835,1.6365383693292617,6.16819200932033,0.024550269732994023,0.001227422969246223,0.7958264145002831,0.18767307641636144
16.235,75.60590582100122,1.7539516166765976,1.6430972458962405,6.168180255678879,0.024550154816555265,0.0012306306510869783,0.7956957856835436,0.18772992712516867
16.287,75.8059091239993,1.7607969710660998,1.6500582830585335,6.168167779509797,0.024550041932907413,0.001233823988080335,0.7955657403708831,0.18772992712516867
16.336,76.00591573700513,1.7672477561542133,1.6566195379465298,6.168156045576648,0.024549952517494412,0.0012364578146112574,0.7954584803773227,0.187776772046222
16.389,76.2058939960043,1.7742257120547855,1.6637168539657015,6.16814334993996,0.024549861216669095,0.0012391375479760898,0.7953493522319405,0.18777677204591114
16.438,76.4059967830035,1.7806775907275803,1.6702819157153794,6.168131664398863,0.024549761816247254,0.0012411082993205886,0.7952690977412449,0.1878153650120007
16.489,76.60594994300482,1.7873933105258017,1.6771158502664882,6.168119509861066,0.024549649934045948,0.0012429821234096051,0.7951927857701455,0.1878153650120229
16.538,76.80624405800336,1.7939774756976463,1.6838167723388282,6.168107606764808,0.024549548926145113,0.0012445938963891719,0.795127146240206,0.18784514991472268
16.591,77.0059015730003,1.80082533871619,1.6907857713709835,6.168095221322121,0.02454944517956618,0.001246196063415839,0.7950618982077597,0.18784514991498913
16.642,77.20588726799906,1.8075416359649221,1.6976215527305958,6.1680830839945235,0.02454935086585548,0.001247579995383544,0.7950055380689305,0.18786811253326263
16.695,77.40591475100518,1.814521638051831,1.704725323613305,6.16807046251613,0.024549253464945683,0.0012489705974913412,0.7949489064153524,0.18786811253341806
16.741,77.60628306500439,1.8207115176015747,1.7110256131898718,6.168059279521198,0.02454917394613914,0.0012500444720722412,0.7949051735878023,0.18788763022055122
16.794,77.80598983100208,1.8275601682930667,1.7179960051454588,6.168046898529357,0.02454908625262914,0.0012512066950741325,0.7948578428306136,0.18788763022055122
16.844,78.00610982099897,1.834277185945511,1.7248329982971422,6.168034763838989,0.024549006953033487,0.0012522007286632562,0.7948173616651127,0.18790427875494675
16.897,78.20597106000059,1.8411261505963175,1.7318039299634629,6.168022383767728,0.024548926928240778,0.0012531904930530918,0.7947770542828013,0.18790427875492455
16.946,78.40595984100219,1.847580022723787,1.738373277861585,6.16801072576672,0.024548857970587798,0.001253996132710321,0.7947442453763857,0.18791845695034226
16.999,78.60590682500333,1.854560960848945,1.7454787432159498,6.16799810847054,0.024548784333573416,0.0012548552135331493,0.7947092599789076,0.18791845695038667
17.049,78.80589021600463,1.8611467811257019,1.7521825501332018,6.167986212615649,0.024548721394282495,0.0012555503158796916,0.7946809525728744,0.18793052662426923
17.101,79.00593634500547,1.8679962252694176,1.759154345236254,6.167973833779395,0.024548657192947337,0.0012562681057983495,0.7946517210606834,0.18793052662424703
17.154,79.20597861900023,1.8749774109659103,1.7662607242642554,6.167961223878863,0.024548598693896136,0.0012568912537078989,0.7946263437204749,0.18794080109929556
17.204,79.40656124100497,1.8815635908277188,1.772964726460814,6.167949321972968,0.024548545374219168,0.0012574737735789124,0.7946026207050394,0.18794080109936218
17.258,79.6059743950027,1.8886766782404139,1.780205454946095,6.167936473508151,0.024548494477583754,0.0012580135932552098,0.7945806370092524,0.1879495474270243
17.306,79.80597460300487,1.8949995268156954,1.786641568834725,6.167925048736714,0.02454845205226636,0.0012584845864178828,0.7945614566009315,0.18794954742713532
17.359,80.00593685000058,1.901980693219621,1.7937483115562964,6.167912449444611,0.024548440076403343,0.0012589070286885772,0.7945442192367155,0.18795698656886017
17.409,80.20622027300124,1.9086982990224972,1.8005867743420834,6.167900330441108,0.02454845137265622,0.0012592839470471177,0.7945288608519077,0.18795698656777216
17.462,80.40588916800334,1.91567943108794,1.8076936792503941,6.1678877383289805,0.024548467913949434,0.0012596285481910928,0.7945148209795432,0.18796311803463972
17.514,80.60589156800415,1.9223972155725382,1.8145323918918503,6.167875618993934,0.024548486121754337,0.001259949360028828,0.794501752068175,0.18796311803477295
17.565,80.80595760900178,1.9291150754595887,1.821371271082932,6.167863500346393,0.024548507165663393,0.0012602383726953842,0.7944899796650384,0.1879678773397675
17.618,81.00591835199884,1.93609646258787,1.8284783546287782,6.167850904451516,0.024548530438887155,0.0012605264646250928,0.7944782458087241,0.1879678773397231
17.669,81.2058576269992,1.9428144685269966,1.8353173701308727,6.167838783945678,0.024548554401955337,0.0012607785682592606,0.794467978528181,0.187972005147774
17.719,81.40591565200157,1.949400813526989,1.8420223097175612,6.167826899594862,0.024548578308576888,0.0012610143972633227,0.7944583746780839,0.1879720051477518
17.77,81.60582479300501,1.9561189422157534,1.8488614482033083,6.167814777458762,0.0245486031509557,0.001261234301486325,0.7944494199414437,0.18797560928218715
17.821,81.80594987999939,1.9628371284597717,1.8557006129289286,6.167802654016865,0.02454862751532964,0.0012614432436662997,0.7944409120889466,0.1879787521993137
17.872,82.00619025099877,1.9696870952293764,1.8626739592411314,6.1677902925637405,0.024548651717426873,0.0012616389036005941,0.7944329456575441,0.1879787521993359
17.923000000000002,82.20608115199866,1.9762736493040685,1.8693791273827818,6.1677784055588685,0.02454867354247021,0.0012618168566380973,0.794425700830563,0.1879814928043455
17.974,82.40593967200402,1.9829919630277122,1.876218410702341,6.167766282148405,0.024548685569952225,0.0012619889314340815,0.7944186983975551,0.18798149280412346
18.019,82.60596592200454,1.9889198789966125,1.8822529391414606,6.167755590934788,0.024548661764537266,0.001262146174828047,0.7944122944496848,0.1879814928062551
18.062,82.80591860000277,1.9945843678513349,1.8880193347576641,6.1677453749657545,0.024548637556323815,0.0012622840938015492,0.7944066781821698,0.187983891969834
18.113,83.0058964100026,2.001302757761839,1.8948585537538212,6.167733257065746,0.02454860690833186,0.0012624420513882193,0.7944002464418578,0.187983891969834
18.165,83.20592123200186,2.008152925448349,1.9018319865642648,6.167720901790202,0.024548574552283715,0.0012625845788157431,0.7943944436744305,0.1879862282099909
18.215,83.40590677699947,2.0147396639521498,1.9085372204843316,6.167709020356726,0.024548542163818413,0.0012627159185822684,0.7943890971737837,0.1879862282100131
18.266,83.60589425600483,2.0214581735340458,1.915376648215984,6.167696901194557,0.024548508667900124,0.0012628349687678754,0.7943842511271861,0.18798826182959694
18.314,83.80590722700435,2.027781507371119,1.9218137644223972,6.167685493621387,0.024548476549989873,0.0012629424828424591,0.794379874601696,0.1879882618298634
18.362,84.00601012100378,2.034236605869626,1.9283850622405492,6.167673848188873,0.024548443873259277,0.0012630398890935196,0.7943759096483552,0.18798999065139377
18.413,84.20591041399894,2.0408234681625737,1.9350904712219679,6.167661963684236,0.024548410477880034,0.0012631357075815859,0.7943720092514049,0.1879899906515936
18.465,84.40589796700078,2.0476738320208963,1.942064166726412,6.1676496034009345,0.024548376432430585,0.0012632237323929256,0.7943684262009671,0.18799146112857823
18.516,84.60590077400411,2.0543924825040767,1.9489037600094035,6.167637479449775,0.02454834366253943,0.0012633062649659208,0.7943650666369443,0.18799146112857823
18.568,84.80593480400421,2.0612428941670364,1.9558775166901734,6.1676251171829986,0.02454831150077006,0.0012633812180334692,0.7943620156490214,0.18799271246827676
18.62,85.0058941380048,2.06809332715008,1.9628512858790244,6.167612753696956,0.02454828067277342,0.0012634520895040944,0.794359130740843,0.18799271246825455
18.674,85.20589667700551,2.0752072588436663,1.970093317162958,6.167599913919202,0.024548250578440556,0.0012635183786246095,0.7943564323883682,0.18799377734475264
18.725,85.40592302400182,2.0819259900568152,1.9769330315152065,6.167587786496777,0.024548224136745025,0.0012635766149534085,0.7943540616412907,0.1879946836130797
18.777,85.60595243600255,2.088776476953216,1.983906883027012,6.167575420535899,0.02454819949234415,0.00126363099171975,0.7943518480666087,0.18799468361343497
18.828,85.80589514299936,2.095495238532155,1.9907466412339356,6.167563291657755,0.02454817788514259,0.0012636801642392607,0.7943498467836101,0.18799545511611893
18.881,86.00589787000354,2.1024774957508403,1.997854643059988,6.167550686570946,0.024548159013374534,0.0012637275474476854,0.794347919936165,0.18799545511722915
18.933,86.20595797100395,2.1093280790497864,2.004828560927535,6.1675383270354285,0.024548188471130047,0.0012637741893213217,0.7943459923439812,0.18799611219755263
18.983,86.40593934800563,2.115915196916218,2.011534262250546,6.167526443936408,0.024548228561362524,0.0012638173713465258,0.7943442266295667,0.18799611219657564
19.034,86.60600352700567,2.12276580664601,2.0185082120220628,6.167514085104883,0.02454827268618272,0.0012638576892662348,0.7943425796584175,0.18799673037728226
19.086,86.80591828600154,2.1294846822005793,2.025348053413892,6.167501963234373,0.02454831757236062,0.0012638949399732292,0.7943410597077453,0.1879967303774821
19.139,87.00590904400451,2.13646704868114,2.032456145540179,6.16748936552603,0.024548365330658645,0.001263929096883913,0.7943396672093599,0.18799727765264063
19.192,87.20590252500551,2.1434494229896135,2.039564240804715,6.167476766973973,0.024548413396204973,0.0012639615385670485,0.7943383457666491,0.18799727765264063
19.243,87.4058880060038,2.1501683151863054,2.046404127572766,6.167464643411208,0.02454845945182699,0.0012639885119329467,0.7943372479183772,0.18799773618809468
19.296,87.60592836399883,2.1571507003393293,2.053512243847867,6.167452043539605,0.024548506284448015,0.0012640157020915978,0.7943361420256668,0.18799773618809468
19.346,87.80593064600544,2.1637378586110287,2.060218033875066,6.16744015650253,0.024548549044574635,0.0012640375542907738,0.7943352541599914,0.18799811922249887
19.398,88.00603337400389,2.170720252538468,2.067326169324346,6.167427555550849,0.02454859156065117,0.0012640602784319388,0.7943343327457149,0.18799811922249887
19.448,88.20584259900352,2.177307420273057,2.0740319934856517,6.167415675566809,0.024548590221595706,0.0012640768232232704,0.7943336645787397,0.18799843977967967
19.499,88.40593294300197,2.1840263364578125,2.0808719375162283,6.167403560163462,0.024548571984931423,0.0012640928553738703,0.7943330126456446,0.18799843977967967
19.547,88.60592525000538,2.1902182785307502,2.0871754273637118,6.167392394599104,0.024548552957016752,0.0012641052426163838,0.7943325095615797,0.18799869326362462
19.596,88.80590063200361,2.196673710889471,2.093747148574704,6.167380753113128,0.024548531052323606,0.0012641180633825792,0.7943319892479178,0.18799869326395768
19.644,89.00628600900382,2.203129143574055,2.100318878154306,6.167369110979109,0.02454850741874341,0.0012641291249184208,0.7943315408526198,0.18799888627101247
19.696,89.20592941599898,2.2098480660789654,2.1071588405396295,6.167356992698778,0.024548481211222252,0.0012641403824115705,0.7943310847535076,0.18799888627099026
19.742,89.40594096800487,2.215908270896796,2.1133282250597785,6.1673460617713465,0.024548456489077147,0.001264149132555802,0.7943307306362947,0.18799904841346748
19.793,89.60589251100464,2.222758939420155,2.1203023111020873,6.1673337040466265,0.024548427543425965,0.0012641587797767315,0.7943303403226526,0.18799904841346748
19.84,89.80591860099958,2.2288191464027904,2.1264717001688807,6.167322771417117,0.02454840136924292,0.0012641661716049208,0.7943300415578319,0.1879991847826057
19.887,90.00592487700487,2.2350110984031617,2.1327752061850536,6.167311600232073,0.024548374295054003,0.0012641734725680222,0.7943297464957654,0.1879991847826279
19.924,90.20600173099956,2.239885613799048,2.1377375440350024,6.167302805336867,0.024548352943477358,0.0012641784993662698,0.7943295435128164,0.18799932994875146
19.963,90.40599997700338,2.2450236166605895,2.1429681183227154,6.167293534491456,0.0245483305439222,0.0012641833247125222,0.794329348761106,0.18799932994872925
19.997,90.60611792599957,2.249634645619189,2.1476622227072384,6.167285213976332,0.024548310635210537,0.0012641876263131872,0.7943291750892716,0.18799932994870705
20.029,90.80599093400087,2.253718699796439,2.1518198596765985,6.1672778440176845,0.02454829326203111,0.0012641910633436274,0.7943290363955262,0.18799939110265562
20.067,91.00602881100349,2.258724960242134,2.156916317452694,6.167268809374476,0.024548272391149553,0.0012641951969972276,0.7943288695409221,0.18799939110236696
20.107,91.20601750400238,2.2639947085605785,2.162281009540611,6.167259298652638,0.024548251067981006,0.001264199415052643,0.7943286992333006,0.1879993911020561
20.146,91.4061295010033,2.2692644565618036,2.1676457041682684,6.1672497874320715,0.02454823057928248,0.0012642030628188543,0.7943285520001901,0.18799946781189458
20.183,91.6059167820058,2.2740072301937935,2.172473928589714,6.167241226872857,0.024548212949829257,0.0012642063143221932,0.7943284205628027,0.18799946781125065
20.219,91.80592792799871,2.2787500037617368,2.1773021538005546,6.167232665937713,0.024548196215252102,0.0012642092995812247,0.7943282999728242,0.18799946781127286
20.269,92.00607236900396,2.285337189021062,2.1840080230405,6.16722077518371,0.024548174688567195,0.0012642130702884607,0.7943281479535342,0.18799953364434518
20.319,92.20598588400026,2.29205611664021,2.1908480089967846,6.167208646102465,0.024548155416104875,0.0012642165598271665,0.7943280078294799,0.1879995336459661
20.37,92.4059028690026,2.2986432973945092,2.1975538754456623,6.167196762167202,0.024548169173250287,0.0012642184901049587,0.7943278980217328,0.18799958802120376
20.422,92.60593766999955,2.305493966424728,2.204527975633587,6.167184406004133,0.02454820037140107,0.0012642209987481002,0.7943277891314906,0.18799962970381667
20.473,92.80593930000032,2.3123446366209226,2.2115020766618056,6.167172049296332,0.024548233884155286,0.0012642233746101013,0.7943276865829156,0.18799962970383888
20.524,93.00589306700567,2.3189318207321414,2.2182079431350292,6.167160167250261,0.024548267777456716,0.001264225667861904,0.7943275896678887,0.18799966243636668
20.573,93.20591433200025,2.325387262230605,2.2247796925399013,6.167148522233396,0.024548302121167435,0.0012642278902670991,0.7943274971707248,0.18799966243636668
20.62,93.40591979700548,2.3315792172845833,2.231083207135701,6.167137351920256,0.02454833571925586,0.001264230034974988,0.7943274089594998,0.18799966243636668
20.67,93.60588949800149,2.338166404435739,2.237789073931465,6.167125467950531,0.02454837176344738,0.0012642322762223587,0.7943273176276623,0.18799969332845556
20.718,93.80601116800244,2.3444901049683575,2.244226705627715,6.16711405868562,0.024548406271498416,0.001264234457458316,0.7943272294029169,0.18799969332845556
20.764,94.00591843900474,2.350550318666245,2.2503961028347175,6.167103124219675,0.024548438914272042,0.0012642364965956912,0.7943271474281515,0.187999723413812
20.814,94.20591803800198,2.3571375082453176,2.2571019687757055,6.167091238279025,0.024548473536844483,0.0012642387522569967,0.7943270571785155,0.1879997234133679
20.866,94.40598076700553,2.363988186148373,2.264076069805561,6.167078876228555,0.02454850816812617,0.0012642409986257368,0.7943269678171262,0.1879997530400468
20.91,94.60592000900215,2.369784914149309,2.269977231707522,6.167068415522078,0.024548535999730427,0.0012642429332915988,0.7943268912135543,0.1879997530400468
20.954,94.80591812200146,2.3755816425198177,2.2758783951499977,6.167057954488804,0.0245485619307926,0.001264244702274899,0.794326822239917,0.187999782061965
20.991,95.00657284499903,2.380587907400018,2.2809748547311623,6.167048924033532,0.024548566171072195,0.0012642462692371895,0.794326762188016,0.18799978206185397
21.034,95.20606005800073,2.3862528908297387,2.286741902792097,6.167038709904735,0.02454855061576373,0.0012642477695099551,0.7943267014625651,0.18799980946979655
21.079,95.40593068900489,2.3920496185589784,2.2926430689758766,6.167028257841325,0.02454853265083094,0.0012642492276771146,0.7943266430452001,0.18799980946979655
21.123,95.60591226900578,2.3978129484678696,2.2984969049647974,6.167017648151357,0.02454838430033016,0.0012667501830023753,0.7942247922942046,0.1853638612658859
21.167,95.80592191400501,2.4035487308703956,2.3042880264933077,6.167006522274786,0.024548072744337568,0.001272375252210171,0.7939956927826909,0.18536386126606352
21.212,96.00614405699889,2.4094019244505485,2.3101956883379953,6.166995135375871,0.024547756947972774,0.0012780247347224925,0.793765602571701,0.18536386126610793
21.26,96.20593620200088,2.4157240291073543,2.316576055856028,6.166982826225164,0.02454742873627895,0.001283829720494237,0.7935291702626767,0.18341665875167834
21.311,96.40592041700438,2.4221767192688737,2.3230865572072283,6.1669702349961595,0.024547100833386494,0.0012895745125892266,0.793295186980128,0.18341665875223345
21.364,96.60601393300021,2.4290181584112314,2.3299923116719334,6.166956933488214,0.024546790841540815,0.0012949096394600287,0.793077887436154,0.1835041794415737
21.416,96.8059102910047,2.435731979314494,2.336768195521285,6.166943861939702,0.024546497281245888,0.0012999156896718333,0.7928739889687725,0.1835041794415515
21.468,97.0062388830047,2.442576270193025,2.3436777461168914,6.166930567794012,0.024546227426688667,0.001304445065868718,0.7926895042028317,0.1835789382023556
21.52,97.20590610300133,2.449163494562516,2.3503273573748715,6.166917765098706,0.024545980204037896,0.0013085607326587118,0.7925218684779255,0.1835789382023112
21.573,97.40592003100028,2.456010171731657,2.3572401050724467,6.166904477113883,0.024545745894730995,0.0013124133642842364,0.7923649454024974,0.18364175636871316
21.624,97.60626961000526,2.462728722932727,2.3640235132113006,6.166891437174056,0.024545530329750792,0.0013159333456299288,0.7922215703751421,0.18369505059916413
21.676,97.80588270500448,2.469318978397765,2.3706780152781897,6.166878655558534,0.0245453356418702,0.0013190883424512496,0.7920930610512971,0.18369505059916413
21.725,98.00591649499984,2.475780845147432,2.377203104329929,6.166866125806229,0.02454515825566122,0.0013219512932885814,0.7919764464545592,0.1837403789648695
21.779,98.20588798999961,2.482631222399043,2.3841209123982225,6.166852848502195,0.024544984916109375,0.001324742087125034,0.7918627702439485,0.18374037896518036
21.829,98.40590512800554,2.4890945639224107,2.3906482341197313,6.166840326456069,0.02454483502363106,0.0013271556743600535,0.7917644582751127,0.18377894782848347
21.88,98.60592041600466,2.4956878703940744,2.39730692802922,6.1668275539402595,0.024544693557500323,0.001329447728335212,0.7916710971963608,0.18377894782848347
21.93,98.80585509299999,2.5022829705923835,2.4039668663408413,6.166814772113547,0.02454457802753243,0.0013316561480568691,0.7915810854548886,0.183811776251952
21.981,99.00588628900005,2.5088803221926335,2.4106277456258844,6.166801970249822,0.024544497884256385,0.0013338833135369808,0.7914903657411614,0.18381177625419465
22.03,99.20592248400499,2.515089886997228,2.4168976478818607,6.166789929240656,0.024544435370930314,0.0013357788085860366,0.7914131558026736,0.18384158035931186
22.082,99.40594569500536,2.521817258320959,2.4236905044501076,6.166776885443514,0.024544376982283574,0.0013376898533350044,0.7913353124026546,0.18384158035931186
22.134,99.60590146599861,2.528544809963514,2.430484686885371,6.166763859276606,0.02454433422713949,0.001339333510002004,0.7912683606695035,0.183876492995938
22.186,99.805909581999,2.5352725947868016,2.4372795049752174,6.166750838489466,0.024544300355404735,0.0013408232407460235,0.7912076790456366,0.1838764929959602
22.238,100.00615652499982,2.542000628499977,2.4440747782447048,6.166737819840227,0.024544273207125433,0.0013421883766069499,0.7911520727357995,0.18389100688651627
22.288,100.20608921900566,2.548599573171912,2.450739367148361,6.166725045319596,0.02454424869819688,0.0013434770511566608,0.7910995811071554,0.18389100688651627
22.337,100.40598919100012,2.5549398612218273,2.4571433663661746,6.166712781329563,0.024544232672112698,0.0013445580000761336,0.7910555511524003,0.18390918920361266
22.389,100.60590030000458,2.56153916074889,2.4638088388730446,6.166700013422361,0.02454421725144295,0.0013456294750242561,0.7910119075505465,0.18390918920359045
22.439,100.80588773300406,2.5680091669504987,2.470344315354601,6.166687504853724,0.02454420723616411,0.0013465396217403425,0.7909748369713652,0.18392485590059682
22.489,101.00589487200341,2.5744794748799564,2.4768806032763955,6.166675010742956,0.024544164377188708,0.0013473310569785304,0.7909426027572958,0.18392485589939778
22.539,101.20589112000016,2.5809498646335878,2.483417621602071,6.166662529408756,0.024544111238657258,0.0013479940310518583,0.7909155977243898,0.18393770309212965
22.591,101.40592348000064,2.5876791963687253,2.4902161519759844,6.1666495463717075,0.024544055054887742,0.0013486509679026682,0.7908888390952773,0.1839377030924627
22.641,101.60600208899996,2.594149747237713,2.49675352386159,6.166637066518362,0.024544002964955635,0.00134920688097198,0.7908661958901221,0.18394703795523437
22.693,101.8058930210027,2.6008792400442755,2.5035523666979476,6.166624084055079,0.024543947910233295,0.0013497652779962481,0.7908434517937727,0.18394703795558964
22.743,102.00610778800183,2.607349935506758,2.51009000504615,6.166611604250151,0.024543897054202818,0.0013502355939446534,0.7908242957206738,0.18395485170779047
22.796,102.20598837199941,2.614208983758024,2.517019856308356,6.166598371916064,0.024543842532659624,0.0013507206088772842,0.7908045410884867,0.18395485170776826
22.847,102.40589136900235,2.620809219410101,2.523688482084928,6.166585642132493,0.024543792497598256,0.0013511250114079188,0.79078807012218,0.18396152413229228
22.899,102.60590673299885,2.627538970990463,2.5304877996303956,6.166572658848714,0.024543741189259425,0.001351530352627603,0.7907715609234939,0.18396152413233668
22.947,102.80590610800573,2.633751055234598,2.5367643402035958,6.16656067730601,0.02454369643376389,0.0013518514024879163,0.7907584850860411,0.183967210431768
22.999,103.00614592800412,2.6405881305119996,2.543187790697154,6.167844507621882,0.027915189209101157,-0.0017385039815592082,0.7915103638412062,0.18396721044262598
23.044,103.20590979000553,2.6462225298213005,2.548623078727726,6.1687399849928966,0.029820152643776385,-0.004708713482331446,0.7918251055957658,0.18395295949082957
23.098,103.40619235900522,2.653225181067336,2.5556008292209347,6.1693906035086545,0.030561474299957682,-0.008081762242555563,0.7918765350354543,0.1839529594924949
23.15,103.60590351000428,2.6596900990342274,2.5621899176221437,6.169537409197451,0.02986107932578399,-0.01050206837693494,0.7917405276856719,0.1837625499774065
23.203,103.8060740889996,2.6664088945452344,2.569065972417301,6.169556231040305,0.028760173682730806,-0.012751063103728543,0.7915865121596924,0.1837625499759854
23.255,104.00590410300356,2.672992068765501,2.575813307408,6.169563214064274,0.027558006045494517,-0.015100388442061321,0.7914402375716835,0.18378871698900845
23.303,104.20633811600419,2.6791739010661684,2.5821687014681123,6.169555846410242,0.02619170607764471,-0.01764374588762781,0.7912944943127825,0.18378871698847554
23.355,104.40626949800208,2.6857110542574363,2.5889072692074535,6.169550803236844,0.024517146388676067,-0.02077504848792806,0.7911501772518114,0.1838418554394483
23.405,104.6059765500031,2.6920898142481167,2.595334389984554,6.169535404223216,0.02495724028403416,-0.01994007600950607,0.7911085197176122,0.18384185543911524
23.457,104.80592323000019,2.698823234212919,2.602144395649804,6.16954118581054,0.025163207983986545,-0.019690703270542027,0.7910642804459243,0.18389041741373457
23.506,105.00589890000265,2.705096076652601,2.6085453952100113,6.169521965983894,0.024640916620893228,-0.020596841660302817,0.7909948981528047,0.18389041741369017
23.56,105.20589553800528,2.712061991786836,2.6156097197085555,6.169512574282013,0.024547148662817708,-0.020794783751771174,0.7909491645895355,0.18391265675401502
23.61,105.40595876600128,2.7185276015398516,2.6221479022222525,6.169504936746162,0.02454878364398466,-0.020824542775454313,0.7909118953390781,0.1839126567498628
23.661,105.60589049000555,2.725122822928126,2.6288170887536872,6.169497345641735,0.02454922338635755,-0.020858770679419155,0.7908801810494749,0.18393051592320298
23.703,105.80610691300535,2.7305543181711855,2.6343092416190528,6.169491069697575,0.024549453958943743,-0.020887068222675158,0.7908542734565507,0.18393051592320298
23.748,106.00596642100572,2.736373739215424,2.640194260161615,6.169484342101533,0.024549623893411865,-0.020917559481511288,0.7908310227041767,0.18394274869544258
23.795,106.20596841099905,2.742451937646965,2.6463406952300392,6.169477301988742,0.02454974236264444,-0.02094945585935143,0.7908067366240364,0.18394274869542038
23.839,106.4060033679998,2.748271493342003,2.652225948762223,6.169470561641489,0.02454982400016987,-0.020980100578905182,0.7907866410933859,0.1839521694568802
23.889,106.6059119019992,2.754608446639945,2.6586342929316724,6.169463216023711,0.024549888064922247,-0.021013506462792552,0.7907652848234951,0.183952169456858
23.933,106.80597978100559,2.760298795921561,2.664388955277912,6.169456621130605,0.02454993365955152,-0.021043569875790636,0.7907482627282272,0.1839600164682098
23.983,107.00593014100014,2.7667651741930746,2.670928378923321,6.169449124985455,0.02454997531287675,-0.02107776836778615,0.7907298320229061,0.18396001646825422
24.01,107.12343986400083,2.7702570458245286,2.6744596997643395,6.169445076810129,0.024549994724170448,-0.0210962526462576,0.7907203872770784,0.18396001646825422
24.018,107.15082463300496,2.7712916685568687,2.6755060587450297,6.169443878079247,0.024550000446009416,-0.021101737138680004,0.7907178918456286,0.18396001646825422
24.068,107.35084967100556,2.7777581052485845,2.682045617320185,6.169436383894772,0.024550068200266797,-0.021135945265256237,0.7907017703110085,0.18396664825011122
24.118,107.55078220800351,2.7842246224323155,2.6885848103880425,6.169428890022703,0.02455042129222722,-0.021169674814130356,0.7906849614694504,0.1839666482510438
24.169,107.75082563300384,2.7908205123349563,2.695255009106375,6.1694212493530936,0.02455078364542014,-0.021204125710137023,0.7906697019628429,0.18397230046220958
24.22,107.95106170900544,2.7975457979022145,2.7020560818792703,6.169413459445145,0.024551147387814595,-0.0212392915775634,0.7906552176647152,0.18397230046220958
24.273,108.15086233700276,2.804271114995432,2.708857362383855,6.169405672533714,0.024551500495029063,-0.021274521313057338,0.7906424508424144,0.1839777191328773
24.325,108.35080054900027,2.8109964771887386,2.715658747249095,6.169397886737154,0.024551837134915874,-0.021309807947390878,0.7906307612444422,0.18398225187727935
24.376,108.55132719600078,2.817721866821744,2.7224602785440575,6.169390102960707,0.024552153217992975,-0.021345162351236582,0.7906203277362693,0.18398225187725714
24.427,108.75089915500575,2.8241886164283936,2.7290003148064015,6.169382619804708,0.024552433845335415,-0.02137922095737063,0.7906112470958487,0.1839859525273102
24.48,108.950861713005,2.8310433943355986,2.7359328575890736,6.1693746889833845,0.024552702829108593,-0.021415394617775422,0.7906025520069537,0.183985952527288
24.532,109.15088383400143,2.8379958151707645,2.7426929368547825,6.169767642326149,0.029532148718854855,-0.015151032815388507,0.7914250720230017,0.18398897840159467
24.583,109.35081593000359,2.8452134516399847,2.749583852385564,6.1696629955720725,0.03564590571265275,-0.003253079796954006,0.7920580751532996,0.18398897838849404
24.633,109.55084516900388,2.8520765164382995,2.756288325518639,6.170081518898515,0.03848636637980319,0.0037939295643637113,0.7922418057120049,0.18380105777391353
24.686,109.75080021600297,2.8587554484984974,2.7631276962277873,6.169703073464684,0.03803701494890641,0.00045854596360861167,0.7920232815499136,0.18380105775148703
24.737000000000002,109.95078385100351,2.8651684668094872,2.7697340804930626,6.169749492097523,0.03658367251867219,-0.0025397874038425583,0.7918061529461398,0.18372142540390435
24.789,110.1508824190023,2.872032138844219,2.776601880516813,6.169691134164135,0.037891383495847065,0.0002522680191267863,0.7917855821091686,0.1837214253907815
24.838,110.3508305610012,2.878412367950657,2.783032979283829,6.169706674364438,0.03847708322993193,0.0012047376367228895,0.791719416526247,0.18377396716353633
24.889,110.55088179700397,2.88491327799254,2.78969369462347,6.169680774986925,0.03775402467790657,-1.8350261363666558e-05,0.7915709807646129,0.18377396715503203
24.939,110.75084217300173,2.891387060704564,2.796240730749012,6.169678018265372,0.037939627421291054,0.0002647616123709049,0.7914958053436326,0.18380931695567426
24.986,110.95113569599926,2.8974741409506906,2.8023996570670975,6.16967874400042,0.038169562282501526,0.0006053366238707903,0.7914296203197791,0.18380931695010094
25.033,111.15092463800102,2.9035242325199806,2.8085447582365366,6.169668694672073,0.037997950026740994,0.0002826368099993816,0.7913445675421525,0.18383036223907911
25.083,111.35089560300548,2.9099946223141218,2.8150761643386653,6.1696616613192266,0.03801888771069513,0.00028420501007654577,0.7912716701795792,0.18383036223146298
25.133,111.55095384000015,2.916594614734691,2.821738879998123,6.169654473117886,0.03804028925223135,0.0002856963114251883,0.7912045413492359,0.18385583668028005
25.186,111.750857224004,2.923324301902459,2.828532444270179,6.169647128801052,0.03806213719003829,0.00028716086520787275,0.7911401144858399,0.18385583668021344
25.238,111.95106194300024,2.9300541310725703,2.835326727071213,6.169639784702394,0.03808400546597636,0.00028848047816349743,0.7910828137332016,0.1838782400461092
25.285,112.15114375000121,2.936266508272868,2.841598470481701,6.16963299843872,0.03810420038395954,0.0002896480655044409,0.7910325869531952,0.1838782400461314
25.334,112.35085305100074,2.9424789810724965,2.8478707581858496,6.169626215888977,0.03812440379487762,0.00029069757166694737,0.790987666789406,0.18389694264817624
25.381,112.5509278630052,2.9485621958196933,2.8540124916076786,6.169619571522112,0.03814418980135404,0.00029167379042357387,0.7909460442854731,0.18389694264813183
25.428,112.75083749899932,2.9546455161460803,2.8601545614711106,6.169612928971518,0.038163979720738865,0.00029256617881360137,0.7909080841654198,0.18391271599300651
25.478,112.95088138899882,2.960844405253105,2.866504081497194,6.1708301765466365,0.034772350389164076,-0.0035383444460726737,0.7901833171079822,0.1839127160157661
25.52,113.1508732700022,2.9660802576208845,2.871823497811839,6.171688827773458,0.033078692974459735,-0.007238035965826848,0.7897695783278658,0.18391271601747583
25.569,113.35086072000558,2.972264169041862,2.8780296542056405,6.17231084455617,0.03283958015385612,-0.011342339400505727,0.7895150086514903,0.18398366212957207
25.613,113.55111885000224,2.977885564601699,2.883593884736815,6.172516026342394,0.03406744511502837,-0.014581100542732607,0.7894003479295657,0.18398366213232542
25.661,113.75093546300195,2.9840558319510877,2.8896433655439346,6.1725650518241695,0.0361386727898643,-0.017921935374729223,0.789350457507308,0.1838527325191741
25.709,113.95116335900093,2.9903493692752154,2.895809860783581,6.172634071849405,0.03828327578054229,-0.021508743982017946,0.7892913167863561,0.1838527325191519
25.754,114.15088475200173,2.996030346025244,2.9015730009872867,6.172684312270027,0.03791661348745939,-0.021358591746309073,0.7893635413606922,0.18381538633009953
25.798000000000002,114.35091270900011,3.0017156809396135,2.9073888337858587,6.172727576255477,0.036980453962291236,-0.02034188942810203,0.7894308941319916,0.18381538632676886
25.841,114.55111917500471,3.0072764501742038,2.9130919316020183,6.172758536208661,0.03589250147744727,-0.019019779593535905,0.7895062914954364,0.18380711118106685
25.889,114.75088095500541,3.0134934019934096,2.9194922202520175,6.172775119884439,0.034374677097380166,-0.01698115920532556,0.78960660156339,0.18380711118108906
25.938,114.95083589500427,3.019855898794171,2.9260758826282607,6.172765128315533,0.03239010779094672,-0.014084179617815808,0.7897293938659263,0.18382632410607336
25.986,115.15089568300027,3.0261133715211828,2.932593543545646,6.172694813741921,0.03004012780721689,-0.01023174025398968,0.7899190620330867,0.18382632410745003
26.035,115.35078334800346,3.0325181309658364,2.939313653513853,6.1726047117186615,0.027005611501871855,-0.0052529053002207966,0.7901218838552292,0.1838655357266017
26.084,115.55087579200335,3.038943570498922,2.9460844897514735,6.172534615400018,0.023552885298828867,0.0006406960039836119,0.7903263128724404,0.1838655357266017
26.12,115.7509113519991,3.043602037643952,2.95078173054609,6.172527498793908,0.023572827766058447,0.0005675379776942775,0.7903550868111576,0.1838655357550234
26.157,115.95093211300264,3.048356410685918,2.9555132843242027,6.172521879761614,0.024517285643502158,-0.0012035725505821688,0.7903337311869587,0.18393250746129297
26.194,116.15109415099869,3.053126862429128,2.9602842871910835,6.172539963880438,0.025166086072885313,-0.00225937468255267,0.7903286061464964,0.18393250746133738
26.233,116.35085564700421,3.0582965460740468,2.9654874583007698,6.1725463989718685,0.02542975029299875,-0.002685174228900524,0.7903300340387566,0.18397049180371994
26.274,116.55081268700451,3.0634774366474615,2.9707375968444367,6.172539410100316,0.02523932159265293,-0.002367709494421776,0.7903480370109983,0.18397049180371994
26.308,116.75085590300296,3.0678896503589863,2.9752369800373137,6.172523131595997,0.024722137767525326,-0.0015151905916612326,0.7903778185080153,0.18397049180371994
26.343,116.95097406000423,3.0724396436660704,2.9799032166056603,6.172497062537662,0.023856735075929232,-8.888998310920565e-05,0.7904212642256193,0.18397013436928233
26.373,117.15081427100085,3.0763261853376735,2.9838431687328835,6.172488474438178,0.023678774289673094,0.0001903694721020227,0.7904353682481343,0.18397013440529797
26.413,117.35080566200486,3.081498296550286,2.9890554767859574,6.172492007006009,0.02385564559110391,-9.56289486068944e-05,0.7904374888030352,0.18397013436897147
26.458,117.55089650100126,3.0873281711030063,2.994964430805112,6.172483358822058,0.023617771467008743,0.00029975416556239897,0.7904536153323704,0.1839816781627146
26.5,117.75096463900263,3.0927643258174755,3.0004542699313355,6.172481652167518,0.02363256159598661,0.00027691120371071363,0.7904590388899778,0.18398167816431332
26.544,117.95094809600414,3.0984601883711016,3.0062076683814003,6.172479198421394,0.02362793401274991,0.0002854930147802215,0.7904632749327427,0.1839878746921375
26.591,118.15091233400017,3.1045443155663905,3.0123531632382616,6.17247657370612,0.023624927447597383,0.0002910553106078746,0.7904676625001295,0.1839878746921375
26.634,118.35088660800102,3.1101105817684283,3.0179756604789523,6.172474172346394,0.023623290955037644,0.0002940852505633033,0.7904709706452141,0.183990520293964
26.681,118.5509667150036,3.116194593647723,3.0241211571211393,6.172471546774997,0.023622266471616294,0.00029597979307038636,0.7904743334552803,0.183990520293964
26.726,118.7508952979988,3.122019675217507,3.0300051591042263,6.172469032831668,0.023621755732742993,0.00029692485464466586,0.790477272871134,0.1839918904884552
26.776,118.95084143100394,3.1284919663506554,3.0365429720358694,6.172466219820541,0.023621518345391477,0.00029750690635552075,0.7904803158765742,0.18399189048818876
26.815,119.15104470200458,3.1335403424139283,3.0416424863728624,6.172464025183528,0.023621483075366455,0.0002976874209847512,0.7904826043246409,0.18399189048756703
26.852,119.35081192300277,3.1384592640093794,3.0466112839393995,6.172461888363455,0.023621525065279876,0.00029771665857685533,0.7904846605866139,0.1839929506795901
26.9,119.55110130300454,3.1445431867941696,3.0527569111632533,6.172459246387735,0.023621637743136175,0.0002976293514315003,0.7904872405554111,0.183992950679146
26.945,119.75075620500138,3.1503682064473706,3.0586410916963613,6.172456718907348,0.023621776839030727,0.0002974838713404698,0.7904894245432652,0.18399387852863214
26.991,119.9509731520011,3.156322666842874,3.0646560470344584,6.172454136551921,0.023621928229982162,0.00029730464635447724,0.7904916893613019,0.1839938785279216
27.035,120.1509498420055,3.162018215366909,3.0704094741754053,6.172451668515302,0.02362229161387287,0.0002968053299107481,0.7904938180081664,0.18399471284102908
27.082,120.35092944100325,3.1681085176140877,3.076548762470581,6.172411539876683,0.023803712904818673,0.00030389069419860666,0.7904942109780018,0.18399471286740798
27.128,120.55087795500003,3.174102611341807,3.082580522805904,6.17243847564033,0.024260614406670527,0.001169720023675035,0.7904342677047209,0.18364440613356514
27.173,120.75086930399993,3.1799670325267537,3.088479216865501,6.172444208358767,0.024889357732346108,0.002132740343370019,0.7903057458578392,0.18364440612721467
27.219,120.95079299400095,3.185961255313934,3.094511067494377,6.172453232594465,0.02551372860870047,0.0031130265777826434,0.7901838613749217,0.18364440612814725
27.263,121.15117678900424,3.1918166641804393,3.10040954516624,6.172465278203186,0.025993260536780347,0.003906482302766136,0.7900716910881626,0.18366962901343875
27.307,121.35095423900202,3.19752370934735,3.106172581512231,6.172477312762841,0.026247232375004537,0.004375481859670808,0.7899604652919838,0.18366962901406048
27.348,121.55088413500198,3.20269002940796,3.1114054452351514,6.172484940272154,0.026223191434460526,0.004412050395162174,0.7898645387130833,0.18371597210209423
27.391,121.75083471100515,3.2082111367808297,3.1170224603007752,6.1724852015549745,0.0258679142627245,0.003921507580948779,0.7897489412086223,0.1837159721024939
27.433,121.95092158800253,3.2135648318134753,3.1224975484950237,6.172471971358795,0.025126348072343554,0.0027792152874156714,0.7896305567834094,0.18375550787550488
27.478,122.15093155900104,3.2193757939293968,3.1284769672476855,6.172434428860556,0.02380589237598599,0.0006331290400016299,0.7894824989716196,0.1837555078760822
27.524,122.3510610250014,3.2252005400803347,3.134350262448565,6.172431542735174,0.023819250205195094,0.0006640121298938768,0.7893973969167853,0.18379914436890132
27.574,122.55123653900228,3.231797242343839,3.1410153245104193,6.172429622030984,0.023836826512376667,0.00069229754927059,0.7893101398686662,0.18379914436894573
27.624,122.75093553100305,3.238117233968324,3.147410632528232,6.1724211600373815,0.023645591909451875,0.00038131753753243354,0.7892269821557271,0.18383893161315612
27.674,122.9508287159988,3.2445912703101683,3.153932536560521,6.172417953173538,0.023620604654188353,0.00033775707609211834,0.789160432427764,0.18383893161195708
27.725,123.15123309300543,3.2512042079491503,3.16058025209528,6.1724145750284105,0.023621766356618057,0.0003412256878100384,0.7890870920910859,0.18386572816688762
27.776,123.35097510000196,3.2578174057042792,3.1672285099115425,6.172411203443225,0.023621817971462847,0.0003428989557536002,0.7890193408696133,0.18386572816693203
27.816,123.55078501900425,3.2630044336117776,3.172443114303725,6.172408559909025,0.02362183757758637,0.0003440948504648581,0.7889697234497797,0.18386572816693203
27.862000000000002,123.75094178200379,3.268969606884092,3.178440757676211,6.1724055318683355,0.023621835920430705,0.0003452700370593428,0.7889194157300164,0.18388943391789425
27.91,123.95095058299921,3.275194400577691,3.1846991532640825,6.172402367018413,0.023621802870839217,0.00034640461948975363,0.7888687200494179,0.18388943391784984
27.958,124.15081120400282,3.2814192484648674,3.19095858119163,6.172399217742601,0.023621738991860628,0.0003473029412395107,0.7888258400828217,0.18390966052033164
28.003,124.35113088000071,3.2872552751960145,3.1968266071208107,6.172396257849609,0.023621648590773755,0.00034809038693904315,0.7887859622894013,0.18390966052037605
28.043,124.55081149200123,3.292442846712536,3.202043506786717,6.1723936409784335,0.023621545738441843,0.000348604887663519,0.7887567673460922,0.18392616781444104
28.087,124.75084724200133,3.2981493493516303,3.2077819209128973,6.172390756162209,0.02362140638925704,0.00034913095802042857,0.7887246483835395,0.18392616781444104
28.123,124.95096064099926,3.3028183504427138,3.2124773500282724,6.172388400714852,0.02362127354600948,0.00034946195976037135,0.7887013034679322,0.18393963497271848
28.172,125.15080580599897,3.309173466622007,3.218868615958286,6.17238519704523,0.023621066145933525,0.00034981110912070856,0.7886720680949001,0.18393963497271848
28.22,125.35088415800419,3.315399001595179,3.2251296191911143,6.172382059013888,0.023620834654008015,0.00035006089138188385,0.7886454963514954,0.18393963497271848
28.272,125.55096705100004,3.322143399254918,3.2319127791277356,6.172378664304281,0.023620555003930555,0.0003502062396778348,0.7886201313935512,0.18395063627405506
28.321,125.75140425100108,3.328628499152388,3.238435204532733,6.172375400312007,0.023620258826002088,0.00035026126005170677,0.7885976082108581,0.18395962721995396
28.369,125.95081420100178,3.3347245426531535,3.244566571254512,6.172372335419661,0.023619958876903758,0.0003502236612772286,0.7885788613099978,0.18395962721990955
28.417,126.1509870910013,3.340950370917784,3.2508284719162144,6.172369204636246,0.023619633909448767,0.0003501311840706356,0.7885608756706596,0.18395962721990955
28.469,126.35096413200517,3.347695058443774,3.257612508008853,6.172365816704414,0.02361926651848122,0.000349949683613727,0.7885439112946661,0.18396697663698447
28.519,126.55081710500235,3.354180411225332,3.2641356936911876,6.172362558402321,0.023618913918204733,0.0003497527133826817,0.7885286662227791,0.18396697663698447
28.571,126.75085246700473,3.3609254278017926,3.2709200965849026,6.172359172817343,0.023620757606002296,0.00035268145954664643,0.7885149196264731,0.1839729856610628
28.621,126.95080522599892,3.3674287354062913,3.277425033153517,6.172245715170561,0.02416621491743992,0.0003496587484460512,0.7885007068154487,0.1839778958647731
28.673000000000002,127.15082503099984,3.374252508359398,3.2841033168256293,6.171651307403007,0.027098872276336356,0.000356457394442882,0.7883905632880869,0.18397789586752644
28.723,127.3508507850056,3.380838620885943,3.2904316481546196,6.170604234168401,0.03229712869029419,0.00038019578494877346,0.7880424654903191,0.18399078789261836
28.775,127.55102158500085,3.387805885041086,3.2970404039806422,6.168991942577803,0.04036362612920778,0.000517969820029654,0.7872536183786267,0.18399078789324008
28.825,127.75079573900439,3.394207933360469,3.3030546622206285,6.1670457725793115,0.05034558330577917,0.0010635837425960984,0.786015391038403,0.18385909263676226
28.876,127.95083088500542,3.401074456002601,3.3097385474201895,6.167118890363921,0.052536567106646934,0.004781161357260396,0.7862742637138589,0.18385909265874467
28.925,128.15088050800114,3.4074968704043154,3.316199956787584,6.167057913782611,0.0518839424134487,0.0034282985330317153,0.7863306356730521,0.18358556699200612
28.978,128.3510136200057,3.4140895683940102,3.3228923560120607,6.166991760867536,0.05029408615984033,0.0006834931678298585,0.7863935730142573,0.18358556699200612
29.028,128.55102378500305,3.420586720713414,3.329387540190846,6.166971789147678,0.05046411175061138,0.0008418663305190645,0.7865733819377951,0.1836465053532521
29.079,128.75102882400097,3.4272298899002855,3.3360002441341914,6.166953890880172,0.05064780523353228,0.0009925484761797898,0.786750864236368,0.18364650535329652
29.129,128.95086058100424,3.43369052087586,3.3424798008466783,6.166924175550205,0.05038055064580671,0.00040824320392915614,0.786873314082876,0.18369350881775048
29.177,129.15081231800286,3.4399135822074496,3.348720794115386,6.1669044227837775,0.0504508141714246,0.00038575324916949707,0.7870033823733056,0.1836935088238345
29.225,129.35081577000528,3.4461271672208116,3.3549731070947417,6.166885224756821,0.05053224325187352,0.00038262561327089993,0.7871203255003428,0.18374021484044434
29.276,129.55136594200303,3.45287437501311,3.3617562925580557,6.166825467973842,0.05062078336047843,0.0006559480310703411,0.7872428179585,0.18374021483791303
29.325,129.7508370450014,3.45913967000249,3.3680301794155176,6.166685769608032,0.05070327374871419,0.0015065286439979973,0.7873920840670092,0.18377920173584528
29.376,129.950878317999,3.4657964505534524,3.3746983053501856,6.1665365108972265,0.050790922552144784,0.0024166816786071435,0.7875426851560603,0.18377920173575646
29.426,130.15081060200464,3.4723214758637084,3.3812408410864583,6.166389444054342,0.05087678332172718,0.0033156248678066725,0.7876731100543649,0.18382445463420716
29.478,130.3507856580036,3.4791031061344553,3.3880599655176677,6.1662359229625405,0.05096580797218994,0.004258473767674867,0.787765776631533,0.18382445463411834
29.525,130.55091790300503,3.485217232365384,3.394230002487598,6.166160061301933,0.05076157863056919,0.005062493330704181,0.7878516434558738,0.18386557716545404
29.574,130.75079719000496,3.491591116603986,3.4006567551672107,6.166127393525761,0.05036054351001157,0.005855390033068488,0.7879473933645477,0.18386557716545404
29.621,130.95088238100288,3.497701897711813,3.40683449965231,6.166093930242932,0.04990089150816538,0.006739751611855426,0.7880365791669892,0.18390664584448935
29.671,131.15087092600152,3.5042133334973378,3.413469115495201,6.166043052017341,0.048851410863167154,0.008602649804578148,0.7881655316454295,0.18390664584448935
29.709,131.35091694100265,3.509172403515103,3.418556646456521,6.165992571268497,0.047619987592687846,0.010732286374996416,0.7882950611319566,0.18390664584444494
29.752,131.55084940000233,3.5147959557932893,3.4243614684149826,6.1659230450180615,0.045767677768627134,0.013897747184614468,0.7884672957937578,0.18392967991482934
29.8,131.750892955999,3.5210869302019607,3.4309024603360654,6.16582969033285,0.04311047801220322,0.018402507593459915,0.7886950822460199,0.18392967991482934
29.846,131.95081715800188,3.5271336288152444,3.437233368559668,6.165724373584529,0.03996589365320754,0.023706278010170764,0.788923348723092,0.18398338336003128
29.897,132.15086135500314,3.5338537102527,3.4443260644321176,6.165589086809649,0.035766143011509245,0.03076361705364368,0.7891995140458001,0.18398338335998687
29.942,132.350834941004,3.5397997005196142,3.4506487985008807,6.165452956445232,0.0314060626123933,0.038071474904467,0.7894284307039463,0.18393838530479378
29.993,132.55082653000136,3.546518013429798,3.4575156444818336,6.16559307439254,0.029952986769460677,0.04204069591337563,0.7895272221260765,0.1839383853083465
30.038,132.75089698599913,3.552267654270128,3.4632296546197945,6.165390103233231,0.03091704389355419,0.039098132394050654,0.7893938386396459,0.18385020000657448
30.085,132.95097812000313,3.55834190143074,3.4692220764874215,6.165406551733895,0.03225163825553291,0.03704950998239036,0.7892769852616334,0.1838501999987141
30.127,133.1509677130016,3.5639138557647625,3.4747662768229803,6.1654046088873615,0.032862729919204345,0.036174195479577995,0.7891988918404126,0.18384205435331147
30.162,133.35093882700312,3.5684594039705186,3.479322469033722,6.165391314728121,0.03293316363613707,0.036162391827269685,0.7891572689641216,0.18384205435326706
30.202,133.5510781519988,3.573665431319708,3.4845775494596385,6.1653634315509045,0.03254554864755402,0.036918036873182916,0.7891354334217028,0.18384205435331147
30.243,133.75103712399869,3.578882783417656,3.4898852903633397,6.1653222016131295,0.03165944933874799,0.03849325473568269,0.789149453605713,0.18387548532170506
30.289,133.95082627500233,3.584897328725191,3.4960534661375626,6.165258182649357,0.03001497930091811,0.04133420135754126,0.789195244209268,0.18387548532166065
30.329,134.1510703410022,3.5900810506742244,3.501247039344238,6.165242211364726,0.03025997340311406,0.04101185751562938,0.7891475718209376,0.18388377691240798
30.371,134.35087490300066,3.5956630045339253,3.5068344385679953,6.165229726569758,0.030462867258816896,0.04081046919853915,0.7891052586584993,0.18388377690925495
30.417,134.55079653300345,3.6015195337671098,3.512746671429322,6.165199281059996,0.030040009933540023,0.041641691310345855,0.7890925716880052,0.18388377690925495
30.461,134.75138505599898,3.6073645593016153,3.5186190547801472,6.165179610325307,0.03001609391665597,0.04181550670969687,0.7890577408815495,0.18388428443767424
30.503,134.95098907100328,3.612691353154187,3.523964349426601,6.165161190524969,0.030017706559420262,0.041930226852253005,0.7890222261894768,0.18388428443638638
30.546,135.15089772400097,3.61827807319834,3.5295707603154143,6.165141782800344,0.030018875654524366,0.042050556747254934,0.7889884077923895,0.18389374535132674
30.591,135.35090558800584,3.624124853691697,3.5354377303670415,6.165121397618262,0.030019716016959113,0.042176574656864495,0.7889530187383571,0.18389374535128233
30.635,135.55081806300586,3.6298417832048573,3.5411747463264533,6.1651014288376516,0.030020314630289903,0.04229972879651109,0.7889222628756775,0.18390649033079853
30.681,135.75088570100343,3.635818733896311,3.5471725347099374,6.16508052078525,0.030020759282370395,0.04242852250952931,0.7888912986828704,0.18390649033075412
30.724,135.95082438200188,3.6414059849194023,3.5527793769573495,6.165060961327389,0.03002107920433294,0.04254888585503546,0.7888647752306606,0.18391832521009732
30.77,136.15083179100475,3.6473794462396887,3.5587772393117767,6.165033037474747,0.030017640972885496,0.04263276655223882,0.7888363360430037,0.18391832521071905
30.821,136.3508276270004,3.6539924749058903,3.5654227119029733,6.164980128686355,0.030021567683549782,0.04255810773437455,0.7887990835846929,0.18392841712522312
30.865,136.55110838100518,3.659696221127058,3.5711576157807623,6.164934495052892,0.030021414729702146,0.04249828726082596,0.7887700980648781,0.18392841712526753
30.903,136.75122761500097,3.664622642970739,3.5761104860624187,6.164895042484991,0.03002127431194216,0.042446376919034454,0.7887469974336159,0.18392841712491226
30.953,136.950795018005,3.671105993495302,3.582627416660302,6.164843072966088,0.030021087277082397,0.042377750131411526,0.7887221334705301,0.18393947421073698
30.993,137.15084690400545,3.676292754664519,3.5878407788411413,6.164801476186311,0.03002091477685807,0.042322766048838965,0.788702509727165,0.18393947421011525
31.042,137.3510810910011,3.6826473413154592,3.5942270100348988,6.164750485409661,0.030020689361258634,0.042255263289347436,0.7886820280616956,0.1839509551005758
31.088,137.55119374900096,3.6887427748290684,3.6003524121481214,6.164701558655786,0.03002044532790617,0.04219047719716175,0.7886632589324861,0.18395095510017612
31.132,137.75110515500273,3.6942620559037946,3.605906641224792,6.164481076300602,0.030016566013222768,0.04088722941827978,0.7886068706584235,0.18395578410603797
31.179,137.9509139380025,3.7001736028898398,3.6118608521574678,6.163872060902198,0.03001031061227358,0.03684762597546193,0.7885204466752588,0.1839557840862316
31.227,138.15078956400248,3.7060881531514553,3.617804567040073,6.162877998362058,0.03000457741124778,0.030068649639768442,0.7885030139746193,0.18396805463249954
31.271,138.3508755530056,3.7114048493857394,3.623117937568928,6.1616482859743265,0.029999634791022592,0.021575515878706628,0.7886364419347803,0.18396805463307686
31.316,138.55080160400394,3.7167392920394886,3.6284070980619365,6.160079550729048,0.02999766262783797,0.010647447788442321,0.7889940201003142,0.18396805463294363
31.364,138.7508422690007,3.722630348127976,3.634272989238882,6.159372386221563,0.029998143550638724,0.003092881494299314,0.7892131101091744,0.18394588344774476
31.406,138.9509928480038,3.7281279627194746,3.639820795960877,6.15914536848022,0.029998259398911185,0.004656141311420295,0.7892324079258078,0.18394588348309426
31.453,139.1509253520053,3.7342181186630534,3.6459457302447316,6.1591042617084355,0.0299979970723766,0.004582802881747494,0.7891620639500043,0.18383812421189916
31.502,139.35083460600436,3.740571217991204,3.652332946838146,6.1590659957751015,0.02999773024099736,0.004573045824393534,0.7890916023250135,0.18383812421194357
31.503,139.36008890100493,3.740700872586959,3.6524633333192247,6.15906520120705,0.02999772581189808,0.004572895362963147,0.7890903994760937,0.18383812421194357
31.525,139.48021969800175,3.7435533274827693,3.655331815879268,6.159047606180055,0.029997627961600697,0.004570025356057075,0.7890639498510901,0.18386499376492615
31.57,139.67999580700416,3.7493881980198087,3.661199024663645,6.159011066409664,0.029997425596006957,0.004566260522657651,0.7890099106036198,0.18386499376497056
31.614,139.88014009000472,3.755093826329443,3.666937084885325,6.158974864167254,0.029997252514585918,0.004564269087858353,0.7889640950528722,0.18386499376297216
31.665,140.08000066300156,3.76170735383916,3.673589399850177,6.158932548258064,0.029997074357358666,0.0045631465683638964,0.7889206089534222,0.18389104284715074
31.711,140.2800462209998,3.767672718684601,3.67958951280932,6.15889416003189,0.029996905738373124,0.004562941914846944,0.7888827060413716,0.18389104284750601
31.758,140.48009720499977,3.7737678085401947,3.685720580176972,6.158854815307607,0.02999674605851687,0.0045631012326673446,0.7888487499600105,0.18390758835273857
31.804,140.68011165600183,3.7797334119006103,3.6917210704252903,6.158816220360594,0.02999658531806251,0.0045635597122258564,0.7888159076937347,0.18390758835327148
31.843,140.88001032300235,3.784791168056783,3.6968089979292715,6.158783469401853,0.029996466601904425,0.00456396582881614,0.7887926839513603,0.18392379458034291
31.891,141.08005230500567,3.7910162648523187,3.7030709075563037,6.158743121104085,0.029996317231009848,0.004564591458912792,0.7887641069307336,0.18392379458038732
31.94,141.28008369800227,3.797371146594671,3.7094634228074495,6.158701908635063,0.029996171816515694,0.004565256400274535,0.7887371004390502,0.18393088787207468
31.981,141.48062860999926,3.802818305318278,3.7149426608999856,6.158666567392435,0.029996047654829272,0.004565857957551471,0.7887144304526891,0.18393088787207468
32.027,141.680281809,3.808784303611733,3.7209438834122412,6.158627852999709,0.029995919156115495,0.004566489391974848,0.7886915389822323,0.18394006116140282
32.072,141.88006130199938,3.814490981519508,3.7266842569839658,6.158590815802338,0.029995801219225526,0.004567073547114033,0.7886709477082856,0.18394006116135841
32.114,142.08016898699861,3.8199383414851926,3.7321637202213513,6.158555456981914,0.029995691819326282,0.0045676174868445945,0.7886521247018694,0.18394006116140282
32.16,142.28025612700003,3.8260342279936226,3.7382956968244563,6.158515888614286,0.02999557843012626,0.004568172342237826,0.7886331350747636,0.18394823475027522
32.207,142.48000184899865,3.832000514021224,3.744297143675303,6.158477156394479,0.02999546880147931,0.004568710863213981,0.7886148826946809,0.1839482347502308
32.255,142.6801417040042,3.8383559235818394,3.7506902284413686,6.158435900204757,0.02999536286454185,0.004569217698800534,0.7885977897978225,0.18395528835366548
32.303,142.8800545260019,3.844452027148188,3.7568222832736895,6.158396322573465,0.02999526207572238,0.004569703142608248,0.7885814922517036,0.1839552883537099
32.348,143.08016147700255,3.8502887266288535,3.7626936180254766,6.158358431855428,0.029995175576016095,0.004570107747620245,0.7885679389795154,0.1839613701764442
32.389,143.28072335800243,3.8557363834126015,3.7681734588380555,6.158323063385082,0.02999509562784777,0.0045704860353405295,0.7885552941601512,0.18396137017711034
32.436,143.48020798300422,3.8618325893160823,3.7743058031513073,6.158283485680366,0.0299950140511572,0.004570865404135809,0.7885426232225939,0.1839666165420084
32.482,143.68010768900422,3.8676694342576323,3.7801771904310506,6.158245590059617,0.029994939255373134,0.004571215778101112,0.7885309271010185,0.1839666165420084
32.532,143.88005033900117,3.8741548474987315,3.7867010378493458,6.158203483884318,0.029994862970595844,0.004571571955148489,0.7885190415077,0.18397114127610692
32.577,144.07998537200183,3.8799917501374077,3.79257252439675,6.1581655874882575,0.0299947990927507,0.004571873694179545,0.7885089754832412,0.183971141275574
32.621,144.2806765819987,3.885828630110126,3.798443996712179,6.158127693721829,0.029994750874074556,0.004572153064439167,0.7884996262249655,0.183975039880524
32.664,144.48008741700323,3.891276200557182,3.803924040133005,6.158092337172461,0.029994740522939912,0.004572371839109036,0.788492330231004,0.18397503988274444
32.712,144.68002417700336,3.8975020423143176,3.810186943171121,6.158051928091659,0.029994731872483752,0.004572614458892454,0.7884842386847458,0.18397503988270003
32.758,144.88012931100093,3.9034685126722235,3.8161889925308925,6.158013203140481,0.029994728925322258,0.004572823094493729,0.788477281605954,0.18397827422416135
32.802,145.08018342000287,3.9093053176953654,3.8220605287104297,6.157975317974035,0.02999472744863804,0.0045730262350104755,0.7884705088841234,0.18397827422447222
32.848,145.27999011200154,3.9152718622399703,3.828062647669241,6.157936591470598,0.029994730483580315,0.004573210371797749,0.7884643704055863,0.18398084301254336
32.891,145.47997334200045,3.920719609314858,3.8335428110122813,6.157901230647016,0.029994733818786513,0.004573378595651434,0.7884587630344979,0.18398084301289863
32.934,145.6801076039992,3.9262970914729545,3.839153518201422,6.157865027907215,0.029994739923283685,0.004573535273185981,0.7884535409710695,0.18398310864347067
32.974,145.8801131220025,3.9314854715866505,3.8443727816355997,6.1578313499149075,0.02999474633503679,0.004573676696142909,0.7884488277061423,0.18398310864347067
33.018,146.08001059500384,3.9371927161218108,3.850113986130477,6.157794303250435,0.02999475430050288,0.004573825235995509,0.788443877592953,0.18398310864342626
33.065,146.2800054190011,3.943289117579673,3.856246679414773,6.157754730233987,0.029994764166012253,0.0045739719340246905,0.788438989227882,0.18398511061374911
33.101,146.48000570500153,3.947958721948135,3.860944040984531,6.157724417738372,0.029994771191660618,0.004574084381315158,0.7884352423697295,0.18398511061357148
33.144,146.68006954700104,3.9535363222845508,3.8665548527645806,6.157688211628937,0.029994781190014745,0.004574202873143017,0.7884312944153294,0.18398687690117654
33.188,146.88008880200505,3.9592436569482925,3.8722961251995844,6.157651162088528,0.029994790248782245,0.00457432423362525,0.7884272510740016,0.18398687690126536
33.233,147.08001551900088,3.96508098077253,3.8781594168362474,6.1576131117364445,0.02999458722918974,0.004575830148781439,0.7883770613307955,0.1837786784839146
33.281,147.2800315620043,3.971308210636911,3.884409203784358,6.1575724276067225,0.02999426927403967,0.004578077792712199,0.7883021505519003,0.18377867848409224
33.325,147.4800073400038,3.977016278684677,3.890136202547144,6.157535113134195,0.029993918055897757,0.004580278728890584,0.7882287929778657,0.18379297909456582
33.375,147.6800691380049,3.983503223420667,3.896644148220345,6.157492697414741,0.029993527800664492,0.004582703479232939,0.7881479750877568,0.1837929790945214
33.422,147.88001633300155,3.9896014359114895,3.902762038972077,6.157452821797103,0.029993180016352355,0.00458484306540116,0.788076661252155,0.18382134101888603
33.471,148.08010674000252,3.9959595986068313,3.909140982357972,6.157411250481636,0.029992843016711995,0.004586893477895109,0.788008319370886,0.18382134101888603
33.52,148.28000239600078,4.0023182017774035,3.9155202148330988,6.157369672837668,0.029992521571777793,0.004588831493323794,0.7879437236323886,0.18382134101950776
33.568,148.48000216700166,4.008547426043792,3.921769996820535,6.157328946666558,0.029992232001985832,0.004590556194982862,0.7878862374339761,0.1838465674369516
33.617,148.68000202900294,4.014906800139913,3.928150130790735,6.157287364707979,0.029991947738604603,0.004592236326186318,0.7878302362354728,0.1838465674369516
33.667,148.8800492520022,4.0213963153584755,3.9346612106046592,6.1572449377244,0.02999168287655758,0.004593781487960882,0.7877787334391169,0.1838680148168237
33.716,149.08002204300283,4.0277563687132,3.941042160407174,6.1572033519885405,0.029991432842742964,0.00459523101806259,0.7877304177459223,0.1838680148168237
33.764,149.28063384100096,4.034116722074599,3.9474237597926862,6.157161769644815,0.029991205179872422,0.004596534004058164,0.7876869864337095,0.1838864073343771
33.815,149.48004817400215,4.040607166790094,3.95393564466922,6.1571193315709944,0.02999098106381033,0.004597811625090843,0.7876444002121448,0.18388640733442152
33.866,149.68004235099943,4.0472276980887125,3.960578371183199,6.157076047793433,0.029990773882349678,0.004598978713612915,0.7876054981242476,0.18390222315121107
33.916,149.88003936799942,4.05371866809918,3.9670909054234986,6.157033606623594,0.02999057896178726,0.004600075041093575,0.7875689543798625,0.18390222315125548
33.966,150.08014714900492,4.0603396957541635,3.9737341892783777,6.156990318817394,0.029990398776457757,0.004601079490818753,0.7875354730476818,0.18391582887544722
34.016,150.2800632110011,4.066701286686829,3.9801170075759242,6.156948723553168,0.02999023337675185,0.004602003379267182,0.7875046768535173,0.18391582887549163
34.061,150.48011295900506,4.072543733240638,3.9859791649454737,6.156910525901261,0.029990096045456112,0.0046027662369144415,0.7874792481452286,0.1839275343066049
34.103,150.68023786599952,4.077996818236872,3.991450408034483,6.156874869051205,0.029989970013217328,0.004603473504968186,0.7874556723521966,0.18392753430664932
34.139,150.88015542300127,4.082670994245447,3.9961404660489013,6.156844310665683,0.02998987562533781,0.0046039989103634415,0.7874381588940653,0.18393760573576223
34.183,151.08013482000388,4.088384010765671,4.001872654644793,6.1568069559530025,0.029989761749400216,0.004604643669702716,0.7874166673672996,0.18393760573585105
34.226,151.28004883800168,4.0939677765832085,4.007474748692941,6.156770442809932,0.029989670421074643,0.004605291236949789,0.787395055814525,0.18394627477089642
34.271,151.48001868800202,4.099811546694578,4.0133377348781485,6.15673223454025,0.02998960712808608,0.004605932546843807,0.787373675671505,0.1839462747772025
34.315,151.68021239600057,4.105525547149004,4.019070475069386,6.156694873428931,0.029989551717115235,0.004606529235314912,0.7873537812064711,0.18394627477649195
34.358,151.88032477800152,4.111239589902579,4.024803457765745,6.1566575151794085,0.029989507801204913,0.004607060640628985,0.7873360641882339,0.1839544737381349
34.404,152.0801029830036,4.117083597045068,4.0306666619023614,6.156619303623363,0.029989464866856726,0.0046075983925783996,0.7873181365094486,0.18395447373875662
34.454,152.28001251700334,4.123576963014486,4.037181702617353,6.156576851738983,0.029989431873012375,0.00460810542987233,0.7873012334398384,0.1839617755801104
34.504,152.48013046700362,4.130070434762393,4.043696659630662,6.156534395105432,0.029989399958251253,0.004608607683551909,0.7872844905394126,0.1839617755801548
34.553,152.68000140000368,4.136563932245521,4.050211923849548,6.156491942678474,0.02998937961699091,0.00460903348620241,0.7872702967347117,0.18396790661245888
34.602,152.8800915880056,4.142797775815262,4.05646649834202,6.1564511842051495,0.02998935965622599,0.004609440945230379,0.7872567148133734,0.18396790661245888
34.65,153.08003026599908,4.1490316349273,4.062721337146374,6.156410429492867,0.029989348480932144,0.0046097842086685065,0.7872452732588401,0.18397304781667678
34.699,153.2802191890005,4.1553954400718975,4.069106415230083,6.156368822083881,0.029989335504582326,0.004610134298173449,0.787233604577467,0.18397304781738733
34.749,153.47996344900457,4.16188913794717,4.075622030662892,6.156326368737173,0.029989328102996853,0.0046104356256070345,0.7872235627057822,0.18397736269575304
34.799,153.68008065900358,4.168382939919517,4.082137810725408,6.156283923332483,0.029989281959349284,0.004610707769556805,0.787214493855422,0.18397736269477605
34.846000000000004,153.88040581100358,4.174616999474189,4.088393155329629,6.156243180525602,0.02998923192728924,0.004610923611428224,0.7872072999559897,0.18398095868032982
34.893,154.08022137400258,4.180721223981987,4.0945181459747015,6.156203284361664,0.029989180944541,0.004611133263400457,0.7872003125917737,0.18398095868037423
34.942,154.27997749300266,4.186955333438191,4.100773542587872,6.156162540074574,0.029989130857684752,0.0046113215600353565,0.7871940373189662,0.18398364359919483
34.991,154.4799646310057,4.193319353826651,4.107159243409536,6.156120945097909,0.02998907865117833,0.00461150922663979,0.7871877832026307,0.18398364359919483
35.039,154.68002235300082,4.1995535066515846,4.113414687524114,6.156080199118059,0.029989029148496053,0.004611672874565608,0.7871823297969711,0.1839859068115679
35.088,154.87998164700548,4.20591756454066,4.119800446715562,6.156038602661894,0.02998897823818993,0.004611834452762646,0.7871769454576936,0.1839859068115235
35.136,155.08024240699888,4.212151754527321,4.126055932150917,6.155997854868837,0.029988929908587293,0.004611976687705288,0.7871722058938505,0.18398785704882847
35.187,155.27996760600217,4.218775604084994,4.1327023859504335,6.155954558864406,0.02998887883725084,0.004612121423860914,0.7871673830333608,0.1839878570489617
35.236,155.48000954800227,4.225139705493162,4.139088234141993,6.155912960281101,0.02998883150617427,0.004612246651603216,0.7871632103549562,0.18398953583571576
35.287,155.68012188099965,4.231763585393227,4.145734730747468,6.155869662405395,0.029988783045465796,0.004612371176026561,0.787159061106469,0.18398953583567135
35.334,155.8803931930015,4.237997834034931,4.151990289975877,6.155828910968174,0.02998873941508701,0.0046124768047909916,0.7871555415444182,0.1839909797261008
35.383,156.0800009960003,4.244232097116146,4.158245851669026,6.155788158393816,0.029988696993191864,0.004612577620601314,0.7871521823128663,0.1839909797261008
35.433,156.2800203690058,4.2507261264317595,4.164762099406815,6.155745707489661,0.029988655427861506,0.004612670668655163,0.7871490819640632,0.18399256682459786
35.483,156.48000755200337,4.257220165294015,4.171278361320761,6.155703255777268,0.02998861599435958,0.004612756944612439,0.78714620724794,0.18399256682459786
35.533,156.68002546200296,4.263714214943707,4.177794630595452,6.155660803156357,0.029988578750491216,0.0046128379234786614,0.787143508869084,0.18399326207254596
35.581,156.88003718400432,4.269948514167823,4.184050246719789,6.155620047645471,0.029988545001026226,0.00461291276886142,0.7871410148239848,0.18399326207263478
35.626,157.08011164300115,4.2757931758353775,4.189914898571455,6.155581838887435,0.029988515837397072,0.004612977628430184,0.78713885375824,0.18399415769856375
35.675,157.2800012430016,4.282157366714017,4.196300860007723,6.155540233494081,0.029988487565694184,0.004613043331196874,0.7871366648178992,0.18399415769794203
35.722,157.48015710500476,4.288261758359473,4.2024261483276915,6.155500334991177,0.029988497103088502,0.004613098087613998,0.7871348115163063,0.18399495179552972
35.772,157.68008181600453,4.2948856663643165,4.209072754547384,6.155457042754457,0.029988518308483578,0.0046131511640284985,0.7871330364693823,0.18399495179552972
35.819,157.8799625860047,4.300860181569527,4.2150677370361915,6.1554179942561325,0.029988539656140584,0.0046131967742106175,0.7871315125266566,0.1839949517954853
35.87,158.08001386999968,4.307484110157752,4.221714362801673,6.155374700836483,0.029988565550675556,0.004613243348674108,0.7871299574440822,0.183995587482233
35.92,158.2800172080024,4.313978167549969,4.228230668830618,6.155332255571047,0.029988592551387812,0.0046132864365734634,0.7871285197118921,0.18399558748218858
35.971000000000004,158.48003365200566,4.32060211438834,4.234877318982187,6.155288960863549,0.029988621580183516,0.004613326017251851,0.7871271997066637,0.18399626665481783
36.02,158.68029416400532,4.3270961884691825,4.2413936417430325,6.155246514183153,0.02998865061793042,0.004613363653371551,0.7871259451673768,0.183996266654729
36.07,158.8800935860054,4.333460388578754,4.247779641565684,6.155204915670482,0.029988679355825085,0.004613398755904249,0.787124775561998,0.18399657410741455
36.114,159.07999309500156,4.339175186811562,4.25351400880711,6.155167561207627,0.02998870502439376,0.0046134292675248205,0.7871237592619393,0.18399657410803627
36.163,159.28005790400493,4.3455393998704475,4.259900019550425,6.15512596137268,0.029988733392614285,0.00461346042391935,0.7871227218570372,0.1839969784521056
36.208,159.48005301800004,4.351384091173209,4.265764720368715,6.155087756709538,0.029988758616262566,0.0046134885886157245,0.787121784312017,0.1839969784521056
36.258,159.68011116500566,4.357878197864495,4.27228106779921,6.155045306617172,0.029988785767182363,0.004613516735013235,0.7871208477594256,0.1839973458574118
36.308,159.880038315001,4.364372310281733,4.278797411601044,6.155002855772013,0.02998881111305315,0.004613544514728191,0.7871199237010602,0.1839973458574118
36.36,160.07999105700583,4.371126190810568,4.285574418391185,6.154958707517462,0.02998883142359458,0.004613570800676768,0.787119051199721,0.18399767095993447
36.408,160.27995639200526,4.377360537808097,4.291830093576647,6.154917964313602,0.029988810162098818,0.004613596716432707,0.7871181880287795,0.18399767096122233
36.459,160.48002138900483,4.3839845374561355,4.298476762605041,6.154874674279598,0.029988785338670856,0.004613621248729015,0.7871173714464546,0.18399796064181295
36.504,160.6801290900039,4.389829247654538,4.304341467984547,6.154836476516524,0.02998876155522333,0.00461364264752474,0.7871166593922202,0.18399796064243468
36.556,160.88040019600157,4.396713022843233,4.311248804215821,6.1547914874914085,0.02998873215468528,0.004613664549804704,0.7871159311649809,0.183998241041472
36.6,161.08013067299908,4.402297976302933,4.316852866330568,6.1547549861911115,0.02998870708343383,0.0046136822761654985,0.7871153421251335,0.1839982410415164
36.648,161.2801920100028,4.408532346855965,4.3231085775769476,6.154714240001297,0.029988678497517574,0.004613699326921785,0.7871147756829635,0.18399848409833552
36.699,161.48045284600084,4.415286252268884,4.329885595083969,6.154670097254974,0.029988646647206796,0.004613717660386317,0.7871141664909301,0.1839984840982467
36.747,161.68049987300037,4.421520630068501,4.33614131517891,6.154629349370517,0.029988617069628024,0.004613732229246761,0.7871136825160385,0.1839986916372549
36.798,161.88006566800323,4.428014776711587,4.342657687799298,6.154586902640713,0.029988586031669314,0.004613747281849264,0.7871131823616789,0.1839986916372105
36.846000000000004,162.08005728500575,4.434249160388757,4.348913414868532,6.15454615300348,0.029988556578048026,0.004613759798536062,0.7871127665626017,0.18399886871796056
36.897,162.28013912800088,4.440873195680825,4.355560123165936,6.154502855478302,0.029988525670430328,0.0046137728939741555,0.7871123314375664,0.18399886871800497
36.946,162.48003540100035,4.4472374673702895,4.361946184003155,6.154461255067617,0.029988496865970018,0.004613783820939388,0.7871119684266124,0.1839990196180974
36.996,162.6801137020011,4.453731624287302,4.368462571279335,6.15441880469474,0.0299884684403921,0.004613794766161708,0.7871116047184774,0.18399901961805298
37.046,162.88001411699952,4.460225783229156,4.374978964969731,6.154376353506995,0.029988441462437215,0.004613804295421351,0.7871112881107765,0.18399914806255246
37.097,163.08004061500105,4.46684982695195,4.381625685306667,6.15433305236648,0.029988415535333213,0.004613813787421929,0.7871109726789863,0.18399914806250806
37.145,163.2800263579993,4.473084222448757,4.387881427285144,6.1542922976576175,0.02998839299974483,0.004613821527267575,0.7871107153915562,0.18399925731018563
37.195,163.48009767100302,4.47957838560162,4.394397823810944,6.154249844068109,0.02998837155297301,0.004613829436448312,0.7871104525987535,0.18399925731014122
37.241,163.68058001200552,4.485682900049791,4.400523240627113,6.154209937155816,0.02998835373195688,0.00461383592738753,0.7871102375284443,0.18399934986526034
37.289,163.88075515600212,4.491917298956157,4.406778984766775,6.154169182969381,0.0299883495452929,0.0046138414223229765,0.7871100263323437,0.18399934986219613
37.334,164.08010013100284,4.497632174459168,4.412513420554475,6.154131831299075,0.029988382578602694,0.004613847371204039,0.7871098286490792,0.18399942796549773
37.384,164.2805376210017,4.504256235596193,4.419160152279779,6.154088536754617,0.029988423206149587,0.0046138538998481745,0.7871096070661557,0.18399942796469837
37.434,164.47996888300258,4.51062053093784,4.425546229357544,6.15404693947166,0.02998846423465807,0.004613859710840153,0.7871094108382385,0.18399950016103617
37.486,164.6801699589996,4.51737447866667,4.4323232905952805,6.15400279472604,0.029988509229058817,0.004613865744352772,0.7871092082598258,0.18399950016099176
37.533,164.88004039200314,4.523479009354409,4.438448712683798,6.153962894066929,0.029988550720423217,0.004613870778206607,0.7871090399683712,0.18399956696963926
37.583,165.08000465000077,4.52997319226145,4.444965118945367,6.153920445880565,0.02998859515498153,0.004613876025773547,0.7871088651832001,0.18399956696968367
37.63,165.2800658730048,4.536077725035662,4.451090541860671,6.1538805439778415,0.029988636785026036,0.004613880614372751,0.7871087128499411,0.18399962691848515
37.681,165.48026928200125,4.5427017935357865,4.4577372775585005,6.153837245489997,0.029988681272886238,0.004613885414642347,0.7871085539569457,0.18399962691786342
37.729,165.6800031150051,4.5489362117110925,4.463993029548376,6.1537964933593985,0.029988722035556453,0.004613889644794193,0.7871084143775975,0.1839996807845523
37.778,165.88036385600572,4.555430398018041,4.470509438192426,6.1537540426234685,0.02998876279028236,0.004613893870640089,0.7871082754373578,0.18399968078388618
37.828,166.0799876759993,4.5617947007959705,4.476895521167265,6.153712440569415,0.02998879972467055,0.004613897623146606,0.7871081539639093,0.18399972894824757
37.879,166.27998745000514,4.568418771279707,4.483542265737943,6.153669149255928,0.029988789100266817,0.004613901039927223,0.7871080432581843,0.1839997289489137
37.926,166.48004562400456,4.5745233071433935,4.489667698651659,6.153629253874541,0.029988771765974084,0.004613903816088335,0.7871079519712306,0.18399976953791253
37.975,166.68004981300328,4.580887610760176,4.4960537895288395,6.1535876602429544,0.029988751444168085,0.0046139064263157874,0.7871078665271047,0.18399976953786812
38.02,166.88006557200424,4.586732379683965,4.50191856768939,6.153549461416692,0.029988731021156543,0.0046139086256649624,0.7871077948228299,0.18399976953791253
38.067,167.08004216600239,4.592836916221198,4.508044003828131,6.1535095642121,0.02998870815519463,0.00461391065545073,0.7871077289646154,0.18399980091308166
38.114,167.2799792529986,4.599071336751405,4.514299769062662,6.15346881738191,0.02998868342125367,0.004613912558735028,0.7871076674424283,0.18399980091312607
38.164,167.4801862989989,4.605565524671443,4.520816192706313,6.15342637194563,0.029988656478069708,0.004613914192039285,0.787107615041365,0.18399983256585095
38.215,167.680033274999,4.612059712775572,4.527332616704037,6.153383925610966,0.029988628587596645,0.0046139157122328375,0.7871075664113527,0.18399983256585095
38.265,167.88003252600174,4.6185539008638035,4.5338490413654275,6.153341478368344,0.029988600060670313,0.004613917047745551,0.7871075239025609,0.183999845076821
38.314,168.08004392500152,4.624918205212899,4.540235137834894,6.153299879173732,0.029988571769078824,0.004613918239806535,0.7871074860720814,0.18399984507744271
38.365,168.28003707800235,4.631542276886435,4.546881892014153,6.1532565811238475,0.029988542294508452,0.004613919270828056,0.7871074535954824,0.18399985961941034
38.413,168.4800758240017,4.637776697206842,4.553137660820108,6.153215829151836,0.02998851479822175,0.0046139201432018094,0.7871074261914857,0.18399985961941034
38.461,168.68027364700538,4.644011117298341,4.559393430089257,6.1531750763684805,0.02998848782236581,0.004613920855950394,0.7871074039950735,0.1839998707624968
38.508,168.88004167000327,4.650115653525967,4.565518870833594,6.153135171831263,0.02998846215361441,0.004613921488109606,0.7871073843378165,0.1839998707624968
38.557,169.08002490400395,4.656479956852446,4.571904968880104,6.1530935684656844,0.029988436455197907,0.004613922000318858,0.7871073686248125,0.18399987860457934
38.606,169.28026469600445,4.662844259743906,4.578291066710359,6.1530519643623185,0.029988412094762152,0.004613922430641921,0.7871073554034294,0.18399987860453493
38.656,169.48008516100526,4.669338445825823,4.584807492871929,6.153009510502487,0.029988388900820465,0.004613922757728733,0.7871073455589336,0.18399988378119403
38.705,169.68026339600328,4.675702747810817,4.591193589837228,6.152967905112867,0.029988368120564827,0.004613923058735148,0.787107336762021,0.18399988378119403
38.754,169.88044790600543,4.682196932586656,4.597710013489646,6.152925450382967,0.029988350325230756,0.004613923303472776,0.7871073292866866,0.18399988656487842
38.804,170.08029102800356,4.688561234604481,4.604096105745369,6.152883854582529,0.029988375253724765,0.004613922702836752,0.7871073218914054,0.18399988656554456
38.852,170.28000338200218,4.694795653237304,4.610351869499299,6.152843107548236,0.02998840315197415,0.004613922778463789,0.787107314146766,0.18399988816746315
38.902,170.4800482780047,4.701289839622659,4.616868290128825,6.152800662230684,0.02998843419411647,0.004613922943295348,0.7871073048305117,0.18399988816741875
38.951,170.68010137099918,4.7076541425858025,4.623254382415958,6.15275906526965,0.029988466132491887,0.004613923179612025,0.7871072945865858,0.18399988969455272
38.999,170.88011109700165,4.713888561996675,4.629510146250094,6.1527183166555,0.02998849847983507,0.00461392348181526,0.7871072832001783,0.18399988969517445
39.044,171.08019500999944,4.719733330516159,4.635374924725312,6.152680114286077,0.029988529432903074,0.004613923837087279,0.7871072708258081,0.18399989202100286
39.093,171.2800323420015,4.726097634529407,4.641761016358942,6.152638515525041,0.029988563474184382,0.004613924354218424,0.7871072536098943,0.18399989202100286
39.14,171.48011944800237,4.732202171490804,4.647886450799087,6.152598614055091,0.02998859613084859,0.004613924948794359,0.7871072342776779,0.18399989552992935
39.172,171.60666969299928,4.736358452222662,4.652056959008309,6.15257144674881,0.02998861820040575,0.004613925422496293,0.7871072190321678,0.18399989552988494
39.174,171.61618127400288,4.7367481035512675,4.652447944135937,6.152568899799424,0.029988620258188128,0.004613925469979782,0.7871072175082356,0.18399989552988494
39.223,171.8157341430051,4.7429826462973645,4.658700357448662,6.152528085350746,0.029988567412834642,0.0046144814370445465,0.7870886848285322,0.18387910604205082
39.274,172.01613577000535,4.74973721181629,4.665469225841227,6.152483775333205,0.02998839946046446,0.004615796400209452,0.7870448498477853,0.18387910604205082
39.323,172.21569516200543,4.756102349769873,4.6718475294573825,6.152442013761047,0.02998824526860045,0.004616999936964955,0.7870047293604105,0.18388652589238497
39.375,172.41578824400494,4.762727538224021,4.678486132834013,6.1523985402621815,0.029988088927755042,0.004618213454583502,0.7869642762544239,0.18388652589238497
39.421,172.6157236870058,4.768703398230419,4.684473971446595,6.152359325092172,0.02998795364497033,0.00461925396710552,0.7869295910343275,0.18390076190248905
39.472,172.81573003200174,4.77532873237541,4.691112042932979,6.152315847016905,0.029987764048832733,0.00462041836393061,0.7868907752652087,0.18390076190439864
39.519,173.0158136500031,4.781564525354946,4.697359589117161,6.152274922457944,0.029987581756598256,0.004621476459676692,0.7868555018699402,0.18390076190444304
39.569,173.21609893600544,4.78806037206271,4.703867807097413,6.152232292933036,0.029987403490512512,0.004622488284307132,0.7868217712521616,0.1839135328720598
39.617,173.41575255800126,4.7941666707309505,4.709985622965015,6.152192217230982,0.02998724110917268,0.004623394198354178,0.7867915714629108,0.18391353287272594
39.668,173.61573436500476,4.800792858270048,4.716624516209211,6.152148732476042,0.029987077962565754,0.004624282265229592,0.7867619672240563,0.18392558660158542
39.717,173.81568471300125,4.807159382637746,4.723003126366699,6.152106948807229,0.02998692599569981,0.0046250965475304155,0.7867348224825789,0.18392558660162983
39.765,174.01574444600556,4.81339614201991,4.729251906536951,6.152066019246837,0.029986788380595507,0.004625815592957569,0.7867108525211383,0.18393596955692537
39.81,174.21615925300284,4.819373178351197,4.7352403147979,6.152026790733722,0.02998665917831853,0.004626483745516662,0.7866885789535791,0.18393596955688096
39.861,174.4159542310008,4.825870104956738,4.741749835733577,6.151984153378793,0.029986531019169236,0.004627128303095541,0.7866670919767713,0.1839448834664914
39.906,174.61573734800186,4.831717459061694,4.747608342962802,6.151945774921286,0.029986417034662823,0.0046276993662031606,0.7866480548524715,0.1839448834664914
39.957,174.81622358599998,4.838474537612437,4.75437857509637,6.151901429401397,0.029986298383904965,0.004628276283806199,0.7866288226019335,0.1839525486661664
40.005,175.01590705400304,4.844582009386391,4.760497751269119,6.151861342969025,0.029986192621024255,0.004628791486792702,0.7866116475221875,0.18395254866683253
40.057,175.21572983700025,4.8513393322197285,4.767268259406067,6.151816994514736,0.029986087825282143,0.004629288028730102,0.7865950945646009,0.18395914284865533
40.106,175.41567775099975,4.857706912343016,4.773648101495567,6.151775200156168,0.029985991240833686,0.004629749226878243,0.786579719703641,0.18395914284869974
40.157,175.61573371000122,4.8643344958449655,4.780288637060781,6.151731701758101,0.029985901562888696,0.0046301684134583635,0.7865657454103783,0.18396481615181592
40.206,175.81575477300066,4.870702261829824,4.786668708722644,6.1516899053318665,0.029985817951996434,0.004630565416325977,0.7865525104362673,0.18396481615177152
40.256,176.01583960800053,4.87720006792107,4.793179232761405,6.151647257499609,0.029985742498925026,0.0046309192376578255,0.7865407151098788,0.1839696975654448
40.306,176.21564046700223,4.883697953065935,4.799689712153869,6.151604606265176,0.02998567007394716,0.004631268348237026,0.7865290772048771,0.18396969756606651
40.355,176.4161077000026,4.890195990850636,4.806200395661229,6.151561955377553,0.029985610191254217,0.004631584829127104,0.7865185167030592,0.183973898353873
40.403,176.61576633300137,4.896434498700556,4.812450665688415,6.151521009556905,0.029985593838305038,0.0046319241544545845,0.786507184669276,0.18397389835298483
40.452,176.81603588299913,4.902672977264017,4.818701145696068,6.151480067804368,0.02998558886552595,0.004632208482818081,0.7864977017616509,0.18397760556547738
40.501,177.01576867100084,4.90904148593558,4.8250817828577075,6.151438269949996,0.02998558568445419,0.004632498880138151,0.7864880177516628,0.18397760556543297
40.55,177.21571217100427,4.9154100062776225,4.83146261265503,6.151396474669659,0.029985591110081592,0.004632742490346328,0.7864798946396384,0.18398121279776802
40.6,177.415884439004,4.922038521840033,4.838103829345045,6.151352970452227,0.029985597638609605,0.0046329961798518985,0.7864714362825547,0.18398121279834534
40.65,177.6156835110014,4.928407106683853,4.844484765602626,6.151311174218423,0.02998561029359019,0.0046332008713181215,0.7864646121430836,0.18398422454981578
40.7,177.81570395300514,4.9349057079622245,4.8509958800693145,6.151268522424937,0.029985623031583242,0.00463340985595618,0.7864576453769286,0.1839842245498602
40.747,178.01597702500294,4.941144374364238,4.857246677634495,6.151227578143035,0.029985639485955125,0.004633579129155655,0.7864520029376125,0.1839867460714295
40.796,178.21582588000456,4.947513048856747,4.86362766756871,6.151185778780812,0.029985655276423318,0.004633751329422063,0.7864462632853922,0.1839867460713851
40.845,178.41574183500052,4.9537517597170595,4.869878532128497,6.151144833441447,0.029985672996274658,0.0046338952992833055,0.7864414651696148,0.18398886408208526
40.894,178.61575642200478,4.960120472750973,4.8762596098207975,6.151103033670635,0.02998568899639796,0.0046340394793832895,0.786436661135585,0.18398886408217408
40.939,178.81578710900067,4.965969313018664,4.882119925665147,6.151064654154996,0.029985673064924667,0.004634145213926157,0.7864331392982793,0.1839906434478955
40.983,179.0157878760001,4.971688200466884,4.887850039851592,6.1510271297087105,0.029985643134098655,0.004634241773338706,0.7864299212788137,0.18399064344856164
41.026,179.2163260189991,4.977407094696484,4.893580179257072,6.150989605099877,0.029985612489169873,0.004634329736263959,0.7864269900580197,0.18399205108541317
41.074,179.41566800100554,4.983515922807551,4.899701024542438,6.150949521455715,0.029985578780716563,0.004634417319400141,0.7864240717624661,0.18399205108545758
41.117,179.61594263499865,4.989104860729352,4.905300952390663,6.150912848464427,0.029985547048289003,0.004634493270216519,0.7864215412455534,0.18399205108541317
41.161,179.81585011700372,4.994953753821597,4.911161364568501,6.150874469411782,0.02998551362542648,0.004634565406160086,0.7864191380662896,0.18399315487322987
41.211,180.0157270359996,5.001322561477534,4.91754269783672,6.150832677712091,0.02998547627009895,0.004634641672661246,0.7864165973793453,0.1839931548738516
41.261,180.2157107660023,5.007821348597898,4.92405429115345,6.150790032669279,0.02998543839878531,0.004634710609241515,0.786414301122526,0.18399410148370876
41.31,180.4157795150022,5.014190171961991,4.930435647076,6.15074823925334,0.029985400746614446,0.004634776372725319,0.786412110588048,0.18399410148433049
41.357,180.61599824000587,5.0202990457071435,4.9365565639342615,6.150708151237705,0.029985365280507284,0.00463483206586657,0.7864102556660885,0.18399491624316866
41.407,180.81581118900067,5.026797858373362,4.943068170314961,6.150665503116343,0.02998532747515575,0.004634890247415938,0.7864083178205407,0.18399491624316866
41.459,181.01573972900223,5.033556625690051,4.94984026598535,6.150621148486648,0.029985289389408934,0.004634943173006321,0.7864065551768865,0.18399561627906458
41.51,181.2156754259995,5.040185426118456,4.956482123881495,6.150577645554544,0.029985252632566732,0.0046349937236220586,0.7864048715516843,0.18399561627902017
41.56,181.41574777699861,5.046684252040739,4.9629937679669265,6.150534995018134,0.0299852181872324,0.004635037409764269,0.7864034166242717,0.18399621721529869
41.61,181.61587238700304,5.053183085408444,4.969505407929127,6.150492343381246,0.029985184898862,0.0046350799252887365,0.786402000596273,0.18399621721529869
41.66,181.81570558500243,5.059681920242504,4.976017063745133,6.1504496911951225,0.02998515365418794,0.00463511741463137,0.7864007519787475,0.18399673279390072
41.708,182.01580084900343,5.066050784498298,4.982398482431018,6.150407891115674,0.029985124675628572,0.004635153245108723,0.7863995584149782,0.18399673279390072
41.761,182.21568791000027,5.072809580266549,4.989170614397836,6.150363531382869,0.029985096586996697,0.004635186701826834,0.7863984441621478,0.18399717493364776
41.811,182.4157300740044,5.079308426627999,4.99568227610691,6.150320877114306,0.029985072253587288,0.004635217845567483,0.7863974071567602,0.18399717493369216
41.86,182.61566815300466,5.085677280750635,5.002063703568571,6.150279082850702,0.029985078622205216,0.004635242760859815,0.7863965511059763,0.18399755396019124
41.91,182.81587246300478,5.092176106318794,5.008575358741814,6.150236439168647,0.029985103167837753,0.004635266961344784,0.7863957383794248,0.18399755395912543
41.96,183.01572883500194,5.098674936651669,5.015087025309534,6.150193795100562,0.029985130289754993,0.004635288559229673,0.7863950139490162,0.183997871651842
42.009,183.21574549900106,5.105173772149496,5.021598689927188,6.150151150324535,0.02998515916631739,0.004635309818139739,0.7863943023713903,0.1839978716518864
42.059,183.4161371490045,5.111672611990984,5.028110363076394,6.150108504995741,0.029985189620501215,0.004635329047124181,0.7863936596420247,0.18399812322660303
42.11,183.61567672800447,5.118171456386098,5.034622034384716,6.150065858888189,0.02998522097301861,0.004635347979703084,0.7863930276843005,0.18399812322664744
42.158,183.81566284099972,5.124410350591839,5.040873246025548,6.150024918048985,0.02998525177068865,0.00463536443732443,0.7863924789177001,0.1839983453038485
42.206,184.01566599800572,5.130649248516842,5.047124455236784,6.149983976461631,0.02998528266080825,0.004635380792940735,0.7863919340465577,0.183998345304337
42.253,184.21573080400412,5.136758172346899,5.053245438066802,6.149943887284717,0.029985312910004117,0.004635395164825563,0.7863914556866869,0.18399854305841679
42.3,184.41577405100543,5.1428670993323395,5.059366417657407,6.14990379739075,0.029985342579594166,0.004635409631290519,0.7863909744793253,0.1839985430585056
42.349,184.61571235200245,5.149235983351749,5.065747871836338,6.149862001006526,0.029985372831437106,0.004635423041550309,0.7863905288020713,0.18399871924072997
42.399,184.81573023099918,5.1557348476316465,5.072259556648251,6.149819350898332,0.02998540233560883,0.004635436787295627,0.7863900722153802,0.18399871924077438
42.447,185.01598060700053,5.162103736864132,5.078641014009733,6.149777553305174,0.029985429738318872,0.0046354488078174105,0.7863896733638011,0.18399887639506396
42.498,185.21572699800163,5.168602605462631,5.085152702455496,6.149734902300792,0.02998545477374599,0.004635461146285408,0.7863892649006333,0.18399887639501955
42.547,185.41572292500496,5.174971493355066,5.091534154966608,6.149693113332019,0.029985441072382782,0.004635472660855717,0.7863888827087527,0.18399901674608365
42.598,185.61573265200423,5.181600337758172,5.098176072508564,6.149649619564479,0.02998541855709773,0.004635484591721904,0.786388486150582,0.18399901674612806
42.646,185.81588075300533,5.1878392526522354,5.10442729626608,6.14960868377459,0.029985395401662583,0.004635494388167954,0.7863881609239689,0.18399914759190672
42.697,186.01568729599967,5.194468102090633,5.111069220673481,6.149565188746355,0.02998536891408397,0.004635504644251772,0.7863878207642376,0.18399914759248404
42.743,186.21575420700538,5.200447066364708,5.117059982247626,6.149525957334634,0.029985343845406437,0.004635512683910533,0.7863875547501307,0.18399926625791707
42.794,186.41573946500284,5.207075919956848,5.123701913117518,6.149482460790015,0.029985314894314056,0.004635521403474523,0.786387266141902,0.18399926625791707
42.841,186.6156510370056,5.21318486521066,5.1298229134706075,6.149442375006995,0.029985287548239026,0.004635528402584044,0.7863870345901487,0.18399936700870256
42.892,186.81581511800323,5.219813722233829,5.1364648501525005,6.149398876746451,0.029985257329231966,0.00463553573853021,0.7863867918260496,0.1839993670093243
42.941,187.01573800900223,5.226182625555756,5.142846323145339,6.149357083449794,0.029985228158886996,0.004635541888387069,0.7863865884092877,0.18399945187197453
42.992,187.21569619599904,5.23281148532997,5.149488264713568,6.149313583335197,0.029985197871011848,0.004635548020501924,0.7863863855229575,0.18399945187224098
43.041,187.41582264600584,5.239310368626914,5.155999975829875,6.149270935262506,0.02998516863884818,0.004635553253066024,0.7863862124723421,0.18399952280661047
43.093,187.6156915380052,5.245939230514276,5.162641921281293,6.149227433256647,0.029985139521467304,0.004635558361955384,0.7863860434482205,0.18399952280661047
43.14,187.81567562700366,5.252048182473123,5.168762932682565,6.149187342368779,0.02998511364637654,0.0046355624528332485,0.7863859081552713,0.1839995817789042
43.191,188.0157211110054,5.2586770457548,5.175404881132088,6.149143838596386,0.029985086822743028,0.004635566693036628,0.7863857678743952,0.1839995817789486
43.238,188.21597529800056,5.264785998586355,5.181525894472607,6.149103746133166,0.029985063557760563,0.004635570090835257,0.7863856555227066,0.18399963065696134
43.288,188.41591241200513,5.271284884818386,5.1880376107202135,6.149061093797423,0.029985040540871657,0.004635573506849837,0.7863855424129786,0.18399963065696134
43.337,188.61574349800503,5.277653793530567,5.19441909393538,6.1490192938134225,0.029985020007937218,0.004635576451177667,0.7863854450837267,0.18399967074840262
43.387,188.8159789440033,5.284152679937155,5.2009308112163986,6.1489766401226005,0.029985001440288456,0.004635579284082406,0.7863853519846529,0.18399967075000134
43.434,189.01573568500316,5.290261631454684,5.207051826500765,6.148936547061252,0.029984995632311558,0.004635580641213273,0.7863852868726264,0.18399970347044992
43.485,189.21565193399874,5.296890500047422,5.213693777969465,6.148893049643804,0.029985034535694878,0.004635582995132535,0.7863852027425454,0.18399970346973937
43.533,189.41592490400217,5.3031294359370555,5.219945026610433,6.148852110383226,0.029985073525835702,0.004635585124241804,0.7863851273222883,0.18399972827172206
43.585,189.61569209600566,5.309888284305547,5.226717212203446,6.148807758875828,0.029985117717642347,0.004635587526685319,0.786385044189758,0.18399972827167765
43.635,189.81566078200558,5.3163871777870995,5.233228929700719,6.148765112548527,0.02998516156744703,0.0046355897165266495,0.786384969559158,0.1839997614534461
43.686,190.01573341900075,5.323016050090327,5.239870881219292,6.148721612594133,0.029985207067572517,0.0046355919981002506,0.7863848928201381,0.18399976145282437
43.735,190.21572789399943,5.329514945379541,5.246382598054368,6.14867896488102,0.02998525190366056,0.004635594265517582,0.7863848173013946,0.1839997781536873
43.787,190.41569082400383,5.3361438195360815,5.2530245482550395,6.14863546348585,0.02998529731888687,0.004635596712149092,0.7863847363929763,0.1839997781537761
43.834,190.61593885099865,5.342382760524518,5.259275795530842,6.148594520356645,0.02998533932083907,0.004635598948858159,0.7863846628822078,0.1839998027552081
43.885,190.81593185000384,5.348881658100195,5.265787510778527,6.148551870610315,0.029985381787656484,0.004635601341837169,0.786384584607686,0.1839998027541867
43.933,191.01573686000484,5.35512060012364,5.272038757942636,6.148510926296139,0.029985420822009196,0.004635603520108636,0.7863845138811905,0.18399982828287698
43.984,191.2157130580017,5.361749476039958,5.278680710431759,6.148467423168279,0.02998545631211762,0.0046356056819764355,0.7863844472211906,0.18399982828385397
44.031,191.41602954200062,5.367988417958687,5.2849319632287735,6.148426487800032,0.029985440989081586,0.004635607420873949,0.7863843903086492,0.1839998524354236
44.082,191.61587210400467,5.374487316083881,5.291443685769634,6.148383846276501,0.02998542232803371,0.004635609076866912,0.7863843365285637,0.1839998524353792
44.13,191.8157113260022,5.380726258466315,5.297694940435161,6.148342909826001,0.02998540218890444,0.004635610474957355,0.7863842915245772,0.18399987184198885
44.179,192.01605032299994,5.387225156977256,5.30420666488523,6.148300266991393,0.02998537921301938,0.0046356117787207055,0.786384249908319,0.18399987184194444
44.229,192.21571367300203,5.3935940776340745,5.310588155715616,6.148258476260909,0.029985355016700885,0.004635612889791796,0.7863842147956004,0.1839998870471149
44.28,192.41567088800366,5.400352932291002,5.317360350853373,6.148214126042898,0.02998532783259169,0.00463561391546206,0.7863841827190367,0.1839998870470705
44.329,192.61566905899963,5.406591875056299,5.323611608600553,6.148173186547821,0.02998530164687606,0.004635614717084644,0.7863841579710364,0.18399989837685204
44.379,192.81571847700252,5.413090773727897,5.3301233360022335,6.14813054036288,0.029985273544455134,0.004635615423939425,0.7863841364494847,0.18399989837689645
44.428,193.0157296920006,5.419459694329505,5.336504829365572,6.1480887462175655,0.02998524547326488,0.004635615993510682,0.7863841194171722,0.18399990630593166
44.479,193.21624867700302,5.426218548684927,5.343277026860154,6.148044392283667,0.029985215429058,0.004635616476420746,0.7863841053136017,0.18399990630588725
44.529,193.41574965399923,5.43258746920768,5.349658520845523,6.148002596317946,0.02998518717359831,0.0046356168664130545,0.7863840940942856,0.1839999112900781
44.579,193.61574040599953,5.439086367827571,5.3561702494578745,6.14795994647189,0.029985158697546508,0.004635617221976937,0.7863840839435556,0.18399991129074422
44.625,193.81567885900586,5.445065354595853,5.3621610397470425,6.147920707831184,0.029985133075170808,0.004635617512905357,0.7863840756993247,0.18399991430908536
44.673,194.0157359549994,5.451304297190204,5.368412298947948,6.147879762393904,0.029985107185777553,0.004635617775601586,0.7863840683440257,0.18399991430912976
44.719,194.21574121400045,5.457283283602477,5.374403088643718,6.147840522316318,0.0299850834231567,0.004635617989106353,0.7863840624592513,0.18399991430908536
44.769,194.41624273200432,5.463912159547551,5.381045050630068,6.14779701626573,0.029985058545892198,0.0046356181813436365,0.7863840571466034,0.1839999164622963
44.817,194.6158906080018,5.470021123314271,5.387166073862336,6.147756921821644,0.029985037249355705,0.004635618333447969,0.7863840531014958,0.1839999164622519
44.864,194.81621866000205,5.476260064642549,5.39341733100921,6.1477159737709,0.029985017467315148,0.004635618474687849,0.7863840497446628,0.18399991769970647
44.913,195.0157359770019,5.482499005284601,5.399668586221603,6.147675027851381,0.029985009885046546,0.004635617647738634,0.7863840470113267,0.1839999176988627
44.964,195.21570771000552,5.489127881008402,5.406310542958353,6.147631530890709,0.029985037767975665,0.004635617664027395,0.7863840439980723,0.1839999182171148
45.014,195.41573686600168,5.495626779023987,5.412822265202395,6.147588886349834,0.029985067439533088,0.004635617665681877,0.7863840400678713,0.18399991821764772
45.063,195.61573168600444,5.501995699375301,5.419203753077688,6.147547094190783,0.029985098338153347,0.00463561774293109,0.7863840350434819,0.18399991832764861
45.111,195.81570584000292,5.508234641966126,5.425455006538741,6.147506154389161,0.029985129938130038,0.004635617886320961,0.7863840288522986,0.1839999183276042
45.162,196.0156900180009,5.5148635186335415,5.432096963329569,6.147462655218941,0.02998516453886874,0.004635618105234756,0.7863840208804903,0.1839999189543473
45.211,196.2158007360049,5.5212324713016425,5.4384775746507765,6.1474208447852225,0.02998517587471634,0.0046357640348397375,0.7863791556615732,0.18399991895465817
45.262,196.41564419700444,5.527861650912155,5.4451149321507595,6.147377254501368,0.029985096496705197,0.00463650725947122,0.7863543768407627,0.1839302738672277
45.31,196.61573478300124,5.534101026815854,5.451361755357453,6.14733622227306,0.029985022856859916,0.004637198830886853,0.7863313204205619,0.1839302738671833
45.357,196.81577990200458,5.540210542444833,5.457478507094159,6.147296042451728,0.02998495553656232,0.004637841963336319,0.7863098791879599,0.18393455127441172
45.408,197.0157383140031,5.546840161623217,5.464115757640108,6.147252437518205,0.029984883425476075,0.004638527956436342,0.7862870092374216,0.18393455127445613
45.459,197.21578208899882,5.553469903627315,5.470753321131371,6.147208834530167,0.029984821636756524,0.004639138663476259,0.7862666495645126,0.18394275417210615
45.508,197.41575356400426,5.559969776886843,5.477260671625818,6.14716608166683,0.029984761102130747,0.004639726165897562,0.7862470636773242,0.18394275417197292
45.559,197.61573264700564,5.566469749170757,5.483768254913171,6.147123330094421,0.029984707482594686,0.004640253739649228,0.7862294763706722,0.18394986880028164
45.608,197.8157665030012,5.5728397252340205,5.490145299968778,6.147081432896469,0.02998462261705089,0.004640796944282068,0.7862113680430495,0.1839498688015695
45.658,198.0157566650014,5.579469756479693,5.496782709987949,6.147037829460198,0.029984521413746055,0.004641321373145304,0.7861938840949338,0.18395605423453532
45.708,198.2157095720031,5.585839896689947,5.5031597832873365,6.146995931894985,0.029984423335185473,0.004641815449856799,0.7861774123262799,0.1839560542344909
45.758,198.41573261500162,5.59234014645483,5.509667281263793,6.146953181036632,0.029984330510497766,0.004642260004161883,0.7861625919450311,0.18396199441852445
45.804,198.61569907300145,5.5983204618381315,5.515654118705423,6.146913846419443,0.029984244262590075,0.004642665234709481,0.7861490830052907,0.18396199441852445
45.852,198.8157532050027,5.604560876347306,5.5219015288320215,6.146872803729277,0.029984161704213096,0.004643032474333936,0.7861368407533819,0.18396728717098298
45.903,199.01579038899945,5.611191400752209,5.52853933258906,6.146829191721823,0.029984073332817118,0.0046434204592627065,0.7861239067594606,0.18396728717098298
45.951,199.21588108500146,5.6174319720394985,5.534786918433891,6.146788146706613,0.02998399712760786,0.004643736445001186,0.7861133730660619,0.1839718395934664
46.002,199.41578824000317,5.624192665251392,5.5415550744115585,6.146743677400065,0.02998391448923355,0.004644076852173743,0.7861020251083112,0.1839718395933776
46.052,199.6157841460008,5.630563387952058,5.547932970217876,6.146701774782126,0.029983843251481068,0.0046443544241136295,0.786092771944552,0.18397575282476097
46.101,199.81579363000492,5.6370641861154125,5.55444097170907,6.146659013608134,0.029983770945849707,0.0046446368005856956,0.7860833584770965,0.1839757528248498
46.151,200.01571468600014,5.643435027049051,5.5608189995433595,6.146617108658286,0.029983706489437833,0.004644875662537543,0.7860753957059802,0.18397911849348247
46.202,200.2157408109997,5.650065956055473,5.56745730562342,6.1465734901706846,0.029983640389269033,0.004645123530741933,0.7860671325660278,0.18397911849352688
46.249,200.41572176100453,5.656176860276858,5.5735751143153,6.146533293504006,0.02998358536413908,0.004645320706575442,0.7860605594022392,0.18398201358440502
46.299,200.61566324200248,5.662807886718855,5.5802135421230865,6.146489673067497,0.02998352708401881,0.004645534617203698,0.786053428264735,0.18398201358436062
46.349,200.81576996100193,5.669178917053418,5.586591826866972,6.146447764717883,0.029983478284284326,0.004645704360984136,0.786047769506882,0.1839851978167939
46.399,201.01572029800445,5.675680005562926,5.593100248525737,6.146404998867005,0.029983430541473618,0.004645876800772335,0.7860420208508969,0.18398519781741562
46.445,201.216041452004,5.681791063341625,5.599218226129388,6.146364798601038,0.02998338999973811,0.0046460242605908825,0.7860371053338953,0.18398659410978624
46.495,201.41573459500069,5.688162205401173,5.605596517548458,6.14632288587969,0.02998335098570973,0.004646178168020852,0.7860319761366441,0.1839865941100527
46.542,201.6157597019992,5.694273490936057,5.611714569765337,6.146282689299841,0.02998335915388872,0.004646327688075592,0.7860269691126587,0.1839883961440858
46.591,201.81606018399907,5.7007748778813845,5.6182231417553545,6.146239926932596,0.02998337567260122,0.004646480405813692,0.7860218708871729,0.18398839614417462
46.64,202.01574970400543,5.707016221954682,5.624471437982091,6.146198875422919,0.029983396308046695,0.004646608933287772,0.786017581461463,0.18399016179806438
46.692,202.21570325300127,5.713777703596579,5.631240419992863,6.146154401590803,0.02998342090429393,0.004646743804643834,0.7860130818791468,0.18399016179793115
46.74,202.41568227000243,5.720019081793845,5.63748877094292,6.146113349018301,0.029983447004056918,0.004646852309720309,0.7860094627805505,0.18399172231231553
46.788,202.6157341010039,5.726260478749958,5.643737119575116,6.146072295334615,0.029983474058857686,0.0046469572193022345,0.7860059644154707,0.1839917223122267
46.835,202.81590983900242,5.732501885559064,5.649985510165356,6.146031241545043,0.029983502877024254,0.004647050369155153,0.7860028587995876,0.1839930396469569
46.887,203.01572353500524,5.739133395941576,5.656624432239969,6.145987620966104,0.029983533715054307,0.004647144269037887,0.7859997287571149,0.18399303964704572
46.934,203.2157279940002,5.7452447964357685,5.662742688262873,6.145947421404244,0.02998356265149358,0.004647221193935463,0.7859971650635642,0.18399414970877714
46.985,203.41582769100205,5.7520063592373125,5.669511829219212,6.145902944448389,0.02998359372241293,0.004647301843759805,0.7859944777566495,0.18399414970886596
47.034,203.61566983000375,5.7582478097806,5.675760296809607,6.1458618886259915,0.029983621430766688,0.004647367992055506,0.7859922746169198,0.18399508332676007
47.082,203.815904795003,5.764619307230151,5.682138982935925,6.1458199830782485,0.029983619482403107,0.004647427705321455,0.7859902878121781,0.18399508332485048
47.093,203.85969477100298,5.765919615378523,5.683440759287862,6.145811431738601,0.029983614476315385,0.0046474392676684444,0.7859899025414381,0.18399508332485048
47.114,203.95110828999896,5.768650260966184,5.686174499937172,6.145793474081032,0.029983603956775497,0.004647461175781022,0.7859891726299681,0.18399508332485048
47.162,204.15129911000258,5.775021770265569,5.692553238235478,6.145751572596618,0.029983578125992342,0.004647508863188728,0.7859875841158374,0.18399586230688492
47.211,204.35108607300208,5.7812632568514,5.698801795836011,6.14571052539662,0.029983550850712144,0.004647554165942839,0.7859860752909577,0.1839958623068405
47.262,204.55116114200064,5.787894838753098,5.7054409066939815,6.145666912276893,0.02998352069101481,0.004647596741324766,0.7859846576697954,0.18399644473507948
47.31,204.751089313002,5.79413633478237,5.711689478765472,6.145625863650649,0.029983490843998654,0.0046476357123176465,0.7859833602117359,0.18399644473503507
47.36,204.95114337500127,5.800637894923323,5.718198423773168,6.145583104074323,0.029983459098381026,0.004647671560175705,0.785982167020831,0.18399693703563536
47.409,205.15103174600517,5.807009430179557,5.724577186759063,6.145541198622018,0.029983427029117566,0.0046477058239659435,0.7859810266178172,0.18399693703563536
47.46,205.3511085889986,5.813641029498883,5.7312163216535845,6.145497582036624,0.02998339347516301,0.004647737180684718,0.7859799832025041,0.18399736032006508
47.509,205.55132268700254,5.820012571432059,5.737595095505078,6.145455674819375,0.029983360840352018,0.004647766546248427,0.7859790060407115,0.1839973603206868
47.559,205.75116248900304,5.826514145797066,5.744104060348751,6.145412911624404,0.029983327885323915,0.004647792876158705,0.7859781300538129,0.1839977232975798
47.609,205.95120285300072,5.833015724678511,5.75061302256444,6.145370147350207,0.029983295118652522,0.004647818538090516,0.7859772762351592,0.18399772329749098
47.657,206.1515302570042,5.839257240996267,5.756861636074508,6.145329092955981,0.029983264492405248,0.004647840164003796,0.7859765568022303,0.18399803397324277
47.704,206.3511842299995,5.845368729376447,5.762980066717215,6.145288892925164,0.029983235151080274,0.004647861076472556,0.7859758610084348,0.18399803397324277
47.748,206.5515866880014,5.851220154248927,5.768838147848977,6.145250403002804,0.029983208266748763,0.00464787841497388,0.7859752842102218,0.18399829954196534
47.789,206.75134487800096,5.856421423235482,5.774045328141901,6.1452161890777415,0.029983185204659087,0.004647893771467274,0.7859747732681506,0.18399829954196534
47.828,206.95112278200395,5.8614926607148865,5.779122333439608,6.145182830108006,0.029983163840999,0.004647907261300321,0.7859743243492487,0.18399852630910374
47.872,207.15112275800493,5.867214058046138,5.784850237556736,6.14514519381624,0.02998314108979901,0.004647921711063156,0.7859738434919157,0.18399852630901492
47.915,207.3511900720041,5.8728054249045405,5.790447962185409,6.145108412393957,0.029983120439603855,0.004647935156733259,0.7859733962244574,0.1839985263089261
47.958,207.551306207999,5.878396791390466,5.796045690348782,6.145071630707923,0.029983101954151877,0.004647947210100827,0.785972995476081,0.183998719780476
48.003,207.7514043120027,5.884248215583829,5.801903769064774,6.145033144146561,0.02998310890434636,0.004647958139099725,0.785972600632949,0.18399871977790028
48.048,207.95115142700524,5.890099637621831,5.807761854651461,6.1449946610876545,0.029983132605722385,0.0046479675532613675,0.7859722828663392,0.1839989287058863
48.099,208.15110530300444,5.896731251991775,5.814401015941835,6.14495104639186,0.029983161642328948,0.0046479783176829855,0.7859719204032921,0.18399892870579748
48.15,208.35110172600253,5.903362869071846,5.821040180008955,6.144907431121039,0.029983192637221497,0.004647988352971751,0.785971583590229,0.1839990126712543
48.2,208.55109567600448,5.909864457145472,5.827549162288055,6.144864670348431,0.02998322434780947,0.004647998278926368,0.7859712514529172,0.1839990126713431
48.247,208.75134409300517,5.916105983810045,5.833797789739514,6.14482361944138,0.029983255799572804,0.004648006832050931,0.7859709658449212,0.18399912316473532
48.296,208.95110778100207,5.922347512653048,5.840046415343111,6.144782567845284,0.02998328772238328,0.004648015466992332,0.7859706780538728,0.18399912316473532
48.346,209.15123648800363,5.928849107150951,5.846555404087836,6.144739805132747,0.02998332125107753,0.004648023607668971,0.785970407207735,0.18399922550207393
48.396,209.35115776400198,5.9353507036871465,5.853064391434029,6.1446970416774205,0.02998335454818562,0.004648031749522636,0.7859701366995838,0.1839992255019851
48.446,209.55107309600135,5.941852301732508,5.859573381924722,6.14465427758106,0.02998338735723761,0.004648039107596754,0.7859698926309537,0.18399931785575419
48.496,209.7511727720048,5.948483933575193,5.866212550822825,6.144610657470383,0.029983419803681178,0.0046480466220527,0.785969643636818,0.18399931785557655
48.547,209.95124024899997,5.954985534626646,5.872721542725692,6.1445678920571085,0.029983450341971182,0.004648053261582968,0.7859694240119951,0.18399940121875957
48.596000000000004,210.15111719800188,5.96135710498534,5.879100353479375,6.144525981352079,0.02998347852260399,0.00464805979524401,0.785969208116396,0.18399940121875957
48.646,210.35118302600313,5.967858707948462,5.88560934720667,6.144483215077419,0.029983504430205296,0.004648065796112963,0.7859690109845798,0.18399947653122695
48.698,210.55109350800194,5.974620372551443,5.892378696728554,6.1444387478119795,0.029983489950565018,0.004648072315421776,0.7859687957493564,0.1839994765320263
48.748,210.7510834460045,5.981121974263971,5.898887692391869,6.144395991676176,0.029983468638827032,0.004648077531383502,0.7859686229084779,0.18399956495400716
48.798,210.9511527210052,5.987753609290399,5.90552686802893,6.144352379782772,0.02998344459526269,0.004648082727686164,0.7859684510535745,0.18399956495400716
48.848,211.15107695299957,5.994125181442617,5.911905686614235,6.144310477512745,0.029983419758827373,0.004648087200679903,0.7859683036342681,0.18399960616974909
48.899,211.3510898240056,6.000756818860777,5.918544864962482,6.14426686414895,0.02998339240612315,0.0046480917822978845,0.7859681530863999,0.18399960616966027
48.947,211.5511230100019,6.006998360808662,5.924793506902892,6.144225815549371,0.029983365663273993,0.0046480954328081536,0.7859680333078141,0.18399965781599192
48.997,211.75108820800233,6.013499967771009,5.931302508837676,6.14418305573199,0.029983336992717196,0.004648099135016564,0.785967911747102,0.18399965781616956
49.046,211.9510973159995,6.019871543127086,5.937681333593702,6.14414115028529,0.02998330846119027,0.004648102187532196,0.7859678116844808,0.18399970175337899
49.097,212.1514287320024,6.02650318331027,5.944320518577135,6.144097533467725,0.029983278551397458,0.004648105240336711,0.7859677115550543,0.18399970175329017
49.144,212.35109250700043,6.032614695157365,5.950438985333166,6.144057336754811,0.029983251127670935,0.004648107595879184,0.7859676344306994,0.18399973733451702
49.194,212.5511406000005,6.039116303800039,5.956947992495562,6.144014573385561,0.029983222337228527,0.004648109992237534,0.7859675559174684,0.18399973733513875
49.242,212.75119152299885,6.045357848257703,5.963196640916258,6.143973519707855,0.029983195385089416,0.004648111932272691,0.7859674924504976,0.18399976568241883
49.29,212.951112226001,6.051599392852135,5.969445289357062,6.143932465193588,0.029983169333524476,0.00464811376301301,0.7859674325220342,0.18399976568241883
49.336,213.1510742169994,6.0575808731583525,5.975433578367183,6.14389312053893,0.02998314547092107,0.004648115270965763,0.7859673832214469,0.18399978800056616
49.385,213.35110459299904,6.06395245003868,5.981812408020827,6.143851209143407,0.029983121465093514,0.004648116763547612,0.7859673344265276,0.18399978800056616
49.43,213.5511517480045,6.069803898099489,5.987670517304158,6.143812718421174,0.02998310092456074,0.004648117954257364,0.7859672954315426,0.18399980546828232
49.476,213.75112222000462,6.07578537822357,5.993658806789775,6.143773371732515,0.029983081618092933,0.004648119066365177,0.7859672591112714,0.1839998054681935
49.525,213.95111337600247,6.082156954443637,6.000037636682443,6.143731458344226,0.029983063231220852,0.004648120123302425,0.7859672250582956,0.18399981901060514
49.574,214.1511162759998,6.08852852882573,6.006416465854342,6.143689545071356,0.029983050540723012,0.0046481206952821135,0.7859672014488286,0.18399981901122686
49.623,214.351146523004,6.094900106186882,6.012795293811191,6.1436476406205704,0.029983087287939334,0.004648120785120727,0.7859671784672632,0.18399982864254483
49.673,214.55109472900222,6.1014017165254515,6.019304301900042,6.1436048805065955,0.02998312774485735,0.004648121391083478,0.7859671534265841,0.18399982864263364
49.72,214.75105651500053,6.107513231059621,6.02542276905022,6.14356468544944,0.029983167580071985,0.004648122119228572,0.7859671262132992,0.18399982864201192
49.77,214.95159469200007,6.114144875326644,6.032061956346658,6.143521068889386,0.02998321220791328,0.004648123056133662,0.7859670931128523,0.1839998351551131
49.82,215.1510884340023,6.120516455917745,6.0384407827819855,6.143479162118157,0.029983255931255663,0.004648124103341065,0.7859670573903744,0.18399983515386964
49.87,215.3511858550046,6.127018069500946,6.044949788830543,6.14343639942242,0.02998330088318492,0.00464812528978935,0.7859670177657019,0.183999843920013
49.919,215.55108624100103,6.1333896515276,6.051328614044528,6.143394491301909,0.029983344770511833,0.004648126586154523,0.7859669750555222,0.183999843920013
49.969,215.75108837800508,6.139891266468777,6.057837618742555,6.143351727231244,0.029983388892437766,0.004648128004505135,0.7859669287622154,0.1839998555063893
50.018,215.9511329740053,6.146262849713284,6.064216442672447,6.1433098177890555,0.02998343099596809,0.004648129495155957,0.7859668804381067,0.18399985550558995
50.066,216.15145124099945,6.152504401021359,6.070465086434544,6.143268763061861,0.029983470667177117,0.004648130963829454,0.7859668332186919,0.18399986968438142
50.109,216.35113605199876,6.158095790815648,6.076062830943271,6.143231984490537,0.029983504253278188,0.004648132207031071,0.785966794072675,0.18399986968491433
50.156,216.5510787710009,6.164207309558945,6.082181298512213,6.143191789979862,0.029983510030315245,0.004648133454774683,0.7859667562673299,0.1839998857284364
50.198,216.75129467700026,6.169668666897354,6.087648866184188,6.143155874572154,0.02998349568297748,0.004648134517049992,0.7859667220200727,0.1839998857289693
50.248,216.95110876400577,6.176170282827327,6.094157876563957,6.14311311762726,0.029983476196802618,0.00464813556607784,0.7859666886765971,0.1839998999039416
50.295,217.15112344700174,6.182281802064386,6.100276346804219,6.143072925492302,0.029983455795686776,0.004648136492442379,0.785966659503162,0.18399989990411925
50.34,217.35102711900254,6.1881332566731375,6.10613445754731,6.143034443061501,0.029983434651508326,0.004648137215496859,0.7859666371498717,0.18399991158224438
50.389,217.55118852200394,6.194504840716881,6.112513289756648,6.142992539236331,0.029983410089830624,0.0046481379262769745,0.7859666154432555,0.18399991158242202
50.438,217.75105923600495,6.200876424745568,6.118892122753816,6.142950634609601,0.029983384211596725,0.0046481384949724185,0.7859665985167196,0.1839999200196729
50.488,217.95110366500012,6.20737804110081,6.125401136535856,6.142907873918795,0.029983356733362405,0.004648138981478633,0.7859665843767013,0.18399992001976173
50.536,218.15108285799943,6.213619593040285,6.131649790145809,6.142866822800146,0.029983329609878505,0.004648139384642486,0.7859665729042792,0.1839999255257574
50.578,218.35111456500454,6.21908095116897,6.137117362213548,6.142830902371323,0.029983305489903505,0.004648139707442471,0.785966563821106,0.1839999255257574
50.618,218.5510892050006,6.224282244755008,6.142324573814706,6.142796691829121,0.02998328235688428,0.0046481399879304,0.785966556015558,0.1839999255262903
50.666,218.75115411200386,6.230653829542088,6.148703408141745,6.142754783107644,0.029983254038133938,0.004648140293579278,0.7859665476315845,0.18399992898343598
50.715,218.9512845460049,6.236895382049366,6.154952062202779,6.142713728816601,0.02998322657743318,0.004648140557583678,0.7859665404911373,0.18399992898281425
50.761,219.1511364110047,6.242876869828529,6.160940355570628,6.1426743843511655,0.029983200773083703,0.00464814076784153,0.7859665349636632,0.18399993213353838
50.81,219.35113264300162,6.249248454413,6.1673191894822414,6.142632473143313,0.029983174102054748,0.004648140953618956,0.7859665302282834,0.18399993213424892
50.859,219.55109657600406,6.255620038748417,6.173698022976544,6.142590561149561,0.029983148544611406,0.004648141102062972,0.7859665266208443,0.18399993321507324
50.909,219.75104866300535,6.262121655096062,6.18020703624351,6.142547793052672,0.029983123890495525,0.004648141216893583,0.7859665238986752,0.1839999332148956
50.958,219.9511808150055,6.268493238739287,6.186585868692947,6.142505879642881,0.02998310140609209,0.004648141304471228,0.7859665220341274,0.18399993398876546
51.005,220.15107794100186,6.2746047573013355,6.192704340045417,6.142465676442767,0.02998308172595567,0.00464814138682008,0.7859665205483484,0.18399993398867664
51.055,220.35113738600194,6.281106372213721,6.1992133507896146,6.1424229082032795,0.02998306924625999,0.004648140690053061,0.7859665191825318,0.1839999340686127
51.104,220.5511239719999,6.287477956065832,6.205592179117992,6.142381004157342,0.02998309574763889,0.004648140553967629,0.7859665179876099,0.18399993406870152
51.153,220.75111191700125,6.293849540132147,6.211971007437031,6.142339099691771,0.02998312456028684,0.004648140477740805,0.7859665160474195,0.18399993383271251
51.202,220.95111282200378,6.300221126542554,6.218349785140506,6.142297193768183,0.029983153920037236,0.004648148861224972,0.7859662336327653,0.18399993383333424
51.251,221.15110037400154,6.306592859440362,6.224726086496539,6.142255239360225,0.02998312228657181,0.004648560001740841,0.7859525234237603,0.18395980355796482
51.3,221.35113733100297,6.312964680132297,6.231102300312804,6.1422132806396155,0.029983091663780218,0.004648971264696827,0.7859388099934789,0.183959803557876
51.35,221.55162745399866,6.31959665917048,6.237738832845328,6.1421696077650125,0.029983064448265796,0.004649373712229479,0.7859253911502538,0.1839622663853291
51.4,221.75105643999996,6.325968644482141,6.244115028174903,6.142127643396266,0.029983038639713074,0.004649760006223682,0.7859125114401669,0.18396226638559554
51.45,221.9511459130008,6.332470738026948,6.25062156216915,6.142084824090626,0.02998301969146859,0.004650105936023148,0.7859009779887692,0.18396699109812786
51.499,222.15120687099989,6.3389729061814535,6.257128026926233,6.142042001052126,0.029983000405849405,0.004650451007572786,0.7858894734938505,0.18396699109812786
51.548,222.35110066299967,6.3452150439318356,6.263374409338836,6.142000892097686,0.029982987324164996,0.004650742149426281,0.7858797673641379,0.18397109006045298
51.599,222.55113115600398,6.351847380967776,6.270011129348184,6.141957210492477,0.029982972318107405,0.004651050724451552,0.7858694802866575,0.1839710900605418
51.648,222.75127447100385,6.35821967453256,6.276387794552147,6.141915243871424,0.029982963228815537,0.004651302716993195,0.7858610799688618,0.18397564188568083
51.699,222.95109728500393,6.364852115419822,6.2830246776646375,6.141871561536491,0.029982951715521365,0.004651564048536177,0.7858523687300154,0.18397564188630255
51.747,223.15109062600095,6.371094421467971,6.289271110527636,6.141830452298604,0.02998292064681286,0.0046518024452332244,0.7858444226611376,0.1839776905917745
51.797,223.3511282719992,6.377596835072086,6.295777634721502,6.14178763223695,0.0299828609731016,0.004652063500614638,0.7858357193727158,0.1839776905918633
51.845,223.5510968910021,6.383839205585868,6.302024031350082,6.141746525563973,0.029982805779235202,0.0046522853809032,0.7858283225314174,0.1839804781092802
51.895,223.7510926169998,6.390341723831082,6.3085306640390755,6.141703703749276,0.029982746682277666,0.004652513730910722,0.7858207102131619,0.1839804781092802
51.945,223.9513604340027,6.396844291792198,6.315037428884654,6.141660882370378,0.029982690233448687,0.004652714119394637,0.7858140307490763,0.18398319110835004
51.995,224.15104278999934,6.403346902873625,6.321544176026747,6.141618058839337,0.0299826330470629,0.004652910635089772,0.7858074804359249,0.18398319110835004
52.042,224.35112548799952,6.409459396357363,6.327660625406433,6.141577804922273,0.02998258185278681,0.004653072843141261,0.7858020737633659,0.1839855327206763
52.091,224.55108714400558,6.415832030781569,6.334037337067572,6.141535836181048,0.029982528349393602,0.0046532384580165315,0.7857965534423631,0.1839855327206763
52.14,224.75110563500493,6.422204700558504,6.340414132574303,6.141493867209971,0.02998247730393884,0.004653385674079553,0.7857916464621039,0.18398754236752524
52.191,224.95109308400424,6.428837511917026,6.347051204806931,6.141450183470971,0.029982424840222593,0.004653533931991918,0.7857867046825744,0.18398754236823578
52.24,225.15118431600422,6.435210243949971,6.353428071035677,6.141408212430033,0.029982377088688124,0.00465366055410127,0.7857824841186237,0.18398926954086292
52.287,225.3512419020044,6.441322889220712,6.359544657396014,6.14136795305735,0.02998233235161929,0.0046537780713385045,0.7857785669719036,0.18398926954086292
52.333,225.5512982260043,6.447435558541694,6.3656612939341395,6.141327693185352,0.029982290099670492,0.004653884073361353,0.7857750336693476,0.1839907544235686
52.382,225.75113303200487,6.453678306351894,6.371908082024925,6.1412865755580315,0.029982248701554328,0.004653987313064274,0.7857715923953789,0.1839907544241015
52.431,225.95114035200095,6.4600511336547495,6.378285047154489,6.14124460058405,0.029982209113763897,0.004654083701869798,0.785768379482244,0.18399203104131345
52.479,226.15116736100026,6.466293922558992,6.384531886660211,6.1412034812969996,0.029982172699413796,0.0046541725338096794,0.7857654184126822,0.18399203104131345
52.528,226.35133506900456,6.472796847419412,6.391039037677937,6.141160647942157,0.029982137716550783,0.004654257851816841,0.7857625743929925,0.1839931287725527
52.579,226.55107226200198,6.479299790152372,6.397546206896064,6.141117813772915,0.029982105771102302,0.004654337515424208,0.7857599191318095,0.18399312877246388
52.625,226.7510510860011,6.485282513470084,6.403532821305256,6.141078405774346,0.029982079583789546,0.004654405590854425,0.7857576507178353,0.1839940730941514
52.671,226.95113814700017,6.491265307753769,6.409519455256917,6.141039001372799,0.029982082172856268,0.004654475737629483,0.7857552877481633,0.18399407308997695
52.714,227.15110231700237,6.496857946952189,6.415115676350817,6.141002169877558,0.02998210592633125,0.0046545393611179715,0.7857531621898616,0.18399407309352966
52.759,227.35110727500432,6.502710714336625,6.420972211751834,6.140963625176996,0.029982133729963768,0.004654599052467942,0.7857511682826523,0.18399491363725318
52.802,227.5512035970023,6.508303369936388,6.426568446520733,6.140926792674209,0.02998216171204473,0.004654656023697879,0.7857492664121304,0.18399491363716436
52.849,227.75102969,6.514546336726535,6.432815447246036,6.140885677451679,0.029982195629116415,0.004654709820855403,0.7857474711638237,0.18399571387961444
52.901,227.95111546800035,6.521179501803972,6.439452872647113,6.140841991325183,0.02998223245652189,0.004654767160252616,0.7857455586447527,0.18399571387970326
52.951,228.1511498550026,6.527682607974392,6.445960188405335,6.140799161684154,0.029982270221888044,0.004654814553223488,0.7857439785007658,0.18399639042128157
53.0,228.3511066650026,6.534185724863313,6.452467493558674,6.140756330922138,0.029982307737718806,0.004654862080081822,0.7857423944464943,0.18399639042199212
53.044,228.5512320429989,6.539778407014516,6.4580638026719726,6.140719496375488,0.0299823404266083,0.004654896548068881,0.7857412460893289,0.18399696100743768
53.093,228.75117553699965,6.546151471550838,6.464440983983044,6.140677521198802,0.029982376583619245,0.004654935934740489,0.7857399342143416,0.18399696100779295
53.14,228.9511449040001,6.552264413883814,6.470557890928567,6.140637259008774,0.029982410488308332,0.0046549688322633795,0.78573883903303,0.18399744298163156
53.19,229.15110982199985,6.5587675502722576,6.477065239047305,6.140594426287463,0.029982444108744937,0.0046550026710444805,0.7857377137073881,0.18399744298163156
53.237,229.3511237480052,6.564880504934572,6.483182180487259,6.140554170596187,0.029982438552952833,0.004655028577289766,0.7857368533691224,0.1839978503498152
53.286,229.55108806300268,6.5712535908865455,6.489559426116964,6.140512204006674,0.029982417473687423,0.004655053511688557,0.7857360233638019,0.183997850349904
53.334,229.7510892640057,6.577496615655807,6.495806531979185,6.140471093417941,0.029982394851162303,0.004655075400917635,0.7857352951008919,0.18399817316936407
53.384,229.95124039200164,6.583999769592629,6.5023139358180915,6.140428269164727,0.029982369333936748,0.004655096966775975,0.7857345778677086,0.18399817316936407
53.434,230.1511180170055,6.5905029254690355,6.508821345537382,6.140385444202769,0.029982342263311187,0.004655116501035583,0.7857339284999953,0.1839984282024254
53.485,230.35107618800248,6.597136147198105,6.515458905008377,6.140341761853641,0.02998231321483867,0.004655135319572167,0.7857333031122165,0.18399842820251422
53.534,230.55107282099925,6.603509244034568,6.521836173091595,6.140299791743075,0.02998228434195184,0.00465515164507917,0.785732760796791,0.18399864612677064
53.585,230.75106545200106,6.61014246947169,6.528473738972974,6.1402561076169295,0.029982253456507887,0.004655167707202198,0.7857322273364244,0.18399864612668182
53.629,230.95141993000288,6.615865253154769,6.534200269993639,6.1402184186251745,0.029982226450974037,0.0046551802768456645,0.7857318100028235,0.18399883233044534
53.676,231.1512044100018,6.622108291220748,6.540447396178213,6.140177302536455,0.029982196786079548,0.0046551931544354065,0.7857313825018885,0.18399883233044534
53.724,231.3512896809989,6.628221267087436,6.546564375787473,6.140137042213029,0.029982167799602402,0.0046552048348851805,0.7857309947960815,0.18399899080261406
53.774,231.55108061899955,6.634724433702131,6.553071803290126,6.140094211216485,0.029982137319364412,0.004655216231326622,0.7857306165651624,0.1839989908027917
53.824,231.7511026140055,6.641227601317708,6.559579232022896,6.140051379321529,0.02998210746618348,0.0046552268191010155,0.7857302651737845,0.18399912526723128
53.873,231.95125073300005,6.647600706072762,6.56595651420689,6.140009403248637,0.029982079128703255,0.004655236281932207,0.7857299511334596,0.18399912526740891
53.923,232.15143963200535,6.654233938043876,6.572594095307204,6.139965713042769,0.029982050887587965,0.0046552452680719055,0.7857296529227554,0.18399927037746622
53.975,232.3510937980027,6.660867169973113,6.579231679107414,6.139922022082092,0.029982024248937002,0.004655253220104381,0.785729388949782,0.18399927037746622
54.026,232.5512749289992,6.6675004024960245,6.585869262658328,6.139878330368854,0.0299819994275986,0.004655260735124247,0.7857291394590321,0.18399933277430947
54.078,232.7510732640003,6.674263698817623,6.592636994666106,6.1398337812875,0.029981976389680164,0.004655267957411678,0.7857289000141904,0.18399933277430947
54.128,232.9510805270038,6.680766865988656,6.599144428181632,6.1397909467525,0.029981962909939177,0.004655273467145984,0.7857286961611714,0.18399941188622648
54.179,233.15110707699932,6.687400093756868,6.605782006006771,6.139747264803979,0.029981989696926753,0.004655278790443111,0.7857285140979007,0.18399941188604885
54.228,233.35114049900585,6.6937731961273865,6.61215928776766,6.139705295420023,0.02998201777080181,0.0046552834998949515,0.7857283509724758,0.18399947805649575
54.28,233.55111252300412,6.700536490007377,6.61892701613197,6.139660755915713,0.02998204961509359,0.004655288320563741,0.7857281859146611,0.18399947805649575
54.329,233.75118628700147,6.706909595269347,6.625304299359876,6.139618785403979,0.029982081106648486,0.004655292678806212,0.7857280380377936,0.18399953153052095
54.38,233.95136363100028,6.713542828655319,6.631941880121639,6.139575101146784,0.029982114966306248,0.004655297103907154,0.785727888995651,0.18399953153052095
54.429,234.15109325600497,6.719915936476954,6.638319164108551,6.139533129340514,0.02998214815682348,0.004655301190067402,0.7857277521669032,0.18399958050840937
54.48,234.35108987900458,6.726549172356647,6.644956745478657,6.139489443693382,0.029982182974714486,0.0046553053464910305,0.7857276136513734,0.18399958050796528
54.531,234.55109829600406,6.733182409365011,6.651594327302392,6.139445757330628,0.029982217679705027,0.004655309333012072,0.7857274813377879,0.1839996260411425
54.582,234.75109276299918,6.739815647429162,6.6582319090568785,6.139402070250163,0.02998225185612361,0.004655313237082824,0.7857273521935213,0.18399962604087605
54.633,234.95108677900134,6.746448886425402,6.664869491189549,6.139358382479023,0.029982285119635837,0.0046553169675089,0.7857272291745151,0.18399966854918404
54.686,235.15133891200094,6.753342253380416,6.671767370218332,6.139312980746659,0.02998231826848135,0.004655320795051415,0.7857271032667161,0.1839996685479406
54.734,235.3514329009995,6.759715366860581,6.678144655054038,6.139271004979282,0.029982347232897437,0.00465532414786292,0.785726993315418,0.18399970836240342
54.784,235.551064942003,6.7660884807261406,6.684521940814507,6.1392290288230935,0.029982373804326896,0.004655327378835486,0.7857268880588776,0.18399970836506796
54.834,235.7514605020042,6.772721720326064,6.69115952536924,6.139185347037366,0.02998236812244212,0.004655330541959021,0.7857267850239144,0.18399974567078203
54.886,235.9511811600023,6.779354959965534,6.697797110775852,6.139141668049421,0.029982347196270808,0.004655333510016668,0.7857266871776868,0.18399974567095967
54.925,236.1072039550054,6.784427437790895,6.7028729131044615,6.139108266097371,0.029982329577552532,0.004655335479703453,0.7857266225696125,0.1839997884264477
54.948,236.191082972,6.78741889922843,6.705866335648227,6.139088567336463,0.02998231861989834,0.004655336528282196,0.7857265882921327,0.1839997884263589
54.999,236.39106380100566,6.794052140260413,6.712503924920755,6.139044886938786,0.029982293000715685,0.004655338815498149,0.7857265138967957,0.1839997884264477
55.049,236.5910884440018,6.800555318234679,6.7190113669549385,6.139002062272118,0.029982266449821014,0.004655340782158425,0.7857264505022642,0.18399980645815717
55.101,236.79099755600328,6.807318623791724,6.725779106930861,6.13895752374802,0.02998223765361344,0.004655342739845038,0.7857263873203104,0.18399980645860126
55.152,236.99096451199875,6.813951866071672,6.732416699978788,6.138913840856862,0.029982208618914697,0.004655344300489389,0.7857263371860476,0.1839998281072397
55.204,237.1910323070042,6.820715172172866,6.739184442147199,6.138869300478039,0.029982178510761803,0.004655345796693497,0.78572628909704,0.1839998281073285
55.255,237.39097494300222,6.82734841479398,6.745822036860666,6.138825615704957,0.02998214885370035,0.00465534697213303,0.7857262515366691,0.18399984547006198
55.306,237.5910034740009,6.833981657467967,6.752459631751199,6.138781929968743,0.02998211937035862,0.004655348052980824,0.7857262170015266,0.18399984547006198
55.358,237.79099048300122,6.840744963667241,6.759227376547521,6.138737386675366,0.029982089845305804,0.004655348923603675,0.7857261893743543,0.18399985839350208
55.409,237.99106941799982,6.847378206199771,6.7658649724984326,6.1386936990252785,0.029982061717354756,0.004655349687572006,0.7857261651511028,0.18399985839350208
55.46,238.1914781939995,6.854011448586716,6.772502568996427,6.13865001045838,0.029982034735696834,0.004655350288297037,0.7857261462558585,0.18399986755106568
55.51,238.39099044500472,6.860514627267373,6.779010016506398,6.138607177661945,0.02998200967288324,0.004655350812337223,0.7857261298035051,0.18399986755088804
55.559,238.59106356600387,6.86688774220438,6.78538731528072,6.1385652007345,0.029981986719283843,0.004655351219018324,0.7857261171101562,0.1839998736926418
55.61,238.79100581900275,6.873520983940985,6.792024911667565,6.138521509688426,0.02998196478010766,0.004655351582580889,0.7857261057861448,0.18399987369193127
55.662,238.99099349600147,6.8802842888738205,6.798792656398024,6.138476961215743,0.02998194479400915,0.004655351909457257,0.7857260960050138,0.18399987764130543
55.712,239.19094919000054,6.886787465768585,6.8053001015152255,6.1384341256619335,0.029981928857950087,0.004655352219454039,0.7857260878486009,0.18399987764086134
55.763,239.39098474800267,6.893420708651359,6.811937693470829,6.138390441889473,0.029981960671369882,0.004655351601061808,0.7857260786689217,0.1839998805762022
55.81,239.59103742099978,6.899533697808199,6.818054689760611,6.138350184955784,0.029981998341335976,0.004655351780046236,0.7857260691635565,0.18399988057584693
55.861,239.79117205199873,6.906166941593405,6.82469228136602,6.138306501331735,0.029982041315430374,0.004655352051254984,0.7857260575738501,0.1839998818550903
55.906,239.99096125300275,6.9120198038994465,6.830548979715946,6.13826795642555,0.029982080554053037,0.004655352358001552,0.7857260460811979,0.1839998818550903
55.957,240.19102223100344,6.918783111658292,6.837316719890102,6.1382234149896675,0.02998212688154492,0.004655352780339913,0.7857260314131499,0.1839998844405777
56.005,240.39107576000242,6.924896101861103,6.843433715241168,6.138183155746821,0.02998216917311285,0.004655353308166541,0.7857260139135204,0.18399988444040005
56.057,240.59111968600337,6.931659410814507,6.85020145411629,6.138138612890212,0.029982215891541868,0.004655354044215584,0.7857259900282106,0.18399988804986833
56.106,240.79117390200554,6.938032529516793,6.856578745512398,6.138096639121916,0.02998225934138183,0.004655354930619479,0.7857259615191403,0.1839998880496907
56.159,240.99099439199927,6.944925903364765,6.863476631455281,6.138051238195764,0.029982305163372608,0.004655356004321814,0.7857259272536068,0.18399989430593067
56.21,241.1910266679988,6.951559150407983,6.870114219173478,6.1380075498335405,0.0299823475217355,0.0046553571677300344,0.7857258903517366,0.18399989430584185
56.262,241.390975883005,6.958322461049636,6.876881957504671,6.137963004344145,0.029982387971983628,0.0046553582058654,0.7857258587640915,0.18399990413877632
56.307,241.59097378200386,6.964175325806975,6.882738655960139,6.137924461412722,0.02998238812359301,0.004655359170436572,0.7857258299417245,0.18399990413797696
56.357,241.79108193800494,6.970678508861777,6.8892461001995695,6.137881638450209,0.029982370653546205,0.00465536005578179,0.7857258018842044,0.18399991509499003
56.403,241.99114020100387,6.976661437517281,6.895232949400356,6.1378422408066875,0.029982352294978726,0.004655360818696148,0.7857257780056295,0.18399991509499003
56.455,242.19108337999933,6.983424748161181,6.902000693251735,6.1377977036642495,0.029982329305832802,0.004655361471377972,0.7857257581861676,0.1839999272292836
56.503,242.39121067800443,6.989667804305351,6.9082478419323445,6.137756591731763,0.029982306267881172,0.004655362014436908,0.7857257419884445,0.1839999272292836
56.553,242.5910188340058,6.99617098789369,6.914755289172604,6.137713766009757,0.02998228072641121,0.00465536247600457,0.78572572865699,0.18399993170321594
56.604,242.7910305780024,7.002804235479218,6.92139288568776,6.137670082882035,0.02998225334888065,0.004655362916408351,0.7857257161009833,0.18399993170383766
56.655,242.9910033769993,7.009437483470415,6.928030482604029,6.137626398819501,0.02998222495395802,0.004655363306021191,0.7857257052275339,0.18399993614570676
56.703,243.19119590600167,7.0156805406021325,6.934277632837181,6.137585283535183,0.02998219758567352,0.004655363642357096,0.7857256959646891,0.18399993614632848
56.751,243.39101716699952,7.02192359796943,6.940524783299036,6.137544167395575,0.029982169871496777,0.004655363934703386,0.7857256881030782,0.18399993942628257
56.799,243.59114984400367,7.028296719126529,6.946902082815404,6.137502193789028,0.029982141503161676,0.0046553642017259774,0.7857256810357586,0.18399993942566084
56.85,243.79098635000264,7.034799904066015,6.953409531361606,6.137459362671266,0.029982112775757856,0.004655364428335048,0.7857256752420837,0.18399994185314128
56.901,243.99108021300344,7.041433152542977,6.96004712864796,6.137415674009659,0.029982084015722187,0.004655364618172909,0.7857256705806065,0.1839999418532301
56.952,244.19117284200183,7.048066400810992,6.966684725582116,6.137371984449083,0.029982056120930783,0.004655364762056771,0.7857256673160541,0.1839999434287698
57.002,244.39101664700138,7.054569585071953,6.973192173132368,6.1373291507173455,0.029982029913639286,0.004655364873691874,0.7857256649738523,0.18399994342814807
57.054,244.59144558200205,7.061462960017903,6.980090066998561,6.137283746124795,0.02998200368695605,0.00465536495978793,0.7857256632929994,0.18399994410289722
57.104,244.79128107800352,7.067836079821228,6.986467364533848,6.137241767597636,0.02998198115655457,0.004655365024156442,0.7857256622011637,0.1839999441022755
57.155,244.991053759004,7.0745993901151865,6.993235108174591,6.137197218330736,0.029981959460176573,0.004655365090699476,0.7857256614064245,0.18399994413034193
57.202,245.1910056120032,7.08058177357976,6.999221420014449,6.137157814392791,0.02998194901928156,0.004655365629266406,0.7857256218518397,0.1839999441297202
57.252,245.3910128560019,7.087014664762868,7.005656954561324,6.137115423522277,0.029981938349350454,0.004655607059128178,0.7857175719888515,0.18197708640679267
57.303,245.5910433290046,7.0935759616690905,7.012220844219743,6.137072184173766,0.029981929853096525,0.004655852515734252,0.7857093802592323,0.1819770864065262
57.354,245.7910095910047,7.100137307187136,7.018784767669079,6.137028943719313,0.02998192553709664,0.0046560837926049375,0.7857016636981847,0.1819784722797202
57.403,245.99101650200464,7.106441392912659,7.025091241268766,6.136987396508499,0.029981922965806054,0.004656305009838515,0.7856942844338988,0.18197847227963138
57.452,246.1911146850034,7.1127455151144705,7.0313978310600955,6.136945849902831,0.029981925514824835,0.004656499693531324,0.7856877911356953,0.1819811587278508
57.5,246.39136909800436,7.1190496786437745,7.037704379605086,6.136904300938037,0.02998192867610492,0.004656694506814523,0.7856812944495443,0.18198115872793963
57.548,246.591006405004,7.125096559254031,7.043753620688546,6.136864448370539,0.029981935553925886,0.004656858297015279,0.7856758328939746,0.18198349488853793
57.596000000000004,246.79117023800063,7.131272131200066,7.049931534560653,6.136823745821408,0.02998194249886525,0.004657025691268811,0.785670251691781,0.18198349488853793
57.643,246.99097701300343,7.137319072242156,7.055980817557527,6.136783891356945,0.029981951702969214,0.004657171735576403,0.7856653827726933,0.18198552174597538
57.69,247.19100389300002,7.143366041750319,7.06203008386146,6.136744035329732,0.02998196055030365,0.0046573157579989895,0.7856605815938641,0.1819855217465971
57.737,247.39138755800377,7.14954169508989,7.068208112005334,6.136703331093026,0.02998197071983679,0.004657449067323691,0.7856561379214554,0.18198729844955963
57.785,247.59113081700343,7.1555887134689256,7.0742574290600455,6.136663473696337,0.0299819799852427,0.00465757567922999,0.7856519177715224,0.18198729844955963
57.831,247.79095022600086,7.1615070926384075,7.080178071542133,6.1366244639799366,0.02998198896512127,0.004657689869683048,0.7856481120025085,0.1819888593870722
57.878,247.99105805699946,7.167554150828632,7.086227426178523,6.136584605680918,0.029981995826685846,0.0046578019962959264,0.7856443762376364,0.18198885938724985
57.922,248.19099760099925,7.173215213359539,7.091890574945973,6.136547299127352,0.029981965353769537,0.004657910712945501,0.7856407527634852,0.18199023334215525
57.969,248.39099315000203,7.179262277719532,7.0979398715689985,6.136507449013926,0.02998192966295245,0.0046580193926011515,0.7856371299146128,0.18199023334224407
58.017,248.591074750002,7.185438025905882,7.104117886526124,6.136466750134748,0.029981891912935894,0.004658125350665339,0.7856335981179529,0.18199023334277697
58.066,248.79097393100528,7.19174245740429,7.110424654385447,6.13642520300281,0.029981853162164354,0.004658223290226285,0.7856303339959984,0.18199155107403442
58.114,248.99102966300416,7.197918247234614,7.116602716452445,6.136384502674703,0.029981814335045483,0.004658315570199842,0.7856272590613644,0.18199155107465614
58.165,249.1911151500026,7.204608706933915,7.123295664728085,6.136340410190284,0.02998177265619458,0.004658404918963395,0.7856242819312138,0.18199272818950618
58.215,249.39100747200428,7.210913196926343,7.129602485039665,6.1362988603013955,0.0299817330106985,0.004658485696274372,0.7856215903392931,0.18199272818932855
58.265,249.59117088399944,7.2173463668161615,7.136038054345195,6.136256461875953,0.029981693293121423,0.004658559516027302,0.7856191306507808,0.1819937391023707
58.315,249.79112185900158,7.2237795525348805,7.142473626565163,6.136214062226502,0.029981653727157415,0.00465863039149372,0.7856167690106654,0.1819937391023707
58.367,249.991352543002,7.230598745219066,7.149295367746707,6.136169117843966,0.029981613016097544,0.00465869761461706,0.7856145291224595,0.18199460677239543
58.416,250.19113896300405,7.236774630931294,7.1554735523776465,6.1361284123664515,0.029981576858672837,0.004658755786606238,0.7856125907663687,0.18199460677239543
58.468,250.39098564300366,7.243465186584118,7.16216661331318,6.136084314007107,0.02998153930223505,0.004658812441738343,0.78561070297824,0.1819953517970596
58.519,250.59116833400185,7.250027089804819,7.168730966779284,6.136041062557954,0.029981503837452274,0.004658865221819266,0.7856089442536311,0.18199535179688198
58.57,250.7909804209994,7.25658900391742,7.175295341181145,6.135997810320071,0.029981470383610886,0.004658912957513756,0.7856073536251509,0.18199599145818368
58.619,250.99117277800542,7.262893597702269,7.181602294195008,6.135956253292569,0.02998144003663939,0.004658956437344437,0.7856059047875608,0.18199599145800605
58.671,251.19097141100065,7.269584196182203,7.188295404795094,6.135912151229847,0.029981410307845464,0.004658998240396681,0.7856045117131231,0.18199654066037851
58.719,251.39096532900294,7.275760141144621,7.194473664983454,6.135871440825508,0.029981385083744455,0.004659034780927191,0.7856032941061276,0.18199654066037851
58.769,251.59101288900274,7.282193424529481,7.200909366932849,6.135829033606234,0.029981361634251795,0.004659069351323742,0.7856021427012542,0.1819970122319603
58.821,251.79104524700233,7.288884060192457,7.207602500068166,6.135784931654364,0.029981352798692892,0.004659104587579023,0.7856009475487485,0.18199741706528272
58.874,251.99098708100064,7.295703396358917,7.214424370034826,6.135739988764539,0.02998138778503537,0.004659140013516449,0.7855997629591441,0.1819974170730987
58.924,252.19098718400346,7.30213673736636,7.2208601006737645,6.135697589215363,0.029981423524352957,0.004659171128103123,0.7855987203362238,0.18199779222820567
58.976,252.3914587629988,7.308966643552739,7.227514350154462,6.136068505920528,0.031156491163717038,0.003801889143300379,0.7858857911974466,0.18199779222820567
59.025,252.59101136700338,7.3151421752984795,7.233251742364331,6.137217819585817,0.03418918155462067,0.0008671995384534577,0.7865122720765984,0.18199813200094894
59.077,252.79098224599875,7.321783132998001,7.239665808118317,6.138027385904385,0.03589974010030988,-0.0020798572426475328,0.7867369074504641,0.1819981320027253
59.126,252.99122916600027,7.328004586663532,7.245853748725855,6.138363230918234,0.03616430566773896,-0.004275458659785622,0.786688963177478,0.18179463028795695
59.176,253.1910222890001,7.334343240836673,7.252244295414183,6.138380592883616,0.03553505679420066,-0.0058483886961687645,0.7865605984029589,0.18179463028582532
59.219,253.39114382800472,7.339924655329195,7.257873814331412,6.1383738934918535,0.034946336654395276,-0.007141354929181974,0.7864493850717009,0.1817946302852036
59.269,253.5909785010008,7.3461338365663345,7.264143290930292,6.1383596483934655,0.0342123520997634,-0.008677257148852544,0.7863241197173253,0.18180924414741284
59.316,253.7909669340006,7.352073766996157,7.270153777462074,6.138338495561657,0.033333975979861215,-0.010417580006534232,0.7861998999370904,0.1818092441472352
59.367,253.99098546599998,7.358488342487744,7.276671752470718,6.138301580600906,0.032059304318415284,-0.012796710520187042,0.7860620060263968,0.18185745812973053
59.417,254.1909834629987,7.3647325359936024,7.283054866089614,6.13824388968316,0.030350113660928532,-0.015818476192958033,0.7859121310067652,0.18185745812919762
59.468,254.391081339003,7.371406279982989,7.2897429707548635,6.138210779209353,0.030275377251035625,-0.016030618918663968,0.7858594729850983,0.18190133444244694
59.519,254.59098036900104,7.377974752470589,7.296315044701833,6.138177089122023,0.030443982443462348,-0.015785392537776832,0.785826944021355,0.18190133444253576
59.57,254.79130365700257,7.384350493857473,7.30274408509132,6.138127316398273,0.02998580111944282,-0.016569428212517494,0.7857766950749192,0.18194384232188554
59.618,254.9911254719991,7.390647563722046,7.309056824141269,6.13808466270115,0.029986918071600362,-0.016556511791130796,0.7857534293200471,0.18194384232188554
59.671,255.19100895700103,7.397333859765314,7.31575219051181,6.138042336389794,0.029987721320921732,-0.016565711815654,0.7857324417225878,0.18195843389143818
59.72,255.39103474100557,7.403634396455314,7.322061469776427,6.138002348243406,0.029988140894622522,-0.016574326154315106,0.7857148423940409,0.181958433891527
59.772,255.59105886500038,7.410320569260641,7.328757422892418,6.13795985223219,0.029988382015565772,-0.016583495166684056,0.7856997990610657,0.18197035417637508
59.817,255.79116956399957,7.416106710549415,7.334552029461701,6.137923041488108,0.029988481792196913,-0.016591414911340214,0.78568756835594,0.18197035417628626
59.867,255.99106271400524,7.42253573879897,7.340990619932889,6.137882119536175,0.0299885252567764,-0.016600233965994634,0.7856755567163497,0.18197546665454922
59.913,256.19097665900335,7.428450490577084,7.346914103271679,6.137844455863774,0.02998852357340617,-0.0166083430214651,0.785664840012601,0.1819754666544604
59.964,256.3909842370049,7.435008158034991,7.353481514668878,6.137802689227488,0.029988497199704325,-0.016617353022388766,0.7856539982187809,0.1819783450662804
60.013,256.59127383200394,7.441437283411983,7.359920148573206,6.137761733912648,0.02998845552910799,-0.016626193738712016,0.7856438323167162,0.1819783450661916
60.065,256.7910157860024,7.447994974643345,7.366487672843392,6.137719957310402,0.029988408739456105,-0.016635245012209664,0.7856348007705566,0.1819820489386892
60.115,256.99100817900035,7.454424113998379,7.372926423738659,6.1376789962275975,0.029988359250762486,-0.016644129089983674,0.7856263763774782,0.18198204893860037
60.165,257.19105596800364,7.460853238181713,7.379365272498868,6.137638034984967,0.02998831222365519,-0.016653042703144168,0.785619052696158,0.18198524402066596
60.215,257.391000358999,7.467282386233828,7.385804123210471,6.137597071705379,0.0299882660144616,-0.01666196581953344,0.78561208459394,0.18198524402057714
60.262,257.59102038900164,7.473325769898207,7.391856721730359,6.13755856679419,0.02998822749336312,-0.01667037601824674,0.7856063905087389,0.1819878886564652
60.311,257.7911152279994,7.479626341088334,7.398166870200456,6.137518421917063,0.029988190638925733,-0.016679147916062235,0.785600664181086,0.18198788865637638
60.359,257.9909731689986,7.485798288739349,7.404348337116055,6.137479099223171,0.029988197572324165,-0.016687700699873336,0.7855958561114429,0.18199007425021563
60.406,258.1909923150015,7.491841673923131,7.410401010959566,6.137440594637718,0.029988209032584423,-0.016696074726228385,0.7855912591338436,0.18199007425021563
60.457,258.39099358300155,7.498399365992747,7.416968906401697,6.137398814717617,0.02998822783669723,-0.016705190318390094,0.7855872725438818,0.18199237555061032
60.501,258.5914937580019,7.504185584207857,7.422764088330559,6.1373619489867,0.029988245672075975,-0.016713235564662497,0.7855837642447598,0.18199237555043268
60.551,258.7911371230002,7.5106753973904254,7.429022992303772,6.137694524602398,0.034245114087062926,-0.011565536744518858,0.7863051350096391,0.18199333183073207
60.601,258.99103073900187,7.517683402925652,7.435666593640349,6.137542815878748,0.04001736601018102,-0.00019962981467026728,0.7870076455424677,0.1819933318159883
60.653,259.19104341899947,7.524788002269098,7.442524588000278,6.137929174278647,0.04306588510162852,0.007143144235770636,0.7872387727898749,0.18187051980955715
60.704,259.3910549690045,7.531302560595095,7.449130399416076,6.13753160832249,0.04259744268327309,0.003896822950724868,0.7870356395517565,0.1818705197853987
60.755,259.590977783002,7.537588723610493,7.455519705994752,6.137520518487256,0.04147043459725061,0.001653112315913933,0.7868257968322487,0.181724821098328
60.805,259.7910680690038,7.544142700554666,7.462013508978743,6.1374584638281355,0.042752257583963935,0.0041791890299802984,0.7868059406708333,0.18172482108420596
60.855,259.9909589900053,7.5505467826660135,7.468457056559697,6.137419043219756,0.042697028520443187,0.0040849302157762515,0.7866937711879269,0.18176818890527358
60.905,260.1909995380047,7.55692415402905,7.4748890161074515,6.137368349682958,0.04234303347309149,0.0035109517817735582,0.7865646442998857,0.18176818891531
60.955,260.3909989400054,7.563379026954199,7.481343799247968,6.137340987589319,0.0427719104833114,0.004203050109761209,0.7864975542281376,0.18179723920184188
61.002,260.5910467190042,7.569415664625208,7.487401390341928,6.137306620293229,0.04285537440530787,0.0043267100576446765,0.7864134976862561,0.18179723920175306
61.051,260.79098540900304,7.575704725683423,7.493715348776686,6.137267943066405,0.04287716254432349,0.004354466711475438,0.786336024198511,0.18183077026652228
61.101,260.9910374060055,7.582138266350371,7.500144855513815,6.13722698249559,0.042882776829979055,0.004357648501228338,0.7862554119004199,0.18183077026190375
61.151,261.19096335500217,7.588571578713151,7.506575511432942,6.137186007242058,0.04288828669479543,0.004360111924698714,0.7861871215809715,0.18185663197414215
61.201,261.3910896880043,7.595005318388479,7.513005722505094,6.137144992074017,0.04289370061334998,0.0043623468199342295,0.7861188154668339,0.18185663197414215
61.251,261.59107276800205,7.60143881285873,7.519437053981582,6.1371039865508115,0.04289911063233564,0.004364125942523956,0.7860620092915322,0.1818807457847349
61.295,261.7909747540034,7.607100586870094,7.525096321532806,6.137067883074987,0.04290384340748342,0.004365621201846446,0.7860120125207539,0.18188074578455726
61.339,261.9910217420038,7.612762213429714,7.53075630132213,6.137031790361755,0.042908594300913885,0.004366871515095282,0.7859693902422479,0.18190108595188548
61.377,262.1911046240057,7.617651932430348,7.535644409191286,6.137000613469756,0.04291269401921087,0.004367901816584798,0.7859335826602546,0.18190108595188548
61.419,262.3910368920042,7.623056397297388,7.5410472382075335,6.136966155521812,0.04291723338311307,0.004368945156153123,0.7858969011493531,0.1819010859519743
61.464,262.59099907900236,7.628846867971816,7.546836329000061,6.136929241557772,0.042922112241806296,0.004369936933126348,0.7858617373204917,0.1819179529429782
61.508,262.79108748,7.63436525355681,7.552399846773734,6.137556851772255,0.04097581908681872,0.0024502383393834454,0.7854218800976238,0.18191795296669255
61.551,262.99111078500573,7.63966129713908,7.557748778240155,6.138589939092836,0.038386719522078824,-0.0014277344274311445,0.7848283154355779,0.1819319296576971
61.597,263.19132663200435,7.6455179024624025,7.563597401798898,6.139367416803656,0.03727554326204983,-0.005630672334567562,0.7844412049568782,0.18193192965938465
61.645,263.3910035220033,7.651436281533373,7.569439182212824,6.139775808787475,0.037782156916018834,-0.009526860907186269,0.7842624581584507,0.18189225143689924
61.697,263.5909697800016,7.658064147131153,7.575886980897091,6.139847019227679,0.03986693536526186,-0.013317764943323046,0.784152101217862,0.1818922514257082
61.747,263.7912163900037,7.664576954375866,7.582190670666106,6.139874942184495,0.04219566306854252,-0.017145457912182215,0.7840856965359957,0.18179661747455
61.797,263.99110877000203,7.6709802710157176,7.588539238187856,6.139902229419839,0.04276325367443186,-0.01844622622134536,0.784121076563208,0.18179661748929377
61.846000000000004,264.1909639150035,7.677165943602834,7.594779600240748,6.139917893411535,0.04172754566926697,-0.017346581962093575,0.7842651565224575,0.18176708854165113
61.898,264.3910290010026,7.683873227477756,7.601564489127899,6.139919679859708,0.04039969979032894,-0.015754151755607865,0.7844345048751494,0.18176708854156232
61.947,264.5910210630027,7.690202857511824,7.607996394693511,6.139901687086445,0.03882654368510738,-0.013652909766191315,0.7846052203200453,0.18178852873722562
61.998,264.7909913300027,7.696804910027116,7.614743588893883,6.139854570040012,0.03672896455877014,-0.010604422618485043,0.7848084444487435,0.1817885287371368
62.047,264.9914479290019,7.703287778044417,7.62143367173232,6.139746354788967,0.0342159866239699,-0.006514955497838948,0.7850174956666803,0.1818403118059031
62.099,265.1909695409995,7.7099157383078305,7.628331336789293,6.139611884736465,0.03096970980649344,-0.0011882743864534584,0.7852552373659445,0.18184031180581428
62.146,265.39099610000267,7.716047315376211,7.634742941249787,6.13949670541826,0.02750321704724385,0.00466129288337961,0.7854626455495364,0.18190467581380432
62.195,265.59098282000195,7.722337879907957,7.641006911933399,6.139439796629185,0.027783371125606283,0.00401567028390893,0.7854896248306293,0.18190467584195957
62.245,265.7910021580028,7.728740848947183,7.647320911151936,6.139435383663682,0.028957800529342652,0.0020967294588881136,0.785447433327557,0.1819773876355235
62.296,265.991000435999,7.735290546764736,7.653838126508824,6.1394087792031495,0.029411100767754744,0.0013583704649206992,0.7854348833319804,0.18197738763570115
62.344,266.19094991699967,7.741472354776061,7.660042644028276,6.139363636832796,0.029154759283406075,0.0017828433884883117,0.7854518237976524,0.1819891248190153
62.396,266.39098016299977,7.748187509155563,7.666841082918972,6.139293217724808,0.02813332468369279,0.0034640916798902585,0.7855043788732904,0.1819891248190153
62.443,266.59113787300157,7.754245391763048,7.672936082416078,6.139242796566818,0.027686989740705766,0.004196488537840627,0.7855295416239135,0.18198735461236737
62.495,266.79098930400505,7.760934786318124,7.679626470454824,6.139202273723342,0.0277106724837582,0.00415890624807566,0.7855336085649153,0.18198735461520954
62.541,266.991264109005,7.766856819960414,7.685560753930501,6.139161900608047,0.027578864941027365,0.004375924114011272,0.7855405258113787,0.18199883367673308
62.591,267.19110809999984,7.773290561967244,7.6919963846116985,6.1391220623128,0.027577250140529645,0.004378901446156988,0.7855410189167792,0.18199883367868708
62.637,267.3911582180008,7.7792095855655035,7.697916975948873,6.139085420355919,0.027577307592247167,0.004378877080701706,0.7855405833208507,0.1819981315407837
62.685,267.5909559360007,7.785385969566675,7.704094977133527,6.13904717846867,0.027577333880840892,0.004378872379106215,0.7855398965690916,0.1819981315407837
62.733,267.7910081439986,7.791562360490062,7.7102729655222,6.13900893183938,0.027577338671209047,0.004378878548268668,0.7855391453798966,0.1819978665303701
62.78,267.99113899300573,7.797738757366373,7.716450945246119,6.138970681914816,0.027577329880535777,0.004378891185940417,0.785538363136902,0.1819978665303701
62.831,268.1909457820002,7.804172506201757,7.722886345232406,6.138930835951815,0.02757731193880609,0.004378906390772203,0.785537607017784,0.18199810474168743
62.871,268.35807876400213,7.809448182067412,7.728163374926934,6.138898160885811,0.027577292937989894,0.004378919700952478,0.7855370196706875,0.18199810474177625
62.877,268.3792888759999,7.810091557369307,7.728806914947944,6.1388941760418785,0.027577290422745825,0.004378921397710463,0.7855369481636844,0.18199810474177625
62.924,268.579323183003,7.816139285919423,7.734856191140305,6.1388567096124005,0.027577306359600894,0.004378937015653588,0.7855363086804209,0.18199835160537248
62.974,268.779287975005,7.8225730407610605,7.741291589931357,6.1388168463985835,0.027577341533894,0.004378953446835448,0.7855356636271212,0.18199835160537248
63.021,268.97947721699893,7.8287494466630285,7.747469570384318,6.138778574712174,0.027577383683623474,0.004378969014870881,0.7855350686717538,0.1819985686087655
63.072,269.1792722590035,7.835183203221956,7.753904966235173,6.138738705694535,0.027577435603619013,0.004378984514695108,0.7855344854227738,0.18199856860992014
63.122,269.3792934130033,7.8416169608450295,7.760340360963748,6.138698834359544,0.027577494495402942,0.004378999526019552,0.78553393138989,0.18199882232572406
63.172,269.5793053939997,7.848050718536563,7.766775757944057,6.138658961242498,0.027577558916293286,0.004379013498149597,0.7855334238017293,0.1819988223263458
63.222,269.77924081400124,7.854485342781114,7.773210945720832,6.138618323649896,0.027587815941944774,0.004390033990172505,0.7855315196002582,0.1819899519960977
63.272,269.9792842720053,7.8609286569400645,7.779647414969421,6.138579190765979,0.027683311349418115,0.004532517986794516,0.7855300471949428,0.18198995198197565
63.321,270.17979050800204,7.867368695423546,7.786083749715751,6.138540547974441,0.027746307246786603,0.004631834504497422,0.785527704027084,0.1819906970652596
63.372,270.3800382960035,7.873921780971183,7.792646347564329,6.138499734476426,0.027656605948787338,0.004501127997899731,0.7855192374911965,0.18199069706597015
63.422,270.5792617480038,7.88021864779133,7.79895103705401,6.138459687866686,0.02757541149878915,0.004377074852444285,0.7855117950300861,0.18199171205379727
63.472,270.77925638500164,7.886652730691824,7.805385789222697,6.138419847189175,0.02757639317441437,0.004378838407941726,0.7855083203203151,0.18199171205433018
63.521,270.9792751070054,7.892958121926129,7.811691901048663,6.138380803957218,0.027577107432368745,0.004380206543551341,0.7855053519311509,0.18199393141111742
63.568,271.1792686810004,7.899006134980749,7.817740700570359,6.138343344668828,0.027577649983261256,0.004381221515132313,0.7855030695507379,0.18199393141129505
63.618,271.379401846003,7.905568871852801,7.824304301456268,6.1383026885873555,0.027578140130540583,0.004382116612355399,0.7855007527378223,0.18199393141129505
63.669,271.57926844800386,7.912002926038067,7.83073923722516,6.138262827758538,0.027578553619996008,0.004382871868947551,0.7854987620833795,0.1819949902865048
63.718,271.7792958930004,7.91843698501581,7.83717417707749,6.138222965133362,0.02757891799674297,0.004383539559827858,0.7854968744423753,0.1819949902865048
63.768,271.97926080400066,7.92474236453713,7.843480437465192,6.138183898752352,0.02757923708710241,0.004384121338625437,0.7854952078439138,0.18199570969752443
63.817,272.1792899889988,7.931047748923237,7.849786699549399,6.1381448312661755,0.027579522610736446,0.004384641320014844,0.7854936163626706,0.18199570969752443
63.867,272.37925747100235,7.937610497486293,7.856350377571276,6.138104168521769,0.027579786455973573,0.004385117508047964,0.785492126543918,0.1819963104886746
63.917,272.5793765330018,7.9439158873297355,7.862656657325295,6.138065099542403,0.027580007802577928,0.004385515666251651,0.7854907585031493,0.1819963104886746
63.966,272.77927998700034,7.950221277798497,7.868962951283186,6.138026030093897,0.027580197452025248,0.00438585280306187,0.785489527011291,0.18199682634350012
64.013,272.97931025300204,7.95639798968146,7.875140544298865,6.1379877572866155,0.027580351271319657,0.0043861251113498,0.7854883633636717,0.18199682634350012
64.064,273.17938127500383,7.962832064095939,7.881575550767009,6.1379478894209045,0.02758047726941329,0.004386344051290191,0.7854872804912838,0.18199726999945653
64.114,273.3792990170041,7.969266140463815,7.888010555316826,6.137908020922944,0.02758056701449271,0.004386498371365839,0.7854862332165884,0.18199726999954535
64.165,273.5793079040013,7.975828897219364,7.894574271637898,6.137867354751874,0.027580620816489022,0.004386586170501791,0.7854852793213098,0.1819976520465616
64.215,273.77932057,7.982262973359076,7.901009285946978,6.137827485453076,0.02758063578809673,0.004386605838669087,0.7854843767540963,0.1819976520465616
64.265,273.9792480210017,7.988697047919448,7.90744430930427,6.137787615944987,0.027580613533503214,0.004386558313640077,0.7854835673429534,0.18199798164468817
64.315,274.17929130799894,7.995131122356761,7.913879332346528,6.13774774610339,0.027580554072354713,0.004386446024965211,0.7854827945043165,0.18199798164468817
64.364,274.3792754790047,8.001436512639895,7.920185666148787,6.137708673648148,0.027580460617332544,0.004386272834301178,0.7854821382064042,0.18199834646956958
64.414,274.5794346399998,8.00787058431475,7.926620696751154,6.137668803552426,0.027580330008937264,0.004386036520072325,0.7854814793086945,0.18199834646894786
64.464,274.779907832999,8.014433336103641,7.9331844334041675,6.137628134322039,0.027580165098192933,0.004385728264265368,0.7854808592702456,0.18199850734132994
64.509,274.97944064900366,8.020224001823626,7.938975966853221,6.137592252435206,0.027579997484553816,0.004385439112473931,0.7854803237694213,0.18199850734070822
64.559,275.1792677199992,8.02652942029157,7.9452823161146595,6.13755318859989,0.02758004887537501,0.004385510074939328,0.7854798035028617,0.18199871639978937
64.608,275.37931223000487,8.032834853703081,7.951588666187291,6.137514127289308,0.02758022366017008,0.004385770290102206,0.7854792985847733,0.18199871639961174
64.658,275.57931062300486,8.039268966334644,7.95802372723665,6.137474269241054,0.027580383004012943,0.004385999918079746,0.7854788712509225,0.1819989041393022
64.706,275.77930436799943,8.045445725051662,7.964201385668227,6.13743600558066,0.027580619457686525,0.004386335894050738,0.7854784701140584,0.18199890413947983
64.754,275.97931618800067,8.05162549460559,7.970379411158472,6.137396837621452,0.02761489027974623,0.004429240282141118,0.7854795370969287,0.1819990607476285
64.802,276.1793099170027,8.05783253989954,7.976516591050846,6.137139910429227,0.028666529289466954,0.004383729135561172,0.7854602469149528,0.18199906075118122
64.851,276.3794258359994,8.064347771258683,7.982825257314913,6.136419536562591,0.03205096343291305,0.004394878117853454,0.7853176041813746,0.18199891466128548
64.902,276.5792467409992,8.070873380282377,7.989044247494049,6.135243089276337,0.03770236796143291,0.004422127607274535,0.7849076560581932,0.18199891466244011
64.951,276.7796290930055,8.077383504441363,7.995172333298456,6.133616331618706,0.04574600996894215,0.004701082219794119,0.7841015072406475,0.18196836286419327
65.001,276.97942083400267,8.083727176086223,8.001093513320848,6.131587429309959,0.05613357470831109,0.005519580219442578,0.7827917778457719,0.18196836286454854
65.051,277.1792145979998,8.09013288847497,8.007462645781,6.131220906081495,0.05699960996674107,0.004492371984533325,0.7824854096915362,0.18173914731320906
65.101,277.37937115500245,8.096574810067901,8.013865612935348,6.131181375353539,0.057004864174152216,0.004462024410666855,0.7825871887800586,0.18173914730965635
65.149,277.5793019620032,8.102768063014505,8.019988270977208,6.131143193024431,0.05699955473428931,0.004455819210082971,0.7827877645960132,0.18146393395861438
65.198,277.7792588990051,8.109089312724091,8.026239545687655,6.131104140236959,0.056994512562002796,0.004449704488555456,0.7829941779930979,0.18146393395861438
65.244,277.9794557280038,8.1150224735445,8.032113418188619,6.131067524665908,0.056989887871041034,0.004444729323104229,0.7831656805172612,0.18152989946242926
65.29,278.1793658970055,8.120954645733603,8.037988587653075,6.131030914274715,0.05698537533310661,0.004439887573402884,0.7833356476991492,0.18152989946234044
65.335,278.3793322870042,8.12675695692218,8.043740434134074,6.130995168994298,0.05698094987039672,0.004435712529116284,0.7834835758641983,0.1815985767802175
65.384,278.57927659100096,8.133074106738585,8.050005715022799,6.130956286956975,0.056976146882241986,0.004431383506596395,0.7836381997195262,0.18159857678039515
65.431,278.77925615600543,8.139127508474157,8.056025849984989,6.1309184994479065,0.05694319577022543,0.004473968053562731,0.7837763085381328,0.18165473513986896
65.477,278.9795155690008,8.145038547904207,8.061977620361384,6.130871642947431,0.056515893381317954,0.005163643663486067,0.7839424403937916,0.18165473513827024
65.524,279.1794086490045,8.151087180448576,8.068081701197698,6.130816509364097,0.055844506943582,0.006248450698844142,0.7841249874276535,0.1817041612071968
65.573,279.3792655950019,8.15740526327239,8.074421781141632,6.130763570798941,0.05529013954671274,0.007148973092807562,0.7842898387084223,0.18170416121048305
65.618,279.57933225099987,8.163212949586217,8.080236552092243,6.130715837533341,0.054824929343942466,0.007903545318210544,0.7844285110017281,0.18170416121039423
65.666,279.77940082300483,8.169407329396677,8.086440012855268,6.13066536010373,0.05434531941317432,0.00868102074693189,0.7845607670584873,0.18176259484858903
65.712,279.97935646100086,8.175343098534707,8.092384420893293,6.130617392887955,0.0539012326497164,0.009400448906054107,0.784681353463005,0.1817625948484114
65.763,280.1793440410038,8.18192254822092,8.098977770209544,6.130564588224494,0.05341999696754911,0.010179972425868268,0.7847982376341279,0.1818133424976054
65.812,280.3793200670043,8.188238259638107,8.105362771634379,6.13050432498299,0.052585522015089675,0.011539695784404972,0.7849397716300591,0.18181334249591785
65.863,280.5792929720046,8.19482997351342,8.112077753703918,6.130423669958507,0.05105454770084413,0.014043356955670362,0.785128576338194,0.1818553086480712
65.909,280.77928096500546,8.200789699108979,8.11819596842718,6.130335068879357,0.049082897946304306,0.01727272943945959,0.7853405643453029,0.1818553086480712
65.96,280.97922938700503,8.207416068401852,8.125049080821947,6.1302189598976735,0.04622734164321609,0.02195515876141435,0.7856036664620043,0.18190225150602757
66.01,281.17924944800325,8.213929727003244,8.131841115981501,6.1300865335449695,0.04272115342208749,0.027709553117543084,0.7858935263928531,0.18190225150593875
66.062,281.37929591099964,8.220726728134228,8.138984770494183,6.129928779572412,0.03830542893974578,0.034962627993855494,0.7861978109196095,0.18197517367930516
66.112,281.57949826900585,8.227411551372139,8.146072592749027,6.129753656394157,0.03317216105877302,0.04339960574318658,0.7865006477210311,0.18197517367912752
66.164,281.77927342300245,8.234096138965777,8.152896549871839,6.129902574537992,0.031281338150001954,0.048193480073367774,0.7866242961713249,0.18193149943419584
66.21,281.979299259001,8.239914211934755,8.15866007504113,6.129641973686448,0.032081210217849154,0.045121222551518604,0.786494998640963,0.18193149943757092
66.26,282.1797974650035,8.246445791567103,8.165051857499448,6.1296466198479616,0.033643084823097295,0.042565897864394506,0.7863470305744392,0.18184253609252465
66.305,282.3796600170026,8.252225627341511,8.170762234496392,6.129631327409827,0.034325919567330485,0.0414477313896581,0.786253135520155,0.18184253609261347
66.356,282.5793342830002,8.258665505296623,8.177185050518826,6.129593674831522,0.034328902126891894,0.04144357382977028,0.7861970223091845,0.1818599467677373
66.402,282.7793352410008,8.264606930845341,8.18316596837935,6.129540057928133,0.03362859350919204,0.042593665780435774,0.7861848593786617,0.1818599467676485
66.451,282.97926484799973,8.270952782318643,8.189614953574985,6.129463212116229,0.03214051685970907,0.045037827165344144,0.7862233997596187,0.18189318046895053
66.501,283.1793004650026,8.277404531485471,8.196122425792595,6.129399785918898,0.03135354074115586,0.04629624399172588,0.7862217890019381,0.18189318047339142
66.549,283.37936757699936,8.28357761322446,8.202250064591379,6.129374576679834,0.03174703624486634,0.045653620053703804,0.786161553645833,0.18189557932775102
66.598,283.57966353200027,8.290026895834743,8.208714707101635,6.129326541557211,0.03135637517674543,0.046296579797456446,0.786140148022663,0.1818955793276622
66.648,283.77929747899907,8.296336878565215,8.215020729437754,6.129288028091154,0.03128333598706057,0.04641888231137616,0.786104872416634,0.1818993491436771
66.7,283.9793119400056,8.303027560823933,8.221706986640536,6.129247930648907,0.03128348074627076,0.04641095306611795,0.7860631128648148,0.18189934914545347
66.75,284.17952302800404,8.309593635412668,8.228262040487019,6.129208405271254,0.03128352236980219,0.0464029446577978,0.7860258289286105,0.18190924121714858
66.801,284.37924291200034,8.316033868672246,8.23468634619248,6.129169513586391,0.0312834963316935,0.046395038802697255,0.7859891678405059,0.18190924121714858
66.85,284.57928977700067,8.322345483771397,8.24098252684107,6.129131384095903,0.031283451047686185,0.046387094305891385,0.7859578873517653,0.18192115380140095
66.899,284.77926447600476,8.328657291343701,8.247278511122051,6.129093235174338,0.031283382122081545,0.04637912015661974,0.7859266049825283,0.18192115380140095
66.949,284.9792626240014,8.33509511714852,8.25370319998077,6.129049792769239,0.0312832340957061,0.046338513376940074,0.7858977006251529,0.18193223738238729
66.999,285.1798383860005,8.34165287498342,8.260256444483744,6.128993187815018,0.031282990341329114,0.04620857781378708,0.7858654768444048,0.18193223738274256
67.047,285.3795006799992,8.347825686952559,8.26642394452346,6.1289398662611445,0.03128276553484783,0.046086036988442644,0.7858389001198505,0.1819420128055249
67.097,285.5792890390003,8.354127221813558,8.27271968503775,6.128885413297944,0.031282530624511834,0.0459608513516129,0.7858122003758138,0.1819420128054361
67.146,285.77929353999934,8.360429486344417,8.279015229247138,6.128830931211484,0.03128230361177567,0.045835520092922244,0.7857887587695481,0.1819514427592317
67.198,285.9792940449988,8.36711765525136,8.285695933181307,6.128773102714151,0.03128217552724339,0.045702266080070844,0.7857641215392811,0.18195144275967579
67.245,286.17927293600223,8.373163488850006,8.291734170093134,6.128720809608254,0.03128229531459319,0.04558129562024206,0.7857449909307046,0.1819597299522968
67.292,286.37949121600104,8.379190067277278,8.297756140334917,6.128609619612304,0.031279404248641306,0.04504647609390703,0.7857096644403904,0.18195972995345144
67.34,286.57927214899973,8.385226860033658,8.303799283726557,6.128139825054577,0.03127560061289313,0.041969931190295705,0.7856187300457113,0.18196688435123676
67.391,286.77941923300386,8.391503109253504,8.310078482798255,6.127228481700371,0.03126945899448081,0.035770976412841354,0.7855444394176085,0.18196688434688468
67.442,286.97937549600465,8.397645121997508,8.31619289743005,6.1259148173099645,0.03126227141346251,0.026701133227835818,0.7856282851555974,0.18198223182688267
67.492,287.17931331600266,8.40353896823013,8.322013665215962,6.124242773062889,0.03125751378277973,0.01504905616372769,0.7859556645473845,0.18198223182670503
67.544,287.3794136840006,8.409804927076669,8.328179429693341,6.122822176043803,0.03125732785880367,0.00289819192051308,0.7863927896202757,0.18194234479951277
67.594,287.57952506000584,8.416152640195564,8.334543153249944,6.122638403667815,0.03125738413021235,0.004252236984005978,0.7864107289609068,0.18194234480874982
67.643,287.7796604870018,8.422572762089787,8.34096628939211,6.122587833651927,0.03125707241247815,0.0040973159797428205,0.7863362735461193,0.18180908733711476
67.696,287.9793969120001,8.429258263723248,8.347648519966773,6.122551274062467,0.03125673088213463,0.004088541510169306,0.7862565880507769,0.18180908733711476
67.746,288.1792932660028,8.435687250986176,8.35407697083506,6.122515294456749,0.031256472045923335,0.004083884237628749,0.7861982039883791,0.18185939784229888
67.794,288.37927721800224,8.441859503340131,8.360248419956479,6.122480259541961,0.03125622950862933,0.004081773713250832,0.7861441655215692,0.18185939784229888
67.841,288.57938096300495,8.447903527303525,8.366292727310297,6.122445688939117,0.031256026624605256,0.004080848395645417,0.7860999570757228,0.18188647559487237
67.891,288.7792877009997,8.454333657369213,8.372722909588816,6.12240871480107,0.0312558174804404,0.004080757836065992,0.7860545715561318,0.18188647559469473
67.941,288.9792380880026,8.460764092762975,8.379153869956372,6.122371627642287,0.03125563089000361,0.004081095836296688,0.7860145501082878,0.18190318670230354
67.989,289.17930937400524,8.466937558357175,8.385327619152486,6.122335949135428,0.03125545817025457,0.004081721204225137,0.7859774252135073,0.1819031867021259
68.038,289.37928301500506,8.473239876389984,8.39163075412066,6.122299493150831,0.031255304214809904,0.004082410937574092,0.785944623518436,0.18192039390294568
68.088,289.5792729970053,8.479671922421408,8.39806288294062,6.12226224693593,0.03125515273689308,0.004083299892244141,0.7859094547454978,0.18192039389326453
68.137,289.77937672400003,8.485976351772047,8.404366099379587,6.122225701194683,0.03125500759998747,0.004084356465952207,0.7858715815858047,0.18192812748774045
68.184,289.97941106900544,8.492023068131786,8.410412460698815,6.122190657691578,0.03125490539975328,0.004085247404176567,0.7858407892314401,0.1819281275004414
68.234,290.1797837030026,8.498584472682479,8.416973812225727,6.122152632016978,0.0312548176015539,0.00408612497023752,0.7858111957256052,0.18194004914491302
68.284,290.37936095199984,8.504888688274507,8.423277967705102,6.12211609299755,0.03125474533203206,0.004086930995694361,0.7857845299090266,0.18194004914491302
68.325,290.5792918510051,8.510163706487122,8.428553088570293,6.1220855202031785,0.0312546959413864,0.004087547714817857,0.7857643346972248,0.18194976514900318
68.371,290.77928347000125,8.516210750194343,8.434600332070175,6.122050472947143,0.03125464809663035,0.004088206971438297,0.7857429021718524,0.18194976514891437
68.418,290.979294621,8.522129220311037,8.440518986837436,6.122016169425065,0.031254607406437145,0.004088817358721116,0.7857231670827277,0.18194976514882555
68.466,291.1792839539994,8.52830506380498,8.446695215325596,6.121980376825239,0.03125457437979809,0.00408938784089117,0.7857047853699424,0.18195781991918736
68.515,291.37933323900506,8.534609661553013,8.4530001368223,6.121943835784779,0.03125454395213952,0.004089945299112316,0.7856868756489712,0.1819578199178551
68.567,291.579446708005,8.541300300088212,8.45969132769229,6.121905060437515,0.03125452007750814,0.004090466618178143,0.7856701500147217,0.18196457604009453
68.618,291.7792733680035,8.547862346163665,8.466253929582999,6.121867029872404,0.03125449992524217,0.004090941766764235,0.7856549180480821,0.18196457604062743
68.67,291.9793032010057,8.554553084525237,8.472945490185632,6.121828257732859,0.03125448650713315,0.004091354508065599,0.7856416905167322,0.18197180643735322
68.719,292.1793340180011,8.560857911431958,8.479251130911287,6.121791726216305,0.03125445505150292,0.004091710663990694,0.7856302772115605,0.18197180644303756
68.771,292.3792625710048,8.56754882706346,8.485943086803958,6.121752966526976,0.0312543949866859,0.0040920375746823995,0.7856198214470457,0.18197485334408015
68.816,292.5792471870009,8.573339081093856,8.491734211723802,6.121719423211771,0.03125434248163203,0.004092306997681052,0.785611204951805,0.18197485334416896
68.866,292.77934447499865,8.579772712165802,8.498168884774966,6.121682153576889,0.03125428591798256,0.004092576418681666,0.7856025889470527,0.18197844197631596
68.916,292.9793085690035,8.586206383701908,8.504603556915086,6.121644882183738,0.0312542288818315,0.004092834626979029,0.7855943317419439,0.18197844197684887
68.967,293.1793261890052,8.592768744986977,8.511166999422976,6.12160686561934,0.031254172500801015,0.0040930714030065025,0.785586760203433,0.18198141495879838
69.016,293.3792864190036,8.59907379262299,8.517473052065384,6.121570338236306,0.031254118278511024,0.004093289240508004,0.7855797943987305,0.18198141495870956
69.067,293.5792888900032,8.605636203088482,8.524036560145516,6.12153231996319,0.03125406373925119,0.004093493305609821,0.785573269203338,0.1819839702434045
69.114,293.7792541700037,8.611812618021439,8.530213978007431,6.12149653646717,0.03125401270375003,0.004093677588887203,0.78556737660074,0.1819839702433157
69.165,293.9792877810032,8.618246394025888,8.536648846110381,6.121459261955897,0.03125396164405459,0.0040938499979950044,0.7855618638275071,0.18198617128204475
69.21,294.1792995050055,8.624036815219126,8.542440223586187,6.121425713477734,0.031253916257274916,0.004093999639805527,0.7855570790266513,0.18198617128204475
69.259,294.37924120400567,8.630341937883879,8.5487464757955,6.121389183794787,0.03125387004805753,0.0040941387766920065,0.785552630290269,0.1819885949062794
69.305,294.579378663002,8.636265581775746,8.55467112391916,6.121354862401822,0.031253826264273005,0.004094274730198898,0.7855482797745995,0.18198859490619057
69.355,294.77927039700444,8.642770226327075,8.561176392855591,6.121317164679612,0.03125377080118729,0.004094485576965953,0.7855415382298104,0.1839828781369235
69.405,294.97938070200325,8.649274911589076,8.567681626914684,6.121279464426815,0.03125371656587816,0.004094694431423069,0.7855348599703845,0.1839828781370123
69.454,295.17929251700116,8.655649515338485,8.574056818606884,6.121242518298628,0.031253667417350035,0.004094877872711008,0.7855289941523427,0.18398477585988005
69.501,295.3793106029989,8.661763965380198,8.580171762918917,6.1212070779727155,0.03125362167685685,0.004095053707386076,0.7855233711790298,0.18398477585988005
69.549,295.57966179300274,8.668138594586294,8.586547045563007,6.121170131634238,0.03125358010441706,0.004095203556450701,0.785518579431825,0.18398753360520104
69.599,295.77929319300165,8.674513249625214,8.592922295663417,6.1211331835078076,0.03125354082173516,0.004095352944731619,0.7855138026374987,0.18398753360528985
69.646,295.97931350699946,8.680627667483048,8.59903733440975,6.121097749403107,0.031253527496010264,0.004095477638492795,0.7855097948053925,0.18398873174563235
69.697,296.1792954820048,8.687262408591936,8.605672757987696,6.121059305451707,0.03125353931984788,0.004095603483497199,0.785505762822012,0.18398873174447772
69.744,296.3792779120049,8.693376797118821,8.611787816141051,6.121023876954447,0.031253554120034485,0.004095705479614964,0.7855024953570275,0.18399021749742062
69.795,296.5793760830056,8.700011581678066,8.618423290584563,6.12098543189251,0.031253572136631665,0.004095814890619178,0.7854989921015454,0.1839902174973318
69.842,296.7792573840052,8.706126008358531,8.624538380099418,6.120950002002846,0.031253591415710255,0.004095904887810483,0.7854961113581024,0.1839914312119717
69.893,296.97929105799994,8.712760831414647,8.631173893062266,6.120911555495506,0.03125361349769408,0.004096000945344671,0.7854930376231637,0.1839914312119717
69.942,297.17948950199934,8.719265576826237,8.637679336216038,6.120873862491872,0.031253636980996403,0.004096085444972887,0.7854903343980715,0.18399248999259044
69.992,297.379294063001,8.725640243952023,8.644054664221711,6.120836922163842,0.03125366038644834,0.004096166545016477,0.7854877405089752,0.18399248999259044
70.037,297.57937089999905,8.731494542523961,8.649909586297285,6.12080299705148,0.03125368267155799,0.004096233742086836,0.7854855917068465,0.1839934200633664
70.087,297.7792399020036,8.737999332830254,8.656415052517701,6.120765301444904,0.031253707158282344,0.004096306467701459,0.7854832664920303,0.1839934200633664
70.136,297.9792681559993,8.744374040123862,8.66279043176999,6.120728359229749,0.031253731078511066,0.0040963715449159315,0.7854811861963213,0.1839942370187586
70.188,298.17936911600555,8.751139048962328,8.669556141547861,6.1206891542815764,0.03125375543694668,0.004096438053738124,0.7854790604591212,0.18399423701884743
70.235,298.37978589100385,8.757383683296105,8.675801431760773,6.120652964652166,0.03125377700100281,0.004096494022391754,0.7854772719742531,0.18399495484073825
70.285,298.57927113200276,8.763758424044166,8.682176831656244,6.1206160203994555,0.031253796960723244,0.004096549312065067,0.7854755058000842,0.18399495484082706
70.335,298.7792729050052,8.770263259375902,8.68868232546508,6.1205783287495485,0.03125378728629133,0.00409660462043381,0.7854737395197827,0.18399558604782484
70.387,298.9792691600014,8.777028293174505,8.695448024337393,6.120539132563427,0.03125375906241869,0.004096661559356588,0.7854719191628711,0.18399558604782484
70.438,299.1792649210038,8.783663242285739,8.702083636243492,6.120500689694417,0.03125372960371262,0.004096711957852962,0.7854703083598389,0.18399617501039245
70.488,299.379402397004,8.790168104674777,8.708589141238171,6.120462999742537,0.03125369902832757,0.0040967593116684724,0.7854687952356486,0.18399617501030363
70.537,299.57939514399914,8.796542879504928,8.71496455744876,6.120426063043171,0.0312536681814662,0.004096800854584848,0.7854674684577815,0.18399671613646973
70.589,299.77928367500135,8.803307955786245,8.721730308445473,6.120386863909138,0.03125363440904819,0.004096843017891612,0.7854661218486063,0.18399671613646973
70.638,299.979273818004,8.809682747556687,8.728105746454437,6.1203499255781395,0.03125360225063727,0.004096878435826732,0.7854649907443255,0.1839971794971973
70.688,300.1793919030024,8.816187644351228,8.73461129744499,6.1203122323864765,0.03125356904330695,0.004096913096611232,0.7854638837720141,0.18399717949701966
70.738,300.3794837680034,8.822692548253423,8.741116864352545,6.120274538414009,0.03125353603839464,0.00409694406185065,0.785462894886266,0.18399757514213633
70.79,300.5792926170034,8.829457654830847,8.747882655918271,6.120235335578091,0.03125350193292441,0.004096974861597239,0.7854619112334253,0.18399757514222514
70.796,300.60633311400306,8.83023824446675,8.748663323767747,6.120230812091141,0.031253498016218906,0.004096978410102067,0.7854617978968002,0.18399757514222514
70.831,300.7490284939995,8.834921784123958,8.753347345283212,6.1202036711200645,0.031253474993697426,0.0040969970909816855,0.7854612013301638,0.18399791302394775
70.881,300.9489630610042,8.841296606244883,8.759722818301208,6.1201667283550405,0.0312534442666586,0.004097021889998636,0.7854604093205472,0.18399791302492474
70.925,301.14904664200003,8.847151039021039,8.765577851335602,6.120132800580815,0.03125341704282505,0.004097042826981904,0.7854597406489305,0.18399820144434642
70.975,301.3491437400007,8.853525869922803,8.77195333720292,6.120095856191916,0.0312533886868788,0.004097064017265728,0.7854590638740943,0.18399820144443524
71.022,301.5489570400023,8.859640507350871,8.778068603014635,6.120060418949764,0.031253362959746886,0.004097082999249483,0.7854584576214387,0.18399844758860695
71.072,301.74912450400006,8.866145444252147,8.78457421139594,6.12002271900974,0.03125333746951957,0.004097101437114986,0.7854578686773483,0.18399844758860695
71.122,301.94911748899904,8.872650384507883,8.79107982246177,6.1199850182880455,0.0312533140921716,0.004097118725880407,0.7854573164609484,0.18399865744438415
71.172,302.1492918580043,8.879285426653738,8.797715551352416,6.119946562892007,0.031253292818837985,0.004097134793708379,0.7854568036956081,0.18399865744447297
71.22,302.34899548500107,8.885400075707913,8.80383083265342,6.119911123274918,0.031253276895254783,0.004097148714941742,0.7854563604430035,0.18399865744580524
71.269,302.5490183540023,8.891774943284716,8.810206346463094,6.11987418447538,0.03125331111764606,0.004097162778822007,0.7854558821088441,0.1839988362006828
71.317,302.7489523120021,8.898019713833316,8.816451748848714,6.119837999121334,0.03125334792110647,0.004097176536545299,0.7854554385293717,0.1839988362006828
71.367,302.94895758500206,8.90452468507421,8.822957380825523,6.119800305527362,0.03125338845583314,0.004097189545040695,0.7854550199967025,0.18399899642833617
71.416,303.1490546929999,8.910899559530865,8.82933290025861,6.11976336514497,0.031253429678259594,0.004097201848414171,0.7854546251373105,0.18399899642957962
71.466,303.3492893950024,8.917534634603085,8.835968649569486,6.119724916379274,0.031253473698677425,0.004097213359960105,0.785454256406872,0.18399914549815932
71.514,303.5489985430031,8.923649313813549,8.842083947655286,6.119689482531013,0.03125351468100019,0.004097223664333571,0.7854539269277967,0.18399914549815932
71.56,303.749135226004,8.929633894519572,8.848069137070103,6.119654802072553,0.03125355485637396,0.004097232673710378,0.7854536393086673,0.18399927454062492
71.603,303.9492491380006,8.935228178283204,8.8536639865094,6.1196223827983225,0.03125359198571284,0.004097241139953777,0.785453369350803,0.1839992745405361
71.649,304.14954514900455,8.941342861085745,8.859779292382274,6.119586947312871,0.031253631885872435,0.004097249103421663,0.7854531158659,0.18399938625668355
71.698,304.3490045660001,8.947717745079654,8.866154821973584,6.119550003255606,0.03125367206384388,0.004097257530436872,0.7854528479489932,0.18399938625659473
71.748,304.5490576630036,8.95409262953138,8.872530356574895,6.119513058737685,0.031253710361817295,0.00409726477976692,0.7854526182272789,0.18399948295497737
71.799,304.7490022540005,8.960857814780264,8.87929623322354,6.1194738561147215,0.03125372650279631,0.004097272173907444,0.7854523861347034,0.18399948295497737
71.847,304.9489955850004,8.96697250144914,8.885411552761738,6.119438428339688,0.03125371005776006,0.0040972774121032065,0.7854522197847229,0.18399956650663185
71.897,305.1489821530049,8.973477488447564,8.891917211546515,6.119400738631418,0.031253689973587934,0.004097282909980032,0.785452045461726,0.18399956650663185
71.945,305.34923313400213,8.979852375637986,8.89829276039886,6.119363802134431,0.03125366816480758,0.0040972874716031765,0.7854519012456087,0.18399963147484044
71.996,305.54899858499994,8.98635736345162,8.904798422539127,6.119326111072033,0.031253643979468504,0.004097291995444779,0.7854517584074748,0.18399963147492926
72.044,305.749126859002,8.99260215168805,8.911043860728538,6.119289926943898,0.03125361928391269,0.004097295684232598,0.7854516422852553,0.18399968342563966
72.094,305.94896187600534,8.999107140057674,8.917549525641633,6.119252234294529,0.031253592242428394,0.0040972993871363945,0.7854515258294938,0.18399968342563966
72.143,306.14897987100267,9.005482028563433,8.923925079269818,6.119215294678067,0.03125356477751059,0.004097302473634939,0.7854514290530716,0.18399972584548507
72.189,306.34909992300527,9.011466618106926,8.929910293069115,6.11918061587019,0.03125353833555207,0.004097305232571307,0.7854513426085735,0.18399972584548507
72.237,306.5491684100052,9.017711407081732,8.936155734907773,6.1191444284839145,0.03125351035970558,0.00409730771679719,0.7854512649771973,0.1839997601144283
72.287,306.74903021900536,9.02421639572941,8.942661403838612,6.119106732386084,0.03125348105837335,0.0040973101180090754,0.7854511899974411,0.1839997601143395
72.336,306.9490319270044,9.030591284457469,8.949036960365515,6.119069789341456,0.031253452495792526,0.004097312147682742,0.78545112676707,0.1839997874039767
72.387,307.1490033900045,9.037226372732558,8.95567274395949,6.119031337503404,0.03125342321902376,0.004097314085126526,0.7854510664378082,0.1839997874038879
72.432,307.34898390900344,9.04321096197594,8.961657961151646,6.118996654689483,0.031253397482514274,0.0040973155927823334,0.7854510195850117,0.18399980882168876
72.478,307.5490394150038,9.049195551006212,8.96764317844629,6.118961971172671,0.03125337261164452,0.004097316956469974,0.7854509772350651,0.18399980882159994
72.524,307.7490105130055,9.055050040005737,8.973498282499563,6.118928041003509,0.03125334934102002,0.00409731813097042,0.7854509407982891,0.18399982540477922
72.574,307.94897259100253,9.061555027322076,8.98000395376138,6.11889034012608,0.03125332496633959,0.004097319252670069,0.7854509059408419,0.18399982540486803
72.624,308.14911616700556,9.068060014109255,8.986509624801961,6.118852638590617,0.031253302445975545,0.0040973202342854745,0.7854508756391809,0.1839998377994867
72.673,308.3490750280034,9.07443489979782,8.99288518189446,6.118815690590558,0.03125328267013731,0.0040973209807043335,0.7854508530687276,0.18399983779939788
72.722,308.54899717800436,9.080809784020666,8.999260736437597,6.118778747856367,0.03125328740320385,0.004097320673694708,0.7854508379903493,0.18399984653765245
72.772,308.7492413450018,9.087444868739183,9.005896516670518,6.1187403021389075,0.03125331580216391,0.004097320985831495,0.7854508222733124,0.18399984653614254
72.82,308.94899196600454,9.09355955531341,9.012011843445155,6.11870487132497,0.03125334402238431,0.004097321386553215,0.7854508056402131,0.18399984653614254
72.871,309.1490145200005,9.100194641472326,9.018647623420337,6.118666424559975,0.03125337639075399,0.004097321944536512,0.7854507850989856,0.18399985063908275
72.92,309.3489808930026,9.1065695288633,9.02502317646371,6.118629484904826,0.031253408780211225,0.004097322604141001,0.7854507624909006,0.18399985063908275
72.968,309.5495436860001,9.112814317125922,9.031268615921645,6.118593298510339,0.031253441358956156,0.004097323352535507,0.7854507378570815,0.18399985566421861
73.017,309.7490054400041,9.119189205744295,9.037644168298234,6.118556357586047,0.03125347511691691,0.004097324229160087,0.7854507097277903,0.18399985566421861
73.068,309.9489684479995,9.125824294481516,9.044279946939074,6.118517908165529,0.03125351040363699,0.004097325234308274,0.78545067800505,0.18399986273829327
73.118,310.1490045410028,9.132329283986026,9.050785611686258,6.118480211952842,0.03125354475966309,0.004097326333261224,0.7854506436812265,0.18399986273820446
73.169,310.34902535199944,9.138964373766164,9.057421389260119,6.118441761111485,0.03125357917059517,0.004097327532554313,0.7854506064974434,0.1839998718790703
73.22,310.5490513410041,9.14559946400827,9.064057166303096,6.118403309576619,0.03125361254785799,0.004097328815311319,0.7854505669200939,0.18399987187773803
73.269,310.7491727960005,9.152104454832102,9.070562829810278,6.118365611356647,0.0312536438852408,0.0040973301057780345,0.7854505273010391,0.18399988302659764
73.316,310.9490189670032,9.158089046634872,9.076548039903207,6.118330928481929,0.03125367113857714,0.004097331342158188,0.78545048949208,0.18399988302526538
73.365,311.1491452379996,9.164594037733982,9.083053704380486,6.118293229387563,0.03125369814193274,0.004097332575802782,0.7854504526931768,0.18399989568980146
73.415,311.34906905900425,9.170968927691806,9.089429257431703,6.118256292545642,0.03125368924573973,0.004097333647734327,0.7854504203736071,0.1839998956909561
73.462,311.5490309750021,9.17708361799738,9.095544585305023,6.118220865069302,0.03125367016585641,0.00409733447045275,0.7854503950604342,0.18399990865605176
73.509,311.7490489960037,9.183198308560147,9.10165991382591,6.118185437101031,0.03125364901603377,0.004097335218766269,0.7854503723735136,0.18399990865605176
73.559,311.9490204880058,9.189703298754218,9.108165583686107,6.11814774715223,0.031253624643557236,0.004097335847375401,0.785450353843458,0.18399991858606413
73.604,312.1489831460058,9.195557790115569,9.1140206870804,6.1181138255789875,0.03125360135262089,0.004097336362589685,0.785450339244328,0.1839999185859753
73.645,312.349536654001,9.200891882417595,9.119355337647796,6.118082918712562,0.03125357924268338,0.004097336713220975,0.7854503296790869,0.18399992683786337
73.689,312.5490297549986,9.206616274378407,9.1250803287198,6.118049749743745,0.03125355476607134,0.004097337064696733,0.7854503200964456,0.183999926838041
73.734,312.7490213429992,9.212470766419631,9.130935433480248,6.11801582623717,0.0312535291510421,0.004097337389820913,0.7854503112872716,0.18399992938054055
73.783,312.94948933699925,9.21897575778616,9.137441105630906,6.117978132598206,0.03125350027462794,0.004097337716106215,0.7854503024991042,0.1839999293792971
73.83,313.1490195330043,9.224960350027363,9.1434263241732,6.1179434536395165,0.03125347358204878,0.004097337979428432,0.7854502954866612,0.18399993212394605
73.879,313.34900911799923,9.231335241877863,9.149801883144553,6.117906512146086,0.0312534452945183,0.004097338224392012,0.785450289043034,0.18399993212279142
73.924,313.54919453200273,9.23718973445653,9.155656988355844,6.117872585500018,0.03125341969138891,0.004097338417450357,0.7854502840467011,0.18399993413709126
73.973,313.7489853049992,9.243564626400804,9.16203254733842,6.1178356423057885,0.031253392486417717,0.004097338595355416,0.7854502795340755,0.18399993413709126
74.018,313.94901889299945,9.249419118914743,9.167887652323003,6.117801714119546,0.03125336835298783,0.004097338732032899,0.7854502761522001,0.18399993413655835
74.06,314.1490271090006,9.254883311778999,9.173352416662066,6.117770047171152,0.031253346754684566,0.004097338835529316,0.785450273696056,0.18399993539306436
74.105,314.3490119140042,9.26073780391128,9.17920752091444,6.117736117637,0.03125332479892989,0.004097338924832322,0.7854502717006764,0.1839999353917321
74.154,314.5491632500052,9.26711269503411,9.185583078377569,6.117699171408286,0.031253302509440146,0.004097338995733329,0.7854502701918492,0.1839999359826372
74.202,314.7490470710036,9.273357485925134,9.191828521847391,6.117662978496012,0.03125328254873242,0.004097339053504779,0.7854502691253998,0.18399993598272602
74.249,314.9490741030022,9.279472176544987,9.197943851298692,6.117627539014683,0.03125326509842796,0.004097339115013995,0.7854502683097648,0.18399993598778863
74.285,315.14915731100336,9.284155768975042,9.202627932884743,6.11760039363609,0.03125325381705614,0.004097339180474881,0.7854502677681047,0.18399993598645636
74.321,315.3491337400046,9.288839362805605,9.207312013356368,6.117573253502353,0.03125327156578712,0.0040973386297303615,0.7854502669322402,0.18399993567443929
74.359,315.5492009100053,9.293783156935255,9.212256320250436,6.117544607126985,0.03125330119172668,0.00409733851918054,0.7854502656638903,0.18399993567435047
74.396,315.7490195520004,9.29859685125451,9.217070513710338,6.117516714303037,0.031253331376254447,0.004097338442590005,0.7854502641029801,0.18399993567435047
74.433,315.9492322380029,9.303410545656009,9.221884707118168,6.117488821160081,0.031253362643016896,0.004097338418047683,0.7854502619711708,0.18399993544031545
74.473,316.1491224909987,9.308614539670078,9.227089240463567,6.117458666030013,0.03125339738585494,0.004097338447006921,0.785450258871444,0.18399993544040427
74.51,316.3489648840041,9.313428234167853,9.231903433729517,6.1174307721678245,0.03125343015205099,0.004097338519646226,0.7854502552620508,0.18399993544031545
74.551,316.54968800200004,9.3187623280778,9.237238080212302,6.11739986233002,0.03125346689714791,0.004097338646441726,0.78545025043003,0.18399993576423412
74.593,316.74908134500583,9.324226521790608,9.242702839864801,6.117368198126168,0.031253504723423385,0.004097338824787162,0.7854502444966591,0.18399993576521112
74.634,316.9490408980055,9.329560615590948,9.248037486037045,6.117337287373714,0.031253541542384675,0.00409733903917915,0.7854502378604048,0.1839999375263801
74.673,317.1494881460021,9.334764609397798,9.253242018654143,6.117307130108865,0.031253577092726574,0.004097339288529651,0.7854502304479699,0.18399993752646893
74.713,317.349781419005,9.339968603037224,9.258446550998153,6.117276972423141,0.03125361201665856,0.004097339576529016,0.7854502220915537,0.1839999375262913
74.75,317.5491277990004,9.344652197455725,9.263130629867144,6.117249830149227,0.03125364269101718,0.004097339897153979,0.7854502128351805,0.18399993915192425
74.784,317.74927380699955,9.349075592334138,9.267554481874436,6.117224195481919,0.031253670805291275,0.004097340270910495,0.7854502020358187,0.18399993915192425
74.817,317.9492176909989,9.353368887388566,9.271848221014626,6.117199314540304,0.03125369708287061,0.004097340624400716,0.7854501921372926,0.18399993915192425
74.854,318.1490161190013,9.358182582025279,9.276662414538452,6.117171417838555,0.03125372338142354,0.004097341111807552,0.7854501828879276,0.1839999425770067
74.893,318.3491577540044,9.363256475788143,9.281736835921151,6.117142020529949,0.03125371126797536,0.004097341554266002,0.7854501691355469,0.1839999425770955
74.932,318.54909121200035,9.368330369591641,9.286811257783734,6.117112622922385,0.03125369739976087,0.004097341936318706,0.7854501576029687,0.18399994715974088
74.973,318.74934551500337,9.373664463192346,9.29214590686766,6.117081717358542,0.03125368114703146,0.004097342294815467,0.7854501471072668,0.18399994715956325
75.013,318.94903042700025,9.378868457183524,9.297350442943127,6.117051565152897,0.03125366382547109,0.0040973426182130705,0.7854501379025176,0.18399994715965207
75.054,319.14906787100335,9.384202551370903,9.302685092804593,6.117020658649892,0.0312536447472998,0.004097342925630526,0.7854501293866983,0.18399995198912222
75.097,319.34889951300283,9.389796845531547,9.308279969785675,6.116988243939624,0.031253623483341736,0.004097343233210987,0.7854501210474427,0.18399995199036567
75.146,319.5491128040012,9.396171739259714,9.314655527705812,6.116951305489954,0.03125359792951674,0.0040973435488349174,0.7854501127556208,0.1839999553591376
75.2,319.74911459800205,9.403197132655972,9.321681653125882,6.116910596835696,0.03125356845889468,0.004097343866208462,0.785450104651325,0.18399995536046987
75.24,319.9492154870022,9.408401127994834,9.326886190739614,6.1168804415974565,0.03125354596075398,0.004097344070796401,0.7854500996312355,0.18399995797082624
75.28,320.14906291300576,9.413605123445484,9.332090728493256,6.116850285771132,0.03125352306674057,0.004097344256022323,0.7854500952146125,0.1839999579696716
75.318,320.349119120001,9.418548939393197,9.33703496516397,6.116821635255419,0.03125349908557588,0.004097359735493623,0.7854496014899854,0.1839999579695828
75.358,320.54903073600144,9.423752986568346,9.342239324043883,6.11679147354458,0.03125347115016564,0.004097395905578897,0.7854484459735195,0.183996313259982
75.399,320.7489676100013,9.429087140880245,9.347573785769441,6.116760556913785,0.03125344259335244,0.0040974329182049,0.785447263482485,0.18399631326007082
75.442,320.94911635800236,9.43468150064817,9.353168471633406,6.116728131554928,0.03125341326122976,0.004097468992596234,0.7854461109937954,0.1839965776590624
75.486,321.14896129700355,9.440405967889665,9.358893260492271,6.116694951173811,0.03125338374613429,0.0040975057015326605,0.785444938152177,0.18399657765915123
75.533,321.3490664170022,9.446520741521459,9.36500838726778,6.116659507936959,0.03125335348943826,0.004097540996493693,0.7854438105275279,0.18399706360510137
75.578,321.5490981960029,9.452375315515681,9.370863297944707,6.116625572199726,0.03125332571117193,0.004097572993031576,0.7854427882597578,0.18399706360510137
75.62,321.7490444990035,9.457839586971438,9.376327885150298,6.116593898299071,0.031253301077320814,0.004097600855144813,0.7854418979819812,0.1839970636051902
75.67,321.9490862780003,9.464344673796445,9.382833353389158,6.116556190720277,0.031253273667240275,0.0040976311605652235,0.7854409296445276,0.18399747617108275
75.711,322.1491833789987,9.469678848001147,9.38816783645425,6.116525269943351,0.03125325278825138,0.004097655102002754,0.7854401648195826,0.18399747617117157
75.75,322.34905706900463,9.474752817844765,9.393242108951613,6.116495857381193,0.03125323489194001,0.004097675251794883,0.7854395213219676,0.18399782367035655
75.791,322.54945161300566,9.480217085425489,9.398706698130807,6.116464186963019,0.03125323670030634,0.0040976952327268674,0.7854388571594625,0.18399782366378403
75.841,322.7490118499991,9.486592056847016,9.405082058754621,6.116427243093651,0.03125326116318199,0.004097715420387292,0.785438207744088,0.18399811890690287
75.895,322.9490908200023,9.493617540439521,9.41210796525099,6.116386528775682,0.03125329067022774,0.0040977370676504475,0.7854375104196011,0.18399811890690287
75.947,323.14900427900284,9.500382825395898,9.418873662273835,6.116347321871118,0.031253321341745494,0.0040977557126241106,0.7854369110405399,0.18399835107452134
76.0,323.3491527779988,9.507278216613075,9.425769466405278,6.116307360161246,0.031253354086923694,0.004097774550203456,0.7854363067374719,0.18399835107443252
76.049,323.5490737750006,9.513653204402223,9.43214484112524,6.116270413874596,0.03125338550811103,0.004097789989741545,0.7854358121338417,0.18399854971482554
76.098,323.748984417005,9.520028195737432,9.438520212721707,6.1162334668076275,0.031253417388894734,0.004097805502838301,0.7854353158224744,0.18399854971500318
76.145,323.9491531610038,9.526273088022828,9.444765481792452,6.1161972732056515,0.03125344893727791,0.0040978190595117635,0.7854348825806663,0.18399872605003864
76.199,324.1494634740011,9.533298595362115,9.451791406699463,6.1161565545237595,0.031253484128595015,0.004097834306120912,0.7854343957872154,0.18399872605003864
76.241,324.3489994970005,9.538632778748907,9.457125913253579,6.1161256380784055,0.031253510576537,0.004097844190999488,0.7854340805408897,0.18399892754388247
76.287,324.54909394200513,9.544747576545204,9.463241077208597,6.116090196645826,0.03125354007301038,0.00409785556060731,0.785433718168413,0.18399892754388247
76.333,324.74918234300276,9.550602172078504,9.469096024433059,6.116056262856195,0.031253567328063926,0.004097865613673264,0.7854333980511974,0.18399905769896918
76.373,324.9490999730042,9.555806258430897,9.474300422099764,6.116026099059525,0.0312535904478219,0.004097874286975732,0.785433122067566,0.18399905769896918
76.415,325.14907191100065,9.561270550365702,9.47976503935072,6.115994426689305,0.031253613275366694,0.004097883212735117,0.785432838304279,0.18399905769896918
76.465,325.34895932200016,9.567775659285056,9.486270534600893,6.115956724734013,0.03125362421140686,0.004097893625644386,0.7854325082495653,0.18399913933988543
76.515,325.5489625370028,9.574280766482367,9.49277602490935,6.1159190297699455,0.03125360388912039,0.0040979041410339374,0.7854321728448944,0.18399913934112888
76.568,325.74901029000466,9.5811761826359,9.499671850267076,6.1158790725953125,0.03125357970253177,0.004097914118308645,0.78543185506272,0.18399925046894694
76.612,325.94895388900477,9.586900680869977,9.505396687307528,6.1158459000435155,0.031253557862989806,0.004097922046346209,0.7854316027596256,0.18399925046894694
76.655,326.14901972900407,9.592495078395773,9.510991419275642,6.115813480944022,0.03125353533659229,0.004097928873078507,0.7854313860508805,0.18399935786712618
76.698,326.34916418500507,9.598089477194238,9.516586150520338,6.115781061236172,0.03125351175913096,0.00409793565308202,0.785431170979683,0.18399935786810317
76.742,326.5490791820048,9.603813979635675,9.522310998823663,6.115747887062178,0.03125348692453623,0.004097941321440196,0.7854309913845441,0.18399947344835965
76.793,326.74903599900426,9.610449199638596,9.528946618371466,6.115709434318218,0.03125345733846165,0.004097947712915116,0.7854307887964148,0.18399947344835965
76.833,326.94927026900405,9.615653294683506,9.53415102784503,6.11567927467341,0.03125343378101327,0.004097952269027043,0.7854306444215143,0.18399952227587946
76.875,327.14900154900533,9.621117595212972,9.53961565796257,6.115647606405609,0.03125340886771585,0.004097956893508865,0.7854304978432096,0.18399952227579064
76.912,327.3489774050031,9.625931384349961,9.544429737518183,6.115619707629156,0.03125338692514463,0.004097960746980929,0.7854303756966275,0.18399952227667882
76.958,327.54947498800175,9.632046198217012,9.550544922372191,6.115584267946972,0.03125335930204369,0.004097965056580575,0.7854302391671469,0.18399958335475475
77.007,327.7493334690007,9.638421217590016,9.556920327777457,6.115547319304526,0.03125333098765056,0.0040979693816993205,0.7854301020867918,0.1839995833545771
77.049,327.94943213400256,9.643885520281486,9.562384963469505,6.115515648378403,0.031253307378306304,0.004097972536840047,0.7854300021617633,0.18399963548576537
77.095,328.1489936229991,9.649740130711901,9.568239929748197,6.1154817145206035,0.03125328290093541,0.004097975866458166,0.7854298966428205,0.18399963548576537
77.145,328.3491165439991,9.656245253740916,9.574745450174461,6.115444009444505,0.0312532570105027,0.004097979012854771,0.7854297970058957,0.18399967803732764
77.191,328.5490673960012,9.662229967121984,9.580730528715824,6.115409320029066,0.031253234586305176,0.004097981786174299,0.7854297091548127,0.18399967803732764
77.241,328.74900261300354,9.66873509050884,9.587236050372933,6.115371613417063,0.03125321201364873,0.004097984378891083,0.7854296269643936,0.18399971254163816
77.287,328.9490063500052,9.674719804118848,9.593221130070308,6.115336922691086,0.031253193105816895,0.004097986649841601,0.7854295551301466,0.18399971254154934
77.331,329.1490188250027,9.680444312345461,9.598945989370561,6.1153037397774055,0.03125317700367633,0.00409798853826675,0.7854294959707538,0.1839997403655147
77.384,329.34912554699986,9.687339741756237,9.605841842096083,6.115263772548585,0.031253178473098976,0.00409798969889717,0.7854294389179228,0.18399974039873257
77.427,329.54909868699906,9.692934150656843,9.611436590176021,6.115231351682045,0.03125321143727001,0.004097991168281218,0.7854293879544546,0.18399976204941382
77.47,329.7490053210058,9.69852855996688,9.617031338147786,6.115198930407646,0.03125324621768946,0.004097992599902729,0.7854293380811309,0.1839997620487921
77.518,329.94910689200333,9.704773482869324,9.623276637862668,6.115162738683879,0.03125328674495642,0.004097994300342512,0.7854292806568983,0.18399976204825919
77.562,330.14907533000223,9.710497996218868,9.629001495932894,6.115129562417958,0.03125332505433528,0.004097995878930786,0.7854292284652976,0.18399977973260206
77.608,330.3491080080057,9.716482715535719,9.634986574185488,6.115094877570692,0.031253365855946125,0.00409799766083976,0.7854291705429849,0.18399977973260206
77.649,330.5490098260052,9.721816922345438,9.64032110070723,6.115063962335219,0.03125340256167902,0.0040979991932268405,0.7854291212777998,0.18399979892365081
77.692,330.74917596900195,9.727411335046991,9.645915847196141,6.115031538521861,0.031253441050973586,0.004098000950085007,0.7854290652843776,0.18399979892240736
77.737,330.9489754560054,9.733265953444448,9.651770814545708,6.114997606084607,0.031253481005339714,0.004098002736116378,0.7854290087809951,0.18399981905599105
77.787,331.1492177390028,9.739771085714874,9.65827633294445,6.114959902715948,0.03125352454304833,0.004098004848472297,0.7854289423226751,0.18399981905599105
77.84,331.34894955100026,9.746666526457606,9.665172182468876,6.1149199364391045,0.03125356918040569,0.00409800702672013,0.7854288742572427,0.18399984020778248
77.891,331.54899922299956,9.753301762343439,9.671807811476215,6.114881477701914,0.031253609988658226,0.004098009122330772,0.7854288093297461,0.18399984020902593
77.941,331.7490410610044,9.75980689535929,9.678313333570182,6.114843775741456,0.03125363163317639,0.004098010895148038,0.7854287573925514,0.18399986189034934
77.989,331.9490025440027,9.766051823141783,9.684558636692437,6.114807588224578,0.03125361553284006,0.0040980124701896735,0.7854287081165631,0.1839998618901717
78.035,332.1490140770038,9.772036545717446,9.690543719987398,6.114772908055373,0.0312535977980362,0.00409801376805768,0.7854286679190667,0.18399988038293458
78.088,332.3490590950023,9.778931987225867,9.697439577595995,6.114732949784021,0.031253574941941774,0.004098015136642442,0.7854286258939416,0.1839998803830234
78.139,332.5490399600021,9.785567223493906,9.704075215308217,6.114694498606417,0.031253550863594846,0.004098016239511406,0.7854285924682903,0.1839998952344324
78.183,332.7494218970023,9.791291741182288,9.709800079772071,6.114661324378464,0.031253528693407084,0.004098017092547379,0.7854285668641465,0.1839998952345212
78.209,332.8566499350054,9.79467441075483,9.713182954479738,6.11464172112301,0.03125351507378923,0.004098017548391437,0.785428553299093,0.1839998952345212
78.222,332.9126027050006,9.796365745513567,9.71487439199648,6.1146319194113525,0.0312535081387897,0.004098017742836748,0.7854285475910644,0.1839999062911879
78.265,333.11255925700243,9.801960160524285,9.720469147039099,6.11459949794192,0.03125348466786686,0.0040980183515522085,0.7854285298194706,0.1839999062911879
78.305,333.3127369050053,9.807164267526556,9.72567357060066,6.114569337842021,0.03125346222995047,0.004098018861146892,0.785428515093669,0.1839999062911879
78.343,333.5125904150045,9.812108169060846,9.73061777349838,6.114540685216751,0.031253440527454115,0.004098019231416973,0.7854285047242499,0.18399991398556637
78.388,333.71256905300106,9.817962789245312,9.736472750823316,6.114506753790949,0.031253414515721396,0.004098019614420489,0.7854284941743341,0.18399991398547755
78.427,333.91264659599983,9.823166896202578,9.741677175309901,6.1144765918945945,0.031253391281484785,0.004098019908215802,0.7854284862341935,0.18399991970259322
78.477,334.112491083004,9.829541927361834,9.748052595403351,6.114439642768236,0.03125336291165216,0.0040980202319309674,0.7854284775787258,0.1839999197025044
78.517,334.3125468110011,9.834746034492255,9.7532570199966,6.11440947957057,0.03125334001519289,0.0040980204699233485,0.7854284712731479,0.18399991970259322
78.554,334.51269187000435,9.8395598336058,9.758071112728018,6.114381578107983,0.03125331919218357,0.004098020666094758,0.7854284661383919,0.18399992219144679
78.601,334.712614267999,9.845674659349033,9.764186311365393,6.1143461350323705,0.0312532934307886,0.0040980208851131485,0.7854284604840416,0.1839999221915356
78.648,334.9127807170007,9.851789484856447,9.77030150964939,6.1143106912312435,0.031253268670446865,0.004098021064092637,0.7854284560093026,0.18399992350239813
78.698,335.112470691005,9.858294618063175,9.776807039248443,6.114272984312147,0.03125324369494898,0.004098021219823933,0.7854284521391703,0.18399992350106587
78.738,335.3126895700043,9.863498724382303,9.782011462528907,6.114242818265175,0.0312532249177858,0.004098021319395272,0.7854284497711468,0.18399992466751058
78.781,335.51265941800375,9.869093138366296,9.787606217097817,6.11421038931161,0.03125320613924132,0.004098021414049006,0.7854284477434248,0.18399992466751058
78.83,335.7125903109991,9.875468167589121,9.793981634228391,6.114173434991194,0.03125318717043204,0.004098021516748841,0.7854284457557366,0.1839999251206592
78.877,335.9126090610007,9.88158299199564,9.800096827852485,6.114137996047805,0.03125320012739975,0.004098020766881736,0.7854284440257537,0.1839999251216362
78.928,336.11255113700463,9.888218227600731,9.806732462771583,6.114099543688227,0.031253228997801356,0.004098020659091735,0.7854284417711125,0.18399992515218955
78.979,336.3125013750032,9.8948534635471,9.813368097778282,6.114061090822442,0.031253260090678706,0.004098020636682956,0.7854284386074298,0.18399992515236718
79.028,336.5125666790045,9.901228494431933,9.819743511869866,6.114024145363511,0.031253291589713635,0.004098020691821569,0.7854284344750596,0.18399992546438426
79.079,336.71254049500567,9.907863730845925,9.826379146964552,6.113985691304573,0.03125332562399499,0.004098020823208951,0.7854284288753766,0.1839999254631408
79.129,336.9125210650018,9.914368864700604,9.832884671537297,6.113947990597244,0.031253359818336074,0.004098021019191329,0.7854284220447828,0.18399992616906502
79.182,337.11253267899883,9.921264306626972,9.839780527473645,6.113908027122914,0.03125339651862825,0.00409802129497131,0.7854284132979142,0.1839999261703973
79.235,337.31253908600047,9.928159748540102,9.846676383239496,6.113868062892669,0.0312534332373041,0.004098021633376537,0.7854284030819327,0.18399992795989917
79.286,337.51256841400027,9.934794985303679,9.853312017508596,6.113829606021911,0.031253468158812046,0.00409802207442588,0.7854283899554357,0.18399992795963271
79.338,337.71254527100245,9.94156032511012,9.860077761608602,6.113790394369616,0.031253502929503456,0.004098022653563404,0.7854283727515095,0.18399993078874743
79.392,337.91249891900225,9.94858587066028,9.867103726044771,6.1137496738307755,0.03125353769740237,0.0040980233778903094,0.7854283512387263,0.18399993078874743
79.439,338.11306739800057,9.954830800281515,9.873349027472411,6.113713477201446,0.03125356706979787,0.004098024080946426,0.7854283304463073,0.1839999358841382
79.493,338.3128257550052,9.961726243448435,9.88024488117234,6.11367350954202,0.03125359726308507,0.004098024912165073,0.7854283060851625,0.1839999358841382
79.541,338.51251271599904,9.967971172398967,9.886490184910288,6.113637316265737,0.03125360615138943,0.004098025527300867,0.7854282898795413,0.18399994294160393
79.593,338.71255013000336,9.974736511207851,9.893255932437574,6.113598113525513,0.03125358610459874,0.004098025978852443,0.7854282761870536,0.18399994294160393
79.643,338.91248034599994,9.981371747923744,9.89989157022066,6.113559664132001,0.03125356382062445,0.004098026371549277,0.7854282647945081,0.18399994899365169
79.697,339.1125222230039,9.988267190474383,9.90678742962863,6.113519706215745,0.03125353840779453,0.004098026756603991,0.785428253990424,0.1839999489937405
79.748,339.3124858279989,9.994902428164348,9.913423068503699,6.113481255379919,0.03125351220792967,0.0040980271028427055,0.7854282449680534,0.18399995253899348
79.799,339.5126144380047,10.001537666199269,9.920058707779171,6.113442803725624,0.0312534846678196,0.004098027418203295,0.785428236903733,0.18399995253899348
79.852,339.7125289820033,10.008433110045194,9.926954568651377,6.1134028432370755,0.0312534549948074,0.004098027696977169,0.7854282299351606,0.18399995531446223
79.904,339.91265562100307,10.015198451410457,9.933720319216702,6.113363635759339,0.031253425194623576,0.004098027932793792,0.7854282241665664,0.1839999553143734
79.957,340.11252503400465,10.022093895733093,9.94061618063989,6.113323673281113,0.03125339448898884,0.004098028127035659,0.7854282196292266,0.18399995735176589
80.007,340.31252384300024,10.028729134733949,9.947251820968196,6.113285217840487,0.031253364967269555,0.004098028282213875,0.7854282161540046,0.1839999573518547
80.061,340.5125337520003,10.035624579280016,9.954147682463562,6.11324525331841,0.03125333467056499,0.004098028408298879,0.7854282135394945,0.18399995862434793
80.11,340.7125340710045,10.041999612753795,9.960523101319122,6.113208304065575,0.03125330731677667,0.004098028499245961,0.7854282118272348,0.18399995862337093
80.162,340.91265153800487,10.048764954131093,9.967288851572452,6.113169091664673,0.03125327929859418,0.004098028571376392,0.7854282106755576,0.18399995923985557
80.213,341.11255514700315,10.055400192444997,9.973924490799591,6.113130632428919,0.031253253137156344,0.004098028621914511,0.785428210092359,0.18399995923958912
80.261,341.3127092720024,10.061645122247532,9.980169797851433,6.113094434705923,0.03125322997465714,0.004098028655519492,0.7854282099216887,0.18399995933675584
80.309,341.51256511200336,10.067890051649417,9.986415104408522,6.113058236257597,0.03125320846822233,0.0040980286727666845,0.7854282100851846,0.1839999593361341
80.361,341.712620160004,10.074655391374868,9.993180852596899,6.113019020519256,0.031253187325584464,0.004098028684096828,0.7854282106228692,0.18399995906301925
80.414,341.9125649320049,10.081550833352152,10.000076710714819,6.112979049940784,0.03125316856574635,0.004098028700663088,0.7854282115970582,0.18399995906310807
80.467,342.1125647630033,10.088446276622957,10.006972567521936,6.112939084352926,0.03125318084746892,0.004098027919176452,0.7854282124057819,0.1839999585271812
80.517,342.3125216740009,10.094951413204885,10.013478091864329,6.1129013853403285,0.03125322007237349,0.004098027806579865,0.785428212325938,0.18399995852727002
80.565,342.5131266410026,10.101326447165214,10.01985350563728,6.112864439771155,0.031253260722654407,0.00409802772498587,0.785428211583688,0.1839999577879503
80.613,342.7126652480001,10.107441275705769,10.025968698345102,6.112829001643175,0.03125330126768925,0.004098027704751318,0.785428210253515,0.18399995778901612
80.663,342.9125874849997,10.113946412435924,10.032474222355399,6.112791300889053,0.03125334553161889,0.004098027737910539,0.785428208097426,0.18399995745026487
80.714,343.11252785700344,10.12058165188781,10.039109856662275,6.112752845438873,0.03125339133188245,0.004098027835224009,0.7854282046849329,0.18399995745159714
80.766,343.31252781199873,10.127346993990423,10.045875601236128,6.112713635241635,0.03125343813773205,0.004098027999439495,0.7854281997801452,0.18399995761146926
80.816,343.5128374640044,10.133982233221404,10.05251123510101,6.1126751783831335,0.031253483599872386,0.0040980282190541395,0.7854281936014951,0.18399995761138044
80.867,343.7125674370036,10.140487369544777,10.059016758254288,6.112637474917126,0.03125352722405962,0.004098028485896551,0.7854281862984963,0.18399995852851347
80.918,343.9125276420018,10.147122608354302,10.065652391588479,6.11259901673276,0.0312535702128992,0.004098028808980052,0.7854281776104344,0.18399995852975692
80.968,344.11257097899943,10.153627744455186,10.072157914673314,6.112561312058416,0.031253610231257285,0.004098029174065507,0.7854281681018155,0.1839999603765463
81.018,344.3125653060051,10.16013288047991,10.078663439525483,6.1125236108280045,0.031253627866741504,0.004098029637293693,0.7854281576644505,0.18399996037734567
81.066,344.51256820900016,10.166377810381379,10.08490874484839,6.112487423250463,0.03125361178996242,0.004098029998804617,0.7854281473088341,0.1839999630790956
81.113,344.71249727599934,10.172492637979667,10.091023940130297,6.112451989076758,0.03125359364494001,0.004098030337819032,0.7854281378891959,0.18399996307891797
81.163,344.9125384639992,10.178997774191272,10.097529467582458,6.112414292503331,0.031253572096484224,0.004098030671228165,0.785428128935275,0.18399996640310334
81.214,345.1124838770047,10.185633013533948,10.104165106080385,6.1123758412336215,0.03125354807496408,0.0040980309870888255,0.785428120722175,0.18399996640319216
81.265,345.3125285019996,10.192268253293294,10.110800745083806,6.112337389125655,0.03125352232224867,0.004098031268397211,0.7854281137054518,0.18399996943170294
81.315,345.51297336599964,10.198903502937863,10.117436350278286,6.112298935232949,0.03125349422530195,0.004098038645429864,0.7854278797671311,0.18399996943170294
81.367,345.71253341000556,10.205538778908283,10.124071870489516,6.112260478124549,0.031253462802089314,0.004098063049851326,0.7854271011836258,0.18399805830382476
81.419,345.91254072800075,10.212304162563482,10.130837497066116,6.112221265835992,0.03125343006230514,0.00409808721905371,0.785426330128276,0.18399805830391358
81.467,346.1125586019989,10.218549134894637,10.137082691885778,6.112185068940422,0.03125339957780923,0.004098108361710933,0.7854256556658414,0.1839981977634686
81.514,346.3125611020005,10.224664006317518,10.143197778608453,6.112149625256111,0.03125336972869931,0.004098128161585597,0.7854250240398436,0.18399819776355741
81.563,346.51254133600014,10.231039085613844,10.149573088952478,6.112112672590955,0.031253339067711904,0.004098146480309795,0.7854244397655062,0.18399845335679288
81.613,346.7125976210009,10.237544271106076,10.156078507029811,6.112074964825159,0.03125330833363976,0.004098164441971584,0.785423866830343,0.18399845335679288
81.664,346.9125495960034,10.244179560709377,10.162714039916933,6.112036502122747,0.031253278055324456,0.004098180602356554,0.7854233514166558,0.18399866943612508
81.715,347.1125422760015,10.250814852327544,10.169349572343261,6.111998038498343,0.03125324897999469,0.004098196046321664,0.7854228587958354,0.18399866943612508
81.767,347.31315603799885,10.257710351831296,10.176245326637433,6.111958065725253,0.031253220507208565,0.004098210282393279,0.7854224046433155,0.1839988504343637
81.817,347.51268366200384,10.264085437625306,10.18262064651545,6.111921109019204,0.031253195931648645,0.004098222761993167,0.7854220064709985,0.1839988504343637
81.87,347.712841585002,10.27111104259717,10.189646512631066,6.111880380594299,0.03125317129510796,0.0040982350776773546,0.7854216138952412,0.18399900345364983
81.92,347.9126835569987,10.277486127727412,10.196021834458671,6.111843423751116,0.03125315507795599,0.004098245024796194,0.7854212838959812,0.18399900345373865
81.972,348.112549133999,10.284251517078959,10.202787477356127,6.111804214408841,0.03125318159185019,0.004098253768071974,0.7854209902972559,0.1839991330345292
82.022,348.3129785820056,10.290886805119849,10.20942301287318,6.11176575863182,0.03125321035805795,0.004098262144448373,0.7854207169200453,0.18399923850278554
82.074,348.512676326005,10.297652198927677,10.216188659172943,6.111726548257622,0.03125324183179308,0.004098270124022701,0.7854204580342287,0.18399923850278554
82.126,348.7125722339988,10.304287491058817,10.22282419784369,6.111688091285778,0.0312532742866,0.004098277605441807,0.7854202165439977,0.18399932472634717
82.177,348.9125432610017,10.310922785014652,10.229459737676379,6.111649633640991,0.03125330786982631,0.004098284715234744,0.785419987974981,0.18399932472634717
82.23,349.11261319000187,10.317818288431157,10.236355495798671,6.111609667107914,0.031253343507679325,0.004098291735804748,0.7854197630440956,0.1839994018665969
82.283,349.31247785700543,10.324713793592764,10.243251254497011,6.11156969979254,0.03125337942772001,0.004098298475992337,0.7854195477272521,0.18399940186526464
82.333,349.5125432470013,10.331218988582474,10.249756688433818,6.1115319940739345,0.03125341318035551,0.0040983044506767785,0.7854193573386724,0.18399947164891017
82.382,349.71261641800083,10.337594080974188,10.2561320137117,6.111495041792646,0.031253445734078684,0.004098310145163487,0.7854191762402395,0.18399947164793318
82.433,349.91254015100276,10.34422938241504,10.262767557277883,6.1114565805813825,0.03125347870639781,0.004098315731495721,0.7854189989361395,0.18399953505410238
82.485,350.1129350150004,10.3511248929886,10.26966331797828,6.1114166103678205,0.03125351153414225,0.004098321389542431,0.7854188196615541,0.1839995350536583
82.531,350.3125536890002,10.356979572477993,10.275518210654164,6.111382672900148,0.03125353793570914,0.0040983257793173345,0.7854186809108614,0.1839996097748653
82.58,350.5126247619992,10.363354668489198,10.28189353967993,6.111345718396582,0.031253564420919124,0.0040983302909647305,0.7854185389968154,0.18399960977699692
82.63,350.7125499610047,10.369859867307593,10.288398977373928,6.111308016929242,0.03125355990051984,0.004098334846909826,0.7854183956025437,0.18399964471740304
82.682,350.9125309070005,10.376625274236504,10.295164632915645,6.111268810561781,0.031253538440508086,0.00409833939899155,0.7854182510812204,0.18399964471740304
82.731,351.1126762109998,10.383000370155436,10.301539964324592,6.111231865562396,0.03125351593787455,0.00409834325467771,0.7854181290542448,0.18399969178117814
82.781,351.31248388300446,10.389635674932341,10.308175514783546,6.1111934119354885,0.03125349057951628,0.0040983469603068515,0.7854180121589789,0.18399969178126696
82.831,351.512561096999,10.396010772425923,10.314550849538719,6.111156465591565,0.03125346473305005,0.004098350136811734,0.7854179126073644,0.1839997334808885
82.883,351.7126142540001,10.402776182676975,10.32131651226164,6.111117256397772,0.03125343605998998,0.0040983532059404556,0.785417816488838,0.18399973348106613
82.934,351.91262599699985,10.409411489432992,10.327952067850832,6.111078800356711,0.03125340704262597,0.004098355838529401,0.7854177341449246,0.18399976719738476
82.987,352.1124798200035,10.416307004740206,10.334847842313458,6.1110388352678715,0.03125337628921003,0.004098358319145173,0.7854176565939632,0.18399976719738476
83.037,352.31280666000384,10.422812208160751,10.341353291426806,6.111001131437422,0.03125334706145442,0.004098360321311307,0.7854175941200615,0.18399979396637178
83.088,352.5125848950047,10.42944751585602,10.34798885008884,6.110962672583824,0.0312533173427563,0.0040983621805873414,0.7854175361256467,0.18399979396628297
83.136,352.7125490210019,10.435692511428313,10.354234083117579,6.1109264751581245,0.031253289768102224,0.004098363621080615,0.7854174913278114,0.18399982018149075
83.188,352.91256409400376,10.442457923326346,10.360999752767041,6.110887260333632,0.03125326062605399,0.004098365000456862,0.7854174484714569,0.18399982018157957
83.236,353.11253850399953,10.448702918912407,10.367244986708748,6.110851061176575,0.03125323468013928,0.004098366116322159,0.7854174138415574,0.18399983024703914
83.287,353.31254012499994,10.455338226691387,10.373880547797514,6.110812598690912,0.03125320840098824,0.004098367207246504,0.7854173799800375,0.18399983024712796
83.335,353.5127153850044,10.46158322219989,10.380125782151215,6.1107763979178085,0.031253185148922,0.0040983680862191636,0.7854173527680541,0.18399984170285322
83.386,353.71253100700415,10.46821852971519,10.386761343600984,6.1107379338074646,0.031253162278815944,0.004098368914744563,0.7854173270265501,0.18399984170196504
83.435,353.91254547599965,10.474593628748181,10.393136686946413,6.11070097739495,0.03125314236305574,0.004098369585744214,0.7854173064225489,0.18399985055594925
83.49,354.1127535390042,10.48174935084333,10.400292683868585,6.1106594950281,0.031253122948403544,0.004098370169947017,0.7854172893043118,0.1839998505571927
83.541,354.3125572610006,10.488384657259616,10.406928242941506,6.110621034699027,0.03125313647943039,0.00409836989238044,0.785417278202382,0.18399985680916942
83.591,354.5125345859997,10.494889861411822,10.41343369240029,6.110583332557602,0.031253175711737864,0.004098370100133905,0.7854172660397368,0.1839998568075707
83.64,354.7126508750007,10.501264961785392,10.419809032711226,6.1105463839159615,0.031253216365549105,0.004098370383416251,0.7854172529021698,0.18399985969805854
83.69,354.91248458200425,10.50777016697317,10.426314481468118,6.110508680597244,0.031253259506362256,0.00409837086489722,0.7854172349079225,0.18399985969814736
83.738,355.1125425420032,10.514015164655405,10.432559711789358,6.110472484784656,0.03125330197732534,0.004098371486356368,0.7854172136575538,0.18399986321657735
83.788,355.3130456930012,10.520650475451898,10.439195268242935,6.110434026033876,0.03125334769410935,0.004098372343732999,0.7854171856815657,0.18399986321648854
83.838,355.5131318050044,10.527155682770518,10.445700715183522,6.110396320672476,0.03125339259340787,0.004098373318679905,0.7854171546503953,0.18399986972648108
83.892,355.7125685110004,10.534051203264557,10.452596487885529,6.110356352220387,0.031253439693828385,0.004098374559397446,0.7854171157114589,0.18399986972523763
83.943,355.9125935270058,10.540686515991837,10.459232042161553,6.110317891290239,0.03125348400220082,0.00409837584683806,0.7854170757130765,0.18399987954396124
83.992,356.1125646720029,10.547061620919344,10.465607377908755,6.110280937987583,0.03125352510937124,0.004098377216640543,0.7854170334306912,0.18399987954396124
84.041,356.3126468010014,10.55343672591219,10.471982714873008,6.11024398416049,0.03125356420631011,0.004098378432476088,0.7854169966184843,0.18399989664263927
84.093,356.51249606100464,10.560202143316527,10.47874838136552,6.110204771654478,0.03125358139398251,0.004098379714195482,0.7854169618417872,0.18399991909445745
84.145,356.7127139680015,10.56696756064001,10.485514049470128,6.1101655649586855,0.03125356369639774,0.004098380821956962,0.7854169272296798,0.18399990514783582
84.197,356.9126321959993,10.573732978278835,10.492279718215563,6.110126357646217,0.03125354313481543,0.00409838185799548,0.7854168953321489,0.18399990514783582
84.247,357.1127060150029,10.580368291810972,10.498915279112763,6.110087903629182,0.03125352061943404,0.004098382681257591,0.7854168705147037,0.1839999159794381
84.3,357.31279570100014,10.587133709733424,10.505680949635368,6.110048694807338,0.031253495621221566,0.004098383444353647,0.7854168478629715,0.18399991597952692
84.353,357.51255839499936,10.594029231819624,10.512576730289776,6.110008731080618,0.03125346839600346,0.004098384031368328,0.7854168310174552,0.18399992456394898
84.403,357.7126059490038,10.600664545593858,10.519212293304177,6.109970274510169,0.03125344085441636,0.004098384518201523,0.7854168173744018,0.18399992456394898
84.455,357.9125317440048,10.607299859584453,10.525847856885212,6.109931817012283,0.031253412321730414,0.004098384912967845,0.7854168066949485,0.18399993023869854
84.504,358.1128819440055,10.613674965389615,10.532223202485806,6.109894866752029,0.03125338426700705,0.004098385262181172,0.7854167973749059,0.1839999302375439
84.554,358.31272336999973,10.620180175646821,10.53872865742075,6.109857161487135,0.03125335529763174,0.004098385573308391,0.7854167892569849,0.18399993365880718
84.602,358.5126975970052,10.626425177588976,10.544973894239783,6.109820963563149,0.031253327444127496,0.004098385841959944,0.7854167823485665,0.18399993365871836
84.652,358.7125354700038,10.632930388059538,10.551479349351673,6.109783256497745,0.031253298684283067,0.0040983860793798775,0.7854167764104886,0.18399993607349785
84.704,358.91254946299887,10.639695806814803,10.55824502247031,6.109744040205594,0.031253269372366964,0.004098386286202206,0.7854167713958813,0.18399993607216558
84.753,359.11266557800263,10.64607091273356,10.564620367961751,6.109707085542378,0.031253242610943345,0.004098386436375654,0.7854167679829358,0.18399993772710843
84.805,359.3125474180051,10.652836330950349,10.571386040264448,6.109667867492717,0.03125321543865484,0.004098386561936669,0.7854167653243433,0.18399993772719725
84.856,359.51251713400416,10.65947164460239,10.578021602971432,6.109629402839517,0.0312531903205926,0.0040983866515181735,0.7854167635334476,0.1839999386404223
84.906,359.71263194100175,10.665976853633667,10.58452705601708,6.1095916917016355,0.03125316747332965,0.004098386724839953,0.7854167622435324,0.18399993864033348
84.955,359.91263902500214,10.67235195799825,10.590902399364976,6.109554734222757,0.03125314718311874,0.004098386798688579,0.7854167612470746,0.18399993869282483
85.006,360.1126322830023,10.67898727046928,10.597537959079636,6.109516271490824,0.031253142936631666,0.004098385996268338,0.7854167605094492,0.18399993869193665
85.059,360.31249721000495,10.685882792533027,10.604433735123395,6.109476307786402,0.03125317207416604,0.004098385876438909,0.7854167596228447,0.18399993849325114
85.11,360.51261063600396,10.692518106423694,10.611069293185363,6.1094378516567,0.03125320253463432,0.00409838580427035,0.7854167580302183,0.18399993849413931
85.162,360.7125776239991,10.699283524705784,10.617834960235314,6.109398640907187,0.03125323551715253,0.004098385802125095,0.7854167555842794,0.18399993816071714
85.21,360.9128238580015,10.705528526400984,10.624080191367767,6.109362445795166,0.0312532672593289,0.004098385862787351,0.7854167523145661,0.18399993816178295
85.26,361.11253726400173,10.712033736628678,10.630585640434768,6.109324741930904,0.03125330124327148,0.0040983859885162606,0.7854167476832917,0.18399993823114968
85.311,361.3125734830028,10.718669051108838,10.637221198403019,6.109286283311234,0.03125333646730922,0.004098386180659215,0.7854167415478708,0.18399993823239313
85.361,361.5125810180034,10.725174261368561,10.643726647261394,6.109248578104975,0.03125337115650641,0.004098386426961694,0.7854167341653654,0.18399993902153966
85.41,361.71249002900004,10.731549367326432,10.650101986934585,6.109211626350475,0.03125340493147651,0.004098386722436758,0.7854167255708407,0.1839999390202074
85.463,361.91262705000554,10.738444890081997,10.656997762138063,6.109171657402467,0.03125344080327178,0.004098387114329543,0.7854167142953291,0.1839999414669613
85.511,362.11256774399953,10.744689892083203,10.663242991987046,6.109135458466844,0.03125347232970213,0.004098387580946501,0.7854167007583778,0.1839999414669613
85.563,362.31275368299976,10.751585415416244,10.670138766157201,6.109095488133197,0.03125350566529277,0.004098388193725068,0.7854166829303294,0.1839999435388151
85.613,362.5125318740029,10.757960522040348,10.676514104102834,6.109058533852411,0.031253534686137605,0.004098388852285643,0.7854166637421574,0.1839999435388151
85.664,362.713295597001,10.764725941206382,10.683279770223796,6.109019316796196,0.03125356230278969,0.004098389486704711,0.7854166464880253,0.18399994833249167
85.71,362.9124924930002,10.770710733826151,10.689264784733709,6.108984633580917,0.03125354966651271,0.004098389888369497,0.7854166350545915,0.18399994833373512
85.762,363.1126327640013,10.77734604782669,10.695900345192495,6.1089461810816275,0.03125352882273604,0.00409839026595986,0.7854166241330587,0.1839999543117088
85.811,363.31260986800044,10.783721153855248,10.702275688086578,6.10890923596143,0.03125350652908498,0.004098390608899984,0.7854166145169552,0.18399995431161997
85.863,363.5130950180028,10.790616677232164,10.709171467740378,6.108869274186145,0.03125348037435833,0.004098390948907499,0.785416605449491,0.18399995799009972
85.915,363.71253050200175,10.797251992575939,10.71580702976279,6.108830819610286,0.03125345360795857,0.004098391256812639,0.7854165977467561,0.18399995798992208
85.969,363.91287611100415,10.804277621001292,10.722832919449537,6.108790102082841,0.031253423961259914,0.004098391535673216,0.7854165909249354,0.1839999607832432
86.015,364.112730724999,10.810262415824045,10.728817936879128,6.108755415994149,0.031253397941412284,0.004098391739905205,0.7854165860508059,0.18399996078342085
86.067,364.31256278200453,10.817027836296724,10.735583609041173,6.108716204725047,0.031253368005442525,0.004098391930081143,0.7854165817127257,0.18399996285394238
86.116,364.51262283699907,10.823402944213461,10.741958954107794,6.108679254739721,0.03125333959187727,0.004098392078631662,0.7854165784849919,0.1839999628540312
86.167,364.71256790700136,10.830038260758723,10.748594517405207,6.108640795645801,0.03125331012929525,0.0040983922018337175,0.7854165760087031,0.18399996417644005
86.218,364.912617658003,10.8366735772055,10.755230080536585,6.108602335587166,0.0312532811014268,0.004098392299239672,0.7854165742349769,0.1839999641751966
86.268,365.11130889600463,10.843178789187965,10.761735534289894,6.108564628720467,0.03125325337469938,0.0040983923709465,0.7854165731407332,0.183999964831294
86.313,365.2939878680045,10.849033479727597,10.767590442355093,6.108530691771868,0.031253229286495605,0.004098392417780678,0.7854165726294959,0.183999964831294
86.364,365.493975450001,10.855668795322167,10.774226004414615,6.1084922290448125,0.03125320325206872,0.004098392455024729,0.7854165724654761,0.18399996497588944
86.412,365.6942574620043,10.862043902066093,10.780601347878465,6.108455273844271,0.031253179769424225,0.004098392476588857,0.7854165726845546,0.18399996497446836
86.464,365.89398378100304,10.868679216797657,10.787236908890437,6.108416809472882,0.03125315719391859,0.004098392481857215,0.7854165732712522,0.18399996472764357
86.513,366.0943841230037,10.875184426873465,10.793742360300449,6.108379098584101,0.03125313719795842,0.0040983924809490984,0.7854165742103686,0.1839999647277324
86.564,366.29444292900007,10.881689636622637,10.800247811205724,6.108341387095524,0.031253119804534164,0.0040983924841040235,0.7854165755785563,0.18399996420033204
86.615,366.49405522600136,10.888324951978472,10.806883369867865,6.1083029266701026,0.03125313414147406,0.004098391856056406,0.7854165767446072,0.1839999624055011
86.666,366.69416828400426,10.895090372980828,10.813649036700292,6.108263716196123,0.03125317508531464,0.0040983916583756,0.7854165770550912,0.18399996340248137
86.717,366.8940717450023,10.901725689897345,10.82028459453361,6.108225259185047,0.03125321759779392,0.0040983915342054315,0.7854165766546586,0.18399996340292546
86.769,367.0944636060012,10.90849111108996,10.827050261207518,6.108186047463869,0.03125326269634947,0.0040983914856795416,0.7854165754789083,0.18399996267906005
86.822,367.293975407003,10.915256532250051,10.833815927727088,6.108146835046678,0.03125330893787988,0.004098391501573387,0.7854165735328522,0.1839999624702493
86.873,367.49399635100417,10.921891849105334,10.840451485070641,6.108108376015756,0.031253354821012276,0.004098391581475904,0.7854165705023893,0.18399996247158157
86.924,367.6939923060054,10.9285271658632,10.84708704220485,6.108069916285544,0.03125340067781701,0.004098391726254933,0.7854165661002858,0.18399996279256925
86.976,367.8939971100044,10.935292586703962,10.853852708050846,6.108030701727551,0.031253446849636796,0.004098391935546794,0.7854165602041892,0.1839999627938127
87.026,368.0942253450048,10.941797798850898,10.860358155727189,6.107992994756582,0.03125349016388511,0.004098392190008503,0.7854165532771186,0.18399996396896157
87.079,368.29398984699947,10.948693323448857,10.867253929960064,6.107953024691333,0.031253534319532206,0.004098392515095608,0.7854165446259534,0.18399996396789575
87.13,368.4940539590025,10.955328639833976,10.87388948694333,6.107914562395807,0.0312535741606602,0.00409839288431512,0.7854165354773132,0.1839999660514735
87.181,368.69402781900135,10.961963955402956,10.880525045905868,6.107876106775945,0.03125357521724012,0.004098393336880858,0.7854165250045586,0.18399996605262814
87.231,368.8939746879987,10.968469166673788,10.887030496980225,6.1078384078669545,0.03125355741990093,0.004098393682338655,0.7854165152073352,0.18399996988325285
87.285,369.09397994300525,10.975494795360778,10.894056384767637,6.107797692355749,0.03125353539133247,0.0040983940327938015,0.7854165056522995,0.1839999698844963
87.334,369.2940309370024,10.982000007553319,10.90056183696785,6.1077599920741195,0.03125351277041491,0.004098394332541917,0.7854164977972045,0.18399997197935392
87.387,369.49404800800403,10.988765428623688,10.907327507745821,6.107720782955687,0.03125348732556332,0.0040983946185902285,0.7854164905854875,0.18399997197953155
87.438,369.69398155700037,10.995400745819293,10.913963069941218,6.107682326983494,0.03125346079456585,0.004098394865426648,0.7854164846687778,0.18399997441980176
87.49,369.89398639100546,11.002166167567259,10.920728741586254,6.107643116036067,0.03125343246763163,0.004098395085118105,0.7854164796890186,0.18399997441980176
87.543,370.0939921329991,11.009061693847888,10.92762452266484,6.107603150026688,0.03125340261903108,0.004098395270359953,0.7854164758373552,0.18399997618088193
87.595,370.2939806610011,11.015827115980194,10.934390194928508,6.107563937089711,0.03125337272132512,0.004098395421098071,0.7854164730002522,0.18399997618088193
87.647,370.49399179100146,11.022592538071208,10.941155867194519,6.10752472315233,0.03125334256383686,0.004098395543010565,0.7854164710050807,0.18399997722342576
87.697,370.69413336100115,11.029097751477886,10.947661321122913,6.107487016505047,0.03125331364288043,0.004098395637003798,0.7854164697314006,0.1839999772236922
87.748,370.89397116400505,11.035733068947396,10.954296883883645,6.1074485547943675,0.031253284543177,0.0040983957093388415,0.7854164690690897,0.1839999776652057
87.797,371.09404086100403,11.042108177611578,10.960672228197577,6.107411600527618,0.03125325726181735,0.004098395761183762,0.7854164688783855,0.18399997766582743
87.848,371.2946320120027,11.048873598697863,10.967437899319947,6.10737238287353,0.03125322935419637,0.004098395798212025,0.7854164691255524,0.1839999776581891
87.9,371.4940093000041,11.055508915129812,10.974073460917731,6.1073339185741595,0.03125320333895475,0.004098395815978993,0.7854164697993998,0.18399997765738973
87.95,371.6942271440057,11.06214423111681,10.980709021988543,6.107295453517378,0.031253178970498,0.004098395815156769,0.78541647085805,0.18399997731535223
88.003,371.8939815220001,11.068909650878291,10.987474691525545,6.10725623355154,0.0312531561773573,0.004098395804926108,0.785416472385911,0.18399997731535223
88.054,372.0940163940031,11.075544966248119,10.994110251660913,6.10721776737572,0.03125313675094159,0.004098395783677135,0.7854164744469612,0.18399997668359092
88.105,372.2939918140037,11.082180282986982,11.000745809911747,6.107179309927983,0.031253155717872266,0.004098394812033366,0.7854164775892609,0.18399997668225865
88.156,372.4941262460052,11.088815600474915,11.007381368111263,6.107140853960749,0.03125318492676783,0.004098394602251144,0.7854164797241936,0.18399997572933202
88.208,372.6942195779993,11.095581022479347,11.014147035387806,6.10710164342404,0.03125321692269463,0.004098394447358616,0.7854164810673315,0.1839999757307531
88.261,372.89402260200586,11.1024765488085,11.02104281155543,6.10706167821018,0.0312532513032802,0.004098394364478792,0.7854164814763174,0.18399997446794103
88.311,373.09398939200037,11.108981762330075,11.027548260698884,6.107023974546212,0.03125328491707344,0.004098394339929925,0.7854164811465694,0.18399997446740812
88.354,373.2940462059996,11.114576245912222,11.033142946850758,6.106991548879504,0.03125331442339626,0.004098394358813415,0.7854164801820182,0.18399997381486344
88.398,373.4940135470024,11.120300833700158,11.038867741870412,6.106958368620582,0.031253344913423194,0.004098394412038897,0.7854164785637243,0.18399997381477462
88.433,373.69402357700164,11.124854483018439,11.043421555981936,6.106931974862002,0.03125336920747707,0.004098394479801632,0.7854164767311651,0.18399997370099896
88.477,373.8940113999997,11.130709174927405,11.049276459677241,6.106898039545478,0.031253400267558594,0.0040983946050100785,0.7854164734444034,0.18399997370233123
88.522,374.09410495799966,11.136433762451396,11.055001254228456,6.106864857826088,0.031253430202525516,0.004098394767170624,0.785416469220587,0.18399997421765235
88.568,374.2939685020028,11.142548662589462,11.061116375463307,6.106829413159927,0.03125346141308457,0.004098394981556711,0.7854164636293586,0.18399997421765235
88.613,374.49422147899895,11.148273249760434,11.066841169586782,6.1067962304164745,0.031253489644210895,0.004098395218472694,0.7854164574286648,0.1839999742164089
88.659,374.69412707399897,11.154258045229572,11.072826181402128,6.106761538877059,0.03125351784068707,0.004098395499308378,0.7854164500735911,0.18399997561555637
88.708,374.89398533500207,11.160633153233485,11.079201520010951,6.106724584367521,0.031253545958615646,0.004098395842203835,0.7854164411181038,0.1839999756152011
88.761,375.0939902700047,11.167528678319012,11.086097296211344,6.1066846170341105,0.03125355723634459,0.004098396225299906,0.7854164318842176,0.18399997788014488
88.808,375.29409572900477,11.173643577469944,11.092212419920614,6.10664918057092,0.03125353936967498,0.004098396477800148,0.7854164247292692,0.18399997787943434
88.862,375.49397899800533,11.180669206809775,11.099238307408992,6.106608465781492,0.031253516041262294,0.004098396740827442,0.7854164177128614,0.18399998072897716
88.91,375.69408421000117,11.186914211039618,11.105483541220288,6.106572274249743,0.03125349323763523,0.0040983969540084614,0.7854164123219235,0.18399998072897716
88.961,375.8939673030036,11.193549528449093,11.1121191026768,6.106533820032137,0.03125346729018271,0.004098397162497379,0.7854164077043875,0.1839999829429395
89.005,376.0940073130041,11.199274116277163,11.117843901145466,6.106500643198994,0.0312534437672971,0.004098397320220935,0.7854164044600552,0.1839999829428507
89.058,376.29396471500513,11.206169642883115,11.124739681496354,6.1064606793437175,0.03125341436754296,0.0040983974754257154,0.7854164015071285,0.18399998447753418
89.106,376.4945281660039,11.212544752617857,11.131115025851011,6.106423730759923,0.03125338645901517,0.004098397593931783,0.785416399440891,0.18399998447637955
89.16,376.6941483730043,11.2194402796234,11.138010806690978,6.106383764992979,0.03125335583651166,0.004098397699033947,0.7854163978087314,0.18399998535763018
89.21,376.89405613300187,11.22594549371656,11.144516260251946,6.1063460604934265,0.03125332685904501,0.004098397774991274,0.7854163968865318,0.18399998535612028
89.262,377.09401031400193,11.232710916209882,11.151281931777968,6.106306846831377,0.03125329697175485,0.004098397830451814,0.7854163965541581,0.18399998575340248
89.31,377.2939727539997,11.238955921356824,11.157527166801058,6.1062706487190415,0.03125326990268121,0.00409839786459956,0.7854163966801175,0.18399998575269194
89.365,377.4939807730043,11.2461116560955,11.164683164906538,6.106229170685046,0.031253239850602486,0.0040983978828422335,0.785416397364572,0.1839999857424779
89.414,377.6939823710054,11.252486764892296,11.17105850827658,6.106192216624647,0.031253214246879116,0.004098397879680444,0.7854163984910277,0.1839999857425667
89.467,377.89396834999934,11.259382290318323,11.177954287343717,6.1061522449870385,0.03125318811484997,0.0040983978584140405,0.7854164001961734,0.1839999851964258
89.517,378.0939839030034,11.266017606826063,11.184589847780291,6.106113780860183,0.03125316479531187,0.004098397812717537,0.7854164024645398,0.18399998519633698
89.57,378.2941091690009,11.272783027165241,11.19135551664609,6.106074561740329,0.03125314316458386,0.004098397744526736,0.7854164054925327,0.18399998466298584
89.621,378.4943197780012,11.279418342860334,11.197991075906046,6.106036096146532,0.031253124436030975,0.0040983976737275765,0.7854164090785649,0.18399998353890723
89.673,378.6940081010034,11.286183763602626,11.20475674389402,6.105996878508084,0.03125312202203201,0.004098396892490059,0.7854164123826378,0.18399998353944014
89.725,378.8939694150031,11.29294918626001,11.211522410209193,6.105957668150146,0.03125316216259329,0.0040983967370506365,0.7854164143932467,0.1839999820464122
89.776,379.09403861300234,11.299584505188772,11.218157968024807,6.105919211259741,0.03125320401704981,0.004098396561144449,0.7854164156277739,0.18399998204765566
89.829,379.29405585000495,11.306480032791802,11.22505374372501,6.105879245604279,0.03125324952330943,0.004098396458924506,0.7854164160940417,0.1839999808556314
89.88,379.49399243300286,11.313115351739555,11.2316893013228,6.105840787416017,0.03125329461482279,0.004098396420817718,0.7854164158692314,0.1839999808556314
89.931,379.6939663209996,11.319750670583021,11.238324858752026,6.105802328543646,0.03125334040115526,0.0040983964339972425,0.7854164149234877,0.18399998058438172
89.983,379.89398203499877,11.326516093545305,11.245090524939265,6.105763114859491,0.03125338722722631,0.004098396494146502,0.78541641318541,0.18399998058571398
90.034,380.0939351740017,11.33315141204797,11.251726081910826,6.105724654581233,0.03125343274118059,0.00409839660379649,0.7854164104108258,0.1839999806714232
90.085,380.29398759700416,11.339786730326752,11.258361638613643,6.105686193619132,0.031253477306892874,0.004098396769624624,0.7854164062843093,0.18399998067275547
90.135,380.49401234700053,11.346291944059221,11.264867086092412,6.105648486156237,0.03125351954851365,0.004098396983871942,0.7854164009839839,0.1839999811870996
90.186,380.6939886190012,11.352927261862876,11.271502642415696,6.105610023955202,0.03125356050241149,0.004098397255921614,0.7854163944209693,0.18399998118674432
90.236,380.893999316002,11.35943247524836,11.278008091318052,6.105572318949566,0.03125358027164704,0.00409839762507542,0.7854163870855736,0.18399998269735818
90.287,381.09397901099874,11.36606779199493,11.28464365075328,6.105533866199156,0.03125356320630261,0.004098397918261785,0.7854163789701609,0.18399998269726936
90.338,381.2939541279993,11.372703109215115,11.291279210797745,6.105495412857503,0.03125354336131718,0.004098398190654752,0.7854163718038836,0.18399998496487768
90.388,381.4940179699988,11.37920832258107,11.2977846623546,6.105457712825994,0.031253521597980616,0.0040983984379962925,0.7854163656106289,0.18399998496363423
90.438,381.6940847560036,11.385713536349693,11.30429011443631,6.105420012045467,0.03125349788642727,0.004098398657508633,0.7854163604456806,0.1839999872159659
90.488,381.8940216970004,11.39221875044575,11.310795566965512,6.105382310455516,0.03125347253673097,0.00409839885098146,0.7854163561991176,0.1839999872159659
90.537,382.0941519770058,11.398593860537355,11.317170910863268,6.105345362067879,0.03125344639606448,0.004098399012169524,0.7854163529855921,0.183999988827388
90.59,382.29401468500146,11.405489387984355,11.324066691399949,6.1053053965251385,0.031253417003860334,0.004098399160201724,0.7854163503522766,0.183999988827388
90.638,382.4940090910022,11.411734394086105,11.330311926798482,6.105269200432484,0.03125338967553258,0.004098399273589839,0.7854163485969068,0.18399998978804177
90.689,382.69400268100435,11.418369713026863,11.336947489380156,6.105230741151181,0.03125336021354489,0.004098399372395637,0.7854163473622785,0.18399998978804177
90.74,382.8939638560041,11.425005031851127,11.343583051845181,6.105192280908376,0.031253330633038076,0.004098399448184989,0.7854163467743822,0.1839999902342626
90.79,383.0942691740056,11.431640350469252,11.35021861412126,6.105153819715443,0.031253301260004245,0.004098399505020428,0.7854163466832332,0.1839999902342626
90.841,383.29399418300454,11.438145564539512,11.356724067074241,6.105116111762011,0.03125327297726459,0.004098399542859138,0.7854163470463549,0.18399999025451308
90.892,383.4939774550003,11.444780882575357,11.363359628745208,6.105077648761524,0.03125324496888357,0.004098399562494848,0.7854163478962684,0.18399999025344727
90.944,383.69399515999976,11.451546304509824,11.37012529903181,6.105038430705471,0.03125321760934912,0.004098399562572122,0.7854163492774616,0.18399998992872924
90.995,383.89430492700194,11.45831172601277,11.37689096881109,6.104999211821153,0.031253191781039434,0.0040983995395671765,0.7854163511494286,0.18399998992872924
91.048,384.09447206200275,11.465207251303092,11.383786747038883,6.104959237954163,0.031253167374078406,0.0040983994969007904,0.7854163536232062,0.18399998925975325
91.1,384.2942169980015,11.471972671915465,11.390552415663498,6.10492001766619,0.03125314575621157,0.004098399438674149,0.7854163569143487,0.1839999892609967
91.151,384.49399894400267,11.47847788470007,11.397057865855153,6.104882308701849,0.03125314045389979,0.004098398728314618,0.7854163607343091,0.18399998611249302
91.201,384.6939781980036,11.48498309885561,11.403563314586174,6.104844607004145,0.03125316783179915,0.004098398411889729,0.7854163650142674,0.183999988230088
91.25,384.8940226570048,11.491358209117836,11.409938654656615,6.104807658893562,0.03125319688743116,0.004098398150309747,0.7854163677518433,0.18399998666085438
91.294,385.09404002900555,11.497082798125394,11.415663449920263,6.1047744805667,0.031253224514020614,0.004098397986158436,0.7854163695327129,0.183999986662009
91.341,385.2939092750021,11.503197700042653,11.421778572054363,6.104739039581953,0.0312532552697331,0.00409839787490779,0.7854163706466608,0.1839999851247498
91.391,385.4940003540032,11.509702914853687,11.42828402105271,6.1047013358021855,0.03125328902024491,0.0040983978156276584,0.7854163710375304,0.1839999851247498
91.441,385.6941467880024,11.516338233849682,11.434919578887447,6.104662877277823,0.03125332413517843,0.004098397806754888,0.7854163706715952,0.18399998428115794
91.487,385.89397680300317,11.52219292697978,11.44077448272214,6.104628942710766,0.03125335536909801,0.0040983978389532065,0.7854163696406715,0.18399998428186848
91.533,386.09399455500534,11.528177724257363,11.446759495362514,6.1045942534806805,0.03125338723560239,0.004098397907609587,0.7854163678783835,0.18399998398006545
91.583,386.29399129300145,11.534682938535314,11.453264943648753,6.104556547153727,0.03125342145997589,0.004098398027678739,0.7854163649060172,0.183999983980776
91.634,386.4940056320047,11.541318256900924,11.459900500641682,6.104518086024459,0.0312534555462414,0.004098398201619787,0.7854163605689762,0.18399998425273623
91.684,386.6939889290006,11.547823470725987,11.46640594838872,6.104480378396663,0.03125348777657444,0.004098398420542895,0.7854163550442665,0.1839999842536244
91.736,386.89399775100173,11.554588892809495,11.473171613747738,6.104441161835194,0.03125351962591404,0.004098398693368869,0.7854163481156986,0.1839999853443075
91.788,387.0939966090009,11.561354314701637,11.479937279103176,6.104401944730683,0.03125354919006039,0.004098399013935954,0.7854163400561079,0.1839999853437746
91.839,387.29398741500336,11.567989632167768,11.486572837201567,6.104363486642695,0.031253555479824495,0.004098399341425881,0.785416332551202,0.18399998731073453
91.887,387.4941019610051,11.574364740799652,11.492948178724992,6.104326542197785,0.031253536421623686,0.0040983995603462,0.7854163264493081,0.18399998731037925
91.932,387.6940448980022,11.580089328511262,11.498672975681153,6.104293367161023,0.03125351727187594,0.004098399739829874,0.7854163217973217,0.18399998959370834
91.979,387.894123443999,11.586334333627553,11.504918209181396,6.104257175655969,0.031253494546025024,0.004098399916202179,0.7854163175279505,0.1839999895935307
92.03,388.09416722500464,11.592969651947374,11.51155377027604,6.104218721466638,0.031253468675034424,0.004098400090602332,0.7854163139444859,0.1839999911959822
92.082,388.2945077129989,11.59973507493363,11.518319440850886,6.104179512442738,0.0312534408473542,0.004098400244186701,0.7854163111455796,0.1839999911949164
92.134,388.4943414610025,11.606500498232963,11.525085111801687,6.104140302520451,0.0312534119171625,0.004098400370733557,0.7854163090502883,0.18399999216409668
92.185,388.694189763999,11.6131358174344,11.531720673983187,6.104101845719081,0.03125338281351813,0.004098400474176852,0.785416307518043,0.18399999216551777
92.231,388.8939938750045,11.618990510874022,11.537575581848841,6.104067912468902,0.031253356800865134,0.004098400545951253,0.7854163066833528,0.18399999263873923
92.278,389.09396177800227,11.62510541282883,11.543690707765434,6.104032470280017,0.03125332955595453,0.00409840060145698,0.7854163063306291,0.18399999263998268
92.325,389.29398347299866,11.631220314625772,11.549805833544678,6.10399702727345,0.03125330248661075,0.0040984006406954475,0.7854163063938795,0.1839999927316427
92.374,389.4940552620028,11.637595424799168,11.55618117722828,6.103960075184257,0.03125327472749456,0.004098400663418263,0.7854163069314996,0.18399999273093215
92.425,389.6940129870054,11.644230743279277,11.56281673871258,6.103921613914699,0.03125324663784822,0.004098400666258992,0.785416308040664,0.183999992435524
92.479,389.89403696400404,11.65125637424729,11.56984262692089,6.10388088920666,0.03125321813034676,0.0040984006473443555,0.7854163097972993,0.18399999243676746
92.53,390.0939693770051,11.657891692006901,11.576478187528297,6.103842426062542,0.0312531926905434,0.004098400607433126,0.785416312071394,0.1839999917564228
92.58,390.29419207600586,11.66452700939558,11.58311374760195,6.103803962070635,0.031253168989861524,0.004098400539326847,0.7854163151016055,0.18399999175624515
92.629,390.49409916600416,11.670772013615217,11.589358980083556,6.10376775994739,0.031253148524015735,0.004098400454492986,0.7854163185550034,0.1839999906449563
92.681,390.69398903700494,11.677537434434042,11.596124648018735,6.103728540272396,0.03125312870029743,0.004098400352817935,0.7854163229404677,0.18399999064353523
92.731,390.8942552209992,11.684042646832905,11.602630097991735,6.103690828631433,0.031253113214630646,0.004098400302325803,0.7854163269981462,0.1839999890011157
92.783,391.09397854200506,11.690808070058798,11.609395764015302,6.103651617917895,0.03125314980968998,0.004098399333749478,0.7854163301285393,0.18399998900129333
92.834,391.2940416290003,11.697573493948976,11.61616143038376,6.103612407108778,0.031253191773000864,0.00409839915470538,0.7854163320083665,0.18399998714944132
92.888,391.49397445600334,11.704469022423451,11.623057205877119,6.103572441605822,0.03125323677349002,0.004098399034551135,0.7854163331594154,0.1839999871492637
92.937,391.6939606870001,11.71097423793469,11.629562654305136,6.103534737661548,0.03125328066895451,0.00409839898260977,0.7854163334506893,0.18399998598006562
92.987,391.89406092500576,11.717349349029966,11.635937993618011,6.103497787165775,0.03125332450131488,0.004098398975771814,0.7854163331580221,0.1839999859804209
93.037,392.093985214,11.723854564267814,11.64244344169473,6.103460081919625,0.031253369539202915,0.004098399011628241,0.7854163321425081,0.18399998527769412
93.09,392.2939005760054,11.730750092193913,11.649339216412114,6.103420113628377,0.031253417053575795,0.004098399092772984,0.785416330250166,0.1839999852791152
93.138,392.4939892809998,11.736995098418305,11.655584446078885,6.10338391528763,0.031253459389262155,0.004098399213247891,0.7854163274406049,0.18399998501088533
93.187,392.69419202000427,11.74337020869045,11.66195978443379,6.103346962203467,0.03125350143952697,0.004098399386027094,0.7854163233325907,0.18399998501088533
93.235,392.89423194600386,11.749615214396298,11.668205013588201,6.103310762700239,0.031253540990880485,0.0040983996023950565,0.7854163181846867,0.18399998561076103
93.283,393.0939854690005,11.75586022026572,11.674450243241644,6.103274562797789,0.03125357786172845,0.004098399878832059,0.785416312346473,0.18399998561093867
93.333,393.29399869600456,11.762321311353588,11.68091156894739,6.103237118049315,0.031253572363095256,0.004098400311960045,0.7854163048745252,0.18199998668766426
93.387,393.49399221299973,11.769270576211424,11.687861086951587,6.103196845600334,0.03125355310223691,0.004098400565365963,0.7854162973104512,0.181999986687309
93.436,393.69398497800285,11.775576391045483,11.69416713162659,6.103160301475558,0.0312535331482011,0.004098400781901253,0.7854162913403643,0.18199998856740507
93.487,393.8943109200045,11.782268276565308,11.700859261194491,6.103121519228342,0.03125350978095641,0.004098400995542943,0.7854162858715664,0.18199998856598398
93.539,394.09403813300014,11.78883147235459,11.707422696468864,6.103083481993594,0.03125348500849075,0.0040984011809376145,0.7854162815250725,0.18199999020325208
93.59,394.2940800110009,11.795394668435465,11.713986132180118,6.103045443911249,0.03125345871846523,0.0040984013434464325,0.7854162780678714,0.18199999020200863
93.639,394.494040081001,11.801281324232889,11.719873003593603,6.103011326125907,0.03125343416222874,0.004098403065903318,0.7854162764538334,0.1695999902123546
93.691,394.69400733600196,11.80607595306043,11.724667808342426,6.102983536935392,0.0312534135845963,0.00409840465807781,0.7854162757265826,0.12159999021044143
93.741,394.893972099002,11.809243712133938,11.727835683852323,6.102965176633476,0.03125339974224653,0.004098405668891095,0.7854162752676744,0.0735999902097717
93.792,395.0939872960007,11.81101794089587,11.729609978107716,6.102954893117746,0.0312533918924889,0.00409840636057812,0.7854162749769703,0.04159999020938443
93.843,395.2940406550042,11.81138449700927,11.72997654805623,6.10295276852844,0.0312533902290747,0.0040984067081336695,0.785416274843321,0.0
93.897,395.49415154800226,11.81138449700927,11.72997654805623,6.10295276852844,0.0312533902290747,0.0040984067081336695,0.785416274843321,0.0
93.95,395.6940220250035,11.81138449700927,11.72997654805623,6.10295276852844,0.0312533902290747,0.0040984067081336695,0.785416274843321,0.0
94.003,395.894773869004,11.81138449700927,11.72997654805623,6.10295276852844,0.0312533902290747,0.0040984067081336695,0.785416274843321,0.0
94.056,396.0943118060022,11.81138449700927,11.72997654805623,6.10295276852844,0.0312533902290747,0.0040984067081336695,0.785416274843321,0.0
94.111,396.2939855280056,11.81138449700927,11.72997654805623,6.10295276852844,0.0312533902290747,0.0040984067081336695,0.785416274843321,0.0
94.164,396.493997976002,11.81138449700927,11.72997654805623,6.10295276852844,0.0312533902290747,0.0040984067081336695,0.785416274843321,0.0
94.217,396.69399600600445,11.81138449700927,11.72997654805623,6.10295276852844,0.0312533902290747,0.0040984067081336695,0.785416274843321,0.0
94.272,396.89405338000506,11.81138449700927,11.72997654805623,6.10295276852844,0.0312533902290747,0.0040984067081336695,0.785416274843321,0.0
94.327,397.0939527080045,11.81138449700927,11.72997654805623,6.10295276852844,0.0312533902290747,0.0040984067081336695,0.785416274843321,0.0
94.382,397.29400012800033,11.81138449700927,11.72997654805623,6.10295276852844,0.0312533902290747,0.0040984067081336695,0.785416274843321,0.0
94.399,397.3600803369991,11.81138449700927,11.72997654805623,6.10295276852844,0.0312533902290747,0.0040984067081336695,0.785416274843321,0.0
94.441,397.5256919530002,11.81138449700927,11.72997654805623,6.10295276852844,0.0312533902290747,0.0040984067081336695,0.785416274843321,0.0
94.497,397.7255531280025,11.81138449700927,11.72997654805623,6.10295276852844,0.0312533902290747,0.0040984067081336695,0.785416274843321,0.0
94.55,397.92592874700495,11.81138449700927,11.72997654805623,6.10295276852844,0.0312533902290747,0.0040984067081336695,0.785416274843321,0.0
94.604,398.12576515399996,11.81138449700927,11.72997654805623,6.10295276852844,0.0312533902290747,0.0040984067081336695,0.785416274843321,0.0
94.657,398.3255984510033,11.81138449700927,11.72997654805623,6.10295276852844,0.0312533902290747,0.0040984067081336695,0.785416274843321,0.0
94.712,398.5255874650029,11.81138449700927,11.72997654805623,6.10295276852844,0.0312533902290747,0.0040984067081336695,0.785416274843321,0.0
94.768,398.72558175800077,11.81138449700927,11.72997654805623,6.10295276852844,0.0312533902290747,0.0040984067081336695,0.785416274843321,0.0
94.821,398.9256250649996,11.81138449700927,11.72997654805623,6.10295276852844,0.0312533902290747,0.0040984067081336695,0.785416274843321,0.0
94.878,399.12562273599906,11.81138449700927,11.72997654805623,6.10295276852844,0.0312533902290747,0.0040984067081336695,0.785416274843321,0.0
94.931,399.32557216200075,11.81138449700927,11.72997654805623,6.10295276852844,0.0312533902290747,0.0040984067081336695,0.785416274843321,0.0
94.985,399.525663774999,11.81138449700927,11.72997654805623,6.10295276852844,0.0312533902290747,0.0040984067081336695,0.785416274843321,0.0
95.038,399.72562400600145,11.81138449700927,11.72997654805623,6.10295276852844,0.0312533902290747,0.0040984067081336695,0.785416274843321,0.0
95.093,399.9256021309993,11.81138449700927,11.72997654805623,6.10295276852844,0.0312533902290747,0.0040984067081336695,0.785416274843321,0.0
95.148,400.1255970190032,11.81138449700927,11.72997654805623,6.10295276852844,0.0312533902290747,0.0040984067081336695,0.785416274843321,0.0
95.201,400.3256219790055,11.81138449700927,11.72997654805623,6.10295276852844,0.0312533902290747,0.0040984067081336695,0.785416274843321,0.0
95.247,400.52577769200434,11.81138449700927,11.72997654805623,6.10295276852844,0.0312533902290747,0.0040984067081336695,0.785416274843321,0.0
95.299,400.72560100199917,11.81138449700927,11.72997654805623,6.10295276852844,0.0312533902290747,0.0040984067081336695,0.785416274843321,0.0
95.352,400.92561514400586,11.81138449700927,11.72997654805623,6.10295276852844,0.0312533902290747,0.0040984067081336695,0.785416274843321,0.0
95.405,401.12569988900214,11.81138449700927,11.72997654805623,6.10295276852844,0.0312533902290747,0.0040984067081336695,0.785416274843321,0.0
95.461,401.32579457799875,11.81138449700927,11.72997654805623,6.10295276852844,0.0312533902290747,0.0040984067081336695,0.785416274843321,0.0
95.513,401.5256189010033,11.81138449700927,11.72997654805623,6.10295276852844,0.0312533902290747,0.0040984067081336695,0.785416274843321,0.0
95.571,401.7257483909998,11.81138449700927,11.72997654805623,6.10295276852844,0.0312533902290747,0.0040984067081336695,0.785416274843321,0.0
95.622,401.9256087340036,11.81138449700927,11.72997654805623,6.10295276852844,0.0312533902290747,0.0040984067081336695,0.785416274843321,0.0
95.672,402.12588519199926,11.81138449700927,11.72997654805623,6.10295276852844,0.0312533902290747,0.0040984067081336695,0.785416274843321,0.0
95.722,402.32561172600253,11.81138449700927,11.72997654805623,6.10295276852844,0.0312533902290747,0.0040984067081336695,0.785416274843321,0.0
95.773,402.52564969700325,11.81138449700927,11.72997654805623,6.10295276852844,0.0312533902290747,0.0040984067081336695,0.785416274843321,0.0
95.822,402.72556552100286,11.81138449700927,11.72997654805623,6.10295276852844,0.0312533902290747,0.0040984067081336695,0.785416274843321,0.0
95.875,402.9256265820004,11.81138449700927,11.72997654805623,6.10295276852844,0.0312533902290747,0.0040984067081336695,0.785416274843321,0.0
95.926,403.1255518399994,11.81138449700927,11.72997654805623,6.10295276852844,0.0312533902290747,0.0040984067081336695,0.785416274843321,0.0
95.982,403.3256218400056,11.81138449700927,11.72997654805623,6.10295276852844,0.0312533902290747,0.0040984067081336695,0.785416274843321,0.0
96.032,403.5256624770045,11.81138449700927,11.72997654805623,6.10295276852844,0.0312533902290747,0.0040984067081336695,0.785416274843321,0.0
96.087,403.72554976900574,11.81138449700927,11.72997654805623,6.10295276852844,0.0312533902290747,0.0040984067081336695,0.785416274843321,0.0
96.14,403.9255645950034,11.81138449700927,11.72997654805623,6.10295276852844,0.0312533902290747,0.0040984067081336695,0.785416274843321,0.0
96.196,404.1255331069988,11.81138449700927,11.72997654805623,6.10295276852844,0.0312533902290747,0.0040984067081336695,0.785416274843321,0.0
96.248,404.325642967,11.81138449700927,11.72997654805623,6.10295276852844,0.0312533902290747,0.0040984067081336695,0.785416274843321,0.0
96.302,404.5255447800009,11.81138449700927,11.72997654805623,6.10295276852844,0.0312533902290747,0.0040984067081336695,0.785416274843321,0.0
96.356,404.725898910001,11.81138449700927,11.72997654805623,6.10295276852844,0.0312533902290747,0.0040984067081336695,0.785416274843321,0.0
96.406,404.9256247490048,11.81138449700927,11.72997654805623,6.10295276852844,0.0312533902290747,0.0040984067081336695,0.785416274843321,0.0
96.459,405.12560877299984,11.81138449700927,11.72997654805623,6.10295276852844,0.0312533902290747,0.0040984067081336695,0.785416274843321,0.0
96.512,405.32555165899976,11.81138449700927,11.72997654805623,6.10295276852844,0.0312533902290747,0.0040984067081336695,0.785416274843321,0.0
96.567,405.52570675700554,11.81138449700927,11.72997654805623,6.10295276852844,0.0312533902290747,0.0040984067081336695,0.785416274843321,0.0
96.621,405.7261799570042,11.81138449700927,11.72997654805623,6.10295276852844,0.0312533902290747,0.0040984067081336695,0.785416274843321,0.0
96.668,405.9255852600036,11.81138449700927,11.72997654805623,6.10295276852844,0.0312533902290747,0.0040984067081336695,0.785416274843321,0.0
96.717,406.125539698005,11.81138449700927,11.72997654805623,6.10295276852844,0.0312533902290747,0.0040984067081336695,0.785416274843321,0.0
96.761,406.3258066950002,11.81138449700927,11.72997654805623,6.10295276852844,0.0312533902290747,0.0040984067081336695,0.785416274843321,0.0
96.804,406.5257894020033,11.81138449700927,11.72997654805623,6.10295276852844,0.0312533902290747,0.0040984067081336695,0.785416274843321,0.0
96.857,406.7256047720002,11.81138449700927,11.72997654805623,6.10295276852844,0.0312533902290747,0.0040984067081336695,0.785416274843321,0.0
96.911,406.925573049004,11.81138449700927,11.72997654805623,6.10295276852844,0.0312533902290747,0.0040984067081336695,0.785416274843321,0.0
96.966,407.12571139800275,11.81138449700927,11.72997654805623,6.10295276852844,0.0312533902290747,0.0040984067081336695,0.785416274843321,0.0
97.019,407.32556525700056,11.81138449700927,11.72997654805623,6.10295276852844,0.0312533902290747,0.0040984067081336695,0.785416274843321,0.0
97.07,407.52560791200085,11.81138449700927,11.72997654805623,6.10295276852844,0.0312533902290747,0.0040984067081336695,0.785416274843321,0.0
97.122,407.7256185820006,11.81138449700927,11.72997654805623,6.10295276852844,0.0312533902290747,0.0040984067081336695,0.785416274843321,0.0
97.174,407.9257244219989,11.81138449700927,11.72997654805623,6.10295276852844,0.0312533902290747,0.0040984067081336695,0.785416274843321,0.0
97.229,408.12556414199935,11.81138449700927,11.72997654805623,6.10295276852844,0.0312533902290747,0.0040984067081336695,0.785416274843321,0.0
97.286,408.3255793940043,11.81138449700927,11.72997654805623,6.10295276852844,0.0312533902290747,0.0040984067081336695,0.785416274843321,0.0
97.34,408.525583679002,11.81138449700927,11.72997654805623,6.10295276852844,0.0312533902290747,0.0040984067081336695,0.785416274843321,0.0
97.395,408.72554493400094,11.81138449700927,11.72997654805623,6.10295276852844,0.0312533902290747,0.0040984067081336695,0.785416274843321,0.0
97.451,408.9255402050039,11.81138449700927,11.72997654805623,6.10295276852844,0.0312533902290747,0.0040984067081336695,0.785416274843321,0.0
97.504,409.1260995890043,11.81138449700927,11.72997654805623,6.10295276852844,0.0312533902290747,0.0040984067081336695,0.785416274843321,0.0
97.562,409.32558940900344,11.81138449700927,11.72997654805623,6.10295276852844,0.0312533902290747,0.0040984067081336695,0.785416274843321,0.0
97.616,409.5256442940008,11.81138449700927,11.72997654805623,6.10295276852844,0.0312533902290747,0.0040984067081336695,0.785416274843321,0.0
97.672,409.7257182250032,11.81138449700927,11.72997654805623,6.10295276852844,0.0312533902290747,0.0040984067081336695,0.785416274843321,0.0
97.725,409.9259909760003,11.81138449700927,11.72997654805623,6.10295276852844,0.0312533902290747,0.0040984067081336695,0.785416274843321,0.0
97.776,410.1258492720008,11.81138449700927,11.72997654805623,6.10295276852844,0.0312533902290747,0.0040984067081336695,0.785416274843321,0.0
97.825,410.32574558800115,11.81138449700927,11.72997654805623,6.10295276852844,0.0312533902290747,0.0040984067081336695,0.785416274843321,0.0
97.877,410.5255484350055,11.81138449700927,11.72997654805623,6.10295276852844,0.0312533902290747,0.0040984067081336695,0.785416274843321,0.0
97.931,410.7255446039999,11.81138449700927,11.72997654805623,6.10295276852844,0.0312533902290747,0.0040984067081336695,0.785416274843321,0.0
97.983,410.9259491490011,11.81138449700927,11.72997654805623,6.10295276852844,0.0312533902290747,0.0040984067081336695,0.785416274843321,0.0
98.035,411.1256119940008,11.81138449700927,11.72997654805623,6.10295276852844,0.0312533902290747,0.0040984067081336695,0.785416274843321,0.0
98.087,411.3256930530042,11.81138449700927,11.72997654805623,6.10295276852844,0.0312533902290747,0.0040984067081336695,0.785416274843321,0.0
98.141,411.5255875090006,11.81138449700927,11.72997654805623,6.10295276852844,0.0312533902290747,0.0040984067081336695,0.785416274843321,0.0
98.198,411.7256905470058,11.81138449700927,11.72997654805623,6.10295276852844,0.0312533902290747,0.0040984067081336695,0.785416274843321,0.0
98.251,411.9256025850045,11.81138449700927,11.72997654805623,6.10295276852844,0.0312533902290747,0.0040984067081336695,0.785416274843321,0.0
98.307,412.12570623500505,11.81138449700927,11.72997654805623,6.10295276852844,0.0312533902290747,0.0040984067081336695,0.785416274843321,0.0
98.363,412.3256339030049,11.81138449700927,11.72997654805623,6.10295276852844,0.0312533902290747,0.0040984067081336695,0.785416274843321,0.0
98.418,412.52560632500536,11.81138449700927,11.72997654805623,6.10295276852844,0.0312533902290747,0.0040984067081336695,0.785416274843321,0.0
98.475,412.72671070900105,11.81138449700927,11.72997654805623,6.10295276852844,0.0312533902290747,0.0040984067081336695,0.785416274843321,0.0
98.531,412.92557350500283,11.81138449700927,11.72997654805623,6.10295276852844,0.0312533902290747,0.0040984067081336695,0.785416274843321,0.0
98.587,413.12575068700244,11.81138449700927,11.72997654805623,6.10295276852844,0.0312533902290747,0.0040984067081336695,0.785416274843321,0.0
98.64,413.32576760600205,11.81138449700927,11.72997654805623,6.10295276852844,0.0312533902290747,0.0040984067081336695,0.785416274843321,0.0
98.693,413.52560277999874,11.81138449700927,11.72997654805623,6.10295276852844,0.0312533902290747,0.0040984067081336695,0.785416274843321,0.0
98.747,413.72559389399976,11.81138449700927,11.72997654805623,6.10295276852844,0.0312533902290747,0.0040984067081336695,0.785416274843321,0.0
98.802,413.92562055700546,11.81138449700927,11.72997654805623,6.10295276852844,0.0312533902290747,0.0040984067081336695,0.785416274843321,0.0
98.855,414.1256787250022,11.81138449700927,11.72997654805623,6.10295276852844,0.0312533902290747,0.0040984067081336695,0.785416274843321,0.0
98.907,414.32558541700564,11.81138449700927,11.72997654805623,6.10295276852844,0.0312533902290747,0.0040984067081336695,0.785416274843321,0.0
98.964,414.5258278160036,11.81138449700927,11.72997654805623,6.10295276852844,0.0312533902290747,0.0040984067081336695,0.785416274843321,0.0
99.019,414.7256037900006,11.81138449700927,11.72997654805623,6.10295276852844,0.0312533902290747,0.0040984067081336695,0.785416274843321,0.0
99.075,414.92570103800244,11.81138449700927,11.72997654805623,6.10295276852844,0.0312533902290747,0.0040984067081336695,0.785416274843321,0.0
99.129,415.1256943900007,11.81138449700927,11.72997654805623,6.10295276852844,0.0312533902290747,0.0040984067081336695,0.785416274843321,0.0
99.185,415.325962505005,11.81138449700927,11.72997654805623,6.10295276852844,0.0312533902290747,0.0040984067081336695,0.785416274843321,0.0
99.237,415.525606064999,11.81138449700927,11.72997654805623,6.10295276852844,0.0312533902290747,0.0040984067081336695,0.785416274843321,0.0
99.294,415.7256097920035,11.81138449700927,11.72997654805623,6.10295276852844,0.0312533902290747,0.0040984067081336695,0.785416274843321,0.0
99.342,415.92553373899864,11.81138449700927,11.72997654805623,6.10295276852844,0.0312533902290747,0.0040984067081336695,0.785416274843321,0.0
99.396,416.125594612,11.81138449700927,11.72997654805623,6.10295276852844,0.0312533902290747,0.0040984067081336695,0.785416274843321,0.0
99.449,416.32579953499953,11.81138449700927,11.72997654805623,6.10295276852844,0.0312533902290747,0.0040984067081336695,0.785416274843321,0.0
99.504,416.52561793500354,11.81138449700927,11.72997654805623,6.10295276852844,0.0312533902290747,0.0040984067081336695,0.785416274843321,0.0
99.559,416.72583702200063,11.81138449700927,11.72997654805623,6.10295276852844,0.0312533902290747,0.0040984067081336695,0.785416274843321,0.0
99.61,416.925675849001,11.81138449700927,11.72997654805623,6.10295276852844,0.0312533902290747,0.0040984067081336695,0.785416274843321,0.0
99.666,417.1257303590028,11.81138449700927,11.72997654805623,6.10295276852844,0.0312533902290747,0.0040984067081336695,0.785416274843321,0.0
99.722,417.3255566700027,11.81138449700927,11.72997654805623,6.10295276852844,0.0312533902290747,0.0040984067081336695,0.785416274843321,0.0
99.779,417.52596506300324,11.81138449700927,11.72997654805623,6.10295276852844,0.0312533902290747,0.0040984067081336695,0.785416274843321,0.0
99.833,417.7256401140039,11.81138449700927,11.72997654805623,6.10295276852844,0.0312533902290747,0.0040984067081336695,0.785416274843321,0.0
99.89,417.9255727290001,11.81138449700927,11.72997654805623,6.10295276852844,0.0312533902290747,0.0040984067081336695,0.785416274843321,0.0
99.945,418.1255884140046,11.81138449700927,11.72997654805623,6.10295276852844,0.0312533902290747,0.0040984067081336695,0.785416274843321,0.0
100.001,418.32558555900323,11.81138449700927,11.72997654805623,6.10295276852844,0.0312533902290747,0.0040984067081336695,0.785416274843321,0.0
100.057,418.52554028000304,11.81138449700927,11.72997654805623,6.10295276852844,0.0312533902290747,0.0040984067081336695,0.785416274843321,0.0
100.111,418.725617437005,11.81138449700927,11.72997654805623,6.10295276852844,0.0312533902290747,0.0040984067081336695,0.785416274843321,0.0
100.166,418.9255952040039,11.81138449700927,11.72997654805623,6.10295276852844,0.0312533902290747,0.0040984067081336695,0.785416274843321,0.0
100.222,419.1255348230043,11.81138449700927,11.72997654805623,6.10295276852844,0.0312533902290747,0.0040984067081336695,0.785416274843321,0.0
100.279,419.32559209500323,11.81138449700927,11.72997654805623,6.10295276852844,0.0312533902290747,0.0040984067081336695,0.785416274843321,0.0
100.334,419.5256251030005,11.81138449700927,11.72997654805623,6.10295276852844,0.0312533902290747,0.0040984067081336695,0.785416274843321,0.0
100.389,419.7255878260039,11.81138449700927,11.72997654805623,6.10295276852844,0.0312533902290747,0.0040984067081336695,0.785416274843321,0.0
100.445,419.9255924829995,11.81138449700927,11.72997654805623,6.10295276852844,0.0312533902290747,0.0040984067081336695,0.785416274843321,0.0
100.501,420.12558707399876,11.81138449700927,11.72997654805623,6.10295276852844,0.0312533902290747,0.0040984067081336695,0.785416274843321,0.0
100.557,420.32561915599945,11.81138449700927,11.72997654805623,6.10295276852844,0.0312533902290747,0.0040984067081336695,0.785416274843321,0.0
100.61,420.5256658069993,11.81138449700927,11.72997654805623,6.10295276852844,0.0312533902290747,0.0040984067081336695,0.785416274843321,0.0
100.663,420.7257689399994,11.81138449700927,11.72997654805623,6.10295276852844,0.0312533902290747,0.0040984067081336695,0.785416274843321,0.0
100.72,420.9255757889987,11.81138449700927,11.72997654805623,6.10295276852844,0.0312533902290747,0.0040984067081336695,0.785416274843321,0.0
100.776,421.12558065300254,11.81138449700927,11.72997654805623,6.10295276852844,0.0312533902290747,0.0040984067081336695,0.785416274843321,0.0
100.827,421.3258130890026,11.81138449700927,11.72997654805623,6.10295276852844,0.0312533902290747,0.0040984067081336695,0.785416274843321,0.0
100.881,421.52572008100105,11.81138449700927,11.72997654805623,6.10295276852844,0.0312533902290747,0.0040984067081336695,0.785416274843321,0.0
100.933,421.72572865700204,11.81138449700927,11.72997654805623,6.10295276852844,0.0312533902290747,0.0040984067081336695,0.785416274843321,0.0
100.985,421.92556455400336,11.81138449700927,11.72997654805623,6.10295276852844,0.0312533902290747,0.0040984067081336695,0.785416274843321,0.0
101.032,422.1256154290022,11.81138449700927,11.72997654805623,6.10295276852844,0.0312533902290747,0.0040984067081336695,0.785416274843321,0.0
101.075,422.3255629080013,11.81138449700927,11.72997654805623,6.10295276852844,0.0312533902290747,0.0040984067081336695,0.785416274843321,0.0
101.113,422.5258374620025,11.81138449700927,11.72997654805623,6.10295276852844,0.0312533902290747,0.0040984067081336695,0.785416274843321,0.0
101.153,422.7256851880011,11.81138449700927,11.72997654805623,6.10295276852844,0.0312533902290747,0.0040984067081336695,0.785416274843321,0.0
101.204,422.92569888200524,11.81138449700927,11.72997654805623,6.10295276852844,0.0312533902290747,0.0040984067081336695,0.785416274843321,0.0
101.253,423.1255891100009,11.81138449700927,11.72997654805623,6.10295276852844,0.0312533902290747,0.0040984067081336695,0.785416274843321,0.0
101.299,423.32608994100156,11.81138449700927,11.72997654805623,6.10295276852844,0.0312533902290747,0.0040984067081336695,0.785416274843321,0.0
101.352,423.52566891500464,11.81138449700927,11.72997654805623,6.10295276852844,0.0312533902290747,0.0040984067081336695,0.785416274843321,0.0
101.407,423.7255749649994,11.81138449700927,11.72997654805623,6.10295276852844,0.0312533902290747,0.0040984067081336695,0.785416274843321,0.0
101.461,423.92559831700055,11.81138449700927,11.72997654805623,6.10295276852844,0.0312533902290747,0.0040984067081336695,0.785416274843321,0.0
101.514,424.1258871980026,11.81138449700927,11.72997654805623,6.10295276852844,0.0312533902290747,0.0040984067081336695,0.785416274843321,0.0
101.57,424.32562277599936,11.81138449700927,11.72997654805623,6.10295276852844,0.0312533902290747,0.0040984067081336695,0.785416274843321,0.0
101.624,424.5257167939999,11.81138449700927,11.72997654805623,6.10295276852844,0.0312533902290747,0.0040984067081336695,0.785416274843321,0.0
101.679,424.7259386529986,11.81138449700927,11.72997654805623,6.10295276852844,0.0312533902290747,0.0040984067081336695,0.785416274843321,0.0
101.733,424.9256073139986,11.81138449700927,11.72997654805623,6.10295276852844,0.0312533902290747,0.0040984067081336695,0.785416274843321,0.0
101.787,425.12553941400256,11.81138449700927,11.72997654805623,6.10295276852844,0.0312533902290747,0.0040984067081336695,0.785416274843321,0.0
101.84,425.3256281560025,11.81138449700927,11.72997654805623,6.10295276852844,0.0312533902290747,0.0040984067081336695,0.785416274843321,0.0
101.89,425.5256884039991,11.81138449700927,11.72997654805623,6.10295276852844,0.0312533902290747,0.0040984067081336695,0.785416274843321,0.0
101.937,425.7256138590019,11.81138449700927,11.72997654805623,6.10295276852844,0.0312533902290747,0.0040984067081336695,0.785416274843321,0.0
101.99,425.9255970619997,11.81138449700927,11.72997654805623,6.10295276852844,0.0312533902290747,0.0040984067081336695,0.785416274843321,0.0
102.041,426.1255968740006,11.81138449700927,11.72997654805623,6.10295276852844,0.0312533902290747,0.0040984067081336695,0.785416274843321,0.0
102.095,426.3256961030056,11.81138449700927,11.72997654805623,6.10295276852844,0.0312533902290747,0.0040984067081336695,0.785416274843321,0.0
102.147,426.52585793300386,11.81138449700927,11.72997654805623,6.10295276852844,0.0312533902290747,0.0040984067081336695,0.785416274843321,0.0
102.201,426.7257907509993,11.81138449700927,11.72997654805623,6.10295276852844,0.0312533902290747,0.0040984067081336695,0.785416274843321,0.0
102.253,426.9255733989994,11.81138449700927,11.72997654805623,6.10295276852844,0.0312533902290747,0.0040984067081336695,0.785416274843321,0.0
102.307,427.12557321700297,11.81138449700927,11.72997654805623,6.10295276852844,0.0312533902290747,0.0040984067081336695,0.785416274843321,0.0
102.361,427.3255711169986,11.81138449700927,11.72997654805623,6.10295276852844,0.0312533902290747,0.0040984067081336695,0.785416274843321,0.0
102.414,427.52562525599933,11.81138449700927,11.72997654805623,6.10295276852844,0.0312533902290747,0.0040984067081336695,0.785416274843321,0.0
102.47,427.72562923600344,11.81138449700927,11.72997654805623,6.10295276852844,0.0312533902290747,0.0040984067081336695,0.785416274843321,0.0
102.522,427.92581201000576,11.81138449700927,11.72997654805623,6.10295276852844,0.0312533902290747,0.0040984067081336695,0.785416274843321,0.0
102.576,428.12575059500523,11.81138449700927,11.72997654805623,6.10295276852844,0.0312533902290747,0.0040984067081336695,0.785416274843321,0.0
102.63,428.3255913710018,11.81138449700927,11.72997654805623,6.10295276852844,0.0312533902290747,0.0040984067081336695,0.785416274843321,0.0
102.685,428.52560663100303,11.81138449700927,11.72997654805623,6.10295276852844,0.0312533902290747,0.0040984067081336695,0.785416274843321,0.0
102.736,428.72574395300035,11.81138449700927,11.72997654805623,6.10295276852844,0.0312533902290747,0.0040984067081336695,0.785416274843321,0.0
102.788,428.9257440420042,11.81138449700927,11.72997654805623,6.10295276852844,0.0312533902290747,0.0040984067081336695,0.785416274843321,0.0
102.836,429.1255702080016,11.81138449700927,11.72997654805623,6.10295276852844,0.0312533902290747,0.0040984067081336695,0.785416274843321,0.0
102.882,429.3255094060005,11.81138449700927,11.72997654805623,6.10295276852844,0.0312533902290747,0.0040984067081336695,0.785416274843321,0.0
102.923,429.5256029529992,11.81138449700927,11.72997654805623,6.10295276852844,0.0312533902290747,0.0040984067081336695,0.785416274843321,0.0
102.943,429.61061672100186,11.81138449700927,11.72997654805623,6.10295276852844,0.0312533902290747,0.0040984067081336695,0.785416274843321,0.0
102.982,429.7700707710028,11.81138449700927,11.72997654805623,6.10295276852844,0.0312533902290747,0.0040984067081336695,0.785416274843321,0.0
103.03,429.9700995880048,11.81138449700927,11.72997654805623,6.10295276852844,0.0312533902290747,0.0040984067081336695,0.785416274843321,0.0
103.076,430.1700656200046,11.81138449700927,11.72997654805623,6.10295276852844,0.0312533902290747,0.0040984067081336695,0.785416274843321,0.0
103.124,430.37023699199926,11.81138449700927,11.72997654805623,6.10295276852844,0.0312533902290747,0.0040984067081336695,0.785416274843321,0.0
103.17,430.5701122829996,11.81138449700927,11.72997654805623,6.10295276852844,0.0312533902290747,0.0040984067081336695,0.785416274843321,0.0
103.223,430.7702826110035,11.81138449700927,11.72997654805623,6.10295276852844,0.0312533902290747,0.0040984067081336695,0.785416274843321,0.0
103.279,430.9700742780042,11.81138449700927,11.72997654805623,6.10295276852844,0.0312533902290747,0.0040984067081336695,0.785416274843321,0.0
103.332,431.1702308340027,11.81138449700927,11.72997654805623,6.10295276852844,0.0312533902290747,0.0040984067081336695,0.785416274843321,0.0
103.389,431.37010727700545,11.81138449700927,11.72997654805623,6.10295276852844,0.0312533902290747,0.0040984067081336695,0.785416274843321,0.0
103.442,431.5703449030043,11.81138449700927,11.72997654805623,6.10295276852844,0.0312533902290747,0.0040984067081336695,0.785416274843321,0.0
103.496,431.77017712499946,11.81138449700927,11.72997654805623,6.10295276852844,0.0312533902290747,0.0040984067081336695,0.785416274843321,0.0
103.551,431.9702071240026,11.81138449700927,11.72997654805623,6.10295276852844,0.0312533902290747,0.0040984067081336695,0.785416274843321,0.0
103.604,432.170380593001,11.81138449700927,11.72997654805623,6.10295276852844,0.0312533902290747,0.0040984067081336695,0.785416274843321,0.0
103.661,432.3700700930058,11.81138449700927,11.72997654805623,6.10295276852844,0.0312533902290747,0.0040984067081336695,0.785416274843321,0.0
103.716,432.5700681860035,11.81138449700927,11.72997654805623,6.10295276852844,0.0312533902290747,0.0040984067081336695,0.785416274843321,0.0
103.771,432.7702076640053,11.81138449700927,11.72997654805623,6.10295276852844,0.0312533902290747,0.0040984067081336695,0.785416274843321,0.0
103.821,432.9701749320011,11.81138449700927,11.72997654805623,6.10295276852844,0.0312533902290747,0.0040984067081336695,0.785416274843321,0.0
103.874,433.1701122250015,11.81138449700927,11.72997654805623,6.10295276852844,0.0312533902290747,0.0040984067081336695,0.785416274843321,0.0
103.927,433.37016953900456,11.81138449700927,11.72997654805623,6.10295276852844,0.0312533902290747,0.0040984067081336695,0.785416274843321,0.0
103.977,433.57007649200386,11.81138449700927,11.72997654805623,6.10295276852844,0.0312533902290747,0.0040984067081336695,0.785416274843321,0.0
104.024,433.7700856800002,11.81138449700927,11.72997654805623,6.10295276852844,0.0312533902290747,0.0040984067081336695,0.785416274843321,0.0
104.078,433.9700935650035,11.81138449700927,11.72997654805623,6.10295276852844,0.0312533902290747,0.0040984067081336695,0.785416274843321,0.0
104.129,434.17000212600396,11.81138449700927,11.72997654805623,6.10295276852844,0.0312533902290747,0.0040984067081336695,0.785416274843321,0.0
104.185,434.3701361570056,11.81138449700927,11.72997654805623,6.10295276852844,0.0312533902290747,0.0040984067081336695,0.785416274843321,0.0
104.239,434.5700856350013,11.81138449700927,11.72997654805623,6.10295276852844,0.0312533902290747,0.0040984067081336695,0.785416274843321,0.0
104.293,434.77033450300223,11.81138449700927,11.72997654805623,6.10295276852844,0.0312533902290747,0.0040984067081336695,0.785416274843321,0.0
104.35,434.9700504020002,11.81138449700927,11.72997654805623,6.10295276852844,0.0312533902290747,0.0040984067081336695,0.785416274843321,0.0
104.404,435.1701880879991,11.81138449700927,11.72997654805623,6.10295276852844,0.0312533902290747,0.0040984067081336695,0.785416274843321,0.0
104.461,435.37005650000356,11.81138449700927,11.72997654805623,6.10295276852844,0.0312533902290747,0.0040984067081336695,0.785416274843321,0.0
104.515,435.5701270940044,11.81138449700927,11.72997654805623,6.10295276852844,0.0312533902290747,0.0040984067081336695,0.785416274843321,0.0
104.57,435.7700649030012,11.81138449700927,11.72997654805623,6.10295276852844,0.0312533902290747,0.0040984067081336695,0.785416274843321,0.0
104.624,435.97006481000426,11.81138449700927,11.72997654805623,6.10295276852844,0.0312533902290747,0.0040984067081336695,0.785416274843321,0.0
104.679,436.1701696300006,11.81138449700927,11.72997654805623,6.10295276852844,0.0312533902290747,0.0040984067081336695,0.785416274843321,0.0
104.733,436.37026692400104,11.81138449700927,11.72997654805623,6.10295276852844,0.0312533902290747,0.0040984067081336695,0.785416274843321,0.0
104.788,436.57024290700065,11.81138449700927,11.72997654805623,6.10295276852844,0.0312533902290747,0.0040984067081336695,0.785416274843321,0.0
104.843,436.7704376870024,11.81138449700927,11.72997654805623,6.10295276852844,0.0312533902290747,0.0040984067081336695,0.785416274843321,0.0
104.899,436.9700726830051,11.81138449700927,11.72997654805623,6.10295276852844,0.0312533902290747,0.0040984067081336695,0.785416274843321,0.0
104.953,437.1700501180021,11.81138449700927,11.72997654805623,6.10295276852844,0.0312533902290747,0.0040984067081336695,0.785416274843321,0.0
105.008,437.3700743490044,11.81138449700927,11.72997654805623,6.10295276852844,0.0312533902290747,0.0040984067081336695,0.785416274843321,0.0
105.062,437.57004688899906,11.81138449700927,11.72997654805623,6.10295276852844,0.0312533902290747,0.0040984067081336695,0.785416274843321,0.0
105.117,437.77005846799875,11.81138449700927,11.72997654805623,6.10295276852844,0.0312533902290747,0.0040984067081336695,0.785416274843321,0.0
105.174,437.97007619099895,11.81138449700927,11.72997654805623,6.10295276852844,0.0312533902290747,0.0040984067081336695,0.785416274843321,0.0
105.228,438.1700569759996,11.81138449700927,11.72997654805623,6.10295276852844,0.0312533902290747,0.0040984067081336695,0.785416274843321,0.0
105.282,438.37014862900105,11.81138449700927,11.72997654805623,6.10295276852844,0.0312533902290747,0.0040984067081336695,0.785416274843321,0.0
105.337,438.57012709200353,11.81138449700927,11.72997654805623,6.10295276852844,0.0312533902290747,0.0040984067081336695,0.785416274843321,0.0
105.392,438.7700591910034,11.81138449700927,11.72997654805623,6.10295276852844,0.0312533902290747,0.0040984067081336695,0.785416274843321,0.0
105.445,438.9700519590042,11.81138449700927,11.72997654805623,6.10295276852844,0.0312533902290747,0.0040984067081336695,0.785416274843321,0.0
105.501,439.1700578980017,11.81138449700927,11.72997654805623,6.10295276852844,0.0312533902290747,0.0040984067081336695,0.785416274843321,0.0
105.552,439.3705436570017,11.81138449700927,11.72997654805623,6.10295276852844,0.0312533902290747,0.0040984067081336695,0.785416274843321,0.0
105.607,439.5702009420056,11.81138449700927,11.72997654805623,6.10295276852844,0.0312533902290747,0.0040984067081336695,0.785416274843321,0.0
105.663,439.7700754250036,11.81138449700927,11.72997654805623,6.10295276852844,0.0312533902290747,0.0040984067081336695,0.785416274843321,0.0
105.717,439.9700893640038,11.81138449700927,11.72997654805623,6.10295276852844,0.0312533902290747,0.0040984067081336695,0.785416274843321,0.0
105.774,440.1700623200013,11.81138449700927,11.72997654805623,6.10295276852844,0.0312533902290747,0.0040984067081336695,0.785416274843321,0.0
105.825,440.37027758200566,11.81138449700927,11.72997654805623,6.10295276852844,0.0312533902290747,0.0040984067081336695,0.785416274843321,0.0
105.881,440.57009693200234,11.81138449700927,11.72997654805623,6.10295276852844,0.0312533902290747,0.0040984067081336695,0.785416274843321,0.0
105.934,440.7700825800057,11.81138449700927,11.72997654805623,6.10295276852844,0.0312533902290747,0.0040984067081336695,0.785416274843321,0.0
105.989,440.970005272,11.81138449700927,11.72997654805623,6.10295276852844,0.0312533902290747,0.0040984067081336695,0.785416274843321,0.0
106.039,441.1701424999992,11.81138449700927,11.72997654805623,6.10295276852844,0.0312533902290747,0.0040984067081336695,0.785416274843321,0.0
106.094,441.37007109000115,11.81138449700927,11.72997654805623,6.10295276852844,0.0312533902290747,0.0040984067081336695,0.785416274843321,0.0
106.146,441.5700537540033,11.81138449700927,11.72997654805623,6.10295276852844,0.0312533902290747,0.0040984067081336695,0.785416274843321,0.0
106.201,441.77007993200095,11.81138449700927,11.72997654805623,6.10295276852844,0.0312533902290747,0.0040984067081336695,0.785416274843321,0.0
106.256,441.97004190300504,11.81138449700927,11.72997654805623,6.10295276852844,0.0312533902290747,0.0040984067081336695,0.785416274843321,0.0
106.31,442.17014423000364,11.81138449700927,11.72997654805623,6.10295276852844,0.0312533902290747,0.0040984067081336695,0.785416274843321,0.0
106.365,442.37036110900226,11.81138449700927,11.72997654805623,6.10295276852844,0.0312533902290747,0.0040984067081336695,0.785416274843321,0.0
106.42,442.57011193100334,11.81138449700927,11.72997654805623,6.10295276852844,0.0312533902290747,0.0040984067081336695,0.785416274843321,0.0
106.476,442.7700483450026,11.81138449700927,11.72997654805623,6.10295276852844,0.0312533902290747,0.0040984067081336695,0.785416274843321,0.0
106.53,442.97009128599893,11.81138449700927,11.72997654805623,6.10295276852844,0.0312533902290747,0.0040984067081336695,0.785416274843321,0.0
106.587,443.17004866400384,11.81138449700927,11.72997654805623,6.10295276852844,0.0312533902290747,0.0040984067081336695,0.785416274843321,0.0
106.642,443.37003856500087,11.81138449700927,11.72997654805623,6.10295276852844,0.0312533902290747,0.0040984067081336695,0.785416274843321,0.0
106.698,443.5700610010026,11.81138449700927,11.72997654805623,6.10295276852844,0.0312533902290747,0.0040984067081336695,0.785416274843321,0.0
106.753,443.7700521299994,11.81138449700927,11.72997654805623,6.10295276852844,0.0312533902290747,0.0040984067081336695,0.785416274843321,0.0
106.807,443.97005178800464,11.81138449700927,11.72997654805623,6.10295276852844,0.0312533902290747,0.0040984067081336695,0.785416274843321,0.0
106.861,444.17015666500083,11.81138449700927,11.72997654805623,6.10295276852844,0.0312533902290747,0.0040984067081336695,0.785416274843321,0.0
106.915,444.37006422700506,11.81138449700927,11.72997654805623,6.10295276852844,0.0312533902290747,0.0040984067081336695,0.785416274843321,0.0
106.97,444.5700790949995,11.81138449700927,11.72997654805623,6.10295276852844,0.0312533902290747,0.0040984067081336695,0.785416274843321,0.0
107.024,444.7705613470025,11.81138449700927,11.72997654805623,6.10295276852844,0.0312533902290747,0.0040984067081336695,0.785416274843321,0.0
107.081,444.97006712700386,11.81138449700927,11.72997654805623,6.10295276852844,0.0312533902290747,0.0040984067081336695,0.785416274843321,0.0
107.135,445.170125112003,11.81138449700927,11.72997654805623,6.10295276852844,0.0312533902290747,0.0040984067081336695,0.785416274843321,0.0
107.191,445.37007946400263,11.81138449700927,11.72997654805623,6.10295276852844,0.0312533902290747,0.0040984067081336695,0.785416274843321,0.0
107.246,445.5702269250032,11.81138449700927,11.72997654805623,6.10295276852844,0.0312533902290747,0.0040984067081336695,0.785416274843321,0.0
107.301,445.77006486400205,11.81138449700927,11.72997654805623,6.10295276852844,0.0312533902290747,0.0040984067081336695,0.785416274843321,0.0
107.356,445.9700758570034,11.81138449700927,11.72997654805623,6.10295276852844,0.0312533902290747,0.0040984067081336695,0.785416274843321,0.0
107.412,446.17006925800524,11.81138449700927,11.72997654805623,6.10295276852844,0.0312533902290747,0.0040984067081336695,0.785416274843321,0.0
107.468,446.3700776770056,11.81138449700927,11.72997654805623,6.10295276852844,0.0312533902290747,0.0040984067081336695,0.785416274843321,0.0
107.521,446.57024987600016,11.81138449700927,11.72997654805623,6.10295276852844,0.0312533902290747,0.0040984067081336695,0.785416274843321,0.0
107.578,446.7700489609997,11.81138449700927,11.72997654805623,6.10295276852844,0.0312533902290747,0.0040984067081336695,0.785416274843321,0.0
107.632,446.97017479900387,11.81138449700927,11.72997654805623,6.10295276852844,0.0312533902290747,0.0040984067081336695,0.785416274843321,0.0
107.689,447.17001387599885,11.81138449700927,11.72997654805623,6.10295276852844,0.0312533902290747,0.0040984067081336695,0.785416274843321,0.0
107.744,447.370042954004,11.81138449700927,11.72997654805623,6.10295276852844,0.0312533902290747,0.0040984067081336695,0.785416274843321,0.0
107.799,447.57006615499995,11.81138449700927,11.72997654805623,6.10295276852844,0.0312533902290747,0.0040984067081336695,0.785416274843321,0.0
107.852,447.7700424319992,11.81138449700927,11.72997654805623,6.10295276852844,0.0312533902290747,0.0040984067081336695,0.785416274843321,0.0
107.908,447.9700519550024,11.81138449700927,11.72997654805623,6.10295276852844,0.0312533902290747,0.0040984067081336695,0.785416274843321,0.0
107.96,448.1700601679986,11.81138449700927,11.72997654805623,6.10295276852844,0.0312533902290747,0.0040984067081336695,0.785416274843321,0.0
108.012,448.3699988860026,11.81138449700927,11.72997654805623,6.10295276852844,0.0312533902290747,0.0040984067081336695,0.785416274843321,0.0
108.068,448.57011842400243,11.81138449700927,11.72997654805623,6.10295276852844,0.0312533902290747,0.0040984067081336695,0.785416274843321,0.0
108.123,448.77007410400256,11.81138449700927,11.72997654805623,6.10295276852844,0.0312533902290747,0.0040984067081336695,0.785416274843321,0.0
108.179,448.97034327900474,11.81138449700927,11.72997654805623,6.10295276852844,0.0312533902290747,0.0040984067081336695,0.785416274843321,0.0
108.234,449.17001309100306,11.81138449700927,11.72997654805623,6.10295276852844,0.0312533902290747,0.0040984067081336695,0.785416274843321,0.0
108.291,449.37007647700375,11.81138449700927,11.72997654805623,6.10295276852844,0.0312533902290747,0.0040984067081336695,0.785416274843321,0.0
108.346,449.57017628299945,11.81138449700927,11.72997654805623,6.10295276852844,0.0312533902290747,0.0040984067081336695,0.785416274843321,0.0
108.403,449.77008293900144,11.81138449700927,11.72997654805623,6.10295276852844,0.0312533902290747,0.0040984067081336695,0.785416274843321,0.0
108.459,449.9701736450006,11.81138449700927,11.72997654805623,6.10295276852844,0.0312533902290747,0.0040984067081336695,0.785416274843321,0.0
108.514,450.17006519999995,11.81138449700927,11.72997654805623,6.10295276852844,0.0312533902290747,0.0040984067081336695,0.785416274843321,0.0
108.571,450.37004336200334,11.81138449700927,11.72997654805623,6.10295276852844,0.0312533902290747,0.0040984067081336695,0.785416274843321,0.0
108.625,450.57014612499916,11.81138449700927,11.72997654805623,6.10295276852844,0.0312533902290747,0.0040984067081336695,0.785416274843321,0.0
108.679,450.7700824870044,11.81138449700927,11.72997654805623,6.10295276852844,0.0312533902290747,0.0040984067081336695,0.785416274843321,0.0
108.732,450.9701241570001,11.81138449700927,11.72997654805623,6.10295276852844,0.0312533902290747,0.0040984067081336695,0.785416274843321,0.0
108.788,451.17009170800156,11.81138449700927,11.72997654805623,6.10295276852844,0.0312533902290747,0.0040984067081336695,0.785416274843321,0.0
108.839,451.3700730109995,11.81138449700927,11.72997654805623,6.10295276852844,0.0312533902290747,0.0040984067081336695,0.785416274843321,0.0
108.897,451.5700796550009,11.81138449700927,11.72997654805623,6.10295276852844,0.0312533902290747,0.0040984067081336695,0.785416274843321,0.0
108.951,451.7700666590026,11.81138449700927,11.72997654805623,6.10295276852844,0.0312533902290747,0.0040984067081336695,0.785416274843321,0.0
109.006,451.97008680699946,11.81138449700927,11.72997654805623,6.10295276852844,0.0312533902290747,0.0040984067081336695,0.785416274843321,0.0
109.056,452.17006841400143,11.81138449700927,11.72997654805623,6.10295276852844,0.0312533902290747,0.0040984067081336695,0.785416274843321,0.0
109.108,452.3700695650041,11.81138449700927,11.72997654805623,6.10295276852844,0.0312533902290747,0.0040984067081336695,0.785416274843321,0.0
109.167,452.5701290240031,11.81138449700927,11.72997654805623,6.10295276852844,0.0312533902290747,0.0040984067081336695,0.785416274843321,0.0
109.22,452.77006869600154,11.81138449700927,11.72997654805623,6.10295276852844,0.0312533902290747,0.0040984067081336695,0.785416274843321,0.0
109.277,452.97013455400156,11.81138449700927,11.72997654805623,6.10295276852844,0.0312533902290747,0.0040984067081336695,0.785416274843321,0.0
109.329,453.1700672779989,11.81138449700927,11.72997654805623,6.10295276852844,0.0312533902290747,0.0040984067081336695,0.785416274843321,0.0
109.386,453.3700095919994,11.81138449700927,11.72997654805623,6.10295276852844,0.0312533902290747,0.0040984067081336695,0.785416274843321,0.0
109.439,453.57008894600585,11.81138449700927,11.72997654805623,6.10295276852844,0.0312533902290747,0.0040984067081336695,0.785416274843321,0.0
109.495,453.7700607709994,11.81138449700927,11.72997654805623,6.10295276852844,0.0312533902290747,0.0040984067081336695,0.785416274843321,0.0
109.55,453.9700614030007,11.81138449700927,11.72997654805623,6.10295276852844,0.0312533902290747,0.0040984067081336695,0.785416274843321,0.0
109.604,454.1701324970054,11.81138449700927,11.72997654805623,6.10295276852844,0.0312533902290747,0.0040984067081336695,0.785416274843321,0.0
109.662,454.3700695890002,11.81138449700927,11.72997654805623,6.10295276852844,0.0312533902290747,0.0040984067081336695,0.785416274843321,0.0
109.717,454.5701002200003,11.81138449700927,11.72997654805623,6.10295276852844,0.0312533902290747,0.0040984067081336695,0.785416274843321,0.0
109.774,454.7700642990021,11.81138449700927,11.72997654805623,6.10295276852844,0.0312533902290747,0.0040984067081336695,0.785416274843321,0.0
109.829,454.9701302370013,11.81138449700927,11.72997654805623,6.10295276852844,0.0312533902290747,0.0040984067081336695,0.785416274843321,0.0
109.886,455.1701352780001,11.81138449700927,11.72997654805623,6.10295276852844,0.0312533902290747,0.0040984067081336695,0.785416274843321,0.0
109.942,455.370052475002,11.81138449700927,11.72997654805623,6.10295276852844,0.0312533902290747,0.0040984067081336695,0.785416274843321,0.0
109.997,455.5700953090054,11.81138449700927,11.72997654805623,6.10295276852844,0.0312533902290747,0.0040984067081336695,0.785416274843321,0.0
110.054,455.77003711200086,11.81138449700927,11.72997654805623,6.10295276852844,0.0312533902290747,0.0040984067081336695,0.785416274843321,0.0
110.106,455.9700624620018,11.81138449700927,11.72997654805623,6.10295276852844,0.0312533902290747,0.0040984067081336695,0.785416274843321,0.0
110.163,456.1700785560024,11.81138449700927,11.72997654805623,6.10295276852844,0.0312533902290747,0.0040984067081336695,0.785416274843321,0.0
110.213,456.37008471399895,11.81138449700927,11.72997654805623,6.10295276852844,0.0312533902290747,0.0040984067081336695,0.785416274843321,0.0
110.267,456.5701819290043,11.81138449700927,11.72997654805623,6.10295276852844,0.0312533902290747,0.0040984067081336695,0.785416274843321,0.0
110.321,456.77013559100305,11.81138449700927,11.72997654805623,6.10295276852844,0.0312533902290747,0.0040984067081336695,0.785416274843321,0.0
110.377,456.97006267899997,11.81138449700927,11.72997654805623,6.10295276852844,0.0312533902290747,0.0040984067081336695,0.785416274843321,0.0
110.431,457.1701088300033,11.81138449700927,11.72997654805623,6.10295276852844,0.0312533902290747,0.0040984067081336695,0.785416274843321,0.0
110.487,457.37029687400354,11.81138449700927,11.72997654805623,6.10295276852844,0.0312533902290747,0.0040984067081336695,0.785416274843321,0.0
110.541,457.5705282330018,11.81138449700927,11.72997654805623,6.10295276852844,0.0312533902290747,0.0040984067081336695,0.785416274843321,0.0
110.598,457.7700463040019,11.81138449700927,11.72997654805623,6.10295276852844,0.0312533902290747,0.0040984067081336695,0.785416274843321,0.0
110.653,457.9700771409989,11.81138449700927,11.72997654805623,6.10295276852844,0.0312533902290747,0.0040984067081336695,0.785416274843321,0.0
110.706,458.17009400499956,11.81138449700927,11.72997654805623,6.10295276852844,0.0312533902290747,0.0040984067081336695,0.785416274843321,0.0
110.761,458.37005689700163,11.81138449700927,11.72997654805623,6.10295276852844,0.0312533902290747,0.0040984067081336695,0.785416274843321,0.0
110.817,458.5700853630042,11.81138449700927,11.72997654805623,6.10295276852844,0.0312533902290747,0.0040984067081336695,0.785416274843321,0.0
110.872,458.77003753100144,11.81138449700927,11.72997654805623,6.10295276852844,0.0312533902290747,0.0040984067081336695,0.785416274843321,0.0
110.928,458.9700761720014,11.81138449700927,11.72997654805623,6.10295276852844,0.0312533902290747,0.0040984067081336695,0.785416274843321,0.0
110.983,459.17006538300484,11.81138449700927,11.72997654805623,6.10295276852844,0.0312533902290747,0.0040984067081336695,0.785416274843321,0.0
111.037,459.3700690080004,11.81138449700927,11.72997654805623,6.10295276852844,0.0312533902290747,0.0040984067081336695,0.785416274843321,0.0
111.092,459.57038945400564,11.81138449700927,11.72997654805623,6.10295276852844,0.0312533902290747,0.0040984067081336695,0.785416274843321,0.0
111.148,459.7701140690042,11.81138449700927,11.72997654805623,6.10295276852844,0.0312533902290747,0.0040984067081336695,0.785416274843321,0.0
111.202,459.97005316000286,11.81138449700927,11.72997654805623,6.10295276852844,0.0312533902290747,0.0040984067081336695,0.785416274843321,0.0
111.256,460.1700596439987,11.81138449700927,11.72997654805623,6.10295276852844,0.0312533902290747,0.0040984067081336695,0.785416274843321,0.0
111.312,460.370171098999,11.81138449700927,11.72997654805623,6.10295276852844,0.0312533902290747,0.0040984067081336695,0.785416274843321,0.0
111.368,460.57007103800424,11.81138449700927,11.72997654805623,6.10295276852844,0.0312533902290747,0.0040984067081336695,0.785416274843321,0.0
111.423,460.7700593490008,11.81138449700927,11.72997654805623,6.10295276852844,0.0312533902290747,0.0040984067081336695,0.785416274843321,0.0
111.478,460.97007430600206,11.81138449700927,11.72997654805623,6.10295276852844,0.0312533902290747,0.0040984067081336695,0.785416274843321,0.0
111.532,461.17002909700386,11.81138449700927,11.72997654805623,6.10295276852844,0.0312533902290747,0.0040984067081336695,0.785416274843321,0.0
111.587,461.3701314360005,11.81138449700927,11.72997654805623,6.10295276852844,0.0312533902290747,0.0040984067081336695,0.785416274843321,0.0
111.642,461.57008682000014,11.81138449700927,11.72997654805623,6.10295276852844,0.0312533902290747,0.0040984067081336695,0.785416274843321,0.0
111.698,461.7700195300058,11.81138449700927,11.72997654805623,6.10295276852844,0.0312533902290747,0.0040984067081336695,0.785416274843321,0.0
111.721,461.8591313060024,11.81138449700927,11.72997654805623,6.10295276852844,0.0312533902290747,0.0040984067081336695,0.785416274843321,0.0
111.754,461.97455069500575,11.81138449700927,11.72997654805623,6.10295276852844,0.0312533902290747,0.0040984067081336695,0.785416274843321,0.0
111.808,462.1745707720038,11.81138449700927,11.72997654805623,6.10295276852844,0.0312533902290747,0.0040984067081336695,0.785416274843321,0.0
111.864,462.3745172640047,11.81138449700927,11.72997654805623,6.10295276852844,0.0312533902290747,0.0040984067081336695,0.785416274843321,0.0
111.916,462.57495429600385,11.81138449700927,11.72997654805623,6.10295276852844,0.0312533902290747,0.0040984067081336695,0.785416274843321,0.0
111.973,462.7745722740001,11.81138449700927,11.72997654805623,6.10295276852844,0.0312533902290747,0.0040984067081336695,0.785416274843321,0.0
112.025,462.97466036500555,11.81138449700927,11.72997654805623,6.10295276852844,0.0312533902290747,0.0040984067081336695,0.785416274843321,0.0
112.082,463.1746383560021,11.81138449700927,11.72997654805623,6.10295276852844,0.0312533902290747,0.0040984067081336695,0.785416274843321,0.0
112.135,463.37457570500555,11.81138449700927,11.72997654805623,6.10295276852844,0.0312533902290747,0.0040984067081336695,0.785416274843321,0.0
112.19,463.5748919480029,11.81138449700927,11.72997654805623,6.10295276852844,0.0312533902290747,0.0040984067081336695,0.785416274843321,0.0
112.237,463.7746752730018,11.81138449700927,11.72997654805623,6.10295276852844,0.0312533902290747,0.0040984067081336695,0.785416274843321,0.0
112.28,463.9747514260016,11.81138449700927,11.72997654805623,6.10295276852844,0.0312533902290747,0.0040984067081336695,0.785416274843321,0.0
112.33,464.1746012940057,11.81138449700927,11.72997654805623,6.10295276852844,0.0312533902290747,0.0040984067081336695,0.785416274843321,0.0
112.386,464.37453507399914,11.81138449700927,11.72997654805623,6.10295276852844,0.0312533902290747,0.0040984067081336695,0.785416274843321,0.0
112.436,464.57461675500235,11.81138449700927,11.72997654805623,6.10295276852844,0.0312533902290747,0.0040984067081336695,0.785416274843321,0.0
112.491,464.77454550100083,11.81138449700927,11.72997654805623,6.10295276852844,0.0312533902290747,0.0040984067081336695,0.785416274843321,0.0
112.542,464.9745454639997,11.81138449700927,11.72997654805623,6.10295276852844,0.0312533902290747,0.0040984067081336695,0.785416274843321,0.0
112.596,465.1745525420047,11.81138449700927,11.72997654805623,6.10295276852844,0.0312533902290747,0.0040984067081336695,0.785416274843321,0.0
112.649,465.37455445399974,11.81138449700927,11.72997654805623,6.10295276852844,0.0312533902290747,0.0040984067081336695,0.785416274843321,0.0
112.703,465.57493473900104,11.81138449700927,11.72997654805623,6.10295276852844,0.0312533902290747,0.0040984067081336695,0.785416274843321,0.0
112.754,465.7746670300039,11.81138449700927,11.72997654805623,6.10295276852844,0.0312533902290747,0.0040984067081336695,0.785416274843321,0.0
112.803,465.97452357099974,11.81138449700927,11.72997654805623,6.10295276852844,0.0312533902290747,0.0040984067081336695,0.785416274843321,0.0
112.854,466.17456175100233,11.81138449700927,11.72997654805623,6.10295276852844,0.0312533902290747,0.0040984067081336695,0.785416274843321,0.0
112.907,466.3745673279991,11.81138449700927,11.72997654805623,6.10295276852844,0.0312533902290747,0.0040984067081336695,0.785416274843321,0.0
112.965,466.5745633050028,11.81138449700927,11.72997654805623,6.10295276852844,0.0312533902290747,0.0040984067081336695,0.785416274843321,0.0
113.019,466.7745725690038,11.81138449700927,11.72997654805623,6.10295276852844,0.0312533902290747,0.0040984067081336695,0.785416274843321,0.0
113.076,466.97451427800115,11.81138449700927,11.72997654805623,6.10295276852844,0.0312533902290747,0.0040984067081336695,0.785416274843321,0.0
113.129,467.17494639100187,11.81138449700927,11.72997654805623,6.10295276852844,0.0312533902290747,0.0040984067081336695,0.785416274843321,0.0
113.188,467.3747455470002,11.81138449700927,11.72997654805623,6.10295276852844,0.0312533902290747,0.0040984067081336695,0.785416274843321,0.0
113.241,467.574570746001,11.81138449700927,11.72997654805623,6.10295276852844,0.0312533902290747,0.0040984067081336695,0.785416274843321,0.0
113.296,467.7746178900052,11.81138449700927,11.72997654805623,6.10295276852844,0.0312533902290747,0.0040984067081336695,0.785416274843321,0.0
113.351,467.9745647500022,11.81138449700927,11.72997654805623,6.10295276852844,0.0312533902290747,0.0040984067081336695,0.785416274843321,0.0
113.404,468.17472173300484,11.81138449700927,11.72997654805623,6.10295276852844,0.0312533902290747,0.0040984067081336695,0.785416274843321,0.0
113.456,468.37468315700244,11.81138449700927,11.72997654805623,6.10295276852844,0.0312533902290747,0.0040984067081336695,0.785416274843321,0.0
113.51,468.5745810799999,11.81138449700927,11.72997654805623,6.10295276852844,0.0312533902290747,0.0040984067081336695,0.785416274843321,0.0
113.566,468.77456863000407,11.81138449700927,11.72997654805623,6.10295276852844,0.0312533902290747,0.0040984067081336695,0.785416274843321,0.0
113.621,468.97462197300047,11.81138449700927,11.72997654805623,6.10295276852844,0.0312533902290747,0.0040984067081336695,0.785416274843321,0.0
113.678,469.17469079400325,11.81138449700927,11.72997654805623,6.10295276852844,0.0312533902290747,0.0040984067081336695,0.785416274843321,0.0
113.733,469.374530910005,11.81138449700927,11.72997654805623,6.10295276852844,0.0312533902290747,0.0040984067081336695,0.785416274843321,0.0
113.787,469.5749500470047,11.81138449700927,11.72997654805623,6.10295276852844,0.0312533902290747,0.0040984067081336695,0.785416274843321,0.0
113.842,469.77454925200436,11.81138449700927,11.72997654805623,6.10295276852844,0.0312533902290747,0.0040984067081336695,0.785416274843321,0.0
113.894,469.9745330490041,11.81138449700927,11.72997654805623,6.10295276852844,0.0312533902290747,0.0040984067081336695,0.785416274843321,0.0
113.95,470.17455640700064,11.81138449700927,11.72997654805623,6.10295276852844,0.0312533902290747,0.0040984067081336695,0.785416274843321,0.0
114.0,470.374542425001,11.81138449700927,11.72997654805623,6.10295276852844,0.0312533902290747,0.0040984067081336695,0.785416274843321,0.0
114.051,470.57452470000135,11.81138449700927,11.72997654805623,6.10295276852844,0.0312533902290747,0.0040984067081336695,0.785416274843321,0.0
114.101,470.77459524499864,11.81138449700927,11.72997654805623,6.10295276852844,0.0312533902290747,0.0040984067081336695,0.785416274843321,0.0
114.152,470.97458848800306,11.81138449700927,11.72997654805623,6.10295276852844,0.0312533902290747,0.0040984067081336695,0.785416274843321,0.0
114.207,471.17453961499996,11.81138449700927,11.72997654805623,6.10295276852844,0.0312533902290747,0.0040984067081336695,0.785416274843321,0.0
114.262,471.37455572900217,11.81138449700927,11.72997654805623,6.10295276852844,0.0312533902290747,0.0040984067081336695,0.785416274843321,0.0
114.317,471.5751785149987,11.81138449700927,11.72997654805623,6.10295276852844,0.0312533902290747,0.0040984067081336695,0.785416274843321,0.0
114.373,471.7745406030008,11.81138449700927,11.72997654805623,6.10295276852844,0.0312533902290747,0.0040984067081336695,0.785416274843321,0.0
114.428,471.97451987800014,11.81138449700927,11.72997654805623,6.10295276852844,0.0312533902290747,0.0040984067081336695,0.785416274843321,0.0
114.483,472.1746519299995,11.81138449700927,11.72997654805623,6.10295276852844,0.0312533902290747,0.0040984067081336695,0.785416274843321,0.0
114.538,472.374567785002,11.81138449700927,11.72997654805623,6.10295276852844,0.0312533902290747,0.0040984067081336695,0.785416274843321,0.0
114.594,472.57464402400365,11.81138449700927,11.72997654805623,6.10295276852844,0.0312533902290747,0.0040984067081336695,0.785416274843321,0.0
114.649,472.77456405400153,11.81138449700927,11.72997654805623,6.10295276852844,0.0312533902290747,0.0040984067081336695,0.785416274843321,0.0
114.706,472.9745582260002,11.81138449700927,11.72997654805623,6.10295276852844,0.0312533902290747,0.0040984067081336695,0.785416274843321,0.0
114.763,473.1745544200021,11.81138449700927,11.72997654805623,6.10295276852844,0.0312533902290747,0.0040984067081336695,0.785416274843321,0.0
114.817,473.374697983003,11.81138449700927,11.72997654805623,6.10295276852844,0.0312533902290747,0.0040984067081336695,0.785416274843321,0.0
114.873,473.57461686999886,11.81138449700927,11.72997654805623,6.10295276852844,0.0312533902290747,0.0040984067081336695,0.785416274843321,0.0
114.926,473.77457161200437,11.81138449700927,11.72997654805623,6.10295276852844,0.0312533902290747,0.0040984067081336695,0.785416274843321,0.0
114.982,473.9745818040028,11.81138449700927,11.72997654805623,6.10295276852844,0.0312533902290747,0.0040984067081336695,0.785416274843321,0.0
115.037,474.174571319003,11.81138449700927,11.72997654805623,6.10295276852844,0.0312533902290747,0.0040984067081336695,0.785416274843321,0.0
115.093,474.3745268970015,11.81138449700927,11.72997654805623,6.10295276852844,0.0312533902290747,0.0040984067081336695,0.785416274843321,0.0
115.147,474.5747550290034,11.81138449700927,11.72997654805623,6.10295276852844,0.0312533902290747,0.0040984067081336695,0.785416274843321,0.0
115.203,474.7745968580057,11.81138449700927,11.72997654805623,6.10295276852844,0.0312533902290747,0.0040984067081336695,0.785416274843321,0.0
115.259,474.97453585800395,11.81138449700927,11.72997654805623,6.10295276852844,0.0312533902290747,0.0040984067081336695,0.785416274843321,0.0
115.31,475.1746242700028,11.81138449700927,11.72997654805623,6.10295276852844,0.0312533902290747,0.0040984067081336695,0.785416274843321,0.0
115.367,475.37454661000083,11.81138449700927,11.72997654805623,6.10295276852844,0.0312533902290747,0.0040984067081336695,0.785416274843321,0.0
115.416,475.5745658010055,11.81138449700927,11.72997654805623,6.10295276852844,0.0312533902290747,0.0040984067081336695,0.785416274843321,0.0
115.473,475.774568285,11.81138449700927,11.72997654805623,6.10295276852844,0.0312533902290747,0.0040984067081336695,0.785416274843321,0.0
115.527,475.9745720589999,11.81138449700927,11.72997654805623,6.10295276852844,0.0312533902290747,0.0040984067081336695,0.785416274843321,0.0
115.583,476.17452037300245,11.81138449700927,11.72997654805623,6.10295276852844,0.0312533902290747,0.0040984067081336695,0.785416274843321,0.0
115.637,476.3746692230052,11.81138449700927,11.72997654805623,6.10295276852844,0.0312533902290747,0.0040984067081336695,0.785416274843321,0.0
115.693,476.57472468700144,11.81138449700927,11.72997654805623,6.10295276852844,0.0312533902290747,0.0040984067081336695,0.785416274843321,0.0
115.745,476.7745405750029,11.81138449700927,11.72997654805623,6.10295276852844,0.0312533902290747,0.0040984067081336695,0.785416274843321,0.0
115.8,476.97477988000173,11.81138449700927,11.72997654805623,6.10295276852844,0.0312533902290747,0.0040984067081336695,0.785416274843321,0.0
115.852,477.17470225800207,11.81138449700927,11.72997654805623,6.10295276852844,0.0312533902290747,0.0040984067081336695,0.785416274843321,0.0
115.905,477.37456254100107,11.81138449700927,11.72997654805623,6.10295276852844,0.0312533902290747,0.0040984067081336695,0.785416274843321,0.0
115.962,477.5745473940042,11.81138449700927,11.72997654805623,6.10295276852844,0.0312533902290747,0.0040984067081336695,0.785416274843321,0.0
116.016,477.7745623910014,11.81138449700927,11.72997654805623,6.10295276852844,0.0312533902290747,0.0040984067081336695,0.785416274843321,0.0
116.073,477.9745256650058,11.81138449700927,11.72997654805623,6.10295276852844,0.0312533902290747,0.0040984067081336695,0.785416274843321,0.0
116.127,478.17466188099934,11.81138449700927,11.72997654805623,6.10295276852844,0.0312533902290747,0.0040984067081336695,0.785416274843321,0.0
116.183,478.37485634800396,11.81138449700927,11.72997654805623,6.10295276852844,0.0312533902290747,0.0040984067081336695,0.785416274843321,0.0
116.237,478.5745038390014,11.81138449700927,11.72997654805623,6.10295276852844,0.0312533902290747,0.0040984067081336695,0.785416274843321,0.0
116.294,478.77456946700113,11.81138449700927,11.72997654805623,6.10295276852844,0.0312533902290747,0.0040984067081336695,0.785416274843321,0.0
116.347,478.9751370580052,11.81138449700927,11.72997654805623,6.10295276852844,0.0312533902290747,0.0040984067081336695,0.785416274843321,0.0
116.403,479.1748473980042,11.81138449700927,11.72997654805623,6.10295276852844,0.0312533902290747,0.0040984067081336695,0.785416274843321,0.0
116.459,479.37458362100006,11.81138449700927,11.72997654805623,6.10295276852844,0.0312533902290747,0.0040984067081336695,0.785416274843321,0.0
116.513,479.57461476300523,11.81138449700927,11.72997654805623,6.10295276852844,0.0312533902290747,0.0040984067081336695,0.785416274843321,0.0
116.568,479.77473954200104,11.81138449700927,11.72997654805623,6.10295276852844,0.0312533902290747,0.0040984067081336695,0.785416274843321,0.0
116.623,479.9745911830032,11.81138449700927,11.72997654805623,6.10295276852844,0.0312533902290747,0.0040984067081336695,0.785416274843321,0.0
116.679,480.1745528570027,11.81138449700927,11.72997654805623,6.10295276852844,0.0312533902290747,0.0040984067081336695,0.785416274843321,0.0
116.731,480.3745309240039,11.81138449700927,11.72997654805623,6.10295276852844,0.0312533902290747,0.0040984067081336695,0.785416274843321,0.0
116.786,480.57458161600516,11.81138449700927,11.72997654805623,6.10295276852844,0.0312533902290747,0.0040984067081336695,0.785416274843321,0.0
116.84,480.77457916700223,11.81138449700927,11.72997654805623,6.10295276852844,0.0312533902290747,0.0040984067081336695,0.785416274843321,0.0
116.896,480.97456645700004,11.81138449700927,11.72997654805623,6.10295276852844,0.0312533902290747,0.0040984067081336695,0.785416274843321,0.0
116.952,481.17450847400323,11.81138449700927,11.72997654805623,6.10295276852844,0.0312533902290747,0.0040984067081336695,0.785416274843321,0.0
117.006,481.3746087170002,11.81138449700927,11.72997654805623,6.10295276852844,0.0312533902290747,0.0040984067081336695,0.785416274843321,0.0
117.06,481.57477112200286,11.81138449700927,11.72997654805623,6.10295276852844,0.0312533902290747,0.0040984067081336695,0.785416274843321,0.0
117.116,481.77482372600207,11.81138449700927,11.72997654805623,6.10295276852844,0.0312533902290747,0.0040984067081336695,0.785416274843321,0.0
117.17,481.9745810650056,11.81138449700927,11.72997654805623,6.10295276852844,0.0312533902290747,0.0040984067081336695,0.785416274843321,0.0
117.225,482.1745593960004,11.81138449700927,11.72997654805623,6.10295276852844,0.0312533902290747,0.0040984067081336695,0.785416274843321,0.0
117.281,482.3748603300046,11.81138449700927,11.72997654805623,6.10295276852844,0.0312533902290747,0.0040984067081336695,0.785416274843321,0.0
117.33,482.5746138540053,11.81138449700927,11.72997654805623,6.10295276852844,0.0312533902290747,0.0040984067081336695,0.785416274843321,0.0
117.386,482.77455659000407,11.81138449700927,11.72997654805623,6.10295276852844,0.0312533902290747,0.0040984067081336695,0.785416274843321,0.0
117.439,482.97460699600197,11.81138449700927,11.72997654805623,6.10295276852844,0.0312533902290747,0.0040984067081336695,0.785416274843321,0.0
117.495,483.174565719004,11.81138449700927,11.72997654805623,6.10295276852844,0.0312533902290747,0.0040984067081336695,0.785416274843321,0.0
117.548,483.3747590150015,11.81138449700927,11.72997654805623,6.10295276852844,0.0312533902290747,0.0040984067081336695,0.785416274843321,0.0
117.603,483.57463390900375,11.81138449700927,11.72997654805623,6.10295276852844,0.0312533902290747,0.0040984067081336695,0.785416274843321,0.0
117.658,483.7745267260034,11.81138449700927,11.72997654805623,6.10295276852844,0.0312533902290747,0.0040984067081336695,0.785416274843321,0.0
117.713,483.9745721569998,11.81138449700927,11.72997654805623,6.10295276852844,0.0312533902290747,0.0040984067081336695,0.785416274843321,0.0
117.769,484.1747908250036,11.81138449700927,11.72997654805623,6.10295276852844,0.0312533902290747,0.0040984067081336695,0.785416274843321,0.0
117.824,484.37452268900233,11.81138449700927,11.72997654805623,6.10295276852844,0.0312533902290747,0.0040984067081336695,0.785416274843321,0.0
117.878,484.57454694300395,11.81138449700927,11.72997654805623,6.10295276852844,0.0312533902290747,0.0040984067081336695,0.785416274843321,0.0
117.923,484.77455388600356,11.81138449700927,11.72997654805623,6.10295276852844,0.0312533902290747,0.0040984067081336695,0.785416274843321,0.0
117.968,484.9746354500021,11.81138449700927,11.72997654805623,6.10295276852844,0.0312533902290747,0.0040984067081336695,0.785416274843321,0.0
118.009,485.1745930430043,11.81138449700927,11.72997654805623,6.10295276852844,0.0312533902290747,0.0040984067081336695,0.785416274843321,0.0
118.057,485.37455169800523,11.81138449700927,11.72997654805623,6.10295276852844,0.0312533902290747,0.0040984067081336695,0.785416274843321,0.0
118.105,485.574604817004,11.81138449700927,11.72997654805623,6.10295276852844,0.0312533902290747,0.0040984067081336695,0.785416274843321,0.0
118.154,485.7749032979991,11.81138449700927,11.72997654805623,6.10295276852844,0.0312533902290747,0.0040984067081336695,0.785416274843321,0.0
118.204,485.97465351000574,11.81138449700927,11.72997654805623,6.10295276852844,0.0312533902290747,0.0040984067081336695,0.785416274843321,0.0
118.25,486.1746394510046,11.81138449700927,11.72997654805623,6.10295276852844,0.0312533902290747,0.0040984067081336695,0.785416274843321,0.0
118.304,486.3747426600021,11.81138449700927,11.72997654805623,6.10295276852844,0.0312533902290747,0.0040984067081336695,0.785416274843321,0.0
118.359,486.5745923190043,11.81138449700927,11.72997654805623,6.10295276852844,0.0312533902290747,0.0040984067081336695,0.785416274843321,0.0
118.414,486.7745560350013,11.81138449700927,11.72997654805623,6.10295276852844,0.0312533902290747,0.0040984067081336695,0.785416274843321,0.0
118.47,486.97457489299995,11.81138449700927,11.72997654805623,6.10295276852844,0.0312533902290747,0.0040984067081336695,0.785416274843321,0.0
118.524,487.1745555900052,11.81138449700927,11.72997654805623,6.10295276852844,0.0312533902290747,0.0040984067081336695,0.785416274843321,0.0
118.58,487.374532187001,11.81138449700927,11.72997654805623,6.10295276852844,0.0312533902290747,0.0040984067081336695,0.785416274843321,0.0
118.634,487.5747604220014,11.81138449700927,11.72997654805623,6.10295276852844,0.0312533902290747,0.0040984067081336695,0.785416274843321,0.0
118.69,487.77456593100214,11.81138449700927,11.72997654805623,6.10295276852844,0.0312533902290747,0.0040984067081336695,0.785416274843321,0.0
118.742,487.97462108300533,11.81138449700927,11.72997654805623,6.10295276852844,0.0312533902290747,0.0040984067081336695,0.785416274843321,0.0
118.799,488.17456880800455,11.81138449700927,11.72997654805623,6.10295276852844,0.0312533902290747,0.0040984067081336695,0.785416274843321,0.0
118.854,488.37451053599943,11.81138449700927,11.72997654805623,6.10295276852844,0.0312533902290747,0.0040984067081336695,0.785416274843321,0.0
118.909,488.57483956000215,11.81138449700927,11.72997654805623,6.10295276852844,0.0312533902290747,0.0040984067081336695,0.785416274843321,0.0
118.966,488.7746268359988,11.81138449700927,11.72997654805623,6.10295276852844,0.0312533902290747,0.0040984067081336695,0.785416274843321,0.0
119.018,488.9746235880011,11.81138449700927,11.72997654805623,6.10295276852844,0.0312533902290747,0.0040984067081336695,0.785416274843321,0.0
119.074,489.17454454499966,11.81138449700927,11.72997654805623,6.10295276852844,0.0312533902290747,0.0040984067081336695,0.785416274843321,0.0
119.127,489.37457520200405,11.81138449700927,11.72997654805623,6.10295276852844,0.0312533902290747,0.0040984067081336695,0.785416274843321,0.0
119.182,489.5745766110049,11.81138449700927,11.72997654805623,6.10295276852844,0.0312533902290747,0.0040984067081336695,0.785416274843321,0.0
119.235,489.7745369770055,11.81138449700927,11.72997654805623,6.10295276852844,0.0312533902290747,0.0040984067081336695,0.785416274843321,0.0
119.292,489.9745284410019,11.81138449700927,11.72997654805623,6.10295276852844,0.0312533902290747,0.0040984067081336695,0.785416274843321,0.0
119.347,490.17452514800243,11.81138449700927,11.72997654805623,6.10295276852844,0.0312533902290747,0.0040984067081336695,0.785416274843321,0.0
119.402,490.3745018359987,11.81138449700927,11.72997654805623,6.10295276852844,0.0312533902290747,0.0040984067081336695,0.785416274843321,0.0
119.458,490.57455836300505,11.81138449700927,11.72997654805623,6.10295276852844,0.0312533902290747,0.0040984067081336695,0.785416274843321,0.0
119.512,490.7746595310018,11.81138449700927,11.72997654805623,6.10295276852844,0.0312533902290747,0.0040984067081336695,0.785416274843321,0.0
119.57,490.97463016500114,11.81138449700927,11.72997654805623,6.10295276852844,0.0312533902290747,0.0040984067081336695,0.785416274843321,0.0
119.626,491.17462896600045,11.81138449700927,11.72997654805623,6.10295276852844,0.0312533902290747,0.0040984067081336695,0.785416274843321,0.0
119.679,491.3745250110005,11.81138449700927,11.72997654805623,6.10295276852844,0.0312533902290747,0.0040984067081336695,0.785416274843321,0.0
119.73,491.57466840800043,11.81138449700927,11.72997654805623,6.10295276852844,0.0312533902290747,0.0040984067081336695,0.785416274843321,0.0
119.784,491.7746580940002,11.81138449700927,11.72997654805623,6.10295276852844,0.0312533902290747,0.0040984067081336695,0.785416274843321,0.0
119.835,491.97472853100044,11.81138449700927,11.72997654805623,6.10295276852844,0.0312533902290747,0.0040984067081336695,0.785416274843321,0.0
119.891,492.1745195149997,11.81138449700927,11.72997654805623,6.10295276852844,0.0312533902290747,0.0040984067081336695,0.785416274843321,0.0
119.944,492.3745770300011,11.81138449700927,11.72997654805623,6.10295276852844,0.0312533902290747,0.0040984067081336695,0.785416274843321,0.0
119.991,492.5746978669995,11.81138449700927,11.72997654805623,6.10295276852844,0.0312533902290747,0.0040984067081336695,0.785416274843321,0.0
120.042,492.7745919920053,11.81138449700927,11.72997654805623,6.10295276852844,0.0312533902290747,0.0040984067081336695,0.785416274843321,0.0
120.089,492.97462745699886,11.81138449700927,11.72997654805623,6.10295276852844,0.0312533902290747,0.0040984067081336695,0.785416274843321,0.0
120.137,493.1745696210055,11.81138449700927,11.72997654805623,6.10295276852844,0.0312533902290747,0.0040984067081336695,0.785416274843321,0.0
120.193,493.37452931300504,11.81138449700927,11.72997654805623,6.10295276852844,0.0312533902290747,0.0040984067081336695,0.785416274843321,0.0
120.249,493.57459008700243,11.81138449700927,11.72997654805623,6.10295276852844,0.0312533902290747,0.0040984067081336695,0.785416274843321,0.0
120.303,493.77462108900363,11.81138449700927,11.72997654805623,6.10295276852844,0.0312533902290747,0.0040984067081336695,0.785416274843321,0.0
120.357,493.9747258760035,11.81138449700927,11.72997654805623,6.10295276852844,0.0312533902290747,0.0040984067081336695,0.785416274843321,0.0
120.394,494.1116494970047,11.81138449700927,11.72997654805623,6.10295276852844,0.0312533902290747,0.0040984067081336695,0.785416274843321,0.0
120.449,494.3059551810002,11.81138449700927,11.72997654805623,6.10295276852844,0.0312533902290747,0.0040984067081336695,0.785416274843321,0.0
120.504,494.506013834005,11.81138449700927,11.72997654805623,6.10295276852844,0.0312533902290747,0.0040984067081336695,0.785416274843321,0.0
120.558,494.7059389210044,11.81138449700927,11.72997654805623,6.10295276852844,0.0312533902290747,0.0040984067081336695,0.785416274843321,0.0
120.614,494.9060669160026,11.81138449700927,11.72997654805623,6.10295276852844,0.0312533902290747,0.0040984067081336695,0.785416274843321,0.0
120.669,495.10596738900495,11.81138449700927,11.72997654805623,6.10295276852844,0.0312533902290747,0.0040984067081336695,0.785416274843321,0.0
120.723,495.30594781700347,11.81138449700927,11.72997654805623,6.10295276852844,0.0312533902290747,0.0040984067081336695,0.785416274843321,0.0
120.778,495.5059350260053,11.81138449700927,11.72997654805623,6.10295276852844,0.0312533902290747,0.0040984067081336695,0.785416274843321,0.0
120.832,495.7059602779991,11.81138449700927,11.72997654805623,6.10295276852844,0.0312533902290747,0.0040984067081336695,0.785416274843321,0.0
120.888,495.90594769300515,11.81138449700927,11.72997654805623,6.10295276852844,0.0312533902290747,0.0040984067081336695,0.785416274843321,0.0
120.942,496.10591406200547,11.81138449700927,11.72997654805623,6.10295276852844,0.0312533902290747,0.0040984067081336695,0.785416274843321,0.0
120.997,496.3059545310025,11.81138449700927,11.72997654805623,6.10295276852844,0.0312533902290747,0.0040984067081336695,0.785416274843321,0.0
121.05,496.5060137420005,11.81138449700927,11.72997654805623,6.10295276852844,0.0312533902290747,0.0040984067081336695,0.785416274843321,0.0
121.104,496.7059539290058,11.81138449700927,11.72997654805623,6.10295276852844,0.0312533902290747,0.0040984067081336695,0.785416274843321,0.0
121.158,496.9059372070042,11.81138449700927,11.72997654805623,6.10295276852844,0.0312533902290747,0.0040984067081336695,0.785416274843321,0.0
121.212,497.10595464200014,11.81138449700927,11.72997654805623,6.10295276852844,0.0312533902290747,0.0040984067081336695,0.785416274843321,0.0
121.269,497.30593507600133,11.81138449700927,11.72997654805623,6.10295276852844,0.0312533902290747,0.0040984067081336695,0.785416274843321,0.0
121.322,497.5059745020044,11.81138449700927,11.72997654805623,6.10295276852844,0.0312533902290747,0.0040984067081336695,0.785416274843321,0.0
121.377,497.7059513960048,11.81138449700927,11.72997654805623,6.10295276852844,0.0312533902290747,0.0040984067081336695,0.785416274843321,0.0
121.432,497.9059870810015,11.81138449700927,11.72997654805623,6.10295276852844,0.0312533902290747,0.0040984067081336695,0.785416274843321,0.0
121.488,498.1062493210047,11.81138449700927,11.72997654805623,6.10295276852844,0.0312533902290747,0.0040984067081336695,0.785416274843321,0.0
121.545,498.3059709110021,11.81138449700927,11.72997654805623,6.10295276852844,0.0312533902290747,0.0040984067081336695,0.785416274843321,0.0
121.6,498.5067365569994,11.81138449700927,11.72997654805623,6.10295276852844,0.0312533902290747,0.0040984067081336695,0.785416274843321,0.0
121.654,498.7059482320037,11.81138449700927,11.72997654805623,6.10295276852844,0.0312533902290747,0.0040984067081336695,0.785416274843321,0.0
121.709,498.9060068700055,11.81138449700927,11.72997654805623,6.10295276852844,0.0312533902290747,0.0040984067081336695,0.785416274843321,0.0
121.765,499.10594943300384,11.81138449700927,11.72997654805623,6.10295276852844,0.0312533902290747,0.0040984067081336695,0.785416274843321,0.0
121.818,499.30593495500216,11.81138449700927,11.72997654805623,6.10295276852844,0.0312533902290747,0.0040984067081336695,0.785416274843321,0.0
121.871,499.5060315849987,11.81138449700927,11.72997654805623,6.10295276852844,0.0312533902290747,0.0040984067081336695,0.785416274843321,0.0
121.923,499.70592733700323,11.81138449700927,11.72997654805623,6.10295276852844,0.0312533902290747,0.0040984067081336695,0.785416274843321,0.0
121.979,499.9059327030045,11.81138449700927,11.72997654805623,6.10295276852844,0.0312533902290747,0.0040984067081336695,0.785416274843321,0.0
122.031,500.1059852030012,11.81138449700927,11.72997654805623,6.10295276852844,0.0312533902290747,0.0040984067081336695,0.785416274843321,0.0
122.086,500.30608155400114,11.81138449700927,11.72997654805623,6.10295276852844,0.0312533902290747,0.0040984067081336695,0.785416274843321,0.0
122.14,500.50601703100256,11.81138449700927,11.72997654805623,6.10295276852844,0.0312533902290747,0.0040984067081336695,0.785416274843321,0.0
122.197,500.70603236900206,11.81138449700927,11.72997654805623,6.10295276852844,0.0312533902290747,0.0040984067081336695,0.785416274843321,0.0
122.251,500.9059506120029,11.81138449700927,11.72997654805623,6.10295276852844,0.0312533902290747,0.0040984067081336695,0.785416274843321,0.0
122.302,501.1059576530024,11.81138449700927,11.72997654805623,6.10295276852844,0.0312533902290747,0.0040984067081336695,0.785416274843321,0.0
122.356,501.30593094300275,11.81138449700927,11.72997654805623,6.10295276852844,0.0312533902290747,0.0040984067081336695,0.785416274843321,0.0
122.409,501.5059355090052,11.81138449700927,11.72997654805623,6.10295276852844,0.0312533902290747,0.0040984067081336695,0.785416274843321,0.0
122.466,501.70595308500197,11.81138449700927,11.72997654805623,6.10295276852844,0.0312533902290747,0.0040984067081336695,0.785416274843321,0.0
122.519,501.9059619559994,11.81138449700927,11.72997654805623,6.10295276852844,0.0312533902290747,0.0040984067081336695,0.785416274843321,0.0
122.574,502.1060643410019,11.81138449700927,11.72997654805623,6.10295276852844,0.0312533902290747,0.0040984067081336695,0.785416274843321,0.0
122.63,502.30598591900343,11.81138449700927,11.72997654805623,6.10295276852844,0.0312533902290747,0.0040984067081336695,0.785416274843321,0.0
122.685,502.50596336400486,11.81138449700927,11.72997654805623,6.10295276852844,0.0312533902290747,0.0040984067081336695,0.785416274843321,0.0
122.739,502.70594301800156,11.81138449700927,11.72997654805623,6.10295276852844,0.0312533902290747,0.0040984067081336695,0.785416274843321,0.0
122.796,502.90622866200283,11.81138449700927,11.72997654805623,6.10295276852844,0.0312533902290747,0.0040984067081336695,0.785416274843321,0.0
122.851,503.1059480740005,11.81138449700927,11.72997654805623,6.10295276852844,0.0312533902290747,0.0040984067081336695,0.785416274843321,0.0
122.904,503.3064511470002,11.81138449700927,11.72997654805623,6.10295276852844,0.0312533902290747,0.0040984067081336695,0.785416274843321,0.0
122.96,503.5059539550057,11.81138449700927,11.72997654805623,6.10295276852844,0.0312533902290747,0.0040984067081336695,0.785416274843321,0.0
123.014,503.7061250760016,11.81138449700927,11.72997654805623,6.10295276852844,0.0312533902290747,0.0040984067081336695,0.785416274843321,0.0
123.071,503.90606245600065,11.81138449700927,11.72997654805623,6.10295276852844,0.0312533902290747,0.0040984067081336695,0.785416274843321,0.0
123.125,504.10605022600066,11.81138449700927,11.72997654805623,6.10295276852844,0.0312533902290747,0.0040984067081336695,0.785416274843321,0.0
123.18,504.3059282260001,11.81138449700927,11.72997654805623,6.10295276852844,0.0312533902290747,0.0040984067081336695,0.785416274843321,0.0
123.234,504.50654371100245,11.81138449700927,11.72997654805623,6.10295276852844,0.0312533902290747,0.0040984067081336695,0.785416274843321,0.0
123.293,504.7059470880049,11.81138449700927,11.72997654805623,6.10295276852844,0.0312533902290747,0.0040984067081336695,0.785416274843321,0.0
123.347,504.9059415510055,11.81138449700927,11.72997654805623,6.10295276852844,0.0312533902290747,0.0040984067081336695,0.785416274843321,0.0
123.403,505.1059584590039,11.81138449700927,11.72997654805623,6.10295276852844,0.0312533902290747,0.0040984067081336695,0.785416274843321,0.0
123.459,505.3059822540017,11.81138449700927,11.72997654805623,6.10295276852844,0.0312533902290747,0.0040984067081336695,0.785416274843321,0.0
123.514,505.50592582100217,11.81138449700927,11.72997654805623,6.10295276852844,0.0312533902290747,0.0040984067081336695,0.785416274843321,0.0
123.57,505.70593803700467,11.81138449700927,11.72997654805623,6.10295276852844,0.0312533902290747,0.0040984067081336695,0.785416274843321,0.0
123.624,505.90594716000487,11.81138449700927,11.72997654805623,6.10295276852844,0.0312533902290747,0.0040984067081336695,0.785416274843321,0.0
123.68,506.10596829000133,11.81138449700927,11.72997654805623,6.10295276852844,0.0312533902290747,0.0040984067081336695,0.785416274843321,0.0
123.737,506.30605598200054,11.81138449700927,11.72997654805623,6.10295276852844,0.0312533902290747,0.0040984067081336695,0.785416274843321,0.0
123.792,506.5059604010021,11.81138449700927,11.72997654805623,6.10295276852844,0.0312533902290747,0.0040984067081336695,0.785416274843321,0.0
123.846,506.70594943800097,11.81138449700927,11.72997654805623,6.10295276852844,0.0312533902290747,0.0040984067081336695,0.785416274843321,0.0
123.902,506.9060763630041,11.81138449700927,11.72997654805623,6.10295276852844,0.0312533902290747,0.0040984067081336695,0.785416274843321,0.0
123.954,507.10602233800455,11.81138449700927,11.72997654805623,6.10295276852844,0.0312533902290747,0.0040984067081336695,0.785416274843321,0.0
124.007,507.30592665100266,11.81138449700927,11.72997654805623,6.10295276852844,0.0312533902290747,0.0040984067081336695,0.785416274843321,0.0
124.062,507.5060521760024,11.81138449700927,11.72997654805623,6.10295276852844,0.0312533902290747,0.0040984067081336695,0.785416274843321,0.0
124.117,507.70596535400546,11.81138449700927,11.72997654805623,6.10295276852844,0.0312533902290747,0.0040984067081336695,0.785416274843321,0.0
124.173,507.9059509880026,11.81138449700927,11.72997654805623,6.10295276852844,0.0312533902290747,0.0040984067081336695,0.785416274843321,0.0
124.228,508.1059398060024,11.81138449700927,11.72997654805623,6.10295276852844,0.0312533902290747,0.0040984067081336695,0.785416274843321,0.0
124.285,508.30609519700374,11.81138449700927,11.72997654805623,6.10295276852844,0.0312533902290747,0.0040984067081336695,0.785416274843321,0.0
124.34,508.5060796030011,11.81138449700927,11.72997654805623,6.10295276852844,0.0312533902290747,0.0040984067081336695,0.785416274843321,0.0
124.397,508.7059307310046,11.81138449700927,11.72997654805623,6.10295276852844,0.0312533902290747,0.0040984067081336695,0.785416274843321,0.0
124.452,508.9059672410003,11.81138449700927,11.72997654805623,6.10295276852844,0.0312533902290747,0.0040984067081336695,0.785416274843321,0.0
124.506,509.1059532299987,11.81138449700927,11.72997654805623,6.10295276852844,0.0312533902290747,0.0040984067081336695,0.785416274843321,0.0
124.562,509.3059436110052,11.81138449700927,11.72997654805623,6.10295276852844,0.0312533902290747,0.0040984067081336695,0.785416274843321,0.0
124.615,509.5061773460038,11.81138449700927,11.72997654805623,6.10295276852844,0.0312533902290747,0.0040984067081336695,0.785416274843321,0.0
124.673,509.7059488970044,11.81138449700927,11.72997654805623,6.10295276852844,0.0312533902290747,0.0040984067081336695,0.785416274843321,0.0
124.729,509.90595333999954,11.81138449700927,11.72997654805623,6.10295276852844,0.0312533902290747,0.0040984067081336695,0.785416274843321,0.0
124.785,510.105941353002,11.81138449700927,11.72997654805623,6.10295276852844,0.0312533902290747,0.0040984067081336695,0.785416274843321,0.0
124.84,510.30647067400423,11.81138449700927,11.72997654805623,6.10295276852844,0.0312533902290747,0.0040984067081336695,0.785416274843321,0.0
124.896,510.5059894500009,11.81138449700927,11.72997654805623,6.10295276852844,0.0312533902290747,0.0040984067081336695,0.785416274843321,0.0
124.95,510.70592790600494,11.81138449700927,11.72997654805623,6.10295276852844,0.0312533902290747,0.0040984067081336695,0.785416274843321,0.0
125.005,510.90604443399934,11.81138449700927,11.72997654805623,6.10295276852844,0.0312533902290747,0.0040984067081336695,0.785416274843321,0.0
125.057,511.1059634740013,11.81138449700927,11.72997654805623,6.10295276852844,0.0312533902290747,0.0040984067081336695,0.785416274843321,0.0
125.11,511.3059236180052,11.81138449700927,11.72997654805623,6.10295276852844,0.0312533902290747,0.0040984067081336695,0.785416274843321,0.0
125.166,511.50642594999954,11.81138449700927,11.72997654805623,6.10295276852844,0.0312533902290747,0.0040984067081336695,0.785416274843321,0.0
125.219,511.7059553319996,11.81138449700927,11.72997654805623,6.10295276852844,0.0312533902290747,0.0040984067081336695,0.785416274843321,0.0
125.276,511.9059471510045,11.81138449700927,11.72997654805623,6.10295276852844,0.0312533902290747,0.0040984067081336695,0.785416274843321,0.0
125.329,512.1059347449991,11.81138449700927,11.72997654805623,6.10295276852844,0.0312533902290747,0.0040984067081336695,0.785416274843321,0.0
125.384,512.3059471300003,11.81138449700927,11.72997654805623,6.10295276852844,0.0312533902290747,0.0040984067081336695,0.785416274843321,0.0
125.439,512.5061081780004,11.81138449700927,11.72997654805623,6.10295276852844,0.0312533902290747,0.0040984067081336695,0.785416274843321,0.0
125.496,512.7059387609988,11.81138449700927,11.72997654805623,6.10295276852844,0.0312533902290747,0.0040984067081336695,0.785416274843321,0.0
125.548,512.9059644720037,11.81138449700927,11.72997654805623,6.10295276852844,0.0312533902290747,0.0040984067081336695,0.785416274843321,0.0
125.601,513.1059989880014,11.81138449700927,11.72997654805623,6.10295276852844,0.0312533902290747,0.0040984067081336695,0.785416274843321,0.0
125.656,513.3059543070049,11.81138449700927,11.72997654805623,6.10295276852844,0.0312533902290747,0.0040984067081336695,0.785416274843321,0.0
125.708,513.5059523689997,11.81138449700927,11.72997654805623,6.10295276852844,0.0312533902290747,0.0040984067081336695,0.785416274843321,0.0
125.765,513.7060098479997,11.81138449700927,11.72997654805623,6.10295276852844,0.0312533902290747,0.0040984067081336695,0.785416274843321,0.0
125.818,513.9063604000039,11.81138449700927,11.72997654805623,6.10295276852844,0.0312533902290747,0.0040984067081336695,0.785416274843321,0.0
125.874,514.1059389850052,11.81138449700927,11.72997654805623,6.10295276852844,0.0312533902290747,0.0040984067081336695,0.785416274843321,0.0
125.929,514.3059408140034,11.81138449700927,11.72997654805623,6.10295276852844,0.0312533902290747,0.0040984067081336695,0.785416274843321,0.0
125.986,514.5060769160045,11.81138449700927,11.72997654805623,6.10295276852844,0.0312533902290747,0.0040984067081336695,0.785416274843321,0.0
126.041,514.706153238003,11.81138449700927,11.72997654805623,6.10295276852844,0.0312533902290747,0.0040984067081336695,0.785416274843321,0.0
126.098,514.9058811780051,11.81138449700927,11.72997654805623,6.10295276852844,0.0312533902290747,0.0040984067081336695,0.785416274843321,0.0
126.149,515.1059665270004,11.81138449700927,11.72997654805623,6.10295276852844,0.0312533902290747,0.0040984067081336695,0.785416274843321,0.0
126.204,515.3059627850016,11.81138449700927,11.72997654805623,6.10295276852844,0.0312533902290747,0.0040984067081336695,0.785416274843321,0.0
126.259,515.5059417189987,11.81138449700927,11.72997654805623,6.10295276852844,0.0312533902290747,0.0040984067081336695,0.785416274843321,0.0
126.314,515.7059374300006,11.81138449700927,11.72997654805623,6.10295276852844,0.0312533902290747,0.0040984067081336695,0.785416274843321,0.0
126.37,515.9059387020025,11.81138449700927,11.72997654805623,6.10295276852844,0.0312533902290747,0.0040984067081336695,0.785416274843321,0.0
126.426,516.1059296300009,11.81138449700927,11.72997654805623,6.10295276852844,0.0312533902290747,0.0040984067081336695,0.785416274843321,0.0
126.483,516.3059304280032,11.81138449700927,11.72997654805623,6.10295276852844,0.0312533902290747,0.0040984067081336695,0.785416274843321,0.0
126.538,516.5059690690032,11.81138449700927,11.72997654805623,6.10295276852844,0.0312533902290747,0.0040984067081336695,0.785416274843321,0.0
126.595,516.7059559830013,11.81138449700927,11.72997654805623,6.10295276852844,0.0312533902290747,0.0040984067081336695,0.785416274843321,0.0
126.649,516.905959143005,11.81138449700927,11.72997654805623,6.10295276852844,0.0312533902290747,0.0040984067081336695,0.785416274843321,0.0
126.704,517.1063901290036,11.81138449700927,11.72997654805623,6.10295276852844,0.0312533902290747,0.0040984067081336695,0.785416274843321,0.0
126.761,517.3060304220053,11.81138449700927,11.72997654805623,6.10295276852844,0.0312533902290747,0.0040984067081336695,0.785416274843321,0.0
126.817,517.5061651630022,11.81138449700927,11.72997654805623,6.10295276852844,0.0312533902290747,0.0040984067081336695,0.785416274843321,0.0
126.872,517.7059447409993,11.81138449700927,11.72997654805623,6.10295276852844,0.0312533902290747,0.0040984067081336695,0.785416274843321,0.0
126.928,517.9059407200039,11.81138449700927,11.72997654805623,6.10295276852844,0.0312533902290747,0.0040984067081336695,0.785416274843321,0.0
126.985,518.1059459610042,11.81138449700927,11.72997654805623,6.10295276852844,0.0312533902290747,0.0040984067081336695,0.785416274843321,0.0
127.04,518.3059505640049,11.81138449700927,11.72997654805623,6.10295276852844,0.0312533902290747,0.0040984067081336695,0.785416274843321,0.0
127.096,518.5059918449988,11.81138449700927,11.72997654805623,6.10295276852844,0.0312533902290747,0.0040984067081336695,0.785416274843321,0.0
127.153,518.7059629520008,11.81138449700927,11.72997654805623,6.10295276852844,0.0312533902290747,0.0040984067081336695,0.785416274843321,0.0
127.206,518.9065627160016,11.81138449700927,11.72997654805623,6.10295276852844,0.0312533902290747,0.0040984067081336695,0.785416274843321,0.0
127.262,519.1059357570048,11.81138449700927,11.72997654805623,6.10295276852844,0.0312533902290747,0.0040984067081336695,0.785416274843321,0.0
127.319,519.3059530960018,11.81138449700927,11.72997654805623,6.10295276852844,0.0312533902290747,0.0040984067081336695,0.785416274843321,0.0
127.376,519.505945116005,11.81138449700927,11.72997654805623,6.10295276852844,0.0312533902290747,0.0040984067081336695,0.785416274843321,0.0
127.43,519.7059484310012,11.81138449700927,11.72997654805623,6.10295276852844,0.0312533902290747,0.0040984067081336695,0.785416274843321,0.0
127.486,519.9059564730051,11.81138449700927,11.72997654805623,6.10295276852844,0.0312533902290747,0.0040984067081336695,0.785416274843321,0.0
127.541,520.1059388569993,11.81138449700927,11.72997654805623,6.10295276852844,0.0312533902290747,0.0040984067081336695,0.785416274843321,0.0
127.598,520.3059348770039,11.81138449700927,11.72997654805623,6.10295276852844,0.0312533902290747,0.0040984067081336695,0.785416274843321,0.0
127.653,520.5059777390052,11.81138449700927,11.72997654805623,6.10295276852844,0.0312533902290747,0.0040984067081336695,0.785416274843321,0.0
127.707,520.705999828002,11.81138449700927,11.72997654805623,6.10295276852844,0.0312533902290747,0.0040984067081336695,0.785416274843321,0.0
127.762,520.9059591960031,11.81138449700927,11.72997654805623,6.10295276852844,0.0312533902290747,0.0040984067081336695,0.785416274843321,0.0
127.811,521.1062272950003,11.81138449700927,11.72997654805623,6.10295276852844,0.0312533902290747,0.0040984067081336695,0.785416274843321,0.0
127.863,521.3059785670048,11.81138449700927,11.72997654805623,6.10295276852844,0.0312533902290747,0.0040984067081336695,0.785416274843321,0.0
127.915,521.5061851290011,11.81138449700927,11.72997654805623,6.10295276852844,0.0312533902290747,0.0040984067081336695,0.785416274843321,0.0
127.972,521.7059741789999,11.81138449700927,11.72997654805623,6.10295276852844,0.0312533902290747,0.0040984067081336695,0.785416274843321,0.0
128.025,521.9059627259994,11.81138449700927,11.72997654805623,6.10295276852844,0.0312533902290747,0.0040984067081336695,0.785416274843321,0.0
128.082,522.1059899559987,11.81138449700927,11.72997654805623,6.10295276852844,0.0312533902290747,0.0040984067081336695,0.785416274843321,0.0
128.137,522.306032941,11.81138449700927,11.72997654805623,6.10295276852844,0.0312533902290747,0.0040984067081336695,0.785416274843321,0.0
128.193,522.5060887590007,11.81138449700927,11.72997654805623,6.10295276852844,0.0312533902290747,0.0040984067081336695,0.785416274843321,0.0
128.248,522.705938430001,11.81138449700927,11.72997654805623,6.10295276852844,0.0312533902290747,0.0040984067081336695,0.785416274843321,0.0
128.304,522.9060034860013,11.81138449700927,11.72997654805623,6.10295276852844,0.0312533902290747,0.0040984067081336695,0.785416274843321,0.0
128.354,523.1059646089998,11.81138449700927,11.72997654805623,6.10295276852844,0.0312533902290747,0.0040984067081336695,0.785416274843321,0.0
128.408,523.3060255669989,11.81138449700927,11.72997654805623,6.10295276852844,0.0312533902290747,0.0040984067081336695,0.785416274843321,0.0
128.464,523.5059362969987,11.81138449700927,11.72997654805623,6.10295276852844,0.0312533902290747,0.0040984067081336695,0.785416274843321,0.0
128.518,523.7060627180035,11.81138449700927,11.72997654805623,6.10295276852844,0.0312533902290747,0.0040984067081336695,0.785416274843321,0.0
128.576,523.9060940010022,11.81138449700927,11.72997654805623,6.10295276852844,0.0312533902290747,0.0040984067081336695,0.785416274843321,0.0
128.629,524.1059478810057,11.81138449700927,11.72997654805623,6.10295276852844,0.0312533902290747,0.0040984067081336695,0.785416274843321,0.0
128.683,524.3061379220017,11.81138449700927,11.72997654805623,6.10295276852844,0.0312533902290747,0.0040984067081336695,0.785416274843321,0.0
128.738,524.5059671500057,11.81138449700927,11.72997654805623,6.10295276852844,0.0312533902290747,0.0040984067081336695,0.785416274843321,0.0
128.794,524.7059421700033,11.81138449700927,11.72997654805623,6.10295276852844,0.0312533902290747,0.0040984067081336695,0.785416274843321,0.0
128.849,524.9059491200023,11.81138449700927,11.72997654805623,6.10295276852844,0.0312533902290747,0.0040984067081336695,0.785416274843321,0.0
128.902,525.1059680780018,11.81138449700927,11.72997654805623,6.10295276852844,0.0312533902290747,0.0040984067081336695,0.785416274843321,0.0
128.96,525.3059646610054,11.81138449700927,11.72997654805623,6.10295276852844,0.0312533902290747,0.0040984067081336695,0.785416274843321,0.0
129.008,525.50595264,11.81138449700927,11.72997654805623,6.10295276852844,0.0312533902290747,0.0040984067081336695,0.785416274843321,0.0
129.056,525.705964067005,11.81138449700927,11.72997654805623,6.10295276852844,0.0312533902290747,0.0040984067081336695,0.785416274843321,0.0
129.106,525.9059424350053,11.81138449700927,11.72997654805623,6.10295276852844,0.0312533902290747,0.0040984067081336695,0.785416274843321,0.0
129.161,526.1059731200003,11.81138449700927,11.72997654805623,6.10295276852844,0.0312533902290747,0.0040984067081336695,0.785416274843321,0.0
129.215,526.306004007005,11.81138449700927,11.72997654805623,6.10295276852844,0.0312533902290747,0.0040984067081336695,0.785416274843321,0.0
129.23,526.3582039329995,11.81138449700927,11.72997654805623,6.10295276852844,0.0312533902290747,0.0040984067081336695,0.785416274843321,0.0
129.249,526.4236545820022,11.81138449700927,11.72997654805623,6.10295276852844,0.0312533902290747,0.0040984067081336695,0.785416274843321,0.0
129.303,526.6236961719987,11.81138449700927,11.72997654805623,6.10295276852844,0.0312533902290747,0.0040984067081336695,0.785416274843321,0.0
129.359,526.823617384005,11.81138449700927,11.72997654805623,6.10295276852844,0.0312533902290747,0.0040984067081336695,0.785416274843321,0.0
129.413,527.0239696860008,11.81138449700927,11.72997654805623,6.10295276852844,0.0312533902290747,0.0040984067081336695,0.785416274843321,0.0
129.47,527.2238403200026,11.81138449700927,11.72997654805623,6.10295276852844,0.0312533902290747,0.0040984067081336695,0.785416274843321,0.0
129.526,527.4238880390039,11.81138449700927,11.72997654805623,6.10295276852844,0.0312533902290747,0.0040984067081336695,0.785416274843321,0.0
129.582,527.6236618340045,11.81138449700927,11.72997654805623,6.10295276852844,0.0312533902290747,0.0040984067081336695,0.785416274843321,0.0
129.638,527.8236931990032,11.81138449700927,11.72997654805623,6.10295276852844,0.0312533902290747,0.0040984067081336695,0.785416274843321,0.0
129.695,528.0237639710031,11.81138449700927,11.72997654805623,6.10295276852844,0.0312533902290747,0.0040984067081336695,0.785416274843321,0.0
129.75,528.2236990950041,11.81138449700927,11.72997654805623,6.10295276852844,0.0312533902290747,0.0040984067081336695,0.785416274843321,0.0
129.805,528.4239496090013,11.81138449700927,11.72997654805623,6.10295276852844,0.0312533902290747,0.0040984067081336695,0.785416274843321,0.0
129.861,528.6241461120007,11.81138449700927,11.72997654805623,6.10295276852844,0.0312533902290747,0.0040984067081336695,0.785416274843321,0.0
129.916,528.8236952660009,11.81138449700927,11.72997654805623,6.10295276852844,0.0312533902290747,0.0040984067081336695,0.785416274843321,0.0
129.973,529.0236195830003,11.81138449700927,11.72997654805623,6.10295276852844,0.0312533902290747,0.0040984067081336695,0.785416274843321,0.0
130.027,529.2236738220017,11.81138449700927,11.72997654805623,6.10295276852844,0.0312533902290747,0.0040984067081336695,0.785416274843321,0.0
130.083,529.423689752999,11.81138449700927,11.72997654805623,6.10295276852844,0.0312533902290747,0.0040984067081336695,0.785416274843321,0.0
130.134,529.6236453919992,11.81138449700927,11.72997654805623,6.10295276852844,0.0312533902290747,0.0040984067081336695,0.785416274843321,0.0
130.186,529.8237792979999,11.81138449700927,11.72997654805623,6.10295276852844,0.0312533902290747,0.0040984067081336695,0.785416274843321,0.0
130.234,530.0236611340006,11.81138449700927,11.72997654805623,6.10295276852844,0.0312533902290747,0.0040984067081336695,0.785416274843321,0.0
130.286,530.223649945001,11.81138449700927,11.72997654805623,6.10295276852844,0.0312533902290747,0.0040984067081336695,0.785416274843321,0.0
130.34,530.4237136750016,11.81138449700927,11.72997654805623,6.10295276852844,0.0312533902290747,0.0040984067081336695,0.785416274843321,0.0
130.393,530.6239524150005,11.81138449700927,11.72997654805623,6.10295276852844,0.0312533902290747,0.0040984067081336695,0.785416274843321,0.0
130.448,530.8236455160004,11.81138449700927,11.72997654805623,6.10295276852844,0.0312533902290747,0.0040984067081336695,0.785416274843321,0.0
130.503,531.0236889090011,11.81138449700927,11.72997654805623,6.10295276852844,0.0312533902290747,0.0040984067081336695,0.785416274843321,0.0
130.557,531.2237792980013,11.81138449700927,11.72997654805623,6.10295276852844,0.0312533902290747,0.0040984067081336695,0.785416274843321,0.0
130.612,531.4239417080025,11.81138449700927,11.72997654805623,6.10295276852844,0.0312533902290747,0.0040984067081336695,0.785416274843321,0.0
130.667,531.6240578790021,11.81138449700927,11.72997654805623,6.10295276852844,0.0312533902290747,0.0040984067081336695,0.785416274843321,0.0
130.721,531.8236732530058,11.81138449700927,11.72997654805623,6.10295276852844,0.0312533902290747,0.0040984067081336695,0.785416274843321,0.0
130.778,532.0236680820017,11.81138449700927,11.72997654805623,6.10295276852844,0.0312533902290747,0.0040984067081336695,0.785416274843321,0.0
130.833,532.2237137699994,11.81138449700927,11.72997654805623,6.10295276852844,0.0312533902290747,0.0040984067081336695,0.785416274843321,0.0
130.889,532.4236760050044,11.81138449700927,11.72997654805623,6.10295276852844,0.0312533902290747,0.0040984067081336695,0.785416274843321,0.0
130.945,532.6237083840024,11.81138449700927,11.72997654805623,6.10295276852844,0.0312533902290747,0.0040984067081336695,0.785416274843321,0.0
131.001,532.8237514460052,11.81138449700927,11.72997654805623,6.10295276852844,0.0312533902290747,0.0040984067081336695,0.785416274843321,0.0
131.05,533.0238774110039,11.81138449700927,11.72997654805623,6.10295276852844,0.0312533902290747,0.0040984067081336695,0.785416274843321,0.0
131.105,533.2236734620019,11.81138449700927,11.72997654805623,6.10295276852844,0.0312533902290747,0.0040984067081336695,0.785416274843321,0.0
131.161,533.4236767710026,11.81138449700927,11.72997654805623,6.10295276852844,0.0312533902290747,0.0040984067081336695,0.785416274843321,0.0
131.217,533.6237081959989,11.81138449700927,11.72997654805623,6.10295276852844,0.0312533902290747,0.0040984067081336695,0.785416274843321,0.0
131.273,533.8236833080009,11.81138449700927,11.72997654805623,6.10295276852844,0.0312533902290747,0.0040984067081336695,0.785416274843321,0.0
131.328,534.0236453590041,11.81138449700927,11.72997654805623,6.10295276852844,0.0312533902290747,0.0040984067081336695,0.785416274843321,0.0
131.383,534.2236930920044,11.81138449700927,11.72997654805623,6.10295276852844,0.0312533902290747,0.0040984067081336695,0.785416274843321,0.0
131.438,534.4236959949994,11.81138449700927,11.72997654805623,6.10295276852844,0.0312533902290747,0.0040984067081336695,0.785416274843321,0.0
131.493,534.6239097510042,11.81138449700927,11.72997654805623,6.10295276852844,0.0312533902290747,0.0040984067081336695,0.785416274843321,0.0
131.548,534.8236345449986,11.81138449700927,11.72997654805623,6.10295276852844,0.0312533902290747,0.0040984067081336695,0.785416274843321,0.0
131.604,535.0237297810017,11.81138449700927,11.72997654805623,6.10295276852844,0.0312533902290747,0.0040984067081336695,0.785416274843321,0.0
131.658,535.2237281750058,11.81138449700927,11.72997654805623,6.10295276852844,0.0312533902290747,0.0040984067081336695,0.785416274843321,0.0
131.71,535.4240230450014,11.81138449700927,11.72997654805623,6.10295276852844,0.0312533902290747,0.0040984067081336695,0.785416274843321,0.0
131.767,535.6236567640008,11.81138449700927,11.72997654805623,6.10295276852844,0.0312533902290747,0.0040984067081336695,0.785416274843321,0.0
131.82,535.8236439160028,11.81138449700927,11.72997654805623,6.10295276852844,0.0312533902290747,0.0040984067081336695,0.785416274843321,0.0
131.875,536.0236596510003,11.81138449700927,11.72997654805623,6.10295276852844,0.0312533902290747,0.0040984067081336695,0.785416274843321,0.0
131.927,536.2239897570034,11.81138449700927,11.72997654805623,6.10295276852844,0.0312533902290747,0.0040984067081336695,0.785416274843321,0.0
131.981,536.4237024660033,11.81138449700927,11.72997654805623,6.10295276852844,0.0312533902290747,0.0040984067081336695,0.785416274843321,0.0
132.029,536.6236918020004,11.81138449700927,11.72997654805623,6.10295276852844,0.0312533902290747,0.0040984067081336695,0.785416274843321,0.0
132.081,536.8238536740027,11.81138449700927,11.72997654805623,6.10295276852844,0.0312533902290747,0.0040984067081336695,0.785416274843321,0.0
132.138,537.023659698003,11.81138449700927,11.72997654805623,6.10295276852844,0.0312533902290747,0.0040984067081336695,0.785416274843321,0.0
132.195,537.2236573240007,11.81138449700927,11.72997654805623,6.10295276852844,0.0312533902290747,0.0040984067081336695,0.785416274843321,0.0
132.247,537.4237033780009,11.81138449700927,11.72997654805623,6.10295276852844,0.0312533902290747,0.0040984067081336695,0.785416274843321,0.0
132.3,537.6237534989996,11.81138449700927,11.72997654805623,6.10295276852844,0.0312533902290747,0.0040984067081336695,0.785416274843321,0.0
132.354,537.823668666002,11.81138449700927,11.72997654805623,6.10295276852844,0.0312533902290747,0.0040984067081336695,0.785416274843321,0.0
132.407,538.0239051540048,11.81138449700927,11.72997654805623,6.10295276852844,0.0312533902290747,0.0040984067081336695,0.785416274843321,0.0
132.464,538.2236897430048,11.81138449700927,11.72997654805623,6.10295276852844,0.0312533902290747,0.0040984067081336695,0.785416274843321,0.0
132.518,538.4236525689994,11.81138449700927,11.72997654805623,6.10295276852844,0.0312533902290747,0.0040984067081336695,0.785416274843321,0.0
132.574,538.6236417250038,11.81138449700927,11.72997654805623,6.10295276852844,0.0312533902290747,0.0040984067081336695,0.785416274843321,0.0
132.63,538.8236985559997,11.81138449700927,11.72997654805623,6.10295276852844,0.0312533902290747,0.0040984067081336695,0.785416274843321,0.0
132.687,539.0236586450046,11.81138449700927,11.72997654805623,6.10295276852844,0.0312533902290747,0.0040984067081336695,0.785416274843321,0.0
132.742,539.2236096640045,11.81138449700927,11.72997654805623,6.10295276852844,0.0312533902290747,0.0040984067081336695,0.785416274843321,0.0
132.799,539.4236720300032,11.81138449700927,11.72997654805623,6.10295276852844,0.0312533902290747,0.0040984067081336695,0.785416274843321,0.0
132.854,539.6236632510045,11.81138449700927,11.72997654805623,6.10295276852844,0.0312533902290747,0.0040984067081336695,0.785416274843321,0.0
132.908,539.8237093510033,11.81138449700927,11.72997654805623,6.10295276852844,0.0312533902290747,0.0040984067081336695,0.785416274843321,0.0
132.965,540.0236723310009,11.81138449700927,11.72997654805623,6.10295276852844,0.0312533902290747,0.0040984067081336695,0.785416274843321,0.0
133.013,540.2238446430056,11.81138449700927,11.72997654805623,6.10295276852844,0.0312533902290747,0.0040984067081336695,0.785416274843321,0.0
133.063,540.423645161005,11.81138449700927,11.72997654805623,6.10295276852844,0.0312533902290747,0.0040984067081336695,0.785416274843321,0.0
133.103,540.623880277999,11.81138449700927,11.72997654805623,6.10295276852844,0.0312533902290747,0.0040984067081336695,0.785416274843321,0.0
133.149,540.8240567380053,11.81138449700927,11.72997654805623,6.10295276852844,0.0312533902290747,0.0040984067081336695,0.785416274843321,0.0
133.199,541.0236983290015,11.81138449700927,11.72997654805623,6.10295276852844,0.0312533902290747,0.0040984067081336695,0.785416274843321,0.0
133.248,541.2237742020006,11.81138449700927,11.72997654805623,6.10295276852844,0.0312533902290747,0.0040984067081336695,0.785416274843321,0.0
133.297,541.423975785001,11.81138449700927,11.72997654805623,6.10295276852844,0.0312533902290747,0.0040984067081336695,0.785416274843321,0.0
133.345,541.6239711810049,11.81138449700927,11.72997654805623,6.10295276852844,0.0312533902290747,0.0040984067081336695,0.785416274843321,0.0
133.396,541.8236394630003,11.81138449700927,11.72997654805623,6.10295276852844,0.0312533902290747,0.0040984067081336695,0.785416274843321,0.0
133.454,542.0236655080007,11.81138449700927,11.72997654805623,6.10295276852844,0.0312533902290747,0.0040984067081336695,0.785416274843321,0.0
133.508,542.2236683160008,11.81138449700927,11.72997654805623,6.10295276852844,0.0312533902290747,0.0040984067081336695,0.785416274843321,0.0
133.565,542.4236597900017,11.81138449700927,11.72997654805623,6.10295276852844,0.0312533902290747,0.0040984067081336695,0.785416274843321,0.0
133.622,542.6236105650023,11.81138449700927,11.72997654805623,6.10295276852844,0.0312533902290747,0.0040984067081336695,0.785416274843321,0.0
133.68,542.823687201002,11.81138449700927,11.72997654805623,6.10295276852844,0.0312533902290747,0.0040984067081336695,0.785416274843321,0.0
133.736,543.0236536890006,11.81138449700927,11.72997654805623,6.10295276852844,0.0312533902290747,0.0040984067081336695,0.785416274843321,0.0
133.792,543.2238194900056,11.81138449700927,11.72997654805623,6.10295276852844,0.0312533902290747,0.0040984067081336695,0.785416274843321,0.0
133.85,543.423712597003,11.81138449700927,11.72997654805623,6.10295276852844,0.0312533902290747,0.0040984067081336695,0.785416274843321,0.0
133.906,543.6236041779994,11.81138449700927,11.72997654805623,6.10295276852844,0.0312533902290747,0.0040984067081336695,0.785416274843321,0.0
133.96,543.8240966439989,11.81138449700927,11.72997654805623,6.10295276852844,0.0312533902290747,0.0040984067081336695,0.785416274843321,0.0
134.008,544.0236517150042,11.81138449700927,11.72997654805623,6.10295276852844,0.0312533902290747,0.0040984067081336695,0.785416274843321,0.0
134.056,544.2236335500056,11.81138449700927,11.72997654805623,6.10295276852844,0.0312533902290747,0.0040984067081336695,0.785416274843321,0.0
134.104,544.4237715250056,11.81138449700927,11.72997654805623,6.10295276852844,0.0312533902290747,0.0040984067081336695,0.785416274843321,0.0
134.153,544.6236531390023,11.81138449700927,11.72997654805623,6.10295276852844,0.0312533902290747,0.0040984067081336695,0.785416274843321,0.0
134.208,544.823659171001,11.81138449700927,11.72997654805623,6.10295276852844,0.0312533902290747,0.0040984067081336695,0.785416274843321,0.0
134.256,545.0237234279994,11.81138449700927,11.72997654805623,6.10295276852844,0.0312533902290747,0.0040984067081336695,0.785416274843321,0.0
134.307,545.2238960239993,11.81138449700927,11.72997654805623,6.10295276852844,0.0312533902290747,0.0040984067081336695,0.785416274843321,0.0
134.359,545.4237987300003,11.81138449700927,11.72997654805623,6.10295276852844,0.0312533902290747,0.0040984067081336695,0.785416274843321,0.0
134.413,545.6236827250032,11.81138449700927,11.72997654805623,6.10295276852844,0.0312533902290747,0.0040984067081336695,0.785416274843321,0.0
134.466,545.8237710149988,11.81138449700927,11.72997654805623,6.10295276852844,0.0312533902290747,0.0040984067081336695,0.785416274843321,0.0
134.519,546.0240104360055,11.81138449700927,11.72997654805623,6.10295276852844,0.0312533902290747,0.0040984067081336695,0.785416274843321,0.0
134.572,546.2236922490047,11.81138449700927,11.72997654805623,6.10295276852844,0.0312533902290747,0.0040984067081336695,0.785416274843321,0.0
134.622,546.4237058159997,11.81138449700927,11.72997654805623,6.10295276852844,0.0312533902290747,0.0040984067081336695,0.785416274843321,0.0
134.672,546.6236753370031,11.81138449700927,11.72997654805623,6.10295276852844,0.0312533902290747,0.0040984067081336695,0.785416274843321,0.0
134.722,546.8236328999992,11.81138449700927,11.72997654805623,6.10295276852844,0.0312533902290747,0.0040984067081336695,0.785416274843321,0.0
134.778,547.0238986559998,11.81138449700927,11.72997654805623,6.10295276852844,0.0312533902290747,0.0040984067081336695,0.785416274843321,0.0
134.834,547.2238162420035,11.81138449700927,11.72997654805623,6.10295276852844,0.0312533902290747,0.0040984067081336695,0.785416274843321,0.0
134.891,547.4236500490006,11.81138449700927,11.72997654805623,6.10295276852844,0.0312533902290747,0.0040984067081336695,0.785416274843321,0.0
134.942,547.623674991999,11.81138449700927,11.72997654805623,6.10295276852844,0.0312533902290747,0.0040984067081336695,0.785416274843321,0.0
134.989,547.8236549159992,11.81138449700927,11.72997654805623,6.10295276852844,0.0312533902290747,0.0040984067081336695,0.785416274843321,0.0
135.038,548.0238870899993,11.81138449700927,11.72997654805623,6.10295276852844,0.0312533902290747,0.0040984067081336695,0.785416274843321,0.0
135.087,548.2237042490015,11.81138449700927,11.72997654805623,6.10295276852844,0.0312533902290747,0.0040984067081336695,0.785416274843321,0.0
135.137,548.4236109190024,11.81138449700927,11.72997654805623,6.10295276852844,0.0312533902290747,0.0040984067081336695,0.785416274843321,0.0
135.186,548.6237068710034,11.81138449700927,11.72997654805623,6.10295276852844,0.0312533902290747,0.0040984067081336695,0.785416274843321,0.0
135.231,548.8236950200007,11.81138449700927,11.72997654805623,6.10295276852844,0.0312533902290747,0.0040984067081336695,0.785416274843321,0.0
135.283,549.023659036,11.81138449700927,11.72997654805623,6.10295276852844,0.0312533902290747,0.0040984067081336695,0.785416274843321,0.0
135.335,549.2237915639998,11.81138449700927,11.72997654805623,6.10295276852844,0.0312533902290747,0.0040984067081336695,0.785416274843321,0.0
135.387,549.4236806289991,11.81138449700927,11.72997654805623,6.10295276852844,0.0312533902290747,0.0040984067081336695,0.785416274843321,0.0
135.439,549.6238161680012,11.81138449700927,11.72997654805623,6.10295276852844,0.0312533902290747,0.0040984067081336695,0.785416274843321,0.0
135.494,549.8236850850008,11.81138449700927,11.72997654805623,6.10295276852844,0.0312533902290747,0.0040984067081336695,0.785416274843321,0.0
135.544,550.0241113450029,11.81138449700927,11.72997654805623,6.10295276852844,0.0312533902290747,0.0040984067081336695,0.785416274843321,0.0
135.596,550.2237461820041,11.81138449700927,11.72997654805623,6.10295276852844,0.0312533902290747,0.0040984067081336695,0.785416274843321,0.0
135.644,550.4236520920022,11.81138449700927,11.72997654805623,6.10295276852844,0.0312533902290747,0.0040984067081336695,0.785416274843321,0.0
135.695,550.6236976639993,11.81138449700927,11.72997654805623,6.10295276852844,0.0312533902290747,0.0040984067081336695,0.785416274843321,0.0
135.743,550.823777354999,11.81138449700927,11.72997654805623,6.10295276852844,0.0312533902290747,0.0040984067081336695,0.785416274843321,0.0
135.797,551.0236764670044,11.81138449700927,11.72997654805623,6.10295276852844,0.0312533902290747,0.0040984067081336695,0.785416274843321,0.0
135.852,551.2236877309988,11.81138449700927,11.72997654805623,6.10295276852844,0.0312533902290747,0.0040984067081336695,0.785416274843321,0.0
135.905,551.4238867509994,11.81138449700927,11.72997654805623,6.10295276852844,0.0312533902290747,0.0040984067081336695,0.785416274843321,0.0
135.961,551.6237259320042,11.81138449700927,11.72997654805623,6.10295276852844,0.0312533902290747,0.0040984067081336695,0.785416274843321,0.0
136.016,551.823715778999,11.81138449700927,11.72997654805623,6.10295276852844,0.0312533902290747,0.0040984067081336695,0.785416274843321,0.0
136.072,552.0237857050015,11.81138449700927,11.72997654805623,6.10295276852844,0.0312533902290747,0.0040984067081336695,0.785416274843321,0.0
136.123,552.2236606680017,11.81138449700927,11.72997654805623,6.10295276852844,0.0312533902290747,0.0040984067081336695,0.785416274843321,0.0
136.175,552.4236997530024,11.81138449700927,11.72997654805623,6.10295276852844,0.0312533902290747,0.0040984067081336695,0.785416274843321,0.0
136.228,552.6238809990027,11.81138449700927,11.72997654805623,6.10295276852844,0.0312533902290747,0.0040984067081336695,0.785416274843321,0.0
136.284,552.8237999670018,11.81138449700927,11.72997654805623,6.10295276852844,0.0312533902290747,0.0040984067081336695,0.785416274843321,0.0
136.339,553.0236529530011,11.81138449700927,11.72997654805623,6.10295276852844,0.0312533902290747,0.0040984067081336695,0.785416274843321,0.0
136.393,553.224123566004,11.81138449700927,11.72997654805623,6.10295276852844,0.0312533902290747,0.0040984067081336695,0.785416274843321,0.0
136.447,553.4241119180006,11.81138449700927,11.72997654805623,6.10295276852844,0.0312533902290747,0.0040984067081336695,0.785416274843321,0.0
136.502,553.6236420179994,11.81138449700927,11.72997654805623,6.10295276852844,0.0312533902290747,0.0040984067081336695,0.785416274843321,0.0
136.558,553.8237645530025,11.81138449700927,11.72997654805623,6.10295276852844,0.0312533902290747,0.0040984067081336695,0.785416274843321,0.0
136.613,554.0236743320056,11.81138449700927,11.72997654805623,6.10295276852844,0.0312533902290747,0.0040984067081336695,0.785416274843321,0.0
136.662,554.2238348870014,11.81138449700927,11.72997654805623,6.10295276852844,0.0312533902290747,0.0040984067081336695,0.785416274843321,0.0
136.713,554.4237006699987,11.81138449700927,11.72997654805623,6.10295276852844,0.0312533902290747,0.0040984067081336695,0.785416274843321,0.0
136.765,554.6236319630043,11.81138449700927,11.72997654805623,6.10295276852844,0.0312533902290747,0.0040984067081336695,0.785416274843321,0.0
136.821,554.8237879080043,11.81138449700927,11.72997654805623,6.10295276852844,0.0312533902290747,0.0040984067081336695,0.785416274843321,0.0
136.877,555.0236949550017,11.81138449700927,11.72997654805623,6.10295276852844,0.0312533902290747,0.0040984067081336695,0.785416274843321,0.0
136.929,555.2238708970035,11.81138449700927,11.72997654805623,6.10295276852844,0.0312533902290747,0.0040984067081336695,0.785416274843321,0.0
136.985,555.4236936150046,11.81138449700927,11.72997654805623,6.10295276852844,0.0312533902290747,0.0040984067081336695,0.785416274843321,0.0
137.039,555.6236480630032,11.81138449700927,11.72997654805623,6.10295276852844,0.0312533902290747,0.0040984067081336695,0.785416274843321,0.0
137.093,555.8236478149993,11.81138449700927,11.72997654805623,6.10295276852844,0.0312533902290747,0.0040984067081336695,0.785416274843321,0.0
137.148,556.0236128190008,11.81138449700927,11.72997654805623,6.10295276852844,0.0312533902290747,0.0040984067081336695,0.785416274843321,0.0
137.201,556.2235945220018,11.81138449700927,11.72997654805623,6.10295276852844,0.0312533902290747,0.0040984067081336695,0.785416274843321,0.0
137.255,556.4236723430004,11.81138449700927,11.72997654805623,6.10295276852844,0.0312533902290747,0.0040984067081336695,0.785416274843321,0.0
137.31,556.6236456460028,11.81138449700927,11.72997654805623,6.10295276852844,0.0312533902290747,0.0040984067081336695,0.785416274843321,0.0
137.366,556.8236564809995,11.81138449700927,11.72997654805623,6.10295276852844,0.0312533902290747,0.0040984067081336695,0.785416274843321,0.0
137.42,557.0236916110007,11.81138449700927,11.72997654805623,6.10295276852844,0.0312533902290747,0.0040984067081336695,0.785416274843321,0.0
137.477,557.2241443660023,11.81138449700927,11.72997654805623,6.10295276852844,0.0312533902290747,0.0040984067081336695,0.785416274843321,0.0
137.533,557.423809549,11.81138449700927,11.72997654805623,6.10295276852844,0.0312533902290747,0.0040984067081336695,0.785416274843321,0.0
137.589,557.6237444790022,11.81138449700927,11.72997654805623,6.10295276852844,0.0312533902290747,0.0040984067081336695,0.785416274843321,0.0
137.642,557.8237212720051,11.81138449700927,11.72997654805623,6.10295276852844,0.0312533902290747,0.0040984067081336695,0.785416274843321,0.0
137.698,558.0236842680024,11.81138449700927,11.72997654805623,6.10295276852844,0.0312533902290747,0.0040984067081336695,0.785416274843321,0.0
137.751,558.2237582919988,11.81138449700927,11.72997654805623,6.10295276852844,0.0312533902290747,0.0040984067081336695,0.785416274843321,0.0
137.806,558.423737295001,11.81138449700927,11.72997654805623,6.10295276852844,0.0312533902290747,0.0040984067081336695,0.785416274843321,0.0
137.857,558.6105980920038,11.81138449700927,11.72997654805623,6.10295276852844,0.0312533902290747,0.0040984067081336695,0.785416274843321,0.0
137.859,558.617482737005,11.81138449700927,11.72997654805623,6.10295276852844,0.0312533902290747,0.0040984067081336695,0.785416274843321,0.0
137.913,558.8174818100015,11.81138449700927,11.72997654805623,6.10295276852844,0.0312533902290747,0.0040984067081336695,0.785416274843321,0.0
137.968,559.0174938780037,11.81138449700927,11.72997654805623,6.10295276852844,0.0312533902290747,0.0040984067081336695,0.785416274843321,0.0
138.023,559.2174571680007,11.81138449700927,11.72997654805623,6.10295276852844,0.0312533902290747,0.0040984067081336695,0.785416274843321,0.0
138.079,559.417473638001,11.81138449700927,11.72997654805623,6.10295276852844,0.0312533902290747,0.0040984067081336695,0.785416274843321,0.0
138.134,559.617520122003,11.81138449700927,11.72997654805623,6.10295276852844,0.0312533902290747,0.0040984067081336695,0.785416274843321,0.0
138.19,559.817481181999,11.81138449700927,11.72997654805623,6.10295276852844,0.0312533902290747,0.0040984067081336695,0.785416274843321,0.0
138.243,560.0174842800043,11.81138449700927,11.72997654805623,6.10295276852844,0.0312533902290747,0.0040984067081336695,0.785416274843321,0.0
138.298,560.2174527390016,11.81138449700927,11.72997654805623,6.10295276852844,0.0312533902290747,0.0040984067081336695,0.785416274843321,0.0
138.352,560.4175052780047,11.81138449700927,11.72997654805623,6.10295276852844,0.0312533902290747,0.0040984067081336695,0.785416274843321,0.0
138.402,560.6178161019998,11.81138449700927,11.72997654805623,6.10295276852844,0.0312533902290747,0.0040984067081336695,0.785416274843321,0.0
138.441,560.8177518670054,11.81138449700927,11.72997654805623,6.10295276852844,0.0312533902290747,0.0040984067081336695,0.785416274843321,0.0
138.471,561.017553386002,11.81138449700927,11.72997654805623,6.10295276852844,0.0312533902290747,0.0040984067081336695,0.785416274843321,0.0
138.503,561.2177882079995,11.81138449700927,11.72997654805623,6.10295276852844,0.0312533902290747,0.0040984067081336695,0.785416274843321,0.0
138.543,561.4176065650026,11.81138449700927,11.72997654805623,6.10295276852844,0.0312533902290747,0.0040984067081336695,0.785416274843321,0.0
138.582,561.6178565920054,11.81138449700927,11.72997654805623,6.10295276852844,0.0312533902290747,0.0040984067081336695,0.785416274843321,0.0
138.619,561.817609067999,11.81138449700927,11.72997654805623,6.10295276852844,0.0312533902290747,0.0040984067081336695,0.785416274843321,0.0
138.659,562.0176029210052,11.81138449700927,11.72997654805623,6.10295276852844,0.0312533902290747,0.0040984067081336695,0.785416274843321,0.0
138.699,562.2178058620048,11.81138449700927,11.72997654805623,6.10295276852844,0.0312533902290747,0.0040984067081336695,0.785416274843321,0.0
138.738,562.4177337600049,11.81138449700927,11.72997654805623,6.10295276852844,0.0312533902290747,0.0040984067081336695,0.785416274843321,0.0
138.781,562.6175487310029,11.81138449700927,11.72997654805623,6.10295276852844,0.0312533902290747,0.0040984067081336695,0.785416274843321,0.0
138.823,562.817626863005,11.81138449700927,11.72997654805623,6.10295276852844,0.0312533902290747,0.0040984067081336695,0.785416274843321,0.0
138.872,563.0177831239998,11.81138449700927,11.72997654805623,6.10295276852844,0.0312533902290747,0.0040984067081336695,0.785416274843321,0.0
138.918,563.2175076860003,11.81138449700927,11.72997654805623,6.10295276852844,0.0312533902290747,0.0040984067081336695,0.785416274843321,0.0
138.965,563.4178879829997,11.81138449700927,11.72997654805623,6.10295276852844,0.0312533902290747,0.0040984067081336695,0.785416274843321,0.0
139.007,563.6175519960016,11.81138449700927,11.72997654805623,6.10295276852844,0.0312533902290747,0.0040984067081336695,0.785416274843321,0.0
139.05,563.8177929910016,11.81138449700927,11.72997654805623,6.10295276852844,0.0312533902290747,0.0040984067081336695,0.785416274843321,0.0
139.094,564.0175986640024,11.81138449700927,11.72997654805623,6.10295276852844,0.0312533902290747,0.0040984067081336695,0.785416274843321,0.0
139.135,564.2176424490026,11.81138449700927,11.72997654805623,6.10295276852844,0.0312533902290747,0.0040984067081336695,0.785416274843321,0.0
139.179,564.4177048690035,11.81138449700927,11.72997654805623,6.10295276852844,0.0312533902290747,0.0040984067081336695,0.785416274843321,0.0
139.224,564.6174911589987,11.81138449700927,11.72997654805623,6.10295276852844,0.0312533902290747,0.0040984067081336695,0.785416274843321,0.0
139.27,564.8175096769992,11.81138449700927,11.72997654805623,6.10295276852844,0.0312533902290747,0.0040984067081336695,0.785416274843321,0.0
139.319,565.0175790630019,11.81138449700927,11.72997654805623,6.10295276852844,0.0312533902290747,0.0040984067081336695,0.785416274843321,0.0
139.367,565.217384249001,11.81138449700927,11.72997654805623,6.10295276852844,0.0312533902290747,0.0040984067081336695,0.785416274843321,0.0
139.415,565.417596198,11.81138449700927,11.72997654805623,6.10295276852844,0.0312533902290747,0.0040984067081336695,0.785416274843321,0.0
139.463,565.6177748560003,11.81138449700927,11.72997654805623,6.10295276852844,0.0312533902290747,0.0040984067081336695,0.785416274843321,0.0
139.509,565.8175460260027,11.81138449700927,11.72997654805623,6.10295276852844,0.0312533902290747,0.0040984067081336695,0.785416274843321,0.0
139.556,566.017539212,11.81138449700927,11.72997654805623,6.10295276852844,0.0312533902290747,0.0040984067081336695,0.785416274843321,0.0
139.604,566.2177854800029,11.81138449700927,11.72997654805623,6.10295276852844,0.0312533902290747,0.0040984067081336695,0.785416274843321,0.0
139.653,566.4175445260043,11.81138449700927,11.72997654805623,6.10295276852844,0.0312533902290747,0.0040984067081336695,0.785416274843321,0.0
139.7,566.6175317430025,11.81138449700927,11.72997654805623,6.10295276852844,0.0312533902290747,0.0040984067081336695,0.785416274843321,0.0
139.746,566.8176126149992,11.81138449700927,11.72997654805623,6.10295276852844,0.0312533902290747,0.0040984067081336695,0.785416274843321,0.0
139.794,567.0174105210026,11.81138449700927,11.72997654805623,6.10295276852844,0.0312533902290747,0.0040984067081336695,0.785416274843321,0.0
139.842,567.2176148670042,11.81138449700927,11.72997654805623,6.10295276852844,0.0312533902290747,0.0040984067081336695,0.785416274843321,0.0
139.89,567.4174772080005,11.81138449700927,11.72997654805623,6.10295276852844,0.0312533902290747,0.0040984067081336695,0.785416274843321,0.0
139.935,567.617663432,11.81138449700927,11.72997654805623,6.10295276852844,0.0312533902290747,0.0040984067081336695,0.785416274843321,0.0
139.984,567.8175048810008,11.81138449700927,11.72997654805623,6.10295276852844,0.0312533902290747,0.0040984067081336695,0.785416274843321,0.0
140.031,568.0175180900042,11.81138449700927,11.72997654805623,6.10295276852844,0.0312533902290747,0.0040984067081336695,0.785416274843321,0.0
140.08,568.2175706260023,11.81138449700927,11.72997654805623,6.10295276852844,0.0312533902290747,0.0040984067081336695,0.785416274843321,0.0
140.126,568.4176100850018,11.81138449700927,11.72997654805623,6.10295276852844,0.0312533902290747,0.0040984067081336695,0.785416274843321,0.0
140.175,568.617493718004,11.81138449700927,11.72997654805623,6.10295276852844,0.0312533902290747,0.0040984067081336695,0.785416274843321,0.0
140.223,568.8175050339996,11.81138449700927,11.72997654805623,6.10295276852844,0.0312533902290747,0.0040984067081336695,0.785416274843321,0.0
140.271,569.0176645370011,11.81138449700927,11.72997654805623,6.10295276852844,0.0312533902290747,0.0040984067081336695,0.785416274843321,0.0
140.32,569.2175579930044,11.81138449700927,11.72997654805623,6.10295276852844,0.0312533902290747,0.0040984067081336695,0.785416274843321,0.0
140.368,569.4175651859987,11.81138449700927,11.72997654805623,6.10295276852844,0.0312533902290747,0.0040984067081336695,0.785416274843321,0.0
140.415,569.6175330240003,11.81138449700927,11.72997654805623,6.10295276852844,0.0312533902290747,0.0040984067081336695,0.785416274843321,0.0
140.459,569.8175538889991,11.81138449700927,11.72997654805623,6.10295276852844,0.0312533902290747,0.0040984067081336695,0.785416274843321,0.0
140.505,570.0175436930003,11.81138449700927,11.72997654805623,6.10295276852844,0.0312533902290747,0.0040984067081336695,0.785416274843321,0.0
140.552,570.2176185729986,11.81138449700927,11.72997654805623,6.10295276852844,0.0312533902290747,0.0040984067081336695,0.785416274843321,0.0
140.599,570.4175075640014,11.81138449700927,11.72997654805623,6.10295276852844,0.0312533902290747,0.0040984067081336695,0.785416274843321,0.0
140.646,570.6175910099992,11.81138449700927,11.72997654805623,6.10295276852844,0.0312533902290747,0.0040984067081336695,0.785416274843321,0.0
140.694,570.8174856670012,11.81138449700927,11.72997654805623,6.10295276852844,0.0312533902290747,0.0040984067081336695,0.785416274843321,0.0
140.741,571.0175107660034,11.81138449700927,11.72997654805623,6.10295276852844,0.0312533902290747,0.0040984067081336695,0.785416274843321,0.0
140.789,571.2175876680049,11.81138449700927,11.72997654805623,6.10295276852844,0.0312533902290747,0.0040984067081336695,0.785416274843321,0.0
140.837,571.4175807440042,11.81138449700927,11.72997654805623,6.10295276852844,0.0312533902290747,0.0040984067081336695,0.785416274843321,0.0
140.884,571.6175121900014,11.81138449700927,11.72997654805623,6.10295276852844,0.0312533902290747,0.0040984067081336695,0.785416274843321,0.0
140.931,571.8175823679994,11.81138449700927,11.72997654805623,6.10295276852844,0.0312533902290747,0.0040984067081336695,0.785416274843321,0.0
140.98,572.0174855560035,11.81138449700927,11.72997654805623,6.10295276852844,0.0312533902290747,0.0040984067081336695,0.785416274843321,0.0
141.025,572.2177391799996,11.81138449700927,11.72997654805623,6.10295276852844,0.0312533902290747,0.0040984067081336695,0.785416274843321,0.0
141.067,572.4177031860017,11.81138449700927,11.72997654805623,6.10295276852844,0.0312533902290747,0.0040984067081336695,0.785416274843321,0.0
141.11,572.6177195170021,11.81138449700927,11.72997654805623,6.10295276852844,0.0312533902290747,0.0040984067081336695,0.785416274843321,0.0
141.157,572.8175532390014,11.81138449700927,11.72997654805623,6.10295276852844,0.0312533902290747,0.0040984067081336695,0.785416274843321,0.0
141.204,573.0178170840009,11.81138449700927,11.72997654805623,6.10295276852844,0.0312533902290747,0.0040984067081336695,0.785416274843321,0.0
141.251,573.2175322260009,11.81138449700927,11.72997654805623,6.10295276852844,0.0312533902290747,0.0040984067081336695,0.785416274843321,0.0
141.298,573.4178515000021,11.81138449700927,11.72997654805623,6.10295276852844,0.0312533902290747,0.0040984067081336695,0.785416274843321,0.0
141.346,573.6175211000009,11.81138449700927,11.72997654805623,6.10295276852844,0.0312533902290747,0.0040984067081336695,0.785416274843321,0.0
141.396,573.8175677190011,11.81138449700927,11.72997654805623,6.10295276852844,0.0312533902290747,0.0040984067081336695,0.785416274843321,0.0
141.443,574.0174946879997,11.81138449700927,11.72997654805623,6.10295276852844,0.0312533902290747,0.0040984067081336695,0.785416274843321,0.0
141.491,574.2175970610042,11.81138449700927,11.72997654805623,6.10295276852844,0.0312533902290747,0.0040984067081336695,0.785416274843321,0.0
141.539,574.4175110300057,11.81138449700927,11.72997654805623,6.10295276852844,0.0312533902290747,0.0040984067081336695,0.785416274843321,0.0
141.587,574.6175378670014,11.81138449700927,11.72997654805623,6.10295276852844,0.0312533902290747,0.0040984067081336695,0.785416274843321,0.0
141.634,574.8179956690001,11.81138449700927,11.72997654805623,6.10295276852844,0.0312533902290747,0.0040984067081336695,0.785416274843321,0.0
141.682,575.017571933,11.81138449700927,11.72997654805623,6.10295276852844,0.0312533902290747,0.0040984067081336695,0.785416274843321,0.0
141.728,575.2175386740055,11.81138449700927,11.72997654805623,6.10295276852844,0.0312533902290747,0.0040984067081336695,0.785416274843321,0.0
141.777,575.4175193740011,11.81138449700927,11.72997654805623,6.10295276852844,0.0312533902290747,0.0040984067081336695,0.785416274843321,0.0
141.822,575.6175502289989,11.81138449700927,11.72997654805623,6.10295276852844,0.0312533902290747,0.0040984067081336695,0.785416274843321,0.0
141.871,575.8175850760017,11.81138449700927,11.72997654805623,6.10295276852844,0.0312533902290747,0.0040984067081336695,0.785416274843321,0.0
141.919,576.0175644650008,11.81138449700927,11.72997654805623,6.10295276852844,0.0312533902290747,0.0040984067081336695,0.785416274843321,0.0
141.965,576.2175588910031,11.81138449700927,11.72997654805623,6.10295276852844,0.0312533902290747,0.0040984067081336695,0.785416274843321,0.0
142.01,576.4174897410048,11.81138449700927,11.72997654805623,6.10295276852844,0.0312533902290747,0.0040984067081336695,0.785416274843321,0.0
142.055,576.6174644160055,11.81138449700927,11.72997654805623,6.10295276852844,0.0312533902290747,0.0040984067081336695,0.785416274843321,0.0
142.099,576.817893735999,11.81138449700927,11.72997654805623,6.10295276852844,0.0312533902290747,0.0040984067081336695,0.785416274843321,0.0
142.144,577.0175347230033,11.81138449700927,11.72997654805623,6.10295276852844,0.0312533902290747,0.0040984067081336695,0.785416274843321,0.0
142.192,577.2174416130001,11.81138449700927,11.72997654805623,6.10295276852844,0.0312533902290747,0.0040984067081336695,0.785416274843321,0.0
142.238,577.4175467250025,11.81138449700927,11.72997654805623,6.10295276852844,0.0312533902290747,0.0040984067081336695,0.785416274843321,0.0
142.286,577.6175484580017,11.81138449700927,11.72997654805623,6.10295276852844,0.0312533902290747,0.0040984067081336695,0.785416274843321,0.0
142.33,577.8177327340018,11.81138449700927,11.72997654805623,6.10295276852844,0.0312533902290747,0.0040984067081336695,0.785416274843321,0.0
142.379,578.0174849430041,11.81138449700927,11.72997654805623,6.10295276852844,0.0312533902290747,0.0040984067081336695,0.785416274843321,0.0
142.427,578.2175513700058,11.81138449700927,11.72997654805623,6.10295276852844,0.0312533902290747,0.0040984067081336695,0.785416274843321,0.0
142.476,578.4176186660043,11.81138449700927,11.72997654805623,6.10295276852844,0.0312533902290747,0.0040984067081336695,0.785416274843321,0.0
142.523,578.617488816999,11.81138449700927,11.72997654805623,6.10295276852844,0.0312533902290747,0.0040984067081336695,0.785416274843321,0.0
142.571,578.8179744779991,11.81138449700927,11.72997654805623,6.10295276852844,0.0312533902290747,0.0040984067081336695,0.785416274843321,0.0
142.619,579.0178246720025,11.81138449700927,11.72997654805623,6.10295276852844,0.0312533902290747,0.0040984067081336695,0.785416274843321,0.0
142.668,579.2174654740011,11.81138449700927,11.72997654805623,6.10295276852844,0.0312533902290747,0.0040984067081336695,0.785416274843321,0.0
142.716,579.4175998930004,11.81138449700927,11.72997654805623,6.10295276852844,0.0312533902290747,0.0040984067081336695,0.785416274843321,0.0
142.764,579.6177830919987,11.81138449700927,11.72997654805623,6.10295276852844,0.0312533902290747,0.0040984067081336695,0.785416274843321,0.0
142.809,579.8174599910053,11.81138449700927,11.72997654805623,6.10295276852844,0.0312533902290747,0.0040984067081336695,0.785416274843321,0.0
142.852,580.0175295119989,11.81138449700927,11.72997654805623,6.10295276852844,0.0312533902290747,0.0040984067081336695,0.785416274843321,0.0
142.894,580.217594048001,11.81138449700927,11.72997654805623,6.10295276852844,0.0312533902290747,0.0040984067081336695,0.785416274843321,0.0
142.939,580.4177162410051,11.81138449700927,11.72997654805623,6.10295276852844,0.0312533902290747,0.0040984067081336695,0.785416274843321,0.0
142.988,580.6175004130055,11.81138449700927,11.72997654805623,6.10295276852844,0.0312533902290747,0.0040984067081336695,0.785416274843321,0.0
143.036,580.8175153330012,11.81138449700927,11.72997654805623,6.10295276852844,0.0312533902290747,0.0040984067081336695,0.785416274843321,0.0
143.085,581.0177400230023,11.81138449700927,11.72997654805623,6.10295276852844,0.0312533902290747,0.0040984067081336695,0.785416274843321,0.0
143.134,581.2177067730008,11.81138449700927,11.72997654805623,6.10295276852844,0.0312533902290747,0.0040984067081336695,0.785416274843321,0.0
143.182,581.4175089510027,11.81138449700927,11.72997654805623,6.10295276852844,0.0312533902290747,0.0040984067081336695,0.785416274843321,0.0
143.229,581.617556174002,11.81138449700927,11.72997654805623,6.10295276852844,0.0312533902290747,0.0040984067081336695,0.785416274843321,0.0
143.279,581.8175880999988,11.81138449700927,11.72997654805623,6.10295276852844,0.0312533902290747,0.0040984067081336695,0.785416274843321,0.0
143.328,582.0175101690038,11.81138449700927,11.72997654805623,6.10295276852844,0.0312533902290747,0.0040984067081336695,0.785416274843321,0.0
143.378,582.2175925320043,11.81138449700927,11.72997654805623,6.10295276852844,0.0312533902290747,0.0040984067081336695,0.785416274843321,0.0
143.425,582.4175092310034,11.81138449700927,11.72997654805623,6.10295276852844,0.0312533902290747,0.0040984067081336695,0.785416274843321,0.0
143.474,582.6175595230015,11.81138449700927,11.72997654805623,6.10295276852844,0.0312533902290747,0.0040984067081336695,0.785416274843321,0.0
143.522,582.817691272001,11.81138449700927,11.72997654805623,6.10295276852844,0.0312533902290747,0.0040984067081336695,0.785416274843321,0.0
143.572,583.0174842780034,11.81138449700927,11.72997654805623,6.10295276852844,0.0312533902290747,0.0040984067081336695,0.785416274843321,0.0
143.62,583.217587649,11.81138449700927,11.72997654805623,6.10295276852844,0.0312533902290747,0.0040984067081336695,0.785416274843321,0.0
143.669,583.4174944270053,11.81138449700927,11.72997654805623,6.10295276852844,0.0312533902290747,0.0040984067081336695,0.785416274843321,0.0
143.717,583.6175262340039,11.81138449700927,11.72997654805623,6.10295276852844,0.0312533902290747,0.0040984067081336695,0.785416274843321,0.0
143.766,583.8174702079996,11.81138449700927,11.72997654805623,6.10295276852844,0.0312533902290747,0.0040984067081336695,0.785416274843321,0.0
143.814,584.017523473005,11.81138449700927,11.72997654805623,6.10295276852844,0.0312533902290747,0.0040984067081336695,0.785416274843321,0.0
143.862,584.2175122350018,11.81138449700927,11.72997654805623,6.10295276852844,0.0312533902290747,0.0040984067081336695,0.785416274843321,0.0
143.91,584.4178166720012,11.81138449700927,11.72997654805623,6.10295276852844,0.0312533902290747,0.0040984067081336695,0.785416274843321,0.0
143.958,584.6177206380016,11.81138449700927,11.72997654805623,6.10295276852844,0.0312533902290747,0.0040984067081336695,0.785416274843321,0.0
144.007,584.8174823030058,11.81138449700927,11.72997654805623,6.10295276852844,0.0312533902290747,0.0040984067081336695,0.785416274843321,0.0
144.055,585.0175183840038,11.81138449700927,11.72997654805623,6.10295276852844,0.0312533902290747,0.0040984067081336695,0.785416274843321,0.0
144.103,585.2175504410043,11.81138449700927,11.72997654805623,6.10295276852844,0.0312533902290747,0.0040984067081336695,0.785416274843321,0.0
144.147,585.4177082160022,11.81138449700927,11.72997654805623,6.10295276852844,0.0312533902290747,0.0040984067081336695,0.785416274843321,0.0
144.192,585.6181945480057,11.81138449700927,11.72997654805623,6.10295276852844,0.0312533902290747,0.0040984067081336695,0.785416274843321,0.0
144.239,585.8175590390019,11.81138449700927,11.72997654805623,6.10295276852844,0.0312533902290747,0.0040984067081336695,0.785416274843321,0.0
144.285,586.017615196004,11.81138449700927,11.72997654805623,6.10295276852844,0.0312533902290747,0.0040984067081336695,0.785416274843321,0.0
144.333,586.218124084,11.81138449700927,11.72997654805623,6.10295276852844,0.0312533902290747,0.0040984067081336695,0.785416274843321,0.0
144.382,586.4175068740005,11.81138449700927,11.72997654805623,6.10295276852844,0.0312533902290747,0.0040984067081336695,0.785416274843321,0.0
144.43,586.6175838609997,11.81138449700927,11.72997654805623,6.10295276852844,0.0312533902290747,0.0040984067081336695,0.785416274843321,0.0
144.479,586.8175200690021,11.81138449700927,11.72997654805623,6.10295276852844,0.0312533902290747,0.0040984067081336695,0.785416274843321,0.0
144.527,587.0175676560029,11.81138449700927,11.72997654805623,6.10295276852844,0.0312533902290747,0.0040984067081336695,0.785416274843321,0.0
144.575,587.2174336470052,11.81138449700927,11.72997654805623,6.10295276852844,0.0312533902290747,0.0040984067081336695,0.785416274843321,0.0
144.623,587.4176235010018,11.81138449700927,11.72997654805623,6.10295276852844,0.0312533902290747,0.0040984067081336695,0.785416274843321,0.0
144.672,587.6175170700008,11.81138449700927,11.72997654805623,6.10295276852844,0.0312533902290747,0.0040984067081336695,0.785416274843321,0.0
144.719,587.8175440699997,11.81138449700927,11.72997654805623,6.10295276852844,0.0312533902290747,0.0040984067081336695,0.785416274843321,0.0
144.767,588.0175524610022,11.81138449700927,11.72997654805623,6.10295276852844,0.0312533902290747,0.0040984067081336695,0.785416274843321,0.0
144.814,588.217784323002,11.81138449700927,11.72997654805623,6.10295276852844,0.0312533902290747,0.0040984067081336695,0.785416274843321,0.0
144.863,588.417648087001,11.81138449700927,11.72997654805623,6.10295276852844,0.0312533902290747,0.0040984067081336695,0.785416274843321,0.0
144.91,588.6174910350019,11.81138449700927,11.72997654805623,6.10295276852844,0.0312533902290747,0.0040984067081336695,0.785416274843321,0.0
144.96,588.8175761620005,11.81138449700927,11.72997654805623,6.10295276852844,0.0312533902290747,0.0040984067081336695,0.785416274843321,0.0
145.005,589.0176021510051,11.81138449700927,11.72997654805623,6.10295276852844,0.0312533902290747,0.0040984067081336695,0.785416274843321,0.0
145.053,589.2178481049996,11.81138449700927,11.72997654805623,6.10295276852844,0.0312533902290747,0.0040984067081336695,0.785416274843321,0.0
145.101,589.4176692050023,11.81138449700927,11.72997654805623,6.10295276852844,0.0312533902290747,0.0040984067081336695,0.785416274843321,0.0
145.147,589.6182706550026,11.81138449700927,11.72997654805623,6.10295276852844,0.0312533902290747,0.0040984067081336695,0.785416274843321,0.0
145.192,589.8176376390038,11.81138449700927,11.72997654805623,6.10295276852844,0.0312533902290747,0.0040984067081336695,0.785416274843321,0.0
145.237,590.0176230050056,11.81138449700927,11.72997654805623,6.10295276852844,0.0312533902290747,0.0040984067081336695,0.785416274843321,0.0
145.284,590.2176124079997,11.81138449700927,11.72997654805623,6.10295276852844,0.0312533902290747,0.0040984067081336695,0.785416274843321,0.0
145.333,590.4175418590021,11.81138449700927,11.72997654805623,6.10295276852844,0.0312533902290747,0.0040984067081336695,0.785416274843321,0.0
145.38,590.6175904690026,11.81138449700927,11.72997654805623,6.10295276852844,0.0312533902290747,0.0040984067081336695,0.785416274843321,0.0
145.423,590.8174950390021,11.81138449700927,11.72997654805623,6.10295276852844,0.0312533902290747,0.0040984067081336695,0.785416274843321,0.0
145.433,590.861594369002,11.81138449700927,11.72997654805623,6.10295276852844,0.0312533902290747,0.0040984067081336695,0.785416274843321,0.0
145.445,590.9082763690021,11.81138449700927,11.72997654805623,6.10295276852844,0.0312533902290747,0.0040984067081336695,0.785416274843321,0.0
145.493,591.1081374650021,11.81138449700927,11.72997654805623,6.10295276852844,0.0312533902290747,0.0040984067081336695,0.785416274843321,0.0
145.537,591.3081201370005,11.81138449700927,11.72997654805623,6.10295276852844,0.0312533902290747,0.0040984067081336695,0.785416274843321,0.0
145.586,591.5080918560052,11.81138449700927,11.72997654805623,6.10295276852844,0.0312533902290747,0.0040984067081336695,0.785416274843321,0.0
145.632,591.7084264020014,11.81138449700927,11.72997654805623,6.10295276852844,0.0312533902290747,0.0040984067081336695,0.785416274843321,0.0
145.681,591.9080885190051,11.81138449700927,11.72997654805623,6.10295276852844,0.0312533902290747,0.0040984067081336695,0.785416274843321,0.0
145.729,592.1080674570039,11.81138449700927,11.72997654805623,6.10295276852844,0.0312533902290747,0.0040984067081336695,0.785416274843321,0.0
145.777,592.3081514790028,11.81138449700927,11.72997654805623,6.10295276852844,0.0312533902290747,0.0040984067081336695,0.785416274843321,0.0
145.825,592.5081103710036,11.81138449700927,11.72997654805623,6.10295276852844,0.0312533902290747,0.0040984067081336695,0.785416274843321,0.0
145.872,592.7081153440013,11.81138449700927,11.72997654805623,6.10295276852844,0.0312533902290747,0.0040984067081336695,0.785416274843321,0.0
145.919,592.9081736529988,11.81138449700927,11.72997654805623,6.10295276852844,0.0312533902290747,0.0040984067081336695,0.785416274843321,0.0
145.967,593.1086506499996,11.81138449700927,11.72997654805623,6.10295276852844,0.0312533902290747,0.0040984067081336695,0.785416274843321,0.0
146.015,593.3080969380026,11.81138449700927,11.72997654805623,6.10295276852844,0.0312533902290747,0.0040984067081336695,0.785416274843321,0.0
146.063,593.5082682510038,11.81138449700927,11.72997654805623,6.10295276852844,0.0312533902290747,0.0040984067081336695,0.785416274843321,0.0
146.109,593.7082841270021,11.81138449700927,11.72997654805623,6.10295276852844,0.0312533902290747,0.0040984067081336695,0.785416274843321,0.0
146.158,593.9081070070024,11.81138449700927,11.72997654805623,6.10295276852844,0.0312533902290747,0.0040984067081336695,0.785416274843321,0.0
146.205,594.1079668770035,11.81138449700927,11.72997654805623,6.10295276852844,0.0312533902290747,0.0040984067081336695,0.785416274843321,0.0
146.254,594.308074902001,11.81138449700927,11.72997654805623,6.10295276852844,0.0312533902290747,0.0040984067081336695,0.785416274843321,0.0
146.3,594.508088098999,11.81138449700927,11.72997654805623,6.10295276852844,0.0312533902290747,0.0040984067081336695,0.785416274843321,0.0
146.347,594.7080717950012,11.81138449700927,11.72997654805623,6.10295276852844,0.0312533902290747,0.0040984067081336695,0.785416274843321,0.0
146.395,594.9083682749988,11.81138449700927,11.72997654805623,6.10295276852844,0.0312533902290747,0.0040984067081336695,0.785416274843321,0.0
146.444,595.1080823770026,11.81138449700927,11.72997654805623,6.10295276852844,0.0312533902290747,0.0040984067081336695,0.785416274843321,0.0
146.492,595.3081596730044,11.81138449700927,11.72997654805623,6.10295276852844,0.0312533902290747,0.0040984067081336695,0.785416274843321,0.0
146.539,595.5080316530002,11.81138449700927,11.72997654805623,6.10295276852844,0.0312533902290747,0.0040984067081336695,0.785416274843321,0.0
146.585,595.7080841159986,11.81138449700927,11.72997654805623,6.10295276852844,0.0312533902290747,0.0040984067081336695,0.785416274843321,0.0
146.629,595.9080642940025,11.81138449700927,11.72997654805623,6.10295276852844,0.0312533902290747,0.0040984067081336695,0.785416274843321,0.0
146.672,596.1081289290014,11.81138449700927,11.72997654805623,6.10295276852844,0.0312533902290747,0.0040984067081336695,0.785416274843321,0.0
146.709,596.3082876840053,11.81138449700927,11.72997654805623,6.10295276852844,0.0312533902290747,0.0040984067081336695,0.785416274843321,0.0
146.753,596.5082023850046,11.81138449700927,11.72997654805623,6.10295276852844,0.0312533902290747,0.0040984067081336695,0.785416274843321,0.0
146.798,596.7081425020006,11.81138449700927,11.72997654805623,6.10295276852844,0.0312533902290747,0.0040984067081336695,0.785416274843321,0.0
146.843,596.9081004540058,11.81138449700927,11.72997654805623,6.10295276852844,0.0312533902290747,0.0040984067081336695,0.785416274843321,0.0
146.888,597.1084363980044,11.81138449700927,11.72997654805623,6.10295276852844,0.0312533902290747,0.0040984067081336695,0.785416274843321,0.0
146.931,597.308130409001,11.81138449700927,11.72997654805623,6.10295276852844,0.0312533902290747,0.0040984067081336695,0.785416274843321,0.0
146.977,597.5080455870047,11.81138449700927,11.72997654805623,6.10295276852844,0.0312533902290747,0.0040984067081336695,0.785416274843321,0.0
147.021,597.7081607510045,11.81138449700927,11.72997654805623,6.10295276852844,0.0312533902290747,0.0040984067081336695,0.785416274843321,0.0
147.069,597.9080357790008,11.81138449700927,11.72997654805623,6.10295276852844,0.0312533902290747,0.0040984067081336695,0.785416274843321,0.0
147.117,598.1080943100023,11.81138449700927,11.72997654805623,6.10295276852844,0.0312533902290747,0.0040984067081336695,0.785416274843321,0.0
147.164,598.3080736970005,11.81138449700927,11.72997654805623,6.10295276852844,0.0312533902290747,0.0040984067081336695,0.785416274843321,0.0
147.213,598.5080736270029,11.81138449700927,11.72997654805623,6.10295276852844,0.0312533902290747,0.0040984067081336695,0.785416274843321,0.0
147.26,598.7081961650038,11.81138449700927,11.72997654805623,6.10295276852844,0.0312533902290747,0.0040984067081336695,0.785416274843321,0.0
147.304,598.908229351,11.81138449700927,11.72997654805623,6.10295276852844,0.0312533902290747,0.0040984067081336695,0.785416274843321,0.0
147.35,599.1081258640043,11.81138449700927,11.72997654805623,6.10295276852844,0.0312533902290747,0.0040984067081336695,0.785416274843321,0.0
147.398,599.3082325370051,11.81138449700927,11.72997654805623,6.10295276852844,0.0312533902290747,0.0040984067081336695,0.785416274843321,0.0
147.445,599.508163216,11.81138449700927,11.72997654805623,6.10295276852844,0.0312533902290747,0.0040984067081336695,0.785416274843321,0.0
147.493,599.7086218760014,11.81138449700927,11.72997654805623,6.10295276852844,0.0312533902290747,0.0040984067081336695,0.785416274843321,0.0
147.542,599.9081091000044,11.81138449700927,11.72997654805623,6.10295276852844,0.0312533902290747,0.0040984067081336695,0.785416274843321,0.0
147.59,600.1081105570047,11.81138449700927,11.72997654805623,6.10295276852844,0.0312533902290747,0.0040984067081336695,0.785416274843321,0.0
147.638,600.3081772459991,11.81138449700927,11.72997654805623,6.10295276852844,0.0312533902290747,0.0040984067081336695,0.785416274843321,0.0
147.687,600.5081304510022,11.81138449700927,11.72997654805623,6.10295276852844,0.0312533902290747,0.0040984067081336695,0.785416274843321,0.0
147.736,600.708284018001,11.81138449700927,11.72997654805623,6.10295276852844,0.0312533902290747,0.0040984067081336695,0.785416274843321,0.0
147.786,600.9080989440045,11.81138449700927,11.72997654805623,6.10295276852844,0.0312533902290747,0.0040984067081336695,0.785416274843321,0.0
147.833,601.1081413110005,11.81138449700927,11.72997654805623,6.10295276852844,0.0312533902290747,0.0040984067081336695,0.785416274843321,0.0
147.882,601.3082874730026,11.81138449700927,11.72997654805623,6.10295276852844,0.0312533902290747,0.0040984067081336695,0.785416274843321,0.0
147.929,601.5084833210058,11.81138449700927,11.72997654805623,6.10295276852844,0.0312533902290747,0.0040984067081336695,0.785416274843321,0.0
147.978,601.7081650120017,11.81138449700927,11.72997654805623,6.10295276852844,0.0312533902290747,0.0040984067081336695,0.785416274843321,0.0
148.026,601.9081413810054,11.81138449700927,11.72997654805623,6.10295276852844,0.0312533902290747,0.0040984067081336695,0.785416274843321,0.0
148.076,602.1083424980025,11.81138449700927,11.72997654805623,6.10295276852844,0.0312533902290747,0.0040984067081336695,0.785416274843321,0.0
148.124,602.3081228310039,11.81138449700927,11.72997654805623,6.10295276852844,0.0312533902290747,0.0040984067081336695,0.785416274843321,0.0
148.174,602.5081601300044,11.81138449700927,11.72997654805623,6.10295276852844,0.0312533902290747,0.0040984067081336695,0.785416274843321,0.0
148.22,602.708245075999,11.81138449700927,11.72997654805623,6.10295276852844,0.0312533902290747,0.0040984067081336695,0.785416274843321,0.0
148.269,602.9081488750016,11.81138449700927,11.72997654805623,6.10295276852844,0.0312533902290747,0.0040984067081336695,0.785416274843321,0.0
148.315,603.1080304979987,11.81138449700927,11.72997654805623,6.10295276852844,0.0312533902290747,0.0040984067081336695,0.785416274843321,0.0
148.363,603.3080884049996,11.81138449700927,11.72997654805623,6.10295276852844,0.0312533902290747,0.0040984067081336695,0.785416274843321,0.0
148.407,603.5082309659992,11.81138449700927,11.72997654805623,6.10295276852844,0.0312533902290747,0.0040984067081336695,0.785416274843321,0.0
148.458,603.7080997490048,11.81138449700927,11.72997654805623,6.10295276852844,0.0312533902290747,0.0040984067081336695,0.785416274843321,0.0
148.506,603.9080243950011,11.81138449700927,11.72997654805623,6.10295276852844,0.0312533902290747,0.0040984067081336695,0.785416274843321,0.0
148.554,604.1081296840057,11.81138449700927,11.72997654805623,6.10295276852844,0.0312533902290747,0.0040984067081336695,0.785416274843321,0.0
148.604,604.3081070100015,11.81138449700927,11.72997654805623,6.10295276852844,0.0312533902290747,0.0040984067081336695,0.785416274843321,0.0
148.652,604.5080852960018,11.81138449700927,11.72997654805623,6.10295276852844,0.0312533902290747,0.0040984067081336695,0.785416274843321,0.0
148.7,604.7081542410015,11.81138449700927,11.72997654805623,6.10295276852844,0.0312533902290747,0.0040984067081336695,0.785416274843321,0.0
148.747,604.9081325400039,11.81138449700927,11.72997654805623,6.10295276852844,0.0312533902290747,0.0040984067081336695,0.785416274843321,0.0
148.796,605.1081454020023,11.81138449700927,11.72997654805623,6.10295276852844,0.0312533902290747,0.0040984067081336695,0.785416274843321,0.0
148.842,605.3080478400007,11.81138449700927,11.72997654805623,6.10295276852844,0.0312533902290747,0.0040984067081336695,0.785416274843321,0.0
148.892,605.5083310460031,11.81138449700927,11.72997654805623,6.10295276852844,0.0312533902290747,0.0040984067081336695,0.785416274843321,0.0
148.936,605.7082133500007,11.81138449700927,11.72997654805623,6.10295276852844,0.0312533902290747,0.0040984067081336695,0.785416274843321,0.0
148.985,605.9081826500042,11.81138449700927,11.72997654805623,6.10295276852844,0.0312533902290747,0.0040984067081336695,0.785416274843321,0.0
149.033,606.1082710670016,11.81138449700927,11.72997654805623,6.10295276852844,0.0312533902290747,0.0040984067081336695,0.785416274843321,0.0
149.082,606.3081421440002,11.81138449700927,11.72997654805623,6.10295276852844,0.0312533902290747,0.0040984067081336695,0.785416274843321,0.0
149.13,606.5082033920044,11.81138449700927,11.72997654805623,6.10295276852844,0.0312533902290747,0.0040984067081336695,0.785416274843321,0.0
149.179,606.7081321520018,11.81138449700927,11.72997654805623,6.10295276852844,0.0312533902290747,0.0040984067081336695,0.785416274843321,0.0
149.228,606.9081425170007,11.81138449700927,11.72997654805623,6.10295276852844,0.0312533902290747,0.0040984067081336695,0.785416274843321,0.0
149.277,607.1083197080006,11.81138449700927,11.72997654805623,6.10295276852844,0.0312533902290747,0.0040984067081336695,0.785416274843321,0.0
149.325,607.3086013069988,11.81138449700927,11.72997654805623,6.10295276852844,0.0312533902290747,0.0040984067081336695,0.785416274843321,0.0
149.373,607.5081237640043,11.81138449700927,11.72997654805623,6.10295276852844,0.0312533902290747,0.0040984067081336695,0.785416274843321,0.0
149.422,607.7081099450006,11.81138449700927,11.72997654805623,6.10295276852844,0.0312533902290747,0.0040984067081336695,0.785416274843321,0.0
149.471,607.9082588570018,11.81138449700927,11.72997654805623,6.10295276852844,0.0312533902290747,0.0040984067081336695,0.785416274843321,0.0
149.52,608.1086304760029,11.81138449700927,11.72997654805623,6.10295276852844,0.0312533902290747,0.0040984067081336695,0.785416274843321,0.0
149.569,608.3080310280056,11.81138449700927,11.72997654805623,6.10295276852844,0.0312533902290747,0.0040984067081336695,0.785416274843321,0.0
149.616,608.508501919001,11.81138449700927,11.72997654805623,6.10295276852844,0.0312533902290747,0.0040984067081336695,0.785416274843321,0.0
149.666,608.708273727003,11.81138449700927,11.72997654805623,6.10295276852844,0.0312533902290747,0.0040984067081336695,0.785416274843321,0.0
149.715,608.9080776940027,11.81138449700927,11.72997654805623,6.10295276852844,0.0312533902290747,0.0040984067081336695,0.785416274843321,0.0
149.763,609.1081448350014,11.81138449700927,11.72997654805623,6.10295276852844,0.0312533902290747,0.0040984067081336695,0.785416274843321,0.0
149.812,609.3080966410052,11.81138449700927,11.72997654805623,6.10295276852844,0.0312533902290747,0.0040984067081336695,0.785416274843321,0.0
149.86,609.5080505680016,11.81138449700927,11.72997654805623,6.10295276852844,0.0312533902290747,0.0040984067081336695,0.785416274843321,0.0
149.91,609.7080392560019,11.81138449700927,11.72997654805623,6.10295276852844,0.0312533902290747,0.0040984067081336695,0.785416274843321,0.0
149.96,609.9082412440039,11.81138449700927,11.72997654805623,6.10295276852844,0.0312533902290747,0.0040984067081336695,0.785416274843321,0.0
