sim_t,wall_t,gt_x,gt_y,gt_z,roll,pitch,yaw,odom_vx
0.002,2.400323058001959,0.0,0.0,6.618677247381118,0.0,0.0,0.0,
0.002,2.60025088600014,0.0,0.0,6.618677247381118,0.0,0.0,0.0,
0.002,2.8002827300006174,0.0,0.0,6.618677247381118,0.0,0.0,0.0,
0.003,3.000225292002142,0.0,0.0,6.618672387381118,0.0,0.0,0.0,
0.003,3.2002470570005244,0.0,0.0,6.618672387381118,0.0,0.0,0.0,
0.003,3.4002556600025855,0.0,0.0,6.618672387381118,0.0,0.0,0.0,
0.027000000000000003,3.600133268002537,0.0,0.0,6.618113487381118,0.0,0.0,0.0,0.0
0.083,3.8001745000001392,0.0,0.0,6.613169247381117,0.0,0.0,0.0,0.0
0.139,4.000383995000448,0.0,0.0,6.603144687381118,0.0,0.0,0.0,0.0
0.19,4.200061302999529,0.0,0.0,6.589595007381117,0.0,0.0,0.0,0.0
0.24000000000000002,4.400434072002099,0.0,0.0,6.571831707381118,0.0,0.0,0.0,0.0
0.29800000000000004,4.600184167000407,0.0,0.0,6.546992247381118,0.0,0.0,0.0,0.0
0.34700000000000003,4.800129343002482,0.0,0.0,6.521431887381119,0.0,0.0,0.0,0.0
0.399,5.00014953900245,0.0,0.0,6.490052487381117,0.0,0.0,0.0,0.0
0.456,5.200214815002255,0.0,0.0,6.450623307381117,0.0,0.0,0.0,0.0
0.504,5.400119186000666,0.0,0.0,6.413337387381118,0.0,0.0,0.0,0.0
0.559,5.600148145000276,0.0,0.0,6.366025287381119,0.0,0.0,0.0,0.0
0.613,5.800148149999586,0.0,0.0,6.313812687381119,0.0,0.0,0.0,0.0
0.671,6.000405234000937,0.0,0.0,6.254530407381119,0.0,0.0,0.0,0.0
0.7280000000000001,6.200279882999894,0.0,0.0,6.1899847473811205,0.0,0.0,0.0,0.0
0.785,6.400155647999782,-0.0014785751478525867,-0.0003302406673570707,6.17339457203117,0.018227725478063072,0.01893619047647166,0.003252945787806728,1.4141544380820437e-11
0.8340000000000001,6.600581687001977,-0.0014781120423510122,-0.000323948222777843,6.173420324453197,0.01810591846775782,0.018936187866634816,0.003252787776202518,1.4144281991305963e-11
0.887,6.800098949999665,-0.001477628003014148,-0.0003172004339151739,6.173447349323558,0.01797543699475486,0.018936184982084128,0.0032526274664605413,1.4147905937067495e-11
0.9420000000000001,7.000227410000662,-0.0014771399494629687,-0.0003102774947854236,6.173474712805063,0.01784163768504278,0.01893618190187275,0.0032524727356742157,1.4151180227628402e-11
0.9960000000000001,7.20058174299993,-0.0014766468194108747,-0.0003031984537354746,6.173502479201736,0.017704844118304506,0.01893617860828805,0.0032523246715857688,1.4153259185294143e-11
1.022,7.297142741001153,-0.0014764237595956263,-0.00029997511321431435,6.173515078288791,0.017642556420369472,0.01893617705744339,0.0032522606490873024,1.4155283932851259e-11
1.036,7.350235869002063,-0.001476290217294005,-0.0002980399660172835,6.173522632962547,0.017605160320927262,0.01893617611058466,0.003252223233234463,1.4155283932851259e-11
1.093,7.550023861000227,-0.0014757934512821377,-0.0002908102929845155,6.17355081375155,0.01746543453727822,0.0189361724662988,0.003252090219616137,1.4158249225793007e-11
1.143,7.7501068050005415,-0.0014756319946077027,-0.00028471926103400215,6.17357595304453,0.017352302071140937,0.018925708530923298,0.0038912644271895955,1.5211699358908676e-11
1.195,7.950250728001265,-0.0014762772450426594,-0.00027942412703314877,6.173602083017986,0.017268519895801988,0.018884418876370188,0.006409850443259262,1.5209215180680968e-11
1.249,8.15011696700094,-0.0014778313352962597,-0.00027500839487348903,6.173629207997437,0.017218035437537884,0.01880827598064775,0.011036238898885232,1.5201815500853755e-11
1.304,8.350250136001705,-0.0014859715402350273,-0.00027394316968469426,6.173654398413301,0.017184296021997808,0.018649811175905875,0.017830937949812765,1.5794136831726036e-11
1.359,8.550184232000902,-0.0015236922963653983,-0.0002900094911784191,6.1736699631430785,0.01710663922104751,0.018270605383034662,0.02669146218389204,1.5083550727879036e-11
1.413,8.750117383999168,-0.001556322096737249,-0.0003116300100163009,6.173678797967966,0.017160198590442037,0.01795814571052999,0.037309149411581456,1.5109701684279386e-11
1.465,8.950306859002012,-0.0015850156449997049,-0.0003354326246853117,6.1736837875400825,0.01727269686486655,0.01770014760284595,0.04801651232834574,1.4173991841337497e-11
1.5150000000000001,9.150098565001827,-0.0016109953454628003,-0.0003598163724084158,6.173686658617292,0.01740720674591423,0.017480740934448725,0.058225449932598275,1.420061984669374e-11
1.568,9.35024878799959,-0.001637830416201951,-0.00038693778553502663,6.173688500420697,0.01756821931630177,0.0172624105370563,0.06915600787162955,1.4234446954475288e-11
1.623,9.550126901001931,-0.0016636805047941855,-0.0004142766050571577,6.173689570757248,0.017737357290309418,0.01705541206844048,0.07998817282596798,1.4265151560000078e-11
1.679,9.750094718001492,-0.0016896219192141606,-0.0004424623295314685,6.173690209909648,0.017916083400018733,0.016847601241698457,0.09111803618017877,1.428666213110219e-11
1.733,9.950067532001412,-0.001714581866059033,-0.00047002355500375093,6.173690569030624,0.01809190521910307,0.01664737957575719,0.10194703194731805,1.4320489238883738e-11
1.7850000000000001,10.150357755999721,-0.0018002884933027417,-0.0005500110251293659,6.173691052937872,0.018253836837351753,0.016465496586136934,0.11186410186930551,-1.1459236337607592e-11
1.834,10.350120312999934,-0.0019344330624027272,-0.0007156203255882745,6.173690961060575,0.018409050971205043,0.016291006701232832,0.12138403226367002,-1.0733774979954092e-11
1.888,10.550105599002563,-0.0020550693800104524,-0.0009272872094731626,6.173689820986662,0.018579680653592244,0.016095613659652393,0.13194989242341887,-1.0433320873914909e-11
1.9420000000000002,10.75009251099982,-0.002147107122659091,-0.0011696314616606073,6.173687615312722,0.01874967594799049,0.015896950636417256,0.14259416007559894,-1.0125233984581428e-11
1.996,10.950636413999746,-0.0022113686688674363,-0.0014481067890582682,6.173684286978813,0.018922020441675607,0.015691224066455248,0.15351645937880787,-9.91567938868343e-12
2.047,11.150093914002355,-0.0022439046495791306,-0.0017290670625895116,6.17368031957501,0.019077901061586914,0.015501216097514441,0.16351696682499647,-9.598571937274869e-12
2.056,11.350171885002055,-0.002247448490786011,-0.001788443580368658,6.173679418712765,0.0191089793744958,0.015462871868381578,0.16552522353748259,-9.598571937274869e-12
2.089,11.55022198900042,-0.0022521419346189747,-0.001985594187468448,6.17367629560067,0.01920819983199827,0.015339399938420322,0.17196995799509063,-9.382772336863354e-12
2.13,11.750161969001056,-0.0022433361771990695,-0.0022541309884691442,6.173671758940616,0.019334792730044393,0.015179480144093635,0.18026814959181836,-9.16315634480469e-12
2.181,11.950384101000964,-0.0022081837587044975,-0.002620523273503046,6.173665140132855,0.01949443951666498,0.014973859807236395,0.19085896604354108,-8.839456944187418e-12
2.232,12.150259567999456,-0.0021490453052404536,-0.003000107709096962,6.173657862869984,0.019646930253486836,0.014773183648302752,0.20111263766964368,-8.625739011947076e-12
2.275,12.350323863000085,-0.002078285611567196,-0.0033479941996009863,6.1736508876356515,0.01977723227275699,0.014598264895524977,0.20998608067685778,-8.40855163275478e-12
2.318,12.550135512999987,-0.001989097453292054,-0.003715751219072171,6.17364324872111,0.01990672016177866,0.014421173819944002,0.21891086927254383,-8.187200917220139e-12
2.368,12.750159408002219,-0.0018621885617106288,-0.004168409486548533,6.173633530642924,0.02005621687750178,0.014212508851785316,0.22935338441398556,-7.849970673490247e-12
2.425,12.950280892000592,-0.0016870436534306378,-0.004717338804970248,6.173621354506393,0.020225170815670775,0.013971011055709965,0.24134335301491303,-7.505107646466058e-12
2.48,13.150189897001837,-0.0014872362130923789,-0.005280299348165251,6.173608495562305,0.020386634573757834,0.013734310453093312,0.25299947721522253,-7.270573032513994e-12
2.502,13.350302275001013,-0.0013988344634209998,-0.005514652118235696,6.173603046406542,0.020450773324575077,0.013638614638175289,0.25768593068946477,-7.032568971609976e-12
2.551,13.550199905999762,-0.0011845164043511503,-0.006055472423169366,6.173590281539452,0.020592676709031015,0.013423379640251734,0.268173475496492,-6.793871021315567e-12
2.603,13.750214960000449,-0.0009299876030852986,-0.006656905053103317,6.173575788137599,0.0207417405587905,0.013191858306904019,0.2793751043941664,-6.419864639894968e-12
2.642,13.950125538001885,-0.0004858874241633431,-0.006845565869250148,6.173564537024269,0.020842729236829227,0.013031704439322998,0.2870771708869196,0.02839999999045273
2.693,14.15010479600096,0.0012597974582143204,-0.0064652459142701775,6.17353861031188,0.020953123834896486,0.012853457011926528,0.295605953616406,0.060399999990876085
2.75,14.350089109000692,0.005344025282250406,-0.00535479585997717,6.173481553350462,0.021079160425725472,0.012645723546585092,0.305489689888401,0.09913412013201202
2.797,14.550101250002626,0.009283310692186074,-0.004162828393816882,6.173428493250083,0.02119701865152477,0.012447178463833508,0.3148817733318556,0.09913412013232703
2.847,14.750136082999234,0.013773658806977123,-0.002690093166737332,6.173369869865617,0.021332202253897696,0.012214071702638853,0.3258431036270176,0.10198272043770369
2.901,14.950116957999853,0.01875500716449704,-0.0011179317522566285,6.173303831813033,0.0214778949479326,0.011956045231322597,0.3378965541401349,0.10198272043831431
2.951,15.15017694999915,0.023507458152669827,0.0003558909351292932,6.1732404047848535,0.02160681151119415,0.01172147120615891,0.34878460577650194,0.10550776808434108
3.006,15.350126559002092,0.029008758554594734,0.0021141015544834454,6.173167842273298,0.021758827465700806,0.011436735791927688,0.3619151290341558,0.10550776807623648
3.064,15.55053179800234,0.03526441231422913,0.004217289048744815,6.1730870233552375,0.02192725249188118,0.011110319356383605,0.37685722417361195,0.10919153182847588
3.119,15.750389819000702,0.041251219045967805,0.006171158999485643,6.173008716715707,0.022081084313625446,0.010801274139622981,0.39090046175182147,0.10919153182875618
3.175,15.950141396002437,0.047443869073953336,0.008190310208422398,6.172927686411026,0.022232158950647295,0.010486712173179652,0.4050959438676823,0.11333153135018177
3.228,16.150117170000158,0.053576148374816876,0.010159932396458338,6.172846959071172,0.022374508749415684,0.0101793758109924,0.4188740318287272,0.11765102401401564
3.281,16.35040231200037,0.05988754911205901,0.012174162861566125,6.172763662548957,0.0225140708273075,0.009866777993173502,0.4327999037192432,0.11765102401464014
3.335,16.550099059000786,0.06650277242928665,0.014274168166848547,6.172676173309576,0.02265276449861293,0.009543969515630888,0.4470919465320052,0.12204465871314336
3.391,16.75008670600073,0.07354186522328186,0.01647794603415168,6.172582575617627,0.022793226143587125,0.009203389368358315,0.4620780860205481,0.12204465871376927
3.447,16.950193701002718,0.08093924387037248,0.01880865958402447,6.172484453855426,0.022932026192753443,0.008851793589264217,0.47745433228912,0.12652318810412524
3.501,17.150259206002374,0.08809525428161392,0.021008243717606605,6.1723886348549035,0.023059907823126932,0.008513018362670962,0.49218394326692444,0.1265231881045794
3.556,17.350130242000887,0.09549561010481078,0.02333078652958967,6.1722903235113,0.023183726431205906,0.008169735290489857,0.5070282269556519,0.13109129166830985
3.605,17.550090365999495,0.10228036456103053,0.02543981064141756,6.172199858242514,0.0232927270932744,0.00785351975624035,0.5206335352672095,0.13109129166979333
3.66,17.750115224000183,0.11008035509127015,0.02799910139843343,6.172098051300726,0.023410936580411212,0.007493744398955034,0.5360375843800811,0.13575336370517527
3.716,17.950095439002325,0.11805443114421567,0.03069937394585918,6.171995338513249,0.023526642344116735,0.0071221273630390275,0.5518692575917318,0.13575336370561691
3.773,18.150169633001497,0.12633456464996665,0.03362918343224609,6.171890735085659,0.023639641080211847,0.006737554209643002,0.5681733708022885,0.14051415889628877
3.826,18.350110684001265,0.13408511388865751,0.03648408026387305,6.171794654796061,0.023739884782278942,0.0063753464660517845,0.5834601571656248,0.14537889000500254
3.877,18.550192204002087,0.14179635063952906,0.039425394202246354,6.171700706040943,0.02383386957234839,0.006014478302168468,0.5986281949058812,0.14537889000650445
3.923,18.750358294000762,0.14866098216923485,0.042144622909515574,6.1716187151481945,0.023912996688870532,0.0056917612901447095,0.6121434886004021,0.15035314492700366
3.976,18.950151502001972,0.1565192706756935,0.04536178504093222,6.171526556211217,0.023998087860978165,0.0053216380316484495,0.6275909162905134,0.1503531449285172
4.033,19.150106531000347,0.16515446668560302,0.04910248795775705,6.1714286353024805,0.024083054750072542,0.004922936292151594,0.644172142479351,0.15544318766070145
4.092,19.350100808002026,0.1740474634888042,0.05324703651025927,6.171332553748447,0.024159785467256972,0.0045315143210603055,0.6603960497286883,0.15544318765718257
4.148,19.55012056200212,0.18249285149113145,0.057499735627930454,6.171246472050306,0.02422260136738132,0.0041828940592898885,0.6748042488963711,0.16044369060698588
4.205,19.750189140002476,0.1911015375492803,0.06214421686257963,6.171163772299389,0.024277703115863615,0.003850384319771304,0.6885132106658016,0.16044369060330932
4.26,19.95028041200203,0.1990840231578303,0.06682602650210986,6.171093204611545,0.024319671507361258,0.0035759186539916546,0.6998065443893096,0.16497421402663734
4.314,20.150119867001195,0.20691811197803603,0.0716418628297177,6.171027555424651,0.024355834890460466,0.0033207706247003177,0.7102881849529428,0.1649742140250822
4.371,20.35017079500176,0.21487056596193474,0.07699891629712104,6.170968561599348,0.024383505608562315,0.0031107948702708953,0.7189028284298441,0.16881433725423622
4.428,20.550088924999727,0.22279390502281163,0.08251587356846599,6.170912710234907,0.02440799947939235,0.0029120551554403257,0.7270477539511593,0.17183658408508173
4.486,20.750112124002044,0.2308042056435662,0.08835481514083968,6.170860507674101,0.024428613277477255,0.0027333892373476772,0.7343632340481018,0.17183658408232697
4.543,20.950130531000468,0.23865752199089713,0.09427095918691954,6.170812451807934,0.024446122766912427,0.002571716300331309,0.7409777576537083,0.17419342907226684
4.595,21.150092858999415,0.24578126764699715,0.09977310815147558,6.170771070613773,0.024460217274010845,0.0024336530930310074,0.7466226859157993,0.17419342907228944
4.649,21.350118656999257,0.2531644422857439,0.1056571088593735,6.170731140360752,0.024472610471140577,0.0023053070546357334,0.7518674595702919,0.17620214496806458
4.705,21.55009174999941,0.2607842925764606,0.11183341436830903,6.170691619675113,0.024484269510879158,0.0021775734386311227,0.7570846333853875,0.1762021449681163
4.763,21.750099888002296,0.2686518806619182,0.11841196257727868,6.170654097178829,0.02449416070567564,0.0020628952223125194,0.761766507179042,0.17792784254846566
4.82,21.950108793000254,0.27635682692892843,0.12495024670232494,6.1706189100655875,0.024502987465129644,0.0019548191833227424,0.7661771426413475,0.17792784254846494
4.879,22.150103865002166,0.28430201395914967,0.13184853109007227,6.170585170256665,0.024510658214928947,0.0018557048386192187,0.7702206836050104,0.17940650976269043
4.931,22.350099767001666,0.2912872551499461,0.1380069996304132,6.170557032694283,0.024516650364541835,0.0017743862388133432,0.7735372852227864,0.1806714327843621
4.984,22.550089775999368,0.29838461558681084,0.14435571544496,6.170529932741477,0.02452202413271632,0.001698110342190682,0.7766474967889416,0.18067143278423375
5.039,22.75017767400277,0.30573391600676975,0.15102698684726323,6.170503454469529,0.024526882323640798,0.0016260409003842396,0.7795855677399636,0.1817524219815666
5.094,22.950561680001556,0.313196330422166,0.15787666326122138,6.170477802451054,0.024531316259641358,0.0015573452330198303,0.7823855681949239,0.1817524219813599
5.15,23.15010493900263,0.32051343798044823,0.16469662990799255,6.170454339900097,0.024534970118502655,0.0014983723561590064,0.7847888149208884,0.18267538134603828
5.204,23.350275423999847,0.3277014711348294,0.17148673364932532,6.1704327758699575,0.024538022038273634,0.001447991283888175,0.7868416975750054,0.18267538135071512
5.256,23.550147923000623,0.334608583617885,0.17809052255022037,6.170413343077675,0.024540476453740113,0.00140629189353765,0.7885406407905123,0.18345000221086508
5.307,23.750250955999945,0.3413722653304021,0.1845826680451761,6.1703947288272465,0.024542790675080823,0.001365865813276765,0.7901875462484057,0.1834500022109123
5.363,23.950168459999986,0.3487851859752168,0.19176399809675684,6.170375403400214,0.024544967828626897,0.0013268380099076009,0.7917773465885258,0.18404441451125578
5.418,24.150085271001444,0.3560548264359039,0.1988394920453064,6.170356988264164,0.024546976279238363,0.001289855533588131,0.793283702985962,0.18404441451125023
5.475,24.350086964001093,0.36357656047707976,0.20621105316600846,6.170338760471291,0.024548812280196775,0.0012552035347384812,0.7946950286237643,0.18455551401935222
5.53,24.550148526999692,0.3708244166538943,0.213350978473833,6.170321795171625,0.024550430875884155,0.001223915114692922,0.7959692721943772,0.18500119650223246
5.582,24.750122563000332,0.37766794508745083,0.22012479156769937,6.170306300503208,0.02455182601547714,0.001196352899508357,0.7970916974615275,0.18500119650218805
5.634,24.9502598830004,0.3846350367878799,0.2270543209368407,6.170291070145636,0.024553108908949697,0.0011704990961862367,0.7981444941532401,0.18538950436894908
5.691,25.150166059000185,0.3919880954289055,0.23439461530193056,6.170275433568162,0.024554366182856474,0.0011446285515395163,0.7991979209184428,0.18538950436887142
5.746,25.350222474000475,0.3992025522988172,0.24163194874322141,6.170260668256563,0.024555455152459087,0.0011217948991475647,0.800127644958681,0.18572763199496825
5.802,25.55017050999959,0.40654269279254535,0.24901328330595995,6.170245937495086,0.024556514616658875,0.001099085421724444,0.8010522759956821,0.1857276319952722
5.856,25.750256819999777,0.4136366891195003,0.2561672274867889,6.170232039575289,0.02455743717943309,0.0010779643987640212,0.8019121958719098,0.1860225241526403
5.908,25.950284993999958,0.42046437472687115,0.26306493357308536,6.170218864950673,0.024558295456060465,0.0010577575875532616,0.8027348617465813,0.1860225241525404
5.959,26.150243213000067,0.42715148988267504,0.26985075989088814,6.170206452228376,0.024559015515926753,0.0010403821467312425,0.8034422340706918,0.18629621613184266
6.015,26.35008394000033,0.43448768464413967,0.27731171005087063,6.170193102246662,0.02455976208782014,0.0010219732328273126,0.804191656940605,0.18629621613167058
6.073,26.55011257500155,0.44207665384013395,0.28505878723515043,6.170179764932056,0.024560428128153292,0.0010051302814506617,0.8048773109926796,0.1865490944391035
6.126,26.750212562001252,0.449005144823323,0.29214939208671115,6.1701678770260155,0.024560982950679437,0.000990794691156019,0.8054608781222623,0.1867650338176957
6.183,26.95016636999935,0.4564499610335435,0.29978782450992486,6.170155418696725,0.02456151713146367,0.000976694709010039,0.8060348413463736,0.18676503381755138
6.237,27.150091128001804,0.4634969018462341,0.3070365718025582,6.170143927264515,0.024561964038393055,0.0009646439475638548,0.8065253769690129,0.18694865223982393
6.289,27.350196772000345,0.4702785218378242,0.31402410568325784,6.170133058246644,0.02456236368442727,0.0009536862692924498,0.8069714098544354,0.18694865223976564
6.344,27.550148754002294,0.47744596178286397,0.32142659960696957,6.17012185378793,0.02456273011433039,0.0009434329875397769,0.8073887630935547,0.18710491666597273
6.401,27.750087552001787,0.4848701985150543,0.3291038506380323,6.17011040213887,0.02456309115089295,0.0009332012971194294,0.8078052309081978,0.18710491666586448
6.454,27.950090713002282,0.4917678833558868,0.3362565459034882,6.170100086640444,0.024563356561574545,0.0009254812277251376,0.8081194620317668,0.1872747895025395
6.505,28.150084721000894,0.4984030107327321,0.34314176689700454,6.170090240884998,0.024563608445199184,0.0009181195511783429,0.8084191019368916,0.1872747895025395
6.5600000000000005,28.350091308999254,0.5055551075806477,0.3505739495131704,6.170079798239585,0.024563851710856763,0.0009109254569703788,0.8087119174598199,0.18734818847751245
6.611,28.550096841001505,0.5121847968337865,0.3574686881906136,6.170070205828495,0.024564070387669595,0.0009044418105231499,0.8089758132009868,0.1873481884773931
6.6690000000000005,28.750056307002524,0.519720931203201,0.3653174285372981,6.170059485425831,0.02456428745125341,0.0008979460470606068,0.8092401999822391,0.18744211343393047
6.726,28.950104392002686,0.5271244285639347,0.37303533495835717,6.170049071916831,0.024564487565194856,0.0008919655366459607,0.8094836138449918,0.18752495256557367
6.784,29.150094952001382,0.5346545571847561,0.38089047397385223,6.170038569731989,0.024564710498914073,0.0008860588247382434,0.8097239412177627,0.18752495256648127
6.838,29.35034890300085,0.5417917829287503,0.38834243107488126,6.170028730610833,0.024564945098983482,0.000880857278489324,0.8099356540656558,0.18761788830059245
6.896,29.550281227002415,0.5491865003143751,0.3960694696346206,6.170018637514442,0.024565176379763683,0.0008758428793084125,0.8101397464155943,0.1876178883006313
6.945,29.75008614900071,0.5555415781613349,0.4027163211284323,6.170010063498519,0.024565359673620564,0.0008719886587828496,0.8102966162303522,0.18766297839812318
7.002,29.95009966300131,0.5629328303772543,0.4104501145430278,6.170000142871277,0.024565570462252277,0.0008675782521134636,0.810476121259621,0.1876629783980066
7.059,30.15009233100136,0.5703218820196179,0.4181901834006873,6.169990364251663,0.024565754908679734,0.0008638994824872417,0.8106258478049616,0.18771972551805127
7.113,30.350138746001903,0.5773207506697458,0.4255248133411811,6.169981154726918,0.02456592362687473,0.0008605537371189715,0.8107620193410304,0.18771972551805405
7.167,30.55035742399923,0.584318086690563,0.4328635685907858,6.16997203996593,0.02456607401252555,0.0008576812702751983,0.8108789286548287,0.18776843857555847
7.222,30.75008882399925,0.5914438374664189,0.44034038829367933,6.169962812454698,0.024566217583534104,0.0008549546147539568,0.8109899041445281,0.18780860415626432
7.274,30.950303577999875,0.5981784596971703,0.4474117859355837,6.169954177352572,0.024566308273567646,0.0008528119127148377,0.8110771176216045,0.18780860415737455
7.33,31.150109557001997,0.605428943587364,0.45502896658078845,6.1699449535413455,0.024566359842092832,0.0008508486515321419,0.8111570188863247,0.18784121780460183
7.388,31.35010947599949,0.6129377777140028,0.46292027311626016,6.169935444435096,0.024566403443810125,0.000848998469550505,0.8112323190797356,0.18784121780448526
7.445,31.5502624260007,0.6203165977954587,0.47067778781655256,6.1699261454012975,0.024566436118617363,0.0008473904229969974,0.8112977655214302,0.18786500099913228
7.502,31.7501137390027,0.6276949285215193,0.47843631555399996,6.1699168708215115,0.02456646408789617,0.0008458484209713722,0.811360524363335,0.1878650009990157
7.557,31.950097963999724,0.6348139441687887,0.48592480987613723,6.169907964207799,0.024566481738075067,0.0008445767844322147,0.8114122799705992,0.18788491908554583
7.605,32.150071268999454,0.641026587149503,0.4924606368700002,6.169900202793255,0.02456649546157738,0.0008434805811105343,0.8114568954534676,0.1878849190853904
7.663,32.35007756400228,0.6485331742656696,0.5003599364822011,6.169890859803218,0.02456650468620994,0.000842337587063344,0.8115034157460126,0.18790191639833087
7.72,32.550089160002244,0.6560393978029146,0.5082600635787766,6.169881535644867,0.024566511123492594,0.0008412527482697215,0.811547569113427,0.18790191639829756
7.7780000000000005,32.7501205640001,0.6634158878831802,0.5160251814831546,6.1698723962953075,0.024566513403708357,0.0008402953021390534,0.8115865377325134,0.18791640445358082
7.836,32.950102607999725,0.6709214885137434,0.5239275342610618,6.169863117195305,0.02456651288751359,0.0008394078193105397,0.811622658836284,0.1879287464192858
7.891,33.150141566002276,0.6780386186442976,0.531421829348427,6.169854332585473,0.024566511090595385,0.0008386202890593275,0.8116547117912759,0.18792874641913038
7.942,33.350215823000326,0.6846379349497907,0.5383719955148358,6.169846204438608,0.024566507281792077,0.0008379766456312626,0.8116809085142951,0.18793926004029293
7.9990000000000006,33.5501633970016,0.6920134325138388,0.5461402217301106,6.16983712918875,0.024566503525593378,0.0008372808518045384,0.8117092275162207,0.18793926004025407
8.054,33.75008284100113,0.6991299465912598,0.5536368522460776,6.169828390782305,0.024566498312838414,0.0008367048847409584,0.8117326694405084,0.18794821690950037
8.109,33.95010801000171,0.7062462868815375,0.5611337813276817,6.16981965952323,0.024566494564984147,0.0008361449409560283,0.8117554592575427,0.18794821690944485
8.165,34.15011236800274,0.7134918559648088,0.5687677917717191,6.169810784243568,0.024566490723867834,0.0008356492899866289,0.811775632931012,0.18795584796183484
8.219,34.35034620700026,0.72047854078294,0.5761295687682682,6.169802235655022,0.02456649483476211,0.0008352000501884918,0.8117938919873117,0.18795584796178488
8.268,34.55033781200109,0.7268183142034891,0.5828105441784112,6.1697945014749696,0.024566535790536873,0.0008348698261238644,0.8118073227060533,0.18796234142429702
8.321,34.75030193400016,0.7336755108019191,0.5900371506719381,6.169786141484385,0.024566581987310578,0.0008345321116042495,0.8118210594965499,0.18796760889335795
8.378,34.950417931999255,0.7410501146229806,0.5978095218600227,6.169777157955673,0.02456663279246478,0.0008342024133251424,0.8118344723477269,0.18796760889334685
8.431000000000001,35.15019475900044,0.748036477919926,0.6051730905872127,6.169768652873253,0.024566681634543897,0.0008339131346509943,0.8118462425222075,0.1879717555336724
8.489,35.35008464800194,0.755410875500641,0.6129459728903124,6.169759680004056,0.024566733487098848,0.0008336258764286884,0.811857931908091,0.18797175553357803
8.545,35.55014959500113,0.7626558011053293,0.620582791995611,6.16975087048954,0.0245667837460194,0.0008333720792359746,0.8118682607136793,0.18797536195347408
8.595,35.75024711700098,0.7691244168759458,0.6274014965163137,6.169743007329027,0.02456682811495241,0.0008331524606531406,0.8118771993155092,0.18797536195339082
8.648,35.95023722800033,0.7759810757782063,0.6346295904888595,6.169734677420338,0.02456687347569075,0.0008329461182660708,0.8118855982851059,0.18797850854206377
8.704,36.15026371700151,0.7832257805326903,0.6422669234340285,6.16972587816938,0.024566919805674263,0.0008327331872106428,0.811894266110504,0.1879785085418917
8.761,36.35019265700248,0.7905997835721376,0.6500409060252228,6.169716926785848,0.02456696388346297,0.0008325426557589814,0.8119020232047944,0.18798124974924169
8.816,36.55020933000196,0.7977150330217191,0.6575422375817018,6.16970829314529,0.024566996039035706,0.0008323616694591653,0.8119093965803537,0.18798124974950814
8.872,36.75049187100012,0.805089148425349,0.6653166096588005,6.169699357824946,0.024566984366767377,0.000832174983129833,0.8119169934635756,0.18798363911450844
8.921,36.95023365000088,0.8112988701320721,0.6718635507759886,6.169691835572528,0.024566971619243413,0.0008320266824175771,0.8119230294348107,0.18798585722124006
8.977,37.150115177999396,0.8185434748036775,0.6795017883844269,6.169683062429069,0.024566953761391754,0.0008318682026422866,0.8119294805467528,0.1879858572211346
9.032,37.35015548299998,0.8256586438064237,0.6870037570126213,6.16967444836472,0.02456693363970214,0.000831725325725555,0.811935297247606,0.18798791407569904
9.089,37.55020779700135,0.8330324860647275,0.6947786328353573,6.169665522867373,0.02456691066713308,0.0008315874848982085,0.8119409099531378,0.18798791407552695
9.144,37.75010811000175,0.840147532481636,0.7022808425029401,6.1696569128472305,0.024566886702908405,0.0008314696227191205,0.8119457093672419,0.18798967500927577
9.197,37.95041466700059,0.8471331739994725,0.7096467075614302,6.1696484599602135,0.024566862195773368,0.0008313579888661692,0.8119502550759629,0.1879896750091925
9.246,38.150176390001434,0.853342584253509,0.7161942563729901,6.169640948061412,0.024566839559777315,0.0008312722768251435,0.8119537454156961,0.18799117704719204
9.3,38.35009835399978,0.8603281423771201,0.7235602807680959,6.169632497109677,0.024566813959746994,0.0008311767846249613,0.8119576338881319,0.18799117704710877
9.353,38.550169851001556,0.867142230730305,0.7306689952252933,6.16962300507408,0.024566202725165992,0.000848244863253687,0.8112630100009341,0.1860878058481341
9.407,38.75030808700103,0.8741348695445164,0.737858215349658,6.169611538750844,0.024565454770878712,0.0008688483201795975,0.8104244769443294,0.18608780584797313
9.462,38.950100033001945,0.8812637047035418,0.7451841987542697,6.1695997947727355,0.024564719875505913,0.000888620368867321,0.8096197583795965,0.18621015844970668
9.516,39.15009712400206,0.8882687918600134,0.7523780757662357,6.169588173092124,0.024564012998726494,0.0009072478600044554,0.8088616012000207,0.18621015844977884
9.566,39.35059616700164,0.8948893134043634,0.7591844606802638,6.169577309748735,0.024563410267080203,0.0009228066900889788,0.8082283259368873,0.18647965216619378
9.614,39.53556703399954,0.9009945661790089,0.7654595235583064,6.169567265244794,0.02456287530404042,0.000936416460328369,0.807674368235069,0.18647965216633255
9.657,39.690918039999815,0.9065829176250646,0.7712132909622356,6.169558233329631,0.024562453526171257,0.0009469803837082987,0.8072443782242451,0.18677482770537712
9.706,39.89117068000269,0.9129540690332706,0.7777680574936966,6.169547854564769,0.024561974266891242,0.0009588900212241538,0.8067596042771774,0.18677482770554366
9.762,40.090784428000916,0.9202399768871079,0.7852663406354657,6.1695360241391395,0.02456146999434708,0.0009713117431052979,0.806253978690793,0.1869006107588611
9.816,40.290817861001415,0.9272829375162458,0.7925004018783119,6.169524365989086,0.02456099217919392,0.0009841920927268365,0.8057295864059936,0.18690061075731235
9.869,40.490898577001644,0.9341996131703377,0.7996072959449269,6.169512959374034,0.024560578607818507,0.0009956096840096115,0.8052648223805818,0.18706124303018434
9.918,40.691032478000125,0.9407270016928033,0.8063135682825806,6.169502183931577,0.02456021228479817,0.0010057251561768404,0.8048530528971509,0.18706124303019545
9.975,40.891106405000755,0.9481696247023602,0.8139650465374454,6.169489976593037,0.024559847041575225,0.00101590197732934,0.804438778463111,0.18722149734864413
10.031,41.090943854000216,0.9554835086194091,0.8214860805051641,6.169478010710689,0.02455952518993115,0.0010249312745038066,0.8040712101823341,0.1873579767489031
10.086,41.29087536600127,0.9625376854119901,0.8287413769074523,6.169466490561691,0.02455924350962417,0.0010328780745809387,0.8037477039119465,0.1873579767489142
10.138,41.49097432200142,0.969331564095843,0.8357326178903535,6.169455454531348,0.0245590099692576,0.001039564139709718,0.8034755174935794,0.1874703738858341
10.191,41.690860836002685,0.9763881745749862,0.8429937275567805,6.169443982926819,0.02455878134776031,0.0010461000682348302,0.803209440453234,0.1874703738858674
10.24,41.89095051700133,0.9826609512267228,0.849453900376309,6.169433876506621,0.02455861994275018,0.0010508530774058316,0.8030159450636158,0.187587947971124
10.298,42.09130813600132,0.9903730009475152,0.8573981521176747,6.169421485705791,0.024558414929522404,0.0010560776167270712,0.8028032559657958,0.18758794796860379
10.352,42.29097154700139,0.997301783814123,0.8645396639953113,6.169410425736315,0.024558231826133658,0.001059949589649624,0.8026456227166824,0.18763643989664347
10.406,42.49086865999925,1.0043623300305664,0.8718152881693906,6.1693991270712605,0.02455804484275673,0.0010638203317729208,0.8024880391274987,0.1876364398967323
10.463,42.69081398100025,1.0118153689507652,0.8794976329023249,6.169387236441651,0.0245578683129907,0.0010673460754695868,0.8023445008605182,0.187690566130716
10.514,42.89088379700115,1.0184846136850862,0.886371186432597,6.169376581002922,0.024557713081771713,0.0010703807105021705,0.8022209559312707,0.1876905661307715
10.563,43.09096225599933,1.0248925168639775,0.8929766498430212,6.169366362752403,0.024557576716943544,0.0010729600665983783,0.8021159461245027,0.18773661373475692
10.611,43.290926177000074,1.0311701894620873,0.8994471684062147,6.16935633990991,0.024557445115947367,0.001075408099285178,0.8020162823647745,0.18773661373483463
10.666,43.49100728100166,1.0383635336810793,0.9068628115015485,6.169344875619974,0.024557307895233586,0.001077871303804403,0.8019160009425599,0.1877758696260945
10.722,43.690877242999704,1.0456881943012448,0.9144134619783733,6.169333194836241,0.02455717326600503,0.001080238886894986,0.8018196121054456,0.18780926775666673
10.778,43.8908150410025,1.053013154234436,0.92196497062283,6.169321521288845,0.024557048292987552,0.0010823726590604194,0.801732742053323,0.18780926775686657
10.829,44.09100095100075,1.0596844003822226,0.9288427272348316,6.169310891396779,0.024556941342550927,0.0010841568127458441,0.8016601054479648,0.18783767239556326
10.882,44.29086001100222,1.0666175427428963,0.9359905960870079,6.169299844903829,0.024556836429202516,0.0010858751027756437,0.8015901501448846,0.18783767239562987
10.937,44.490856524000264,1.0738125423737777,0.9434088270822614,6.169288386511754,0.024556735908251134,0.0010874842911122238,0.8015246364337403,0.1878618310785285
10.993,44.6908596530011,1.0811386836100263,0.9509620794584223,6.169276715066296,0.02455663881819282,0.0010890291781058912,0.8014617403594634,0.18786183107877275
11.046,44.890925924999465,1.0880723783713224,0.9581118269833471,6.169265685917788,0.024556558815424043,0.001090255222205308,0.8014118248907395,0.18788807299515708
11.102,45.09090005200051,1.0953988428065904,0.9656662141360305,6.1692540250533545,0.02455647826484406,0.0010915037375660347,0.8013609944432062,0.187888072995257
11.154,45.29082548000224,1.1022020933645045,0.9726814229635583,6.16924320127257,0.024556410876171976,0.0010925445741933669,0.8013186194677288,0.18789939909180653
11.2,45.490764185000444,1.1083514021210719,0.979021831504911,6.169233409556627,0.024556352587925885,0.0010934820711756413,0.8012804520453581,0.18789939909187314
11.251,45.69077938000191,1.1148924611132278,0.9857673621925624,6.169223021348946,0.024556334001844392,0.0010942720844931786,0.8012482580813622,0.18791386789628328
11.304,45.891103911002574,1.1218258959985468,0.9929173695118481,6.169212010020431,0.024556331064442844,0.0010950740054900298,0.801215599671584,0.18791386789551723
11.361,46.09085378000236,1.1292828135861255,1.0006076729121227,6.169200174235104,0.024556335613829135,0.001095820579796863,0.8011851972448081,0.1879260439518693
11.416,46.290834411000105,1.136478297922142,1.0080281260384913,6.169188748877883,0.024556342946806038,0.0010965156565672,0.8011568940724197,0.187926043951947
11.471,46.49132943299992,1.1438047897335268,1.0155838404587283,6.169177117309557,0.024556354679497672,0.0010971543924112976,0.8011308864868176,0.18793562215225768
11.522,46.691065828999854,1.1503464549207492,1.02233009637278,6.169166729797334,0.024556367044160598,0.0010976938676554005,0.8011089215180249,0.18794393922825225
11.58,46.89085483400049,1.1579349457305,1.0301559707321963,6.169154680080732,0.024556383616640955,0.0010982702268787679,0.8010854557610606,0.18794393922824115
11.636,47.09084999699917,1.1652619200408927,1.0377121735677968,6.169143045211009,0.024556401057647184,0.001098781882207629,0.8010646251345791,0.18795119196904908
11.687,47.291075701999944,1.1719348234140186,1.0445937797205709,6.169132447252985,0.024556417052346645,0.0010992234134183623,0.8010466500237668,0.18795119196906018
11.732,47.49091600199972,1.1779536117990153,1.0508008980118566,6.169122889010733,0.024556431889991393,0.0010995859656539628,0.80103189073098,0.18795750859860183
11.784,47.690905340001336,1.1846267111473556,1.057682727465983,6.169112289926718,0.024556447296744333,0.0010999715683015358,0.801016193700577,0.18795750859866844
11.834,47.89091031700082,1.1911690505478572,1.064429747728787,6.169101898950747,0.024556460498239945,0.0011003195919501655,0.8010020293149336,0.1879630109572039
11.887,48.09097225200094,1.1981039016891462,1.071581178558749,6.169090888988487,0.02455642822496811,0.0011007096288154154,0.8009861530193136,0.1879630109591579
11.943,48.2908795809999,1.205431405041953,1.079137609207453,6.1690792571094635,0.024556389891934375,0.0011010820657309773,0.8009709891990948,0.18796794991976506
11.996,48.49088689900236,1.2123664669779761,1.0862892407159372,6.169068245893369,0.024556351590651112,0.0011014214377483742,0.8009571727144114,0.18796794991976506
12.049,48.691028484001436,1.2193016257583082,1.0934411567034819,6.169057236706975,0.02455631325963212,0.0011017154192022097,0.8009452051109786,0.18797268006147672
12.092,48.891049443001975,1.2249283263640887,1.099243626737672,6.169048302454273,0.024556281111003407,0.0011019500672330097,0.80093565362411,0.18797268006169876
12.134,49.090878661001625,1.2304242268638843,1.1049113266033057,6.169039577160188,0.024556250069738966,0.0011021525059160605,0.8009274134242488,0.18797673269291826
12.187,49.290942460000224,1.2373595951400804,1.1120634378950556,6.169028564773002,0.024556210421276908,0.0011023987060654636,0.8009173918971856,0.18797673269299597
12.244,49.49084937900261,1.2448184663855186,1.1197555012655513,6.169016721386622,0.024556168396688973,0.0011026338380597256,0.8009078210189694,0.18798017575398784
12.302,49.690803516001324,1.2524082685959885,1.1275825286120915,6.169004667810229,0.024556125811772918,0.0011028626266485345,0.8008985082761491,0.18798017575418768
12.356,49.89083669400134,1.2594746994440422,1.1348699581300863,6.168993446361311,0.02455608771906019,0.0011030445205550568,0.8008911045223499,0.18798310448951971
12.408,50.09085049500209,1.2662794616143824,1.1418874624669515,6.168982638154917,0.02455605171247606,0.0011032161250476842,0.8008841194602343,0.18798310448951971
12.465,50.29085586899964,1.2737385816229787,1.1495798788828893,6.168970790970119,0.024556014338567272,0.0011033796087507848,0.8008774650391578,0.1879855967690247
12.522,50.490903919999255,1.281197752723064,1.1572723195347998,6.168958942004597,0.02455597882383981,0.0011035341318145174,0.8008711752703134,0.1879877177856759
12.577,50.690944763002335,1.2883952422697387,1.1646949296810107,6.168947508168693,0.024555946990441967,0.0011036684685527965,0.8008657071114375,0.1879877177856648
12.628,50.890913612001896,1.2950693142253777,1.1715777592898358,6.168936905044706,0.024555919774803342,0.0011037832674253571,0.8008610340746338,0.1879895230344153
12.68,51.09095055100261,1.301874282313541,1.178595588610624,6.168926093281163,0.024555894575646213,0.001103891501678496,0.80085662847106,0.18798952303457073
12.73,51.2907686260005,1.308417550231237,1.185343546920009,6.168915696852471,0.024555873139727978,0.0011039867128015111,0.8008527536277483,0.1879910600266932
12.781,51.49110587500036,1.3150917310265091,1.192226494835424,6.168905092846101,0.02455586074054731,0.001104079250327709,0.8008489694615671,0.1879910600207979
12.832,51.690879887002666,1.3217660394700539,1.1991095062857835,6.168894496455494,0.024555898394612787,0.0011041731728379566,0.8008451349152164,0.18799237089417442
12.887,51.89086721200147,1.3289638431281259,1.2065323793840985,6.168883068283867,0.024555942230802555,0.0011042680388241824,0.8008412651824391,0.18799237089379695
12.937,52.09111647800091,1.3356381825558918,1.2134154562718245,6.168872471196854,0.024555985301392358,0.001104345547900378,0.8008381052506529,0.187993631450023
12.988,52.2908673919992,1.3421816685926184,1.2201635781680427,6.168862081091497,0.024556028855097885,0.001104417741768231,0.800835163590087,0.18799363145012293
13.038,52.49087200299982,1.3487251629902681,1.226911744823841,6.168851690916437,0.024556073360978748,0.00110448087888287,0.8008325919979025,0.18799471902156695
13.09,52.69088501900114,1.3555304112203552,1.233929843864362,6.168840884274509,0.024556119751087124,0.0011045433210613886,0.8008300497408051,0.18799471902174458
13.136,52.89090593900255,1.361550444342515,1.2401381979854524,6.168831324440677,0.02455616057111469,0.0011045914473187812,0.8008280910807223,0.18799562213021037
13.186,53.090811355999904,1.3680939692134002,1.2468864128310864,6.168820932574879,0.02455620393584376,0.0011046414019635694,0.800826058738234,0.1879956221303658
13.236,53.29085608300011,1.3746375003190006,1.2536346561164873,6.168810540462085,0.02455624579807379,0.0011046854596055695,0.8008242673249527,0.1879963719484956
13.287,53.49108614800207,1.3813119118044774,1.2605178764831586,6.1687999406831775,0.02455628255806606,0.0011047274934639104,0.8008225643544765,0.187996371947452
13.335,53.690960530002485,1.38759372114333,1.266996265938252,6.168789974227253,0.0245562674130673,0.0011047583269346356,0.8008213093625972,0.18799699460260166
13.391,53.89087200300128,1.3949225054475858,1.2745543916307913,6.168778346001768,0.024556246585594316,0.0011047922355795791,0.8008199299919811,0.18799699460292363
13.446,54.09085676000177,1.402120421598783,1.2819775698086746,6.168766924852231,0.024556223406299645,0.001104821269745112,0.8008187496607291,0.18799746455976374
13.5,54.2911407419997,1.4093183448192481,1.2894007467140864,6.168755502613062,0.024556197819892888,0.001104849307296737,0.800817610329152,0.18799746455995248
13.557,54.49081623600068,1.4166471403201528,1.2969589105907413,6.168743871946865,0.024556169858244308,0.0011048735666913303,0.8008166251559565,0.1879978396530091
13.612,54.69103440500112,1.4238450704415317,1.3043821055003877,6.168732447719208,0.02455614076540166,0.001104896617033607,0.8008156893347731,0.1879978396530202
13.67,54.89085589200113,1.431435616674929,1.3122102148832322,6.168720399278724,0.024556108874086432,0.0011049178722704748,0.8008148268281965,0.1879981574752554
13.728,55.09075174800091,1.4390261668149946,1.3200383277881578,6.168708349501436,0.02455607613065379,0.0011049375763666205,0.8008140274707503,0.18799842650726317
13.786,55.29085176100125,1.4466167196178341,1.3278664462286878,6.168696298426586,0.024556043022415937,0.001104955509661686,0.8008133001339562,0.18799842650721876
13.835,55.490938718001416,1.4530294293247994,1.3344798626886405,6.168686116380309,0.024556015133941785,0.0011049690329975384,0.8008127518074593,0.18799865355300094
13.887,55.69090165200032,1.4598347560689142,1.3414981833538895,6.168675309896867,0.024555985925792813,0.0011049825838168415,0.8008122023663837,0.1879986535528233
13.937,55.89080356699924,1.4663783401897315,1.348246574164338,6.168664918156111,0.024555958561019765,0.00110499415909792,0.8008117331212656,0.1879988447603731
13.988,56.09085934200266,1.4730527977236605,1.355129933270576,6.168654317617804,0.024555931652717206,0.0011050053502066031,0.8008112794015234,0.1879988447598957
14.038,56.29103636199943,1.4797272550847973,1.3620132996262115,6.16864371630584,0.02455590610843192,0.0011050148915057844,0.8008108925228496,0.18799904970251413
14.093,56.49090410200006,1.486925200632238,1.369436538626302,6.168632282581004,0.02455588037763173,0.001105024542052876,0.800810501114409,0.1879990497018924
14.147,56.690773123002145,1.4939922751040882,1.3767248119410327,6.168621055932038,0.02455585734397552,0.0011050331373818785,0.800810152784225,0.18799913682165936
14.198,56.89082713099924,1.5005358627536884,1.3834732107836876,6.168610660254232,0.024555838479712773,0.001105040851003297,0.8008098406697113,0.18799913682395752
14.252,57.09087672500027,1.5076029308020535,1.3907614822855843,6.168599439389601,0.02455584754845708,0.0011050464877482948,0.8008095749094555,0.18799924709202998
14.308,57.29085170200051,1.514931741920095,1.3983196864834615,6.168587807867867,0.02455588158501008,0.0011050527285186476,0.8008093143972247,0.1879992470902092
14.364,57.49091823400158,1.5222605552895205,1.4058778947875565,6.168576175762875,0.02455591829836756,0.0011050583228541253,0.8008090821782408,0.18799933703746996
14.421,57.69081244900008,1.529720242770564,1.4135710709526847,6.168564335170411,0.024555957651832255,0.001105063929846481,0.8008088513389892,0.18799940833612583
14.477,57.89084631700098,1.537049060643874,1.4211292806513753,6.1685527015191415,0.024555997605691684,0.0011050691325934473,0.8008086384358007,0.18799940833611473
14.531,58.09099941800014,1.5441161369127667,1.428417554968368,6.168541482569819,0.024556036753625787,0.0011050739502584412,0.8008084422615931,0.1879994730000556
14.587,58.29100033299983,1.5514449585357333,1.435975765494966,6.16852984726707,0.024556077406084575,0.0011050788131959915,0.8008082450518978,0.1879994730000778
14.642,58.490889074000734,1.5586429099408041,1.4433990092739957,6.168518418931732,0.024556116827518563,0.001105083297900137,0.8008080638641435,0.1879995325830719
14.699,58.69082949299991,1.5661026066668151,1.451092188302077,6.168506574160386,0.024556156543946318,0.001105087934776626,0.8008078770870489,0.1879995325826389
14.755,58.890915927000606,1.5734314328610772,1.4586504014886121,6.168494936434501,0.024556193850320165,0.0011050920804402755,0.800807710799321,0.1879995878601992
14.811,59.09095997500117,1.580891132241621,1.466343582217184,6.168483090170427,0.02455622931515626,0.0011050962837943752,0.8008075430157087,0.18799958786086535
14.867,59.29085935200055,1.5880890876073264,1.473766829380751,6.168471664186612,0.024556240918507395,0.0011051000531996907,0.8008073955427916,0.187999639080505
14.923,59.49084592100189,1.5954179143671987,1.4813250448627489,6.168460037404466,0.024556220679596605,0.0011051036643460919,0.8008072486643226,0.18799968559066738
14.977,59.69097382399923,1.6024849985213592,1.4886133266711659,6.168448825208429,0.024556198233745767,0.0011051067972572893,0.800807122252823,0.18799968559066738
15.031,59.89097956000114,1.6095520837339505,1.495901610646974,6.168437612224075,0.024556173437889732,0.0011051096197193945,0.800807009047546,0.18799972780058072
15.088,60.09095939100007,1.617011785787949,1.5035948011948284,6.168425775319457,0.02455614522257824,0.0011051123341616028,0.8008069013021851,0.18799972780072505
15.14,60.290876405000745,1.623817128796955,1.5106131528077045,6.168414975795722,0.024556118073832223,0.0011051144759273207,0.8008068167706958,0.18799976219531223
15.189,60.49100051200003,1.630229856405385,1.5172266003216077,6.168404798424057,0.02455609158524608,0.0011051163466557167,0.8008067429582402,0.18799976219527892
15.24,60.69080639499953,1.6370210236688307,1.5241855104860027,6.168393288605621,0.02455570346679285,0.0011130798340396523,0.8004825119318542,0.1868864495875755
15.297,60.89078613700258,1.6443530995399465,1.5316369912225143,6.168379854889441,0.024555105151626015,0.001125526978742057,0.7999757143816578,0.18688644958742007
15.354,61.090857949002384,1.651819948319241,1.5392245958525264,6.168366159231896,0.02455452756786312,0.0011373769271831784,0.7994932213646557,0.18696354754617062
15.405,61.29086594700129,1.6585039450162409,1.5460119432654942,6.168353821043771,0.024554014431444723,0.0011478046701425546,0.7990686270188804,0.18696354754632605
15.456,61.490871875001176,1.665190731087206,1.5528086952876707,6.168341583862576,0.024553566457666393,0.0011567694784540925,0.7987035939692048,0.1871185784881657
15.509,61.69084716300131,1.6721424322272136,1.5598716140227176,6.168328810210545,0.024553110977131663,0.0011658228169767935,0.7983349492645074,0.1871185784881657
15.566,61.89085298400096,1.679621544037091,1.5674785646165084,6.168315199741141,0.02455269794068189,0.0011739088226289994,0.7980056887566664,0.18728832442915788
15.622,62.09097902000212,1.686971899883718,1.574952194814113,6.168301783964041,0.02455230623428708,0.0011815479221998627,0.7976946209357708,0.18736080679693234
15.672,62.2911522070026,1.693667958369533,1.581760440150306,6.168289559682855,0.024551971827610198,0.0011880432706755414,0.7974301237704454,0.18736080679710998
15.722,62.49089002000255,1.7001031454062734,1.5883032454845079,6.168277807729192,0.024551669949375816,0.0011938959543252138,0.7971917939426321,0.18745329635543317
15.774000000000001,62.690884965002624,1.7070658149564812,1.595383240251628,6.168265106403835,0.024551370451711137,0.0011997117750378805,0.7969549646362278,0.18745329635576624
15.83,62.890861291001784,1.7142998968706271,1.6027340381610324,6.168251835154304,0.024551100899792656,0.0012059612776155883,0.796700384476444,0.18753490585692312
15.888,63.09084609099955,1.7219308028517786,1.6104875876202747,6.168237828759941,0.024550848095565136,0.0012121111981697207,0.7964499512710576,0.18753490585674548
15.938,63.29091604600035,1.7285098915285657,1.617174730012655,6.168225790076261,0.024550663337800947,0.0012167585700588682,0.7962607004448269,0.1876123770913063
15.99,63.49082249099956,1.7353531470931236,1.6241297479296808,6.1682132570747354,0.02455048341091589,0.0012213524825663291,0.7960736237547243,0.1876123770913285
16.039,63.69090006999977,1.7418020411173505,1.6306864395638454,6.16820148604119,0.02455034286324418,0.001225096537887206,0.795921153922935,0.18767984729144427
16.09,63.89084612499937,1.7485149673186242,1.6375109676865283,6.168189222465231,0.024550204832308305,0.001228817008262227,0.7957696430851043,0.18767984729146647
16.146,64.09093410499918,1.7558864757397403,1.645007438067117,6.1681757942643225,0.024550080808753098,0.0012323280579756993,0.7956266596625087,0.18773551388389098
16.202,64.2909102900012,1.763258844975911,1.6525039741401175,6.168162350479325,0.02454996262879116,0.0012356847039076213,0.7954899632588065,0.18773551388389098
16.259,64.49084074400162,1.7707631381938662,1.6601374996502576,6.168148711703394,0.02454986919452175,0.0012385133729954701,0.7953747686761652,0.18778138675799028
16.313,64.69097467599931,1.777873275940051,1.6673697977964483,6.168135786426338,0.0245497735291065,0.0012410285042038821,0.7952723491496531,0.18778138675652478
16.37,64.89085833600257,1.7853790143860813,1.6750080019194271,6.168122207936704,0.02454965192191611,0.0012430795069888977,0.795188820691684,0.18781917992360952
16.421,65.09086245100116,1.792226711296441,1.6819764398064,6.168109817411103,0.024549543946153062,0.0012448285836379493,0.7951175888261252,0.18784835306413505
16.476,65.29080771300141,1.7993379722779792,1.6892136282116759,6.1680969579615565,0.024549438526241557,0.0012464579581104708,0.7950512323948999,0.18784835306446812
16.534,65.490844750002,1.8069762809775534,1.6969873504432547,6.168083146899496,0.024549330142903548,0.001248060232277009,0.794985979981145,0.18787084294034084
16.582,65.6910243750026,1.8132978562479325,1.7034210198308128,6.1680717161733805,0.02454924342031862,0.0012492935693280771,0.7949357527307024,0.18787084294051848
16.619,65.89122575500005,1.8183025475345564,1.708514588650858,6.1680626682431,0.024549177525227617,0.0012501976431601005,0.7948989347279299,0.1878708429406073
16.67,66.09087825100141,1.8248877846482674,1.7152170063838368,6.16805076585065,0.024549094679430696,0.0012512920586450654,0.7948543653461909,0.1878899564737635
16.712,66.29094495000027,1.8304195568167785,1.7208470432052623,6.168040764006597,0.02454902625772879,0.001252175605051051,0.7948183834697587,0.1878899564738301
16.756,66.49108107999928,1.8362147810740033,1.7267456619461357,6.168030292416367,0.02454895952987165,0.0012529958170582557,0.7947849810389943,0.18790625992473053
16.798000000000002,66.69120617600129,1.8418784856365351,1.7325100344966602,6.168020051540732,0.02454889411283059,0.0012537973022778111,0.7947523411318094,0.18790625992473053
16.841,66.89094755300175,1.8474104704282361,1.7381409012906366,6.168010057188425,0.024548835857346796,0.001254469598802934,0.7947249624928859,0.18792014422932546
16.887,67.09101474099953,1.8536011957830523,1.74444197149161,6.167998866829359,0.024548771219244127,0.001255215654691765,0.7946945799627683,0.1879201442294809
16.93,67.2909571980017,1.8592651006056864,1.7502070783933041,6.167988632053718,0.02454871612202798,0.0012558276010450331,0.7946696589687497,0.18793196371518217
16.975,67.49092635200213,1.8650608163893423,1.7561063202831757,6.1679781578854795,0.024548661986709644,0.001256422418668621,0.794645435489137,0.18793196371518217
17.019,67.69079729499936,1.870856615542426,1.7620056568323212,6.167967683048524,0.02454861055359563,0.0012569811241739982,0.7946226825902168,0.18793196371518217
17.068,67.89081690700186,1.8773110828739916,1.7685756029535182,6.167956019889931,0.024548557497206847,0.0012575452586366137,0.7945997084160263,0.18794202519292202
17.119,68.0909372999995,1.8840291052353417,1.7754137518323043,6.167943878614978,0.024548505547803162,0.001258101501434611,0.7945770556045354,0.18794202519309966
17.17,68.29083258000173,1.8907471693672933,1.782252118623538,6.1679317394295365,0.024548458618899503,0.0012586004040390118,0.7945567383522959,0.1879505901613232
17.219,68.49090354800137,1.8972018455710242,1.7888223480623673,6.16792007524808,0.02454841790437467,0.001259051791484424,0.794538356706393,0.1879505901613232
17.264,68.69096417900073,1.9031292593738256,1.794856251487202,6.167909378108582,0.02454841914121896,0.001259394387692318,0.7945243683939938,0.1879578744830246
17.304,68.89104261000102,1.9083980663154338,1.8002196708327218,6.167899869907007,0.024548428043562928,0.001259688241564177,0.7945123959113904,0.18795787448171453
17.351,69.0909032540003,1.9145889776675704,1.8065219733361824,6.167888700851702,0.024548442654401717,0.001259987528916212,0.7945002017358008,0.18796387441724072
17.402,69.2909335430013,1.9213068623776688,1.8133605627749272,6.167876577790895,0.024548460288883425,0.0012603115966376263,0.7944869997932438,0.18796387441728513
17.458,69.49089205999917,1.928683448203717,1.8208698591015609,6.167863268093655,0.024548483465817002,0.0012606224132263194,0.7944743389248118,0.1879685350464122
17.513,69.69087824500093,1.9359283997033414,1.8282450365813703,6.167850193223639,0.024548507601189522,0.001260919263675677,0.7944622481953897,0.1879685350464566
17.568,69.8908811729998,1.943173426640337,1.8356203709507888,6.167837118718068,0.02454853366112304,0.0012611855678690946,0.7944514025233905,0.18797257813403245
17.621,70.09081176700056,1.950155069874414,1.8427275343202643,6.167824517932705,0.024548559220900983,0.001261429861474333,0.7944414539810675,0.1879761084518483
17.672,70.29088245200182,1.9568733124275612,1.8495665948143512,6.167812392382295,0.024548584189579087,0.0012616452763378014,0.7944326820967934,0.1879761084518483
17.728,70.49091503100135,1.9642502701444726,1.8570761981924715,6.167799076862243,0.024548611108212243,0.0012618672925123898,0.7944236419880847,0.1879791870773584
17.787,70.69087720600146,1.9720224865404965,1.8649881611433903,6.167785046963794,0.02454863826507807,0.0012620848394851397,0.7944147845639872,0.18797918707760264
17.843,70.89085193400024,1.9793995603537693,1.8724979067317256,6.16777173018685,0.024548662224525133,0.0012622721830660385,0.7944071581296842,0.1879818717034576
17.9,71.09087920800084,1.9869083749645868,1.880141590900872,6.167758180258067,0.024548652255157705,0.0012624699552271888,0.7943991077923044,0.18798187170541159
17.955,71.2909286360009,1.9941537544069734,1.8875171379923386,6.167745110344209,0.024548622024280906,0.0012626432279126763,0.7943920515637074,0.18798422195953624
18.005,71.49087645500185,2.000740508458688,1.894222155936861,6.167733226735526,0.024548592140320707,0.001262798456830946,0.7943857308055989,0.18798422195964726
18.055,71.69095892900077,2.0073273046958526,1.9009273082608744,6.167721343837538,0.02454856136358209,0.0012629326999031801,0.7943802652097283,0.1879865105946843
18.078,71.78266938700108,2.0103572433165366,1.9040116665073812,6.16771587702534,0.02454854665013261,0.0012629944389635174,0.7943777518612661,0.1879865105946843
18.083,71.80128410399993,2.0110159266541747,1.9046821781826746,6.16771468853022,0.02454854341029358,0.001263007859431963,0.7943772055491012,0.1879865105946843
18.134,72.00123440800235,2.017734518210685,1.911521485767588,6.167702566446695,0.02454851030017286,0.0012631316393125276,0.7943721669647366,0.18798850253232136
18.191,72.20127032100208,2.0252435722060222,1.9191654459805654,6.167689016874929,0.024548472419319768,0.0012632619305534582,0.7943668632916291,0.18798850253234356
18.247,72.40126962100112,2.032620927970206,1.9266754286678596,6.167675705181352,0.024548435344225232,0.001263370070871494,0.7943624615201993,0.18799066483483617
18.298000000000002,72.60152508700048,2.0394713586965847,1.9336489893807947,6.167663342796216,0.02454840074132283,0.001263466418268134,0.7943585397023033,0.18799066483481397
18.35,72.80175717900056,2.0461900767589953,1.9404884934763913,6.167651217453619,0.024548367271029218,0.001263551747020014,0.7943550664476724,0.18799159831373036
18.405,73.0012168860012,2.0534357795776925,1.9478644169495274,6.167638139266538,0.02454833164778608,0.0012636420700894138,0.7943513897660346,0.18799159831373036
18.46,73.20126916400113,2.0606815087786727,1.9552404447017033,6.167625061111663,0.024548297635655705,0.0012637167311912814,0.7943483507864418,0.18799313539170637
18.51,73.40191590200266,2.06740029575034,1.9620800257383393,6.167612932559374,0.024548267243901817,0.0012637845445478435,0.794345590414291,0.18799313539170637
18.562,73.6016865620004,2.0742508425995387,1.9690537447932681,6.167600565320597,0.024548237948740906,0.0012638479588516275,0.7943430091067275,0.18799381852587782
18.613,73.80141568500039,2.0808379238157166,1.9757592443808853,6.16758867254507,0.024548211514968412,0.001263906806996829,0.7943406134913154,0.18799381852590002
18.666,74.00128195100115,2.0878202466610944,1.9828671152601847,6.167576065674835,0.024548185900481658,0.001263962137156259,0.7943383610796811,0.1879946927448195
18.719,74.20140819500011,2.0948025852953576,1.9899749928004147,6.167563457787337,0.024548162878060137,0.001264014689400444,0.7943362221050946,0.18799469274499714
18.772,74.40127941299943,2.101784938998971,1.9970829001791208,6.167550849443607,0.024548143272748527,0.0012640619407470186,0.7943343000841543,0.1879954630540137
18.826,74.60130520500024,2.108899097870862,2.004324939038599,6.167538009842928,0.02454816661617436,0.0012641107449993573,0.794332285056897,0.18799611942388328
18.883,74.8012691010008,2.116408517798411,2.0119693353845074,6.167524459524864,0.02454821215179234,0.0012641598753301289,0.7943302762761841,0.18799611942315053
18.935,75.0014608929996,2.1232592247217745,2.0189431902098818,6.1675120973492,0.024548256281455953,0.001264200114941192,0.7943286328065382,0.18799673808056472
18.988,75.20140292900032,2.130373429494085,2.0261852763169528,6.167499258918958,0.02454830381981595,0.0012642394766721908,0.7943270269898275,0.18799673808074235
19.044,75.4012856770023,2.137619384545795,2.033561500199399,6.16748618225498,0.02454835339936869,0.001264274410070038,0.7943256030800754,0.18799728441347696
19.1,75.60137431600015,2.1449970934702645,2.0410718369909824,6.167472866825065,0.024548404098054175,0.001264308626223067,0.7943242096008514,0.18799728441347696
19.154,75.80161955999938,2.1522430609039698,2.0484480896229775,6.167459788764238,0.02454845356579367,0.0012643367674678922,0.7943230644774827,0.1879977418597134
19.21,76.00152159500067,2.1596207811455774,2.055958453615775,6.167446471924027,0.02454850258697423,0.0012643645947210099,0.7943219329719652,0.1879977418597134
19.265,76.20128608000232,2.166735014575556,2.0632006092066786,6.167433630208208,0.02454854792719052,0.0012643877087853848,0.7943209942486301,0.18799812395486892
19.317,76.40128456800085,2.1735857636289517,2.070174542950367,6.167421264809074,0.024548582347073265,0.001264408617023367,0.7943201498469661,0.187998123954225
19.374,76.60137659500106,2.181095243968819,2.0778190842601423,6.1674077207946905,0.02454856391529071,0.0012644265221941778,0.7943194217207672,0.1879984437264559
19.422,76.80122246300016,2.1874190194381002,2.0842565961363864,6.167396314747686,0.024548545603766504,0.0012644404923425141,0.7943188542060493,0.1879986963852831
19.466,77.00130026999977,2.1932158145259257,2.090157654366508,6.167385858729822,0.024548526924638346,0.0012644520026364255,0.794318387071199,0.18799869638537192
19.509,77.20153113299966,2.1988808664723476,2.0959245975520586,6.1673756397366155,0.02454850711143121,0.0012644629061408785,0.7943179448311418,0.18799869638561617
19.555,77.40137312400111,2.205072900174866,2.1022280079127236,6.167364469555757,0.02454848399523297,0.0012644732958568255,0.7943175238656829,0.1879988888558115
19.605,77.6013513680009,2.211660172731769,2.1089337624452145,6.167352585461218,0.024548457932342605,0.001264484131828341,0.7943170849966648,0.18799888885596694
19.647,77.80137287000252,2.217193481652899,2.1145666025624483,6.167342602211372,0.02454843514542436,0.001264491944702839,0.7943167689154903,0.18799905060196132
19.69,78.00176361700142,2.2228585378244192,2.1203335564919747,6.167332380511636,0.024548411112938266,0.00126449990176837,0.7943164470270349,0.1879990506019391
19.734,78.2013838540006,2.228523594132921,2.1261005148940475,6.167322158163087,0.024548386613317576,0.001264506895581092,0.7943161643526115,0.18799918663410242
19.779,78.40147732100013,2.234452142506216,2.1321357044447606,6.1673114595669505,0.02454836065575613,0.0012645138758520973,0.7943158822824368,0.18799918663410242
19.827,78.6015325920016,2.2407759280802892,2.138573242327264,6.167300046879322,0.024548332878967315,0.0012645206627791264,0.7943156081503702,0.187999300337216
19.876,78.80188705900218,2.2473632053700996,2.1452790128817125,6.16728815772701,0.02454830413628411,0.0012645271419526472,0.7943153465276379,0.187999300337216
19.923000000000002,79.00138949400207,2.253423501068518,2.1514483231808113,6.167277218874507,0.024548278129546863,0.0012645326275767467,0.7943151250624737,0.18799939499496432
19.97,79.20143004300189,2.2596155425151396,2.157751750722626,6.167266041436747,0.024548252251810457,0.0012645377031007656,0.7943149202074795,0.18799939499460905
20.021,79.40130075200068,2.266334566528358,2.164591641370603,6.16725391185475,0.024548225252102374,0.0012645427405292707,0.794314716910922,0.1879994949716135
20.072,79.6014309250022,2.2730535903007008,2.171431534735122,6.1672417814543685,0.02454819969086257,0.0012645470831995612,0.7943145415635764,0.18799949497128043
20.112,79.801291562002,2.2783234131782044,2.1767961565919247,6.167232266841811,0.024548180831439118,0.0012645503586510296,0.7943144092601722,0.18799949497096957
20.158,80.00169667999944,2.284515454878841,2.1830995879540356,6.167221086617957,0.024548160259017026,0.0012645538775382925,0.7943142673620673,0.18799953677079984
20.213,80.2012711919997,2.2916297146114712,2.190341827049427,6.167208240648569,0.02454813928894717,0.0012645576641498815,0.7943141151986247,0.18799953677242076
20.27,80.40128253399962,2.2991392069650805,2.1979864106897606,6.167194688725955,0.024548152417322562,0.0012645599011103996,0.7943139901405184,0.187999588888621
20.324,80.60130486200069,2.3062534639010175,2.2052286466366477,6.167181853857326,0.024548184919341964,0.0012645624769581226,0.7943138780288507,0.18799963023303778
20.372,80.8013186240023,2.3125772490191894,2.2116661904503223,6.167170444587969,0.02454821589702409,0.0012645646906241565,0.7943137834598424,0.18799963023299338
20.426,81.00121006799964,2.319823254160817,2.2190425428614673,6.167157370795842,0.0245482532044148,0.0012645672272052842,0.7943136770471527,0.1879996628008751
20.477,81.20131992700044,2.326410532721416,2.2257483179491686,6.1671454848600415,0.024548288303147026,0.001264569515245794,0.7943135824037021,0.18799966280056424
20.532,81.4012707030015,2.3336565403408196,2.233124670646209,6.167132409556447,0.02454832767125662,0.0012645720070648169,0.7943134804464761,0.18799969368719083
20.59,81.60124450000148,2.341297785996079,2.2409033694549696,6.167118620147662,0.02454836943923193,0.001264574660594654,0.794313372856801,0.18799969368721303
20.648,81.80124116200022,2.3489390327882655,2.2486820685615942,6.167104829818257,0.024548410831876845,0.0012645772307295204,0.7943132694367427,0.18799972376652985
20.704,82.00146420800229,2.3564485350203133,2.256326651212716,6.167091276350918,0.024548450514708064,0.0012645798303504993,0.7943131653934343,0.18799972376604135
20.762,82.20137044299918,2.3639580381626475,2.2639712346305854,6.167077722054239,0.024548488607008444,0.001264582278628329,0.79431306802898,0.18799975338250619
20.813,82.40150742200058,2.3706770680028453,2.2708111244059683,6.167065593856494,0.02454852079442326,0.0012645845114298232,0.7943129796763261,0.18799975338250619
20.869,82.6013136190013,2.3780548268379884,2.2783215936594567,6.167052276252976,0.024548552611362382,0.0012645867778150375,0.7943128924729735,0.18799978238872583
20.927,82.80158201400263,2.3856960753939234,2.2861002954187195,6.167038494491303,0.02454853622516383,0.0012645889569729792,0.7943128057831537,0.18799980976780262
20.986,83.00127335900106,2.3934690703288264,2.2940131147424614,6.167024475430001,0.024548511996802348,0.0012645909068661303,0.7943127275841599,0.18799980976793584
21.042,83.2013722590018,2.400786979317621,2.3014290110226927,6.1670107276295445,0.02454823307745654,0.0012695046194257768,0.7941126091236025,0.18536608489987394
21.093,83.40125917700061,2.4074361478357913,2.3081407767022717,6.16699780432155,0.02454787143673389,0.0012760012469583324,0.7938480116674096,0.18536608489985174
21.144,83.6014496429998,2.4140280247665347,2.314793970248172,6.1669849794626606,0.024547527206431868,0.0012821080614916149,0.7935992924252712,0.18341742024141627
21.201,83.8012663720001,2.4213836876899513,2.322214748423032,6.166970613676607,0.02454714372926725,0.001288851140103024,0.7933246501324399,0.18341742024141627
21.259,84.0012602070019,2.4288703997442394,2.3297721857818945,6.166956063331178,0.024546804941159718,0.0012946831771700827,0.7930871113383788,0.18350472989627775
21.316,84.20126236800206,2.436229786826003,2.3371994610302513,6.166941732596254,0.024546482242958707,0.0013001863501956906,0.7928629648334389,0.18350472989627775
21.374,84.40124194099917,2.4437199142749324,2.344760754627215,6.16692717981722,0.024546187061599015,0.0013051374614648208,0.792661302271236,0.1835794050906392
21.43,84.60128733000238,2.4509532062857216,2.352062923128819,6.16691312731509,0.024545921253050863,0.001309547871982767,0.7924816610197201,0.18364215450652477
21.482,84.80127819699919,2.4576709633117932,2.3588450173994464,6.166900081361295,0.024545691551387475,0.0013133235044162743,0.7923278738883648,0.18364215450688004
21.538,85.00123529900156,2.46490662711544,2.3661509533927387,6.1668860444299805,0.024545466164504266,0.0013169894509298592,0.7921785531596208,0.18369538914786432
21.596,85.20126953200088,2.4724018194744364,2.373718464425631,6.166871495144754,0.024545245291978247,0.0013205733664154952,0.7920325726787535,0.18369538914786432
21.653,85.4013069620014,2.4798980842158755,2.3812889160300514,6.166856972966834,0.024545052301875335,0.0013236700973733417,0.7919064351789479,0.18374066666178024
21.712,85.60123468600068,2.487395298026734,2.3888595145271876,6.166842434705876,0.024544868601969874,0.0013266346758410933,0.7917856798587267,0.18374066666173583
21.769,85.80126589400243,2.4947641346655036,2.396301715761025,6.166828164681846,0.02454471007570954,0.001329190119291522,0.7916815900261475,0.18377919232026585
21.82,86.00125269000273,2.50135882998356,2.402960930041176,6.166815376723996,0.02454461454616652,0.0013314975930751659,0.7915894415478216,0.18377919232090978
21.877,86.20124661500085,2.508733234924041,2.410404685516784,6.166801039583154,0.02454449707188873,0.0013341526781385123,0.7914803304297529,0.1838119850011699
21.934,86.40125745000114,2.516108057806701,2.4178493587078944,6.1667867092167965,0.024544403790347297,0.0013365618025656823,0.7913816518090407,0.18384297145264128
21.993,86.6012760070007,2.523741471418138,2.4255563353661156,6.16677189674929,0.024544334124195363,0.0013387427681190868,0.7912926305350491,0.1838429714651202
22.05,86.80135062900081,2.5311161545985446,2.433003876872947,6.16675761462144,0.024544289560213085,0.0013404844246859555,0.7912216105933289,0.1838722224261291
22.107,87.0013006879999,2.5384912498264596,2.440451493637779,6.166743325188173,0.024544250279168508,0.001342141769282064,0.7911540562662612,0.1838722224251521
22.159,87.20131674300137,2.545219516471235,2.447247058856716,6.166730306770324,0.024544227438300203,0.0013434131454527023,0.7911022406806926,0.1838945379106116
22.214,87.40146855200146,2.5524656630673244,2.454565383720502,6.166716280619125,0.024544205230727485,0.0013447227302677963,0.7910488754620548,0.18389453791096688
22.275,87.6012704370005,2.5602295589514767,2.4624073838745812,6.166701263934524,0.024544190184780962,0.0013459329362776535,0.7909995651003933,0.1839127624713388
22.333,87.80126339400158,2.5677348842674284,2.4699884166797172,6.166686749962648,0.024544178916482747,0.0013469888065184548,0.7909565468175728,0.18392781613336684
22.391,88.00130308100051,2.5752405293322203,2.4775705293342143,6.166672254800593,0.024544134189089337,0.001347877105313608,0.7909203602655814,0.1839278161317459
22.445,88.20152283300195,2.5823580620920668,2.484761321100628,6.166658524522382,0.024544077236189846,0.0013485698607110473,0.7908921420279865,0.18394013195499603
22.497,88.40126778000194,2.588958093729996,2.4914291216886215,6.166645789210669,0.024544023026002792,0.0013491890307117717,0.790866921683173,0.18394013195501824
22.553,88.6011950380016,2.5962052131730675,2.4987510553139556,6.166631810970881,0.024543966176901712,0.001349774312215744,0.7908430823078777,0.1839490984248071
22.61,88.80132770899945,2.6035818875724868,2.50620369873049,6.166617578850896,0.024543907202556933,0.0013503488561973783,0.7908196806213633,0.18394909842511797
22.668,89.00121516199943,2.611088021081462,2.5137874028955296,6.166603100203063,0.024543849379168568,0.0013508590255129657,0.7907989014626552,0.1839566079749222
22.725,89.20127542000046,2.618464838571676,2.521240403906239,6.166588868995772,0.024543792840271066,0.0013513290924968857,0.7907797558786589,0.1839630207380205
22.782,89.40167597899926,2.6259711388714426,2.5288243037187774,6.166574388048063,0.024543736711441902,0.001351763639377376,0.7907620572517797,0.18396302073810933
22.834,89.60127903100147,2.6325715536963625,2.5354930330178216,6.166561654973509,0.024543688903550548,0.0013521090832310362,0.7907479878526,0.1839684856379309
22.891,89.80124996200175,2.6399330615547014,2.5424929809391967,6.167696035823419,0.02755945355210807,-0.001331915205937398,0.7914282898525289,0.18396848564905532
22.946,90.0012897350025,2.6469779218859726,2.5492832409522608,6.168821904273854,0.029967170163895804,-0.005042849077492835,0.7918300092621794,0.18395215012196875
23.001,90.2015041850027,2.6541043112443345,2.5564063188736186,6.169430396682591,0.03054902847715087,-0.008409400095973666,0.7918541167071756,0.18395215012443344
23.061,90.40126200400118,2.6615836130480317,2.5640408676773148,6.169542589086592,0.029580189280734092,-0.011090531189006063,0.7916892802491624,0.18376319588406798
23.118,90.60139730100127,2.6688076817102693,2.5714376086837967,6.169558279569208,0.028370109870399528,-0.013524722227297725,0.7915259855883545,0.18376319588377932
23.172,90.80134707800244,2.6756374293974763,2.578443318335397,6.169560745770164,0.027044262422908992,-0.01607272480370979,0.791371999869027,0.18379111606734444
23.229,91.0012374350008,2.6828119772346675,2.58583470996258,6.169542832595327,0.025272263660174987,-0.01930038108106235,0.7912068811857912,0.18384382025486978
23.288,91.20126142300069,2.690384201435064,2.593533748489781,6.169529883813128,0.02479507198438904,-0.020186354107977932,0.7911106675542849,0.18384382025427026
23.342,91.40139783199993,2.697394880276596,2.6006097412773417,6.169539702418556,0.025185341229602778,-0.019630313482885395,0.7910678763347061,0.18389193101129298
23.4,91.60130163100257,2.704960152650504,2.6083196275163925,6.169521624462268,0.024680646109674798,-0.020529158058762275,0.7909886803040092,0.18389193101129298
23.456,91.80124326900113,2.7120572527792643,2.6155156508187063,6.169510927677497,0.024601332603450102,-0.02069299883509282,0.7909432982256498,0.18391346026487287
23.507,92.0013311799994,2.7186452628111497,2.6221837946150925,6.169502820339144,0.024548540169744587,-0.020820924558058104,0.7909026614747865,0.18391346026072064
23.564,92.20131508600025,2.7261457264701563,2.6297682443099446,6.16949445793566,0.024549126973430688,-0.020861637213742033,0.790866834548552,0.18393113527448435
23.622,92.40126374800093,2.7335170511113898,2.6372220587412962,6.169486088724668,0.02454946005957445,-0.020901098378177975,0.7908338622943909,0.1839433615591135
23.68,92.60128926499965,2.7410177804256475,2.6448070431192754,6.169477491982626,0.024549663264589794,-0.020941002403054416,0.7908041776010872,0.1839433615591357
23.735,92.80125585399946,2.7481306043560085,2.652000063677117,6.1694692994295135,0.02454978587549339,-0.020978748201463556,0.7907795072793613,0.18395524149932285
23.793,93.00141798900222,2.7556314866126046,2.659585620731008,6.169460634848114,0.024549872960008816,-0.021018505419920282,0.7907557538371878,0.18395524149936726
23.844,93.20139610900151,2.76222715695602,2.6662558354704644,6.169453004382249,0.02454992903452636,-0.021053462023491308,0.7907367180156079,0.18396025677394068
23.901,93.40140691300257,2.769598914198144,2.673710701276436,6.169444464908717,0.024549976329721935,-0.021092515248424783,0.7907158183755502,0.18396025677391847
23.958,93.60136003500156,2.7769706800488225,2.6811658685403263,6.169435925837641,0.02455001449099534,-0.02113162464508824,0.7906978211648216,0.18396664751909597
24.016,93.80127113100025,2.784471885285885,2.6887512717081385,6.16942723369276,0.024550385358177437,-0.02117082589171625,0.7906781545442862,0.1839666475197843
24.074,94.00127070900271,2.791973151672737,2.6963369293519484,6.16941854400226,0.024550795319511036,-0.021210020444951225,0.7906608012965244,0.18397230272662046
24.13,94.20129052899938,2.799215821276363,2.703661163685199,6.169410154852931,0.02455118717033885,-0.021247908818223374,0.7906456059368544,0.18397772766556297
24.183,94.40168030700079,2.8061998720230865,2.7107239653701436,6.1694020667511325,0.0245515527555676,-0.021284500389331558,0.7906323525646689,0.18397772766554077
24.238,94.60127353400094,2.813183954129595,2.717786966401665,6.169393981269193,0.02455190050683635,-0.02132116467670132,0.7906207594480866,0.1839822598513896
24.297,94.80127477900169,2.8208147638931114,2.725504010112891,6.1693851472854355,0.02455225273551827,-0.02136129192290485,0.7906089256909122,0.1839822598513674
24.354,95.00155172900122,2.828316249815116,2.733090517824134,6.169376466966498,0.024552567082641412,-0.021400842919383774,0.7905992684851216,0.18398595915241067
24.41,95.2012403459994,2.8355183229967067,2.7402131982265714,6.169705641380694,0.0273596235536933,-0.018681065214856987,0.7910243053316396,0.1839859591689974
24.466,95.40141761500126,2.8433306972297396,2.7477387453431903,6.1696110951454886,0.03378748616128056,-0.006288711454803811,0.7919489663548098,0.18398898383904516
24.516,95.60135011400052,2.850485549868733,2.754590703074226,6.169973334912829,0.038482798758867565,0.0030283250388689485,0.7922366368896337,0.18398898383815698
24.572,95.80142121700192,2.8575237714786073,2.7617519702949576,6.169790649804616,0.038498986338045195,0.0017596813376185288,0.7920889719613935,0.18378966531842345
24.626,96.00161268400188,2.8643799235449823,2.7688485996064003,6.169762765434991,0.036606063930607766,-0.0026134485814477103,0.7918137839555278,0.18371691077172514
24.685,96.20126311400236,2.872025510068557,2.776505585931147,6.169687534455717,0.03793282487009103,0.0003376078212603909,0.7917839809851481,0.1837169107586245
24.741,96.40127133900023,2.8792960314531246,2.7838504093555234,6.169701024444719,0.038405437141302096,0.001094884640293296,0.7916937609425857,0.1837736162088044
24.797,96.6012890560014,2.886422926196446,2.791158479922771,6.169677256875023,0.03751014535191662,-0.00046556053264833875,0.7915229017844235,0.1837736162088266
24.848,96.80133925200062,2.8930569194216273,2.7978453874434823,6.169678936315891,0.03799693144475372,0.0003334544122982649,0.7914633174126687,0.18379885761974357
24.904,97.00144660099977,2.9002825390037748,2.8051761892844507,6.169670537915583,0.03799825660797234,0.0003033246235084258,0.7913637659974685,0.1837988576223859
24.962,97.2013053840019,2.907784039619122,2.8127552072969104,6.169662370421376,0.03801154094926542,0.0002856369819543252,0.7912794568866589,0.18383305823259644
25.019,97.40136056900155,2.915160570410702,2.820201319332267,6.169654436083509,0.038035513193169994,0.00028666743178228717,0.7912016559793749,0.18383305823266305
25.078,97.60130209999988,2.9227961516379133,2.8279095860178853,6.169646167210939,0.03806033897288505,0.00028789017429351523,0.7911301265666829,0.1838589624774345
25.133,97.8012148859998,2.9299143241118633,2.835095733294847,6.169638427461003,0.038083488420565775,0.0002890798790099105,0.7910693940118811,0.18388056125238084
25.184,98.00129883599948,2.93651502793154,2.8417595216431795,6.169631233777621,0.03810495776188305,0.00029018353293139905,0.7910170412391613,0.18388056125242525
25.236,98.20137256000089,2.9432452898790635,2.8485545074639913,6.169623894612023,0.03812685268440565,0.0002912336588858286,0.7909691649686742,0.18389884195797457
25.295,98.40130302300167,2.9508818067388427,2.85626431622593,6.169615556998369,0.038151696197967544,0.00029239260654993575,0.7909178768108124,0.18389884195795236
25.351,98.60169786299957,2.958121254256476,2.863623549610314,6.170232984998954,0.03633104932022239,-0.0015133575697033471,0.7905038303754568,0.18391431921154222
25.407,98.8012500090008,2.964947340925142,2.8705864231018894,6.171511913449508,0.03334294713675983,-0.00636520373500139,0.7898311712569843,0.18391431919484447
25.464,99.00128722199952,2.9721292229590923,2.8778067781929733,6.172293582109733,0.032806152847325035,-0.01118190956808184,0.7895093154911068,0.18398859164949766
25.515,99.20135122099964,2.978647726214079,2.884255529968711,6.172518854191742,0.03427192132424274,-0.014907638447084256,0.7893811815240688,0.18398859165154047
25.573,99.40119243899971,2.986103462559403,2.8915609955221133,6.172582699884359,0.036782696977417914,-0.01898895121066585,0.7893327777262504,0.1838316275364349
25.63,99.60128116300257,2.993433673809426,2.898831556261292,6.172658094008982,0.038312537150290704,-0.021742113798390642,0.7893233928268513,0.18381532828291025
25.689,99.80136042000231,3.0010609174929503,2.9066233570123243,6.172720329660641,0.03710341115319624,-0.020475906309111648,0.7894263847684905,0.18381532826696745
25.745,100.00127841100038,3.0083032791763773,2.9140512261608134,6.172760497943517,0.03568384703723097,-0.018749039606525533,0.7895240297000626,0.183809921735123
25.802,100.20123379200231,3.015689713347956,2.9216639705345684,6.172773630016249,0.03377375287960924,-0.016126971322627325,0.7896479576384028,0.1838099217351008
25.854,100.40128325300248,3.022452686528074,2.9286757019940306,6.172737674396105,0.031528673958178446,-0.012672527667230267,0.7898033173567393,0.18382921485284864
25.91,100.60144884400142,3.029761527457129,2.9363156725392683,6.172645804654518,0.02844823500570769,-0.007620039937170524,0.7900328473797491,0.18382921485291526
25.97,100.80125560300075,3.0376182386672954,2.9445996224399784,6.1725203805029905,0.024197313153704127,-0.0006434270847369177,0.7902831364692554,0.1838688813214251
26.027,101.00128262300132,3.0450026619203756,2.95208447993457,6.1724992641000505,0.023797671223862133,-3.404335054951167e-05,0.7903466143613482,0.18393595535846075
26.085,101.20137107300252,3.0524746615739584,2.9595349796210084,6.172536083801269,0.025090004025785283,-0.002137091018353892,0.7903265930673183,0.18393595534105245
26.139,101.40140235500076,3.059453873827322,2.9665608306120723,6.172544411947573,0.025430770384058225,-0.0026864934268126996,0.7903304437764084,0.18397167522250513
26.19,101.60144602700166,3.066064273834478,2.973274949677923,6.172529821797127,0.02499278366396434,-0.001961612448008442,0.790360911626825,0.18397167522250513
26.241,101.80176339000172,3.072822129536717,2.9801978864907155,6.172493764979801,0.023801190942891754,2.6577438956631375e-06,0.7904214030574147,0.183971187321319
26.299,102.00126681999973,3.0801970218577512,2.9876443535072905,6.172490736212169,0.023856373192272982,-9.863958588473895e-05,0.7904327897810743,0.183971187321319
26.353,102.20123461800176,3.0871925004013616,2.9947314919790244,6.172483807875796,0.02361229978567437,0.00032400933529219656,0.7904506490637984,0.18398288232015503
26.407,102.40146069299954,3.094181498119712,3.001789701357079,6.172479451801862,0.02362763601899931,0.00028603439965715823,0.790456589777705,0.18398288232175375
26.465,102.60125590200187,3.1016896106576386,3.009373505804894,6.172476220079039,0.02362414782833651,0.0002925472615090631,0.7904616154741676,0.18398875370331247
26.516,102.8013157259993,3.1082914905891306,3.016041944523212,6.172473373625779,0.023622535581778188,0.0002955518867616716,0.7904656891934663,0.18398875370322365
26.573,103.0012139520004,3.11566999810472,3.02349497455896,6.172470191085359,0.023621648513053477,0.000297212138011375,0.7904694527158711,0.18399122330023943
26.627,103.20129516599991,3.122660118633461,3.0305557554485976,6.172467174773322,0.023621316885464937,0.0002978371370684051,0.7904727454960856,0.18399248133746937
26.682,103.40149206900242,3.129909110954402,3.0378780981713733,6.172464023009786,0.023621263753176813,0.00029811276946899786,0.7904759030916036,0.18399248133680324
26.738,103.60128386100041,3.13702864005343,3.045069743251985,6.172460929068225,0.02362136760121119,0.00029808538038636137,0.7904787768826752,0.1839934576262081
26.793,103.80130682100207,3.144148158053161,3.0522614274244644,6.172457836571129,0.023621544773294142,0.00029790956757165185,0.7904815668910274,0.18399345762531993
26.842,104.00134612300099,3.1504909889327264,3.0586686291210534,6.172455083406975,0.023621725113116988,0.0002977038856645072,0.7904838172743798,0.1839943167040392
26.851,104.03415458900054,3.1516559979838243,3.059845465511234,6.172454577894105,0.023621758639912165,0.00029766397289945857,0.7904842251178443,0.1839943167040392
26.862000000000002,104.07079100600095,3.153079897761141,3.061283821844911,6.172453960113131,0.023621799424208074,0.0002976147950463776,0.7904847255951606,0.18399431670377275
26.917,104.2709264840014,3.1601993872025456,3.0684756154275226,6.172450872627586,0.023621995198198152,0.0002973708608162195,0.7904872323900621,0.18399431670315103
26.975,104.47075133900216,3.167711765332101,3.076055321978273,6.172420995316027,0.023748778271984825,0.0003053584420556179,0.7904885302948133,0.18399509068864894
27.031,104.67081970800064,3.17500441285139,3.083394688458875,6.172442996255035,0.02428960831628614,0.001257717917403713,0.7904164577995387,0.18364460482005462
27.087,104.87084463000065,3.1822974870999965,3.0907329236308203,6.172447366771317,0.025020722492659,0.002362922794185679,0.7902544625358487,0.18364460481428146
27.139,105.07072991899986,3.1890647311152795,3.0975491010082976,6.172457420579353,0.025616310430192156,0.0033117661955108717,0.7901191507517269,0.18367060656938605
27.191,105.27081535400066,3.1958129720170154,3.1043608207940303,6.172469777445873,0.025973841085640145,0.003935155291731738,0.789984339883363,0.18367060657036305
27.247,105.47089159700045,3.2030436131845046,3.111686343903608,6.172478528599326,0.025932028599545007,0.003960879147197143,0.789845161828707,0.18371767602904931
27.304,105.6709859319999,3.2103438644886038,3.1191270170435317,6.172472016665915,0.02528454773446986,0.003007991142737372,0.7896857520359786,0.18371767602962663
27.362,105.87078398300218,3.217694599983405,3.126673853844658,6.172434805355106,0.02384820538635313,0.0007027323237917411,0.7895101322700842,0.18375827075054474
27.417,106.0707789650005,3.2248135126263016,3.133855541714331,6.172430902268162,0.023881824833635046,0.0007734723871025023,0.7894038051848749,0.18375827075050033
27.467,106.2708486110023,3.2312652228838084,3.140385683208338,6.172425434610233,0.023747569743519686,0.0005470449716428701,0.7893146846469654,0.1838031684460173
27.511,106.47091567700045,3.2369440681423693,3.1461294994167273,6.1724199025824396,0.023619403420301697,0.00033373660820951417,0.7892391174701427,0.1838031684460173
27.567,106.67073959399931,3.2441999066952816,3.1534333711965186,6.172416416147738,0.023620809692921806,0.0003381444854751713,0.7891570421964148,0.18383958367640396
27.622,106.87077927200153,3.2513316448148144,3.160602063816461,6.1724127668208535,0.02362133252362826,0.00034085259066656226,0.7890754469046679,0.1838669662418635
27.677,107.07076088400208,3.2584636255227046,3.16777177258864,6.17240912934353,0.02362159919430847,0.00034295873358824465,0.7890030649108292,0.18386696624177468
27.733,107.27071298500232,3.265725552952702,3.1750726292737705,6.1724054334204235,0.02362171938594735,0.0003446895212654244,0.7889370992552007,0.18389137797556465
27.788,107.47093086799941,3.272987748789272,3.1823740183947162,6.172401741108286,0.023621746627684376,0.0003461387580017672,0.7888769327328672,0.18389137797560906
27.84,107.6707838830007,3.279601664194397,3.1890244351026924,6.172398391139357,0.02362171478835103,0.00034718569341485344,0.7888298308676247,0.18391129144648133
27.897,107.87078593300248,3.2869939587442203,3.196457347281389,6.172394643381204,0.023621624878877995,0.0003482082838469684,0.7887798279088832,0.18391129144643692
27.952,108.07087663499988,3.294126953245855,3.203630513093207,6.172391042490049,0.023621491177144256,0.00034892525990815515,0.7887397630453287,0.18392748989448648
28.008,108.27085291500043,3.301389878777751,3.2109340755711444,6.172387370941756,0.023621309114637584,0.00034954743407076373,0.7887005339527287,0.1839274898945309
28.064,108.47072407100131,3.3086528708325256,3.2182384621350977,6.1723837110273045,0.02362108553079773,0.00034995188621209414,0.7886677216783732,0.183940712212749
28.117,108.67075498200211,3.3155269394134956,3.225151612739644,6.172380244795174,0.023620837185105097,0.0003502384505189503,0.7886383742231421,0.183940712212749
28.167,108.8708875500015,3.322011966564211,3.2316739140086046,6.172376980692582,0.023620573328439313,0.00035037495754091465,0.7886144213921813,0.18395151611869665
28.22,109.07106697500058,3.3288862122098037,3.2385876655486068,6.17237351988436,0.023620262904444578,0.0003504349725304567,0.7885906884994383,0.18395151611874105
28.276,109.27075598100055,3.336149633660236,3.245893129264392,6.172369867266312,0.023619905282979626,0.00035038032737745535,0.7885687503155141,0.18396034618874957
28.33,109.47077145300136,3.343153732076028,3.2529378858925875,6.17236634620711,0.023619536672925052,0.00035024463994446725,0.7885496637358851,0.18396756423033622
28.385,109.67115851400013,3.3504173176689847,3.2602437408561133,6.172362695655705,0.02361913908865205,0.00035003940885065127,0.7885317184226047,0.18396756423033622
28.436,109.87101741900187,3.3569027106682583,3.266767066030995,6.172359438780441,0.02361880998745622,0.0003498468712230184,0.7885177395334261,0.1839734659462522
28.488,110.07095254700107,3.3636490853551178,3.27355127636615,6.1723531402801095,0.023643428522928073,0.0003646739566743701,0.7885052495478403,0.1839734659462522
28.54,110.27076891099932,3.3704395799663605,3.2802820388474356,6.172044655228924,0.025149271541985468,0.0003503347306518757,0.7884678232566391,0.18397828524401305
28.597,110.47076172000016,3.3779385397841546,3.287550039726167,6.171121539968012,0.029718269183296217,0.00036535209093472144,0.7882281951076759,0.18397828524308046
28.65,110.67091677800272,3.3849163327769243,3.294201054292415,6.169722293305441,0.03668619532144864,0.0004322984730426352,0.7876400625230574,0.18399323856375105
28.705,110.87083690299914,3.3921223784293084,3.300994665374458,6.167728314569206,0.04679593659390534,0.000810874869676116,0.7864710409915998,0.18399323856113092
28.759,111.07130694700027,3.3994755813252526,3.3080578787508257,6.167085015515865,0.05225943042747646,0.004144060861973189,0.7862246467853955,0.18384715442856248
28.81,111.2709676250015,3.405964720408055,3.3145458019117338,6.1670690386874,0.05215639903964242,0.003908136694800511,0.7863009261532983,0.18384715442851807
28.867,111.47090313100125,3.413204799409806,3.3218861047006376,6.167000009880152,0.050541745992426064,0.0011098055356822875,0.7863705498320318,0.18360312793350708
28.92,111.67073126300238,3.4200618264680376,3.3287623384368485,6.166970760264334,0.05041919389491792,0.000780564602741834,0.7865368122583182,0.18360312792973232
28.977,111.87082891600221,3.427487846083867,3.336152942053192,6.166950970177228,0.05063534627286671,0.0009665173222591723,0.7867368850861384,0.1836449596185563
29.025,112.0709305599994,3.433689276774676,3.342372889090124,6.166922337817582,0.05037239566014148,0.00039414258651287206,0.7868555979691609,0.18369268122659932
29.067,112.27090288600084,3.439135000010876,3.34783397463009,6.166905190153509,0.0504407663237861,0.00038598157538209497,0.7869700466374028,0.18369268123876736
29.107,112.47087498200199,3.444312144440289,3.3530439984298863,6.166889184194229,0.05050867136967235,0.000383424145138683,0.7870727736167149,0.18369268123876736
29.156,112.67077252700255,3.450658743069819,3.359427354545879,6.1668671271052204,0.050591797131490604,0.0003972520311543291,0.7871780259415813,0.1837521601169012
29.205,112.8707267130012,3.457049419425719,3.3658374374171856,6.166730789872243,0.050675941463570066,0.001223070073970279,0.7873095777611633,0.1837521601124159
29.258,113.07104789200093,3.4639675657832,3.3727665000336198,6.166575849344357,0.05076701423399825,0.002167493281173641,0.7874668112413522,0.18377774343512066
29.311,113.27101268399929,3.4708848232785465,3.3796989743194334,6.166420090245486,0.05085807597705161,0.0031186543820729902,0.7876149641664946,0.18377774343507625
29.36,113.47114955200232,3.4774066481025487,3.3862529144443174,6.166272574250081,0.05094372403017817,0.004023739867792442,0.7877116640854438,0.1838209307355232
29.409,113.67076345200257,3.4836565077618897,3.392549848759479,6.166166774794276,0.05088380702577325,0.004830860829468545,0.7877967389016379,0.1838209307186922
29.466,113.87085834400204,3.491199477691149,3.4001610094836057,6.166127619962978,0.05038454904378576,0.005809246109804341,0.787913183537366,0.18386155895444567
29.523,114.07080283799951,3.4984803083427316,3.407524593816666,6.1660869680490835,0.049807193230183004,0.006911501673537948,0.7880257549048106,0.1838933518478747
29.58,114.27077184100199,3.50590548190123,3.4151025927917136,6.166025104772004,0.04846813888051761,0.009269623648384549,0.7881897457704881,0.1838933518478303
29.635,114.47080676900077,3.5130907576387256,3.422498572204529,6.165943589206073,0.046373132517140765,0.012866715868082575,0.7883977783589424,0.18392827671722678
29.694,114.67077624000012,3.5208206764700836,3.4305261368391804,6.165831993154141,0.04322528991014815,0.018208831758333235,0.7886716063321653,0.1839282767172712
29.746,114.87089412600108,3.5276560459290387,3.437684423550858,6.165712504494201,0.03965351907132291,0.024232411427195143,0.7889324651345692,0.18398425530437024
29.803,115.07080955300262,3.5351696780928465,3.44562372978891,6.165558206867273,0.03483932390035281,0.0323187056387135,0.7892421181177218,0.1839842553041482
29.861,115.27099835800254,3.542987117143333,3.45386023946189,6.165538030425933,0.030016536541742557,0.041383750452609926,0.7895076981239142,0.18393649792067812
29.913,115.47085599500133,3.549555052962605,3.4604604887261945,6.1653845930187146,0.030221055006923295,0.04022238943303786,0.7894404851047228,0.18393649789749666
29.969,115.67077066800266,3.5567880566474206,3.4675839334789287,6.165405974680951,0.031966211557427716,0.03750975693584142,0.7892930559282717,0.18384866772587216
30.024,115.87078639000174,3.5639152157155927,3.474678113416099,6.165401241904678,0.032718693440966166,0.03642766566602588,0.7891954212576022,0.18384548797145683
30.074,116.07098323800165,3.5705443746226697,3.4813427203555696,6.165374303432823,0.032571536695699,0.036815165171373516,0.7891492865879299,0.18384548797150124
30.127,116.27080105999994,3.577323139677276,3.4882247832197004,6.16532464439497,0.03158508118276375,0.03858750294910549,0.789152651418656,0.18387645237436523
30.185,116.47085083800266,3.5850313492259964,3.496092089399443,6.165285585860153,0.03000419142164313,0.041567028292835435,0.7891890584207022,0.18387645238644446
30.239,116.67112475600152,3.592024749700604,3.5030856673467095,6.165240357976129,0.03040363692831287,0.04083828296053257,0.7891185355886171,0.18388127286526057
30.294,116.8714043100008,3.599179714845047,3.5102989462799017,6.165205775947933,0.030008576990214048,0.04164981775639759,0.7890955608089077,0.18388127286526057
30.341,117.07080483500249,3.605153373126146,3.516298528869652,6.165185198268735,0.030016291758093387,0.04176672849362517,0.7890595747923983,0.18388850542905288
30.39,117.2709625230018,3.611519507434755,3.5226871064387337,6.165163342954543,0.0300180916823964,0.04190448709337787,0.7890187949639352,0.18388850542794266
30.442,117.47087832500256,3.61827559265173,3.5294669565252024,6.16513995212733,0.030019343016968094,0.04205043628665867,0.7889780855539624,0.1838956176325457
30.499,117.67083256700062,3.625681599427833,3.5368985117539964,6.1651141659371245,0.030020231189226098,0.04221031604829147,0.7889342173267472,0.18389561763250128
30.539,117.87094806300229,3.630878850517985,3.5421141367565965,6.165096026559941,0.03002068027179017,0.04232236621203456,0.7889077184015414,0.18390833131953777
30.588,118.07080473799942,3.63724567863288,3.5485031201626387,6.165073764046598,0.030021086546851632,0.04245963386086391,0.7888755401512372,0.18390833131962658
30.643,118.27085571600037,3.644392233586212,3.555674873452224,6.165048752548179,0.030021428524562663,0.042613613960864195,0.7888437498385829,0.18391992480482067
30.7,118.47082808300183,3.6517845229046357,3.5631046379226157,6.1649960888414395,0.030021884341439837,0.042581416879266976,0.7888033479207894,0.18391992480482067
30.755,118.67084085500028,3.659045140938003,3.570402904825068,6.164937983137772,0.030021569419189632,0.04250557556698943,0.7887668042761727,0.1839297963985853
30.809,118.87113564700121,3.666046144469005,3.577441169297626,6.164881910922458,0.030021305180708183,0.042431872130467375,0.788735167492344,0.18392979639840767
30.869,119.07084984299945,3.6736966939627824,3.58513101852784,6.164820572187879,0.030021034473793246,0.04235089730222462,0.7887064697279714,0.18394068277993725
30.925,119.27080062000095,3.680958694610854,3.5924295737256347,6.164762312055008,0.030020760666761757,0.04227385601593487,0.7886811613020756,0.18394954454707957
30.982,119.4709254920017,3.688350936918156,3.599858229024207,6.164702979185863,0.03002045783652373,0.04219532237258863,0.7886577987762897,0.18394954454636903
31.039,119.67074716800198,3.695653998804371,3.6072083077382473,6.164370301095132,0.030013673688839827,0.0401827096016877,0.788579328084237,0.1839568094432309
31.097,119.8707708969996,3.7028968183489512,3.6145002091014655,6.163460797408984,0.03000754723578496,0.03407026038387032,0.7884899321922477,0.1839568094233357
31.156,120.07084229800239,3.71008247270245,3.6216992021336147,6.161982812990918,0.030000772629675328,0.023906269880360813,0.7885797173443785,0.18396929559876263
31.212,120.27087122900048,3.7167372566327566,3.6283043069132166,6.160078328125121,0.029997729881903978,0.010651548743639156,0.7889877605034594,0.1839692955976968
31.272,120.47074176200113,3.7241931947712392,3.6357475118423848,6.159326084571562,0.02999818604304053,0.003359618859051469,0.7892096992006449,0.1839488994703764
31.327,120.67068836900216,3.7313647232428626,3.64297472540941,6.159119072258819,0.029998127603641327,0.004591274075502158,0.7891903318473215,0.18382221648014507
31.377,120.87075205300061,3.737847416960269,3.6494911269872032,6.159080746224605,0.029997812179075094,0.004577914746657545,0.7891110255410153,0.18382221648018948
31.428,121.07077592499991,3.7444601697309134,3.6561393191313347,6.159040110740541,0.029997538626318824,0.004570350243080287,0.7890409221202372,0.18386646665362605
31.479,121.27074229400023,3.751073186197072,3.6627887704439113,6.158998544363131,0.029997307141531763,0.004566376945765262,0.7889803538139607,0.18386646665358164
31.528,121.47084629399978,3.757427317975265,3.6691796222023223,6.158958099896655,0.029997129727989215,0.004564391370543106,0.7889344421743076,0.18389409765000586
31.575,121.67125245900024,3.7636519502516825,3.6754406349771283,6.158918179361543,0.029996961069985107,0.004563562158834822,0.7888946681391141,0.18389409764996145
31.624,121.87082012800238,3.769876735752288,3.6817018731093447,6.1588780716578455,0.029996793515153282,0.004563419173625854,0.7888578229581418,0.1839102604040299
31.661,122.07072768700164,3.774675069269186,3.68652847572453,6.1588470761640615,0.029996669686981017,0.004563572648291151,0.7888318657956266,0.1839102604040299
31.706,122.27088642500166,3.7805110379409514,3.692398584069075,6.158809311370263,0.029996516407808718,0.004564000099595684,0.7888007862286123,0.18391026040429637
31.756,122.470913819001,3.7869954821251386,3.69892137672807,6.158767305714979,0.02999636096425296,0.004564559018571618,0.7887705324475205,0.1839225624718832
31.802,122.67077357900052,3.7929613456287012,3.7049221911523262,6.15872862301224,0.029996215176128826,0.004565193730680839,0.7887427875733491,0.1839225624718388
31.846,122.87137391700162,3.798797523568824,3.710792949426953,6.158690770313401,0.029996086939341575,0.00456577663216377,0.7887192813864332,0.18393312417535057
31.895,123.07075177300067,3.805022933540709,3.7170549430845106,6.158650375148781,0.029995948350253612,0.0045664469379428675,0.7886942121744716,0.18393312417535057
31.947,123.2710337080025,3.8117671647821423,3.7238390945191124,6.15860660924709,0.02999581162905294,0.004567109606778835,0.7886703356551668,0.18394224825799554
32.002,123.47093994399984,3.8189006394408267,3.7310145452897743,6.15856030616224,0.02999566816612533,0.004567818584778745,0.7886455995474477,0.183942248258262
32.059,123.67075919800118,3.826293549889376,3.738451262947587,6.1585123197699385,0.02999553444882658,0.004568464798356522,0.7886234090186268,0.18395012130354438
32.113,123.87086728600116,3.833297485831223,3.745496519243493,6.1584668518538255,0.029995410444627533,0.004569065762729671,0.7886030266903339,0.18395012130385524
32.17,124.07077655499961,3.840690580083585,3.752933385683174,6.158418858081091,0.029995290521340937,0.004569634236566124,0.7885838672778561,0.18395691329868846
32.223,124.27078356499987,3.8475649460783314,3.7598483914696046,6.158374228984232,0.029995184249346357,0.004570135057684363,0.7885670634250554,0.1839627730536364
32.263,124.47112742900208,3.852753175509512,3.7650673511613686,6.158340546642331,0.02999510962081049,0.0045704818422265215,0.7885554566974269,0.18396277305390285
32.309,124.67091102999984,3.8587196966802857,3.7710691405553054,6.158301809490794,0.029995026585012668,0.004570869053507422,0.7885425176639379,0.1839627730540805
32.361,124.87076847400022,3.8654644566766234,3.7778540106891563,6.158258023122964,0.029994944159273427,0.004571241911444136,0.7885300646559069,0.1839692387839431
32.412,125.0707921380017,3.872079579075601,3.784508356433854,6.158215075461484,0.02999486628659689,0.004571600236467036,0.7885181044365823,0.18396923878398752
32.459,125.27093101100036,3.878175896447044,3.7906408451934044,6.158175495889307,0.029994800233766394,0.0045719054344530614,0.7885079213421097,0.18397208071094795
32.506,125.47109637600079,3.8842722541310466,3.7967732866167285,6.158135914276745,0.029994738198229558,0.004572204713073282,0.7884979330192008,0.1839720807091716
32.556,125.67093588400166,3.890887213804088,3.8034276408688403,6.158092979820235,0.0299947226526004,0.004572468401378444,0.7884891060952571,0.18397574885224977
32.599,125.871181677001,3.8963348397222193,3.808907664969834,6.158057621313484,0.029994714721694765,0.004572681008102111,0.7884820168574936,0.18397574885260504
32.647,126.07089250100034,3.902560734946164,3.815170687348481,6.158017212722785,0.02999471199605395,0.004572893970860923,0.7884749164593214,0.1839788783380758
32.702,126.27092666200042,3.909694627631079,3.8223470251509237,6.157970908493423,0.029994710960279714,0.004573136111606275,0.7884668443928313,0.1839788783381202
32.758,126.47083364500213,3.916958276332067,3.829653959999218,6.157923762530835,0.02999471568567949,0.0045733540036754835,0.7884595814755707,0.1839813818429903
32.814,126.67078480300188,3.924221976859302,3.836960878068451,6.1578766141933645,0.02999472216093378,0.004573566060190614,0.7884525137986736,0.1839813818429903
32.868,126.87079864800035,3.931226300946239,3.8440069040051825,6.157831149166701,0.029994731595501048,0.004573751574759664,0.7884463313014888,0.1839835849907434
32.916,127.07081116799964,3.937582111923661,3.850400532972356,6.157789892557045,0.0299947412522164,0.0045739116874928525,0.7884409957432506,0.18398358499132073
32.975,127.27079305600273,3.945105352316274,3.8579685839744555,6.157741057984471,0.029994755066656494,0.004574080975401776,0.788435354924109,0.18398607980927295
33.034,127.4708844859997,3.952758344911931,3.8656671221272516,6.15769137960943,0.029994768927255597,0.004574245547541229,0.7884298716417152,0.18398720965802084
33.09,127.67089742000098,3.960022238362158,3.872974205955716,6.157644225535274,0.029994781107940176,0.0045743960914909594,0.788424856106691,0.1839872096582873
33.142,127.87078422800187,3.966767726686357,3.8797484244857023,6.157600232398657,0.029994519216129018,0.0045763127478375045,0.7883609767141296,0.1837789724763006
33.2,128.07075488400005,3.9742921852887747,3.8872991714673675,6.157551059837935,0.02999410354423889,0.0045791234743054205,0.788267298210318,0.18377897247607855
33.255,128.2708115250025,3.9814275781959494,3.8944581564022562,6.157504413203041,0.02999367546970013,0.00458179076457254,0.7881783964929723,0.1837932402264819
33.311,128.4707639820008,3.9886933626960444,3.9017471037392735,6.15745689807383,0.029993247014723994,0.004584436529843041,0.78809021147393,0.1837932402264375
33.37,128.67073875999995,3.996349058944298,3.909427944017898,6.157406845420149,0.029992841876880928,0.0045869021044218136,0.7880080319241294,0.18382158034455642
33.426,128.87078382700201,4.00361607040849,3.916718603756083,6.15735932909404,0.029992477729275848,0.004589094640752546,0.7879349527427931,0.18384676838114622
33.485,129.07082679900122,4.011272943041777,3.924400528329308,6.157309264927788,0.029992121815832093,0.004591211764891349,0.787864386448181,0.18384676838119063
33.543,129.27077068899962,4.018800564645158,3.9319530912576544,6.157260050286968,0.02999180296072054,0.004593082152173617,0.7878020435614155,0.18386818656903614
33.602,129.4708520460008,4.0264584448976315,3.9396359576994864,6.157209975864396,0.02999149105371091,0.00459489867015754,0.7877414955720355,0.1838681865693914
33.661,129.6707446090004,4.034116778435646,3.9473199883672048,6.15715990990012,0.02999121715830291,0.004596465553482739,0.7876892680720767,0.18388655492720396
33.717,129.87087042699932,4.041515891203325,3.9547435685046017,6.157111530903568,0.029990962485352823,0.004597916300572527,0.7876409111377541,0.18388655492773687
33.773,130.07088803100123,4.048655715673195,3.9619072680677454,6.1570648508710795,0.02999073934134746,0.004599173277147179,0.7875990127971216,0.18390235007528233
33.829,130.2707425530025,4.055925665280413,3.9692014844764936,6.157017318181565,0.029990526940358222,0.004600363916550363,0.7875593253297297,0.18391593802973283
33.887,130.47072208600002,4.063455551358836,3.976756511532329,6.156968084928033,0.02999032274993144,0.004601504720154576,0.7875212988033592,0.18391593803035455
33.944,130.67077482199966,4.070855890481854,3.984181763745415,6.156919701283379,0.029990142183314913,0.0046025080917591315,0.7874878530589146,0.18392762818288944
34.001,130.87072226800228,4.078256472824922,3.991607021750467,6.156871310791395,0.02998996992295219,0.004603473105565731,0.7874556856887572,0.18392762818293384
34.056,131.0707549780018,4.085397611091326,3.9987723629255476,6.156824622926756,0.029989826266135673,0.004604275111155524,0.787428952364356,0.18393768648237163
34.112,131.27074260600057,4.092669082986374,4.006067888795323,6.156777073453584,0.029989688264477482,0.00460511521500462,0.7874009276166901,0.18393768648330422
34.167,131.47122185300032,4.099941337280776,4.01336405465664,6.15672952537965,0.02998960802459259,0.004605918849036552,0.7873741316710111,0.1839463445055145
34.224,131.67137709300005,4.107343569539377,4.020790615083773,6.156681126603299,0.029989538555154353,0.004606677967921399,0.7873488218922198,0.18395455160860053
34.273,131.8707737600016,4.11357710585811,4.027044747525103,6.156640370594157,0.029989491149406983,0.0046072567232688655,0.787329526720541,0.18395455160868934
34.325,132.07076744400183,4.12033019233466,4.03382017193376,6.156596217468162,0.029989448150802785,0.004607837307592195,0.7873101714866491,0.18396184376205937
34.374,132.27074364900182,4.1266937400108334,4.040204867073411,6.156554612340491,0.02998941610957078,0.0046083333631996865,0.7872936349214633,0.18396184376210378
34.425,132.47082686499925,4.133317096676944,4.046850259823599,6.156511308345676,0.02998938885596573,0.004608810748938926,0.7872777213270983,0.18396796400907967
34.475,132.67082138700061,4.139810637602372,4.053365484289609,6.156468853845948,0.02998936833475108,0.004609235825744779,0.7872635519670175,0.18396796400912407
34.522,132.87077760000102,4.145914621204611,4.059489865323867,6.15642894592334,0.029989352620367542,0.004609606809079613,0.7872511861526991,0.18397309598974232
34.569,133.07081148400175,4.15201864080955,4.065614366339297,6.156389038709507,0.029989341139297434,0.004609942232209853,0.7872400060984808,0.1839730959896979
34.615,133.27091786399978,4.157992837918926,4.071608582605968,6.156349979279653,0.02998933075389388,0.004610254115286386,0.787229611141059,0.1839730959896979
34.662,133.47078592199978,4.164096937662618,4.077733270701011,6.1563100731956295,0.029989320543234776,0.004610532579549784,0.7872203339675229,0.18397740312545707
34.711,133.67078533400127,4.17046088089478,4.084118814877009,6.156268479614118,0.02998926657707983,0.004610783597719273,0.7872119670417926,0.18397740312576794
34.766,133.87078916099927,4.177604092433947,4.091286387927702,6.156221794325346,0.02998920851401536,0.004611028531070602,0.7872038034790629,0.18398099235841237
34.821,134.07075800200255,4.184747345452791,4.098453966443097,6.156175107327972,0.029989149551153338,0.004611260858139104,0.7871960604609639,0.183983672064425
34.872,134.27075096300177,4.191371108701975,4.105100322163973,6.156131815466213,0.029989095862135728,0.00461145586938824,0.7871895614590817,0.183983672065402
34.921,134.4707782660007,4.197735142731985,4.111486049570163,6.156090220128039,0.02998904427208894,0.0046116325934921305,0.7871836721084627,0.18398593125410478
34.973,134.67079932699926,4.204488828461,4.118262782919457,6.15604607759503,0.02998899059239114,0.004611803791104162,0.7871779671699117,0.18398593125406038
35.024,134.87097010900106,4.21111265860074,4.124909210177005,6.156002782740412,0.029988938440279472,0.004611961135968601,0.7871727239973715,0.18398787808040495
35.075,135.0707396580001,4.217736504414681,4.131555668607735,6.155959487109165,0.029988887464710578,0.004612105639634103,0.7871679088745467,0.18398787808044936
35.124,135.27080750599998,4.224100609027571,4.137941497186241,6.155917888288886,0.029988839435086335,0.004612235373274788,0.7871635859862799,0.18398955392582295
35.175,135.47083888400084,4.230724486207524,4.144587997336323,6.155874590743972,0.02998879093231102,0.004612359701134544,0.7871594432990444,0.18398955392679994
35.224,135.67072492300213,4.237088618355918,4.150973863692103,6.15583299011393,0.029988745683486112,0.004612471309139718,0.787155724460983,0.18399099527814933
35.279,135.87080279600195,4.244232045022845,4.158141695369586,6.155786294582725,0.029988696952749565,0.004612586638856495,0.7871518816306878,0.18399099527819374
35.333,136.07113068200124,4.251375485216038,4.165309547843837,6.155739598040801,0.029988650655566395,0.004612692292476218,0.7871483612064136,0.18399223453995361
35.391,136.27076461999968,4.258778702639878,4.1727380569621175,6.155691202137834,0.029988605126445012,0.004612795063209895,0.7871449367896091,0.18399223453995361
35.394,136.28326856100102,4.25916834634075,4.173129030415545,6.155688654927408,0.029988602778590282,0.004612800468813898,0.7871447566628038,0.18399223453995361
35.431,136.4159987580024,4.263973947225108,4.177951068190606,6.155657239798293,0.029988575422036434,0.004612859635456288,0.7871427850872426,0.18399329981195756
35.489,136.61603644800198,4.271507065367039,4.185509932818498,6.155607993248957,0.029988534853321796,0.004612949551253349,0.7871397888737015,0.18399329981200196
35.546,136.8159984820013,4.278910308849137,4.19293849813551,6.155559595293493,0.029988499233702497,0.004613028135685105,0.7871371707569386,0.18399421530812532
35.602,137.01606270000048,4.286313537191669,4.200367038872798,6.155511201760441,0.029988487346558113,0.004613100817623335,0.7871347257549047,0.18399421530563842
35.66,137.21594785300113,4.293716729710453,4.207795601146718,6.155462816489202,0.029988510301926924,0.004613159518468799,0.7871327618134626,0.18399500109875788
35.712,137.41611322300014,4.3004705321844,4.214572530974256,6.155418674618284,0.029988533933094013,0.004613211752902576,0.7871310154584451,0.18399500109946842
35.765,137.6160325029996,4.307354226112432,4.221479807887283,6.1553736833808514,0.02998856072373088,0.004613259675570658,0.7871294146185499,0.1839956279138466
35.816,137.8160132430021,4.31397816852655,4.228126432259181,6.155330389020115,0.02998858805174636,0.00461330428252831,0.7871279257600893,0.18399562791393542
35.87,138.01600572900134,4.320991764232284,4.235164049452632,6.155284547241634,0.029988618526677512,0.004613347471413112,0.7871264851264367,0.18399615235895617
35.924,138.2159746010002,4.328005369879282,4.242201669808363,6.155238704509131,0.029988649777915658,0.004613388572776716,0.7871251149026146,0.1839966150001704
35.981,138.41597369300143,4.335408629827696,4.249630277953066,6.155190314040291,0.02998868318574283,0.004613428935394663,0.787123769976707,0.18399661500008158
36.036,138.6159860459993,4.342552135094818,4.256798241637232,6.155143620601211,0.029988715298737416,0.004613465022911779,0.7871225680474879,0.1839970240303579
36.092,138.8160282050012,4.349825530605245,4.264096533474478,6.155096077209236,0.029988747151041727,0.004613500157628867,0.7871213982992826,0.1839970240303579
36.146,139.0160154050027,4.356839168984145,4.271134184376723,6.155050231110553,0.02998877683135172,0.004613530755235267,0.7871203800620244,0.1839973857564292
36.201,139.21605782900224,4.364112578742505,4.278432485770324,6.155002686083565,0.029988805542012022,0.004613561845401103,0.7871193457964364,0.1839973857563848
36.254,139.41598469900055,4.370866463880674,4.2852094928233,6.154958536979215,0.029988829104597277,0.004613587542209719,0.787118492463396,0.18399770587667064
36.309,139.61642168400067,4.378139873660854,4.292507780016989,6.154911002696257,0.0299888059650033,0.004613617205872572,0.7871175049346896,0.18399770587858022
36.367,139.81595863500115,4.3855431728171155,4.299936407459544,6.1548626194275196,0.029988777979300888,0.004613644209747005,0.7871166062111784,0.18399799134813932
36.423,140.0159607980022,4.392816596246742,4.307234711732681,6.154815084118361,0.029988747975444634,0.004613669241697129,0.7871157734560452,0.1839982677241725
36.479,140.2162246730004,4.400219908461567,4.314663352255609,6.154766699068303,0.02998871558551369,0.004613692418874764,0.7871150031969321,0.1839982677241725
36.533,140.4159738840026,4.407103695239613,4.321570691879439,6.1547217085494665,0.029988684216377015,0.004613712099956141,0.7871143493377618,0.18399850711792176
36.59,140.61606104300154,4.414507018007546,4.328999344170378,6.1546733214173726,0.029988649482312425,0.004613731908777833,0.787113691194135,0.18399850711796617
36.642,140.81628957000066,4.421390813669511,4.335906696748952,6.15462832890351,0.029988616784630478,0.004613748231847556,0.7871131489368988,0.1839987114786279
36.7,141.01610008699936,4.42879414504757,4.343335359041536,6.154579939489157,0.02998858137794612,0.0046137651277307,0.7871125875663477,0.1839987114786279
36.754,141.21608658699915,4.435807831000592,4.350373049733078,6.154534095877085,0.02998854825935288,0.00461377888412333,0.7871121306060738,0.183998885814729
36.809,141.41599706700072,4.442951403102163,4.357541067080937,6.154487402102575,0.029988515074785917,0.004613792491280733,0.7871116785030299,0.1839988858146846
36.866,141.61598822900123,4.450354744494027,4.364969747452646,6.154439009265449,0.029988481898773373,0.00461380481621311,0.7871112690465001,0.1839990343461384
36.922,141.81614117700155,4.457628205360315,4.372268101226173,6.154391464246707,0.029988450761299475,0.004613816227576313,0.7871108898792176,0.18399916074551825
36.977,142.01620448500034,4.464771785076667,4.379436131152837,6.154344767214821,0.029988422039153192,0.004613826332168279,0.7871105541444767,0.18399916074547384
37.033,142.21607485200002,4.472045249907352,4.3867344914204205,6.15429722013865,0.029988395027096545,0.004613835724970561,0.7871102419453739,0.18399926822501023
37.091,142.4159666529995,4.479578482965736,4.394293508698518,6.154247973954032,0.029988369787207435,0.004613844756033164,0.7871099418654641,0.18399926822496582
37.146,142.61595627600036,4.486722067397578,4.4014615462463205,6.154201274223451,0.029988348999157522,0.004613852279286461,0.7871096926560748,0.18399935924779953
37.202,142.81603950499994,4.493995539821748,4.408759911727169,6.154153729854938,0.029988357114778718,0.004613858940010009,0.7871094434262744,0.1839993592485989
37.258,143.01599609800178,4.501269021440784,4.416058282009136,6.154106191000094,0.02998840022441748,0.004613865979329821,0.7871092055711292,0.18399943597815493
37.314,143.21599098799925,4.5085425049241685,4.423356651107378,6.154058651387206,0.02998844613393621,0.0046138728924615575,0.7871089717611569,0.18399943597811053
37.371,143.41597256500245,4.51594587370453,4.430785350309482,6.154010262073142,0.029988494993636594,0.004613879340604439,0.7871087549909228,0.18399950699463652
37.427,143.61601194399918,4.523219360558483,4.438083721633973,6.153962720844061,0.02998854423216283,0.004613885427926236,0.7871085514292837,0.18399957279093826
37.484,143.81600807300129,4.530622732646828,4.445512421602968,6.153914329786135,0.02998859483782369,0.004613891310928882,0.7871083555364271,0.18399957279031653
37.539,144.01595636899947,4.537766338434648,4.452680466674461,6.15386763583471,0.029988643442175132,0.004613896554230956,0.7871081815974615,0.18399963182593737
37.595,144.21636715500063,4.54516971314781,4.460109167564061,6.153819243041973,0.02998869279519129,0.004613901884280542,0.7871080053294567,0.18399963182598178
37.651,144.4162036480011,4.552313320963523,4.467277214257464,6.153772547485144,0.029988738793667733,0.004613906458230427,0.7871078546923067,0.1839996849018366
37.706,144.61655944000086,4.559586813522965,4.474575589169732,6.153725002199656,0.029988782997179355,0.004613911048076325,0.7871077043406944,0.18399968490290242
37.763,144.8160272060013,4.566860305931527,4.481873970627192,6.153677462749586,0.029988792023381887,0.004613914834363294,0.7871075825422246,0.18399973241489676
37.819,145.01599848499973,4.574133799007606,4.489172354820016,6.153629927764841,0.029988772035767084,0.004613918234494502,0.7871074707866558,0.18399973241498557
37.876,145.21596331299952,4.581537176152783,4.496601069333749,6.153581543189923,0.029988748507307615,0.004613921236270946,0.7871073726561554,0.18399977242387067
37.931,145.41603773500174,4.5886807860638585,4.503769128485613,6.153534855459362,0.029988723234713265,0.004613923828022889,0.7871072883365913,0.18399980335916943
37.989,145.61598377799965,4.596214047747287,4.5113281738830295,6.153485620106524,0.02998869431731457,0.0046139262744944514,0.787107209112815,0.18399980335916943
38.046,145.81600748799974,4.603617425683664,4.518756892455119,6.153437232555563,0.029988664094103102,0.0046139283118456975,0.7871071435549503,0.18399982803378734
38.103,146.0160353650026,4.611150687684935,4.526315940049972,6.153387994920072,0.02998863193569476,0.004613930202680912,0.7871070829284815,0.18399982803383175
38.161,146.21599370900003,4.6185540656749975,4.533744660663956,6.1533396050393225,0.02998859943102065,0.004613931703162928,0.7871070352267806,0.1839998473776916
38.219,146.41603938499975,4.626087327511782,4.541303710142433,6.153290364983052,0.02998856587620462,0.004613933067852686,0.7871069920001634,0.1839998473776916
38.278,146.6163765220008,4.6338803567627815,4.549123417308783,6.153239425703457,0.02998853117267083,0.004613934226027321,0.7871069555991379,0.18399986208907926
38.335,146.8159688600026,4.641153850522037,4.556421811108727,6.153191881207064,0.029988499242240948,0.004613935127950879,0.787106927441202,0.18399987284469788
38.394,147.01602773800187,4.6488169955150145,4.564111190540359,6.153141788499908,0.029988466552978144,0.0046139359338428386,0.7871069024126625,0.1839998728452752
38.451,147.21628335599962,4.656220372422826,4.571539913329298,6.15309339275997,0.029988436355614545,0.00461393653137465,0.7871068841016149,0.1839998803497167
38.509,147.41594667200116,4.663753632529805,4.579098964362976,6.153044146943776,0.029988407460313244,0.004613937014937632,0.7871068693245306,0.18399988035033843
38.566,147.61597170800087,4.671157008217569,4.586527686502432,6.152995749279622,0.029988381298446696,0.004613937373698419,0.7871068585931608,0.18399988524246957
38.622,147.81599907800046,4.678430499553129,4.593826079083432,6.152948199946266,0.029988358298564378,0.004613937703813749,0.7871068491940592,0.1839998878535809
38.682,148.01605499799916,4.686223525390873,4.601645781647486,6.152897259912058,0.029988361771796198,0.004613937122765706,0.7871068407524435,0.18399988785349208
38.74,148.21602683200035,4.693756784814689,4.609204825889999,6.152848023942056,0.029988394635722882,0.004613937212416852,0.7871068319395353,0.1839998893838235
38.799,148.4161351139992,4.701419928486245,4.616894198579787,6.152797938402685,0.029988430982026346,0.004613937408520836,0.7871068213461819,0.18399988938440082
38.857,148.6160003670011,4.708953188781091,4.624453243007307,6.152748700999585,0.02998846883971385,0.004613937701541866,0.7871068093172815,0.18399989084496582
38.914,148.8160430450007,4.716356565542578,4.631881959040424,6.152700311703191,0.02998850745029131,0.004613938080335626,0.7871067956827379,0.18399989084501023
38.97,149.01641128600022,4.7237599428774395,4.639310674714957,6.152651921544881,0.029988546846702782,0.004613938593215335,0.7871067784712632,0.18399989313695464
39.025,149.21597426100197,4.730773669410656,4.646348404760875,6.152606077415645,0.029988584365554256,0.004613939229886507,0.7871067577636577,0.18399989657478244
39.082,149.41600049000044,4.738177048033063,4.653777119051959,6.152557685518978,0.02998862363244342,0.0046139400585979515,0.7871067311916196,0.18399989657482685
39.139,149.61598889800007,4.745580704299198,4.661199991538136,6.152509181363863,0.02998851441529742,0.00461490032372172,0.787074720951464,0.1838791293699238
39.193,149.81602919500074,4.752725064599482,4.668359264636102,6.152462310167266,0.029988336229604538,0.004616290929660024,0.7870283644259046,0.1838791293699238
39.246,150.01609843700135,4.759480010702459,4.675128156197985,6.152417990325622,0.02998817672744445,0.0046175360530209845,0.7869868577055296,0.18388654770147284
39.295,150.2162717680003,4.7658454919961475,4.6815062856521,6.152376216452301,0.029988025096977854,0.004618704605192524,0.7869479036058951,0.18388654770151724
39.343,150.41602242999943,4.772081156778018,4.687754442993368,6.152335299149857,0.029987875711221173,0.00461975990599888,0.786912725827169,0.18390078102004104
39.397,150.61594652799977,4.779096282758441,4.694782660363692,6.152289257835226,0.029987662313910538,0.0046210139510430145,0.7868709201504387,0.18390078101995222
39.44,150.8160911800005,4.784682612440067,4.700379751693,6.152252599529997,0.029987508211786387,0.00462189557745778,0.7868415298690942,0.1839135896618327
39.483,151.0159741560019,4.790269105612236,4.705976758276722,6.1522159352483285,0.029987354344621613,0.0046227651522903245,0.7868125414162014,0.18391358966249882
39.524,151.21601943399946,4.795595915692955,4.711313705430422,6.1521809768116915,0.029987216336777756,0.004623529523316433,0.786787060300949,0.18392561253737227
39.57,151.4166104040014,4.801702422740874,4.71743188264443,6.152140901694565,0.02998706582520436,0.004624347644616647,0.7867597877598147,0.18392561253728346
39.621,151.6162023470024,4.8081988923159615,4.723940711972876,6.152098265597118,0.02998691202149129,0.004625169353733347,0.7867323954510017,0.1839359860288159
39.673,151.81626150300144,4.815085339468639,4.730840382856319,6.152053071346049,0.029986759923892436,0.004625963081856545,0.7867059358527412,0.1839359860288603
39.725,152.01620119700237,4.821712094903704,4.737479839680427,6.152009580028796,0.02998662068806873,0.0046266767255648995,0.7866821458103651,0.18394489694819605
39.772,152.21612459500102,4.827819241280916,4.743598755082836,6.15196949919723,0.02998650014882565,0.004627282439946855,0.7866619536630111,0.18394489694819605
39.819,152.4160399320026,4.833926512740485,4.749717754969869,6.151929415995699,0.02998638463853728,0.004627855807107416,0.7866428397432932,0.18394489694819605
39.871,152.61604861600063,4.840683626516936,4.756487952855251,6.151885068727047,0.02998626608320849,0.004628432561472037,0.786623612882907,0.18395256019423378
39.922,152.81595043100242,4.847310923472208,4.7631280370792455,6.151841571670796,0.029986155500596457,0.004628965755387191,0.7866058380566544,0.18395915272302332
39.979,153.01601665400085,4.854718037767352,4.770549507593096,6.1517929564667515,0.0299860410925307,0.004629509879542434,0.7865876988030378,0.1839591527229789
40.03,153.21609184699992,4.861345570773209,4.7771899051243185,6.151749457282972,0.02998594607921559,0.004629958182460147,0.7865727538394762,0.18396482460198982
40.082,153.41594303999955,4.868103154876775,4.78396059992117,6.151705103520445,0.029985855486550715,0.004630385464396128,0.7865585095822184,0.1839648246019454
40.132,153.61658854599955,4.874730879879364,4.790601231462581,6.151661602137723,0.029985774215235204,0.004630767968212728,0.7865457579669083,0.1839697047961053
40.19,153.81609611500244,4.882138435395402,4.798023173468911,6.151612980747019,0.029985689780717008,0.004631171259416839,0.7865323136746093,0.1839697047961497
40.241,154.01604261100147,4.888896308394396,4.804794246475212,6.151568624489202,0.02998562212317747,0.004631500669045854,0.786521333451281,0.18397390455535678
40.294,154.21607482400213,4.895654644604781,4.811565344832233,6.1515242657558336,0.029985595784721434,0.0046318694096856,0.786509014091571,0.1839739045554456
40.343,154.4160897340007,4.902023087644634,4.817946018468525,6.1514824707925095,0.029985589284372366,0.004632166056308934,0.7864991198174366,0.18397764239490577
40.397,154.6159879480001,4.909041437010269,4.82497775044882,6.15143640826078,0.029985585582998762,0.004632485512276286,0.7864884656274629,0.18397764239490577
40.452,154.81597054400117,4.916189781049777,4.83213988526112,6.1513894946905525,0.02998559102579976,0.0046327626714897105,0.7864792231599878,0.183981216675555
40.509,155.01602723000178,4.923598124340152,4.839562447268596,6.151340872638222,0.029985599324043162,0.004633039767269771,0.7864699840037538,0.1839812166755994
40.568,155.2160039520022,4.931266437066026,4.847245598793569,6.151290545628394,0.02998561448194517,0.00463328628095808,0.7864617654195954,0.18398422341081577
40.619,155.4159957180018,4.937895017714533,4.853886980586239,6.1512470411551705,0.02998562906370436,0.004633487454158383,0.7864550590772905,0.183984223410949
40.671,155.61598670999956,4.944653591404472,4.860658662762886,6.151202683821303,0.029985646460891427,0.004633670165720787,0.7864489687350854,0.1839867448020449
40.723,155.8160757400001,4.951412190539739,4.867430388374518,6.151158325958756,0.029985664760943158,0.004633837191728428,0.7864434017810771,0.1839894464847447
40.773,156.01613602400175,4.958040829643101,4.874071970077068,6.151114821671048,0.02998568384599786,0.0046339797028417925,0.7864386527002593,0.1839894464847447
40.827,156.21598185300172,4.964929450720355,4.88097406472908,6.151069615105514,0.029985682031519446,0.0046341139928151205,0.7864341803871429,0.18399059250495675
40.885,156.41634343500118,4.972597956104351,4.8886576270653075,6.1510192983576575,0.029985641828305553,0.004634244173914304,0.7864298417018296,0.18399059250500116
40.943,156.61594519700157,4.980006525068693,4.896080767016532,6.150970686829475,0.02998560167336161,0.004634356454689661,0.786426100120031,0.18399195915450584
41.001,156.81617894300143,4.987675065170118,4.903764366806221,6.150920368127574,0.02998555798290836,0.0046344673719709815,0.7864224043203202,0.18399195915552724
41.059,157.01613744200222,4.995083660579412,4.911187554115768,6.1508717548357765,0.029985515684361776,0.004634559807790604,0.7864193247755286,0.18399307597443126
41.117,157.21601858100257,5.002622249824441,4.918740968038827,6.150822287016669,0.02998547129470296,0.004634650181948737,0.7864163140840186,0.18399307597443126
41.176,157.41593643799933,5.01029082366084,4.9264246397751075,6.150771965337465,0.029985426128307707,0.0046347324313049535,0.7864135743284163,0.18399403429967265
41.234,157.6159071910006,5.01782943300842,4.9339780919154705,6.150722495267354,0.02998538172189201,0.00463480681416475,0.786411096755296,0.1839948584608564
41.292,157.8159846790004,5.02536805332687,4.94153155068692,6.1506730238007385,0.029985337558327628,0.004634876263205034,0.7864087835856158,0.1839948584609008
41.35,158.01600491700083,5.0329066790381685,4.949085033508305,6.150623551388646,0.029985294625103392,0.004634937482461157,0.7864067446675863,0.18399556646477855
41.409,158.21598578699923,5.040575292341773,4.95676874673116,6.1505732244358935,0.029985251830927408,0.004634996982835982,0.7864047629330887,0.18399556646477855
41.467,158.41608460100178,5.048113932879863,4.964322249189324,6.150523749585737,0.029985211803941637,0.0046350482319112325,0.7864030560900077,0.18399617424935677
41.523,158.61600071000066,5.055392628122683,4.971615287186231,6.15047597952561,0.029985174895132433,0.004635094922521718,0.7864015010031521,0.18399669572208843
41.582,158.81595692300107,5.063061258349207,4.97929903363304,6.15042564935758,0.02998513854267369,0.0046351396308672785,0.7864000118030188,0.18399669572279898
41.64,159.01596895500188,5.070599916272236,4.986852556117322,6.150376171341957,0.02998510574888416,0.004635179400522476,0.7863986871312135,0.18399714293688696
41.698,159.2164547450011,5.078268556715156,4.994536311047377,6.150325839304022,0.029985075707709884,0.004635217711837647,0.7863974114476667,0.18399714293750868
41.756,159.41601148300106,5.085677228389868,5.001959603206072,6.1502772198720965,0.029985076533346897,0.004635247595068384,0.7863963880922648,0.18399752632709543
41.813,159.6159905630011,5.093085891174396,5.009382887147326,6.150228605991525,0.02998510451997191,0.0046352753922106,0.7863954549768762,0.18399752632807242
41.871,159.81605778499943,5.100624537171436,5.016936415968088,6.150179138639354,0.029985136276017645,0.004635300785528944,0.7863946042638521,0.18399784735327884
41.929,160.01596970100218,5.108163189891905,5.024489947294914,6.150129670407485,0.029985170361461574,0.004635324862571548,0.7863937991833304,0.18399810158373775
41.987,160.2160131210003,5.115701848684127,5.0320434822545925,6.150080201260786,0.029985206132144487,0.004635347508335549,0.7863930430943087,0.18399810158382657
42.045,160.41601953200006,5.123240513077802,5.039597023906302,6.1500307312222695,0.029985243036437258,0.0046353682439259905,0.7863923516290799,0.18399832627000734
42.102,160.61613294100243,5.130649205781024,5.047020330948228,6.149982113092966,0.029985279616407234,0.004635388081934545,0.7863916907787264,0.18399832626996293
42.16,160.8159714329995,5.138187880102661,5.05457388071438,6.149932641177362,0.029985316828761623,0.004635406029268495,0.7863910935082941,0.18399852635631042
42.217,161.01626042399948,5.145726559087378,5.062127429337549,6.149883168242515,0.029985353173412943,0.004635423484938699,0.7863905130511296,0.18399852635635483
42.277,161.2160405270006,5.153395219391214,5.0698112161430755,6.149832841434217,0.029985388789672617,0.004635439826849682,0.786389970104364,0.18399870458876144
42.335,161.4163647330024,5.161063883498543,5.077495005324671,6.149782513757936,0.029985422330712865,0.004635455141712046,0.7863894617271189,0.18399886354090178
42.393,161.61599672600278,5.1684725956808055,5.084918327588646,6.149733891498401,0.02998545153732995,0.004635469326361406,0.786388991803242,0.18399886354130146
42.45,161.8162158840023,5.17601128212639,5.092471880119169,6.149684426139828,0.029985437912858577,0.00463548319717171,0.7863885319077811,0.1839990054681273
42.509,162.01603612500185,5.1835499708181505,5.100025431289716,6.149634962420265,0.02998541174824607,0.00463549665635373,0.7863880844723767,0.1839990054680829
42.568,162.21601450800154,5.191218640456983,5.107709223963144,6.1495846450964144,0.029985382375803414,0.00463550869368896,0.7863876848393194,0.18399913781665944
42.624,162.41619250200165,5.19862735831334,5.115132551465873,6.149536032477667,0.029985351832834548,0.0046355195850955305,0.7863873240328798,0.18399925782817128
42.682,162.61615404500117,5.20603607885927,5.122555883206454,6.149487418853277,0.029985319729314418,0.00463552946574667,0.7863869969894565,0.18399925782817128
42.738,162.81604519500252,5.213314824272651,5.129848985382939,6.149439657053971,0.029985287130112854,0.004635538176634655,0.7863867087152808,0.18399935972741588
42.797,163.01621889200032,5.221113482288187,5.137663025135491,6.149388482443006,0.02998525146415559,0.004635546908406975,0.7863864197140239,0.1839993597275047
42.852,163.21614828300153,5.228132276347509,5.14469566664123,6.149342424227114,0.02998521924309266,0.00463555361045167,0.7863861980180479,0.18399944559472914
42.909,163.4159841610017,5.235541004907389,5.15211901055535,6.149293806013889,0.029985185416347725,0.004635560385817776,0.7863859738193483,0.18399944559477355
42.968,163.6161276160019,5.243209690340501,5.159802827231439,6.149243480674356,0.029985151179146192,0.004635566417071991,0.7863857743223427,0.18399951740932785
43.026,163.81598391900116,5.250748399268759,5.167356410854288,6.149194007056341,0.02998511868443809,0.004635571894696797,0.7863855930960603,0.18399957713182147
43.084,164.01600340400182,5.258287109070509,5.174909996404247,6.149144532257409,0.02998508781989887,0.004635576798314309,0.7863854308638472,0.18399957713177706
43.138,164.21601347800242,5.265305908384971,5.181942646792965,6.149098468506423,0.0299850609395817,0.004635580825654181,0.7863852976633261,0.18399962664865654
43.198,164.4159964620012,5.273104574653411,5.189756702974527,6.149047285471948,0.02998503354685811,0.004635584973038029,0.7863851603251957,0.18399962664878977
43.253,164.61598775400125,5.280253352326377,5.196919589835522,6.149000366810653,0.02998501117000277,0.004635588198245271,0.7863850538305049,0.1839996672811317
43.308,164.8160039409995,5.2874021293567255,5.204082475686924,6.148953447454095,0.029984992113908204,0.0046355912220804735,0.7863849548050591,0.18399966728188666
43.366,165.01636943000267,5.295070820208532,5.211766300231179,6.148903124027907,0.029985020100988136,0.00463559315219091,0.7863848674025103,0.18399970046605318
43.423,165.21595739199984,5.302349581256916,5.219059420497851,6.1488553615948005,0.02998506483313945,0.004635595720975903,0.7863847756050968,0.18399972575910972
43.482,165.4159774860018,5.31001827731863,5.226743243577312,6.148805039649233,0.029985114685488885,0.004635598454917482,0.7863846805112931,0.18399972575915413
43.54,165.61609850600144,5.317556996772513,5.2342968323974475,6.148755569740156,0.0299851655052254,0.004635601127560893,0.7863845893748218,0.18399975176586203
43.599,165.81600539600186,5.325225695544264,5.241980654675289,6.148705245948932,0.029985218139380137,0.004635603976995598,0.7863844936540375,0.18399975176586203
43.657,166.01597161600148,5.332764417301879,5.2495342431353125,6.14865577418301,0.029985270020074936,0.004635606631820453,0.7863844053997855,0.1839997774061075
43.714,166.2159976380026,5.340173162279737,5.256957596131695,6.148607154456336,0.02998532032042519,0.004635609390953824,0.7863843143682652,0.18399977740517492
43.772,166.41610240999944,5.347841864022341,5.264641417710144,6.148556827868844,0.029985370902437653,0.0046356121483383675,0.7863842240275666,0.18399980291428086
43.83,166.61599880799986,5.355250610487205,5.2720647706209505,6.148508206444969,0.0299854174887901,0.004635614787201876,0.7863841381885832,0.1839998284697053
43.889,166.81612231500185,5.363049290998091,5.279878829704284,6.1484570274039445,0.02998545259721625,0.004635617301759604,0.7863840594631253,0.18399982846988294
43.945,167.01608761900206,5.37019808135707,5.28704172116523,6.148410122029395,0.029985434453027055,0.00463561923524689,0.7863839964568987,0.18399985259591745
43.998,167.21604813700105,5.37708691613481,5.293944144574911,6.148364921673084,0.029985413867353157,0.004635620976308025,0.7863839401248992,0.18399985259591745
44.056,167.41602483099996,5.384625641070833,5.301497741779865,6.148315456300995,0.029985388440683436,0.0046356225408153585,0.7863838900913812,0.18399987198334244
44.113,167.61600649700267,5.3920343883241415,5.308921105327758,6.148266842794826,0.02998536095973233,0.00463562394004288,0.786383845698926,0.18399987198325363
44.171,167.8159888150003,5.399573113628554,5.316474704649715,6.148217375344536,0.029985330955117143,0.004635625102513737,0.7863838093318657,0.183999887166042
44.229,168.01604596200195,5.407111838972326,5.324028304895808,6.1481679067356945,0.029985299347623378,0.004635626074284238,0.7863837793490387,0.18399990125206322
44.288,168.21612609899967,5.414780542229132,5.331712140573073,6.148117583989074,0.029985266037534614,0.004635626857035425,0.7863837556778576,0.18399990125268495
44.346,168.416010293,5.42231926733402,5.339265742361239,6.148068112931326,0.029985232627751244,0.004635627473841487,0.7863837374179378,0.18399990614605954
44.379,168.53198527100176,5.426608541892614,5.343563481480122,6.148039965053151,0.029985213506292095,0.004635627772894432,0.7863837287075353,0.18399990614601514
44.413,168.65157860900217,5.431027794492713,5.3479914552030134,6.148010963789534,0.029985193835220886,0.004635628051073551,0.7863837206842975,0.18399990614605954
44.47,168.85170442000162,5.438436541680288,5.3554148230210314,6.14796234307725,0.029985161185045833,0.004635628466764774,0.7863837088016793,0.1839999109178425
44.526,169.05169547699916,5.445715310899434,5.362707956266853,6.147914574235762,0.029985129882211872,0.004635628825980053,0.7863836986063,0.18399991395803283
44.586,169.25185882500227,5.453643970024236,5.370652261742637,6.1478625391092425,0.02998509715450202,0.0046356291531228395,0.7863836894566756,0.1839999139574111
44.644,169.45158351300051,5.461052716700681,5.3780756285521285,6.147813915055546,0.029985068318981626,0.004635629395717798,0.7863836827648798,0.1839999161182604
44.702,169.651576313001,5.468591440938103,5.385629229113694,6.147764436987934,0.029985041155049175,0.004635629596840814,0.786383677287658,0.18399991611821598
44.755,169.85157682200224,5.475480274689393,5.392531656448788,6.1477192235396645,0.029985018711624335,0.004635629755237048,0.7863836733864462,0.18399991735820187
44.808,170.05167325300135,5.482369107606012,5.399434081873673,6.147674011469479,0.029985006446429364,0.004635629030182788,0.7863836702420112,0.18399991735695842
44.864,170.2516694799997,5.48964787587866,5.4067272081236775,6.147626250015212,0.0299850369901457,0.00463562906757096,0.7863836668937161,0.18399991787871883
44.919,170.45161416799965,5.496796666422776,5.4138900999061335,6.147579340871013,0.029985069752125674,0.004635629047305059,0.786383662415996,0.18399991787840797
44.977,170.65156290600135,5.504335391378555,5.421443694969689,6.147529872344076,0.029985106668047257,0.004635629137275119,0.7863836560728514,0.1839999179944929
45.032,170.85155017000216,5.511484182541224,5.428606586870988,6.147482961790061,0.029985143297423557,0.004635629316685401,0.7863836483664981,0.18399991865125642
45.088,171.05162267299966,5.51876295188029,5.435899713110982,6.147435197522443,0.029985181637709753,0.004635629584889881,0.7863836387326039,0.18399991865130083
45.143,171.2516572500026,5.526041930289338,5.443189006709609,6.1473873586791035,0.029985123687455203,0.004636256090143784,0.7863627511368156,0.18393029382375303
45.201,171.451609775002,5.533451145795721,5.45060709877519,6.147338633967557,0.029985034837430796,0.0046370866100106595,0.786335062056611,0.18393029382370862
45.256,171.65160779399957,5.540600565217239,5.457765014804457,6.147291615685509,0.029984956100657063,0.004637838982906543,0.7863099787608994,0.18393456999059588
45.312,171.85162099900117,5.547880152894377,5.465053004466817,6.147243736077418,0.02998487771551352,0.004638586340855965,0.7862850629597885,0.18393456999099556
45.369,172.05153834900193,5.5552898876078745,5.472471435644206,6.14719500224441,0.02998480835387934,0.004639268727490179,0.7862623136257717,0.1839427705282226
45.424,172.25159423600053,5.562439775913712,5.479629665613809,6.14714797583199,0.02998474580572196,0.004639884708756689,0.786241778453843,0.1839518628774517
45.481,172.45200819599995,5.569849767694844,5.487048359176766,6.147099240082117,0.02998468273285997,0.004640467728041564,0.7862223438198174,0.1839518628780734
45.537,172.65158244399936,5.57712973022585,5.494336433029609,6.147051362635626,0.02998456993061301,0.004641064246526795,0.7862024563423227,0.18395593139244326
45.593,172.85156565000216,5.58440983585508,5.501624488513747,6.147003480737042,0.0299844567627588,0.004641641658767978,0.7861832062741627,0.18395593139302058
45.647,173.0515611560004,5.59143007040576,5.5086525311270735,6.146957309841799,0.02998435481101341,0.004642135694286352,0.7861667362062121,0.1839617569304064
45.701,173.2516012920023,5.5984504195083575,5.515680530978124,6.146911134544172,0.029984252572829266,0.004642618767401341,0.7861506322157533,0.1839617569309837
45.756,173.4515638970006,5.605600889824675,5.522839009523013,6.146864106318065,0.029984157481404948,0.0046430421630548535,0.7861365179344025,0.18396708490397984
45.811,173.65203655200094,5.6128814733272465,5.530127614856265,6.146816218935207,0.029984061303796307,0.004643461369971739,0.7861225431302354,0.18396708490397984
45.869,173.85161155999958,5.620292169199186,5.5375465908698525,6.146767476671796,0.029983970238915986,0.004643838866589566,0.7861099588539773,0.18397166790227182
45.924,174.05165179100004,5.627442929970194,5.544705300393116,6.146720442220297,0.029983885344563324,0.004644181842166056,0.786098525301909,0.18397560536262958
45.981,174.25166520499988,5.634853802165531,5.552124441153181,6.146671696242104,0.029983802223998702,0.004644506653440761,0.7860876972712157,0.18397560536262958
46.036,174.4515908220019,5.642004720194094,5.5592833645642825,6.146624659485848,0.029983726861236654,0.004644792261168255,0.7860781761169308,0.18397899151727515
46.091,174.65161537400127,5.6491557045117355,5.566442324339255,6.146577620649182,0.02998365489643348,0.004645061949438993,0.7860691855924788,0.18397899151723074
46.143,174.85170007600027,5.655916694224366,5.573210973335374,6.146533148313333,0.02998359374383976,0.004645280281981238,0.7860619071448017,0.18398271553303758
46.201,175.0515706440019,5.663457854785677,5.58076062639041,6.1464835421827715,0.029983528837830124,0.0046455140322952315,0.7860541146613064,0.18398271553290435
46.257,175.25173398300103,5.670869051860708,5.588180197386121,6.146434790400247,0.029983470662615478,0.00464572194651168,0.7860471833479266,0.18398434817639142
46.313,175.451679228001,5.678020256236364,5.5953394227150355,6.146387746914943,0.029983417947538695,0.004645916509584708,0.7860406971977754,0.18398434817701315
46.368,175.65168835200166,5.685171508349497,5.602498743936703,6.146340703210664,0.029983371510539772,0.004646089650344887,0.7860349259361226,0.18398650665329974
46.417,175.85157513200102,5.691542756149768,5.608877061763167,6.1462987923115975,0.029983353357953352,0.004646249351704932,0.7860295836113466,0.183986506645617
46.474,176.0515689519998,5.698954318970255,5.616296856265852,6.146250044317085,0.029983371175040973,0.004646422368466947,0.7860238078879088,0.18398846269573887
46.525,176.25158996000027,5.70571577043802,5.623065819742148,6.146205571713413,0.02998339188637413,0.004646568141313218,0.7860189425039958,0.18399031424753964
46.578,176.45183713600272,5.712477240432582,5.6298348225470365,6.146161098708687,0.02998341642182485,0.004646700857151727,0.7860145143954729,0.18399031424762846
46.63,176.65165851300117,5.719238728189189,5.636603861745227,6.1461166252285775,0.02998344401905555,0.004646821341178682,0.7860104955340986,0.18399192844111845
46.683,176.85155213799953,5.7261302615875875,5.64350310168069,6.1460712958178885,0.029983474255701047,0.004646934261723715,0.7860067299045871,0.183991928441829
46.737,177.0516218289995,5.7331518376310715,5.650532558490612,6.146025110787431,0.029983507003050476,0.004647036575006038,0.7860033187710174,0.18399327837257395
46.785,177.25182812899948,5.739393252460374,5.6567809756636365,6.14598405663351,0.029983536438519427,0.0046471219133175316,0.7860004741494635,0.18399327837244073
46.825,177.45188631900237,5.744724467625115,5.662118191147143,6.145948989366681,0.029983561968645295,0.004647187428413725,0.7859982907075259,0.18399440380250098
46.857,177.6517517070024,5.748755390331742,5.666153658557151,6.145922474925288,0.02998358117618121,0.00464723340031233,0.7859967588350096,0.1839944038025454
46.897,177.85177692599973,5.754086620359017,5.671490880205447,6.145887406681074,0.029983605456488847,0.004647294242170063,0.7859947317537007,0.18399440380245657
46.946,178.05170316099975,5.760328062527259,5.6777393845613044,6.1458463516594675,0.029983633059786158,0.004647354048143164,0.7859927407636871,0.18399534250508331
46.995,178.2517416280025,5.7666995556777385,5.684118104703156,6.14580444922161,0.029983618334019288,0.00464740891496971,0.7859909143411953,0.1839953425030849
47.044,178.45162823899955,5.773071051298698,5.6904968631409725,6.145762548607959,0.029983593747319744,0.004647454772484086,0.7859893868346387,0.1839961189566086
47.094,178.65186872900085,5.779702616701078,5.697135975324626,6.14571893686056,0.029983565771639402,0.004647501315428316,0.7859878367668786,0.18399611895665302
47.146,178.85150545299985,5.786334183849008,5.703775108783601,6.145675324718973,0.029983536510233565,0.004647541711466744,0.7859864918185769,0.18399669741229197
47.201,179.05175036400033,5.793485882550659,5.710934953845929,6.145628290813102,0.02998350299044463,0.0046475843232362075,0.7859850732678568,0.18399669741233637
47.258,179.25171614800274,5.800897644326851,5.718355179846743,6.145579545893876,0.029983467382621892,0.004647621929182783,0.7859838217700627,0.18399718241508545
47.313,179.45158207600252,5.808049351329474,5.7255150446205825,6.145532510022245,0.02998343181442086,0.0046476569607766935,0.7859826560330395,0.18399718241504104
47.367,179.65168767200157,5.815071029193993,5.732544743249444,6.145486328468435,0.029983396592084998,0.004647687182475806,0.7859816505905125,0.1839975954593065
47.422,179.85159722200115,5.822222742685775,5.73970462324471,6.145439290513093,0.029983360435288063,0.004647716139823772,0.7859806872684316,0.18399794628081168
47.477,180.0516544150014,5.829374458501744,5.746864510955898,6.145392251519017,0.029983324563119074,0.004647742204171145,0.7859798202959807,0.18399794628081168
47.531,180.25161758200193,5.836396145776556,5.753894223531777,6.145346066720216,0.02998328991859883,0.004647765606772531,0.7859790419023852,0.18399824365764594
47.588,180.4516778390025,5.843937960797469,5.761444658787271,6.145296459656817,0.029983253705206183,0.004647788838797874,0.7859782691737006,0.18399824365760153
47.643,180.65153192100115,5.850959651767182,5.768474381595991,6.145250272836449,0.029983221444552524,0.004647807895728935,0.7859776353653687,0.18399849535839508
47.7,180.85159713500252,5.858371439627894,5.7758946434211635,6.14520151896778,0.029983189048614082,0.0046478271624545795,0.7859769944757968,0.18399849535839508
47.757,181.05164631799926,5.865783226332564,5.783314918301622,6.145152764397122,0.029983159200697038,0.004647842770950576,0.7859764752576021,0.18399876695491812
47.813,181.25177811600224,5.873064984044367,5.790605010588526,6.145104864242266,0.029983132334159314,0.004647857640082286,0.7859759808106791,0.18399876695491812
47.869,181.4517787950026,5.880476773257286,5.798025284446252,6.145056108282342,0.02998310905238103,0.004647871403355141,0.7859755233095692,0.1839988834346329
47.926,181.65180487700127,5.887888553279287,5.80544554915228,6.145007363573974,0.029983134799953463,0.004647882395786539,0.7859751275005522,0.18399903124972639
47.984,181.85202753900012,5.895430367266217,5.8129959968501215,6.144957763793117,0.02998316717570076,0.004647893313331705,0.7859747577121238,0.18399903124972639
48.04,182.0517253120015,5.9027121217671645,5.820286087706454,6.144909873674438,0.02998320099545678,0.004647903016932195,0.7859744307219361,0.1839991520203199
48.096,182.2516202600018,5.9098638477454895,5.8274459983612275,6.144862837950843,0.02998323594767939,0.004647912305228466,0.785974119119803,0.1839991520203199
48.15,182.45165393999923,5.9168855445050825,5.8344757329043,6.144816656700215,0.029983271508387466,0.004647920481450557,0.7859738456867735,0.1839992560779713
48.207,182.6515903690015,5.924297338082308,5.841896007318511,6.144767908914583,0.029983309680451965,0.004647929026690633,0.7859735607539402,0.18399925607788248
48.263,182.8517499030022,5.931579102034974,5.84918610498065,6.144720015525093,0.029983347392641628,0.004647936560221403,0.7859733101987888,0.18399934883568392
48.319,183.05178569200143,5.938860868054257,5.856476202281886,6.144672121241223,0.029983384669712777,0.004647943913639659,0.7859730661398784,0.18399934883568392
48.375,183.2516058910005,5.946142635685007,5.863766301338034,6.144624226128262,0.029983421039370562,0.004647950723129391,0.7859728406032935,0.18399943169420396
48.429,183.45163625699934,5.9531643417096705,5.870796040266054,6.144578040780737,0.029983454726529954,0.004647956964621965,0.7859726342520391,0.1839995058959154
48.482,183.65224742600185,5.960186048962245,5.877825779743994,6.144531854732611,0.029983486542985355,0.004647962905260704,0.7859724382095086,0.18399950589600422
48.534,183.8516408780015,5.966817662067894,5.88446498003562,6.144488234115117,0.029983514121556275,0.004647968092635303,0.7859722677617744,0.1839995725426924
48.59,184.05154932500227,5.974099431656337,5.891755081472042,6.144440345185015,0.029983508116962276,0.004647973752814538,0.7859720815172118,0.1839995725427812
48.64,184.25173752000046,5.980601012012092,5.898264103218037,6.144397590094077,0.029983487247159796,0.004647978261833916,0.7859719323713514,0.18399963204522862
48.679,184.45182711300004,5.9856722454468345,5.903341140871574,6.144364240728814,0.029983469348914014,0.00464798161464934,0.7859718216954702,0.18399963204522862
48.73,184.6517035370016,5.992303859256104,5.909980346272388,6.144320629441343,0.029983444198987026,0.004647985548321542,0.7859716921973235,0.18399968626301444
48.778,184.8516879960007,5.998545378908061,5.916229011854033,6.144279582845989,0.02998341903684772,0.004647988920002839,0.7859715818630241,0.18399968626301444
48.822,185.0516507930006,6.004396804188806,5.922087137291809,6.1442411010161555,0.02998339441291921,0.00464799177453262,0.7859714885825245,0.18399973073561782
48.871,185.25193457600108,6.010768356678512,5.928465986695362,6.144199197827356,0.02998336674372203,0.004647994531304204,0.7859713985853702,0.18399973073570663
48.912,185.45195611700183,6.016099656079566,5.933803391911729,6.144164135333438,0.02998334309694236,0.004647996673475141,0.7859713286630271,0.18399973073561782
48.962,185.6516158939994,6.022471209314277,5.940182243940401,6.144122230610166,0.0299833145290616,0.004647998852855267,0.7859712576775487,0.1839997663423354
49.014,185.85165768099978,6.0292328579635655,5.946951638411413,6.1440777593278035,0.029983284113003376,0.004648000992728172,0.7859711879791494,0.1839997663423354
49.066,186.05170866900153,6.0359945067767065,5.9537210345024665,6.144033287067383,0.02998325396470949,0.004648002773485589,0.7859711301199327,0.18399979443000092
49.117,186.25173727600122,6.042626123999778,5.960360250302737,6.143989669074692,0.029983224959968736,0.004648004355993495,0.7859710787126085,0.1839997944299121
49.169,186.45160210200265,6.049387772940339,5.967129647855902,6.143945194868173,0.029983196309566636,0.004648005700635417,0.7859710351356675,0.1839998161853984
49.22,186.65155147599944,6.056019390162554,5.9737688649625165,6.143901575005722,0.029983169412307702,0.004648006877114543,0.785970997027257,0.1839998161853984
49.273,186.8516984400012,6.06291107075262,5.980668444127701,6.143856243630407,0.02998314305378548,0.0046480079067894396,0.7859709637636275,0.18399983271555342
49.32,187.05183472200224,6.069022560944292,5.986786938939763,6.143816043353145,0.02998312128684365,0.004648008708396069,0.7859709378225583,0.18399984512607048
49.372,187.2516959429995,6.075784209382,5.993556337630766,6.14377156568955,0.029983099247910514,0.004648009448656384,0.7859709139842093,0.18399984512607048
49.421,187.4518119610002,6.082155762199625,5.999935193814413,6.143729653387931,0.029983080762592144,0.004648010041882734,0.785970895363763,0.18399985662851392
49.473,187.6517986559993,6.089047440229366,6.006834771636718,6.143684320092082,0.02998306867847546,0.004648010102815248,0.7859708832161829,0.1839998566283363
49.524,187.85159522899994,6.0955490264605245,6.013343806098081,6.14364156152723,0.029983106565641158,0.004648010165978803,0.7859708704137105,0.1839998601901982
49.575,188.05184657800055,6.102180644525481,6.019983020836884,6.143597947254265,0.029983147934643704,0.004648010403511701,0.7859708565192685,0.18399986018939885
49.627,188.25153348200183,6.108942294646096,6.02675241614387,6.14355347717159,0.02998319219916088,0.004648010751394126,0.7859708409832751,0.18399986453641048
49.684,188.451540672002,6.116354104308652,6.0341727142515555,6.143504730311431,0.029983242347830372,0.00464801134239354,0.7859708188304517,0.18399986453578876
49.738,188.65159124500133,6.123375819590538,6.041202469730079,6.143458548259547,0.029983290717485307,0.004648012087308263,0.7859707929890928,0.1839998700431167
49.79,188.85202925600242,6.1302675039236245,6.04810204368095,6.143413220638149,0.02998333835117872,0.0046480130204467575,0.7859707618079514,0.18399987004249496
49.844,189.0516695940023,6.137159188931598,6.05500161699919,6.143367892238229,0.029983385542253754,0.00464801407906655,0.7859707271339533,0.1839998784555874
49.901,189.25171217699972,6.1445710019202,6.062421911581914,6.1433191419624915,0.029983435098467525,0.004648015438816168,0.7859706830785927,0.18399987845425514
49.96,189.4515796190026,6.152372910868296,6.070232747851564,6.143267824990561,0.02998348512189008,0.004648016889340278,0.7859706366913898,0.18399988992872096
50.017,189.65160578799987,6.159654692666874,6.07752286321943,6.14321992853434,0.02998352849422244,0.004648018173303127,0.7859705970956619,0.18399988993049732
50.073,189.85199057000136,6.167066505860794,6.084943162521793,6.143171185538811,0.029983522153219234,0.0046480194262052636,0.785970559291133,0.1839999036667983
50.126,190.05205201300123,6.173958191992446,6.091842740339573,6.143125864591101,0.029983502529691338,0.00464802041678382,0.7859705277422324,0.18399991587525477
50.183,190.25155657900177,6.1812399737606265,6.099132861358718,6.14307797753941,0.029983478892458428,0.004648021311418239,0.7859704997862761,0.18399991587516595
50.24,190.45158974800142,6.188651787466765,6.106553164247484,6.143029234436153,0.02998345225153727,0.0046480220476499455,0.7859704773700645,0.18399992607252003
50.296,190.6516178310012,6.195933569459352,6.11384328722623,6.14298134547076,0.02998342397431229,0.0046480226470764704,0.7859704596129798,0.18399992607269766
50.345,190.85188412900243,6.202435160804606,6.120352326286054,6.142938586564894,0.02998339730878555,0.004648023082586213,0.7859704471372849,0.1839999331676445
50.401,191.05190050900273,6.209716943443349,6.12764245038212,6.142890695529626,0.02998336622714165,0.0046480235294720515,0.7859704345343463,0.1839999331676445
50.453,191.2516654760002,6.2164785991401015,6.134411851710454,6.142846224252445,0.029983336574461714,0.004648023887359767,0.7859704246980882,0.18399993784923296
50.511,191.4515978010022,6.22389041424788,6.1418321572136385,6.142797475739003,0.029983303608808375,0.004648024236236702,0.7859704152816905,0.18399993784870006
50.569,191.65159288200084,6.231432261427123,6.149382643730914,6.142747870754344,0.029983270026803205,0.00464802453137459,0.7859704075711236,0.18399994138258435
50.625,191.85165958500147,6.238714044879256,6.156672768559933,6.14269997512533,0.02998323801202999,0.004648024762969973,0.7859704017593971,0.18399994401079312
50.682,192.05168702000083,6.2461258599553355,6.16409307383503,6.142651223082057,0.02998320628520069,0.004648024939952031,0.7859703976394404,0.18399994401079312
50.738,192.25210140700074,6.253537674688082,6.1715133786149705,6.142602469947412,0.029983175863375393,0.004648025071656019,0.7859703948659216,0.18399994570730271
50.792,192.45200246600143,6.260429361687219,6.178412959705677,6.142557137169123,0.029983149123579775,0.00464802516138843,0.7859703931547936,0.18399994570730271
50.848,192.65166688300087,6.267711143685233,6.185703082467277,6.142509237512218,0.02998312287669496,0.004648025231312374,0.7859703920076478,0.18399994657505303
50.9,192.85210250100135,6.2746028296598135,6.192602662208525,6.1424639031937405,0.029983100371690222,0.004648025292439414,0.7859703913444376,0.18399994657452012
50.954,193.0516758039994,6.281494515278844,6.1995022407722535,6.142418570190573,0.029983087641377172,0.00464802441649189,0.7859703911671927,0.1839999469671838
51.011,193.25158358599947,6.288906329709318,6.206922539946065,6.1423698258460675,0.02998311869399206,0.004648024287622634,0.7859703911685751,0.1839999469671838
51.067,193.451862463,6.296318144447203,6.214342839165375,6.14232108091135,0.02998315274894579,0.004648024199782369,0.7859703901943341,0.18399994707500866
51.114,193.65174692599976,6.302299609126935,6.220331150798179,6.1422817423862295,0.02998318194625361,0.004648024188827479,0.785970388609878,0.1839999470751863
51.164,193.85171826100122,6.308801201274666,6.226840185125393,6.142238982549342,0.029983214985895353,0.004648024230706212,0.7859703860162377,0.1839999471966891
51.215,194.0516099810011,6.3154328253934215,6.233479400052717,6.1421953668634,0.02998324966777969,0.004648024334529014,0.7859703821011821,0.1839999471966891
51.269,194.25156348300152,6.322454545134748,6.240509156950712,6.142149184803517,0.02998328700557052,0.004648024509074255,0.7859703764566863,0.1839999479109622
51.321,194.4517076230004,6.329216201169585,6.247278552333043,6.142104712452411,0.029983323112186485,0.004648024738918371,0.7859703694610527,0.183999949434277
51.375,194.65166746800242,6.336237920802271,6.254308308852647,6.142058528858683,0.029983360299886703,0.004648025038526962,0.7859703605756377,0.18399994943489872
51.419,194.85178431700115,6.341950841827823,6.260027768771987,6.142020952994101,0.029983390014128763,0.0046480255424156,0.7859703528612763,0.18399994943489872
51.47,195.05194529000073,6.347786447257503,6.265870054483736,6.141982569704534,0.029983419685862094,0.004648027628021198,0.7859703495366637,0.14999995194537874
51.524,195.25161106900123,6.352161172379156,6.270249787718955,6.141953794902145,0.029983441266523664,0.004648029056816589,0.7859703466807608,0.10199995194426492
51.582,195.4517459689996,6.355128726319028,6.273220739146158,6.141934275607899,0.029983455576340946,0.004648030132075826,0.7859703445711979,0.053999951942707014
51.638,195.65159389900145,6.356189334651743,6.274282562213242,6.141927299323183,0.029983460749258728,0.0046480309170830614,0.7859703437004301,0.021999951941609197
51.693,195.85167350700067,6.35550525438689,6.2735976996680956,6.141931798874952,0.029983457806062777,0.0046480315873570046,0.7859703439454855,-0.02600004805914935
51.739,196.05222237099952,6.353565518359642,6.271655743998015,6.141944557611868,0.029983448760976777,0.0046480319929077425,0.7859703450402556,-0.058000048059447806
51.784,196.25154248599938,6.35061775250049,6.268704604639856,6.1419639466690805,0.029983434544077994,0.004648032178861691,0.78597034667801,-0.10600004806002872
51.838,196.45158768400142,6.3455041077136976,6.263585107356173,6.141997581611456,0.029983409089851736,0.004648032223399888,0.7859703492283491,-0.13800004806023836
51.895,196.65160574100082,6.338318432876715,6.256391208379415,6.142044844655958,0.02998337210586287,0.004648032078723159,0.785970351980937,-0.18600004806028636
51.953,196.85165700799917,6.330120769759846,6.248184162026398,6.142098762975784,0.029983328772626987,0.004648029564333131,0.7859703535455805,-0.2000000000005997
52.008,197.0517024389992,6.322347123712289,6.240401618080853,6.142149891395846,0.029983287230390763,0.0046480279980385345,0.7859703537031419,-0.2000000000000668
52.063,197.25158112600184,6.314573477924685,6.232619074421631,6.142201018847433,0.02998324588170802,0.004648026945988353,0.785970352771932,-0.19999999999891216
52.12,197.45177411500117,6.306517154433628,6.224553529567401,6.142254004474205,0.029983203903143303,0.00464802625252227,0.7859703504580945,-0.1999999999981128
52.177,197.65164292900226,6.2984608312681765,6.216487985185704,6.1423069891147355,0.029983163512312686,0.004648025858161911,0.7859703462245538,-0.19999999999802398
52.234,197.85161066100045,6.290404508527455,6.208422441304703,6.142359972832722,0.02998312544188467,0.004648025672526303,0.7859703399463105,-0.19999999999802398
52.293,198.05159977100266,6.282065508026017,6.200073895786583,6.142414814897556,0.029983089824180676,0.004648025553400257,0.785970331611547,-0.1999999999975799
52.352,198.25161473499975,6.2737265090911905,6.191725347244225,6.142469668054914,0.029983103100423632,0.004648027738775329,0.7859703245105785,-0.19999999999802398
52.412,198.45170508199953,6.265246170807575,6.183235296403401,6.1425254524283845,0.029983131053881687,0.004648027678696134,0.7859703185873761,-0.1999999999981128
52.473,198.65159282199966,6.256624492856605,6.174603743951331,6.142582165451516,0.029983162955286576,0.0046480276695153476,0.7859703138879247,-0.19999999999873452
52.531,198.8515392110021,6.248426831237693,6.166396693493824,6.142636088122715,0.029983195816841425,0.004648027653034055,0.7859703106520021,-0.19999999999873452
52.589,199.05169605899937,6.24022916913887,6.158189642534529,6.142690009510855,0.029983230493089156,0.004648027621118527,0.7859703083822998,-0.19999999999873452
52.641,199.25186452100024,6.232879540786692,6.150831596571146,6.142738351658823,0.029983262610906867,0.0046480275761818035,0.7859703070953326,-0.19999999999944507
52.699,199.4515822430003,6.2246818783647795,6.14262454535688,6.142792270390877,0.02998329901166534,0.004648027499360096,0.7859703066515357,-0.19999999999953388
52.755,199.65157794300103,6.2167668940821,6.134700496111804,6.142844328467256,0.029983334170772365,0.004648027399943305,0.7859703070947235,-0.19999999999997797
52.814,199.8516036760011,6.208427893009419,6.126351944597731,6.142899173885,0.029983370609674057,0.004648027264549115,0.7859703085786898,-0.2000000000011326
52.874,200.05159577599989,6.199947553281506,6.117861892752119,6.1429549473435845,0.029983406384784146,0.004648027093853877,0.785970311178312,-0.20000000000131024
52.935,200.2516320750001,6.191325874935828,6.10923034077057,6.143011648817982,0.02998344076656568,0.004648026875339592,0.7859703153348032,-0.20000000000202078
52.996,200.45155260200045,6.18270419707681,6.100598789608047,6.143068348819915,0.02998347249148341,0.004648026606066427,0.7859703211083088,-0.20000000000193197
53.047,200.65161946300213,6.175495909483346,6.093382247493273,6.143115752694933,0.029983496520136092,0.004648026338495419,0.7859703271497536,-0.20000000000202078
53.084,200.78308458100219,6.1702663677938725,6.088146717349204,6.143150143202698,0.029983512285499326,0.004648026132028175,0.7859703321688132,-0.20000000000228724
53.1,200.83975255699988,6.167863605474068,6.085741203602182,6.143165944111049,0.029983518992520664,0.004648026035614183,0.785970334640236,-0.20000000000246487
53.158,201.03970412000126,6.159807284005657,6.077675657188046,6.143218925368929,0.029983527442316277,0.004648025830343478,0.7859703425974874,-0.20000000000193197
53.216,201.23969803799991,6.151609621291941,6.069468611451871,6.143272846072304,0.029983478558902425,0.0046480255262877175,0.7859703481729541,-0.20000000000193197
53.277,201.43970110699956,6.142987940854436,6.060837062890665,6.143329554846329,0.0299834232091423,0.004648025289479534,0.7859703521508465,-0.20000000000139906
53.334,201.6397558000026,6.134931616187068,6.052771517461874,6.143382544045961,0.0299833690290542,0.004648025134898664,0.7859703542595622,-0.20000000000086615
53.394,201.83968009900127,6.126451274473806,6.044281469907307,6.14343832107582,0.02998331059307485,0.004648025029318034,0.785970355066702,-0.2000000000000668
53.451,202.03973547799978,6.118394950073467,6.0362159250354495,6.143491308202833,0.029983254780360635,0.004648024971658246,0.7859703547658019,-0.19999999999953388
53.508,202.23967511999945,6.110338626013537,6.028150380526248,6.1435442943042045,0.029983199660994813,0.0046480249524126615,0.7859703534046321,-0.19999999999873452
53.567,202.43974085000082,6.1019996243033505,6.01980183492266,6.143599138516301,0.029983144361934545,0.004648024981667686,0.7859703503517063,-0.1999999999985569
53.623,202.63993160700193,6.094084640042088,6.011877792089962,6.143651193119529,0.029983094569980752,0.004648025050973286,0.7859703453611941,-0.1999999999981128
53.682,202.83970788100123,6.085745639448394,6.0035292452018,6.143706040099046,0.02998306932913471,0.004648025687121016,0.7859703388879756,-0.19999999999837925
53.739,203.03978824799924,6.0776893185056835,5.995463697869001,6.143759035204492,0.029983090784704333,0.0046480261762882075,0.7859703314278409,-0.19999999999749107
53.798,203.2398016240004,6.069350318925521,5.987115147979635,6.1438138887896,0.029983117006020257,0.004648026563562685,0.7859703249344571,-0.19999999999749107
53.855,203.43982537000193,6.061293996692095,5.979049599042371,6.143866881807556,0.029983145586168016,0.004648026831644557,0.7859703199305995,-0.19999999999820162
53.911,203.6397538420024,6.053379012947574,5.97112555032152,6.143918943928053,0.02998317620261878,0.0046480270096535,0.7859703162494321,-0.1999999999981128
53.97,203.8396452570014,6.045040011769853,5.962776998392,6.1439737937150625,0.02998321058175287,0.0046480271287292554,0.7859703133665976,-0.19999999999820162
54.027,204.03968839400113,6.036983688306773,5.954711447922278,6.144026782786419,0.029983245279472985,0.004648027189013671,0.7859703114699269,-0.1999999999990898
54.086,204.23983228600264,6.028503347784259,5.946221394852522,6.144082559231781,0.029983282737108957,0.004648027196928767,0.7859703105860001,-0.1999999999996227
54.144,204.43970949300274,6.0204470244090205,5.938155844629941,6.144135545397412,0.029983318598393448,0.004648027161635988,0.7859703106516817,-0.20000000000042206
54.198,204.63987195400114,6.012814718272171,5.9305147973536725,6.144185741522867,0.029983352280793976,0.004648027094482565,0.7859703114919869,-0.20000000000068852
54.256,204.83975167600147,6.004617056445075,5.92230774704951,6.144239654518137,0.029983387569143496,0.004648026985682864,0.7859703133472715,-0.20000000000122142
54.311,205.03972589300247,5.9968434120199365,5.914525199901925,6.144290777667073,0.02998341964828757,0.004648026849004425,0.7859703160491638,-0.20000000000148788
54.366,205.23970477700277,5.98906976804712,5.906742653370866,6.1443418996885875,0.029983449876445346,0.004648026664610963,0.7859703200037126,-0.2000000000016655
54.421,205.4398095889992,5.981296124561067,5.8989601075502645,6.144393020690646,0.029983477752410132,0.004648026433296406,0.7859703253144287,-0.20000000000202078
54.479,205.63975310100068,5.973098464634083,5.890753059832816,6.144446929188925,0.029983503885503613,0.004648026158535489,0.7859703322977206,-0.20000000000193197
54.536,205.8397580560013,5.9650421426527265,5.882687513551842,6.144499914717167,0.029983497914789905,0.0046480259440941024,0.7859703404850729,-0.2000000000025537
54.595,206.0397025980019,5.9567078771138195,5.874344811772585,6.144554754197782,0.029983492688627773,0.004647822688779018,0.7859771057345636,-0.20000000000193197
54.652,206.23981455100147,5.94943258405154,5.8672616764551995,6.144606197386949,0.02998940937282692,0.004609262319204916,0.787262581942271,-0.16360000000279484
54.71,206.43967347700163,5.943841519881658,5.862169505822363,6.144652019464175,0.030004738733102197,0.00450820055571504,0.7906306205787177,-0.11560000000239157
54.765,206.63969338600145,5.939906351775984,5.859010343223575,6.144691877370608,0.030027850677510758,0.004351444818995251,0.7958514345964126,-0.0676000000025212
54.821,206.83966159400006,5.9373552696504195,5.857582879417537,6.144728827120722,0.030058935731274654,0.0041311417009559336,0.8031820973063691,-0.019600000002828466
54.88,207.03994310800044,5.936077787816464,5.85785203687039,6.1447649479463164,0.030104485029082115,0.003784865699725573,0.8146898188997062,-2.220446049250313e-12
54.938,207.2397001140016,5.935293190161963,5.858425392182367,6.144794437611154,0.03015510884595562,0.0033576570992930733,0.8288644072901459,8.260059303211165e-12
54.996,207.4396830250007,5.934627188772258,5.8589120814853,6.144819468948385,0.03020082418465653,0.0029178693305673257,0.8434330123037721,9.592326932761353e-12
55.053,207.6397254809999,5.934102761564754,5.859295313397539,6.144839178373688,0.030239771671235552,0.0024818031258160146,0.8578580665948117,9.592326932761353e-12
55.112,207.83967942399977,5.933695772993509,5.8595927254735,6.144854472954317,0.030273688789271353,0.0020264196909555053,0.8729039388564586,1.0302869668521453e-11
55.17,208.03999220900005,5.933426978497869,5.859789150722506,6.144864572645947,0.03030093735787265,0.0015669654513951739,0.8880689500142631,1.092459456231154e-11
55.227,208.23975195300227,5.933303485760628,5.85988735332215,6.144869353037775,0.030320506768997814,0.0011263868013065442,0.9025997144210106,1.0480505352461478e-11
55.285,208.43975300500097,5.933338856100186,5.859936931497066,6.144869369738221,0.030334239260952477,0.0006599679575199773,0.9179742269553443,1.2967404927621828e-11
55.344,208.63970018200052,5.93370574504103,5.860158774313626,6.144864351151259,0.030341068742437555,0.00014196490358012978,0.9350432190683952,1.021405182655144e-11
55.403,208.83971319100237,5.934288670685534,5.8603883301777415,6.144854177879478,0.0303388333123559,-0.0003932511694073767,0.9526780249772536,-8.348877145181177e-12
55.46,209.03991446299915,5.934993468256363,5.860511343693908,6.144839110326425,0.030327589816861615,-0.0009141920398369293,0.9698463096626802,-7.283063041541027e-12
55.518,209.23984353800188,5.935813150097903,5.860532763478016,6.144819408285006,0.03030807041371494,-0.0014207292081303462,0.9865483949618262,-7.016609515630989e-12
55.577,209.4396676840006,5.936794235121625,5.860451088552423,6.144793904938223,0.030279293792543266,-0.001939392088439227,1.0036639240500533,-6.750155989720952e-12
55.634,209.6398315059996,5.937870212068455,5.860271867758921,6.144764329444804,0.030243461266844067,-0.0024350285233318975,1.0200371053453707,-5.773159728050814e-12
55.694,209.83982685100273,5.9391388768248135,5.859976722342613,6.144727956253771,0.030197476432583026,-0.0029509814744853057,1.0371044986922338,-5.773159728050814e-12
55.754,210.03982592600005,5.940547086319753,5.859572367600639,6.144686207850386,0.030143272561892476,-0.003461027141330154,1.0540045354306748,-4.707345624410664e-12
55.812,210.23969264799962,5.942040997324033,5.85907769469086,6.144640741937614,0.030083302388150726,-0.003948465124183483,1.0701861662047019,-4.440892098500626e-12
55.87,210.4397615380003,5.943663669135587,5.858478769163538,6.144590253874075,0.030016056883571146,-0.004430779563883525,1.0862316487198524,-3.4638958368304884e-12
55.926,210.6396753299996,5.94527038048746,5.857689119178823,6.144536742871217,0.02994129445477836,-0.004910694054841079,1.1022352105790207,-1.9539925233402755e-12
55.986,210.83969321400218,5.946935388018757,5.856475633501183,6.1444742162384625,0.029845655714269958,-0.00546210163061809,1.1206751137680073,-3.197442310920451e-12
56.039,211.0403074040005,5.948554758551401,5.855292256413614,6.144413346699345,0.029751937623541,-0.005951604994538021,1.1370970314702766,-2.4868995751603507e-12
56.097,211.23971683900163,5.950357148897871,5.8539751351529725,6.144345597497984,0.0296455021741246,-0.006461075580478746,1.1542464581928196,-3.197442310920451e-12
56.156,211.43972579600086,5.952192456276698,5.852633959344835,6.144276611018439,0.029527508785047535,-0.00698065971246399,1.171802732958786,-2.575717417130363e-12
56.213,211.6398386860019,5.953923477173273,5.851368992317676,6.144211544543056,0.02940624285816846,-0.0074751842169373936,1.1885802412916535,-1.9539925233402755e-12
56.271,211.83981745100027,5.955641924594648,5.850113213543794,6.1441469507005815,0.02927579348447279,-0.007970925046608535,1.2054712596027777,-1.2434497875801753e-12
56.327,212.03968813200117,5.957259581164867,5.848931089066105,6.144086145437089,0.029143343725484706,-0.008442479966628362,1.2216106522849062,-1.3322676295501878e-12
56.387,212.23973427000237,5.95894706247756,5.847697939225213,6.144022715560466,0.0289946218344178,-0.008940038879437477,1.238722486402441,-5.329070518200751e-13
56.444,212.43972062200191,5.960505975305374,5.846558742560334,6.143964118364312,0.028847061850287292,-0.009405412007356256,1.254809545018604,0.0
56.504,212.63976204199935,5.962100039265067,5.845393858742875,6.143904199865629,0.028685394705173114,-0.009887638972016399,1.2715689005709028,1.7763568394002505e-13
56.563,212.83971279899924,5.963620292907763,5.844282912826332,6.143847055754956,0.028520334460646998,-0.010354240634891525,1.2878779811921672,1.2434497875801753e-12
56.621,213.03987178800162,5.96506882114696,5.843224381230373,6.1437926076583675,0.028352427931331654,-0.010805650375166141,1.3037485804555489,1.3322676295501878e-12
56.681,213.23989422700106,5.966519071815903,5.842164590957117,6.143738094769558,0.02817308614706193,-0.011265079964046893,1.3200004878053726,1.9539925233402755e-12
56.741,213.4397611380009,5.967920026451904,5.8411408244371765,6.143685434791974,0.027988244886992853,-0.01171688992099282,1.336086643533909,2.575717417130363e-12
56.8,213.6397065609999,5.969197448969378,5.840207330689054,6.1436374181601,0.027808869717945304,-0.012136577972040275,1.3511268428699839,-7.549516567451064e-13
56.836,213.8397960479997,5.969841531897079,5.839736658410984,6.1436132079043375,0.02771420084058414,-0.01235127789148559,1.3588590939937955,-4.440892098500626e-13
56.884,214.03973676700116,5.970538923385627,5.839227030270861,6.143586993826464,0.027608290531225373,-0.012586287795256172,1.3673535113030848,2.220446049250313e-13
56.942,214.23971816000267,5.971148741609277,5.838781397593885,6.143564071499761,0.02751262660037251,-0.012794097116697736,1.3748922791050884,4.884981308350689e-13
56.998,214.4400086880014,5.971511896175342,5.838516017782491,6.143550420953129,0.02745424110810739,-0.012918936011251712,1.3794338237310573,7.549516567451064e-13
57.057,214.63971347000188,5.97164933926082,5.838415579743204,6.1435452546335805,0.027431858763361027,-0.01296640507757473,1.38116325944286,8.43769498715119e-13
57.111,214.83970644900182,5.971697008517674,5.838380744548032,6.143543462542526,0.027444851552017153,-0.012938875208945672,1.3801600982375364,-6.483702463810914e-12
57.17,215.0397102499992,5.971879532048514,5.8382473627382705,6.143536600662583,0.027496163266249155,-0.012829448072869142,1.3761773474323669,-6.5281113847959205e-12
57.224,215.23965069599944,5.972174028102174,5.838032155546235,6.143525529205596,0.02757830283877112,-0.012651874178446423,1.369729992915664,-6.3504757008558954e-12
57.283,215.43967477499973,5.9726145778529975,5.837710217632186,6.143508966860693,0.02769965096914579,-0.012383880776378132,1.3600355918575675,-5.906386491005833e-12
57.339,215.63972603300135,5.973166566525558,5.8373068442322325,6.14348821490202,0.027849039085237087,-0.012044095771234355,1.3478042395127956,-5.773159728050814e-12
57.397,215.83969891200104,5.97386943100732,5.836793216290415,6.14346179072904,0.028028676587693917,-0.011619814781612533,1.3326214096701994,-3.8191672047105385e-12
57.454,216.03974306900272,5.974705752903991,5.836182062543269,6.143430349561661,0.028206284542126904,-0.011181674798426588,1.3170423886156595,-3.197442310920451e-12
57.51,216.2397007610016,5.975622084385054,5.835512440721704,6.1433959007741805,0.02836992562540421,-0.010759614916250259,1.3021257456280597,-2.7533531010703882e-12
57.568,216.43970398300007,5.976718373275243,5.834711312572164,6.143354686910342,0.02853723954234147,-0.010307544900857323,1.2862415547518657,-1.865174681370263e-12
57.622,216.63990342000034,5.977858982316909,5.8338777968734306,6.143311807114219,0.02868797072335418,-0.009880160414206182,1.2713082669570799,-1.9539925233402755e-12
57.68,216.83969620599964,5.97921287402767,5.832888421937685,6.1432609094542165,0.028844228968473346,-0.009414098657465904,1.2551106207865155,-1.865174681370263e-12
57.735,217.0397319219992,5.980619942678256,5.831860187208821,6.1432080128927185,0.02898679711732927,-0.008965384123992197,1.2395965316669144,-6.217248937900877e-13
57.792,217.23974250299943,5.982199881455691,5.830705625225245,6.14314861773958,0.02912855952931463,-0.008493363336008662,1.2233566294689784,-1.7763568394002505e-13
57.85,217.43965533799928,5.983870681770805,5.829484664813347,6.14308580683598,0.02926630313748813,-0.00800571039175457,1.2066593438021898,7.105427357601002e-13
57.904,217.63991958100087,5.985495536124953,5.828297279904804,6.143024723189099,0.029390622156904706,-0.0075363854706228806,1.1906614796286936,1.2434497875801753e-12
57.962,217.84015097800147,5.987251257318635,5.827014258117441,6.142958719758368,0.02951481803216525,-0.007034140586789335,1.1736138554150892,1.865174681370263e-12
58.018,218.03982326700134,5.9889433032558435,5.825765300466079,6.142894886817982,0.029625499531441984,-0.0065522086001308195,1.157320736978346,1.9539925233402755e-12
58.074,218.23966360399936,5.990695584777744,5.824462483851823,6.142828613200888,0.02973096331882304,-0.006055541965803051,1.140590726078159,2.4868995751603507e-12
58.128,218.43971680899995,5.9924138046804645,5.823176985340006,6.142763484484633,0.029825562464988388,-0.005570805836202639,1.1243175002010684,3.375077994860476e-12
58.187,218.64004469499923,5.994339072441909,5.821710266292981,6.142690036464152,0.02992193023308759,-0.005027365188130269,1.10613198659503,5.240252676230739e-12
58.245,218.83987198400064,5.995962530785299,5.820135776371921,6.142621719444564,0.029999675836730265,-0.004542791014992976,1.0898830384820064,4.440892098500626e-12
58.303,219.03972320100002,5.997490150120268,5.818430898308937,6.142553903901999,0.03006848253287831,-0.00406113329365505,1.0738864778233117,5.8619775700208265e-12
58.36,219.23968561700167,5.999010073737684,5.816735197294632,6.142486374478985,0.030129121899712088,-0.0035828818546380105,1.0580216240987068,5.6843418860808015e-12
58.414,219.43972608900003,6.0004933711060655,5.815080594862468,6.142420441550386,0.030180875508327158,-0.0031166135608293945,1.0425748462803948,5.8619775700208265e-12
58.474,219.6397161929999,6.002101840676479,5.813286254475459,6.142348921148406,0.030228790020486423,-0.0026110723480663456,1.0258496393900864,7.016609515630989e-12
58.531,219.83976077800253,6.0036718122958765,5.811534372098996,6.1422790918314805,0.03026737874372073,-0.002117323549436153,1.0095351092730505,7.105427357601002e-12
58.587,220.03971924000143,6.005228589080763,5.8097963606044765,6.142209827689909,0.030297693240099104,-0.0016270778229374545,0.99335325348725,8.260059303211165e-12
58.642,220.24006732400085,6.00679857233833,5.808042365373082,6.142139950138293,0.030320249233945197,-0.0011316894179419603,0.9770150776882156,9.592326932761353e-12
58.699,220.43969079900126,6.00838069926478,5.806273150178258,6.142069500418625,0.030334811112623494,-0.0006311363591959025,0.960516196653297,9.592326932761353e-12
58.754,220.63970196599985,6.009955075247167,5.804609809178645,6.142001135494399,0.030341053427728817,-0.00014344480678931247,0.9444465033965151,6.572520305780927e-12
58.81,220.83973275899916,6.0115992935513605,5.803112796580137,6.141934037489973,0.03033955009625753,0.0003359590378596368,0.9286510760903495,-1.2079226507921703e-11
58.867,221.0398713880022,6.013314723373235,5.801836516625979,6.141869149991724,0.030330877094494207,0.0007998672111875369,0.913363654860884,-1.3322676295501878e-11
58.921,221.23977279800238,6.014902667446692,5.800676111129251,6.141809462033028,0.03031661661216313,0.0012267158979916858,0.89929170452498,-8.881784197001252e-12
58.978,221.4397885899998,6.016563203162722,5.799462657424167,6.141747045477138,0.03029523771141264,0.001673601937475454,0.8845505510246788,-9.592326932761353e-12
59.034,221.63981731400054,6.018178287645131,5.798282416823473,6.141686337339284,0.030268053537061898,0.002108957395324793,0.8701782185620787,-9.592326932761353e-12
59.09,221.83968680500038,6.019776534501489,5.797114479882708,6.141626262079336,0.030234887129873173,0.002540641724096377,0.8559128499879561,-9.059419880941277e-12
59.145,222.0397062760021,6.0213292400808935,5.795979822304984,6.141567898610323,0.030196624492429124,0.0029610314148587513,0.8420042720910682,-8.970602038971265e-12
59.194,222.2397956140012,6.022697897997718,5.794979659416886,6.1415164531424455,0.03015789264395646,0.003332557197320843,0.8296966113136839,-9.059419880941277e-12
59.241,222.43978127100127,6.023997332526614,5.7940300821561115,6.141467609633542,0.03011671633444568,0.0036862515253563316,0.8179640915970414,-8.970602038971265e-12
59.3,222.63976057200125,6.025609501549428,5.79285197030174,6.141407010930815,0.03005956699725101,0.004126542713322563,0.8033352338479077,-7.638334409421077e-12
59.354,222.8396819059999,6.027065970075187,5.7917876384110665,6.1413522646967635,0.030002051510228084,0.004525892147090853,0.7900412748622511,-7.72715225139109e-12
59.411,223.03972039899963,6.028583041519584,5.79067902016395,6.141295240439148,0.029936066552717074,0.004943653217210547,0.7761057349809739,-7.638334409421077e-12
59.469,223.2400720810001,6.030130818881636,5.789547963144363,6.141237061921598,0.02986219593796653,0.005371977578367126,0.7617843767265349,-6.483702463810914e-12
59.528,223.4397156510022,6.031629490336171,5.78845279080385,6.141180729136074,0.029784188153268817,0.005788970169338199,0.7478063405524403,-6.394884621840902e-12
59.586,223.63972311700127,6.033104969703141,5.787374566302931,6.141125268017067,0.02970096814442095,0.006201914417285803,0.7339264338524087,-5.773159728050814e-12
59.641,223.8396742570003,6.034482261246299,5.786368093690856,6.141073497546446,0.02961735373390302,0.006589750352788087,0.7208537288511684,-5.151434834260726e-12
59.699,224.03975858800186,6.035911163417837,5.7853239059176085,6.141019787003648,0.029524343322995434,0.006994777989337579,0.7071607356619224,-5.062616992290714e-12
59.755,224.23971271300252,6.0372674714425445,5.7843327671414455,6.140968805074355,0.029429943804957392,0.007381970563433529,0.6940290146902118,-4.529709940470639e-12
59.812,224.43970708100096,6.038624060549705,5.783341422894194,6.140917812467609,0.029329334980477323,0.007772166225026591,0.6807514664231115,-3.8191672047105385e-12
59.871,224.63970456000243,6.040002393801034,5.782334188787371,6.140866002398256,0.02922050893541248,0.008171889429474333,0.6671010048496095,-3.8191672047105385e-12
59.928,224.83967647600002,6.041331326220713,5.781363054893784,6.14081604912196,0.029108997947304045,0.008560702366308518,0.6537728904041398,-3.197442310920451e-12
59.987,225.03986106100274,6.042634057080533,5.780411068056892,6.140767080599919,0.028993111869159708,0.008945409074204949,0.6405338473087164,-2.575717417130363e-12
60.045,225.239683824002,6.043910220004045,5.779478496009482,6.140719110600021,0.028872963840460345,0.009326004078969871,0.6273828012410516,-2.4868995751603507e-12
60.103,225.4397017049996,6.045159464301478,5.77856559502142,6.1406721523008665,0.02874866523102193,0.009702482678756319,0.6143187285276543,-2.042810365310288e-12
60.162,225.63981626700115,6.046402282348879,5.777657390028562,6.140625435399737,0.028618078159390957,0.01008122477080883,0.6011176423139798,-1.2434497875801753e-12
60.218,225.8397067540027,6.047555511681521,5.7768146530558715,6.140582085937031,0.028490366570154167,0.010436761839994138,0.5886692243393477,-1.3322676295501878e-12
60.277,226.0396728520027,6.048742403437244,5.775947316769771,6.140537470945644,0.02835195441632212,0.010807184784598231,0.5756388218688898,-6.217248937900877e-13
60.334,226.2397890630018,6.0498613763512665,5.775129612974342,6.140495408835985,0.028214575634179975,0.011160994855675519,0.5631320377004038,0.0
60.394,226.4398577730026,6.051009554155513,5.774290567258656,6.140452248727584,0.028066191220392726,0.011529119269944066,0.5500531160030847,0.0
60.452,226.63967159800086,6.0520902428725165,5.773500839991471,6.140411625349661,0.027919176756946135,0.011880773682511926,0.5374933288700221,6.217248937900877e-13
60.508,226.83977331300048,6.053124067743321,5.772745359018898,6.140372763407664,0.027771370388479946,0.012222344069842597,0.5252290320147686,1.2434497875801753e-12
60.567,227.03965294100271,6.054147065509294,5.771997790025655,6.140334308263419,0.027617683713075377,0.012565817009929996,0.5128292128897832,1.3322676295501878e-12
60.625,227.2397118230001,6.05514061896597,5.771271737777682,6.140296959743867,0.02746077856870209,0.012905166936316416,0.5005090674830438,1.2434497875801753e-12
60.685,227.439707851001,6.056137216349142,5.770543461068282,6.140259496577422,0.027295178867058397,0.013251883350648188,0.4878472591828288,2.575717417130363e-12
60.741,227.6397110140024,6.057038532993382,5.769884811952066,6.140225614905526,0.027137698051009487,0.013571511636428482,0.4761053000678785,2.575717417130363e-12
60.796,227.8398771659995,6.057911823072948,5.769246643556801,6.140192786579464,0.026977483605429422,0.013887307729728253,0.46443593046992954,2.575717417130363e-12
60.855,228.03981060700244,6.058786578694935,5.768607404129701,6.1401599029349345,0.026808754631720316,0.014210347746737012,0.4524257987672471,3.197442310920451e-12
60.912,228.2397181410015,6.0596166179149815,5.768000841747346,6.14012870003007,0.026640254155122795,0.014523824528286315,0.4406975872572827,3.8191672047105385e-12
60.971000000000004,228.43982546200277,6.06044467293744,5.767395729274217,6.140097571467706,0.02646313478549948,0.014844138166805932,0.4286355063930216,3.8191672047105385e-12
61.027,228.64005283600272,6.06121445324682,5.766833201772274,6.140068633344867,0.026289492092505536,0.015149580274478233,0.41705686607979264,4.085620730620576e-12
61.087,228.8396734529997,6.061979830087117,5.766273892093578,6.140039860498379,0.02610723108652737,0.01546159432964657,0.40514867455904696,4.440892098500626e-12
61.145,229.039698605,6.0627009505758895,5.765746923283157,6.140012751115443,0.025925643149134175,0.01576421941492279,0.3935179574458854,5.151434834260726e-12
61.203,229.23973037900214,6.063390927443419,5.76524271303617,6.1399868122542225,0.025741746518614973,0.016062789281544598,0.3819618316690178,5.062616992290714e-12
61.261,229.439862817002,6.064049643285981,5.764761347138778,6.139962048331831,0.02555562640039441,0.01635731495680232,0.37047991785090983,5.773159728050814e-12
61.319,229.63982763500098,6.064676989432909,5.7643029050039045,6.139938463437653,0.025367366966024173,0.016647808211440813,0.3590718569786662,5.6843418860808015e-12
61.379,229.83973807700022,6.065292850769139,5.763852855468723,6.13991530999398,0.025170453084152715,0.016944088402862247,0.34734777042718956,5.773159728050814e-12
61.436,230.03974005800046,6.065846632661796,5.763448171296605,6.139894490130341,0.02498142958457118,0.017221583276805886,0.33628243404255387,6.927791673660977e-12
61.492,230.2397785810026,6.066360934237629,5.76307233786112,6.139875154253744,0.024793942837815663,0.017490454630594177,0.32547978018112733,7.016609515630989e-12
61.542,230.43992448300196,6.06680359000639,5.762748860584386,6.139858511724739,0.02462172276884172,0.01773209249746162,0.3157005488301588,6.927791673660977e-12
61.601,230.64001933799955,6.067277137455642,5.762402808675795,6.139840707428994,0.024424228556469012,0.01800317134864797,0.3046470664876542,7.105427357601002e-12
61.654,230.83971057600138,6.067682020665859,5.762106934119577,6.139825484427222,0.024242301026931912,0.01824742800810652,0.29460953883230123,7.549516567451064e-12
61.712,231.03977259800013,6.068094582122639,5.761805448491668,6.13980997236246,0.024041686235514483,0.018510964093884485,0.28369387093912773,7.72715225139109e-12
61.77,231.239723693001,6.068475204627506,5.761527302666416,6.139795660771936,0.02383955285013702,0.01877058378736738,0.27284988108623776,8.260059303211165e-12
61.826,231.43987313300022,6.0688181078080365,5.761276720752642,6.1397827670189375,0.023639498257133382,0.01902192897381176,0.2622624888277516,8.348877145181177e-12
61.884,231.63983559700137,6.069135290274751,5.761044934587685,6.139770839942501,0.02343457665732251,0.019273837117569605,0.25156001447725296,8.970602038971265e-12
61.942,231.8398158300006,6.069414415694572,5.760840959155078,6.1397603434191685,0.02323192541147259,0.019517640268987856,0.2411113341647198,8.970602038971265e-12
62.001,232.0396987410022,6.069668110334997,5.760655567618242,6.139750802614532,0.02302091932278716,0.019766090536775232,0.230368185140155,8.970602038971265e-12
62.058,232.23967960500158,6.069881485893509,5.760499639880083,6.139742777487084,0.022815934265472407,0.0200023638785753,0.2200587646872754,8.970602038971265e-12
62.111,232.4401800880005,6.070054845336099,5.760372954579089,6.1397362567423635,0.022620773887643063,0.02022281623345868,0.21035487374122527,1.0302869668521453e-11
62.164,232.63966667800196,6.070195285840705,5.760270325376479,6.139730973536743,0.02243200914024483,0.020432007036937757,0.20106815317489496,1.021405182655144e-11
62.211,232.8398568010016,6.070299831659957,5.760193926893707,6.139727039978628,0.022260734331748987,0.02061848280521023,0.1927230772331393,1.0302869668521453e-11
62.257,233.03473302800194,6.070381546285656,5.760134212844057,6.13972396471357,0.022092532823500058,0.02079861211090178,0.18460026342796484,1.021405182655144e-11
62.287,233.1481061630002,6.070423845659283,5.760103302207846,6.139722372327152,0.0219825482741623,0.02091482544889402,0.17932657846055075,1.0835776720341528e-11
62.338,233.3480025429999,6.070481756145129,5.760066300498421,6.139720286703813,0.021794764596690157,0.02111044052718895,0.17038930412625983,1.0835776720341528e-11
62.39,233.54795502900015,6.070580030545543,5.76004907659577,6.13971756677638,0.021598856474804078,0.02131084126661129,0.16115228011308308,1.1457501614131615e-11
62.44,233.74798366600226,6.070857781312766,5.760090085676215,6.139711495240386,0.021398879130643898,0.021511654358098712,0.1518110522292282,1.199040866595169e-11
62.489,233.9479240440014,6.071128718285076,5.760128280348587,6.139705540373428,0.021200365154769543,0.021707337802449645,0.14262321666029656,-1.2168044349891716e-11
62.538,234.14796346300136,6.07140223486458,5.760164682026553,6.139699490236187,0.020998672459548708,0.02190252044952784,0.13337190904607565,-1.2168044349891716e-11
62.592,234.34791472399957,6.071706673386438,5.760202707175635,6.139692711502939,0.020772688547011205,0.022116977908136954,0.12310286674083189,-1.2168044349891716e-11
62.642,234.5478909070007,6.071991399183281,5.760235947200421,6.139686330093317,0.02055994889993671,0.02231489063816167,0.11352536505242272,-1.1457501614131615e-11
62.697,234.74798535300215,6.072313557895697,5.760270912561616,6.1396790623339275,0.020317659414473613,0.022535729125812882,0.10271939373569096,-1.092459456231154e-11
62.75,234.94797540199943,6.072621660678778,5.760301785825623,6.139672065677407,0.020084406758748757,0.0227438650228284,0.09241500460361071,-1.0835776720341528e-11
62.805,235.1479604590022,6.072938803904,5.760331005481658,6.139664817852853,0.01984277959970155,0.02295498273695396,0.08183858976811223,-1.0835776720341528e-11
62.859,235.34809297299944,6.073259227612937,5.760357951117201,6.139657448888379,0.019597112504797728,0.02316507223441097,0.07118355179688404,-1.0835776720341528e-11
62.909,235.54793026900006,6.073558860695558,5.760380858118569,6.139650517021177,0.019366015599616794,0.023358616915778292,0.061247401956256935,-1.021405182655144e-11
62.964,235.74794537600246,6.073888236565979,5.7604063363621165,6.139642902413058,0.019107331307690642,0.02357069165948257,0.05022128440727901,-9.85878045867139e-12
63.013,235.94801344900043,6.074097117958608,5.76049093801166,6.139639300551879,0.01886264803356408,0.023766948280708196,0.03988221222167415,-9.947598300641403e-12
63.065,236.14788360500097,6.074217114543321,5.760655144117828,6.139639304392294,0.01858612025798996,0.023983799246595734,0.028299107855342946,-1.0835776720341528e-11
63.118,236.3479051300019,6.074339481770316,5.760822594293693,6.139639308350681,0.01829925910239812,0.02420336052188701,0.016392005998243378,-1.092459456231154e-11
63.171,236.54792400800216,6.074461909772153,5.760990127652023,6.139639312305987,0.01800728952275265,0.024421343637044905,0.004381918796540478,-1.0036416142611415e-11
63.225,236.74793476299965,6.074586706733722,5.761160902761035,6.139639316300826,0.017704510497813006,0.024641705595472265,-0.007961535175531654,-9.592326932761353e-12
63.279,236.94790827100223,6.074711559127539,5.761331753731465,6.139639320238487,0.017396334323062927,0.024860202258662735,-0.020413642364223012,-9.592326932761353e-12
63.332,237.14818454399938,6.074834148813219,5.7614995083627925,6.139639324032606,0.0170885716319282,0.025072724661024205,-0.03274171682919299,-9.592326932761353e-12
63.387,237.34795953300272,6.074961410924231,5.761673656854814,6.139639327883958,0.016763603352847867,0.02529112433967228,-0.0456476186768477,-8.970602038971265e-12
63.441,237.5479070290021,6.075086399371453,5.761844694013685,6.13963933157057,0.016438956082130585,0.025503305705456242,-0.05843149758996248,-8.970602038971265e-12
63.495,237.74802276000264,6.075211421384023,5.762015777105948,6.13963933515521,0.01610872673185369,0.02571313354031938,-0.07132805390060812,-8.260059303211165e-12
63.548,237.94793605200175,6.075334154356745,5.762183727823047,6.139639338567376,0.015779141185693832,0.025916662752819217,-0.08409643802204038,-7.638334409421077e-12
63.601,238.1479516239997,6.07545690650768,5.762351704785086,6.139639341868189,0.015444092758720543,0.026117676517766197,-0.09697555957106503,-7.72715225139109e-12
63.656,238.34810908500003,6.075584303505854,5.762526037867251,6.139639345169621,0.015090580293034528,0.026323480109420053,-0.11045901588644194,-7.638334409421077e-12
63.708,238.54795412900057,6.075704756070113,5.762690868021226,6.139639348169419,0.01475085687531153,0.02651531007737178,-0.12331906458944458,-7.105427357601002e-12
63.761,238.74813992400232,6.075827521831633,5.762858863609316,6.139639351100153,0.014399065090790024,0.026707948415169654,-0.13653976671558435,-6.483702463810914e-12
63.814,238.94801244500195,6.075950276451958,5.763026843951068,6.139639353898026,0.014041645112006867,0.026897543934978126,-0.1498762202627803,-6.394884621840902e-12
63.865,239.1479159619994,6.076068380699757,5.763188460611576,6.139639356460506,0.013692361655069334,0.027076982997899943,-0.162819996724981,-5.8619775700208265e-12
63.919,239.34789758899933,6.076193404553776,5.763359546224256,6.139639359030485,0.013316771986986409,0.02726362617413788,-0.17664485729266516,-5.6843418860808015e-12
63.97,239.54796990400064,6.076311448617304,5.763521080523832,6.139639361318471,0.01295657146140451,0.02743659987087785,-0.1898161419044096,-4.618527782440651e-12
64.024,239.74798716400255,6.0764233797127245,5.763703320042717,6.139639884172351,0.012570389171843872,0.027615629036941508,-0.20384719093184445,-0.0008000000006447294
64.08,239.94793626400133,6.075529942128686,5.764622584556699,6.139678241690975,0.012232956906363808,0.027766716671047256,-0.21603384956174154,-0.03159999999100549
64.134,240.14793057399947,6.07235275213038,5.766218321913336,6.139784675997034,0.011964432363015021,0.0278834453160025,-0.22568499301422293,-0.0795999999856356
64.189,240.34819566300212,6.066486819535325,5.768356150239976,6.139966704800868,0.011750274325484134,0.027974340622062104,-0.23335326692161354,-0.12759999998444016
64.243,240.54802861400094,6.05854226470202,5.7707436767537965,6.140204140551744,0.011618198749071907,0.02802943071611192,-0.23806976563385257,-0.17559999998448816
64.298,240.7479529500015,6.0482175874132444,5.773494211201018,6.140506399998525,0.011554887945022334,0.028055571937140936,-0.24032679129168363,-0.20000000000024443
64.35,240.9479495279993,6.037936290458544,5.776030859270588,6.1408037646254225,0.01155057861811392,0.02805733426332854,-0.2404794967659336,-0.2000000000010438
64.403,241.14792257900262,6.027839527096755,5.778506839044435,6.141095519559589,0.011550554229399445,0.02805733341680257,-0.24047950024848366,-0.20000000000193197
64.456,241.34798157399928,6.017548595711742,5.781030433703382,6.141392883849162,0.011550530409166686,0.028057332814766776,-0.24047950507324123,-0.20000000000193197
64.508,241.54792878100125,6.0074518334697995,5.783506413219357,6.141684636262866,0.011550508367649804,0.028057332413333483,-0.24047951099290119,-0.20000000000326423
64.563,241.74791737100168,5.996772566552549,5.786125237493999,6.1419932193090006,0.011550486821319584,0.028057332133550127,-0.2404795183750746,-0.20000000000397478
64.615,241.9479446160003,5.9866758059994325,5.788601216564123,6.142284969485171,0.011550468416989536,0.02805733195020843,-0.2404795263426614,-0.20000000000450768
64.667,242.14793665000252,5.97657904633746,5.79107719533858,6.142576718743592,0.011550452234399386,0.028057331815840084,-0.2404795353748308,-0.20000000000388596
64.717,242.3479621660008,5.9668706243809035,5.7934579439507665,6.1428572461723,0.01155043921975565,0.02805733167817363,-0.2404795449074558,-0.20000000000486295
64.772,242.54789802800224,5.956191360577145,5.796076765691529,6.143165831875574,0.011550459009991973,0.028057331954253636,-0.2404795561497463,-0.20000000000424123
64.824,242.74805593700148,5.946094601952498,5.798552741211841,6.143457590040915,0.011550505506770932,0.028057332358310743,-0.2404795646287015,-0.2000000000025537
64.873,242.94803166400015,5.936580348665976,5.80088587186456,6.143732515527278,0.011550551262402387,0.028057332612889844,-0.24047956992861932,-0.20000000000184315
64.922,243.14792585300165,5.927066095484336,5.8032190023917,6.14400744052373,0.011550598187909244,0.02805733276549506,-0.24047957263156247,-0.20000000000042206
64.971,243.3479333960022,5.917551842529483,5.805552132858611,6.144282365023617,0.011550645614975676,0.028057332833205457,-0.24047957290017924,-0.19999999999935625
65.014,243.5481995520022,5.909202600376378,5.807599573832388,6.14452362489895,0.011550687132070227,0.02805733282893812,-0.24047957113642512,-0.19999999999820162
65.063,243.74795221900058,5.899688347998983,5.809932704179055,6.144798548520543,0.011550733704196282,0.02805733274635137,-0.24047956683859362,-0.19999999999651408
65.11,243.94804816900069,5.89056243252447,5.812170604696638,6.145062250556693,0.011550776424597634,0.02805733248145058,-0.24047956000455364,-0.19999999999598117
65.148,244.14796679999927,5.883184033225027,5.813979972652912,6.145275463915901,0.011550780078282795,0.02805733198665732,-0.24047955264519175,-0.19999999999482654
65.189,244.34792781500073,5.875223128299691,5.815932185985822,6.145505511864437,0.011550773814510432,0.028057332157347237,-0.24047954491960913,-0.19999999999553708
65.238,244.54793533799966,5.865708875150102,5.818265319246726,6.145780446795293,0.011550764425997758,0.02805733225033092,-0.24047953622988957,-0.19999999999553708
65.285,244.74810215099933,5.856582957968281,5.820503222822339,6.146044159325168,0.011550753699141157,0.028057332251966445,-0.2404795285247456,-0.19999999999624762
65.333,244.9482748010014,5.847068703026762,5.82283635656971,6.146319092944774,0.011550740926225477,0.02805733220075749,-0.24047952123993305,-0.19999999999651408
65.383,245.14822900199943,5.837360278804008,5.825217105511839,6.146599636581882,0.011550726425213875,0.028057332118428237,-0.24047951468171633,-0.19999999999695817
65.428,245.34848389300168,5.828622696381573,5.827359779733083,6.146852125018937,0.011550712280094246,0.02805733203195197,-0.24047950960323236,-0.19999999999686935
65.47,245.54798556800233,5.820467618983494,5.829359609149618,6.14708778012375,0.011550698289695552,0.028057331939480193,-0.24047950561880233,-0.19999999999753548
65.522,245.7479900340004,5.810565024480164,5.831787973607523,6.147373931692564,0.011550680473610983,0.028057331821456116,-0.2404795017938815,-0.19999999999802398
65.574,245.94802532800168,5.800468260980192,5.834263953216618,6.147665692826209,0.011550661610030375,0.02805733171478272,-0.2404794990587191,-0.19999999999877893
65.626,246.1479289529998,5.790371497227386,5.836739932886723,6.147957452649693,0.011550642290996312,0.02805733162520547,-0.2404794976607227,-0.19999999999891216
65.681,246.3478954429993,5.779692227815643,5.8393587575513,6.148266043314534,0.01155062165253584,0.02805733154863814,-0.2404794975425021,-0.19999999999993356
65.739,246.54798498500168,5.768430452933184,5.842120427166655,6.148591464567115,0.011550599996197045,0.028057331488577038,-0.24047949890848355,-0.20000000000033324
65.797,246.74799517700012,5.757168678363393,5.844882096685449,6.148916884164624,0.011550578803580291,0.028057331451716423,-0.24047950184310285,-0.20000000000068852
65.853,246.94791586300198,5.746295241307866,5.847548536095743,6.149231080873329,0.011550559101486483,0.028057331448840882,-0.24047950617177974,-0.20000000000193197
65.907,247.14792559700072,5.735810141875544,5.850119745379027,6.149534054917971,0.01155054109554041,0.02805733146376399,-0.24047951168302198,-0.20000000000188756
65.961,247.34806067700265,5.725325043151299,5.8526909545054915,6.1498370277143835,0.011550524337673255,0.02805733149350361,-0.24047951842171134,-0.20000000000317542
66.01,247.54796133100172,5.715810787624525,5.855024088561438,6.150111946476251,0.011550510427686598,0.028057331531933148,-0.2404795255149138,-0.20000000000384155
66.061,247.74801080900215,5.705908195958952,5.857452452397023,6.150398085501632,0.011550497464912313,0.028057331580396777,-0.24047953381525247,-0.20000000000384155
66.111,247.94788824699936,5.696199773637598,5.859833200998142,6.150678613168568,0.011550486459481441,0.028057331628890365,-0.2404795428049039,-0.20000000000397478
66.162,248.14801919800084,5.686297183851062,5.862261564299309,6.150964750739579,0.011550477269162723,0.02805733165193271,-0.24047955271818072,-0.2000000000045521
66.202,248.34807683500185,5.67853044735357,5.864166162783938,6.151189173025653,0.011550474354391002,0.028057333893254807,-0.24047956060113757,-0.2000000000035751
66.252,248.54804838100245,5.66882202618392,5.866546908357013,6.151469712196034,0.011550519336329088,0.028057333740688053,-0.24047956817141747,-0.20000000000277574
66.297,248.74805477500195,5.660084446983621,5.8686895792627025,6.151722197154348,0.011550561469305156,0.028057333625680504,-0.24047957254560803,-0.20000000000193197
66.34,248.94805282200105,5.6517352046097855,5.870737020277637,6.151963460237943,0.011550602632558598,0.028057333521361652,-0.24047957466724548,-0.20000000000086615
66.391,249.147958431,5.641832614905523,5.873165380523066,6.152249609018531,0.011550651941891778,0.02805733339168931,-0.24047957473422663,-0.19999999999900098
66.439,249.34787712099933,5.632512530626238,5.8754508960269645,6.152518925030844,0.011550698204623967,0.028057333251395443,-0.24047957239275622,-0.19999999999797957
66.482,249.5480999620013,5.6241632885898065,5.877498336949397,6.152760186878097,0.011550739018277748,0.028057333098517857,-0.24047956824970543,-0.19999999999629203
66.513,249.74807254900225,5.618144067612894,5.878974398914783,6.1529341195984175,0.011550767804029175,0.028057332960407223,-0.24047956390044473,-0.1999999999966473
66.552,249.9488537899997,5.6103773307899525,5.880878994988285,6.153158548667277,0.011550803670640626,0.028057332706183255,-0.24047955666478976,-0.19999999999571472
66.581,250.14814151099927,5.604940614903806,5.882212212751737,6.1533156503412245,0.011550820451277703,0.028057332223867946,-0.24047955089820228,-0.19999999999735785
66.611,250.34791544600012,5.59911556236011,5.883640661652847,6.153483978056804,0.011550814344167139,0.02805733227739034,-0.2404795454113107,-0.19999999999553708
66.652,250.54812003200277,5.591154656617017,5.885592875347368,6.153714025632225,0.011550804259756098,0.028057332291511108,-0.24047953828044014,-0.19999999999620321
66.688,250.74804971100093,5.5841645924931775,5.887307014374011,6.153916018273506,0.011550793924783111,0.028057332265694377,-0.24047953240024103,-0.1999999999955815
66.718,250.948406902,5.578145370224204,5.888783078655904,6.154089956075218,0.011550784029428354,0.02805733222467943,-0.2404795276524212,-0.1999999999961588
66.764,251.14816571499978,5.569407788922765,5.890925752795314,6.154342445864921,0.011550768197567873,0.028057332145951856,-0.24047952132815245,-0.19999999999686935
66.815,251.34823445700022,5.559505196018536,5.893354117054737,6.154628600057133,0.011550748412527423,0.028057332042418254,-0.24047951504458592,-0.19999999999726903
66.861,251.5483635590026,5.550573444931231,5.895544406593319,6.154886699016923,0.011550729147312856,0.02805733193637214,-0.2404795102604025,-0.19999999999749107
66.917,251.7479745180026,5.539700008117551,5.898210846281168,6.155200905206938,0.011550704229697156,0.02805733179971747,-0.2404795056054526,-0.19999999999802398
66.973,251.94795077100207,5.528826570668755,5.900877286203796,6.155515109956688,0.011550678100812988,0.02805733167894302,-0.24047950227626255,-0.1999999999981128
67.014,252.14849006400254,5.520671492330585,5.902877116217435,6.155750762532392,0.01155065795833069,0.028057331600891675,-0.24047950074418836,-0.19999999999869011
67.06,252.3480912390005,5.5119339083100325,5.905019791236887,6.156003246471774,0.011550636082672159,0.02805733152973969,-0.2404795000423722,-0.19999999999926743
67.104,252.5483527280012,5.503196324320897,5.90716246626038,6.15625572940355,0.011550614121816544,0.028057331470783018,-0.24047950022535863,-0.20000000000002238
67.153,252.74816478100183,5.493876234871068,5.909447986253233,6.156525043419213,0.0115505908526191,0.028057331421832376,-0.240479501411178,-0.20000000000002238
67.207,252.9480112420024,5.483391134532993,5.91201919614584,6.1568280203305195,0.01155056519135217,0.02805733138487006,-0.24047950401891466,-0.2000000000006441
67.257,253.14810008399945,5.473682708690307,5.914399945922515,6.157108553259116,0.01155054222842536,0.028057331370391382,-0.24047950763149478,-0.20000000000131024
67.315,253.34793133100175,5.462420935340882,5.917161615479819,6.157433970016806,0.011550516929347646,0.0280573313829056,-0.2404795132291777,-0.20000000000193197
67.372,253.5480805690022,5.451159162833411,5.919923284806195,6.1577593853216515,0.011550493476668665,0.028057331411955634,-0.2404795202365038,-0.20000000000321982
67.43,253.74799583800268,5.44009155978127,5.922637338900711,6.158079188720836,0.01155047263598265,0.02805733145221877,-0.24047952836516068,-0.20000000000379714
67.484,253.94794470300258,5.429606463093981,5.925208547732756,6.158382159307772,0.011550455269762741,0.02805733149505964,-0.2404795373047465,-0.20000000000388596
67.542,254.14787287999934,5.418344693591663,5.927970216183783,6.158707571219984,0.011550439736128138,0.028057331512726803,-0.24047954814583283,-0.20000000000499618
67.602,254.34794756400152,5.406694587643784,5.930827112669196,6.159044210194407,0.01155046140880764,0.02805733208301196,-0.24047956043783703,-0.20000000000477414
67.662,254.54795487999945,5.395044481629903,5.933684007491822,6.159380854143445,0.0115505153152339,0.028057332474699055,-0.24047956998271722,-0.20000000000295337
67.721,254.7480147660026,5.383588544037777,5.936493287251913,6.159711886674553,0.011550570849412073,0.028057332737866255,-0.2404795753527948,-0.20000000000139906
67.776,254.94806174100086,5.372909280386321,5.939112107241981,6.160020475682286,0.011550623831755587,0.028057332860459954,-0.24047957706818618,-0.2000000000005553
67.829,255.14791912700093,5.362618353906255,5.941635697344531,6.160317842687428,0.011550675091119638,0.028057332883749602,-0.2404795758269185,-0.1999999999986013
67.888,255.34794011600025,5.351162417321908,5.944444976803854,6.160648873248621,0.011550731329886607,0.028057332799748928,-0.2404795711042936,-0.1999999999965585
67.948,255.5480087950018,5.339512312525411,5.947301871311953,6.160985514796899,0.011550783020146222,0.028057332260389724,-0.24047956204279614,-0.19999999999620321
68.007,255.7478856939997,5.3280563766603155,5.950111153817104,6.1613165595441926,0.011550775134224483,0.02805733242569346,-0.24047955072049718,-0.19999999999553708
68.061,255.948026080001,5.317571281511918,5.952682361898736,6.161619549139269,0.011550765156152672,0.028057332441481318,-0.24047954105049774,-0.19999999999553708
68.113,256.1479513330014,5.307474522122247,5.955158340352173,6.1619113162207215,0.01155075339661005,0.02805733238635494,-0.2404795324972171,-0.19999999999620321
68.162,256.3483668150002,5.297766098701736,5.957539089117792,6.16219186071303,0.011550740349222934,0.028057332298572032,-0.24047952508223475,-0.19999999999682494
68.217,256.5479416920025,5.287281000491869,5.960110298033373,6.162494847768554,0.011550724596699154,0.028057332185964737,-0.2404795180717582,-0.19999999999682494
68.277,256.747916925,5.275630890397776,5.962967197104762,6.162831498692614,0.01155070539149318,0.028057332053412178,-0.24047951162053513,-0.19999999999678053
68.335,256.9479024400025,5.26436911648838,5.965728866461875,6.163156926437243,0.011550685474062638,0.028057331912990917,-0.24047950682887348,-0.1999999999980684
68.394,257.147915329002,5.252913173400144,5.968538151030419,6.16348796341401,0.01155066422173854,0.028057331784284514,-0.2404795034383777,-0.19999999999837925
68.451,257.34802045499964,5.24184556700795,5.971252205711538,6.16380777720491,0.011550643084214036,0.028057331681586584,-0.2404795017645297,-0.19999999999931184
68.505,257.54788876300154,5.231360466138971,5.973823415424298,6.164110757209754,0.011550622825048294,0.028057331603693298,-0.2404795015780748,-0.19999999999944507
68.564,257.74790242699964,5.219904522724461,5.9766327000830834,6.164441789260132,0.01155060078235615,0.02805733154016225,-0.2404795028876955,-0.20000000000002238
68.623,257.9479384639999,5.208448579625633,5.9794419846439295,6.164772819596527,0.011550579203843434,0.028057331500890466,-0.24047950581984276,-0.20000000000099938
68.682,258.1479134550027,5.1967984685130695,5.982298884057715,6.16510945891249,0.01155055810647739,0.028057331497379316,-0.24047951047350233,-0.20000000000193197
68.734,258.34806747100083,5.1868958746260505,5.984727248418219,6.165395601041867,0.011550541120739026,0.02805733151145975,-0.24047951570304177,-0.20000000000224283
68.783,258.54788210600236,5.177381618346819,5.987060382672534,6.165670520860796,0.011550525845312028,0.028057331537527284,-0.24047952176034934,-0.20000000000326423
68.831,258.74823139300133,5.168061531222306,5.989345901803534,6.165939829144001,0.011550512062220013,0.0280573315738367,-0.24047952860338875,-0.20000000000384155
68.883,258.9479671320005,5.157964771000599,5.991821880683369,6.1662315788437665,0.011550498651988388,0.028057331622303294,-0.24047953695610863,-0.20000000000393037
68.939,259.1480669110024,5.147091337962565,5.99448831917546,6.1665457698721635,0.011550486231043154,0.02805733167660114,-0.24047954698081062,-0.20000000000384155
68.999,259.34807732000263,5.1352470639873005,5.997392832208398,6.1668880127952725,0.011550475583725062,0.02805733169874614,-0.2404795588949325,-0.20000000000450768
69.057,259.5478839749994,5.124179464237691,6.0001068836839515,6.167207820991471,0.01155049899173147,0.02805733297658733,-0.2404795692515827,-0.2000000000030866
69.106,259.74807268400036,5.114471042988434,6.0024876292346026,6.16748836000102,0.011550545065087571,0.028057333123011816,-0.24047957524258112,-0.20000000000197637
69.158,259.9480686170027,5.104568453229756,6.004915989578037,6.167774509374758,0.01155059356490745,0.02805733319720929,-0.2404795785133596,-0.20000000000131024
69.211,260.14788789500017,5.094277526673409,6.007439579683176,6.168071879775044,0.011550644722135912,0.028057333204782934,-0.24047957903353148,-0.19999999999944507
69.268,260.34792623999965,5.083209926598817,6.010153629391069,6.168391692582775,0.011550699646418711,0.02805733314005461,-0.24047957641926257,-0.19999999999744666
69.325,260.5480302830001,5.07214232671826,6.012867678993558,6.168711504702497,0.01155075347197832,0.028057332993138052,-0.24047957035013787,-0.19999999999651408
69.379,260.74820153100154,5.0616572320596545,6.015438883726873,6.169014484023305,0.01155080232449925,0.028057332726873944,-0.2404795610939432,-0.19999999999624762
69.43,260.94796398499966,5.051754642607469,6.01786724559884,6.169300636725746,0.011550815835174038,0.02805733233050618,-0.24047955109695623,-0.1999999999955815
69.478,261.14784010600124,5.042434557939358,6.02015276407391,6.169569960752327,0.011550804388940855,0.028057332349719057,-0.24047954268889993,-0.19999999999620321
69.53,261.3479462590003,5.032337798531072,6.022628742747096,6.169861727791122,0.011550789185500489,0.028057332302025936,-0.24047953429804683,-0.1999999999961588
69.589,261.54795519899926,5.0208818588022295,6.025438026606449,6.170192770141461,0.011550768932813685,0.028057332201900445,-0.24047952581878385,-0.19999999999686935
69.644,261.7478917670014,5.010202591962855,6.028056850849136,6.170501367804996,0.011550747634129195,0.028057332089042864,-0.2404795190341702,-0.19999999999682494
69.7,261.9479529620003,4.9993543898535355,6.030716629764654,6.1708148374445795,0.011550094613689364,0.028057590691116796,-0.24050195002817493,-0.19999999999744666
69.754,262.1479928450026,4.990218506957094,6.032915762594117,6.171078096087011,0.011514635152896361,0.028072147667469575,-0.24176482740444893,-0.16440000001041177
69.806,262.3482593180015,4.983255979197888,6.034494311550004,6.171276982480635,0.011423982813615579,0.02810914417123669,-0.24499176914870446,-0.116400000010497
69.867,262.547987979,4.977762297955296,6.03559119326841,6.171431249004797,0.011254823736558681,0.028177279650978958,-0.25100270572354483,-0.06840000001013813
69.928,262.7478855110021,4.97475335013475,6.035962874273215,6.171511640454097,0.011012818002970963,0.02827271756675487,-0.25957767816628363,-0.020400000009601627
69.988,262.94795127700127,4.973745084617257,6.035676127336563,6.171531214463054,0.010670848462945972,0.028403520041045682,-0.2716464728747494,-8.704148513061227e-12
70.048,263.147920894,4.97325144259593,6.035040467640036,6.171531929548207,0.01020440251030985,0.028574373005841862,-0.28802103706550736,-2.531308496145357e-12
70.104,263.34823154400146,4.972800420702895,6.034423274893676,6.171531930633584,0.009751269095542343,0.02873212731266887,-0.3038371013166573,-1.9095836023552692e-12
70.16,263.54791677200046,4.972365126825383,6.033827604580556,6.171531931474339,0.00930735960352198,0.02887894208672741,-0.31924934386908904,-1.2434497875801753e-12
70.219,263.7481822139998,4.971890145491224,6.0331776244130335,6.171531932167417,0.008815567048193333,0.029032803764149226,-0.3362353569884346,-1.2878587085651816e-12
70.279,263.9479579840008,4.971415037876004,6.032527471228706,6.171531932629839,0.008315865905945397,0.029179821952978413,-0.35340533608225905,0.0
70.339,264.14790793800057,4.9709477204235775,6.0318879782165435,6.171531932861796,0.007816727158815429,0.029317438869252775,-0.3704725703173453,0.0
70.398,264.347918235002,4.970480271635505,6.031248305378065,6.17153193287369,0.0073098337883197645,0.029447880285343956,-0.38772591524868727,1.021405182655144e-12
70.447,264.54821375100073,4.970084023445714,6.030706065803779,6.171531932711316,0.006874152156409723,0.02955259074820983,-0.4024964085829669,1.3322676295501878e-12
70.492,264.7480576350026,4.9697352441025116,6.030228784185774,6.171531932437563,0.0064860861865815135,0.029640155212721096,-0.4156099635002213,1.2434497875801753e-12
70.542,264.9479148890023,4.969330881584322,6.029675440601177,6.171531931967086,0.006030784084780017,0.029736108064110263,-0.4309479490164299,2.575717417130363e-12
70.594,265.14790928799994,4.968918484512167,6.029111102219584,6.171531931318692,0.005560439046384004,0.02982761165467154,-0.4467428258634099,2.531308496145357e-12
70.631,265.2882300800011,4.968632916404163,6.028720320951349,6.171531930770508,0.0052311770134121855,0.029887098373291062,-0.45777209732311125,2.575717417130363e-12
70.651,265.36298004499986,4.968474245508388,6.028503190209009,6.171531930431018,0.005046961293229884,0.029918748116903895,-0.46393340375197933,3.552713678800501e-12
70.703,265.56282142500277,4.968061628516796,6.02793855083152,6.171531929432181,0.004563659530149175,0.029996248960919365,-0.4800682506493052,3.8191672047105385e-12
70.757,265.7628616030015,4.967633032307767,6.027352044923353,6.1715319282186805,0.004055094583964725,0.030069201050059863,-0.49700395060464847,3.8191672047105385e-12
70.806,265.96286216500084,4.967236087249159,6.026808851534176,6.171531926936843,0.0035780929662039503,0.03012966670112392,-0.5128534173538558,5.10702591327572e-12
70.861,266.1628875310016,4.966807285824746,6.02622206477564,6.17153192538369,0.003056283222817924,0.030187044778591045,-0.5301578057931007,5.151434834260726e-12
70.917,266.3628803240026,4.96636249740798,6.025613400847321,6.171531923590537,0.002507795071872075,0.030237536348256405,-0.5483144075374083,5.728750807065808e-12
70.974,266.56280590000097,4.9659096626837265,6.0249937260577076,6.171531921577811,0.001941755079434797,0.030279142907188028,-0.5670234931392609,6.439293542825908e-12
71.033,266.76276687800055,4.9654408373611485,6.0243521691626345,6.171531919299167,0.0013475290976564806,0.03031139258940834,-0.5866402131788832,7.016609515630989e-12
71.088,266.96281119500054,4.965003712536116,6.023753992320162,6.171531917000104,0.0007858820097592016,0.030331146175289418,-0.6051656055472246,7.682743330406083e-12
71.14,267.1629203550001,4.96459036470163,6.023188352730837,6.1715319146749845,0.0002479548334605019,0.030340310521829252,-0.6229002117158643,8.304468224196171e-12
71.199,267.36286299100175,4.964121307039031,6.022546478551742,6.171531911875729,-0.00036757001891419547,0.03033909873030145,-0.6431902720303022,-5.773159728050814e-12
71.257,267.56299344500076,4.963652193788886,6.02190452837285,6.171531908898948,-0.0009758444034586583,0.030325634015238155,-0.6632461969260641,-5.151434834260726e-12
71.316,267.7628982610004,4.963190994011995,6.021273407290754,6.171531905804984,-0.0015653965858060978,0.030300931153220915,-0.6826970915313061,-4.4853010194856324e-12
71.376,267.9628671819992,4.9627059161983995,6.02060961075826,6.171531902378634,-0.002176547425111225,0.03026318440901374,-0.702881322350098,-3.68594044175552e-12
71.432,268.1630585370003,4.962268545149863,6.020011097791999,6.171531899144151,-0.0027198484931692645,0.030219215948346322,-0.7208490709126962,-3.197442310920451e-12
71.485,268.3628936770001,4.9618470851886105,6.0194343581360545,6.171531895902876,-0.003236518068286241,0.030168270742356063,-0.7379629714606264,-3.197442310920451e-12
71.544,268.5627827490025,4.961377933362505,6.018792355439783,6.171531892158021,-0.0038038118971902317,0.03010202527411976,-0.7567901571575216,-1.9539925233402755e-12
71.604,268.7628600419994,4.960900865530798,6.018139520319656,6.171531888210207,-0.004372294270490849,0.030024747172223993,-0.7757018084542447,-1.865174681370263e-12
71.662,268.962767473,4.960439746606947,6.017508510317478,6.171531884268777,-0.0049138182752432825,0.029940914728749345,-0.7937650758100167,-6.217248937900877e-13
71.721,269.162924602002,4.959970735952558,6.016866701160672,6.171531880142176,-0.005456666250757661,0.02984678413402418,-0.8119263874830727,-6.661338147750939e-13
71.779,269.3629160519995,4.959509742479565,6.01623586315081,6.171531875979723,-0.0059824972041802385,0.029745878525959075,-0.8295759745141007,-6.217248937900877e-13
71.827,269.562788747,4.9591203417000305,6.015702995019961,6.1715318723889245,-0.006420737488586358,0.029654398002807086,-0.84433331568251,6.217248937900877e-13
71.882,269.762799002001,4.958691275238573,6.015115847387931,6.17153186836154,-0.00689737768995625,0.02954720363038023,-0.860437535823613,6.661338147750939e-13
71.94,269.9628463520021,4.95823037362174,6.0144854289859895,6.17153186921287,-0.007401971075459505,0.029424886941092996,-0.8775524987785384,6.217248937900877e-13
71.999,270.16288349599927,4.957747733195106,6.013854427564825,6.171532392186186,-0.00790533484670103,0.029293702556485494,-0.8946994485575261,1.865174681370263e-12
72.057,270.36277232000066,4.957266855916995,6.013239024043171,6.171533151298845,-0.008391652209722248,0.02915814970876513,-0.9113413263118174,1.9539925233402755e-12
72.113,270.56279720599923,4.956791020490944,6.012653482537567,6.171534321763933,-0.008852418930355618,0.029021618573763626,-0.9271826230244541,2.575717417130363e-12
72.168,270.76276234300167,4.95623925464488,6.012140295774464,6.171538649993586,-0.009285358679153337,0.028886046585060207,-0.9421374197082207,-1.0036416142611415e-11
72.222,270.96281806200204,4.955500245957406,6.011780774746882,6.171550320601835,-0.00967451259877182,0.028758075687792383,-0.9556416554057401,0.0
72.281,271.162776096,4.9546971602274885,6.011384967906004,6.171562911638695,-0.010094350851187444,0.028613438135845083,-0.9702798833602332,3.9968028886505635e-13
72.34,271.3628381250019,4.953898607803934,6.010986039620949,6.171575335728535,-0.010508616919900496,0.02846393067586696,-0.984798274116511,6.217248937900877e-13
72.399,271.5630335720016,4.953091158482968,6.010577156803582,6.171587799573396,-0.010924204259975694,0.02830706182737632,-0.9994415640162553,1.3322676295501878e-12
72.455,271.7628368810001,4.952355094076818,6.010199525595272,6.171599073816045,-0.011300122987710133,0.028159130799173825,-1.0127586559211414,1.2434497875801753e-12
72.505,271.96296678600265,4.951691752597671,6.009852121068961,6.171609107315277,-0.011637412350871783,0.028021444182972633,-1.024768055503717,1.9539925233402755e-12
72.564,272.1628292940004,4.950929365183907,6.009427476043477,6.171620184662343,-0.012028429216476563,0.02785586192688655,-1.0387659465591697,2.575717417130363e-12
72.624,272.36273323000205,4.950175692622737,6.008980001273924,6.171630639729322,-0.012418499063252833,0.02768419156108174,-1.0528146957818756,2.2648549702353193e-12
72.685,272.5627475550027,4.949618198420786,6.00837269604407,6.17163342905894,-0.012785795211655121,0.027516516330460088,-1.0661240678091863,2.575717417130363e-12
72.742,272.7630486300004,4.949158662125405,6.007743848261114,6.171633433380913,-0.013122607305237977,0.027357522874264795,-1.078401286134802,2.531308496145357e-12
72.8,272.96273490300155,4.9486991869112416,6.007115084104839,6.171633437791277,-0.013455297501730088,0.02719546809329678,-1.0905995881390185,2.575717417130363e-12
72.85,273.1628053560016,4.948311054423105,6.0065839482140815,6.171633441533253,-0.013733154504207177,0.027056244157995197,-1.1008439843148006,3.1530333899354446e-12
72.904,273.36297482100053,4.947883361050738,6.005998675692406,6.171633445639662,-0.014035964184495197,0.02690042885058996,-1.1120693727059354,3.8191672047105385e-12
72.965,273.5628695510022,4.9474002777488595,6.005337605474216,6.1716334502274695,-0.014373744613617616,0.02672149830224671,-1.124669261090963,3.8191672047105385e-12
73.021,273.7627706610001,4.946948917143305,6.004719945919289,6.171633454445261,-0.014685276318277542,0.0265515944213793,-1.136366108199257,4.4853010194856324e-12
73.082,273.96302563300196,4.946465925035432,6.0040590006630055,6.171633458868281,-0.015014291445786188,0.0263669703606216,-1.1488021077899966,4.4853010194856324e-12
73.14,274.1629420540012,4.946014639581964,6.003441444116073,6.171633462904365,-0.015317648949767811,0.026191928689151517,-1.1603467696452963,5.151434834260726e-12
73.196,274.36278488000244,4.945571299509053,6.002834760420765,6.171633466768855,-0.015611851787060264,0.02601766594138046,-1.1716179294650932,5.329070518200751e-12
73.254,274.56279072100006,4.945112150115407,6.00220644273106,6.171633470657253,-0.015912566890623973,0.025834868619075507,-1.183217880508524,5.773159728050814e-12
73.313,274.7628563069993,4.944645104235503,6.0015673192843275,6.17163347448502,-0.01621430688176668,0.025646594593431205,-1.1949412342910795,5.728750807065808e-12
73.371,274.9629729970002,4.944186861104059,6.000940241941596,6.1716334780922315,-0.01650508462712486,0.025460459671482433,-1.2063214265581264,5.0182080713057076e-12
73.409,275.16286692799986,4.943943313325583,6.000606961824407,6.171633479985938,-0.016660815701749987,0.025358838891590463,-1.2124508350404117,5.240252676230739e-12
73.438,275.3627759180017,4.94378114695429,6.0003850470779865,6.171633481251665,-0.016766286258805923,0.025289238403010818,-1.216616079781828,5.46229728115577e-12
73.492,275.5629059589992,4.9435420341302425,6.000057835605381,6.171633483122691,-0.016924606949592583,0.025183571449001227,-1.2228901764291014,5.6843418860808015e-12
73.55,275.76276928100197,4.943370330288838,5.999822868884623,6.171633484465765,-0.017040517180914205,0.025105295050074236,-1.2275003909270634,5.906386491005833e-12
73.607,275.9628054099994,4.943282330405885,5.999702445650406,6.171633485146759,-0.01710069445329807,0.025064348348833924,-1.2298995715877414,5.950795411990839e-12
73.666,276.1628494630022,4.943266626095979,5.999680954395705,6.171633485208729,-0.017107391262665642,0.025059778513485672,-1.2301668056636639,-6.972200594645983e-12
73.725,276.362920208001,4.943266625198571,5.99968095274126,6.171633484623814,-0.017057591374815377,0.025093698587691345,-1.228180715045063,-7.061018436615996e-12
73.781,276.56296510800166,4.943266623397285,5.999680950149597,6.171633483452015,-0.016957683948296002,0.025161313154417206,-1.224204317289307,-6.8833827526759706e-12
73.833,276.76283128700015,4.943266620961802,5.999680946894162,6.171633481799648,-0.016818339847679543,0.025254654896616647,-1.218676015812146,-6.794564910705958e-12
73.892,276.9628253310002,4.943266616344891,5.999680940910842,6.171633479223387,-0.016604735977968216,0.025395590067499144,-1.2102407672322484,-6.5281113847959205e-12
73.95,277.16295602000173,4.943266606442808,5.999680927979356,6.171633475847797,-0.016330861993926235,0.02557254429234972,-1.1994929192085735,-6.261657858885883e-12
74.008,277.36280115500267,4.943266586028696,5.999680900749963,6.17163347219152,-0.016041029287542242,0.02575531361550562,-1.1881984932892407,-5.10702591327572e-12
74.067,277.5628157030005,4.943266547963989,5.999680849383654,6.17163346827185,-0.01573690830184727,0.025942227148133254,-1.176432003421592,-5.10702591327572e-12
74.12,277.7629807890007,4.943266493305932,5.999680775233815,6.171633464571778,-0.015454878324967294,0.026111202104750594,-1.1655947809717981,-4.440892098500626e-12
74.174,277.96297790300014,4.943266415302113,5.999680669108759,6.17163346077147,-0.015169320734782669,0.02627809957703649,-1.1546923347872449,-3.8191672047105385e-12
74.233,278.1628229750022,4.943266300712322,5.999680512909964,6.171633456586198,-0.014858672668672019,0.026454965256002858,-1.1429092597541233,-3.863576125695545e-12
74.291,278.36305371900016,4.9432661462728,5.999680302095414,6.171633452227902,-0.014538474909251144,0.026632246499484494,-1.1308449621631567,-3.68594044175552e-12
74.349,278.5628892490022,4.943265955952548,5.99968004201718,6.171633447929796,-0.01422510648662224,0.026800907341969802,-1.1191143877234804,-2.531308496145357e-12
74.406,278.7627806060009,4.943265720712003,5.999679720239998,6.171633443554885,-0.013907775643127894,0.026966915212376347,-1.1073094005852047,-2.531308496145357e-12
74.45,278.96288443100275,4.943265505740535,5.999679425924576,6.171633440131431,-0.013660104667786806,0.02709319220295187,-1.0981455776603326,-2.531308496145357e-12
74.496,279.1627589460004,4.943265247754607,5.999679072377412,6.1716334365153465,-0.013398644698373917,0.027223419245059603,-1.0885172375517798,-1.9539925233402755e-12
74.553,279.3633400239996,4.943264871221255,5.999678555525642,6.171633431914382,-0.013065285878825586,0.027384939203603322,-1.0763068187577842,-1.2878587085651816e-12
74.603,279.56308051400265,4.94327720643419,5.999668772686016,6.171632950615891,-0.012778972287273751,0.027519684721362868,-1.0658761216094408,-1.2878587085651816e-12
74.649,279.7631679750011,4.9433425320879065,5.999620206214813,6.171630477286279,-0.012495513477192272,0.02764952100525082,-1.0555988154095999,-1.4210854715202004e-12
74.707,279.9628629800027,4.943639482360845,5.999402064810603,6.171619294606271,-0.012122157179848717,0.02781520780064244,-1.0421337807432183,-1.8207657603852567e-12
74.762,280.1628075949993,4.94393021396253,5.9991883525469,6.17160834373859,-0.011756996260858844,0.0279714881910351,-1.0290402690334026,-1.2878587085651816e-12
74.804,280.362954704,4.944154746106225,5.999023207491449,6.171599884712821,-0.011474923965273066,0.028088363537149188,-1.018975257872231,-1.2878587085651816e-12
74.855,280.5627731200002,4.944430330989797,5.998820400586721,6.171589500329014,-0.011128646763091417,0.028227326215536266,-1.0066754315796553,-1.2878587085651816e-12
74.908,280.76289962699957,4.944725647097081,5.998602937960883,6.171578370021335,-0.010757493603811381,0.028370823460820697,-0.9935578099219277,0.0
74.966,280.9628065420002,4.945041306860075,5.998370343666096,6.17156647024697,-0.010360679251699803,0.028518100807696976,-0.979604946799032,0.0
75.025,281.1628575070026,4.945372311468167,5.998126280052425,6.171553989069927,-0.009944474438234253,0.02866586027358767,-0.9650457930455876,4.884981308350689e-13
75.08,281.36303801599934,4.945684795304062,5.997895726077827,6.17154220362778,-0.009551466335462796,0.02879916768479827,-0.9513652899895598,1.2878587085651816e-12
75.133,281.562871094,4.945945926107031,5.997702621103093,6.171532347415367,-0.009161440553241335,0.028925577345890116,-0.9378497311591787,1.8207657603852567e-12
75.19,281.7633412520008,4.945952952811375,5.997694783146933,6.171532039183799,-0.008685196805634602,0.029072086661679174,-0.9214248850174988,-1.3322676295501878e-12
75.238,281.96293567500106,4.945951829481605,5.9976932450569524,6.171532042770929,-0.008292808840934756,0.029186407541599412,-0.9079526045480798,-1.2434497875801753e-12
75.291,282.1629357140009,4.945950479119681,5.997691396188538,6.1715320468376875,-0.007844462459922812,0.02931005747102068,-0.8926217344171739,-6.217248937900877e-13
75.347,282.36281479800164,4.945948931598714,5.997689277458786,6.1715320511957135,-0.007355295940482004,0.02943658566818439,-0.8759663351192534,0.0
75.404,282.5628568489992,4.945947319886468,5.997687070916336,6.1715320554323085,-0.006867617686113863,0.029554132951929803,-0.8594302967010151,-4.440892098500626e-14
75.456,282.7631293150007,4.945945716294366,5.997684875549048,6.171532059382549,-0.0063995459366968785,0.029658977185568508,-0.8436186373831033,6.661338147750939e-13
75.512,282.9628790220013,4.945943977822122,5.997682495579445,6.171532063407129,-0.005907063104212397,0.029760945921815093,-0.8270402880263991,1.2434497875801753e-12
75.571,283.16282236200277,4.945942036633844,5.997679838143913,6.171532067627411,-0.00537106907449835,0.029862301768378022,-0.8090588201246475,1.2878587085651816e-12
75.628,283.36277369600066,4.945940095169798,5.997677180375414,6.171532071598861,-0.004845624921302835,0.029952023314617656,-0.7914875567286922,1.9095836023552692e-12
75.687,283.56280414100183,4.945938027614677,5.99767435003346,6.171532075590493,-0.004293796093622344,0.030036070033601408,-0.7730874584339217,2.531308496145357e-12
75.739,283.76301170700026,4.945936165682152,5.997671801202063,6.171532079000915,-0.0038006834602901354,0.030102420369426675,-0.7566862001336578,2.575717417130363e-12
75.795,283.9628518009995,4.945934129295288,5.99766901357987,6.171532082553984,-0.003262504183805903,0.03016547255177509,-0.7388244952693881,3.3306690738754696e-12
75.85,284.16287569999986,4.945932108651108,5.997666247525159,6.171532085916349,-0.002726673852892389,0.030218601118112014,-0.7210749534237663,3.8191672047105385e-12
75.908,284.36293190799915,4.945929968524184,5.997663317922828,6.171532089318689,-0.00215375083036018,0.030264814808648385,-0.7021279393416348,4.4853010194856324e-12
75.966,284.5628546879998,4.94592783299136,5.997660394614711,6.171532092567061,-0.0015726753335902953,0.03030055441185834,-0.6829373293242448,5.10702591327572e-12
76.02,284.7627714190021,4.945925862073579,5.997657696644798,6.171532095447287,-0.001024270328898772,0.03032403764487356,-0.6648433239954276,5.81756864903582e-12
76.072,284.9629735160015,4.94592399204541,5.997655136774303,6.171532098084703,-0.0004893575223095899,0.030337379540155793,-0.6472051673677899,5.728750807065808e-12
76.122,285.162925007,4.94592223074794,5.997652725752545,6.171532100491089,3.134431438356631e-05,0.030341307625776193,-0.630040465122915,4.8405723873656825e-12
76.176,285.3628083650001,4.94592038094186,5.997650193578708,6.171532102943184,0.0005927667289452942,0.030335533691699033,-0.6115329416301248,-7.061018436615996e-12
76.229,285.5628047530008,4.945918628242111,5.99764779429858,6.1715321051970005,0.0011367078781868586,0.03032002816903405,-0.5935953799596722,-6.439293542825908e-12
76.281,285.76294040300127,4.945916977635137,5.997645534737674,6.1715321072574945,0.0016636389654572825,0.030295691550979824,-0.5762073176032257,-5.773159728050814e-12
76.327,285.9627952030023,4.945915580493288,5.9976436221193055,6.171532108953094,0.0021242533061021154,0.03026689064764222,-0.5609942057619758,-5.773159728050814e-12
76.37,286.1630959260001,4.945914332245563,5.9976419132993675,6.171532110428221,0.0025501836456030096,0.030233991893494166,-0.5469122546278469,-4.4853010194856324e-12
76.419,286.3628397020002,4.945912982268032,5.9976400651753305,6.171532111977653,0.003030118708848568,0.030189681547557638,-0.5310246248241302,-4.440892098500626e-12
76.471,286.5628753689998,4.945911638703986,5.997638225782833,6.171532113466384,0.003533163540662302,0.03013496680148494,-0.5143446876737319,-3.8191672047105385e-12
76.525,286.7628027669998,4.945910345194893,5.997636454860001,6.171532114840383,0.004048772851842502,0.030070052638533802,-0.49721420242084735,-3.197442310920451e-12
76.58,286.96337605400186,4.9459091384188545,5.997634802617602,6.171532116057554,0.004566881979606991,0.029995758642209956,-0.47996079147463455,-2.575717417130363e-12
76.638,287.1631518510003,4.945767939383444,5.99772105277025,6.171537121806083,0.0051053871996951765,0.029908837334643144,-0.4619799809215206,-0.0004799999999693938
76.69,287.3630489999996,4.9443189942165855,5.998627681670445,6.171588864446476,0.005475367588238397,0.029843343156441396,-0.44959464483714984,-0.046799999995128516
76.732,287.5628034850015,4.941954926499936,6.000107539285448,6.171673296881353,0.005697575944805151,0.02980173170334525,-0.4421427161134771,-0.07879999999480525
76.789,287.7628157580002,4.936916867305511,6.003084307019131,6.171850060945776,0.005890829385336298,0.029764147518492816,-0.43565327085320354,-0.12679999999440916
76.842,287.96297064900136,4.929892230162268,6.006596643639609,6.172085095688641,0.005988623850116738,0.0297446326495844,-0.432366272991721,-0.17479999999396867
76.9,288.1628139839995,4.919870109233506,6.011216989633977,6.172413423354616,0.006030575104150639,0.02973615903512869,-0.43095573048468583,-0.1999999999946045
76.951,288.3628252510025,4.91061142980629,6.0154819074894625,6.172716676813521,0.00603516425238315,0.029735228307851067,-0.43080159660812,-0.19999999999877893
76.998,288.56294158400124,4.902074061411953,6.019405609762253,6.172996143360404,0.006035170151745341,0.029735227514170206,-0.43080159621045755,-0.19999999999940066
77.04,288.7628270710011,4.89444492404936,6.022911896755802,6.173245878471307,0.006035175207403469,0.029735226980547314,-0.4308015957258974,-0.19999999999940066
77.093,288.962956323001,4.884817679839923,6.02733649677899,6.1735610191808705,0.0060351812444431885,0.029735226438966506,-0.4308015949345116,-0.19999999999922302
77.142,289.1627903610024,4.8759170207353995,6.031427164462038,6.1738523745500835,0.006035186419447308,0.02973522603974943,-0.43080159404840773,-0.19999999999873452
77.193,289.3629319160027,4.8666530702134185,6.03568479783202,6.17415562090541,0.006035191319156653,0.029735225706891362,-0.430801593006456,-0.1999999999981128
77.244,289.5628161040004,4.857389120606038,6.039942430808635,6.17445886627525,0.006035195655447977,0.029735225441544454,-0.43080159186672423,-0.19999999999829043
77.292,289.762953843001,4.848670110133805,6.043949614391134,6.174744272890225,0.006035199164099191,0.029735225241471857,-0.4308015907311136,-0.1999999999981128
77.346,289.9628621820011,4.838861224509371,6.048457695422602,6.175065354557034,0.006035202378644421,0.029735225063114486,-0.43080158940023955,-0.1999999999981128
77.404,290.16302960100074,4.828325756216453,6.053299707751688,6.175410219336408,0.006035204853872713,0.02973522491846827,-0.43080158793316353,-0.19999999999749107
77.46,290.36276894200273,4.8181535813422025,6.057974753531939,6.175743191822877,0.006035205813366706,0.029735224829621355,-0.4308015864827937,-0.19999999999753548
77.516,290.56292374999975,4.807981408691068,6.062649800716151,6.176076172119967,0.006035165573094365,0.02973522475127711,-0.4308015853392938,-0.19999999999846807
77.572,290.76281809800275,4.797809236979498,6.067324848425504,6.17640915599011,0.006035108798562504,0.029735224286060378,-0.43080158573208716,-0.1999999999996671
77.626,290.9628331290005,4.788000355938096,6.071832927550762,6.176730260571032,0.0060351044447881945,0.029735225794538734,-0.4308015873023962,-0.2000000000006441
77.681,291.1627711530018,4.778009827358414,6.076424490036516,6.177057312476058,0.006035105468744545,0.029735225910844296,-0.43080158888003106,-0.20000000000068852
77.737,291.36285801399936,4.767837651336648,6.081099536121993,6.177390310441006,0.006035107357112512,0.02973522596822871,-0.43080159042045396,-0.2000000000006441
77.797,291.5627730590022,4.756938889748979,6.086108514765419,6.177747093296243,0.0060351102026706335,0.029735225986693897,-0.4308015919701277,-0.20000000000024443
77.856,291.7628593280024,4.7462217727169556,6.09103401108932,6.178097928824585,0.006035113729173574,0.02973522597641564,-0.4308015933661605,-0.20000000000002238
77.914,291.9632884040002,4.735504654359217,6.095959508009702,6.178448763188472,0.006035117887327105,0.02973522594666472,-0.4308015946112573,-0.20000000000002238
77.969,292.1628697490014,4.725695765340177,6.100467590403076,6.178769864640825,0.006035122172059446,0.029735225906817726,-0.43080159560019954,-0.20000000000002238
78.022,292.3627919520004,4.716068521588771,6.104892190164756,6.179085018541538,0.006035126754215289,0.029735225858580724,-0.4308015964165133,-0.19999999999940066
78.081,292.56282704800105,4.705351400393681,6.109817688376123,6.179435848688747,0.006035132211321265,0.0297352257964039,-0.4308015971315009,-0.19999999999984475
78.134,292.7628939130009,4.695724155363533,6.1142422887295576,6.179750999712087,0.0060351373561856455,0.02973522573453492,-0.43080159760229453,-0.2000000000000668
78.193,292.96281593200183,4.685007033094139,6.11916778745086,6.180101826488978,0.006035143256071533,0.029735225670939596,-0.43080159793488004,-0.19999999999975593
78.252,293.1627891490025,4.674289910620231,6.124093286285508,6.180452651408466,0.006035149225820514,0.02973522560878186,-0.430801598046696,-0.19999999999944507
78.306,293.3627480970026,4.664481018863077,6.128601369994386,6.180773743763015,0.006035154674079435,0.02973522552991217,-0.4308015979266251,-0.19999999999904539
78.359,293.5628163670008,4.654853773407941,6.133025970619317,6.181088888450222,0.006035159940036346,0.02973522544708202,-0.43080159756921255,-0.19999999999940066
78.409,293.76290107800014,4.645771466668469,6.13720012203109,6.1813861934118215,0.006035164766569031,0.02973522536864186,-0.4308015970421888,-0.19999999999873452
78.463,293.96296658999927,4.635962575865458,6.141708205353622,6.181707281350874,0.006035169752564744,0.029735225284687708,-0.43080159627861053,-0.19999999999877893
78.52,294.1629190140011,4.6256087473906105,6.146466737445507,6.182046205990328,0.006035174680228632,0.029735225198092335,-0.4308015952699505,-0.1999999999981128
78.578,294.3628220339997,4.614891627635162,6.151392235164858,6.182397021198346,0.006035179332004662,0.029735225111882212,-0.4308015940302238,-0.19999999999873452
78.634,294.56295124900134,4.604719447222985,6.156067283389645,6.1827299970477885,0.006035183248698617,0.029735225034357597,-0.4308015926971423,-0.1999999999980684
78.687,294.7628092920022,4.595273852163739,6.160408399145254,6.1830391879117945,0.00603518639073816,0.029735224966972,-0.43080159135181095,-0.1999999999981572
78.744,294.9630181200009,4.584920028074474,6.16516692932628,6.1833781077320715,0.006035189223826455,0.02973522489917178,-0.43080158979826866,-0.19999999999749107
78.803,295.16323081500013,4.574021267410007,6.170175907787385,6.183734864601549,0.006035191431770784,0.02973522483640561,-0.43080158810550157,-0.1999999999980684
78.863,295.3627791990002,4.56330415437267,6.175101402549191,6.184085674967987,0.006035192644095039,0.029735224792275233,-0.4308015863864477,-0.1999999999981128
78.919,295.563012265,4.552950335145833,6.179859931609124,6.184424597992023,0.0060351749907784705,0.029735225794134963,-0.4308015849104001,-0.1999999999981128
78.974,295.76272824199987,4.542959809386437,6.18445149632472,6.184751638880507,0.006035118668677077,0.02973522507401374,-0.4308015848998591,-0.1999999999996671
79.026,295.9627878179999,4.5336958667527245,6.188709127766983,6.18505490008956,0.006035091425934366,0.02973522552147164,-0.4308015861631465,-0.2000000000000668
79.084,296.16277509200154,4.523160400586302,6.1935511389491875,6.185399791327386,0.0060350924585656105,0.029735225718481532,-0.430801587616635,-0.19999999999997797
79.141,296.3629151910027,4.512806578817567,6.1983096678469245,6.185738735826581,0.00603509471966283,0.029735225816389415,-0.4308015889895034,-0.2000000000000668
79.2,296.5630783760025,4.501907817458371,6.203318646325042,6.186095518848362,0.0060350982321424294,0.029735225857843543,-0.43080159035060916,-0.2000000000000668
79.26,296.76281660300083,4.4911907006242116,6.208244142480848,6.186446354566477,0.006035102668375287,0.029735225860119934,-0.4308015915818395,-0.2000000000001112
79.314,296.9629722050013,4.4812001667589,6.212835707230709,6.186773403791643,0.006035107569190067,0.029735225839582605,-0.4308015926150198,-0.20000000000002238
79.365,297.1627692910006,4.471936216229037,6.2170933404163256,6.187076666596377,0.006035112687760765,0.029735225806699433,-0.43080159346035657,-0.2000000000000668
79.416,297.36283910400016,4.462853911012973,6.221267490942571,6.187373982007452,0.006035118166886412,0.029735225764725363,-0.4308015941729874,-0.20000000000002238
79.461,297.5313041750014,4.454498189633998,6.225107709686155,6.187647511177941,0.0060351235471144534,0.02973522571941118,-0.43080159471935153,-0.19999999999940066
79.47,297.5651969210012,4.452863374524813,6.225859056857179,6.1877010276364555,0.006035124632596553,0.029735225709908532,-0.4308015948134672,-0.19999999999940066
79.523,297.76435239700004,4.443417775794454,6.230200173993401,6.188010233053976,0.006035131079457039,0.029735225651584513,-0.4308015952803621,-0.20000000000002238
79.572,297.964377368,4.434517115033698,6.234290842261285,6.188301598431882,0.006035137366470562,0.029735225597547186,-0.4308015956020749,-0.20000000000002238
79.619,298.1644643670006,4.425979746318178,6.2382145445874775,6.188581070156153,0.006035143511819421,0.02973522555245315,-0.43080159578409455,-0.19999999999988916
79.665,298.3646056340003,4.417624023652949,6.242054763939073,6.188854594526917,0.00603514956624264,0.029735225501285305,-0.43080159585357064,-0.19999999999935625
79.713,298.5643964330011,4.408905008694959,6.24606194937457,6.189140010047184,0.006035155867592334,0.029735225433063117,-0.4308015957783911,-0.19999999999944507
79.764,298.7644126180021,4.399641055424946,6.250319583866862,6.189443262686501,0.006035162472704039,0.0297352253534458,-0.4308015955035369,-0.19999999999940066
79.813,298.9645260649995,4.390558748561022,6.254493735226547,6.18974056786781,0.0060351687792489775,0.029735225275749348,-0.43080159505673876,-0.19999999999873452
79.864,299.1644789500024,4.381476442096626,6.258667886421212,6.190037871773872,0.006035174837141906,0.029735225199258374,-0.43080159444903876,-0.19999999999877893
79.912,299.364439287001,4.372757428385018,6.262675071360963,6.190323282375463,0.006035180346949933,0.02973522512770423,-0.4308015937249884,-0.19999999999877893
79.96,299.56441272600205,4.364038415266291,6.266682256050182,6.190608691915687,0.006035185491198606,0.02973522505869888,-0.43080159287601133,-0.19999999999873452
80.004,299.7645636519992,4.356045987180987,6.270355508424297,6.19087031645921,0.0060351898331048445,0.029735224998278284,-0.430801592001166,-0.1999999999981128
80.053,299.96434212900203,4.347145329404811,6.274446175511739,6.191161670170838,0.006035194191809778,0.029735224934872573,-0.4308015909361011,-0.1999999999980684
80.102,300.16441261,4.338244672530548,6.278536842215167,6.191453023041144,0.00603519799215752,0.029735224876361748,-0.4308015897986871,-0.1999999999981128
80.15,300.3645815810014,4.329525662666037,6.282544025519662,6.19173842922982,0.006035201118692015,0.029735224824816872,-0.430801588639954,-0.1999999999981128
80.2,300.5644327350019,4.320443361789867,6.286718174334119,6.192035726732022,0.006035203683226341,0.0297352247790319,-0.43080158739263585,-0.1999999999981128
80.249,300.7644557090025,4.311542708040698,6.290808839690571,6.192327077828591,0.006035205401675836,0.029735224748015654,-0.4308015861527961,-0.19999999999744666
80.294,300.9646245650001,4.303368639158339,6.2945655728161665,6.1925946450089775,0.006035205681978922,0.02973522476586797,-0.4308015849875748,-0.1999999999980684
80.341,301.1646647870002,4.2948312801151225,6.298489273276253,6.192874111370206,0.006035168078348093,0.029735224729752176,-0.4308015840301859,-0.1999999999986457
80.395,301.36449985999934,4.284840754313494,6.303080837993794,6.193201149044966,0.006035112131439689,0.029735224332074088,-0.4308015843212303,-0.19999999999971152
80.449,301.5644072340001,4.275213519235182,6.307505434386497,6.193516306453962,0.0060351040626462835,0.029735226833496085,-0.4308015859006035,-0.2000000000006441
80.502,301.7643721029999,4.265586282621978,6.311930030948753,6.19383146555764,0.006035105103022997,0.029735226544015208,-0.430801587495079,-0.20000000000068852
80.551,301.96445257400046,4.256685628808302,6.3160206961647365,6.194122838832663,0.006035106723733249,0.029735226348916472,-0.4308015888565377,-0.2000000000006441
80.602,302.1644344990018,4.2474216818457435,6.32027832782258,6.19442610445432,0.006035108995079029,0.029735226214686064,-0.43080159020386105,-0.20000000000068852
80.651,302.3643970740013,4.238521025866366,6.324368994004824,6.194717476717645,0.006035111689503909,0.029735226123172673,-0.43080159141570845,-0.20000000000002238
80.704,302.56465768199996,4.228893784641647,6.328793592607336,6.195032633658717,0.006035115115978938,0.0297352260461086,-0.43080159261861417,-0.20000000000002238
80.759,302.7644016810009,4.21890325021083,6.333385157684296,6.1953596822601495,0.006035119174292103,0.029735225977475962,-0.4308015937310779,-0.20000000000002238
80.812,302.96436522300064,4.209276007016157,6.337809757177966,6.195674837030932,0.0060351235073343645,0.02973522591510914,-0.43080159465685597,-0.20000000000002238
80.866,303.1643959590001,4.199467116925239,6.342317840045127,6.195995936833466,0.006035128281954933,0.02973522585147091,-0.43080159543898827,-0.19999999999940066
80.921,303.3645421450019,4.189476580045056,6.346909406239612,6.196322981493464,0.006035133445519594,0.029735225784601266,-0.4308015960575286,-0.2000000000000668
80.971,303.56434338500185,4.180394273314336,6.351083557550627,6.196620293495436,0.006035138336863298,0.029735225721500322,-0.430801596473645,-0.20000000000002238
81.021,303.76437729100144,4.171311966274931,6.355257709011336,6.1969176041896175,0.006035143347227464,0.029735225667369913,-0.4308015967393904,-0.19999999999940066
81.075,303.96453822200056,4.161503074515629,6.359765792676936,6.1972386982396825,0.006035148811267031,0.02973522561000359,-0.4308015968485791,-0.19999999999940066
81.128,304.1643053270018,4.151875828889515,6.364190393343519,6.197553844579712,0.006035154163064193,0.02973522553329301,-0.4308015967531227,-0.19999999999940066
81.181,304.3646896999999,4.1420669372667565,6.368698476995809,6.197874935534144,0.006035159539334742,0.02973522544845843,-0.43080159640986787,-0.19999999999940066
81.233,304.56441378900126,4.132802984359513,6.372956111436467,6.198178186698503,0.00603516447589593,0.029735225368043808,-0.4308015958866957,-0.19999999999886775
81.283,304.76499171199976,4.123539031880071,6.377213745695552,6.198481436543024,0.006035169208460223,0.02973522528833351,-0.43080159518241024,-0.19999999999877893
81.329,304.96454962400094,4.11536495662519,6.380970481607754,6.198749008887343,0.006035173164591556,0.029735225219305283,-0.4308015944203818,-0.19999999999837925
81.381,305.16445544700036,4.105919359211961,6.3853115983763145,6.19905820244482,0.006035177423552535,0.029735225141856562,-0.4308015933899643,-0.19999999999873452
81.433,305.3644163120007,4.0964737626255845,6.389652714784968,6.1993673948612695,0.0060351812904494645,0.029735225067690396,-0.43080159221761055,-0.19999999999877893
81.487,305.5644402990001,4.08666487486145,6.3941607967735,6.199688478208088,0.006035184831331676,0.02973522499497763,-0.43080159087526865,-0.1999999999980684
81.54,305.76466141499986,4.076855988228328,6.398668878268323,6.200009560592156,0.006035187830250733,0.029735224927482703,-0.43080158943782354,-0.19999999999793516
81.594,305.9644023610017,4.067228748839029,6.40309347625086,6.200324696227494,0.006035190188789093,0.02973522486727432,-0.430801587970415,-0.19999999999749107
81.643,306.1644054850003,4.058328094669638,6.407184141814792,6.200616047507526,0.006035191790488803,0.02973522481858465,-0.4308015865777908,-0.1999999999980684
81.693,306.3643919829992,4.049245795645488,6.411358289831707,6.2009133443893765,0.006035192702170236,0.029735224784218042,-0.43080158510825617,-0.1999999999981128
81.747,306.564671559001,4.039436914269156,6.41586637002434,6.201234429428591,0.006035175263467955,0.02973522493603125,-0.43080158374011257,-0.19999999999833484
81.801,306.7643965040006,4.02962803444545,6.420374451718458,6.201555524150466,0.00603512008417055,0.02973522467133381,-0.4308015837044851,-0.1999999999996227
81.853,306.96437508000236,4.020182445933925,6.424715566171951,6.201864731549992,0.006035091108792545,0.02973522642562829,-0.43080158500886134,-0.20000000000046647
81.906,307.1645127180018,4.010555209648935,6.429140162561253,6.20217989077549,0.006035092132653406,0.029735226234556843,-0.43080158634625676,-0.20000000000002238
81.959,307.3645973340026,4.000927972030721,6.433564759517418,6.202495049741546,0.006035094182082409,0.029735226112960308,-0.43080158763212545,-0.2000000000000668
82.007,307.56464151600085,3.992027317234404,6.437655425123922,6.202786422698209,0.006035096875887492,0.029735226034687118,-0.43080158876405517,-0.20000000000002238
82.058,307.76437941100085,3.9829450153414983,6.4418295741722345,6.203083741453578,0.006035100331008168,0.029735225972344195,-0.4308015898485552,-0.20000000000068852
82.11,307.9645770999996,3.9734994202917675,6.446170689656036,6.203392952173882,0.006035104602939535,0.029735225916088428,-0.43080159088664904,-0.20000000000002238
82.165,308.1643823910017,3.9635088859708367,6.450762254592512,6.203720000944575,0.006035109789161983,0.02973522585932789,-0.4308015918698888,-0.2000000000000668
82.218,308.364404709002,3.953881642859874,6.45518685395086,6.204035155893529,0.00603511535215692,0.02973522580361563,-0.4308015926922805,-0.20000000000002238
82.272,308.5644801590024,3.944072752830793,6.459694936682297,6.2043562558912875,0.006035121502218928,0.029735225743967534,-0.430801593391904,-0.1999999999996671
82.32,308.7644161240023,3.935353738891364,6.4637021215935695,6.204641676952386,0.006035127302723915,0.02973522568792077,-0.43080159388973194,-0.19999999999940066
82.365,308.9643737510014,3.9271796629082303,6.467458857639924,6.20490925815313,0.006035132962707086,0.029735225633015998,-0.4308015942566925,-0.2000000000000668
82.412,309.16462047000095,3.9186422943357146,6.471382559885618,6.205188730733523,0.006035139033642724,0.02973522558250649,-0.43080159453039857,-0.20000000000002238
82.466,309.36457437699937,3.908651756420357,6.475974126453892,6.205515771625856,0.006035146249675032,0.02973522552668478,-0.4308015946971086,-0.19999999999940066
82.518,309.5643791910006,3.8993878030119777,6.480231760959483,6.205819026272994,0.006035152961376271,0.02973522546198305,-0.4308015947065186,-0.19999999999940066
82.572,309.7645591600012,3.8895789112381336,6.484739844551765,6.206140117905646,0.006035160004568966,0.02973522537842836,-0.4308015944992605,-0.1999999999991342
82.623,309.9649058440009,3.880133311977398,6.489080962002471,6.206449315794412,0.006035166637597493,0.029735225297029454,-0.4308015940998862,-0.19999999999891216
82.669,310.16441217800093,3.871959235996888,6.492837698134205,6.206716889761801,0.006035172188127833,0.029735225227420933,-0.4308015936095262,-0.19999999999873452
82.714,310.3643799040001,3.8637851603975433,6.4965944341070365,6.206984462719304,0.006035177502276157,0.02973522515919582,-0.4308015929936913,-0.19999999999873452
82.767,310.56440076999934,3.8541579164145436,6.501019033995149,6.207299602970971,0.006035183383406689,0.029735225081391172,-0.4308015921204113,-0.19999999999877893
82.819,310.7644971160007,3.8447123193154584,6.505360150539697,6.207608795971583,0.006035188678634531,0.029735225008584366,-0.4308015911255837,-0.19999999999873452
82.875,310.9643148110008,3.834540138818749,6.510035198702984,6.207941771831868,0.006035193768483709,0.02973522493511142,-0.4308015899269164,-0.1999999999981128
82.932,311.16439908699977,3.8241863134391387,6.514793729359358,6.208280692546409,0.006035198208309041,0.029735224866802384,-0.43080158860632284,-0.1999999999980684
82.986,311.364352847002,3.8143774274646614,6.519301810510646,6.208601774427687,0.006035201643901007,0.02973522480961531,-0.4308015872973924,-0.1999999999981128
83.038,311.56436086900067,3.8049318347721424,6.523642925169922,6.208910963723625,0.006035204159802882,0.0297352247640382,-0.43080158599456225,-0.1999999999980684
83.098,311.764310726001,3.794033075516885,6.528651902945642,6.209267720044092,0.006035205865890662,0.02973522473805129,-0.4308015844342886,-0.19999999999749107
83.153,311.9644894619996,3.7840425480240327,6.533243466449138,6.209594750893536,0.0060351836946594805,0.029735224827143674,-0.43080158311910083,-0.19999999997097895
83.211,312.1643663239993,3.7735070843622722,6.5380854802033275,6.2099396268433535,0.006035124407263166,0.029735224474825545,-0.43080158295915055,-0.19999999999980034
83.269,312.3643725389993,3.7627899740752206,6.543010974761575,6.210290459390268,0.006035104283153762,0.02973522574370228,-0.4308015845227502,-0.2000000000006441
83.324,312.56434323100257,3.7529810917534765,6.547519054136671,6.210611564929527,0.006035105164584732,0.029735225875102602,-0.43080158608183805,-0.20000000000068852
83.374,312.7645249390007,3.7437171460629166,6.551776685218215,6.210914831039901,0.0060351067295108,0.029735225939923896,-0.4308015875024996,-0.20000000000033324
83.431,312.9643885229998,3.733544969034009,6.556451731718913,6.211247828606999,0.006035109168408129,0.029735225968725687,-0.43080158898227583,-0.20000000000068852
83.491,313.16437816500184,3.722646206435977,6.561460710780661,6.211604610857375,0.006035112524620967,0.02973522596719634,-0.4308015904493619,-0.2000000000000668
83.549,313.36473051199937,3.7119290884961624,6.566386207480379,6.21195544563642,0.006035116486752597,0.02973522594344485,-0.4308015917478162,-0.20000000000002238
83.607,313.56439089700143,3.70157526152432,6.571144738716803,6.212294386482106,0.0060351208573087445,0.029735225905413356,-0.43080159284529895,-0.20000000000002238
83.664,313.7644008690004,3.691221433559994,6.575903270404134,6.2126333259610975,0.006035125681625464,0.029735225856104126,-0.4308015937706175,-0.19999999999975593
83.717,313.96440283000265,3.681594189270094,6.580327870383663,6.212948478872058,0.006035130502544655,0.029735225802252473,-0.43080159446340704,-0.1999999999996671
83.776,314.1642859019994,3.6710782244060907,6.585288375162175,6.213777509247324,0.0047161550834261025,0.030726477429682333,-0.4304847679182282,-0.19999999999971152
83.834,314.36445225900025,3.661181611200515,6.590170221290994,6.215694313230566,0.0011623454742226143,0.035400223501373805,-0.42967216401284686,-0.19999999998958629
83.895,314.56440162500076,3.650502255992991,6.5951464732250145,6.21698444968172,0.0004656589319958027,0.040783575769292486,-0.4294133279985572,-0.19999999998994156
83.954,314.7644553950013,3.6400006946721235,6.599843551034957,6.217541928876391,0.002359995711554812,0.04582000399485062,-0.42939113605551704,-0.20000000000934826
84.01,314.9647755799997,3.6298370666290096,6.604321400594608,6.217854768731312,0.0052861877939918145,0.05110599035900517,-0.4293707374731431,-0.20000000000028884
84.06,315.16450672200153,3.6209848108000915,6.608325494604026,6.218132642191076,0.006122640411463596,0.05257297677478093,-0.42936245154684016,-0.19999999998496776
84.119,315.364475806,3.610191126995712,6.613321592018518,6.218457443803177,0.005263943759487853,0.05078084948972994,-0.42936948735288444,-0.19999999998883133
84.178,315.56455421899955,3.5994852007761473,6.618190713320224,6.21874656972198,0.005845332418836716,0.05142499986722615,-0.4293616605629875,-0.19999999998887574
84.235,315.7644920700004,3.588935259730276,6.623014379135241,6.2190423989230155,0.005995018831372951,0.05135281852913231,-0.42935898568290526,-0.19999999998887574
84.294,315.96455718200014,3.578382790028789,6.6278419493792065,6.219342894501708,0.006085589703804931,0.05120367047211738,-0.4293560658849907,-0.19999999998336904
84.351,316.16450600700045,3.5678241524201852,6.632677632359568,6.219644817722397,0.006082943307520989,0.05089046327878548,-0.4293540962265329,-0.19999999998345785
84.404,316.36454117700123,3.5583578291235245,6.637012956475676,6.219915463941941,0.00608158934493501,0.0506112372300732,-0.4293523646616634,-0.19999999998336904
84.462,316.5643798679994,3.5477992585497056,6.641848423283679,6.220217312077074,0.0060807254715195,0.050300798645172985,-0.42935047734221815,-0.19999999998341345
84.52,316.7645754940022,3.5370586492693414,6.646767193475558,6.220524349889595,0.006080231724683325,0.049985607996969474,-0.42934860689474297,-0.1999999999836799
84.58,316.96438956100246,3.5263180320183096,6.651685913583882,6.220831381661441,0.006079938364743718,0.04967072807288249,-0.42934677491837503,-0.19999999998376872
84.638,317.1643876420021,3.5157594314317433,6.656521223683813,6.221133208426017,0.006079762035021765,0.04936135310672659,-0.4293449656661583,-0.1999999999837243
84.696,317.36433341500015,3.505200711588431,6.661356489485145,6.221435045595087,0.006079694438985209,0.04905206826517528,-0.42934288342709254,-0.19999999998527862
84.748,317.5643747899994,3.495734254291775,6.665691522195295,6.2217056610039725,0.006079671777956208,0.048774824503102936,-0.4293410391208647,-0.19999999998536744
84.804,317.76457500200195,3.485539595548151,6.670359985851353,6.221997095117717,0.006079668408908961,0.04847628318482064,-0.42933910086655436,-0.19999999998532303
84.864,317.9646097629993,3.474434684649704,6.675445238943783,6.222314552497089,0.0060796788177266735,0.04815110676340731,-0.42933704610950213,-0.19999999998501217
84.923,318.1642903920001,3.4636938546545872,6.68036372609776,6.222621603602341,0.006079696531922566,0.04783660404062222,-0.4293351147893571,-0.19999999998501217
84.983,318.3643266200015,3.453035447862815,6.6852149235343035,6.223266309955191,0.006602852295734182,0.048988514794529904,-0.4293518205541432,-0.19999999999442686
85.042,318.56433437099986,3.4423521949713174,6.690131788742037,6.223602683577779,0.006202224549479965,0.049624018931479774,-0.4293485589241125,-0.1999999999856339
85.095,318.76453762000165,3.4327221806636583,6.694547813191491,6.223897180871236,0.006106676113003949,0.049654196129607135,-0.4293502478002757,-0.19999999998532303
85.152,318.96436286600147,3.422354647824691,6.699297258323275,6.224209873073768,0.0060826754634726275,0.04951066448100641,-0.4293535486514729,-0.19999999998434603
85.211,319.16446164599984,3.4118255569983704,6.704378016685993,6.225742291821137,0.0022964907769298603,0.04747275861355935,-0.42871626121612466,-0.20000000000188756
85.271,319.3643766870009,3.401220609510928,6.709615140011734,6.227425443033605,-0.003072701234120087,0.04731956460295949,-0.428270760926919,-0.20000000000499618
85.331,319.5643498999998,3.3904856402284818,6.714711196425909,6.228312964510019,-0.006142797733244029,0.04852866975192181,-0.4282021910024785,-0.19999999998696616
85.389,319.7645076120025,3.3798612652495836,6.719550742468215,6.22875501999994,-0.006008431378001458,0.04699167902787079,-0.428199334785882,-0.19999999998630003
85.437,319.96452234200115,3.3710693258795095,6.723555328267065,6.2291153756104,-0.00589118800914152,0.04574073799227403,-0.4281968743252732,-0.1999999999851454
85.48,320.1644402580023,3.3631684978349825,6.727138119676638,6.2294187026571315,-0.005520562694540317,0.044265097167597606,-0.42819216505781743,-0.19999999998394635
85.524,320.36438778100273,3.3550427505784644,6.730776708712895,6.2295835143777945,-0.0043782419488569025,0.04238004341441583,-0.42818294025145714,-0.19999999999398277
85.579,320.5645147280011,3.3448159119698433,6.735316961911025,6.229768508947934,-0.002286172728445281,0.03894457249368119,-0.4281715000802388,-0.19999999999424922
85.63,320.7644529419995,3.3352621300166025,6.7395193093875,6.229920818026987,0.0003241854778290156,0.034656803024775286,-0.4281673091270549,-0.1999999999946489
85.683,320.9643959460009,3.3252594755002662,6.74387833307909,6.2300591108419505,0.0037433090254672683,0.029039416369715503,-0.4281787590636985,-0.1999999999951374
85.732,321.1644251180005,3.315942138498993,6.7479006427679264,6.230168451516098,0.007569751083840862,0.022752062837196413,-0.4282143529208308,-0.19999999999544826
85.785,321.36488239699975,3.3061104427197123,6.752381872525307,6.230402179673838,0.007664954526650123,0.022624691734675663,-0.42821545532630784,-0.19999999999376072
85.818,321.56464728500214,3.3003812288352363,6.755049440481589,6.230570596088759,0.00679521843059116,0.02404598145208747,-0.42820518808567887,-0.1999999999961588
85.869,321.7644332439995,3.2911886167135846,6.7592937248717035,6.230821750339069,0.0059953619250666165,0.025352000693009188,-0.42819685437910193,-0.19999999999686935
85.921,321.96446495000055,3.2817382395322214,6.7636122974484865,6.231056399979295,0.00591509897229757,0.02547885582420013,-0.42819611507216054,-0.19999999999744666
85.98,322.1645357289999,3.27073694093274,6.768584166090651,6.231300662831537,0.006741775177915061,0.024116773355037726,-0.4282047454699708,-0.1999999999981572
86.037,322.36430040300183,3.260430633913424,6.773220815350375,6.231521855215788,0.0078673290823572,0.02224075944530901,-0.4282184691502167,-0.19999999999873452
86.099,322.5643570710017,3.249176416290879,6.778370605911981,6.231800200684625,0.00765828094562009,0.022611147193163213,-0.4282155865025897,-0.19999999999975593
86.156,322.7643432149998,3.238788318135134,6.783101049531054,6.232048986619428,0.00784708895210355,0.022299259142669996,-0.4282180021145306,-0.20000000000033324
86.215,322.96436853900013,3.2280558635506744,6.787999750135313,6.232311802996177,0.0078520849614528,0.022290147275445635,-0.4282180745883138,-0.19999999999935625
86.276,323.1643688860022,3.2169598813881506,6.7930645297478565,6.2325835341310185,0.007854749362174502,0.02228529617163115,-0.42821811313696834,-0.19999999999971152
86.332,323.3645237510027,3.2067735441080685,6.797714174184285,6.232832994562248,0.007855975539092496,0.022283071215721928,-0.42821813067315156,-0.19999999999975593
86.388,323.5643711490011,3.1965866744823046,6.802363783576369,6.233082461489062,0.007861799176609133,0.022272327480307177,-0.42821821517714614,-0.1999999999996671
86.443,323.7643615490015,3.186582534836235,6.806930421234437,6.233327466957543,0.007860375008464135,0.02227497537088839,-0.4282181960106583,-0.1999999999990898
86.5,323.9644335640005,3.1762144178577096,6.811663106193683,6.233581382950358,0.007860538848274552,0.022274679254628484,-0.42821819986683834,-0.19999999999904539
86.549,324.1643822610022,3.1673014820831207,6.815731555439318,6.233799660394222,0.007860615155279036,0.022274545015014555,-0.42821820201153266,-0.1999999999990898
86.597,324.3643343210024,3.1585704501708474,6.819716975958515,6.2340134826089155,0.007860622248632987,0.022274539108764348,-0.4282182028909398,-0.20000000000020002
86.644,324.5645323050012,3.150418378363361,6.823384189155488,6.234212240407957,0.007870479455482542,0.02227105583607391,-0.4277758438652671,-0.17880000001015972
86.691,324.76458259799983,3.1436866537349477,6.826204845898526,6.234372961864676,0.00791557229614909,0.022255069108918744,-0.42575042364164667,-0.14680000001030535
86.743,324.96430635300203,3.137954215003614,6.8283003724430085,6.234504798132743,0.008007789178145366,0.02222205765684906,-0.4216035338875796,-0.09880000001123435
86.799,325.16466326500085,3.1337482064532374,6.829373667735024,6.234593913624665,0.008159264311330967,0.022166895071313093,-0.4147781838719392,-0.06680000001164643
86.856,325.3647368210004,3.13173284954559,6.829193741943181,6.234625226655877,0.008362725507835638,0.022090950155675897,-0.4055831582310542,-0.018800000011376383
86.913,325.56467381699986,3.1309164468023947,6.8283508201508525,6.2346252797533985,0.008616682277978073,0.02199315120010527,-0.3940608776505313,1.4210854715202004e-12
86.97,325.76463886499914,3.130102079827343,6.827506775633009,6.234625279597051,0.008889917429964325,0.021884148745105556,-0.3816055151033892,7.549516567451064e-13
87.028,325.9643395359999,3.1292876996750456,6.82666271731611,6.234625279216049,0.009160045638808602,0.021772478638708008,-0.3692295439237479,1.2878587085651816e-12
87.088,326.16435788200033,3.1284304435818244,6.825774220379505,6.234625278582797,0.009441035139072249,0.021652131512640237,-0.35628720131948194,1.5987211554602254e-12
87.148,326.3643186340014,3.1275731738879653,6.824885709185539,6.234625277718611,0.009718583857039404,0.021528997600326175,-0.3434312647834103,2.220446049250313e-12
87.206,326.56501221000144,3.1267301793727778,6.824011993289905,6.23462527664782,0.00998815343628636,0.02140528071308893,-0.3308731301706983,2.7533531010703882e-12
87.265,326.76447695599927,3.1259027627638787,6.823154422931416,6.23462527538444,0.010249915447771289,0.02128119128444271,-0.3186079290027297,2.886579864025407e-12
87.32,326.9649001120015,3.1251225458425704,6.8223457723149465,6.234625273968989,0.010499607328530142,0.02115912802838727,-0.3068404304438258,2.886579864025407e-12
87.374,327.164582925001,3.124393062610455,6.821589704248856,6.234625272423928,0.010737552592713554,0.02103939086840967,-0.2955622697316808,3.5083047578154947e-12
87.425,327.3646505479992,3.1237377485321116,6.8209105082793595,6.234625270837512,0.010955398686967408,0.020926794838515766,-0.28517959967263173,3.68594044175552e-12
87.466,327.5644897230013,3.123214907676446,6.820368613290843,6.234625269426324,0.011132259886924201,0.02083325929865614,-0.2767086660189332,4.1744385725905886e-12
87.516,327.7643613670007,3.1225950810908154,6.819726198054427,6.234625267572787,0.011345785473006065,0.02071775887926768,-0.26643024328632964,4.130029651605582e-12
87.561,327.96449961300095,3.1220540170353086,6.819165415711751,6.23462526578203,0.011535933044757262,0.020612497404960073,-0.2572282622774188,4.4853010194856324e-12
87.606,328.16451438700096,3.1215289158259063,6.818621177941275,6.234625263877259,0.011724164793282003,0.020506027639438984,-0.24807209527635962,4.796163466380676e-12
87.655,328.36446018900097,3.1209642662372956,6.818035950489426,6.234625261629799,0.011931068061351621,0.020386350007650444,-0.23795205295353186,5.151434834260726e-12
87.708,328.56444679700144,3.120398102542347,6.817449153732428,6.23462525914948,0.01214374754807871,0.020260392208628564,-0.22748663512837158,5.195843755245733e-12
87.762,328.7644095750002,3.1198329950221657,6.816863451620924,6.234625256423611,0.012361915066053839,0.02012803018273189,-0.21668251856546242,5.728750807065808e-12
87.814,328.9644456290007,3.1193108882791116,6.816322317373688,6.2346252536583835,0.012569416225884738,0.01999911829229891,-0.2063397156928471,5.773159728050814e-12
87.868,329.1643495600001,3.1187917051349334,6.815784213252665,6.234625250645866,0.012782219559422766,0.019863791990076308,-0.19566233348412018,6.394884621840902e-12
87.918,329.36466296300205,3.118322961366859,6.815298386689241,6.234625247673473,0.01298070124179639,0.01973466841372514,-0.18563702866562173,6.394884621840902e-12
87.972,329.56439591100207,3.11785813793471,6.8148166233148855,6.2346252444585515,0.01318440134645726,0.019599175331667818,-0.17527893878515188,6.750155989720952e-12
88.022,329.76498732300024,3.1174323822068772,6.81437535140313,6.234625241248687,0.013377953573456933,0.01946758357572557,-0.16536958052442693,7.327471962526033e-12
88.027,329.78327361099946,3.1173998843683637,6.814341669217033,6.234625240992258,0.013393032277845825,0.019457213685896178,-0.16459476961514038,7.327471962526033e-12
88.068,329.92927757800135,3.1170742988790114,6.814004218120112,6.234625238325783,0.013546736426419613,0.01935052117959205,-0.15667298683230016,7.37188088351104e-12
88.119,330.1290194180001,3.116681100225795,6.813596689754471,6.234625234847187,0.013739448167632206,0.01921417745691095,-0.14667823163474775,7.327471962526033e-12
88.173,330.32903292800256,3.1163031143104307,6.813204928519288,6.234625231195847,0.013933307839266228,0.019074073638282563,-0.1365513586409157,7.993605777301127e-12
88.227,330.52926427700004,3.115941709129961,6.8128303522667615,6.2346252273721054,0.014128178926113875,0.018930192824242565,-0.12629559612168284,8.171241461241152e-12
88.28,330.72906588000114,3.1156103360264367,6.812486902561711,6.234625223524107,0.014316853902623999,0.018787910946724093,-0.1162905955845921,8.304468224196171e-12
88.336,330.92906309799946,3.1152854015716467,6.812150126134631,6.234625219363399,0.01451343495337198,0.018636479466037383,-0.10578456227144042,8.659739592076221e-12
88.395,331.12911786300174,3.114971156449841,6.811824428581211,6.234625214883128,0.01471747748174482,0.018475775115949753,-0.0947880649684014,8.926193117986259e-12
88.452,331.32910153600096,3.114695042697363,6.811538252045415,6.234625210469696,0.01491162582508521,0.01831944438604989,-0.08423464590215968,9.237055564881302e-12
88.504,331.5293248240014,3.1144668006546055,6.811301691856224,6.234625206378563,0.015086203254323192,0.018175953299937125,-0.07466708659818355,9.547918011776346e-12
88.563,331.72924580900144,3.1142352956288306,6.811061749753368,6.234625201671662,0.015281360641924159,0.01801219047836419,-0.06388088563717495,9.947598300641403e-12
88.62,331.929245784002,3.1140395401001983,6.810858860015644,6.234625197069486,0.015466968538328537,0.017853067717821938,-0.05353012750773323,9.85878045867139e-12
88.679,332.1290601540022,3.1138633774455284,6.810676277222115,6.234625192180575,0.015659247388289128,0.017684661513553673,-0.04270854779776497,1.056932319443149e-11
88.736,332.32906076200015,3.113726998195837,6.8105349277737135,6.234625187591764,0.01583585706588329,0.017526694537437337,-0.0326767063764735,1.056932319443149e-11
88.792,332.5290958580008,3.1136182883562973,6.810422256270967,6.234625182999246,0.016009730318377782,0.017368017012819276,-0.022710690047367067,1.0880185641326534e-11
88.845,332.72937842600004,3.113540685713004,6.810341825997507,6.234625178604488,0.016174817157067832,0.017214378853888695,-0.013162843125656463,1.1191048088221578e-11
88.902,332.92921747500077,3.113459308503794,6.810296971684509,6.234625821989291,0.016345000973363707,0.017052875569729793,-0.0032297394065509575,1.212363542890671e-11
88.951,333.12924444000237,3.11324685876723,6.810295455664027,6.234629408451735,0.016502625046233475,0.016900398357176896,0.006054681375980887,1.2789769243681803e-11
89.002,333.3292251470011,3.1130688599257095,6.8103107339897555,6.2346326867903565,0.01666502269668706,0.01674029552598553,0.01570919102294713,8.615330671091215e-12
89.061,333.5290251330007,3.1130818647158685,6.810298187529612,6.234632264421648,0.016864916734404583,0.01653889646177142,0.027722705880198765,-1.3411494137471891e-11
89.115,333.7291376159992,3.113128947427785,6.810252760270235,6.2346307230701,0.017047363830664942,0.016350776382568686,0.038817560620457534,-1.2789769243681803e-11
89.168,333.92950789099996,3.1132105609543697,6.810174016345818,6.234628048186173,0.017229325575465353,0.016158923084523578,0.05001223167948332,-1.2789769243681803e-11
89.227,334.12900263700067,3.113336868316894,6.810052150074815,6.234623906410533,0.017424143997545858,0.01594865430082024,0.062147957340427336,-1.247890679678676e-11
89.285,334.32910087300115,3.1135033942352006,6.809891479381617,6.234618444301005,0.017618229963413456,0.01573398290254948,0.07440020331780856,-1.247890679678676e-11
89.34,334.5291488490002,3.1136986278257552,6.809703110413714,6.234612039478941,0.01780151651077573,0.01552630367441945,0.08612703416697602,-1.212363542890671e-11
89.396,334.72915559800094,3.1139348978197496,6.809475147930634,6.23460428751678,0.017987290136313953,0.015310692518016108,0.09817612768299984,-1.1812772982011666e-11
89.447,334.92910352800027,3.114183109600816,6.809235663549692,6.234596143067895,0.01815566174174482,0.015110647329668454,0.10924576389723811,-1.1546319456101628e-11
89.5,335.1292041090019,3.1144803742448373,6.808948851061111,6.234586388448517,0.018333013759770048,0.014894968471697263,0.12106734109430188,-1.1191048088221578e-11
89.558,335.32911189399965,3.1148327305953343,6.808608883954123,6.234574825390788,0.018519099634375872,0.014662951452729707,0.13365892264802035,-1.1235457009206584e-11
89.615,335.52906385499955,3.115224839127974,6.808230562398337,6.234561957227156,0.018703940282587764,0.014426416670966705,0.1463676892823372,-1.0524914273446484e-11
89.676,335.7290514689994,3.115688640424023,6.8077830688793926,6.234546735668224,0.018900259632938194,0.01416822817810698,0.16009916416948458,-1.0436096431476471e-11
89.735,335.92905484600124,3.1161808167125207,6.807308198066575,6.234530582329077,0.019088558974179437,0.01391348337580333,0.17351024783141017,-1.0258460747536446e-11
89.79,336.1292801160016,3.116678323414226,6.806828184265332,6.23451425360213,0.01926258691941984,0.013671519404627694,0.18612808501696293,-9.636735853746359e-12
89.846,336.329068559,3.117223329086913,6.806302341612123,6.23449636549344,0.019438185017188688,0.013420663772115066,0.19909133867025428,-9.325873406851315e-12
89.904,336.5293175270017,3.117839589424582,6.805707749690241,6.2344761382464995,0.019621336829016078,0.013151421636591762,0.21287683984715913,-9.237055564881302e-12
89.965,336.7293358450006,3.118522194716846,6.805049145579152,6.23445373295048,0.019808568131221057,0.012867665776187347,0.22726887799407167,-8.659739592076221e-12
90.025,336.92910335000124,3.11922644870349,6.80436965396747,6.234430616672062,0.019987471012173217,0.012587955529467627,0.24132512648657206,-8.304468224196171e-12
90.086,337.1290426150008,3.120000148980749,6.803623157876982,6.234405220505546,0.020170034829993407,0.012293278286894301,0.25600010560794734,-7.993605777301127e-12
90.139,337.32905441299954,3.1207100247678907,6.802938242135139,6.234381919017712,0.02032655915654344,0.012032681240354887,0.26886919836793843,-7.682743330406083e-12
90.196,337.5290616400016,3.1215125559648356,6.802163928854284,6.234355575824759,0.020492602458933477,0.011747639249737877,0.28283411185808566,-7.37188088351104e-12
90.257,337.7290373420001,3.122416269903675,6.801291990533103,6.234325910944369,0.020667525083429773,0.011437065797092312,0.29792369974412997,-7.016609515630989e-12
90.315,337.929074939002,3.1233344668102747,6.80040607848223,6.234295770319639,0.02083384017026209,0.01113119267348491,0.31266264843845404,-6.750155989720952e-12
90.374,338.12922850500036,3.1242793488211142,6.799494419606156,6.234264753423498,0.02099444008846461,0.01082520664451631,0.3272917211574508,-6.0396132539608516e-12
90.428,338.32917245499993,3.1251966756640366,6.79860934702676,6.234234640791781,0.02114125727450743,0.010535566029525493,0.34103824987101194,-5.773159728050814e-12
90.481,338.5293516240017,3.1261502125127234,6.797689337626867,6.234203339261588,0.021285343875469508,0.010241304904408926,0.3549082369391889,-5.46229728115577e-12
90.532,338.7290573800019,3.127065343123876,6.796806384057034,6.2341732982663025,0.021416218165842556,0.009964693066584134,0.36786233457471995,-5.10702591327572e-12
90.584,338.92905575199984,3.1280498766254685,6.7958564678817215,6.234140978765569,0.02154962969813471,0.009672757960609624,0.3814498619704176,-4.440892098500626e-12
90.634,339.1290515540022,3.1290279992051784,6.7949127372126235,6.234108869514298,0.021675212817449843,0.009387930089431833,0.3946271162318894,-4.4853010194856324e-12
90.691,339.3289937949994,3.130201135843358,6.793780849402303,6.234070358208576,0.02181743980785858,0.009052434709481286,0.41005271622130246,-3.863576125695545e-12
90.746,339.52944189700065,3.131351666377439,6.792670772838967,6.234032588771801,0.02194874626535274,0.008729203741092305,0.4248214827111098,-3.5083047578154947e-12
90.8,339.7290596540006,3.1324952762560625,6.791567373598541,6.233995046313556,0.022071859443541692,0.00841300848882414,0.4391852277451766,-3.197442310920451e-12
90.859,339.929020091,3.1338084658455543,6.790300357278757,6.23395193664945,0.022204801206574625,0.008055534454534753,0.45533007617050586,-2.886579864025407e-12
90.917,340.1290678330006,3.1351403650403284,6.789015289218174,6.233908212544438,0.022331095941962965,0.007698450633126638,0.47136335441023774,-2.2648549702353193e-12
90.977,340.3291147529999,3.1365606578743574,6.787644935556383,6.2338615863775075,0.022456966692932123,0.007323098165880088,0.4881219046211924,-1.5987211554602254e-12
91.034,340.5291552350027,3.1379496519835133,6.786304780133919,6.23381598748197,0.022571855451943675,0.006960865207624154,0.5042081857332023,-1.021405182655144e-12
91.089,340.72931651900217,3.1393263090955164,6.78497652793803,6.233770793396276,0.022678207595181108,0.006606090083543642,0.5198861944967151,-6.661338147750939e-13
91.141,340.92909622500156,3.1406604849998434,6.7836892632731995,6.233726993746535,0.022774534077566667,0.006265891952295726,0.5348529576602208,-2.220446049250313e-13
91.198,341.12925642900154,3.1421590329530753,6.782243406095962,6.233677797739694,0.022875226774271718,0.005887616817763977,0.5514229331855734,3.1086244689504383e-13
91.254,341.3291214540004,3.143694946097715,6.780761497550589,6.233627374875127,0.022970603945539726,0.005503692991869181,0.5681683495354108,7.549516567451064e-13
91.313,341.52900870400117,3.145295725308032,6.779217003718563,6.233574822316174,0.02306198391349062,0.005107195450441779,0.5853919398404375,1.2878587085651816e-12
91.373,341.7290850770005,3.146991445923585,6.777580906734381,6.233519152695592,0.023150256255804986,0.004690784264270914,0.6034101404530008,1.9539925233402755e-12
91.426,341.9290791750027,3.1485224950758437,6.776103691157373,6.233468888992917,0.023222730731597148,0.004317637224842842,0.619500361350732,2.4868995751603507e-12
91.479,342.129112259001,3.150113962908899,6.774568181290612,6.233416641621111,0.02329106650080157,0.003932283242155085,0.6360665795106855,2.886579864025407e-12
91.536,342.32914930900006,3.1517974699909344,6.772943868383319,6.233361372477135,0.023355846522957253,0.0035271093451710307,0.653435057027714,3.5083047578154947e-12
91.594,342.5290229650018,3.153606980164955,6.771197982801985,6.233301966518237,0.023417135653425243,0.003094072169957289,0.6719477993931051,4.1744385725905886e-12
91.651,342.7290775500005,3.155357814884558,6.769508709569079,6.233244486717619,0.023468444070838316,0.0026771618659144026,0.6897282995792674,4.8405723873656825e-12
91.699,342.92913658900216,3.1568838447463152,6.76803633677668,6.233194387136789,0.02350690392578766,0.002315205955252269,0.7051356650531606,4.75175454539567e-12
91.744,343.12926846100163,3.1583293376747053,6.766641669140952,6.233146931496032,0.023538057729754147,0.0019733881475781432,0.7196642943221537,8.43769498715119e-12
91.792,343.3290711059999,3.1597175452436788,6.765302272739894,6.23310135646193,0.023563216072433023,0.0016459156028835948,0.7335665571293056,1.0169642905566434e-11
91.819,343.52964396099924,3.1605292543255175,6.764728712766931,6.233078146493915,0.023574151283930634,0.001481047751148077,0.7405604167436599,1.0347278589506459e-11
91.877,343.72901735300184,3.1633623427027504,6.765114185789691,6.233036300879655,0.02359001685959204,0.001202270346469535,0.7523796026976978,0.04439999999932276
91.933,343.92903453500185,3.1675062042271733,6.767526983338199,6.233005426283374,0.02359872331661515,0.0010175229364273407,0.7602082236779967,0.09239999999941517
91.986,344.1291662770018,3.1727950180693507,6.77172957979323,6.232984445081738,0.023603003385650523,0.0009135432068061646,0.7646132127658333,0.14040000000323793
92.038,344.3291823969994,3.1792070013434994,6.7776692597020975,6.232972863022666,0.02360493130812794,0.0008882071122459282,0.7657398463473704,0.17240000000331435
92.087,344.5294908770011,3.1858517024365214,6.783986012173182,6.232963509134712,0.023604936556887307,0.00091657454194124,0.7645988773576147,0.18331504138018317
92.138,344.72908245000144,3.1925516707811497,6.790225737937842,6.232951950612991,0.02360320976856448,0.0009513376829820594,0.7631040196776542,0.18286765041715114
92.183,344.9291320090015,3.1986334203073854,6.795782729463815,6.232939703186936,0.02360154338815585,0.0009840822292585063,0.7616965622129707,0.1828676504175064
92.23,345.12910853500216,3.204997662696423,6.801599956941658,6.232926919154696,0.023599674908776822,0.0010141099764346766,0.7603879586037708,0.18342306388920981
92.28,345.3291075920024,3.211776534869524,6.807790961242208,6.232913218917432,0.023598078489171295,0.0010441148389222252,0.7590990091233787,0.1834230638891654
92.326,345.52911758700066,3.2180150456360166,6.813504811532786,6.232900879216362,0.023596687513843313,0.0010686754863960758,0.7580408995912392,0.18391850060117676
92.372,345.7292902699992,3.224261426675546,6.819248096091619,6.232888892754832,0.02359574875452228,0.0010889983237186882,0.7571799685424975,0.18391850060073267
92.421,345.929108225002,3.2309197174915165,6.8253777366821495,6.232876242918181,0.023594817692657418,0.0011084192711595597,0.7563571569646019,0.18429901015863948
92.473,346.1291854530027,3.237986411650434,6.831893317937889,6.232862980111361,0.023593927030266134,0.0011265414336244519,0.7555893095540415,0.18429901015868388
92.53,346.32906411300064,3.245735900341974,6.839039770381748,6.232848456866701,0.023593007122314588,0.0011448439238646829,0.7548137627531701,0.1845691126235227
92.587,346.5292281840011,3.2534879174741285,6.846190953369805,6.232833967412011,0.023592148481410176,0.001161561439452693,0.7541053324111404,0.1845691126235227
92.635,346.72990472400124,3.2601533799853804,6.852344782377457,6.232821589948838,0.02359147855862321,0.0011743447051991613,0.7535635952270459,0.18479371566586522
92.69,346.92911810200167,3.267501422493866,6.859127320427151,6.232807919984351,0.023590768350410657,0.0011876984824635748,0.7529976572452869,0.18479371566595404
92.744,347.1291696750013,3.274850501192465,6.865916870530653,6.232794346646336,0.02359013463199774,0.0011993939225563737,0.7525019808009517,0.1849833988355698
92.8,347.3293605809995,3.282610551408541,6.873082815507953,6.232779959513366,0.02358948387055321,0.0012112688958334829,0.7519986747633383,0.1849833988355698
92.856,347.5291470000011,3.290098579622766,6.8800057296905885,6.232766209889103,0.023588944365484935,0.0012209275670975331,0.7515892834297271,0.18514325436083112
92.914,347.7290116430013,3.2979973386950863,6.887305283271534,6.232751654577102,0.023588392508623213,0.0012307344134340438,0.7511735834720485,0.1851432543611864
92.966,347.9290985810003,3.3050791689223527,6.893854334398224,6.232738677279719,0.023587956779174,0.001238373575943941,0.7508496968747363,0.18527778855714772
93.018,348.12905203899936,3.312155852285976,6.900401918074835,6.232725771245053,0.02358781538800371,0.0012454602162854267,0.750565909591059,0.1852777885615886
93.069,348.32919431499977,3.319095155113355,6.906826628723906,6.232713188254966,0.023587894555386936,0.0012517643002567973,0.7503271095929729,0.18539067812874954
93.122,348.5292312090023,3.326444229039672,6.913630202944753,6.232699853119572,0.0235879773186248,0.0012580566231817742,0.7500888633957219,0.18547721520705274
93.181,348.72923224999977,3.334339235445612,6.920940133025243,6.232685535478203,0.02358811054437002,0.0012642594951633944,0.7498556510256018,0.1854772152068751
93.237,348.9292707839995,3.3420993530915557,6.928125134810103,6.232671437860782,0.023588259226389935,0.0012697834466972575,0.7496432881384337,0.18554817638767318
93.282,349.12924974199996,3.3480903237532735,6.933671085389356,6.232660534452164,0.023588364081334003,0.0012738744115437439,0.7494846362622348,0.18554817638687382
93.33,349.3291026670013,3.354762813333817,6.939848151900093,6.232648392010118,0.023588474539437156,0.0012780993351768663,0.7493197939876821,0.18561054964987278
93.383,349.5293808960014,3.361980784174389,6.946529261591108,6.232635239733348,0.02358857689178929,0.0012824565404080531,0.7491481825555186,0.1856105496489402
93.438,349.7290587259995,3.3693358769535897,6.9533375506259105,6.232621840948263,0.023588668280902066,0.001286523671925755,0.7489867637492028,0.1856668714793397
93.495,349.9291160870016,3.377112289400036,6.960526801215936,6.232542820867513,0.0239088639398413,0.0012856351252358064,0.7488329265903052,0.1856668714834253
93.552,350.1290897889994,3.3849464362668154,6.967637584507328,6.2319345849426435,0.026868785196577125,0.0013036637724236307,0.7486443686661011,0.18571900327919444
93.604,350.3292794049994,3.392115856426782,6.974019122824435,6.23084294995541,0.0322351505705893,0.001317986162801196,0.7482043849401558,0.18571900328132607
93.648,350.52912265399937,3.3981842989104245,6.979378306159182,6.2297278228478925,0.03796784734904436,0.0016920008017956192,0.7476280482508322,0.18577041757352752
93.695,350.7290897460007,3.4047362624347293,6.985330574067843,6.2297367216049615,0.039336857357254826,0.0038162875781452173,0.7476158739145923,0.18577041756828727
93.749,350.9290394020027,3.4121890694519386,6.992166424356685,6.229726956417558,0.04021772770521798,0.005112338053423367,0.7476353207140207,0.18595295863952366
93.802,351.1290106330016,3.419428868337854,6.998862401233409,6.22969703550848,0.04036869349497466,0.005209841442939115,0.7476176989899179,0.18595295863952366
93.861,351.32898783199926,3.427401536459283,7.0062990338709,6.229640361686695,0.039705135137453614,0.003952430721352719,0.7475417188993724,0.1859499033730838
93.905,351.52904682200096,3.4332873449519137,7.011833241323616,6.229582132975824,0.0386354011469061,0.0020710644927868995,0.747449120987713,0.1859499033730838
93.95,351.7290901619999,3.439397797905609,7.017512217199436,6.229543038713936,0.03840414660165138,0.0015864643810406546,0.7474150129542626,0.18596025891133294
93.994,351.92924060800215,3.445422482550493,7.023085121371276,6.22947773650192,0.03858336781636011,0.0020432188853446434,0.7474190378712418,0.18596025890187384
94.037,352.1290592410005,3.4512802188931957,7.028531789996335,6.2293824990318445,0.0384173086248362,0.002087204156014024,0.7474125308983487,0.18597733747673928
94.087,352.32907289700233,3.4581220205409937,7.034870526054682,6.229276088902756,0.038504708535617056,0.002621618228283863,0.747428718045334,0.18597733747798273
94.134,352.5290973420015,3.4645541325295155,7.040828972691408,6.229175247119522,0.03859060783063954,0.003136525111928232,0.7474459083333328,0.18597970488567483
94.182,352.7292192990026,3.4711233492883418,7.046914475865864,6.229071394894913,0.038678255478047735,0.0036684192637400055,0.7474638416081489,0.18597970488571924
94.236,352.92906358500113,3.47851552528491,7.053761039177069,6.228953521442856,0.038792737663604054,0.004303406430004326,0.7474847828083033,0.18597406838964936
94.289,353.1290626430018,3.4857810565870744,7.060494045393863,6.228789701894869,0.03889317659763935,0.005247616142920776,0.7475201167385991,0.18597406840155095
94.342,353.3291430249992,3.4930769096194445,7.067369210224187,6.22862993806919,0.037447156325968456,0.00831391744151526,0.7476265606024353,0.18596702941957588
94.391,353.52956937400086,3.4998332078575825,7.0738081104816946,6.2285330883146,0.03510403091131722,0.012310743798037803,0.7477599891284513,0.18596702941957588
94.447,353.7290269820005,3.507578359494188,7.081251684756927,6.228399088015603,0.031583306736912245,0.01826708715600798,0.7479384376142421,0.18594563078666582
94.499,353.92916142000104,3.514760222099029,7.088046553692496,6.228414371116727,0.029732024318903948,0.02218262996825941,0.748034258080061,0.18594563080736037
94.553,354.12905575900004,3.5220711806545495,7.094747700373543,6.228304374605887,0.03072823426439569,0.019979000773707765,0.7479252726072856,0.18589756328495355
94.611,354.32906009,3.5299763384866187,7.1020213372607754,6.22828257141759,0.03130474758676714,0.019209040527590402,0.7478570551492015,0.18589756328499796
94.668,354.5291318039999,3.537773230187674,7.109269062979125,6.228233523108246,0.030886246743532842,0.020071807103153597,0.7478356542624839,0.1858844212407007
94.724,354.7291640500007,3.54545644527424,7.116466365249401,6.228181229427471,0.029776036851764158,0.022178172808070287,0.7478532136578161,0.18590109018150613
94.782,354.9290581810019,3.5533649685434803,7.123772522112882,6.228131294219787,0.02999451683582715,0.02186758143756324,0.747800517313811,0.1859010901729352
94.833,355.12929177200203,3.560263677682137,7.130177740314477,6.2280947543057845,0.02980997763248473,0.022327798016853518,0.7482354434153533,0.183371931792653
94.885,355.32946197099955,3.567262687450897,7.136883692071131,6.228064322703113,0.029797455407655653,0.022477345880866303,0.7494079015841542,0.18337193178417088
94.936,355.52905630700116,3.5738609169459585,7.143228185268024,6.228036443537005,0.029804861229150992,0.022586809893215723,0.7504937349580929,0.1835209160709006
94.989,355.7290656330006,3.5808517798356236,7.149961152048899,6.228007038814652,0.02981196606228979,0.022703888900987016,0.7516249869468362,0.1835209160709006
95.043,355.92909190200226,3.5879945241508473,7.15682861050894,6.2279767658131675,0.029818084426580724,0.022827996000543013,0.7526412310855004,0.18390917393196204
95.095,356.1290419329998,3.594874597410152,7.163448324397718,6.227947663515743,0.029823390814491892,0.022949155343175556,0.7535795492570243,0.18390917393200645
95.144,356.32906138100225,3.601376710906802,7.169691193320917,6.227919929005098,0.029827845179476054,0.023067148638909178,0.754341681153954,0.18424448506704216
95.199,356.5289905360005,3.6086738154960027,7.176704477608904,6.22788891515142,0.029832212173556596,0.023200844502947193,0.7551769435521067,0.18424448506699775
95.255,356.7290904120018,3.61612364014086,7.183850625133151,6.227857002612138,0.02983507938551007,0.02334257522037335,0.7558989883301628,0.18452363325827115
95.311,356.9291278100027,3.6235743994151384,7.1910021045485015,6.227825177277992,0.02983909403527012,0.023483132915966685,0.7565917456997833,0.18452363325827115
95.368,357.12904267400154,3.6311775399790513,7.198283844841756,6.227792421261401,0.02984214941291499,0.02363104061807712,0.7571675727200203,0.18482284819132389
95.422,357.3290681489998,3.6383827484710656,7.205172663428411,6.227761184053695,0.02984485964626847,0.02377290441635206,0.7576479625247364,0.18495009758932035
95.473,357.5291422600021,3.645211358968099,7.211663050427436,6.2277309237044145,0.02984722220317966,0.02390858057105905,0.7580690507435702,0.18495009758932035
95.525,357.72907804900024,3.652223647474747,7.218244951301279,6.227670572554373,0.02984883304535961,0.02385273103109514,0.7584426752001239,0.1850966912884111
95.583,357.9290192539993,3.660050398313633,7.225591484771168,6.227598715434551,0.029850936392026756,0.02375873470056212,0.7588128068902743,0.1850966912883667
95.637,358.1292125860018,3.6673354139373338,7.232441415837271,6.227532007056908,0.02985268468890591,0.02367207893397627,0.7591206713662964,0.18521659037937788
95.693,358.329455649,3.675023247795006,7.239679026207104,6.227461748498137,0.02985427464159427,0.023581378297529376,0.7594237879409298,0.1852165903789782
95.749,358.52905960200223,3.682443297528251,7.246669549830509,6.227394013820823,0.02985556196985785,0.023494935779799553,0.7596790950995312,0.18531328618887066
95.801,358.7291047200015,3.6894537258608167,7.253279370583507,6.227315116477667,0.02985406211507535,0.023311822144038458,0.7599050328245556,0.1853132861989515
95.853,358.92913068500275,3.696349335940738,7.259803534413021,6.226883126266373,0.029854345158310282,0.02060410584814852,0.7600230249948128,0.18539439507248012
95.904,359.12926786200114,3.703085719476935,7.2661775925597425,6.22598582903574,0.02985395705828779,0.01457066092493822,0.7601539755926117,0.18539439506759514
95.962,359.32904379700267,3.710324172250412,7.273010571849337,6.224687317282225,0.029854307537699947,0.005085618484014897,0.7604224039482916,0.18545357933983375
96.014,359.529117762002,3.717313163449741,7.279682221611937,6.224594078652928,0.029855558495364167,0.005413054138779968,0.7606338128485117,0.18545357937380658
96.073,359.7290456699993,3.7252608404379592,7.287214820258394,6.22453537819968,0.029856659697969513,0.005404405734520685,0.7608228585846407,0.18552891859551224
96.122,359.92912721200264,3.73186139465406,7.293472275571918,6.224486250016969,0.02985752107690138,0.005398457630927041,0.7609737139409423,0.1855722506656221
96.175,360.12906529700194,3.7389997573902822,7.3002432526850445,6.22443294292157,0.029858393408951522,0.005392913922761368,0.7611279822904009,0.1855722506655777
96.232,360.32910602500124,3.7466757192321456,7.307528275217537,6.224375529334316,0.029859270444505853,0.005387676861289662,0.7612838938660972,0.1856197567676965
96.289,360.52904164600113,3.7544852272363567,7.314943830833076,6.224317083665358,0.029860112927707187,0.00538286186008098,0.7614340032674102,0.18561975676765208
96.343,360.7295505330003,3.761755170949716,7.321851372597087,6.224262701213323,0.029860824335379333,0.005378907300357892,0.7615605259341652,0.1856650093993828
96.399,360.9293184870003,3.769158864560532,7.328888377064168,6.2242073307537975,0.029861529535805828,0.005375057629418345,0.761685947759798,0.1856650093994272
96.449,361.12918151399936,3.7758887525871696,7.335288784948373,6.224157052372562,0.02986209954634401,0.00537198910617901,0.7617868247150695,0.18570524514629483
96.503,361.3290962020001,3.7831563097998626,7.342202176633332,6.224102776050639,0.029862708992271333,0.0053687312804347655,0.7618947015114781,0.18570524514629483
96.562,361.5289621280026,3.791095970567993,7.3497590033235385,6.224043545714523,0.02986330073406826,0.005365597569656818,0.7619988725189556,0.18574065572249943
96.617,361.7292616140003,3.798631190374226,7.356932993685653,6.223987365473647,0.029863842231807276,0.005362739964965076,0.7620941439962202,0.1857406557218777
96.669,361.92956206500094,3.805627590622904,7.363596545597662,6.223935245413479,0.029864302895394993,0.005360320365751317,0.7621749324412226,0.1857717968895667
96.696,362.03708559699953,3.8091255888015185,7.366928533142922,6.223909193365393,0.029864532791401745,0.005359111588145785,0.7622153268987516,0.1857717968896111
96.713,362.1091315779995,3.8114126669766737,7.369107618013137,6.223892169483518,0.029864670936386253,0.005358388349449899,0.7622395007917281,0.1857717968896555
96.761,362.3092793399992,3.817870021043618,7.37526108990074,6.223844121675258,0.029865046008151,0.005356425817185951,0.7623051236439106,0.18579918495706949
96.809,362.50915647500005,3.8243269700150004,7.381415220603599,6.223796094561782,0.029865412489935617,0.0053545033730470525,0.7623694359349755,0.1857991849571583
96.861,362.70913992699934,3.8313215688546025,7.3880839160647405,6.223744105570909,0.02986576941524466,0.005352633337226637,0.7624320038333646,0.18582327335492366
96.91,362.9093444450009,3.8380468068245657,7.394496816380187,6.223694136069096,0.029866103641294224,0.005350873079369728,0.7624909059959665,0.18582327335496807
96.96,363.10913923500266,3.844771784285507,7.400911169850759,6.223644198533569,0.02986640566566118,0.005349275221231376,0.7625443728849786,0.1858444618003663
97.012,363.3092354470027,3.8517668227481794,7.407583303095621,6.223592267962963,0.029866697237093266,0.005347523044871835,0.7626030066252595,0.18584446180116565
97.064,363.5090938220019,3.8586271411236273,7.414128484636308,6.22354136720021,0.029866947230626443,0.005345937720842751,0.7626560774106488,0.1858632160114837
97.109,363.7091047790018,3.8646800377628674,7.419904110834721,6.223496470621654,0.029867160072403604,0.005344571783733368,0.762701802295279,0.1858632160114837
97.158,363.9091216960005,3.8712704966080262,7.426194249483026,6.2234476143898885,0.029867360590086742,0.005343250800542387,0.7627460216901594,0.18588139338979737
97.208,364.10931954800253,3.8781296240327294,7.432741584364273,6.22339677960091,0.029867562924568748,0.005341905083258286,0.7627910680910203,0.18588139338979737
97.26,364.30912728399926,3.8849882950512122,7.439289992875035,6.22334597449774,0.029867736379383874,0.005340717074585787,0.7628308349086118,0.1858975383049355
97.312,364.5091141039993,3.8919811426958977,7.445967254534296,6.22329418808068,0.029867906839879915,0.005339540433773493,0.7628702205726258,0.1858975383049799
97.365,364.7092230540002,3.8991080634038333,7.452773847996938,6.223241431397026,0.029868057253358424,0.005338473364124666,0.7629059382333515,0.1859114664723549
97.415,364.9091580080021,3.9058313076768165,7.459195584892157,6.223191674255384,0.02986819308287292,0.005337504812484389,0.7629383578527764,0.1859114664723549
97.462,365.1091287220006,3.9121508727723002,7.465232663932099,6.223144920420369,0.029868305295619336,0.005336686773424723,0.762965739331423,0.18592349005515096
97.515,365.30913313900237,3.919276954801138,7.472040804714392,6.223092209677909,0.02986842761457398,0.005335797202006325,0.7629955149823778,0.18592349005515096
97.567,365.50921522499993,3.9264027397226227,7.47884960215195,6.2230395172117134,0.02986853577746401,0.005334999565549982,0.7630222136238684,0.1859338777062458
97.619,365.7091737560004,3.9332594114304507,7.4854017911091715,6.222988823699543,0.029868637030568138,0.005334264836404968,0.7630468072937115,0.1859338777062014
97.67,365.9092123360024,3.940115874693336,7.4919538895256155,6.222938140602871,0.02986878311101291,0.005333503586756071,0.7630722602040854,0.18594285459894166
97.721,366.1093113820025,3.9469719562603705,7.498506314569913,6.22288747476321,0.029868936614799717,0.00533279391368823,0.7630960060028218,0.18595097352664958
97.769,366.3093308960015,3.9534245568177293,7.504673767376562,6.2228398014171455,0.02986907265512824,0.005332187224248857,0.763116308778377,0.18595097352664958
97.816,366.5095173350019,3.9597425838496325,7.510713017022977,6.222793129254555,0.02986920241272185,0.005331623215733348,0.7631351844537673,0.18595097352669399
97.858,366.7091853390011,3.965388344874257,7.516110190584419,6.222751432055004,0.029869309471409623,0.005331176364589554,0.7631501397013841,0.18595871275990383
97.9,366.9091219680013,3.9710340250297502,7.521507448810689,6.222709737761559,0.029869417492311215,0.005330729604659551,0.7631650923566299,0.18595871275990383
97.946,367.10920923100275,3.977217242947185,7.527419221289598,6.222664084226682,0.029869523202955682,0.005330315638460697,0.7631789478221785,0.18596519816154178
97.998,367.30928405600207,3.9842068675001814,7.5341022076384485,6.22261247944924,0.029869643027144316,0.005329849686876907,0.7631945436679866,0.1859651981615862
98.043,367.50928817599925,3.9902554547336218,7.53988595724878,6.222567830864421,0.0298697364567526,0.0053295054507640814,0.7632060659509109,0.1859706387822957
98.089,367.7091203210002,3.9964383830806907,7.545798328869957,6.222522192776431,0.029869831111487513,0.005329157966682884,0.7632176971766897,0.1859706387823401
98.134,367.9098377670016,4.002621212940695,7.551710983102526,6.222476561396544,0.029869918221426667,0.00532885072451686,0.7632279816956777,0.1859752199568021
98.167,368.1096312209993,4.0070566768113265,7.555952761623124,6.222443828110338,0.029869978495152605,0.0053286405400343705,0.7632350174660326,0.1859752199568021
98.214,368.30911055899924,4.01337378975557,7.5619942101443876,6.2223972111452115,0.029870061030352814,0.005328355208516862,0.7632445688733268,0.1859752199568021
98.266,368.50924817399937,4.020228439581657,7.568550077140772,6.222346632660283,0.029870142811308342,0.005328081344876637,0.7632537366669719,0.18597908037025768
98.316,368.7091580369997,4.026948615291888,7.574977525054882,6.222297049080665,0.029870218929198392,0.005327825567466631,0.763262299089044,0.18597908037021327
98.36,368.9091901290012,4.032845580199216,7.580616844314916,6.222314166278395,0.029862573738029453,0.004907442259981952,0.7632521657977371,0.18598233329005787
98.407,369.10972399800085,4.039293502185727,7.586783187624215,6.222278595487553,0.029870418318499927,0.004808159226824682,0.7632558838052332,0.18598233328752656
98.452,369.3091227719997,4.045204308671022,7.592436589200328,6.222245990392209,0.029869037893894466,0.004731703654567142,0.7632594649038924,0.18598311144844004
98.501,369.50911055100005,4.051786741831674,7.598732429747192,6.2222095722683655,0.02986809569879648,0.004646395821149273,0.7632633251924581,0.18598311144901736
98.552,369.70912505600063,4.058637807990465,7.605285422944127,6.22217159378536,0.029866599592759762,0.004559005091231835,0.7632669207228717,0.1859837002723186
98.604,369.90939477400025,4.06575745396729,7.612095339264619,6.222132091100355,0.02986681873708189,0.004465622806364761,0.7632701722762636,0.18598370027271827
98.654,370.10942391900244,4.072474037352237,7.618519886732596,6.222094807976002,0.02986703745000111,0.004377660431355864,0.7632727955300567,0.18598480106262194
98.705,370.309097663001,4.079192517190701,7.6249481609589,6.22205171568822,0.029849442795898986,0.004364088798195428,0.7632773957532757,0.18598480106319926
98.758,370.5091633289994,4.086314974942328,7.631761813670037,6.222001142799424,0.029846987350524008,0.004354839677197001,0.763282307036242,0.18598566158325447
98.805,370.7091529370009,4.092630521616913,7.637803241665677,6.221956176258276,0.029854503560205633,0.0043291856328192945,0.7632861953945137,0.18598566158316565
98.85,370.90918311600035,4.098677928783303,7.643588758820755,6.221913098475168,0.029850895638057765,0.0043252203332739434,0.7632900855399126,0.1859869527347957
98.897,371.1091169470019,4.104993354704168,7.64962974666168,6.22186806402097,0.029863427900789576,0.004291088257626553,0.7632932978846044,0.18598695273390753
98.942,371.30916890200024,4.111040362200562,7.655414642660021,6.221824923351127,0.029867216935067574,0.004273732920125359,0.7632964377754144,0.18598828812796953
98.996,371.5092037300019,4.1182969424015425,7.662356764138398,6.221773135842337,0.029869279145531266,0.004257627022629215,0.7633002821505308,0.18598828812801393
99.046,371.70925845999955,4.125016038409996,7.6687849146781355,6.221725177572084,0.029869648490725206,0.004245652944793753,0.7633035720663623,0.18598941446792416
99.097,371.909048370002,4.131869493709067,7.675341661210222,6.221676255234586,0.029870041660447558,0.004233456890470481,0.7633068877484179,0.18598941446801298
99.149,372.1090782179999,4.138857317357989,7.682027101755779,6.221626372128478,0.029870101250323234,0.004221693148498197,0.7633099300204728,0.1859905036408538
99.2,372.30918833100077,4.145710739637724,7.688584008524164,6.221577446730528,0.029870134953974482,0.004210222256439614,0.7633128848431763,0.1859905036408982
99.247,372.50919431299917,4.152160998434486,7.69475529389527,6.221531399474396,0.029870167641853858,0.004199442891002185,0.7633153481358611,0.18599149096183432
99.299,372.7090568519998,4.159014379974211,7.701312306207911,6.2214824736421,0.029870204562421534,0.004187994800712962,0.7633179563233086,0.18599149096183432
99.348,372.909219991001,4.165598981860168,7.707612251490842,6.221435467005031,0.02987024025788925,0.004177006997931623,0.7633201796651065,0.18599236697212085
99.402,373.1091325390007,4.172855463342778,7.714555071635327,6.221383663415583,0.02987028099957508,0.004164900625091239,0.7633226089678379,0.18599236697212085
99.458,373.3091016489998,4.1803806814518865,7.721755107597338,6.221329941760364,0.029870322917148473,0.004152356018336601,0.763324836512807,0.1859931382163449
99.515,373.5091263790018,4.188040258566985,7.729083748096927,6.221275260570942,0.029870366027308005,0.004139590346458377,0.7633270360106352,0.18599313821630048
99.572,373.7095096430021,4.1958341936855845,7.736541018379161,6.2212196202836525,0.029870409153178915,0.004126607494608988,0.7633290686681129,0.1859938161009378
99.629,373.90927667800133,4.203359354102505,7.74374118041933,6.221165898551431,0.0298704500578265,0.004114076243438983,0.7633309144241206,0.18599441156252894
99.687,374.109108042001,4.211153252481999,7.751198530032316,6.221110258083117,0.029870491207799586,0.004101101389353877,0.7633327051530941,0.18599441156252894
99.744,374.30923322700255,4.218947133028559,7.758655925314546,6.2210546176527215,0.029870530478146022,0.004088131587865037,0.7633343358874344,0.18599493437894132
99.802,374.50915205899946,4.226606620787014,7.765984769476432,6.220999936232288,0.029870567354648322,0.004075387258294118,0.7633358833219918,0.1859949343788525
99.86,374.7091068200025,4.234424918851784,7.773517075082466,6.220943831027637,0.029187335598878417,0.005339498800392412,0.7633717301133159,0.1859953932500158
99.917,374.9091210200022,4.242070403197778,7.780804315567537,6.220889011349927,0.02955937404721585,0.00461949214699876,0.7633521078301204,0.18599539324388736
99.974,375.10912854300113,4.249739314029507,7.788161751792405,6.220834156153295,0.029305809216776578,0.00508720949596595,0.7633666199614527,0.1859979713761284
100.03,375.309174410002,4.257269117635947,7.795376874763718,6.220781169288201,0.029173565870514458,0.005319667715392908,0.7633737926004269,0.18599972843400536
100.089,375.50909658599994,4.265195200029671,7.802956699969226,6.220724856782199,0.029232675681511538,0.005196438298713622,0.7633702429248298,0.18599972843205137
100.143,375.7091011820012,4.272446784519203,7.8098854327562135,6.220673091337422,0.029365199713707775,0.004938201297954319,0.7633621726550581,0.18599819303877219
100.195,375.90917256600005,4.279435729982008,7.8165758453310605,6.2206234229034685,0.029326586911098868,0.004997708450970906,0.7633632825434776,0.1859981930388166
100.247,376.1091183000026,4.286423374788652,7.823262272345323,6.220573570671742,0.029325047312297275,0.004989152379563592,0.7633628115638437,0.18599951998630182
100.302,376.30912194600023,4.29381432826715,7.830335011389147,6.220520834265594,0.029318432595774185,0.004989288237382017,0.7633626409229861,0.18599951998696795
100.359,376.5091807030003,4.301474041184992,7.837664946580788,6.220466171831793,0.02931158345320211,0.004989369178957993,0.763362515802863,0.18599966053947092
100.415,376.70930960400074,4.308999371800258,7.844866284664018,6.220412463714833,0.029304856277268025,0.004989415529650002,0.763362398745715,0.18599966053951533
100.474,376.90907339000114,4.316927843938522,7.852453410204099,6.22035587580247,0.029297768290392733,0.004989443883112015,0.763362296205229,0.18599972907602513
100.531,377.10912604199984,4.324548232786342,7.859751822122019,6.220301592384165,0.029210735734382758,0.0051384030044231074,0.7633665626383755,0.18399976452814215
100.59,377.3092879329997,4.3323948626063435,7.867267881626368,6.220245714362031,0.02910842880380792,0.005315338200221502,0.7633716348509831,0.18399976452809774
100.646,377.5091447390005,4.339839579721599,7.874392679306036,6.220192588336345,0.02909327849598451,0.005331109625934405,0.7633717828393299,0.1839990278617254
100.703,377.7091865170005,4.347545082569105,7.881760297819352,6.220137482780728,0.029155215459187575,0.005203214355437912,0.763372519838924,0.1839990278617254
100.762,377.9090712040015,4.3552475091497955,7.88903762264977,6.220080832356863,0.029134521590284082,0.005217215740651153,0.7639544471045205,0.18244967068157258
100.82,378.1094377010013,4.362954834582909,7.896302882841316,6.220023854488316,0.029200721890721506,0.005069260281766149,0.7645592901551758,0.18244967068157258
100.881,378.3090898779992,4.371054230489557,7.903956129982166,6.219964298370446,0.02925741147947295,0.004938196633086912,0.7651727370312479,0.1825330015897908
100.939,378.50909510199926,4.378807188726547,7.911302420772173,6.219907648175636,0.029252297043847724,0.004924017284351788,0.765712938176663,0.18469791172317507
100.998,378.70916570199915,4.386720648672846,7.918813084203505,6.219850040499769,0.029247145898669308,0.004909987215925791,0.7662370616165793,0.18469791172321948
101.055,378.90958218000014,4.3944958148216635,7.926211290051992,6.219793770552677,0.029241958753188114,0.004897660674156299,0.7666929116576261,0.18485721890697526
101.114,379.1091495690016,4.402267471465396,7.933615867662668,6.21973769566912,0.029236777041190515,0.004885670947549785,0.7671331484835937,0.18485721890693085
101.173,379.30912417199943,4.410169544636205,7.94115943646336,6.2196809391629175,0.029231383686867455,0.004874615268037119,0.7675375591310416,0.18499599587840088
101.231,379.5091027870003,4.417934518205388,7.9485828120388495,6.2196253549450295,0.029226018112454313,0.004864400571035188,0.7679102812551094,0.1851177231855683
101.291,379.7091944870008,4.425964239825013,7.95626951387451,6.2195680551488906,0.029220400535191537,0.00485447740833046,0.7682718247628105,0.1851177231856571
101.347,379.90920430900223,4.433455913138547,7.963452501199472,6.219514794770614,0.029215049042317833,0.004846129334761431,0.7685757237177027,0.18522465301122892
101.396,380.109118741002,4.440009311977973,7.969740616836789,6.219468287748721,0.029210355484886426,0.004838995320993226,0.7688352828943228,0.18522465301127333
101.447,380.30924526500166,4.446828263984643,7.976292575186087,6.21942005568108,0.02920537086091297,0.004832378875155624,0.7690759408659421,0.18531860673478562
101.5,380.5094290199995,4.454046599611551,7.983232330298823,6.219369069298622,0.029200092821579492,0.004825464019938573,0.7693273898089219,0.18531860673478562
101.546,380.70932621999964,4.460060372784471,7.989021474560805,6.2193267230281535,0.029195608319719235,0.004820398523104994,0.7695115639806149,0.18540116335805656
101.597,380.9090695590021,4.46687469270095,7.995583837783153,6.219278784308915,0.029190535903555945,0.004814656360899578,0.769720316918375,0.18540116335805656
101.652,381.1092211460018,4.474221769690671,8.002667091022621,6.2192272356735385,0.02918498226694032,0.004809158373360617,0.7699201763882864,0.1854737051693256
101.707,381.30936061399916,4.481564643147739,8.00975880467139,6.219171892844725,0.02913729195557624,0.004853222975785307,0.7701158727659152,0.1854737051693256
101.764,381.50913793899963,4.489177653378437,8.017116687185606,6.219114118658265,0.029033552564324293,0.004996613117668173,0.7703021671395754,0.1855374288313616
101.81,381.70919532900007,4.495324673788683,8.023071823594899,6.21906476709894,0.028798115951445945,0.005373008779095868,0.770458401811494,0.18553742883122837
101.869,381.9091302600027,4.503202733616286,8.03075975950607,6.218992907721133,0.028148687717817443,0.006433029002610977,0.7706593891547338,0.18559402381654877
101.927,382.1090822520018,4.510924470013432,8.03832066335444,6.218917120143013,0.02758113674635025,0.007302755022789142,0.7708504615824469,0.1856489192149091
101.987,382.3091207230027,4.518893087171671,8.046094142182374,6.218847779836318,0.02750367594804296,0.007323950054317669,0.771011191933118,0.1856489192058941
102.044,382.50911983100013,4.526403410033841,8.053386647007637,6.2185232865531725,0.027510642802485885,0.005350082994953264,0.7711045160994295,0.1857030451471786
102.102,382.70913432499947,4.534241103569794,8.060994582971825,6.218387487396336,0.02751134231792555,0.00476630910963483,0.7712223792368414,0.1857030451621
102.161,382.90907448600046,4.54197677039366,8.068495925014632,6.218337131904518,0.02751191621673082,0.004766593744538809,0.7713244817897912,0.1857425203660057
102.215,383.10919673600074,4.549178186566651,8.075481063654303,6.218289710716435,0.02751241331934071,0.00476568685046262,0.7714169563839525,0.18574252036596128
102.274,383.30915203300174,4.5570456346659975,8.083115113870228,6.218237593660758,0.027512903828812715,0.004764143036761625,0.7715099981330159,0.18576923936741707
102.333,383.50908458900085,4.564912342370275,8.090750931731325,6.218185311568851,0.027513358579633343,0.004762306577521794,0.7715971478845608,0.1857961428683108
102.392,383.7090911760024,4.572778384682951,8.098388293607405,6.218132952837197,0.027513786097703396,0.00476035549296073,0.771679329042057,0.1857961428682664
102.45,383.9091215490007,4.580510483649795,8.105898289953332,6.218081465969987,0.02751416584370879,0.0047585275241143,0.7717519104273761,0.18582064806103027
102.504,384.109144086,4.587708844178431,8.112891181509402,6.218033522115329,0.02751451010232765,0.0047568083994740905,0.7718176374789002,0.18582064806103027
102.563,384.30905100699965,4.595573196407797,8.12053355646644,6.217981162846026,0.02751484680908302,0.004755114407919749,0.771881214542269,0.18584227540614506
102.614,384.50916334499925,4.602370798630033,8.1271403829545,6.217935913218919,0.027515129588971312,0.004753676082213946,0.7719344804652385,0.18584227540605625
102.668,384.70920151099926,4.609567879757787,8.13413716172296,6.217888025492178,0.027515403744673397,0.004752285074375917,0.7719856515209769,0.18586128634292542
102.723,384.9091002339992,4.6168978661325655,8.141264338896864,6.217839268521664,0.0275156703425684,0.0047509300717867055,0.7720352564346924,0.18587799513980485
102.782,385.1091116259995,4.62476055557598,8.148910968802864,6.2177869892334074,0.027515935983213592,0.0047495830694371,0.7720844250290827,0.18587799513980485
102.839,385.3092773030003,4.632489607903335,8.15642906858693,6.217735619668664,0.027516176980241842,0.004748363968558475,0.7721288440954511,0.18589268185564833
102.9,385.50913462800236,4.6404848338667195,8.164207118208846,6.217682496335274,0.02751641468847134,0.004747155348908191,0.7721728232508831,0.18589268185564833
102.958,385.70940184600113,4.648346474588247,8.17185678214548,6.217630285045206,0.027516621371334756,0.004746106922430469,0.7722109569964428,0.185905592003488
103.015,385.90913516,4.655808159167919,8.179117991315715,6.217580740801806,0.027516809922478742,0.004745138260945267,0.772246179634751,0.1859055920034436
103.075,386.10917330600205,4.663803057092747,8.186898967758333,6.217527675718668,0.027516976928977675,0.0047441505355365335,0.7722820911347075,0.18591694312766194
103.132,386.3090924169992,4.671398488885006,8.194291769242026,6.2174772787180945,0.027517101650951396,0.004743222151247684,0.7723158259905057,0.1859270796746859
103.192,386.5095685490014,4.6795265929821666,8.202203955627454,6.217423361706033,0.027517221624857178,0.004742287751474757,0.7723497787559505,0.1859270796745971
103.25,386.70914206499947,4.687121342312504,8.209598099220653,6.217373000577195,0.027517314034520134,0.004741516336585868,0.772377809024064,0.18593696769846346
103.307,386.90914079600043,4.694715852054714,8.216992600744817,6.217322649843568,0.027517400364600916,0.004740772249095518,0.7724048457952281,0.18593696769846346
103.366,387.10905905000254,4.70257651514453,8.224647276885973,6.217270550453889,0.02751747255059461,0.004740097466050895,0.7724293641741358,0.18594557818105706
103.423,387.3093730770015,4.710303719065115,8.232172592455285,6.217219344453853,0.02751753731349718,0.004739469829616275,0.7724521691542229,0.18595299723012104
103.482,387.5091034500001,4.718030690506122,8.239698368677132,6.217168150235036,0.027517593315194756,0.0047388966297219155,0.7724729960251647,0.18595299723007663
103.539,387.70910282300247,4.725624223232674,8.247094818664545,6.217117849565598,0.02751764079051002,0.004738384317562677,0.7724916104525666,0.18595940083989682
103.599,387.9090646670011,4.733617237603079,8.25488084685369,6.217064909246572,0.027517688130876315,0.004737871787380876,0.7725102327185346,0.18595940083989682
103.657,388.1090975799998,4.741343603037088,8.262407825092854,6.2170137454365015,0.027517725289841862,0.004737441278253293,0.7725258750988141,0.1859649318574519
103.715,388.3090854590009,4.749069828722198,8.26993500079449,6.21696258717278,0.027517763213944692,0.004737025921453776,0.7725409676957601,0.18596493185683016
103.774,388.50911728400024,4.756929133941158,8.27759198444342,6.216910556658374,0.027517841885209726,0.004736598111575725,0.7725564823953829,0.18596971072524227
103.832,388.7091028750001,4.764654955538979,8.285119406262089,6.216859421657274,0.027517940914223785,0.004736211272201916,0.7725705304384923,0.18597406338112243
103.891,388.9091205120021,4.772513852126891,8.292776881432722,6.216807411440048,0.02751804024919229,0.004735846377903343,0.7725837834844486,0.18597406338183298
103.95,389.1090749239993,4.780372608361187,8.300434731693466,6.216755409508174,0.027518134138318294,0.00473552931682673,0.7725953006236435,0.1859781439429664
104.007,389.309151286001,4.787964871369565,8.30783316073526,6.216705174160651,0.02751822431080065,0.004735237461668587,0.7726059032906746,0.1859781439423891
104.065,389.50916155100276,4.7956902179643786,8.315361709481047,6.216654064224395,0.027518310038462567,0.004734983154049079,0.7726151427218249,0.185981580612804
104.123,389.70909779499925,4.803415481231521,8.322890416923526,6.216602957593589,0.027518393812802088,0.004734744145528511,0.7726238269922642,0.18598446862645446
104.183,389.90906218999953,4.811407044519604,8.330678949305469,6.216550092922234,0.027518476068677435,0.004734522694543361,0.7726318739434517,0.18598446862645446
104.241,390.1091069899994,4.819132142627701,8.338208057258393,6.216498994173151,0.027518550948080867,0.004734331946881754,0.7726388057379927,0.18598689849587124
104.3,390.3092095739994,4.8269903701784544,8.345867091402845,6.216447016490591,0.027518623986732244,0.004734148671910687,0.77264546633706,0.18598689849587124
104.358,390.5090748340008,4.834715334492284,8.353396519551318,6.216395923726771,0.027518689100690354,0.004733996433577964,0.7726509994767755,0.18598894324872717
104.416,390.709179204001,4.84244024993894,8.360926028417213,6.216344832348812,0.027518750555397806,0.004733850992082826,0.7726562857250365,0.18598894324877158
104.473,390.90931416400053,4.850165108435318,8.368455676123682,6.216293743609366,0.027518805688446404,0.004733723558949643,0.7726609176984246,0.1859906636133779
104.53,391.1094293080023,4.8577566828117655,8.375855580283739,6.216243543065395,0.02751882999372851,0.004733613998629771,0.7726648994891534,0.1859921099612194
104.587,391.3091955730015,4.865348153459619,8.383255545689025,6.216193351912625,0.027518813714784318,0.004733520582808645,0.7726682977923401,0.18599210996108617
104.647,391.50913896199927,4.873205969529917,8.390915261980172,6.216141401027308,0.027518791397035385,0.004733434843529744,0.7726714167678252,0.18599325487689278
104.704,391.70962298000086,4.880930581269377,8.398445202367048,6.2160903310381785,0.027518766045088985,0.0047333542693809945,0.7726743475570995,0.1859932548769372
104.761,391.9090746380025,4.888521992994975,8.405845406546952,6.216040142484237,0.02751873742460813,0.004733285026456001,0.7726768662438951,0.18599415695788046
104.819,392.1090691770005,4.896113387419895,8.41324565002657,6.215989953990332,0.02751870697991688,0.004733218608649418,0.7726792819623023,0.18599415695792487
104.878,392.3091652050025,4.903971131027624,8.42090561487013,6.215938004851024,0.027518673607653425,0.00473315634370578,0.7726815465885741,0.18599493663820077
104.936,392.5091601050008,4.911695677681943,8.428435800897374,6.215886936352577,0.027518639886419692,0.004733099985025529,0.7726835963073625,0.18599561395622466
104.995,392.70907680000164,4.919553392266028,8.436095855809963,6.215834987282334,0.027518605624330145,0.0047330458542370595,0.7726855648667073,0.18599561395622466
105.052,392.9091023229994,4.92714473194089,8.443496304915604,6.215784799463756,0.027518572661044956,0.004732999743174007,0.7726872418132195,0.18599620210468792
105.11,393.1093660059996,4.934869241213111,8.451026610624325,6.215733730943239,0.02751854070856094,0.004732954438013075,0.7726888894760761,0.18599620210464352
105.169,393.3091120300014,4.9427269214792755,8.458686798215197,6.215681782186455,0.02751851006076329,0.004732913650923932,0.7726903733950566,0.1859967129798079
105.225,393.5090912930027,4.950185060727544,8.465957526385356,6.215632481355347,0.027518508448962975,0.004732877420557111,0.7726916630404271,0.18599715673564
105.283,393.70911281600274,4.957909558868585,8.473487971793038,6.215581426787179,0.027518535598268928,0.0047328457164312375,0.7726928081583122,0.18599715673750516
105.341,393.90908735999983,4.965634048745591,8.481018444902308,6.215530372127534,0.0275185654090642,0.004732816892136025,0.7726938495679376,0.1859975232161748
105.399,394.10909755600005,4.973358531259089,8.488548934592119,6.215479317026631,0.027518597591286442,0.004732789447745416,0.7726948431052677,0.1859975232162192
105.447,394.2847743839993,4.979751200911308,8.494781086927429,6.21543706428134,0.02751862535693501,0.004732769408272458,0.7726955694954734,0.18599782103749796
105.487,394.41874970500066,4.9850784222507025,8.499974551665158,6.215401853252114,0.027518649348494836,0.0047327528643104745,0.772696169843826,0.18599782103749796
105.542,394.61878811800125,4.992403346458491,8.507115584340376,6.2153534376395045,0.027518682969403154,0.0047327322166424894,0.7726969198023572,0.18599808172430343
105.601,394.81875204800235,5.0002609863810585,8.514775976065351,6.215301500052059,0.02751871973661573,0.004732710923711682,0.7726976939694022,0.18599808172434784
105.658,395.01875780200135,5.007852259684596,8.522176715375943,6.215251322387816,0.027518755181384545,0.004732692916952435,0.772698349303542,0.18599830997629851
105.717,395.21868410500247,5.015709887850936,8.529837139201758,6.21519938317091,0.02751879162871006,0.004732674993762471,0.7726990020839124,0.18599830997629851
105.775,395.41868685600275,5.023567510515672,8.537497578662519,6.215147443111808,0.027518827159360673,0.004732658795614107,0.7726995925217186,0.18599850912708327
105.831,395.618730391001,5.030892408254704,8.54463867694748,6.215099023621349,0.02751885909975273,0.004732644771694962,0.7727001040411543,0.1859986825154536
105.885,395.8187095480025,5.038084121880645,8.551649945855807,6.215051483756526,0.02751888898129043,0.004732631888754922,0.7727005741879632,0.18599868251536478
105.937,396.0187295970027,5.045009471895381,8.558401547853377,6.215005704019861,0.02751891598558715,0.004732620575624171,0.7727009873425961,0.1859988332716167
105.995,396.2186991000017,5.0527338966843915,8.56593218723031,6.214954641297041,0.027518943775560564,0.00473260854194469,0.7727014272653381,0.1859988332716167
106.05,396.41873757800204,5.060058778359248,8.573073321461004,6.214906219252718,0.027518967251961415,0.004732598383054835,0.772701798435557,0.1859989643092419
106.106,396.61873550100063,5.067516839476121,8.580344301355648,6.214856920158812,0.027518973283684054,0.0047325879567275625,0.7727021749035191,0.18599896430795404
106.164,396.81875443800163,5.0752412644767855,8.587874975754875,6.21480586945901,0.02751893950775776,0.004732577830581382,0.7727025473897581,0.18599907835818996
106.221,397.0187292530027,5.082832507159368,8.59527581616059,6.2147556984189425,0.02751890323052312,0.004732568177996394,0.7727029018276488,0.18599918492188117
106.277,397.2187631119996,5.090290567355769,8.602546824046247,6.214706406980328,0.027518865332443163,0.0047325593615143964,0.7727032251824325,0.18599918492188117
106.332,397.41879399000027,5.097615445452298,8.609687998112152,6.214657995071686,0.027518826609347947,0.0047325512061689055,0.7727035239933129,0.185999284112226
106.389,397.6187402140022,5.10520668055411,8.617088855927383,6.214607821938629,0.02751878557668196,0.004732543122583083,0.7727038199011435,0.18599928411164868
106.445,397.8187429089994,5.1126647335153494,8.624359880229155,6.214558528247064,0.02751874493156819,0.004732535853369014,0.7727040858696154,0.18599937283880763
106.503,398.01872663700124,5.1203891437374836,8.63189058684463,6.214507473143731,0.027518703227649502,0.004732528429643996,0.7727043572478194,0.1859993728387188
106.56,398.218800431001,5.127980371536683,8.639291459758542,6.214457297462876,0.02751866313091889,0.00473252193251561,0.7727045947208347,0.18599945260788786
106.617,398.4187477910018,5.13570477699479,8.646822175190396,6.214406240584291,0.027518623974491983,0.004732515457089905,0.7727048312939142,0.18599945260788786
106.675,398.61870527000065,5.143296000708998,8.654223054920664,6.214356063164586,0.027518587648473827,0.004732509611649293,0.7727050449838105,0.18599952462259317
106.731,398.8187500810018,5.1507555301581265,8.661475370711788,6.21430642447567,0.02751917687315564,0.0047288847669535745,0.7728367365586242,0.18538131692102944
106.789,399.0187798799998,5.158488153255622,8.668965916872931,6.214254522046153,0.027520495367797645,0.004721072643021842,0.7731205183427512,0.18538131692298343
106.845,399.2188195070012,5.165949492756105,8.676195824659693,6.214204484558774,0.02752186728846748,0.004713238385089877,0.7734051027991792,0.18542246245107918
106.904,399.41873323000254,5.173808178814186,8.6838163741294,6.214151873705386,0.027523282407025243,0.004705169376818888,0.7736982004516354,0.18542246245174532
106.96,399.6189890179994,5.1812642959388935,8.691057943077354,6.214102143843298,0.02752443347408717,0.0046986408150661635,0.7739353349897223,0.18551164269666742
107.018,399.81910538900047,5.189117687040622,8.698691296554646,6.2140498607210475,0.027525589480152043,0.004692099380588539,0.7741729288733026,0.18551164269635656
107.077,400.0187353100009,5.196835621981745,8.706201323424741,6.213998614993379,0.027526597401189762,0.004686424864002078,0.7743790284504714,0.18559028938227584
107.135,400.21873058799974,5.204551549064414,8.713715962631293,6.213947489162786,0.02752751506938628,0.0046812804098444755,0.774565870557677,0.18565565009058815
107.189,400.4188357250023,5.21173382273538,8.720715586943838,6.213899975650845,0.02752830977334703,0.004676839123253983,0.7747271701491647,0.18565565009054374
107.24,400.619337903001,5.218515606411232,8.72733030873467,6.21385519923131,0.02752897299016573,0.004673154423139042,0.7748609889511944,0.18571040762855873
107.286,400.81876563900005,5.224764593372074,8.733427837201141,6.213813980437753,0.02752955873407762,0.004669903190883996,0.7749790631601285,0.185710407627937
107.335,401.01875622100124,5.231145467930344,8.739657993540444,6.213771955515003,0.02753009234128564,0.0046669565027662365,0.7750860755665341,0.1857564281215751
107.386,401.21870459899947,5.237924256216847,8.746279183055726,6.213727350385615,0.02753062926740039,0.004663992927493409,0.7751936995883795,0.1857564281215751
107.435,401.41874182000174,5.244436249956729,8.752643193747558,6.213684556020047,0.027531089707221287,0.004661461225855351,0.7752856385292615,0.18579511676235505
107.486,401.6187445140022,5.251213287340755,8.759268394189968,6.213640054738027,0.0275315416969376,0.00465897268043453,0.7753760089931382,0.18579511676168892
107.537,401.8188156690012,5.257989420647475,8.76589578060159,6.21359560919375,0.02753194188426027,0.004656769839930687,0.7754560033318093,0.1858275845949553
107.591,402.0188306170021,5.2651615249863175,8.77291369558478,6.213548627858737,0.027532263027123298,0.004654763141239406,0.7755288736416173,0.18582758459686488
107.648,402.21877233000123,5.272731157491648,8.780323732552477,6.213499095409677,0.02753253451582938,0.0046529589614244735,0.7755943920118289,0.18585445110081977
107.704,402.41888600400125,5.280167546145678,8.787604712592467,6.213450456644983,0.027532786591317613,0.004651254648575361,0.7756562827015432,0.18585445110073096
107.763,402.6186831990017,5.288001913341817,8.795277856862894,6.213399254952917,0.027533009475974035,0.0046496963354170865,0.7757128710769079,0.18587462595327509
107.819,402.8191860040024,5.295570315343492,8.80269179043228,6.213349811522802,0.027533211328321434,0.004648259544252352,0.7757650457756537,0.1858746259533195
107.879,403.0187504070018,5.303403926235154,8.81036724118383,6.213298662708154,0.02753339496048827,0.004646914750568653,0.77581387930918,0.1858918193065051
107.936,403.21872412599987,5.3109716687667206,8.8177836224762,6.213249272316196,0.02753355331428873,0.0046457250272822345,0.7758570813251335,0.1859066765637074
107.994,403.41873816000225,5.318671881156375,8.825330922396873,6.213199034371516,0.02753370269993411,0.004644584421066694,0.7758984993611001,0.18590667656379622
108.051,403.6189618169992,5.326371828277928,8.832879481763293,6.213148822089432,0.027533829559677876,0.004643581553685101,0.7759349155375964,0.18591949678281594
108.11,403.8188448100009,5.334071515003432,8.840428593220711,6.213098623803851,0.02753395105658779,0.0046426185050761236,0.7759698855056537,0.18591949678290476
108.169,404.01902434899966,5.3420364772516375,8.848239118456721,6.213046716883439,0.02753405874959264,0.004641741628484468,0.7760017265041498,0.1859305533586486
108.226,404.21875847400224,5.349470237463865,8.855529539271762,6.21299828417343,0.027534153356112784,0.004640975518620151,0.7760295454969313,0.18594008295496067
108.285,404.4187777650004,5.357302294589657,8.86321166013504,6.212947283055518,0.027534275034606148,0.004640274061769023,0.776054989486951,0.18594008295789166
108.343,404.61866940099935,5.365001435213726,8.870764443086362,6.212897167859752,0.02753439764795448,0.00463968227399316,0.7760764683624999,0.1859481898922155
108.401,404.81886261600084,5.3727004159596765,8.87831754705976,6.212847060776428,0.02753451914804926,0.004639115095397172,0.7760970565835242,0.1859481898922155
108.457,405.0187746750016,5.380133765582418,8.885610781262907,6.212798693578622,0.027534627504026316,0.004638634511981029,0.7761145028391659,0.18595452633327625
108.514,405.21880221800166,5.387699721412151,8.893034473660784,6.212749468337754,0.027534737373245768,0.00463815892534455,0.7761317691140099,0.18595452633336507
108.574,405.4187006350003,5.395663747714253,8.900849335468417,6.212697661633203,0.0275348464445007,0.004637706389813607,0.7761481995489986,0.18596001794177752
108.631,405.61880325400125,5.403229451348051,8.908273753589514,6.212648451786786,0.027534946398292612,0.0046373039044498385,0.7761628135803008,0.1859648466814967
108.69,405.8187371080021,5.411060505171363,8.915958956443966,6.212597521216453,0.027535046031589853,0.004636912849369145,0.7761770132449448,0.1859648466814079
108.746,406.01872459600054,5.418493266752254,8.923253722459558,6.212549187047883,0.027535134504809225,0.004636577780796901,0.776189180499695,0.1859690901996558
108.801,406.21889786500105,5.425925939896906,8.930548639582693,6.212500856260471,0.02753522090259693,0.0046362523010387135,0.7762009999107972,0.18596909019956698
108.861,406.4186880039997,5.433756697606062,8.938234713208177,6.2124499431588855,0.027535304083914223,0.004635950202700521,0.7762119707184872,0.18597281808991895
108.919,406.6187383780016,5.441454646392238,8.94579069142762,6.212399896682622,0.027535382001390864,0.004635667536040272,0.7762222360945481,0.18597281808991895
108.978,406.81874970699937,5.449285239270763,8.953477232189659,6.2123489927653095,0.027535453889220532,0.004635412239507166,0.776231507857348,0.18597701459421856
109.036,407.0187621549994,5.456983039801017,8.961033644652016,6.212298954752784,0.027535520082043404,0.004635173772374263,0.7762401688857503,0.18597890771729908
109.096,407.21874013900015,5.464946218928373,8.968850749448842,6.212247193937885,0.027535584112579402,0.004634935052641267,0.7762488385970105,0.18597890771729908
109.151,407.41872493100163,5.472245847517225,8.97601668497108,6.212199754471725,0.027535616449505643,0.0046347298693807494,0.776256287240067,0.18598138543000076
109.206,407.6187998000023,5.479545554934104,8.983182760760137,6.212152322299947,0.02753561871752911,0.004634517439299399,0.7762640041072048,0.18598138543008957
109.264,407.8186901330009,5.487243338336295,8.990739910482343,6.212102307501249,0.027535613798963725,0.0046343190920661,0.7762712093306458,0.18598370668678754
109.316,408.01880072300264,5.494144744541179,8.99751537084629,6.21205746857495,0.027535606301449158,0.004634148127415822,0.7762774194388499,0.18598370668678754
109.373,408.2187177240012,5.5017096777158585,9.004942466113647,6.212008321379144,0.027535593479315643,0.004633979496580463,0.7762835446338826,0.1859859181863044
109.426,408.418709460002,5.508743685208848,9.011848457251055,6.211962625033181,0.027535579082941512,0.004633832680005723,0.7762888772810934,0.1859878369790735
109.483,408.618683773002,5.516308506707867,9.019275760384165,6.211913481915181,0.027535561320387397,0.0046336868212587,0.7762941750098933,0.18598783697845178
109.538,408.8187436070002,5.5236078428931625,9.026442562786295,6.211866065109956,0.027535542350348923,0.0046335588586937475,0.7762988226496894,0.18598949337249593
109.597,409.0186964150016,5.531570709940089,9.034260966229068,6.211814338844867,0.02753552153734831,0.004633425955442657,0.776303649596077,0.18598949337258475
109.656,409.2187163109993,5.5392680924723825,9.041818879698651,6.211764339025668,0.027535500286240612,0.0046333139219161415,0.7763077186040482,0.18599092539375306
109.711,409.41885484500017,5.546567301870546,9.048985913043241,6.211716925985349,0.027535481631989305,0.004633210990467222,0.7763114570582889,0.18599092539375306
109.767,409.6186983740008,5.553999182385584,9.05628334605014,6.2116686524472735,0.027535463293812634,0.004633118010023764,0.7763148345825757,0.18599216450558842
109.825,409.81872842400116,5.561696453309495,9.063841453511031,6.211618655842169,0.027535447928549058,0.004633026730126803,0.7763181518734936,0.18599323756207653
109.883,410.01867418000256,5.569526397944569,9.071529839692783,6.211567808028446,0.02753549331087827,0.004632927223081591,0.776321732799511,0.18599323756278707
109.942,410.2188016600012,5.577223579838441,9.079088006302047,6.211517824330268,0.027535542020194387,0.004632843008734729,0.7763247843681466,0.18599422549314681
110.001,410.4187565600005,5.585053445349903,9.08677653359847,6.211466979255959,0.02753559407755053,0.004632761625182802,0.7763277363421437,0.18599422549243627
110.059,410.61876641100025,5.592750568989546,9.094334841292557,6.211416997192757,0.027535645519483013,0.004632694354566255,0.7763301774659146,0.18599513336079454
110.114,410.8187778579995,5.6000495463588935,9.101502233668837,6.211369600335677,0.027535695460775,0.004632633060074481,0.7763324026936299,0.18599513336079454
110.169,411.0187892950016,5.6073485015819315,9.108669686012066,6.2113222039243245,0.027535745053698005,0.004632579555191826,0.7763343458367593,0.18599589735774913
110.222,411.2187751780002,5.614382023997369,9.115576536061834,6.211276530913839,0.027535792673328778,0.004632531316763939,0.7763360982745433,0.18599653788724524
110.274,411.41900284400253,5.621415530224827,9.122483426347264,6.211230857940069,0.027535839333130526,0.004632488078476623,0.776337669561781,0.18599653788724524
110.327,411.6191774500003,5.628449021996336,9.129390347826682,6.211185184824287,0.027535884783462278,0.004632448420417642,0.7763391111531336,0.18599707505497776
110.384,411.8188952260025,5.635880621709319,9.136688258081767,6.2111369262266845,0.02753593099881641,0.004632410172439064,0.7763405018755422,0.18599707505506657
110.44,412.0188282599993,5.643312206791009,9.14398620272405,6.211088667496707,0.027535974711029566,0.00463237624584486,0.7763417358496743,0.18599752514107948
110.496,412.21873433200017,5.650743780543036,9.15128416672802,6.211040408376219,0.02753601575156296,0.004632344268027978,0.7763428991207142,0.18599752514107948
110.55,412.4187463650014,5.657909927802447,9.158321522113932,6.210993872817899,0.027536051711171718,0.004632317977986311,0.7763438557661856,0.18599790163733587
110.604,412.6189236909995,5.665076054313619,9.165358884102952,6.210947340797756,0.02753606565526901,0.004632293561836424,0.7763447437438269,0.18599790163920105
110.659,412.81888783400063,5.672374861472697,9.172526591366298,6.210899954677049,0.02753603871208707,0.004632273988890144,0.7763454586044598,0.18599821586144927
110.715,413.0187353580004,5.679806369670471,9.17982463106165,6.210851706531457,0.027536007785577212,0.004632254664074197,0.7763461640392929,0.18599821586153809
110.768,413.21877923099964,5.686839757863219,9.186731722936711,6.21080604272008,0.02753597568335246,0.004632238286741669,0.7763467618846929,0.18599845632252254
110.821,413.4187196130006,5.693873142606248,9.19363882475629,6.210760378341937,0.027535941569716324,0.0046322226394034886,0.7763473329190859,0.18599865418664763
110.874,413.61871326000255,5.7009065243728845,9.200545939798738,6.210714713405051,0.027535905867758465,0.004632208260966435,0.7763478576102061,0.18599865418673645
110.928,413.8187276460012,5.708072608415698,9.207583388132935,6.2106681862185935,0.027535868449766424,0.0046321944842123,0.7763483602461958,0.18599882746386243
110.983,414.01906142000007,5.7155041000602305,9.214881493072442,6.210619935090955,0.027535829096361323,0.0046321810977754925,0.7763488485419462,0.1859988274636848
111.037,414.218730296001,5.7225374734767716,9.221788638971438,6.21057426820371,0.027535791821195022,0.004632169470375371,0.7763492726228839,0.18599897986284475
111.092,414.41874013800043,5.729836254654785,9.228956438339148,6.210526877323279,0.027535753746320436,0.004632157855168879,0.7763496961283246,0.18599897986284475
111.149,414.6189689870007,5.737400443580443,9.236384896848982,6.210477762489284,0.027535715388438926,0.004632147056664759,0.7763500898893625,0.18599911416314896
111.205,414.8191117960014,5.744964629983876,9.243813360161601,6.210428646943781,0.02753567893960755,0.004632136526896933,0.7763504739057043,0.18599911416306014
111.261,415.0187262090003,5.752263404086224,9.250981186518269,6.2103812543093655,0.02753564620966502,0.004632127542982418,0.7763508019870159,0.18599923276463315
111.318,415.21873886400135,5.759827590341397,9.25840967058884,6.210332145481198,0.027535644930744115,0.004632118015340097,0.7763511172095849,0.18599923276747532
111.377,415.4187920149998,5.767657187959502,9.266098814380221,6.210281318743903,0.027535669257585525,0.004632109981147344,0.7763514019259347,0.18599933756258125
111.435,415.61875259299995,5.775354078509028,9.273657640350503,6.210231352876403,0.027535696179286216,0.0046321028335802985,0.7763516570883748,0.18599942442882877
111.491,415.81867803299974,5.782785557317143,9.28095582215824,6.210183109239968,0.02753572447535881,0.00463209647156551,0.7763518856158393,0.18599942442882877
111.546,416.0188866259996,5.790217034310531,9.288254010491904,6.210134864816167,0.027535754510508145,0.004632090904736025,0.7763520865381225,0.18599949668267612
111.604,416.21880601700104,5.7977812147423755,9.295682526863793,6.210085757937427,0.027535786489839138,0.004632085539152885,0.7763522811079855,0.18599949668267612
111.661,416.41873456900066,5.805345393419737,9.303111049409157,6.2100366501032385,0.027535819345027964,0.004632080955281633,0.7763524480398923,0.18599955773339616
111.716,416.6190334910025,5.812776865790441,9.310409249729089,6.20998840278742,0.027535852109067983,0.0046320767202407374,0.7763526028486596,0.18599955773277443
111.775,416.81872177699915,5.820473746314799,9.317968104355385,6.209938431296125,0.027535886034546524,0.004632072867279494,0.7763527442599883,0.1859996089903504
111.828,417.0188124160013,5.827507101344781,9.324875336315728,6.2098927667347015,0.027535916644741695,0.004632069664591151,0.7763528622248616,0.18599965169725508
111.882,417.21872093300044,5.834673159877906,9.33191289589831,6.209846239652283,0.02753594705621574,0.004632066714010108,0.7763529712807122,0.1859996516978768
111.936,417.4187888000015,5.841839217033592,9.33895045798878,6.209799711667966,0.027535976301735585,0.004632064095826947,0.776353068414622,0.1859996870463121
111.979,417.61886229300217,5.847545520885731,9.344554443839767,6.209762660980201,0.027535998519385086,0.004632062171981346,0.7763531399756861,0.18599968704693381
112.025,417.8187488520016,5.853649938060492,9.35054940678159,6.209723024784911,0.027536021005332038,0.004632060298305644,0.776353209927698,0.18599971599320142
112.079,418.0187227000024,5.860815991851008,9.357586973359297,6.209676494636854,0.027536045415638102,0.004632058306581345,0.776353284794968,0.18599971599346787
112.12,418.2187650449996,5.866256883508402,9.362930311660357,6.209641165751525,0.027536062252067735,0.004632056924068808,0.776353336647243,0.18599971599320142
112.165,418.41877441700126,5.872361296332518,9.368925277005875,6.209601528361357,0.027536078143823754,0.004632055581710446,0.7763533851785634,0.18599973965249816
112.215,418.61871122199955,5.878863822845887,9.375311221604074,6.209559316058458,0.027536052437688464,0.004632054163122643,0.776353438244115,0.18599973965258698
112.267,418.8187552820018,5.885764463281024,9.382088143899129,6.209514519505339,0.027536019904795657,0.004632052758935818,0.7763534926823976,0.18599975831739002
112.316,419.0188302890019,5.8922669900470215,9.388474090492995,6.20947230682727,0.027535987206747974,0.004632051368628688,0.7763535460133757,0.18599975831792293
112.366,419.21870494200266,5.8989022215055655,9.394990363414301,6.209429232054509,0.02753595229783606,0.004632049951928685,0.7763535999554979,0.1859997743779651
112.411,419.41885417100275,5.904873929967109,9.400855009382282,6.209390464174855,0.027535919943862605,0.004632048605648559,0.7763536508083255,0.18599977437867565
112.461,419.61879843300267,5.91150916154911,9.407371283536387,6.20934738807875,0.02753588334651578,0.004632047136607635,0.7763537060774952,0.1859997910891309
112.508,419.81879374500204,5.917746279353253,9.41349658140038,6.209306895862566,0.027535848714869325,0.004632045665269431,0.7763537611006203,0.1859997910891309
112.558,420.0187102689997,5.92438151090543,9.420012856543691,6.209263818308147,0.027535812005541723,0.004632044144608194,0.7763538178205911,0.18599980863154286
112.608,420.21876159100066,5.931008396644712,9.426517687299345,6.20922074087201,0.027535660773791507,0.004632727142550514,0.7763290258352791,0.18599980863163168
112.661,420.4189805950009,5.938143958298625,9.433395073074886,6.209172276360341,0.027531549810170135,0.004656876495559333,0.7754521546388391,0.18372955032317506
112.713,420.61873001099957,5.944915249584538,9.439865514748522,6.2091253688713905,0.027527433570827715,0.004680948897026895,0.774577948189153,0.18372955032317506
112.768,420.81870990099924,5.952224020835608,9.446845145438832,6.209074664892747,0.027523171858129948,0.004705740914475083,0.7736774731323132,0.18385926854591617
112.825,421.0187591239992,5.959805915589212,9.454082159128347,6.209022008907104,0.027518979694904477,0.00473000292819835,0.7727961144720423,0.18415523755779262
112.883,421.21910674000173,5.967669112781598,9.46158348631159,6.208967333800936,0.02751485843372696,0.004753855952424724,0.7719294565801147,0.18415523755663799
112.94,421.4187208559997,5.97515649905076,9.468717149422,6.208915128614067,0.027511036018208035,0.004776107790367882,0.771120872112742,0.1844136232936222
112.997,421.6187474710023,5.982782098491111,9.475978631901217,6.208861895551074,0.02750732463644148,0.004797638683206716,0.7703383818917457,0.1844136232936222
113.047,421.8187361470009,5.989473253101372,9.482359339234932,6.208815333412203,0.027504525714898257,0.004813846927570019,0.7697492614350594,0.18466033564594753
113.1,422.0187253920012,5.996569531700186,9.489120264797522,6.208765851037319,0.0275016010963974,0.004830735624421917,0.7691353452936891,0.1846603356458587
113.156,422.21869657299976,6.004069191359743,9.496275609675857,6.2087137205807785,0.027498988926199983,0.004845809871576864,0.7685873302269609,0.18487326772369528
113.213,422.4187230170028,6.011706211461389,9.503557865815187,6.208660566247106,0.027496424086844648,0.004860577094114801,0.7680504261840034,0.18487326772369528
113.268,422.618687872,6.019076959480999,9.510591746848965,6.20860935477878,0.027494271820810403,0.00487296409178591,0.7676000234367918,0.18505189769530972
113.322,422.81875058900187,6.026316089300724,9.517498881479092,6.208559037971008,0.027492285177478593,0.004884381129010392,0.7671848576843492,0.1852018906560282
113.372,423.01874606899946,6.033020355828237,9.523898214643541,6.208512479438207,0.027490636214473226,0.004893854241477381,0.7668403575433106,0.1852018906560282
113.426,423.219160345001,6.040396855222413,9.530939374008064,6.208461254270277,0.02748895630209675,0.004903495517745711,0.7664897203688367,0.1853279808394781
113.484,423.4186909279997,6.048043203107796,9.538239361388149,6.208408174554628,0.027487373339072294,0.004912572538024731,0.7661595846685794,0.1853279808394781
113.539,423.6187650770007,6.055422601970333,9.545286501469548,6.20835697994203,0.027486013318174175,0.004920367153984904,0.7658760752217563,0.18543400335762072
113.596,423.8188450859998,6.063071951556426,9.552590455058084,6.2083038955004675,0.027484679799635207,0.004927991988022389,0.7655987275014198,0.18543400335815363
113.65,424.01871360000223,6.070319648621271,9.559514487943833,6.208253657141997,0.02748360244010528,0.004934136393581798,0.7653752165720923,0.18552302164982493
113.701,424.2186962609994,6.077167172868335,9.566058264411714,6.208206235256779,0.027482660238781823,0.004939225488807178,0.7651900924371757,0.18552302164733803
113.752,424.41867306300264,6.08401481906907,9.572605129192523,6.208158860706949,0.027481855727098922,0.004943526738523028,0.7650336226840897,0.18559680609211426
113.803,424.61875715399947,6.090863458266489,9.579151052960624,6.2081114476148604,0.027481052366868014,0.004947804152050215,0.7648780151992076,0.18559680609211426
113.858,424.81873435700254,6.098249530206445,9.58621259239637,6.208060344877425,0.02748029369835619,0.004951802888259902,0.7647325418618296,0.185652325218566
113.914,425.01867919800134,6.105770781876429,9.59340212253646,6.208008285468172,0.027479542210444834,0.004955745120819979,0.7645891200204767,0.18565232521874364
113.969,425.2187676930007,6.113158134970814,9.600464547907407,6.207957166533754,0.027478877960411055,0.004959198609938404,0.7644634760670486,0.18569964393844174
114.019,425.4188918940017,6.119874478789477,9.60688497006521,6.207910681735323,0.027478301124636683,0.0049621837661967556,0.7643548683827366,0.18569964393844174
114.076,425.61873115300114,6.127531512490246,9.614205106401691,6.207857693121685,0.027477699601702352,0.004965274377208446,0.7642424217340881,0.18574056125792993
114.13,425.8187169039993,6.134785939070261,9.621140679170253,6.207807495204704,0.027477179579307287,0.004967927944519929,0.764145874264787,0.18578576106280664
114.184,426.01876650600025,6.142175043860046,9.628205318356066,6.207756369600385,0.027476694365490502,0.004970389729608261,0.7640563031496963,0.18578576106280664
114.236,426.21877751300053,6.149027084905974,9.634756357818361,6.2077089573314606,0.027476272851278884,0.004972522819060255,0.7639786904053082,0.18580566486221528
114.287,426.4188663900022,6.1558794824990475,9.641307220055308,6.207661533531073,0.027475866174683075,0.004974584479492086,0.7639036760348676,0.18580566486239292
114.316,426.5437490059994,6.159775973615411,9.645032533734115,6.207634571525678,0.027475656464239454,0.00497564827315421,0.7638649683546319,0.18580566486239292
114.348,426.676227021002,6.164074665726513,9.649143107100121,6.207604844809907,0.027475481682522677,0.004976653672637111,0.7638283578425364,0.1858387134554107
114.4,426.8762771960028,6.171059914031354,9.655822609003257,6.207556539417318,0.027475216240151226,0.004978221110888277,0.7637713157242029,0.18583871345470016
114.452,427.0761684579993,6.178045520118516,9.662502623381183,6.207508233770933,0.027474977992438,0.004979652058029103,0.7637192417959283,0.18585303171523293
114.504,427.27631381000174,6.1850314761052285,9.669182353556444,6.207459914860554,0.02747474402270077,0.00498107078945321,0.7636676136824195,0.1858530317151441
114.553,427.47657202700066,6.1917490383720875,9.675605838467424,6.207413457869672,0.02747454797480923,0.004982284249920203,0.763623456042941,0.1858701455122791
114.604,427.67636389100153,6.19846688293284,9.68202908494424,6.207366989798873,0.02747435476529704,0.0049834890673352535,0.7635796134959496,0.1858701455123679
114.651,427.8762011910003,6.204781891911125,9.688067522277002,6.207323313344855,0.02747419727195259,0.004984493504810204,0.7635430630042745,0.18588565951072056
114.699,428.07695425199927,6.211365859879679,9.694362668791465,6.20727776815562,0.027474033721194488,0.004985540744490818,0.7635049552745429,0.18588565951063174
114.749,428.2761492179998,6.21808442093079,9.700786863823538,6.207231296924171,0.027473889962166726,0.004986484108403248,0.7634706277109717,0.1858993388301755
114.803,428.47628930599967,6.225206335404987,9.707596306627822,6.207182027666894,0.027473738993845705,0.0049874769382668846,0.7634345003261885,0.1858993388301755
114.855,428.6761630860019,6.232194093017871,9.71427777050407,6.207133690302473,0.027473611083345985,0.0049883385263570675,0.7634031488873322,0.1859113745689811
114.907,428.87615645200276,6.239182059089713,9.720959093034022,6.20708534493883,0.027473484774079723,0.004989188312752686,0.7633722269337523,0.18591137456960283
114.957,429.0761882709994,6.2459014357262745,9.7273838224033,6.207038860331914,0.027473378397623125,0.0049899179151659395,0.7633456784412854,0.18592196623155033
115.004,429.2764890960025,6.252217804482703,9.733422939376004,6.20699515842419,0.027473278356759962,0.004990598584064267,0.763320910482688,0.1859219662314615
115.057,429.4764115220023,6.259475076720641,9.740361894266563,6.206944949534722,0.027473177921450088,0.0049912926302378,0.7632956560259772,0.18593128865855846
115.109,429.67621239599976,6.266329326058325,9.746915263588596,6.206897524192256,0.027473083534074738,0.004991935961804384,0.7632722471880373,0.18593128865891373
115.161,429.8763227570016,6.273452516786901,9.753725912554316,6.206848239635019,0.0274729956952639,0.004992536382584213,0.7632503996447932,0.18593949508733942
115.213,430.07615903700207,6.280307041115105,9.760279485455468,6.20680081014826,0.02747291101462753,0.004993100612480529,0.7632298681533181,0.18593949508733942
115.266,430.27623038800084,6.287430372621462,9.767089912517699,6.206751525196508,0.0274727947657352,0.004993668237489958,0.7632092095807681,0.18594672167013826
115.313,430.4762018830006,6.293747342040795,9.773129137664139,6.206707818872238,0.027472672268326163,0.00499417502660716,0.7631907707379461,0.18594672167022708
115.366,430.6761320879996,6.300870876234339,9.779939570931802,6.206658533228345,0.027472541667890954,0.004994692340630309,0.7631719485580829,0.18595328021850932
115.414,430.876334853001,6.307456904659215,9.78623601871551,6.206612964118129,0.02747242265237707,0.004995152067400131,0.7631552211573215,0.1859532802184205
115.468,431.0761542270011,6.314580695121828,9.793046691658246,6.206563675266227,0.02747230177735168,0.004995599339987833,0.7631389467074488,0.18595958829505932
115.519,431.276533485001,6.321570189929232,9.799728942453873,6.206515314354173,0.027472187529156672,0.004996010292974879,0.763123993506901,0.18595958829505932
115.571,431.4763582129999,6.328425376098529,9.80628292239415,6.206467884171706,0.027472083890667444,0.004996365932070445,0.7631110529249467,0.1859665876573935
115.619,431.6761356269999,6.334877396659521,9.812451373957067,6.206423241473271,0.02747198869919684,0.00499668898956953,0.7630992976903448,0.18596658765757113
115.673,431.876157865001,6.342136009779824,9.81939094549052,6.206373016627454,0.0274718863183719,0.004997030631934104,0.763086866074968,0.18596966736739162
115.727,432.0765522260008,6.349529136184302,9.826459091808871,6.206321859725693,0.027471787477889587,0.004997356063473159,0.7630750242449479,0.18597364945946993
115.784,432.2762363469992,6.357056772298453,9.833655828852072,6.206269771086028,0.027471693118464535,0.004997663644662424,0.7630638320132098,0.18597364945955874
115.838,432.4761880469996,6.364315647695434,9.840595652138935,6.206219541910767,0.027471609562171793,0.004997932810352772,0.7630540380443953,0.18597719999799978
115.896,432.6761570740018,6.372112311351755,9.848049558635974,6.206165589681556,0.02747152623331547,0.004998210026252935,0.7630439526605879,0.18597719999782214
115.944,432.87620441000035,6.3786995123168575,9.854346977048863,6.206120012104772,0.027471502608491186,0.00499845050140551,0.7630351722849061,0.1859802708854552
116.001,433.076131703001,6.386227755888673,9.86154404113396,6.2060679233748495,0.027471485669446696,0.004998710416767387,0.7630257060386383,0.18598027088412294
116.058,433.2761601279999,6.393890463827172,9.868869786074697,6.206014905552088,0.02747147884124166,0.004998935408332449,0.7630175143866621,0.18598322101643916
116.115,433.47616737200224,6.401553224965358,9.876195517882591,6.205961885319022,0.027471476092974925,0.004999151977512442,0.7630096310809932,0.1859832210171497
116.173,433.6761605819993,6.409350452868604,9.883649868415844,6.20590793466584,0.02747148011030634,0.004999345670354946,0.763002581495112,0.18598581347193388
116.228,433.87622505400213,6.41674441208546,9.890718679661422,6.205856773166114,0.027471487695024232,0.00499951547613548,0.7629964020895545,0.18598800764264567
116.278,434.0766895859997,6.423600654223927,9.897273434586857,6.2058093316007845,0.02747149777203182,0.004999659580464824,0.7629911585589645,0.18598800764255685
116.335,434.27614365200134,6.431129102917523,9.904470857898508,6.205757237971899,0.027471511693434706,0.004999803029859985,0.7629859393987038,0.18598986157911668
116.394,434.4766831380002,6.439195328806156,9.912182400864735,6.205701421706525,0.02747152805023678,0.004999946513847322,0.7629807194733496,0.18598986157911668
116.45,434.6761695250025,6.446589382080581,9.919251414265776,6.205650257003432,0.0274715463040191,0.00500005496292824,0.7629767746620904,0.1859918623440926
116.501,434.8762071839992,6.4534457081536685,9.925806307021302,6.205602811763194,0.02747156243381492,0.005000152974230616,0.7629732097131308,0.18599186234480314
116.555,435.0761815400001,6.460705362181523,9.932746819106768,6.205552574975656,0.02747157970891001,0.005000245900063513,0.7629698300233468,0.1859927181165233
116.606,435.2761578280006,6.467561722521315,9.939301731871375,6.205505127584478,0.027471594140819313,0.005000332430873364,0.7629666829387762,0.1859927181170562
116.663,435.47617845900095,6.475224724547789,9.946627865102373,6.205452097956063,0.027471609644368768,0.005000415773155854,0.7629636521790741,0.1859938095897462
116.717,435.67609523400097,6.482484435070145,9.953568446292364,6.205401863481348,0.027471598011625645,0.005000487375882256,0.7629610473406936,0.1859938095886804
116.776,435.8760927860021,6.4904163595458995,9.961151746179537,6.205346984197075,0.027471551198613803,0.005000552245037231,0.7629586914109467,0.18599476756833155
116.833,436.07612879500084,6.498079415280319,9.968477995522418,6.205293964390324,0.027471503480624212,0.005000609776446456,0.7629566016961782,0.1859955172342609
116.886,436.2761383120014,6.505339160705131,9.975418659449524,6.205243734225717,0.027471456567131996,0.005000660451456244,0.7629547608202774,0.1859955172342609
116.938,436.47617881300175,6.512195592110505,9.981973744692697,6.205196293981051,0.027471411521084014,0.005000703550261196,0.7629531951254337,0.18599611921352732
116.995,436.6760903489994,6.519858671268147,9.989300015283707,6.2051432714187005,0.027471360304723535,0.005000749622470631,0.7629515211979352,0.18599611921414905
117.051,436.8761622560014,6.527387314441867,9.996497772603927,6.205091178346454,0.0274713103109757,0.005000789341998229,0.7629500780922824,0.18599663744653938
117.106,437.07614288200057,6.534781525504552,10.003566994385602,6.205040014366213,0.02747126136233203,0.005000827117093984,0.7629487054297638,0.18599663744671702
117.163,437.2761624880004,6.542444619791517,10.010893295086744,6.204986989169013,0.02747121207199353,0.005000861301127628,0.76294746328291,0.1859970838946623
117.217,437.47621322300256,6.549704399344431,10.017833999283503,6.204936753786532,0.027471166699683823,0.0050008922786587235,0.7629463375583095,0.1859970838946623
117.269,437.67632970200066,6.556829741183851,10.024646180583286,6.204887448046428,0.02747112428489671,0.005000919580960086,0.7629453455303034,0.18599746764982328
117.323,437.87613126600263,6.563955086904664,10.031458362863543,6.204838141608039,0.02747108433588904,0.005000945260178334,0.7629444129336417,0.18599779707768604
117.382,438.07615781500135,6.5718870672403416,10.03904173123227,6.204783258548972,0.027471065807169813,0.005000969740071791,0.7629434913993952,0.18599779707511033
117.437,438.27623381599915,6.579281276059952,10.046110972742403,6.204732103448059,0.027471081282606707,0.005000989654986821,0.762942761174319,0.18599807906021226
117.493,438.47613643099976,6.586809930741046,10.053308747437644,6.204680017493502,0.027471100173478438,0.005001008977178615,0.7629420532343444,0.1859980790609228
117.545,438.6763412600012,6.593800829421924,10.059992402782218,6.2046316512534,0.027471120273328296,0.005001025216230076,0.7629414595017535,0.1859982995890519
117.598,438.87662519100195,6.601060613647378,10.066933119759835,6.204581423797144,0.027471143068251384,0.005001041845938086,0.7629408527230487,0.1859982995890519
117.653,439.0761395490008,6.608320402428424,10.073873844686146,6.2045311954417945,0.027471167710442314,0.00500105672332056,0.76294031070576,0.1859984910391077
117.708,439.27622830399923,6.615714636178035,10.080943099322688,6.204480035782538,0.027471194020421537,0.005001071689515277,0.7629397662212074,0.18599849103919652
117.766,439.47626240700265,6.623512196173031,10.088397955888363,6.204426084445895,0.027471222887885536,0.0050010859726907055,0.7629392472511914,0.18599866197632764
117.823,439.67620246500155,6.631175319644835,10.095724280425085,6.204373062029305,0.02747125175642783,0.005001099486790952,0.7629387567484296,0.1859988148813052
117.874,439.8762193670009,6.638031801682708,10.102279415499865,6.20432561989109,0.02747127770692446,0.005001110768384523,0.7629383476708174,0.18599881488112757
117.923,440.07616038000197,6.644619404721221,10.108577487259257,6.204280037297586,0.0274713023990019,0.005001121118078801,0.7629379726624212,0.18599895176434345
117.98,440.27616315200066,6.652282537691699,10.115903817541708,6.204227011543302,0.02747133047350999,0.005001132440868208,0.7629375627011112,0.18599895176434345
118.038,440.47611476100064,6.660080114581692,10.123358681825874,6.204173054334162,0.02747135789687571,0.00500114320512692,0.7629371732380049,0.1859990744232931
118.089,440.67618783000216,6.666936606876425,10.129913820996356,6.204125608244597,0.027471380660036904,0.005001152323198165,0.7629368434973571,0.18599907442338193
118.146,440.8763957070005,6.674599747656895,10.137240155921603,6.204072579327995,0.027471404321551787,0.005001161678543805,0.7629365057535121,0.1859991844825437
118.201,441.076220373001,6.6819940083349225,10.144309425029977,6.204021410169584,0.02747142486210058,0.005001170537607173,0.762936185729912,0.1859991844825437
118.254,441.2763885830027,6.689253829224404,10.151250165963791,6.203971170775465,0.027471442326539593,0.005001178276517362,0.7629359055555095,0.1859992834068791
118.312,441.4762367380026,6.696916970521336,10.158576498271222,6.203918148407927,0.027471424123601207,0.005001186506278065,0.7629356033400311,0.18599928340821137
118.371,441.6761668500003,6.70484899400741,10.166159896997643,6.203863269735753,0.02747138381323377,0.005001194485543026,0.7629353179882458,0.18599937237633313
118.428,441.8761493790007,6.712512137564212,10.173486233566944,6.203810250629429,0.02747134234113409,0.005001201585912289,0.7629350634179255,0.18599945576376342
118.487,442.0761124210003,6.720444165349322,10.181069637434359,6.203755370352087,0.027471297629167328,0.005001208250616653,0.762934824070006,0.18599945576376342
118.539,442.276731795002,6.727349230669851,10.187587700395811,6.203706224388645,0.027467800749194183,0.005020172308553707,0.7622446444397609,0.175506896280897
118.594,442.4762843870012,6.734288858363679,10.193924962485216,6.2036533296498915,0.02745142170423173,0.005108789382478345,0.7590182337270313,0.17512437078091025
118.649,442.6761205030016,6.74157870317426,10.200387320035768,6.20359456988848,0.02742787356851829,0.005233554216593873,0.7544724406604655,0.17530526503595212
118.701,442.8764164050008,6.748447819301929,10.206309486012447,6.20353645737423,0.027405611772449462,0.0053487355970570855,0.7502723148003873,0.17530526503595212
118.748,443.07623851800236,6.75464831042662,10.211539274956936,6.203482099154611,0.02738781377987612,0.005438985741480524,0.7469789089945417,0.17662174156329868
118.8,443.27621305700086,6.761708672125519,10.217408500185082,6.203418794188006,0.027367635467318827,0.005539463300224252,0.7433097468457824,0.17662174156303223
118.849,443.4762914210005,6.7683901068995365,10.223001725235877,6.203359526158829,0.027350684193152373,0.005622414962915978,0.7402785255720974,0.17792052069074415
118.901,443.6761954640024,6.775497914623819,10.228925926167626,6.203296049754176,0.027332738777547213,0.005708872776206291,0.7371171710173567,0.1779205206910106
118.945,443.87617733500156,6.7816857462030935,10.234119748571349,6.2032413911430515,0.027318494194518386,0.005776653930658766,0.7346372401311188,0.17902484784357853
118.989,444.0763965990009,6.787663684292179,10.239084679645574,6.203187725460362,0.02730378575127107,0.005845886493355505,0.7321028897997995,0.17902484784384498
119.025,444.2762298859998,6.792684724366207,10.243253753873482,6.2031426315644325,0.02729234544282297,0.005899159443985217,0.730151822800217,0.17999919541633602
119.078,444.47627808700054,6.800083543927994,10.249402161317013,6.203076264523121,0.027276467274978292,0.005972287899342282,0.7274722286713639,0.17999919541686893
119.132,444.6761591409995,6.807776709376873,10.2558001407906,6.203007337928883,0.027261159005566686,0.006041930484997242,0.724918901423054,0.1809250112959404
119.182,444.87621933899936,6.814638284501664,10.2615122962722,6.202945955681641,0.027248508130815547,0.006098867584686541,0.7228303266889459,0.1809250112959404
119.231,445.07631751200097,6.8215100845143075,10.267240452301117,6.202884603996443,0.02723685570357435,0.0061508344059845385,0.720923218391958,0.18170884736008475
119.287,445.27633928400246,6.829371517968979,10.27379639339704,6.202814462548971,0.027224450487524775,0.006205667945048882,0.7189100153548863,0.18170884736017356
119.341,445.4763313350013,6.8369620768848085,10.280137612098294,6.202746920026514,0.02721369811293215,0.006252801351551152,0.7171787815903384,0.1823674927805996
119.395,445.67622190300244,6.844560484606046,10.28647973152652,6.202679213742688,0.027203440966671433,0.006297423364323289,0.7155391583244116,0.1823674927805996
119.451,445.8763064369996,6.852589065804489,10.293197815105225,6.202607950586003,0.027193988813737618,0.006338266449653584,0.7140378442473166,0.1829223994516127
119.508,446.0761445200005,6.860485201069395,10.29979564073646,6.20253770709451,0.02718501615078646,0.006376783028499787,0.712621566400644,0.1829223994516127
119.563,446.2761789690012,6.868245505410715,10.306295318357915,6.20246892256992,0.02717739798610323,0.0064093060814913,0.7114253082919172,0.18339075561382145
119.621,446.4761633650014,6.876436892999647,10.31314970539529,6.20239621175867,0.027169725764767262,0.006441883282094238,0.7102267193197298,0.18378654841262332
119.679,446.67615739900066,6.884633762358759,10.320015188499427,6.202323557885825,0.027162862545818203,0.006470882674559949,0.7091594801298514,0.18378654841324504
119.736,446.87611995500265,6.892695203717199,10.32676920866039,6.202252135615457,0.02715671028570839,0.006496761403968095,0.7082068581786025,0.18412127203326634
119.795,447.07618917500076,6.901044755172067,10.333762981996244,6.202178133026141,0.02715075460123694,0.006521704018687619,0.7072884896990943,0.1841212720336216
119.853,447.27616538200164,6.9092577682258485,10.340651117979318,6.2021054834503815,0.02714569796257134,0.006542790595762563,0.706511931744072,0.1844041033086441
119.91,447.47616730700247,6.917339332984344,10.347436807337374,6.202034134250288,0.027141368420609335,0.006560566408162937,0.705857198722905,0.18440410330553547
119.961,447.6764008280006,6.924571850482308,10.353514941188857,6.201970368197923,0.027137981268694128,0.006574407095325673,0.7053473352705486,0.1846413346250131
120.011,447.8762239880016,6.931665288324051,10.359472242672092,6.201907762993454,0.027134736549346096,0.006587625295955218,0.7048603430553735,0.1846413346250131
120.059,448.0767695120012,6.938618237617826,10.36531475306167,6.20184644961176,0.027131893643930257,0.006599160900282401,0.7044352947876831,0.18482045995140695
120.114,448.2764142670021,6.94628321783258,10.371752164315756,6.2017788006807235,0.027128850232084348,0.006611477344913557,0.703981425877983,0.18482045995140695
120.172,448.47631657900274,6.954659839319273,10.378789244085722,6.201704903055387,0.027125856185533658,0.006623548247430232,0.7035365565026316,0.18497415548006657
120.23,448.67609187500057,6.962754786699594,10.38558842189074,6.201633468749663,0.02712314801999814,0.006634435234138419,0.7031352780822993,0.18510795247657086
120.289,448.87620555000103,6.9711355652647224,10.392626966782299,6.2015594997604,0.02712053727510483,0.006644903424092921,0.7027493988509653,0.18510795247657086
120.346,449.07632350399945,6.97937566570003,10.399548761739917,6.201486794795076,0.027118236624596958,0.006654102795471459,0.7024102609683502,0.18522418883595293
120.404,449.27631151400055,6.987469472387348,10.406347376561719,6.201415384554804,0.0271161877202457,0.00666242226182747,0.702103504556937,0.1852241888328443
120.459,449.47618504800266,6.995277511352235,10.412910726752363,6.201346577596132,0.027114567857379927,0.006669064866501125,0.7018585763800411,0.1853246943861464
120.515,449.67640516900065,7.0032292499477045,10.419592749204709,6.201276468892264,0.027112969160467904,0.006675625689784086,0.7016166523960663,0.1853246943860576
120.57,449.87614915800077,7.01104074880945,10.426157477379082,6.201207604924255,0.027111545945400255,0.006681474890785055,0.7014009590820734,0.18540515872143004
120.618,450.07639802700214,7.017859300706191,10.431886652829649,6.201147475922729,0.02711035541446639,0.0066863720596268,0.7012203649201031,0.18540515872151886
120.673,450.2761080570017,7.025673628064475,10.438452662392024,6.201078567261046,0.02710909834849629,0.006691550434594633,0.7010293929214698,0.18547323667430504
120.726,450.47624925700075,7.033347210431305,10.444899652114016,6.201010886231799,0.027107933759618154,0.006696353340506131,0.7008522601790659,0.18553363919515675
120.784,450.6762750449998,7.0414484316927854,10.451705441301096,6.200939424306382,0.027106783432829063,0.006701103459622445,0.7006770672522529,0.18553363919506793
120.841,450.8764738400023,7.049550987900031,10.45851229376573,6.200867948370717,0.027105727558233025,0.006705470749362428,0.7005159874600739,0.1855871300944223
120.899,451.0761436419998,7.0577968463254495,10.465438335524595,6.200795187323344,0.027104693739370373,0.006709748900848671,0.7003581896058246,0.1855871300945111
120.956,451.27615184599927,7.065901764107945,10.472246726059266,6.200723680578644,0.027103792268974622,0.006713487949489115,0.7002202716513104,0.18563445310464388
121.014,451.47628285099927,7.074149882673591,10.479174155334107,6.200650888491103,0.027102902477362533,0.006717177875200841,0.7000841612391219,0.18563445310464388
121.073,451.67611651600237,7.0825412855458465,10.48622211792585,6.200576833647413,0.02710208099002483,0.006720588867876531,0.6999583361478645,0.18567631765096237
121.13,451.87614730399946,7.090649154053122,10.493031402278028,6.200505270941782,0.02710133351893072,0.0067236922047138395,0.6998438568908834,0.18571335752879392
121.187,452.07625041999927,7.098757853455535,10.49984098179075,6.200433693116706,0.027100630353878972,0.006726610179123627,0.6997362129118938,0.1857133575287051
121.242,452.2762035880005,7.106582823259778,10.506412356572081,6.200364619921704,0.027100009621194392,0.006729185693364991,0.6996411998397596,0.18574613289512598
121.298,452.47608872300043,7.114550724319982,10.513103002467092,6.200294271574313,0.027099396256642927,0.006731724528856587,0.6995475374931247,0.18574613289512598
121.35,452.67622578699957,7.122092441981314,10.519436218577349,6.200227692357331,0.027098877920155102,0.006733868382000158,0.6994684448141758,0.18577513836079973
121.406,452.8762822300014,7.130061592715163,10.526127460953791,6.200157324041109,0.027098336516921524,0.006736097713456138,0.6993861957457524,0.18577513836133264
121.458,453.07615483100017,7.137319456292884,10.532221347818265,6.200093238001626,0.027097859196433226,0.006737990613249737,0.6993163510065508,0.18580081105827873
121.506,453.27656021800067,7.144292580922856,10.538074772503057,6.200031650697377,0.027097345749986707,0.006739902723954372,0.6992458077098119,0.1858008110565912
121.557,453.4764650830002,7.151408595860939,10.54404853849653,6.199968807491328,0.027096870194785787,0.006741651077994295,0.6991813041551871,0.18582404263147723
121.612,453.67614188100197,7.1592367000525785,10.550619485948557,6.199899665215536,0.02709635784042174,0.006743524565085288,0.6991121818137934,0.1858240426313884
121.671,453.87614876800217,7.167634782963317,10.557669184088722,6.199825492933068,0.027095860095427735,0.006745321785726659,0.6990458717686292,0.18584667708960723
121.728,454.0762018210007,7.175748717624109,10.564480101951215,6.199753825369888,0.027095405547039444,0.006746951690029974,0.6989857335762676,0.18586647080240937
121.787,454.2761465040021,7.184147869342088,10.571530333708735,6.199679636173974,0.027094966169863656,0.006748516483079148,0.698927996733774,0.185866470802587
121.842,454.4763879420025,7.191978066818265,10.578103102686653,6.199610473721903,0.02709459284355239,0.0067498350217409684,0.6988793454331527,0.18588366375107412
121.893,454.6761625170002,7.199239123610819,10.584197823799213,6.199546332805557,0.02709425931119413,0.0067510143522478095,0.6988358306138215,0.1858836637509853
121.941,454.87632594800016,7.206073130193263,10.589934855136923,6.199485977464889,0.027093997264526878,0.0067519468799655,0.6988014053515366,0.18589862270115276
121.994,455.0762458980025,7.213620323676446,10.596269800473912,6.1994193190412155,0.027093736407465607,0.006753054503000909,0.6987605140375318,0.18589862270994573
122.047,455.2761387870014,7.221168372094152,10.602604808210183,6.199352641740491,0.02709348751713353,0.006754128113357753,0.6987208923607362,0.1859111134121072
122.106,455.4762020420021,7.229571193579717,10.609656844997694,6.199278406585282,0.02709322246072939,0.00675528725473827,0.6986781164136295,0.1859111134121072
122.158,455.6762517339994,7.236977251564805,10.615872688763131,6.199212982019116,0.027093024971633396,0.006756172801932165,0.6986454379459712,0.1859238834505561
122.203,455.8761385729995,7.243386502689294,10.621251617612348,6.199156357454482,0.02709285667572877,0.006756934154163622,0.6986173429744619,0.18592388345064492
122.253,456.07615017400167,7.2505080106769615,10.627228687536544,6.199093445655665,0.027092700847182797,0.006757659929224397,0.6985905611741509,0.18593511651232575
122.298,456.2762063100017,7.256917505108717,10.632607887638084,6.1990368184471345,0.02709256144560697,0.006758313160953859,0.6985664564745878,0.18593511651241457
122.343,456.47654255900125,7.2634695231018185,10.63810699469345,6.1989789360427086,0.0270924425029148,0.006758888881963887,0.698545212239982,0.18594467554375882
122.396,456.67618913499973,7.271018728073176,10.644442793499715,6.198912239088396,0.02709230775839097,0.0067595448568868914,0.6985210067768044,0.18594467554375882
122.445,456.8765200630005,7.277998278874349,10.650300727739227,6.198850577714373,0.02709220378189764,0.006760069352088251,0.6985016532063404,0.1859528131981314
122.498,457.0761793460006,7.28540526864118,10.656517208838023,6.1987851356986425,0.027092095198272943,0.006760618266041825,0.698481398689941,0.1859528131981314
122.545,457.2761338980017,7.292100123503281,10.662136214622874,6.1987259878477365,0.027092013678401278,0.006761046126035574,0.6984656112421669,0.185959747345521
122.592,457.47614226600126,7.298795064327288,10.667755142005433,6.198666835888267,0.02709193267344395,0.0067614693581100425,0.6984499945806367,0.1859597473454322
122.642,457.6762192130009,7.305917412360758,10.673732920512963,6.198603908959822,0.02709185906140393,0.006761865388417827,0.6984353818443545,0.18596565793327358
122.693,457.87613544800115,7.313182290051915,10.679830218641898,6.19853972008533,0.02709178570410609,0.006762257218813177,0.6984209243424043,0.1859656579333624
122.741,458.07613435500025,7.320019881886931,10.68556900824669,6.198479307409775,0.0270917261837057,0.0067625820457737915,0.6984089394083981,0.1859706969406183
122.796,458.2761887100023,7.32785469982452,10.692144673516092,6.198410081389532,0.027091658879344113,0.006762942490423423,0.698395640016485,0.1859706969406183
122.846,458.4761714310007,7.334977316278169,10.698122712276295,6.198347149303561,0.027091606367617378,0.006763226579631789,0.6983851576262153,0.18597499904862147
122.894,458.67611666000084,7.34181508565767,10.703861594474775,6.19828673211081,0.027091554752153805,0.006763493734795607,0.6983752987648258,0.185974999049332
122.923,458.80460861699976,7.345946276955523,10.707328962745445,6.198250233539185,0.027091515976297303,0.006763630219419134,0.6983702576832458,0.18597865953253745
122.924,458.80909857000006,7.346231188758472,10.70756809766972,6.198247716656369,0.027091512434313594,0.006763638707032167,0.6983699447332524,0.18597865953253745
122.973,459.0091781200026,7.353069094273202,10.713307309333922,6.198187310332968,0.027091426073990413,0.00676384234136071,0.6983624357283844,0.18597865953244863
123.024,459.2091610610005,7.36033440432072,10.719405238043509,6.198123127614882,0.02709133531510477,0.006764045076538577,0.6983549589941961,0.18598161349085984
123.078,459.40917846400043,7.368027118003721,10.725861905113781,6.198055168729835,0.027091241626371984,0.006764242200241229,0.6983476885506712,0.18598161349077102
123.132,459.6091817359993,7.375862324173358,10.73243816273137,6.19798595028317,0.02709114859160387,0.006764427970355054,0.698340836295271,0.18598395050979377
123.189,459.80912369,7.383840023456017,10.739133993772283,6.197915471932263,0.027091055938507403,0.006764606088526186,0.6983342657986514,0.18598395050961614
123.242,460.00922693699977,7.3913903711561035,10.7454711607869,6.1978487686862955,0.02709097243504332,0.006764757962612812,0.6983286631910377,0.18598598401142752
123.296,460.2095270530008,7.399225669059782,10.75204744935117,6.197779546730019,0.027090887760079077,0.006764910372518468,0.6983230405928289,0.1859859840113387
123.351,460.40929420999964,7.406918525616189,10.758504221352746,6.197711583232274,0.02709081044853745,0.006765042218816127,0.6983181768757953,0.18598775742484364
123.404,460.60930922400075,7.414468941389903,10.76484139310923,6.197644877438226,0.027090739326199275,0.0067651686567703345,0.6983135063049613,0.18598775742457718
123.459,460.80948559100216,7.422304190149458,10.771417687220056,6.197575668117879,0.027090721736636517,0.006765276578125975,0.6983094925009118,0.18598930050535145
123.512,461.0093437070027,7.4299969808499124,10.777874419794237,6.197507716864701,0.027090709415837726,0.0067653760638929465,0.69830581463281,0.18598930050535145
123.566,461.20933946900186,7.4375473397901555,10.784211618673622,6.197441023309827,0.02709070194657083,0.006765464248250939,0.6983025568823752,0.1859906025339697
123.62,461.4092350909996,7.445240182010167,10.790668384995117,6.197373070033457,0.02709069716693055,0.006765550665152195,0.6982993662139034,0.1859906025338809
123.667,461.6092723239999,7.451935823318306,10.796288180285442,6.197313924628098,0.02709069579300578,0.006765620293523419,0.6982967963350841,0.18599164262615986
123.714,461.8093565420022,7.458631480608226,10.801907972240505,6.197254778061536,0.02709069603421089,0.006765687831733262,0.6982943041008187,0.18599164262607104
123.764,462.00912441200126,7.465754538304327,10.807886494997474,6.197191855240495,0.02709069875264169,0.006765753780512796,0.6982918709753907,0.18599256620728255
123.815,462.20923057000255,7.473020073591858,10.81398458347067,6.197127672536113,0.02709070284938875,0.006765819061168971,0.6982894629000714,0.18599256620728255
123.862,462.4092627940008,7.479715778147519,10.819604407539028,6.197068522798006,0.027090708397837834,0.0067658742799843385,0.6982874263457648,0.18599338863545256
123.91,462.6091525920019,7.486553957173831,10.825343795602365,6.1970081132365165,0.0270907146772993,0.006765929559237109,0.6982853878062188,0.18599338863554138
123.964,462.80929040000046,7.494246924862662,10.831800627618275,6.196940151319052,0.027090723309738832,0.006765986095546677,0.6982833032772705,0.18599412022952677
124.017,463.0092942120027,7.501797444304368,10.838137884613467,6.196873446406072,0.02709073212257915,0.006766039801528506,0.6982813233260114,0.18599412022952677
124.073,463.2091719900018,7.509775366864167,10.844833867276932,6.196802964373074,0.027090742135119146,0.006766092087654061,0.6982793960114205,0.1859947712140375
124.129,463.4092827380009,7.517711637267708,10.851494880192257,6.1967328489199645,0.027090752010374787,0.0067661416706716855,0.6982775725030308,0.18399540077522758
124.187,463.6090913450025,7.525885667874284,10.8583554392059,6.196660631513809,0.02709076177602255,0.00676618995853215,0.6982757921345912,0.18399540077522758
124.242,463.8092612260007,7.533636916257526,10.864861152072203,6.196592148288166,0.027090770689795672,0.006766232043473175,0.6982742409375073,0.18399591178415164
124.299,464.0093451620014,7.54167003891672,10.87160343180351,6.196521173408997,0.027090778655066258,0.006766274386181203,0.6982726802374343,0.18399591178406283
124.355,464.2093318410007,7.549703173174162,10.87834572755234,6.196450197573344,0.027090785833579736,0.006766312270508613,0.698271283871303,0.18399636716770473
124.414,464.40911105000123,7.5578288034769,10.885154174656547,6.1963782153134686,0.027090310739291374,0.006768273197095297,0.6981989349657212,0.1839963671675271
124.472,464.6091503810021,7.565166865874486,10.89105513235381,6.196309147756843,0.027077191059802594,0.006820616594043479,0.696266709219071,0.15954496107326577
124.527,464.80922561899933,7.5721599866645555,10.896474538208844,6.1962399777847885,0.02704801172180029,0.0069359824533649144,0.6919872693550292,0.1595807960400819
124.582,465.00912807400164,7.5791109228712115,10.901676422310993,6.196168179249739,0.026997385086733553,0.007131656806733562,0.6847135864626602,0.1595807960399931
124.638,465.2091320690015,7.586280436025838,10.906860709307342,6.196091182122392,0.026928963718092412,0.007384937591458194,0.6753441528268499,0.16096970006014288
124.694,465.40919068900257,7.5935679512096135,10.91196329032827,6.196010172348872,0.026858044757525564,0.007638323211273438,0.6659370079527154,0.1609697000602317
124.748,465.6091656730023,7.600781937130264,10.916898782642333,6.195928080715434,0.026793460213678778,0.007861556762079521,0.6576241879261113,0.16371802947965364
124.804,465.8093421420017,7.608388322579973,10.921949495473582,6.195839008027583,0.026727977255094317,0.008081161618481717,0.6494238952231053,0.16371802947956482
124.862,466.0092350070008,7.616483152418491,10.927208758551922,6.195742315148786,0.026666482179881705,0.00828164940647975,0.6419182701120061,0.16638212182922274
124.92,466.2091536040025,7.6247274872178465,10.932410776146947,6.195641303256599,0.02660596300109353,0.008473921317715051,0.6347027222896008,0.16638212182913392
124.979,466.409179667,7.633360645754542,10.937790284263924,6.19553442273201,0.026545552851983064,0.008661293645455731,0.6276550885385485,0.1686605724137813
125.037,466.6090820600002,7.641985162714347,10.94309156882918,6.195426457143818,0.02648744124086239,0.008837491414769392,0.6210116127121238,0.17067621535167277
125.094,466.80954365900106,7.65063708233842,10.948403123077041,6.195318040079653,0.026432727121484752,0.00899989699157026,0.6148750936614875,0.17067621535415967
125.15,467.0094956940011,7.659032684954379,10.95358832342627,6.195213342877687,0.02638500338801934,0.009138933570420522,0.6096113651613043,0.17258155429606958
125.207,467.20934096400015,7.667599604763559,10.958857795863535,6.1951061551411915,0.02633801338945507,0.009273557172228927,0.6045055354123916,0.1725815542961584
125.267,467.4091399220015,7.6764949224053165,10.964371326977338,6.194995547619242,0.026295466034340523,0.009393589343356814,0.5999453572777833,0.17421009859388548
125.321,467.60918236600264,7.684662040382759,10.969413326150676,6.194893662778145,0.026257823211180857,0.009498361619285075,0.5959588351531055,0.1755913306353385
125.379,467.8091714630027,7.693453340732546,10.974857997893237,6.194784274423913,0.026221412072624573,0.009598478798287088,0.5921440552500741,0.17559133063596022
125.438,468.00939839200146,7.702575854133128,10.980504311880763,6.194670706299439,0.02618641506039074,0.009693604601945162,0.5885145142537785,0.17676686944687603
125.497,468.2091301360015,7.711411085648662,10.985964871535591,6.194560582907573,0.026154622336406304,0.009779109693855323,0.5852478843938264,0.17676686944714248
125.554,468.4091720510005,7.720118419098302,10.991361334359276,6.194452297535914,0.02612695217300438,0.009852841016160772,0.582427848318699,0.1777704079359843
125.608,468.6091476420006,7.728381129339387,10.99646411532336,6.194349242969595,0.02610141395779348,0.009920335062098423,0.5798437383513545,0.1777704079359843
125.667,468.8094882020014,7.737579560702827,11.002161198424217,6.194234785939355,0.026076583387411794,0.00998545976891167,0.5773479336676671,0.17862978405700503
125.723,469.00920631100234,7.746026764966436,11.00738077155828,6.194129474444115,0.026054820425713547,0.010042139656440551,0.5751738181523022,0.17936656896200276
125.782,469.2095350039999,7.755255818748136,11.013085208809212,6.194014442959968,0.02603320524325615,0.010098072783506742,0.5730265585864371,0.17936656896209158
125.839,469.4091514130014,7.763884383816099,11.018417223945091,6.193906873978156,0.026014719476870216,0.010145626009458496,0.571199591932851,0.1799991687803093
125.897,469.60916703600014,7.772831330439142,11.023937511798033,6.193795195626995,0.025996543447595912,0.01019213176763012,0.5694116078250333,0.17999916878039812
125.955,469.80921324299925,7.781792486423653,11.029473290728903,6.193683449015638,0.02598053798132227,0.010232881606844206,0.5678438863876515,0.18054305733379294
126.012,470.00911806099975,7.790608133452296,11.034908350002874,6.193573338172864,0.025965358768060796,0.010271353348698232,0.5663629175811604,0.18054305733423703
126.07,470.2092497750018,7.799588944910902,11.040449678259511,6.19346123625942,0.025951659561167028,0.010305930493349906,0.5650311301705421,0.1810112190134383
126.127,470.4091454360023,7.80842382381973,11.045895327489777,6.193350862671756,0.02593896936701161,0.010337839634132484,0.5638014780661079,0.18141459557883266
126.185,470.60915536500033,7.81742172519704,11.051440022097,6.19323842819422,0.02592709000487724,0.010367605095252782,0.5626538907051153,0.18141459557874384
126.241,470.80916901599994,7.826117223293354,11.05679854836882,6.193129774911156,0.02591669666372894,0.010393564128608975,0.5616526257357799,0.18176199673938243
126.299,471.0095017340027,7.835285313861585,11.062442598843012,6.193015122845124,0.025906289630903894,0.010419475095933578,0.5606527996349866,0.18176199674009297
126.355,471.20932012400226,7.843840738202329,11.067795456578304,6.1929095522332345,0.025900719030734605,0.01043319633602298,0.5601232551657757,0.1820608713726024
126.41,471.40921801700097,7.852392034099939,11.073200207242877,6.192804928633347,0.0258970299242312,0.010442412617681777,0.559770163741907,0.18206087137286886
126.469,471.60917358200095,7.861569622449008,11.078997690894779,6.192692603120009,0.02589363427378724,0.010451092994322739,0.5594393320129999,0.18226617562557834
126.527,471.8092811730021,7.870594949679406,11.084694609727572,6.192582069443115,0.025890401216491908,0.010459512942686358,0.5591209519977899,0.18234969530643852
126.588,472.00906874700013,7.880095489855217,11.090690002422871,6.192465692192133,0.025888192216669565,0.010470189426155243,0.5587946432723855,0.1823496953063497
126.646,472.2092404140021,7.889131913082568,11.096387619779588,6.192354918104997,0.02588543604810969,0.010478606133497876,0.5584960298545735,0.1824280481601548
126.704,472.40938074299993,7.898170151158895,11.102082005316825,6.192244049361039,0.025882705692767228,0.010486895898139649,0.5582013073199615,0.1824280481601548
126.764,472.6094555439995,7.907678209925614,11.10806615328771,6.192127314205668,0.025879953777357724,0.010495201373521865,0.5579053959455009,0.18250380233499897
126.823,472.8091266920019,7.9168763943371525,11.113850683657908,6.192014307127909,0.025877311732597465,0.010503035301263088,0.5576244335305881,0.1825759713256936
126.884,473.00919244000033,7.926232436493414,11.119729471947204,6.191899277097744,0.025874671516936898,0.010510707997596042,0.5573471504051621,0.1825759713257824
126.942,473.20914872900175,7.935278493963289,11.125408597155324,6.191787976742069,0.025872168886320934,0.01051781031863299,0.5570881237828339,0.18264458838146425
127.002,473.409197191002,7.94463815123185,11.131280544892489,6.19167274992725,0.02586957178710689,0.010524962641095287,0.5568241793314438,0.18264458838146425
127.061,473.6091332899996,7.953843780740385,11.137050572644844,6.191559331074311,0.025867093502965274,0.01053158519370613,0.5565768194674018,0.18270981626988814
127.119,473.80919988700043,7.963050963356478,11.142817796826105,6.191445829564986,0.02586460022988607,0.010538013025513708,0.5563331872470738,0.18270981626979932
127.178,474.00908889100174,7.972259833801463,11.148581710034629,6.191332234020365,0.02586213575002308,0.010544134862513545,0.5560975222840043,0.18277182075383536
127.238,474.20924414399997,7.981470323259099,11.154342491146265,6.1912185489357245,0.02585968961327734,0.01054997506861418,0.5558688595543897,0.1828307601967616
127.298,474.4091752560016,7.990838406485774,11.160198189968728,6.191102857207657,0.02585719019853581,0.01055570382460368,0.5556405230289633,0.1828307601967616
127.356,474.60914808000234,7.999895868683779,11.165855321799398,6.190990927745664,0.025854826547887722,0.010560889173613877,0.55542974614312,0.18288678545088644
127.415,474.8091223070005,8.009110813629672,11.171607624871386,6.1908769984267105,0.025852402069201356,0.010565996697913575,0.5552182436501897,0.18288678545088644
127.474,475.0091387040011,8.018327233003939,11.177356942371636,6.190762985476799,0.025850010086125117,0.010570819272638214,0.5550143850530128,0.18294004031833566
127.532,475.2091398170014,8.02738877176246,11.183006287135798,6.190650832254653,0.02584766823443509,0.010575350835428734,0.5548190227120391,0.182990672264971
127.592,475.4092344290002,8.036764091480883,11.188847968762683,6.1905347403858695,0.0258452524042543,0.01057984720777236,0.5546214582610972,0.182990672264971
127.65,475.60938395500125,8.045984577916414,11.194589429428635,6.190420503380944,0.02584292304074496,0.010584002843898637,0.5544349631177047,0.18303881924888188
127.71,475.8092783680004,8.055206219458597,11.20032880098438,6.190306205226215,0.025840591612474557,0.010588034939371547,0.5542511456585473,0.1830388192489707
127.77,476.0091499230002,8.064585518137982,11.206162704062935,6.190189893470975,0.025838275013532225,0.010591897019676893,0.5540717168435935,0.18308458965465846
127.829,476.20915458799936,8.07380964543574,11.211897192064722,6.190075458064995,0.02583601938630461,0.010595563167151077,0.5538991337235251,0.18312810739704588
127.889,476.40915730599954,8.083191386498168,11.217725501504095,6.189958998154827,0.025833715671509154,0.010599280250621136,0.5537233948027093,0.18312810739695706
127.948,476.60912262200145,8.092416783477104,11.223453591108097,6.18984444281313,0.025832101341754697,0.010604203033153334,0.5535474659239054,0.18316951159800254
128.004,476.8092851870024,8.101171000942026,11.228862404734727,6.189731628131806,0.025980762324472547,0.010856044708671624,0.5533912629492521,0.1831695115993348
128.063,477.00909630800015,8.110426904247014,11.234493833476314,6.189581287982616,0.026914030715708838,0.012335742428204175,0.5532627731746982,0.18321240789420656
128.121,477.2094245640001,8.119791634486704,11.240103386136408,6.188754947707889,0.029682821322102024,0.015316502443144251,0.5530762711857722,0.18325032311397038
128.18,477.40910356600216,8.129065378781789,11.245727426968426,6.187187708923883,0.03130843767090689,0.01844159376061521,0.5528727737215277,0.18325032314256973
128.24,477.6091375470023,8.138357514877312,11.251474215054206,6.187049382364265,0.03028524739435683,0.020080302549527078,0.5526253911384156,0.18330542052442667
128.299,477.80917198799943,8.147614046160811,11.257213217646816,6.1869162233258255,0.02956888615969717,0.02122273657547493,0.5523425900525771,0.18330542052771293
128.357,478.00944490000256,8.156867625298604,11.262879854872974,6.186795995014995,0.029457436751515523,0.021447119824803785,0.5520847640357325,0.18336142756458784
128.414,478.2092514819997,8.165629866781098,11.268249821074768,6.186682595104819,0.029456813168745644,0.02146854875676738,0.5518164465732387,0.18336142756849583
128.473,478.40936568300094,8.175036476304049,11.273991610185902,6.186560924466973,0.02945563191900827,0.021496403124502017,0.5515535284386629,0.1834326968285005
128.529,478.60918218400184,8.183660407209153,11.27925537137318,6.186449357204425,0.029454043922985257,0.021522552812081437,0.5513285245161322,0.18350617483671172
128.59,478.8091193830005,8.19322632466095,11.285093954784612,6.186325592363122,0.029452023637158743,0.0215517740697221,0.5510960719455854,0.18350617483680054
128.646,479.00914806999936,8.202009119746938,11.290455724839049,6.186211977985555,0.02945016948741351,0.02157834148877533,0.5509055080609451,0.18357159446420468
128.705,479.20933466600036,8.211263446096101,11.29610419365509,6.1860922399975635,0.029448131249124182,0.021606389545166124,0.5507123897390116,0.18357159446420468
128.765,479.40918542800136,8.220675472636797,11.301850579772559,6.1859704926040004,0.02944620963554949,0.02163439667727599,0.5505405183512813,0.18362815909886976
128.819,479.60918264499924,8.229303972044224,11.307117836070534,6.185858866025131,0.029444448563123192,0.021659995788442778,0.5503901885885957,0.18362815909886976
128.878,479.80912411900135,8.23840380749367,11.312673361012893,6.185741152366345,0.029442686032364017,0.02168668179496321,0.5502460598361998,0.18367710860633935
128.934,480.0091939289996,8.24719051328907,11.318037816850865,6.1856274916200125,0.029441052249714522,0.021712222055771738,0.5501177442855368,0.1837195091163757
128.993,480.20912936600143,8.256448584262156,11.323689752202124,6.185507728314131,0.029439370393590902,0.021738983634584083,0.54999051914978,0.18371950911619805
129.049,480.4091331840027,8.265393360863282,11.329151237629333,6.18539203377381,0.029437860688420782,0.021764500040822147,0.5498815484011312,0.18375625030566667
129.106,480.60914270099966,8.274181755351204,11.334516525101384,6.185278348848873,0.02943638148833973,0.02178952957293062,0.5497779646379819,0.18375625030557785
129.167,480.80911512700186,8.283755307169432,11.340362056784844,6.1851545251234255,0.029434890543209233,0.02181645023661341,0.5496788282512013,0.18378809496244486
129.226,481.00916534200223,8.293015476723761,11.34601588182217,6.185034748505771,0.029433481443960543,0.02184238158653578,0.549588288867551,0.18381570159489158
129.285,481.20926431800035,8.302433035475993,11.351765889434137,6.184912938472018,0.029432110074317556,0.021868575928117882,0.5495036055579332,0.18381570159489158
129.344,481.4093781190022,8.311537059016073,11.357324755428436,6.184795190099888,0.02943085953749931,0.021893692309175452,0.5494297123938309,0.18383963916503987
129.403,481.6091315850026,8.320793679629551,11.362979740256922,6.1846685062640665,0.029427378567565585,0.02187232822188803,0.5493568225353274,0.18383963916539514
129.463,481.8091883060006,8.33020027845029,11.368725721695863,6.18451422439628,0.029428660167894593,0.02166152419568496,0.5492911307011749,0.18386039958100397
129.521,482.0092439550026,8.339293522480498,11.374280355957618,6.184364991080307,0.029427963820725826,0.021459699490104105,0.5492335851443856,0.18387847251233325
129.58,482.2091386480024,8.348543253315036,11.379930952831886,6.1842131447717055,0.029427317849487256,0.02125385558804026,0.5491810336776205,0.18387847251233325
129.64,482.4092418620021,8.357866267218927,11.385639395331015,6.183853273517769,0.029425868235389577,0.019571604894136244,0.5491013733925596,0.18389337915616366
129.699,482.6095734800001,8.366946477488547,11.391208454804776,6.182889177850546,0.029423880034448745,0.013553815132756525,0.5490126886282392,0.18389337913582438
129.758,482.8091351430012,8.3760780190336,11.396791396701225,6.182449292815859,0.029423514306581904,0.011301156256023334,0.5489807758786885,0.18390719102345798
129.816,483.00918605699917,8.3851799748954,11.402354911392877,6.182330370240869,0.029423192075465114,0.01130473233032104,0.5489486655257615,0.18390719102345798
129.875,483.2091231400009,8.3942822078078,11.407918722459222,6.182210651245182,0.029422895828525107,0.011307033599824153,0.5489203809034383,0.1839218834652101
129.933,483.4091685099993,8.40305872150576,11.413235109244365,6.182093879513089,0.02941821336453999,0.011320070673122658,0.5485052876469665,0.17152188347528963
129.993,483.6093317779996,8.411087757672565,11.417846157877618,6.181982008823903,0.029386704890570686,0.011402124377313657,0.5457311433267978,0.15240256213759906
130.052,483.8091726290004,8.419100134755054,11.422248657589947,6.181866400386403,0.02932602189378748,0.011557608324306152,0.5404445174421136,0.1523500095184538
130.108,484.00940864800214,8.426967473046565,11.426388971547512,6.181749301427786,0.029238549361119245,0.011777340063330179,0.5329469278851059,0.15235000951889788
130.166,484.20918613600224,8.434984631553109,11.430446305653055,6.181626820465557,0.029121651844691104,0.012063642286602927,0.52314017538448,0.15352182799768244
130.223,484.4095693599993,8.443143557039287,11.434410797174396,6.18149898709565,0.028993228868033936,0.012369215613643568,0.5126277544847259,0.1559924819185099
130.283,484.6091407970016,8.451908175409876,11.438509729557559,6.181358577126319,0.028864428369508408,0.01266695243117906,0.5023387480969653,0.15599248191913162
130.341,484.80914717500127,8.46056725516346,11.442416286852124,6.1812171016082145,0.02874421829894933,0.012937476937054335,0.4929493134067926,0.15899154856802156
130.399,485.0091565110015,8.469376592994108,11.446231727537665,6.181070113351732,0.0286293293518742,0.0131898062068067,0.48415529238878463,0.15899154856793274
130.456,485.20947330200215,8.478314890601236,11.450073444074425,6.180920401675508,0.028522477549278544,0.013419333602360984,0.4761247672476827,0.16165207329006392
130.515,485.4091886390015,8.487287859509909,11.453893421897781,6.180769403054494,0.02841805059572712,0.013639104826696035,0.46840695291259316,0.16165207329006392
130.575,485.609440471002,8.496632653478613,11.457881002413458,6.180612324264175,0.028319096446181358,0.01384340589577566,0.4612066351045816,0.1639868733963823
130.633,485.80914771800235,8.505719509747701,11.461730314618027,6.180459038099705,0.028226630741434142,0.01403098768158263,0.4545731301697051,0.16604988046760027
130.692,486.0091984339997,8.515001958076908,11.465644727593869,6.1803021103632085,0.028137709323248276,0.014208472984385533,0.4482764392467733,0.16604988046955427
130.751,486.20914538800207,8.52434892559267,11.469576933957462,6.180143910140474,0.02805462124864245,0.014371834787717301,0.4424630405122048,0.16788076809932662
130.809,486.4091751160013,8.533566768187873,11.473421835208855,6.179987261124768,0.027975151143781987,0.014525919151110582,0.4369638575486534,0.16788076810057007
130.869,486.60915795099936,8.543158719356553,11.477420644108534,6.179824212812457,0.02790019010854762,0.014669382569683998,0.4318295636716114,0.16950895944365385
130.926,486.8091208580008,8.552314694010935,11.481207406582927,6.179667993374904,0.027830668426117228,0.014800856652813327,0.4271121308690019,0.17095971682774547
130.985,487.00909927500106,8.561748513374928,11.485312094932688,6.179510944869841,0.027761630704174197,0.014930038828972092,0.422465333497245,0.17095971682916655
131.044,487.20916772800047,8.57128702457499,11.489387379023983,6.179350715771177,0.027692347802945324,0.015058267242077874,0.41784133525196065,0.17225621166909733
131.102,487.40917837300003,8.580797404589923,11.493281856839433,6.179187716584433,0.0276264639390732,0.01517891006832692,0.4134802292247014,0.17225621166838678
131.16,487.60915174000183,8.590399039729304,11.497166480312005,6.179022245559372,0.02756859978031085,0.015283858476621379,0.40967793916630024,0.17389530664457808
131.216,487.8091386510023,8.599680869253524,11.50089489927331,6.178861770184049,0.02751425326025231,0.015381576975261801,0.40613036181934575,0.17389530664457808
131.275,488.0092284700004,8.609646641910535,11.50487961926699,6.17868911513637,0.02745928519877871,0.015479593305944098,0.4025648828708752,0.17465774836020742
131.334,488.20914804600034,8.619303052887638,11.508721344014493,6.178521448197646,0.027408784212009023,0.015568929126588556,0.39930890853803974,0.17564740026880798
131.393,488.4091876620005,8.629308431434318,11.512681612633784,6.178347331515091,0.027359121023493607,0.01565612492460952,0.3961251082398658,0.17564740026880798
131.451,488.60930280600223,8.638971786826312,11.516480496775499,6.1781786727689925,0.02731224284407937,0.0157377852820846,0.3931381519006061,0.17654710147443353
131.51,488.8091484100005,8.648632443741418,11.520245090833079,6.178009425563194,0.027265128583268357,0.015819255126444436,0.3901530196094277,0.17654710147434471
131.569,489.00918039700264,8.65848838476768,11.524079485627635,6.177836635323408,0.027221956959727574,0.015893408024644645,0.3874314836502299,0.17738525927999405
131.627,489.2091852400008,8.668196753685903,11.527838776320804,6.177666091455277,0.027181431884863036,0.015962587910197248,0.3848885559373138,0.17817802806820993
131.685,489.4091326859998,8.677924867301224,11.531594706960737,6.177494988302284,0.02714387141339629,0.016026340680889227,0.3825417507191446,0.1781780280681211
131.743,489.60913436600094,8.68767559172882,11.53534982463301,6.17732330305463,0.027109284164154333,0.01608473784388881,0.3803892298737267,0.1788733809326537
131.802,489.8091397450007,8.697607094987857,11.539158675043911,6.1771481283805985,0.02707549441063549,0.016141507342778284,0.3782940631803024,0.17887338093283134
131.857,490.0091477829992,8.70688821791629,11.542715144348222,6.176984367486763,0.027047576827669,0.016188199417236527,0.37656885548401636,0.1794820709131173
131.908,490.20923054800005,8.715501214538895,11.546001903575936,6.176832131433843,0.02702203963492391,0.016230748439024424,0.37499517233699786,0.17948207091302848
131.965,490.40918985700046,8.725145841156278,11.549679228950247,6.176661600343632,0.02699651944212372,0.016273111011349428,0.3734269052069657,0.18001588064038287
132.019,490.6091013860023,8.734292265881704,11.553155266826536,6.176499659432792,0.026973176037214545,0.01631172678552547,0.37199605000848923,0.18001588064038287
132.074,490.80944510100016,8.743790845851153,11.556759571421003,6.176331375453422,0.026950986461749274,0.01634831426012353,0.3706392068110469,0.18048459749069323
132.129,491.00917893000224,8.752960579392628,11.56023121233412,6.176168765175489,0.026930803270301274,0.016381494636775403,0.3694077475711498,0.18089653482293855
132.136,491.0352995350004,8.75415023345803,11.560681423219792,6.1761476648892915,0.02692834955791969,0.01638552188077814,0.36925821735312675,0.18089653482293855
132.19,491.2246987639992,8.763329204426627,11.564148602324837,6.175984736849266,0.026909433568949696,0.016416524156800692,0.3681066565063849,0.18089653482293855
132.24,491.42468904600173,8.771838936731573,11.56735950865275,6.17583362024736,0.02689345805290056,0.01644264307906539,0.3671358554886306,0.1812588018367478
132.296,491.6247133319994,8.7813752377698,11.570949501587819,6.175664114261861,0.02687611381343896,0.016470937302953487,0.36608355065848003,0.1812588018367478
132.348,491.8246915519994,8.790241006257617,11.574284567617614,6.1755064781811635,0.026861678497307306,0.016494435207441052,0.36520911169215026,0.18157722180900393
132.401,492.02471152400176,8.799245796790707,11.577680312810513,6.175346536599763,0.026848719047201347,0.01651553935653762,0.36442333314983166,0.1815772218074052
132.457,492.2246675960014,8.808783862063631,11.581264437372871,6.175176882984535,0.02683642478762127,0.0165355724318899,0.3636770908159496,0.18185712658906894
132.51,492.4251404349998,8.817985346772955,11.584715493231856,6.175013088895943,0.026824796669845684,0.016554494580644105,0.36297191717144156,0.18185712658906894
132.564,492.62490114600223,8.827025589544007,11.588103335481506,6.1748521117674695,0.026814351374648545,0.016571474735034078,0.36233885632838186,0.18207426446537056
132.619,492.82479127400075,8.836411816325745,11.591615542849823,6.174684871398642,0.02680386199039771,0.01658850670875441,0.3617036153813392,0.18207426446537056
132.675,493.02467325900216,8.845976345906173,11.595191053706193,6.174514387696391,0.026793946457134718,0.01660459099614972,0.36110349204138303,0.1822709423215052
132.73,493.2247059190013,8.85537593431588,11.598700827711298,6.174346764901707,0.026784724002810224,0.016619535701777714,0.36054568798572456,0.1824477373352451
132.784,493.42469804400025,8.864780788136484,11.602208845220419,6.174178975928869,0.026775975593991624,0.016633698053866827,0.36001690742185527,0.1824477373352451
132.838,493.62464863100104,8.874020889735137,11.605652580426337,6.174014071159438,0.026767997069313952,0.016646602914773222,0.3595349266563633,0.18260614136185183
132.894,493.8247602930023,8.883435654038541,11.609157849057762,6.173845980117385,0.026760151552028474,0.016659279063477927,0.3590613478071544,0.182606141361763
132.951,494.0251311890024,8.893371131762189,11.612854894228228,6.173668551379678,0.026752624703382875,0.01667143011848949,0.3586072553177523,0.1827479907779761
133.008,494.22469246900073,8.902971816609378,11.616424136654127,6.173497044929515,0.02674580253541524,0.01668239456193507,0.35819739697691155,0.182747990776555
133.066,494.42475361499964,8.912925836785242,11.62012411787363,6.173319220932742,0.026739630877321712,0.016692259357646295,0.35782855683399256,0.1828747027705191
133.124,494.6247842119992,8.922882672126262,11.62382193985476,6.173141284370095,0.02673368289273713,0.016701753010268928,0.3574735128343958,0.18298028167089697
133.182,494.8246473069994,8.932843006898864,11.627518610797955,6.17296323733714,0.026728078904359128,0.016710684706229457,0.3571394131477702,0.1829802816709858
133.239,495.02470205600184,8.942634922892026,11.631150489755319,6.172788156042614,0.02672289888223563,0.01671892925309857,0.3568309548128288,0.1830726324891785
133.298,495.22469466000257,8.952772658208485,11.634907814571555,6.172606836161652,0.026717705138599286,0.016727185833838767,0.3565219866420811,0.18307263248908967
133.356,495.4246462830015,8.96274247046167,11.638601297790629,6.172428487719223,0.02671303233986801,0.016734603602248897,0.3562443564542712,0.18315651976710257
133.412,495.6246839529995,8.972370112290635,11.642165471438393,6.172256210259273,0.026708620677035066,0.016741600246592537,0.3559824435650819,0.18315651976701375
133.47,495.8246652170019,8.982344708588592,11.645856526872546,6.172077693190739,0.02670438525343598,0.016748309340343735,0.3557312545942185,0.18323268675786153
133.527,496.0246855389996,8.992149318104904,11.649482607895656,6.171902177416423,0.026700391642212426,0.016754629904084155,0.3554945757422049,0.18330181637384868
133.585,496.2247125890026,9.002128117944245,11.653171320282908,6.1717235078032,0.026696533522318603,0.016760730969242472,0.3552660828436496,0.18330181637375986
133.642,496.4246636800017,9.011937247273748,11.65679580303521,6.171547845956737,0.026692985124485105,0.016766337693151882,0.3550560745349885,0.18336456594765238
133.7,496.62465357100155,9.021919850077442,11.660482424310153,6.171369038754569,0.026689471495361456,0.016771887467107713,0.3548481719780852,0.18336456594765238
133.757,496.82469861700156,9.0317330138948,11.664105449037429,6.171193245831347,0.026686321120495234,0.01677685990963366,0.35466187373100366,0.18342153552044493
133.813,497.02475391900225,9.041375082144842,11.667663546878762,6.171020483186708,0.026683291286914813,0.01678164215357279,0.35448268057804705,0.1834215355202673
133.871,497.2247861020005,9.051535823257884,11.671411898763743,6.170838404251087,0.02668032787362357,0.016786318631050387,0.3543074310409113,0.18347326803054287
133.928,497.4246869810013,9.061181478205619,11.674968818217836,6.170665527693052,0.02667762951696482,0.01679057822244312,0.3541477873606772,0.1835202546780934
133.986,497.62484557800053,9.071175290154349,11.678653267363455,6.170486400740234,0.026674902454506016,0.01679492335254695,0.3539848620347528,0.18352025467933686
134.044,497.8246916200005,9.08117371148499,11.682336973948006,6.170307150606917,0.02667225031452885,0.01679919806870348,0.35382462064949055,0.18356323195414248
134.101,498.0246984940022,9.091000546269361,11.685956010482874,6.1701309481174595,0.0266697116383535,0.016803294104850437,0.3536710618165695,0.1835632319542313
134.159,498.22466819200054,9.101001349554013,11.689638430870142,6.169951612317992,0.026667386411185802,0.016807054004872694,0.35353009155079285,0.18360591951651628
134.216,498.42464598600054,9.11100292326159,11.693319794479724,6.169772236115402,0.026665126473081092,0.01681071083684872,0.3533929736607949,0.18360591951642746
134.277,498.6247259820011,9.121350583869877,11.697127661119222,6.169586634992283,0.026662964093806234,0.016814214879195547,0.35326157400119157,0.18364487729813916
134.334,498.8250534880026,9.131354279425022,11.70080798645872,6.16940718394293,0.026660996552400205,0.016817405982805456,0.3531419001068667,0.183679886542798
134.393,499.02468592600053,9.14135874179307,11.70448762335256,6.169227699563524,0.026659114842335543,0.016820458606673302,0.3530274113502123,0.18367988654297562
134.448,499.2248983210011,9.150846715464272,11.707976730752726,6.169057469503593,0.02665748210350514,0.0168231099164494,0.3529279674562731,0.18371135741359623
134.502,499.4248106769992,9.16016190354011,11.71140138004616,6.168890321090881,0.02665589207022358,0.016825688719330992,0.3528312387073508,0.18371135741359623
134.556,499.6250176169997,9.168793681294146,11.714535414485004,6.1687346790671125,0.026635728166901625,0.0168576455121828,0.35163205486341176,0.15968389245362147
134.614,499.82468483900084,9.177565651970257,11.71759026762703,6.168574010599426,0.02657446476076778,0.016954110008777837,0.3480065534171671,0.15968389245344383
134.675,500.0246944110004,9.18703292312428,11.720661765903035,6.16839628274126,0.02645425884838964,0.017141068286257683,0.34095593675756036,0.15969475799257893
134.731,500.2249577370021,9.196008599640207,11.72341427695956,6.168224719020237,0.026303954200354217,0.017370837361766527,0.3322463746288538,0.1609874678927703
134.79,500.4249041559997,9.205267425257338,11.726097676923285,6.16804474669964,0.026147738626503124,0.01760509749737563,0.3233146371380941,0.16098746789410256
134.849,500.6247224960025,9.21480582349163,11.728798420832087,6.167858115972135,0.02599888378256138,0.017824170380406908,0.3149130297279034,0.1634869851336873
134.907,500.8250849230026,9.224380499635373,11.731468014316075,6.167669978830215,0.025855770254343845,0.01803111673042252,0.3069317484400023,0.1634869851335985
134.967,501.0246843080022,9.234135668926337,11.734182195319976,6.16747818411454,0.025727185624202203,0.018214077429481404,0.29983832090035467,0.1676991792741056
135.024,501.2247939730005,9.243607126360887,11.736768157223784,6.167291019902492,0.02560716250351379,0.01838239505252896,0.29328097326934827,0.1698067455992991
135.082,501.4247021320007,9.253302596842017,11.739386787973318,6.1670988809445895,0.025495318578583743,0.01853715873476296,0.28722428579139136,0.1698067456002761
135.139,501.6247170780007,9.262884928995048,11.741945943409595,6.166908427875424,0.025391720736173747,0.01867876457323591,0.28165904793221,0.17164107997409417
135.198,501.8246874569995,9.272835213844553,11.744565881833763,6.166709940792377,0.025290192027996716,0.01881595021066387,0.2762456948263828,0.1716410799742718
135.253,502.02485033300036,9.282175071765048,11.747006335097764,6.166523269555329,0.025204102228441855,0.01893106357363861,0.27168642234422863,0.17324709131871785
135.311,502.22470647700175,9.29204396605486,11.749548602302202,6.16632532454029,0.02511580076610091,0.01904800674034537,0.2670386170728337,0.1732470913199613
135.371,502.42470338800194,9.302306456214886,11.752168636618567,6.166119031220129,0.025033966445248333,0.019155383297180424,0.2627565432854173,0.17465612278435572
135.43,502.6246823460024,9.312224130226678,11.754770726303162,6.165921027425765,0.024965370572383825,0.01924473510518962,0.25918252551863513,0.17589484376276943
135.485,502.82467657099915,9.32175788528455,11.7571743491713,6.165728810519769,0.02490274585337029,0.01932573973621248,0.25593386001281815,0.1758948437616148
135.54,503.02466539300076,9.330999764622032,11.759475768522845,6.165541928014414,0.024846128749352284,0.019398512128721727,0.25300834174222103,0.17687929549063952
135.6,503.2248210780017,9.341291468629475,11.762011549674055,6.1653332959612035,0.024785342489230467,0.019476160260526846,0.24987942445594408,0.17687929549072834
135.656,503.42472638899926,9.350946286600207,11.764373667627003,6.165137252259427,0.024733605893859714,0.019541860217290815,0.2472259460572386,0.17775962296502357
135.708,503.62469482800225,9.359921849942813,11.766548592588858,6.16495459658339,0.024686239272765358,0.01960169887699745,0.24480433944843416,0.17775962296493475
135.763,503.82474146000095,9.369456544013428,11.768843575794802,6.164760265030722,0.024640528422513477,0.019659168006536058,0.24247423245860816,0.17855166537614764
135.818,504.02471065200007,9.379005936711728,11.771123029335053,6.164565266565511,0.024595921878415233,0.019714985637108644,0.24020692675512464,0.17855166537614764
135.876,504.2248215030013,9.38928300617776,11.77355829186876,6.164355064079466,0.024551459411142302,0.019770367956734435,0.2379532220346646,0.17926374426995295
135.935,504.4247268540021,9.399410271577484,11.775940274551136,6.164147582765741,0.024509985201114064,0.019821799426967428,0.2358566182974492,0.17990433210997026
135.995,504.6247295810026,9.409906992173864,11.778390067389,6.163932164295377,0.024468971169262537,0.01987244426751976,0.23378860034914398,0.17990433211130252
136.051,504.8247210469999,9.419734898869676,11.780670170161164,6.1637302091024715,0.024433767249009,0.01991574545949319,0.23201768963494615,0.18048112937085747
136.103,505.02470165400155,9.428868111105288,11.782774310374377,6.163542244165201,0.024401560709395625,0.019955221750991046,0.23040097583584832,0.18048112937076866
136.155,505.22472627500247,9.43802958946917,11.784875009875428,6.163353505364267,0.024372303400755423,0.019990971155669314,0.22893504612407606,0.18100092018089597
136.207,505.4247084519993,9.447196142511142,11.786964007835794,6.163164414021208,0.024343283399758667,0.02002632332115196,0.22748366736453143,0.18100092018089597
136.265,505.62473797799976,9.457447305952297,11.789288708613347,6.162952727542153,0.024313688776999513,0.02006226760824063,0.2260061994877397,0.18146971380685883
136.32,505.8246908229994,9.46717846962243,11.79148400848286,6.16275155774047,0.024286502391777657,0.0200951895595196,0.22465137783715106,0.18146971380694765
136.369,506.02510226100276,9.47604111483653,11.793474741575917,6.16256817617443,0.02426342094662965,0.020123067734040496,0.22350292993477874,0.18189277845834795
136.419,506.2249136080027,9.484744836579841,11.795422023439865,6.162387937217428,0.0242420909432344,0.020148753686959474,0.22244381231482954,0.18189277845834795
136.47,506.4246908210007,9.493836614112327,11.797448320583484,6.162199518742809,0.02422229444733922,0.02017250915022545,0.22146348140088118,0.18227374963748488
136.519,506.62467761600055,9.502756942076344,11.799428582446867,6.162014502755394,0.024203490676615053,0.020195025706586083,0.22053353448020677,0.18227374963739607
136.568,506.82480971599944,9.511330233415666,11.801325376741302,6.161836560798265,0.02418647493810628,0.020215360438424576,0.21969307674108082,0.1826017997415441
136.619,507.02470942199943,9.520445133282049,11.80333472565484,6.161647237391353,0.024168895993258208,0.020236329260718708,0.21882579025872495,0.18260179974163293
136.674,507.2247997859995,9.530285204229216,11.805496488557239,6.161442708050177,0.024151004864329834,0.02025762898674154,0.2179441714024135,0.1828856453849781
136.729,507.4247017100024,9.540133055849347,11.807652174272095,6.161237866865903,0.024133845352303552,0.020278019732738788,0.21709956314788503,0.18314509253531952
136.788,507.6249943840012,9.550884504655333,11.809997195164023,6.161014067180457,0.02411593326265061,0.02029926588384188,0.21621888439623457,0.18314509253549716
136.846,507.8247812200025,9.561109326281606,11.812219964785728,6.160801087209844,0.02409999984055109,0.020318131494928404,0.2154363331065035,0.18338233126078407
136.903,508.0246617900011,9.571340287158225,11.814437516454873,6.1605878539877095,0.024084348207690988,0.020336636513924315,0.21466813732696852,0.1833823312574978
136.951,508.2249370919999,9.5799829498973,11.816304687186282,6.1604076161302785,0.02407128793110683,0.020352106686676103,0.2140256413334537,0.18359938969343403
137.002,508.42464835800274,9.58916819323758,11.818281812828035,6.160215923132298,0.024057422384858723,0.02036851105736862,0.2133439591211752,0.18359938969334522
137.056,508.6246535650025,9.598902529344553,11.82037188193772,6.160012669323474,0.02404400227364316,0.02038437043723756,0.21268454696466432,0.1838079305847451
137.112,508.82473055800074,9.609000210802458,11.82253332336517,6.159801700444808,0.02403032262062693,0.02040051709779632,0.21201280792411553,0.1838079305848339
137.161,509.0248112520021,9.617842095290959,11.824421493452354,6.159616882157076,0.024019252069289516,0.020413570841491386,0.2114694608098136,0.18400770578530512
137.211,509.22494212600213,9.627047228611533,11.826382268660591,6.159424374779603,0.024007946380856456,0.02042688854565856,0.21091486666192288,0.18400770578539394
137.269,509.42469368800084,9.637341983203951,11.828570236156922,6.159208984725953,0.02399623439650682,0.020440671911041042,0.21034060474797028,0.1841884907557656
137.326,509.6247852350025,9.647821451148413,11.830791816278266,6.1589896203181285,0.023984793095737006,0.020454123064906488,0.20977991249202463,0.18435223739636797
137.385,509.8247080620022,9.658305626233169,11.833009228475252,6.158770056780068,0.023973950038985718,0.020466858621199624,0.20924880215677907,0.18435223739627915
137.435,510.0246748190002,9.667348049324199,11.834917821775454,6.158580611156243,0.023965171197672268,0.020477161127727787,0.2088189808203639,0.18450073150928503
137.485,510.22504743800164,9.676573652141345,11.836861459625347,6.1583872571602605,0.023956493894476596,0.020487336207529988,0.20839432103117989,0.18450073150928503
137.543,510.4247393350015,9.686889415657078,11.839030809009394,6.1581709777057805,0.023947435140711678,0.020497950450894316,0.20795116813210485,0.18463545443134777
137.599,510.62466187300015,9.697207448047108,11.841196277265619,6.157954565597874,0.023938605507643713,0.02050828682905269,0.20751945487635087,0.18463545443268004
137.646,510.8247546370003,9.70553870571138,11.84294221795793,6.157779774302078,0.023932103595118707,0.020515893407023443,0.20720165373664656,0.18475772069121987
137.702,511.0247569750027,9.715681980954923,11.84506425326733,6.157566895482485,0.023924215862703758,0.02052511347163374,0.20681632548511614,0.18475772069255214
137.759,511.22471549799957,9.726011445567611,11.847222031234004,6.157350046212454,0.023916891832821065,0.020533668453686493,0.20645867870922538,0.18486871338208033
137.804,511.42472481500226,9.734166999123344,11.848923042104499,6.157178782799666,0.023911142014981433,0.020540378966949442,0.20617806385096266,0.18486871338208033
137.848,511.6247990970005,9.74214460232382,11.850585251146784,6.157011223239422,0.023905989511748278,0.02054638902752103,0.20592668252447976,0.1849695050170297
137.888,511.8248687510022,9.749397293489611,11.8520946383271,6.156858854865495,0.02390130377921049,0.020551850701769195,0.2056981909265652,0.18496950501694087
137.935,512.0246430459993,9.758103141932885,11.85390465176126,6.156675922729955,0.023896043793131493,0.020557977836358945,0.20544180538303888,0.18506106171081171
137.986,512.2247606150013,9.767172982465079,11.855788054200874,6.156485297705769,0.023890696199782815,0.020564201736382064,0.20518131119203548,0.18506106171063408
138.039,512.4247121570006,9.776787705618753,11.85778172874207,6.156283168573876,0.023885193260245973,0.020570579240392534,0.20491431658302411,0.18514425227111886
138.09,512.6248786760007,9.786036525806534,11.859697097598755,6.156088691892746,0.02387970500212848,0.020576892792668694,0.20464995804191694,0.1851442522723623
138.135,512.8248178419999,9.79419990737078,11.861385970566916,6.1559170058099575,0.023875193211559766,0.020582075276316517,0.20443291272168226,0.18522275955303868
138.186,513.0246425160003,9.803452907492456,11.863298229424855,6.155722364147929,0.023870205397103116,0.02058779930795651,0.20419313867628355,0.18522275955303868
138.243,513.2249097060012,9.813797700218217,11.865433889317526,6.155504712673641,0.02386503176790506,0.02059372835993476,0.20394472318675128,0.18529916483895903
138.302,513.4248052370021,9.824688584826472,11.867679657743901,6.155275520479321,0.023859756822964033,0.020599769024149363,0.2036915759088183,0.18529916483895903
138.36,513.6246792720012,9.83503845121157,11.869811834301128,6.155057674361943,0.02385523002977903,0.02060494699125453,0.20347453805501756,0.18536780354780902
138.415,513.8247030640014,9.84502015835026,11.871866574179823,6.154847556965911,0.023851400602593113,0.020609381922785247,0.20328858209062792,0.18536780354656557
138.474,514.024801552001,9.855731608090922,11.874069723756058,6.154622044023538,0.0238475720273098,0.02061382405655165,0.2031023120387091,0.1854293272222307
138.53,514.2246811510013,9.865900256193516,11.876159500798332,6.154407925018077,0.023844105025013353,0.02061784863248693,0.2029335292582921,0.1854791577850179
138.59,514.4246909079993,9.876797084459717,11.878397182359318,6.154178438403211,0.02384055671741078,0.020621969513168754,0.20276068505491432,0.18547915778492907
138.648,514.6247854870016,9.88724286356076,11.88054066290426,6.153958419486143,0.023837370682507932,0.02062567178880093,0.20260538165156894,0.18352951736151368
138.706,514.8246768659992,9.89765468222412,11.882675365456274,6.1537390799635645,0.023834040019411598,0.02062954188123602,0.20244302303099052,0.18352951736142487
138.763,515.0248082060025,9.907164191073132,11.884593393452008,6.153538139479461,0.023804777915483438,0.020663324503368774,0.2010247288496967,0.16953862361477334
138.817,515.2246823250025,9.916106849218037,11.886337493208224,6.153348031334723,0.023736486178530945,0.02074176230189796,0.1977248709059669,0.16953862361486216
138.873,515.4247069820012,9.92537768693642,11.888091062896663,6.153149898146283,0.02364352245066049,0.02084769624746124,0.19325307928892774,0.1696421414313143
138.925,515.6246856520011,9.934012005805899,11.88969641354091,6.152964833010624,0.023559555539948544,0.02094256179589484,0.18923348873215626,0.1707375835037439
138.984,515.8251221940009,9.944019388457848,11.891520002244315,6.152749625135512,0.02346719044877624,0.021046033797644935,0.1848327787855551,0.17073758350303336
139.034,516.024974199001,9.952400477047975,11.893024602516485,6.152568954679124,0.023394372650447193,0.021126965165840325,0.18137858156769884,0.1719917697378115
139.089,516.2246981250028,9.961483567828122,11.894624292023899,6.152372555901704,0.02331887946986568,0.02121027896141155,0.1778114032731479,0.1719917697388773
139.142,516.4250012410012,9.97061446610378,11.896209949768547,6.152174691027127,0.02324821069357217,0.021287729597975424,0.1744848414182659,0.1731081090158959
139.198,516.6249261190023,9.979936186126238,11.89779835076424,6.151972106133208,0.023178287155798876,0.021363855512960918,0.17120526792214522,0.1731081090158959
139.251,516.8246506890027,9.988971326523833,11.899317816945953,6.151775362157538,0.0231162417199241,0.021430986243319808,0.16830495998800368,0.17410841261904508
139.287,517.0246690700005,9.9952850562446,11.90036350922422,6.1516375680898365,0.023073435670943658,0.02147707292108533,0.1663093128280948,0.17410841261904508
139.335,517.2246790829995,10.003336879355063,11.901684353982052,6.151461596098729,0.023022260159360892,0.0215319286437998,0.16392909886640622,0.17501000857320648
139.387,517.4247463819993,10.012264731199465,11.90312662380768,6.151266049771179,0.02296749424038291,0.02159034296756078,0.1613886331922098,0.1750100085727624
139.433,517.6247243790021,10.020190008210331,11.904392499609065,6.1510921849401425,0.02292178598398895,0.021638868425257675,0.15927361159686626,0.17582400984625934
139.478,517.8247224229999,10.027959147869078,11.905617095526939,6.150921431038118,0.022878619335379307,0.02168450652222349,0.15728057568586387,0.17582400984617053
139.525,518.0247672780024,10.036092383945798,11.906885821936042,6.150742419648128,0.02283535135820185,0.021730068489755897,0.15528709703168486,0.1765597649599826
139.577,518.2247011180007,10.045115498753653,11.908275826148266,6.15054348478589,0.022789951488321344,0.021777679379819222,0.15319992079198538,0.17655976496007142
139.625,518.4248093780006,10.053461943784912,11.909548778189325,6.150359222166181,0.022749776092030348,0.021819644737882875,0.151356771982542,0.1772253648463007
139.678,518.6247928350022,10.062703262736706,11.910940698197903,6.150154867101594,0.022707795680159296,0.021863328540219325,0.14943467296949253,0.1772253648463007
139.729,518.825113228002,10.071830563795293,11.912301795928332,6.1499527791985145,0.022670788663133632,0.021901664014505603,0.1477449608058117,0.17782612796164443
139.783,519.0246806610012,10.081159724009158,11.913675151609608,6.149745880648653,0.022635140649265247,0.021938460680835173,0.14612049687624587,0.17782612796164443
139.834,519.2248738570015,10.09015474512149,11.914986561742836,6.149546147483663,0.022602514461478627,0.02197203102018533,0.14463622578417756,0.17833876398416493
139.888,519.4246477390006,10.099702792123844,11.91636393742907,6.149333855738232,0.022568414083460362,0.022007019829764392,0.14308685450342606,0.17833876397892467
139.939,519.6246553170022,10.108947029508467,11.917684230211965,6.149128073004871,0.0225357262540825,0.02204049619140386,0.1416023634592796,0.1787941959643824
139.996,519.8249703220026,10.119087108494897,11.919117127127002,6.148902053349848,0.022500732414936938,0.02207622524693383,0.14001558943517453,0.1787941959643824
140.054,520.0246923760023,10.129247760295447,11.92053836414625,6.148675294890505,0.02246845261061119,0.022109083790686664,0.13855410911897892,0.17924250997243263
140.11,520.2248043370018,10.139236122885764,11.921921393914175,6.148452109863718,0.022437387696818408,0.02214061570003848,0.13714965233674023,0.1792425099723438
140.163,520.4247074880004,10.148705806273163,11.923220507281135,6.148240281381343,0.022410224768496755,0.022168115132952155,0.13592321405657787,0.17965882736579175
140.212,520.6246985020007,10.157465186761382,11.924412136059201,6.1480441481763695,0.022385544737388838,0.022193042716316627,0.13481018726452249,0.17965882736570293
140.264,520.8247524910003,10.16677440627228,11.925668547214741,6.147835510132495,0.02236120221067706,0.022217575564277184,0.1337135855368006,0.18003698788042755
140.32,521.0246988250001,10.17680623693401,11.927011334335926,6.147610461688627,0.02233571195263477,0.022243207654866485,0.132566568672295,0.18003698788051636
140.378,521.2246576739999,10.187208363260856,11.928392207505814,6.147376884480747,0.022310902350140584,0.022268099182699216,0.13145143639141246,0.18038077397317664
140.436,521.424692503002,10.197620759768812,11.929763152406695,6.147142858394013,0.02228734728944693,0.02229168080931043,0.13039383981584465,0.18069357189132162
140.495,521.6246950040004,10.20822024570711,11.931147863046768,6.146904417121196,0.02226425361446241,0.022314752118683848,0.12935804632731027,0.18069357186698554
140.551,521.8249541530022,10.218474091184033,11.932477365719754,6.146673556650974,0.022243601079065218,0.02233534426736593,0.12843264497439175,0.18097838761299556
140.603,522.0247199930018,10.227651343988967,11.933659198343538,6.146466778719847,0.022225340511276923,0.022353519458168554,0.1276151451535959,0.18097838761308438
140.656,522.2248699340016,10.237200578240353,11.93488130117212,6.14625147161134,0.02220793289865317,0.022370818111556105,0.12683644719726633,0.18123839401020803
140.712,522.4249187710011,10.247473982271408,11.936187668703207,6.146019673603839,0.02218950971564623,0.02238909629917604,0.1260129903334846,0.18123839401038566
140.767,522.6253109970021,10.257396700076342,11.937441879645187,6.145795641489311,0.022172953020400444,0.022405496895570042,0.12527353872775335,0.18147594992443672
140.821,522.8247681280009,10.266962880837507,11.938643745861942,6.145579518142314,0.022157484543991284,0.022420797309502322,0.12458319160513821,0.1816929605054085
140.876,523.0247728710019,10.276897448524508,11.939885508251873,6.145354948173059,0.022142313906207408,0.02243578236711199,0.12390660536653124,0.18169296050549733
140.926,523.2246999039999,10.285933314753494,11.941008564202656,6.1451505698490605,0.02212909041159303,0.022448827274597235,0.12331723977243181,0.1818911913350263
140.941,523.2835753319996,10.288645541652198,11.941344761495856,6.145089205675278,0.022125301699262162,0.022452561947812043,0.1231484433133827,0.1818911913350263
140.975,523.4015508880002,10.2947672900461,11.942032631741608,6.145199898319694,0.022810830346741754,0.021963645269459528,0.12272559411490887,0.1818911913375132
141.031,523.6015115910013,10.304884405369252,11.943182673968849,6.145073561186081,0.02314132652106957,0.0218772236735839,0.12199801855685866,0.1820721958940119
141.088,523.8017979479991,10.315439388054326,11.944506937875776,6.14485530653708,0.023500234268283855,0.0224331319438201,0.12146528841243291,0.18207219589365664
141.145,524.0015608260001,10.325583443490023,11.945807625783353,6.144644878749361,0.023360795496246936,0.022065328351397937,0.120937918347622,0.18226454069916187
141.201,524.2014855730013,10.33576020447608,11.947112212172312,6.144434923968015,0.02330527974823921,0.021859582452029985,0.12045065030471747,0.1822645406992507
141.251,524.4015092240006,10.344866828471204,11.948262023055051,6.14424689183453,0.023413317156611074,0.021962461991657106,0.12005554580645854,0.18240203928776566
141.304,524.6017297649996,10.354537214024152,11.949470130017662,6.144047515694962,0.023683040772099588,0.02235390466432829,0.11964463105916796,0.18240203928758802
141.357,524.8014426640002,10.364181222944966,11.95067720033265,6.1438481122956645,0.023736418317153746,0.022346663786560226,0.11924081429335229,0.18252856684668473
141.41,525.0017326330017,10.373825642212156,11.951884989887656,6.143648497134337,0.0237234219508567,0.022217045147519716,0.11885299754111055,0.18252856684668473
141.465,525.2017843070025,10.384031438505735,11.953148709203079,6.143437536320549,0.023830214145098123,0.022297383339197566,0.11847456340415853,0.18264411969655114
141.521,525.4015269850024,10.394067968106905,11.95437981436786,6.143230560799866,0.02404213338416199,0.022568428280010343,0.1181206320018198,0.1827826902352392
141.573,525.6016091439997,10.403538222871088,11.95554531155358,6.143034179220626,0.02405160824475819,0.02247520143271754,0.11779798686041124,0.1827826902352392
141.622,525.8016192319992,10.412470053493514,11.956637992700962,6.14284948263469,0.024118299953209965,0.022492745412235553,0.1175050277311005,0.18284845514431325
141.677,526.0016532810005,10.422501109371442,11.957858389250493,6.142642267824457,0.024233795217076092,0.02258411078345402,0.11718780420219817,0.18284845514440207
141.73,526.2015319130005,10.43216441220011,11.959031192370533,6.142442343442961,0.024300611299799383,0.02259018014421314,0.11689654997767508,0.1829640608889349
141.786,526.401508764,10.442376331992941,11.9602655267686,6.142231042097737,0.02437215978464312,0.022596733079084972,0.11660311362194346,0.18296406089000072
141.838,526.6014946329997,10.452042264388924,11.961429712506009,6.142031013771706,0.024438597654396366,0.02259939488119503,0.11633569808108275,0.18302044006661689
141.891,526.8015314620025,10.461525906833687,11.962569239572735,6.141834715210162,0.024497611050300665,0.022590207560661022,0.11607681737559657,0.18302044006652807
141.94,527.0015123600024,10.470461622347917,11.963639801728867,6.141649534748158,0.024532308021252995,0.022542994672851327,0.1158466937711452,0.18309681307249193
141.997,527.2015428459999,10.480852864333476,11.964883829240726,6.141433787332703,0.024532805050033673,0.022416703957587946,0.11558132695676068,0.1830968130724031
142.052,527.4016046910001,10.490874798754433,11.966081991040353,6.141224966589573,0.024471723203685174,0.02218469362718002,0.11534085409286939,0.18316874398554006
142.106,527.6017355300028,10.500707040895476,11.96725821995617,6.141017908917029,0.02433446443076001,0.02182932324112668,0.11510401754070233,0.18316874398545124
142.163,527.8015948300017,10.511077697442586,11.968500014387315,6.140800087309687,0.024099176140705815,0.021281687973352222,0.11486789352605996,0.18323597883167508
142.214,528.0017079530007,10.52052888836158,11.9696347617704,6.140599803196969,0.023780141222070828,0.020601504884042852,0.11465379575771387,0.18323597883158627
142.265,528.2017907549998,10.529606169463996,11.970727288646078,6.1404054771103445,0.02335777458483079,0.01974682242962568,0.11445857612537985,0.18331852393842496
142.318,528.4015240490007,10.539214332732964,11.971889480569576,6.140197349950926,0.0227679428274873,0.018595643122151548,0.11424972068705797,0.1833185239396684
142.375,528.6017476270026,10.54952947515233,11.973144806752861,6.139970525068083,0.021944072835202905,0.017031353221849347,0.11402654726903205,0.1833599441311229
142.43,528.801523727001,10.55957837683323,11.974300810935139,6.139761186712612,0.02211437336286489,0.017218443430561243,0.11384168875822685,0.18341876490213238
142.486,529.0014875519992,10.569987995320144,11.975388882444776,6.139571107022935,0.02411631281899265,0.020587274612388465,0.11375224677922294,0.18341876490213238
142.542,529.2019449870022,10.580503542400663,11.976545376321699,6.1393699976177425,0.02534061173483635,0.022564387805582002,0.11360737045391557,0.18347071464024367
142.596,529.4014819080003,10.590067849281462,11.977713440677144,6.139155553958739,0.024287891571350237,0.020615647034962437,0.11341400525961556,0.1834707146195491
142.651,529.6015901440005,10.60001707227969,11.978900992469299,6.138931476152331,0.023441057302138146,0.019049419933153712,0.11321649706364789,0.18350144313785677
142.707,529.8015081350022,10.610291144310304,11.980059259376734,6.138727324948454,0.02397329447966855,0.01983033743854381,0.11309120171573996,0.18350144312986316
142.766,530.0017034230004,10.62126474319573,11.98131241596395,6.138502963998752,0.024192103344429935,0.020061478475858086,0.11295676938736054,0.18355272275050183
142.825,530.2016328669997,10.63183681656826,11.98253780855872,6.1382800621521785,0.02404249012221147,0.019665973722351203,0.11281625773859233,0.18358876249902067
142.883,530.4018611520005,10.642575645298004,11.983784441344989,6.138049002103043,0.023737165172821695,0.01901306068547409,0.11266776251349903,0.18358876250186285
142.934,530.6016378150016,10.651713244546276,11.984826998884914,6.13786041133952,0.02383502683926382,0.01905962167814983,0.1125670381940274,0.18362343766593625
142.981,530.8015223220027,10.660291528959682,11.98580773865651,6.137681357033018,0.023832994431057755,0.018943629251632132,0.11247208071269615,0.18362343766344935
143.025,531.0016673810023,10.668153113161871,11.986712221568027,6.137525537863762,0.02421332718884551,0.019499113024532364,0.11221353296800157,0.17122343767326242
143.079,531.2016061460017,10.677418643886403,11.987948835894693,6.137358939845959,0.025208166995792466,0.02116427476085648,0.1104317072136857,0.16615186987918307
143.129,531.4015100920005,10.686175555808209,11.989350759013021,6.137194238200204,0.025516753259773216,0.02175241381274313,0.10714387461121332,0.16638687242656047
143.182,531.6015683510013,10.69559718311358,11.991035127267379,6.13700749779344,0.025220053186951204,0.02139538352025775,0.1022886992993761,0.16638687242842565
143.232,531.8015740980009,10.704469042613287,11.992605219730335,6.136819834175155,0.024463734585585786,0.02025840381335738,0.09769169540536146,0.16724572998567666
143.287,532.0016010660001,10.714138862447303,11.994147780880228,6.136614221429577,0.023854348119169668,0.019364785829008836,0.09285613518455355,0.16724572998310094
143.343,532.2017859730004,10.72421736877283,11.995578296239074,6.1364134040833225,0.023832918572821656,0.019475096533248606,0.08807913085260105,0.16873531582914936
143.401,532.4014591760024,10.734383980639327,11.997033208997937,6.136210752403858,0.02381534716818123,0.019581696679438054,0.08340707136169957,0.16873531582914936
143.457,532.6020757080005,10.744646226895924,11.998466684396721,6.136005235076465,0.02380589179584939,0.019679782073757392,0.07906721628085935,0.17008885595455325
143.51,532.8017166320024,10.754202365223565,11.999759182287535,6.1358129261007734,0.023798494443135344,0.01976958680376229,0.0750840520007305,0.17008885595455325
143.563,533.0015900200015,10.76359205704723,12.000950840222755,6.1356222548207136,0.023797618963428753,0.01985041984096981,0.0714821594632696,0.1713400580328539
143.619,533.2015254329999,10.773715643228876,12.00218557276632,6.135415641479205,0.02379830099831162,0.01993587899869174,0.06767521756527548,0.17134005803294272
143.667,533.4015452580024,10.782402756609462,12.003185148494616,6.135237065863501,0.023803430365056378,0.020004074675957665,0.06463064971873195,0.17248829952833944
143.717,533.6014776119991,10.791641961619387,12.00420839326631,6.1350463251080045,0.02381032868239877,0.020075139680735207,0.06146189358509583,0.17248829952833944
143.773,533.8015505920011,10.80161538990562,12.00524996133981,6.1348390926269705,0.023822496026111122,0.020146592477475044,0.05827187142070477,0.17353800191033386
143.823,534.0016876699992,10.810691167524059,12.00615626640885,6.134649657159016,0.023835487959001794,0.0202096206933265,0.055461831423619226,0.1744968918607981
143.867,534.2016010290026,10.818683378111732,12.006914478343123,6.134481996488368,0.023849884336184925,0.02026187067422575,0.0531311112554916,0.17449689186070927
143.915,534.4016890480016,10.827590043332195,12.007729256348114,6.1342945370937905,0.023867046347573497,0.020319019780703076,0.050587150752467946,0.1744968918607981
143.972,534.6015288199997,10.837776929497808,12.008606782916006,6.134078980943813,0.023890852502390595,0.020379786268675242,0.04788062710998624,0.17537176055277826
144.026,534.8016376270025,10.847607544587296,12.009413698273725,6.1338701386899155,0.02391579408461865,0.020436418416960814,0.04536335366173626,0.17616915723470683
144.084,535.0018087360004,10.858172272571277,12.0102340743325,6.133644719620679,0.0239456768701557,0.02049399906553933,0.04280656668524148,0.17616915723470683
144.136,535.2016329350008,10.86765202468465,12.010928861782025,6.133441581159046,0.023975167777415384,0.020542795645437664,0.0406419901269587,0.17689528185300674
144.188,535.4016113750004,10.877134686276467,12.011593606654973,6.133237753148819,0.024006275780063882,0.020589987753236064,0.038553275512137,0.17689528185300674
144.241,535.6014829350024,10.886989779372978,12.012243599369038,6.133025052861253,0.02404153797061718,0.020635840488322756,0.03652482244079101,0.1775559775060387
144.295,535.8015079750003,10.896664437481341,12.012855590135183,6.132815709811406,0.02407728286636378,0.02067979550183466,0.034586437871860574,0.17755597750621632
144.351,536.0017960450023,10.90706705028379,12.013458195799938,6.132587087057916,0.024124144459471836,0.020731735927934855,0.032668802581022685,0.17815671370842168
144.409,536.2020768149996,10.917632560327803,12.014018039288162,6.1323562581579365,0.02416506470593946,0.020777972912693357,0.030767636551181587,0.17815671370664532
144.462,536.4015125280021,10.927104634441038,12.014478019948411,6.132148129534068,0.024205424970873232,0.020816866328038964,0.029203513222911967,0.1787009974531628
144.51,536.6016810799993,10.935840260923603,12.014873536047478,6.131955465682894,0.024243456307600306,0.020852425626086527,0.027784723715724956,0.1787009974531628
144.566,536.8015194930013,10.946031590585925,12.015289946921898,6.131729638202591,0.024291607719572974,0.020889937717009956,0.02630318742503833,0.17933581149884859
144.624,537.0015035940014,10.956573323556523,12.01568142669711,6.131495202160674,0.02434221085406791,0.020927754017825862,0.02480790618768439,0.1796340621224246
144.682,537.201604615002,10.967101903178545,12.01603050785031,6.131260183749959,0.024393921960290364,0.020963854619756864,0.023375148480333244,0.17963406212260224
144.738,537.4015250939992,10.97725650759745,12.016324638110405,6.1310326354034315,0.024445319201784232,0.020996433460450055,0.02207445956243625,0.18003055380546584
144.792,537.6015924580024,10.987034217597245,12.016571127074561,6.130812794651894,0.024495537640069523,0.021026395342079215,0.020866382819528097,0.18003055380546584
144.838,537.8021165909995,10.995536535493654,12.016751998225605,6.1306209438897445,0.024540631468403407,0.02105028155260612,0.01989360927754132,0.18039597621264392
144.892,538.001681228001,11.005119308406222,12.016936206167378,6.130404321905252,0.024591849328232895,0.02107647256804592,0.018820743555584548,0.18039597621273273
144.944,538.2015168530015,11.014533847516292,12.01710739461076,6.13019127754618,0.024643845240915334,0.02110043980842522,0.01784524808813773,0.1807254253347601
144.994,538.4014913430001,11.023588955477763,12.01726358116465,6.129986196715499,0.024694215193043018,0.021123077803211748,0.016924336817635482,0.1807254253347601
145.043,538.6014786150008,11.032655390359654,12.017411797828833,6.12978066978529,0.02474616867292099,0.021144136010902155,0.01607364204815058,0.18102367973513722
145.101,538.8016189040027,11.043175021595294,12.017574317938749,6.1295420132165335,0.0248067629848698,0.02116818574641445,0.015102092963429091,0.18102367973513722
145.141,539.0016558150019,11.050257654459784,12.017678102764464,6.129381195750695,0.024848824754895513,0.021183040729570026,0.014507341356615128,0.18129465567184866
145.191,539.2016422220004,11.059338107703482,12.017805079930199,6.129174900656888,0.024902734392643892,0.02120205830380221,0.013744733118637288,0.18129465567184866
145.242,539.4019531199992,11.06879087575153,12.017930048449484,6.1289599826624945,0.02496008022861759,0.021220538815414962,0.013008716222726514,0.18154082557613194
145.3,539.6015373070004,11.079155060281689,12.01805927369072,6.128724187483834,0.02502327533446728,0.021240409393102955,0.012217584822014594,0.18154082557622075
145.353,539.8017694539994,11.088984131042533,12.018174457472947,6.128500395114459,0.0250846204036288,0.021257735340705856,0.011534008070706429,0.18176442598862863
145.404,540.0015709639993,11.098268166228085,12.018277170086437,6.128288894388152,0.025142666172610642,0.021273940179127943,0.01089396240675883,0.18176442598862863
145.457,540.2021072829993,11.10792491369808,12.018377884713608,6.128068759614832,0.025204244070667462,0.021289496945515844,0.010285083644539617,0.18196751581518456
145.509,540.4015273210025,11.117218656307537,12.018469319692377,6.127856792027567,0.025263655850357624,0.021304260557076394,0.009706890541889886,0.18196751581509574
145.568,540.6019148910018,11.128160594140464,12.01857031214374,6.1276070812305745,0.02533472718444538,0.02132041086080747,0.009079597409730005,0.18215197604591893
145.622,540.8015567000002,11.13782911101802,12.018653884410691,6.127386314807276,0.025397925070451455,0.021334206222637365,0.00854487673836943,0.1823195116684495
145.67,541.0019227459998,11.146589738614663,12.018725275144098,6.127186183051975,0.025455767588122815,0.0213460562453297,0.008088169884253666,0.1823195116683607
145.724,541.201563527,11.156450424964602,12.018803405168493,6.1269608239163,0.02551972512678619,0.02135640198632868,0.007593370474055544,0.18247167232043893
145.77,541.4015480470007,11.164856277517254,12.018869344473888,6.12676867907942,0.025574330090393227,0.021364061738980554,0.007194174982125855,0.18247167232043893
145.815,541.6015284160021,11.173083157702228,12.018933107046669,6.126580605772697,0.02562799635303942,0.021371322145689414,0.006814019813088287,0.18247167232052774
145.867,541.8016019179995,11.18259551060134,12.019004764497534,6.126363094101716,0.025690689545882696,0.021379155582212588,0.006402568613967377,0.18261004335418107
145.923,542.0015040470025,11.192844803336397,12.019080957995719,6.126128705459523,0.025758581955217952,0.0213872850812555,0.0059744801197131455,0.18273605841425677
145.97,542.2015248259995,11.201451602903683,12.019143549320669,6.125931843475662,0.02581606141860832,0.021393717235397847,0.0056352300742712035,0.1827360584143456
146.023,542.4015730890023,11.21116153240874,12.019213292462409,6.125709727119366,0.025881229592342007,0.021400700721596697,0.005266483469577642,0.18285078636113283
146.073,542.6019942750027,11.220509742458368,12.019279212051883,6.125495853508409,0.025944415792951488,0.021407055247718448,0.004930658583760951,0.18285078636113283
146.124,542.8017943330015,11.229678637385183,12.019343096341212,6.125286061740013,0.02600669946163398,0.021413031355432464,0.004614623932232582,0.18295525001041923
146.168,543.001573513,11.237750680626736,12.019398513960507,6.125101344943377,0.02606185657620731,0.0214180269994644,0.004350308620058781,0.18295525001033042
146.22,543.2016156739992,11.247293856103761,12.019463582775643,6.124882950200212,0.026127296780386024,0.0214237424185382,0.0040477787038688704,0.18295525001033042
146.278,543.4015263799993,11.257943071653534,12.019535129299785,6.124639214553586,0.02620077929575923,0.021429747066930394,0.0037298034751112106,0.18305039010977353
146.334,543.6015361410027,11.268229583709747,12.019603481566755,6.1244037583057205,0.02627213051574152,0.02143524413921833,0.003438591729946031,0.18313705741537234
146.386,543.8014995080011,11.27778486622839,12.019666658770253,6.124185028514819,0.026338646794958974,0.02144015614433037,0.0031782863458690615,0.18313705741528352
146.439,544.0017192470004,11.287525635073315,12.01972747464081,6.123961976382793,0.026406859527771102,0.021444837314760146,0.002930138581165085,0.18321602368374101
146.498,544.2014909909994,11.298369404475324,12.0197913355496,6.1237135893782675,0.026482975812647705,0.021449903390365715,0.0026615070648179627,0.18321602368374101
146.556,544.4014853330009,11.309030183412755,12.019848183516556,6.1234692701684486,0.02655834955096037,0.02145445040869658,0.0024203283279628403,0.18328786902435112
146.612,544.6016775320022,11.31950736017158,12.019900761717356,6.123229092284272,0.026632560731208697,0.021458809762397498,0.002189040924230347,0.18328786902435112
146.669,544.8014737789999,11.329801310682186,12.019947824348998,6.122993018864383,0.02670586956046129,0.021462777015404614,0.001978503625413234,0.18335300155980505
146.72,545.001658207002,11.339176386715193,12.019987901936547,6.122777961251926,0.026772788593842436,0.021466266928413115,0.0017932560674603323,0.18335300155980505
146.773,545.2016766560009,11.34891951026361,12.020026192257932,6.122554390899979,0.0268426048825709,0.021469678533642463,0.001612127361188484,0.1834120383352733
146.825,545.4016794849995,11.358479061361898,12.02006101923752,6.122334976298643,0.026911282762722564,0.02147288491540506,0.0014418599142441543,0.18346555887305271
146.882,545.6019952360002,11.369141975332443,12.020096660488527,6.122090170296509,0.026988118096724117,0.021476278064023423,0.0012616385261473846,0.18346555887305271
146.934,545.8017374720002,11.378702162205116,12.020125670399656,6.121870619997425,0.02705723533561368,0.021479139429422065,0.0011096326833775275,0.1835140852271877
146.991,546.0016257650022,11.388997937457713,12.020154568809271,6.1216341285500135,0.027131801256023838,0.02148211773993842,0.0009513860396467313,0.1835140852271877
147.043,546.2014906190016,11.39855867250425,12.020178482777517,6.121414459442979,0.027201299638699633,0.021484680931729862,0.0008151724884694062,0.18355808932870588
147.1,546.4015553030004,11.409038805176573,12.020202835289982,6.121173628113802,0.02727754930616011,0.021487437601433557,0.0006686530515175252,0.18355808932870588
147.152,546.6016934149993,11.418600037545648,12.02022211158575,6.1209538508415235,0.02734739566669016,0.02148972966519479,0.0005468084897185756,0.183597998253493
147.204,546.8016988290001,11.428161298388973,12.020240106329997,6.120734047068703,0.02741726449520138,0.02149200532234411,0.00042581879042345223,0.183597998253493
147.257,547.0014860750016,11.437906792966174,12.020255839421093,6.120509952905614,0.027488730973765876,0.02149412688204169,0.000313006292883765,0.18363419854035
147.311,547.2015055049997,11.448020112973312,12.020270713495123,6.1202773711822385,0.02756294698958265,0.021496288844784314,0.0001980296856716831,0.18363419854043883
147.363,547.4016733120006,11.457398187437642,12.020282420723266,6.120061654560211,0.02763195456608206,0.021498146936918417,9.920063632835067e-05,0.18366704002037437
147.417,547.6016676100007,11.467511897220525,12.020293600880263,6.119828987162323,0.0277064477187366,0.021500095248724475,-4.439841053642242e-06,0.18366704002028555
147.475,547.8015640010017,11.477993612770211,12.020303173069786,6.119587811826103,0.027783816317462733,0.02150198598139397,-0.00010502998669139661,0.18369683931043213
147.53,548.0015578470011,11.48810770472627,12.020310784328226,6.119355061796091,0.02785858254956628,0.021503724526318907,-0.0001975346171758731,0.1837238829539345
147.583,548.201580383,11.497854146031338,12.020316712413006,6.119130743494447,0.02793072728926926,0.021505325693856603,-0.0002827390233068621,0.18372388295384567
147.636,548.4015210300022,11.507600758580487,12.020321127002934,6.1189063900947165,0.028002994642959324,0.021506832865848077,-0.0003629500556569626,0.18374843027872956
147.686,548.6015744670003,11.516795758173746,12.02032425539852,6.11869471317675,0.028071232050025458,0.02150820910185504,-0.0004361997178275137,0.18374843027864074
147.743,548.801595809,11.52727824436628,12.020326259373723,6.118453365159054,0.028149156251579724,0.021509675636755966,-0.0005142632583700629,0.18377071598854045
147.801,549.0014968120013,11.537944699901566,12.020327200988534,6.1182077598325515,0.028228498136631912,0.021511130665812492,-0.0005917218248661417,0.18377071598862926
147.849,549.201749797001,11.546772305754835,12.020326589296628,6.118004467145019,0.028294298284777537,0.021512228622931034,-0.0006501771395577633,0.18379095249239086
147.903,549.4016967860007,11.556887279830644,12.020325210529606,6.1177715146751455,0.028369704433888015,0.021513480642621416,-0.0007168398378701778,0.18379095249221322
147.959,549.6017054860022,11.567002444994833,12.020322408902851,6.117538528865221,0.028445246496586484,0.021514628182037632,-0.0007779449429564567,0.18380933202761796
148.001,549.801681459001,11.574726751568054,12.020319854273943,6.117360604919814,0.028502934719908044,0.021515504473628048,-0.0008246094011834749,0.18380933202761796
148.051,550.0017007640017,11.583922522002048,12.02031568539698,6.117148763848286,0.02857172938089941,0.02151645643418402,-0.0008753069276405468,0.18382602857895947
148.108,550.2016192840019,11.594405719987787,12.020310279446582,6.1169072525872945,0.02865017208809796,0.021517530060441943,-0.000932487470007218,0.18382602857895947
148.165,550.4022479570012,11.60507298806905,12.020303562008195,6.1166614765723475,0.028730100671543385,0.02151853817401533,-0.000986182874322573,0.1838411996049949
148.222,550.6015768069992,11.61537247636482,12.020296301253452,6.116424159715128,0.02880731507778463,0.0215194798899379,-0.001036344957998599,0.18385498761315233
148.279,550.801527863001,11.62585598212565,12.020288001520557,6.1161825852503435,0.02888597818185578,0.02152038475862184,-0.0010845473279129704,0.18385498761324115
148.33,551.0015139160023,11.635236033507804,12.020279857466493,6.115966424297846,0.028956412569571575,0.0215211546718476,-0.00112556296528173,0.1838675215768859
148.387,551.2014783699997,11.645719681782,12.020270064192033,6.115724818279032,0.02903517705305218,0.021521981507274683,-0.0011696131836935943,0.1838675215767971
148.441,551.4016109700024,11.655835576547375,12.020259807173918,6.11549167195802,0.02911124351618906,0.021522728295289693,-0.00120940094682803,0.1838789182293077
148.5,551.6018122970017,11.66668720676363,12.02024822786453,6.115241558388625,0.029192866071451835,0.021523510721949086,-0.0012510891315970713,0.1838789182293965
148.558,551.801729922001,11.67717110426761,12.020236148869708,6.114999903057547,0.029271804066672513,0.02152420210016655,-0.001287928005324984,0.18388928321702025
148.614,552.0015646950014,11.68747109832047,12.020223808044507,6.1147624782820165,0.02934937378996987,0.02152486798621719,-0.0013234096111992052,0.18388928321693143
148.666,552.2015028669994,11.697035454669324,12.020211728643023,6.114541998668766,0.029421454720497314,0.021525445201718427,-0.0013541673780301225,0.18389871216486497
148.713,552.4014705879999,11.705680182253687,12.020200475383916,6.114342712442299,0.029486618420135006,0.021525955689732864,-0.001381370000676627,0.18389871216486497
148.767,552.6014884970027,11.715612492484812,12.020186987697484,6.114113732771946,0.02956153447982675,0.021526504540818066,-0.001410617469791633,0.18390729162014452
148.822,552.8015913060008,11.725728767875678,12.020172821071737,6.113880503921171,0.02963785940426155,0.021527045669260628,-0.001439453779541843,0.18391509993147537
148.881,553.0015384990002,11.73658083050961,12.0201570811654,6.1136303010724715,0.029719773261356632,0.02152759506944045,-0.0014687311376320527,0.18391509993156419
148.935,553.2014632880018,11.746513276257192,12.020142205237454,6.113401291487348,0.029794777269545027,0.02152807153300446,-0.001494121828057676,0.1839222080223024
148.987,553.4017122379992,11.756077881886219,12.0201275377617,6.1131807563935485,0.029867020755050936,0.02152851541767039,-0.0015177762321415857,0.1839222080222136
149.044,553.6015719240022,11.766562218144111,12.020110980678847,6.112939004938805,0.029946247567508102,0.02152897160281614,-0.0015420858868943124,0.18392868010472796
149.101,553.8016515970012,11.7770465734592,12.02009410109776,6.112697246585533,0.030025484800990924,0.02152941791112187,-0.0015658688463963137,0.18392868010455032
149.159,554.0015935340016,11.787714934855861,12.020076402443797,6.112451234205525,0.030106157583580206,0.021529834718854054,-0.0015880792858500338,0.18393457432477334
149.215,554.201941659001,11.798199376039285,12.020058714433462,6.11220945681023,0.030185448371335164,0.02153023555567432,-0.0016094382344379221,0.18393457432486215
149.264,554.4015072120019,11.807028418188064,12.020043498035923,6.1120058468898835,0.030252244311655793,0.021530552364295883,-0.0016263191889111907,0.18393994334209296
149.309,554.6016624030017,11.815305655847073,12.020029057302853,6.111814958440955,0.030314871081799234,0.02153084387431885,-0.0016418518459860524,0.18393994334209296
149.366,554.8015147389997,11.825790217276047,12.020010351766112,6.111573155694168,0.03039423758353706,0.02153118089475799,-0.0016598087172002601,0.1839462375749612
149.424,555.0015532760008,11.836458732853641,12.019991071174829,6.111327104622127,0.03047500387675614,0.02153151635120869,-0.0016776818313575005,0.18394921150335364
149.481,555.2021243750023,11.847127270061156,12.019971520781263,6.1110810465450465,0.030555782680783506,0.02153184042709943,-0.0016949481434429105,0.18394921150326482
149.538,555.4015466029996,11.857427957036139,12.019952353287316,6.110843465447331,0.030633794895337556,0.02153213717268647,-0.0017107578746675368,0.1839532047545056
149.575,555.5339644410014,11.864233778406827,12.019939561419193,6.110686488744145,0.0306853448233848,0.021532327750526995,-0.001720911132132823,0.1839532047544168
149.579,555.5476752409995,11.865153484005086,12.01993782752818,6.110665275531846,0.030692310981058995,0.021532353503585427,-0.001722283156285862,0.1839532047544168
149.631,555.7474207910018,11.874534503804663,12.019919981035413,6.110448896294329,0.030763380768150193,0.021532603992897012,-0.0017356279904319808,0.18395692157913146
149.688,555.9473380460004,11.88501919078069,12.01989982077223,6.110207054589635,0.030842822735445398,0.021532874396093468,-0.001750033571170038,0.18395692157913146
149.745,556.1473551039999,11.895503907957291,12.019879392459892,6.109965205192651,0.03092228455185796,0.02153312848799324,-0.0017635699294904778,0.18396030854015422
149.802,556.3472871340018,11.905988634518604,12.01985878727652,6.109723350507073,0.031001752237213052,0.021533377397655977,-0.001776830361320186,0.18396030854024303
149.853,556.5473949959996,11.91536973677507,12.019840112171648,6.109506947191703,0.031072876148441567,0.021533583179101895,-0.0017877930020555619,0.18396339518220728
149.899,556.7474899490007,11.92401506598757,12.019822811503843,6.109307513803521,0.03113842158278571,0.02153377279176686,-0.00179789462627552,0.18396339518211846
149.948,556.9475793630008,11.932844364822808,12.019804948683126,6.109103831367579,0.031205380140367337,0.02153395196085339,-0.0018074398348051884,0.1839662091515315
