t_s,gt_x,gt_y,ekf_x,ekf_y,gt_error_m,divergence_m,gt_travelled_m
5.0,0.000,0.000,nan,nan,62.096,nan,0.00
10.0,0.002,-0.000,0.001,-0.000,62.097,0.001,0.00
15.0,0.002,-0.000,0.001,-0.000,62.098,0.001,0.00
20.0,0.005,-0.000,0.001,-0.000,62.100,0.004,0.00
25.0,-0.000,-0.012,0.001,-0.000,62.090,0.012,0.01
30.0,-0.035,-0.030,0.001,-0.000,62.051,0.047,0.05
31.4,-0.047,-0.037,0.001,-0.000,62.037,0.060,0.06
36.4,-0.086,-0.057,0.001,-0.000,61.993,0.103,0.10
41.4,-0.111,-0.067,0.001,-0.000,61.966,0.130,0.13
46.4,-0.113,-0.078,0.001,-0.000,61.959,0.138,0.14
51.4,-0.114,-0.085,0.001,-0.000,61.955,0.143,0.15
56.4,-0.066,0.009,0.045,0.093,62.044,0.140,0.25
61.4,0.041,0.233,0.155,0.323,62.253,0.145,0.50
63.2,0.078,0.309,0.189,0.395,62.324,0.141,0.58
67.8,0.164,0.487,0.276,0.575,62.490,0.142,0.78
72.8,0.166,0.494,0.276,0.575,62.496,0.136,0.79
77.8,0.165,0.494,0.276,0.575,62.496,0.137,0.79
82.8,0.163,0.490,0.276,0.575,62.492,0.141,0.79
87.8,0.159,0.483,0.276,0.575,62.485,0.148,0.80
92.8,0.258,0.600,0.369,0.692,62.630,0.144,0.94
95.4,0.336,0.699,0.449,0.792,62.749,0.147,1.08
99.3,0.438,0.825,0.549,0.917,62.901,0.145,1.24
104.3,0.588,1.012,0.700,1.104,63.128,0.145,1.47
109.3,0.734,1.194,0.845,1.285,63.348,0.143,1.71
114.3,0.889,1.386,1.000,1.478,63.581,0.145,1.95
119.3,0.911,1.423,1.025,1.509,63.619,0.143,2.00
124.3,0.906,1.429,1.025,1.510,63.618,0.144,2.00
127.7,0.903,1.433,1.025,1.510,63.618,0.144,2.01
130.7,0.879,1.436,1.005,1.510,63.599,0.146,2.03
135.7,0.662,1.438,0.792,1.512,63.416,0.150,2.26
140.7,0.440,1.427,0.569,1.500,63.223,0.148,2.48
145.7,0.214,1.411,0.345,1.484,63.023,0.150,2.70
150.7,-0.015,1.393,0.116,1.466,62.821,0.149,2.93
155.7,-0.192,1.379,-0.063,1.451,62.663,0.147,3.11
159.9,-0.274,1.370,-0.145,1.442,62.590,0.148,3.20
162.1,-0.316,1.366,-0.187,1.437,62.552,0.147,3.24
167.1,-0.413,1.354,-0.284,1.426,62.464,0.147,3.34
172.1,-0.510,1.343,-0.383,1.415,62.376,0.146,3.43
177.1,-0.608,1.331,-0.478,1.403,62.288,0.148,3.53
182.1,-0.706,1.320,-0.576,1.392,62.199,0.148,3.63
187.1,-0.802,1.308,-0.674,1.380,62.112,0.147,3.72
192.1,-0.898,1.297,-0.769,1.369,62.025,0.148,3.82
193.5,-0.931,1.293,-0.802,1.365,61.995,0.148,3.85
198.5,-1.152,1.269,-1.024,1.341,61.797,0.147,4.07
203.5,-1.375,1.247,-1.248,1.319,61.597,0.147,4.31
208.5,-1.602,1.225,-1.472,1.298,61.395,0.149,4.53
213.5,-1.802,1.207,-1.668,1.280,61.218,0.152,4.73
218.5,-1.995,1.191,-1.860,1.266,61.048,0.155,4.92
223.5,-2.223,1.177,-2.089,1.252,60.850,0.153,5.15
224.9,-2.285,1.173,-2.151,1.248,60.796,0.154,5.22
229.9,-2.507,1.161,-2.376,1.235,60.604,0.151,5.44
234.9,-2.709,1.151,-2.574,1.226,60.430,0.155,5.64
239.9,-2.901,1.144,-2.767,1.220,60.266,0.155,5.83
244.9,-2.901,1.144,-2.767,1.220,60.266,0.155,5.83
249.9,-2.901,1.144,-2.767,1.220,60.266,0.155,5.83
254.9,-2.901,1.144,-2.767,1.220,60.266,0.155,5.83
256.9,-2.901,1.144,-2.767,1.220,60.266,0.155,5.83
261.3,-2.901,1.144,-2.767,1.220,60.266,0.155,5.83
266.3,-2.901,1.144,-2.767,1.220,60.266,0.155,5.83
271.3,-2.901,1.144,-2.767,1.220,60.266,0.155,5.83
276.3,-2.901,1.144,-2.767,1.220,60.266,0.155,5.83
281.3,-2.901,1.144,-2.767,1.220,60.266,0.155,5.83
286.3,-2.901,1.144,-2.767,1.220,60.266,0.155,5.83
289.3,-2.901,1.144,-2.767,1.220,60.266,0.155,5.83
292.8,-2.901,1.144,-2.767,1.220,60.266,0.155,5.83
297.8,-2.901,1.144,-2.767,1.220,60.266,0.155,5.83
302.8,-2.901,1.144,-2.767,1.220,60.266,0.155,5.83
307.8,-2.901,1.144,-2.767,1.220,60.266,0.155,5.83
312.8,-2.901,1.144,-2.767,1.220,60.266,0.155,5.83
317.8,-2.901,1.144,-2.767,1.220,60.266,0.155,5.83
321.3,-2.901,1.144,-2.767,1.220,60.266,0.155,5.83
324.2,-2.901,1.144,-2.767,1.220,60.266,0.155,5.83
329.2,-2.901,1.144,-2.767,1.220,60.266,0.155,5.83
334.2,-2.901,1.144,-2.767,1.220,60.266,0.155,5.83
339.2,-2.901,1.144,-2.767,1.220,60.266,0.155,5.83
344.2,-2.901,1.144,-2.767,1.220,60.266,0.155,5.83
349.2,-2.901,1.144,-2.767,1.220,60.266,0.155,5.83
353.7,-2.901,1.144,-2.767,1.220,60.266,0.155,5.83
355.6,-2.901,1.144,-2.767,1.220,60.266,0.155,5.83
360.6,-2.901,1.144,-2.767,1.220,60.266,0.155,5.83
365.6,-2.901,1.144,-2.767,1.220,60.266,0.155,5.83
370.6,-2.901,1.144,-2.767,1.220,60.266,0.155,5.83
375.6,-2.901,1.144,-2.767,1.220,60.266,0.155,5.83
380.6,-2.901,1.144,-2.767,1.220,60.266,0.155,5.83
385.6,-2.901,1.144,-2.767,1.220,60.266,0.155,5.83
387.0,-2.901,1.144,-2.767,1.220,60.266,0.155,5.83
392.0,-2.901,1.144,-2.767,1.220,60.266,0.155,5.83
397.0,-2.901,1.144,-2.767,1.220,60.266,0.155,5.83
402.0,-2.901,1.144,-2.767,1.220,60.266,0.155,5.83
407.0,-2.901,1.144,-2.767,1.220,60.266,0.155,5.83
412.0,-2.901,1.144,-2.767,1.220,60.266,0.155,5.83
417.0,-2.901,1.144,-2.767,1.220,60.266,0.155,5.83
418.4,-2.901,1.144,-2.767,1.220,60.266,0.155,5.83
423.4,-2.901,1.144,-2.767,1.220,60.266,0.155,5.83
428.4,-2.901,1.144,-2.767,1.220,60.266,0.155,5.83
433.4,-2.901,1.144,-2.767,1.220,60.266,0.155,5.83
438.4,-2.901,1.144,-2.767,1.220,60.266,0.155,5.83
443.4,-2.901,1.144,-2.767,1.220,60.266,0.155,5.83
448.4,-2.901,1.144,-2.767,1.220,60.266,0.155,5.83
450.4,-2.901,1.144,-2.767,1.220,60.266,0.155,5.83
454.8,-2.901,1.144,-2.767,1.220,60.266,0.155,5.83
459.8,-2.901,1.144,-2.767,1.220,60.266,0.155,5.83
464.8,-2.901,1.144,-2.767,1.220,60.266,0.155,5.83
469.8,-2.901,1.144,-2.767,1.220,60.266,0.155,5.83
474.8,-2.901,1.144,-2.767,1.220,60.266,0.155,5.83
479.8,-2.901,1.144,-2.767,1.220,60.266,0.155,5.83
482.8,-2.901,1.144,-2.767,1.220,60.266,0.155,5.83
486.3,-2.901,1.144,-2.767,1.220,60.266,0.155,5.83
491.3,-2.901,1.144,-2.767,1.220,60.266,0.155,5.83
496.3,-2.901,1.144,-2.767,1.220,60.266,0.155,5.83
501.3,-2.901,1.144,-2.767,1.220,60.266,0.155,5.83
506.3,-2.901,1.144,-2.767,1.220,60.266,0.155,5.83
511.3,-2.901,1.144,-2.767,1.220,60.266,0.155,5.83
514.8,-2.901,1.144,-2.767,1.220,60.266,0.155,5.83
517.7,-2.901,1.144,-2.767,1.220,60.266,0.155,5.83
522.7,-2.901,1.144,-2.767,1.220,60.266,0.155,5.83
527.7,-2.901,1.144,-2.767,1.220,60.266,0.155,5.83
532.7,-2.901,1.144,-2.767,1.220,60.266,0.155,5.83
537.7,-2.901,1.144,-2.767,1.220,60.266,0.155,5.83
542.7,-2.901,1.144,-2.767,1.220,60.266,0.155,5.83
547.2,-2.901,1.144,-2.767,1.220,60.266,0.155,5.83
549.1,-2.901,1.144,-2.767,1.220,60.266,0.155,5.83
554.1,-2.901,1.144,-2.767,1.220,60.266,0.155,5.83
559.1,-2.901,1.144,-2.767,1.220,60.266,0.155,5.83
564.1,-2.901,1.144,-2.767,1.220,60.266,0.155,5.83
569.1,-2.901,1.144,-2.767,1.220,60.266,0.155,5.83
574.1,-2.901,1.144,-2.767,1.220,60.266,0.155,5.83
579.1,-2.901,1.144,-2.767,1.220,60.266,0.155,5.83
580.5,-2.901,1.144,-2.767,1.220,60.266,0.155,5.83
585.5,-2.901,1.144,-2.767,1.220,60.266,0.155,5.83
590.5,-2.901,1.144,-2.767,1.220,60.266,0.155,5.83
595.5,-2.901,1.144,-2.767,1.220,60.266,0.155,5.83
600.5,-2.901,1.144,-2.767,1.220,60.266,0.155,5.83
605.5,-2.901,1.144,-2.767,1.220,60.266,0.155,5.83
610.5,-2.901,1.144,-2.767,1.220,60.266,0.155,5.83
611.9,-2.901,1.144,-2.767,1.220,60.266,0.155,5.83
616.9,-2.901,1.144,-2.767,1.220,60.266,0.155,5.83
621.9,-2.901,1.144,-2.767,1.220,60.266,0.155,5.83
626.9,-2.901,1.144,-2.767,1.220,60.266,0.155,5.83
631.9,-2.901,1.144,-2.767,1.220,60.266,0.155,5.83
636.9,-2.901,1.144,-2.767,1.220,60.266,0.155,5.83
641.9,-2.901,1.144,-2.767,1.220,60.266,0.155,5.83
643.9,-2.901,1.144,-2.767,1.220,60.266,0.155,5.83
648.3,-2.901,1.144,-2.767,1.220,60.266,0.155,5.83
653.3,-2.901,1.144,-2.767,1.220,60.266,0.155,5.83
658.3,-2.901,1.144,-2.767,1.220,60.266,0.155,5.83
663.3,-2.901,1.144,-2.767,1.220,60.266,0.155,5.83
668.3,-2.901,1.144,-2.767,1.220,60.266,0.155,5.83
673.3,-2.901,1.144,-2.767,1.220,60.266,0.155,5.83
676.3,-2.901,1.144,-2.767,1.220,60.266,0.155,5.83
679.8,-2.901,1.144,-2.767,1.220,60.266,0.155,5.83
684.8,-2.901,1.144,-2.767,1.220,60.266,0.155,5.83
689.8,-2.901,1.144,-2.767,1.220,60.266,0.155,5.83
694.8,-2.901,1.144,-2.767,1.220,60.266,0.155,5.83
699.8,-2.901,1.144,-2.767,1.220,60.266,0.155,5.83
704.8,-2.901,1.144,-2.767,1.220,60.266,0.155,5.83
708.3,-2.901,1.144,-2.767,1.220,60.266,0.155,5.83
711.2,-2.901,1.144,-2.767,1.220,60.266,0.155,5.83
716.2,-2.901,1.144,-2.767,1.220,60.266,0.155,5.83
721.2,-2.901,1.144,-2.767,1.220,60.266,0.155,5.83
726.2,-2.901,1.144,-2.767,1.220,60.266,0.155,5.83
731.2,-2.901,1.144,-2.767,1.220,60.266,0.155,5.83
736.2,-2.901,1.144,-2.767,1.220,60.266,0.155,5.83
740.7,-2.901,1.144,-2.767,1.220,60.266,0.155,5.83
742.6,-2.901,1.144,-2.767,1.220,60.266,0.155,5.83
747.6,-2.901,1.144,-2.767,1.220,60.266,0.155,5.83
752.6,-2.901,1.144,-2.767,1.220,60.266,0.155,5.83
757.6,-2.901,1.144,-2.767,1.220,60.266,0.155,5.83
762.6,-2.901,1.144,-2.767,1.220,60.266,0.155,5.83
767.6,-2.901,1.144,-2.767,1.220,60.266,0.155,5.83
772.6,-2.901,1.144,-2.767,1.220,60.266,0.155,5.83
774.0,-2.901,1.144,-2.767,1.220,60.266,0.155,5.83
779.0,-2.901,1.144,-2.767,1.220,60.266,0.155,5.83
784.0,-2.901,1.144,-2.767,1.220,60.266,0.155,5.83
789.0,-2.901,1.144,-2.767,1.220,60.266,0.155,5.83
794.0,-2.901,1.144,-2.767,1.220,60.266,0.155,5.83
799.0,-2.901,1.144,-2.767,1.220,60.266,0.155,5.83
804.0,-2.901,1.144,-2.767,1.220,60.266,0.155,5.83
805.4,-2.901,1.144,-2.767,1.220,60.266,0.155,5.83
810.4,-2.901,1.144,-2.767,1.220,60.266,0.155,5.83
815.4,-2.901,1.144,-2.767,1.220,60.266,0.155,5.83
820.4,-2.901,1.144,-2.767,1.220,60.266,0.155,5.83
825.4,-2.901,1.144,-2.767,1.220,60.266,0.155,5.83
830.4,-2.901,1.144,-2.767,1.220,60.266,0.155,5.83
835.4,-2.901,1.144,-2.767,1.220,60.266,0.155,5.83
837.4,-2.901,1.144,-2.767,1.220,60.266,0.155,5.83
841.9,-2.901,1.144,-2.767,1.220,60.266,0.155,5.83
846.9,-2.901,1.144,-2.767,1.220,60.266,0.155,5.83
851.9,-2.901,1.144,-2.767,1.220,60.266,0.155,5.83
856.9,-2.901,1.144,-2.767,1.220,60.266,0.155,5.83
861.9,-2.901,1.144,-2.767,1.220,60.266,0.155,5.83
866.9,-2.901,1.144,-2.767,1.220,60.266,0.155,5.83
869.9,-2.901,1.144,-2.767,1.220,60.266,0.155,5.83
873.3,-2.901,1.144,-2.767,1.220,60.266,0.155,5.83
878.3,-2.901,1.144,-2.767,1.220,60.266,0.155,5.83
883.3,-2.901,1.144,-2.767,1.220,60.266,0.155,5.83
888.3,-2.901,1.144,-2.767,1.220,60.266,0.155,5.83
893.3,-2.901,1.144,-2.767,1.220,60.266,0.155,5.83
898.3,-2.901,1.144,-2.767,1.220,60.266,0.155,5.83
901.8,-2.901,1.144,-2.767,1.220,60.266,0.155,5.83
904.7,-2.901,1.144,-2.767,1.220,60.266,0.155,5.83
909.7,-2.901,1.144,-2.767,1.220,60.266,0.155,5.83
914.7,-2.901,1.144,-2.767,1.220,60.266,0.155,5.83
919.7,-2.901,1.144,-2.767,1.220,60.266,0.155,5.83
924.7,-2.901,1.144,-2.767,1.220,60.266,0.155,5.83
929.7,-2.901,1.144,-2.767,1.220,60.266,0.155,5.83
934.2,-2.901,1.144,-2.767,1.220,60.266,0.155,5.83
936.1,-2.901,1.144,-2.767,1.220,60.266,0.155,5.83
941.1,-2.901,1.144,-2.767,1.220,60.266,0.155,5.83
946.1,-2.901,1.144,-2.767,1.220,60.266,0.155,5.83
951.1,-2.901,1.144,-2.767,1.220,60.266,0.155,5.83
956.1,-2.901,1.144,-2.767,1.220,60.266,0.155,5.83
961.1,-2.901,1.144,-2.767,1.220,60.266,0.155,5.83
966.1,-2.901,1.144,-2.767,1.220,60.266,0.155,5.83
967.5,-2.901,1.144,-2.767,1.220,60.266,0.155,5.83
972.5,-2.901,1.144,-2.767,1.220,60.266,0.155,5.83
977.5,-2.901,1.144,-2.767,1.220,60.266,0.155,5.83
982.5,-2.901,1.144,-2.767,1.220,60.266,0.155,5.83
987.5,-2.901,1.144,-2.767,1.220,60.266,0.155,5.83
992.5,-2.901,1.144,-2.767,1.220,60.266,0.155,5.83
997.5,-2.901,1.144,-2.767,1.220,60.266,0.155,5.83
998.9,-2.901,1.144,-2.767,1.220,60.266,0.155,5.83
1003.9,-2.901,1.144,-2.767,1.220,60.266,0.155,5.83
1008.9,-2.901,1.144,-2.767,1.220,60.266,0.155,5.83
1013.9,-2.901,1.144,-2.767,1.220,60.266,0.155,5.83
1018.9,-2.901,1.144,-2.767,1.220,60.266,0.155,5.83
1023.9,-2.901,1.144,-2.767,1.220,60.266,0.155,5.83
1028.9,-2.901,1.144,-2.767,1.220,60.266,0.155,5.83
1030.9,-2.901,1.144,-2.767,1.220,60.266,0.155,5.83
1035.4,-2.901,1.144,-2.767,1.220,60.266,0.155,5.83
1040.4,-2.901,1.144,-2.767,1.220,60.266,0.155,5.83
1045.4,-2.901,1.144,-2.767,1.220,60.266,0.155,5.83
1050.4,-2.901,1.144,-2.767,1.220,60.266,0.155,5.83
1055.4,-2.901,1.144,-2.767,1.220,60.266,0.155,5.83
1060.4,-2.901,1.144,-2.767,1.220,60.266,0.155,5.83
1063.4,-2.901,1.144,-2.767,1.220,60.266,0.155,5.83
1066.8,-2.901,1.144,-2.767,1.220,60.266,0.155,5.83
1071.8,-2.901,1.144,-2.767,1.220,60.266,0.155,5.83
1076.8,-2.901,1.144,-2.767,1.220,60.266,0.155,5.83
1081.8,-2.901,1.144,-2.767,1.220,60.266,0.155,5.83
1086.8,-2.901,1.144,-2.767,1.220,60.266,0.155,5.83
1091.8,-2.901,1.144,-2.767,1.220,60.266,0.155,5.83
1095.3,-2.901,1.144,-2.767,1.220,60.266,0.155,5.83
1098.2,-2.901,1.144,-2.767,1.220,60.266,0.155,5.83
1103.2,-2.901,1.144,-2.767,1.220,60.266,0.155,5.83
1108.2,-2.901,1.144,-2.767,1.220,60.266,0.155,5.83
1113.2,-2.901,1.144,-2.767,1.220,60.266,0.155,5.83
1118.2,-2.901,1.144,-2.767,1.220,60.266,0.155,5.83
1123.2,-2.901,1.144,-2.767,1.220,60.266,0.155,5.83
1127.7,-2.901,1.144,-2.767,1.220,60.266,0.155,5.83
1129.6,-2.901,1.144,-2.767,1.220,60.266,0.155,5.83
1134.6,-2.901,1.144,-2.767,1.220,60.266,0.155,5.83
1139.6,-2.901,1.144,-2.767,1.220,60.266,0.155,5.83
1144.6,-2.901,1.144,-2.767,1.220,60.266,0.155,5.83
1149.6,-2.901,1.144,-2.767,1.220,60.266,0.155,5.83
1154.6,-2.901,1.144,-2.767,1.220,60.266,0.155,5.83
1159.6,-2.901,1.144,-2.767,1.220,60.266,0.155,5.83
1161.0,-2.901,1.144,-2.767,1.220,60.266,0.155,5.83
1166.0,-2.901,1.144,-2.767,1.220,60.266,0.155,5.83
1171.0,-2.901,1.144,-2.767,1.220,60.266,0.155,5.83
1176.0,-2.901,1.144,-2.767,1.220,60.266,0.155,5.83
1181.0,-2.901,1.144,-2.767,1.220,60.266,0.155,5.83
1186.0,-2.901,1.144,-2.767,1.220,60.266,0.155,5.83
1191.0,-2.901,1.144,-2.767,1.220,60.266,0.155,5.83
1192.4,-2.901,1.144,-2.767,1.220,60.266,0.155,5.83
1197.4,-2.901,1.144,-2.767,1.220,60.266,0.155,5.83
1202.4,-2.901,1.144,-2.767,1.220,60.266,0.155,5.83
1207.4,-2.901,1.144,-2.767,1.220,60.266,0.155,5.83
1212.4,-2.901,1.144,-2.767,1.220,60.266,0.155,5.83
1217.4,-2.901,1.144,-2.767,1.220,60.266,0.155,5.83
1222.4,-2.901,1.144,-2.767,1.220,60.266,0.155,5.83
1224.4,-2.901,1.144,-2.767,1.220,60.266,0.155,5.83
1228.9,-2.901,1.144,-2.767,1.220,60.266,0.155,5.83
1233.9,-2.901,1.144,-2.767,1.220,60.266,0.155,5.83
1238.9,-2.901,1.144,-2.767,1.220,60.266,0.155,5.83
1243.9,-2.901,1.144,-2.767,1.220,60.266,0.155,5.83
1248.9,-2.901,1.144,-2.767,1.220,60.266,0.155,5.83
1253.9,-2.901,1.144,-2.767,1.220,60.266,0.155,5.83
1256.9,-2.901,1.144,-2.767,1.220,60.266,0.155,5.83
1260.3,-2.901,1.144,-2.767,1.220,60.266,0.155,5.83
1265.3,-2.901,1.144,-2.767,1.220,60.266,0.155,5.83
1270.3,-2.901,1.144,-2.767,1.220,60.266,0.155,5.83
1275.3,-2.901,1.144,-2.767,1.220,60.266,0.155,5.83
1280.3,-2.901,1.144,-2.767,1.220,60.266,0.155,5.83
1285.3,-2.901,1.144,-2.767,1.220,60.266,0.155,5.83
1288.8,-2.901,1.144,-2.767,1.220,60.266,0.155,5.83
1291.7,-2.901,1.144,-2.767,1.220,60.266,0.155,5.83
1296.7,-2.901,1.144,-2.767,1.220,60.266,0.155,5.83
1301.7,-2.901,1.144,-2.767,1.220,60.266,0.155,5.83
1306.7,-2.901,1.144,-2.767,1.220,60.266,0.155,5.83
1311.7,-2.901,1.144,-2.767,1.220,60.266,0.155,5.83
1316.7,-2.901,1.144,-2.767,1.220,60.266,0.155,5.83
1321.2,-2.901,1.144,-2.767,1.220,60.266,0.155,5.83
1323.1,-2.901,1.144,-2.767,1.220,60.266,0.155,5.83
1328.1,-2.901,1.144,-2.767,1.220,60.266,0.155,5.83
1333.1,-2.901,1.144,-2.767,1.220,60.266,0.155,5.83
1338.1,-2.901,1.144,-2.767,1.220,60.266,0.155,5.83
1343.1,-2.901,1.144,-2.767,1.220,60.266,0.155,5.83
1348.1,-2.901,1.144,-2.767,1.220,60.266,0.155,5.83
1353.1,-2.901,1.144,-2.767,1.220,60.266,0.155,5.83
1354.5,-2.901,1.144,-2.767,1.220,60.266,0.155,5.83
1359.5,-2.901,1.144,-2.767,1.220,60.266,0.155,5.83
1364.5,-2.901,1.144,-2.767,1.220,60.266,0.155,5.83
1369.5,-2.901,1.144,-2.767,1.220,60.266,0.155,5.83
1374.5,-2.901,1.144,-2.767,1.220,60.266,0.155,5.83
1379.5,-2.901,1.144,-2.767,1.220,60.266,0.155,5.83
1384.5,-2.901,1.144,-2.767,1.220,60.266,0.155,5.83
1385.9,-2.901,1.144,-2.767,1.220,60.266,0.155,5.83
1390.9,-2.901,1.144,-2.767,1.220,60.266,0.155,5.83
1395.9,-2.901,1.144,-2.767,1.220,60.266,0.155,5.83
1400.9,-2.901,1.144,-2.767,1.220,60.266,0.155,5.83
1405.9,-2.901,1.144,-2.767,1.220,60.266,0.155,5.83
1410.9,-2.901,1.144,-2.767,1.220,60.266,0.155,5.83
1415.9,-2.901,1.144,-2.767,1.220,60.266,0.155,5.83
1417.9,-2.901,1.144,-2.767,1.220,60.266,0.155,5.83
1422.4,-2.901,1.144,-2.767,1.220,60.266,0.155,5.83
1427.4,-2.901,1.144,-2.767,1.220,60.266,0.155,5.83
1432.4,-2.901,1.144,-2.767,1.220,60.266,0.155,5.83
1437.4,-2.901,1.144,-2.767,1.220,60.266,0.155,5.83
1442.4,-2.901,1.144,-2.767,1.220,60.266,0.155,5.83
1447.4,-2.901,1.144,-2.767,1.220,60.266,0.155,5.83
1450.4,-2.901,1.144,-2.767,1.220,60.266,0.155,5.83
1453.8,-2.901,1.144,-2.767,1.220,60.266,0.155,5.83
1458.8,-2.901,1.144,-2.767,1.220,60.266,0.155,5.83
1463.8,-2.901,1.144,-2.767,1.220,60.266,0.155,5.83
1468.8,-2.901,1.144,-2.767,1.220,60.266,0.155,5.83
1473.8,-2.901,1.144,-2.767,1.220,60.266,0.155,5.83
1478.8,-2.901,1.144,-2.767,1.220,60.266,0.155,5.83
1482.3,-2.901,1.144,-2.767,1.220,60.266,0.155,5.83
1485.2,-2.901,1.144,-2.767,1.220,60.266,0.155,5.83
1490.2,-2.901,1.144,-2.767,1.220,60.266,0.155,5.83
1495.2,-2.901,1.144,-2.767,1.220,60.266,0.155,5.83
1500.2,-2.901,1.144,-2.767,1.220,60.266,0.155,5.83
1505.2,-2.901,1.144,-2.767,1.220,60.266,0.155,5.83
1510.2,-2.901,1.144,-2.767,1.220,60.266,0.155,5.83
1514.7,-2.901,1.144,-2.767,1.220,60.266,0.155,5.83
1516.6,-2.901,1.144,-2.767,1.220,60.266,0.155,5.83
1521.6,-2.901,1.144,-2.767,1.220,60.266,0.155,5.83
1526.6,-2.901,1.144,-2.767,1.220,60.266,0.155,5.83
1531.6,-2.901,1.144,-2.767,1.220,60.266,0.155,5.83
1536.6,-2.901,1.144,-2.767,1.220,60.266,0.155,5.83
1541.6,-2.901,1.144,-2.767,1.220,60.266,0.155,5.83
1546.6,-2.901,1.144,-2.767,1.220,60.266,0.155,5.83
1548.0,-2.901,1.144,-2.767,1.220,60.266,0.155,5.83
1553.0,-2.901,1.144,-2.767,1.220,60.266,0.155,5.83
1558.0,-2.901,1.144,-2.767,1.220,60.266,0.155,5.83
1563.0,-2.901,1.144,-2.767,1.220,60.266,0.155,5.83
1568.0,-2.901,1.144,-2.767,1.220,60.266,0.155,5.83
1573.0,-2.901,1.144,-2.767,1.220,60.266,0.155,5.83
1578.0,-2.901,1.144,-2.767,1.220,60.266,0.155,5.83
1579.4,-2.901,1.144,-2.767,1.220,60.266,0.155,5.83
1584.4,-2.901,1.144,-2.767,1.220,60.266,0.155,5.83
1589.4,-2.901,1.144,-2.767,1.220,60.266,0.155,5.83
1594.4,-2.901,1.144,-2.767,1.220,60.266,0.155,5.83
1599.4,-2.901,1.144,-2.767,1.220,60.266,0.155,5.83
1604.4,-2.901,1.144,-2.767,1.220,60.266,0.155,5.83
1609.4,-2.901,1.144,-2.767,1.220,60.266,0.155,5.83
1611.4,-2.901,1.144,-2.767,1.220,60.266,0.155,5.83
1615.9,-2.901,1.144,-2.767,1.220,60.266,0.155,5.83
1620.9,-2.901,1.144,-2.767,1.220,60.266,0.155,5.83
1625.9,-2.901,1.144,-2.767,1.220,60.266,0.155,5.83
1630.9,-2.901,1.144,-2.767,1.220,60.266,0.155,5.83
1635.9,-2.901,1.144,-2.767,1.220,60.266,0.155,5.83
1640.9,-2.901,1.144,-2.767,1.220,60.266,0.155,5.83
1643.9,-2.901,1.144,-2.767,1.220,60.266,0.155,5.83
1647.3,-2.901,1.144,-2.767,1.220,60.266,0.155,5.83
1652.3,-2.901,1.144,-2.767,1.220,60.266,0.155,5.83
1657.3,-2.901,1.144,-2.767,1.220,60.266,0.155,5.83
1662.3,-2.901,1.144,-2.767,1.220,60.266,0.155,5.83
1667.3,-2.901,1.144,-2.767,1.220,60.266,0.155,5.83
1672.3,-2.901,1.144,-2.767,1.220,60.266,0.155,5.83
1675.8,-2.901,1.144,-2.767,1.220,60.266,0.155,5.83
1678.7,-2.901,1.144,-2.767,1.220,60.266,0.155,5.83
1683.7,-2.901,1.144,-2.767,1.220,60.266,0.155,5.83
1688.7,-2.901,1.144,-2.767,1.220,60.266,0.155,5.83
1693.7,-2.901,1.144,-2.767,1.220,60.266,0.155,5.83
1698.7,-2.901,1.144,-2.767,1.220,60.266,0.155,5.83
1703.7,-2.901,1.144,-2.767,1.220,60.266,0.155,5.83
1708.2,-2.901,1.144,-2.767,1.220,60.266,0.155,5.83
1710.1,-2.901,1.144,-2.767,1.220,60.266,0.155,5.83
1715.1,-2.901,1.144,-2.767,1.220,60.266,0.155,5.83
1720.1,-2.901,1.144,-2.767,1.220,60.266,0.155,5.83
1725.1,-2.901,1.144,-2.767,1.220,60.266,0.155,5.83
1730.1,-2.901,1.144,-2.767,1.220,60.266,0.155,5.83
1735.1,-2.901,1.144,-2.767,1.220,60.266,0.155,5.83
1740.1,-2.901,1.144,-2.767,1.220,60.266,0.155,5.83
1741.5,-2.901,1.144,-2.767,1.220,60.266,0.155,5.83
1746.5,-2.901,1.144,-2.767,1.220,60.266,0.155,5.83
1751.5,-2.901,1.144,-2.767,1.220,60.266,0.155,5.83
1756.5,-2.901,1.144,-2.767,1.220,60.266,0.155,5.83
1761.5,-2.901,1.144,-2.767,1.220,60.266,0.155,5.83
1766.5,-2.901,1.144,-2.767,1.220,60.266,0.155,5.83
1771.5,-2.901,1.144,-2.767,1.220,60.266,0.155,5.83
1772.9,-2.901,1.144,-2.767,1.220,60.266,0.155,5.83
1777.9,-2.901,1.144,-2.767,1.220,60.266,0.155,5.83
1782.9,-2.901,1.144,-2.767,1.220,60.266,0.155,5.83
1787.9,-2.901,1.144,-2.767,1.220,60.266,0.155,5.83
1792.9,-2.901,1.144,-2.767,1.220,60.266,0.155,5.83
1797.9,-2.901,1.144,-2.767,1.220,60.266,0.155,5.83
1802.9,-2.901,1.144,-2.767,1.220,60.266,0.155,5.83
1804.9,-2.901,1.144,-2.767,1.220,60.266,0.155,5.83
1809.4,-2.901,1.144,-2.767,1.220,60.266,0.155,5.83
1814.4,-2.901,1.144,-2.767,1.220,60.266,0.155,5.83
1819.4,-2.901,1.144,-2.767,1.220,60.266,0.155,5.83
1824.4,-2.901,1.144,-2.767,1.220,60.266,0.155,5.83
1829.4,-2.901,1.144,-2.767,1.220,60.266,0.155,5.83
1834.4,-2.901,1.144,-2.767,1.220,60.266,0.155,5.83
1837.4,-2.901,1.144,-2.767,1.220,60.266,0.155,5.83
1840.8,-2.901,1.144,-2.767,1.220,60.266,0.155,5.83
1845.8,-2.901,1.144,-2.767,1.220,60.266,0.155,5.83
1850.8,-2.901,1.144,-2.767,1.220,60.266,0.155,5.83
1855.8,-2.901,1.144,-2.767,1.220,60.266,0.155,5.83
1860.8,-2.901,1.144,-2.767,1.220,60.266,0.155,5.83
1865.8,-2.901,1.144,-2.767,1.220,60.266,0.155,5.83
1869.3,-2.901,1.144,-2.767,1.220,60.266,0.155,5.83
1872.2,-2.901,1.144,-2.767,1.220,60.266,0.155,5.83
1877.2,-2.901,1.144,-2.767,1.220,60.266,0.155,5.83
1882.2,-2.901,1.144,-2.767,1.220,60.266,0.155,5.83
1887.2,-2.901,1.144,-2.767,1.220,60.266,0.155,5.83
1892.2,-2.901,1.144,-2.767,1.220,60.266,0.155,5.83
1897.2,-2.901,1.144,-2.767,1.220,60.266,0.155,5.83
1901.7,-2.901,1.144,-2.767,1.220,60.266,0.155,5.83
1903.6,-2.901,1.144,-2.767,1.220,60.266,0.155,5.83
1908.6,-2.901,1.144,-2.767,1.220,60.266,0.155,5.83
1913.6,-2.901,1.144,-2.767,1.220,60.266,0.155,5.83
1918.6,-2.901,1.144,-2.767,1.220,60.266,0.155,5.83
1923.6,-2.901,1.144,-2.767,1.220,60.266,0.155,5.83
1928.6,-2.901,1.144,-2.767,1.220,60.266,0.155,5.83
1933.6,-2.901,1.144,-2.767,1.220,60.266,0.155,5.83
1935.0,-2.901,1.144,-2.767,1.220,60.266,0.155,5.83
1940.0,-2.901,1.144,-2.767,1.220,60.266,0.155,5.83
1945.0,-2.901,1.144,-2.767,1.220,60.266,0.155,5.83
1950.0,-2.901,1.144,-2.767,1.220,60.266,0.155,5.83
1955.0,-2.901,1.144,-2.767,1.220,60.266,0.155,5.83
1960.0,-2.901,1.144,-2.767,1.220,60.266,0.155,5.83
1965.0,-2.901,1.144,-2.767,1.220,60.266,0.155,5.83
1966.4,-2.901,1.144,-2.767,1.220,60.266,0.155,5.83
1971.4,-2.901,1.144,-2.767,1.220,60.266,0.155,5.83
1976.4,-2.901,1.144,-2.767,1.220,60.266,0.155,5.83
1981.4,-2.901,1.144,-2.767,1.220,60.266,0.155,5.83
1986.4,-2.901,1.144,-2.767,1.220,60.266,0.155,5.83
1991.4,-2.901,1.144,-2.767,1.220,60.266,0.155,5.83
1996.4,-2.901,1.144,-2.767,1.220,60.266,0.155,5.83
1998.4,-2.901,1.144,-2.767,1.220,60.266,0.155,5.83
2002.9,-2.901,1.144,-2.767,1.220,60.266,0.155,5.83
2007.9,-2.901,1.144,-2.767,1.220,60.266,0.155,5.83
2012.9,-2.901,1.144,-2.767,1.220,60.266,0.155,5.83
2017.9,-2.901,1.144,-2.767,1.220,60.266,0.155,5.83
2022.9,-2.901,1.144,-2.767,1.220,60.266,0.155,5.83
2027.9,-2.901,1.144,-2.767,1.220,60.266,0.155,5.83
2030.9,-2.901,1.144,-2.767,1.220,60.266,0.155,5.83
2034.3,-2.901,1.144,-2.767,1.220,60.266,0.155,5.83
2039.3,-2.901,1.144,-2.767,1.220,60.266,0.155,5.83
2044.3,-2.901,1.144,-2.767,1.220,60.266,0.155,5.83
2049.3,-2.901,1.144,-2.767,1.220,60.266,0.155,5.83
2054.3,-2.901,1.144,-2.767,1.220,60.266,0.155,5.83
2059.3,-2.901,1.144,-2.767,1.220,60.266,0.155,5.83
2062.8,-2.901,1.144,-2.767,1.220,60.266,0.155,5.83
2065.7,-2.901,1.144,-2.767,1.220,60.266,0.155,5.83
2070.7,-2.901,1.144,-2.767,1.220,60.266,0.155,5.83
2075.7,-2.901,1.144,-2.767,1.220,60.266,0.155,5.83
2080.7,-2.901,1.144,-2.767,1.220,60.266,0.155,5.83
2085.7,-2.901,1.144,-2.767,1.220,60.266,0.155,5.83
2090.7,-2.901,1.144,-2.767,1.220,60.266,0.155,5.83
2095.2,-2.901,1.144,-2.767,1.220,60.266,0.155,5.83
2097.1,-2.901,1.144,-2.767,1.220,60.266,0.155,5.83
2102.1,-2.901,1.144,-2.767,1.220,60.266,0.155,5.83
2107.1,-2.901,1.144,-2.767,1.220,60.266,0.155,5.83
2112.1,-2.901,1.144,-2.767,1.220,60.266,0.155,5.83
2117.1,-2.901,1.144,-2.767,1.220,60.266,0.155,5.83
2122.1,-2.901,1.144,-2.767,1.220,60.266,0.155,5.83
2127.1,-2.901,1.144,-2.767,1.220,60.266,0.155,5.83
2128.5,-2.901,1.144,-2.767,1.220,60.266,0.155,5.83
2133.5,-2.901,1.144,-2.767,1.220,60.266,0.155,5.83
2138.5,-2.901,1.144,-2.767,1.220,60.266,0.155,5.83
2143.5,-2.901,1.144,-2.767,1.220,60.266,0.155,5.83
2148.5,-2.901,1.144,-2.767,1.220,60.266,0.155,5.83
2153.5,-2.901,1.144,-2.767,1.220,60.266,0.155,5.83
2158.5,-2.901,1.144,-2.767,1.220,60.266,0.155,5.83
2159.9,-2.901,1.144,-2.767,1.220,60.266,0.155,5.83
2164.9,-2.901,1.144,-2.767,1.220,60.266,0.155,5.83
2169.9,-2.901,1.144,-2.767,1.220,60.266,0.155,5.83
2174.9,-2.901,1.144,-2.767,1.220,60.266,0.155,5.83
2179.9,-2.901,1.144,-2.767,1.220,60.266,0.155,5.83
2184.9,-2.901,1.144,-2.767,1.220,60.266,0.155,5.83
2189.9,-2.901,1.144,-2.767,1.220,60.266,0.155,5.83
2191.9,-2.901,1.144,-2.767,1.220,60.266,0.155,5.83
2196.4,-2.901,1.144,-2.767,1.220,60.266,0.155,5.83
2201.4,-2.901,1.144,-2.767,1.220,60.266,0.155,5.83
2206.4,-2.901,1.144,-2.767,1.220,60.266,0.155,5.83
2211.4,-2.901,1.144,-2.767,1.220,60.266,0.155,5.83
2216.4,-2.901,1.144,-2.767,1.220,60.266,0.155,5.83
2221.4,-2.901,1.144,-2.767,1.220,60.266,0.155,5.83
2224.4,-2.901,1.144,-2.767,1.220,60.266,0.155,5.83
2227.8,-2.901,1.144,-2.767,1.220,60.266,0.155,5.83
2232.8,-2.901,1.144,-2.767,1.220,60.266,0.155,5.83
2237.8,-2.901,1.144,-2.767,1.220,60.266,0.155,5.83
2242.8,-2.901,1.144,-2.767,1.220,60.266,0.155,5.83
2247.8,-2.901,1.144,-2.767,1.220,60.266,0.155,5.83
2252.8,-2.901,1.144,-2.767,1.220,60.266,0.155,5.83
2256.3,-2.901,1.144,-2.767,1.220,60.266,0.155,5.83
2259.2,-2.901,1.144,-2.767,1.220,60.266,0.155,5.83
2264.2,-2.901,1.144,-2.767,1.220,60.266,0.155,5.83
2269.2,-2.901,1.144,-2.767,1.220,60.266,0.155,5.83
2274.2,-2.901,1.144,-2.767,1.220,60.266,0.155,5.83
2279.2,-2.901,1.144,-2.767,1.220,60.266,0.155,5.83
2284.2,-2.901,1.144,-2.767,1.220,60.266,0.155,5.83
2288.7,-2.901,1.144,-2.767,1.220,60.266,0.155,5.83
2290.6,-2.901,1.144,-2.767,1.220,60.266,0.155,5.83
2295.6,-2.901,1.144,-2.767,1.220,60.266,0.155,5.83
2300.6,-2.901,1.144,-2.767,1.220,60.266,0.155,5.83
2305.6,-2.901,1.144,-2.767,1.220,60.266,0.155,5.83
2310.6,-2.901,1.144,-2.767,1.220,60.266,0.155,5.83
2315.6,-2.901,1.144,-2.767,1.220,60.266,0.155,5.83
2320.6,-2.901,1.144,-2.767,1.220,60.266,0.155,5.83
2322.0,-2.901,1.144,-2.767,1.220,60.266,0.155,5.83
2327.0,-2.901,1.144,-2.767,1.220,60.266,0.155,5.83
2332.0,-2.901,1.144,-2.767,1.220,60.266,0.155,5.83
2337.0,-2.901,1.144,-2.767,1.220,60.266,0.155,5.83
2342.0,-2.901,1.144,-2.767,1.220,60.266,0.155,5.83
2347.0,-2.901,1.144,-2.767,1.220,60.266,0.155,5.83
2352.0,-2.901,1.144,-2.767,1.220,60.266,0.155,5.83
2353.4,-2.901,1.144,-2.767,1.220,60.266,0.155,5.83
2358.4,-2.901,1.144,-2.767,1.220,60.266,0.155,5.83
2363.4,-2.901,1.144,-2.767,1.220,60.266,0.155,5.83
2368.4,-2.901,1.144,-2.767,1.220,60.266,0.155,5.83
2373.4,-2.901,1.144,-2.767,1.220,60.266,0.155,5.83
2378.4,-2.901,1.144,-2.767,1.220,60.266,0.155,5.83
2383.4,-2.901,1.144,-2.767,1.220,60.266,0.155,5.83
2385.4,-2.901,1.144,-2.767,1.220,60.266,0.155,5.83
2389.9,-2.901,1.144,-2.767,1.220,60.266,0.155,5.83
2394.9,-2.901,1.144,-2.767,1.220,60.266,0.155,5.83
2399.9,-2.901,1.144,-2.767,1.220,60.266,0.155,5.83
2404.9,-2.901,1.144,-2.767,1.220,60.266,0.155,5.83
2409.9,-2.901,1.144,-2.767,1.220,60.266,0.155,5.83
2414.9,-2.901,1.144,-2.767,1.220,60.266,0.155,5.83
2417.9,-2.901,1.144,-2.767,1.220,60.266,0.155,5.83
2421.3,-2.901,1.144,-2.767,1.220,60.266,0.155,5.83
2426.3,-2.901,1.144,-2.767,1.220,60.266,0.155,5.83
2431.3,-2.901,1.144,-2.767,1.220,60.266,0.155,5.83
2436.3,-2.901,1.144,-2.767,1.220,60.266,0.155,5.83
2441.3,-2.901,1.144,-2.767,1.220,60.266,0.155,5.83
2446.3,-2.901,1.144,-2.767,1.220,60.266,0.155,5.83
2449.8,-2.901,1.144,-2.767,1.220,60.266,0.155,5.83
2452.7,-2.901,1.144,-2.767,1.220,60.266,0.155,5.83
2457.7,-2.901,1.144,-2.767,1.220,60.266,0.155,5.83
2462.7,-2.901,1.144,-2.767,1.220,60.266,0.155,5.83
2467.7,-2.901,1.144,-2.767,1.220,60.266,0.155,5.83
2472.7,-2.901,1.144,-2.767,1.220,60.266,0.155,5.83
2477.7,-2.901,1.144,-2.767,1.220,60.266,0.155,5.83
2482.2,-2.901,1.144,-2.767,1.220,60.266,0.155,5.83
2484.1,-2.901,1.144,-2.767,1.220,60.266,0.155,5.83
2489.1,-2.901,1.144,-2.767,1.220,60.266,0.155,5.83
2494.1,-2.901,1.144,-2.767,1.220,60.266,0.155,5.83
2499.1,-2.901,1.144,-2.767,1.220,60.266,0.155,5.83
2504.1,-2.901,1.144,-2.767,1.220,60.266,0.155,5.83
2509.1,-2.901,1.144,-2.767,1.220,60.266,0.155,5.83
2514.1,-2.901,1.144,-2.767,1.220,60.266,0.155,5.83
2515.5,-2.901,1.144,-2.767,1.220,60.266,0.155,5.83
2520.5,-2.901,1.144,-2.767,1.220,60.266,0.155,5.83
2525.5,-2.901,1.144,-2.767,1.220,60.266,0.155,5.83
2530.5,-2.901,1.144,-2.767,1.220,60.266,0.155,5.83
2535.5,-2.901,1.144,-2.767,1.220,60.266,0.155,5.83
2540.5,-2.901,1.144,-2.767,1.220,60.266,0.155,5.83
2545.5,-2.901,1.144,-2.767,1.220,60.266,0.155,5.83
2546.9,-2.901,1.144,-2.767,1.220,60.266,0.155,5.83
2551.9,-2.901,1.144,-2.767,1.220,60.266,0.155,5.83
2556.9,-2.901,1.144,-2.767,1.220,60.266,0.155,5.83
2561.9,-2.901,1.144,-2.767,1.220,60.266,0.155,5.83
2566.9,-2.901,1.144,-2.767,1.220,60.266,0.155,5.83
2571.9,-2.901,1.144,-2.767,1.220,60.266,0.155,5.83
2576.9,-2.901,1.144,-2.767,1.220,60.266,0.155,5.83
2578.9,-2.901,1.144,-2.767,1.220,60.266,0.155,5.83
2583.4,-2.901,1.144,-2.767,1.220,60.266,0.155,5.83
2588.4,-2.901,1.144,-2.767,1.220,60.266,0.155,5.83
2593.4,-2.901,1.144,-2.767,1.220,60.266,0.155,5.83
2598.4,-2.901,1.144,-2.767,1.220,60.266,0.155,5.83
2603.4,-2.901,1.144,-2.767,1.220,60.266,0.155,5.83
2608.4,-2.901,1.144,-2.767,1.220,60.266,0.155,5.83
2611.4,-2.901,1.144,-2.767,1.220,60.266,0.155,5.83
2614.8,-2.901,1.144,-2.767,1.220,60.266,0.155,5.83
2619.8,-2.901,1.144,-2.767,1.220,60.266,0.155,5.83
2624.8,-2.901,1.144,-2.767,1.220,60.266,0.155,5.83
2629.8,-2.901,1.144,-2.767,1.220,60.266,0.155,5.83
2634.8,-2.901,1.144,-2.767,1.220,60.266,0.155,5.83
2639.8,-2.901,1.144,-2.767,1.220,60.266,0.155,5.83
2643.3,-2.901,1.144,-2.767,1.220,60.266,0.155,5.83
2646.2,-2.901,1.144,-2.767,1.220,60.266,0.155,5.83
2651.2,-2.901,1.144,-2.767,1.220,60.266,0.155,5.83
2656.2,-2.901,1.144,-2.767,1.220,60.266,0.155,5.83
2661.2,-2.901,1.144,-2.767,1.220,60.266,0.155,5.83
2666.2,-2.901,1.144,-2.767,1.220,60.266,0.155,5.83
2671.2,-2.901,1.144,-2.767,1.220,60.266,0.155,5.83
2675.7,-2.901,1.144,-2.767,1.220,60.266,0.155,5.83
2677.6,-2.901,1.144,-2.767,1.220,60.266,0.155,5.83
2682.6,-2.901,1.144,-2.767,1.220,60.266,0.155,5.83
2687.6,-2.901,1.144,-2.767,1.220,60.266,0.155,5.83
2692.6,-2.901,1.144,-2.767,1.220,60.266,0.155,5.83
2697.6,-2.901,1.144,-2.767,1.220,60.266,0.155,5.83
2702.6,-2.901,1.144,-2.767,1.220,60.266,0.155,5.83
2707.6,-2.901,1.144,-2.767,1.220,60.266,0.155,5.83
2709.0,-2.901,1.144,-2.767,1.220,60.266,0.155,5.83
2714.0,-2.901,1.144,-2.767,1.220,60.266,0.155,5.83
2719.0,-2.901,1.144,-2.767,1.220,60.266,0.155,5.83
2724.0,-2.901,1.144,-2.767,1.220,60.266,0.155,5.83
2729.0,-2.901,1.144,-2.767,1.220,60.266,0.155,5.83
2734.0,-2.901,1.144,-2.767,1.220,60.266,0.155,5.83
2739.0,-2.901,1.144,-2.767,1.220,60.266,0.155,5.83
2740.4,-2.901,1.144,-2.767,1.220,60.266,0.155,5.83
2745.4,-2.901,1.144,-2.767,1.220,60.266,0.155,5.83
2750.4,-2.901,1.144,-2.767,1.220,60.266,0.155,5.83
2755.4,-2.901,1.144,-2.767,1.220,60.266,0.155,5.83
2760.4,-2.901,1.144,-2.767,1.220,60.266,0.155,5.83
2765.4,-2.901,1.144,-2.767,1.220,60.266,0.155,5.83
2770.4,-2.901,1.144,-2.767,1.220,60.266,0.155,5.83
2772.4,-2.901,1.144,-2.767,1.220,60.266,0.155,5.83
2776.9,-2.901,1.144,-2.767,1.220,60.266,0.155,5.83
2781.9,-2.901,1.144,-2.767,1.220,60.266,0.155,5.83
2786.9,-2.901,1.144,-2.767,1.220,60.266,0.155,5.83
2791.9,-2.901,1.144,-2.767,1.220,60.266,0.155,5.83
2796.9,-2.901,1.144,-2.767,1.220,60.266,0.155,5.83
2801.9,-2.901,1.144,-2.767,1.220,60.266,0.155,5.83
2804.9,-2.901,1.144,-2.767,1.220,60.266,0.155,5.83
2808.3,-2.901,1.144,-2.767,1.220,60.266,0.155,5.83
2813.3,-2.901,1.144,-2.767,1.220,60.266,0.155,5.83
2818.3,-2.901,1.144,-2.767,1.220,60.266,0.155,5.83
2823.3,-2.901,1.144,-2.767,1.220,60.266,0.155,5.83
2828.3,-2.901,1.144,-2.767,1.220,60.266,0.155,5.83
2833.3,-2.901,1.144,-2.767,1.220,60.266,0.155,5.83
2836.8,-2.901,1.144,-2.767,1.220,60.266,0.155,5.83
2839.7,-2.901,1.144,-2.767,1.220,60.266,0.155,5.83
2844.7,-2.901,1.144,-2.767,1.220,60.266,0.155,5.83
2849.7,-2.901,1.144,-2.767,1.220,60.266,0.155,5.83
2854.7,-2.901,1.144,-2.767,1.220,60.266,0.155,5.83
2859.7,-2.901,1.144,-2.767,1.220,60.266,0.155,5.83
2864.7,-2.901,1.144,-2.767,1.220,60.266,0.155,5.83
2869.2,-2.901,1.144,-2.767,1.220,60.266,0.155,5.83
2871.1,-2.901,1.144,-2.767,1.220,60.266,0.155,5.83
2876.1,-2.901,1.144,-2.767,1.220,60.266,0.155,5.83
2881.1,-2.901,1.144,-2.767,1.220,60.266,0.155,5.83
2886.1,-2.901,1.144,-2.767,1.220,60.266,0.155,5.83
2891.1,-2.901,1.144,-2.767,1.220,60.266,0.155,5.83
2896.1,-2.901,1.144,-2.767,1.220,60.266,0.155,5.83
2901.1,-2.901,1.144,-2.767,1.220,60.266,0.155,5.83
2902.5,-2.901,1.144,-2.767,1.220,60.266,0.155,5.83
2907.5,-2.901,1.144,-2.767,1.220,60.266,0.155,5.83
2912.5,-2.901,1.144,-2.767,1.220,60.266,0.155,5.83
2917.5,-2.901,1.144,-2.767,1.220,60.266,0.155,5.83
2922.5,-2.901,1.144,-2.767,1.220,60.266,0.155,5.83
2927.5,-2.901,1.144,-2.767,1.220,60.266,0.155,5.83
2932.5,-2.901,1.144,-2.767,1.220,60.266,0.155,5.83
2933.9,-2.901,1.144,-2.767,1.220,60.266,0.155,5.83
2938.9,-2.901,1.144,-2.767,1.220,60.266,0.155,5.83
2943.9,-2.901,1.144,-2.767,1.220,60.266,0.155,5.83
2948.9,-2.901,1.144,-2.767,1.220,60.266,0.155,5.83
2953.9,-2.901,1.144,-2.767,1.220,60.266,0.155,5.83
2958.9,-2.901,1.144,-2.767,1.220,60.266,0.155,5.83
2963.9,-2.901,1.144,-2.767,1.220,60.266,0.155,5.83
2965.9,-2.901,1.144,-2.767,1.220,60.266,0.155,5.83
2970.4,-2.901,1.144,-2.767,1.220,60.266,0.155,5.83
2975.4,-2.901,1.144,-2.767,1.220,60.266,0.155,5.83
2980.4,-2.901,1.144,-2.767,1.220,60.266,0.155,5.83
2985.4,-2.901,1.144,-2.767,1.220,60.266,0.155,5.83
2990.4,-2.901,1.144,-2.767,1.220,60.266,0.155,5.83
2995.4,-2.901,1.144,-2.767,1.220,60.266,0.155,5.83
2998.4,-2.901,1.144,-2.767,1.220,60.266,0.155,5.83
3001.8,-2.901,1.144,-2.767,1.220,60.266,0.155,5.83
3006.8,-2.901,1.144,-2.767,1.220,60.266,0.155,5.83
3011.8,-2.901,1.144,-2.767,1.220,60.266,0.155,5.83
3016.8,-2.901,1.144,-2.767,1.220,60.266,0.155,5.83
3021.8,-2.901,1.144,-2.767,1.220,60.266,0.155,5.83
3026.8,-2.901,1.144,-2.767,1.220,60.266,0.155,5.83
3030.3,-2.901,1.144,-2.767,1.220,60.266,0.155,5.83
3033.2,-2.901,1.144,-2.767,1.220,60.266,0.155,5.83
3038.2,-2.901,1.144,-2.767,1.220,60.266,0.155,5.83
3043.2,-2.901,1.144,-2.767,1.220,60.266,0.155,5.83
3048.2,-2.901,1.144,-2.767,1.220,60.266,0.155,5.83
3053.2,-2.901,1.144,-2.767,1.220,60.266,0.155,5.83
3058.2,-2.901,1.144,-2.767,1.220,60.266,0.155,5.83
3062.7,-2.901,1.144,-2.767,1.220,60.266,0.155,5.83
3064.6,-2.901,1.144,-2.767,1.220,60.266,0.155,5.83
3069.6,-2.901,1.144,-2.767,1.220,60.266,0.155,5.83
3074.6,-2.901,1.144,-2.767,1.220,60.266,0.155,5.83
3079.6,-2.901,1.144,-2.767,1.220,60.266,0.155,5.83
3084.6,-2.901,1.144,-2.767,1.220,60.266,0.155,5.83
3089.6,-2.901,1.144,-2.767,1.220,60.266,0.155,5.83
3094.6,-2.901,1.144,-2.767,1.220,60.266,0.155,5.83
3096.0,-2.901,1.144,-2.767,1.220,60.266,0.155,5.83
3101.0,-2.901,1.144,-2.767,1.220,60.266,0.155,5.83
3106.0,-2.901,1.144,-2.767,1.220,60.266,0.155,5.83
3111.0,-2.901,1.144,-2.767,1.220,60.266,0.155,5.83
3116.0,-2.901,1.144,-2.767,1.220,60.266,0.155,5.83
3121.0,-2.901,1.144,-2.767,1.220,60.266,0.155,5.83
3126.0,-2.901,1.144,-2.767,1.220,60.266,0.155,5.83
3127.5,-2.901,1.144,-2.767,1.220,60.266,0.155,5.83
3132.5,-2.901,1.144,-2.767,1.220,60.266,0.155,5.83
3137.5,-2.901,1.144,-2.767,1.220,60.266,0.155,5.83
3142.5,-2.901,1.144,-2.767,1.220,60.266,0.155,5.83
3147.5,-2.901,1.144,-2.767,1.220,60.266,0.155,5.83
3152.5,-2.901,1.144,-2.767,1.220,60.266,0.155,5.83
3157.5,-2.901,1.144,-2.767,1.220,60.266,0.155,5.83
3159.5,-2.901,1.144,-2.767,1.220,60.266,0.155,5.83
3163.9,-2.901,1.144,-2.767,1.220,60.266,0.155,5.83
3168.9,-2.901,1.144,-2.767,1.220,60.266,0.155,5.83
3173.9,-2.901,1.144,-2.767,1.220,60.266,0.155,5.83
3178.9,-2.901,1.144,-2.767,1.220,60.266,0.155,5.83
3183.9,-2.901,1.144,-2.767,1.220,60.266,0.155,5.83
3188.9,-2.901,1.144,-2.767,1.220,60.266,0.155,5.83
3191.9,-2.901,1.144,-2.767,1.220,60.266,0.155,5.83
3195.3,-2.901,1.144,-2.767,1.220,60.266,0.155,5.83
3200.3,-2.901,1.144,-2.767,1.220,60.266,0.155,5.83
3205.3,-2.901,1.144,-2.767,1.220,60.266,0.155,5.83
3210.3,-2.901,1.144,-2.767,1.220,60.266,0.155,5.83
3215.3,-2.901,1.144,-2.767,1.220,60.266,0.155,5.83
3220.3,-2.901,1.144,-2.767,1.220,60.266,0.155,5.83
3223.8,-2.901,1.144,-2.767,1.220,60.266,0.155,5.83
3226.7,-2.901,1.144,-2.767,1.220,60.266,0.155,5.83
3231.7,-2.901,1.144,-2.767,1.220,60.266,0.155,5.83
3236.7,-2.901,1.144,-2.767,1.220,60.266,0.155,5.83
3241.7,-2.901,1.144,-2.767,1.220,60.266,0.155,5.83
3246.7,-2.901,1.144,-2.767,1.220,60.266,0.155,5.83
3251.7,-2.901,1.144,-2.767,1.220,60.266,0.155,5.83
3256.2,-2.901,1.144,-2.767,1.220,60.266,0.155,5.83
3258.1,-2.901,1.144,-2.767,1.220,60.266,0.155,5.83
3263.1,-2.901,1.144,-2.767,1.220,60.266,0.155,5.83
3268.1,-2.901,1.144,-2.767,1.220,60.266,0.155,5.83
3273.1,-2.901,1.144,-2.767,1.220,60.266,0.155,5.83
3278.1,-2.901,1.144,-2.767,1.220,60.266,0.155,5.83
3283.1,-2.901,1.144,-2.767,1.220,60.266,0.155,5.83
3288.1,-2.901,1.144,-2.767,1.220,60.266,0.155,5.83
3289.5,-2.901,1.144,-2.767,1.220,60.266,0.155,5.83
3294.5,-2.901,1.144,-2.767,1.220,60.266,0.155,5.83
3299.5,-2.901,1.144,-2.767,1.220,60.266,0.155,5.83
3304.5,-2.901,1.144,-2.767,1.220,60.266,0.155,5.83
3309.5,-2.901,1.144,-2.767,1.220,60.266,0.155,5.83
3314.5,-2.901,1.144,-2.767,1.220,60.266,0.155,5.83
3319.5,-2.901,1.144,-2.767,1.220,60.266,0.155,5.83
3321.0,-2.901,1.144,-2.767,1.220,60.266,0.155,5.83
3326.0,-2.901,1.144,-2.767,1.220,60.266,0.155,5.83
3331.0,-2.901,1.144,-2.767,1.220,60.266,0.155,5.83
3336.0,-2.901,1.144,-2.767,1.220,60.266,0.155,5.83
3341.0,-2.901,1.144,-2.767,1.220,60.266,0.155,5.83
3346.0,-2.901,1.144,-2.767,1.220,60.266,0.155,5.83
3351.0,-2.901,1.144,-2.767,1.220,60.266,0.155,5.83
3353.0,-2.901,1.144,-2.767,1.220,60.266,0.155,5.83
3357.4,-2.901,1.144,-2.767,1.220,60.266,0.155,5.83
3362.4,-2.901,1.144,-2.767,1.220,60.266,0.155,5.83
3367.4,-2.901,1.144,-2.767,1.220,60.266,0.155,5.83
3372.4,-2.901,1.144,-2.767,1.220,60.266,0.155,5.83
3377.4,-2.901,1.144,-2.767,1.220,60.266,0.155,5.83
3382.4,-2.901,1.144,-2.767,1.220,60.266,0.155,5.83
3385.4,-2.901,1.144,-2.767,1.220,60.266,0.155,5.83
3388.8,-2.901,1.144,-2.767,1.220,60.266,0.155,5.83
3393.8,-2.901,1.144,-2.767,1.220,60.266,0.155,5.83
3398.8,-2.901,1.144,-2.767,1.220,60.266,0.155,5.83
3403.8,-2.901,1.144,-2.767,1.220,60.266,0.155,5.83
3408.8,-2.901,1.144,-2.767,1.220,60.266,0.155,5.83
3413.8,-2.901,1.144,-2.767,1.220,60.266,0.155,5.83
3417.3,-2.901,1.144,-2.767,1.220,60.266,0.155,5.83
3420.2,-2.901,1.144,-2.767,1.220,60.266,0.155,5.83
3425.2,-2.901,1.144,-2.767,1.220,60.266,0.155,5.83
3430.2,-2.901,1.144,-2.767,1.220,60.266,0.155,5.83
3435.2,-2.901,1.144,-2.767,1.220,60.266,0.155,5.83
3440.2,-2.901,1.144,-2.767,1.220,60.266,0.155,5.83
3445.2,-2.901,1.144,-2.767,1.220,60.266,0.155,5.83
3449.7,-2.901,1.144,-2.767,1.220,60.266,0.155,5.83
3451.6,-2.901,1.144,-2.767,1.220,60.266,0.155,5.83
3456.6,-2.901,1.144,-2.767,1.220,60.266,0.155,5.83
3461.6,-2.901,1.144,-2.767,1.220,60.266,0.155,5.83
3466.6,-2.901,1.144,-2.767,1.220,60.266,0.155,5.83
3471.6,-2.901,1.144,-2.767,1.220,60.266,0.155,5.83
3476.6,-2.901,1.144,-2.767,1.220,60.266,0.155,5.83
3481.6,-2.901,1.144,-2.767,1.220,60.266,0.155,5.83
3483.0,-2.901,1.144,-2.767,1.220,60.266,0.155,5.83
3488.0,-2.901,1.144,-2.767,1.220,60.266,0.155,5.83
3493.0,-2.901,1.144,-2.767,1.220,60.266,0.155,5.83
3498.0,-2.901,1.144,-2.767,1.220,60.266,0.155,5.83
3503.0,-2.901,1.144,-2.767,1.220,60.266,0.155,5.83
3508.0,-2.901,1.144,-2.767,1.220,60.266,0.155,5.83
3513.0,-2.901,1.144,-2.767,1.220,60.266,0.155,5.83
3514.5,-2.901,1.144,-2.767,1.220,60.266,0.155,5.83
3519.5,-2.901,1.144,-2.767,1.220,60.266,0.155,5.83
3524.5,-2.901,1.144,-2.767,1.220,60.266,0.155,5.83
3529.5,-2.901,1.144,-2.767,1.220,60.266,0.155,5.83
3534.5,-2.901,1.144,-2.767,1.220,60.266,0.155,5.83
3539.5,-2.901,1.144,-2.767,1.220,60.266,0.155,5.83
3544.5,-2.901,1.144,-2.767,1.220,60.266,0.155,5.83
3546.5,-2.901,1.144,-2.767,1.220,60.266,0.155,5.83
3550.9,-2.901,1.144,-2.767,1.220,60.266,0.155,5.83
3555.9,-2.901,1.144,-2.767,1.220,60.266,0.155,5.83
3560.9,-2.901,1.144,-2.767,1.220,60.266,0.155,5.83
3565.9,-2.901,1.144,-2.767,1.220,60.266,0.155,5.83
3570.9,-2.901,1.144,-2.767,1.220,60.266,0.155,5.83
3575.9,-2.901,1.144,-2.767,1.220,60.266,0.155,5.83
3578.9,-2.901,1.144,-2.767,1.220,60.266,0.155,5.83
3582.3,-2.901,1.144,-2.767,1.220,60.266,0.155,5.83
3587.3,-2.901,1.144,-2.767,1.220,60.266,0.155,5.83
3592.3,-2.901,1.144,-2.767,1.220,60.266,0.155,5.83
3597.3,-2.901,1.144,-2.767,1.220,60.266,0.155,5.83
3602.3,-2.901,1.144,-2.767,1.220,60.266,0.155,5.83
3607.3,-2.901,1.144,-2.767,1.220,60.266,0.155,5.83
3610.8,-2.901,1.144,-2.767,1.220,60.266,0.155,5.83
3613.7,-2.901,1.144,-2.767,1.220,60.266,0.155,5.83
3618.7,-2.901,1.144,-2.767,1.220,60.266,0.155,5.83
3623.7,-2.901,1.144,-2.767,1.220,60.266,0.155,5.83
3628.7,-2.901,1.144,-2.767,1.220,60.266,0.155,5.83
3633.7,-2.901,1.144,-2.767,1.220,60.266,0.155,5.83
3638.7,-2.901,1.144,-2.767,1.220,60.266,0.155,5.83
3643.2,-2.901,1.144,-2.767,1.220,60.266,0.155,5.83
3645.1,-2.901,1.144,-2.767,1.220,60.266,0.155,5.83
3650.1,-2.901,1.144,-2.767,1.220,60.266,0.155,5.83
3655.1,-2.901,1.144,-2.767,1.220,60.266,0.155,5.83
3660.1,-2.901,1.144,-2.767,1.220,60.266,0.155,5.83
3665.1,-2.901,1.144,-2.767,1.220,60.266,0.155,5.83
3670.1,-2.901,1.144,-2.767,1.220,60.266,0.155,5.83
3675.1,-2.901,1.144,-2.767,1.220,60.266,0.155,5.83
3676.5,-2.901,1.144,-2.767,1.220,60.266,0.155,5.83
3681.5,-2.901,1.144,-2.767,1.220,60.266,0.155,5.83
3686.5,-2.901,1.144,-2.767,1.220,60.266,0.155,5.83
3691.5,-2.901,1.144,-2.767,1.220,60.266,0.155,5.83
3696.5,-2.901,1.144,-2.767,1.220,60.266,0.155,5.83
3701.5,-2.901,1.144,-2.767,1.220,60.266,0.155,5.83
3706.5,-2.901,1.144,-2.767,1.220,60.266,0.155,5.83
3708.0,-2.901,1.144,-2.767,1.220,60.266,0.155,5.83
3713.0,-2.901,1.144,-2.767,1.220,60.266,0.155,5.83
3718.0,-2.901,1.144,-2.767,1.220,60.266,0.155,5.83
3723.0,-2.901,1.144,-2.767,1.220,60.266,0.155,5.83
3728.0,-2.901,1.144,-2.767,1.220,60.266,0.155,5.83
3733.0,-2.901,1.144,-2.767,1.220,60.266,0.155,5.83
3738.0,-2.901,1.144,-2.767,1.220,60.266,0.155,5.83
3740.0,-2.901,1.144,-2.767,1.220,60.266,0.155,5.83
3744.4,-2.901,1.144,-2.767,1.220,60.266,0.155,5.83
3749.4,-2.901,1.144,-2.767,1.220,60.266,0.155,5.83
3754.4,-2.901,1.144,-2.767,1.220,60.266,0.155,5.83
3759.4,-2.901,1.144,-2.767,1.220,60.266,0.155,5.83
3764.4,-2.901,1.144,-2.767,1.220,60.266,0.155,5.83
3769.4,-2.901,1.144,-2.767,1.220,60.266,0.155,5.83
3772.4,-2.901,1.144,-2.767,1.220,60.266,0.155,5.83
3775.8,-2.901,1.144,-2.767,1.220,60.266,0.155,5.83
3780.8,-2.901,1.144,-2.767,1.220,60.266,0.155,5.83
3785.8,-2.901,1.144,-2.767,1.220,60.266,0.155,5.83
3790.8,-2.901,1.144,-2.767,1.220,60.266,0.155,5.83
3795.8,-2.901,1.144,-2.767,1.220,60.266,0.155,5.83
3800.8,-2.901,1.144,-2.767,1.220,60.266,0.155,5.83
3804.3,-2.901,1.144,-2.767,1.220,60.266,0.155,5.83
3807.2,-2.901,1.144,-2.767,1.220,60.266,0.155,5.83
3812.2,-2.901,1.144,-2.767,1.220,60.266,0.155,5.83
3817.2,-2.901,1.144,-2.767,1.220,60.266,0.155,5.83
3822.2,-2.901,1.144,-2.767,1.220,60.266,0.155,5.83
3827.2,-2.901,1.144,-2.767,1.220,60.266,0.155,5.83
3832.2,-2.901,1.144,-2.767,1.220,60.266,0.155,5.83
3836.7,-2.901,1.144,-2.767,1.220,60.266,0.155,5.83
3838.6,-2.901,1.144,-2.767,1.220,60.266,0.155,5.83
3843.6,-2.901,1.144,-2.767,1.220,60.266,0.155,5.83
3848.6,-2.901,1.144,-2.767,1.220,60.266,0.155,5.83
3853.6,-2.901,1.144,-2.767,1.220,60.266,0.155,5.83
3858.6,-2.901,1.144,-2.767,1.220,60.266,0.155,5.83
3863.6,-2.901,1.144,-2.767,1.220,60.266,0.155,5.83
3868.6,-2.901,1.144,-2.767,1.220,60.266,0.155,5.83
3870.0,-2.901,1.144,-2.767,1.220,60.266,0.155,5.83
3875.0,-2.901,1.144,-2.767,1.220,60.266,0.155,5.83
3880.0,-2.901,1.144,-2.767,1.220,60.266,0.155,5.83
3885.0,-2.901,1.144,-2.767,1.220,60.266,0.155,5.83
3890.0,-2.901,1.144,-2.767,1.220,60.266,0.155,5.83
3895.0,-2.901,1.144,-2.767,1.220,60.266,0.155,5.83
3900.0,-2.901,1.144,-2.767,1.220,60.266,0.155,5.83
3901.5,-2.901,1.144,-2.767,1.220,60.266,0.155,5.83
3906.5,-2.901,1.144,-2.767,1.220,60.266,0.155,5.83
3911.5,-2.901,1.144,-2.767,1.220,60.266,0.155,5.83
3916.5,-2.901,1.144,-2.767,1.220,60.266,0.155,5.83
3921.5,-2.901,1.144,-2.767,1.220,60.266,0.155,5.83
3926.5,-2.901,1.144,-2.767,1.220,60.266,0.155,5.83
3931.5,-2.901,1.144,-2.767,1.220,60.266,0.155,5.83
3933.5,-2.901,1.144,-2.767,1.220,60.266,0.155,5.83
3937.9,-2.901,1.144,-2.767,1.220,60.266,0.155,5.83
3942.9,-2.901,1.144,-2.767,1.220,60.266,0.155,5.83
3947.9,-2.901,1.144,-2.767,1.220,60.266,0.155,5.83
3952.9,-2.901,1.144,-2.767,1.220,60.266,0.155,5.83
3957.9,-2.901,1.144,-2.767,1.220,60.266,0.155,5.83
3962.9,-2.901,1.144,-2.767,1.220,60.266,0.155,5.83
3965.9,-2.901,1.144,-2.767,1.220,60.266,0.155,5.83
3969.3,-2.901,1.144,-2.767,1.220,60.266,0.155,5.83
3974.3,-2.901,1.144,-2.767,1.220,60.266,0.155,5.83
3979.3,-2.901,1.144,-2.767,1.220,60.266,0.155,5.83
3984.3,-2.901,1.144,-2.767,1.220,60.266,0.155,5.83
3989.3,-2.901,1.144,-2.767,1.220,60.266,0.155,5.83
3994.3,-2.901,1.144,-2.767,1.220,60.266,0.155,5.83
3997.8,-2.901,1.144,-2.767,1.220,60.266,0.155,5.83
4000.7,-2.901,1.144,-2.767,1.220,60.266,0.155,5.83
4005.7,-2.901,1.144,-2.767,1.220,60.266,0.155,5.83
4010.7,-2.901,1.144,-2.767,1.220,60.266,0.155,5.83
4015.7,-2.901,1.144,-2.767,1.220,60.266,0.155,5.83
4020.7,-2.901,1.144,-2.767,1.220,60.266,0.155,5.83
4025.7,-2.901,1.144,-2.767,1.220,60.266,0.155,5.83
4030.2,-2.901,1.144,-2.767,1.220,60.266,0.155,5.83
4032.1,-2.901,1.144,-2.767,1.220,60.266,0.155,5.83
4037.1,-2.901,1.144,-2.767,1.220,60.266,0.155,5.83
4042.1,-2.901,1.144,-2.767,1.220,60.266,0.155,5.83
4047.1,-2.901,1.144,-2.767,1.220,60.266,0.155,5.83
4052.1,-2.901,1.144,-2.767,1.220,60.266,0.155,5.83
4057.1,-2.901,1.144,-2.767,1.220,60.266,0.155,5.83
4062.1,-2.901,1.144,-2.767,1.220,60.266,0.155,5.83
4063.5,-2.901,1.144,-2.767,1.220,60.266,0.155,5.83
4068.5,-2.901,1.144,-2.767,1.220,60.266,0.155,5.83
4073.5,-2.901,1.144,-2.767,1.220,60.266,0.155,5.83
4078.5,-2.901,1.144,-2.767,1.220,60.266,0.155,5.83
4083.5,-2.901,1.144,-2.767,1.220,60.266,0.155,5.83
4088.5,-2.901,1.144,-2.767,1.220,60.266,0.155,5.83
4093.5,-2.901,1.144,-2.767,1.220,60.266,0.155,5.83
4095.0,-2.901,1.144,-2.767,1.220,60.266,0.155,5.83
4100.0,-2.901,1.144,-2.767,1.220,60.266,0.155,5.83
4105.0,-2.901,1.144,-2.767,1.220,60.266,0.155,5.83
4110.0,-2.901,1.144,-2.767,1.220,60.266,0.155,5.83
4115.0,-2.901,1.144,-2.767,1.220,60.266,0.155,5.83
4120.0,-2.901,1.144,-2.767,1.220,60.266,0.155,5.83
4125.0,-2.901,1.144,-2.767,1.220,60.266,0.155,5.83
4127.0,-2.901,1.144,-2.767,1.220,60.266,0.155,5.83
4131.4,-2.901,1.144,-2.767,1.220,60.266,0.155,5.83
4136.4,-2.901,1.144,-2.767,1.220,60.266,0.155,5.83
4141.4,-2.901,1.144,-2.767,1.220,60.266,0.155,5.83
4146.4,-2.901,1.144,-2.767,1.220,60.266,0.155,5.83
4151.4,-2.901,1.144,-2.767,1.220,60.266,0.155,5.83
4156.4,-2.901,1.144,-2.767,1.220,60.266,0.155,5.83
4159.4,-2.901,1.144,-2.767,1.220,60.266,0.155,5.83
4162.8,-2.901,1.144,-2.767,1.220,60.266,0.155,5.83
4167.8,-2.901,1.144,-2.767,1.220,60.266,0.155,5.83
4172.8,-2.901,1.144,-2.767,1.220,60.266,0.155,5.83
4177.8,-2.901,1.144,-2.767,1.220,60.266,0.155,5.83
4182.8,-2.901,1.144,-2.767,1.220,60.266,0.155,5.83
4187.8,-2.901,1.144,-2.767,1.220,60.266,0.155,5.83
4191.3,-2.901,1.144,-2.767,1.220,60.266,0.155,5.83
4194.2,-2.901,1.144,-2.767,1.220,60.266,0.155,5.83
4199.2,-2.901,1.144,-2.767,1.220,60.266,0.155,5.83
4204.2,-2.901,1.144,-2.767,1.220,60.266,0.155,5.83
4209.2,-2.901,1.144,-2.767,1.220,60.266,0.155,5.83
4214.2,-2.901,1.144,-2.767,1.220,60.266,0.155,5.83
4219.2,-2.901,1.144,-2.767,1.220,60.266,0.155,5.83
4223.7,-2.901,1.144,-2.767,1.220,60.266,0.155,5.83
4225.6,-2.901,1.144,-2.767,1.220,60.266,0.155,5.83
4230.6,-2.901,1.144,-2.767,1.220,60.266,0.155,5.83
4235.6,-2.901,1.144,-2.767,1.220,60.266,0.155,5.83
4240.6,-2.901,1.144,-2.767,1.220,60.266,0.155,5.83
4245.6,-2.901,1.144,-2.767,1.220,60.266,0.155,5.83
4250.6,-2.901,1.144,-2.767,1.220,60.266,0.155,5.83
4255.6,-2.901,1.144,-2.767,1.220,60.266,0.155,5.83
4257.0,-2.901,1.144,-2.767,1.220,60.266,0.155,5.83
4262.0,-2.901,1.144,-2.767,1.220,60.266,0.155,5.83
4267.0,-2.901,1.144,-2.767,1.220,60.266,0.155,5.83
4272.0,-2.901,1.144,-2.767,1.220,60.266,0.155,5.83
4277.0,-2.901,1.144,-2.767,1.220,60.266,0.155,5.83
4282.0,-2.901,1.144,-2.767,1.220,60.266,0.155,5.83
4287.0,-2.901,1.144,-2.767,1.220,60.266,0.155,5.83
4288.5,-2.901,1.144,-2.767,1.220,60.266,0.155,5.83
4293.5,-2.901,1.144,-2.767,1.220,60.266,0.155,5.83
4298.5,-2.901,1.144,-2.767,1.220,60.266,0.155,5.83
4303.5,-2.901,1.144,-2.767,1.220,60.266,0.155,5.83
4308.5,-2.901,1.144,-2.767,1.220,60.266,0.155,5.83
4313.5,-2.901,1.144,-2.767,1.220,60.266,0.155,5.83
4318.5,-2.901,1.144,-2.767,1.220,60.266,0.155,5.83
4320.5,-2.901,1.144,-2.767,1.220,60.266,0.155,5.83
4324.9,-2.901,1.144,-2.767,1.220,60.266,0.155,5.83
4329.9,-2.901,1.144,-2.767,1.220,60.266,0.155,5.83
4334.9,-2.901,1.144,-2.767,1.220,60.266,0.155,5.83
4339.9,-2.901,1.144,-2.767,1.220,60.266,0.155,5.83
4344.9,-2.901,1.144,-2.767,1.220,60.266,0.155,5.83
4349.9,-2.901,1.144,-2.767,1.220,60.266,0.155,5.83
4352.9,-2.901,1.144,-2.767,1.220,60.266,0.155,5.83
4356.3,-2.901,1.144,-2.767,1.220,60.266,0.155,5.83
4361.3,-2.901,1.144,-2.767,1.220,60.266,0.155,5.83
4366.3,-2.901,1.144,-2.767,1.220,60.266,0.155,5.83
4371.3,-2.901,1.144,-2.767,1.220,60.266,0.155,5.83
4376.3,-2.901,1.144,-2.767,1.220,60.266,0.155,5.83
4381.3,-2.901,1.144,-2.767,1.220,60.266,0.155,5.83
4384.8,-2.901,1.144,-2.767,1.220,60.266,0.155,5.83
4387.7,-2.901,1.144,-2.767,1.220,60.266,0.155,5.83
4392.7,-2.901,1.144,-2.767,1.220,60.266,0.155,5.83
4397.7,-2.901,1.144,-2.767,1.220,60.266,0.155,5.83
4402.7,-2.901,1.144,-2.767,1.220,60.266,0.155,5.83
4407.7,-2.901,1.144,-2.767,1.220,60.266,0.155,5.83
4412.7,-2.901,1.144,-2.767,1.220,60.266,0.155,5.83
4417.2,-2.901,1.144,-2.767,1.220,60.266,0.155,5.83
4419.1,-2.901,1.144,-2.767,1.220,60.266,0.155,5.83
4424.1,-2.901,1.144,-2.767,1.220,60.266,0.155,5.83
4429.1,-2.901,1.144,-2.767,1.220,60.266,0.155,5.83
4434.1,-2.901,1.144,-2.767,1.220,60.266,0.155,5.83
4439.1,-2.901,1.144,-2.767,1.220,60.266,0.155,5.83
4444.1,-2.901,1.144,-2.767,1.220,60.266,0.155,5.83
4449.1,-2.901,1.144,-2.767,1.220,60.266,0.155,5.83
4450.5,-2.901,1.144,-2.767,1.220,60.266,0.155,5.83
4455.5,-2.901,1.144,-2.767,1.220,60.266,0.155,5.83
4460.5,-2.901,1.144,-2.767,1.220,60.266,0.155,5.83
4465.5,-2.901,1.144,-2.767,1.220,60.266,0.155,5.83
4470.5,-2.901,1.144,-2.767,1.220,60.266,0.155,5.83
4475.5,-2.901,1.144,-2.767,1.220,60.266,0.155,5.83
4480.5,-2.901,1.144,-2.767,1.220,60.266,0.155,5.83
4482.0,-2.901,1.144,-2.767,1.220,60.266,0.155,5.83
4487.0,-2.901,1.144,-2.767,1.220,60.266,0.155,5.83
4492.0,-2.901,1.144,-2.767,1.220,60.266,0.155,5.83
4497.0,-2.901,1.144,-2.767,1.220,60.266,0.155,5.83
4502.0,-2.901,1.144,-2.767,1.220,60.266,0.155,5.83
4507.0,-2.901,1.144,-2.767,1.220,60.266,0.155,5.83
4512.0,-2.901,1.144,-2.767,1.220,60.266,0.155,5.83
4514.0,-2.901,1.144,-2.767,1.220,60.266,0.155,5.83
4518.4,-2.901,1.144,-2.767,1.220,60.266,0.155,5.83
4523.4,-2.901,1.144,-2.767,1.220,60.266,0.155,5.83
4528.4,-2.901,1.144,-2.767,1.220,60.266,0.155,5.83
4533.4,-2.901,1.144,-2.767,1.220,60.266,0.155,5.83
4538.4,-2.901,1.144,-2.767,1.220,60.266,0.155,5.83
4543.4,-2.901,1.144,-2.767,1.220,60.266,0.155,5.83
4546.4,-2.901,1.144,-2.767,1.220,60.266,0.155,5.83
4549.8,-2.901,1.144,-2.767,1.220,60.266,0.155,5.83
4554.8,-2.901,1.144,-2.767,1.220,60.266,0.155,5.83
4559.8,-2.901,1.144,-2.767,1.220,60.266,0.155,5.83
4564.8,-2.901,1.144,-2.767,1.220,60.266,0.155,5.83
4569.8,-2.901,1.144,-2.767,1.220,60.266,0.155,5.83
4574.8,-2.901,1.144,-2.767,1.220,60.266,0.155,5.83
4578.3,-2.901,1.144,-2.767,1.220,60.266,0.155,5.83
4581.2,-2.901,1.144,-2.767,1.220,60.266,0.155,5.83
4586.2,-2.901,1.144,-2.767,1.220,60.266,0.155,5.83
4591.2,-2.901,1.144,-2.767,1.220,60.266,0.155,5.83
4596.2,-2.901,1.144,-2.767,1.220,60.266,0.155,5.83
4601.2,-2.901,1.144,-2.767,1.220,60.266,0.155,5.83
4606.2,-2.901,1.144,-2.767,1.220,60.266,0.155,5.83
4610.7,-2.901,1.144,-2.767,1.220,60.266,0.155,5.83
4612.6,-2.901,1.144,-2.767,1.220,60.266,0.155,5.83
4617.6,-2.901,1.144,-2.767,1.220,60.266,0.155,5.83
4622.6,-2.901,1.144,-2.767,1.220,60.266,0.155,5.83
4627.6,-2.901,1.144,-2.767,1.220,60.266,0.155,5.83
4632.6,-2.901,1.144,-2.767,1.220,60.266,0.155,5.83
4637.6,-2.901,1.144,-2.767,1.220,60.266,0.155,5.83
4642.6,-2.901,1.144,-2.767,1.220,60.266,0.155,5.83
4644.0,-2.901,1.144,-2.767,1.220,60.266,0.155,5.83
4649.0,-2.901,1.144,-2.767,1.220,60.266,0.155,5.83
4654.0,-2.901,1.144,-2.767,1.220,60.266,0.155,5.83
4659.0,-2.901,1.144,-2.767,1.220,60.266,0.155,5.83
4664.0,-2.901,1.144,-2.767,1.220,60.266,0.155,5.83
4669.0,-2.901,1.144,-2.767,1.220,60.266,0.155,5.83
4674.0,-2.901,1.144,-2.767,1.220,60.266,0.155,5.83
4675.5,-2.901,1.144,-2.767,1.220,60.266,0.155,5.83
4680.5,-2.901,1.144,-2.767,1.220,60.266,0.155,5.83
4685.5,-2.901,1.144,-2.767,1.220,60.266,0.155,5.83
4690.5,-2.901,1.144,-2.767,1.220,60.266,0.155,5.83
4695.5,-2.901,1.144,-2.767,1.220,60.266,0.155,5.83
4700.5,-2.901,1.144,-2.767,1.220,60.266,0.155,5.83
4705.5,-2.901,1.144,-2.767,1.220,60.266,0.155,5.83
4707.5,-2.901,1.144,-2.767,1.220,60.266,0.155,5.83
4711.9,-2.901,1.144,-2.767,1.220,60.266,0.155,5.83
4716.9,-2.901,1.144,-2.767,1.220,60.266,0.155,5.83
4721.9,-2.901,1.144,-2.767,1.220,60.266,0.155,5.83
4726.9,-2.901,1.144,-2.767,1.220,60.266,0.155,5.83
4731.9,-2.901,1.144,-2.767,1.220,60.266,0.155,5.83
4736.9,-2.901,1.144,-2.767,1.220,60.266,0.155,5.83
4739.9,-2.901,1.144,-2.767,1.220,60.266,0.155,5.83
4743.3,-2.901,1.144,-2.767,1.220,60.266,0.155,5.83
4748.3,-2.901,1.144,-2.767,1.220,60.266,0.155,5.83
4753.3,-2.901,1.144,-2.767,1.220,60.266,0.155,5.83
4758.3,-2.901,1.144,-2.767,1.220,60.266,0.155,5.83
4763.3,-2.901,1.144,-2.767,1.220,60.266,0.155,5.83
4768.3,-2.901,1.144,-2.767,1.220,60.266,0.155,5.83
4771.8,-2.901,1.144,-2.767,1.220,60.266,0.155,5.83
4774.7,-2.901,1.144,-2.767,1.220,60.266,0.155,5.83
4779.7,-2.901,1.144,-2.767,1.220,60.266,0.155,5.83
4784.7,-2.901,1.144,-2.767,1.220,60.266,0.155,5.83
4789.7,-2.901,1.144,-2.767,1.220,60.266,0.155,5.83
4794.7,-2.901,1.144,-2.767,1.220,60.266,0.155,5.83
4799.7,-2.901,1.144,-2.767,1.220,60.266,0.155,5.83
4804.2,-2.901,1.144,-2.767,1.220,60.266,0.155,5.83
4806.1,-2.901,1.144,-2.767,1.220,60.266,0.155,5.83
4811.1,-2.901,1.144,-2.767,1.220,60.266,0.155,5.83
4816.1,-2.901,1.144,-2.767,1.220,60.266,0.155,5.83
4821.1,-2.901,1.144,-2.767,1.220,60.266,0.155,5.83
4826.1,-2.901,1.144,-2.767,1.220,60.266,0.155,5.83
4831.1,-2.901,1.144,-2.767,1.220,60.266,0.155,5.83
4836.1,-2.901,1.144,-2.767,1.220,60.266,0.155,5.83
4837.5,-2.901,1.144,-2.767,1.220,60.266,0.155,5.83
4842.5,-2.901,1.144,-2.767,1.220,60.266,0.155,5.83
4847.5,-2.901,1.144,-2.767,1.220,60.266,0.155,5.83
4852.5,-2.901,1.144,-2.767,1.220,60.266,0.155,5.83
4857.5,-2.901,1.144,-2.767,1.220,60.266,0.155,5.83
4862.5,-2.901,1.144,-2.767,1.220,60.266,0.155,5.83
4867.5,-2.901,1.144,-2.767,1.220,60.266,0.155,5.83
4869.0,-2.901,1.144,-2.767,1.220,60.266,0.155,5.83
4874.0,-2.901,1.144,-2.767,1.220,60.266,0.155,5.83
4879.0,-2.901,1.144,-2.767,1.220,60.266,0.155,5.83
4884.0,-2.901,1.144,-2.767,1.220,60.266,0.155,5.83
4889.0,-2.901,1.144,-2.767,1.220,60.266,0.155,5.83
4894.0,-2.901,1.144,-2.767,1.220,60.266,0.155,5.83
4899.0,-2.901,1.144,-2.767,1.220,60.266,0.155,5.83
4901.0,-2.901,1.144,-2.767,1.220,60.266,0.155,5.83
4905.4,-2.901,1.144,-2.767,1.220,60.266,0.155,5.83
4910.4,-2.901,1.144,-2.767,1.220,60.266,0.155,5.83
4915.4,-2.901,1.144,-2.767,1.220,60.266,0.155,5.83
4920.4,-2.901,1.144,-2.767,1.220,60.266,0.155,5.83
4925.4,-2.901,1.144,-2.767,1.220,60.266,0.155,5.83
4930.4,-2.901,1.144,-2.767,1.220,60.266,0.155,5.83
4933.4,-2.901,1.144,-2.767,1.220,60.266,0.155,5.83
4936.8,-2.901,1.144,-2.767,1.220,60.266,0.155,5.83
4941.8,-2.901,1.144,-2.767,1.220,60.266,0.155,5.83
4946.8,-2.901,1.144,-2.767,1.220,60.266,0.155,5.83
4951.8,-2.901,1.144,-2.767,1.220,60.266,0.155,5.83
4956.8,-2.901,1.144,-2.767,1.220,60.266,0.155,5.83
4961.8,-2.901,1.144,-2.767,1.220,60.266,0.155,5.83
4965.3,-2.901,1.144,-2.767,1.220,60.266,0.155,5.83
4968.2,-2.901,1.144,-2.767,1.220,60.266,0.155,5.83
4973.2,-2.901,1.144,-2.767,1.220,60.266,0.155,5.83
4978.2,-2.901,1.144,-2.767,1.220,60.266,0.155,5.83
4983.2,-2.901,1.144,-2.767,1.220,60.266,0.155,5.83
4988.2,-2.901,1.144,-2.767,1.220,60.266,0.155,5.83
4993.2,-2.901,1.144,-2.767,1.220,60.266,0.155,5.83
4997.7,-2.901,1.144,-2.767,1.220,60.266,0.155,5.83
4999.6,-2.901,1.144,-2.767,1.220,60.266,0.155,5.83
5004.6,-2.901,1.144,-2.767,1.220,60.266,0.155,5.83
5009.6,-2.901,1.144,-2.767,1.220,60.266,0.155,5.83
5014.6,-2.901,1.144,-2.767,1.220,60.266,0.155,5.83
5019.6,-2.901,1.144,-2.767,1.220,60.266,0.155,5.83
5024.6,-2.901,1.144,-2.767,1.220,60.266,0.155,5.83
5029.6,-2.901,1.144,-2.767,1.220,60.266,0.155,5.83
5031.0,-2.901,1.144,-2.767,1.220,60.266,0.155,5.83
5036.0,-2.901,1.144,-2.767,1.220,60.266,0.155,5.83
5041.0,-2.901,1.144,-2.767,1.220,60.266,0.155,5.83
5046.0,-2.901,1.144,-2.767,1.220,60.266,0.155,5.83
5051.0,-2.901,1.144,-2.767,1.220,60.266,0.155,5.83
5056.0,-2.901,1.144,-2.767,1.220,60.266,0.155,5.83
5061.0,-2.901,1.144,-2.767,1.220,60.266,0.155,5.83
5062.5,-2.901,1.144,-2.767,1.220,60.266,0.155,5.83
5067.5,-2.901,1.144,-2.767,1.220,60.266,0.155,5.83
5072.5,-2.901,1.144,-2.767,1.220,60.266,0.155,5.83
5077.5,-2.901,1.144,-2.767,1.220,60.266,0.155,5.83
5082.5,-2.901,1.144,-2.767,1.220,60.266,0.155,5.83
5087.5,-2.901,1.144,-2.767,1.220,60.266,0.155,5.83
5092.5,-2.901,1.144,-2.767,1.220,60.266,0.155,5.83
5094.5,-2.901,1.144,-2.767,1.220,60.266,0.155,5.83
5098.9,-2.901,1.144,-2.767,1.220,60.266,0.155,5.83
5103.9,-2.901,1.144,-2.767,1.220,60.266,0.155,5.83
5108.9,-2.901,1.144,-2.767,1.220,60.266,0.155,5.83
5113.9,-2.901,1.144,-2.767,1.220,60.266,0.155,5.83
5118.9,-2.901,1.144,-2.767,1.220,60.266,0.155,5.83
5123.9,-2.901,1.144,-2.767,1.220,60.266,0.155,5.83
5126.9,-2.901,1.144,-2.767,1.220,60.266,0.155,5.83
5130.3,-2.901,1.144,-2.767,1.220,60.266,0.155,5.83
5135.3,-2.901,1.144,-2.767,1.220,60.266,0.155,5.83
5140.3,-2.901,1.144,-2.767,1.220,60.266,0.155,5.83
5145.3,-2.901,1.144,-2.767,1.220,60.266,0.155,5.83
5150.3,-2.901,1.144,-2.767,1.220,60.266,0.155,5.83
5155.3,-2.901,1.144,-2.767,1.220,60.266,0.155,5.83
5158.8,-2.901,1.144,-2.767,1.220,60.266,0.155,5.83
5161.7,-2.901,1.144,-2.767,1.220,60.266,0.155,5.83
5166.7,-2.901,1.144,-2.767,1.220,60.266,0.155,5.83
5171.7,-2.901,1.144,-2.767,1.220,60.266,0.155,5.83
5176.7,-2.901,1.144,-2.767,1.220,60.266,0.155,5.83
5181.7,-2.901,1.144,-2.767,1.220,60.266,0.155,5.83
5186.7,-2.901,1.144,-2.767,1.220,60.266,0.155,5.83
5191.2,-2.901,1.144,-2.767,1.220,60.266,0.155,5.83
5193.1,-2.901,1.144,-2.767,1.220,60.266,0.155,5.83
5198.1,-2.901,1.144,-2.767,1.220,60.266,0.155,5.83
5203.1,-2.901,1.144,-2.767,1.220,60.266,0.155,5.83
5208.1,-2.901,1.144,-2.767,1.220,60.266,0.155,5.83
5213.1,-2.901,1.144,-2.767,1.220,60.266,0.155,5.83
5218.1,-2.901,1.144,-2.767,1.220,60.266,0.155,5.83
5223.1,-2.901,1.144,-2.767,1.220,60.266,0.155,5.83
5224.6,-2.901,1.144,-2.767,1.220,60.266,0.155,5.83
5229.6,-2.901,1.144,-2.767,1.220,60.266,0.155,5.83
5234.6,-2.901,1.144,-2.767,1.220,60.266,0.155,5.83
5239.6,-2.901,1.144,-2.767,1.220,60.266,0.155,5.83
5244.6,-2.901,1.144,-2.767,1.220,60.266,0.155,5.83
5249.6,-2.901,1.144,-2.767,1.220,60.266,0.155,5.83
5254.6,-2.901,1.144,-2.767,1.220,60.266,0.155,5.83
5256.0,-2.901,1.144,-2.767,1.220,60.266,0.155,5.83
5261.0,-2.901,1.144,-2.767,1.220,60.266,0.155,5.83
5266.0,-2.901,1.144,-2.767,1.220,60.266,0.155,5.83
5271.0,-2.901,1.144,-2.767,1.220,60.266,0.155,5.83
5276.0,-2.901,1.144,-2.767,1.220,60.266,0.155,5.83
5281.0,-2.901,1.144,-2.767,1.220,60.266,0.155,5.83
5286.0,-2.901,1.144,-2.767,1.220,60.266,0.155,5.83
5288.0,-2.901,1.144,-2.767,1.220,60.266,0.155,5.83
5292.4,-2.901,1.144,-2.767,1.220,60.266,0.155,5.83
5297.4,-2.901,1.144,-2.767,1.220,60.266,0.155,5.83
5302.4,-2.901,1.144,-2.767,1.220,60.266,0.155,5.83
5307.4,-2.901,1.144,-2.767,1.220,60.266,0.155,5.83
5312.4,-2.901,1.144,-2.767,1.220,60.266,0.155,5.83
5317.4,-2.901,1.144,-2.767,1.220,60.266,0.155,5.83
5320.4,-2.901,1.144,-2.767,1.220,60.266,0.155,5.83
5323.8,-2.901,1.144,-2.767,1.220,60.266,0.155,5.83
5328.8,-2.901,1.144,-2.767,1.220,60.266,0.155,5.83
5333.8,-2.901,1.144,-2.767,1.220,60.266,0.155,5.83
5338.8,-2.901,1.144,-2.767,1.220,60.266,0.155,5.83
5343.8,-2.901,1.144,-2.767,1.220,60.266,0.155,5.83
5348.8,-2.901,1.144,-2.767,1.220,60.266,0.155,5.83
5352.3,-2.901,1.144,-2.767,1.220,60.266,0.155,5.83
5355.2,-2.901,1.144,-2.767,1.220,60.266,0.155,5.83
5360.2,-2.901,1.144,-2.767,1.220,60.266,0.155,5.83
5365.2,-2.901,1.144,-2.767,1.220,60.266,0.155,5.83
5370.2,-2.901,1.144,-2.767,1.220,60.266,0.155,5.83
5375.2,-2.901,1.144,-2.767,1.220,60.266,0.155,5.83
5380.2,-2.901,1.144,-2.767,1.220,60.266,0.155,5.83
5384.7,-2.901,1.144,-2.767,1.220,60.266,0.155,5.83
5386.6,-2.901,1.144,-2.767,1.220,60.266,0.155,5.83
5391.6,-2.901,1.144,-2.767,1.220,60.266,0.155,5.83
5396.6,-2.901,1.144,-2.767,1.220,60.266,0.155,5.83
5401.6,-2.901,1.144,-2.767,1.220,60.266,0.155,5.83
5406.6,-2.901,1.144,-2.767,1.220,60.266,0.155,5.83
5411.6,-2.901,1.144,-2.767,1.220,60.266,0.155,5.83
5416.6,-2.901,1.144,-2.767,1.220,60.266,0.155,5.83
5418.1,-2.901,1.144,-2.767,1.220,60.266,0.155,5.83
5423.1,-2.901,1.144,-2.767,1.220,60.266,0.155,5.83
5428.1,-2.901,1.144,-2.767,1.220,60.266,0.155,5.83
5433.1,-2.901,1.144,-2.767,1.220,60.266,0.155,5.83
5438.1,-2.901,1.144,-2.767,1.220,60.266,0.155,5.83
5443.1,-2.901,1.144,-2.767,1.220,60.266,0.155,5.83
5448.1,-2.901,1.144,-2.767,1.220,60.266,0.155,5.83
5449.5,-2.901,1.144,-2.767,1.220,60.266,0.155,5.83
5454.5,-2.901,1.144,-2.767,1.220,60.266,0.155,5.83
5459.5,-2.901,1.144,-2.767,1.220,60.266,0.155,5.83
5464.5,-2.901,1.144,-2.767,1.220,60.266,0.155,5.83
5469.5,-2.901,1.144,-2.767,1.220,60.266,0.155,5.83
5474.5,-2.901,1.144,-2.767,1.220,60.266,0.155,5.83
5479.5,-2.901,1.144,-2.767,1.220,60.266,0.155,5.83
5481.5,-2.901,1.144,-2.767,1.220,60.266,0.155,5.83
5485.9,-2.901,1.144,-2.767,1.220,60.266,0.155,5.83
5490.9,-2.901,1.144,-2.767,1.220,60.266,0.155,5.83
5495.9,-2.901,1.144,-2.767,1.220,60.266,0.155,5.83
5500.9,-2.901,1.144,-2.767,1.220,60.266,0.155,5.83
5505.9,-2.901,1.144,-2.767,1.220,60.266,0.155,5.83
5510.9,-2.901,1.144,-2.767,1.220,60.266,0.155,5.83
5513.9,-2.901,1.144,-2.767,1.220,60.266,0.155,5.83
5517.3,-2.901,1.144,-2.767,1.220,60.266,0.155,5.83
5522.3,-2.901,1.144,-2.767,1.220,60.266,0.155,5.83
5527.3,-2.901,1.144,-2.767,1.220,60.266,0.155,5.83
5532.3,-2.901,1.144,-2.767,1.220,60.266,0.155,5.83
5537.3,-2.901,1.144,-2.767,1.220,60.266,0.155,5.83
5542.3,-2.901,1.144,-2.767,1.220,60.266,0.155,5.83
5545.8,-2.901,1.144,-2.767,1.220,60.266,0.155,5.83
5548.7,-2.901,1.144,-2.767,1.220,60.266,0.155,5.83
5553.7,-2.901,1.144,-2.767,1.220,60.266,0.155,5.83
5558.7,-2.901,1.144,-2.767,1.220,60.266,0.155,5.83
5563.7,-2.901,1.144,-2.767,1.220,60.266,0.155,5.83
5568.7,-2.901,1.144,-2.767,1.220,60.266,0.155,5.83
5573.7,-2.901,1.144,-2.767,1.220,60.266,0.155,5.83
5578.2,-2.901,1.144,-2.767,1.220,60.266,0.155,5.83
5580.1,-2.901,1.144,-2.767,1.220,60.266,0.155,5.83
5585.1,-2.901,1.144,-2.767,1.220,60.266,0.155,5.83
5590.1,-2.901,1.144,-2.767,1.220,60.266,0.155,5.83
5595.1,-2.901,1.144,-2.767,1.220,60.266,0.155,5.83
5600.1,-2.901,1.144,-2.767,1.220,60.266,0.155,5.83
5605.1,-2.901,1.144,-2.767,1.220,60.266,0.155,5.83
5610.1,-2.901,1.144,-2.767,1.220,60.266,0.155,5.83
5611.6,-2.901,1.144,-2.767,1.220,60.266,0.155,5.83
5616.6,-2.901,1.144,-2.767,1.220,60.266,0.155,5.83
5621.6,-2.901,1.144,-2.767,1.220,60.266,0.155,5.83
5626.6,-2.901,1.144,-2.767,1.220,60.266,0.155,5.83
5631.6,-2.901,1.144,-2.767,1.220,60.266,0.155,5.83
5636.6,-2.901,1.144,-2.767,1.220,60.266,0.155,5.83
5641.6,-2.901,1.144,-2.767,1.220,60.266,0.155,5.83
5643.0,-2.901,1.144,-2.767,1.220,60.266,0.155,5.83
5648.0,-2.901,1.144,-2.767,1.220,60.266,0.155,5.83
5653.0,-2.901,1.144,-2.767,1.220,60.266,0.155,5.83
5658.0,-2.901,1.144,-2.767,1.220,60.266,0.155,5.83
5663.0,-2.901,1.144,-2.767,1.220,60.266,0.155,5.83
5668.0,-2.901,1.144,-2.767,1.220,60.266,0.155,5.83
5673.0,-2.901,1.144,-2.767,1.220,60.266,0.155,5.83
5675.0,-2.901,1.144,-2.767,1.220,60.266,0.155,5.83
5679.4,-2.901,1.144,-2.767,1.220,60.266,0.155,5.83
5684.4,-2.901,1.144,-2.767,1.220,60.266,0.155,5.83
5689.4,-2.901,1.144,-2.767,1.220,60.266,0.155,5.83
5694.4,-2.901,1.144,-2.767,1.220,60.266,0.155,5.83
5699.4,-2.901,1.144,-2.767,1.220,60.266,0.155,5.83
5704.4,-2.901,1.144,-2.767,1.220,60.266,0.155,5.83
5707.4,-2.901,1.144,-2.767,1.220,60.266,0.155,5.83
5710.8,-2.901,1.144,-2.767,1.220,60.266,0.155,5.83
5715.8,-2.901,1.144,-2.767,1.220,60.266,0.155,5.83
5720.8,-2.901,1.144,-2.767,1.220,60.266,0.155,5.83
5725.8,-2.901,1.144,-2.767,1.220,60.266,0.155,5.83
5730.8,-2.901,1.144,-2.767,1.220,60.266,0.155,5.83
5735.8,-2.901,1.144,-2.767,1.220,60.266,0.155,5.83
5739.3,-2.901,1.144,-2.767,1.220,60.266,0.155,5.83
5742.2,-2.901,1.144,-2.767,1.220,60.266,0.155,5.83
5747.2,-2.901,1.144,-2.767,1.220,60.266,0.155,5.83
5752.2,-2.901,1.144,-2.767,1.220,60.266,0.155,5.83
5757.2,-2.901,1.144,-2.767,1.220,60.266,0.155,5.83
5762.2,-2.901,1.144,-2.767,1.220,60.266,0.155,5.83
5767.2,-2.901,1.144,-2.767,1.220,60.266,0.155,5.83
5771.7,-2.901,1.144,-2.767,1.220,60.266,0.155,5.83
5773.6,-2.901,1.144,-2.767,1.220,60.266,0.155,5.83
5778.6,-2.901,1.144,-2.767,1.220,60.266,0.155,5.83
5783.6,-2.901,1.144,-2.767,1.220,60.266,0.155,5.83
5788.6,-2.901,1.144,-2.767,1.220,60.266,0.155,5.83
5793.6,-2.901,1.144,-2.767,1.220,60.266,0.155,5.83
5798.6,-2.901,1.144,-2.767,1.220,60.266,0.155,5.83
5803.6,-2.901,1.144,-2.767,1.220,60.266,0.155,5.83
5805.1,-2.901,1.144,-2.767,1.220,60.266,0.155,5.83
5810.1,-2.901,1.144,-2.767,1.220,60.266,0.155,5.83
5815.1,-2.901,1.144,-2.767,1.220,60.266,0.155,5.83
5820.1,-2.901,1.144,-2.767,1.220,60.266,0.155,5.83
5825.1,-2.901,1.144,-2.767,1.220,60.266,0.155,5.83
5830.1,-2.901,1.144,-2.767,1.220,60.266,0.155,5.83
5835.1,-2.901,1.144,-2.767,1.220,60.266,0.155,5.83
5836.5,-2.901,1.144,-2.767,1.220,60.266,0.155,5.83
5841.5,-2.901,1.144,-2.767,1.220,60.266,0.155,5.83
5846.5,-2.901,1.144,-2.767,1.220,60.266,0.155,5.83
5851.5,-2.901,1.144,-2.767,1.220,60.266,0.155,5.83
5856.5,-2.901,1.144,-2.767,1.220,60.266,0.155,5.83
5861.5,-2.901,1.144,-2.767,1.220,60.266,0.155,5.83
5866.5,-2.901,1.144,-2.767,1.220,60.266,0.155,5.83
5868.5,-2.901,1.144,-2.767,1.220,60.266,0.155,5.83
5872.9,-2.901,1.144,-2.767,1.220,60.266,0.155,5.83
5877.9,-2.901,1.144,-2.767,1.220,60.266,0.155,5.83
5882.9,-2.901,1.144,-2.767,1.220,60.266,0.155,5.83
5887.9,-2.901,1.144,-2.767,1.220,60.266,0.155,5.83
5892.9,-2.901,1.144,-2.767,1.220,60.266,0.155,5.83
5897.9,-2.901,1.144,-2.767,1.220,60.266,0.155,5.83
5900.9,-2.901,1.144,-2.767,1.220,60.266,0.155,5.83
5904.3,-2.901,1.144,-2.767,1.220,60.266,0.155,5.83
5909.3,-2.901,1.144,-2.767,1.220,60.266,0.155,5.83
5914.3,-2.901,1.144,-2.767,1.220,60.266,0.155,5.83
5919.3,-2.901,1.144,-2.767,1.220,60.266,0.155,5.83
5924.3,-2.901,1.144,-2.767,1.220,60.266,0.155,5.83
5929.3,-2.901,1.144,-2.767,1.220,60.266,0.155,5.83
5932.8,-2.901,1.144,-2.767,1.220,60.266,0.155,5.83
5935.7,-2.901,1.144,-2.767,1.220,60.266,0.155,5.83
5940.7,-2.901,1.144,-2.767,1.220,60.266,0.155,5.83
5945.7,-2.901,1.144,-2.767,1.220,60.266,0.155,5.83
5950.7,-2.901,1.144,-2.767,1.220,60.266,0.155,5.83
5955.7,-2.901,1.144,-2.767,1.220,60.266,0.155,5.83
5960.7,-2.901,1.144,-2.767,1.220,60.266,0.155,5.83
5965.2,-2.901,1.144,-2.767,1.220,60.266,0.155,5.83
5967.1,-2.901,1.144,-2.767,1.220,60.266,0.155,5.83
5972.1,-2.901,1.144,-2.767,1.220,60.266,0.155,5.83
5977.1,-2.901,1.144,-2.767,1.220,60.266,0.155,5.83
5982.1,-2.901,1.144,-2.767,1.220,60.266,0.155,5.83
5987.1,-2.901,1.144,-2.767,1.220,60.266,0.155,5.83
5992.1,-2.901,1.144,-2.767,1.220,60.266,0.155,5.83
5997.1,-2.901,1.144,-2.767,1.220,60.266,0.155,5.83
5998.6,-2.901,1.144,-2.767,1.220,60.266,0.155,5.83
6003.6,-2.901,1.144,-2.767,1.220,60.266,0.155,5.83
6008.6,-2.901,1.144,-2.767,1.220,60.266,0.155,5.83
6013.6,-2.901,1.144,-2.767,1.220,60.266,0.155,5.83
6018.6,-2.901,1.144,-2.767,1.220,60.266,0.155,5.83
6023.6,-2.901,1.144,-2.767,1.220,60.266,0.155,5.83
6028.6,-2.901,1.144,-2.767,1.220,60.266,0.155,5.83
6030.0,-2.901,1.144,-2.767,1.220,60.266,0.155,5.83
6035.0,-2.901,1.144,-2.767,1.220,60.266,0.155,5.83
6040.0,-2.901,1.144,-2.767,1.220,60.266,0.155,5.83
6045.0,-2.901,1.144,-2.767,1.220,60.266,0.155,5.83
6050.0,-2.901,1.144,-2.767,1.220,60.266,0.155,5.83
6055.0,-2.901,1.144,-2.767,1.220,60.266,0.155,5.83
6060.0,-2.901,1.144,-2.767,1.220,60.266,0.155,5.83
6062.0,-2.901,1.144,-2.767,1.220,60.266,0.155,5.83
6066.4,-2.901,1.144,-2.767,1.220,60.266,0.155,5.83
6071.4,-2.901,1.144,-2.767,1.220,60.266,0.155,5.83
6076.4,-2.901,1.144,-2.767,1.220,60.266,0.155,5.83
6081.4,-2.901,1.144,-2.767,1.220,60.266,0.155,5.83
6086.4,-2.901,1.144,-2.767,1.220,60.266,0.155,5.83
6091.4,-2.901,1.144,-2.767,1.220,60.266,0.155,5.83
6094.4,-2.901,1.144,-2.767,1.220,60.266,0.155,5.83
6097.8,-2.901,1.144,-2.767,1.220,60.266,0.155,5.83
6102.8,-2.901,1.144,-2.767,1.220,60.266,0.155,5.83
6107.8,-2.901,1.144,-2.767,1.220,60.266,0.155,5.83
6112.8,-2.901,1.144,-2.767,1.220,60.266,0.155,5.83
6117.8,-2.901,1.144,-2.767,1.220,60.266,0.155,5.83
6122.8,-2.901,1.144,-2.767,1.220,60.266,0.155,5.83
6126.3,-2.901,1.144,-2.767,1.220,60.266,0.155,5.83
6129.2,-2.901,1.144,-2.767,1.220,60.266,0.155,5.83
6134.2,-2.901,1.144,-2.767,1.220,60.266,0.155,5.83
6139.2,-2.901,1.144,-2.767,1.220,60.266,0.155,5.83
6144.2,-2.901,1.144,-2.767,1.220,60.266,0.155,5.83
6149.2,-2.901,1.144,-2.767,1.220,60.266,0.155,5.83
6154.2,-2.901,1.144,-2.767,1.220,60.266,0.155,5.83
6158.7,-2.901,1.144,-2.767,1.220,60.266,0.155,5.83
6160.6,-2.901,1.144,-2.767,1.220,60.266,0.155,5.83
6165.6,-2.901,1.144,-2.767,1.220,60.266,0.155,5.83
6170.6,-2.901,1.144,-2.767,1.220,60.266,0.155,5.83
6175.6,-2.901,1.144,-2.767,1.220,60.266,0.155,5.83
6180.6,-2.901,1.144,-2.767,1.220,60.266,0.155,5.83
6185.6,-2.901,1.144,-2.767,1.220,60.266,0.155,5.83
6190.6,-2.901,1.144,-2.767,1.220,60.266,0.155,5.83
6192.1,-2.901,1.144,-2.767,1.220,60.266,0.155,5.83
6197.1,-2.901,1.144,-2.767,1.220,60.266,0.155,5.83
6202.1,-2.901,1.144,-2.767,1.220,60.266,0.155,5.83
6207.1,-2.901,1.144,-2.767,1.220,60.266,0.155,5.83
6212.1,-2.901,1.144,-2.767,1.220,60.266,0.155,5.83
6217.1,-2.901,1.144,-2.767,1.220,60.266,0.155,5.83
6222.1,-2.901,1.144,-2.767,1.220,60.266,0.155,5.83
6223.5,-2.901,1.144,-2.767,1.220,60.266,0.155,5.83
6228.5,-2.901,1.144,-2.767,1.220,60.266,0.155,5.83
6233.5,-2.901,1.144,-2.767,1.220,60.266,0.155,5.83
6238.5,-2.901,1.144,-2.767,1.220,60.266,0.155,5.83
6243.5,-2.901,1.144,-2.767,1.220,60.266,0.155,5.83
6248.5,-2.901,1.144,-2.767,1.220,60.266,0.155,5.83
6253.5,-2.901,1.144,-2.767,1.220,60.266,0.155,5.83
6255.5,-2.901,1.144,-2.767,1.220,60.266,0.155,5.83
6259.9,-2.901,1.144,-2.767,1.220,60.266,0.155,5.83
6264.9,-2.901,1.144,-2.767,1.220,60.266,0.155,5.83
6269.9,-2.901,1.144,-2.767,1.220,60.266,0.155,5.83
6274.9,-2.901,1.144,-2.767,1.220,60.266,0.155,5.83
6279.9,-2.901,1.144,-2.767,1.220,60.266,0.155,5.83
6284.9,-2.901,1.144,-2.767,1.220,60.266,0.155,5.83
6287.9,-2.901,1.144,-2.767,1.220,60.266,0.155,5.83
6291.3,-2.901,1.144,-2.767,1.220,60.266,0.155,5.83
6296.3,-2.901,1.144,-2.767,1.220,60.266,0.155,5.83
6301.3,-2.901,1.144,-2.767,1.220,60.266,0.155,5.83
6306.3,-2.901,1.144,-2.767,1.220,60.266,0.155,5.83
6311.3,-2.901,1.144,-2.767,1.220,60.266,0.155,5.83
6316.3,-2.901,1.144,-2.767,1.220,60.266,0.155,5.83
6319.8,-2.901,1.144,-2.767,1.220,60.266,0.155,5.83
6322.7,-2.901,1.144,-2.767,1.220,60.266,0.155,5.83
6327.7,-2.901,1.144,-2.767,1.220,60.266,0.155,5.83
6332.7,-2.901,1.144,-2.767,1.220,60.266,0.155,5.83
6337.7,-2.901,1.144,-2.767,1.220,60.266,0.155,5.83
6342.7,-2.901,1.144,-2.767,1.220,60.266,0.155,5.83
6347.7,-2.901,1.144,-2.767,1.220,60.266,0.155,5.83
6352.2,-2.901,1.144,-2.767,1.220,60.266,0.155,5.83
6354.1,-2.901,1.144,-2.767,1.220,60.266,0.155,5.83
6359.1,-2.901,1.144,-2.767,1.220,60.266,0.155,5.83
6364.1,-2.901,1.144,-2.767,1.220,60.266,0.155,5.83
6369.1,-2.901,1.144,-2.767,1.220,60.266,0.155,5.83
6374.1,-2.901,1.144,-2.767,1.220,60.266,0.155,5.83
6379.1,-2.901,1.144,-2.767,1.220,60.266,0.155,5.83
6384.1,-2.901,1.144,-2.767,1.220,60.266,0.155,5.83
6385.6,-2.901,1.144,-2.767,1.220,60.266,0.155,5.83
6390.6,-2.901,1.144,-2.767,1.220,60.266,0.155,5.83
6395.6,-2.901,1.144,-2.767,1.220,60.266,0.155,5.83
6400.6,-2.901,1.144,-2.767,1.220,60.266,0.155,5.83
6405.6,-2.901,1.144,-2.767,1.220,60.266,0.155,5.83
6410.6,-2.901,1.144,-2.767,1.220,60.266,0.155,5.83
6415.6,-2.901,1.144,-2.767,1.220,60.266,0.155,5.83
6417.0,-2.901,1.144,-2.767,1.220,60.266,0.155,5.83
6422.0,-2.901,1.144,-2.767,1.220,60.266,0.155,5.83
6427.0,-2.901,1.144,-2.767,1.220,60.266,0.155,5.83
6432.0,-2.901,1.144,-2.767,1.220,60.266,0.155,5.83
6437.0,-2.901,1.144,-2.767,1.220,60.266,0.155,5.83
6442.0,-2.901,1.144,-2.767,1.220,60.266,0.155,5.83
6447.0,-2.901,1.144,-2.767,1.220,60.266,0.155,5.83
6449.0,-2.901,1.144,-2.767,1.220,60.266,0.155,5.83
6453.4,-2.901,1.144,-2.767,1.220,60.266,0.155,5.83
6458.4,-2.901,1.144,-2.767,1.220,60.266,0.155,5.83
6463.4,-2.901,1.144,-2.767,1.220,60.266,0.155,5.83
6468.4,-2.901,1.144,-2.767,1.220,60.266,0.155,5.83
6473.4,-2.901,1.144,-2.767,1.220,60.266,0.155,5.83
6478.4,-2.901,1.144,-2.767,1.220,60.266,0.155,5.83
6481.4,-2.901,1.144,-2.767,1.220,60.266,0.155,5.83
6484.8,-2.901,1.144,-2.767,1.220,60.266,0.155,5.83
6489.8,-2.901,1.144,-2.767,1.220,60.266,0.155,5.83
6494.8,-2.901,1.144,-2.767,1.220,60.266,0.155,5.83
6499.8,-2.901,1.144,-2.767,1.220,60.266,0.155,5.83
6504.8,-2.901,1.144,-2.767,1.220,60.266,0.155,5.83
6509.8,-2.901,1.144,-2.767,1.220,60.266,0.155,5.83
6513.3,-2.901,1.144,-2.767,1.220,60.266,0.155,5.83
6516.2,-2.901,1.144,-2.767,1.220,60.266,0.155,5.83
6521.2,-2.901,1.144,-2.767,1.220,60.266,0.155,5.83
6526.2,-2.901,1.144,-2.767,1.220,60.266,0.155,5.83
6531.2,-2.901,1.144,-2.767,1.220,60.266,0.155,5.83
6536.2,-2.901,1.144,-2.767,1.220,60.266,0.155,5.83
6541.2,-2.901,1.144,-2.767,1.220,60.266,0.155,5.83
6545.7,-2.901,1.144,-2.767,1.220,60.266,0.155,5.83
6547.6,-2.901,1.144,-2.767,1.220,60.266,0.155,5.83
6552.6,-2.901,1.144,-2.767,1.220,60.266,0.155,5.83
6557.6,-2.901,1.144,-2.767,1.220,60.266,0.155,5.83
6562.6,-2.901,1.144,-2.767,1.220,60.266,0.155,5.83
6567.6,-2.901,1.144,-2.767,1.220,60.266,0.155,5.83
6572.6,-2.901,1.144,-2.767,1.220,60.266,0.155,5.83
6577.6,-2.901,1.144,-2.767,1.220,60.266,0.155,5.83
6579.1,-2.901,1.144,-2.767,1.220,60.266,0.155,5.83
6584.1,-2.901,1.144,-2.767,1.220,60.266,0.155,5.83
6589.1,-2.901,1.144,-2.767,1.220,60.266,0.155,5.83
6594.1,-2.901,1.144,-2.767,1.220,60.266,0.155,5.83
6599.1,-2.901,1.144,-2.767,1.220,60.266,0.155,5.83
6604.1,-2.901,1.144,-2.767,1.220,60.266,0.155,5.83
6609.1,-2.901,1.144,-2.767,1.220,60.266,0.155,5.83
6610.5,-2.901,1.144,-2.767,1.220,60.266,0.155,5.83
6615.5,-2.901,1.144,-2.767,1.220,60.266,0.155,5.83
6620.5,-2.901,1.144,-2.767,1.220,60.266,0.155,5.83
6625.5,-2.901,1.144,-2.767,1.220,60.266,0.155,5.83
6630.5,-2.901,1.144,-2.767,1.220,60.266,0.155,5.83
6635.5,-2.901,1.144,-2.767,1.220,60.266,0.155,5.83
6640.5,-2.901,1.144,-2.767,1.220,60.266,0.155,5.83
6642.5,-2.901,1.144,-2.767,1.220,60.266,0.155,5.83
6646.9,-2.901,1.144,-2.767,1.220,60.266,0.155,5.83
6651.9,-2.901,1.144,-2.767,1.220,60.266,0.155,5.83
6656.9,-2.901,1.144,-2.767,1.220,60.266,0.155,5.83
6661.9,-2.901,1.144,-2.767,1.220,60.266,0.155,5.83
6666.9,-2.901,1.144,-2.767,1.220,60.266,0.155,5.83
6671.9,-2.901,1.144,-2.767,1.220,60.266,0.155,5.83
6674.9,-2.901,1.144,-2.767,1.220,60.266,0.155,5.83
6678.3,-2.901,1.144,-2.767,1.220,60.266,0.155,5.83
6683.3,-2.901,1.144,-2.767,1.220,60.266,0.155,5.83
6688.3,-2.901,1.144,-2.767,1.220,60.266,0.155,5.83
6693.3,-2.901,1.144,-2.767,1.220,60.266,0.155,5.83
6698.3,-2.901,1.144,-2.767,1.220,60.266,0.155,5.83
6703.3,-2.901,1.144,-2.767,1.220,60.266,0.155,5.83
6706.8,-2.901,1.144,-2.767,1.220,60.266,0.155,5.83
6709.7,-2.901,1.144,-2.767,1.220,60.266,0.155,5.83
6714.7,-2.901,1.144,-2.767,1.220,60.266,0.155,5.83
6719.7,-2.901,1.144,-2.767,1.220,60.266,0.155,5.83
6724.7,-2.901,1.144,-2.767,1.220,60.266,0.155,5.83
6729.7,-2.901,1.144,-2.767,1.220,60.266,0.155,5.83
6734.7,-2.901,1.144,-2.767,1.220,60.266,0.155,5.83
6739.2,-2.901,1.144,-2.767,1.220,60.266,0.155,5.83
6741.1,-2.901,1.144,-2.767,1.220,60.266,0.155,5.83
6746.1,-2.901,1.144,-2.767,1.220,60.266,0.155,5.83
6751.1,-2.901,1.144,-2.767,1.220,60.266,0.155,5.83
6756.1,-2.901,1.144,-2.767,1.220,60.266,0.155,5.83
6761.1,-2.901,1.144,-2.767,1.220,60.266,0.155,5.83
6766.1,-2.901,1.144,-2.767,1.220,60.266,0.155,5.83
6771.1,-2.901,1.144,-2.767,1.220,60.266,0.155,5.83
6772.6,-2.901,1.144,-2.767,1.220,60.266,0.155,5.83
6777.6,-2.901,1.144,-2.767,1.220,60.266,0.155,5.83
6782.6,-2.901,1.144,-2.767,1.220,60.266,0.155,5.83
6787.6,-2.901,1.144,-2.767,1.220,60.266,0.155,5.83
6792.6,-2.901,1.144,-2.767,1.220,60.266,0.155,5.83
6797.6,-2.901,1.144,-2.767,1.220,60.266,0.155,5.83
6802.6,-2.901,1.144,-2.767,1.220,60.266,0.155,5.83
6804.0,-2.901,1.144,-2.767,1.220,60.266,0.155,5.83
6809.0,-2.901,1.144,-2.767,1.220,60.266,0.155,5.83
6814.0,-2.901,1.144,-2.767,1.220,60.266,0.155,5.83
6819.0,-2.901,1.144,-2.767,1.220,60.266,0.155,5.83
6824.0,-2.901,1.144,-2.767,1.220,60.266,0.155,5.83
6829.0,-2.901,1.144,-2.767,1.220,60.266,0.155,5.83
6834.0,-2.901,1.144,-2.767,1.220,60.266,0.155,5.83
6836.0,-2.901,1.144,-2.767,1.220,60.266,0.155,5.83
6840.4,-2.901,1.144,-2.767,1.220,60.266,0.155,5.83
6845.4,-2.901,1.144,-2.767,1.220,60.266,0.155,5.83
6850.4,-2.901,1.144,-2.767,1.220,60.266,0.155,5.83
6855.4,-2.901,1.144,-2.767,1.220,60.266,0.155,5.83
6860.4,-2.901,1.144,-2.767,1.220,60.266,0.155,5.83
6865.4,-2.901,1.144,-2.767,1.220,60.266,0.155,5.83
6868.4,-2.901,1.144,-2.767,1.220,60.266,0.155,5.83
6871.8,-2.901,1.144,-2.767,1.220,60.266,0.155,5.83
6876.8,-2.901,1.144,-2.767,1.220,60.266,0.155,5.83
6881.8,-2.901,1.144,-2.767,1.220,60.266,0.155,5.83
6886.8,-2.901,1.144,-2.767,1.220,60.266,0.155,5.83
6891.8,-2.901,1.144,-2.767,1.220,60.266,0.155,5.83
6896.8,-2.901,1.144,-2.767,1.220,60.266,0.155,5.83
6900.3,-2.901,1.144,-2.767,1.220,60.266,0.155,5.83
6903.2,-2.901,1.144,-2.767,1.220,60.266,0.155,5.83
6908.2,-2.901,1.144,-2.767,1.220,60.266,0.155,5.83
6913.2,-2.901,1.144,-2.767,1.220,60.266,0.155,5.83
6918.2,-2.901,1.144,-2.767,1.220,60.266,0.155,5.83
6923.2,-2.901,1.144,-2.767,1.220,60.266,0.155,5.83
6928.2,-2.901,1.144,-2.767,1.220,60.266,0.155,5.83
6932.7,-2.901,1.144,-2.767,1.220,60.266,0.155,5.83
6934.7,-2.901,1.144,-2.767,1.220,60.266,0.155,5.83
6939.7,-2.901,1.144,-2.767,1.220,60.266,0.155,5.83
6944.7,-2.901,1.144,-2.767,1.220,60.266,0.155,5.83
6949.7,-2.901,1.144,-2.767,1.220,60.266,0.155,5.83
6954.7,-2.901,1.144,-2.767,1.220,60.266,0.155,5.83
6959.7,-2.901,1.144,-2.767,1.220,60.266,0.155,5.83
6964.7,-2.901,1.144,-2.767,1.220,60.266,0.155,5.83
6966.1,-2.901,1.144,-2.767,1.220,60.266,0.155,5.83
6971.1,-2.901,1.144,-2.767,1.220,60.266,0.155,5.83
6976.1,-2.901,1.144,-2.767,1.220,60.266,0.155,5.83
6981.1,-2.901,1.144,-2.767,1.220,60.266,0.155,5.83
6986.1,-2.901,1.144,-2.767,1.220,60.266,0.155,5.83
6991.1,-2.901,1.144,-2.767,1.220,60.266,0.155,5.83
6996.1,-2.901,1.144,-2.767,1.220,60.266,0.155,5.83
6997.5,-2.901,1.144,-2.767,1.220,60.266,0.155,5.83
7002.5,-2.901,1.144,-2.767,1.220,60.266,0.155,5.83
7007.5,-2.901,1.144,-2.767,1.220,60.266,0.155,5.83
7012.5,-2.901,1.144,-2.767,1.220,60.266,0.155,5.83
7017.5,-2.901,1.144,-2.767,1.220,60.266,0.155,5.83
7022.5,-2.901,1.144,-2.767,1.220,60.266,0.155,5.83
7027.5,-2.901,1.144,-2.767,1.220,60.266,0.155,5.83
7029.5,-2.901,1.144,-2.767,1.220,60.266,0.155,5.83
7033.9,-2.901,1.144,-2.767,1.220,60.266,0.155,5.83
7038.9,-2.901,1.144,-2.767,1.220,60.266,0.155,5.83
7043.9,-2.901,1.144,-2.767,1.220,60.266,0.155,5.83
7048.9,-2.901,1.144,-2.767,1.220,60.266,0.155,5.83
7053.9,-2.901,1.144,-2.767,1.220,60.266,0.155,5.83
7058.9,-2.901,1.144,-2.767,1.220,60.266,0.155,5.83
7061.9,-2.901,1.144,-2.767,1.220,60.266,0.155,5.83
7065.3,-2.901,1.144,-2.767,1.220,60.266,0.155,5.83
7070.3,-2.901,1.144,-2.767,1.220,60.266,0.155,5.83
7075.3,-2.901,1.144,-2.767,1.220,60.266,0.155,5.83
7080.3,-2.901,1.144,-2.767,1.220,60.266,0.155,5.83
7085.3,-2.901,1.144,-2.767,1.220,60.266,0.155,5.83
7090.3,-2.901,1.144,-2.767,1.220,60.266,0.155,5.83
7093.8,-2.901,1.144,-2.767,1.220,60.266,0.155,5.83
7096.7,-2.901,1.144,-2.767,1.220,60.266,0.155,5.83
7101.7,-2.901,1.144,-2.767,1.220,60.266,0.155,5.83
7106.7,-2.901,1.144,-2.767,1.220,60.266,0.155,5.83
7111.7,-2.901,1.144,-2.767,1.220,60.266,0.155,5.83
7116.7,-2.901,1.144,-2.767,1.220,60.266,0.155,5.83
7121.7,-2.901,1.144,-2.767,1.220,60.266,0.155,5.83
7126.2,-2.901,1.144,-2.767,1.220,60.266,0.155,5.83
7128.1,-2.901,1.144,-2.767,1.220,60.266,0.155,5.83
7133.1,-2.901,1.144,-2.767,1.220,60.266,0.155,5.83
7138.1,-2.901,1.144,-2.767,1.220,60.266,0.155,5.83
7143.1,-2.901,1.144,-2.767,1.220,60.266,0.155,5.83
7148.1,-2.901,1.144,-2.767,1.220,60.266,0.155,5.83
7153.1,-2.901,1.144,-2.767,1.220,60.266,0.155,5.83
7158.1,-2.901,1.144,-2.767,1.220,60.266,0.155,5.83
7159.6,-2.901,1.144,-2.767,1.220,60.266,0.155,5.83
7164.6,-2.901,1.144,-2.767,1.220,60.266,0.155,5.83
7169.6,-2.901,1.144,-2.767,1.220,60.266,0.155,5.83
7174.6,-2.901,1.144,-2.767,1.220,60.266,0.155,5.83
7179.6,-2.901,1.144,-2.767,1.220,60.266,0.155,5.83
7184.6,-2.901,1.144,-2.767,1.220,60.266,0.155,5.83
7189.6,-2.901,1.144,-2.767,1.220,60.266,0.155,5.83
7191.0,-2.901,1.144,-2.767,1.220,60.266,0.155,5.83
7196.0,-2.901,1.144,-2.767,1.220,60.266,0.155,5.83
7201.0,-2.901,1.144,-2.767,1.220,60.266,0.155,5.83
7206.0,-2.901,1.144,-2.767,1.220,60.266,0.155,5.83
7211.0,-2.901,1.144,-2.767,1.220,60.266,0.155,5.83
7216.0,-2.901,1.144,-2.767,1.220,60.266,0.155,5.83
7221.0,-2.901,1.144,-2.767,1.220,60.266,0.155,5.83
7223.0,-2.901,1.144,-2.767,1.220,60.266,0.155,5.83
7227.4,-2.901,1.144,-2.767,1.220,60.266,0.155,5.83
7232.4,-2.901,1.144,-2.767,1.220,60.266,0.155,5.83
7237.4,-2.901,1.144,-2.767,1.220,60.266,0.155,5.83
7242.4,-2.901,1.144,-2.767,1.220,60.266,0.155,5.83
7247.4,-2.901,1.144,-2.767,1.220,60.266,0.155,5.83
7252.4,-2.901,1.144,-2.767,1.220,60.266,0.155,5.83
7255.4,-2.901,1.144,-2.767,1.220,60.266,0.155,5.83
7258.8,-2.901,1.144,-2.767,1.220,60.266,0.155,5.83
7263.8,-2.901,1.144,-2.767,1.220,60.266,0.155,5.83
7268.8,-2.901,1.144,-2.767,1.220,60.266,0.155,5.83
7273.8,-2.901,1.144,-2.767,1.220,60.266,0.155,5.83
7278.8,-2.901,1.144,-2.767,1.220,60.266,0.155,5.83
7283.8,-2.901,1.144,-2.767,1.220,60.266,0.155,5.83
7287.3,-2.901,1.144,-2.767,1.220,60.266,0.155,5.83
7290.2,-2.901,1.144,-2.767,1.220,60.266,0.155,5.83
7295.2,-2.901,1.144,-2.767,1.220,60.266,0.155,5.83
7300.2,-2.901,1.144,-2.767,1.220,60.266,0.155,5.83
7305.2,-2.901,1.144,-2.767,1.220,60.266,0.155,5.83
7310.2,-2.901,1.144,-2.767,1.220,60.266,0.155,5.83
7315.2,-2.901,1.144,-2.767,1.220,60.266,0.155,5.83
7319.7,-2.901,1.144,-2.767,1.220,60.266,0.155,5.83
7321.7,-2.901,1.144,-2.767,1.220,60.266,0.155,5.83
7326.7,-2.901,1.144,-2.767,1.220,60.266,0.155,5.83
7331.7,-2.901,1.144,-2.767,1.220,60.266,0.155,5.83
7336.7,-2.901,1.144,-2.767,1.220,60.266,0.155,5.83
7341.7,-2.901,1.144,-2.767,1.220,60.266,0.155,5.83
7346.7,-2.901,1.144,-2.767,1.220,60.266,0.155,5.83
7351.7,-2.901,1.144,-2.767,1.220,60.266,0.155,5.83
7353.1,-2.901,1.144,-2.767,1.220,60.266,0.155,5.83
7358.1,-2.901,1.144,-2.767,1.220,60.266,0.155,5.83
7363.1,-2.901,1.144,-2.767,1.220,60.266,0.155,5.83
7368.1,-2.901,1.144,-2.767,1.220,60.266,0.155,5.83
7373.1,-2.901,1.144,-2.767,1.220,60.266,0.155,5.83
7378.1,-2.901,1.144,-2.767,1.220,60.266,0.155,5.83
7383.1,-2.901,1.144,-2.767,1.220,60.266,0.155,5.83
7384.5,-2.901,1.144,-2.767,1.220,60.266,0.155,5.83
7389.5,-2.901,1.144,-2.767,1.220,60.266,0.155,5.83
7394.5,-2.901,1.144,-2.767,1.220,60.266,0.155,5.83
7399.5,-2.901,1.144,-2.767,1.220,60.266,0.155,5.83
7404.5,-2.901,1.144,-2.767,1.220,60.266,0.155,5.83
7409.5,-2.901,1.144,-2.767,1.220,60.266,0.155,5.83
7414.5,-2.901,1.144,-2.767,1.220,60.266,0.155,5.83
7416.5,-2.901,1.144,-2.767,1.220,60.266,0.155,5.83
7420.9,-2.901,1.144,-2.767,1.220,60.266,0.155,5.83
7425.9,-2.901,1.144,-2.767,1.220,60.266,0.155,5.83
7430.9,-2.901,1.144,-2.767,1.220,60.266,0.155,5.83
7435.9,-2.901,1.144,-2.767,1.220,60.266,0.155,5.83
7440.9,-2.901,1.144,-2.767,1.220,60.266,0.155,5.83
7445.9,-2.901,1.144,-2.767,1.220,60.266,0.155,5.83
7448.9,-2.901,1.144,-2.767,1.220,60.266,0.155,5.83
7452.3,-2.901,1.144,-2.767,1.220,60.266,0.155,5.83
7457.3,-2.901,1.144,-2.767,1.220,60.266,0.155,5.83
7462.3,-2.901,1.144,-2.767,1.220,60.266,0.155,5.83
7467.3,-2.901,1.144,-2.767,1.220,60.266,0.155,5.83
7472.3,-2.901,1.144,-2.767,1.220,60.266,0.155,5.83
7477.3,-2.901,1.144,-2.767,1.220,60.266,0.155,5.83
7480.8,-2.901,1.144,-2.767,1.220,60.266,0.155,5.83
7483.7,-2.901,1.144,-2.767,1.220,60.266,0.155,5.83
7488.7,-2.901,1.144,-2.767,1.220,60.266,0.155,5.83
7493.7,-2.901,1.144,-2.767,1.220,60.266,0.155,5.83
7498.7,-2.901,1.144,-2.767,1.220,60.266,0.155,5.83
7503.7,-2.901,1.144,-2.767,1.220,60.266,0.155,5.83
7508.7,-2.901,1.144,-2.767,1.220,60.266,0.155,5.83
7513.2,-2.901,1.144,-2.767,1.220,60.266,0.155,5.83
7515.2,-2.901,1.144,-2.767,1.220,60.266,0.155,5.83
7520.2,-2.901,1.144,-2.767,1.220,60.266,0.155,5.83
7525.2,-2.901,1.144,-2.767,1.220,60.266,0.155,5.83
7530.2,-2.901,1.144,-2.767,1.220,60.266,0.155,5.83
7535.2,-2.901,1.144,-2.767,1.220,60.266,0.155,5.83
7540.2,-2.901,1.144,-2.767,1.220,60.266,0.155,5.83
7545.2,-2.901,1.144,-2.767,1.220,60.266,0.155,5.83
7546.6,-2.901,1.144,-2.767,1.220,60.266,0.155,5.83
7551.6,-2.901,1.144,-2.767,1.220,60.266,0.155,5.83
7556.6,-2.901,1.144,-2.767,1.220,60.266,0.155,5.83
7561.6,-2.901,1.144,-2.767,1.220,60.266,0.155,5.83
7566.6,-2.901,1.144,-2.767,1.220,60.266,0.155,5.83
7571.6,-2.901,1.144,-2.767,1.220,60.266,0.155,5.83
7576.6,-2.901,1.144,-2.767,1.220,60.266,0.155,5.83
7578.0,-2.901,1.144,-2.767,1.220,60.266,0.155,5.83
7583.0,-2.901,1.144,-2.767,1.220,60.266,0.155,5.83
7588.0,-2.901,1.144,-2.767,1.220,60.266,0.155,5.83
7593.0,-2.901,1.144,-2.767,1.220,60.266,0.155,5.83
7598.0,-2.901,1.144,-2.767,1.220,60.266,0.155,5.83
7603.0,-2.901,1.144,-2.767,1.220,60.266,0.155,5.83
7608.0,-2.901,1.144,-2.767,1.220,60.266,0.155,5.83
7610.0,-2.901,1.144,-2.767,1.220,60.266,0.155,5.83
7614.4,-2.901,1.144,-2.767,1.220,60.266,0.155,5.83
7619.4,-2.901,1.144,-2.767,1.220,60.266,0.155,5.83
7624.4,-2.901,1.144,-2.767,1.220,60.266,0.155,5.83
7629.4,-2.901,1.144,-2.767,1.220,60.266,0.155,5.83
7634.4,-2.901,1.144,-2.767,1.220,60.266,0.155,5.83
7639.4,-2.901,1.144,-2.767,1.220,60.266,0.155,5.83
7642.4,-2.901,1.144,-2.767,1.220,60.266,0.155,5.83
7645.8,-2.901,1.144,-2.767,1.220,60.266,0.155,5.83
7650.8,-2.901,1.144,-2.767,1.220,60.266,0.155,5.83
7655.8,-2.901,1.144,-2.767,1.220,60.266,0.155,5.83
7660.8,-2.901,1.144,-2.767,1.220,60.266,0.155,5.83
7665.8,-2.901,1.144,-2.767,1.220,60.266,0.155,5.83
7670.8,-2.901,1.144,-2.767,1.220,60.266,0.155,5.83
7674.3,-2.901,1.144,-2.767,1.220,60.266,0.155,5.83
7677.2,-2.901,1.144,-2.767,1.220,60.266,0.155,5.83
7682.2,-2.901,1.144,-2.767,1.220,60.266,0.155,5.83
7687.2,-2.901,1.144,-2.767,1.220,60.266,0.155,5.83
7692.2,-2.901,1.144,-2.767,1.220,60.266,0.155,5.83
7697.2,-2.901,1.144,-2.767,1.220,60.266,0.155,5.83
7702.2,-2.901,1.144,-2.767,1.220,60.266,0.155,5.83
7706.7,-2.901,1.144,-2.767,1.220,60.266,0.155,5.83
7708.7,-2.901,1.144,-2.767,1.220,60.266,0.155,5.83
7713.7,-2.901,1.144,-2.767,1.220,60.266,0.155,5.83
7718.7,-2.901,1.144,-2.767,1.220,60.266,0.155,5.83
7723.7,-2.901,1.144,-2.767,1.220,60.266,0.155,5.83
7728.7,-2.901,1.144,-2.767,1.220,60.266,0.155,5.83
7733.7,-2.901,1.144,-2.767,1.220,60.266,0.155,5.83
7738.7,-2.901,1.144,-2.767,1.220,60.266,0.155,5.83
7740.1,-2.901,1.144,-2.767,1.220,60.266,0.155,5.83
7745.1,-2.901,1.144,-2.767,1.220,60.266,0.155,5.83
7750.1,-2.901,1.144,-2.767,1.220,60.266,0.155,5.83
7755.1,-2.901,1.144,-2.767,1.220,60.266,0.155,5.83
7760.1,-2.901,1.144,-2.767,1.220,60.266,0.155,5.83
7765.1,-2.901,1.144,-2.767,1.220,60.266,0.155,5.83
7770.1,-2.901,1.144,-2.767,1.220,60.266,0.155,5.83
7771.5,-2.901,1.144,-2.767,1.220,60.266,0.155,5.83
7776.5,-2.901,1.144,-2.767,1.220,60.266,0.155,5.83
7781.5,-2.901,1.144,-2.767,1.220,60.266,0.155,5.83
7786.5,-2.901,1.144,-2.767,1.220,60.266,0.155,5.83
7791.5,-2.901,1.144,-2.767,1.220,60.266,0.155,5.83
7796.5,-2.901,1.144,-2.767,1.220,60.266,0.155,5.83
7801.5,-2.901,1.144,-2.767,1.220,60.266,0.155,5.83
7803.5,-2.901,1.144,-2.767,1.220,60.266,0.155,5.83
7807.9,-2.901,1.144,-2.767,1.220,60.266,0.155,5.83
7812.9,-2.901,1.144,-2.767,1.220,60.266,0.155,5.83
7817.9,-2.901,1.144,-2.767,1.220,60.266,0.155,5.83
7822.9,-2.901,1.144,-2.767,1.220,60.266,0.155,5.83
7827.9,-2.901,1.144,-2.767,1.220,60.266,0.155,5.83
7832.9,-2.901,1.144,-2.767,1.220,60.266,0.155,5.83
7835.9,-2.901,1.144,-2.767,1.220,60.266,0.155,5.83
7839.3,-2.901,1.144,-2.767,1.220,60.266,0.155,5.83
7844.3,-2.901,1.144,-2.767,1.220,60.266,0.155,5.83
7849.3,-2.901,1.144,-2.767,1.220,60.266,0.155,5.83
7854.3,-2.901,1.144,-2.767,1.220,60.266,0.155,5.83
7859.3,-2.901,1.144,-2.767,1.220,60.266,0.155,5.83
7864.3,-2.901,1.144,-2.767,1.220,60.266,0.155,5.83
7867.8,-2.901,1.144,-2.767,1.220,60.266,0.155,5.83
7870.7,-2.901,1.144,-2.767,1.220,60.266,0.155,5.83
7875.7,-2.901,1.144,-2.767,1.220,60.266,0.155,5.83
7880.7,-2.901,1.144,-2.767,1.220,60.266,0.155,5.83
7885.7,-2.901,1.144,-2.767,1.220,60.266,0.155,5.83
7890.7,-2.901,1.144,-2.767,1.220,60.266,0.155,5.83
7895.7,-2.901,1.144,-2.767,1.220,60.266,0.155,5.83
7900.2,-2.901,1.144,-2.767,1.220,60.266,0.155,5.83
7902.8,-2.901,1.144,-2.767,1.220,60.266,0.155,5.83
7907.8,-2.901,1.144,-2.767,1.220,60.266,0.155,5.83
7912.8,-2.901,1.144,-2.767,1.220,60.266,0.155,5.83
7917.8,-2.901,1.144,-2.767,1.220,60.266,0.155,5.83
7922.8,-2.901,1.144,-2.767,1.220,60.266,0.155,5.83
7927.8,-2.901,1.144,-2.767,1.220,60.266,0.155,5.83
7932.4,-2.901,1.144,-2.767,1.220,60.266,0.155,5.83
7936.3,-2.901,1.144,-2.767,1.220,60.266,0.155,5.83
7941.3,-2.901,1.144,-2.767,1.220,60.266,0.155,5.83
7946.3,-2.901,1.144,-2.767,1.220,60.266,0.155,5.83
7951.3,-2.901,1.144,-2.767,1.220,60.266,0.155,5.83
7956.3,-2.901,1.144,-2.767,1.220,60.266,0.155,5.83
7961.3,-2.901,1.144,-2.767,1.220,60.266,0.155,5.83
7964.8,-2.901,1.144,-2.767,1.220,60.266,0.155,5.83
7969.4,-2.901,1.144,-2.767,1.220,60.266,0.155,5.83
7974.4,-2.901,1.144,-2.767,1.220,60.266,0.155,5.83
7979.4,-2.901,1.144,-2.767,1.220,60.266,0.155,5.83
7984.4,-2.901,1.144,-2.767,1.220,60.266,0.155,5.83
7989.4,-2.901,1.144,-2.767,1.220,60.266,0.155,5.83
7994.4,-2.901,1.144,-2.767,1.220,60.266,0.155,5.83
7998.1,-2.901,1.144,-2.767,1.220,60.266,0.155,5.83
8003.1,-2.901,1.144,-2.767,1.220,60.266,0.155,5.83
8008.1,-2.901,1.144,-2.767,1.220,60.266,0.155,5.83
8013.1,-2.901,1.144,-2.767,1.220,60.266,0.155,5.83
8018.1,-2.901,1.144,-2.767,1.220,60.266,0.155,5.83
8023.1,-2.901,1.144,-2.767,1.220,60.266,0.155,5.83
8028.1,-2.901,1.144,-2.767,1.220,60.266,0.155,5.83
8031.9,-2.901,1.144,-2.767,1.220,60.266,0.155,5.83
8036.9,-2.901,1.144,-2.767,1.220,60.266,0.155,5.83
8041.9,-2.901,1.144,-2.767,1.220,60.266,0.155,5.83
8046.9,-2.901,1.144,-2.767,1.220,60.266,0.155,5.83
8051.9,-2.901,1.144,-2.767,1.220,60.266,0.155,5.83
8056.9,-2.901,1.144,-2.767,1.220,60.266,0.155,5.83
8061.4,-2.901,1.144,-2.767,1.220,60.266,0.155,5.83
8065.8,-2.901,1.144,-2.767,1.220,60.266,0.155,5.83
8070.8,-2.901,1.144,-2.767,1.220,60.266,0.155,5.83
8075.8,-2.901,1.144,-2.767,1.220,60.266,0.155,5.83
8080.8,-2.901,1.144,-2.767,1.220,60.266,0.155,5.83
8085.8,-2.901,1.144,-2.767,1.220,60.266,0.155,5.83
8090.8,-2.901,1.144,-2.767,1.220,60.266,0.155,5.83
8094.7,-2.901,1.144,-2.767,1.220,60.266,0.155,5.83
8099.7,-2.901,1.144,-2.767,1.220,60.266,0.155,5.83
8104.7,-2.901,1.144,-2.767,1.220,60.266,0.155,5.83
8109.7,-2.901,1.144,-2.767,1.220,60.266,0.155,5.83
8114.7,-2.901,1.144,-2.767,1.220,60.266,0.155,5.83
8119.7,-2.901,1.144,-2.767,1.220,60.266,0.155,5.83
8124.7,-2.901,1.144,-2.767,1.220,60.266,0.155,5.83
8128.6,-2.901,1.144,-2.767,1.220,60.266,0.155,5.83
8133.6,-2.901,1.144,-2.767,1.220,60.266,0.155,5.83
8138.6,-2.901,1.144,-2.767,1.220,60.266,0.155,5.83
8143.6,-2.901,1.144,-2.767,1.220,60.266,0.155,5.83
8148.6,-2.901,1.144,-2.767,1.220,60.266,0.155,5.83
8153.6,-2.901,1.144,-2.767,1.220,60.266,0.155,5.83
8158.1,-2.901,1.144,-2.767,1.220,60.266,0.155,5.83
8162.6,-2.901,1.144,-2.767,1.220,60.266,0.155,5.83
8167.6,-2.901,1.144,-2.767,1.220,60.266,0.155,5.83
8172.6,-2.901,1.144,-2.767,1.220,60.266,0.155,5.83
8177.6,-2.901,1.144,-2.767,1.220,60.266,0.155,5.83
8182.6,-2.901,1.144,-2.767,1.220,60.266,0.155,5.83
8187.6,-2.901,1.144,-2.767,1.220,60.266,0.155,5.83
8191.5,-2.901,1.144,-2.767,1.220,60.266,0.155,5.83
8196.5,-2.901,1.144,-2.767,1.220,60.266,0.155,5.83
8201.5,-2.901,1.144,-2.767,1.220,60.266,0.155,5.83
8206.5,-2.901,1.144,-2.767,1.220,60.266,0.155,5.83
8211.5,-2.901,1.144,-2.767,1.220,60.266,0.155,5.83
8216.5,-2.901,1.144,-2.767,1.220,60.266,0.155,5.83
8221.5,-2.901,1.144,-2.767,1.220,60.266,0.155,5.83
8225.5,-2.901,1.144,-2.767,1.220,60.266,0.155,5.83
8230.5,-2.901,1.144,-2.767,1.220,60.266,0.155,5.83
8235.5,-2.901,1.144,-2.767,1.220,60.266,0.155,5.83
8240.5,-2.901,1.144,-2.767,1.220,60.266,0.155,5.83
8245.5,-2.901,1.144,-2.767,1.220,60.266,0.155,5.83
8250.5,-2.901,1.144,-2.767,1.220,60.266,0.155,5.83
8255.0,-2.901,1.144,-2.767,1.220,60.266,0.155,5.83
8259.5,-2.901,1.144,-2.767,1.220,60.266,0.155,5.83
8264.5,-2.901,1.144,-2.767,1.220,60.266,0.155,5.83
8269.5,-2.901,1.144,-2.767,1.220,60.266,0.155,5.83
8274.5,-2.901,1.144,-2.767,1.220,60.266,0.155,5.83
8279.5,-2.901,1.144,-2.767,1.220,60.266,0.155,5.83
8284.5,-2.901,1.144,-2.767,1.220,60.266,0.155,5.83
8288.5,-2.901,1.144,-2.767,1.220,60.266,0.155,5.83
8293.5,-2.901,1.144,-2.767,1.220,60.266,0.155,5.83
8298.5,-2.901,1.144,-2.767,1.220,60.266,0.155,5.83
8303.5,-2.901,1.144,-2.767,1.220,60.266,0.155,5.83
8308.5,-2.901,1.144,-2.767,1.220,60.266,0.155,5.83
8313.5,-2.901,1.144,-2.767,1.220,60.266,0.155,5.83
8318.5,-2.901,1.144,-2.767,1.220,60.266,0.155,5.83
8322.5,-2.901,1.144,-2.767,1.220,60.266,0.155,5.83
8327.5,-2.901,1.144,-2.767,1.220,60.266,0.155,5.83
8332.5,-2.901,1.144,-2.767,1.220,60.266,0.155,5.83
8337.5,-2.901,1.144,-2.767,1.220,60.266,0.155,5.83
8342.5,-2.901,1.144,-2.767,1.220,60.266,0.155,5.83
8347.5,-2.901,1.144,-2.767,1.220,60.266,0.155,5.83
8351.5,-2.901,1.144,-2.767,1.220,60.266,0.155,5.83
8356.5,-2.901,1.144,-2.767,1.220,60.266,0.155,5.83
8361.5,-2.901,1.144,-2.767,1.220,60.266,0.155,5.83
8366.5,-2.901,1.144,-2.767,1.220,60.266,0.155,5.83
8371.5,-2.901,1.144,-2.767,1.220,60.266,0.155,5.83
8376.5,-2.901,1.144,-2.767,1.220,60.266,0.155,5.83
8381.5,-2.901,1.144,-2.767,1.220,60.266,0.155,5.83
8385.5,-2.901,1.144,-2.767,1.220,60.266,0.155,5.83
8390.5,-2.901,1.144,-2.767,1.220,60.266,0.155,5.83
8395.5,-2.901,1.144,-2.767,1.220,60.266,0.155,5.83
8400.5,-2.901,1.144,-2.767,1.220,60.266,0.155,5.83
8405.5,-2.901,1.144,-2.767,1.220,60.266,0.155,5.83
8410.5,-2.901,1.144,-2.767,1.220,60.266,0.155,5.83
8415.5,-2.901,1.144,-2.767,1.220,60.266,0.155,5.83
8419.4,-2.901,1.144,-2.767,1.220,60.266,0.155,5.83
8424.4,-2.901,1.144,-2.767,1.220,60.266,0.155,5.83
8429.4,-2.901,1.144,-2.767,1.220,60.266,0.155,5.83
8434.4,-2.901,1.144,-2.767,1.220,60.266,0.155,5.83
8439.4,-2.901,1.144,-2.767,1.220,60.266,0.155,5.83
8444.4,-2.901,1.144,-2.767,1.220,60.266,0.155,5.83
8448.4,-2.901,1.144,-2.767,1.220,60.266,0.155,5.83
8453.4,-2.901,1.144,-2.767,1.220,60.266,0.155,5.83
8458.4,-2.901,1.144,-2.767,1.220,60.266,0.155,5.83
8463.4,-2.901,1.144,-2.767,1.220,60.266,0.155,5.83
8468.4,-2.901,1.144,-2.767,1.220,60.266,0.155,5.83
8473.4,-2.901,1.144,-2.767,1.220,60.266,0.155,5.83
8478.4,-2.901,1.144,-2.767,1.220,60.266,0.155,5.83
8482.9,-2.901,1.144,-2.767,1.220,60.266,0.155,5.83
8487.9,-2.901,1.144,-2.767,1.220,60.266,0.155,5.83
8492.9,-2.901,1.144,-2.767,1.220,60.266,0.155,5.83
8497.9,-2.901,1.144,-2.767,1.220,60.266,0.155,5.83
8502.9,-2.901,1.144,-2.767,1.220,60.266,0.155,5.83
8507.9,-2.901,1.144,-2.767,1.220,60.266,0.155,5.83
8512.9,-2.901,1.144,-2.767,1.220,60.266,0.155,5.83
8516.9,-2.901,1.144,-2.767,1.220,60.266,0.155,5.83
8521.9,-2.901,1.144,-2.767,1.220,60.266,0.155,5.83
8526.9,-2.901,1.144,-2.767,1.220,60.266,0.155,5.83
8531.9,-2.901,1.144,-2.767,1.220,60.266,0.155,5.83
8536.9,-2.901,1.144,-2.767,1.220,60.266,0.155,5.83
8541.9,-2.901,1.144,-2.767,1.220,60.266,0.155,5.83
8546.3,-2.901,1.144,-2.767,1.220,60.266,0.155,5.83
8551.3,-2.901,1.144,-2.767,1.220,60.266,0.155,5.83
8556.3,-2.901,1.144,-2.767,1.220,60.266,0.155,5.83
8561.3,-2.901,1.144,-2.767,1.220,60.266,0.155,5.83
8566.3,-2.901,1.144,-2.767,1.220,60.266,0.155,5.83
8571.3,-2.901,1.144,-2.767,1.220,60.266,0.155,5.83
8576.3,-2.901,1.144,-2.767,1.220,60.266,0.155,5.83
8580.8,-2.901,1.144,-2.767,1.220,60.266,0.155,5.83
8585.8,-2.901,1.144,-2.767,1.220,60.266,0.155,5.83
8590.8,-2.901,1.144,-2.767,1.220,60.266,0.155,5.83
8595.8,-2.901,1.144,-2.767,1.220,60.266,0.155,5.83
8600.8,-2.901,1.144,-2.767,1.220,60.266,0.155,5.83
8605.8,-2.901,1.144,-2.767,1.220,60.266,0.155,5.83
8610.2,-2.901,1.144,-2.767,1.220,60.266,0.155,5.83
8615.2,-2.901,1.144,-2.767,1.220,60.266,0.155,5.83
8620.2,-2.901,1.144,-2.767,1.220,60.266,0.155,5.83
8625.2,-2.901,1.144,-2.767,1.220,60.266,0.155,5.83
8630.2,-2.901,1.144,-2.767,1.220,60.266,0.155,5.83
8635.2,-2.901,1.144,-2.767,1.220,60.266,0.155,5.83
8640.2,-2.901,1.144,-2.767,1.220,60.266,0.155,5.83
8645.2,-2.901,1.144,-2.767,1.220,60.266,0.155,5.83
8650.2,-2.901,1.144,-2.767,1.220,60.266,0.155,5.83
8655.2,-2.901,1.144,-2.767,1.220,60.266,0.155,5.83
8660.2,-2.901,1.144,-2.767,1.220,60.266,0.155,5.83
8665.2,-2.901,1.144,-2.767,1.220,60.266,0.155,5.83
8670.2,-2.901,1.144,-2.767,1.220,60.266,0.155,5.83
8675.2,-2.901,1.144,-2.767,1.220,60.266,0.155,5.83
8680.2,-2.901,1.144,-2.767,1.220,60.266,0.155,5.83
8685.2,-2.901,1.144,-2.767,1.220,60.266,0.155,5.83
8690.2,-2.901,1.144,-2.767,1.220,60.266,0.155,5.83
8695.2,-2.901,1.144,-2.767,1.220,60.266,0.155,5.83
8700.2,-2.901,1.144,-2.767,1.220,60.266,0.155,5.83
8705.2,-2.901,1.144,-2.767,1.220,60.266,0.155,5.83
8710.2,-2.901,1.144,-2.767,1.220,60.266,0.155,5.83
8715.2,-2.901,1.144,-2.767,1.220,60.266,0.155,5.83
8720.2,-2.901,1.144,-2.767,1.220,60.266,0.155,5.83
8725.2,-2.901,1.144,-2.767,1.220,60.266,0.155,5.83
8730.2,-2.901,1.144,-2.767,1.220,60.266,0.155,5.83
8735.2,-2.901,1.144,-2.767,1.220,60.266,0.155,5.83
8740.2,-2.901,1.144,-2.767,1.220,60.266,0.155,5.83
8745.2,-2.901,1.144,-2.767,1.220,60.266,0.155,5.83
8750.2,-2.901,1.144,-2.767,1.220,60.266,0.155,5.83
8755.2,-2.901,1.144,-2.767,1.220,60.266,0.155,5.83
8760.2,-2.901,1.144,-2.767,1.220,60.266,0.155,5.83
8765.2,-2.901,1.144,-2.767,1.220,60.266,0.155,5.83
8770.2,-2.901,1.144,-2.767,1.220,60.266,0.155,5.83
8775.2,-2.901,1.144,-2.767,1.220,60.266,0.155,5.83
8780.2,-2.901,1.144,-2.767,1.220,60.266,0.155,5.83
8785.2,-2.901,1.144,-2.767,1.220,60.266,0.155,5.83
8790.2,-2.901,1.144,-2.767,1.220,60.266,0.155,5.83
8795.2,-2.901,1.144,-2.767,1.220,60.266,0.155,5.83
8800.2,-2.901,1.144,-2.767,1.220,60.266,0.155,5.83
8805.2,-2.901,1.144,-2.767,1.220,60.266,0.155,5.83
8810.2,-2.901,1.144,-2.767,1.220,60.266,0.155,5.83
8815.2,-2.901,1.144,-2.767,1.220,60.266,0.155,5.83
8820.2,-2.901,1.144,-2.767,1.220,60.266,0.155,5.83
8825.2,-2.901,1.144,-2.767,1.220,60.266,0.155,5.83
8830.2,-2.901,1.144,-2.767,1.220,60.266,0.155,5.83
8835.2,-2.901,1.144,-2.767,1.220,60.266,0.155,5.83
8840.2,-2.901,1.144,-2.767,1.220,60.266,0.155,5.83
8845.2,-2.901,1.144,-2.767,1.220,60.266,0.155,5.83
8850.2,-2.901,1.144,-2.767,1.220,60.266,0.155,5.83
8855.2,-2.901,1.144,-2.767,1.220,60.266,0.155,5.83
8860.2,-2.901,1.144,-2.767,1.220,60.266,0.155,5.83
8865.2,-2.901,1.144,-2.767,1.220,60.266,0.155,5.83
8870.2,-2.901,1.144,-2.767,1.220,60.266,0.155,5.83
8875.2,-2.901,1.144,-2.767,1.220,60.266,0.155,5.83
8880.2,-2.901,1.144,-2.767,1.220,60.266,0.155,5.83
8885.2,-2.901,1.144,-2.767,1.220,60.266,0.155,5.83
8890.2,-2.901,1.144,-2.767,1.220,60.266,0.155,5.83
8895.2,-2.901,1.144,-2.767,1.220,60.266,0.155,5.83
8900.2,-2.901,1.144,-2.767,1.220,60.266,0.155,5.83
8905.2,-2.901,1.144,-2.767,1.220,60.266,0.155,5.83
8910.2,-2.901,1.144,-2.767,1.220,60.266,0.155,5.83
8915.2,-2.901,1.144,-2.767,1.220,60.266,0.155,5.83
8920.2,-2.901,1.144,-2.767,1.220,60.266,0.155,5.83
8925.2,-2.901,1.144,-2.767,1.220,60.266,0.155,5.83
8930.2,-2.901,1.144,-2.767,1.220,60.266,0.155,5.83
8935.2,-2.901,1.144,-2.767,1.220,60.266,0.155,5.83
8940.2,-2.901,1.144,-2.767,1.220,60.266,0.155,5.83
8945.2,-2.901,1.144,-2.767,1.220,60.266,0.155,5.83
8950.2,-2.901,1.144,-2.767,1.220,60.266,0.155,5.83
8955.2,-2.901,1.144,-2.767,1.220,60.266,0.155,5.83
8960.2,-2.901,1.144,-2.767,1.220,60.266,0.155,5.83
8965.2,-2.901,1.144,-2.767,1.220,60.266,0.155,5.83
8970.2,-2.901,1.144,-2.767,1.220,60.266,0.155,5.83
8975.2,-2.901,1.144,-2.767,1.220,60.266,0.155,5.83
8980.2,-2.901,1.144,-2.767,1.220,60.266,0.155,5.83
8985.2,-2.901,1.144,-2.767,1.220,60.266,0.155,5.83
8990.2,-2.901,1.144,-2.767,1.220,60.266,0.155,5.83
8995.2,-2.901,1.144,-2.767,1.220,60.266,0.155,5.83
9000.2,-2.901,1.144,-2.767,1.220,60.266,0.155,5.83
9005.2,-2.901,1.144,-2.767,1.220,60.266,0.155,5.83
9010.2,-2.901,1.144,-2.767,1.220,60.266,0.155,5.83
9015.2,-2.901,1.144,-2.767,1.220,60.266,0.155,5.83
9020.2,-2.901,1.144,-2.767,1.220,60.266,0.155,5.83
9025.2,-2.901,1.144,-2.767,1.220,60.266,0.155,5.83
9030.2,-2.901,1.144,-2.767,1.220,60.266,0.155,5.83
9035.2,-2.901,1.144,-2.767,1.220,60.266,0.155,5.83
9040.2,-2.901,1.144,-2.767,1.220,60.266,0.155,5.83
9045.2,-2.901,1.144,-2.767,1.220,60.266,0.155,5.83
9050.2,-2.901,1.144,-2.767,1.220,60.266,0.155,5.83
9055.2,-2.901,1.144,-2.767,1.220,60.266,0.155,5.83
9060.2,-2.901,1.144,-2.767,1.220,60.266,0.155,5.83
9065.2,-2.901,1.144,-2.767,1.220,60.266,0.155,5.83
9070.2,-2.901,1.144,-2.767,1.220,60.266,0.155,5.83
9075.2,-2.901,1.144,-2.767,1.220,60.266,0.155,5.83
9080.2,-2.901,1.144,-2.767,1.220,60.266,0.155,5.83
9085.2,-2.901,1.144,-2.767,1.220,60.266,0.155,5.83
9090.2,-2.901,1.144,-2.767,1.220,60.266,0.155,5.83
9095.2,-2.901,1.144,-2.767,1.220,60.266,0.155,5.83
9100.2,-2.901,1.144,-2.767,1.220,60.266,0.155,5.83
9105.2,-2.901,1.144,-2.767,1.220,60.266,0.155,5.83
9110.2,-2.901,1.144,-2.767,1.220,60.266,0.155,5.83
9115.2,-2.901,1.144,-2.767,1.220,60.266,0.155,5.83
9120.2,-2.901,1.144,-2.767,1.220,60.266,0.155,5.83
9125.2,-2.901,1.144,-2.767,1.220,60.266,0.155,5.83
9130.2,-2.901,1.144,-2.767,1.220,60.266,0.155,5.83
9135.2,-2.901,1.144,-2.767,1.220,60.266,0.155,5.83
9140.2,-2.901,1.144,-2.767,1.220,60.266,0.155,5.83
9145.2,-2.901,1.144,-2.767,1.220,60.266,0.155,5.83
9150.2,-2.901,1.144,-2.767,1.220,60.266,0.155,5.83
9155.2,-2.901,1.144,-2.767,1.220,60.266,0.155,5.83
9160.2,-2.901,1.144,-2.767,1.220,60.266,0.155,5.83
9165.2,-2.901,1.144,-2.767,1.220,60.266,0.155,5.83
9170.2,-2.901,1.144,-2.767,1.220,60.266,0.155,5.83
9175.2,-2.901,1.144,-2.767,1.220,60.266,0.155,5.83
9180.2,-2.901,1.144,-2.767,1.220,60.266,0.155,5.83
9185.2,-2.901,1.144,-2.767,1.220,60.266,0.155,5.83
9190.2,-2.901,1.144,-2.767,1.220,60.266,0.155,5.83
9195.2,-2.901,1.144,-2.767,1.220,60.266,0.155,5.83
9200.2,-2.901,1.144,-2.767,1.220,60.266,0.155,5.83
9205.2,-2.901,1.144,-2.767,1.220,60.266,0.155,5.83
9210.2,-2.901,1.144,-2.767,1.220,60.266,0.155,5.83
9215.2,-2.901,1.144,-2.767,1.220,60.266,0.155,5.83
9220.2,-2.901,1.144,-2.767,1.220,60.266,0.155,5.83
9225.2,-2.901,1.144,-2.767,1.220,60.266,0.155,5.83
9230.2,-2.901,1.144,-2.767,1.220,60.266,0.155,5.83
9235.2,-2.901,1.144,-2.767,1.220,60.266,0.155,5.83
9240.2,-2.901,1.144,-2.767,1.220,60.266,0.155,5.83
9245.2,-2.901,1.144,-2.767,1.220,60.266,0.155,5.83
9250.2,-2.901,1.144,-2.767,1.220,60.266,0.155,5.83
9255.2,-2.901,1.144,-2.767,1.220,60.266,0.155,5.83
9260.2,-2.901,1.144,-2.767,1.220,60.266,0.155,5.83
9265.2,-2.901,1.144,-2.767,1.220,60.266,0.155,5.83
9270.2,-2.901,1.144,-2.767,1.220,60.266,0.155,5.83
9275.2,-2.901,1.144,-2.767,1.220,60.266,0.155,5.83
9280.2,-2.901,1.144,-2.767,1.220,60.266,0.155,5.83
9285.2,-2.901,1.144,-2.767,1.220,60.266,0.155,5.83
9290.2,-2.901,1.144,-2.767,1.220,60.266,0.155,5.83
9295.2,-2.901,1.144,-2.767,1.220,60.266,0.155,5.83
9300.2,-2.901,1.144,-2.767,1.220,60.266,0.155,5.83
9305.2,-2.901,1.144,-2.767,1.220,60.266,0.155,5.83
9310.2,-2.901,1.144,-2.767,1.220,60.266,0.155,5.83
9315.2,-2.901,1.144,-2.767,1.220,60.266,0.155,5.83
9320.2,-2.901,1.144,-2.767,1.220,60.266,0.155,5.83
9325.2,-2.901,1.144,-2.767,1.220,60.266,0.155,5.83
9330.2,-2.901,1.144,-2.767,1.220,60.266,0.155,5.83
9335.2,-2.901,1.144,-2.767,1.220,60.266,0.155,5.83
9340.2,-2.901,1.144,-2.767,1.220,60.266,0.155,5.83
9345.2,-2.901,1.144,-2.767,1.220,60.266,0.155,5.83
9350.2,-2.901,1.144,-2.767,1.220,60.266,0.155,5.83
9355.2,-2.901,1.144,-2.767,1.220,60.266,0.155,5.83
9360.2,-2.901,1.144,-2.767,1.220,60.266,0.155,5.83
9365.2,-2.901,1.144,-2.767,1.220,60.266,0.155,5.83
9370.2,-2.901,1.144,-2.767,1.220,60.266,0.155,5.83
9375.2,-2.901,1.144,-2.767,1.220,60.266,0.155,5.83
9380.2,-2.901,1.144,-2.767,1.220,60.266,0.155,5.83
9385.2,-2.901,1.144,-2.767,1.220,60.266,0.155,5.83
9390.2,-2.901,1.144,-2.767,1.220,60.266,0.155,5.83
9395.2,-2.901,1.144,-2.767,1.220,60.266,0.155,5.83
9400.2,-2.901,1.144,-2.767,1.220,60.266,0.155,5.83
9405.2,-2.901,1.144,-2.767,1.220,60.266,0.155,5.83
9410.2,-2.901,1.144,-2.767,1.220,60.266,0.155,5.83
9415.2,-2.901,1.144,-2.767,1.220,60.266,0.155,5.83
9420.2,-2.901,1.144,-2.767,1.220,60.266,0.155,5.83
9425.2,-2.901,1.144,-2.767,1.220,60.266,0.155,5.83
9430.2,-2.901,1.144,-2.767,1.220,60.266,0.155,5.83
9435.2,-2.901,1.144,-2.767,1.220,60.266,0.155,5.83
9440.2,-2.901,1.144,-2.767,1.220,60.266,0.155,5.83
9445.2,-2.901,1.144,-2.767,1.220,60.266,0.155,5.83
9450.2,-2.901,1.144,-2.767,1.220,60.266,0.155,5.83
9455.2,-2.901,1.144,-2.767,1.220,60.266,0.155,5.83
9460.2,-2.901,1.144,-2.767,1.220,60.266,0.155,5.83
9465.2,-2.901,1.144,-2.767,1.220,60.266,0.155,5.83
9470.2,-2.901,1.144,-2.767,1.220,60.266,0.155,5.83
9475.2,-2.901,1.144,-2.767,1.220,60.266,0.155,5.83
9480.2,-2.901,1.144,-2.767,1.220,60.266,0.155,5.83
9485.2,-2.901,1.144,-2.767,1.220,60.266,0.155,5.83
9490.2,-2.901,1.144,-2.767,1.220,60.266,0.155,5.83
9495.2,-2.901,1.144,-2.767,1.220,60.266,0.155,5.83
9500.2,-2.901,1.144,-2.767,1.220,60.266,0.155,5.83
9505.2,-2.901,1.144,-2.767,1.220,60.266,0.155,5.83
9510.2,-2.901,1.144,-2.767,1.220,60.266,0.155,5.83
9515.2,-2.901,1.144,-2.767,1.220,60.266,0.155,5.83
9520.2,-2.901,1.144,-2.767,1.220,60.266,0.155,5.83
9525.2,-2.901,1.144,-2.767,1.220,60.266,0.155,5.83
9530.2,-2.901,1.144,-2.767,1.220,60.266,0.155,5.83
9535.2,-2.901,1.144,-2.767,1.220,60.266,0.155,5.83
9540.2,-2.901,1.144,-2.767,1.220,60.266,0.155,5.83
9545.2,-2.901,1.144,-2.767,1.220,60.266,0.155,5.83
9550.2,-2.901,1.144,-2.767,1.220,60.266,0.155,5.83
9555.2,-2.901,1.144,-2.767,1.220,60.266,0.155,5.83
9560.2,-2.901,1.144,-2.767,1.220,60.266,0.155,5.83
9565.2,-2.901,1.144,-2.767,1.220,60.266,0.155,5.83
9570.2,-2.901,1.144,-2.767,1.220,60.266,0.155,5.83
9575.2,-2.901,1.144,-2.767,1.220,60.266,0.155,5.83
9580.2,-2.901,1.144,-2.767,1.220,60.266,0.155,5.83
9585.2,-2.901,1.144,-2.767,1.220,60.266,0.155,5.83
9590.2,-2.901,1.144,-2.767,1.220,60.266,0.155,5.83
9595.2,-2.901,1.144,-2.767,1.220,60.266,0.155,5.83
9600.2,-2.901,1.144,-2.767,1.220,60.266,0.155,5.83
9605.2,-2.901,1.144,-2.767,1.220,60.266,0.155,5.83
9610.2,-2.901,1.144,-2.767,1.220,60.266,0.155,5.83
9615.2,-2.901,1.144,-2.767,1.220,60.266,0.155,5.83
9620.2,-2.901,1.144,-2.767,1.220,60.266,0.155,5.83
9625.2,-2.901,1.144,-2.767,1.220,60.266,0.155,5.83
9630.2,-2.901,1.144,-2.767,1.220,60.266,0.155,5.83
9635.2,-2.901,1.144,-2.767,1.220,60.266,0.155,5.83
9640.2,-2.901,1.144,-2.767,1.220,60.266,0.155,5.83
9645.2,-2.901,1.144,-2.767,1.220,60.266,0.155,5.83
9650.2,-2.901,1.144,-2.767,1.220,60.266,0.155,5.83
9655.2,-2.901,1.144,-2.767,1.220,60.266,0.155,5.83
9660.2,-2.901,1.144,-2.767,1.220,60.266,0.155,5.83
9665.2,-2.901,1.144,-2.767,1.220,60.266,0.155,5.83
9670.2,-2.901,1.144,-2.767,1.220,60.266,0.155,5.83
9675.2,-2.901,1.144,-2.767,1.220,60.266,0.155,5.83
9680.2,-2.901,1.144,-2.767,1.220,60.266,0.155,5.83
9685.2,-2.901,1.144,-2.767,1.220,60.266,0.155,5.83
9690.2,-2.901,1.144,-2.767,1.220,60.266,0.155,5.83
9695.2,-2.901,1.144,-2.767,1.220,60.266,0.155,5.83
9700.2,-2.901,1.144,-2.767,1.220,60.266,0.155,5.83
9705.2,-2.901,1.144,-2.767,1.220,60.266,0.155,5.83
9710.2,-2.901,1.144,-2.767,1.220,60.266,0.155,5.83
9715.2,-2.901,1.144,-2.767,1.220,60.266,0.155,5.83
9720.2,-2.901,1.144,-2.767,1.220,60.266,0.155,5.83
9725.2,-2.901,1.144,-2.767,1.220,60.266,0.155,5.83
9730.2,-2.901,1.144,-2.767,1.220,60.266,0.155,5.83
9735.2,-2.901,1.144,-2.767,1.220,60.266,0.155,5.83
9740.2,-2.901,1.144,-2.767,1.220,60.266,0.155,5.83
9745.2,-2.901,1.144,-2.767,1.220,60.266,0.155,5.83
9750.2,-2.901,1.144,-2.767,1.220,60.266,0.155,5.83
9755.2,-2.901,1.144,-2.767,1.220,60.266,0.155,5.83
9760.2,-2.901,1.144,-2.767,1.220,60.266,0.155,5.83
9765.2,-2.901,1.144,-2.767,1.220,60.266,0.155,5.83
9770.2,-2.901,1.144,-2.767,1.220,60.266,0.155,5.83
9775.2,-2.901,1.144,-2.767,1.220,60.266,0.155,5.83
9780.2,-2.901,1.144,-2.767,1.220,60.266,0.155,5.83
9785.2,-2.901,1.144,-2.767,1.220,60.266,0.155,5.83
9790.2,-2.901,1.144,-2.767,1.220,60.266,0.155,5.83
9795.2,-2.901,1.144,-2.767,1.220,60.266,0.155,5.83
9800.2,-2.901,1.144,-2.767,1.220,60.266,0.155,5.83
9805.2,-2.901,1.144,-2.767,1.220,60.266,0.155,5.83
9810.2,-2.901,1.144,-2.767,1.220,60.266,0.155,5.83
9815.2,-2.901,1.144,-2.767,1.220,60.266,0.155,5.83
9820.2,-2.901,1.144,-2.767,1.220,60.266,0.155,5.83
9825.2,-2.901,1.144,-2.767,1.220,60.266,0.155,5.83
9830.2,-2.901,1.144,-2.767,1.220,60.266,0.155,5.83
9835.2,-2.901,1.144,-2.767,1.220,60.266,0.155,5.83
9840.2,-2.901,1.144,-2.767,1.220,60.266,0.155,5.83
9845.2,-2.901,1.144,-2.767,1.220,60.266,0.155,5.83
9850.2,-2.901,1.144,-2.767,1.220,60.266,0.155,5.83
9855.2,-2.901,1.144,-2.767,1.220,60.266,0.155,5.83
9860.2,-2.901,1.144,-2.767,1.220,60.266,0.155,5.83
9865.2,-2.901,1.144,-2.767,1.220,60.266,0.155,5.83
9870.2,-2.901,1.144,-2.767,1.220,60.266,0.155,5.83
9875.2,-2.901,1.144,-2.767,1.220,60.266,0.155,5.83
9880.2,-2.901,1.144,-2.767,1.220,60.266,0.155,5.83
9885.2,-2.901,1.144,-2.767,1.220,60.266,0.155,5.83
9890.2,-2.901,1.144,-2.767,1.220,60.266,0.155,5.83
9895.2,-2.901,1.144,-2.767,1.220,60.266,0.155,5.83
9900.2,-2.901,1.144,-2.767,1.220,60.266,0.155,5.83
9905.2,-2.901,1.144,-2.767,1.220,60.266,0.155,5.83
9910.2,-2.901,1.144,-2.767,1.220,60.266,0.155,5.83
9915.2,-2.901,1.144,-2.767,1.220,60.266,0.155,5.83
9920.2,-2.901,1.144,-2.767,1.220,60.266,0.155,5.83
9925.2,-2.901,1.144,-2.767,1.220,60.266,0.155,5.83
9930.2,-2.901,1.144,-2.767,1.220,60.266,0.155,5.83
9935.2,-2.901,1.144,-2.767,1.220,60.266,0.155,5.83
9940.2,-2.901,1.144,-2.767,1.220,60.266,0.155,5.83
9945.2,-2.901,1.144,-2.767,1.220,60.266,0.155,5.83
9950.2,-2.901,1.144,-2.767,1.220,60.266,0.155,5.83
9955.2,-2.901,1.144,-2.767,1.220,60.266,0.155,5.83
9960.2,-2.901,1.144,-2.767,1.220,60.266,0.155,5.83
9965.2,-2.901,1.144,-2.767,1.220,60.266,0.155,5.83
9970.2,-2.901,1.144,-2.767,1.220,60.266,0.155,5.83
9975.2,-2.901,1.144,-2.767,1.220,60.266,0.155,5.83
9980.2,-2.901,1.144,-2.767,1.220,60.266,0.155,5.83
9985.2,-2.901,1.144,-2.767,1.220,60.266,0.155,5.83
9990.2,-2.901,1.144,-2.767,1.220,60.266,0.155,5.83
9995.2,-2.901,1.144,-2.767,1.220,60.266,0.155,5.83
10000.2,-2.901,1.144,-2.767,1.220,60.266,0.155,5.83
10005.2,-2.901,1.144,-2.767,1.220,60.266,0.155,5.83
10010.2,-2.901,1.144,-2.767,1.220,60.266,0.155,5.83
10015.2,-2.901,1.144,-2.767,1.220,60.266,0.155,5.83
10020.2,-2.901,1.144,-2.767,1.220,60.266,0.155,5.83
10025.2,-2.901,1.144,-2.767,1.220,60.266,0.155,5.83
10030.2,-2.901,1.144,-2.767,1.220,60.266,0.155,5.83
10035.2,-2.901,1.144,-2.767,1.220,60.266,0.155,5.83
10040.2,-2.901,1.144,-2.767,1.220,60.266,0.155,5.83
10045.2,-2.901,1.144,-2.767,1.220,60.266,0.155,5.83
10050.2,-2.901,1.144,-2.767,1.220,60.266,0.155,5.83
10055.2,-2.901,1.144,-2.767,1.220,60.266,0.155,5.83
10060.2,-2.901,1.144,-2.767,1.220,60.266,0.155,5.83
10065.2,-2.901,1.144,-2.767,1.220,60.266,0.155,5.83
10070.2,-2.901,1.144,-2.767,1.220,60.266,0.155,5.83
10075.2,-2.901,1.144,-2.767,1.220,60.266,0.155,5.83
10080.2,-2.901,1.144,-2.767,1.220,60.266,0.155,5.83
10085.2,-2.901,1.144,-2.767,1.220,60.266,0.155,5.83
10090.2,-2.901,1.144,-2.767,1.220,60.266,0.155,5.83
10095.2,-2.901,1.144,-2.767,1.220,60.266,0.155,5.83
10100.2,-2.901,1.144,-2.767,1.220,60.266,0.155,5.83
10105.2,-2.901,1.144,-2.767,1.220,60.266,0.155,5.83
10110.2,-2.901,1.144,-2.767,1.220,60.266,0.155,5.83
10115.2,-2.901,1.144,-2.767,1.220,60.266,0.155,5.83
10120.2,-2.901,1.144,-2.767,1.220,60.266,0.155,5.83
10125.2,-2.901,1.144,-2.767,1.220,60.266,0.155,5.83
10130.2,-2.901,1.144,-2.767,1.220,60.266,0.155,5.83
10135.2,-2.901,1.144,-2.767,1.220,60.266,0.155,5.83
10140.2,-2.901,1.144,-2.767,1.220,60.266,0.155,5.83
10145.2,-2.901,1.144,-2.767,1.220,60.266,0.155,5.83
10150.2,-2.901,1.144,-2.767,1.220,60.266,0.155,5.83
10155.2,-2.901,1.144,-2.767,1.220,60.266,0.155,5.83
10160.2,-2.901,1.144,-2.767,1.220,60.266,0.155,5.83
10165.2,-2.901,1.144,-2.767,1.220,60.266,0.155,5.83
10170.2,-2.901,1.144,-2.767,1.220,60.266,0.155,5.83
10175.2,-2.901,1.144,-2.767,1.220,60.266,0.155,5.83
10180.2,-2.901,1.144,-2.767,1.220,60.266,0.155,5.83
10185.2,-2.901,1.144,-2.767,1.220,60.266,0.155,5.83
10190.2,-2.901,1.144,-2.767,1.220,60.266,0.155,5.83
10195.2,-2.901,1.144,-2.767,1.220,60.266,0.155,5.83
10200.2,-2.901,1.144,-2.767,1.220,60.266,0.155,5.83
10205.2,-2.901,1.144,-2.767,1.220,60.266,0.155,5.83
10210.2,-2.901,1.144,-2.767,1.220,60.266,0.155,5.83
10215.2,-2.901,1.144,-2.767,1.220,60.266,0.155,5.83
10220.2,-2.901,1.144,-2.767,1.220,60.266,0.155,5.83
10225.2,-2.901,1.144,-2.767,1.220,60.266,0.155,5.83
10230.2,-2.901,1.144,-2.767,1.220,60.266,0.155,5.83
10235.2,-2.901,1.144,-2.767,1.220,60.266,0.155,5.83
10240.2,-2.901,1.144,-2.767,1.220,60.266,0.155,5.83
10245.2,-2.901,1.144,-2.767,1.220,60.266,0.155,5.83
10250.2,-2.901,1.144,-2.767,1.220,60.266,0.155,5.83
10255.2,-2.901,1.144,-2.767,1.220,60.266,0.155,5.83
10260.2,-2.901,1.144,-2.767,1.220,60.266,0.155,5.83
10265.2,-2.901,1.144,-2.767,1.220,60.266,0.155,5.83
10270.2,-2.901,1.144,-2.767,1.220,60.266,0.155,5.83
10275.2,-2.901,1.144,-2.767,1.220,60.266,0.155,5.83
10280.2,-2.901,1.144,-2.767,1.220,60.266,0.155,5.83
10285.2,-2.901,1.144,-2.767,1.220,60.266,0.155,5.83
10290.2,-2.901,1.144,-2.767,1.220,60.266,0.155,5.83
10295.2,-2.901,1.144,-2.767,1.220,60.266,0.155,5.83
10300.2,-2.901,1.144,-2.767,1.220,60.266,0.155,5.83
10305.2,-2.901,1.144,-2.767,1.220,60.266,0.155,5.83
10310.2,-2.901,1.144,-2.767,1.220,60.266,0.155,5.83
10315.2,-2.901,1.144,-2.767,1.220,60.266,0.155,5.83
10320.2,-2.901,1.144,-2.767,1.220,60.266,0.155,5.83
10325.2,-2.901,1.144,-2.767,1.220,60.266,0.155,5.83
10330.2,-2.901,1.144,-2.767,1.220,60.266,0.155,5.83
10335.2,-2.901,1.144,-2.767,1.220,60.266,0.155,5.83
10340.2,-2.901,1.144,-2.767,1.220,60.266,0.155,5.83
10345.2,-2.901,1.144,-2.767,1.220,60.266,0.155,5.83
10350.2,-2.901,1.144,-2.767,1.220,60.266,0.155,5.83
10355.2,-2.901,1.144,-2.767,1.220,60.266,0.155,5.83
10360.2,-2.901,1.144,-2.767,1.220,60.266,0.155,5.83
10365.2,-2.901,1.144,-2.767,1.220,60.266,0.155,5.83
10370.2,-2.901,1.144,-2.767,1.220,60.266,0.155,5.83
10375.2,-2.901,1.144,-2.767,1.220,60.266,0.155,5.83
10380.2,-2.901,1.144,-2.767,1.220,60.266,0.155,5.83
10385.2,-2.901,1.144,-2.767,1.220,60.266,0.155,5.83
10390.2,-2.901,1.144,-2.767,1.220,60.266,0.155,5.83
10395.2,-2.901,1.144,-2.767,1.220,60.266,0.155,5.83
10400.2,-2.901,1.144,-2.767,1.220,60.266,0.155,5.83
10405.2,-2.901,1.144,-2.767,1.220,60.266,0.155,5.83
10410.2,-2.901,1.144,-2.767,1.220,60.266,0.155,5.83
10415.2,-2.901,1.144,-2.767,1.220,60.266,0.155,5.83
10420.2,-2.901,1.144,-2.767,1.220,60.266,0.155,5.83
10425.2,-2.901,1.144,-2.767,1.220,60.266,0.155,5.83
10430.2,-2.901,1.144,-2.767,1.220,60.266,0.155,5.83
10435.2,-2.901,1.144,-2.767,1.220,60.266,0.155,5.83
10440.2,-2.901,1.144,-2.767,1.220,60.266,0.155,5.83
10445.2,-2.901,1.144,-2.767,1.220,60.266,0.155,5.83
10450.2,-2.901,1.144,-2.767,1.220,60.266,0.155,5.83
10455.2,-2.901,1.144,-2.767,1.220,60.266,0.155,5.83
10460.2,-2.901,1.144,-2.767,1.220,60.266,0.155,5.83
10465.2,-2.901,1.144,-2.767,1.220,60.266,0.155,5.83
10470.2,-2.901,1.144,-2.767,1.220,60.266,0.155,5.83
10475.2,-2.901,1.144,-2.767,1.220,60.266,0.155,5.83
10480.2,-2.901,1.144,-2.767,1.220,60.266,0.155,5.83
10485.2,-2.901,1.144,-2.767,1.220,60.266,0.155,5.83
10490.2,-2.901,1.144,-2.767,1.220,60.266,0.155,5.83
10495.2,-2.901,1.144,-2.767,1.220,60.266,0.155,5.83
10500.2,-2.901,1.144,-2.767,1.220,60.266,0.155,5.83
10505.2,-2.901,1.144,-2.767,1.220,60.266,0.155,5.83
10510.2,-2.901,1.144,-2.767,1.220,60.266,0.155,5.83
10515.2,-2.901,1.144,-2.767,1.220,60.266,0.155,5.83
10520.2,-2.901,1.144,-2.767,1.220,60.266,0.155,5.83
10525.2,-2.901,1.144,-2.767,1.220,60.266,0.155,5.83
10530.2,-2.901,1.144,-2.767,1.220,60.266,0.155,5.83
10535.2,-2.901,1.144,-2.767,1.220,60.266,0.155,5.83
10540.2,-2.901,1.144,-2.767,1.220,60.266,0.155,5.83
10545.2,-2.901,1.144,-2.767,1.220,60.266,0.155,5.83
10550.2,-2.901,1.144,-2.767,1.220,60.266,0.155,5.83
10555.2,-2.901,1.144,-2.767,1.220,60.266,0.155,5.83
10560.2,-2.901,1.144,-2.767,1.220,60.266,0.155,5.83
10565.2,-2.901,1.144,-2.767,1.220,60.266,0.155,5.83
10570.2,-2.901,1.144,-2.767,1.220,60.266,0.155,5.83
10575.2,-2.901,1.144,-2.767,1.220,60.266,0.155,5.83
10580.2,-2.901,1.144,-2.767,1.220,60.266,0.155,5.83
10585.2,-2.901,1.144,-2.767,1.220,60.266,0.155,5.83
10590.2,-2.901,1.144,-2.767,1.220,60.266,0.155,5.83
10595.2,-2.901,1.144,-2.767,1.220,60.266,0.155,5.83
10600.2,-2.901,1.144,-2.767,1.220,60.266,0.155,5.83
10605.2,-2.901,1.144,-2.767,1.220,60.266,0.155,5.83
10610.2,-2.901,1.144,-2.767,1.220,60.266,0.155,5.83
10615.2,-2.901,1.144,-2.767,1.220,60.266,0.155,5.83
10620.2,-2.901,1.144,-2.767,1.220,60.266,0.155,5.83
10625.2,-2.901,1.144,-2.767,1.220,60.266,0.155,5.83
10630.2,-2.901,1.144,-2.767,1.220,60.266,0.155,5.83
10635.2,-2.901,1.144,-2.767,1.220,60.266,0.155,5.83
10640.2,-2.901,1.144,-2.767,1.220,60.266,0.155,5.83
10645.2,-2.901,1.144,-2.767,1.220,60.266,0.155,5.83
10650.2,-2.901,1.144,-2.767,1.220,60.266,0.155,5.83
10655.2,-2.901,1.144,-2.767,1.220,60.266,0.155,5.83
10660.2,-2.901,1.144,-2.767,1.220,60.266,0.155,5.83
10665.2,-2.901,1.144,-2.767,1.220,60.266,0.155,5.83
10670.2,-2.901,1.144,-2.767,1.220,60.266,0.155,5.83
10675.2,-2.901,1.144,-2.767,1.220,60.266,0.155,5.83
10680.2,-2.901,1.144,-2.767,1.220,60.266,0.155,5.83
10685.2,-2.901,1.144,-2.767,1.220,60.266,0.155,5.83
10690.2,-2.901,1.144,-2.767,1.220,60.266,0.155,5.83
10695.2,-2.901,1.144,-2.767,1.220,60.266,0.155,5.83
10700.2,-2.901,1.144,-2.767,1.220,60.266,0.155,5.83
10705.2,-2.901,1.144,-2.767,1.220,60.266,0.155,5.83
10710.2,-2.901,1.144,-2.767,1.220,60.266,0.155,5.83
10715.2,-2.901,1.144,-2.767,1.220,60.266,0.155,5.83
10720.2,-2.901,1.144,-2.767,1.220,60.266,0.155,5.83
10725.2,-2.901,1.144,-2.767,1.220,60.266,0.155,5.83
10730.2,-2.901,1.144,-2.767,1.220,60.266,0.155,5.83
10735.2,-2.901,1.144,-2.767,1.220,60.266,0.155,5.83
10740.2,-2.901,1.144,-2.767,1.220,60.266,0.155,5.83
10745.2,-2.901,1.144,-2.767,1.220,60.266,0.155,5.83
10750.2,-2.901,1.144,-2.767,1.220,60.266,0.155,5.83
10755.2,-2.901,1.144,-2.767,1.220,60.266,0.155,5.83
10760.2,-2.901,1.144,-2.767,1.220,60.266,0.155,5.83
10765.2,-2.901,1.144,-2.767,1.220,60.266,0.155,5.83
10770.2,-2.901,1.144,-2.767,1.220,60.266,0.155,5.83
10775.2,-2.901,1.144,-2.767,1.220,60.266,0.155,5.83
10780.2,-2.901,1.144,-2.767,1.220,60.266,0.155,5.83
10785.2,-2.901,1.144,-2.767,1.220,60.266,0.155,5.83
10790.2,-2.901,1.144,-2.767,1.220,60.266,0.155,5.83
10795.2,-2.901,1.144,-2.767,1.220,60.266,0.155,5.83
