t_s,sim_t,odom_vx,odom_wz,imu_wz,imu_ax,imu_ay,roll,pitch,yaw,gt_x,gt_y,gt_speed,ekf_cov_xx,ekf_cov_yy,ekf_cov_vx,cmd_lin_x,cmd_ang_z,ekf_x,ekf_y,ekf_yaw,imu_roll,imu_pitch
6.41,0.040,0.0000,0.0000,0.0000,0.0000,0.0000,0.0000,0.0000,0.0000,0.000,0.000,0.0000,0.00145011,0.00145012,0.000703506,0.0000,0.0000,0.000,0.000,0.0000,0.0000,0.0000
6.51,0.080,0.0000,0.0000,0.0000,0.0000,0.0000,0.0000,0.0000,0.0000,0.000,0.000,0.0000,0.00295108,0.00295131,0.00120566,0.0000,0.0000,0.000,0.000,0.0000,0.0000,0.0000
6.61,0.100,0.0000,0.0000,0.0000,0.0000,0.0000,0.0000,0.0000,0.0000,0.000,0.000,0.0000,0.00445356,0.00445494,0.00170817,0.0000,0.0000,0.000,0.000,0.0000,0.0000,0.0000
6.71,0.120,0.0000,0.0000,0.0000,0.0000,0.0000,0.0000,0.0000,0.0000,0.000,0.000,0.0000,0.00445356,0.00445494,0.00170817,0.0000,0.0000,0.000,0.000,0.0000,0.0000,0.0000
9.24,0.720,0.0000,0.0000,0.0000,0.0000,0.0000,0.0041,-0.0055,-0.0013,0.000,-0.000,0.2186,0.0365764,0.039712,0.0022953,0.0000,0.0000,0.000,0.000,0.0000,0.0000,0.0000
9.34,0.760,0.0000,0.0000,-0.0000,0.0363,0.0237,0.0146,-0.0190,-0.0045,0.002,-0.000,0.0000,0.0365764,0.039712,0.0022953,0.0000,0.0000,0.000,0.000,0.0000,0.0146,-0.0190
9.44,0.780,0.0000,0.0000,-0.0000,0.0353,0.0237,0.0146,-0.0189,-0.0045,0.002,-0.000,0.0001,0.0380808,0.041644,0.0020373,0.0000,0.0000,0.001,-0.000,-0.0046,0.0146,-0.0189
9.54,0.800,0.0000,0.0000,-0.0000,0.0340,0.0237,0.0146,-0.0189,-0.0045,0.002,-0.000,0.0000,0.0395884,0.0436139,0.0022994,0.0000,0.0000,0.001,-0.000,-0.0051,0.0146,-0.0189
9.64,0.820,0.0000,0.0000,-0.0000,0.0333,0.0237,0.0146,-0.0189,-0.0045,0.002,-0.000,0.0002,0.0395884,0.0436139,0.0022994,0.0000,0.0000,0.001,-0.000,-0.0051,0.0146,-0.0189
9.74,0.840,0.0000,0.0000,-0.0000,0.0328,0.0237,0.0146,-0.0188,-0.0045,0.002,-0.000,0.0001,0.0415965,0.0463022,0.00230207,0.0000,0.0000,0.001,-0.000,-0.0048,0.0146,-0.0188
9.84,0.860,0.0000,0.0000,-0.0000,0.0323,0.0237,0.0146,-0.0188,-0.0045,0.002,-0.000,0.0001,0.0431009,0.0483674,0.00204254,0.0000,0.0000,0.001,-0.000,-0.0047,0.0146,-0.0188
9.94,0.900,0.0000,0.0000,-0.0000,0.0317,0.0237,0.0146,-0.0187,-0.0045,0.002,-0.000,0.0001,0.0446085,0.0504766,0.00230596,0.0000,0.0000,0.001,-0.000,-0.0046,0.0146,-0.0187
10.04,0.920,0.0000,0.0000,-0.0000,0.0313,0.0237,0.0146,-0.0186,-0.0045,0.002,-0.000,0.0002,0.0446085,0.0504766,0.00230596,0.0000,0.0000,0.001,-0.000,-0.0046,0.0146,-0.0186
10.14,0.940,0.0000,0.0000,-0.0000,0.0310,0.0237,0.0146,-0.0186,-0.0045,0.002,-0.000,0.0002,0.0466166,0.0533608,0.00230848,0.0000,0.0000,0.001,-0.000,-0.0045,0.0146,-0.0186
10.24,0.960,0.0000,0.0000,-0.0000,0.0306,0.0237,0.0146,-0.0185,-0.0045,0.002,-0.000,0.0002,0.048121,0.0555805,0.00204749,0.0000,0.0000,0.001,-0.000,-0.0045,0.0146,-0.0185
10.34,0.980,0.0000,0.0000,-0.0000,0.0304,0.0237,0.0146,-0.0184,-0.0045,0.002,-0.000,0.0002,0.048121,0.0555805,0.00204749,0.0000,0.0000,0.001,-0.000,-0.0045,0.0146,-0.0184
10.45,1.020,0.0000,0.0000,-0.0000,0.0302,0.0237,0.0146,-0.0183,-0.0045,0.002,-0.000,0.0002,0.0496286,0.0578509,0.00231214,0.0000,0.0000,0.001,-0.000,-0.0045,0.0146,-0.0184
10.54,1.040,0.0000,0.0000,-0.0000,0.0299,0.0237,0.0146,-0.0183,-0.0045,0.002,-0.000,0.0002,0.0516367,0.0609607,0.00231451,0.0000,0.0000,0.001,-0.000,-0.0045,0.0146,-0.0183
10.64,1.060,0.0000,0.0000,-0.0000,0.0298,0.0237,0.0146,-0.0182,-0.0044,0.002,-0.000,0.0002,0.0531411,0.0633579,0.00205213,0.0000,0.0000,0.001,-0.000,-0.0045,0.0146,-0.0182
10.74,1.080,0.0000,0.0000,-0.0000,0.0295,0.0237,0.0146,-0.0181,-0.0044,0.002,-0.000,0.0002,0.0531411,0.0633579,0.00205213,0.0000,0.0000,0.001,-0.000,-0.0045,0.0146,-0.0181
10.84,1.100,0.0000,0.0000,-0.0000,0.0294,0.0237,0.0146,-0.0180,-0.0044,0.002,-0.000,0.0002,0.0546488,0.065813,0.00231794,0.0000,0.0000,0.001,-0.000,-0.0045,0.0146,-0.0180
10.94,1.120,0.0000,0.0000,-0.0000,0.0292,0.0237,0.0146,-0.0179,-0.0044,0.002,-0.000,0.0002,0.0566568,0.0691805,0.00232014,0.0000,0.0000,0.001,-0.000,-0.0044,0.0146,-0.0180
11.04,1.140,0.0000,0.0000,-0.0000,0.0722,0.0499,0.0146,-0.0178,-0.0044,0.002,-0.000,0.0004,0.0566568,0.0691805,0.00232014,0.0000,0.0000,0.001,-0.000,-0.0044,0.0146,-0.0179
11.14,1.180,0.0000,0.0000,-0.0000,0.0192,0.0206,0.0145,-0.0177,-0.0044,0.002,-0.000,0.0003,0.0581612,0.0717798,0.00205646,0.0000,0.0000,0.001,-0.000,-0.0044,0.0145,-0.0177
11.24,1.200,0.0000,0.0000,-0.0000,0.0207,0.0211,0.0145,-0.0176,-0.0044,0.002,-0.000,0.0003,0.0596689,0.0744449,0.00232334,0.0000,0.0000,0.001,-0.000,-0.0044,0.0145,-0.0176
11.34,1.220,0.0000,0.0000,-0.0000,0.0220,0.0215,0.0145,-0.0175,-0.0044,0.002,-0.000,0.0002,0.0596689,0.0744449,0.00232334,0.0000,0.0000,0.001,-0.000,-0.0044,0.0145,-0.0175
11.44,1.240,0.0000,0.0000,-0.0000,0.0231,0.0218,0.0145,-0.0174,-0.0044,0.002,-0.000,0.0002,0.0616769,0.0781049,0.00232539,0.0000,0.0000,0.001,-0.000,-0.0044,0.0145,-0.0174
11.54,1.260,0.0000,0.0000,-0.0000,0.0243,0.0222,0.0144,-0.0174,-0.0044,0.002,-0.000,0.0001,0.0631813,0.0809331,0.00206048,0.0000,0.0000,0.001,-0.000,-0.0044,0.0144,-0.0174
11.64,1.280,0.0000,0.0000,-0.0000,0.0249,0.0224,0.0144,-0.0173,-0.0044,0.002,-0.000,0.0000,0.0631813,0.0809331,0.00206048,0.0000,0.0000,0.001,-0.000,-0.0044,0.0144,-0.0173
11.74,1.300,0.0000,0.0000,-0.0000,0.0254,0.0226,0.0144,-0.0173,-0.0044,0.002,-0.000,0.0000,0.064689,0.0838354,0.00232834,0.0000,0.0000,0.001,-0.000,-0.0044,0.0144,-0.0173
11.84,1.340,-0.0000,-0.0000,-0.0000,0.0260,0.0228,0.0144,-0.0172,-0.0044,0.002,-0.000,0.0000,0.0666971,0.0878252,0.00233024,0.0000,0.0000,0.001,-0.000,-0.0044,0.0144,-0.0172
11.94,1.360,-0.0000,-0.0000,-0.0000,0.0263,0.0228,0.0144,-0.0172,-0.0044,0.002,-0.000,0.0000,0.0682015,0.0909111,0.00206419,0.0000,0.0000,0.001,-0.000,-0.0044,0.0144,-0.0172
12.04,1.380,-0.0000,-0.0000,-0.0000,0.0267,0.0230,0.0144,-0.0172,-0.0044,0.002,-0.000,0.0001,0.0682015,0.0909111,0.00206419,0.0000,0.0000,0.001,-0.000,-0.0044,0.0144,-0.0172
12.14,1.400,-0.0000,-0.0000,-0.0000,0.0269,0.0230,0.0144,-0.0172,-0.0044,0.002,-0.000,0.0000,0.0697092,0.0940802,0.00233296,0.0000,0.0000,0.001,-0.000,-0.0044,0.0144,-0.0172
12.24,1.420,-0.0000,-0.0000,-0.0000,0.0271,0.0231,0.0144,-0.0172,-0.0044,0.002,-0.000,0.0000,0.0717173,0.0984403,0.0023347,0.0000,0.0000,0.001,-0.000,-0.0044,0.0144,-0.0172
12.34,1.460,-0.0000,-0.0000,-0.0000,0.0272,0.0231,0.0144,-0.0172,-0.0044,0.002,-0.000,0.0000,0.0717173,0.0984403,0.0023347,0.0000,0.0000,0.001,-0.000,-0.0044,0.0144,-0.0172
12.44,1.480,-0.0000,-0.0000,-0.0000,0.0273,0.0232,0.0144,-0.0172,-0.0044,0.002,-0.000,0.0000,0.0732217,0.101815,0.0020676,0.0000,0.0000,0.001,-0.000,-0.0044,0.0144,-0.0172
12.54,1.500,-0.0000,-0.0000,-0.0000,0.0274,0.0232,0.0144,-0.0172,-0.0044,0.002,-0.000,0.0000,0.0747294,0.105283,0.0023372,0.0000,0.0000,0.001,-0.000,-0.0044,0.0144,-0.0172
12.64,1.520,-0.0000,-0.0000,-0.0000,0.0275,0.0232,0.0144,-0.0171,-0.0044,0.002,-0.000,0.0000,0.0767375,0.110057,0.00233879,0.0000,0.0000,0.001,-0.000,-0.0044,0.0144,-0.0171
12.74,1.560,-0.0000,-0.0000,0.0000,0.0276,0.0232,0.0144,-0.0171,-0.0044,0.002,-0.000,0.0000,0.0767375,0.110057,0.00233879,0.0000,0.0000,0.001,-0.000,-0.0044,0.0144,-0.0171
12.84,1.580,-0.0000,0.0000,0.0000,0.0277,0.0233,0.0144,-0.0171,-0.0044,0.002,-0.000,0.0000,0.0782419,0.113754,0.00207072,0.0000,0.0000,0.001,-0.000,-0.0044,0.0144,-0.0171
12.94,1.600,-0.0000,0.0000,0.0000,0.0277,0.0233,0.0144,-0.0171,-0.0044,0.002,-0.000,0.0000,0.0797496,0.117555,0.00234108,0.0000,0.0000,0.001,-0.000,-0.0044,0.0144,-0.0171
13.04,1.620,-0.0000,0.0000,0.0000,0.0277,0.0233,0.0144,-0.0171,-0.0044,0.002,-0.000,0.0000,0.0797496,0.117555,0.00234108,0.0000,0.0000,0.001,-0.000,-0.0044,0.0144,-0.0171
13.14,1.640,-0.0000,0.0000,0.0000,0.0277,0.0233,0.0144,-0.0171,-0.0044,0.002,-0.000,0.0000,0.0817577,0.12279,0.00234253,0.0000,0.0000,0.001,-0.000,-0.0044,0.0144,-0.0171
13.24,1.680,-0.0000,0.0000,0.0000,0.0277,0.0233,0.0144,-0.0171,-0.0044,0.002,-0.000,0.0000,0.0832621,0.126846,0.00207357,0.0000,0.0000,0.001,-0.000,-0.0044,0.0144,-0.0171
13.34,1.700,-0.0000,0.0000,0.0000,0.0277,0.0233,0.0144,-0.0171,-0.0044,0.002,-0.000,0.0000,0.0847698,0.131017,0.00234461,0.0000,0.0000,0.001,-0.000,-0.0044,0.0144,-0.0171
13.44,1.720,-0.0000,0.0000,0.0000,0.0277,0.0233,0.0144,-0.0171,-0.0044,0.002,-0.000,0.0000,0.0847698,0.131017,0.00234461,0.0000,0.0000,0.001,-0.000,-0.0044,0.0144,-0.0171
13.54,1.740,-0.0000,0.0000,0.0000,0.0277,0.0233,0.0144,-0.0171,-0.0044,0.002,-0.000,0.0000,0.0867779,0.136764,0.00234593,0.0000,0.0000,0.001,-0.000,-0.0044,0.0144,-0.0171
13.64,1.760,-0.0000,0.0000,0.0000,0.0277,0.0233,0.0144,-0.0171,-0.0044,0.002,-0.000,0.0000,0.0882824,0.141218,0.00207615,0.0000,0.0000,0.001,-0.000,-0.0044,0.0144,-0.0171
13.74,1.800,-0.0000,0.0000,0.0000,0.0278,0.0233,0.0144,-0.0171,-0.0044,0.002,-0.000,0.0000,0.0897901,0.1458,0.00234781,0.0000,0.0000,0.001,-0.000,-0.0044,0.0144,-0.0171
13.84,1.820,-0.0000,0.0000,0.0000,0.0278,0.0233,0.0144,-0.0171,-0.0044,0.002,-0.000,0.0000,0.0897901,0.1458,0.00234781,0.0000,0.0000,0.001,-0.000,-0.0044,0.0144,-0.0171
13.94,1.840,-0.0000,0.0000,0.0000,0.0278,0.0233,0.0144,-0.0171,-0.0044,0.002,-0.000,0.0000,0.0917982,0.152114,0.00234901,0.0000,0.0000,0.001,-0.000,-0.0044,0.0144,-0.0171
14.04,1.860,-0.0000,0.0000,0.0000,0.0278,0.0233,0.0144,-0.0171,-0.0044,0.002,-0.000,0.0000,0.0933026,0.157008,0.00207849,0.0000,0.0000,0.001,-0.000,-0.0044,0.0144,-0.0171
14.14,1.900,-0.0000,0.0000,0.0000,0.0278,0.0233,0.0144,-0.0171,-0.0044,0.002,-0.000,0.0000,0.0948104,0.162043,0.00235071,0.0000,0.0000,0.001,-0.000,-0.0044,0.0144,-0.0171
14.24,1.920,-0.0000,0.0000,0.0000,0.0278,0.0233,0.0144,-0.0171,-0.0044,0.002,-0.000,0.0000,0.0948104,0.162043,0.00235071,0.0000,0.0000,0.001,-0.000,-0.0044,0.0144,-0.0171
14.34,1.940,-0.0000,0.0000,0.0000,0.0278,0.0233,0.0144,-0.0171,-0.0044,0.002,-0.000,0.0000,0.0968185,0.168983,0.00235179,0.0000,0.0000,0.001,-0.000,-0.0044,0.0144,-0.0171
14.44,1.960,-0.0000,0.0000,0.0000,0.0278,0.0233,0.0144,-0.0171,-0.0044,0.002,-0.000,0.0000,0.0983229,0.174363,0.0020806,0.0000,0.0000,0.001,-0.000,-0.0044,0.0144,-0.0171
14.54,1.980,-0.0000,0.0000,0.0000,0.0278,0.0233,0.0144,-0.0171,-0.0044,0.002,-0.000,0.0000,0.0983229,0.174363,0.0020806,0.0000,0.0000,0.001,-0.000,-0.0044,0.0144,-0.0171
14.64,2.000,-0.0000,0.0000,0.0000,0.0278,0.0233,0.0144,-0.0171,-0.0044,0.002,-0.000,0.0000,0.0998307,0.179898,0.00235333,0.0000,0.0000,0.001,-0.000,-0.0044,0.0144,-0.0171
14.74,2.040,-0.0000,0.0000,0.0000,0.0278,0.0233,0.0144,-0.0171,-0.0044,0.002,-0.000,0.0000,0.101839,0.187528,0.0023543,0.0000,0.0000,0.001,-0.000,-0.0044,0.0144,-0.0171
14.85,2.040,-0.0000,0.0000,0.0000,0.0278,0.0233,0.0144,-0.0171,-0.0044,0.002,-0.000,0.0000,0.101839,0.187528,0.0023543,0.0000,0.0000,0.001,-0.000,-0.0044,0.0144,-0.0171
14.95,2.040,-0.0000,0.0000,0.0000,0.0278,0.0233,0.0144,-0.0171,-0.0044,0.002,-0.000,0.0000,0.101839,0.187528,0.0023543,0.0000,0.0000,0.001,-0.000,-0.0044,0.0144,-0.0171
15.04,2.060,-0.0000,0.0000,0.0000,0.0278,0.0233,0.0144,-0.0171,-0.0044,0.002,-0.000,0.0000,0.103343,0.193442,0.0020825,0.0000,0.0000,0.001,-0.000,-0.0044,0.0144,-0.0171
15.15,2.080,-0.0000,0.0000,0.0000,0.0278,0.0233,0.0144,-0.0171,-0.0044,0.002,-0.000,0.0000,0.103343,0.193442,0.0020825,0.0000,0.0000,0.001,-0.000,-0.0044,0.0144,-0.0171
15.24,2.080,-0.0000,0.0000,0.0000,0.0278,0.0233,0.0144,-0.0171,-0.0044,0.002,-0.000,0.0000,0.103343,0.193442,0.0020825,0.0000,0.0000,0.001,-0.000,-0.0044,0.0144,-0.0171
15.34,2.120,-0.0000,0.0000,0.0000,0.0278,0.0233,0.0144,-0.0171,-0.0044,0.002,-0.000,0.0000,0.104851,0.199527,0.00235568,0.0000,0.0000,0.001,-0.000,-0.0044,0.0144,-0.0171
15.45,2.140,-0.0000,0.0000,0.0000,0.0278,0.0233,0.0144,-0.0171,-0.0044,0.002,-0.000,0.0000,0.106859,0.207914,0.00235655,0.0000,0.0000,0.001,-0.000,-0.0044,0.0144,-0.0171
15.55,2.180,-0.0000,0.0000,0.0000,0.0278,0.0233,0.0144,-0.0171,-0.0044,0.002,-0.000,0.0000,0.108364,0.214416,0.00208421,0.0000,0.0000,0.001,-0.000,-0.0044,0.0144,-0.0171
15.64,2.200,-0.0000,0.0000,0.0000,0.0278,0.0233,0.0144,-0.0171,-0.0044,0.002,-0.000,0.0001,0.109872,0.221104,0.00235779,0.0000,-0.3000,0.001,-0.000,-0.0044,0.0144,-0.0171
15.75,2.200,-0.0000,0.0000,-0.0066,0.0394,0.0331,0.0144,-0.0171,-0.0045,0.002,-0.000,0.0002,0.109872,0.221104,0.00235779,0.0000,-0.3000,0.001,-0.000,-0.0044,0.0144,-0.0171
15.84,2.220,0.0000,-0.0155,-0.0199,0.0394,0.0331,0.0144,-0.0171,-0.0048,0.002,-0.000,0.0005,0.109872,0.221104,0.00235779,0.0000,-0.3000,0.001,-0.000,-0.0044,0.0144,-0.0171
15.94,2.240,0.0000,-0.0355,-0.0331,0.0393,0.0331,0.0144,-0.0171,-0.0056,0.002,-0.000,0.0009,0.11188,0.230322,0.00235857,0.0000,-0.3000,0.001,-0.000,-0.0047,0.0144,-0.0171
16.04,2.280,0.0000,-0.0755,-0.0529,0.0392,0.0331,0.0144,-0.0171,-0.0069,0.002,-0.000,0.0013,0.113384,0.237467,0.00208574,0.0000,-0.3000,0.001,-0.000,-0.0055,0.0144,-0.0171
16.14,2.300,0.0000,-0.0955,-0.0726,0.0391,0.0330,0.0144,-0.0171,-0.0085,0.002,-0.000,0.0017,0.114892,0.244816,0.00235969,0.0000,-0.3000,0.001,-0.000,-0.0070,0.0144,-0.0171
16.24,2.320,0.0000,-0.1155,-0.0857,0.0389,0.0330,0.0145,-0.0170,-0.0108,0.002,0.000,0.0021,0.1169,0.254942,0.00236039,0.0000,-0.3000,0.001,-0.000,-0.0099,0.0145,-0.0171
16.34,2.360,0.0000,-0.1555,-0.1053,0.0387,0.0330,0.0145,-0.0170,-0.0134,0.002,0.000,0.0025,0.1169,0.254942,0.00236039,0.0000,-0.3000,0.001,-0.000,-0.0099,0.0145,-0.0170
16.44,2.380,0.0000,-0.1755,-0.1183,0.0385,0.0330,0.0146,-0.0170,-0.0163,0.002,0.000,0.0028,0.118405,0.26279,0.0020871,0.0000,-0.3000,0.001,-0.000,-0.0128,0.0146,-0.0170
16.54,2.400,0.0000,-0.1955,-0.1376,0.0382,0.0330,0.0146,-0.0169,-0.0196,0.002,0.000,0.0032,0.119913,0.270861,0.00236138,0.0000,-0.3000,0.001,-0.000,-0.0162,0.0146,-0.0169
16.64,2.420,0.0000,-0.2155,-0.1504,0.0379,0.0330,0.0147,-0.0169,-0.0227,0.002,0.000,0.0035,0.121922,0.281979,0.002362,0.0000,-0.3000,0.001,-0.000,-0.0218,0.0147,-0.0169
16.74,2.440,0.0000,-0.2355,-0.1632,0.0377,0.0329,0.0147,-0.0168,-0.0257,0.002,0.000,0.0037,0.121922,0.281979,0.002362,0.0000,-0.3000,0.001,-0.000,-0.0218,0.0147,-0.0168
16.84,2.460,0.0000,-0.2555,-0.1758,0.0374,0.0329,0.0148,-0.0168,-0.0297,0.002,0.000,0.0041,0.123427,0.290593,0.00208833,0.0000,-0.3000,0.001,-0.000,-0.0266,0.0148,-0.0168
16.94,2.480,0.0000,-0.2755,-0.1883,0.0371,0.0329,0.0149,-0.0167,-0.0338,0.002,0.000,0.0043,0.124936,0.299449,0.00236289,0.0000,-0.3000,0.001,-0.000,-0.0320,0.0148,-0.0167
17.04,2.520,0.0000,-0.3000,-0.1940,0.0260,0.0233,0.0149,-0.0166,-0.0383,0.002,0.000,0.0043,0.124936,0.299449,0.00236289,0.0000,-0.3000,0.001,-0.000,-0.0320,0.0149,-0.0166
17.14,2.540,0.0000,-0.3000,-0.1935,0.0354,0.0129,0.0150,-0.0166,-0.0433,0.002,0.000,0.0043,0.126947,0.311644,0.00236345,0.0000,-0.3000,0.001,-0.000,-0.0398,0.0150,-0.0166
17.24,2.560,0.0000,-0.3000,-0.1927,0.0353,0.0131,0.0151,-0.0165,-0.0482,0.002,0.001,0.0043,0.128454,0.321089,0.00208942,0.0000,-0.3000,0.001,-0.000,-0.0457,0.0151,-0.0165
17.34,2.580,0.0000,-0.3000,-0.1922,0.0353,0.0132,0.0152,-0.0164,-0.0532,0.003,0.001,0.0044,0.129965,0.330796,0.00236424,0.0000,-0.3000,0.001,-0.000,-0.0515,0.0152,-0.0164
17.44,2.620,0.0000,-0.3000,-0.1914,0.0352,0.0135,0.0153,-0.0163,-0.0577,0.003,0.001,0.0044,0.129965,0.330796,0.00236424,0.0000,-0.3000,0.001,-0.000,-0.0515,0.0153,-0.0164
17.54,2.640,0.0000,-0.3000,-0.1908,0.0351,0.0136,0.0153,-0.0163,-0.0625,0.003,0.001,0.0045,0.131979,0.344157,0.00236473,0.0000,-0.3000,0.001,-0.000,-0.0592,0.0153,-0.0163
17.64,2.660,0.0000,-0.3000,-0.1900,0.0350,0.0138,0.0154,-0.0162,-0.0675,0.003,0.001,0.0046,0.13349,0.3545,0.00209039,0.0000,-0.3000,0.001,-0.000,-0.0650,0.0154,-0.0162
17.74,2.680,0.0000,-0.3000,-0.1895,0.0349,0.0140,0.0155,-0.0161,-0.0720,0.003,0.001,0.0048,0.13349,0.3545,0.00209039,0.0000,-0.3000,0.001,-0.000,-0.0650,0.0155,-0.0161
17.84,2.720,0.0000,-0.3000,-0.1887,0.0348,0.0142,0.0156,-0.0161,-0.0767,0.003,0.001,0.0049,0.135005,0.365126,0.00236543,0.0000,-0.3000,0.001,-0.000,-0.0707,0.0156,-0.0161
17.94,2.740,0.0000,-0.3000,-0.1882,0.0348,0.0144,0.0157,-0.0160,-0.0815,0.003,0.001,0.0051,0.137027,0.379747,0.00236588,0.0000,-0.3000,0.001,-0.000,-0.0783,0.0156,-0.0160
18.04,2.760,0.0000,-0.3000,-0.1874,0.0347,0.0146,0.0157,-0.0159,-0.0865,0.003,0.001,0.0053,0.138544,0.391059,0.00209125,0.0000,-0.3000,0.001,-0.000,-0.0839,0.0157,-0.0159
18.14,2.800,0.0000,-0.3000,-0.1866,0.0346,0.0148,0.0158,-0.0158,-0.0914,0.003,0.001,0.0056,0.140067,0.402677,0.0023665,0.0000,-0.3000,0.001,-0.000,-0.0895,0.0158,-0.0158
18.24,2.820,-0.0000,-0.3000,-0.1869,0.0166,0.0149,0.0159,-0.0158,-0.0957,0.004,0.001,0.0054,0.140067,0.402677,0.0023665,0.0000,-0.3000,0.001,-0.000,-0.0895,0.0159,-0.0158
18.34,2.840,-0.0000,-0.3000,-0.1874,0.0165,0.0149,0.0160,-0.0157,-0.1004,0.004,0.001,0.0052,0.142102,0.418655,0.00236689,0.0000,-0.3000,0.001,-0.000,-0.0970,0.0159,-0.0157
18.44,2.860,-0.0000,-0.3000,-0.1882,0.0164,0.0150,0.0160,-0.0156,-0.1052,0.004,0.001,0.0050,0.14363,0.431012,0.00209201,0.0000,-0.3000,0.001,-0.000,-0.1026,0.0160,-0.0156
18.54,2.880,-0.0000,-0.3000,-0.1887,0.0164,0.0150,0.0161,-0.0155,-0.1098,0.004,0.001,0.0049,0.145166,0.443697,0.00236745,0.0000,-0.3000,0.001,-0.000,-0.1083,0.0161,-0.0156
18.64,2.920,-0.0000,-0.3000,-0.1895,0.0163,0.0151,0.0162,-0.0155,-0.1145,0.004,0.001,0.0047,0.145166,0.443697,0.00236745,0.0000,-0.3000,0.001,-0.000,-0.1083,0.0162,-0.0155
18.74,2.940,-0.0000,-0.3000,-0.1901,0.0162,0.0151,0.0162,-0.0154,-0.1193,0.004,0.001,0.0046,0.147219,0.461133,0.00236779,0.0000,-0.3000,0.001,-0.000,-0.1158,0.0162,-0.0154
18.84,2.960,-0.0000,-0.3000,-0.1909,0.0161,0.0152,0.0163,-0.0153,-0.1240,0.004,0.000,0.0045,0.148765,0.474611,0.00209269,0.0000,-0.3000,0.001,-0.000,-0.1215,0.0163,-0.0153
18.94,2.980,-0.0000,-0.3000,-0.1914,0.0160,0.0152,0.0164,-0.0152,-0.1286,0.004,0.000,0.0044,0.148765,0.474611,0.00209269,0.0000,-0.3000,0.001,-0.000,-0.1215,0.0164,-0.0152
19.04,3.020,-0.0000,-0.3000,-0.1922,0.0159,0.0153,0.0165,-0.0151,-0.1332,0.004,0.000,0.0043,0.15032,0.488441,0.00236829,0.0000,-0.3000,0.001,-0.000,-0.1273,0.0165,-0.0152
19.14,3.040,-0.0000,-0.3000,-0.1927,0.0159,0.0154,0.0165,-0.0151,-0.1380,0.005,0.000,0.0043,0.152403,0.50744,0.00236859,0.0000,-0.3000,0.001,-0.000,-0.1349,0.0165,-0.0151
19.24,3.060,-0.0000,-0.3000,-0.1935,0.0158,0.0154,0.0166,-0.0150,-0.1429,0.005,0.000,0.0043,0.153973,0.522119,0.0020933,0.0000,-0.3000,0.001,-0.000,-0.1407,0.0166,-0.0150
19.34,3.080,-0.0000,-0.3000,-0.1941,0.0157,0.0155,0.0167,-0.0149,-0.1475,0.005,0.000,0.0043,0.153973,0.522119,0.0020933,0.0000,-0.3000,0.001,-0.000,-0.1407,0.0167,-0.0149
19.44,3.100,-0.0000,-0.3000,-0.1946,0.0156,0.0155,0.0167,-0.0148,-0.1516,0.005,0.000,0.0044,0.155557,0.537173,0.00236903,0.0000,-0.3000,0.001,-0.000,-0.1465,0.0167,-0.0149
19.54,3.120,-0.0000,-0.3000,-0.1951,0.0155,0.0156,0.0168,-0.0148,-0.1557,0.005,-0.000,0.0045,0.157682,0.557844,0.0023693,0.0000,-0.3000,0.001,-0.000,-0.1543,0.0168,-0.0148
19.64,3.160,-0.0000,-0.3000,-0.1959,0.0154,0.0156,0.0169,-0.0147,-0.1608,0.005,-0.000,0.0046,0.157682,0.557844,0.0023693,0.0000,-0.3000,0.001,-0.000,-0.1543,0.0169,-0.0147
19.74,3.180,-0.0000,-0.3000,-0.1965,0.0154,0.0157,0.0169,-0.0146,-0.1657,0.005,-0.000,0.0047,0.159288,0.573804,0.00209383,0.0000,-0.3000,0.001,-0.000,-0.1602,0.0169,-0.0146
19.84,3.200,-0.0000,-0.3000,-0.1973,0.0153,0.0157,0.0170,-0.0145,-0.1698,0.005,-0.000,0.0048,0.16091,0.590165,0.00236969,0.0000,-0.3000,0.001,-0.000,-0.1661,0.0170,-0.0145
19.94,3.220,-0.0000,-0.3000,-0.1978,0.0152,0.0158,0.0171,-0.0144,-0.1750,0.005,-0.000,0.0050,0.163093,0.612617,0.00236993,0.0000,-0.3000,0.001,-0.000,-0.1739,0.0171,-0.0145
20.04,3.260,-0.0000,-0.3000,-0.1986,0.0151,0.0159,0.0172,-0.0144,-0.1801,0.005,-0.001,0.0052,0.163093,0.612617,0.00236993,0.0000,-0.3000,0.001,-0.000,-0.1739,0.0171,-0.0144
20.14,3.280,-0.0000,-0.3000,-0.1992,0.0150,0.0159,0.0172,-0.0143,-0.1853,0.005,-0.001,0.0054,0.164747,0.629942,0.0020943,0.0000,-0.3000,0.001,-0.000,-0.1799,0.0172,-0.0143
20.24,3.300,-0.0000,-0.3000,-0.2000,0.0149,0.0160,0.0173,-0.0142,-0.1903,0.005,-0.001,0.0057,0.166423,0.647694,0.00237027,0.0000,-0.3000,0.001,-0.000,-0.1859,0.0173,-0.0142
20.34,3.320,-0.0000,-0.3000,-0.2005,0.0148,0.0160,0.0174,-0.0141,-0.1955,0.005,-0.001,0.0059,0.168684,0.672039,0.00237049,0.0000,-0.3000,0.001,-0.000,-0.1939,0.0173,-0.0141
20.44,3.360,-0.0000,-0.3000,-0.2013,0.0147,0.0161,0.0174,-0.0140,-0.2007,0.005,-0.001,0.0062,0.168684,0.672039,0.00237049,0.0000,-0.3000,0.001,-0.000,-0.1939,0.0174,-0.0140
20.54,3.380,-0.0000,-0.3000,-0.2019,0.0147,0.0161,0.0175,-0.0139,-0.2056,0.005,-0.001,0.0064,0.170404,0.690814,0.00209472,0.0000,-0.3000,0.001,-0.000,-0.1999,0.0175,-0.0140
20.64,3.400,-0.0000,-0.3000,-0.2027,0.0146,0.0162,0.0176,-0.0138,-0.2104,0.005,-0.001,0.0067,0.17215,0.710042,0.00237079,0.0000,-0.3000,0.001,-0.000,-0.2059,0.0176,-0.0138
20.74,3.420,-0.0000,-0.3000,-0.2033,0.0145,0.0162,0.0176,-0.0138,-0.2151,0.005,-0.002,0.0070,0.174515,0.736394,0.00237098,0.0000,-0.3000,0.001,-0.000,-0.2140,0.0176,-0.0138
20.84,3.460,-0.0000,-0.3000,-0.2041,0.0144,0.0163,0.0177,-0.0137,-0.2200,0.005,-0.002,0.0073,0.174515,0.736394,0.00237098,0.0000,-0.3000,0.001,-0.000,-0.2140,0.0177,-0.0137
20.94,3.480,-0.0000,-0.3000,-0.2046,0.0143,0.0164,0.0178,-0.0136,-0.2253,0.005,-0.002,0.0076,0.176319,0.756706,0.00209509,0.0000,-0.3000,0.001,-0.000,-0.2202,0.0178,-0.0136
21.04,3.500,-0.0000,-0.3000,-0.2052,0.0142,0.0164,0.0178,-0.0135,-0.2298,0.005,-0.002,0.0078,0.178156,0.777495,0.00237125,0.0000,-0.3000,0.001,-0.000,-0.2263,0.0178,-0.0135
21.14,3.520,-0.0000,-0.3000,-0.2060,0.0141,0.0165,0.0179,-0.0134,-0.2350,0.005,-0.002,0.0081,0.180655,0.80597,0.00237142,0.0000,-0.3000,0.001,-0.000,-0.2345,0.0179,-0.0134
21.24,3.540,-0.0000,-0.3000,-0.2066,0.0141,0.0165,0.0180,-0.0133,-0.2403,0.005,-0.003,0.0085,0.180655,0.80597,0.00237142,0.0000,-0.3000,0.001,-0.000,-0.2345,0.0180,-0.0133
21.34,3.580,-0.0000,-0.3000,-0.2074,0.0139,0.0166,0.0180,-0.0132,-0.2453,0.005,-0.003,0.0088,0.182568,0.827903,0.00209542,0.0000,-0.3000,0.001,-0.000,-0.2407,0.0180,-0.0132
21.44,3.600,-0.0000,-0.3000,-0.2080,0.0139,0.0166,0.0181,-0.0131,-0.2497,0.005,-0.003,0.0090,0.184523,0.850341,0.00237165,0.0000,-0.3000,0.001,-0.000,-0.2469,0.0181,-0.0131
21.54,3.620,-0.0000,-0.3000,-0.2085,0.0138,0.0167,0.0182,-0.0130,-0.2547,0.005,-0.003,0.0093,0.184523,0.850341,0.00237165,0.0000,-0.3000,0.001,-0.000,-0.2469,0.0182,-0.0131
21.64,3.640,-0.0000,-0.3000,-0.2094,0.0137,0.0168,0.0182,-0.0130,-0.2595,0.005,-0.003,0.0096,0.187192,0.881054,0.0023718,0.0000,-0.3000,0.001,-0.000,-0.2552,0.0182,-0.0130
21.74,3.660,-0.0000,-0.3000,-0.2099,0.0136,0.0168,0.0183,-0.0129,-0.2645,0.005,-0.004,0.0100,0.189243,0.904696,0.00209571,0.0000,-0.3000,0.001,-0.000,-0.2615,0.0183,-0.0129
21.84,3.680,-0.0000,-0.3000,-0.2108,0.0135,0.0169,0.0184,-0.0128,-0.2696,0.004,-0.004,0.0103,0.191346,0.928867,0.00237201,0.0000,-0.3000,0.001,-0.000,-0.2678,0.0184,-0.0128
21.94,3.720,-0.0000,-0.3000,-0.2113,0.0134,0.0169,0.0184,-0.0127,-0.2744,0.004,-0.004,0.0106,0.191346,0.928867,0.00237201,0.0000,-0.3000,0.001,-0.000,-0.2678,0.0184,-0.0127
22.04,3.740,-0.0000,-0.3000,-0.2119,0.0134,0.0170,0.0185,-0.0126,-0.2791,0.004,-0.004,0.0109,0.194228,0.961933,0.00237214,0.0000,-0.3000,0.001,-0.000,-0.2763,0.0185,-0.0126
22.14,3.760,-0.0000,-0.3000,-0.2125,0.0133,0.0170,0.0185,-0.0125,-0.2838,0.004,-0.004,0.0112,0.194228,0.961933,0.00237214,0.0000,-0.3000,0.001,-0.000,-0.2763,0.0185,-0.0125
22.24,3.780,-0.0000,-0.3000,-0.2130,0.0132,0.0171,0.0186,-0.0124,-0.2884,0.004,-0.005,0.0115,0.196453,0.987369,0.00209597,0.0000,-0.3000,0.001,-0.000,-0.2826,0.0186,-0.0125
22.34,3.800,-0.0000,-0.3000,-0.2136,0.0131,0.0171,0.0187,-0.0123,-0.2927,0.004,-0.005,0.0118,0.19874,1.01336,0.00237233,0.0000,-0.3000,0.001,-0.000,-0.2890,0.0186,-0.0124
22.44,3.820,-0.0000,-0.3000,-0.2142,0.0131,0.0172,0.0187,-0.0123,-0.2968,0.004,-0.005,0.0120,0.19874,1.01336,0.00237233,0.0000,-0.3000,0.001,-0.000,-0.2890,0.0187,-0.0123
22.54,3.840,-0.0000,-0.3000,-0.2147,0.0130,0.0172,0.0188,-0.0122,-0.3009,0.004,-0.005,0.0123,0.201886,1.04889,0.00237244,0.0000,-0.3000,0.001,-0.000,-0.2976,0.0187,-0.0122
22.65,3.860,-0.0000,-0.3000,-0.2153,0.0129,0.0173,0.0188,-0.0121,-0.3047,0.004,-0.006,0.0125,0.201886,1.04889,0.00237244,0.0000,-0.3000,0.001,-0.000,-0.2976,0.0188,-0.0121
22.74,3.880,-0.0000,-0.3000,-0.2159,0.0128,0.0173,0.0188,-0.0120,-0.3084,0.004,-0.006,0.0128,0.204324,1.07621,0.00209619,0.0000,-0.3000,0.001,-0.000,-0.3040,0.0188,-0.0121
22.85,3.880,-0.0000,-0.3000,-0.2162,0.0128,0.0174,0.0189,-0.0120,-0.3125,0.004,-0.006,0.0130,0.206838,1.1041,0.0023726,0.0000,-0.3000,0.001,-0.000,-0.3105,0.0189,-0.0120
22.94,3.900,-0.0000,-0.3000,-0.2168,0.0127,0.0174,0.0189,-0.0119,-0.3160,0.003,-0.006,0.0133,0.206838,1.1041,0.0023726,0.0000,-0.3000,0.001,-0.000,-0.3105,0.0189,-0.0119
23.04,3.920,-0.0000,-0.3000,-0.2173,0.0127,0.0175,0.0190,-0.0118,-0.3201,0.003,-0.006,0.0135,0.210309,1.14221,0.00237271,0.0000,-0.3000,0.001,-0.000,-0.3191,0.0190,-0.0118
23.14,3.940,-0.0000,-0.3000,-0.2179,0.0126,0.0175,0.0190,-0.0117,-0.3251,0.003,-0.007,0.0139,0.210309,1.14221,0.00237271,0.0000,-0.3000,0.001,-0.000,-0.3191,0.0190,-0.0118
23.24,3.960,-0.0000,-0.3000,-0.2185,0.0125,0.0176,0.0191,-0.0116,-0.3295,0.003,-0.007,0.0141,0.213007,1.17149,0.00209639,0.0000,-0.3000,0.001,-0.000,-0.3257,0.0191,-0.0117
23.34,3.980,-0.0000,-0.3000,-0.2191,0.0124,0.0176,0.0191,-0.0116,-0.3341,0.003,-0.007,0.0144,0.215798,1.20137,0.00237285,0.0000,-0.3000,0.001,-0.000,-0.3322,0.0191,-0.0116
23.44,4.020,-0.0000,-0.3000,-0.2200,0.0123,0.0177,0.0192,-0.0115,-0.3389,0.003,-0.007,0.0147,0.215798,1.20137,0.00237285,0.0000,-0.3000,0.001,-0.000,-0.3322,0.0192,-0.0115
23.54,4.040,-0.0000,-0.3000,-0.2205,0.0122,0.0177,0.0193,-0.0114,-0.3440,0.003,-0.008,0.0151,0.219663,1.24216,0.00237294,0.0000,-0.3000,0.001,-0.000,-0.3410,0.0193,-0.0114
23.64,4.060,-0.0000,-0.3000,-0.2211,0.0122,0.0178,0.0193,-0.0113,-0.3488,0.002,-0.008,0.0154,0.222678,1.27348,0.00209657,0.0000,-0.3000,0.001,-0.000,-0.3476,0.0193,-0.0113
23.74,4.080,-0.0000,-0.3000,-0.2217,0.0121,0.0179,0.0194,-0.0112,-0.3537,0.002,-0.008,0.0157,0.222678,1.27348,0.00209657,0.0000,-0.3000,0.001,-0.000,-0.3476,0.0194,-0.0112
23.84,4.100,-0.0000,-0.3000,-0.2226,0.0120,0.0179,0.0194,-0.0111,-0.3586,0.002,-0.009,0.0160,0.225802,1.30542,0.00237307,0.0000,-0.3000,0.001,-0.000,-0.3543,0.0194,-0.0111
23.94,4.120,-0.0000,-0.3000,-0.2232,0.0119,0.0180,0.0195,-0.0110,-0.3637,0.002,-0.009,0.0163,0.230142,1.349,0.00237315,0.0000,-0.3000,0.001,-0.000,-0.3632,0.0195,-0.0110
24.04,4.140,-0.0000,-0.3000,-0.2238,0.0118,0.0180,0.0195,-0.0109,-0.3689,0.002,-0.009,0.0167,0.230142,1.349,0.00237315,0.0000,-0.3000,0.001,-0.000,-0.3632,0.0195,-0.0109
24.14,4.160,-0.0000,-0.3000,-0.2244,0.0117,0.0181,0.0196,-0.0108,-0.3740,0.002,-0.010,0.0170,0.233536,1.38244,0.00209672,0.0000,-0.3000,0.001,-0.000,-0.3699,0.0196,-0.0108
24.24,4.200,-0.0000,-0.3000,-0.2253,0.0116,0.0182,0.0196,-0.0107,-0.3790,0.001,-0.010,0.0173,0.237061,1.41652,0.00237326,0.0000,-0.3000,0.001,-0.000,-0.3766,0.0196,-0.0107
24.34,4.220,-0.0000,-0.3000,-0.2259,0.0115,0.0182,0.0197,-0.0106,-0.3844,0.001,-0.010,0.0177,0.237061,1.41652,0.00237326,0.0000,-0.3000,0.001,-0.000,-0.3766,0.0197,-0.0106
24.44,4.240,-0.0000,-0.3000,-0.2262,0.0030,0.0361,0.0198,-0.0105,-0.3891,0.001,-0.011,0.0177,0.241969,1.46298,0.00237333,0.0000,-0.3000,0.001,-0.000,-0.3856,0.0197,-0.0105
24.54,4.260,-0.0000,-0.3000,-0.2260,0.0103,0.0206,0.0198,-0.0104,-0.3939,0.001,-0.011,0.0179,0.245816,1.49861,0.00209686,0.0000,-0.3000,0.001,-0.000,-0.3924,0.0198,-0.0104
24.64,4.280,-0.0000,-0.3000,-0.2264,0.0099,0.0214,0.0199,-0.0103,-0.3986,0.001,-0.011,0.0182,0.245816,1.49861,0.00209686,0.0000,-0.3000,0.001,-0.000,-0.3924,0.0198,-0.0103
24.74,4.300,-0.0000,-0.3000,-0.2270,0.0088,0.0234,0.0199,-0.0102,-0.4036,0.000,-0.012,0.0184,0.249816,1.5349,0.00237343,0.0000,-0.3000,0.001,-0.000,-0.3992,0.0199,-0.0102
24.84,4.320,-0.0000,-0.3000,-0.2272,0.0073,0.0262,0.0200,-0.0101,-0.4089,0.000,-0.012,0.0186,0.255398,1.58434,0.00237349,0.0000,-0.3000,0.001,-0.000,-0.4083,0.0200,-0.0101
24.94,4.340,-0.0000,-0.3000,-0.2272,0.0038,0.0327,0.0200,-0.0100,-0.4141,-0.000,-0.012,0.0187,0.255398,1.58434,0.00237349,0.0000,-0.3000,0.001,-0.000,-0.4083,0.0200,-0.0100
25.04,4.360,-0.0000,-0.3000,-0.2295,-0.0391,0.0194,0.0201,-0.0099,-0.4191,-0.000,-0.013,0.0190,0.259779,1.62222,0.00209698,0.0000,-0.3000,0.001,-0.000,-0.4151,0.0200,-0.0099
25.14,4.400,-0.0000,-0.3000,-0.2199,-0.2970,0.1446,0.0201,-0.0098,-0.4240,-0.001,-0.013,0.0196,0.264341,1.66078,0.00237358,0.0000,-0.3000,0.001,-0.000,-0.4219,0.0201,-0.0098
25.24,4.420,-0.0000,-0.3000,-0.2320,-0.0014,0.0007,0.0202,-0.0097,-0.4293,-0.001,-0.013,0.0212,0.264341,1.66078,0.00237358,0.0000,-0.3000,0.001,-0.000,-0.4219,0.0202,-0.0097
25.34,4.440,-0.0000,-0.3000,-0.2326,-0.0014,0.0007,0.0202,-0.0096,-0.4344,-0.002,-0.013,0.0220,0.270713,1.71329,0.00237363,0.0000,-0.3000,0.001,-0.000,-0.4310,0.0202,-0.0096
25.45,4.460,-0.0000,-0.3000,-0.2332,-0.0014,0.0007,0.0203,-0.0095,-0.4400,-0.002,-0.014,0.0228,0.275722,1.75348,0.00209709,0.0000,-0.3000,0.001,-0.000,-0.4380,0.0202,-0.0095
25.54,4.480,-0.0000,-0.3000,-0.2342,-0.0014,0.0007,0.0203,-0.0094,-0.4449,-0.002,-0.014,0.0236,0.275722,1.75348,0.00209709,0.0000,-0.3000,0.001,-0.000,-0.4380,0.0203,-0.0094
25.64,4.500,-0.0000,-0.3000,-0.2348,-0.0014,0.0006,0.0204,-0.0093,-0.4503,-0.003,-0.014,0.0244,0.280942,1.79439,0.00237371,0.0000,-0.3000,0.001,-0.000,-0.4450,0.0204,-0.0093
25.74,4.520,-0.0000,-0.3000,-0.2355,-0.0014,0.0006,0.0204,-0.0092,-0.4553,-0.003,-0.014,0.0251,0.288243,1.85002,0.00237376,0.0000,-0.3000,0.001,-0.000,-0.4544,0.0204,-0.0092
25.84,4.540,-0.0000,-0.3000,-0.2361,-0.0014,0.0006,0.0205,-0.0091,-0.4605,-0.004,-0.014,0.0259,0.288243,1.85002,0.00237376,0.0000,-0.3000,0.001,-0.000,-0.4544,0.0204,-0.0091
25.94,4.560,-0.0000,-0.3000,-0.2367,-0.0014,0.0006,0.0205,-0.0089,-0.4657,-0.004,-0.015,0.0267,0.293987,1.89258,0.00209718,0.0000,-0.3000,0.001,-0.000,-0.4615,0.0205,-0.0090
26.04,4.600,-0.0000,-0.3000,-0.2377,-0.0014,0.0006,0.0205,-0.0088,-0.4711,-0.005,-0.015,0.0275,0.299978,1.93586,0.00237382,0.0000,-0.3000,0.001,-0.000,-0.4686,0.0205,-0.0088
26.14,4.620,-0.0000,-0.3000,-0.2383,-0.0014,0.0006,0.0206,-0.0087,-0.4761,-0.006,-0.015,0.0282,0.299978,1.93586,0.00237382,0.0000,-0.3000,0.001,-0.000,-0.4686,0.0206,-0.0087
26.24,4.640,-0.0000,-0.3000,-0.2390,-0.0014,0.0006,0.0206,-0.0086,-0.4818,-0.006,-0.016,0.0290,0.308362,1.99469,0.00237387,0.0000,-0.3000,0.001,-0.000,-0.4781,0.0206,-0.0086
26.34,4.660,-0.0000,-0.3000,-0.2396,0.0078,0.0230,0.0207,-0.0085,-0.4874,-0.007,-0.016,0.0293,0.314961,2.03966,0.00209726,0.0000,-0.3000,0.001,-0.000,-0.4853,0.0207,-0.0085
26.44,4.680,-0.0000,-0.3000,-0.2406,0.0077,0.0231,0.0207,-0.0084,-0.4929,-0.007,-0.016,0.0296,0.314961,2.03966,0.00209726,0.0000,-0.3000,0.001,-0.000,-0.4853,0.0207,-0.0084
26.54,4.700,-0.0000,-0.3000,-0.2413,0.0076,0.0232,0.0208,-0.0083,-0.4982,-0.008,-0.016,0.0299,0.321846,2.08535,0.00237393,0.0000,-0.3000,0.001,-0.000,-0.4925,0.0208,-0.0083
26.64,4.720,-0.0000,-0.3000,-0.2420,0.0075,0.0232,0.0208,-0.0082,-0.5037,-0.009,-0.017,0.0301,0.331485,2.14742,0.00237396,0.0000,-0.3000,0.001,-0.000,-0.5021,0.0208,-0.0082
26.74,4.740,-0.0000,-0.3000,-0.2426,0.0074,0.0233,0.0209,-0.0080,-0.5091,-0.009,-0.017,0.0304,0.331485,2.14742,0.00237396,0.0000,-0.3000,0.001,-0.000,-0.5021,0.0209,-0.0081
26.84,4.780,-0.0000,-0.3000,-0.2436,0.0072,0.0235,0.0209,-0.0079,-0.5149,-0.010,-0.017,0.0307,0.339075,2.19483,0.00209734,0.0000,-0.3000,0.001,-0.000,-0.5094,0.0209,-0.0079
26.94,4.800,-0.0000,-0.3000,-0.2443,0.0071,0.0235,0.0210,-0.0078,-0.5210,-0.011,-0.018,0.0310,0.346993,2.24297,0.00237402,0.0000,-0.3000,0.001,-0.000,-0.5167,0.0209,-0.0078
27.04,4.820,-0.0000,-0.3000,-0.2453,0.0070,0.0237,0.0210,-0.0077,-0.5269,-0.011,-0.018,0.0312,0.346993,2.24297,0.00237402,0.0000,-0.3000,0.001,-0.000,-0.5167,0.0210,-0.0077
27.14,4.840,-0.0000,-0.3000,-0.2460,0.0069,0.0238,0.0211,-0.0076,-0.5326,-0.012,-0.018,0.0315,0.358079,2.3083,0.00237405,0.0000,-0.3000,0.001,-0.000,-0.5265,0.0210,-0.0076
27.24,4.880,-0.0000,-0.3000,-0.2470,0.0067,0.0239,0.0211,-0.0074,-0.5392,-0.013,-0.019,0.0318,0.366809,2.35817,0.0020974,0.0000,-0.3000,0.001,-0.000,-0.5339,0.0211,-0.0074
27.34,4.900,-0.0000,-0.3000,-0.2477,0.0066,0.0240,0.0211,-0.0073,-0.5454,-0.013,-0.019,0.0321,0.375915,2.40877,0.0023741,0.0000,-0.3000,0.001,-0.000,-0.5413,0.0211,-0.0073
27.44,4.920,-0.0000,-0.3000,-0.2488,0.0065,0.0241,0.0212,-0.0071,-0.5519,-0.014,-0.020,0.0324,0.388662,2.47739,0.00237412,0.0000,-0.3000,0.001,-0.000,-0.5512,0.0212,-0.0072
27.54,4.940,-0.0000,-0.3000,-0.2494,0.0064,0.0242,0.0212,-0.0070,-0.5581,-0.015,-0.020,0.0327,0.388662,2.47739,0.00237412,0.0000,-0.3000,0.001,-0.000,-0.5512,0.0212,-0.0071
27.64,4.980,-0.0000,-0.3000,-0.2505,0.0062,0.0243,0.0213,-0.0069,-0.5636,-0.015,-0.020,0.0329,0.398698,2.52972,0.00209746,0.0000,-0.3000,0.001,-0.000,-0.5587,0.0213,-0.0069
27.74,5.000,-0.0000,-0.3000,-0.2512,0.0061,0.0244,0.0213,-0.0068,-0.5694,-0.016,-0.021,0.0332,0.409163,2.58279,0.00237417,0.0000,-0.3000,0.001,-0.000,-0.5662,0.0213,-0.0068
27.84,5.020,-0.0000,-0.3000,-0.2519,0.0060,0.0245,0.0214,-0.0066,-0.5757,-0.017,-0.021,0.0335,0.409163,2.58279,0.00237417,0.0000,-0.3000,0.001,-0.000,-0.5662,0.0213,-0.0067
27.94,5.040,0.0000,-0.3000,-0.2530,0.0059,0.0247,0.0214,-0.0065,-0.5822,-0.018,-0.021,0.0338,0.423809,2.65469,0.00237419,0.0000,-0.3000,0.001,-0.000,-0.5762,0.0214,-0.0065
28.04,5.080,0.0000,-0.3000,-0.2541,0.0057,0.0248,0.0214,-0.0064,-0.5893,-0.018,-0.022,0.0341,0.435335,2.70948,0.00209751,0.0000,-0.3000,0.001,-0.000,-0.5838,0.0214,-0.0064
28.14,5.100,0.0000,-0.3000,-0.2548,0.0056,0.0249,0.0215,-0.0062,-0.5954,-0.019,-0.022,0.0343,0.44735,2.765,0.00237423,0.0000,-0.3000,0.001,-0.000,-0.5914,0.0215,-0.0063
28.24,5.120,0.0000,-0.3000,-0.2559,0.0054,0.0250,0.0215,-0.0061,-0.6021,-0.020,-0.023,0.0346,0.44735,2.765,0.00237423,0.0000,-0.3000,0.001,-0.000,-0.5914,0.0215,-0.0061
28.34,5.140,0.0000,-0.3000,-0.2566,0.0053,0.0251,0.0216,-0.0059,-0.6080,-0.021,-0.023,0.0349,0.464156,2.84016,0.00237425,0.0000,-0.3000,0.001,-0.000,-0.6016,0.0216,-0.0060
28.44,5.180,0.0000,-0.3000,-0.2577,0.0052,0.0253,0.0216,-0.0058,-0.6149,-0.022,-0.023,0.0351,0.477376,2.89738,0.00209755,0.0000,-0.3000,0.001,-0.000,-0.6093,0.0216,-0.0058
28.54,5.200,0.0000,-0.3000,-0.2585,0.0050,0.0254,0.0216,-0.0057,-0.6214,-0.022,-0.024,0.0354,0.491149,2.95532,0.00237428,0.0000,-0.3000,0.001,-0.000,-0.6170,0.0216,-0.0057
28.64,5.220,0.0000,-0.3000,-0.2596,0.0049,0.0255,0.0217,-0.0055,-0.6276,-0.023,-0.024,0.0357,0.491149,2.95532,0.00237428,0.0000,-0.3000,0.001,-0.000,-0.6170,0.0217,-0.0055
28.74,5.240,0.0000,-0.3000,-0.2604,0.0048,0.0256,0.0217,-0.0054,-0.6341,-0.024,-0.025,0.0359,0.510404,3.03369,0.0023743,0.0000,-0.3000,0.001,-0.000,-0.6274,0.0217,-0.0054
28.84,5.280,0.0000,-0.3000,-0.2615,0.0046,0.0258,0.0217,-0.0052,-0.6409,-0.025,-0.025,0.0362,0.525541,3.0933,0.00209759,0.0000,-0.3000,0.001,-0.000,-0.6352,0.0217,-0.0052
28.95,5.300,0.0000,-0.3000,-0.2623,0.0045,0.0259,0.0218,-0.0051,-0.6477,-0.026,-0.025,0.0364,0.541302,3.15362,0.00237433,0.0000,-0.3000,0.001,-0.000,-0.6430,0.0218,-0.0051
29.04,5.320,0.0000,-0.3000,-0.2635,0.0043,0.0261,0.0218,-0.0049,-0.6545,-0.026,-0.026,0.0367,0.563322,3.23513,0.00237435,0.0000,-0.3000,0.001,-0.000,-0.6535,0.0218,-0.0050
29.14,5.360,0.0000,-0.3000,-0.2646,0.0041,0.0262,0.0218,-0.0048,-0.6614,-0.027,-0.026,0.0370,0.563322,3.23513,0.00237435,0.0000,-0.3000,0.001,-0.000,-0.6535,0.0218,-0.0048
29.24,5.380,0.0000,-0.3000,-0.2654,0.0040,0.0263,0.0219,-0.0046,-0.6683,-0.028,-0.027,0.0372,0.580621,3.29707,0.00209762,0.0000,-0.3000,0.001,-0.000,-0.6615,0.0219,-0.0047
29.34,5.400,0.0000,-0.3000,-0.2666,0.0038,0.0265,0.0219,-0.0045,-0.6752,-0.029,-0.027,0.0375,0.598621,3.35969,0.00237437,0.0000,-0.3000,0.001,-0.000,-0.6694,0.0219,-0.0045
29.44,5.420,0.0000,-0.3000,-0.2674,0.0037,0.0266,0.0219,-0.0043,-0.6822,-0.030,-0.028,0.0377,0.623752,3.44424,0.00237439,0.0000,-0.3000,0.001,-0.000,-0.6801,0.0219,-0.0044
29.54,5.460,0.0000,-0.3000,-0.2687,0.0035,0.0268,0.0220,-0.0042,-0.6883,-0.031,-0.028,0.0379,0.623752,3.44424,0.00237439,0.0000,-0.3000,0.001,-0.000,-0.6801,0.0220,-0.0042
29.64,5.480,0.0000,-0.3000,-0.2695,0.0034,0.0269,0.0220,-0.0041,-0.6948,-0.031,-0.029,0.0382,0.64348,3.50843,0.00209765,0.0000,-0.3000,0.001,-0.000,-0.6881,0.0220,-0.0041
29.74,5.500,0.0000,-0.3000,-0.2707,0.0032,0.0271,0.0220,-0.0039,-0.7018,-0.032,-0.029,0.0384,0.663994,3.57327,0.00237441,0.0000,-0.3000,0.001,-0.000,-0.6962,0.0220,-0.0039
29.84,5.520,0.0000,-0.3000,-0.2715,0.0030,0.0272,0.0221,-0.0037,-0.7089,-0.033,-0.029,0.0386,0.692611,3.66073,0.00237442,0.0000,-0.3000,0.001,-0.000,-0.7070,0.0220,-0.0038
29.94,5.560,0.0000,-0.3000,-0.2728,0.0028,0.0273,0.0221,-0.0036,-0.7159,-0.034,-0.030,0.0389,0.692611,3.66073,0.00237442,0.0000,-0.3000,0.001,-0.000,-0.7070,0.0221,-0.0036
30.04,5.580,0.0000,-0.3000,-0.2737,0.0027,0.0275,0.0221,-0.0034,-0.7228,-0.035,-0.030,0.0391,0.715058,3.72706,0.00209768,0.0000,-0.3000,0.001,-0.000,-0.7152,0.0221,-0.0035
30.14,5.600,0.0000,-0.3000,-0.2749,0.0025,0.0276,0.0221,-0.0033,-0.7299,-0.036,-0.031,0.0393,0.738384,3.79401,0.00237444,0.0000,-0.3000,0.001,-0.000,-0.7234,0.0221,-0.0033
30.24,5.640,0.0000,-0.3000,-0.2762,0.0023,0.0278,0.0221,-0.0031,-0.7374,-0.037,-0.031,0.0395,0.770897,3.88423,0.00237445,0.0000,-0.3000,0.001,-0.000,-0.7344,0.0221,-0.0031
30.34,5.660,0.0000,-0.3000,-0.2771,0.0022,0.0279,0.0222,-0.0030,-0.7443,-0.038,-0.032,0.0398,0.796379,3.95257,0.0020977,0.0000,-0.3000,0.001,-0.000,-0.7427,0.0222,-0.0030
30.44,5.680,0.0000,-0.3000,-0.2784,0.0019,0.0281,0.0222,-0.0028,-0.7515,-0.039,-0.032,0.0400,0.796379,3.95257,0.0020977,0.0000,-0.3000,0.001,-0.000,-0.7427,0.0222,-0.0028
30.54,5.700,0.0000,-0.3000,-0.2793,0.0018,0.0283,0.0222,-0.0027,-0.7582,-0.039,-0.033,0.0402,0.822839,4.0215,0.00237447,0.0000,-0.3000,0.001,-0.000,-0.7510,0.0222,-0.0027
30.64,5.740,0.0000,-0.3000,-0.2807,0.0016,0.0285,0.0222,-0.0025,-0.7652,-0.040,-0.033,0.0404,0.85969,4.11426,0.00237448,0.0000,-0.3000,0.001,-0.000,-0.7621,0.0222,-0.0025
30.74,5.760,0.0000,-0.3000,-0.2816,0.0014,0.0286,0.0222,-0.0023,-0.7722,-0.041,-0.034,0.0406,0.888547,4.18447,0.00209773,0.0000,-0.3000,0.001,-0.000,-0.7706,0.0222,-0.0024
30.84,5.780,0.0000,-0.3000,-0.2825,0.0013,0.0287,0.0223,-0.0022,-0.7785,-0.042,-0.034,0.0407,0.888547,4.18447,0.00209773,0.0000,-0.3000,0.001,-0.000,-0.7706,0.0223,-0.0023
30.94,5.800,0.0000,-0.3000,-0.2839,0.0011,0.0289,0.0223,-0.0021,-0.7853,-0.043,-0.035,0.0409,0.91849,4.2552,0.0023745,0.0000,-0.3000,0.001,-0.000,-0.7790,0.0223,-0.0021
31.04,5.820,0.0000,-0.3000,-0.2849,0.0009,0.0291,0.0223,-0.0019,-0.7927,-0.044,-0.035,0.0411,0.960154,4.35029,0.00237451,0.0000,-0.3000,0.001,-0.000,-0.7904,0.0223,-0.0019
31.14,5.860,0.0000,-0.3000,-0.2863,0.0007,0.0293,0.0223,-0.0017,-0.8001,-0.045,-0.036,0.0413,0.960154,4.35029,0.00237451,0.0000,-0.3000,0.001,-0.000,-0.7904,0.0223,-0.0017
31.24,5.880,0.0000,-0.3000,-0.2877,0.0004,0.0295,0.0223,-0.0016,-0.8075,-0.046,-0.036,0.0415,0.992754,4.42218,0.00209774,0.0000,-0.3000,0.001,-0.000,-0.7990,0.0223,-0.0016
31.34,5.900,0.0000,-0.3000,-0.2887,0.0003,0.0296,0.0223,-0.0014,-0.8148,-0.047,-0.037,0.0417,1.02655,4.49453,0.00237452,0.0000,-0.3000,0.001,-0.000,-0.8076,0.0223,-0.0014
31.44,5.940,0.0000,-0.3000,-0.2902,0.0000,0.0298,0.0223,-0.0012,-0.8223,-0.048,-0.037,0.0418,1.07355,4.59168,0.00237453,0.0000,-0.3000,0.001,-0.000,-0.8191,0.0223,-0.0012
31.54,5.960,0.0000,-0.3000,-0.2912,-0.0002,0.0300,0.0223,-0.0011,-0.8298,-0.049,-0.038,0.0420,1.11028,4.66503,0.00209776,0.0000,-0.3000,0.001,-0.000,-0.8278,0.0223,-0.0011
31.64,5.980,0.0000,-0.3000,-0.2927,-0.0004,0.0302,0.0223,-0.0009,-0.8371,-0.049,-0.038,0.0422,1.11028,4.66503,0.00209776,0.0000,-0.3000,0.001,-0.000,-0.8278,0.0223,-0.0009
31.74,6.000,0.0000,-0.3000,-0.2937,-0.0006,0.0303,0.0224,-0.0007,-0.8442,-0.050,-0.039,0.0423,1.14834,4.73878,0.00237454,0.0000,-0.3000,0.001,-0.000,-0.8366,0.0224,-0.0008
31.84,6.040,0.0000,-0.3000,-0.2953,-0.0008,0.0306,0.0224,-0.0006,-0.8521,-0.051,-0.039,0.0425,1.20121,4.83768,0.00237455,0.0000,-0.3000,0.001,-0.000,-0.8483,0.0224,-0.0006
31.94,6.060,0.0000,-0.3000,-0.2963,-0.0010,0.0307,0.0224,-0.0004,-0.8595,-0.052,-0.040,0.0426,1.2425,4.91225,0.00209777,0.0000,-0.3000,0.001,-0.000,-0.8572,0.0224,-0.0004
32.04,6.080,0.0000,-0.3000,-0.2979,-0.0013,0.0310,0.0224,-0.0002,-0.8667,-0.053,-0.040,0.0428,1.2425,4.91225,0.00209777,0.0000,-0.3000,0.001,-0.000,-0.8572,0.0224,-0.0002
32.14,6.100,0.0000,-0.3000,-0.2990,-0.0015,0.0311,0.0224,-0.0001,-0.8736,-0.054,-0.040,0.0429,1.28525,4.98715,0.00237456,0.0000,-0.3000,0.001,-0.000,-0.8661,0.0224,-0.0001
32.24,6.140,-0.0000,-0.3000,-0.2993,0.0015,0.0467,0.0224,0.0001,-0.8810,-0.055,-0.041,0.0428,1.34458,5.08745,0.00237456,0.0000,-0.3000,0.001,-0.000,-0.8780,0.0224,0.0001
32.34,6.160,-0.0000,-0.3000,-0.2983,0.0012,0.0468,0.0224,0.0003,-0.8891,-0.056,-0.041,0.0425,1.39088,5.16297,0.00209779,0.0000,-0.3000,0.001,-0.000,-0.8870,0.0224,0.0002
32.44,6.180,-0.0000,-0.3000,-0.2967,0.0008,0.0470,0.0224,0.0004,-0.8971,-0.057,-0.042,0.0422,1.39088,5.16297,0.00209779,0.0000,-0.3000,0.001,-0.000,-0.8870,0.0224,0.0004
32.54,6.200,-0.0000,-0.3000,-0.2956,0.0005,0.0471,0.0224,0.0006,-0.9045,-0.058,-0.043,0.0420,1.43877,5.23873,0.00237457,0.0000,-0.3000,0.001,-0.000,-0.8959,0.0224,0.0006
32.64,6.240,-0.0000,-0.3000,-0.2940,0.0001,0.0472,0.0224,0.0008,-0.9122,-0.059,-0.043,0.0417,1.50517,5.34007,0.00237458,0.0000,-0.3000,0.001,-0.000,-0.9078,0.0224,0.0008
32.74,6.260,-0.0000,-0.3000,-0.2925,-0.0004,0.0474,0.0223,0.0010,-0.9201,-0.060,-0.044,0.0414,1.55693,5.41629,0.0020978,0.0000,-0.3000,0.001,-0.000,-0.9166,0.0223,0.0009
32.84,6.280,-0.0000,-0.3000,-0.2915,-0.0007,0.0475,0.0223,0.0011,-0.9277,-0.061,-0.044,0.0411,1.55693,5.41629,0.0020978,0.0000,-0.3000,0.001,-0.000,-0.9166,0.0223,0.0011
32.94,6.320,-0.0000,-0.3000,-0.2900,-0.0011,0.0476,0.0223,0.0013,-0.9346,-0.062,-0.044,0.0408,1.61042,5.49269,0.00237459,0.0000,-0.3000,0.001,-0.000,-0.9254,0.0223,0.0013
33.04,6.340,-0.0000,-0.3000,-0.2890,-0.0014,0.0477,0.0223,0.0014,-0.9410,-0.063,-0.045,0.0406,1.68449,5.59477,0.00237459,0.0000,-0.3000,0.001,-0.000,-0.9370,0.0223,0.0014
33.14,6.360,-0.0000,-0.3000,-0.2875,-0.0018,0.0478,0.0223,0.0016,-0.9485,-0.064,-0.045,0.0403,1.74216,5.67148,0.00209781,0.0000,-0.3000,0.001,-0.000,-0.9456,0.0223,0.0016
33.24,6.380,-0.0000,-0.3000,-0.2866,-0.0021,0.0479,0.0223,0.0018,-0.9557,-0.064,-0.046,0.0400,1.74216,5.67148,0.00209781,0.0000,-0.3000,0.001,-0.000,-0.9456,0.0223,0.0017
33.34,6.400,-0.0000,-0.3000,-0.2856,-0.0023,0.0479,0.0223,0.0019,-0.9614,-0.065,-0.046,0.0397,1.80169,5.74829,0.0023746,0.0000,-0.3000,0.001,-0.000,-0.9543,0.0223,0.0019
33.44,6.440,-0.0000,-0.3000,-0.2842,-0.0028,0.0481,0.0223,0.0020,-0.9688,-0.066,-0.047,0.0394,1.88405,5.85083,0.0023746,0.0000,-0.3000,0.001,-0.000,-0.9657,0.0223,0.0020
33.54,6.460,-0.0000,-0.3000,-0.2833,-0.0031,0.0481,0.0223,0.0022,-0.9764,-0.067,-0.047,0.0391,1.9481,5.92779,0.00209782,0.0000,-0.3000,0.001,-0.000,-0.9742,0.0223,0.0022
33.64,6.480,-0.0000,-0.3000,-0.2819,-0.0035,0.0482,0.0222,0.0024,-0.9835,-0.068,-0.048,0.0388,1.9481,5.92779,0.00209782,0.0000,-0.3000,0.001,-0.000,-0.9742,0.0222,0.0024
33.74,6.500,-0.0000,-0.3000,-0.2810,-0.0038,0.0483,0.0222,0.0025,-0.9897,-0.069,-0.048,0.0385,2.01416,6.00479,0.00237461,0.0000,-0.3000,0.001,-0.000,-0.9827,0.0222,0.0025
33.84,6.540,-0.0000,-0.3000,-0.2796,-0.0042,0.0483,0.0222,0.0027,-0.9972,-0.070,-0.048,0.0382,2.10545,6.10746,0.00237461,0.0000,-0.3000,0.001,-0.000,-0.9939,0.0222,0.0027
33.94,6.560,-0.0000,-0.3000,-0.2787,-0.0045,0.0484,0.0222,0.0028,-1.0048,-0.070,-0.049,0.0379,2.17637,6.18444,0.00209782,0.0000,-0.3000,0.001,-0.000,-1.0023,0.0222,0.0028
34.04,6.580,-0.0000,-0.3000,-0.2774,-0.0049,0.0484,0.0222,0.0030,-1.0117,-0.071,-0.049,0.0375,2.17637,6.18444,0.00209782,0.0000,-0.3000,0.001,-0.000,-1.0023,0.0222,0.0030
34.14,6.600,-0.0000,-0.3000,-0.2765,-0.0052,0.0485,0.0221,0.0032,-1.0186,-0.072,-0.050,0.0372,2.24945,6.26138,0.00237462,0.0000,-0.3000,0.001,-0.000,-1.0106,0.0222,0.0031
34.24,6.640,-0.0000,-0.3000,-0.2752,-0.0056,0.0485,0.0221,0.0033,-1.0255,-0.073,-0.050,0.0369,2.35033,6.36386,0.00237462,0.0000,-0.3000,0.001,-0.000,-1.0217,0.0221,0.0033
34.34,6.660,-0.0000,-0.3000,-0.2739,-0.0060,0.0486,0.0221,0.0035,-1.0326,-0.074,-0.051,0.0366,2.42863,6.44062,0.00209783,0.0000,-0.3000,0.001,-0.000,-1.0300,0.0221,0.0035
34.44,6.680,-0.0000,-0.3000,-0.2731,-0.0063,0.0486,0.0221,0.0036,-1.0397,-0.075,-0.051,0.0363,2.42863,6.44062,0.00209783,0.0000,-0.3000,0.001,-0.000,-1.0300,0.0221,0.0036
34.54,6.700,-0.0000,-0.3000,-0.2722,-0.0065,0.0486,0.0221,0.0038,-1.0457,-0.075,-0.051,0.0360,2.50923,6.51725,0.00237462,0.0000,-0.3000,0.001,-0.000,-1.0382,0.0221,0.0037
34.64,6.740,-0.0000,-0.3000,-0.2710,-0.0070,0.0487,0.0220,0.0039,-1.0525,-0.076,-0.052,0.0357,2.62039,6.61921,0.00237463,0.0000,-0.3000,0.001,-0.000,-1.0490,0.0220,0.0039
34.74,6.760,-0.0000,-0.3000,-0.2701,-0.0072,0.0487,0.0220,0.0041,-1.0595,-0.077,-0.052,0.0353,2.70658,6.69549,0.00209784,0.0000,-0.3000,0.001,-0.000,-1.0572,0.0220,0.0040
34.84,6.780,-0.0000,-0.3000,-0.2689,-0.0076,0.0487,0.0220,0.0042,-1.0665,-0.078,-0.053,0.0350,2.70658,6.69549,0.00209784,0.0000,-0.3000,0.001,-0.000,-1.0572,0.0220,0.0042
34.94,6.800,-0.0000,-0.3000,-0.2681,-0.0079,0.0487,0.0219,0.0043,-1.0724,-0.078,-0.053,0.0347,2.79524,6.77157,0.00237463,0.0000,-0.3000,0.001,-0.000,-1.0653,0.0220,0.0043
35.04,6.840,-0.0000,-0.3000,-0.2669,-0.0083,0.0487,0.0219,0.0045,-1.0794,-0.079,-0.053,0.0343,2.91737,6.87266,0.00237463,0.0000,-0.3000,0.001,-0.000,-1.0760,0.0219,0.0045
35.14,6.860,-0.0000,-0.3000,-0.2661,-0.0086,0.0488,0.0219,0.0046,-1.0863,-0.080,-0.054,0.0340,3.01198,6.9482,0.00209784,0.0000,-0.3000,0.001,-0.000,-1.0840,0.0219,0.0046
35.24,6.880,-0.0000,-0.3000,-0.2649,-0.0090,0.0488,0.0218,0.0048,-1.0937,-0.081,-0.054,0.0336,3.01198,6.9482,0.00209784,0.0000,-0.3000,0.001,-0.000,-1.0840,0.0219,0.0048
35.34,6.920,-0.0000,-0.3000,-0.2637,-0.0094,0.0488,0.0218,0.0049,-1.1001,-0.082,-0.055,0.0333,3.10923,7.02346,0.00237464,0.0000,-0.3000,0.001,-0.000,-1.0919,0.0218,0.0049
35.44,6.940,-0.0000,-0.3000,-0.2629,-0.0097,0.0488,0.0218,0.0051,-1.1069,-0.082,-0.055,0.0330,3.24307,7.12335,0.00237464,0.0000,-0.3000,0.001,-0.000,-1.1025,0.0218,0.0051
35.54,6.960,-0.0000,-0.3000,-0.2618,-0.0101,0.0487,0.0217,0.0052,-1.1137,-0.083,-0.055,0.0326,3.34665,7.19788,0.00209785,0.0000,-0.3000,0.001,-0.000,-1.1104,0.0217,0.0052
35.64,7.000,-0.0000,-0.3000,-0.2610,-0.0103,0.0487,0.0217,0.0054,-1.1205,-0.084,-0.056,0.0323,3.45303,7.27207,0.00237464,0.0000,-0.3000,0.001,-0.000,-1.1182,0.0217,0.0053
35.74,7.020,-0.0000,-0.3000,-0.2598,-0.0107,0.0487,0.0217,0.0055,-1.1262,-0.085,-0.056,0.0320,3.45303,7.27207,0.00237464,0.0000,-0.3000,0.001,-0.000,-1.1182,0.0217,0.0055
35.84,7.040,-0.0000,-0.3000,-0.2591,-0.0110,0.0487,0.0216,0.0056,-1.1324,-0.085,-0.056,0.0316,3.59931,7.37039,0.00237465,0.0000,-0.3000,0.001,-0.000,-1.1286,0.0216,0.0056
35.94,7.060,-0.0000,-0.3000,-0.2580,-0.0114,0.0487,0.0216,0.0058,-1.1392,-0.086,-0.057,0.0313,3.71241,7.44366,0.00209785,0.0000,-0.3000,0.001,-0.000,-1.1364,0.0216,0.0058
36.04,7.080,-0.0000,-0.3000,-0.2572,-0.0116,0.0486,0.0216,0.0059,-1.1461,-0.087,-0.057,0.0309,3.71241,7.44366,0.00209785,0.0000,-0.3000,0.001,-0.000,-1.1364,0.0216,0.0059
36.14,7.120,-0.0000,-0.3000,-0.2561,-0.0120,0.0486,0.0215,0.0061,-1.1528,-0.087,-0.057,0.0305,3.82849,7.51649,0.00237465,0.0000,-0.3000,0.001,-0.000,-1.1441,0.0215,0.0061
36.24,7.140,-0.0000,-0.3000,-0.2550,-0.0124,0.0486,0.0215,0.0062,-1.1597,-0.088,-0.058,0.0302,3.98796,7.61289,0.00237465,0.0000,-0.3000,0.001,-0.000,-1.1544,0.0215,0.0062
36.34,7.160,-0.0000,-0.3000,-0.2543,-0.0127,0.0485,0.0214,0.0064,-1.1663,-0.089,-0.058,0.0298,4.11116,7.68462,0.00209785,0.0000,-0.3000,0.001,-0.000,-1.1621,0.0215,0.0063
36.44,7.200,-0.0000,-0.3000,-0.2532,-0.0131,0.0485,0.0214,0.0065,-1.1729,-0.090,-0.058,0.0294,4.2375,7.75584,0.00237465,0.0000,-0.3000,0.001,-0.000,-1.1697,0.0214,0.0065
36.54,7.220,-0.0000,-0.3000,-0.2525,-0.0133,0.0485,0.0214,0.0067,-1.1792,-0.090,-0.059,0.0291,4.2375,7.75584,0.00237465,0.0000,-0.3000,0.001,-0.000,-1.1697,0.0214,0.0066
36.64,7.240,-0.0000,-0.3000,-0.2514,-0.0137,0.0484,0.0213,0.0068,-1.1860,-0.091,-0.059,0.0287,4.41093,7.84996,0.00237465,0.0000,-0.3000,0.001,-0.000,-1.1798,0.0213,0.0068
36.74,7.280,-0.0000,-0.3000,-0.2504,-0.0141,0.0483,0.0213,0.0069,-1.1925,-0.092,-0.059,0.0284,4.54481,7.91989,0.00209786,0.0000,-0.3000,0.001,-0.000,-1.1873,0.0213,0.0069
36.84,7.300,0.0000,-0.3000,-0.2497,-0.0143,0.0483,0.0212,0.0071,-1.1992,-0.092,-0.060,0.0280,4.682,7.98922,0.00237466,0.0000,-0.3000,0.001,-0.000,-1.1948,0.0212,0.0070
36.94,7.320,0.0000,-0.3000,-0.2486,-0.0147,0.0482,0.0212,0.0072,-1.2050,-0.093,-0.060,0.0277,4.682,7.98922,0.00237466,0.0000,-0.3000,0.001,-0.000,-1.1948,0.0212,0.0072
37.04,7.340,0.0000,-0.3000,-0.2479,-0.0150,0.0482,0.0211,0.0073,-1.2112,-0.094,-0.060,0.0273,4.87017,8.0807,0.00237466,0.0000,-0.3000,0.001,-0.000,-1.2048,0.0211,0.0073
37.14,7.380,0.0000,-0.3000,-0.2469,-0.0153,0.0481,0.0211,0.0075,-1.2176,-0.094,-0.061,0.0269,5.01531,8.14855,0.00209786,0.0000,-0.3000,0.001,-0.000,-1.2123,0.0211,0.0075
37.24,7.400,0.0000,-0.3000,-0.2462,-0.0156,0.0481,0.0210,0.0076,-1.2240,-0.095,-0.061,0.0266,5.16394,8.21573,0.00237466,0.0000,-0.3000,0.001,-0.000,-1.2197,0.0211,0.0076
37.34,7.420,0.0000,-0.3000,-0.2452,-0.0160,0.0480,0.0210,0.0077,-1.2304,-0.095,-0.061,0.0262,5.36764,8.30421,0.00237466,0.0000,-0.3000,0.001,-0.000,-1.2295,0.0210,0.0077
37.44,7.460,0.0000,-0.3000,-0.2442,-0.0163,0.0479,0.0209,0.0079,-1.2367,-0.096,-0.061,0.0258,5.36764,8.30421,0.00237466,0.0000,-0.3000,0.001,-0.000,-1.2295,0.0209,0.0079
37.54,7.480,0.0000,-0.3000,-0.2435,-0.0166,0.0478,0.0209,0.0080,-1.2433,-0.097,-0.062,0.0254,5.52464,8.36972,0.00209786,0.0000,-0.3000,0.001,-0.000,-1.2369,0.0209,0.0080
37.64,7.500,0.0000,-0.3000,-0.2425,-0.0169,0.0477,0.0208,0.0081,-1.2494,-0.097,-0.062,0.0251,5.68531,8.43447,0.00237466,0.0000,-0.3000,0.001,-0.000,-1.2442,0.0208,0.0081
37.74,7.520,0.0000,-0.3000,-0.2418,-0.0172,0.0477,0.0208,0.0083,-1.2559,-0.098,-0.062,0.0247,5.90534,8.5196,0.00237466,0.0000,-0.3000,0.001,-0.000,-1.2539,0.0208,0.0082
37.84,7.560,0.0000,-0.3000,-0.2408,-0.0175,0.0476,0.0207,0.0084,-1.2622,-0.098,-0.063,0.0243,5.90534,8.5196,0.00237466,0.0000,-0.3000,0.001,-0.000,-1.2539,0.0207,0.0084
37.94,7.580,0.0000,-0.3000,-0.2398,-0.0179,0.0475,0.0207,0.0085,-1.2687,-0.099,-0.063,0.0239,6.0748,8.5825,0.00209786,0.0000,-0.3000,0.001,-0.000,-1.2611,0.0207,0.0085
38.04,7.600,0.0000,-0.3000,-0.2392,-0.0181,0.0474,0.0206,0.0087,-1.2749,-0.100,-0.063,0.0236,6.24811,8.64457,0.00237467,0.0000,-0.3000,0.001,-0.000,-1.2683,0.0206,0.0086
38.14,7.640,0.0000,-0.3000,-0.2382,-0.0185,0.0473,0.0206,0.0088,-1.2809,-0.100,-0.063,0.0232,6.48529,8.72599,0.00237467,0.0000,-0.3000,0.001,-0.000,-1.2779,0.0206,0.0088
38.24,7.660,0.0000,-0.3000,-0.2376,-0.0187,0.0472,0.0205,0.0089,-1.2868,-0.101,-0.063,0.0228,6.66781,8.78602,0.00209786,0.0000,-0.3000,0.001,-0.000,-1.2850,0.0205,0.0089
38.34,7.680,0.0000,-0.3000,-0.2366,-0.0190,0.0471,0.0205,0.0090,-1.2930,-0.101,-0.064,0.0225,6.66781,8.78602,0.00209786,0.0000,-0.3000,0.001,-0.000,-1.2850,0.0205,0.0090
38.44,7.700,0.0000,-0.3000,-0.2360,-0.0193,0.0470,0.0204,0.0091,-1.2981,-0.102,-0.064,0.0222,6.85438,8.84514,0.00237467,0.0000,-0.3000,0.001,-0.000,-1.2921,0.0204,0.0091
38.54,7.740,0.0000,-0.3000,-0.2350,-0.0196,0.0469,0.0204,0.0093,-1.3040,-0.102,-0.064,0.0218,7.10951,8.92251,0.00237467,0.0000,-0.3000,0.001,-0.000,-1.3016,0.0204,0.0093
38.64,7.760,0.0000,-0.3000,-0.2344,-0.0198,0.0468,0.0203,0.0094,-1.3101,-0.103,-0.064,0.0214,7.30572,8.97941,0.00209787,0.0000,-0.3000,0.001,-0.000,-1.3086,0.0203,0.0094
38.74,7.780,0.0000,-0.3000,-0.2334,-0.0202,0.0467,0.0202,0.0095,-1.3162,-0.103,-0.065,0.0210,7.30572,8.97941,0.00209787,0.0000,-0.3000,0.001,-0.000,-1.3086,0.0203,0.0095
38.84,7.800,0.0000,-0.3000,-0.2328,-0.0204,0.0466,0.0202,0.0096,-1.3225,-0.104,-0.065,0.0207,7.50616,9.03533,0.00237467,0.0000,-0.3000,0.001,-0.000,-1.3156,0.0202,0.0096
38.94,7.840,0.0000,-0.3000,-0.2319,-0.0207,0.0465,0.0201,0.0098,-1.3288,-0.104,-0.065,0.0203,7.78007,9.10831,0.00237467,0.0000,-0.3000,0.001,-0.000,-1.3249,0.0201,0.0097
41.53,8.500,-0.0000,-0.3000,-0.1600,0.2974,0.0129,0.0185,0.0126,-1.4756,-0.114,-0.068,0.0016,13.5161,10.0101,0.00237468,0.0000,-0.3000,0.001,-0.000,-1.4715,0.0185,0.0126
41.63,8.520,-0.0000,-0.3000,-0.1605,0.1236,0.1148,0.0184,0.0127,-1.4795,-0.114,-0.068,0.0045,13.9446,10.0443,0.00237468,0.0000,-0.3000,0.001,-0.000,-1.4786,0.0184,0.0126
41.73,8.560,-0.0000,-0.3000,-0.1613,0.1789,0.1247,0.0184,0.0128,-1.4837,-0.114,-0.068,0.0096,13.9446,10.0443,0.00237468,0.0000,-0.3000,0.001,-0.000,-1.4786,0.0184,0.0127
41.83,8.580,-0.0000,-0.3000,-0.1602,0.1878,0.1739,0.0183,0.0128,-1.4873,-0.114,-0.069,0.0152,14.2725,10.0685,0.00209787,0.0000,-0.3000,0.001,-0.000,-1.4834,0.0183,0.0128
41.93,8.600,-0.0000,-0.3000,-0.1610,-0.0203,0.0287,0.0183,0.0129,-1.4914,-0.113,-0.069,0.0175,14.606,10.0917,0.00237468,0.0000,-0.3000,0.001,-0.000,-1.4881,0.0183,0.0129
42.03,8.620,-0.0000,-0.3000,-0.1615,-0.0203,0.0287,0.0182,0.0130,-1.4957,-0.113,-0.069,0.0175,15.0597,10.1209,0.00237468,0.0000,-0.3000,0.001,-0.000,-1.4945,0.0182,0.0129
42.13,8.660,-0.0000,-0.3000,-0.1622,-0.0205,0.0286,0.0182,0.0131,-1.5001,-0.113,-0.070,0.0175,15.4067,10.1415,0.00209787,0.0000,-0.3000,0.001,-0.000,-1.4994,0.0182,0.0130
42.23,8.680,-0.0000,-0.3000,-0.1630,-0.0206,0.0285,0.0181,0.0131,-1.5046,-0.113,-0.070,0.0175,15.4067,10.1415,0.00209787,0.0000,-0.3000,0.001,-0.000,-1.4994,0.0181,0.0131
42.33,8.720,-0.0000,-0.3000,-0.1638,-0.0207,0.0284,0.0180,0.0132,-1.5089,-0.112,-0.071,0.0175,15.7596,10.161,0.00237468,0.0000,-0.3000,0.001,-0.000,-1.5042,0.0180,0.0132
42.44,8.740,-0.0000,-0.3000,-0.1643,-0.0208,0.0283,0.0180,0.0133,-1.5135,-0.112,-0.071,0.0175,16.2393,10.1851,0.00237468,0.0000,-0.3000,0.001,-0.000,-1.5108,0.0180,0.0133
42.53,8.760,-0.0000,-0.3000,-0.1650,-0.0210,0.0282,0.0179,0.0134,-1.5178,-0.112,-0.072,0.0175,16.6061,10.2018,0.00209788,0.0000,-0.3000,0.001,-0.000,-1.5157,0.0179,0.0134
42.63,8.780,-0.0000,-0.3000,-0.1656,-0.0211,0.0281,0.0179,0.0134,-1.5219,-0.112,-0.072,0.0175,16.9789,10.2172,0.00237468,0.0000,-0.3000,0.001,-0.000,-1.5206,0.0179,0.0134
42.74,8.820,-0.0000,-0.3000,-0.1663,-0.0212,0.0280,0.0178,0.0135,-1.5262,-0.111,-0.072,0.0175,16.9789,10.2172,0.00237468,0.0000,-0.3000,0.001,-0.000,-1.5206,0.0178,0.0135
42.83,8.840,-0.0000,-0.3000,-0.1671,-0.0213,0.0279,0.0178,0.0136,-1.5304,-0.111,-0.073,0.0175,17.4856,10.2359,0.00237468,0.0000,-0.3000,0.001,-0.000,-1.5273,0.0178,0.0136
42.93,8.860,-0.0000,-0.3000,-0.1676,-0.7546,-0.5374,0.0177,0.0137,-1.5351,-0.111,-0.073,0.0124,17.8728,10.2485,0.00209788,0.0000,-0.3000,0.001,-0.000,-1.5323,0.0177,0.0137
43.03,8.900,0.0000,-0.3000,-0.1969,-0.1889,-0.1473,0.0176,0.0138,-1.5394,-0.111,-0.073,0.0074,18.2663,10.2598,0.00237468,0.0000,-0.3000,0.001,-0.000,-1.5375,0.0176,0.0138
43.13,8.920,0.0000,-0.3000,-0.2029,-0.0011,-0.0009,0.0176,0.0138,-1.5443,-0.111,-0.073,0.0069,18.2663,10.2598,0.00237468,0.0000,-0.3000,0.001,-0.000,-1.5375,0.0176,0.0138
43.23,8.940,0.0000,-0.3000,-0.2021,-0.0011,-0.0009,0.0175,0.0139,-1.5497,-0.111,-0.074,0.0077,18.8008,10.2726,0.00237468,0.0000,-0.3000,0.001,-0.000,-1.5453,0.0175,0.0139
43.33,8.960,0.0000,-0.3000,-0.2016,-0.0011,-0.0009,0.0174,0.0140,-1.5550,-0.111,-0.074,0.0084,19.2091,10.2804,0.00209788,0.0000,-0.3000,0.001,-0.000,-1.5515,0.0174,0.0140
43.44,9.000,0.0000,-0.3000,-0.2007,-0.0011,-0.0009,0.0174,0.0141,-1.5600,-0.111,-0.074,0.0091,19.6239,10.2865,0.00237468,0.0000,-0.3000,0.001,-0.000,-1.5575,0.0174,0.0141
43.53,9.020,0.0000,-0.3000,-0.1999,-0.0011,-0.0009,0.0173,0.0142,-1.5656,-0.111,-0.074,0.0100,19.6239,10.2865,0.00237468,0.0000,-0.3000,0.001,-0.000,-1.5575,0.0173,0.0142
43.63,9.040,0.0000,-0.3000,-0.1994,-0.0011,-0.0009,0.0172,0.0143,-1.5704,-0.111,-0.075,0.0108,20.1871,10.2922,0.00237468,0.0000,-0.3000,0.001,-0.000,-1.5656,0.0172,0.0143
43.73,9.060,0.0000,-0.3000,-0.1988,-0.0110,0.0110,0.0171,0.0144,-1.5742,-0.111,-0.075,0.0112,20.6171,10.2946,0.00209788,0.0000,-0.3000,0.001,-0.000,-1.5716,0.0172,0.0143
43.84,9.080,0.0000,-0.3000,-0.1983,-0.0332,0.0372,0.0171,0.0144,-1.5790,-0.112,-0.075,0.0109,20.6171,10.2946,0.00209788,0.0000,-0.3000,0.001,-0.000,-1.5716,0.0171,0.0144
43.93,9.120,0.0000,-0.3000,-0.1975,-0.0334,0.0370,0.0170,0.0145,-1.5839,-0.112,-0.075,0.0106,21.0538,10.2954,0.00237468,0.0000,-0.3000,0.001,-0.000,-1.5775,0.0170,0.0145
44.03,9.140,0.0000,-0.3000,-0.1967,-0.0336,0.0368,0.0169,0.0146,-1.5892,-0.112,-0.075,0.0102,21.6465,10.2938,0.00237468,0.0000,-0.3000,0.001,-0.000,-1.5855,0.0169,0.0146
44.13,9.160,0.0000,-0.3000,-0.1961,-0.0338,0.0367,0.0169,0.0147,-1.5945,-0.112,-0.076,0.0099,22.0989,10.2908,0.00209788,0.0000,-0.3000,0.001,-0.000,-1.5914,0.0169,0.0147
44.23,9.200,0.0000,-0.3000,-0.1953,-0.0340,0.0365,0.0168,0.0148,-1.5994,-0.112,-0.076,0.0095,22.558,10.2861,0.00237468,0.0000,-0.3000,0.001,-0.000,-1.5972,0.0168,0.0148
44.33,9.220,0.0000,-0.3000,-0.1948,-0.0341,0.0364,0.0167,0.0149,-1.6041,-0.112,-0.076,0.0092,22.558,10.2861,0.00237468,0.0000,-0.3000,0.001,-0.000,-1.5972,0.0167,0.0148
44.43,9.240,0.0000,-0.3000,-0.1940,-0.0343,0.0362,0.0166,0.0150,-1.6091,-0.112,-0.076,0.0089,23.181,10.2772,0.00237468,0.0000,-0.3000,0.001,-0.000,-1.6050,0.0166,0.0149
44.53,9.260,0.0000,-0.3000,-0.1935,-0.0345,0.0361,0.0166,0.0150,-1.6142,-0.112,-0.077,0.0086,23.6562,10.2687,0.00209788,0.0000,-0.3000,0.001,-0.000,-1.6109,0.0166,0.0150
44.63,9.300,0.0000,-0.3000,-0.1927,-0.0347,0.0359,0.0165,0.0151,-1.6192,-0.112,-0.077,0.0083,24.1384,10.2585,0.00237468,0.0000,-0.3000,0.001,-0.000,-1.6167,0.0165,0.0151
44.73,9.320,0.0000,-0.3000,-0.1921,-0.0348,0.0357,0.0164,0.0152,-1.6242,-0.112,-0.077,0.0079,24.1384,10.2585,0.00237468,0.0000,-0.3000,0.001,-0.000,-1.6167,0.0164,0.0152
44.83,9.340,0.0000,-0.3000,-0.1913,-0.0350,0.0355,0.0163,0.0153,-1.6292,-0.112,-0.077,0.0076,24.7924,10.2424,0.00237468,0.0000,-0.3000,0.001,-0.000,-1.6244,0.0164,0.0153
44.93,9.380,0.0000,-0.3000,-0.1905,-0.0352,0.0353,0.0163,0.0154,-1.6341,-0.113,-0.077,0.0073,25.2911,10.2283,0.00209788,0.0000,-0.3000,0.001,-0.000,-1.6301,0.0163,0.0154
45.03,9.400,0.0000,-0.3000,-0.1900,-0.0353,0.0352,0.0162,0.0154,-1.6389,-0.113,-0.078,0.0070,25.7969,10.2127,0.00237468,0.0000,-0.3000,0.001,-0.000,-1.6358,0.0162,0.0154
45.13,9.420,0.0000,-0.3000,-0.1892,-0.0355,0.0350,0.0161,0.0155,-1.6434,-0.113,-0.078,0.0067,25.7969,10.2127,0.00237468,0.0000,-0.3000,0.001,-0.000,-1.6358,0.0161,0.0155
45.23,9.440,0.0000,-0.3000,-0.1887,-0.0356,0.0349,0.0160,0.0156,-1.6485,-0.113,-0.078,0.0064,26.4826,10.1892,0.00237468,0.0000,-0.3000,0.001,-0.000,-1.6434,0.0161,0.0156
45.33,9.480,0.0000,-0.3000,-0.1879,-0.0358,0.0347,0.0160,0.0157,-1.6536,-0.113,-0.078,0.0061,27.0053,10.1697,0.00209788,0.0000,-0.3000,0.001,-0.000,-1.6491,0.0160,0.0157
45.43,9.500,0.0000,-0.3000,-0.1874,-0.0360,0.0345,0.0159,0.0157,-1.6581,-0.113,-0.078,0.0059,27.5353,10.1485,0.00237468,0.0000,-0.3000,0.001,-0.000,-1.6547,0.0159,0.0157
45.54,9.520,0.0000,-0.3000,-0.1866,-0.0361,0.0343,0.0158,0.0158,-1.6626,-0.113,-0.078,0.0056,27.5353,10.1485,0.00237468,0.0000,-0.3000,0.001,-0.000,-1.6547,0.0158,0.0158
45.63,9.540,-0.0000,-0.3000,-0.1869,-0.0248,0.0246,0.0157,0.0159,-1.6673,-0.113,-0.078,0.0056,28.2534,10.1178,0.00237468,0.0000,-0.3000,0.001,-0.000,-1.6622,0.0158,0.0159
45.74,9.580,-0.0000,-0.3000,-0.1875,-0.0249,0.0245,0.0157,0.0160,-1.6712,-0.113,-0.079,0.0056,28.8006,10.0929,0.00209788,0.0000,-0.3000,0.001,-0.000,-1.6678,0.0157,0.0159
45.83,9.600,-0.0000,-0.3000,-0.1882,-0.0250,0.0244,0.0156,0.0160,-1.6759,-0.113,-0.079,0.0057,29.3554,10.0663,0.00237468,0.0000,-0.3000,0.001,-0.000,-1.6734,0.0156,0.0160
45.94,9.620,-0.0000,-0.3000,-0.1890,-0.0251,0.0242,0.0155,0.0161,-1.6808,-0.113,-0.079,0.0057,29.3554,10.0663,0.00237468,0.0000,-0.3000,0.001,-0.000,-1.6734,0.0155,0.0161
46.04,9.640,-0.0000,-0.3000,-0.1896,-0.0252,0.0241,0.0154,0.0162,-1.6859,-0.113,-0.079,0.0057,30.1066,10.0284,0.00237468,0.0000,-0.3000,0.001,-0.000,-1.6810,0.0155,0.0162
46.13,9.680,-0.0000,-0.3000,-0.1904,-0.0254,0.0240,0.0154,0.0163,-1.6910,-0.113,-0.079,0.0057,30.6789,9.99796,0.00209788,0.0000,-0.3000,0.001,-0.000,-1.6867,0.0154,0.0163
46.23,9.700,-0.0000,-0.3000,-0.1909,-0.0254,0.0239,0.0153,0.0163,-1.6954,-0.113,-0.079,0.0058,31.2588,9.96593,0.00237468,0.0000,-0.3000,0.001,-0.000,-1.6924,0.0153,0.0163
46.33,9.720,-0.0000,-0.3000,-0.1917,-0.0256,0.0237,0.0152,0.0164,-1.7004,-0.113,-0.079,0.0058,32.0439,9.92065,0.00237468,0.0000,-0.3000,0.001,-0.000,-1.7000,0.0152,0.0164
46.43,9.740,-0.0000,-0.3000,-0.1922,-0.0257,0.0236,0.0151,0.0165,-1.7054,-0.113,-0.080,0.0058,32.0439,9.92065,0.00237468,0.0000,-0.3000,0.001,-0.000,-1.7000,0.0152,0.0165
46.53,9.780,-0.0000,-0.3000,-0.1930,-0.0258,0.0235,0.0150,0.0166,-1.7106,-0.113,-0.080,0.0058,32.6417,9.88476,0.00209788,0.0000,-0.3000,0.001,-0.000,-1.7058,0.0151,0.0165
46.63,9.800,-0.0000,-0.3000,-0.1936,-0.0259,0.0234,0.0150,0.0166,-1.7145,-0.113,-0.080,0.0059,33.2473,9.84722,0.00237468,0.0000,-0.3000,0.001,-0.000,-1.7116,0.0150,0.0166
46.73,9.820,-0.0000,-0.3000,-0.1944,-0.0260,0.0232,0.0149,0.0167,-1.7191,-0.113,-0.080,0.0059,33.2473,9.84722,0.00237468,0.0000,-0.3000,0.001,-0.000,-1.7116,0.0149,0.0167
46.83,9.840,-0.0000,-0.3000,-0.1949,-0.0261,0.0231,0.0148,0.0168,-1.7242,-0.113,-0.080,0.0059,34.0668,9.79459,0.00237468,0.0000,-0.3000,0.001,-0.000,-1.7193,0.0148,0.0167
46.93,9.880,-0.0000,-0.3000,-0.1957,-0.0262,0.0230,0.0147,0.0168,-1.7293,-0.113,-0.080,0.0059,34.6905,9.75318,0.00209788,0.0000,-0.3000,0.001,-0.000,-1.7252,0.0147,0.0168
47.03,9.900,-0.0000,-0.3000,-0.1962,-0.0263,0.0229,0.0146,0.0169,-1.7344,-0.113,-0.080,0.0060,35.3221,9.71011,0.00237468,0.0000,-0.3000,0.001,-0.000,-1.7310,0.0147,0.0169
47.13,9.920,-0.0000,-0.3000,-0.1970,-0.0265,0.0227,0.0146,0.0170,-1.7395,-0.113,-0.081,0.0060,36.1766,9.65013,0.00237468,0.0000,-0.3000,0.001,-0.000,-1.7389,0.0146,0.0170
47.23,9.960,-0.0000,-0.3000,-0.1979,-0.0266,0.0225,0.0145,0.0171,-1.7448,-0.113,-0.081,0.0060,36.1766,9.65013,0.00237468,0.0000,-0.3000,0.001,-0.000,-1.7389,0.0145,0.0171
47.33,9.980,-0.0000,-0.3000,-0.1984,-0.0267,0.0224,0.0144,0.0171,-1.7502,-0.113,-0.081,0.0060,36.8266,9.60322,0.00209788,0.0000,-0.3000,0.001,-0.000,-1.7448,0.0144,0.0171
47.43,10.000,-0.0000,-0.3000,-0.1992,-0.0268,0.0223,0.0143,0.0172,-1.7552,-0.113,-0.081,0.0061,37.4847,9.55466,0.00237468,0.0000,-0.3000,0.001,-0.000,-1.7507,0.0143,0.0172
47.53,10.020,-0.0000,-0.3000,-0.1998,-0.0269,0.0222,0.0142,0.0173,-1.7604,-0.113,-0.081,0.0061,38.3745,9.48738,0.00237468,0.0000,-0.3000,0.001,-0.000,-1.7587,0.0142,0.0173
47.63,10.060,-0.0000,-0.3000,-0.2006,-0.0270,0.0220,0.0141,0.0174,-1.7656,-0.113,-0.081,0.0061,38.3745,9.48738,0.00237468,0.0000,-0.3000,0.001,-0.000,-1.7587,0.0141,0.0173
47.73,10.080,-0.0000,-0.3000,-0.2014,-0.0271,0.0218,0.0140,0.0174,-1.7706,-0.113,-0.082,0.0061,39.0512,9.43502,0.00209788,0.0000,-0.3000,0.001,-0.000,-1.7647,0.0140,0.0174
47.83,10.100,-0.0000,-0.3000,-0.2019,-0.0272,0.0217,0.0139,0.0175,-1.7750,-0.113,-0.082,0.0062,39.736,9.38105,0.00237468,0.0000,-0.3000,0.001,-0.000,-1.7707,0.0139,0.0175
47.93,10.120,-0.0000,-0.3000,-0.2025,-0.0273,0.0216,0.0139,0.0176,-1.7799,-0.113,-0.082,0.0062,40.6615,9.30659,0.00237468,0.0000,-0.3000,0.001,-0.000,-1.7788,0.0139,0.0175
48.03,10.160,-0.0000,-0.3000,-0.2033,-0.0274,0.0214,0.0138,0.0176,-1.7850,-0.113,-0.082,0.0062,40.6615,9.30659,0.00237468,0.0000,-0.3000,0.001,-0.000,-1.7788,0.0138,0.0176
48.13,10.180,-0.0000,-0.3000,-0.2039,-0.0275,0.0213,0.0137,0.0177,-1.7905,-0.113,-0.082,0.0063,41.3652,9.24889,0.00209788,0.0000,-0.3000,0.001,-0.000,-1.7849,0.0137,0.0177
48.23,10.200,-0.0000,-0.3000,-0.2047,-0.0277,0.0211,0.0136,0.0178,-1.7952,-0.113,-0.082,0.0063,42.077,9.18961,0.00237468,0.0000,-0.3000,0.001,-0.000,-1.7910,0.0136,0.0178
48.34,10.220,-0.0000,-0.3000,-0.2052,-0.0277,0.0210,0.0135,0.0178,-1.8007,-0.113,-0.082,0.0063,43.0387,9.10815,0.00237468,0.0000,-0.3000,0.001,-0.000,-1.7992,0.0135,0.0178
48.43,10.260,-0.0000,-0.3000,-0.2061,-0.0279,0.0209,0.0134,0.0179,-1.8063,-0.113,-0.083,0.0063,43.0387,9.10815,0.00237468,0.0000,-0.3000,0.001,-0.000,-1.7992,0.0134,0.0179
48.53,10.280,-0.0000,-0.3000,-0.2069,-0.0280,0.0207,0.0133,0.0180,-1.8118,-0.113,-0.083,0.0064,43.7694,9.04525,0.00209788,0.0000,-0.3000,0.001,-0.000,-1.8054,0.0133,0.0180
48.63,10.300,-0.0000,-0.3000,-0.2026,-0.0416,0.0305,0.0132,0.0181,-1.8163,-0.113,-0.083,0.0063,44.5084,8.98083,0.00237468,0.0000,0.0000,0.001,-0.000,-1.8116,0.0132,0.0180
48.73,10.320,-0.0000,-0.2875,-0.1893,-0.0419,0.0305,0.0131,0.0181,-1.8211,-0.113,-0.083,0.0060,45.5065,8.89261,0.00237468,0.0000,0.0000,0.001,-0.000,-1.8196,0.0131,0.0181
48.84,10.340,-0.0000,-0.2675,-0.1758,-0.0423,0.0305,0.0131,0.0182,-1.8243,-0.113,-0.083,0.0057,45.5065,8.89261,0.00237468,0.0000,0.0000,0.001,-0.000,-1.8196,0.0131,0.0181
48.93,10.360,-0.0000,-0.2475,-0.1690,-0.0424,0.0305,0.0130,0.0182,-1.8258,-0.113,-0.083,0.0056,46.2646,8.82483,0.00209788,0.0000,0.0000,0.001,-0.000,-1.8251,0.0131,0.0182
49.04,10.380,-0.0000,-0.2275,-0.1486,-0.0428,0.0305,0.0130,0.0182,-1.8300,-0.113,-0.083,0.0053,46.2646,8.82483,0.00209788,0.0000,0.0000,0.001,-0.000,-1.8251,0.0130,0.0182
49.13,10.400,-0.0000,-0.2075,-0.1489,-0.0150,0.0106,0.0129,0.0183,-1.8328,-0.113,-0.083,0.0054,47.0312,8.75588,0.00237468,0.0000,-0.3000,0.001,-0.000,-1.8299,0.0129,0.0183
49.23,10.420,-0.0000,-0.2185,-0.1632,-0.0149,0.0104,0.0128,0.0183,-1.8364,-0.113,-0.084,0.0057,48.0667,8.66243,0.00237468,0.0000,-0.3000,0.001,-0.000,-1.8358,0.0129,0.0183
49.33,10.460,-0.0000,-0.2585,-0.1848,-0.0146,0.0102,0.0128,0.0184,-1.8412,-0.113,-0.084,0.0061,48.0667,8.66243,0.00237468,0.0000,-0.3000,0.001,-0.000,-1.8358,0.0128,0.0184
49.43,10.480,-0.0000,-0.2785,-0.1994,-0.0144,0.0099,0.0127,0.0184,-1.8465,-0.114,-0.084,0.0064,48.8533,8.59122,0.00209788,0.0000,-0.3000,0.001,-0.000,-1.8409,0.0127,0.0184
49.53,10.500,-0.0000,-0.2979,-0.2122,-0.0288,0.0195,0.0126,0.0185,-1.8520,-0.114,-0.084,0.0066,49.6485,8.51891,0.00237468,0.0000,-0.3000,0.001,-0.000,-1.8467,0.0126,0.0185
49.63,10.540,-0.0000,-0.3000,-0.2130,-0.0289,0.0194,0.0125,0.0186,-1.8575,-0.114,-0.084,0.0066,50.7217,8.42052,0.00237468,0.0000,-0.3000,0.001,-0.000,-1.8552,0.0125,0.0186
49.73,10.560,-0.0000,-0.3000,-0.2136,-0.0290,0.0192,0.0123,0.0187,-1.8631,-0.114,-0.084,0.0067,51.5363,8.34518,0.00209788,0.0000,-0.3000,0.001,-0.000,-1.8616,0.0124,0.0186
49.83,10.580,-0.0000,-0.3000,-0.2145,-0.0291,0.0190,0.0122,0.0187,-1.8691,-0.114,-0.085,0.0067,51.5363,8.34518,0.00209788,0.0000,-0.3000,0.001,-0.000,-1.8616,0.0123,0.0187
49.93,10.620,-0.0000,-0.3000,-0.2153,-0.0292,0.0189,0.0121,0.0188,-1.8747,-0.114,-0.085,0.0067,52.3591,8.26855,0.00237468,0.0000,-0.3000,0.001,-0.000,-1.8681,0.0121,0.0188
50.03,10.640,-0.0000,-0.3000,-0.2159,-0.0293,0.0187,0.0120,0.0189,-1.8803,-0.114,-0.085,0.0067,53.469,8.16444,0.00237468,0.0000,-0.3000,0.001,-0.000,-1.8767,0.0121,0.0188
50.13,10.660,-0.0000,-0.3000,-0.2168,-0.0294,0.0185,0.0119,0.0189,-1.8857,-0.114,-0.085,0.0068,54.3111,8.08495,0.00209788,0.0000,-0.3000,0.001,-0.000,-1.8832,0.0119,0.0189
50.23,10.680,-0.0000,-0.3000,-0.2173,-0.0295,0.0184,0.0118,0.0190,-1.8914,-0.114,-0.085,0.0068,54.3111,8.08495,0.00209788,0.0000,-0.3000,0.001,-0.000,-1.8832,0.0118,0.0190
50.33,10.720,-0.0000,-0.3000,-0.2182,-0.0296,0.0182,0.0117,0.0191,-1.8966,-0.114,-0.085,0.0068,55.1614,8.00431,0.00237468,0.0000,-0.3000,0.001,-0.000,-1.8897,0.0117,0.0190
50.43,10.740,-0.0000,-0.3000,-0.2188,-0.0297,0.0181,0.0116,0.0191,-1.9021,-0.114,-0.086,0.0069,56.308,7.89506,0.00237468,0.0000,-0.3000,0.001,-0.000,-1.8985,0.0116,0.0191
50.53,10.760,-0.0000,-0.3000,-0.2197,-0.0298,0.0179,0.0115,0.0192,-1.9080,-0.114,-0.086,0.0069,57.1775,7.81189,0.00209788,0.0000,-0.3000,0.001,-0.000,-1.9050,0.0115,0.0192
50.63,10.780,-0.0000,-0.3000,-0.2203,-0.0299,0.0177,0.0114,0.0192,-1.9135,-0.114,-0.086,0.0069,58.0552,7.72771,0.00237468,0.0000,-0.3000,0.001,-0.000,-1.9116,0.0114,0.0192
50.73,10.800,-0.0000,-0.3000,-0.2206,-0.0299,0.0177,0.0114,0.0193,-1.9137,-0.114,-0.086,0.0069,58.0552,7.72771,0.00237468,0.0000,-0.3000,0.001,-0.000,-1.9116,0.0114,0.0193
50.84,10.820,-0.0000,-0.3000,-0.2211,-0.0300,0.0175,0.0113,0.0193,-1.9186,-0.114,-0.086,0.0070,58.0552,7.72771,0.00237468,0.0000,-0.3000,0.001,-0.000,-1.9116,0.0113,0.0193
50.93,10.840,-0.0000,-0.3000,-0.2217,-0.0300,0.0174,0.0112,0.0194,-1.9241,-0.114,-0.086,0.0070,59.2381,7.61399,0.00237468,0.0000,-0.3000,0.001,-0.000,-1.9205,0.0112,0.0194
51.03,10.860,-0.0000,-0.3000,-0.2226,-0.0302,0.0172,0.0111,0.0194,-1.9299,-0.114,-0.086,0.0070,60.1347,7.52764,0.00209788,0.0000,-0.3000,0.001,-0.000,-1.9271,0.0111,0.0194
51.13,10.880,-0.0000,-0.3000,-0.2232,-0.0302,0.0171,0.0110,0.0195,-1.9357,-0.114,-0.087,0.0071,61.0395,7.44046,0.00237469,0.0000,-0.3000,0.001,-0.000,-1.9338,0.0110,0.0195
51.23,10.920,-0.0000,-0.3000,-0.2241,-0.0303,0.0169,0.0108,0.0196,-1.9415,-0.114,-0.087,0.0071,61.0395,7.44046,0.00237469,0.0000,-0.3000,0.001,-0.000,-1.9338,0.0109,0.0195
51.33,10.940,-0.0000,-0.3000,-0.2250,-0.0305,0.0167,0.0107,0.0196,-1.9474,-0.114,-0.087,0.0071,62.2583,7.323,0.00237469,0.0000,-0.3000,0.001,-0.000,-1.9427,0.0107,0.0196
51.43,10.960,-0.0000,-0.3000,-0.2256,-0.0305,0.0165,0.0106,0.0197,-1.9532,-0.114,-0.087,0.0072,63.1818,7.23407,0.00209788,0.0000,-0.3000,0.001,-0.000,-1.9495,0.0107,0.0197
51.54,11.000,-0.0000,-0.3000,-0.2265,-0.0306,0.0163,0.0105,0.0197,-1.9586,-0.114,-0.087,0.0072,64.1132,7.14449,0.00237469,0.0000,-0.3000,0.001,-0.000,-1.9563,0.0105,0.0197
51.63,11.020,-0.0000,-0.3000,-0.2271,-0.0307,0.0162,0.0104,0.0198,-1.9632,-0.114,-0.087,0.0072,64.1132,7.14449,0.00237469,0.0000,-0.3000,0.001,-0.000,-1.9563,0.0104,0.0198
51.73,11.040,-0.0000,-0.3000,-0.2277,-0.0308,0.0160,0.0103,0.0198,-1.9682,-0.115,-0.088,0.0072,65.3674,7.02415,0.00237469,0.0000,-0.3000,0.001,-0.000,-1.9653,0.0103,0.0198
51.83,11.060,-0.0000,-0.3000,-0.2283,-0.0308,0.0159,0.0102,0.0199,-1.9739,-0.115,-0.088,0.0073,66.3173,6.9333,0.00209788,0.0000,-0.3000,0.001,-0.000,-1.9722,0.0102,0.0199
51.94,11.080,-0.0000,-0.3000,-0.2293,-0.0310,0.0157,0.0101,0.0200,-1.9798,-0.115,-0.088,0.0073,66.3173,6.9333,0.00209788,0.0000,-0.3000,0.001,-0.000,-1.9722,0.0101,0.0200
52.03,11.100,-0.0000,-0.3000,-0.2299,-0.0310,0.0155,0.0100,0.0200,-1.9856,-0.115,-0.088,0.0073,67.2749,6.84202,0.00237469,0.0000,-0.3000,0.001,-0.000,-1.9790,0.0100,0.0200
52.13,11.140,-0.0000,-0.3000,-0.2308,-0.0311,0.0153,0.0099,0.0201,-1.9916,-0.115,-0.088,0.0074,68.5638,6.71976,0.00237469,0.0000,-0.3000,0.001,-0.000,-1.9882,0.0099,0.0201
52.23,11.160,-0.0000,-0.3000,-0.2317,-0.0312,0.0151,0.0097,0.0201,-1.9974,-0.115,-0.089,0.0074,69.5395,6.62775,0.00209788,0.0000,-0.3000,0.001,-0.000,-1.9952,0.0097,0.0201
52.33,11.180,-0.0000,-0.3000,-0.2324,-0.0313,0.0150,0.0096,0.0202,-2.0032,-0.115,-0.089,0.0074,69.5395,6.62775,0.00209788,0.0000,-0.3000,0.001,-0.000,-1.9952,0.0096,0.0202
52.44,11.220,-0.0000,-0.3000,-0.2333,-0.0314,0.0147,0.0095,0.0203,-2.0092,-0.115,-0.089,0.0075,70.5227,6.53555,0.00237469,0.0000,-0.3000,0.001,-0.000,-2.0021,0.0095,0.0202
52.53,11.240,-0.0000,-0.3000,-0.2339,-0.0315,0.0146,0.0094,0.0203,-2.0153,-0.115,-0.089,0.0075,71.8454,6.41247,0.00237469,0.0000,-0.3000,0.001,-0.000,-2.0114,0.0094,0.0203
52.63,11.260,-0.0000,-0.3000,-0.2349,-0.0316,0.0144,0.0093,0.0204,-2.0214,-0.115,-0.089,0.0075,72.8461,6.32014,0.00209788,0.0000,-0.3000,0.001,-0.000,-2.0185,0.0093,0.0204
52.73,11.280,-0.0000,-0.3000,-0.2355,-0.0316,0.0142,0.0091,0.0204,-2.0273,-0.115,-0.089,0.0076,72.8461,6.32014,0.00209788,0.0000,-0.3000,0.001,-0.000,-2.0185,0.0092,0.0204
52.83,11.320,-0.0000,-0.3000,-0.2365,-0.0317,0.0140,0.0090,0.0205,-2.0327,-0.115,-0.090,0.0076,73.8543,6.2279,0.00237469,0.0000,-0.3000,0.001,-0.000,-2.0255,0.0090,0.0205
52.93,11.340,-0.0000,-0.3000,-0.2371,-0.0318,0.0138,0.0089,0.0205,-2.0382,-0.115,-0.090,0.0076,75.2097,6.10519,0.00237469,0.0000,-0.3000,0.001,-0.000,-2.0350,0.0089,0.0205
53.03,11.360,-0.0000,-0.3000,-0.2378,-0.0319,0.0137,0.0088,0.0206,-2.0444,-0.115,-0.090,0.0077,76.2347,6.01349,0.00209788,0.0000,-0.3000,0.001,-0.000,-2.0421,0.0088,0.0206
53.13,11.380,-0.0000,-0.3000,-0.2387,-0.0320,0.0135,0.0087,0.0206,-2.0503,-0.115,-0.090,0.0077,76.2347,6.01349,0.00209788,0.0000,-0.3000,0.001,-0.000,-2.0421,0.0087,0.0206
53.23,11.420,-0.0000,-0.3000,-0.2397,-0.0320,0.0132,0.0085,0.0207,-2.0563,-0.115,-0.090,0.0077,77.2669,5.92218,0.00237469,0.0000,-0.3000,0.001,-0.000,-2.0492,0.0085,0.0207
53.33,11.440,-0.0000,-0.3000,-0.2404,-0.0321,0.0131,0.0084,0.0207,-2.0623,-0.115,-0.090,0.0078,78.6539,5.80121,0.00237469,0.0000,-0.3000,0.001,-0.000,-2.0588,0.0084,0.0207
53.43,11.460,-0.0000,-0.3000,-0.2414,-0.0322,0.0128,0.0083,0.0208,-2.0683,-0.116,-0.091,0.0078,79.7022,5.71118,0.00209788,0.0000,-0.3000,0.001,-0.000,-2.0660,0.0083,0.0208
53.53,11.480,-0.0000,-0.3000,-0.2420,-0.0323,0.0127,0.0082,0.0208,-2.0746,-0.116,-0.091,0.0078,79.7022,5.71118,0.00209788,0.0000,-0.3000,0.001,-0.000,-2.0660,0.0082,0.0208
53.63,11.520,-0.0000,-0.3000,-0.2430,-0.0323,0.0124,0.0080,0.0209,-2.0807,-0.116,-0.091,0.0079,80.7573,5.62187,0.00237469,0.0000,-0.3000,0.001,-0.000,-2.0733,0.0080,0.0209
53.73,11.540,-0.0000,-0.3000,-0.2437,-0.0324,0.0123,0.0079,0.0209,-2.0868,-0.116,-0.091,0.0079,82.1745,5.5041,0.00237469,0.0000,-0.3000,0.001,-0.000,-2.0830,0.0079,0.0209
53.83,11.560,-0.0000,-0.3000,-0.2447,-0.0325,0.0121,0.0078,0.0210,-2.0931,-0.116,-0.091,0.0079,83.2451,5.4169,0.00209788,0.0000,-0.3000,0.001,-0.000,-2.0903,0.0078,0.0210
53.93,11.580,-0.0000,-0.3000,-0.2454,-0.0325,0.0119,0.0076,0.0210,-2.0995,-0.116,-0.092,0.0080,83.2451,5.4169,0.00209788,0.0000,-0.3000,0.001,-0.000,-2.0903,0.0077,0.0210
54.03,11.620,0.0000,-0.3000,-0.2464,-0.0326,0.0117,0.0075,0.0211,-2.1054,-0.116,-0.092,0.0080,84.322,5.33078,0.00237469,0.0000,-0.3000,0.001,-0.000,-2.0976,0.0075,0.0211
54.13,11.640,0.0000,-0.3000,-0.2471,-0.0327,0.0115,0.0074,0.0211,-2.1111,-0.116,-0.092,0.0080,85.7677,5.21785,0.00237469,0.0000,-0.3000,0.001,-0.000,-2.1075,0.0074,0.0211
54.24,11.660,0.0000,-0.3000,-0.2478,-0.0327,0.0113,0.0073,0.0212,-2.1173,-0.116,-0.092,0.0081,86.8592,5.13472,0.00209788,0.0000,-0.3000,0.001,-0.000,-2.1149,0.0073,0.0211
54.33,11.680,0.0000,-0.3000,-0.2488,-0.0328,0.0111,0.0071,0.0212,-2.1235,-0.116,-0.092,0.0081,86.8592,5.13472,0.00209788,0.0000,-0.3000,0.001,-0.000,-2.1149,0.0072,0.0212
54.43,11.700,0.0000,-0.3000,-0.2495,-0.0329,0.0109,0.0070,0.0212,-2.1295,-0.116,-0.093,0.0081,87.9567,5.05308,0.00237469,0.0000,-0.3000,0.001,-0.000,-2.1223,0.0071,0.0212
54.53,11.740,0.0000,-0.3000,-0.2506,-0.0330,0.0107,0.0069,0.0213,-2.1350,-0.116,-0.093,0.0082,89.4292,4.94676,0.00237469,0.0000,-0.3000,0.001,-0.000,-2.1323,0.0069,0.0213
54.63,11.760,0.0000,-0.3000,-0.2513,-0.0330,0.0105,0.0068,0.0213,-2.1413,-0.116,-0.093,0.0082,90.5402,4.86909,0.00209788,0.0000,-0.3000,0.001,-0.000,-2.1399,0.0068,0.0213
54.73,11.780,0.0000,-0.3000,-0.2520,-0.0331,0.0103,0.0066,0.0214,-2.1471,-0.116,-0.093,0.0082,90.5402,4.86909,0.00209788,0.0000,-0.3000,0.001,-0.000,-2.1399,0.0067,0.0213
54.83,11.800,0.0000,-0.3000,-0.2531,-0.0331,0.0101,0.0065,0.0214,-2.1526,-0.117,-0.093,0.0083,91.6567,4.79333,0.00237469,0.0000,-0.3000,0.001,-0.000,-2.1474,0.0065,0.0214
54.93,11.820,0.0000,-0.3000,-0.2538,-0.0332,0.0099,0.0064,0.0214,-2.1590,-0.117,-0.093,0.0083,93.1539,4.69555,0.00237469,0.0000,-0.3000,0.001,-0.000,-2.1575,0.0064,0.0214
55.03,11.860,0.0000,-0.3000,-0.2549,-0.0333,0.0097,0.0062,0.0215,-2.1653,-0.117,-0.094,0.0083,93.1539,4.69555,0.00237469,0.0000,-0.3000,0.001,-0.000,-2.1575,0.0062,0.0215
55.13,11.880,0.0000,-0.3000,-0.2556,-0.0333,0.0095,0.0061,0.0215,-2.1720,-0.117,-0.094,0.0084,94.2828,4.62482,0.00209788,0.0000,-0.3000,0.001,-0.000,-2.1652,0.0061,0.0215
55.23,11.900,0.0000,-0.3000,-0.2567,-0.0334,0.0092,0.0060,0.0216,-2.1787,-0.117,-0.094,0.0084,95.4168,4.55648,0.00237469,0.0000,-0.3000,0.001,-0.000,-2.1728,0.0060,0.0216
55.33,11.920,0.0000,-0.3000,-0.2575,-0.0334,0.0091,0.0058,0.0216,-2.1848,-0.117,-0.094,0.0084,96.9364,4.46933,0.00237469,0.0000,-0.3000,0.001,-0.000,-2.1831,0.0059,0.0216
55.43,11.940,0.0000,-0.3000,-0.2582,-0.0335,0.0089,0.0057,0.0216,-2.1905,-0.117,-0.094,0.0085,96.9364,4.46933,0.00237469,0.0000,-0.3000,0.001,-0.000,-2.1831,0.0057,0.0216
55.53,11.980,0.0000,-0.3000,-0.2593,-0.0335,0.0086,0.0056,0.0217,-2.1967,-0.117,-0.095,0.0085,98.0815,4.40714,0.00209788,0.0000,-0.3000,0.001,-0.000,-2.1908,0.0056,0.0217
55.63,12.000,0.0000,-0.3000,-0.2601,-0.0336,0.0085,0.0054,0.0217,-2.2030,-0.117,-0.095,0.0085,99.2311,4.34785,0.00237469,0.0000,-0.3000,0.001,-0.000,-2.1986,0.0055,0.0217
55.73,12.020,0.0000,-0.3000,-0.2612,-0.0336,0.0082,0.0053,0.0217,-2.2090,-0.117,-0.095,0.0086,99.2311,4.34785,0.00237469,0.0000,-0.3000,0.001,-0.000,-2.1986,0.0053,0.0217
55.83,12.040,0.0000,-0.3000,-0.2620,-0.0337,0.0080,0.0052,0.0218,-2.2155,-0.117,-0.095,0.0086,100.771,4.27358,0.00237469,0.0000,-0.3000,0.001,-0.000,-2.2090,0.0052,0.0218
55.93,12.080,0.0000,-0.3000,-0.2632,-0.0337,0.0078,0.0050,0.0218,-2.2223,-0.117,-0.095,0.0087,101.93,4.22168,0.00209788,0.0000,-0.3000,0.001,-0.000,-2.2169,0.0050,0.0218
56.03,12.100,0.0000,-0.3000,-0.2639,-0.0338,0.0076,0.0049,0.0218,-2.2292,-0.117,-0.096,0.0087,103.093,4.17322,0.00237469,0.0000,-0.3000,0.001,-0.000,-2.2248,0.0049,0.0218
56.13,12.120,0.0000,-0.3000,-0.2651,-0.0338,0.0073,0.0047,0.0219,-2.2361,-0.118,-0.096,0.0087,104.65,4.11425,0.00237469,0.0000,-0.3000,0.001,-0.000,-2.2353,0.0047,0.0219
56.23,12.140,0.0000,-0.3000,-0.2659,-0.0339,0.0071,0.0046,0.0219,-2.2427,-0.118,-0.096,0.0088,104.65,4.11425,0.00237469,0.0000,-0.3000,0.001,-0.000,-2.2353,0.0046,0.0219
56.33,12.180,0.0000,-0.3000,-0.2671,-0.0339,0.0069,0.0044,0.0219,-2.2497,-0.118,-0.096,0.0088,105.821,4.07448,0.00209788,0.0000,-0.3000,0.001,-0.000,-2.2433,0.0044,0.0219
56.43,12.200,0.0000,-0.3000,-0.2683,-0.0340,0.0066,0.0043,0.0220,-2.2566,-0.118,-0.096,0.0088,106.996,4.03874,0.00237469,0.0000,-0.3000,0.001,-0.000,-2.2513,0.0043,0.0220
56.53,12.220,0.0000,-0.3000,-0.2691,-0.0340,0.0064,0.0041,0.0220,-2.2636,-0.118,-0.097,0.0089,108.567,3.99765,0.00237469,0.0000,-0.3000,0.001,-0.000,-2.2621,0.0041,0.0220
56.63,12.240,0.0000,-0.3000,-0.2700,-0.0341,0.0062,0.0040,0.0220,-2.2698,-0.118,-0.097,0.0089,108.567,3.99765,0.00237469,0.0000,-0.3000,0.001,-0.000,-2.2621,0.0040,0.0220
56.73,12.280,0.0000,-0.3000,-0.2712,-0.0341,0.0059,0.0038,0.0220,-2.2763,-0.118,-0.097,0.0089,109.748,3.97201,0.00209788,0.0000,-0.3000,0.001,-0.000,-2.2701,0.0038,0.0220
56.84,12.300,0.0000,-0.3000,-0.2720,-0.0341,0.0058,0.0037,0.0221,-2.2831,-0.118,-0.097,0.0090,110.932,3.95101,0.00237469,0.0000,-0.3000,0.001,-0.000,-2.2783,0.0037,0.0221
56.93,12.320,0.0000,-0.3000,-0.2733,-0.0342,0.0055,0.0035,0.0221,-2.2905,-0.118,-0.097,0.0090,112.513,3.93056,0.00237469,0.0000,-0.3000,0.001,-0.000,-2.2892,0.0035,0.0221
57.03,12.360,0.0000,-0.3000,-0.2746,-0.0342,0.0052,0.0034,0.0221,-2.2974,-0.118,-0.098,0.0091,112.513,3.93056,0.00237469,0.0000,-0.3000,0.001,-0.000,-2.2892,0.0034,0.0221
57.13,12.380,0.0000,-0.3000,-0.2755,-0.0343,0.0050,0.0032,0.0221,-2.3045,-0.118,-0.098,0.0091,113.702,3.92115,0.00209788,0.0000,-0.3000,0.001,-0.000,-2.2974,0.0032,0.0221
57.23,12.400,0.0000,-0.3000,-0.2756,0.7438,-0.1535,0.0030,0.0222,-2.3114,-0.119,-0.098,0.0170,114.892,3.91705,0.00237469,0.0942,-0.3000,0.001,-0.000,-2.3057,0.0031,0.0222
57.33,12.420,0.0124,-0.3000,-0.2764,0.7453,-0.1494,0.0029,0.0222,-2.3186,-0.119,-0.099,0.0373,116.481,3.92018,0.00237469,0.0942,-0.3000,0.001,-0.000,-2.3167,0.0029,0.0222
57.43,12.460,0.0444,-0.3000,-0.2776,0.7468,-0.1433,0.0027,0.0222,-2.3258,-0.120,-0.099,0.0579,116.481,3.92018,0.00237469,0.0942,-0.3000,0.001,-0.000,-2.3167,0.0027,0.0222
57.53,12.480,0.0604,-0.3000,-0.2783,0.7469,-0.1390,0.0026,0.0222,-2.3330,-0.121,-0.101,0.0786,117.674,3.92925,0.00209788,0.0942,-0.3000,-0.000,-0.001,-2.3250,0.0026,0.0222
57.64,12.500,0.0764,-0.3000,-0.2758,-0.4523,0.1005,0.0024,0.0222,-2.3403,-0.123,-0.102,0.0808,118.868,3.94432,0.00237469,0.0000,-0.3000,-0.001,-0.002,-2.3333,0.0024,0.0222
57.73,12.520,0.0676,-0.3000,-0.2108,-0.8731,0.1399,0.0023,0.0223,-2.3461,-0.124,-0.103,0.0602,120.46,3.97412,0.00237469,0.0000,-0.3000,-0.003,-0.004,-2.3442,0.0023,0.0223
57.83,12.560,0.0356,-0.3000,-0.2148,-0.8659,0.1354,0.0021,0.0223,-2.3517,-0.125,-0.104,0.0389,120.46,3.97412,0.00237469,0.0000,-0.3000,-0.003,-0.004,-2.3442,0.0022,0.0223
57.93,12.580,0.0196,-0.3000,-0.2181,-0.8590,0.1310,0.0020,0.0223,-2.3565,-0.126,-0.105,0.0221,121.656,4.004,0.00209788,0.0000,-0.3000,-0.004,-0.005,-2.3509,0.0021,0.0223
58.03,12.600,0.0036,-0.3000,-0.2416,-0.5863,0.0507,0.0019,0.0223,-2.3621,-0.126,-0.105,0.0112,122.854,4.04054,0.00237469,0.0000,-0.3000,-0.005,-0.006,-2.3574,0.0019,0.0223
58.13,12.620,0.0000,-0.3000,-0.2542,-0.0361,0.0030,0.0018,0.0223,-2.3690,-0.125,-0.105,0.0110,124.454,4.09993,0.00237469,0.0000,-0.3000,-0.005,-0.006,-2.3667,0.0018,0.0223
58.23,12.660,0.0000,-0.3000,-0.2552,-0.0361,0.0027,0.0016,0.0223,-2.3754,-0.125,-0.105,0.0110,124.454,4.09993,0.00237469,0.0000,-0.3000,-0.005,-0.006,-2.3667,0.0016,0.0223
58.33,12.680,0.0000,-0.3000,-0.2830,-0.5874,0.0402,0.0015,0.0223,-2.3822,-0.125,-0.106,0.0140,125.655,4.15277,0.00209788,0.0000,-0.3000,-0.005,-0.006,-2.3743,0.0015,0.0223
58.43,12.700,0.0000,-0.3000,-0.2894,-0.0378,0.0023,0.0013,0.0223,-2.3886,-0.125,-0.106,0.0140,126.857,4.21298,0.00237469,0.0000,-0.3000,-0.005,-0.006,-2.3824,0.0013,0.0223
58.54,12.720,0.0000,-0.3000,-0.2904,-0.0378,0.0021,0.0012,0.0223,-2.3964,-0.124,-0.106,0.0140,128.457,4.30517,0.00237469,0.0000,-0.3000,-0.005,-0.006,-2.3940,0.0012,0.0223
58.63,12.760,0.0000,-0.3000,-0.2919,-0.0378,0.0017,0.0010,0.0223,-2.4034,-0.124,-0.106,0.0140,128.457,4.30517,0.00237469,0.0000,-0.3000,-0.005,-0.006,-2.3940,0.0010,0.0223
58.73,12.780,0.0000,-0.3000,-0.2929,-0.0378,0.0015,0.0008,0.0224,-2.4107,-0.124,-0.106,0.0141,129.656,4.38358,0.00209788,0.0000,-0.3000,-0.005,-0.006,-2.4028,0.0009,0.0224
58.83,12.800,0.0000,-0.3000,-0.2945,-0.0378,0.0012,0.0007,0.0224,-2.4178,-0.123,-0.106,0.0141,130.852,4.4702,0.00237469,0.0000,-0.3000,-0.005,-0.006,-2.4116,0.0007,0.0224
58.93,12.820,0.0000,-0.3000,-0.2955,-0.0379,0.0010,0.0005,0.0224,-2.4255,-0.123,-0.106,0.0141,132.444,4.59891,0.00237469,0.0000,-0.3000,-0.005,-0.006,-2.4234,0.0005,0.0224
59.03,12.860,0.0000,-0.3000,-0.2971,-0.0379,0.0006,0.0003,0.0224,-2.4332,-0.122,-0.106,0.0141,132.444,4.59891,0.00237469,0.0000,-0.3000,-0.005,-0.006,-2.4234,0.0003,0.0224
59.13,12.880,0.0000,-0.3000,-0.2982,-0.0379,0.0004,0.0002,0.0224,-2.4400,-0.122,-0.106,0.0142,133.635,4.70568,0.00209788,0.0000,-0.3000,-0.005,-0.006,-2.4323,0.0002,0.0224
59.24,12.900,0.0000,-0.3000,-0.2993,-0.0379,0.0002,0.0000,0.0224,-2.4466,-0.122,-0.106,0.0111,134.822,4.82151,0.00237469,0.0957,-0.3000,-0.005,-0.006,-2.4412,0.0001,0.0224
59.33,12.920,0.0124,-0.3000,-0.2852,0.6746,-0.0472,-0.0001,0.0224,-2.4541,-0.122,-0.106,0.0177,136.4,4.99049,0.00237469,0.0957,-0.3000,-0.005,-0.006,-2.4530,-0.0001,0.0224
59.43,12.960,0.0444,-0.3000,-0.2699,0.6707,-0.0416,-0.0003,0.0224,-2.4613,-0.122,-0.107,0.0344,136.4,4.99049,0.00237469,0.0957,-0.3000,-0.005,-0.006,-2.4530,-0.0003,0.0224
59.53,12.980,0.0604,-0.3000,-0.2596,0.6683,-0.0381,-0.0004,0.0224,-2.4679,-0.123,-0.108,0.0515,137.579,5.12842,0.00209788,0.0957,-0.3000,-0.006,-0.007,-2.4614,-0.0004,0.0224
59.63,13.000,0.0764,-0.3000,-0.2491,0.6659,-0.0348,-0.0006,0.0224,-2.4737,-0.124,-0.109,0.0674,138.756,5.27619,0.00237469,0.1008,-0.3000,-0.007,-0.008,-2.4694,-0.0005,0.0224
59.73,13.020,0.0924,-0.3000,-0.2413,0.2826,0.0088,-0.0007,0.0224,-2.4799,-0.125,-0.110,0.0825,140.32,5.48882,0.00237469,0.1008,-0.3000,-0.010,-0.010,-2.4792,-0.0007,0.0224
59.84,13.060,0.1008,-0.3000,-0.2869,0.2845,0.0111,-0.0009,0.0224,-2.4869,-0.127,-0.112,0.0908,140.32,5.48882,0.00237469,0.1008,-0.3000,-0.010,-0.010,-2.4792,-0.0009,0.0224
59.94,13.080,0.1008,-0.3000,-0.2921,-0.0359,-0.0015,-0.0010,0.0223,-2.4945,-0.129,-0.113,0.0921,141.491,5.66026,0.00209788,0.1008,-0.3000,-0.012,-0.012,-2.4870,-0.0010,0.0223
60.03,13.100,0.1008,-0.3000,-0.2911,-0.0360,-0.0018,-0.0012,0.0223,-2.4997,-0.130,-0.114,0.0949,142.658,5.84232,0.00237469,0.1051,-0.3000,-0.014,-0.014,-2.4955,-0.0011,0.0223
60.14,13.120,0.1051,-0.3000,-0.2901,-0.0363,-0.0020,-0.0013,0.0223,-2.5064,-0.132,-0.116,0.0963,142.658,5.84232,0.00237469,0.1051,-0.3000,-0.014,-0.014,-2.4955,-0.0013,0.0223
60.23,13.140,0.1051,-0.3000,-0.2891,-0.0364,-0.0022,-0.0014,0.0223,-2.5128,-0.133,-0.117,0.0963,144.206,6.10216,0.00237469,0.1051,-0.3000,-0.018,-0.016,-2.5072,-0.0014,0.0223
60.33,13.160,0.1051,-0.3000,-0.2861,0.0200,0.0015,-0.0016,0.0223,-2.5197,-0.135,-0.119,0.0969,145.361,6.3102,0.00209788,0.1051,-0.3000,-0.020,-0.018,-2.5159,-0.0016,0.0223
60.43,13.180,0.1051,-0.3000,-0.2820,-0.0276,-0.0020,-0.0017,0.0223,-2.5262,-0.137,-0.120,0.0976,145.361,6.3102,0.00209788,0.1051,-0.3000,-0.020,-0.018,-2.5159,-0.0017,0.0223
60.54,13.220,0.1099,-0.3000,-0.2792,-0.0161,-0.0013,-0.0019,0.0223,-2.5329,-0.138,-0.122,0.1026,146.51,6.52982,0.00237469,0.1099,-0.3000,-0.023,-0.020,-2.5245,-0.0019,0.0223
60.64,13.240,0.1099,-0.3000,-0.2761,0.0028,0.0003,-0.0021,0.0223,-2.5401,-0.140,-0.124,0.1035,148.034,6.84106,0.00237469,0.1099,-0.3000,-0.026,-0.022,-2.5358,-0.0020,0.0223
60.73,13.260,0.1099,-0.3000,-0.2596,0.6821,0.0676,-0.0022,0.0223,-2.5469,-0.142,-0.126,0.1080,149.171,7.08861,0.00209788,0.1099,-0.3000,-0.029,-0.024,-2.5440,-0.0022,0.0223
60.83,13.280,0.1099,-0.3000,-0.2513,-0.0389,-0.0040,-0.0024,0.0222,-2.5534,-0.144,-0.128,0.1093,149.171,7.08861,0.00209788,0.1099,-0.3000,-0.029,-0.024,-2.5440,-0.0023,0.0222
60.93,13.320,0.1145,-0.3000,-0.2504,-0.0392,-0.0043,-0.0025,0.0222,-2.5597,-0.146,-0.129,0.1138,150.301,7.34852,0.00237469,0.1145,-0.3000,-0.032,-0.026,-2.5518,-0.0025,0.0222
61.03,13.340,0.1145,-0.3000,-0.2497,-0.0393,-0.0045,-0.0026,0.0222,-2.5659,-0.149,-0.131,0.1138,151.801,7.71459,0.00237469,0.1145,-0.3000,-0.035,-0.028,-2.5618,-0.0026,0.0222
61.13,13.360,0.1145,-0.3000,-0.2488,-0.0394,-0.0049,-0.0028,0.0222,-2.5722,-0.151,-0.133,0.1137,152.92,8.00407,0.00209788,0.1145,-0.3000,-0.038,-0.030,-2.5693,-0.0028,0.0222
61.24,13.380,0.1145,-0.3000,-0.2481,-0.0395,-0.0051,-0.0029,0.0222,-2.5786,-0.153,-0.135,0.1136,152.92,8.00407,0.00209788,0.1145,-0.3000,-0.038,-0.030,-2.5693,-0.0029,0.0222
61.34,13.400,0.1145,-0.3000,-0.2475,-0.0398,-0.0053,-0.0030,0.0222,-2.5838,-0.155,-0.137,0.1176,154.033,8.30663,0.00237469,0.1187,-0.3000,-0.041,-0.032,-2.5767,-0.0030,0.0222
61.43,13.440,0.1187,-0.3000,-0.2466,-0.0399,-0.0056,-0.0032,0.0221,-2.5900,-0.157,-0.139,0.1175,155.509,8.73079,0.00237469,0.1187,-0.3000,-0.045,-0.035,-2.5866,-0.0031,0.0221
61.53,13.460,0.1187,-0.3000,-0.2460,-0.0400,-0.0058,-0.0033,0.0221,-2.5961,-0.159,-0.141,0.1174,156.609,9.0648,0.00209788,0.1187,-0.3000,-0.048,-0.036,-2.5940,-0.0033,0.0221
61.63,13.480,0.1187,-0.3000,-0.2450,-0.0402,-0.0062,-0.0034,0.0221,-2.6023,-0.161,-0.143,0.1173,156.609,9.0648,0.00209788,0.1187,-0.3000,-0.048,-0.036,-2.5940,-0.0034,0.0221
61.73,13.500,0.1187,-0.3000,-0.2444,-0.0404,-0.0064,-0.0035,0.0221,-2.6072,-0.163,-0.144,0.1212,157.704,9.4127,0.00237469,0.1227,-0.3000,-0.051,-0.038,-2.6014,-0.0035,0.0221
61.84,13.540,0.1227,-0.3000,-0.2435,-0.0406,-0.0068,-0.0037,0.0221,-2.6135,-0.166,-0.146,0.1210,159.153,9.8986,0.00237469,0.1227,-0.3000,-0.055,-0.041,-2.6112,-0.0037,0.0221
61.93,13.560,0.1227,-0.3000,-0.2429,-0.0407,-0.0070,-0.0038,0.0220,-2.6198,-0.168,-0.148,0.1209,159.153,9.8986,0.00237469,0.1227,-0.3000,-0.055,-0.041,-2.6112,-0.0038,0.0220
62.03,13.580,0.1227,-0.3000,-0.2420,-0.0408,-0.0073,-0.0040,0.0220,-2.6261,-0.170,-0.150,0.1208,160.232,10.2799,0.00209788,0.1227,-0.3000,-0.059,-0.043,-2.6185,-0.0040,0.0220
62.13,13.600,0.1227,-0.3000,-0.2414,-0.0411,-0.0076,-0.0041,0.0220,-2.6319,-0.172,-0.152,0.1246,161.305,10.6758,0.00237469,0.1267,-0.3000,-0.062,-0.044,-2.6258,-0.0041,0.0220
62.23,13.640,0.1267,-0.3000,-0.2405,-0.0412,-0.0079,-0.0042,0.0220,-2.6382,-0.175,-0.154,0.1244,162.725,11.2271,0.00237469,0.1267,-0.3000,-0.066,-0.047,-2.6354,-0.0042,0.0220
62.33,13.660,0.1267,-0.3000,-0.2400,-0.0413,-0.0081,-0.0044,0.0219,-2.6442,-0.177,-0.157,0.1243,163.782,11.6583,0.00209788,0.1267,-0.3000,-0.069,-0.049,-2.6426,-0.0043,0.0219
62.43,13.680,0.1267,-0.3000,-0.2391,-0.0414,-0.0085,-0.0045,0.0219,-2.6504,-0.180,-0.159,0.1241,163.782,11.6583,0.00209788,0.1267,-0.3000,-0.069,-0.049,-2.6426,-0.0045,0.0219
62.53,13.700,0.1267,-0.3000,-0.2385,-0.0417,-0.0087,-0.0046,0.0219,-2.6564,-0.182,-0.161,0.1278,164.831,12.1051,0.00237469,0.1307,-0.3000,-0.073,-0.051,-2.6498,-0.0046,0.0219
62.63,13.740,0.1307,-0.3000,-0.2377,-0.0418,-0.0091,-0.0048,0.0219,-2.6623,-0.185,-0.163,0.1277,166.219,12.7254,0.00237469,0.1307,-0.3000,-0.077,-0.053,-2.6594,-0.0047,0.0219
62.73,13.760,0.1307,-0.3000,-0.2371,-0.0334,-0.0475,-0.0049,0.0218,-2.6685,-0.187,-0.165,0.1275,167.25,13.2093,0.00209788,0.1307,-0.3000,-0.081,-0.055,-2.6665,-0.0048,0.0218
62.83,13.780,0.1307,-0.3000,-0.2362,-0.0333,-0.0478,-0.0050,0.0218,-2.6747,-0.190,-0.167,0.1273,167.25,13.2093,0.00209788,0.1307,-0.3000,-0.081,-0.055,-2.6665,-0.0050,0.0218
62.93,13.800,0.1307,-0.3000,-0.2357,-0.0332,-0.0488,-0.0051,0.0218,-2.6798,-0.192,-0.169,0.1309,168.274,13.7096,0.00237469,0.1346,-0.3000,-0.084,-0.057,-2.6736,-0.0051,0.0218
63.03,13.840,0.1346,-0.3000,-0.2348,-0.0330,-0.0490,-0.0053,0.0217,-2.6855,-0.194,-0.171,0.1308,169.627,14.4025,0.00237469,0.1346,-0.3000,-0.089,-0.059,-2.6830,-0.0053,0.0217
63.13,13.860,0.1346,-0.3000,-0.2343,-0.0330,-0.0492,-0.0054,0.0217,-2.6911,-0.197,-0.173,0.1306,169.627,14.4025,0.00237469,0.1346,-0.3000,-0.089,-0.059,-2.6830,-0.0054,0.0217
63.23,13.880,0.1346,-0.3000,-0.2335,-0.0328,-0.0494,-0.0055,0.0217,-2.6972,-0.199,-0.175,0.1304,170.631,14.9419,0.00209788,0.1346,-0.3000,-0.093,-0.061,-2.6901,-0.0055,0.0217
63.33,13.900,0.1346,-0.3000,-0.2329,-0.0327,-0.0504,-0.0056,0.0216,-2.7028,-0.202,-0.177,0.1341,171.627,15.4984,0.00237469,0.1384,-0.3000,-0.096,-0.062,-2.6971,-0.0056,0.0217
63.43,13.940,0.1384,-0.3000,-0.2321,-0.0326,-0.0506,-0.0058,0.0216,-2.7088,-0.205,-0.179,0.1339,172.942,16.2675,0.00237469,0.1384,-0.3000,-0.101,-0.065,-2.7064,-0.0058,0.0216
63.53,13.960,0.1384,-0.3000,-0.2315,-0.0325,-0.0508,-0.0059,0.0216,-2.7146,-0.207,-0.181,0.1337,173.917,16.865,0.00209788,0.1384,-0.3000,-0.105,-0.067,-2.7134,-0.0059,0.0216
63.63,13.980,0.1384,-0.3000,-0.2307,-0.0323,-0.0510,-0.0060,0.0215,-2.7206,-0.210,-0.183,0.1336,173.917,16.865,0.00209788,0.1384,-0.3000,-0.105,-0.067,-2.7134,-0.0060,0.0215
63.73,14.000,0.1384,-0.3000,-0.2302,-0.0322,-0.0520,-0.0061,0.0215,-2.7264,-0.213,-0.185,0.1372,174.883,17.4805,0.00237469,0.1423,-0.3000,-0.109,-0.068,-2.7203,-0.0061,0.0215
63.83,14.040,0.1423,-0.3000,-0.2294,-0.0320,-0.0522,-0.0063,0.0215,-2.7321,-0.216,-0.187,0.1371,176.157,18.3295,0.00237469,0.1423,-0.3000,-0.114,-0.071,-2.7295,-0.0063,0.0215
63.93,14.060,0.1423,-0.3000,-0.2289,-0.0319,-0.0524,-0.0064,0.0214,-2.7379,-0.218,-0.189,0.1369,177.101,18.9878,0.00209788,0.1423,-0.3000,-0.118,-0.072,-2.7364,-0.0064,0.0214
64.03,14.080,0.1423,-0.3000,-0.2281,-0.0317,-0.0526,-0.0065,0.0214,-2.7438,-0.221,-0.191,0.1368,177.101,18.9878,0.00209788,0.1423,-0.3000,-0.118,-0.072,-2.7364,-0.0065,0.0214
64.13,14.100,0.1423,-0.3000,-0.2276,-0.0316,-0.0537,-0.0066,0.0214,-2.7493,-0.224,-0.193,0.1404,178.036,19.6649,0.00237469,0.1461,-0.3000,-0.122,-0.074,-2.7432,-0.0066,0.0214
64.23,14.120,0.1461,-0.3000,-0.2270,-0.0315,-0.0539,-0.0067,0.0213,-2.7543,-0.227,-0.195,0.1403,179.266,20.5973,0.00237469,0.1461,-0.3000,-0.127,-0.076,-2.7524,-0.0067,0.0213
64.33,14.160,0.1461,-0.3000,-0.2263,-0.0312,-0.0542,-0.0069,0.0213,-2.7599,-0.230,-0.196,0.1402,179.266,20.5973,0.00237469,0.1461,-0.3000,-0.127,-0.076,-2.7524,-0.0068,0.0213
64.43,14.180,0.1461,-0.3000,-0.2257,-0.0311,-0.0546,-0.0070,0.0212,-2.7656,-0.233,-0.198,0.1401,180.177,21.3191,0.00209788,0.1461,-0.3000,-0.131,-0.078,-2.7592,-0.0069,0.0213
64.53,14.200,0.1461,-0.3000,-0.2258,-0.0326,-0.0426,-0.0071,0.0212,-2.7714,-0.236,-0.200,0.1439,181.078,22.0605,0.00237469,0.1499,-0.3000,-0.135,-0.079,-2.7659,-0.0071,0.0212
64.64,14.240,0.1499,-0.3000,-0.2255,-0.0245,-0.0523,-0.0072,0.0212,-2.7773,-0.239,-0.202,0.1439,182.262,23.0799,0.00237469,0.1499,-0.3000,-0.141,-0.082,-2.7750,-0.0072,0.0212
64.73,14.260,0.1499,-0.3000,-0.2258,-0.0150,-0.0486,-0.0074,0.0211,-2.7830,-0.242,-0.204,0.1441,183.138,23.8679,0.00209788,0.1499,-0.3000,-0.145,-0.083,-2.7817,-0.0073,0.0211
64.83,14.280,0.1499,-0.3000,-0.2468,-0.0473,-0.0167,-0.0075,0.0211,-2.7891,-0.245,-0.206,0.1505,183.138,23.8679,0.00209788,0.1499,-0.3000,-0.145,-0.083,-2.7817,-0.0075,0.0211
64.93,14.300,0.1499,-0.3000,-0.2379,-0.0237,-0.1506,-0.0076,0.0210,-2.7952,-0.249,-0.208,0.1536,184.003,24.6763,0.00237469,0.1536,-0.2871,-0.149,-0.085,-2.7887,-0.0076,0.0210
65.03,14.340,0.1536,-0.2871,-0.2346,-0.0308,-0.0614,-0.0077,0.0210,-2.8013,-0.252,-0.210,0.1535,185.137,25.7864,0.00237469,0.1536,-0.2871,-0.155,-0.087,-2.7983,-0.0077,0.0210
65.13,14.360,0.1536,-0.2871,-0.2340,-0.0307,-0.0614,-0.0079,0.0209,-2.8074,-0.256,-0.212,0.1534,185.974,26.6435,0.00209788,0.1536,-0.2871,-0.159,-0.088,-2.8054,-0.0078,0.0210
65.23,14.380,0.1536,-0.2871,-0.2331,-0.0305,-0.0615,-0.0080,0.0209,-2.8134,-0.259,-0.214,0.1532,185.974,26.6435,0.00209788,0.1536,-0.2871,-0.159,-0.088,-2.8054,-0.0080,0.0209
65.34,14.420,0.1576,-0.2716,-0.2160,-0.0225,-0.1419,-0.0081,0.0208,-2.8193,-0.263,-0.215,0.1570,186.797,27.5218,0.00237469,0.1576,-0.2539,-0.164,-0.090,-2.8124,-0.0081,0.0208
65.43,14.440,0.1576,-0.2543,-0.2049,-0.0310,-0.0556,-0.0082,0.0208,-2.8239,-0.266,-0.217,0.1569,187.876,28.7265,0.00237469,0.1576,-0.2539,-0.169,-0.092,-2.8214,-0.0082,0.0208
65.53,14.460,0.1576,-0.2539,-0.2044,-0.0309,-0.0556,-0.0083,0.0208,-2.8280,-0.269,-0.218,0.1568,187.876,28.7265,0.00237469,0.1576,-0.2539,-0.169,-0.092,-2.8214,-0.0083,0.0208
65.63,14.480,0.1576,-0.2539,-0.2039,-0.0308,-0.0557,-0.0084,0.0207,-2.8335,-0.273,-0.220,0.1567,188.672,29.6552,0.00209788,0.1576,-0.2539,-0.174,-0.093,-2.8276,-0.0084,0.0207
65.73,14.500,0.1576,-0.2539,-0.1952,-0.0221,-0.1345,-0.0085,0.0207,-2.8385,-0.276,-0.222,0.1604,189.456,30.6057,0.00237469,0.1613,-0.2227,-0.178,-0.095,-2.8336,-0.0085,0.0207
65.83,14.540,0.1613,-0.2227,-0.1776,-0.0312,-0.0503,-0.0086,0.0206,-2.8434,-0.280,-0.223,0.1603,190.485,31.9073,0.00237469,0.1613,-0.2227,-0.184,-0.097,-2.8414,-0.0086,0.0206
65.93,14.560,0.1613,-0.2227,-0.1773,-0.0311,-0.0504,-0.0087,0.0206,-2.8481,-0.284,-0.225,0.1603,191.245,32.9093,0.00209788,0.1613,-0.2227,-0.189,-0.098,-2.8468,-0.0087,0.0206
66.03,14.580,0.1613,-0.2227,-0.1767,-0.0310,-0.0504,-0.0088,0.0206,-2.8529,-0.288,-0.227,0.1602,191.245,32.9093,0.00209788,0.1613,-0.2227,-0.189,-0.098,-2.8468,-0.0088,0.0206
66.13,14.620,0.1646,-0.2072,-0.1604,-0.0221,-0.1231,-0.0089,0.0205,-2.8573,-0.292,-0.228,0.1634,191.996,33.9336,0.00237469,0.1646,-0.1958,-0.194,-0.100,-2.8520,-0.0089,0.0205
66.24,14.640,0.1646,-0.1958,-0.1546,-0.0313,-0.0459,-0.0090,0.0205,-2.8617,-0.296,-0.230,0.1634,192.981,35.3344,0.00237469,0.1646,-0.1958,-0.200,-0.101,-2.8587,-0.0090,0.0205
66.33,14.660,0.1646,-0.1958,-0.1542,-0.0312,-0.0460,-0.0091,0.0204,-2.8657,-0.300,-0.232,0.1634,193.71,36.4114,0.00209788,0.1646,-0.1958,-0.205,-0.103,-2.8634,-0.0091,0.0205
66.43,14.700,0.1646,-0.1958,-0.1538,-0.0311,-0.0461,-0.0092,0.0204,-2.8698,-0.304,-0.233,0.1658,194.431,37.5112,0.00237469,0.1674,-0.1725,-0.209,-0.104,-2.8680,-0.0091,0.0204
66.53,14.720,0.1674,-0.1803,-0.1379,-0.0222,-0.1156,-0.0092,0.0204,-2.8735,-0.308,-0.235,0.1662,194.431,37.5112,0.00237469,0.1674,-0.1725,-0.209,-0.104,-2.8680,-0.0092,0.0204
66.64,14.740,0.1674,-0.1725,-0.1350,-0.0314,-0.0422,-0.0093,0.0203,-2.8769,-0.312,-0.236,0.1662,195.379,39.0135,0.00237469,0.1674,-0.1725,-0.216,-0.106,-2.8738,-0.0093,0.0203
66.73,14.760,0.1674,-0.1725,-0.1348,-0.0314,-0.0423,-0.0094,0.0203,-2.8798,-0.316,-0.237,0.1662,196.081,40.1673,0.00209788,0.1674,-0.1725,-0.221,-0.107,-2.8778,-0.0093,0.0203
66.83,14.800,0.1674,-0.1725,-0.1345,-0.0313,-0.0424,-0.0094,0.0203,-2.8833,-0.320,-0.239,0.1678,196.776,41.3444,0.00237469,0.1698,-0.1524,-0.226,-0.108,-2.8818,-0.0094,0.0203
66.94,14.820,0.1698,-0.1570,-0.1187,-0.0222,-0.1091,-0.0095,0.0203,-2.8865,-0.324,-0.240,0.1686,196.776,41.3444,0.00237469,0.1698,-0.1524,-0.226,-0.108,-2.8818,-0.0095,0.0203
67.03,14.840,0.1698,-0.1524,-0.1184,-0.0315,-0.0391,-0.0096,0.0202,-2.8896,-0.328,-0.241,0.1686,197.692,42.9506,0.00237469,0.1698,-0.1524,-0.232,-0.110,-2.8869,-0.0096,0.0202
67.13,14.880,0.1698,-0.1524,-0.1181,-0.0314,-0.0392,-0.0096,0.0202,-2.8929,-0.333,-0.243,0.1686,198.371,44.1829,0.00209788,0.1698,-0.1524,-0.237,-0.111,-2.8905,-0.0096,0.0202
67.23,14.900,0.1698,-0.1524,-0.1180,-0.0314,-0.0393,-0.0097,0.0202,-2.8959,-0.337,-0.244,0.1708,199.043,45.4391,0.00237469,0.1719,-0.1348,-0.242,-0.113,-2.8940,-0.0097,0.0202
67.33,14.920,0.1719,-0.1373,-0.1042,-0.0316,-0.0365,-0.0097,0.0201,-2.8987,-0.341,-0.246,0.1708,199.93,47.1517,0.00237469,0.1719,-0.1348,-0.249,-0.114,-2.8984,-0.0097,0.0201
67.43,14.960,0.1719,-0.1348,-0.1040,-0.0316,-0.0365,-0.0098,0.0201,-2.9014,-0.345,-0.247,0.1708,199.93,47.1517,0.00237469,0.1719,-0.1348,-0.249,-0.114,-2.8984,-0.0098,0.0201
67.53,14.980,0.1719,-0.1348,-0.1039,-0.0315,-0.0366,-0.0099,0.0201,-2.9042,-0.350,-0.248,0.1708,200.589,48.4644,0.00209788,0.1719,-0.1348,-0.254,-0.116,-2.9015,-0.0098,0.0201
67.63,15.000,0.1719,-0.1348,-0.0960,-0.0223,-0.1008,-0.0099,0.0201,-2.9068,-0.354,-0.249,0.1727,201.242,49.8016,0.00237469,0.1737,-0.1195,-0.259,-0.117,-2.9046,-0.0099,0.0201
67.73,15.020,0.1737,-0.1206,-0.0918,-0.0316,-0.0342,-0.0100,0.0200,-2.9091,-0.358,-0.251,0.1727,202.105,51.623,0.00237469,0.1737,-0.1195,-0.265,-0.118,-2.9085,-0.0099,0.0200
67.83,15.060,0.1737,-0.1195,-0.0916,-0.0316,-0.0343,-0.0100,0.0200,-2.9114,-0.362,-0.252,0.1727,202.105,51.623,0.00237469,0.1737,-0.1195,-0.265,-0.118,-2.9085,-0.0100,0.0200
67.93,15.080,0.1737,-0.1195,-0.0915,-0.0316,-0.0343,-0.0100,0.0200,-2.9136,-0.366,-0.253,0.1727,202.746,53.018,0.00209788,0.1737,-0.1195,-0.270,-0.120,-2.9113,-0.0100,0.0200
68.03,15.100,0.1737,-0.1195,-0.0837,-0.0225,-0.0966,-0.0101,0.0200,-2.9159,-0.371,-0.254,0.1744,203.382,54.4381,0.00237469,0.1753,-0.1060,-0.275,-0.121,-2.9140,-0.0101,0.0200
68.13,15.120,0.1753,-0.1064,-0.0810,-0.0317,-0.0323,-0.0101,0.0199,-2.9180,-0.375,-0.255,0.1744,204.224,56.3709,0.00237469,0.1753,-0.1060,-0.282,-0.122,-2.9174,-0.0101,0.0199
68.23,15.160,0.1753,-0.1060,-0.0809,-0.0316,-0.0324,-0.0102,0.0199,-2.9202,-0.380,-0.256,0.1744,204.224,56.3709,0.00237469,0.1753,-0.1060,-0.282,-0.122,-2.9174,-0.0102,0.0199
68.33,15.180,0.1753,-0.1060,-0.0808,-0.0316,-0.0324,-0.0102,0.0199,-2.9223,-0.384,-0.258,0.1744,204.85,57.8501,0.00209788,0.1753,-0.1060,-0.287,-0.124,-2.9198,-0.0102,0.0199
68.43,15.200,0.1753,-0.1060,-0.0731,-0.0226,-0.0930,-0.0103,0.0199,-2.9242,-0.388,-0.259,0.1759,205.472,59.3551,0.00237469,0.1767,-0.0942,-0.293,-0.125,-2.9222,-0.0102,0.0199
68.53,15.240,0.1767,-0.0942,-0.0716,-0.0316,-0.0307,-0.0103,0.0199,-2.9260,-0.393,-0.260,0.1759,206.295,61.4018,0.00237469,0.1767,-0.0942,-0.299,-0.126,-2.9253,-0.0103,0.0199
68.63,15.260,0.1767,-0.0942,-0.0715,-0.0316,-0.0307,-0.0103,0.0198,-2.9277,-0.396,-0.261,0.1759,206.295,61.4018,0.00237469,0.1767,-0.0942,-0.299,-0.126,-2.9253,-0.0103,0.0198
68.73,15.280,0.1767,-0.0942,-0.0715,-0.0316,-0.0308,-0.0104,0.0198,-2.9295,-0.401,-0.262,0.1759,206.908,62.9673,0.00209788,0.1767,-0.0942,-0.305,-0.127,-2.9274,-0.0104,0.0198
68.83,15.300,0.1767,-0.0942,-0.0638,-0.0227,-0.0898,-0.0104,0.0198,-2.9310,-0.405,-0.263,0.1773,207.518,64.559,0.00237469,0.1780,-0.0838,-0.310,-0.129,-2.9295,-0.0104,0.0198
68.93,15.320,0.1780,-0.0838,-0.0635,-0.0316,-0.0292,-0.0104,0.0198,-2.9326,-0.409,-0.264,0.1773,208.325,66.7224,0.00237469,0.1780,-0.0838,-0.317,-0.130,-2.9322,-0.0104,0.0198
69.03,15.360,0.1780,-0.0838,-0.0634,-0.0316,-0.0293,-0.0105,0.0198,-2.9344,-0.414,-0.265,0.1773,208.325,66.7224,0.00237469,0.1780,-0.0838,-0.317,-0.130,-2.9322,-0.0104,0.0198
69.13,15.380,0.1780,-0.0838,-0.0633,-0.0316,-0.0293,-0.0105,0.0198,-2.9358,-0.418,-0.266,0.1773,208.927,68.3761,0.00209788,0.1780,-0.0838,-0.322,-0.131,-2.9341,-0.0105,0.0198
69.23,15.400,0.1780,-0.0838,-0.0563,-0.0299,-0.0394,-0.0105,0.0197,-2.9374,-0.422,-0.267,0.1784,209.526,70.0566,0.00237469,0.1791,-0.0746,-0.327,-0.132,-2.9360,-0.0105,0.0197
69.33,15.440,0.1791,-0.0746,-0.0563,-0.0316,-0.0280,-0.0105,0.0197,-2.9388,-0.427,-0.268,0.1784,210.321,72.3394,0.00237469,0.1791,-0.0746,-0.334,-0.134,-2.9384,-0.0105,0.0197
69.43,15.460,0.1791,-0.0746,-0.0562,-0.0316,-0.0280,-0.0106,0.0197,-2.9403,-0.431,-0.269,0.1784,210.914,74.0833,0.00209788,0.1791,-0.0746,-0.339,-0.135,-2.9400,-0.0106,0.0197
69.53,15.480,0.1791,-0.0746,-0.0562,-0.0316,-0.0281,-0.0106,0.0197,-2.9418,-0.436,-0.270,0.1784,210.914,74.0833,0.00209788,0.1791,-0.0746,-0.339,-0.135,-2.9400,-0.0106,0.0197
69.63,15.500,0.1791,-0.0746,-0.0499,-0.0386,-0.0418,-0.0106,0.0197,-2.9431,-0.440,-0.271,0.1795,211.504,75.8547,0.00237469,0.1800,-0.0664,-0.345,-0.136,-2.9417,-0.0106,0.0197
69.73,15.540,0.1800,-0.0664,-0.0498,-0.0318,-0.0273,-0.0107,0.0197,-2.9443,-0.444,-0.272,0.1795,212.287,78.2596,0.00237469,0.1800,-0.0664,-0.352,-0.137,-2.9438,-0.0107,0.0197
69.83,15.560,0.1800,-0.0664,-0.0498,-0.0318,-0.0275,-0.0107,0.0197,-2.9455,-0.449,-0.273,0.1795,212.872,80.0958,0.00209788,0.1800,-0.0664,-0.357,-0.138,-2.9453,-0.0107,0.0197
69.94,15.580,0.1800,-0.0664,-0.0496,-0.0323,-0.0285,-0.0107,0.0196,-2.9468,-0.453,-0.274,0.1794,212.872,80.0958,0.00209788,0.1800,-0.0664,-0.357,-0.138,-2.9453,-0.0107,0.0196
70.03,15.600,0.1800,-0.0664,-0.0441,-0.0346,-0.0267,-0.0107,0.0196,-2.9479,-0.457,-0.275,0.1803,213.455,81.9601,0.00237469,0.1809,-0.0593,-0.362,-0.139,-2.9468,-0.0107,0.0196
70.13,15.620,0.1809,-0.0593,-0.0405,-0.0349,-0.0191,-0.0107,0.0196,-2.9488,-0.461,-0.276,0.1795,214.229,84.4898,0.00237469,0.1809,-0.0593,-0.369,-0.141,-2.9486,-0.0107,0.0196
70.23,15.660,0.1809,-0.0593,-0.0405,-0.0349,-0.0191,-0.0108,0.0196,-2.9498,-0.465,-0.277,0.1795,214.229,84.4898,0.00237469,0.1809,-0.0593,-0.369,-0.141,-2.9486,-0.0108,0.0196
70.33,15.680,0.1809,-0.0593,-0.0404,-0.0348,-0.0191,-0.0108,0.0196,-2.9507,-0.469,-0.277,0.1794,214.807,86.4204,0.00209788,0.1809,-0.0593,-0.375,-0.142,-2.9498,-0.0108,0.0196
70.43,15.700,0.1809,-0.0593,-0.0404,-0.0348,-0.0192,-0.0108,0.0196,-2.9517,-0.474,-0.278,0.1801,215.385,88.3796,0.00237469,0.1816,-0.0531,-0.380,-0.143,-2.9510,-0.0108,0.0196
70.53,15.720,0.1816,-0.0531,-0.0362,-0.0315,-0.0244,-0.0108,0.0196,-2.9526,-0.478,-0.279,0.1801,216.152,91.0369,0.00237469,0.1816,-0.0531,-0.387,-0.144,-2.9525,-0.0108,0.0196
70.64,15.760,0.1816,-0.0531,-0.0362,-0.0315,-0.0244,-0.0108,0.0196,-2.9536,-0.483,-0.280,0.1801,216.152,91.0369,0.00237469,0.1816,-0.0531,-0.387,-0.144,-2.9525,-0.0108,0.0196
70.73,15.780,0.1816,-0.0531,-0.0362,-0.0315,-0.0244,-0.0109,0.0196,-2.9545,-0.487,-0.281,0.1801,216.727,93.0638,0.00209788,0.1816,-0.0531,-0.393,-0.145,-2.9536,-0.0108,0.0196
70.84,15.800,0.1816,-0.0531,-0.0327,-0.0315,-0.0238,-0.0109,0.0196,-2.9553,-0.492,-0.282,0.1809,217.3,95.1201,0.00237469,0.1823,-0.0480,-0.398,-0.146,-2.9547,-0.0109,0.0196
70.94,15.820,0.1823,-0.0480,-0.0327,-0.0315,-0.0238,-0.0109,0.0195,-2.9561,-0.496,-0.283,0.1809,218.064,97.9078,0.00237469,0.1823,-0.0480,-0.405,-0.148,-2.9560,-0.0109,0.0195
71.03,15.840,0.1823,-0.0480,-0.0328,-0.0324,-0.0237,-0.0109,0.0195,-2.9569,-0.500,-0.284,0.1808,218.064,97.9078,0.00237469,0.1823,-0.0480,-0.405,-0.148,-2.9560,-0.0109,0.0195
71.13,15.880,0.1823,-0.0480,-0.0329,-0.0348,-0.0233,-0.0109,0.0195,-2.9578,-0.505,-0.285,0.1808,218.635,100.033,0.00209788,0.1823,-0.0480,-0.410,-0.149,-2.9570,-0.0109,0.0195
71.23,15.900,0.1823,-0.0480,-0.0324,-0.0339,-0.0194,-0.0109,0.0195,-2.9587,-0.510,-0.286,0.1805,219.205,102.189,0.00237469,0.1828,-0.0434,-0.416,-0.150,-2.9580,-0.0109,0.0195
73.80,16.560,0.1853,-0.0224,-0.0166,-0.0313,-0.0213,-0.0112,0.0193,-2.9744,-0.627,-0.307,0.1841,231.256,155.701,0.00237469,0.1853,-0.0224,-0.532,-0.170,-2.9738,-0.0112,0.0193
73.90,16.580,0.1853,-0.0224,-0.0166,-0.0313,-0.0213,-0.0112,0.0193,-2.9748,-0.631,-0.308,0.1841,231.821,158.58,0.00209788,0.1853,-0.0224,-0.537,-0.171,-2.9743,-0.0112,0.0193
74.00,16.600,0.1853,-0.0224,-0.0148,-0.0313,-0.0210,-0.0113,0.0193,-2.9752,-0.636,-0.309,0.1845,232.386,161.494,0.00237469,0.1856,-0.0201,-0.543,-0.172,-2.9748,-0.0113,0.0193
74.10,16.620,0.1856,-0.0201,-0.0148,-0.0313,-0.0210,-0.0113,0.0193,-2.9755,-0.640,-0.310,0.1845,233.139,165.434,0.00237469,0.1856,-0.0201,-0.550,-0.173,-2.9754,-0.0113,0.0193
74.20,16.660,0.1856,-0.0201,-0.0148,-0.0313,-0.0211,-0.0113,0.0193,-2.9759,-0.645,-0.311,0.1845,233.139,165.434,0.00237469,0.1856,-0.0201,-0.550,-0.173,-2.9754,-0.0113,0.0193
74.30,16.680,0.1856,-0.0201,-0.0148,-0.0313,-0.0211,-0.0113,0.0193,-2.9763,-0.649,-0.311,0.1845,233.705,168.431,0.00209788,0.1856,-0.0201,-0.555,-0.174,-2.9759,-0.0113,0.0193
74.40,16.700,0.1856,-0.0201,-0.0133,-0.0313,-0.0208,-0.0113,0.0193,-2.9766,-0.653,-0.312,0.1849,234.272,171.463,0.00237469,0.1858,-0.0180,-0.561,-0.175,-2.9763,-0.0113,0.0193
74.50,16.720,0.1858,-0.0180,-0.0133,-0.0313,-0.0208,-0.0113,0.0193,-2.9769,-0.658,-0.313,0.1849,235.028,175.561,0.00237469,0.1858,-0.0180,-0.568,-0.176,-2.9769,-0.0113,0.0193
74.60,16.760,0.1858,-0.0180,-0.0133,-0.0312,-0.0208,-0.0113,0.0193,-2.9773,-0.663,-0.314,0.1849,235.028,175.561,0.00237469,0.1858,-0.0180,-0.568,-0.176,-2.9769,-0.0113,0.0193
74.70,16.780,0.1858,-0.0180,-0.0133,-0.0312,-0.0208,-0.0113,0.0193,-2.9776,-0.668,-0.315,0.1849,235.596,178.677,0.00209788,0.1858,-0.0180,-0.574,-0.177,-2.9772,-0.0113,0.0193
74.80,16.800,0.1858,-0.0180,-0.0119,-0.0312,-0.0206,-0.0113,0.0193,-2.9779,-0.672,-0.315,0.1852,236.165,181.829,0.00237469,0.1861,-0.0162,-0.579,-0.178,-2.9776,-0.0113,0.0193
74.90,16.820,0.1861,-0.0162,-0.0119,-0.0312,-0.0206,-0.0113,0.0193,-2.9782,-0.676,-0.316,0.1852,236.925,186.089,0.00237469,0.1861,-0.0162,-0.587,-0.179,-2.9781,-0.0113,0.0193
75.00,16.860,0.1861,-0.0162,-0.0119,-0.0312,-0.0206,-0.0113,0.0193,-2.9785,-0.681,-0.317,0.1852,236.925,186.089,0.00237469,0.1861,-0.0162,-0.587,-0.179,-2.9781,-0.0113,0.0193
75.10,16.880,0.1861,-0.0162,-0.0119,-0.0312,-0.0206,-0.0113,0.0193,-2.9788,-0.686,-0.318,0.1852,237.495,189.327,0.00209788,0.1861,-0.0162,-0.592,-0.180,-2.9785,-0.0113,0.0193
75.20,16.900,0.1861,-0.0162,-0.0107,-0.0312,-0.0204,-0.0113,0.0193,-2.9791,-0.690,-0.318,0.1855,238.066,192.602,0.00237469,0.1863,-0.0145,-0.598,-0.181,-2.9788,-0.0113,0.0193
75.30,16.920,0.1863,-0.0145,-0.0107,-0.0312,-0.0204,-0.0113,0.0193,-2.9794,-0.695,-0.319,0.1855,238.829,197.026,0.00237469,0.1863,-0.0145,-0.605,-0.182,-2.9793,-0.0113,0.0193
75.40,16.960,0.1863,-0.0145,-0.0107,-0.0312,-0.0204,-0.0113,0.0193,-2.9796,-0.700,-0.320,0.1855,238.829,197.026,0.00237469,0.1863,-0.0145,-0.605,-0.182,-2.9793,-0.0113,0.0193
75.50,16.980,0.1863,-0.0145,-0.0107,-0.0312,-0.0204,-0.0113,0.0193,-2.9799,-0.705,-0.321,0.1855,239.402,200.388,0.00209788,0.1863,-0.0145,-0.611,-0.183,-2.9796,-0.0113,0.0193
75.60,17.000,0.1863,-0.0145,-0.0096,-0.0312,-0.0202,-0.0114,0.0193,-2.9802,-0.709,-0.322,0.1857,239.977,203.789,0.00237469,0.1864,-0.0130,-0.616,-0.184,-2.9799,-0.0113,0.0193
75.70,17.040,0.1864,-0.0130,-0.0096,-0.0312,-0.0202,-0.0114,0.0193,-2.9804,-0.714,-0.322,0.1857,240.744,208.381,0.00237469,0.1864,-0.0130,-0.623,-0.185,-2.9803,-0.0114,0.0193
75.80,17.060,0.1864,-0.0130,-0.0096,-0.0312,-0.0203,-0.0114,0.0193,-2.9807,-0.719,-0.323,0.1857,241.32,211.87,0.00209788,0.1864,-0.0130,-0.629,-0.186,-2.9806,-0.0114,0.0193
75.90,17.080,0.1864,-0.0130,-0.0096,-0.0319,-0.0188,-0.0114,0.0193,-2.9810,-0.724,-0.324,0.1858,241.32,211.87,0.00209788,0.1864,-0.0130,-0.629,-0.186,-2.9806,-0.0114,0.0193
76.00,17.120,0.1866,-0.0117,-0.0087,-0.0307,-0.0199,-0.0114,0.0193,-2.9812,-0.728,-0.325,0.1860,241.898,215.398,0.00237469,0.1866,-0.0117,-0.634,-0.187,-2.9809,-0.0114,0.0193
76.10,17.140,0.1866,-0.0117,-0.0095,-0.0320,-0.0189,-0.0114,0.0193,-2.9814,-0.733,-0.325,0.1866,242.669,220.162,0.00237469,0.1866,-0.0117,-0.642,-0.188,-2.9813,-0.0114,0.0193
76.20,17.160,0.1866,-0.0117,-0.0095,-0.0320,-0.0189,-0.0114,0.0193,-2.9816,-0.738,-0.326,0.1865,243.249,223.781,0.00209788,0.1866,-0.0117,-0.647,-0.189,-2.9815,-0.0114,0.0193
76.30,17.180,0.1866,-0.0117,-0.0095,-0.0320,-0.0189,-0.0114,0.0193,-2.9819,-0.743,-0.327,0.1865,243.249,223.781,0.00209788,0.1866,-0.0117,-0.647,-0.189,-2.9815,-0.0114,0.0193
76.40,17.220,0.1867,-0.0105,-0.0085,-0.0319,-0.0188,-0.0114,0.0193,-2.9821,-0.747,-0.328,0.1866,243.83,227.439,0.00237469,0.1867,-0.0105,-0.653,-0.190,-2.9818,-0.0114,0.0193
76.50,17.240,0.1867,-0.0105,-0.0085,-0.0319,-0.0189,-0.0114,0.0193,-2.9823,-0.751,-0.328,0.1866,244.607,232.378,0.00237469,0.1867,-0.0105,-0.660,-0.191,-2.9822,-0.0114,0.0193
76.60,17.260,0.1867,-0.0105,-0.0085,-0.0319,-0.0189,-0.0114,0.0192,-2.9825,-0.756,-0.329,0.1866,245.19,236.129,0.00209788,0.1867,-0.0105,-0.666,-0.192,-2.9824,-0.0114,0.0192
76.70,17.280,0.1867,-0.0105,-0.0085,-0.0319,-0.0189,-0.0114,0.0192,-2.9827,-0.761,-0.330,0.1866,245.19,236.129,0.00209788,0.1867,-0.0105,-0.666,-0.192,-2.9824,-0.0114,0.0192
76.80,17.320,0.1869,-0.0093,-0.0075,-0.0318,-0.0188,-0.0114,0.0192,-2.9829,-0.765,-0.331,0.1867,245.775,239.92,0.00237469,0.1869,-0.0093,-0.671,-0.193,-2.9827,-0.0114,0.0192
76.90,17.340,0.1869,-0.0093,-0.0075,-0.0318,-0.0188,-0.0114,0.0192,-2.9831,-0.770,-0.331,0.1866,246.556,245.038,0.00237469,0.1869,-0.0093,-0.679,-0.194,-2.9830,-0.0114,0.0192
77.00,17.360,0.1869,-0.0093,-0.0075,-0.0317,-0.0188,-0.0114,0.0192,-2.9833,-0.775,-0.332,0.1866,247.144,248.923,0.00209788,0.1869,-0.0093,-0.684,-0.195,-2.9832,-0.0114,0.0192
77.10,17.400,0.1869,-0.0093,-0.0075,-0.0316,-0.0188,-0.0114,0.0192,-2.9835,-0.780,-0.333,0.1867,247.732,252.85,0.00237469,0.1870,-0.0082,-0.690,-0.196,-2.9834,-0.0114,0.0192
77.20,17.420,0.1870,-0.0082,-0.0066,-0.0305,-0.0199,-0.0114,0.0192,-2.9837,-0.785,-0.334,0.1867,247.732,252.85,0.00237469,0.1870,-0.0082,-0.690,-0.196,-2.9834,-0.0114,0.0192
77.30,17.440,0.1870,-0.0082,-0.0060,-0.0317,-0.0188,-0.0114,0.0192,-2.9838,-0.789,-0.335,0.1871,248.519,258.15,0.00237469,0.1870,-0.0082,-0.697,-0.197,-2.9837,-0.0114,0.0192
77.40,17.480,0.1870,-0.0082,-0.0060,-0.0316,-0.0188,-0.0114,0.0192,-2.9840,-0.794,-0.335,0.1871,249.111,262.173,0.00209788,0.1870,-0.0082,-0.703,-0.198,-2.9839,-0.0114,0.0192
77.50,17.500,0.1870,-0.0082,-0.0060,-0.0316,-0.0188,-0.0114,0.0192,-2.9841,-0.799,-0.336,0.1872,249.704,266.237,0.00237469,0.1871,-0.0073,-0.708,-0.199,-2.9841,-0.0114,0.0192
77.60,17.520,0.1871,-0.0073,-0.0054,-0.0316,-0.0188,-0.0114,0.0192,-2.9843,-0.804,-0.337,0.1872,249.704,266.237,0.00237469,0.1871,-0.0073,-0.708,-0.199,-2.9841,-0.0114,0.0192
77.70,17.540,0.1871,-0.0073,-0.0054,-0.0316,-0.0188,-0.0114,0.0192,-2.9844,-0.808,-0.338,0.1871,250.497,271.722,0.00237469,0.1871,-0.0073,-0.716,-0.200,-2.9843,-0.0114,0.0192
77.80,17.580,0.1871,-0.0073,-0.0054,-0.0316,-0.0188,-0.0114,0.0192,-2.9845,-0.813,-0.338,0.1871,251.093,275.886,0.00209788,0.1871,-0.0073,-0.721,-0.201,-2.9844,-0.0114,0.0192
77.90,17.600,0.1871,-0.0073,-0.0054,-0.0316,-0.0188,-0.0114,0.0192,-2.9847,-0.818,-0.339,0.1872,251.691,280.091,0.00237469,0.1872,-0.0066,-0.727,-0.202,-2.9846,-0.0114,0.0192
78.00,17.620,0.1872,-0.0066,-0.0048,-0.0315,-0.0188,-0.0114,0.0192,-2.9848,-0.823,-0.340,0.1872,251.691,280.091,0.00237469,0.1872,-0.0066,-0.727,-0.202,-2.9846,-0.0114,0.0192
78.10,17.640,0.1872,-0.0066,-0.0048,-0.0315,-0.0188,-0.0114,0.0192,-2.9849,-0.828,-0.341,0.1872,252.491,285.765,0.00237469,0.1872,-0.0066,-0.734,-0.203,-2.9848,-0.0114,0.0192
78.20,17.680,0.1872,-0.0066,-0.0048,-0.0315,-0.0188,-0.0114,0.0192,-2.9851,-0.832,-0.341,0.1871,253.092,290.071,0.00209788,0.1872,-0.0066,-0.740,-0.204,-2.9849,-0.0114,0.0192
78.30,17.700,0.1872,-0.0066,-0.0043,-0.0311,-0.0194,-0.0114,0.0192,-2.9852,-0.837,-0.342,0.1872,253.695,294.42,0.00237469,0.1873,-0.0059,-0.745,-0.205,-2.9851,-0.0114,0.0192
78.40,17.720,0.1873,-0.0059,-0.0043,-0.0311,-0.0194,-0.0114,0.0192,-2.9853,-0.842,-0.343,0.1872,254.501,300.287,0.00237469,0.1873,-0.0059,-0.753,-0.206,-2.9853,-0.0114,0.0192
78.50,17.760,0.1873,-0.0059,-0.0043,-0.0311,-0.0194,-0.0115,0.0192,-2.9854,-0.847,-0.344,0.1872,254.501,300.287,0.00237469,0.1873,-0.0059,-0.753,-0.206,-2.9853,-0.0115,0.0192
78.60,17.780,0.1873,-0.0059,-0.0043,-0.0311,-0.0194,-0.0115,0.0192,-2.9855,-0.852,-0.344,0.1872,255.108,304.738,0.00209788,0.1873,-0.0059,-0.758,-0.207,-2.9854,-0.0115,0.0192
78.70,17.800,0.1873,-0.0059,-0.0039,-0.0311,-0.0193,-0.0115,0.0192,-2.9856,-0.857,-0.345,0.1873,255.716,309.234,0.00237469,0.1874,-0.0053,-0.764,-0.208,-2.9855,-0.0115,0.0192
78.80,17.840,0.1874,-0.0053,-0.0039,-0.0311,-0.0193,-0.0115,0.0192,-2.9857,-0.862,-0.346,0.1873,256.53,315.297,0.00237469,0.1874,-0.0053,-0.771,-0.209,-2.9857,-0.0115,0.0192
78.90,17.860,0.1874,-0.0053,-0.0039,-0.0311,-0.0193,-0.0115,0.0192,-2.9858,-0.866,-0.347,0.1873,257.142,319.897,0.00209788,0.1874,-0.0053,-0.777,-0.210,-2.9858,-0.0115,0.0192
79.00,17.880,0.1874,-0.0053,-0.0039,-0.0311,-0.0193,-0.0115,0.0192,-2.9859,-0.871,-0.347,0.1873,257.142,319.897,0.00209788,0.1874,-0.0053,-0.777,-0.210,-2.9858,-0.0115,0.0192
79.10,17.900,0.1874,-0.0053,-0.0035,-0.0311,-0.0192,-0.0115,0.0192,-2.9860,-0.876,-0.348,0.1874,257.755,324.541,0.00237469,0.1874,-0.0048,-0.782,-0.211,-2.9859,-0.0115,0.0192
79.20,17.940,0.1874,-0.0048,-0.0035,-0.0311,-0.0192,-0.0115,0.0192,-2.9861,-0.880,-0.349,0.1874,258.576,330.804,0.00237469,0.1874,-0.0048,-0.790,-0.212,-2.9861,-0.0115,0.0192
79.30,17.960,0.1874,-0.0048,-0.0035,-0.0311,-0.0192,-0.0115,0.0192,-2.9862,-0.885,-0.350,0.1874,259.194,335.555,0.00209788,0.1874,-0.0048,-0.795,-0.213,-2.9862,-0.0115,0.0192
79.40,17.980,0.1874,-0.0048,-0.0035,-0.0311,-0.0192,-0.0115,0.0192,-2.9863,-0.890,-0.351,0.1874,259.194,335.555,0.00209788,0.1874,-0.0048,-0.795,-0.213,-2.9862,-0.0115,0.0192
79.50,18.020,0.1769,-0.0203,-0.0182,-0.0296,-0.0177,-0.0115,0.0192,-2.9865,-0.894,-0.351,0.1771,259.813,340.351,0.00237469,0.1765,-0.0958,-0.801,-0.213,-2.9863,-0.0115,0.0192
79.60,18.040,0.1765,-0.0403,-0.0328,-0.0174,-0.0104,-0.0115,0.0192,-2.9873,-0.899,-0.352,0.1775,260.641,346.819,0.00237469,0.1765,-0.0958,-0.808,-0.215,-2.9867,-0.0115,0.0192
79.70,18.060,0.1765,-0.0603,-0.0548,-0.0192,-0.0115,-0.0115,0.0192,-2.9885,-0.903,-0.353,0.1778,261.263,351.724,0.00209788,0.1765,-0.0958,-0.813,-0.215,-2.9877,-0.0115,0.0192
79.80,18.100,0.1765,-0.0958,-0.0701,-0.0366,-0.0221,-0.0115,0.0192,-2.9903,-0.908,-0.353,0.1780,261.881,356.676,0.00237469,0.1767,-0.0944,-0.818,-0.216,-2.9894,-0.0115,0.0192
79.90,18.120,0.1767,-0.0944,-0.0690,-0.0365,-0.0221,-0.0116,0.0191,-2.9921,-0.913,-0.354,0.1779,261.881,356.676,0.00237469,0.1767,-0.0944,-0.818,-0.216,-2.9894,-0.0116,0.0191
80.00,18.140,0.1767,-0.0944,-0.0690,-0.0365,-0.0222,-0.0116,0.0191,-2.9939,-0.918,-0.355,0.1778,262.697,363.355,0.00237469,0.1767,-0.0944,-0.825,-0.217,-2.9922,-0.0116,0.0191
80.10,18.180,0.1767,-0.0944,-0.0689,-0.0365,-0.0222,-0.0116,0.0191,-2.9958,-0.922,-0.356,0.1776,263.301,368.421,0.00209788,0.1767,-0.0944,-0.831,-0.218,-2.9944,-0.0116,0.0191
80.20,18.200,0.1767,-0.0944,-0.0688,-0.0364,-0.0223,-0.0117,0.0191,-2.9974,-0.926,-0.356,0.1783,263.899,373.536,0.00237469,0.1778,-0.0852,-0.836,-0.219,-2.9965,-0.0117,0.0191
80.30,18.220,0.1778,-0.0852,-0.0620,-0.0359,-0.0220,-0.0117,0.0191,-2.9989,-0.931,-0.357,0.1781,263.899,373.536,0.00237469,0.1778,-0.0852,-0.836,-0.219,-2.9965,-0.0117,0.0191
80.40,18.240,0.1778,-0.0852,-0.0620,-0.0359,-0.0221,-0.0117,0.0190,-3.0006,-0.935,-0.358,0.1779,264.686,380.434,0.00237469,0.1778,-0.0852,-0.843,-0.220,-2.9991,-0.0117,0.0190
80.50,18.280,0.1778,-0.0852,-0.0619,-0.0358,-0.0222,-0.0118,0.0190,-3.0022,-0.940,-0.358,0.1778,265.269,385.665,0.00209788,0.1778,-0.0852,-0.848,-0.221,-3.0010,-0.0118,0.0190
80.60,18.300,0.1778,-0.0852,-0.0619,-0.0358,-0.0222,-0.0118,0.0190,-3.0038,-0.944,-0.359,0.1784,265.847,390.946,0.00237469,0.1789,-0.0761,-0.853,-0.221,-3.0028,-0.0118,0.0190
80.70,18.320,0.1789,-0.0761,-0.0552,-0.0303,-0.0299,-0.0118,0.0190,-3.0053,-0.949,-0.360,0.1784,265.847,390.946,0.00237469,0.1789,-0.0761,-0.853,-0.221,-3.0028,-0.0118,0.0190
80.80,18.340,0.1789,-0.0761,-0.0551,-0.0303,-0.0299,-0.0119,0.0190,-3.0067,-0.954,-0.361,0.1784,266.608,398.066,0.00237469,0.1789,-0.0761,-0.860,-0.222,-3.0052,-0.0118,0.0190
80.90,18.380,0.1789,-0.0761,-0.0551,-0.0303,-0.0299,-0.0119,0.0189,-3.0081,-0.958,-0.361,0.1784,267.173,403.464,0.00209788,0.1789,-0.0761,-0.866,-0.223,-3.0068,-0.0119,0.0190
81.00,18.400,0.1789,-0.0761,-0.0492,-0.0303,-0.0288,-0.0119,0.0189,-3.0095,-0.963,-0.362,0.1795,267.733,408.914,0.00237469,0.1799,-0.0680,-0.871,-0.224,-3.0084,-0.0119,0.0189
81.10,18.420,0.1799,-0.0680,-0.0492,-0.0303,-0.0288,-0.0119,0.0189,-3.0107,-0.967,-0.363,0.1795,268.472,416.259,0.00237469,0.1799,-0.0680,-0.878,-0.225,-3.0105,-0.0119,0.0189
81.20,18.460,0.1799,-0.0680,-0.0490,-0.0304,-0.0291,-0.0120,0.0189,-3.0121,-0.972,-0.363,0.1794,268.472,416.259,0.00237469,0.1799,-0.0680,-0.878,-0.225,-3.0105,-0.0120,0.0189
81.30,18.480,0.1799,-0.0680,-0.0490,-0.0304,-0.0292,-0.0120,0.0189,-3.0133,-0.977,-0.364,0.1794,269.022,421.828,0.00209788,0.1799,-0.0680,-0.884,-0.225,-3.0120,-0.0120,0.0189
81.40,18.500,0.1799,-0.0680,-0.0438,-0.0305,-0.0285,-0.0120,0.0189,-3.0145,-0.981,-0.365,0.1803,269.566,427.448,0.00237469,0.1807,-0.0609,-0.889,-0.226,-3.0134,-0.0120,0.0189
81.50,18.520,0.1807,-0.0609,-0.0437,-0.0307,-0.0291,-0.0120,0.0189,-3.0156,-0.985,-0.365,0.1803,270.286,435.022,0.00237469,0.1807,-0.0609,-0.896,-0.227,-3.0153,-0.0120,0.0189
81.60,18.560,0.1807,-0.0609,-0.0434,-0.0352,-0.0283,-0.0120,0.0188,-3.0166,-0.990,-0.366,0.1802,270.286,435.022,0.00237469,0.1807,-0.0609,-0.896,-0.227,-3.0153,-0.0120,0.0188
81.70,18.580,0.1807,-0.0609,-0.0401,-0.0338,-0.0216,-0.0121,0.0188,-3.0175,-0.994,-0.366,0.1798,270.821,440.764,0.00209788,0.1807,-0.0609,-0.901,-0.228,-3.0166,-0.0121,0.0188
81.80,18.600,0.1807,-0.0609,-0.0400,-0.0338,-0.0217,-0.0121,0.0188,-3.0182,-0.997,-0.367,0.1803,271.353,446.558,0.00237469,0.1815,-0.0546,-0.907,-0.228,-3.0178,-0.0121,0.0188
81.90,18.620,0.1815,-0.0546,-0.0359,-0.0334,-0.0215,-0.0121,0.0188,-3.0191,-1.001,-0.367,0.1803,271.353,446.558,0.00237469,0.1815,-0.0546,-0.907,-0.228,-3.0178,-0.0121,0.0188
82.00,18.640,0.1815,-0.0546,-0.0359,-0.0334,-0.0215,-0.0121,0.0188,-3.0200,-1.006,-0.368,0.1802,272.056,454.365,0.00237469,0.1815,-0.0546,-0.914,-0.229,-3.0193,-0.0121,0.0188
82.10,18.660,0.1815,-0.0546,-0.0358,-0.0334,-0.0215,-0.0121,0.0188,-3.0210,-1.011,-0.369,0.1801,272.58,460.283,0.00209788,0.1815,-0.0546,-0.919,-0.230,-3.0203,-0.0121,0.0188
82.20,18.700,0.1815,-0.0546,-0.0358,-0.0302,-0.0265,-0.0121,0.0188,-3.0218,-1.015,-0.369,0.1808,273.101,466.253,0.00237469,0.1821,-0.0494,-0.925,-0.231,-3.0214,-0.0121,0.0188
82.30,18.720,0.1821,-0.0494,-0.0324,-0.0302,-0.0259,-0.0122,0.0188,-3.0227,-1.020,-0.370,0.1809,273.101,466.253,0.00237469,0.1821,-0.0494,-0.925,-0.231,-3.0214,-0.0122,0.0188
82.40,18.740,0.1821,-0.0494,-0.0324,-0.0302,-0.0259,-0.0122,0.0188,-3.0236,-1.025,-0.370,0.1809,273.791,474.297,0.00237469,0.1821,-0.0494,-0.932,-0.231,-3.0228,-0.0122,0.0188
82.50,18.780,0.1821,-0.0494,-0.0324,-0.0302,-0.0259,-0.0122,0.0188,-3.0244,-1.029,-0.371,0.1809,274.306,480.393,0.00209788,0.1821,-0.0494,-0.937,-0.232,-3.0237,-0.0122,0.0188
82.60,18.800,0.1821,-0.0494,-0.0324,-0.0302,-0.0259,-0.0122,0.0187,-3.0252,-1.034,-0.372,0.1815,274.818,486.542,0.00237469,0.1826,-0.0448,-0.943,-0.233,-3.0247,-0.0122,0.0187
82.70,18.820,0.1826,-0.0448,-0.0294,-0.0302,-0.0254,-0.0122,0.0187,-3.0258,-1.038,-0.372,0.1815,274.818,486.542,0.00237469,0.1826,-0.0448,-0.943,-0.233,-3.0247,-0.0122,0.0187
82.80,18.840,0.1826,-0.0448,-0.0293,-0.0302,-0.0254,-0.0122,0.0187,-3.0266,-1.042,-0.373,0.1815,275.496,494.827,0.00237469,0.1826,-0.0448,-0.950,-0.234,-3.0259,-0.0122,0.0187
82.90,18.880,0.1826,-0.0448,-0.0293,-0.0302,-0.0254,-0.0122,0.0187,-3.0273,-1.047,-0.373,0.1815,276.002,501.104,0.00209788,0.1826,-0.0448,-0.956,-0.234,-3.0268,-0.0122,0.0187
83.00,18.900,0.1826,-0.0448,-0.0293,-0.0302,-0.0254,-0.0123,0.0187,-3.0281,-1.051,-0.374,0.1821,276.506,507.436,0.00237469,0.1831,-0.0407,-0.961,-0.235,-3.0277,-0.0123,0.0187
83.10,18.920,0.1831,-0.0407,-0.0266,-0.0302,-0.0249,-0.0123,0.0187,-3.0288,-1.056,-0.374,0.1821,276.506,507.436,0.00237469,0.1831,-0.0407,-0.961,-0.235,-3.0277,-0.0123,0.0187
83.20,18.940,0.1831,-0.0407,-0.0266,-0.0302,-0.0249,-0.0123,0.0187,-3.0295,-1.061,-0.375,0.1821,277.175,515.965,0.00237469,0.1831,-0.0407,-0.968,-0.236,-3.0288,-0.0123,0.0187
83.30,18.980,0.1831,-0.0407,-0.0266,-0.0302,-0.0250,-0.0123,0.0187,-3.0301,-1.066,-0.376,0.1821,277.674,522.426,0.00209788,0.1831,-0.0407,-0.974,-0.236,-3.0295,-0.0123,0.0187
83.40,19.000,0.1831,-0.0407,-0.0266,-0.0301,-0.0250,-0.0123,0.0187,-3.0307,-1.070,-0.376,0.1827,278.171,528.944,0.00237469,0.1836,-0.0369,-0.979,-0.237,-3.0303,-0.0123,0.0187
83.50,19.020,0.1836,-0.0369,-0.0241,-0.0301,-0.0245,-0.0123,0.0187,-3.0314,-1.075,-0.377,0.1827,278.83,537.722,0.00237469,0.1836,-0.0369,-0.987,-0.238,-3.0313,-0.0123,0.0187
83.60,19.060,0.1836,-0.0369,-0.0242,-0.0309,-0.0241,-0.0123,0.0187,-3.0320,-1.079,-0.377,0.1826,278.83,537.722,0.00237469,0.1836,-0.0369,-0.987,-0.238,-3.0313,-0.0123,0.0187
83.70,19.080,0.1836,-0.0369,-0.0242,-0.0313,-0.0244,-0.0123,0.0187,-3.0327,-1.084,-0.378,0.1826,279.322,544.371,0.00209788,0.1836,-0.0369,-0.992,-0.238,-3.0321,-0.0123,0.0187
83.80,19.100,0.1836,-0.0369,-0.0222,-0.0406,-0.0269,-0.0124,0.0186,-3.0332,-1.089,-0.378,0.1830,279.813,551.077,0.00237469,0.1840,-0.0335,-0.997,-0.239,-3.0328,-0.0124,0.0186
83.90,19.120,0.1840,-0.0335,-0.0239,-0.0322,-0.0214,-0.0124,0.0186,-3.0338,-1.093,-0.379,0.1826,280.465,560.108,0.00237469,0.1840,-0.0335,-1.005,-0.240,-3.0337,-0.0124,0.0186
84.00,19.160,0.1840,-0.0335,-0.0239,-0.0322,-0.0214,-0.0124,0.0186,-3.0344,-1.097,-0.379,0.1825,280.465,560.108,0.00237469,0.1840,-0.0335,-1.005,-0.240,-3.0337,-0.0124,0.0186
84.10,19.180,0.1840,-0.0335,-0.0239,-0.0322,-0.0214,-0.0124,0.0186,-3.0350,-1.102,-0.380,0.1825,280.951,566.948,0.00209788,0.1840,-0.0335,-1.010,-0.240,-3.0344,-0.0124,0.0186
84.20,19.200,0.1840,-0.0335,-0.0216,-0.0301,-0.0242,-0.0124,0.0186,-3.0356,-1.107,-0.380,0.1829,281.436,573.846,0.00237469,0.1844,-0.0303,-1.016,-0.241,-3.0351,-0.0124,0.0186
84.30,19.220,0.1844,-0.0303,-0.0216,-0.0301,-0.0242,-0.0124,0.0186,-3.0362,-1.112,-0.381,0.1829,282.08,583.134,0.00237469,0.1844,-0.0303,-1.023,-0.242,-3.0360,-0.0124,0.0186
84.40,19.260,0.1844,-0.0303,-0.0216,-0.0300,-0.0242,-0.0124,0.0186,-3.0367,-1.116,-0.381,0.1829,282.08,583.134,0.00237469,0.1844,-0.0303,-1.023,-0.242,-3.0360,-0.0124,0.0186
84.50,19.280,0.1844,-0.0303,-0.0216,-0.0300,-0.0242,-0.0124,0.0186,-3.0373,-1.121,-0.382,0.1829,282.561,590.168,0.00209788,0.1844,-0.0303,-1.029,-0.242,-3.0367,-0.0124,0.0186
84.60,19.300,0.1844,-0.0303,-0.0194,-0.0300,-0.0238,-0.0124,0.0186,-3.0378,-1.126,-0.382,0.1834,283.041,597.261,0.00237469,0.1847,-0.0272,-1.034,-0.243,-3.0373,-0.0124,0.0186
84.70,19.340,0.1847,-0.0272,-0.0194,-0.0300,-0.0238,-0.0125,0.0186,-3.0383,-1.130,-0.383,0.1834,283.677,606.811,0.00237469,0.1847,-0.0272,-1.041,-0.244,-3.0381,-0.0125,0.0186
84.80,19.360,0.1847,-0.0272,-0.0193,-0.0300,-0.0238,-0.0125,0.0186,-3.0388,-1.135,-0.384,0.1834,284.154,614.042,0.00209788,0.1847,-0.0272,-1.047,-0.244,-3.0387,-0.0125,0.0186
84.90,19.380,0.1847,-0.0272,-0.0193,-0.0300,-0.0239,-0.0125,0.0186,-3.0393,-1.140,-0.384,0.1834,284.154,614.042,0.00209788,0.1847,-0.0272,-1.047,-0.244,-3.0387,-0.0125,0.0186
85.00,19.400,0.1847,-0.0272,-0.0174,-0.0300,-0.0235,-0.0125,0.0186,-3.0397,-1.144,-0.384,0.1839,284.629,621.334,0.00237469,0.1851,-0.0245,-1.052,-0.245,-3.0393,-0.0125,0.0186
85.10,19.420,0.1851,-0.0245,-0.0174,-0.0300,-0.0235,-0.0125,0.0186,-3.0401,-1.148,-0.385,0.1839,285.26,631.149,0.00237469,0.1851,-0.0245,-1.060,-0.246,-3.0400,-0.0125,0.0186
85.20,19.460,0.1851,-0.0245,-0.0123,-0.0443,0.1246,-0.0123,0.0183,-3.0405,-1.152,-0.385,0.1845,285.26,631.149,0.00237469,0.1851,-0.0245,-1.060,-0.246,-3.0400,-0.0123,0.0184
85.30,19.480,0.1851,-0.0245,-0.0142,-0.0548,0.1012,-0.0120,0.0171,-3.0408,-1.157,-0.386,0.1842,285.732,638.582,0.00209788,0.1851,-0.0245,-1.065,-0.246,-3.0405,-0.0120,0.0175
85.40,19.500,0.1851,-0.0245,-0.0124,-0.2060,-0.2238,-0.0122,0.0161,-3.0412,-1.162,-0.386,0.1832,286.203,646.075,0.00237469,0.1854,-0.0221,-1.071,-0.247,-3.0409,-0.0122,0.0162
85.50,19.520,0.1854,-0.0221,-0.0147,0.4700,-0.7589,-0.0125,0.0152,-3.0415,-1.166,-0.387,0.1861,286.831,656.161,0.00237469,0.1854,-0.0221,-1.078,-0.247,-3.0414,-0.0125,0.0152
85.60,19.560,0.1854,-0.0221,-0.0105,0.0557,0.0539,-0.0124,0.0151,-3.0418,-1.171,-0.387,0.1867,286.831,656.161,0.00237469,0.1854,-0.0221,-1.078,-0.247,-3.0414,-0.0124,0.0151
85.70,19.580,0.1854,-0.0221,-0.0109,-0.0168,-0.0263,-0.0125,0.0151,-3.0421,-1.176,-0.388,0.1876,287.301,663.797,0.00209788,0.1854,-0.0221,-1.084,-0.248,-3.0418,-0.0124,0.0151
85.80,19.600,0.1854,-0.0221,-0.0100,-0.0168,-0.0262,-0.0125,0.0152,-3.0423,-1.180,-0.388,0.1877,287.771,671.494,0.00237469,0.1856,-0.0204,-1.089,-0.248,-3.0421,-0.0125,0.0152
85.90,19.640,0.1856,-0.0204,-0.0100,-0.0169,-0.0262,-0.0124,0.0152,-3.0426,-1.185,-0.389,0.1878,288.398,681.855,0.00237469,0.1856,-0.0204,-1.097,-0.249,-3.0425,-0.0124,0.0152
86.00,19.660,0.1856,-0.0204,-0.0100,-0.0170,-0.0261,-0.0124,0.0153,-3.0429,-1.190,-0.389,0.1878,288.867,689.698,0.00209788,0.1856,-0.0204,-1.102,-0.250,-3.0428,-0.0124,0.0153
86.10,19.680,0.1856,-0.0204,-0.0100,-0.0171,-0.0261,-0.0124,0.0154,-3.0431,-1.195,-0.390,0.1879,288.867,689.698,0.00209788,0.1856,-0.0204,-1.102,-0.250,-3.0428,-0.0124,0.0154
86.20,19.700,0.1856,-0.0204,-0.0094,-0.0172,-0.0260,-0.0123,0.0155,-3.0433,-1.199,-0.390,0.1880,289.337,697.603,0.00237469,0.1857,-0.0190,-1.108,-0.250,-3.0431,-0.0123,0.0155
86.30,19.740,0.1857,-0.0190,-0.0094,-0.0175,-0.0259,-0.0122,0.0157,-3.0436,-1.204,-0.391,0.1880,289.963,708.242,0.00237469,0.1857,-0.0190,-1.115,-0.251,-3.0435,-0.0122,0.0157
86.40,19.760,0.1857,-0.0190,-0.0094,-0.0177,-0.0258,-0.0122,0.0159,-3.0438,-1.209,-0.391,0.1881,289.963,708.242,0.00237469,0.1857,-0.0190,-1.115,-0.251,-3.0435,-0.0122,0.0158
86.50,19.780,0.1857,-0.0190,-0.0094,-0.0179,-0.0257,-0.0120,0.0161,-3.0440,-1.213,-0.392,0.1882,290.433,716.296,0.00209788,0.1857,-0.0190,-1.121,-0.252,-3.0438,-0.0121,0.0160
86.60,19.800,0.1857,-0.0190,-0.0086,-0.0182,-0.0254,-0.0119,0.0164,-3.0443,-1.218,-0.392,0.1882,290.902,724.413,0.00237469,0.1859,-0.0174,-1.126,-0.252,-3.0441,-0.0119,0.0163
86.70,19.840,0.1859,-0.0174,-0.0086,-0.0185,-0.0253,-0.0118,0.0166,-3.0445,-1.223,-0.393,0.1883,291.528,735.336,0.00237469,0.1859,-0.0174,-1.134,-0.253,-3.0444,-0.0118,0.0166
86.80,19.860,0.1859,-0.0174,-0.0086,-0.0188,-0.0251,-0.0116,0.0170,-3.0447,-1.228,-0.393,0.1884,291.998,743.603,0.00209788,0.1859,-0.0174,-1.139,-0.253,-3.0447,-0.0117,0.0169
86.90,19.880,0.1859,-0.0174,-0.0086,-0.0193,-0.0249,-0.0114,0.0173,-3.0450,-1.233,-0.394,0.1885,291.998,743.603,0.00209788,0.1859,-0.0174,-1.139,-0.253,-3.0447,-0.0115,0.0173
87.00,19.900,0.1859,-0.0174,-0.0082,-0.0196,-0.0247,-0.0113,0.0177,-3.0452,-1.237,-0.394,0.1885,292.467,751.935,0.00237469,0.1860,-0.0167,-1.145,-0.254,-3.0449,-0.0113,0.0176
87.10,19.940,0.1860,-0.0167,-0.0082,-0.0202,-0.0244,-0.0111,0.0181,-3.0454,-1.242,-0.395,0.1886,293.093,763.146,0.00237469,0.1860,-0.0167,-1.152,-0.255,-3.0453,-0.0111,0.0181
87.20,19.960,0.1860,-0.0167,-0.0082,-0.0206,-0.0242,-0.0109,0.0185,-3.0456,-1.247,-0.395,0.1863,293.563,771.631,0.00209788,0.1860,-0.0167,-1.158,-0.255,-3.0455,-0.0109,0.0184
87.30,19.980,0.1860,-0.0167,-0.0082,0.0347,0.0366,-0.0110,0.0182,-3.0458,-1.251,-0.396,0.1868,293.563,771.631,0.00209788,0.1860,-0.0167,-1.158,-0.255,-3.0455,-0.0110,0.0182
87.40,20.000,0.1860,-0.0167,-0.0077,-0.0199,-0.0245,-0.0112,0.0178,-3.0460,-1.256,-0.396,0.1869,294.033,780.181,0.00237469,0.1861,-0.0156,-1.163,-0.256,-3.0458,-0.0112,0.0179
87.50,20.040,0.1861,-0.0156,-0.0077,-0.0195,-0.0247,-0.0115,0.0175,-3.0462,-1.261,-0.397,0.1870,294.659,791.685,0.00237469,0.1861,-0.0156,-1.171,-0.256,-3.0462,-0.0114,0.0175
87.60,20.060,0.1861,-0.0156,-0.0077,-0.0192,-0.0249,-0.0116,0.0172,-3.0464,-1.265,-0.397,0.1870,295.129,800.391,0.00209788,0.1861,-0.0156,-1.176,-0.257,-3.0464,-0.0116,0.0172
87.70,20.080,0.1861,-0.0156,-0.0077,-0.0188,-0.0251,-0.0118,0.0169,-3.0466,-1.269,-0.397,0.1871,295.129,800.391,0.00209788,0.1861,-0.0156,-1.176,-0.257,-3.0464,-0.0118,0.0169
87.80,20.100,0.1861,-0.0156,-0.0072,-0.0186,-0.0252,-0.0119,0.0167,-3.0467,-1.274,-0.398,0.1872,295.599,809.164,0.00237469,0.1863,-0.0145,-1.182,-0.258,-3.0466,-0.0119,0.0167
87.90,20.120,0.1863,-0.0145,-0.0072,-0.0184,-0.0253,-0.0121,0.0164,-3.0469,-1.279,-0.398,0.1872,296.226,820.965,0.00237469,0.1863,-0.0145,-1.189,-0.258,-3.0469,-0.0120,0.0165
88.00,20.160,0.1863,-0.0145,-0.0072,-0.0178,-0.0256,-0.0122,0.0162,-3.0471,-1.284,-0.399,0.1873,296.226,820.965,0.00237469,0.1863,-0.0145,-1.189,-0.258,-3.0469,-0.0122,0.0163
88.10,20.180,0.1863,-0.0145,-0.0072,-0.0166,-0.0263,-0.0123,0.0160,-3.0473,-1.289,-0.399,0.1874,296.697,829.896,0.00209788,0.1863,-0.0145,-1.195,-0.259,-3.0471,-0.0123,0.0161
88.20,20.200,0.1863,-0.0145,-0.0067,-0.0165,-0.0263,-0.0124,0.0159,-3.0475,-1.293,-0.400,0.1875,297.168,838.894,0.00237469,0.1864,-0.0136,-1.200,-0.259,-3.0473,-0.0124,0.0160
88.30,20.220,0.1864,-0.0136,-0.0067,-0.0164,-0.0264,-0.0124,0.0159,-3.0476,-1.297,-0.400,0.1875,297.796,850.998,0.00237469,0.1864,-0.0136,-1.208,-0.260,-3.0476,-0.0124,0.0159
88.40,20.240,0.1864,-0.0136,-0.0067,-0.0163,-0.0264,-0.0125,0.0158,-3.0478,-1.301,-0.401,0.1876,297.796,850.998,0.00237469,0.1864,-0.0136,-1.208,-0.260,-3.0476,-0.0125,0.0158
88.50,20.280,0.1864,-0.0136,-0.0067,-0.0176,-0.0258,-0.0125,0.0158,-3.0479,-1.305,-0.401,0.1877,298.268,860.157,0.00209788,0.1864,-0.0136,-1.213,-0.261,-3.0478,-0.0125,0.0158
88.60,20.300,0.1864,-0.0136,-0.0067,-0.0176,-0.0258,-0.0125,0.0158,-3.0481,-1.309,-0.401,0.1877,298.739,869.384,0.00237469,0.1865,-0.0127,-1.219,-0.261,-3.0480,-0.0125,0.0158
88.70,20.320,0.1865,-0.0127,-0.0063,-0.0176,-0.0258,-0.0125,0.0158,-3.0482,-1.313,-0.402,0.1878,298.739,869.384,0.00237469,0.1865,-0.0127,-1.219,-0.261,-3.0480,-0.0125,0.0158
88.80,20.340,0.1865,-0.0127,-0.0063,-0.0176,-0.0258,-0.0125,0.0158,-3.0483,-1.317,-0.402,0.1879,299.369,881.796,0.00237469,0.1865,-0.0127,-1.226,-0.262,-3.0482,-0.0125,0.0158
88.90,20.360,0.1865,-0.0127,-0.0063,-0.0177,-0.0257,-0.0125,0.0159,-3.0484,-1.321,-0.403,0.1879,299.369,881.796,0.00237469,0.1865,-0.0127,-1.226,-0.262,-3.0482,-0.0125,0.0158
89.00,20.380,0.1865,-0.0127,-0.0063,-0.0177,-0.0257,-0.0125,0.0159,-3.0486,-1.325,-0.403,0.1880,299.842,891.186,0.00209788,0.1865,-0.0127,-1.232,-0.262,-3.0484,-0.0125,0.0159
89.10,20.400,0.1865,-0.0127,-0.0063,-0.0178,-0.0257,-0.0124,0.0160,-3.0487,-1.329,-0.403,0.1880,300.315,900.647,0.00237469,0.1866,-0.0119,-1.237,-0.263,-3.0486,-0.0124,0.0160
89.20,20.420,0.1866,-0.0119,-0.0059,-0.0180,-0.0255,-0.0124,0.0162,-3.0489,-1.334,-0.404,0.1881,300.315,900.647,0.00237469,0.1866,-0.0119,-1.237,-0.263,-3.0486,-0.0124,0.0162
89.30,20.440,0.1866,-0.0119,-0.0059,-0.0182,-0.0255,-0.0123,0.0163,-3.0490,-1.338,-0.404,0.1882,300.946,913.371,0.00237469,0.1866,-0.0119,-1.245,-0.263,-3.0489,-0.0123,0.0163
89.40,20.460,0.1866,-0.0119,-0.0059,-0.0183,-0.0254,-0.0122,0.0165,-3.0491,-1.342,-0.405,0.1882,301.42,922.996,0.00209788,0.1866,-0.0119,-1.250,-0.264,-3.0490,-0.0122,0.0164
89.50,20.500,0.1866,-0.0119,-0.0059,-0.0187,-0.0253,-0.0121,0.0167,-3.0493,-1.346,-0.405,0.1883,301.894,932.694,0.00237469,0.1867,-0.0111,-1.256,-0.264,-3.0492,-0.0121,0.0167
89.60,20.520,0.1867,-0.0111,-0.0055,-0.0189,-0.0251,-0.0120,0.0169,-3.0494,-1.351,-0.405,0.1884,301.894,932.694,0.00237469,0.1867,-0.0111,-1.256,-0.264,-3.0492,-0.0120,0.0169
89.70,20.540,0.1867,-0.0111,-0.0055,-0.0191,-0.0250,-0.0119,0.0172,-3.0495,-1.355,-0.406,0.1884,302.527,945.735,0.00237469,0.1867,-0.0111,-1.263,-0.265,-3.0494,-0.0119,0.0171
89.80,20.560,0.1867,-0.0111,-0.0055,-0.0194,-0.0249,-0.0117,0.0175,-3.0496,-1.359,-0.406,0.1885,303.002,955.6,0.00209788,0.1867,-0.0111,-1.269,-0.266,-3.0496,-0.0118,0.0174
89.90,20.580,0.1867,-0.0111,-0.0055,-0.0199,-0.0246,-0.0116,0.0178,-3.0498,-1.363,-0.407,0.1886,303.002,955.6,0.00209788,0.1867,-0.0111,-1.269,-0.266,-3.0496,-0.0116,0.0178
90.00,20.600,0.1867,-0.0111,-0.0052,-0.0202,-0.0244,-0.0114,0.0181,-3.0499,-1.368,-0.407,0.1886,303.477,965.538,0.00237469,0.1868,-0.0104,-1.275,-0.266,-3.0498,-0.0114,0.0181
90.10,20.620,0.1868,-0.0104,-0.0052,-0.0205,-0.0242,-0.0112,0.0185,-3.0500,-1.372,-0.407,0.1871,304.112,978.901,0.00237469,0.1868,-0.0104,-1.282,-0.267,-3.0500,-0.0113,0.0184
90.20,20.640,0.1868,-0.0104,-0.0050,0.0498,0.0540,-0.0114,0.0182,-3.0502,-1.375,-0.408,0.1871,304.112,978.901,0.00237469,0.1868,-0.0104,-1.282,-0.267,-3.0500,-0.0113,0.0183
90.30,20.680,0.1868,-0.0104,-0.0052,-0.0201,-0.0246,-0.0115,0.0180,-3.0503,-1.380,-0.408,0.1871,304.588,989.01,0.00209788,0.1868,-0.0104,-1.288,-0.267,-3.0502,-0.0115,0.0180
90.40,20.700,0.1868,-0.0104,-0.0052,-0.0198,-0.0247,-0.0117,0.0177,-3.0504,-1.384,-0.409,0.1872,305.065,999.192,0.00237469,0.1868,-0.0097,-1.293,-0.268,-3.0503,-0.0117,0.0177
90.50,20.720,0.1868,-0.0097,-0.0048,-0.0196,-0.0248,-0.0118,0.0175,-3.0505,-1.388,-0.409,0.1873,305.065,999.192,0.00237469,0.1868,-0.0097,-1.293,-0.268,-3.0503,-0.0118,0.0175
90.60,20.740,0.1868,-0.0097,-0.0048,-0.0194,-0.0249,-0.0119,0.0173,-3.0506,-1.393,-0.410,0.1873,305.702,1012.88,0.00237469,0.1868,-0.0097,-1.301,-0.269,-3.0505,-0.0119,0.0174
90.70,20.760,0.1868,-0.0097,-0.0048,-0.0191,-0.0250,-0.0120,0.0171,-3.0507,-1.397,-0.410,0.1874,306.18,1023.24,0.00209788,0.1868,-0.0097,-1.306,-0.269,-3.0507,-0.0120,0.0171
90.80,20.780,0.1868,-0.0097,-0.0048,-0.0190,-0.0251,-0.0121,0.0170,-3.0508,-1.401,-0.410,0.1875,306.18,1023.24,0.00209788,0.1868,-0.0097,-1.306,-0.269,-3.0507,-0.0121,0.0170
90.90,20.800,0.1868,-0.0097,-0.0045,-0.0189,-0.0252,-0.0122,0.0169,-3.0509,-1.405,-0.411,0.1875,306.659,1033.67,0.00237469,0.1869,-0.0091,-1.312,-0.270,-3.0508,-0.0122,0.0169
91.00,20.820,0.1869,-0.0091,-0.0045,-0.0188,-0.0252,-0.0123,0.0168,-3.0510,-1.409,-0.411,0.1876,307.298,1047.69,0.00237469,0.1869,-0.0091,-1.319,-0.270,-3.0510,-0.0122,0.0168
91.10,20.860,0.1869,-0.0091,-0.0045,-0.0187,-0.0253,-0.0123,0.0167,-3.0511,-1.413,-0.411,0.1877,307.298,1047.69,0.00237469,0.1869,-0.0091,-1.319,-0.270,-3.0510,-0.0123,0.0167
91.20,20.880,0.1869,-0.0091,-0.0045,-0.0186,-0.0253,-0.0123,0.0167,-3.0512,-1.418,-0.412,0.1877,307.778,1058.3,0.00209788,0.1869,-0.0091,-1.325,-0.271,-3.0511,-0.0123,0.0167
91.30,20.900,0.1869,-0.0091,-0.0045,-0.0186,-0.0254,-0.0124,0.0166,-3.0513,-1.422,-0.412,0.1878,308.259,1068.98,0.00237469,0.1870,-0.0085,-1.330,-0.271,-3.0512,-0.0124,0.0167
91.40,20.920,0.1870,-0.0085,-0.0042,-0.0186,-0.0253,-0.0124,0.0167,-3.0514,-1.426,-0.413,0.1879,308.259,1068.98,0.00237469,0.1870,-0.0085,-1.330,-0.271,-3.0512,-0.0124,0.0167
91.50,20.940,0.1870,-0.0085,-0.0042,-0.0186,-0.0253,-0.0121,0.0170,-3.0515,-1.430,-0.413,0.1895,308.901,1083.34,0.00237469,0.1870,-0.0085,-1.338,-0.272,-3.0514,-0.0124,0.0167
91.60,20.960,0.1870,-0.0085,-0.0054,-0.0207,0.1228,-0.0114,0.0188,-3.0517,-1.434,-0.413,0.1908,309.383,1094.2,0.00209788,0.1870,-0.0085,-1.343,-0.272,-3.0516,-0.0114,0.0187
91.70,20.980,0.1870,-0.0085,-0.0063,0.1174,0.0210,-0.0114,0.0194,-3.0518,-1.438,-0.414,0.1878,309.383,1094.2,0.00209788,0.1870,-0.0085,-1.343,-0.272,-3.0516,-0.0114,0.0193
91.80,21.000,0.1870,-0.0085,-0.0053,-0.0362,-0.0187,-0.0115,0.0196,-3.0520,-1.442,-0.414,0.1881,309.865,1105.14,0.00237469,0.1871,-0.0079,-1.349,-0.273,-3.0518,-0.0115,0.0195
91.90,21.020,0.1871,-0.0079,-0.0051,-0.3152,0.0676,-0.0115,0.0197,-3.0521,-1.447,-0.414,0.1873,310.509,1119.84,0.00237469,0.1871,-0.0079,-1.356,-0.274,-3.0520,-0.0115,0.0197
92.00,21.060,0.1871,-0.0079,-0.0052,-0.0356,-0.0135,-0.0115,0.0197,-3.0522,-1.451,-0.415,0.1872,310.509,1119.84,0.00237469,0.1871,-0.0079,-1.356,-0.274,-3.0520,-0.0115,0.0197
92.10,21.080,0.1871,-0.0079,-0.0053,-0.0356,-0.0136,-0.0115,0.0197,-3.0523,-1.455,-0.415,0.1871,310.992,1130.96,0.00209788,0.1871,-0.0079,-1.362,-0.274,-3.0522,-0.0115,0.0197
92.20,21.100,0.1871,-0.0079,-0.0053,-0.0356,-0.0136,-0.0115,0.0197,-3.0524,-1.459,-0.416,0.1871,311.475,1142.16,0.00237469,0.1872,-0.0071,-1.368,-0.275,-3.0524,-0.0115,0.0197
92.30,21.120,0.1872,-0.0071,-0.0048,-0.0356,-0.0135,-0.0115,0.0197,-3.0525,-1.463,-0.416,0.1870,311.475,1142.16,0.00237469,0.1872,-0.0071,-1.368,-0.275,-3.0524,-0.0115,0.0197
92.40,21.140,0.1872,-0.0071,-0.0048,-0.0353,-0.0140,-0.0115,0.0197,-3.0526,-1.468,-0.416,0.1869,312.121,1157.21,0.00237469,0.1872,-0.0071,-1.375,-0.275,-3.0526,-0.0115,0.0197
92.50,21.160,0.1872,-0.0071,-0.0049,-0.0353,-0.0140,-0.0116,0.0197,-3.0527,-1.471,-0.417,0.1869,312.605,1168.59,0.00209788,0.1872,-0.0071,-1.381,-0.276,-3.0527,-0.0116,0.0197
92.60,21.180,0.1872,-0.0071,-0.0049,-0.0353,-0.0140,-0.0116,0.0197,-3.0528,-1.475,-0.417,0.1868,312.605,1168.59,0.00209788,0.1872,-0.0071,-1.381,-0.276,-3.0527,-0.0116,0.0197
92.70,21.200,0.1872,-0.0071,-0.0044,-0.0319,-0.0196,-0.0116,0.0197,-3.0529,-1.479,-0.417,0.1869,313.09,1180.06,0.00237469,0.1872,-0.0064,-1.386,-0.276,-3.0528,-0.0116,0.0197
92.80,21.220,0.1872,-0.0064,-0.0044,-0.0319,-0.0196,-0.0116,0.0197,-3.0530,-1.483,-0.418,0.1869,313.09,1180.06,0.00237469,0.1872,-0.0064,-1.386,-0.276,-3.0528,-0.0116,0.0197
92.90,21.240,0.1872,-0.0064,-0.0044,-0.0319,-0.0196,-0.0116,0.0197,-3.0531,-1.488,-0.418,0.1869,313.738,1195.46,0.00237469,0.1872,-0.0064,-1.394,-0.277,-3.0530,-0.0116,0.0197
93.00,21.280,0.1872,-0.0064,-0.0044,-0.0319,-0.0197,-0.0116,0.0197,-3.0533,-1.493,-0.419,0.1869,314.224,1207.11,0.00209788,0.1872,-0.0064,-1.399,-0.277,-3.0532,-0.0116,0.0197
93.10,21.300,0.1872,-0.0064,-0.0040,-0.0319,-0.0196,-0.0116,0.0197,-3.0534,-1.497,-0.419,0.1870,314.711,1218.84,0.00237469,0.1873,-0.0058,-1.405,-0.278,-3.0533,-0.0116,0.0197
93.20,21.320,0.1873,-0.0058,-0.0040,-0.0319,-0.0196,-0.0116,0.0197,-3.0535,-1.502,-0.420,0.1870,315.361,1234.61,0.00237469,0.1873,-0.0058,-1.412,-0.279,-3.0535,-0.0116,0.0197
93.30,21.360,0.1873,-0.0058,-0.0040,-0.0319,-0.0196,-0.0117,0.0197,-3.0536,-1.507,-0.420,0.1870,315.361,1234.61,0.00237469,0.1873,-0.0058,-1.412,-0.279,-3.0535,-0.0117,0.0197
93.40,21.380,0.1873,-0.0058,-0.0040,-0.0319,-0.0197,-0.0117,0.0197,-3.0537,-1.512,-0.420,0.1870,315.849,1246.52,0.00209788,0.1873,-0.0058,-1.418,-0.279,-3.0536,-0.0117,0.0197
93.50,21.400,0.1873,-0.0058,-0.0036,-0.0319,-0.0196,-0.0117,0.0197,-3.0538,-1.517,-0.421,0.1871,316.338,1258.53,0.00237469,0.1874,-0.0053,-1.424,-0.280,-3.0537,-0.0117,0.0197
93.60,21.440,0.1874,-0.0053,-0.0036,-0.0319,-0.0196,-0.0117,0.0197,-3.0539,-1.522,-0.421,0.1871,316.991,1274.66,0.00237469,0.1874,-0.0053,-1.431,-0.280,-3.0538,-0.0117,0.0197
93.70,21.460,0.1874,-0.0053,-0.0036,-0.0319,-0.0197,-0.0117,0.0197,-3.0540,-1.527,-0.422,0.1871,317.481,1286.85,0.00209788,0.1874,-0.0053,-1.437,-0.281,-3.0540,-0.0117,0.0197
93.80,21.480,0.1874,-0.0053,-0.0036,-0.0319,-0.0197,-0.0117,0.0197,-3.0541,-1.531,-0.422,0.1871,317.481,1286.85,0.00209788,0.1874,-0.0053,-1.437,-0.281,-3.0540,-0.0117,0.0197
93.90,21.500,0.1874,-0.0053,-0.0033,-0.0319,-0.0196,-0.0117,0.0197,-3.0542,-1.536,-0.423,0.1872,317.972,1299.13,0.00237469,0.1874,-0.0048,-1.442,-0.281,-3.0541,-0.0117,0.0197
94.00,21.540,0.1874,-0.0048,-0.0033,-0.0319,-0.0197,-0.0118,0.0197,-3.0542,-1.541,-0.423,0.1872,318.628,1315.63,0.00237469,0.1874,-0.0048,-1.450,-0.282,-3.0542,-0.0118,0.0197
94.10,21.560,0.1874,-0.0048,-0.0033,-0.0319,-0.0197,-0.0118,0.0197,-3.0543,-1.546,-0.423,0.1872,319.121,1328.1,0.00209788,0.1874,-0.0048,-1.455,-0.282,-3.0543,-0.0118,0.0197
94.20,21.580,0.1874,-0.0048,-0.0033,-0.0319,-0.0197,-0.0118,0.0197,-3.0544,-1.550,-0.424,0.1872,319.121,1328.1,0.00209788,0.1874,-0.0048,-1.455,-0.282,-3.0543,-0.0118,0.0197
94.30,21.620,0.1875,-0.0043,-0.0030,-0.0319,-0.0197,-0.0118,0.0197,-3.0545,-1.555,-0.424,0.1872,319.615,1340.66,0.00237469,0.1875,-0.0043,-1.461,-0.283,-3.0544,-0.0118,0.0197
94.40,21.640,0.1875,-0.0043,-0.0030,-0.0319,-0.0197,-0.0118,0.0197,-3.0546,-1.560,-0.425,0.1872,320.274,1357.53,0.00237469,0.1875,-0.0043,-1.468,-0.284,-3.0545,-0.0118,0.0197
94.50,21.660,0.1875,-0.0043,-0.0030,-0.0319,-0.0197,-0.0118,0.0197,-3.0547,-1.565,-0.425,0.1872,320.769,1370.29,0.00209788,0.1875,-0.0043,-1.474,-0.284,-3.0546,-0.0118,0.0197
94.60,21.700,0.1875,-0.0043,-0.0030,-0.0319,-0.0197,-0.0118,0.0197,-3.0547,-1.570,-0.426,0.1873,321.265,1383.13,0.00237469,0.1875,-0.0039,-1.480,-0.285,-3.0547,-0.0118,0.0197
94.70,21.720,0.1875,-0.0039,-0.0027,-0.0319,-0.0197,-0.0119,0.0197,-3.0548,-1.575,-0.426,0.1873,321.265,1383.13,0.00237469,0.1875,-0.0039,-1.480,-0.285,-3.0547,-0.0119,0.0197
94.80,21.740,0.1875,-0.0039,-0.0027,-0.0319,-0.0197,-0.0119,0.0197,-3.0549,-1.580,-0.427,0.1873,321.928,1400.38,0.00237469,0.1875,-0.0039,-1.487,-0.285,-3.0548,-0.0119,0.0197
94.90,21.760,0.1875,-0.0039,-0.0027,-0.0319,-0.0197,-0.0119,0.0197,-3.0549,-1.585,-0.427,0.1873,322.426,1413.43,0.00209788,0.1875,-0.0039,-1.493,-0.286,-3.0549,-0.0119,0.0197
95.00,21.800,0.1875,-0.0039,-0.0027,-0.0319,-0.0198,-0.0119,0.0197,-3.0550,-1.590,-0.427,0.1874,322.925,1426.56,0.00237469,0.1876,-0.0036,-1.498,-0.286,-3.0550,-0.0119,0.0197
95.10,21.820,0.1876,-0.0036,-0.0025,-0.0319,-0.0197,-0.0119,0.0197,-3.0551,-1.594,-0.428,0.1874,322.925,1426.56,0.00237469,0.1876,-0.0036,-1.498,-0.286,-3.0550,-0.0119,0.0197
95.20,21.840,0.1876,-0.0036,-0.0025,-0.0319,-0.0198,-0.0119,0.0197,-3.0551,-1.599,-0.428,0.1874,323.591,1444.2,0.00237469,0.1876,-0.0036,-1.506,-0.287,-3.0551,-0.0119,0.0197
95.30,21.880,0.1876,-0.0036,-0.0025,-0.0319,-0.0198,-0.0119,0.0197,-3.0552,-1.604,-0.429,0.1874,324.092,1457.53,0.00209788,0.1876,-0.0036,-1.511,-0.287,-3.0551,-0.0119,0.0197
95.40,21.900,0.1876,-0.0036,-0.0025,-0.0319,-0.0198,-0.0119,0.0197,-3.0553,-1.609,-0.429,0.1874,324.594,1470.96,0.00237469,0.1876,-0.0032,-1.517,-0.288,-3.0552,-0.0119,0.0197
95.50,21.920,0.1876,-0.0032,-0.0022,-0.0319,-0.0198,-0.0120,0.0197,-3.0553,-1.614,-0.430,0.1874,324.594,1470.96,0.00237469,0.1876,-0.0032,-1.517,-0.288,-3.0552,-0.0120,0.0197
95.60,21.940,0.1876,-0.0032,-0.0022,-0.0319,-0.0198,-0.0120,0.0197,-3.0554,-1.618,-0.430,0.1874,325.264,1488.99,0.00237469,0.1876,-0.0032,-1.524,-0.288,-3.0553,-0.0120,0.0197
95.70,21.980,0.1876,-0.0032,-0.0022,-0.0319,-0.0198,-0.0120,0.0197,-3.0554,-1.623,-0.430,0.1874,325.768,1502.62,0.00209788,0.1876,-0.0032,-1.530,-0.289,-3.0554,-0.0120,0.0197
95.80,22.000,0.1876,-0.0032,-0.0022,-0.0319,-0.0198,-0.0120,0.0197,-3.0555,-1.628,-0.431,0.1875,326.273,1516.34,0.00237469,0.1876,-0.0029,-1.536,-0.289,-3.0554,-0.0120,0.0197
95.90,22.020,0.1876,-0.0029,-0.0020,-0.0319,-0.0198,-0.0120,0.0197,-3.0555,-1.633,-0.431,0.1875,326.947,1534.77,0.00237469,0.1876,-0.0029,-1.543,-0.290,-3.0555,-0.0120,0.0197
96.00,22.060,0.1876,-0.0029,-0.0020,-0.0318,-0.0199,-0.0120,0.0197,-3.0556,-1.637,-0.432,0.1875,326.947,1534.77,0.00237469,0.1876,-0.0029,-1.543,-0.290,-3.0555,-0.0120,0.0197
96.10,22.080,0.1876,-0.0029,-0.0020,-0.0318,-0.0199,-0.0120,0.0197,-3.0556,-1.642,-0.432,0.1875,327.454,1548.7,0.00209788,0.1876,-0.0029,-1.549,-0.291,-3.0556,-0.0120,0.0197
96.20,22.100,0.1876,-0.0029,-0.0018,-0.0318,-0.0199,-0.0121,0.0197,-3.0557,-1.647,-0.432,0.1875,327.962,1562.72,0.00237469,0.1877,-0.0027,-1.554,-0.291,-3.0557,-0.0121,0.0197
96.30,22.120,0.1877,-0.0027,-0.0018,-0.0318,-0.0199,-0.0121,0.0197,-3.0557,-1.652,-0.433,0.1875,328.641,1581.56,0.00237469,0.1877,-0.0027,-1.562,-0.292,-3.0557,-0.0121,0.0197
96.40,22.160,0.1877,-0.0027,-0.0018,-0.0318,-0.0199,-0.0121,0.0197,-3.0558,-1.656,-0.433,0.1875,328.641,1581.56,0.00237469,0.1877,-0.0027,-1.562,-0.292,-3.0557,-0.0121,0.0197
96.50,22.180,0.1877,-0.0027,-0.0018,-0.0318,-0.0199,-0.0121,0.0197,-3.0558,-1.661,-0.434,0.1875,329.151,1595.79,0.00209788,0.1877,-0.0027,-1.567,-0.292,-3.0558,-0.0121,0.0197
96.60,22.200,0.1877,-0.0027,-0.0082,-0.0273,-0.0152,-0.0121,0.0197,-3.0559,-1.666,-0.434,0.1823,329.663,1610.12,0.00237469,0.1817,-0.0530,-1.573,-0.293,-3.0558,-0.0121,0.0197
96.70,22.220,0.1817,-0.0182,-0.0215,-0.0283,-0.0158,-0.0121,0.0197,-3.0564,-1.671,-0.434,0.1824,330.345,1629.37,0.00237469,0.1817,-0.0530,-1.580,-0.293,-3.0562,-0.0121,0.0197
96.80,22.260,0.1817,-0.0530,-0.0351,-0.0382,-0.0156,-0.0122,0.0196,-3.0573,-1.675,-0.435,0.1824,330.345,1629.37,0.00237469,0.1817,-0.0530,-1.580,-0.293,-3.0562,-0.0121,0.0196
96.90,22.280,0.1817,-0.0530,-0.0351,-0.0383,-0.0155,-0.0122,0.0196,-3.0582,-1.680,-0.435,0.1822,330.856,1643.91,0.00209788,0.1817,-0.0530,-1.586,-0.294,-3.0570,-0.0122,0.0196
97.00,22.300,0.1817,-0.0530,-0.0356,-0.1690,-0.1059,-0.0122,0.0196,-3.0591,-1.684,-0.436,0.1812,331.362,1658.55,0.00237469,0.1818,-0.0516,-1.591,-0.294,-3.0581,-0.0122,0.0196
97.10,22.340,0.1818,-0.0516,-0.0394,-0.1967,0.0804,-0.0121,0.0196,-3.0601,-1.689,-0.436,0.1787,332.029,1678.21,0.00237469,0.1818,-0.0516,-1.599,-0.295,-3.0596,-0.0121,0.0196
97.20,22.360,0.1818,-0.0516,-0.0397,-0.0262,-0.1316,-0.0117,0.0195,-3.0612,-1.694,-0.437,0.1774,332.523,1693.08,0.00209788,0.1818,-0.0516,-1.604,-0.295,-3.0608,-0.0117,0.0195
97.30,22.380,0.1818,-0.0516,-0.0241,0.0468,0.0515,-0.0114,0.0199,-3.0619,-1.699,-0.437,0.1822,332.523,1693.08,0.00209788,0.1818,-0.0516,-1.604,-0.295,-3.0608,-0.0115,0.0198
97.40,22.420,0.1824,-0.0464,-0.0224,0.0459,0.0516,-0.0112,0.0203,-3.0625,-1.704,-0.437,0.1849,333.01,1708.03,0.00237469,0.1824,-0.0464,-1.609,-0.296,-3.0618,-0.0112,0.0203
97.50,22.440,0.1824,-0.0464,-0.0230,0.0455,0.0516,-0.0111,0.0206,-3.0631,-1.708,-0.438,0.1873,333.654,1728.13,0.00237469,0.1824,-0.0464,-1.617,-0.296,-3.0628,-0.0111,0.0205
97.60,22.460,0.1824,-0.0464,-0.0233,-0.0268,-0.0318,-0.0110,0.0208,-3.0637,-1.713,-0.438,0.1876,334.134,1743.31,0.00209788,0.1824,-0.0464,-1.622,-0.297,-3.0635,-0.0110,0.0208
97.70,22.480,0.1824,-0.0464,-0.0233,-0.0262,-0.0264,-0.0109,0.0211,-3.0643,-1.718,-0.439,0.1877,334.134,1743.31,0.00209788,0.1824,-0.0464,-1.622,-0.297,-3.0635,-0.0109,0.0210
97.80,22.520,0.1829,-0.0428,-0.0216,-0.0265,-0.0259,-0.0107,0.0214,-3.0648,-1.722,-0.439,0.1878,334.61,1758.59,0.00237469,0.1829,-0.0428,-1.628,-0.297,-3.0642,-0.0107,0.0213
97.90,22.540,0.1829,-0.0428,-0.0216,-0.0268,-0.0258,-0.0106,0.0217,-3.0653,-1.726,-0.439,0.1878,335.24,1779.11,0.00237469,0.1829,-0.0428,-1.635,-0.298,-3.0650,-0.0106,0.0216
98.00,22.560,0.1829,-0.0428,-0.0213,0.0434,0.0517,-0.0107,0.0216,-3.0660,-1.731,-0.440,0.1855,335.71,1794.62,0.00209788,0.1829,-0.0428,-1.640,-0.298,-3.0657,-0.0106,0.0216
98.10,22.580,0.1829,-0.0428,-0.0216,-0.0250,-0.0265,-0.0109,0.0211,-3.0665,-1.736,-0.440,0.1861,335.71,1794.62,0.00209788,0.1829,-0.0428,-1.640,-0.298,-3.0657,-0.0109,0.0213
98.20,22.620,0.1832,-0.0398,-0.0201,-0.0243,-0.0266,-0.0112,0.0207,-3.0671,-1.741,-0.441,0.1862,336.176,1810.22,0.00237469,0.1832,-0.0398,-1.646,-0.298,-3.0664,-0.0112,0.0207
98.30,22.640,0.1832,-0.0398,-0.0201,-0.0238,-0.0269,-0.0114,0.0202,-3.0676,-1.746,-0.441,0.1863,336.794,1831.18,0.00237469,0.1832,-0.0398,-1.653,-0.299,-3.0672,-0.0114,0.0202
98.40,22.660,0.1832,-0.0398,-0.0201,-0.0235,-0.0272,-0.0117,0.0198,-3.0681,-1.751,-0.442,0.1864,337.254,1847.02,0.00209788,0.1832,-0.0398,-1.659,-0.299,-3.0678,-0.0116,0.0199
98.50,22.700,0.1832,-0.0398,-0.0182,0.1027,-1.9482,-0.0119,0.0195,-3.0686,-1.756,-0.442,0.1857,337.711,1862.96,0.00237469,0.1836,-0.0370,-1.664,-0.300,-3.0684,-0.0119,0.0195
98.60,22.720,0.1836,-0.0370,-0.0187,-0.0230,-0.0273,-0.0119,0.0195,-3.0691,-1.761,-0.443,0.1872,337.711,1862.96,0.00237469,0.1836,-0.0370,-1.664,-0.300,-3.0684,-0.0119,0.0195
98.70,22.740,0.1836,-0.0370,-0.0187,-0.0231,-0.0273,-0.0119,0.0196,-3.0696,-1.766,-0.443,0.1873,338.317,1884.36,0.00237469,0.1836,-0.0370,-1.671,-0.300,-3.0692,-0.0119,0.0195
98.80,22.780,0.1836,-0.0370,-0.0187,-0.0232,-0.0273,-0.0119,0.0196,-3.0701,-1.770,-0.443,0.1874,338.769,1900.53,0.00209788,0.1836,-0.0370,-1.677,-0.301,-3.0697,-0.0119,0.0196
98.90,22.800,0.1836,-0.0370,-0.0187,-0.0233,-0.0273,-0.0118,0.0197,-3.0705,-1.775,-0.444,0.1875,339.218,1916.8,0.00237469,0.1839,-0.0346,-1.682,-0.301,-3.0703,-0.0118,0.0197
99.00,22.820,0.1839,-0.0346,-0.0175,-0.0234,-0.0271,-0.0118,0.0198,-3.0710,-1.780,-0.444,0.1875,339.218,1916.8,0.00237469,0.1839,-0.0346,-1.682,-0.301,-3.0703,-0.0118,0.0198
99.10,22.840,0.1839,-0.0346,-0.0175,-0.0235,-0.0270,-0.0117,0.0200,-3.0714,-1.784,-0.445,0.1876,339.814,1938.66,0.00237469,0.1839,-0.0346,-1.690,-0.302,-3.0710,-0.0118,0.0199
99.20,22.880,0.1839,-0.0346,-0.0175,-0.0238,-0.0269,-0.0117,0.0201,-3.0719,-1.789,-0.445,0.1877,340.258,1955.17,0.00209788,0.1839,-0.0346,-1.695,-0.302,-3.0715,-0.0117,0.0201
99.30,22.900,0.1839,-0.0346,-0.0175,-0.0240,-0.0269,-0.0116,0.0203,-3.0723,-1.794,-0.445,0.1878,340.699,1971.78,0.00237469,0.1841,-0.0322,-1.701,-0.302,-3.0721,-0.0116,0.0203
99.40,22.920,0.1841,-0.0322,-0.0163,-0.0242,-0.0265,-0.0114,0.0206,-3.0727,-1.799,-0.446,0.1879,340.699,1971.78,0.00237469,0.1841,-0.0322,-1.701,-0.302,-3.0721,-0.0115,0.0206
99.50,22.940,0.1841,-0.0322,-0.0163,-0.0245,-0.0264,-0.0113,0.0209,-3.0732,-1.804,-0.446,0.1879,341.285,1994.09,0.00237469,0.1841,-0.0322,-1.708,-0.303,-3.0727,-0.0113,0.0208
99.60,22.980,0.1841,-0.0322,-0.0163,-0.0251,-0.0262,-0.0111,0.0212,-3.0736,-1.808,-0.447,0.1880,341.722,2010.94,0.00209788,0.1841,-0.0322,-1.714,-0.303,-3.0732,-0.0112,0.0212
99.70,23.000,0.1841,-0.0322,-0.0163,-0.0254,-0.0260,-0.0110,0.0215,-3.0740,-1.813,-0.447,0.1881,342.156,2027.89,0.00237469,0.1844,-0.0300,-1.719,-0.304,-3.0737,-0.0110,0.0214
99.80,23.020,0.1844,-0.0300,-0.0152,-0.0259,-0.0256,-0.0108,0.0219,-3.0744,-1.818,-0.447,0.1882,342.732,2050.66,0.00237469,0.1844,-0.0300,-1.726,-0.304,-3.0743,-0.0108,0.0219
99.90,23.060,0.1844,-0.0300,-0.0152,0.0124,0.0179,-0.0108,0.0219,-3.0749,-1.823,-0.448,0.1864,342.732,2050.66,0.00237469,0.1844,-0.0300,-1.726,-0.304,-3.0743,-0.0108,0.0219
100.00,23.080,0.1844,-0.0300,-0.0152,-0.0253,-0.0258,-0.0111,0.0215,-3.0753,-1.827,-0.448,0.1865,343.162,2067.86,0.00209788,0.1844,-0.0300,-1.732,-0.305,-3.0749,-0.0110,0.0216
100.10,23.100,0.1844,-0.0300,-0.0152,-0.0250,-0.0260,-0.0113,0.0212,-3.0756,-1.832,-0.448,0.1866,343.59,2085.17,0.00237469,0.1847,-0.0278,-1.737,-0.305,-3.0754,-0.0112,0.0213
100.20,23.120,0.1847,-0.0278,-0.0141,-0.0245,-0.0261,-0.0115,0.0208,-3.0760,-1.837,-0.449,0.1867,344.156,2108.41,0.00237469,0.1847,-0.0278,-1.745,-0.305,-3.0759,-0.0114,0.0209
100.30,23.160,0.1847,-0.0278,-0.0141,-0.0241,-0.0264,-0.0117,0.0205,-3.0763,-1.841,-0.449,0.1867,344.156,2108.41,0.00237469,0.1847,-0.0278,-1.745,-0.305,-3.0759,-0.0116,0.0205
100.40,23.180,0.1847,-0.0278,-0.0141,-0.0238,-0.0265,-0.0118,0.0202,-3.0767,-1.846,-0.450,0.1868,344.58,2125.96,0.00209788,0.1847,-0.0278,-1.750,-0.306,-3.0763,-0.0118,0.0203
100.50,23.200,0.1847,-0.0278,-0.0132,-0.0234,-0.0266,-0.0120,0.0199,-3.0770,-1.851,-0.450,0.1869,345.001,2143.62,0.00237469,0.1849,-0.0259,-1.756,-0.306,-3.0768,-0.0120,0.0200
100.60,23.220,0.1849,-0.0259,-0.0132,-0.0233,-0.0267,-0.0121,0.0197,-3.0774,-1.856,-0.450,0.1870,345.56,2167.33,0.00237469,0.1849,-0.0259,-1.763,-0.307,-3.0773,-0.0121,0.0198
100.70,23.260,0.1849,-0.0259,-0.0132,-0.0230,-0.0269,-0.0122,0.0195,-3.0777,-1.861,-0.451,0.1871,345.978,2185.24,0.00209788,0.1849,-0.0259,-1.769,-0.307,-3.0777,-0.0122,0.0196
100.80,23.280,0.1849,-0.0259,-0.0130,0.0568,0.0338,-0.0123,0.0194,-3.0781,-1.866,-0.451,0.1871,345.978,2185.24,0.00209788,0.1849,-0.0259,-1.769,-0.307,-3.0777,-0.0123,0.0194
100.90,23.300,0.1849,-0.0259,-0.0123,-0.0228,-0.0269,-0.0123,0.0194,-3.0783,-1.870,-0.451,0.1875,346.394,2203.26,0.00237469,0.1851,-0.0241,-1.774,-0.307,-3.0781,-0.0123,0.0194
101.00,23.320,0.1851,-0.0241,-0.0123,-0.0229,-0.0269,-0.0123,0.0195,-3.0786,-1.875,-0.452,0.1876,346.947,2227.45,0.00237469,0.1851,-0.0241,-1.782,-0.308,-3.0786,-0.0123,0.0194
101.10,23.360,0.1851,-0.0241,-0.0123,-0.0230,-0.0269,-0.0123,0.0195,-3.0790,-1.880,-0.452,0.1876,347.359,2245.72,0.00209788,0.1851,-0.0241,-1.787,-0.308,-3.0789,-0.0123,0.0195
101.20,23.380,0.1851,-0.0241,-0.0123,-0.0231,-0.0268,-0.0123,0.0196,-3.0793,-1.885,-0.452,0.1877,347.359,2245.72,0.00209788,0.1851,-0.0241,-1.787,-0.308,-3.0789,-0.0123,0.0196
101.30,23.400,0.1851,-0.0241,-0.0115,-0.0232,-0.0267,-0.0122,0.0198,-3.0796,-1.889,-0.453,0.1878,347.77,2264.1,0.00237469,0.1853,-0.0225,-1.793,-0.309,-3.0793,-0.0122,0.0197
101.40,23.420,0.1853,-0.0225,-0.0115,-0.0233,-0.0266,-0.0121,0.0199,-3.0799,-1.893,-0.453,0.1879,348.316,2288.78,0.00237469,0.1853,-0.0225,-1.800,-0.309,-3.0798,-0.0122,0.0199
101.50,23.460,0.1853,-0.0225,-0.0115,-0.0236,-0.0265,-0.0120,0.0201,-3.0802,-1.898,-0.453,0.1879,348.316,2288.78,0.00237469,0.1853,-0.0225,-1.800,-0.309,-3.0798,-0.0121,0.0201
101.60,23.480,0.1853,-0.0225,-0.0115,-0.0239,-0.0264,-0.0119,0.0204,-3.0805,-1.903,-0.454,0.1880,348.724,2307.42,0.00209788,0.1853,-0.0225,-1.806,-0.309,-3.0801,-0.0119,0.0203
101.70,23.500,0.1853,-0.0225,-0.0107,-0.0241,-0.0262,-0.0118,0.0206,-3.0807,-1.908,-0.454,0.1881,349.131,2326.17,0.00237469,0.1855,-0.0210,-1.811,-0.310,-3.0805,-0.0118,0.0205
101.80,23.540,0.1855,-0.0210,-0.0107,-0.0245,-0.0260,-0.0117,0.0209,-3.0810,-1.913,-0.454,0.1882,349.671,2351.34,0.00237469,0.1855,-0.0210,-1.819,-0.310,-3.0809,-0.0117,0.0209
101.90,23.560,0.1855,-0.0210,-0.0107,-0.0248,-0.0258,-0.0115,0.0213,-3.0813,-1.918,-0.455,0.1883,350.074,2370.35,0.00209788,0.1855,-0.0210,-1.824,-0.310,-3.0812,-0.0116,0.0211
102.00,23.580,0.1855,-0.0210,-0.0107,-0.0253,-0.0256,-0.0113,0.0217,-3.0816,-1.923,-0.455,0.1884,350.074,2370.35,0.00209788,0.1855,-0.0210,-1.824,-0.310,-3.0812,-0.0113,0.0216
102.10,23.620,0.1857,-0.0195,-0.0100,-0.0258,-0.0252,-0.0111,0.0221,-3.0819,-1.927,-0.455,0.1885,350.477,2389.47,0.00237469,0.1857,-0.0195,-1.830,-0.311,-3.0815,-0.0111,0.0221
102.20,23.640,0.1857,-0.0195,-0.0100,-0.0262,-0.0250,-0.0109,0.0225,-3.0821,-1.932,-0.456,0.1874,351.011,2415.14,0.00237469,0.1857,-0.0195,-1.837,-0.311,-3.0820,-0.0109,0.0224
102.30,23.660,0.1857,-0.0195,-0.0100,-0.0261,-0.0251,-0.0110,0.0223,-3.0825,-1.937,-0.456,0.1868,351.41,2434.53,0.00209788,0.1857,-0.0195,-1.843,-0.312,-3.0823,-0.0110,0.0223
102.40,23.700,0.1857,-0.0195,-0.0100,-0.0257,-0.0253,-0.0112,0.0219,-3.0827,-1.943,-0.456,0.1870,351.808,2454.03,0.00237469,0.1858,-0.0181,-1.848,-0.312,-3.0826,-0.0112,0.0220
102.50,23.720,0.1858,-0.0181,-0.0092,-0.0254,-0.0253,-0.0114,0.0217,-3.0829,-1.947,-0.457,0.1870,351.808,2454.03,0.00237469,0.1858,-0.0181,-1.848,-0.312,-3.0826,-0.0113,0.0217
102.60,23.740,0.1858,-0.0181,-0.0092,-0.0251,-0.0255,-0.0115,0.0215,-3.0832,-1.951,-0.457,0.1871,352.337,2480.21,0.00237469,0.1858,-0.0181,-1.856,-0.312,-3.0830,-0.0115,0.0215
102.70,23.760,0.1858,-0.0181,-0.0092,-0.0249,-0.0256,-0.0116,0.0213,-3.0834,-1.957,-0.457,0.1872,352.733,2499.98,0.00209788,0.1858,-0.0181,-1.861,-0.313,-3.0833,-0.0116,0.0213
102.80,23.800,0.1858,-0.0181,-0.0092,-0.0247,-0.0258,-0.0117,0.0211,-3.0837,-1.961,-0.458,0.1873,353.127,2519.86,0.00237469,0.1860,-0.0168,-1.867,-0.313,-3.0836,-0.0117,0.0211
102.90,23.820,0.1860,-0.0168,-0.0086,-0.0246,-0.0258,-0.0118,0.0210,-3.0839,-1.966,-0.458,0.1874,353.127,2519.86,0.00237469,0.1860,-0.0168,-1.867,-0.313,-3.0836,-0.0118,0.0210
103.00,23.840,0.1860,-0.0168,-0.0058,-0.0443,-0.1242,-0.0118,0.0208,-3.0841,-1.971,-0.458,0.1870,353.652,2546.55,0.00237469,0.1860,-0.0168,-1.874,-0.313,-3.0839,-0.0118,0.0209
103.10,23.880,0.1860,-0.0168,-0.0082,-0.0155,-0.1753,-0.0115,0.0209,-3.0843,-1.976,-0.458,0.1839,354.044,2566.71,0.00209788,0.1860,-0.0168,-1.880,-0.314,-3.0841,-0.0115,0.0209
103.20,23.900,0.1860,-0.0168,-0.0086,-0.0157,-0.1840,-0.0109,0.0209,-3.0845,-1.981,-0.459,0.1840,354.436,2586.98,0.00237469,0.1861,-0.0158,-1.885,-0.314,-3.0844,-0.0109,0.0211
103.30,23.920,0.1861,-0.0158,-0.0158,-0.6646,-0.0206,-0.0109,0.0192,-3.0848,-1.985,-0.459,0.1848,354.436,2586.98,0.00237469,0.1861,-0.0158,-1.885,-0.314,-3.0844,-0.0109,0.0200
103.40,23.940,0.1861,-0.0158,-0.0084,-1.1601,0.2122,-0.0109,0.0194,-3.0852,-1.989,-0.459,0.1872,354.957,2614.19,0.00237469,0.1861,-0.0158,-1.893,-0.314,-3.0848,-0.0109,0.0194
103.50,23.960,0.1861,-0.0158,-0.0128,-0.0140,-0.0504,-0.0109,0.0193,-3.0855,-1.994,-0.459,0.1855,355.346,2634.74,0.00209788,0.1861,-0.0158,-1.898,-0.315,-3.0853,-0.0109,0.0194
106.01,24.620,0.1871,-0.0074,-0.0050,-0.0316,-0.0181,-0.0110,0.0193,-3.0906,-2.113,-0.466,0.1870,363.217,3094.35,0.00237469,0.1871,-0.0074,-2.016,-0.321,-3.0905,-0.0110,0.0193
106.11,24.640,0.1871,-0.0074,-0.0050,-0.0316,-0.0181,-0.0110,0.0193,-3.0908,-2.118,-0.466,0.1870,363.707,3125.4,0.00237469,0.1871,-0.0074,-2.023,-0.321,-3.0907,-0.0110,0.0193
106.21,24.660,0.1871,-0.0074,-0.0050,-0.0316,-0.0181,-0.0110,0.0193,-3.0909,-2.122,-0.467,0.1870,364.074,3148.83,0.00209788,0.1871,-0.0074,-2.029,-0.322,-3.0909,-0.0110,0.0193
106.31,24.680,0.1871,-0.0074,-0.0050,-0.0316,-0.0181,-0.0110,0.0193,-3.0910,-2.127,-0.467,0.1870,364.074,3148.83,0.00209788,0.1871,-0.0074,-2.029,-0.322,-3.0909,-0.0110,0.0193
106.41,24.700,0.1871,-0.0074,-0.0045,-0.0316,-0.0181,-0.0110,0.0193,-3.0911,-2.131,-0.467,0.1871,364.441,3172.4,0.00237469,0.1872,-0.0067,-2.035,-0.322,-3.0910,-0.0110,0.0193
106.51,24.740,0.1872,-0.0067,-0.0045,-0.0316,-0.0181,-0.0110,0.0193,-3.0912,-2.136,-0.467,0.1870,364.929,3204.02,0.00237469,0.1872,-0.0067,-2.042,-0.322,-3.0912,-0.0110,0.0193
106.61,24.760,0.1872,-0.0067,-0.0045,-0.0316,-0.0181,-0.0110,0.0193,-3.0913,-2.141,-0.467,0.1870,365.295,3227.9,0.00209788,0.1872,-0.0067,-2.048,-0.323,-3.0913,-0.0110,0.0193
106.71,24.780,0.1872,-0.0067,-0.0045,-0.0316,-0.0181,-0.0110,0.0193,-3.0915,-2.145,-0.468,0.1870,365.295,3227.9,0.00209788,0.1872,-0.0067,-2.048,-0.323,-3.0913,-0.0110,0.0193
106.81,24.800,0.1872,-0.0067,-0.0041,-0.0312,-0.0187,-0.0110,0.0193,-3.0916,-2.150,-0.468,0.1871,365.661,3251.9,0.00237469,0.1873,-0.0060,-2.053,-0.323,-3.0915,-0.0110,0.0193
106.91,24.840,0.1873,-0.0060,-0.0041,-0.0312,-0.0187,-0.0111,0.0193,-3.0917,-2.155,-0.468,0.1871,366.149,3284.11,0.00237469,0.1873,-0.0060,-2.061,-0.323,-3.0916,-0.0111,0.0193
107.01,24.860,0.1873,-0.0060,-0.0041,-0.0312,-0.0187,-0.0111,0.0193,-3.0918,-2.160,-0.468,0.1871,366.514,3308.42,0.00209788,0.1873,-0.0060,-2.066,-0.324,-3.0917,-0.0111,0.0193
107.11,24.880,0.1873,-0.0060,-0.0041,-0.0312,-0.0187,-0.0111,0.0193,-3.0919,-2.164,-0.469,0.1871,366.514,3308.42,0.00209788,0.1873,-0.0060,-2.066,-0.324,-3.0917,-0.0111,0.0193
107.21,24.900,0.1873,-0.0060,-0.0037,-0.0312,-0.0186,-0.0111,0.0193,-3.0920,-2.169,-0.469,0.1872,366.879,3332.86,0.00237469,0.1873,-0.0055,-2.072,-0.324,-3.0919,-0.0111,0.0193
107.31,24.940,0.1873,-0.0055,-0.0037,-0.0312,-0.0186,-0.0111,0.0193,-3.0921,-2.174,-0.469,0.1872,367.366,3365.66,0.00237469,0.1873,-0.0055,-2.079,-0.324,-3.0920,-0.0111,0.0193
107.41,24.960,0.1873,-0.0055,-0.0037,-0.0312,-0.0186,-0.0111,0.0193,-3.0922,-2.179,-0.469,0.1872,367.731,3390.41,0.00209788,0.1873,-0.0055,-2.085,-0.325,-3.0921,-0.0111,0.0193
107.51,24.980,0.1873,-0.0055,-0.0037,-0.0312,-0.0186,-0.0111,0.0193,-3.0922,-2.183,-0.470,0.1872,367.731,3390.41,0.00209788,0.1873,-0.0055,-2.085,-0.325,-3.0921,-0.0111,0.0193
107.61,25.000,0.1873,-0.0055,-0.0034,-0.0312,-0.0186,-0.0111,0.0193,-3.0923,-2.188,-0.470,0.1872,368.097,3415.3,0.00237469,0.1874,-0.0050,-2.091,-0.325,-3.0922,-0.0111,0.0193
107.71,25.040,0.1874,-0.0050,-0.0034,-0.0312,-0.0186,-0.0111,0.0193,-3.0924,-2.192,-0.470,0.1872,368.583,3448.7,0.00237469,0.1874,-0.0050,-2.098,-0.325,-3.0924,-0.0111,0.0193
107.81,25.060,0.1874,-0.0050,-0.0034,-0.0312,-0.0186,-0.0111,0.0193,-3.0925,-2.197,-0.470,0.1872,368.948,3473.91,0.00209788,0.1874,-0.0050,-2.104,-0.325,-3.0925,-0.0111,0.0193
107.91,25.080,0.1874,-0.0050,-0.0034,-0.0312,-0.0186,-0.0111,0.0193,-3.0926,-2.202,-0.471,0.1872,368.948,3473.91,0.00209788,0.1874,-0.0050,-2.104,-0.325,-3.0925,-0.0111,0.0193
108.01,25.100,0.1874,-0.0050,-0.0030,-0.0312,-0.0185,-0.0111,0.0193,-3.0927,-2.207,-0.471,0.1873,369.313,3499.25,0.00237469,0.1875,-0.0045,-2.109,-0.326,-3.0926,-0.0111,0.0193
108.11,25.140,0.1875,-0.0045,-0.0030,-0.0312,-0.0185,-0.0111,0.0193,-3.0928,-2.212,-0.471,0.1873,369.8,3533.25,0.00237469,0.1875,-0.0045,-2.117,-0.326,-3.0927,-0.0111,0.0193
108.21,25.160,0.1875,-0.0045,-0.0030,-0.0312,-0.0185,-0.0111,0.0193,-3.0928,-2.217,-0.471,0.1873,370.165,3558.91,0.00209788,0.1875,-0.0045,-2.122,-0.326,-3.0928,-0.0111,0.0193
108.31,25.180,0.1875,-0.0045,-0.0030,-0.0312,-0.0185,-0.0111,0.0193,-3.0929,-2.221,-0.472,0.1873,370.165,3558.91,0.00209788,0.1875,-0.0045,-2.122,-0.326,-3.0928,-0.0111,0.0193
108.41,25.220,0.1875,-0.0041,-0.0028,-0.0312,-0.0185,-0.0111,0.0193,-3.0930,-2.226,-0.472,0.1874,370.53,3584.72,0.00237469,0.1875,-0.0041,-2.128,-0.327,-3.0929,-0.0111,0.0193
108.51,25.240,0.1875,-0.0041,-0.0028,-0.0312,-0.0185,-0.0111,0.0193,-3.0930,-2.231,-0.472,0.1874,371.018,3619.33,0.00237469,0.1875,-0.0041,-2.136,-0.327,-3.0930,-0.0111,0.0193
108.61,25.260,0.1875,-0.0041,-0.0028,-0.0313,-0.0185,-0.0111,0.0193,-3.0931,-2.236,-0.472,0.1874,371.383,3645.46,0.00209788,0.1875,-0.0041,-2.141,-0.327,-3.0931,-0.0111,0.0193
108.71,25.280,0.1875,-0.0041,-0.0028,-0.0313,-0.0184,-0.0111,0.0193,-3.0932,-2.239,-0.472,0.1874,371.383,3645.46,0.00209788,0.1875,-0.0041,-2.141,-0.327,-3.0931,-0.0111,0.0193
108.81,25.300,0.1875,-0.0041,-0.0025,-0.0315,-0.0184,-0.0111,0.0193,-3.0932,-2.244,-0.473,0.1874,371.749,3671.72,0.00237469,0.1876,-0.0037,-2.147,-0.328,-3.0932,-0.0111,0.0193
108.91,25.340,0.1876,-0.0037,-0.0027,-0.0314,-0.0181,-0.0111,0.0193,-3.0933,-2.249,-0.473,0.1873,372.236,3706.96,0.00237469,0.1876,-0.0037,-2.154,-0.328,-3.0933,-0.0111,0.0193
109.01,25.360,0.1876,-0.0037,-0.0027,-0.0314,-0.0181,-0.0111,0.0193,-3.0934,-2.254,-0.473,0.1873,372.602,3733.55,0.00209788,0.1876,-0.0037,-2.160,-0.328,-3.0934,-0.0111,0.0193
109.11,25.380,0.1876,-0.0037,-0.0027,-0.0314,-0.0181,-0.0111,0.0193,-3.0935,-2.259,-0.473,0.1873,372.602,3733.55,0.00209788,0.1876,-0.0037,-2.160,-0.328,-3.0934,-0.0111,0.0193
109.21,25.420,0.1876,-0.0034,-0.0025,-0.0312,-0.0184,-0.0111,0.0193,-3.0935,-2.263,-0.474,0.1874,372.968,3760.28,0.00237469,0.1876,-0.0034,-2.166,-0.328,-3.0934,-0.0111,0.0193
109.31,25.440,0.1876,-0.0034,-0.0025,-0.0312,-0.0184,-0.0111,0.0193,-3.0936,-2.268,-0.474,0.1874,373.457,3796.15,0.00237469,0.1876,-0.0034,-2.173,-0.329,-3.0935,-0.0111,0.0193
109.41,25.460,0.1876,-0.0034,-0.0025,-0.0312,-0.0184,-0.0111,0.0193,-3.0936,-2.273,-0.474,0.1874,373.823,3823.21,0.00209788,0.1876,-0.0034,-2.179,-0.329,-3.0936,-0.0111,0.0193
109.51,25.500,0.1876,-0.0034,-0.0025,-0.0312,-0.0184,-0.0111,0.0193,-3.0937,-2.278,-0.474,0.1874,374.19,3850.42,0.00237469,0.1876,-0.0030,-2.184,-0.329,-3.0937,-0.0111,0.0193
109.61,25.520,0.1876,-0.0030,-0.0022,-0.0312,-0.0184,-0.0111,0.0193,-3.0938,-2.283,-0.475,0.1874,374.19,3850.42,0.00237469,0.1876,-0.0030,-2.184,-0.329,-3.0937,-0.0111,0.0193
109.71,25.540,0.1876,-0.0030,-0.0022,-0.0312,-0.0184,-0.0111,0.0193,-3.0938,-2.287,-0.475,0.1874,374.679,3886.92,0.00237469,0.1876,-0.0030,-2.192,-0.330,-3.0938,-0.0111,0.0193
109.81,25.560,0.1876,-0.0030,-0.0022,-0.0312,-0.0184,-0.0111,0.0193,-3.0939,-2.293,-0.475,0.1874,375.046,3914.47,0.00209788,0.1876,-0.0030,-2.197,-0.330,-3.0938,-0.0111,0.0193
109.91,25.600,0.1876,-0.0030,-0.0022,-0.0312,-0.0184,-0.0111,0.0193,-3.0939,-2.297,-0.475,0.1875,375.413,3942.16,0.00237469,0.1877,-0.0027,-2.203,-0.330,-3.0939,-0.0111,0.0193
110.01,25.620,0.1877,-0.0027,-0.0020,-0.0312,-0.0183,-0.0111,0.0192,-3.0940,-2.302,-0.476,0.1875,375.413,3942.16,0.00237469,0.1877,-0.0027,-2.203,-0.330,-3.0939,-0.0111,0.0192
110.11,25.640,0.1877,-0.0027,-0.0020,-0.0312,-0.0184,-0.0111,0.0192,-3.0940,-2.306,-0.476,0.1875,375.903,3979.3,0.00237469,0.1877,-0.0027,-2.211,-0.331,-3.0940,-0.0111,0.0192
110.21,25.660,0.1877,-0.0027,-0.0020,-0.0312,-0.0184,-0.0111,0.0192,-3.0941,-2.311,-0.476,0.1875,376.271,4007.33,0.00209788,0.1877,-0.0027,-2.216,-0.331,-3.0941,-0.0111,0.0192
110.31,25.700,0.1877,-0.0027,-0.0020,-0.0312,-0.0184,-0.0111,0.0192,-3.0941,-2.316,-0.476,0.1875,376.639,4035.51,0.00237469,0.1877,-0.0024,-2.222,-0.331,-3.0941,-0.0111,0.0192
110.41,25.720,0.1877,-0.0024,-0.0018,-0.0312,-0.0183,-0.0111,0.0192,-3.0942,-2.321,-0.476,0.1875,376.639,4035.51,0.00237469,0.1877,-0.0024,-2.222,-0.331,-3.0941,-0.0111,0.0192
110.51,25.740,0.1877,-0.0024,-0.0018,-0.0312,-0.0183,-0.0111,0.0192,-3.0942,-2.326,-0.477,0.1875,377.131,4073.31,0.00237469,0.1877,-0.0024,-2.229,-0.332,-3.0942,-0.0111,0.0192
110.61,25.780,0.1877,-0.0024,-0.0018,-0.0312,-0.0183,-0.0111,0.0192,-3.0943,-2.331,-0.477,0.1875,377.5,4101.83,0.00209788,0.1877,-0.0024,-2.235,-0.332,-3.0942,-0.0111,0.0192
110.71,25.800,0.1877,-0.0024,-0.0018,-0.0312,-0.0183,-0.0111,0.0192,-3.0943,-2.336,-0.477,0.1876,377.869,4130.5,0.00237469,0.1877,-0.0022,-2.241,-0.332,-3.0943,-0.0111,0.0192
110.81,25.820,0.1877,-0.0022,-0.0016,-0.0312,-0.0183,-0.0111,0.0192,-3.0944,-2.341,-0.477,0.1876,378.362,4168.95,0.00237469,0.1877,-0.0022,-2.248,-0.332,-3.0944,-0.0111,0.0192
110.91,25.860,0.1877,-0.0022,-0.0016,-0.0312,-0.0183,-0.0111,0.0192,-3.0944,-2.346,-0.478,0.1876,378.362,4168.95,0.00237469,0.1877,-0.0022,-2.248,-0.332,-3.0944,-0.0111,0.0192
111.01,25.880,0.1877,-0.0022,-0.0016,-0.0312,-0.0183,-0.0111,0.0192,-3.0945,-2.351,-0.478,0.1876,378.732,4197.97,0.00209788,0.1877,-0.0022,-2.254,-0.333,-3.0944,-0.0111,0.0192
111.11,25.900,0.1877,-0.0022,-0.0014,-0.0312,-0.0183,-0.0111,0.0192,-3.0945,-2.355,-0.478,0.1876,379.102,4227.14,0.00237469,0.1878,-0.0020,-2.259,-0.333,-3.0945,-0.0111,0.0192
111.21,25.920,0.1878,-0.0020,-0.0014,-0.0312,-0.0183,-0.0111,0.0192,-3.0945,-2.360,-0.478,0.1876,379.597,4266.27,0.00237469,0.1878,-0.0020,-2.267,-0.333,-3.0945,-0.0111,0.0192
111.31,25.960,0.1878,-0.0020,-0.0014,-0.0312,-0.0183,-0.0111,0.0192,-3.0946,-2.364,-0.479,0.1876,379.597,4266.27,0.00237469,0.1878,-0.0020,-2.267,-0.333,-3.0945,-0.0111,0.0192
111.41,25.980,0.1878,-0.0020,-0.0014,-0.0312,-0.0183,-0.0111,0.0192,-3.0946,-2.369,-0.479,0.1876,379.968,4295.79,0.00209788,0.1878,-0.0020,-2.272,-0.334,-3.0946,-0.0111,0.0192
111.51,26.000,0.1878,-0.0020,-0.0013,-0.0312,-0.0183,-0.0111,0.0192,-3.0946,-2.374,-0.479,0.1877,380.34,4325.46,0.00237469,0.1878,-0.0018,-2.278,-0.334,-3.0946,-0.0111,0.0192
111.61,26.040,0.1878,-0.0018,-0.0013,-0.0311,-0.0182,-0.0111,0.0192,-3.0947,-2.379,-0.479,0.1877,380.836,4365.26,0.00237469,0.1878,-0.0018,-2.286,-0.334,-3.0947,-0.0111,0.0192
111.71,26.060,0.1878,-0.0018,-0.0013,-0.0310,-0.0182,-0.0111,0.0192,-3.0947,-2.384,-0.479,0.1877,381.209,4395.29,0.00209788,0.1878,-0.0018,-2.291,-0.334,-3.0947,-0.0111,0.0192
111.81,26.080,0.1878,-0.0018,-0.0014,-0.0313,-0.0181,-0.0111,0.0192,-3.0947,-2.389,-0.480,0.1878,381.209,4395.29,0.00209788,0.1878,-0.0018,-2.291,-0.334,-3.0947,-0.0111,0.0192
111.91,26.100,0.1878,-0.0018,-0.0013,-0.0313,-0.0181,-0.0111,0.0192,-3.0948,-2.394,-0.480,0.1878,381.582,4425.47,0.00237469,0.1878,-0.0016,-2.297,-0.335,-3.0947,-0.0111,0.0192
112.01,26.140,0.1878,-0.0016,-0.0013,-0.0313,-0.0181,-0.0111,0.0192,-3.0948,-2.398,-0.480,0.1878,382.081,4465.96,0.00237469,0.1878,-0.0016,-2.304,-0.335,-3.0948,-0.0111,0.0192
112.11,26.160,0.1878,-0.0016,-0.0013,-0.0313,-0.0181,-0.0111,0.0192,-3.0948,-2.403,-0.480,0.1878,382.455,4496.5,0.00209788,0.1878,-0.0016,-2.310,-0.335,-3.0948,-0.0111,0.0192
112.21,26.180,0.1878,-0.0016,-0.0013,-0.0313,-0.0181,-0.0111,0.0192,-3.0949,-2.408,-0.481,0.1878,382.455,4496.5,0.00209788,0.1878,-0.0016,-2.310,-0.335,-3.0948,-0.0111,0.0192
112.31,26.200,0.1878,-0.0016,-0.0011,-0.0313,-0.0181,-0.0111,0.0192,-3.0949,-2.413,-0.481,0.1878,382.829,4527.2,0.00237469,0.1878,-0.0014,-2.316,-0.336,-3.0949,-0.0111,0.0192
112.41,26.240,0.1878,-0.0014,-0.0011,-0.0313,-0.0181,-0.0111,0.0192,-3.0949,-2.417,-0.481,0.1878,383.33,4568.38,0.00237469,0.1878,-0.0014,-2.323,-0.336,-3.0949,-0.0111,0.0192
112.51,26.260,0.1878,-0.0014,-0.0011,-0.0313,-0.0181,-0.0111,0.0192,-3.0950,-2.422,-0.481,0.1878,383.705,4599.45,0.00209788,0.1878,-0.0014,-2.329,-0.336,-3.0950,-0.0111,0.0192
112.61,26.280,0.1878,-0.0014,-0.0011,-0.0313,-0.0181,-0.0111,0.0192,-3.0950,-2.427,-0.481,0.1878,383.705,4599.45,0.00209788,0.1878,-0.0014,-2.329,-0.336,-3.0950,-0.0111,0.0192
112.71,26.300,0.1878,-0.0014,-0.0010,-0.0312,-0.0181,-0.0111,0.0192,-3.0950,-2.431,-0.482,0.1878,384.082,4630.67,0.00237469,0.1879,-0.0012,-2.334,-0.336,-3.0950,-0.0111,0.0192
112.81,26.340,0.1879,-0.0012,-0.0010,-0.0312,-0.0181,-0.0111,0.0192,-3.0950,-2.436,-0.482,0.1878,384.584,4672.55,0.00237469,0.1879,-0.0012,-2.342,-0.337,-3.0950,-0.0111,0.0192
112.91,26.360,0.1879,-0.0012,-0.0010,-0.0312,-0.0182,-0.0111,0.0192,-3.0951,-2.441,-0.482,0.1878,384.961,4704.14,0.00209788,0.1879,-0.0012,-2.347,-0.337,-3.0951,-0.0111,0.0192
113.01,26.380,0.1879,-0.0012,-0.0010,-0.0312,-0.0182,-0.0111,0.0192,-3.0951,-2.446,-0.482,0.1878,384.961,4704.14,0.00209788,0.1879,-0.0012,-2.347,-0.337,-3.0951,-0.0111,0.0192
113.11,26.420,0.1846,-0.0167,-0.0174,-0.0323,-0.0187,-0.0111,0.0192,-3.0953,-2.450,-0.483,0.1845,385.339,4735.89,0.00237469,0.1846,-0.0286,-2.353,-0.337,-3.0951,-0.0111,0.0192
113.21,26.440,0.1846,-0.0286,-0.0234,-0.0330,-0.0191,-0.0111,0.0192,-3.0959,-2.455,-0.483,0.1845,385.843,4778.48,0.00237469,0.1846,-0.0286,-2.361,-0.338,-3.0954,-0.0111,0.0192
113.31,26.460,0.1846,-0.0286,-0.0234,-0.0330,-0.0191,-0.0111,0.0192,-3.0965,-2.460,-0.483,0.1845,386.218,4810.61,0.00209788,0.1846,-0.0286,-2.366,-0.338,-3.0961,-0.0111,0.0192
113.41,26.480,0.1846,-0.0286,-0.0234,-0.0330,-0.0191,-0.0112,0.0192,-3.0971,-2.465,-0.483,0.1844,386.588,4842.9,0.00237469,0.1847,-0.0273,-2.372,-0.338,-3.0968,-0.0112,0.0192
113.51,26.520,0.1847,-0.0273,-0.0223,-0.0329,-0.0191,-0.0112,0.0192,-3.0977,-2.470,-0.483,0.1845,386.588,4842.9,0.00237469,0.1847,-0.0273,-2.372,-0.338,-3.0968,-0.0112,0.0192
113.61,26.540,0.1847,-0.0273,-0.0223,-0.0329,-0.0191,-0.0112,0.0192,-3.0982,-2.474,-0.484,0.1844,387.073,4886.2,0.00237469,0.1847,-0.0273,-2.379,-0.339,-3.0978,-0.0112,0.0192
113.71,26.560,0.1847,-0.0273,-0.0223,-0.0329,-0.0191,-0.0112,0.0192,-3.0987,-2.478,-0.484,0.1844,387.431,4918.88,0.00209788,0.1847,-0.0273,-2.385,-0.339,-3.0985,-0.0112,0.0192
113.81,26.580,0.1847,-0.0273,-0.0223,-0.0329,-0.0192,-0.0112,0.0192,-3.0993,-2.483,-0.484,0.1843,387.784,4951.71,0.00237469,0.1851,-0.0240,-2.390,-0.339,-3.0991,-0.0112,0.0192
113.91,26.620,0.1851,-0.0240,-0.0196,-0.0326,-0.0191,-0.0112,0.0192,-3.0998,-2.487,-0.484,0.1846,387.784,4951.71,0.00237469,0.1851,-0.0240,-2.390,-0.339,-3.0991,-0.0112,0.0192
114.01,26.640,0.1851,-0.0240,-0.0196,-0.0326,-0.0191,-0.0112,0.0192,-3.1003,-2.492,-0.485,0.1846,388.247,4995.75,0.00237469,0.1851,-0.0240,-2.397,-0.339,-3.1000,-0.0112,0.0192
114.11,26.660,0.1851,-0.0240,-0.0196,-0.0326,-0.0191,-0.0112,0.0192,-3.1007,-2.496,-0.485,0.1845,388.59,5028.97,0.00209788,0.1851,-0.0240,-2.403,-0.340,-3.1006,-0.0112,0.0192
114.21,26.680,0.1851,-0.0240,-0.0195,-0.0326,-0.0191,-0.0112,0.0192,-3.1012,-2.501,-0.485,0.1845,388.59,5028.97,0.00209788,0.1851,-0.0240,-2.403,-0.340,-3.1006,-0.0112,0.0192
114.31,26.700,0.1851,-0.0240,-0.0172,-0.0309,-0.0215,-0.0112,0.0192,-3.1016,-2.505,-0.485,0.1848,388.928,5062.35,0.00237469,0.1855,-0.0211,-2.409,-0.340,-3.1011,-0.0112,0.0192
114.41,26.740,0.1855,-0.0211,-0.0171,-0.0307,-0.0215,-0.0113,0.0192,-3.1021,-2.510,-0.485,0.1848,389.373,5107.13,0.00237469,0.1855,-0.0211,-2.416,-0.340,-3.1019,-0.0113,0.0192
114.51,26.760,0.1855,-0.0211,-0.0171,-0.0299,-0.0217,-0.0113,0.0192,-3.1025,-2.515,-0.486,0.1848,389.703,5140.9,0.00209788,0.1855,-0.0211,-2.422,-0.340,-3.1024,-0.0113,0.0192
114.61,26.780,0.1855,-0.0211,-0.0155,-0.0309,-0.0213,-0.0113,0.0191,-3.1030,-2.520,-0.486,0.1853,389.703,5140.9,0.00209788,0.1855,-0.0211,-2.422,-0.340,-3.1024,-0.0113,0.0192
114.71,26.820,0.1858,-0.0186,-0.0137,-0.0310,-0.0209,-0.0113,0.0191,-3.1033,-2.524,-0.486,0.1856,390.028,5174.85,0.00237469,0.1858,-0.0186,-2.427,-0.341,-3.1029,-0.0113,0.0191
114.81,26.840,0.1858,-0.0186,-0.0137,-0.0310,-0.0209,-0.0113,0.0191,-3.1036,-2.529,-0.486,0.1856,390.457,5220.37,0.00237469,0.1858,-0.0186,-2.434,-0.341,-3.1035,-0.0113,0.0191
114.91,26.860,0.1858,-0.0186,-0.0137,-0.0310,-0.0209,-0.0113,0.0191,-3.1039,-2.533,-0.486,0.1856,390.776,5254.7,0.00209788,0.1858,-0.0186,-2.440,-0.341,-3.1039,-0.0113,0.0191
115.01,26.880,0.1858,-0.0186,-0.0137,-0.0310,-0.0209,-0.0113,0.0191,-3.1043,-2.538,-0.487,0.1856,390.776,5254.7,0.00209788,0.1858,-0.0186,-2.440,-0.341,-3.1039,-0.0113,0.0191
115.11,26.900,0.1858,-0.0186,-0.0122,-0.0310,-0.0206,-0.0113,0.0191,-3.1046,-2.542,-0.487,0.1859,391.091,5289.21,0.00237469,0.1860,-0.0165,-2.446,-0.341,-3.1043,-0.0113,0.0191
115.21,26.940,0.1860,-0.0165,-0.0122,-0.0310,-0.0206,-0.0113,0.0191,-3.1049,-2.547,-0.487,0.1859,391.508,5335.48,0.00237469,0.1860,-0.0165,-2.453,-0.341,-3.1048,-0.0113,0.0191
115.31,26.960,0.1860,-0.0165,-0.0121,-0.0310,-0.0206,-0.0113,0.0191,-3.1052,-2.551,-0.487,0.1859,391.817,5370.39,0.00209788,0.1860,-0.0165,-2.459,-0.342,-3.1051,-0.0113,0.0191
115.41,26.980,0.1860,-0.0165,-0.0121,-0.0310,-0.0206,-0.0113,0.0191,-3.1055,-2.556,-0.487,0.1859,391.817,5370.39,0.00209788,0.1860,-0.0165,-2.459,-0.342,-3.1051,-0.0113,0.0191
115.51,27.000,0.1860,-0.0165,-0.0109,-0.0310,-0.0204,-0.0113,0.0191,-3.1058,-2.561,-0.487,0.1861,392.124,5405.47,0.00237469,0.1862,-0.0148,-2.464,-0.342,-3.1055,-0.0113,0.0191
115.61,27.040,0.1862,-0.0148,-0.0109,-0.0309,-0.0204,-0.0113,0.0191,-3.1061,-2.566,-0.488,0.1861,392.53,5452.5,0.00237469,0.1862,-0.0148,-2.472,-0.342,-3.1059,-0.0113,0.0191
115.71,27.060,0.1862,-0.0148,-0.0109,-0.0309,-0.0204,-0.0113,0.0191,-3.1064,-2.571,-0.488,0.1861,392.831,5487.98,0.00209788,0.1862,-0.0148,-2.477,-0.342,-3.1063,-0.0113,0.0191
115.81,27.080,0.1862,-0.0148,-0.0109,-0.0309,-0.0204,-0.0113,0.0191,-3.1067,-2.576,-0.488,0.1861,392.831,5487.98,0.00209788,0.1862,-0.0148,-2.477,-0.342,-3.1063,-0.0113,0.0191
115.91,27.120,0.1864,-0.0132,-0.0097,-0.0309,-0.0202,-0.0113,0.0191,-3.1069,-2.580,-0.488,0.1863,393.131,5523.63,0.00237469,0.1864,-0.0132,-2.483,-0.343,-3.1066,-0.0113,0.0191
116.01,27.140,0.1864,-0.0132,-0.0097,-0.0309,-0.0202,-0.0113,0.0191,-3.1071,-2.584,-0.488,0.1863,393.527,5571.44,0.00237469,0.1864,-0.0132,-2.490,-0.343,-3.1070,-0.0113,0.0191
116.11,27.160,0.1864,-0.0132,-0.0097,-0.0309,-0.0202,-0.0114,0.0191,-3.1074,-2.589,-0.489,0.1863,393.821,5607.5,0.00209788,0.1864,-0.0132,-2.496,-0.343,-3.1073,-0.0114,0.0191
116.21,27.180,0.1864,-0.0132,-0.0097,-0.0309,-0.0202,-0.0114,0.0191,-3.1076,-2.594,-0.489,0.1863,393.821,5607.5,0.00209788,0.1864,-0.0132,-2.496,-0.343,-3.1073,-0.0114,0.0191
116.31,27.200,0.1864,-0.0132,-0.0087,-0.0309,-0.0200,-0.0114,0.0191,-3.1078,-2.598,-0.489,0.1865,394.114,5643.73,0.00237469,0.1866,-0.0118,-2.501,-0.343,-3.1076,-0.0114,0.0191
116.41,27.240,0.1866,-0.0118,-0.0087,-0.0309,-0.0200,-0.0114,0.0191,-3.1081,-2.603,-0.489,0.1865,394.501,5692.32,0.00237469,0.1866,-0.0118,-2.509,-0.343,-3.1079,-0.0114,0.0191
116.51,27.260,0.1866,-0.0118,-0.0087,-0.0309,-0.0201,-0.0114,0.0191,-3.1083,-2.608,-0.489,0.1865,394.789,5728.96,0.00209788,0.1866,-0.0118,-2.514,-0.344,-3.1082,-0.0114,0.0191
116.61,27.280,0.1866,-0.0118,-0.0087,-0.0309,-0.0201,-0.0114,0.0191,-3.1085,-2.613,-0.489,0.1865,394.789,5728.96,0.00209788,0.1866,-0.0118,-2.514,-0.344,-3.1082,-0.0114,0.0191
116.71,27.320,0.1867,-0.0106,-0.0078,-0.0309,-0.0199,-0.0114,0.0191,-3.1087,-2.618,-0.490,0.1866,395.076,5765.79,0.00237469,0.1867,-0.0106,-2.520,-0.344,-3.1085,-0.0114,0.0191
116.81,27.340,0.1867,-0.0106,-0.0078,-0.0309,-0.0199,-0.0114,0.0191,-3.1089,-2.622,-0.490,0.1866,395.456,5815.16,0.00237469,0.1867,-0.0106,-2.528,-0.344,-3.1088,-0.0114,0.0191
116.91,27.360,0.1867,-0.0106,-0.0077,-0.0319,-0.0225,-0.0114,0.0191,-3.1091,-2.627,-0.490,0.1866,395.739,5852.4,0.00209788,0.1867,-0.0106,-2.533,-0.344,-3.1090,-0.0114,0.0191
117.01,27.380,0.1867,-0.0106,-0.0077,-0.0309,-0.0199,-0.0114,0.0191,-3.1093,-2.632,-0.490,0.1866,396.02,5889.82,0.00237469,0.1869,-0.0095,-2.539,-0.344,-3.1092,-0.0114,0.0191
117.11,27.420,0.1869,-0.0095,-0.0069,-0.0309,-0.0198,-0.0114,0.0191,-3.1095,-2.636,-0.490,0.1868,396.02,5889.82,0.00237469,0.1869,-0.0095,-2.539,-0.344,-3.1092,-0.0114,0.0191
117.21,27.440,0.1869,-0.0095,-0.0069,-0.0309,-0.0199,-0.0114,0.0191,-3.1097,-2.641,-0.490,0.1868,396.393,5939.99,0.00237469,0.1869,-0.0095,-2.546,-0.345,-3.1095,-0.0114,0.0191
117.31,27.460,0.1869,-0.0095,-0.0069,-0.0317,-0.0189,-0.0114,0.0191,-3.1098,-2.646,-0.491,0.1868,396.672,5977.83,0.00209788,0.1869,-0.0095,-2.552,-0.345,-3.1097,-0.0114,0.0191
117.41,27.480,0.1869,-0.0095,-0.0069,-0.0315,-0.0198,-0.0114,0.0191,-3.1100,-2.650,-0.491,0.1867,396.672,5977.83,0.00209788,0.1869,-0.0095,-2.552,-0.345,-3.1097,-0.0114,0.0191
117.51,27.520,0.1870,-0.0085,-0.0057,-0.0314,-0.0188,-0.0114,0.0191,-3.1101,-2.655,-0.491,0.1869,396.949,6015.85,0.00237469,0.1870,-0.0085,-2.557,-0.345,-3.1099,-0.0114,0.0191
117.61,27.540,0.1870,-0.0085,-0.0057,-0.0314,-0.0188,-0.0114,0.0191,-3.1103,-2.660,-0.491,0.1869,397.316,6066.82,0.00237469,0.1870,-0.0085,-2.565,-0.345,-3.1102,-0.0114,0.0191
117.71,27.560,0.1870,-0.0085,-0.0057,-0.0314,-0.0188,-0.0114,0.0191,-3.1104,-2.665,-0.491,0.1869,397.59,6105.27,0.00209788,0.1870,-0.0085,-2.570,-0.345,-3.1103,-0.0114,0.0191
117.81,27.580,0.1870,-0.0085,-0.0057,-0.0313,-0.0188,-0.0114,0.0191,-3.1106,-2.669,-0.491,0.1869,397.864,6143.9,0.00237469,0.1871,-0.0076,-2.576,-0.346,-3.1105,-0.0114,0.0191
117.91,27.620,0.1871,-0.0076,-0.0051,-0.0313,-0.0187,-0.0114,0.0191,-3.1107,-2.674,-0.491,0.1870,397.864,6143.9,0.00237469,0.1871,-0.0076,-2.576,-0.346,-3.1105,-0.0114,0.0191
118.01,27.640,0.1871,-0.0076,-0.0051,-0.0313,-0.0187,-0.0114,0.0191,-3.1108,-2.678,-0.492,0.1870,398.227,6195.69,0.00237469,0.1871,-0.0076,-2.584,-0.346,-3.1107,-0.0114,0.0191
118.11,27.660,0.1871,-0.0076,-0.0051,-0.0313,-0.0188,-0.0114,0.0191,-3.1109,-2.683,-0.492,0.1870,398.498,6234.75,0.00209788,0.1871,-0.0076,-2.589,-0.346,-3.1109,-0.0114,0.0191
118.21,27.700,0.1871,-0.0076,-0.0051,-0.0313,-0.0188,-0.0114,0.0191,-3.1111,-2.688,-0.492,0.1870,398.768,6273.99,0.00237469,0.1872,-0.0069,-2.595,-0.346,-3.1110,-0.0114,0.0191
118.31,27.720,0.1872,-0.0069,-0.0046,-0.0313,-0.0187,-0.0114,0.0191,-3.1112,-2.693,-0.492,0.1870,398.768,6273.99,0.00237469,0.1872,-0.0069,-2.595,-0.346,-3.1110,-0.0114,0.0191
118.41,27.740,0.1872,-0.0069,-0.0046,-0.0312,-0.0187,-0.0114,0.0191,-3.1113,-2.698,-0.492,0.1870,399.127,6326.61,0.00237469,0.1872,-0.0069,-2.602,-0.346,-3.1112,-0.0114,0.0191
118.51,27.760,0.1872,-0.0069,-0.0046,-0.0312,-0.0187,-0.0114,0.0191,-3.1114,-2.702,-0.492,0.1870,399.396,6366.29,0.00209788,0.1872,-0.0069,-2.608,-0.347,-3.1114,-0.0114,0.0191
118.61,27.780,0.1872,-0.0069,-0.0046,-0.0312,-0.0187,-0.0114,0.0191,-3.1115,-2.707,-0.493,0.1870,399.663,6406.16,0.00237469,0.1872,-0.0063,-2.614,-0.347,-3.1115,-0.0114,0.0191
118.71,27.820,0.1872,-0.0063,-0.0042,-0.0309,-0.0193,-0.0114,0.0191,-3.1116,-2.711,-0.493,0.1870,399.663,6406.16,0.00237469,0.1872,-0.0063,-2.614,-0.347,-3.1115,-0.0114,0.0191
118.81,27.840,0.1872,-0.0063,-0.0042,-0.0309,-0.0193,-0.0114,0.0190,-3.1117,-2.716,-0.493,0.1870,400.019,6459.61,0.00237469,0.1872,-0.0063,-2.621,-0.347,-3.1117,-0.0114,0.0190
118.91,27.860,0.1872,-0.0063,-0.0042,-0.0309,-0.0193,-0.0114,0.0190,-3.1119,-2.721,-0.493,0.1870,400.285,6499.91,0.00209788,0.1872,-0.0063,-2.627,-0.347,-3.1118,-0.0114,0.0190
119.01,27.900,0.1872,-0.0063,-0.0042,-0.0309,-0.0193,-0.0114,0.0190,-3.1120,-2.726,-0.493,0.1871,400.551,6540.41,0.00237469,0.1873,-0.0057,-2.632,-0.347,-3.1119,-0.0114,0.0190
119.11,27.920,0.1873,-0.0057,-0.0038,-0.0309,-0.0192,-0.0114,0.0190,-3.1121,-2.731,-0.493,0.1871,400.551,6540.41,0.00237469,0.1873,-0.0057,-2.632,-0.347,-3.1119,-0.0114,0.0190
119.21,27.940,0.1873,-0.0057,-0.0038,-0.0308,-0.0193,-0.0114,0.0190,-3.1122,-2.736,-0.493,0.1871,400.904,6594.7,0.00237469,0.1873,-0.0057,-2.640,-0.348,-3.1121,-0.0114,0.0190
119.31,27.980,0.1873,-0.0057,-0.0038,-0.0308,-0.0193,-0.0114,0.0190,-3.1123,-2.740,-0.494,0.1871,401.168,6635.64,0.00209788,0.1873,-0.0057,-2.645,-0.348,-3.1122,-0.0114,0.0190
119.41,28.000,0.1873,-0.0057,-0.0038,-0.0308,-0.0193,-0.0114,0.0190,-3.1124,-2.745,-0.494,0.1872,401.431,6676.77,0.00237469,0.1874,-0.0052,-2.651,-0.348,-3.1123,-0.0114,0.0190
119.51,28.020,0.1874,-0.0052,-0.0034,-0.0308,-0.0192,-0.0114,0.0190,-3.1124,-2.749,-0.494,0.1872,401.431,6676.77,0.00237469,0.1874,-0.0052,-2.651,-0.348,-3.1123,-0.0114,0.0190
119.61,28.040,0.1874,-0.0052,-0.0034,-0.0308,-0.0192,-0.0115,0.0190,-3.1125,-2.754,-0.494,0.1872,401.781,6731.92,0.00237469,0.1874,-0.0052,-2.658,-0.348,-3.1124,-0.0115,0.0190
119.71,28.080,0.1874,-0.0052,-0.0034,-0.0308,-0.0192,-0.0115,0.0190,-3.1126,-2.759,-0.494,0.1872,402.044,6773.5,0.00209788,0.1874,-0.0052,-2.664,-0.348,-3.1125,-0.0115,0.0190
119.81,28.100,0.1874,-0.0052,-0.0034,-0.0308,-0.0192,-0.0115,0.0190,-3.1127,-2.763,-0.494,0.1873,402.305,6815.27,0.00237469,0.1874,-0.0047,-2.670,-0.348,-3.1126,-0.0115,0.0190
119.91,28.120,0.1874,-0.0047,-0.0031,-0.0308,-0.0191,-0.0115,0.0190,-3.1128,-2.768,-0.494,0.1873,402.305,6815.27,0.00237469,0.1874,-0.0047,-2.670,-0.348,-3.1126,-0.0115,0.0190
120.01,28.140,0.1874,-0.0047,-0.0031,-0.0308,-0.0191,-0.0115,0.0190,-3.1128,-2.773,-0.495,0.1873,402.654,6871.28,0.00237469,0.1874,-0.0047,-2.677,-0.349,-3.1128,-0.0115,0.0190
120.11,28.160,0.1874,-0.0047,-0.0031,-0.0308,-0.0191,-0.0115,0.0190,-3.1129,-2.778,-0.495,0.1873,402.914,6913.51,0.00209788,0.1874,-0.0047,-2.683,-0.349,-3.1129,-0.0115,0.0190
120.21,28.200,0.1874,-0.0047,-0.0031,-0.0308,-0.0191,-0.0115,0.0190,-3.1130,-2.782,-0.495,0.1873,403.175,6955.93,0.00237469,0.1875,-0.0042,-2.688,-0.349,-3.1130,-0.0115,0.0190
120.31,28.220,0.1875,-0.0042,-0.0028,-0.0308,-0.0191,-0.0115,0.0190,-3.1131,-2.788,-0.495,0.1873,403.175,6955.93,0.00237469,0.1875,-0.0042,-2.688,-0.349,-3.1130,-0.0115,0.0190
120.41,28.240,0.1875,-0.0042,-0.0028,-0.0308,-0.0191,-0.0115,0.0190,-3.1132,-2.792,-0.495,0.1873,403.521,7012.81,0.00237469,0.1875,-0.0042,-2.696,-0.349,-3.1131,-0.0115,0.0190
120.51,28.280,0.1875,-0.0042,-0.0028,-0.0308,-0.0191,-0.0115,0.0190,-3.1132,-2.797,-0.495,0.1873,403.781,7055.69,0.00209788,0.1875,-0.0042,-2.702,-0.349,-3.1132,-0.0115,0.0190
120.61,28.300,0.1875,-0.0042,-0.0028,-0.0308,-0.0191,-0.0115,0.0190,-3.1133,-2.802,-0.495,0.1874,404.04,7098.78,0.00237469,0.1875,-0.0038,-2.707,-0.350,-3.1132,-0.0115,0.0190
120.71,28.320,0.1875,-0.0038,-0.0026,-0.0309,-0.0190,-0.0115,0.0190,-3.1134,-2.806,-0.496,0.1874,404.385,7156.53,0.00237469,0.1875,-0.0038,-2.715,-0.350,-3.1134,-0.0115,0.0190
120.81,28.340,0.1875,-0.0038,-0.0026,-0.0306,-0.0196,-0.0115,0.0190,-3.1134,-2.811,-0.496,0.1874,404.385,7156.53,0.00237469,0.1875,-0.0038,-2.715,-0.350,-3.1134,-0.0115,0.0190
120.91,28.380,0.1875,-0.0038,-0.0026,-0.0328,-0.0197,-0.0115,0.0190,-3.1135,-2.816,-0.496,0.1873,404.643,7200.08,0.00209788,0.1875,-0.0038,-2.720,-0.350,-3.1134,-0.0115,0.0190
121.01,28.400,0.1875,-0.0038,-0.0028,-0.0311,-0.0187,-0.0115,0.0190,-3.1136,-2.820,-0.496,0.1874,404.901,7243.83,0.00237469,0.1876,-0.0035,-2.726,-0.350,-3.1135,-0.0115,0.0190
121.11,28.420,0.1876,-0.0035,-0.0026,-0.0308,-0.0191,-0.0115,0.0190,-3.1136,-2.825,-0.496,0.1874,404.901,7243.83,0.00237469,0.1876,-0.0035,-2.726,-0.350,-3.1135,-0.0115,0.0190
121.21,28.440,0.1876,-0.0035,-0.0026,-0.0308,-0.0191,-0.0115,0.0190,-3.1137,-2.829,-0.496,0.1874,405.245,7302.47,0.00237469,0.1876,-0.0035,-2.733,-0.350,-3.1136,-0.0115,0.0190
121.31,28.480,0.1876,-0.0035,-0.0026,-0.0308,-0.0191,-0.0115,0.0190,-3.1137,-2.834,-0.496,0.1874,405.503,7346.69,0.00209788,0.1876,-0.0035,-2.739,-0.350,-3.1137,-0.0115,0.0190
121.41,28.500,0.1876,-0.0035,-0.0026,-0.0308,-0.0191,-0.0115,0.0190,-3.1138,-2.839,-0.496,0.1874,405.76,7391.11,0.00237469,0.1876,-0.0031,-2.745,-0.351,-3.1138,-0.0115,0.0190
121.51,28.520,0.1876,-0.0031,-0.0023,-0.0308,-0.0190,-0.0115,0.0190,-3.1139,-2.844,-0.497,0.1874,405.76,7391.11,0.00237469,0.1876,-0.0031,-2.745,-0.351,-3.1138,-0.0115,0.0190
121.61,28.540,0.1876,-0.0031,-0.0023,-0.0308,-0.0190,-0.0115,0.0190,-3.1139,-2.848,-0.497,0.1874,406.102,7450.65,0.00237469,0.1876,-0.0031,-2.752,-0.351,-3.1139,-0.0115,0.0190
121.71,28.580,0.1876,-0.0031,-0.0023,-0.0308,-0.0190,-0.0115,0.0190,-3.1140,-2.853,-0.497,0.1874,406.359,7495.55,0.00209788,0.1876,-0.0031,-2.758,-0.351,-3.1139,-0.0115,0.0190
121.81,28.600,0.1876,-0.0031,-0.0023,-0.0308,-0.0190,-0.0115,0.0190,-3.1140,-2.858,-0.497,0.1875,406.616,7540.65,0.00237469,0.1877,-0.0028,-2.763,-0.351,-3.1140,-0.0115,0.0190
121.91,28.620,0.1877,-0.0028,-0.0021,-0.0308,-0.0190,-0.0115,0.0190,-3.1141,-2.862,-0.497,0.1875,406.616,7540.65,0.00237469,0.1877,-0.0028,-2.763,-0.351,-3.1140,-0.0115,0.0190
122.01,28.640,0.1877,-0.0028,-0.0021,-0.0308,-0.0190,-0.0115,0.0190,-3.1141,-2.867,-0.497,0.1875,406.957,7601.1,0.00237469,0.1877,-0.0028,-2.771,-0.351,-3.1141,-0.0115,0.0190
122.11,28.680,0.1877,-0.0028,-0.0021,-0.0308,-0.0190,-0.0115,0.0190,-3.1142,-2.872,-0.497,0.1875,407.213,7646.68,0.00209788,0.1877,-0.0028,-2.777,-0.351,-3.1141,-0.0115,0.0190
122.21,28.700,0.1877,-0.0028,-0.0021,-0.0308,-0.0190,-0.0115,0.0190,-3.1142,-2.877,-0.498,0.1875,407.469,7692.46,0.00237469,0.1877,-0.0025,-2.782,-0.352,-3.1142,-0.0115,0.0190
122.31,28.720,0.1877,-0.0025,-0.0018,-0.0308,-0.0189,-0.0115,0.0190,-3.1143,-2.881,-0.498,0.1875,407.81,7753.84,0.00237469,0.1877,-0.0025,-2.790,-0.352,-3.1143,-0.0115,0.0190
122.41,28.740,0.1877,-0.0025,-0.0018,-0.0308,-0.0190,-0.0115,0.0190,-3.1143,-2.886,-0.498,0.1875,407.81,7753.84,0.00237469,0.1877,-0.0025,-2.790,-0.352,-3.1143,-0.0115,0.0190
122.51,28.780,0.1877,-0.0025,-0.0018,-0.0308,-0.0190,-0.0115,0.0190,-3.1144,-2.891,-0.498,0.1875,408.066,7800.11,0.00209788,0.1877,-0.0025,-2.795,-0.352,-3.1143,-0.0115,0.0190
122.61,28.800,0.1877,-0.0025,-0.0018,-0.0308,-0.0190,-0.0115,0.0190,-3.1144,-2.896,-0.498,0.1876,408.321,7846.59,0.00237469,0.1877,-0.0023,-2.801,-0.352,-3.1144,-0.0115,0.0190
122.71,28.820,0.1877,-0.0023,-0.0017,-0.0308,-0.0189,-0.0115,0.0190,-3.1145,-2.901,-0.498,0.1876,408.662,7908.89,0.00237469,0.1877,-0.0023,-2.808,-0.352,-3.1145,-0.0115,0.0190
122.81,28.840,0.1877,-0.0023,-0.0017,-0.0308,-0.0189,-0.0115,0.0190,-3.1145,-2.905,-0.498,0.1876,408.662,7908.89,0.00237469,0.1877,-0.0023,-2.808,-0.352,-3.1145,-0.0115,0.0190
122.91,28.880,0.1877,-0.0023,-0.0017,-0.0308,-0.0189,-0.0115,0.0190,-3.1145,-2.910,-0.498,0.1876,408.918,7955.86,0.00209788,0.1877,-0.0023,-2.814,-0.352,-3.1145,-0.0115,0.0190
123.01,28.900,0.1877,-0.0023,-0.0015,-0.0308,-0.0189,-0.0115,0.0190,-3.1146,-2.915,-0.499,0.1876,409.173,8003.04,0.00237469,0.1878,-0.0020,-2.820,-0.353,-3.1146,-0.0115,0.0190
123.11,28.920,0.1878,-0.0020,-0.0015,-0.0308,-0.0189,-0.0115,0.0190,-3.1146,-2.920,-0.499,0.1876,409.513,8066.27,0.00237469,0.1878,-0.0020,-2.827,-0.353,-3.1146,-0.0115,0.0190
123.21,28.960,0.1878,-0.0020,-0.0015,-0.0308,-0.0189,-0.0115,0.0190,-3.1147,-2.924,-0.499,0.1876,409.513,8066.27,0.00237469,0.1878,-0.0020,-2.827,-0.353,-3.1146,-0.0115,0.0190
123.31,28.980,0.1878,-0.0020,-0.0015,-0.0308,-0.0189,-0.0115,0.0190,-3.1147,-2.929,-0.499,0.1876,409.769,8113.95,0.00209788,0.1878,-0.0020,-2.833,-0.353,-3.1147,-0.0115,0.0190
123.41,29.000,0.1878,-0.0020,-0.0013,-0.0308,-0.0189,-0.0115,0.0190,-3.1147,-2.934,-0.499,0.1877,410.024,8161.84,0.00237469,0.1878,-0.0018,-2.838,-0.353,-3.1147,-0.0115,0.0190
123.51,29.020,0.1878,-0.0018,-0.0013,-0.0308,-0.0189,-0.0115,0.0190,-3.1148,-2.939,-0.499,0.1877,410.364,8226.03,0.00237469,0.1878,-0.0018,-2.846,-0.353,-3.1148,-0.0115,0.0190
123.61,29.060,0.1878,-0.0018,-0.0014,-0.0301,-0.0193,-0.0115,0.0190,-3.1148,-2.943,-0.499,0.1876,410.364,8226.03,0.00237469,0.1878,-0.0018,-2.846,-0.353,-3.1148,-0.0115,0.0190
123.71,29.080,0.1878,-0.0018,-0.0015,-0.0309,-0.0187,-0.0115,0.0190,-3.1148,-2.948,-0.500,0.1877,410.62,8274.42,0.00209788,0.1878,-0.0018,-2.852,-0.353,-3.1148,-0.0115,0.0190
123.81,29.100,0.1878,-0.0018,-0.0013,-0.0309,-0.0187,-0.0115,0.0190,-3.1149,-2.952,-0.500,0.1878,410.875,8323.02,0.00237469,0.1878,-0.0016,-2.857,-0.354,-3.1148,-0.0115,0.0190
123.91,29.120,0.1878,-0.0016,-0.0013,-0.0309,-0.0187,-0.0115,0.0190,-3.1149,-2.957,-0.500,0.1878,411.216,8388.17,0.00237469,0.1878,-0.0016,-2.865,-0.354,-3.1149,-0.0115,0.0190
124.01,29.160,0.1878,-0.0016,-0.0013,-0.0309,-0.0187,-0.0115,0.0190,-3.1149,-2.962,-0.500,0.1878,411.216,8388.17,0.00237469,0.1878,-0.0016,-2.865,-0.354,-3.1149,-0.0115,0.0190
124.11,29.180,0.1878,-0.0016,-0.0013,-0.0309,-0.0187,-0.0115,0.0190,-3.1150,-2.967,-0.500,0.1878,411.471,8437.28,0.00209788,0.1878,-0.0016,-2.870,-0.354,-3.1149,-0.0115,0.0190
124.21,29.200,0.1878,-0.0016,-0.0012,-0.0309,-0.0187,-0.0115,0.0190,-3.1150,-2.971,-0.500,0.1878,411.727,8486.61,0.00237469,0.1878,-0.0015,-2.876,-0.354,-3.1150,-0.0115,0.0190
124.31,29.220,0.1878,-0.0015,-0.0012,-0.0309,-0.0187,-0.0115,0.0190,-3.1150,-2.976,-0.500,0.1878,412.067,8552.73,0.00237469,0.1878,-0.0015,-2.884,-0.354,-3.1150,-0.0115,0.0190
124.41,29.260,0.1878,-0.0015,-0.0012,-0.0309,-0.0187,-0.0115,0.0190,-3.1151,-2.981,-0.500,0.1878,412.067,8552.73,0.00237469,0.1878,-0.0015,-2.884,-0.354,-3.1150,-0.0115,0.0190
124.51,29.280,0.1878,-0.0015,-0.0012,-0.0309,-0.0187,-0.0115,0.0190,-3.1151,-2.986,-0.501,0.1878,412.323,8602.57,0.00209788,0.1878,-0.0015,-2.889,-0.354,-3.1151,-0.0115,0.0190
124.61,29.300,0.1878,-0.0015,-0.0010,-0.0308,-0.0188,-0.0115,0.0190,-3.1151,-2.991,-0.501,0.1878,412.579,8652.63,0.00237469,0.1878,-0.0013,-2.895,-0.355,-3.1151,-0.0115,0.0190
124.71,29.340,0.1878,-0.0013,-0.0010,-0.0308,-0.0188,-0.0115,0.0190,-3.1152,-2.995,-0.501,0.1878,412.92,8719.72,0.00237469,0.1878,-0.0013,-2.902,-0.355,-3.1151,-0.0115,0.0190
124.81,29.360,0.1878,-0.0013,-0.0010,-0.0308,-0.0188,-0.0115,0.0190,-3.1152,-3.000,-0.501,0.1878,412.92,8719.72,0.00237469,0.1878,-0.0013,-2.902,-0.355,-3.1151,-0.0115,0.0190
124.91,29.380,0.1878,-0.0013,-0.0010,-0.0308,-0.0188,-0.0115,0.0190,-3.1152,-3.004,-0.501,0.1878,413.176,8770.3,0.00209788,0.1878,-0.0013,-2.908,-0.355,-3.1152,-0.0115,0.0190
125.01,29.400,0.1878,-0.0013,-0.0010,-0.0308,-0.0188,-0.0115,0.0190,-3.1152,-3.008,-0.501,0.1878,413.432,8821.11,0.00237469,0.1879,-0.0011,-2.914,-0.355,-3.1152,-0.0115,0.0190
125.11,29.420,0.1879,-0.0011,-0.0009,-0.0308,-0.0188,-0.0115,0.0190,-3.1152,-3.013,-0.501,0.1878,413.773,8889.19,0.00237469,0.1879,-0.0011,-2.921,-0.355,-3.1152,-0.0115,0.0190
125.21,29.440,0.1879,-0.0011,-0.0009,-0.0308,-0.0188,-0.0115,0.0190,-3.1153,-3.018,-0.501,0.1878,413.773,8889.19,0.00237469,0.1879,-0.0011,-2.921,-0.355,-3.1152,-0.0115,0.0190
125.31,29.480,0.1879,-0.0011,-0.0009,-0.0308,-0.0188,-0.0115,0.0190,-3.1153,-3.023,-0.502,0.1878,414.03,8940.51,0.00209788,0.1879,-0.0011,-2.927,-0.355,-3.1153,-0.0115,0.0190
125.41,29.500,0.1879,-0.0011,-0.0009,-0.0308,-0.0188,-0.0115,0.0190,-3.1153,-3.027,-0.502,0.1878,414.286,8992.06,0.00237469,0.1879,-0.0010,-2.932,-0.356,-3.1153,-0.0115,0.0190
125.51,29.520,0.1879,-0.0010,-0.0008,-0.0308,-0.0188,-0.0115,0.0190,-3.1153,-3.032,-0.502,0.1878,414.629,9061.14,0.00237469,0.1879,-0.0010,-2.940,-0.356,-3.1153,-0.0115,0.0190
125.61,29.560,0.1879,-0.0010,-0.0008,-0.0308,-0.0188,-0.0115,0.0190,-3.1154,-3.037,-0.502,0.1878,414.629,9061.14,0.00237469,0.1879,-0.0010,-2.940,-0.356,-3.1153,-0.0115,0.0190
125.71,29.580,0.1879,-0.0010,-0.0008,-0.0308,-0.0188,-0.0115,0.0190,-3.1154,-3.041,-0.502,0.1878,414.886,9113.22,0.00209788,0.1879,-0.0010,-2.945,-0.356,-3.1154,-0.0115,0.0190
125.81,29.600,0.1879,-0.0010,-0.0008,-0.0308,-0.0188,-0.0115,0.0190,-3.1154,-3.046,-0.502,0.1878,415.143,9165.52,0.00237469,0.1879,-0.0009,-2.951,-0.356,-3.1154,-0.0115,0.0190
125.91,29.620,0.1879,-0.0009,-0.0007,-0.0308,-0.0188,-0.0115,0.0190,-3.1154,-3.050,-0.502,0.1878,415.486,9235.62,0.00237469,0.1879,-0.0009,-2.959,-0.356,-3.1154,-0.0115,0.0190
126.01,29.640,0.1879,-0.0009,-0.0007,-0.0308,-0.0188,-0.0115,0.0190,-3.1154,-3.055,-0.502,0.1878,415.486,9235.62,0.00237469,0.1879,-0.0009,-2.959,-0.356,-3.1154,-0.0115,0.0190
126.11,29.660,0.1879,-0.0009,-0.0007,-0.0308,-0.0188,-0.0115,0.0190,-3.1154,-3.059,-0.502,0.1878,415.743,9288.45,0.00209788,0.1879,-0.0009,-2.964,-0.356,-3.1154,-0.0115,0.0190
126.21,29.700,0.1879,-0.0009,-0.0007,-0.0308,-0.0188,-0.0115,0.0190,-3.1155,-3.064,-0.503,0.1879,416.001,9341.52,0.00237469,0.1879,-0.0008,-2.970,-0.357,-3.1155,-0.0115,0.0190
126.31,29.720,0.1879,-0.0008,-0.0006,-0.0308,-0.0188,-0.0115,0.0190,-3.1155,-3.068,-0.503,0.1879,416.001,9341.52,0.00237469,0.1879,-0.0008,-2.970,-0.357,-3.1155,-0.0115,0.0190
126.41,29.740,0.1879,-0.0008,-0.0006,-0.0308,-0.0188,-0.0115,0.0190,-3.1155,-3.073,-0.503,0.1879,416.345,9412.63,0.00237469,0.1879,-0.0008,-2.977,-0.357,-3.1155,-0.0115,0.0190
126.51,29.780,0.1879,-0.0008,-0.0006,-0.0308,-0.0188,-0.0115,0.0190,-3.1155,-3.078,-0.503,0.1879,416.603,9466.24,0.00209788,0.1879,-0.0008,-2.983,-0.357,-3.1155,-0.0115,0.0190
126.61,29.800,0.1879,-0.0008,-0.0006,-0.0308,-0.0188,-0.0115,0.0190,-3.1155,-3.083,-0.503,0.1879,416.862,9520.08,0.00237469,0.1879,-0.0007,-2.989,-0.357,-3.1155,-0.0115,0.0190
126.71,29.820,0.1879,-0.0007,-0.0005,-0.0170,-0.0214,-0.0115,0.0190,-3.1155,-3.088,-0.503,0.1879,416.862,9520.08,0.00237469,0.1879,-0.0007,-2.989,-0.357,-3.1155,-0.0115,0.0190
126.81,29.840,0.1879,-0.0007,-0.0005,-0.0308,-0.0187,-0.0115,0.0190,-3.1156,-3.092,-0.503,0.1879,417.207,9592.22,0.00237469,0.1879,-0.0007,-2.996,-0.357,-3.1155,-0.0115,0.0190
126.91,29.880,0.1879,-0.0007,-0.0005,-0.0308,-0.0187,-0.0115,0.0190,-3.1156,-3.097,-0.504,0.1879,417.466,9646.6,0.00209788,0.1879,-0.0007,-3.002,-0.357,-3.1156,-0.0115,0.0190
127.01,29.900,0.1879,-0.0007,-0.0005,-0.0308,-0.0187,-0.0115,0.0190,-3.1156,-3.101,-0.504,0.1879,417.725,9701.22,0.00237469,0.1879,-0.0006,-3.007,-0.358,-3.1156,-0.0115,0.0190
127.11,29.920,0.1879,-0.0006,-0.0004,-0.0308,-0.0187,-0.0115,0.0190,-3.1156,-3.106,-0.504,0.1879,417.725,9701.22,0.00237469,0.1879,-0.0006,-3.007,-0.358,-3.1156,-0.0115,0.0190
127.21,29.940,0.1879,-0.0006,-0.0004,-0.0308,-0.0187,-0.0115,0.0190,-3.1156,-3.111,-0.504,0.1879,418.071,9774.41,0.00237469,0.1879,-0.0006,-3.015,-0.358,-3.1156,-0.0115,0.0190
127.31,29.960,0.1879,-0.0006,-0.0004,-0.0308,-0.0187,-0.0115,0.0190,-3.1156,-3.115,-0.504,0.1879,418.331,9829.57,0.00209788,0.1879,-0.0006,-3.021,-0.358,-3.1156,-0.0115,0.0190
127.41,30.000,0.1879,-0.0006,-0.0004,-0.0308,-0.0187,-0.0115,0.0190,-3.1156,-3.119,-0.504,0.1879,418.592,9884.97,0.00237469,0.1879,-0.0006,-3.026,-0.358,-3.1156,-0.0115,0.0190
127.51,30.020,0.1879,-0.0006,-0.0004,-0.0308,-0.0187,-0.0115,0.0190,-3.1156,-3.124,-0.504,0.1879,418.592,9884.97,0.00237469,0.1879,-0.0006,-3.026,-0.358,-3.1156,-0.0115,0.0190
127.61,30.040,0.1879,-0.0006,-0.0004,-0.0308,-0.0187,-0.0115,0.0190,-3.1156,-3.129,-0.504,0.1879,418.939,9959.21,0.00237469,0.1879,-0.0006,-3.034,-0.358,-3.1156,-0.0115,0.0190
127.71,30.060,0.1879,-0.0006,-0.0004,-0.0308,-0.0187,-0.0115,0.0190,-3.1157,-3.134,-0.504,0.1879,419.2,10015.2,0.00209788,0.1879,-0.0006,-3.039,-0.358,-3.1156,-0.0115,0.0190
127.81,30.100,0.1879,-0.0006,-0.0004,-0.0308,-0.0187,-0.0115,0.0190,-3.1157,-3.138,-0.505,0.1879,419.461,10071.4,0.00237469,0.1879,-0.0005,-3.045,-0.359,-3.1157,-0.0115,0.0190
127.91,30.120,0.1879,-0.0005,-0.0004,-0.0308,-0.0187,-0.0115,0.0190,-3.1157,-3.143,-0.505,0.1879,419.461,10071.4,0.00237469,0.1879,-0.0005,-3.045,-0.359,-3.1157,-0.0115,0.0190
128.01,30.140,0.1879,-0.0005,-0.0004,-0.0308,-0.0187,-0.0115,0.0190,-3.1157,-3.148,-0.505,0.1879,419.81,10146.7,0.00237469,0.1879,-0.0005,-3.053,-0.359,-3.1157,-0.0115,0.0190
128.11,30.160,0.1879,-0.0005,-0.0004,-0.0308,-0.0187,-0.0115,0.0190,-3.1157,-3.152,-0.505,0.1879,420.072,10203.4,0.00209788,0.1879,-0.0005,-3.058,-0.359,-3.1157,-0.0115,0.0190
128.21,30.200,0.1879,-0.0005,-0.0004,-0.0308,-0.0187,-0.0115,0.0190,-3.1157,-3.157,-0.505,0.1879,420.334,10260.4,0.00237469,0.1879,-0.0005,-3.064,-0.359,-3.1157,-0.0115,0.0190
128.31,30.220,0.1879,-0.0005,-0.0003,-0.0308,-0.0187,-0.0115,0.0190,-3.1157,-3.162,-0.505,0.1879,420.334,10260.4,0.00237469,0.1879,-0.0005,-3.064,-0.359,-3.1157,-0.0115,0.0190
128.41,30.240,0.1879,-0.0005,-0.0003,-0.0308,-0.0187,-0.0115,0.0190,-3.1157,-3.167,-0.505,0.1879,420.684,10336.8,0.00237469,0.1879,-0.0005,-3.071,-0.359,-3.1157,-0.0115,0.0190
128.51,30.260,0.1879,-0.0005,-0.0003,-0.0308,-0.0187,-0.0115,0.0190,-3.1157,-3.171,-0.505,0.1879,420.947,10394.4,0.00209788,0.1879,-0.0005,-3.077,-0.359,-3.1157,-0.0115,0.0190
128.61,30.300,0.1879,-0.0005,-0.0003,-0.0308,-0.0187,-0.0115,0.0190,-3.1157,-3.176,-0.506,0.1879,421.21,10452.2,0.00237469,0.1880,-0.0004,-3.083,-0.360,-3.1157,-0.0115,0.0190
128.71,30.320,0.1880,-0.0004,-0.0003,-0.0308,-0.0187,-0.0115,0.0190,-3.1157,-3.180,-0.506,0.1879,421.21,10452.2,0.00237469,0.1880,-0.0004,-3.083,-0.360,-3.1157,-0.0115,0.0190
128.81,30.340,0.1880,-0.0004,-0.0003,-0.0308,-0.0187,-0.0115,0.0190,-3.1157,-3.185,-0.506,0.1879,421.562,10529.7,0.00237469,0.1880,-0.0004,-3.090,-0.360,-3.1157,-0.0115,0.0190
128.91,30.360,0.1880,-0.0004,-0.0003,-0.0308,-0.0187,-0.0115,0.0190,-3.1158,-3.190,-0.506,0.1879,421.826,10588,0.00209788,0.1880,-0.0004,-3.096,-0.360,-3.1158,-0.0115,0.0190
129.01,30.400,0.1880,-0.0004,-0.0003,-0.0308,-0.0187,-0.0115,0.0190,-3.1158,-3.195,-0.506,0.1879,422.09,10646.7,0.00237469,0.1880,-0.0004,-3.101,-0.360,-3.1158,-0.0115,0.0190
129.11,30.420,0.1880,-0.0004,-0.0003,-0.0308,-0.0187,-0.0115,0.0190,-3.1158,-3.200,-0.506,0.1879,422.09,10646.7,0.00237469,0.1880,-0.0004,-3.101,-0.360,-3.1158,-0.0115,0.0190
129.21,30.440,0.1880,-0.0004,-0.0003,-0.0308,-0.0187,-0.0115,0.0190,-3.1158,-3.205,-0.506,0.1879,422.443,10725.2,0.00237469,0.1880,-0.0004,-3.109,-0.360,-3.1158,-0.0115,0.0190
129.31,30.480,0.1880,-0.0004,-0.0003,-0.0308,-0.0187,-0.0115,0.0190,-3.1158,-3.210,-0.506,0.1879,422.709,10784.4,0.00209788,0.1880,-0.0004,-3.115,-0.360,-3.1158,-0.0115,0.0190
129.41,30.500,0.1880,-0.0004,-0.0003,-0.0308,-0.0187,-0.0115,0.0190,-3.1158,-3.215,-0.507,0.1880,422.974,10843.9,0.00237469,0.1880,-0.0003,-3.120,-0.361,-3.1158,-0.0115,0.0190
129.51,30.520,0.1880,-0.0003,-0.0002,-0.0308,-0.0187,-0.0115,0.0190,-3.1158,-3.220,-0.507,0.1879,423.328,10923.6,0.00237469,0.1880,-0.0003,-3.128,-0.361,-3.1158,-0.0115,0.0190
129.61,30.560,0.1880,-0.0003,-0.0002,-0.0308,-0.0187,-0.0115,0.0190,-3.1158,-3.225,-0.507,0.1879,423.328,10923.6,0.00237469,0.1880,-0.0003,-3.128,-0.361,-3.1158,-0.0115,0.0190
129.71,30.580,0.1880,-0.0003,-0.0002,-0.0308,-0.0187,-0.0115,0.0190,-3.1158,-3.229,-0.507,0.1879,423.595,10983.6,0.00209788,0.1880,-0.0003,-3.133,-0.361,-3.1158,-0.0115,0.0190
129.81,30.600,0.1880,-0.0003,-0.0002,-0.0308,-0.0187,-0.0115,0.0190,-3.1158,-3.233,-0.507,0.1862,423.861,11043.9,0.00237469,0.1861,-0.0157,-3.139,-0.361,-3.1158,-0.0115,0.0190
129.91,30.620,0.1861,-0.0145,-0.0105,-0.0316,-0.0192,-0.0115,0.0190,-3.1161,-3.238,-0.507,0.1861,424.217,11124.7,0.00237469,0.1861,-0.0157,-3.146,-0.361,-3.1160,-0.0115,0.0190
130.01,30.640,0.1861,-0.0157,-0.0105,-0.0316,-0.0192,-0.0115,0.0190,-3.1164,-3.243,-0.507,0.1861,424.217,11124.7,0.00237469,0.1861,-0.0157,-3.146,-0.361,-3.1160,-0.0115,0.0190
130.11,30.680,0.1861,-0.0157,-0.0105,-0.0316,-0.0192,-0.0115,0.0190,-3.1166,-3.248,-0.507,0.1861,424.481,11185.6,0.00209788,0.1861,-0.0157,-3.152,-0.361,-3.1163,-0.0115,0.0190
130.21,30.700,0.1861,-0.0157,-0.0101,-0.0316,-0.0192,-0.0115,0.0190,-3.1169,-3.253,-0.508,0.1861,424.743,11246.7,0.00237469,0.1862,-0.0151,-3.158,-0.361,-3.1167,-0.0115,0.0190
130.31,30.720,0.1862,-0.0151,-0.0101,-0.0316,-0.0192,-0.0115,0.0190,-3.1171,-3.257,-0.508,0.1861,425.087,11328.6,0.00237469,0.1862,-0.0151,-3.165,-0.362,-3.1171,-0.0115,0.0190
130.41,30.760,0.1862,-0.0151,-0.0100,-0.0316,-0.0192,-0.0115,0.0190,-3.1174,-3.262,-0.508,0.1861,425.087,11328.6,0.00237469,0.1862,-0.0151,-3.165,-0.362,-3.1171,-0.0115,0.0190
130.51,30.780,0.1862,-0.0151,-0.0100,-0.0316,-0.0192,-0.0115,0.0190,-3.1177,-3.267,-0.508,0.1861,425.342,11390.4,0.00209788,0.1862,-0.0151,-3.171,-0.362,-3.1174,-0.0115,0.0190
130.61,30.800,0.1862,-0.0151,-0.0091,-0.0315,-0.0192,-0.0116,0.0190,-3.1179,-3.271,-0.508,0.1862,425.593,11452.4,0.00237469,0.1864,-0.0136,-3.176,-0.362,-3.1177,-0.0116,0.0190
130.71,30.820,0.1864,-0.0136,-0.0091,-0.0315,-0.0192,-0.0116,0.0190,-3.1181,-3.276,-0.508,0.1862,425.925,11535.4,0.00237469,0.1864,-0.0136,-3.184,-0.362,-3.1181,-0.0116,0.0190
130.81,30.860,0.1864,-0.0136,-0.0091,-0.0315,-0.0192,-0.0116,0.0190,-3.1184,-3.281,-0.508,0.1862,425.925,11535.4,0.00237469,0.1864,-0.0136,-3.184,-0.362,-3.1181,-0.0116,0.0190
130.91,30.880,0.1864,-0.0136,-0.0091,-0.0315,-0.0192,-0.0116,0.0190,-3.1186,-3.286,-0.508,0.1861,426.171,11598,0.00209788,0.1864,-0.0136,-3.189,-0.362,-3.1183,-0.0116,0.0190
131.01,30.900,0.1864,-0.0136,-0.0082,-0.0314,-0.0192,-0.0116,0.0190,-3.1188,-3.290,-0.508,0.1862,426.414,11660.9,0.00237469,0.1865,-0.0123,-3.195,-0.362,-3.1186,-0.0116,0.0190
131.11,30.920,0.1865,-0.0123,-0.0082,-0.0314,-0.0192,-0.0116,0.0190,-3.1190,-3.295,-0.509,0.1862,426.735,11745.1,0.00237469,0.1865,-0.0123,-3.202,-0.363,-3.1190,-0.0116,0.0190
131.21,30.960,0.1865,-0.0123,-0.0082,-0.0314,-0.0192,-0.0116,0.0190,-3.1192,-3.300,-0.509,0.1862,426.735,11745.1,0.00237469,0.1865,-0.0123,-3.202,-0.363,-3.1190,-0.0116,0.0190
131.31,30.980,0.1865,-0.0123,-0.0082,-0.0314,-0.0192,-0.0116,0.0190,-3.1194,-3.304,-0.509,0.1862,426.973,11808.6,0.00209788,0.1865,-0.0123,-3.208,-0.363,-3.1192,-0.0116,0.0190
131.41,31.000,0.1865,-0.0123,-0.0074,-0.0307,-0.0202,-0.0116,0.0190,-3.1196,-3.309,-0.509,0.1863,427.209,11872.3,0.00237469,0.1867,-0.0112,-3.214,-0.363,-3.1194,-0.0116,0.0190
131.51,31.040,0.1867,-0.0112,-0.0074,-0.0307,-0.0202,-0.0116,0.0190,-3.1198,-3.314,-0.509,0.1863,427.519,11957.7,0.00237469,0.1867,-0.0112,-3.221,-0.363,-3.1198,-0.0116,0.0190
131.61,31.060,0.1867,-0.0112,-0.0074,-0.0307,-0.0202,-0.0116,0.0190,-3.1200,-3.319,-0.509,0.1863,427.75,12022,0.00209788,0.1867,-0.0112,-3.227,-0.363,-3.1200,-0.0116,0.0190
131.71,31.080,0.1867,-0.0112,-0.0074,-0.0307,-0.0202,-0.0116,0.0190,-3.1202,-3.324,-0.509,0.1863,427.75,12022,0.00209788,0.1867,-0.0112,-3.227,-0.363,-3.1200,-0.0116,0.0190
131.81,31.120,0.1868,-0.0101,-0.0067,-0.0307,-0.0201,-0.0116,0.0190,-3.1204,-3.329,-0.509,0.1865,427.979,12086.6,0.00237469,0.1868,-0.0101,-3.232,-0.363,-3.1202,-0.0116,0.0190
131.91,31.140,0.1868,-0.0101,-0.0067,-0.0307,-0.0201,-0.0116,0.0189,-3.1206,-3.333,-0.510,0.1865,428.281,12173.2,0.00237469,0.1868,-0.0101,-3.240,-0.363,-3.1205,-0.0116,0.0189
132.01,31.160,0.1868,-0.0101,-0.0067,-0.0307,-0.0201,-0.0116,0.0189,-3.1207,-3.338,-0.510,0.1865,428.505,12238.4,0.00209788,0.1868,-0.0101,-3.245,-0.363,-3.1207,-0.0116,0.0189
132.11,31.180,0.1868,-0.0101,-0.0067,-0.0307,-0.0201,-0.0116,0.0189,-3.1209,-3.343,-0.510,0.1865,428.505,12238.4,0.00209788,0.1868,-0.0101,-3.245,-0.363,-3.1207,-0.0116,0.0189
132.21,31.220,0.1869,-0.0092,-0.0061,-0.0307,-0.0200,-0.0116,0.0189,-3.1211,-3.348,-0.510,0.1866,428.728,12303.9,0.00237469,0.1869,-0.0092,-3.251,-0.364,-3.1209,-0.0116,0.0189
132.31,31.240,0.1869,-0.0092,-0.0061,-0.0307,-0.0200,-0.0116,0.0189,-3.1212,-3.352,-0.510,0.1866,429.022,12391.7,0.00237469,0.1869,-0.0092,-3.258,-0.364,-3.1211,-0.0116,0.0189
132.41,31.260,0.1869,-0.0092,-0.0061,-0.0307,-0.0200,-0.0116,0.0189,-3.1214,-3.356,-0.510,0.1866,429.241,12457.8,0.00209788,0.1869,-0.0092,-3.264,-0.364,-3.1213,-0.0116,0.0189
132.51,31.280,0.1869,-0.0092,-0.0061,-0.0307,-0.0200,-0.0116,0.0189,-3.1215,-3.361,-0.510,0.1866,429.241,12457.8,0.00209788,0.1869,-0.0092,-3.264,-0.364,-3.1213,-0.0116,0.0189
132.61,31.300,0.1869,-0.0092,-0.0055,-0.0307,-0.0199,-0.0116,0.0189,-3.1216,-3.366,-0.510,0.1868,429.458,12524.2,0.00237469,0.1870,-0.0083,-3.270,-0.364,-3.1215,-0.0116,0.0189
132.71,31.340,0.1870,-0.0083,-0.0055,-0.0307,-0.0199,-0.0116,0.0189,-3.1218,-3.371,-0.510,0.1868,429.745,12613.1,0.00237469,0.1870,-0.0083,-3.277,-0.364,-3.1217,-0.0116,0.0189
132.81,31.360,0.1870,-0.0083,-0.0055,-0.0308,-0.0199,-0.0116,0.0189,-3.1219,-3.375,-0.510,0.1868,429.958,12680.2,0.00209788,0.1870,-0.0083,-3.283,-0.364,-3.1219,-0.0116,0.0189
132.91,31.380,0.1870,-0.0083,-0.0056,-0.0311,-0.0198,-0.0116,0.0189,-3.1221,-3.380,-0.511,0.1867,429.958,12680.2,0.00209788,0.1870,-0.0083,-3.283,-0.364,-3.1219,-0.0116,0.0189
133.01,31.420,0.1871,-0.0075,-0.0055,-0.0311,-0.0191,-0.0116,0.0189,-3.1222,-3.385,-0.511,0.1867,430.17,12747.5,0.00237469,0.1871,-0.0075,-3.288,-0.364,-3.1220,-0.0116,0.0189
133.11,31.440,0.1871,-0.0075,-0.0055,-0.0311,-0.0191,-0.0116,0.0189,-3.1224,-3.390,-0.511,0.1867,430.451,12837.6,0.00237469,0.1871,-0.0075,-3.296,-0.364,-3.1223,-0.0116,0.0189
133.21,31.460,0.1871,-0.0075,-0.0055,-0.0311,-0.0191,-0.0116,0.0189,-3.1225,-3.395,-0.511,0.1867,430.659,12905.6,0.00209788,0.1871,-0.0075,-3.301,-0.365,-3.1224,-0.0116,0.0189
133.31,31.500,0.1871,-0.0075,-0.0055,-0.0311,-0.0191,-0.0116,0.0189,-3.1226,-3.400,-0.511,0.1868,430.867,12973.8,0.00237469,0.1872,-0.0068,-3.307,-0.365,-3.1226,-0.0116,0.0189
133.41,31.520,0.1872,-0.0068,-0.0049,-0.0306,-0.0198,-0.0116,0.0189,-3.1228,-3.404,-0.511,0.1868,430.867,12973.8,0.00237469,0.1872,-0.0068,-3.307,-0.365,-3.1226,-0.0116,0.0189
133.51,31.540,0.1872,-0.0068,-0.0049,-0.0306,-0.0198,-0.0116,0.0189,-3.1229,-3.409,-0.511,0.1868,431.141,13065.2,0.00237469,0.1872,-0.0068,-3.314,-0.365,-3.1228,-0.0116,0.0189
133.61,31.560,0.1872,-0.0068,-0.0049,-0.0306,-0.0198,-0.0117,0.0189,-3.1230,-3.413,-0.511,0.1868,431.345,13134,0.00209788,0.1872,-0.0068,-3.320,-0.365,-3.1229,-0.0116,0.0189
133.71,31.600,0.1872,-0.0068,-0.0049,-0.0306,-0.0198,-0.0117,0.0189,-3.1231,-3.418,-0.511,0.1868,431.547,13203.2,0.00237469,0.1873,-0.0061,-3.326,-0.365,-3.1231,-0.0117,0.0189
133.81,31.620,0.1873,-0.0061,-0.0044,-0.0306,-0.0197,-0.0117,0.0189,-3.1232,-3.423,-0.511,0.1869,431.547,13203.2,0.00237469,0.1873,-0.0061,-3.326,-0.365,-3.1231,-0.0117,0.0189
133.91,31.640,0.1873,-0.0061,-0.0044,-0.0306,-0.0197,-0.0117,0.0189,-3.1234,-3.428,-0.512,0.1869,431.816,13295.8,0.00237469,0.1873,-0.0061,-3.333,-0.365,-3.1233,-0.0117,0.0189
134.01,31.660,0.1873,-0.0061,-0.0044,-0.0306,-0.0197,-0.0117,0.0189,-3.1235,-3.433,-0.512,0.1869,432.015,13365.6,0.00209788,0.1873,-0.0061,-3.339,-0.365,-3.1234,-0.0117,0.0189
134.11,31.700,0.1873,-0.0061,-0.0044,-0.0306,-0.0197,-0.0117,0.0189,-3.1236,-3.438,-0.512,0.1871,432.214,13435.6,0.00237469,0.1874,-0.0053,-3.344,-0.365,-3.1235,-0.0117,0.0189
134.21,31.720,0.1874,-0.0053,-0.0038,-0.0306,-0.0196,-0.0117,0.0189,-3.1237,-3.442,-0.512,0.1871,432.214,13435.6,0.00237469,0.1874,-0.0053,-3.344,-0.365,-3.1235,-0.0117,0.0189
134.31,31.740,0.1874,-0.0053,-0.0038,-0.0306,-0.0196,-0.0117,0.0189,-3.1238,-3.447,-0.512,0.1871,432.477,13529.5,0.00237469,0.1874,-0.0053,-3.352,-0.366,-3.1237,-0.0117,0.0189
134.41,31.780,0.1874,-0.0053,-0.0038,-0.0306,-0.0196,-0.0117,0.0189,-3.1239,-3.452,-0.512,0.1871,432.674,13600.2,0.00209788,0.1874,-0.0053,-3.357,-0.366,-3.1238,-0.0117,0.0189
134.51,31.800,0.1874,-0.0053,-0.0038,-0.0306,-0.0196,-0.0117,0.0189,-3.1240,-3.457,-0.512,0.1871,432.869,13671.3,0.00237469,0.1874,-0.0049,-3.363,-0.366,-3.1239,-0.0117,0.0189
134.61,31.820,0.1874,-0.0049,-0.0036,-0.0306,-0.0196,-0.0117,0.0189,-3.1241,-3.462,-0.512,0.1871,433.128,13766.4,0.00237469,0.1874,-0.0049,-3.371,-0.366,-3.1241,-0.0117,0.0189
134.71,31.840,0.1874,-0.0049,-0.0036,-0.0306,-0.0196,-0.0117,0.0189,-3.1242,-3.466,-0.512,0.1871,433.128,13766.4,0.00237469,0.1874,-0.0049,-3.371,-0.366,-3.1241,-0.0117,0.0189
134.81,31.880,0.1874,-0.0049,-0.0036,-0.0306,-0.0196,-0.0117,0.0189,-3.1242,-3.471,-0.512,0.1871,433.321,13838.1,0.00209788,0.1874,-0.0049,-3.376,-0.366,-3.1242,-0.0117,0.0189
134.91,31.900,0.1874,-0.0049,-0.0036,-0.0306,-0.0196,-0.0117,0.0189,-3.1243,-3.475,-0.512,0.1872,433.513,13910,0.00237469,0.1875,-0.0044,-3.382,-0.366,-3.1243,-0.0117,0.0189
135.01,31.920,0.1875,-0.0044,-0.0032,-0.0306,-0.0195,-0.0117,0.0189,-3.1244,-3.480,-0.513,0.1872,433.513,13910,0.00237469,0.1875,-0.0044,-3.382,-0.366,-3.1243,-0.0117,0.0189
135.11,31.940,0.1875,-0.0044,-0.0032,-0.0306,-0.0195,-0.0117,0.0189,-3.1245,-3.485,-0.513,0.1872,433.768,14006.4,0.00237469,0.1875,-0.0044,-3.389,-0.366,-3.1244,-0.0117,0.0189
135.21,31.980,0.1875,-0.0044,-0.0032,-0.0306,-0.0195,-0.0117,0.0189,-3.1246,-3.490,-0.513,0.1872,433.958,14079.1,0.00209788,0.1875,-0.0044,-3.395,-0.366,-3.1245,-0.0117,0.0189
135.31,32.000,0.1875,-0.0044,-0.0032,-0.0306,-0.0196,-0.0117,0.0189,-3.1247,-3.495,-0.513,0.1873,434.148,14152,0.00237469,0.1875,-0.0039,-3.401,-0.366,-3.1246,-0.0117,0.0189
135.41,32.020,0.1875,-0.0039,-0.0029,-0.0305,-0.0194,-0.0117,0.0189,-3.1247,-3.499,-0.513,0.1873,434.399,14249.7,0.00237469,0.1875,-0.0039,-3.408,-0.367,-3.1247,-0.0117,0.0189
135.51,32.040,0.1875,-0.0039,-0.0029,-0.0304,-0.0194,-0.0117,0.0189,-3.1248,-3.504,-0.513,0.1873,434.399,14249.7,0.00237469,0.1875,-0.0039,-3.408,-0.367,-3.1247,-0.0117,0.0189
135.61,32.080,0.1875,-0.0039,-0.0032,-0.0309,-0.0191,-0.0117,0.0189,-3.1249,-3.509,-0.513,0.1875,434.587,14323.3,0.00209788,0.1875,-0.0039,-3.414,-0.367,-3.1248,-0.0117,0.0189
135.71,32.100,0.1875,-0.0039,-0.0028,-0.0308,-0.0191,-0.0117,0.0189,-3.1250,-3.514,-0.513,0.1875,434.774,14397.2,0.00237469,0.1876,-0.0035,-3.419,-0.367,-3.1249,-0.0117,0.0189
138.26,32.740,0.1878,-0.0017,-0.0014,-0.0306,-0.0192,-0.0117,0.0189,-3.1263,-3.634,-0.515,0.1877,438.633,16044.6,0.00237469,0.1878,-0.0017,-3.539,-0.369,-3.1262,-0.0117,0.0189
138.36,32.760,0.1878,-0.0017,-0.0014,-0.0306,-0.0192,-0.0117,0.0189,-3.1263,-3.639,-0.515,0.1877,438.809,16125.2,0.00209788,0.1878,-0.0017,-3.545,-0.369,-3.1263,-0.0117,0.0189
138.46,32.780,0.1878,-0.0017,-0.0014,-0.0306,-0.0192,-0.0117,0.0189,-3.1263,-3.643,-0.515,0.1877,438.986,16206.1,0.00237469,0.1878,-0.0015,-3.551,-0.369,-3.1263,-0.0117,0.0189
138.56,32.820,0.1878,-0.0015,-0.0012,-0.0306,-0.0192,-0.0117,0.0189,-3.1264,-3.647,-0.515,0.1877,438.986,16206.1,0.00237469,0.1878,-0.0015,-3.551,-0.369,-3.1263,-0.0117,0.0189
138.66,32.840,0.1878,-0.0015,-0.0012,-0.0305,-0.0192,-0.0117,0.0189,-3.1264,-3.652,-0.515,0.1877,439.221,16314.5,0.00237469,0.1878,-0.0015,-3.558,-0.369,-3.1264,-0.0117,0.0189
138.76,32.860,0.1878,-0.0015,-0.0011,-0.0306,-0.0192,-0.0117,0.0189,-3.1264,-3.657,-0.515,0.1878,439.397,16396.2,0.00209788,0.1878,-0.0015,-3.564,-0.369,-3.1264,-0.0117,0.0189
138.86,32.900,0.1878,-0.0015,-0.0011,-0.0306,-0.0192,-0.0117,0.0189,-3.1265,-3.662,-0.516,0.1878,439.572,16478.2,0.00237469,0.1878,-0.0013,-3.569,-0.369,-3.1264,-0.0117,0.0189
138.96,32.920,0.1878,-0.0013,-0.0010,-0.0306,-0.0192,-0.0117,0.0189,-3.1265,-3.666,-0.516,0.1878,439.572,16478.2,0.00237469,0.1878,-0.0013,-3.569,-0.369,-3.1264,-0.0117,0.0189
139.06,32.940,0.1878,-0.0013,-0.0010,-0.0306,-0.0192,-0.0117,0.0189,-3.1265,-3.671,-0.516,0.1878,439.807,16588,0.00237469,0.1878,-0.0013,-3.577,-0.369,-3.1265,-0.0117,0.0189
139.16,32.960,0.1878,-0.0013,-0.0010,-0.0306,-0.0192,-0.0117,0.0189,-3.1265,-3.676,-0.516,0.1878,439.982,16670.7,0.00209788,0.1878,-0.0013,-3.583,-0.369,-3.1265,-0.0117,0.0189
139.26,33.000,0.1878,-0.0013,-0.0010,-0.0306,-0.0192,-0.0117,0.0189,-3.1266,-3.681,-0.516,0.1878,440.158,16753.7,0.00237469,0.1879,-0.0012,-3.588,-0.369,-3.1265,-0.0117,0.0189
139.36,33.020,0.1879,-0.0012,-0.0009,-0.0306,-0.0191,-0.0117,0.0189,-3.1266,-3.686,-0.516,0.1878,440.158,16753.7,0.00237469,0.1879,-0.0012,-3.588,-0.369,-3.1265,-0.0117,0.0189
139.46,33.040,0.1879,-0.0012,-0.0009,-0.0306,-0.0191,-0.0117,0.0189,-3.1266,-3.691,-0.516,0.1878,440.391,16864.9,0.00237469,0.1879,-0.0012,-3.596,-0.369,-3.1266,-0.0117,0.0189
139.56,33.080,0.1879,-0.0012,-0.0009,-0.0306,-0.0191,-0.0117,0.0189,-3.1266,-3.696,-0.516,0.1878,440.567,16948.7,0.00209788,0.1879,-0.0012,-3.601,-0.370,-3.1266,-0.0117,0.0189
139.66,33.100,0.1879,-0.0012,-0.0009,-0.0306,-0.0191,-0.0117,0.0189,-3.1266,-3.700,-0.516,0.1878,440.742,17032.8,0.00237469,0.1879,-0.0011,-3.607,-0.370,-3.1266,-0.0117,0.0189
139.76,33.120,0.1879,-0.0011,-0.0008,-0.0306,-0.0191,-0.0117,0.0189,-3.1267,-3.704,-0.516,0.1878,440.742,17032.8,0.00237469,0.1879,-0.0011,-3.607,-0.370,-3.1266,-0.0117,0.0189
139.86,33.140,0.1879,-0.0011,-0.0008,-0.0306,-0.0191,-0.0117,0.0189,-3.1267,-3.709,-0.516,0.1878,440.975,17145.5,0.00237469,0.1879,-0.0011,-3.615,-0.370,-3.1267,-0.0117,0.0189
139.96,33.160,0.1879,-0.0011,-0.0008,-0.0306,-0.0191,-0.0117,0.0189,-3.1267,-3.714,-0.516,0.1878,441.15,17230.3,0.00209788,0.1879,-0.0011,-3.620,-0.370,-3.1267,-0.0117,0.0189
140.06,33.200,0.1879,-0.0011,-0.0008,-0.0306,-0.0191,-0.0117,0.0189,-3.1267,-3.718,-0.516,0.1878,441.325,17315.5,0.00237469,0.1879,-0.0010,-3.626,-0.370,-3.1267,-0.0117,0.0189
140.16,33.220,0.1879,-0.0010,-0.0007,-0.0306,-0.0191,-0.0117,0.0189,-3.1267,-3.723,-0.516,0.1878,441.325,17315.5,0.00237469,0.1879,-0.0010,-3.626,-0.370,-3.1267,-0.0117,0.0189
140.26,33.240,0.1879,-0.0010,-0.0007,-0.0306,-0.0191,-0.0117,0.0189,-3.1268,-3.728,-0.517,0.1878,441.558,17429.5,0.00237469,0.1879,-0.0010,-3.633,-0.370,-3.1267,-0.0117,0.0189
140.36,33.260,0.1879,-0.0010,-0.0007,-0.0306,-0.0191,-0.0117,0.0189,-3.1268,-3.733,-0.517,0.1878,441.733,17515.5,0.00209788,0.1879,-0.0010,-3.639,-0.370,-3.1268,-0.0117,0.0189
140.46,33.300,0.1879,-0.0010,-0.0007,-0.0306,-0.0191,-0.0117,0.0189,-3.1268,-3.737,-0.517,0.1879,441.908,17601.7,0.00237469,0.1879,-0.0009,-3.645,-0.370,-3.1268,-0.0117,0.0189
140.56,33.320,0.1879,-0.0009,-0.0006,-0.0306,-0.0191,-0.0117,0.0189,-3.1268,-3.742,-0.517,0.1879,441.908,17601.7,0.00237469,0.1879,-0.0009,-3.645,-0.370,-3.1268,-0.0117,0.0189
140.66,33.340,0.1879,-0.0009,-0.0006,-0.0306,-0.0191,-0.0117,0.0189,-3.1268,-3.747,-0.517,0.1879,442.142,17717.3,0.00237469,0.1879,-0.0009,-3.652,-0.370,-3.1268,-0.0117,0.0189
140.76,33.360,0.1879,-0.0009,-0.0006,-0.0307,-0.0194,-0.0117,0.0189,-3.1268,-3.752,-0.517,0.1879,442.317,17804.3,0.00209788,0.1879,-0.0009,-3.658,-0.370,-3.1268,-0.0117,0.0189
140.86,33.400,0.1879,-0.0009,-0.0006,-0.0306,-0.0191,-0.0117,0.0189,-3.1269,-3.756,-0.517,0.1879,442.492,17891.6,0.00237469,0.1879,-0.0008,-3.663,-0.370,-3.1268,-0.0117,0.0189
140.96,33.420,0.1879,-0.0008,-0.0006,-0.0306,-0.0191,-0.0117,0.0189,-3.1269,-3.761,-0.517,0.1879,442.492,17891.6,0.00237469,0.1879,-0.0008,-3.663,-0.370,-3.1268,-0.0117,0.0189
141.06,33.440,0.1879,-0.0008,-0.0006,-0.0306,-0.0191,-0.0117,0.0189,-3.1269,-3.765,-0.517,0.1879,442.725,18008.6,0.00237469,0.1879,-0.0008,-3.671,-0.371,-3.1269,-0.0117,0.0189
141.16,33.460,0.1879,-0.0008,-0.0006,-0.0306,-0.0190,-0.0117,0.0189,-3.1269,-3.770,-0.517,0.1879,442.9,18096.7,0.00209788,0.1879,-0.0008,-3.677,-0.371,-3.1269,-0.0117,0.0189
141.26,33.480,0.1879,-0.0008,-0.0006,-0.0306,-0.0191,-0.0117,0.0189,-3.1269,-3.774,-0.517,0.1879,442.9,18096.7,0.00209788,0.1879,-0.0008,-3.677,-0.371,-3.1269,-0.0117,0.0189
141.36,33.520,0.1879,-0.0007,-0.0005,-0.0306,-0.0190,-0.0117,0.0189,-3.1269,-3.779,-0.517,0.1879,443.075,18185.2,0.00237469,0.1879,-0.0007,-3.682,-0.371,-3.1269,-0.0117,0.0189
141.46,33.540,0.1879,-0.0007,-0.0005,-0.0306,-0.0190,-0.0117,0.0189,-3.1269,-3.784,-0.517,0.1879,443.308,18303.6,0.00237469,0.1879,-0.0007,-3.690,-0.371,-3.1269,-0.0117,0.0189
141.56,33.560,0.1879,-0.0007,-0.0005,-0.0306,-0.0190,-0.0117,0.0189,-3.1269,-3.788,-0.517,0.1879,443.483,18392.9,0.00209788,0.1879,-0.0007,-3.695,-0.371,-3.1269,-0.0117,0.0189
141.66,33.580,0.1879,-0.0007,-0.0005,-0.0306,-0.0190,-0.0117,0.0189,-3.1270,-3.793,-0.517,0.1879,443.483,18392.9,0.00209788,0.1879,-0.0007,-3.695,-0.371,-3.1269,-0.0117,0.0189
141.76,33.620,0.1879,-0.0006,-0.0004,-0.0306,-0.0190,-0.0117,0.0189,-3.1270,-3.798,-0.518,0.1879,443.659,18482.4,0.00237469,0.1879,-0.0006,-3.701,-0.371,-3.1269,-0.0117,0.0189
141.86,33.640,0.1879,-0.0006,-0.0004,-0.0306,-0.0190,-0.0117,0.0189,-3.1270,-3.803,-0.518,0.1879,443.892,18602.4,0.00237469,0.1879,-0.0006,-3.708,-0.371,-3.1270,-0.0117,0.0189
141.96,33.660,0.1879,-0.0006,-0.0004,-0.0306,-0.0190,-0.0117,0.0189,-3.1270,-3.808,-0.518,0.1879,444.068,18692.8,0.00209788,0.1879,-0.0006,-3.714,-0.371,-3.1270,-0.0117,0.0189
142.06,33.700,0.1879,-0.0006,-0.0004,-0.0306,-0.0190,-0.0117,0.0189,-3.1270,-3.813,-0.518,0.1879,444.243,18783.4,0.00237469,0.1879,-0.0006,-3.720,-0.371,-3.1270,-0.0117,0.0189
142.16,33.720,0.1879,-0.0006,-0.0004,-0.0306,-0.0190,-0.0117,0.0189,-3.1270,-3.817,-0.518,0.1879,444.243,18783.4,0.00237469,0.1879,-0.0006,-3.720,-0.371,-3.1270,-0.0117,0.0189
142.26,33.740,0.1879,-0.0006,-0.0004,-0.0306,-0.0190,-0.0117,0.0189,-3.1270,-3.822,-0.518,0.1879,444.477,18904.9,0.00237469,0.1879,-0.0006,-3.727,-0.371,-3.1270,-0.0117,0.0189
142.36,33.760,0.1879,-0.0006,-0.0004,-0.0306,-0.0190,-0.0117,0.0189,-3.1270,-3.827,-0.518,0.1879,444.653,18996.4,0.00209788,0.1879,-0.0006,-3.733,-0.371,-3.1270,-0.0117,0.0189
142.46,33.800,0.1879,-0.0006,-0.0004,-0.0306,-0.0190,-0.0117,0.0189,-3.1270,-3.832,-0.518,0.1879,444.829,19088.2,0.00237469,0.1879,-0.0005,-3.739,-0.372,-3.1270,-0.0117,0.0189
142.56,33.820,0.1879,-0.0005,-0.0004,-0.0306,-0.0191,-0.0117,0.0189,-3.1270,-3.836,-0.518,0.1879,444.829,19088.2,0.00237469,0.1879,-0.0005,-3.739,-0.372,-3.1270,-0.0117,0.0189
142.66,33.840,0.1879,-0.0005,-0.0004,-0.0306,-0.0191,-0.0117,0.0189,-3.1271,-3.841,-0.518,0.1879,445.063,19211.2,0.00237469,0.1879,-0.0005,-3.746,-0.372,-3.1270,-0.0117,0.0189
142.76,33.860,0.1879,-0.0005,-0.0004,-0.0306,-0.0191,-0.0117,0.0189,-3.1271,-3.845,-0.518,0.1879,445.239,19303.8,0.00209788,0.1879,-0.0005,-3.752,-0.372,-3.1271,-0.0117,0.0189
142.86,33.900,0.1879,-0.0005,-0.0004,-0.0306,-0.0191,-0.0117,0.0189,-3.1271,-3.850,-0.518,0.1879,445.415,19396.8,0.00237469,0.1879,-0.0005,-3.757,-0.372,-3.1271,-0.0117,0.0189
142.96,33.920,0.1879,-0.0005,-0.0003,-0.0306,-0.0191,-0.0117,0.0189,-3.1271,-3.855,-0.518,0.1879,445.415,19396.8,0.00237469,0.1879,-0.0005,-3.757,-0.372,-3.1271,-0.0117,0.0189
143.06,33.940,0.1879,-0.0005,-0.0003,-0.0306,-0.0191,-0.0117,0.0189,-3.1271,-3.859,-0.518,0.1879,445.65,19521.3,0.00237469,0.1879,-0.0005,-3.765,-0.372,-3.1271,-0.0117,0.0189
143.16,33.960,0.1879,-0.0005,-0.0003,-0.0306,-0.0191,-0.0117,0.0189,-3.1271,-3.864,-0.519,0.1879,445.827,19615.1,0.00209788,0.1879,-0.0005,-3.770,-0.372,-3.1271,-0.0117,0.0189
143.26,34.000,0.1879,-0.0005,-0.0003,-0.0306,-0.0191,-0.0117,0.0189,-3.1271,-3.869,-0.519,0.1879,446.003,19709.2,0.00237469,0.1879,-0.0004,-3.776,-0.372,-3.1271,-0.0117,0.0189
143.36,34.020,0.1879,-0.0004,-0.0003,-0.0306,-0.0190,-0.0117,0.0189,-3.1271,-3.873,-0.519,0.1879,446.003,19709.2,0.00237469,0.1879,-0.0004,-3.776,-0.372,-3.1271,-0.0117,0.0189
143.46,34.040,0.1879,-0.0004,-0.0003,-0.0306,-0.0190,-0.0117,0.0189,-3.1271,-3.878,-0.519,0.1879,446.239,19835.2,0.00237469,0.1879,-0.0004,-3.784,-0.372,-3.1271,-0.0117,0.0189
143.56,34.060,0.1879,-0.0004,-0.0003,-0.0306,-0.0191,-0.0117,0.0189,-3.1271,-3.883,-0.519,0.1879,446.416,19930.2,0.00209788,0.1879,-0.0004,-3.789,-0.372,-3.1271,-0.0117,0.0189
143.66,34.100,0.1879,-0.0004,-0.0003,-0.0306,-0.0191,-0.0117,0.0189,-3.1271,-3.888,-0.519,0.1879,446.593,20025.5,0.00237469,0.1880,-0.0004,-3.795,-0.372,-3.1271,-0.0117,0.0189
143.76,34.120,0.1880,-0.0004,-0.0003,-0.0306,-0.0190,-0.0117,0.0189,-3.1271,-3.892,-0.519,0.1879,446.593,20025.5,0.00237469,0.1880,-0.0004,-3.795,-0.372,-3.1271,-0.0117,0.0189
143.86,34.140,0.1880,-0.0004,-0.0003,-0.0306,-0.0190,-0.0117,0.0189,-3.1271,-3.897,-0.519,0.1879,446.829,20153.1,0.00237469,0.1880,-0.0004,-3.802,-0.373,-3.1271,-0.0117,0.0189
143.96,34.160,0.1880,-0.0004,-0.0003,-0.0306,-0.0190,-0.0117,0.0189,-3.1271,-3.902,-0.519,0.1879,447.006,20249.2,0.00209788,0.1880,-0.0004,-3.808,-0.373,-3.1271,-0.0117,0.0189
144.06,34.200,0.1880,-0.0004,-0.0003,-0.0306,-0.0190,-0.0117,0.0189,-3.1272,-3.907,-0.519,0.1879,447.183,20345.6,0.00237469,0.1880,-0.0004,-3.814,-0.373,-3.1272,-0.0117,0.0189
144.16,34.220,0.1880,-0.0004,-0.0002,-0.0306,-0.0190,-0.0117,0.0189,-3.1272,-3.912,-0.519,0.1879,447.183,20345.6,0.00237469,0.1880,-0.0004,-3.814,-0.373,-3.1272,-0.0117,0.0189
144.26,34.240,0.1880,-0.0004,-0.0002,-0.0306,-0.0190,-0.0117,0.0189,-3.1272,-3.917,-0.519,0.1879,447.42,20474.8,0.00237469,0.1880,-0.0004,-3.821,-0.373,-3.1272,-0.0117,0.0189
144.36,34.280,0.1880,-0.0004,-0.0002,-0.0306,-0.0190,-0.0117,0.0189,-3.1272,-3.921,-0.519,0.1879,447.597,20572.1,0.00209788,0.1880,-0.0004,-3.827,-0.373,-3.1272,-0.0117,0.0189
144.46,34.300,0.1880,-0.0004,-0.0002,-0.0306,-0.0190,-0.0117,0.0189,-3.1272,-3.926,-0.519,0.1879,447.775,20669.8,0.00237469,0.1880,-0.0003,-3.833,-0.373,-3.1272,-0.0117,0.0189
144.56,34.320,0.1880,-0.0003,-0.0002,-0.0306,-0.0190,-0.0117,0.0189,-3.1272,-3.930,-0.520,0.1879,447.775,20669.8,0.00237469,0.1880,-0.0003,-3.833,-0.373,-3.1272,-0.0117,0.0189
144.66,34.340,0.1880,-0.0003,-0.0002,-0.0306,-0.0190,-0.0117,0.0189,-3.1272,-3.935,-0.520,0.1879,448.013,20800.5,0.00237469,0.1880,-0.0003,-3.840,-0.373,-3.1272,-0.0117,0.0189
144.76,34.360,0.1880,-0.0003,-0.0002,-0.0306,-0.0190,-0.0117,0.0189,-3.1272,-3.939,-0.520,0.1879,448.191,20899,0.00209788,0.1880,-0.0003,-3.846,-0.373,-3.1272,-0.0117,0.0189
144.86,34.400,0.1880,-0.0003,-0.0002,-0.0306,-0.0190,-0.0117,0.0189,-3.1272,-3.944,-0.520,0.1879,448.369,20997.9,0.00237469,0.1880,-0.0003,-3.851,-0.373,-3.1272,-0.0117,0.0189
144.96,34.420,0.1880,-0.0003,-0.0002,-0.0306,-0.0190,-0.0117,0.0189,-3.1272,-3.949,-0.520,0.1879,448.369,20997.9,0.00237469,0.1880,-0.0003,-3.851,-0.373,-3.1272,-0.0117,0.0189
145.06,34.440,0.1880,-0.0003,-0.0002,-0.0306,-0.0190,-0.0117,0.0189,-3.1272,-3.954,-0.520,0.1879,448.607,21130.2,0.00237469,0.1880,-0.0003,-3.859,-0.373,-3.1272,-0.0117,0.0189
145.16,34.480,0.1880,-0.0003,-0.0002,-0.0306,-0.0190,-0.0117,0.0189,-3.1272,-3.959,-0.520,0.1879,448.786,21229.9,0.00209788,0.1880,-0.0003,-3.864,-0.373,-3.1272,-0.0117,0.0189
145.26,34.500,0.1880,-0.0003,-0.0002,-0.0306,-0.0190,-0.0117,0.0189,-3.1272,-3.964,-0.520,0.1879,448.964,21330,0.00237469,0.1880,-0.0003,-3.870,-0.373,-3.1272,-0.0117,0.0189
145.36,34.520,0.1880,-0.0003,-0.0002,-0.0306,-0.0190,-0.0117,0.0189,-3.1272,-3.968,-0.520,0.1879,448.964,21330,0.00237469,0.1880,-0.0003,-3.870,-0.373,-3.1272,-0.0117,0.0189
145.46,34.540,0.1880,-0.0003,-0.0002,-0.0306,-0.0190,-0.0117,0.0189,-3.1272,-3.973,-0.520,0.1879,449.203,21464,0.00237469,0.1880,-0.0003,-3.878,-0.374,-3.1272,-0.0117,0.0189
145.56,34.580,0.1880,-0.0003,-0.0002,-0.0306,-0.0190,-0.0117,0.0189,-3.1272,-3.978,-0.520,0.1879,449.382,21564.9,0.00209788,0.1880,-0.0003,-3.883,-0.374,-3.1272,-0.0117,0.0189
145.66,34.600,0.1880,-0.0003,-0.0002,-0.0306,-0.0190,-0.0117,0.0189,-3.1272,-3.983,-0.520,0.1879,449.562,21666.1,0.00237469,0.1880,-0.0002,-3.889,-0.374,-3.1272,-0.0117,0.0189
145.76,34.620,0.1880,-0.0002,-0.0002,-0.0306,-0.0190,-0.0117,0.0189,-3.1272,-3.988,-0.520,0.1879,449.801,21801.7,0.00237469,0.1880,-0.0002,-3.896,-0.374,-3.1272,-0.0117,0.0189
145.86,34.640,0.1880,-0.0002,-0.0002,-0.0306,-0.0190,-0.0117,0.0189,-3.1273,-3.992,-0.520,0.1879,449.801,21801.7,0.00237469,0.1880,-0.0002,-3.896,-0.374,-3.1272,-0.0117,0.0189
145.96,34.680,0.1880,-0.0002,-0.0002,-0.0306,-0.0190,-0.0117,0.0189,-3.1273,-3.997,-0.520,0.1879,449.981,21903.9,0.00209788,0.1880,-0.0002,-3.902,-0.374,-3.1273,-0.0117,0.0189
146.06,34.700,0.1880,-0.0002,-0.0002,-0.0306,-0.0190,-0.0117,0.0189,-3.1273,-4.001,-0.521,0.1879,450.161,22006.4,0.00237469,0.1880,-0.0002,-3.908,-0.374,-3.1273,-0.0117,0.0189
146.16,34.720,0.1880,-0.0002,-0.0002,-0.0306,-0.0190,-0.0117,0.0189,-3.1273,-4.005,-0.521,0.1879,450.161,22006.4,0.00237469,0.1880,-0.0002,-3.908,-0.374,-3.1273,-0.0117,0.0189
146.26,34.740,0.1880,-0.0002,-0.0002,-0.0306,-0.0190,-0.0117,0.0189,-3.1273,-4.010,-0.521,0.1879,450.401,22143.6,0.00237469,0.1880,-0.0002,-3.915,-0.374,-3.1273,-0.0117,0.0189
146.36,34.760,0.1880,-0.0002,-0.0002,-0.0306,-0.0190,-0.0117,0.0189,-3.1273,-4.014,-0.521,0.1879,450.581,22247,0.00209788,0.1880,-0.0002,-3.921,-0.374,-3.1273,-0.0117,0.0189
146.46,34.800,0.1880,-0.0002,-0.0002,-0.0306,-0.0190,-0.0117,0.0189,-3.1273,-4.019,-0.521,0.1871,450.761,22350.7,0.00237469,0.1869,-0.0088,-3.926,-0.374,-3.1273,-0.0117,0.0189
146.56,34.820,0.1869,-0.0088,-0.0064,-0.0311,-0.0193,-0.0117,0.0189,-3.1274,-4.023,-0.521,0.1868,450.761,22350.7,0.00237469,0.1869,-0.0088,-3.926,-0.374,-3.1273,-0.0117,0.0189
146.66,34.840,0.1869,-0.0088,-0.0064,-0.0311,-0.0193,-0.0117,0.0189,-3.1275,-4.027,-0.521,0.1868,451.002,22489.7,0.00237469,0.1869,-0.0088,-3.934,-0.374,-3.1274,-0.0117,0.0189
146.76,34.860,0.1869,-0.0088,-0.0064,-0.0311,-0.0193,-0.0117,0.0189,-3.1277,-4.031,-0.521,0.1868,451.002,22489.7,0.00237469,0.1869,-0.0088,-3.934,-0.374,-3.1274,-0.0117,0.0189
146.86,34.880,0.1869,-0.0088,-0.0064,-0.0311,-0.0193,-0.0117,0.0189,-3.1278,-4.036,-0.521,0.1868,451.18,22594.3,0.00209788,0.1869,-0.0088,-3.940,-0.374,-3.1276,-0.0117,0.0189
146.96,34.900,0.1869,-0.0088,-0.0061,-0.0311,-0.0193,-0.0117,0.0189,-3.1280,-4.040,-0.521,0.1868,451.356,22699.3,0.00237469,0.1870,-0.0083,-3.945,-0.375,-3.1278,-0.0117,0.0189
147.06,34.920,0.1870,-0.0083,-0.0061,-0.0311,-0.0193,-0.0117,0.0189,-3.1281,-4.045,-0.521,0.1868,451.587,22839.8,0.00237469,0.1870,-0.0083,-3.953,-0.375,-3.1281,-0.0117,0.0189
147.16,34.960,0.1870,-0.0083,-0.0061,-0.0311,-0.0193,-0.0117,0.0189,-3.1283,-4.049,-0.521,0.1868,451.587,22839.8,0.00237469,0.1870,-0.0083,-3.953,-0.375,-3.1281,-0.0117,0.0189
147.26,34.980,0.1870,-0.0083,-0.0061,-0.0311,-0.0193,-0.0118,0.0189,-3.1284,-4.054,-0.521,0.1868,451.758,22945.7,0.00209788,0.1870,-0.0083,-3.958,-0.375,-3.1283,-0.0118,0.0189
147.36,35.000,0.1870,-0.0083,-0.0054,-0.0310,-0.0193,-0.0118,0.0189,-3.1286,-4.058,-0.521,0.1869,451.927,23052,0.00237469,0.1871,-0.0075,-3.964,-0.375,-3.1284,-0.0118,0.0189
147.46,35.020,0.1871,-0.0075,-0.0054,-0.0309,-0.0193,-0.0118,0.0189,-3.1287,-4.063,-0.521,0.1869,452.149,23194.3,0.00237469,0.1871,-0.0075,-3.971,-0.375,-3.1287,-0.0118,0.0189
147.56,35.060,0.1871,-0.0075,-0.0055,-0.0304,-0.0189,-0.0118,0.0189,-3.1288,-4.067,-0.521,0.1869,452.149,23194.3,0.00237469,0.1871,-0.0075,-3.971,-0.375,-3.1287,-0.0118,0.0189
147.66,35.080,0.1871,-0.0075,-0.0060,-0.0310,-0.0194,-0.0118,0.0189,-3.1290,-4.072,-0.521,0.1871,452.313,23301.4,0.00209788,0.1871,-0.0075,-3.977,-0.375,-3.1288,-0.0118,0.0189
147.76,35.100,0.1871,-0.0075,-0.0060,-0.0310,-0.0194,-0.0118,0.0188,-3.1291,-4.076,-0.522,0.1871,452.476,23408.9,0.00237469,0.1872,-0.0067,-3.983,-0.375,-3.1290,-0.0118,0.0188
147.86,35.120,0.1872,-0.0067,-0.0053,-0.0310,-0.0193,-0.0118,0.0188,-3.1292,-4.081,-0.522,0.1871,452.689,23552.9,0.00237469,0.1872,-0.0067,-3.990,-0.375,-3.1292,-0.0118,0.0188
147.96,35.140,0.1872,-0.0067,-0.0053,-0.0310,-0.0193,-0.0118,0.0188,-3.1294,-4.086,-0.522,0.1871,452.689,23552.9,0.00237469,0.1872,-0.0067,-3.990,-0.375,-3.1292,-0.0118,0.0188
148.06,35.180,0.1872,-0.0067,-0.0053,-0.0310,-0.0193,-0.0118,0.0188,-3.1295,-4.091,-0.522,0.1871,452.847,23661.3,0.00209788,0.1872,-0.0067,-3.996,-0.375,-3.1294,-0.0118,0.0188
148.16,35.200,0.1872,-0.0067,-0.0053,-0.0310,-0.0194,-0.0118,0.0188,-3.1296,-4.095,-0.522,0.1871,453.003,23770.2,0.00237469,0.1873,-0.0059,-4.001,-0.375,-3.1295,-0.0118,0.0188
148.26,35.220,0.1873,-0.0059,-0.0047,-0.0309,-0.0193,-0.0118,0.0188,-3.1297,-4.100,-0.522,0.1871,453.208,23915.8,0.00237469,0.1873,-0.0059,-4.009,-0.375,-3.1297,-0.0118,0.0188
148.36,35.240,0.1873,-0.0059,-0.0047,-0.0309,-0.0193,-0.0118,0.0188,-3.1299,-4.104,-0.522,0.1871,453.208,23915.8,0.00237469,0.1873,-0.0059,-4.009,-0.375,-3.1297,-0.0118,0.0188
148.46,35.280,0.1873,-0.0059,-0.0047,-0.0309,-0.0193,-0.0118,0.0188,-3.1300,-4.109,-0.522,0.1871,453.36,24025.6,0.00209788,0.1873,-0.0059,-4.014,-0.375,-3.1299,-0.0118,0.0188
148.56,35.300,0.1873,-0.0059,-0.0047,-0.0309,-0.0193,-0.0118,0.0188,-3.1301,-4.113,-0.522,0.1872,453.511,24135.7,0.00237469,0.1874,-0.0052,-4.020,-0.375,-3.1300,-0.0118,0.0188
148.66,35.320,0.1874,-0.0052,-0.0042,-0.0305,-0.0199,-0.0118,0.0188,-3.1302,-4.118,-0.522,0.1872,453.511,24135.7,0.00237469,0.1874,-0.0052,-4.020,-0.375,-3.1300,-0.0118,0.0188
148.76,35.340,0.1874,-0.0052,-0.0042,-0.0305,-0.0199,-0.0118,0.0188,-3.1303,-4.123,-0.522,0.1872,453.709,24283.1,0.00237469,0.1874,-0.0052,-4.028,-0.376,-3.1302,-0.0118,0.0188
148.86,35.380,0.1874,-0.0052,-0.0042,-0.0305,-0.0199,-0.0118,0.0188,-3.1304,-4.128,-0.522,0.1872,453.856,24394.1,0.00209788,0.1874,-0.0052,-4.033,-0.376,-3.1303,-0.0118,0.0188
148.96,35.400,0.1874,-0.0052,-0.0042,-0.0305,-0.0199,-0.0118,0.0188,-3.1305,-4.132,-0.522,0.1873,454.001,24505.5,0.00237469,0.1874,-0.0046,-4.039,-0.376,-3.1304,-0.0118,0.0188
149.06,35.420,0.1874,-0.0046,-0.0037,-0.0305,-0.0198,-0.0118,0.0188,-3.1306,-4.137,-0.522,0.1873,454.001,24505.5,0.00237469,0.1874,-0.0046,-4.039,-0.376,-3.1304,-0.0118,0.0188
149.16,35.440,0.1874,-0.0046,-0.0037,-0.0305,-0.0198,-0.0118,0.0188,-3.1307,-4.142,-0.522,0.1873,454.193,24654.7,0.00237469,0.1874,-0.0046,-4.046,-0.376,-3.1306,-0.0118,0.0188
149.26,35.480,0.1874,-0.0046,-0.0037,-0.0305,-0.0198,-0.0118,0.0188,-3.1308,-4.147,-0.522,0.1873,454.335,24767,0.00209788,0.1874,-0.0046,-4.052,-0.376,-3.1307,-0.0118,0.0188
149.36,35.500,0.1874,-0.0046,-0.0037,-0.0305,-0.0198,-0.0118,0.0188,-3.1309,-4.151,-0.522,0.1874,454.476,24879.8,0.00237469,0.1875,-0.0041,-4.058,-0.376,-3.1308,-0.0118,0.0188
149.46,35.520,0.1875,-0.0041,-0.0033,-0.0305,-0.0197,-0.0118,0.0188,-3.1309,-4.156,-0.523,0.1874,454.476,24879.8,0.00237469,0.1875,-0.0041,-4.058,-0.376,-3.1308,-0.0118,0.0188
149.56,35.540,0.1875,-0.0041,-0.0033,-0.0305,-0.0197,-0.0118,0.0188,-3.1310,-4.160,-0.523,0.1874,454.663,25030.7,0.00237469,0.1875,-0.0041,-4.065,-0.376,-3.1309,-0.0118,0.0188
149.66,35.560,0.1875,-0.0041,-0.0033,-0.0305,-0.0197,-0.0118,0.0188,-3.1311,-4.164,-0.523,0.1874,454.801,25144.4,0.00209788,0.1875,-0.0041,-4.071,-0.376,-3.1310,-0.0118,0.0188
149.76,35.600,0.1875,-0.0041,-0.0033,-0.0305,-0.0197,-0.0118,0.0188,-3.1312,-4.169,-0.523,0.1874,454.939,25258.4,0.00237469,0.1876,-0.0036,-4.076,-0.376,-3.1311,-0.0118,0.0188
149.86,35.620,0.1876,-0.0036,-0.0029,-0.0305,-0.0197,-0.0118,0.0188,-3.1313,-4.174,-0.523,0.1874,454.939,25258.4,0.00237469,0.1876,-0.0036,-4.076,-0.376,-3.1311,-0.0118,0.0188
149.96,35.640,0.1876,-0.0036,-0.0029,-0.0305,-0.0197,-0.0118,0.0188,-3.1313,-4.178,-0.523,0.1874,455.12,25411.2,0.00237469,0.1876,-0.0036,-4.084,-0.376,-3.1313,-0.0118,0.0188
150.06,35.660,0.1876,-0.0036,-0.0029,-0.0305,-0.0197,-0.0118,0.0188,-3.1314,-4.183,-0.523,0.1874,455.255,25526.2,0.00209788,0.1876,-0.0036,-4.089,-0.376,-3.1313,-0.0118,0.0188
150.16,35.700,0.1876,-0.0036,-0.0029,-0.0305,-0.0197,-0.0118,0.0188,-3.1315,-4.188,-0.523,0.1875,455.389,25641.6,0.00237469,0.1876,-0.0032,-4.095,-0.376,-3.1314,-0.0118,0.0188
150.26,35.720,0.1876,-0.0032,-0.0025,-0.0305,-0.0196,-0.0118,0.0188,-3.1315,-4.192,-0.523,0.1875,455.389,25641.6,0.00237469,0.1876,-0.0032,-4.095,-0.376,-3.1314,-0.0118,0.0188
150.36,35.740,0.1876,-0.0032,-0.0025,-0.0305,-0.0196,-0.0118,0.0188,-3.1316,-4.197,-0.523,0.1875,455.566,25796.1,0.00237469,0.1876,-0.0032,-4.103,-0.376,-3.1315,-0.0118,0.0188
150.46,35.760,0.1876,-0.0032,-0.0025,-0.0305,-0.0196,-0.0118,0.0188,-3.1317,-4.202,-0.523,0.1875,455.698,25912.4,0.00209788,0.1876,-0.0032,-4.108,-0.376,-3.1316,-0.0118,0.0188
150.56,35.800,0.1876,-0.0032,-0.0025,-0.0305,-0.0196,-0.0118,0.0188,-3.1317,-4.206,-0.523,0.1875,455.829,26029.2,0.00237469,0.1877,-0.0028,-4.114,-0.376,-3.1317,-0.0118,0.0188
150.66,35.820,0.1877,-0.0028,-0.0022,-0.0305,-0.0196,-0.0118,0.0188,-3.1318,-4.211,-0.523,0.1875,455.829,26029.2,0.00237469,0.1877,-0.0028,-4.114,-0.376,-3.1317,-0.0118,0.0188
150.76,35.840,0.1877,-0.0028,-0.0022,-0.0304,-0.0196,-0.0118,0.0188,-3.1318,-4.215,-0.523,0.1875,456.003,26185.5,0.00237469,0.1877,-0.0028,-4.121,-0.377,-3.1318,-0.0118,0.0188
150.86,35.860,0.1877,-0.0028,-0.0022,-0.0303,-0.0196,-0.0118,0.0188,-3.1319,-4.220,-0.523,0.1875,456.132,26303.2,0.00209788,0.1877,-0.0028,-4.127,-0.377,-3.1319,-0.0118,0.0188
150.96,35.880,0.1877,-0.0028,-0.0020,-0.0305,-0.0195,-0.0118,0.0188,-3.1319,-4.224,-0.523,0.1876,456.132,26303.2,0.00209788,0.1877,-0.0028,-4.127,-0.377,-3.1319,-0.0118,0.0188
151.06,35.900,0.1877,-0.0028,-0.0018,-0.0305,-0.0195,-0.0118,0.0188,-3.1320,-4.228,-0.523,0.1877,456.261,26421.3,0.00237469,0.1877,-0.0025,-4.133,-0.377,-3.1319,-0.0118,0.0188
151.16,35.940,0.1877,-0.0025,-0.0018,-0.0305,-0.0195,-0.0118,0.0188,-3.1320,-4.233,-0.523,0.1877,456.431,26579.4,0.00237469,0.1877,-0.0025,-4.140,-0.377,-3.1320,-0.0118,0.0188
151.26,35.960,0.1877,-0.0025,-0.0018,-0.0305,-0.0195,-0.0118,0.0188,-3.1321,-4.238,-0.523,0.1877,456.558,26698.5,0.00209788,0.1877,-0.0025,-4.146,-0.377,-3.1320,-0.0118,0.0188
151.36,35.980,0.1877,-0.0025,-0.0018,-0.0305,-0.0195,-0.0118,0.0188,-3.1321,-4.243,-0.523,0.1877,456.558,26698.5,0.00209788,0.1877,-0.0025,-4.146,-0.377,-3.1320,-0.0118,0.0188
151.46,36.020,0.1877,-0.0022,-0.0016,-0.0305,-0.0195,-0.0118,0.0188,-3.1321,-4.247,-0.524,0.1877,456.685,26818,0.00237469,0.1877,-0.0022,-4.151,-0.377,-3.1321,-0.0118,0.0188
151.56,36.040,0.1877,-0.0022,-0.0016,-0.0305,-0.0195,-0.0118,0.0188,-3.1322,-4.252,-0.524,0.1877,456.853,26978,0.00237469,0.1877,-0.0022,-4.159,-0.377,-3.1322,-0.0118,0.0188
151.66,36.060,0.1877,-0.0022,-0.0016,-0.0305,-0.0195,-0.0118,0.0188,-3.1322,-4.257,-0.524,0.1877,456.978,27098.5,0.00209788,0.1877,-0.0022,-4.164,-0.377,-3.1322,-0.0118,0.0188
151.76,36.080,0.1877,-0.0022,-0.0016,-0.0305,-0.0195,-0.0118,0.0188,-3.1323,-4.262,-0.524,0.1877,456.978,27098.5,0.00209788,0.1877,-0.0022,-4.164,-0.377,-3.1322,-0.0118,0.0188
151.86,36.100,0.1877,-0.0022,-0.0014,-0.0305,-0.0194,-0.0118,0.0188,-3.1323,-4.266,-0.524,0.1877,457.103,27219.3,0.00237469,0.1878,-0.0020,-4.170,-0.377,-3.1323,-0.0118,0.0188
151.96,36.140,0.1878,-0.0020,-0.0014,-0.0305,-0.0194,-0.0118,0.0188,-3.1323,-4.271,-0.524,0.1877,457.269,27381.2,0.00237469,0.1878,-0.0020,-4.178,-0.377,-3.1323,-0.0118,0.0188
152.06,36.160,0.1878,-0.0020,-0.0014,-0.0305,-0.0194,-0.0118,0.0188,-3.1324,-4.274,-0.524,0.1877,457.269,27381.2,0.00237469,0.1878,-0.0020,-4.178,-0.377,-3.1323,-0.0118,0.0188
152.16,36.180,0.1878,-0.0020,-0.0014,-0.0305,-0.0194,-0.0118,0.0188,-3.1324,-4.278,-0.524,0.1877,457.392,27503,0.00209788,0.1878,-0.0020,-4.183,-0.377,-3.1324,-0.0118,0.0188
152.26,36.200,0.1878,-0.0020,-0.0014,-0.0305,-0.0194,-0.0118,0.0188,-3.1324,-4.282,-0.524,0.1877,457.516,27625.3,0.00237469,0.1878,-0.0018,-4.189,-0.377,-3.1324,-0.0118,0.0188
152.36,36.220,0.1878,-0.0018,-0.0013,-0.0305,-0.0194,-0.0118,0.0188,-3.1325,-4.287,-0.524,0.1877,457.516,27625.3,0.00237469,0.1878,-0.0018,-4.189,-0.377,-3.1324,-0.0118,0.0188
152.46,36.240,0.1878,-0.0018,-0.0013,-0.0305,-0.0194,-0.0118,0.0188,-3.1325,-4.292,-0.524,0.1877,457.68,27789,0.00237469,0.1878,-0.0018,-4.196,-0.377,-3.1325,-0.0118,0.0188
152.56,36.280,0.1878,-0.0018,-0.0013,-0.0305,-0.0194,-0.0118,0.0188,-3.1325,-4.297,-0.524,0.1877,457.802,27912.3,0.00209788,0.1878,-0.0018,-4.202,-0.377,-3.1325,-0.0118,0.0188
152.66,36.300,0.1878,-0.0018,-0.0013,-0.0305,-0.0194,-0.0118,0.0188,-3.1326,-4.301,-0.524,0.1878,457.924,28036,0.00237469,0.1878,-0.0016,-4.208,-0.377,-3.1325,-0.0118,0.0188
152.76,36.320,0.1878,-0.0016,-0.0012,-0.0305,-0.0194,-0.0118,0.0188,-3.1326,-4.306,-0.524,0.1878,458.086,28201.5,0.00237469,0.1878,-0.0016,-4.215,-0.377,-3.1326,-0.0118,0.0188
152.86,36.340,0.1878,-0.0016,-0.0012,-0.0305,-0.0194,-0.0118,0.0188,-3.1326,-4.311,-0.524,0.1878,458.086,28201.5,0.00237469,0.1878,-0.0016,-4.215,-0.377,-3.1326,-0.0118,0.0188
152.96,36.380,0.1878,-0.0016,-0.0012,-0.0305,-0.0194,-0.0118,0.0188,-3.1326,-4.316,-0.524,0.1878,458.208,28326.2,0.00209788,0.1878,-0.0016,-4.221,-0.378,-3.1326,-0.0118,0.0188
153.06,36.400,0.1878,-0.0016,-0.0010,-0.0305,-0.0194,-0.0118,0.0188,-3.1327,-4.320,-0.524,0.1878,458.329,28451.3,0.00237469,0.1878,-0.0014,-4.226,-0.378,-3.1327,-0.0118,0.0188
153.16,36.420,0.1878,-0.0014,-0.0010,-0.0305,-0.0194,-0.0118,0.0188,-3.1327,-4.325,-0.524,0.1878,458.489,28618.8,0.00237469,0.1878,-0.0014,-4.234,-0.378,-3.1327,-0.0118,0.0188
153.26,36.460,0.1878,-0.0014,-0.0010,-0.0305,-0.0194,-0.0118,0.0188,-3.1327,-4.330,-0.524,0.1878,458.489,28618.8,0.00237469,0.1878,-0.0014,-4.234,-0.378,-3.1327,-0.0118,0.0188
153.36,36.480,0.1878,-0.0014,-0.0010,-0.0306,-0.0192,-0.0118,0.0188,-3.1328,-4.335,-0.524,0.1878,458.61,28744.9,0.00209788,0.1878,-0.0014,-4.240,-0.378,-3.1327,-0.0118,0.0188
153.46,36.500,0.1878,-0.0014,-0.0010,-0.0306,-0.0194,-0.0118,0.0188,-3.1328,-4.339,-0.524,0.1879,458.73,28871.5,0.00237469,0.1878,-0.0013,-4.245,-0.378,-3.1328,-0.0118,0.0188
153.56,36.520,0.1878,-0.0013,-0.0009,-0.0305,-0.0192,-0.0118,0.0188,-3.1328,-4.343,-0.524,0.1878,458.73,28871.5,0.00237469,0.1878,-0.0013,-4.245,-0.378,-3.1328,-0.0118,0.0188
153.66,36.540,0.1878,-0.0013,-0.0009,-0.0305,-0.0192,-0.0118,0.0188,-3.1328,-4.348,-0.524,0.1878,458.889,29040.9,0.00237469,0.1878,-0.0013,-4.253,-0.378,-3.1328,-0.0118,0.0188
153.76,36.580,0.1878,-0.0013,-0.0009,-0.0305,-0.0192,-0.0118,0.0188,-3.1328,-4.353,-0.525,0.1878,459.008,29168.4,0.00209788,0.1878,-0.0013,-4.258,-0.378,-3.1328,-0.0118,0.0188
153.86,36.600,0.1878,-0.0013,-0.0009,-0.0305,-0.0192,-0.0118,0.0188,-3.1329,-4.358,-0.525,0.1878,459.128,29296.4,0.00237469,0.1879,-0.0012,-4.264,-0.378,-3.1328,-0.0118,0.0188
153.96,36.620,0.1879,-0.0012,-0.0008,-0.0305,-0.0192,-0.0118,0.0188,-3.1329,-4.363,-0.525,0.1878,459.286,29467.8,0.00237469,0.1879,-0.0012,-4.272,-0.378,-3.1329,-0.0118,0.0188
154.06,36.660,0.1879,-0.0012,-0.0008,-0.0305,-0.0192,-0.0118,0.0188,-3.1329,-4.368,-0.525,0.1878,459.286,29467.8,0.00237469,0.1879,-0.0012,-4.272,-0.378,-3.1329,-0.0118,0.0188
154.16,36.680,0.1879,-0.0012,-0.0008,-0.0305,-0.0192,-0.0118,0.0188,-3.1329,-4.373,-0.525,0.1878,459.405,29596.8,0.00209788,0.1879,-0.0012,-4.277,-0.378,-3.1329,-0.0118,0.0188
154.26,36.700,0.1879,-0.0012,-0.0008,-0.0305,-0.0192,-0.0118,0.0188,-3.1329,-4.376,-0.525,0.1878,459.524,29726.2,0.00237469,0.1879,-0.0011,-4.283,-0.378,-3.1329,-0.0118,0.0188
154.36,36.720,0.1879,-0.0011,-0.0007,-0.0305,-0.0192,-0.0118,0.0188,-3.1330,-4.381,-0.525,0.1878,459.524,29726.2,0.00237469,0.1879,-0.0011,-4.283,-0.378,-3.1329,-0.0118,0.0188
154.46,36.740,0.1879,-0.0011,-0.0007,-0.0305,-0.0192,-0.0118,0.0188,-3.1330,-4.385,-0.525,0.1878,459.682,29899.5,0.00237469,0.1879,-0.0011,-4.290,-0.378,-3.1330,-0.0118,0.0188
154.56,36.760,0.1879,-0.0011,-0.0007,-0.0305,-0.0192,-0.0118,0.0188,-3.1330,-4.389,-0.525,0.1878,459.8,30030,0.00209788,0.1879,-0.0011,-4.296,-0.378,-3.1330,-0.0118,0.0188
154.66,36.780,0.1879,-0.0011,-0.0007,-0.0305,-0.0192,-0.0118,0.0188,-3.1330,-4.393,-0.525,0.1878,459.8,30030,0.00209788,0.1879,-0.0011,-4.296,-0.378,-3.1330,-0.0118,0.0188
154.76,36.800,0.1879,-0.0011,-0.0006,-0.0305,-0.0193,-0.0118,0.0188,-3.1330,-4.397,-0.525,0.1878,459.918,30160.9,0.00237469,0.1879,-0.0010,-4.302,-0.378,-3.1330,-0.0118,0.0188
154.86,36.820,0.1879,-0.0010,-0.0006,-0.0305,-0.0193,-0.0118,0.0188,-3.1330,-4.400,-0.525,0.1878,460.075,30336.1,0.00237469,0.1879,-0.0010,-4.309,-0.378,-3.1330,-0.0118,0.0188
154.96,36.840,0.1879,-0.0010,-0.0006,-0.0305,-0.0193,-0.0118,0.0188,-3.1330,-4.404,-0.525,0.1878,460.075,30336.1,0.00237469,0.1879,-0.0010,-4.309,-0.378,-3.1330,-0.0118,0.0188
155.06,36.860,0.1879,-0.0010,-0.0006,-0.0305,-0.0193,-0.0118,0.0188,-3.1331,-4.409,-0.525,0.1878,460.193,30468.1,0.00209788,0.1879,-0.0010,-4.315,-0.378,-3.1330,-0.0118,0.0188
155.16,36.900,0.1879,-0.0010,-0.0006,-0.0305,-0.0193,-0.0118,0.0188,-3.1331,-4.413,-0.525,0.1878,460.31,30600.5,0.00237469,0.1879,-0.0009,-4.320,-0.378,-3.1331,-0.0118,0.0188
155.26,36.920,0.1879,-0.0009,-0.0006,-0.0305,-0.0193,-0.0118,0.0188,-3.1331,-4.417,-0.525,0.1878,460.31,30600.5,0.00237469,0.1879,-0.0009,-4.320,-0.378,-3.1331,-0.0118,0.0188
155.36,36.940,0.1879,-0.0009,-0.0006,-0.0305,-0.0193,-0.0118,0.0188,-3.1331,-4.421,-0.525,0.1878,460.467,30777.7,0.00237469,0.1879,-0.0009,-4.328,-0.378,-3.1331,-0.0118,0.0188
155.46,36.960,0.1879,-0.0009,-0.0006,-0.0305,-0.0193,-0.0118,0.0188,-3.1331,-4.425,-0.525,0.1878,460.584,30911.2,0.00209788,0.1879,-0.0009,-4.334,-0.378,-3.1331,-0.0118,0.0188
155.56,36.980,0.1879,-0.0009,-0.0006,-0.0305,-0.0193,-0.0118,0.0188,-3.1331,-4.430,-0.525,0.1878,460.584,30911.2,0.00209788,0.1879,-0.0009,-4.334,-0.378,-3.1331,-0.0118,0.0188
155.66,37.000,0.1879,-0.0009,-0.0005,-0.0305,-0.0193,-0.0118,0.0188,-3.1331,-4.434,-0.525,0.1879,460.701,31045.1,0.00237469,0.1879,-0.0008,-4.339,-0.379,-3.1331,-0.0118,0.0188
155.76,37.020,0.1879,-0.0008,-0.0005,-0.0305,-0.0193,-0.0118,0.0188,-3.1331,-4.438,-0.525,0.1879,460.858,31224.3,0.00237469,0.1879,-0.0008,-4.347,-0.379,-3.1331,-0.0118,0.0188
155.86,37.040,0.1879,-0.0008,-0.0005,-0.0305,-0.0193,-0.0118,0.0188,-3.1332,-4.442,-0.525,0.1879,460.858,31224.3,0.00237469,0.1879,-0.0008,-4.347,-0.379,-3.1331,-0.0118,0.0188
155.96,37.080,0.1879,-0.0008,-0.0005,-0.0305,-0.0193,-0.0118,0.0188,-3.1332,-4.446,-0.525,0.1879,460.975,31359.2,0.00209788,0.1879,-0.0008,-4.352,-0.379,-3.1332,-0.0118,0.0188
156.06,37.100,0.1879,-0.0008,-0.0005,-0.0305,-0.0193,-0.0118,0.0188,-3.1332,-4.451,-0.525,0.1879,461.092,31494.6,0.00237469,0.1879,-0.0007,-4.358,-0.379,-3.1332,-0.0118,0.0188
156.16,37.120,0.1879,-0.0007,-0.0005,-0.0305,-0.0193,-0.0118,0.0188,-3.1332,-4.455,-0.525,0.1879,461.092,31494.6,0.00237469,0.1879,-0.0007,-4.358,-0.379,-3.1332,-0.0118,0.0188
156.26,37.140,0.1879,-0.0007,-0.0005,-0.0305,-0.0193,-0.0118,0.0188,-3.1332,-4.459,-0.525,0.1879,461.247,31675.9,0.00237469,0.1879,-0.0007,-4.365,-0.379,-3.1332,-0.0118,0.0188
156.36,37.160,0.1879,-0.0007,-0.0005,-0.0305,-0.0193,-0.0118,0.0188,-3.1332,-4.463,-0.525,0.1879,461.364,31812.4,0.00209788,0.1879,-0.0007,-4.371,-0.379,-3.1332,-0.0118,0.0188
156.46,37.180,0.1879,-0.0007,-0.0005,-0.0305,-0.0193,-0.0118,0.0188,-3.1332,-4.467,-0.526,0.1879,461.364,31812.4,0.00209788,0.1879,-0.0007,-4.371,-0.379,-3.1332,-0.0118,0.0188
156.56,37.200,0.1879,-0.0007,-0.0004,-0.0305,-0.0193,-0.0118,0.0188,-3.1332,-4.472,-0.526,0.1879,461.481,31949.3,0.00237469,0.1879,-0.0007,-4.377,-0.379,-3.1332,-0.0118,0.0188
156.66,37.220,0.1879,-0.0007,-0.0004,-0.0305,-0.0193,-0.0118,0.0188,-3.1332,-4.476,-0.526,0.1879,461.636,32132.5,0.00237469,0.1879,-0.0007,-4.384,-0.379,-3.1332,-0.0118,0.0188
156.76,37.260,0.1879,-0.0007,-0.0004,-0.0305,-0.0193,-0.0118,0.0188,-3.1333,-4.480,-0.526,0.1879,461.636,32132.5,0.00237469,0.1879,-0.0007,-4.384,-0.379,-3.1332,-0.0118,0.0188
156.86,37.280,0.1879,-0.0007,-0.0004,-0.0305,-0.0193,-0.0118,0.0188,-3.1333,-4.484,-0.526,0.1879,461.753,32270.5,0.00209788,0.1879,-0.0007,-4.390,-0.379,-3.1333,-0.0118,0.0188
156.96,37.300,0.1879,-0.0007,-0.0004,-0.0305,-0.0193,-0.0118,0.0188,-3.1333,-4.488,-0.526,0.1879,461.869,32409,0.00237469,0.1879,-0.0006,-4.396,-0.379,-3.1333,-0.0118,0.0188
157.06,37.320,0.1879,-0.0006,-0.0004,-0.0305,-0.0193,-0.0118,0.0188,-3.1333,-4.492,-0.526,0.1879,461.869,32409,0.00237469,0.1879,-0.0006,-4.396,-0.379,-3.1333,-0.0118,0.0188
157.16,37.340,0.1879,-0.0006,-0.0004,-0.0305,-0.0193,-0.0118,0.0188,-3.1333,-4.496,-0.526,0.1879,462.024,32594.3,0.00237469,0.1879,-0.0006,-4.403,-0.379,-3.1333,-0.0118,0.0188
157.26,37.360,0.1879,-0.0006,-0.0004,-0.0305,-0.0193,-0.0118,0.0188,-3.1333,-4.500,-0.526,0.1879,462.024,32594.3,0.00237469,0.1879,-0.0006,-4.403,-0.379,-3.1333,-0.0118,0.0188
157.36,37.380,0.1879,-0.0006,-0.0004,-0.0305,-0.0193,-0.0118,0.0188,-3.1333,-4.504,-0.526,0.1879,462.141,32733.8,0.00209788,0.1879,-0.0006,-4.409,-0.379,-3.1333,-0.0118,0.0188
157.46,37.400,0.1879,-0.0006,-0.0004,-0.0305,-0.0193,-0.0118,0.0188,-3.1333,-4.508,-0.526,0.1879,462.257,32873.8,0.00237469,0.1879,-0.0005,-4.414,-0.379,-3.1333,-0.0118,0.0188
157.56,37.420,0.1879,-0.0005,-0.0004,-0.0305,-0.0192,-0.0118,0.0188,-3.1333,-4.512,-0.526,0.1879,462.257,32873.8,0.00237469,0.1879,-0.0005,-4.414,-0.379,-3.1333,-0.0118,0.0188
157.66,37.440,0.1879,-0.0005,-0.0004,-0.0306,-0.0192,-0.0118,0.0188,-3.1333,-4.516,-0.526,0.1879,462.412,33061.2,0.00237469,0.1879,-0.0005,-4.422,-0.379,-3.1333,-0.0118,0.0188
157.76,37.460,0.1879,-0.0005,-0.0004,-0.0305,-0.0192,-0.0118,0.0188,-3.1333,-4.520,-0.526,0.1879,462.529,33202.3,0.00209788,0.1879,-0.0005,-4.427,-0.379,-3.1333,-0.0118,0.0188
157.86,37.480,0.1879,-0.0005,-0.0004,-0.0305,-0.0192,-0.0118,0.0188,-3.1333,-4.524,-0.526,0.1879,462.529,33202.3,0.00209788,0.1879,-0.0005,-4.427,-0.379,-3.1333,-0.0118,0.0188
157.96,37.500,0.1879,-0.0005,-0.0004,-0.0305,-0.0193,-0.0118,0.0188,-3.1334,-4.528,-0.526,0.1879,462.645,33343.9,0.00237469,0.1879,-0.0005,-4.433,-0.379,-3.1333,-0.0118,0.0188
158.06,37.520,0.1879,-0.0005,-0.0004,-0.0305,-0.0193,-0.0118,0.0188,-3.1334,-4.533,-0.526,0.1879,462.8,33533.3,0.00237469,0.1879,-0.0005,-4.441,-0.379,-3.1334,-0.0118,0.0188
158.16,37.560,0.1879,-0.0005,-0.0004,-0.0305,-0.0193,-0.0118,0.0188,-3.1334,-4.537,-0.526,0.1879,462.8,33533.3,0.00237469,0.1879,-0.0005,-4.441,-0.379,-3.1334,-0.0118,0.0188
158.26,37.580,0.1879,-0.0005,-0.0004,-0.0305,-0.0193,-0.0118,0.0188,-3.1334,-4.541,-0.526,0.1879,462.916,33676,0.00209788,0.1879,-0.0005,-4.446,-0.379,-3.1334,-0.0118,0.0188
158.36,37.600,0.1879,-0.0005,-0.0004,-0.0305,-0.0193,-0.0118,0.0188,-3.1334,-4.545,-0.526,0.1879,463.032,33819.1,0.00237469,0.1879,-0.0004,-4.452,-0.379,-3.1334,-0.0118,0.0188
158.46,37.620,0.1879,-0.0004,-0.0003,-0.0305,-0.0192,-0.0118,0.0188,-3.1334,-4.549,-0.526,0.1879,463.032,33819.1,0.00237469,0.1879,-0.0004,-4.452,-0.379,-3.1334,-0.0118,0.0188
158.56,37.640,0.1879,-0.0004,-0.0003,-0.0305,-0.0192,-0.0118,0.0188,-3.1334,-4.553,-0.526,0.1879,463.187,34010.7,0.00237469,0.1879,-0.0004,-4.459,-0.380,-3.1334,-0.0118,0.0188
158.66,37.660,0.1879,-0.0004,-0.0003,-0.0305,-0.0192,-0.0118,0.0188,-3.1334,-4.557,-0.526,0.1879,463.303,34154.9,0.00209788,0.1879,-0.0004,-4.465,-0.380,-3.1334,-0.0118,0.0188
158.76,37.680,0.1879,-0.0004,-0.0003,-0.0305,-0.0192,-0.0118,0.0188,-3.1334,-4.562,-0.526,0.1879,463.303,34154.9,0.00209788,0.1879,-0.0004,-4.465,-0.380,-3.1334,-0.0118,0.0188
158.86,37.720,0.1880,-0.0004,-0.0003,-0.0304,-0.0192,-0.0118,0.0188,-3.1334,-4.567,-0.526,0.1879,463.419,34299.6,0.00237469,0.1880,-0.0004,-4.471,-0.380,-3.1334,-0.0118,0.0188
158.96,37.740,0.1880,-0.0004,-0.0003,-0.0304,-0.0192,-0.0118,0.0188,-3.1334,-4.571,-0.526,0.1879,463.574,34493.3,0.00237469,0.1880,-0.0004,-4.478,-0.380,-3.1334,-0.0118,0.0188
159.06,37.760,0.1880,-0.0004,-0.0003,-0.0304,-0.0192,-0.0118,0.0188,-3.1334,-4.576,-0.526,0.1879,463.69,34639.1,0.00209788,0.1880,-0.0004,-4.484,-0.380,-3.1334,-0.0118,0.0188
159.16,37.780,0.1880,-0.0004,-0.0003,-0.0304,-0.0192,-0.0118,0.0188,-3.1334,-4.581,-0.526,0.1879,463.69,34639.1,0.00209788,0.1880,-0.0004,-4.484,-0.380,-3.1334,-0.0118,0.0188
159.26,37.820,0.1880,-0.0004,-0.0003,-0.0304,-0.0192,-0.0118,0.0188,-3.1334,-4.586,-0.527,0.1879,463.807,34785.4,0.00237469,0.1880,-0.0004,-4.489,-0.380,-3.1334,-0.0118,0.0188
159.36,37.840,0.1880,-0.0004,-0.0003,-0.0304,-0.0192,-0.0118,0.0188,-3.1335,-4.591,-0.527,0.1879,463.961,34981.2,0.00237469,0.1880,-0.0004,-4.497,-0.380,-3.1335,-0.0118,0.0188
159.46,37.860,0.1880,-0.0004,-0.0003,-0.0304,-0.0192,-0.0118,0.0188,-3.1335,-4.596,-0.527,0.1879,464.078,35128.6,0.00209788,0.1880,-0.0004,-4.503,-0.380,-3.1335,-0.0118,0.0188
159.56,37.900,0.1880,-0.0004,-0.0003,-0.0304,-0.0192,-0.0118,0.0188,-3.1335,-4.601,-0.527,0.1879,464.194,35276.5,0.00237469,0.1880,-0.0003,-4.508,-0.380,-3.1335,-0.0118,0.0188
159.66,37.920,0.1880,-0.0003,-0.0002,-0.0304,-0.0192,-0.0118,0.0188,-3.1335,-4.605,-0.527,0.1879,464.194,35276.5,0.00237469,0.1880,-0.0003,-4.508,-0.380,-3.1335,-0.0118,0.0188
159.76,37.940,0.1880,-0.0003,-0.0002,-0.0304,-0.0192,-0.0118,0.0188,-3.1335,-4.609,-0.527,0.1879,464.349,35474.5,0.00237469,0.1880,-0.0003,-4.516,-0.380,-3.1335,-0.0118,0.0188
159.86,37.960,0.1880,-0.0003,-0.0002,-0.0304,-0.0192,-0.0118,0.0188,-3.1335,-4.614,-0.527,0.1879,464.465,35623.5,0.00209788,0.1880,-0.0003,-4.521,-0.380,-3.1335,-0.0118,0.0188
159.96,38.000,0.1880,-0.0003,-0.0002,-0.0304,-0.0192,-0.0118,0.0188,-3.1335,-4.619,-0.527,0.1879,464.581,35773.1,0.00237469,0.1880,-0.0003,-4.527,-0.380,-3.1335,-0.0118,0.0188
160.06,38.020,0.1880,-0.0003,-0.0002,-0.0304,-0.0192,-0.0118,0.0188,-3.1335,-4.624,-0.527,0.1879,464.581,35773.1,0.00237469,0.1880,-0.0003,-4.527,-0.380,-3.1335,-0.0118,0.0188
160.16,38.040,0.1880,-0.0003,-0.0002,-0.0304,-0.0192,-0.0118,0.0188,-3.1335,-4.629,-0.527,0.1879,464.736,35973.2,0.00237469,0.1880,-0.0003,-4.535,-0.380,-3.1335,-0.0118,0.0188
160.26,38.060,0.1880,-0.0003,-0.0002,0.0010,-0.0012,-0.0118,0.0188,-3.1335,-4.634,-0.527,0.1879,464.853,36123.9,0.00209788,0.1880,-0.0003,-4.540,-0.380,-3.1335,-0.0118,0.0188
160.36,38.100,0.1880,-0.0003,-0.0002,-0.0305,-0.0192,-0.0118,0.0188,-3.1335,-4.639,-0.527,0.1879,464.969,36275,0.00237469,0.1880,-0.0003,-4.546,-0.380,-3.1335,-0.0118,0.0188
160.46,38.120,0.1880,-0.0003,-0.0002,-0.0305,-0.0192,-0.0118,0.0188,-3.1335,-4.643,-0.527,0.1879,464.969,36275,0.00237469,0.1880,-0.0003,-4.546,-0.380,-3.1335,-0.0118,0.0188
160.56,38.140,0.1880,-0.0003,-0.0002,-0.0305,-0.0192,-0.0118,0.0188,-3.1335,-4.648,-0.527,0.1879,465.124,36477.3,0.00237469,0.1880,-0.0003,-4.553,-0.380,-3.1335,-0.0118,0.0188
160.66,38.180,0.1880,-0.0003,-0.0002,-0.0305,-0.0192,-0.0118,0.0188,-3.1335,-4.653,-0.527,0.1879,465.241,36629.6,0.00209788,0.1880,-0.0003,-4.559,-0.380,-3.1335,-0.0118,0.0188
160.76,38.200,0.1880,-0.0003,-0.0002,-0.0305,-0.0192,-0.0118,0.0188,-3.1335,-4.658,-0.527,0.1879,465.357,36782.5,0.00237469,0.1880,-0.0002,-4.565,-0.380,-3.1335,-0.0118,0.0188
160.86,38.220,0.1880,-0.0002,-0.0002,-0.0305,-0.0192,-0.0118,0.0188,-3.1335,-4.662,-0.527,0.1879,465.357,36782.5,0.00237469,0.1880,-0.0002,-4.565,-0.380,-3.1335,-0.0118,0.0188
160.96,38.240,0.1880,-0.0002,-0.0002,-0.0305,-0.0192,-0.0118,0.0188,-3.1335,-4.666,-0.527,0.1879,465.513,36987,0.00237469,0.1880,-0.0002,-4.572,-0.380,-3.1335,-0.0118,0.0188
161.06,38.260,0.1880,-0.0002,-0.0002,-0.0305,-0.0192,-0.0118,0.0188,-3.1335,-4.671,-0.527,0.1879,465.629,37140.9,0.00209788,0.1880,-0.0002,-4.578,-0.380,-3.1335,-0.0118,0.0188
161.16,38.300,0.1880,-0.0002,-0.0002,-0.0305,-0.0192,-0.0118,0.0188,-3.1336,-4.676,-0.527,0.1879,465.746,37295.4,0.00237469,0.1880,-0.0002,-4.583,-0.381,-3.1336,-0.0118,0.0188
161.26,38.320,0.1880,-0.0002,-0.0002,-0.0304,-0.0192,-0.0118,0.0188,-3.1336,-4.681,-0.527,0.1879,465.746,37295.4,0.00237469,0.1880,-0.0002,-4.583,-0.381,-3.1336,-0.0118,0.0188
161.36,38.340,0.1880,-0.0002,-0.0002,-0.0304,-0.0192,-0.0118,0.0188,-3.1336,-4.686,-0.527,0.1879,465.902,37502.1,0.00237469,0.1880,-0.0002,-4.591,-0.381,-3.1336,-0.0118,0.0188
161.46,38.360,0.1880,-0.0002,-0.0002,-0.0304,-0.0192,-0.0118,0.0188,-3.1336,-4.690,-0.527,0.1879,466.018,37657.8,0.00209788,0.1880,-0.0002,-4.597,-0.381,-3.1336,-0.0118,0.0188
161.56,38.400,0.1880,-0.0002,-0.0002,-0.0304,-0.0192,-0.0118,0.0188,-3.1336,-4.695,-0.527,0.1879,466.135,37813.9,0.00237469,0.1880,-0.0002,-4.602,-0.381,-3.1336,-0.0118,0.0188
161.66,38.420,0.1880,-0.0002,-0.0001,-0.0304,-0.0192,-0.0118,0.0188,-3.1336,-4.700,-0.527,0.1879,466.135,37813.9,0.00237469,0.1880,-0.0002,-4.602,-0.381,-3.1336,-0.0118,0.0188
161.76,38.440,0.1880,-0.0002,-0.0001,-0.0304,-0.0192,-0.0118,0.0188,-3.1336,-4.705,-0.527,0.1879,466.291,38022.9,0.00237469,0.1880,-0.0002,-4.610,-0.381,-3.1336,-0.0118,0.0188
161.86,38.480,0.1880,-0.0002,-0.0001,-0.0304,-0.0192,-0.0118,0.0188,-3.1336,-4.709,-0.528,0.1879,466.408,38180.2,0.00209788,0.1880,-0.0002,-4.615,-0.381,-3.1336,-0.0118,0.0188
161.96,38.500,0.1880,-0.0002,-0.0001,-0.0304,-0.0192,-0.0118,0.0188,-3.1336,-4.714,-0.528,0.1879,466.525,38338,0.00237469,0.1880,-0.0002,-4.621,-0.381,-3.1336,-0.0118,0.0188
162.06,38.520,0.1880,-0.0002,-0.0001,-0.0304,-0.0192,-0.0118,0.0188,-3.1336,-4.718,-0.528,0.1879,466.525,38338,0.00237469,0.1880,-0.0002,-4.621,-0.381,-3.1336,-0.0118,0.0188
162.16,38.540,0.1880,-0.0002,-0.0001,-0.0304,-0.0192,-0.0118,0.0188,-3.1336,-4.723,-0.528,0.1879,466.681,38549.2,0.00237469,0.1880,-0.0002,-4.629,-0.381,-3.1336,-0.0118,0.0188
162.26,38.560,0.1880,-0.0002,-0.0001,-0.0304,-0.0192,-0.0119,0.0188,-3.1336,-4.728,-0.528,0.1879,466.798,38708.3,0.00209788,0.1880,-0.0002,-4.634,-0.381,-3.1336,-0.0119,0.0188
162.36,38.600,0.1880,-0.0002,-0.0001,-0.0304,-0.0192,-0.0119,0.0188,-3.1336,-4.733,-0.528,0.1879,466.916,38867.8,0.00237469,0.1880,-0.0001,-4.640,-0.381,-3.1336,-0.0119,0.0188
162.46,38.620,0.1880,-0.0001,-0.0001,-0.0304,-0.0192,-0.0119,0.0188,-3.1336,-4.738,-0.528,0.1879,466.916,38867.8,0.00237469,0.1880,-0.0001,-4.640,-0.381,-3.1336,-0.0119,0.0188
162.56,38.640,0.1880,-0.0001,-0.0001,-0.0304,-0.0192,-0.0119,0.0188,-3.1336,-4.742,-0.528,0.1879,467.072,39081.3,0.00237469,0.1880,-0.0001,-4.647,-0.381,-3.1336,-0.0119,0.0188
162.66,38.680,0.1880,-0.0001,-0.0001,-0.0304,-0.0192,-0.0119,0.0188,-3.1336,-4.748,-0.528,0.1879,467.19,39242,0.00209788,0.1880,-0.0001,-4.653,-0.381,-3.1336,-0.0119,0.0188
162.76,38.700,0.1880,-0.0001,-0.0001,-0.0304,-0.0192,-0.0119,0.0188,-3.1336,-4.752,-0.528,0.1879,467.307,39403.2,0.00237469,0.1880,-0.0001,-4.659,-0.381,-3.1336,-0.0119,0.0188
162.86,38.720,0.1880,-0.0001,-0.0001,-0.0304,-0.0192,-0.0119,0.0188,-3.1336,-4.756,-0.528,0.1879,467.307,39403.2,0.00237469,0.1880,-0.0001,-4.659,-0.381,-3.1336,-0.0119,0.0188
162.96,38.740,0.1880,-0.0001,-0.0001,-0.0304,-0.0192,-0.0119,0.0188,-3.1336,-4.761,-0.528,0.1879,467.464,39619,0.00237469,0.1880,-0.0001,-4.666,-0.381,-3.1336,-0.0119,0.0188
163.06,38.780,0.1880,-0.0001,-0.0001,-0.0304,-0.0192,-0.0119,0.0188,-3.1336,-4.766,-0.528,0.1879,467.581,39781.5,0.00209788,0.1880,-0.0001,-4.672,-0.381,-3.1336,-0.0119,0.0188
163.16,38.800,0.1880,-0.0001,-0.0001,-0.0304,-0.0192,-0.0119,0.0188,-3.1336,-4.771,-0.528,0.1879,467.699,39944.4,0.00237469,0.1880,-0.0001,-4.677,-0.381,-3.1336,-0.0119,0.0188
163.26,38.820,0.1880,-0.0001,-0.0001,-0.0304,-0.0192,-0.0119,0.0188,-3.1336,-4.776,-0.528,0.1879,467.699,39944.4,0.00237469,0.1880,-0.0001,-4.677,-0.381,-3.1336,-0.0119,0.0188
163.36,38.840,0.1880,-0.0001,-0.0001,-0.0304,-0.0192,-0.0119,0.0188,-3.1336,-4.780,-0.528,0.1879,467.856,40162.5,0.00237469,0.1880,-0.0001,-4.685,-0.381,-3.1336,-0.0119,0.0188
163.46,38.880,0.1880,-0.0001,-0.0001,-0.0304,-0.0192,-0.0119,0.0188,-3.1336,-4.785,-0.528,0.1879,467.974,40326.7,0.00209788,0.1880,-0.0001,-4.691,-0.381,-3.1336,-0.0119,0.0188
163.56,38.900,0.1880,-0.0001,-0.0001,-0.0304,-0.0192,-0.0119,0.0188,-3.1336,-4.789,-0.528,0.1875,468.092,40491.4,0.00237469,0.1874,-0.0048,-4.696,-0.381,-3.1336,-0.0119,0.0188
163.66,38.920,0.1874,-0.0048,-0.0035,-0.0307,-0.0194,-0.0119,0.0188,-3.1337,-4.795,-0.528,0.1875,468.092,40491.4,0.00237469,0.1874,-0.0048,-4.696,-0.381,-3.1336,-0.0119,0.0188
163.76,38.940,0.1874,-0.0048,-0.0035,-0.0307,-0.0194,-0.0119,0.0188,-3.1338,-4.799,-0.528,0.1875,468.25,40711.8,0.00237469,0.1874,-0.0048,-4.704,-0.381,-3.1337,-0.0119,0.0188
163.86,38.980,0.1874,-0.0048,-0.0035,-0.0307,-0.0194,-0.0119,0.0188,-3.1339,-4.804,-0.528,0.1875,468.366,40877.8,0.00209788,0.1874,-0.0048,-4.709,-0.382,-3.1338,-0.0119,0.0188
163.96,39.000,0.1874,-0.0048,-0.0033,-0.0307,-0.0194,-0.0119,0.0188,-3.1340,-4.809,-0.528,0.1875,468.481,41044.2,0.00237469,0.1874,-0.0046,-4.715,-0.382,-3.1339,-0.0119,0.0188
164.06,39.020,0.1874,-0.0046,-0.0033,-0.0307,-0.0194,-0.0119,0.0188,-3.1341,-4.814,-0.528,0.1875,468.632,41267,0.00237469,0.1874,-0.0046,-4.722,-0.382,-3.1341,-0.0119,0.0188
164.16,39.060,0.1874,-0.0046,-0.0033,-0.0307,-0.0194,-0.0119,0.0188,-3.1342,-4.819,-0.528,0.1875,468.632,41267,0.00237469,0.1874,-0.0046,-4.722,-0.382,-3.1341,-0.0119,0.0188
164.26,39.080,0.1874,-0.0046,-0.0033,-0.0307,-0.0194,-0.0119,0.0188,-3.1343,-4.824,-0.528,0.1875,468.744,41434.7,0.00209788,0.1874,-0.0046,-4.728,-0.382,-3.1342,-0.0119,0.0188
164.36,39.100,0.1874,-0.0046,-0.0030,-0.0307,-0.0194,-0.0119,0.0188,-3.1344,-4.829,-0.528,0.1875,468.854,41602.9,0.00237469,0.1875,-0.0041,-4.734,-0.382,-3.1343,-0.0119,0.0188
164.46,39.140,0.1875,-0.0041,-0.0030,-0.0307,-0.0194,-0.0119,0.0188,-3.1344,-4.833,-0.528,0.1875,468.999,41828,0.00237469,0.1875,-0.0041,-4.741,-0.382,-3.1344,-0.0119,0.0188
164.56,39.160,0.1875,-0.0041,-0.0030,-0.0307,-0.0194,-0.0119,0.0188,-3.1345,-4.838,-0.529,0.1875,468.999,41828,0.00237469,0.1875,-0.0041,-4.741,-0.382,-3.1344,-0.0119,0.0188
164.66,39.180,0.1875,-0.0041,-0.0030,-0.0307,-0.0194,-0.0119,0.0188,-3.1346,-4.842,-0.529,0.1875,469.107,41997.5,0.00209788,0.1875,-0.0041,-4.747,-0.382,-3.1345,-0.0119,0.0188
164.76,39.200,0.1875,-0.0041,-0.0027,-0.0307,-0.0194,-0.0119,0.0188,-3.1346,-4.847,-0.529,0.1875,469.213,42167.5,0.00237469,0.1876,-0.0037,-4.752,-0.382,-3.1346,-0.0119,0.0188
164.86,39.220,0.1876,-0.0037,-0.0027,-0.0307,-0.0194,-0.0119,0.0188,-3.1347,-4.852,-0.529,0.1875,469.352,42395,0.00237469,0.1876,-0.0037,-4.760,-0.382,-3.1347,-0.0119,0.0188
164.96,39.260,0.1876,-0.0037,-0.0027,-0.0307,-0.0194,-0.0119,0.0188,-3.1348,-4.857,-0.529,0.1875,469.456,42566.3,0.00209788,0.1876,-0.0037,-4.766,-0.382,-3.1348,-0.0119,0.0188
165.06,39.280,0.1876,-0.0037,-0.0027,-0.0306,-0.0194,-0.0119,0.0188,-3.1348,-4.862,-0.529,0.1875,469.456,42566.3,0.00209788,0.1876,-0.0037,-4.766,-0.382,-3.1348,-0.0119,0.0188
165.16,39.300,0.1876,-0.0037,-0.0024,-0.0304,-0.0197,-0.0119,0.0188,-3.1349,-4.867,-0.529,0.1876,469.558,42738.1,0.00237469,0.1876,-0.0033,-4.771,-0.382,-3.1348,-0.0119,0.0188
165.26,39.340,0.1876,-0.0033,-0.0024,-0.0304,-0.0197,-0.0119,0.0188,-3.1350,-4.871,-0.529,0.1876,469.693,42968,0.00237469,0.1876,-0.0033,-4.779,-0.382,-3.1349,-0.0119,0.0188
165.36,39.360,0.1876,-0.0033,-0.0024,-0.0304,-0.0197,-0.0119,0.0188,-3.1350,-4.876,-0.529,0.1876,469.793,43141,0.00209788,0.1876,-0.0033,-4.784,-0.382,-3.1350,-0.0119,0.0188
165.46,39.380,0.1876,-0.0033,-0.0024,-0.0304,-0.0197,-0.0119,0.0188,-3.1351,-4.881,-0.529,0.1876,469.793,43141,0.00209788,0.1876,-0.0033,-4.784,-0.382,-3.1350,-0.0119,0.0188
165.56,39.400,0.1876,-0.0033,-0.0021,-0.0304,-0.0197,-0.0119,0.0188,-3.1351,-4.885,-0.529,0.1876,469.892,43314.7,0.00237469,0.1876,-0.0030,-4.790,-0.382,-3.1351,-0.0119,0.0188
165.66,39.440,0.1876,-0.0030,-0.0021,-0.0304,-0.0197,-0.0119,0.0188,-3.1352,-4.890,-0.529,0.1876,470.023,43547,0.00237469,0.1876,-0.0030,-4.798,-0.382,-3.1352,-0.0119,0.0188
165.76,39.460,0.1876,-0.0030,-0.0021,-0.0304,-0.0197,-0.0119,0.0188,-3.1353,-4.895,-0.529,0.1876,470.12,43721.9,0.00209788,0.1876,-0.0030,-4.803,-0.382,-3.1352,-0.0119,0.0188
165.86,39.480,0.1876,-0.0030,-0.0021,-0.0306,-0.0196,-0.0119,0.0188,-3.1353,-4.900,-0.529,0.1876,470.12,43721.9,0.00209788,0.1876,-0.0030,-4.803,-0.382,-3.1352,-0.0119,0.0188
165.96,39.500,0.1876,-0.0030,-0.0019,-0.0309,-0.0196,-0.0119,0.0188,-3.1353,-4.904,-0.529,0.1878,470.216,43897.3,0.00237469,0.1877,-0.0027,-4.809,-0.382,-3.1353,-0.0119,0.0188
166.06,39.540,0.1877,-0.0027,-0.0018,-0.0306,-0.0193,-0.0119,0.0188,-3.1354,-4.909,-0.529,0.1876,470.343,44132.1,0.00237469,0.1877,-0.0027,-4.816,-0.382,-3.1354,-0.0119,0.0188
166.16,39.560,0.1877,-0.0027,-0.0018,-0.0306,-0.0193,-0.0119,0.0188,-3.1354,-4.913,-0.529,0.1876,470.437,44308.8,0.00209788,0.1877,-0.0027,-4.822,-0.382,-3.1354,-0.0119,0.0188
166.26,39.580,0.1877,-0.0027,-0.0018,-0.0306,-0.0193,-0.0119,0.0188,-3.1355,-4.918,-0.529,0.1876,470.437,44308.8,0.00209788,0.1877,-0.0027,-4.822,-0.382,-3.1354,-0.0119,0.0188
166.36,39.600,0.1877,-0.0027,-0.0016,-0.0305,-0.0193,-0.0119,0.0188,-3.1355,-4.923,-0.529,0.1877,470.531,44486,0.00237469,0.1877,-0.0024,-4.828,-0.382,-3.1355,-0.0119,0.0188
166.46,39.640,0.1877,-0.0024,-0.0016,-0.0305,-0.0193,-0.0119,0.0188,-3.1356,-4.928,-0.529,0.1877,470.655,44723.3,0.00237469,0.1877,-0.0024,-4.835,-0.382,-3.1355,-0.0119,0.0188
166.56,39.660,0.1877,-0.0024,-0.0016,-0.0305,-0.0193,-0.0119,0.0188,-3.1356,-4.933,-0.529,0.1877,470.747,44901.8,0.00209788,0.1877,-0.0024,-4.841,-0.382,-3.1356,-0.0119,0.0188
166.66,39.680,0.1877,-0.0024,-0.0016,-0.0305,-0.0193,-0.0119,0.0188,-3.1357,-4.938,-0.529,0.1876,470.747,44901.8,0.00209788,0.1877,-0.0024,-4.841,-0.382,-3.1356,-0.0119,0.0188
166.76,39.720,0.1877,-0.0022,-0.0014,-0.0305,-0.0193,-0.0119,0.0188,-3.1357,-4.943,-0.529,0.1877,470.838,45080.9,0.00237469,0.1877,-0.0022,-4.846,-0.382,-3.1356,-0.0119,0.0188
166.86,39.740,0.1877,-0.0022,-0.0014,-0.0305,-0.0193,-0.0119,0.0188,-3.1357,-4.948,-0.529,0.1877,470.96,45320.6,0.00237469,0.1877,-0.0022,-4.854,-0.383,-3.1357,-0.0119,0.0188
166.96,39.760,0.1877,-0.0022,-0.0014,-0.0305,-0.0193,-0.0119,0.0188,-3.1358,-4.952,-0.529,0.1877,471.05,45501.1,0.00209788,0.1877,-0.0022,-4.859,-0.383,-3.1357,-0.0119,0.0188
167.06,39.780,0.1877,-0.0022,-0.0014,-0.0305,-0.0193,-0.0119,0.0188,-3.1358,-4.957,-0.529,0.1877,471.05,45501.1,0.00209788,0.1877,-0.0022,-4.859,-0.383,-3.1357,-0.0119,0.0188
167.16,39.820,0.1878,-0.0020,-0.0013,-0.0304,-0.0195,-0.0119,0.0188,-3.1358,-4.961,-0.529,0.1877,471.139,45682.1,0.00237469,0.1878,-0.0020,-4.865,-0.383,-3.1358,-0.0119,0.0188
167.26,39.840,0.1878,-0.0020,-0.0013,-0.0304,-0.0195,-0.0119,0.0188,-3.1359,-4.966,-0.529,0.1877,471.258,45924.2,0.00237469,0.1878,-0.0020,-4.873,-0.383,-3.1358,-0.0119,0.0188
167.36,39.860,0.1878,-0.0020,-0.0013,-0.0304,-0.0195,-0.0119,0.0188,-3.1359,-4.970,-0.529,0.1877,471.346,46106.5,0.00209788,0.1878,-0.0020,-4.878,-0.383,-3.1359,-0.0119,0.0188
167.46,39.880,0.1878,-0.0020,-0.0013,-0.0304,-0.0195,-0.0119,0.0188,-3.1359,-4.976,-0.529,0.1877,471.346,46106.5,0.00209788,0.1878,-0.0020,-4.878,-0.383,-3.1359,-0.0119,0.0188
167.56,39.920,0.1878,-0.0018,-0.0012,-0.0304,-0.0195,-0.0119,0.0188,-3.1360,-4.980,-0.529,0.1877,471.434,46289.4,0.00237469,0.1878,-0.0018,-4.884,-0.383,-3.1359,-0.0119,0.0188
167.66,39.940,0.1878,-0.0018,-0.0012,-0.0304,-0.0195,-0.0119,0.0188,-3.1360,-4.985,-0.530,0.1877,471.551,46534.1,0.00237469,0.1878,-0.0018,-4.891,-0.383,-3.1360,-0.0119,0.0188
167.76,39.960,0.1878,-0.0018,-0.0012,-0.0304,-0.0195,-0.0119,0.0188,-3.1360,-4.989,-0.530,0.1877,471.638,46718.3,0.00209788,0.1878,-0.0018,-4.897,-0.383,-3.1360,-0.0119,0.0188
167.86,39.980,0.1878,-0.0018,-0.0012,-0.0304,-0.0195,-0.0119,0.0188,-3.1360,-4.994,-0.530,0.1877,471.724,46903,0.00237469,0.1878,-0.0016,-4.903,-0.383,-3.1360,-0.0119,0.0188
167.96,40.020,0.1878,-0.0016,-0.0011,-0.0304,-0.0195,-0.0119,0.0188,-3.1361,-4.999,-0.530,0.1877,471.724,46903,0.00237469,0.1878,-0.0016,-4.903,-0.383,-3.1360,-0.0119,0.0188
170.50,40.660,0.1879,-0.0009,-0.0007,-0.0304,-0.0194,-0.0119,0.0188,-3.1366,-5.121,-0.530,0.1878,473.561,51180.5,0.00209788,0.1879,-0.0009,-5.028,-0.383,-3.1366,-0.0119,0.0188
170.60,40.700,0.1879,-0.0009,-0.0007,-0.0304,-0.0194,-0.0119,0.0188,-3.1366,-5.126,-0.530,0.1878,473.64,51378.9,0.00237469,0.1879,-0.0008,-5.034,-0.383,-3.1366,-0.0119,0.0188
170.70,40.720,0.1879,-0.0008,-0.0006,-0.0304,-0.0194,-0.0119,0.0188,-3.1366,-5.131,-0.530,0.1878,473.64,51378.9,0.00237469,0.1879,-0.0008,-5.034,-0.383,-3.1366,-0.0119,0.0188
170.80,40.740,0.1879,-0.0008,-0.0006,-0.0304,-0.0194,-0.0119,0.0188,-3.1367,-5.135,-0.530,0.1878,473.745,51644.4,0.00237469,0.1879,-0.0008,-5.042,-0.384,-3.1366,-0.0119,0.0188
170.90,40.760,0.1879,-0.0008,-0.0006,-0.0304,-0.0194,-0.0119,0.0188,-3.1367,-5.140,-0.530,0.1878,473.823,51844.2,0.00209788,0.1879,-0.0008,-5.047,-0.384,-3.1367,-0.0119,0.0188
171.00,40.800,0.1879,-0.0008,-0.0006,-0.0304,-0.0194,-0.0119,0.0188,-3.1367,-5.145,-0.530,0.1878,473.902,52044.6,0.00237469,0.1879,-0.0007,-5.053,-0.384,-3.1367,-0.0119,0.0188
171.10,40.820,0.1879,-0.0007,-0.0005,-0.0304,-0.0194,-0.0119,0.0188,-3.1367,-5.150,-0.530,0.1878,473.902,52044.6,0.00237469,0.1879,-0.0007,-5.053,-0.384,-3.1367,-0.0119,0.0188
171.20,40.840,0.1879,-0.0007,-0.0005,-0.0304,-0.0194,-0.0119,0.0188,-3.1367,-5.155,-0.530,0.1878,474.006,52312.8,0.00237469,0.1879,-0.0007,-5.060,-0.384,-3.1367,-0.0119,0.0188
171.30,40.880,0.1879,-0.0007,-0.0005,-0.0304,-0.0194,-0.0119,0.0188,-3.1367,-5.160,-0.530,0.1878,474.084,52514.7,0.00209788,0.1879,-0.0007,-5.066,-0.384,-3.1367,-0.0119,0.0188
171.40,40.900,0.1879,-0.0007,-0.0005,-0.0304,-0.0194,-0.0119,0.0188,-3.1367,-5.165,-0.530,0.1879,474.162,52717.1,0.00237469,0.1879,-0.0007,-5.072,-0.384,-3.1367,-0.0119,0.0188
171.50,40.920,0.1879,-0.0007,-0.0005,-0.0304,-0.0194,-0.0119,0.0188,-3.1368,-5.170,-0.531,0.1879,474.162,52717.1,0.00237469,0.1879,-0.0007,-5.072,-0.384,-3.1367,-0.0119,0.0188
171.60,40.940,0.1879,-0.0007,-0.0005,-0.0304,-0.0194,-0.0119,0.0188,-3.1368,-5.174,-0.531,0.1879,474.265,52988,0.00237469,0.1879,-0.0007,-5.079,-0.384,-3.1368,-0.0119,0.0188
171.70,40.980,0.1879,-0.0007,-0.0005,-0.0304,-0.0194,-0.0119,0.0188,-3.1368,-5.179,-0.531,0.1879,474.342,53191.9,0.00209788,0.1879,-0.0007,-5.085,-0.384,-3.1368,-0.0119,0.0188
171.80,41.000,0.1879,-0.0007,-0.0005,-0.0304,-0.0194,-0.0119,0.0188,-3.1368,-5.184,-0.531,0.1879,474.42,53396.4,0.00237469,0.1879,-0.0006,-5.090,-0.384,-3.1368,-0.0119,0.0188
171.90,41.020,0.1879,-0.0006,-0.0004,-0.0304,-0.0193,-0.0119,0.0188,-3.1368,-5.189,-0.531,0.1879,474.522,53670,0.00237469,0.1879,-0.0006,-5.098,-0.384,-3.1368,-0.0119,0.0188
172.00,41.040,0.1879,-0.0006,-0.0004,-0.0304,-0.0194,-0.0119,0.0188,-3.1368,-5.194,-0.531,0.1879,474.522,53670,0.00237469,0.1879,-0.0006,-5.098,-0.384,-3.1368,-0.0119,0.0188
172.10,41.080,0.1879,-0.0006,-0.0005,-0.0304,-0.0193,-0.0119,0.0188,-3.1368,-5.198,-0.531,0.1879,474.599,53875.9,0.00209788,0.1879,-0.0006,-5.104,-0.384,-3.1368,-0.0119,0.0188
172.20,41.100,0.1879,-0.0006,-0.0005,-0.0304,-0.0193,-0.0119,0.0188,-3.1368,-5.203,-0.531,0.1879,474.676,54082.5,0.00237469,0.1879,-0.0005,-5.109,-0.384,-3.1368,-0.0119,0.0188
172.30,41.120,0.1879,-0.0005,-0.0004,-0.0304,-0.0193,-0.0119,0.0188,-3.1368,-5.208,-0.531,0.1879,474.778,54358.9,0.00237469,0.1879,-0.0005,-5.117,-0.384,-3.1368,-0.0119,0.0188
172.40,41.160,0.1879,-0.0005,-0.0004,-0.0304,-0.0193,-0.0119,0.0188,-3.1369,-5.213,-0.531,0.1879,474.778,54358.9,0.00237469,0.1879,-0.0005,-5.117,-0.384,-3.1368,-0.0119,0.0188
172.50,41.180,0.1879,-0.0005,-0.0004,-0.0304,-0.0193,-0.0119,0.0188,-3.1369,-5.218,-0.531,0.1879,474.855,54566.9,0.00209788,0.1879,-0.0005,-5.122,-0.384,-3.1369,-0.0119,0.0188
172.60,41.200,0.1879,-0.0005,-0.0004,-0.0304,-0.0193,-0.0119,0.0188,-3.1369,-5.222,-0.531,0.1879,474.931,54775.5,0.00237469,0.1879,-0.0005,-5.128,-0.384,-3.1369,-0.0119,0.0188
172.70,41.220,0.1879,-0.0005,-0.0004,-0.0304,-0.0193,-0.0119,0.0188,-3.1369,-5.227,-0.531,0.1879,475.033,55054.6,0.00237469,0.1879,-0.0005,-5.136,-0.384,-3.1369,-0.0119,0.0188
172.80,41.260,0.1879,-0.0005,-0.0004,-0.0304,-0.0193,-0.0119,0.0188,-3.1369,-5.232,-0.531,0.1879,475.033,55054.6,0.00237469,0.1879,-0.0005,-5.136,-0.384,-3.1369,-0.0119,0.0188
172.90,41.280,0.1879,-0.0005,-0.0004,-0.0304,-0.0193,-0.0119,0.0188,-3.1369,-5.237,-0.531,0.1879,475.109,55264.7,0.00209788,0.1879,-0.0005,-5.141,-0.384,-3.1369,-0.0119,0.0188
173.00,41.300,0.1879,-0.0005,-0.0003,-0.0304,-0.0194,-0.0119,0.0188,-3.1369,-5.242,-0.531,0.1879,475.185,55475.4,0.00237469,0.1880,-0.0004,-5.147,-0.384,-3.1369,-0.0119,0.0188
173.10,41.340,0.1880,-0.0004,-0.0003,-0.0304,-0.0194,-0.0119,0.0188,-3.1369,-5.248,-0.531,0.1879,475.286,55757.3,0.00237469,0.1880,-0.0004,-5.154,-0.384,-3.1369,-0.0119,0.0188
173.20,41.360,0.1880,-0.0004,-0.0003,-0.0304,-0.0194,-0.0119,0.0188,-3.1369,-5.252,-0.531,0.1879,475.361,55969.5,0.00209788,0.1880,-0.0004,-5.160,-0.384,-3.1369,-0.0119,0.0188
173.30,41.380,0.1880,-0.0004,-0.0003,-0.0304,-0.0194,-0.0119,0.0188,-3.1369,-5.257,-0.531,0.1879,475.361,55969.5,0.00209788,0.1880,-0.0004,-5.160,-0.384,-3.1369,-0.0119,0.0188
173.40,41.420,0.1880,-0.0004,-0.0003,-0.0304,-0.0194,-0.0119,0.0188,-3.1369,-5.261,-0.531,0.1879,475.437,56182.3,0.00237469,0.1880,-0.0004,-5.166,-0.384,-3.1369,-0.0119,0.0188
173.50,41.440,0.1880,-0.0004,-0.0003,-0.0304,-0.0194,-0.0119,0.0188,-3.1370,-5.266,-0.531,0.1879,475.538,56467.1,0.00237469,0.1880,-0.0004,-5.173,-0.384,-3.1370,-0.0119,0.0188
173.60,41.460,0.1880,-0.0004,-0.0003,-0.0304,-0.0194,-0.0119,0.0188,-3.1370,-5.271,-0.531,0.1879,475.613,56681.4,0.00209788,0.1880,-0.0004,-5.179,-0.384,-3.1370,-0.0119,0.0188
173.70,41.480,0.1880,-0.0004,-0.0003,-0.0304,-0.0194,-0.0119,0.0188,-3.1370,-5.275,-0.531,0.1879,475.613,56681.4,0.00209788,0.1880,-0.0004,-5.179,-0.384,-3.1370,-0.0119,0.0188
173.80,41.520,0.1880,-0.0003,-0.0003,-0.0304,-0.0193,-0.0119,0.0188,-3.1370,-5.280,-0.531,0.1879,475.689,56896.3,0.00237469,0.1880,-0.0003,-5.184,-0.384,-3.1370,-0.0119,0.0188
173.90,41.540,0.1880,-0.0003,-0.0003,-0.0304,-0.0193,-0.0119,0.0188,-3.1370,-5.285,-0.531,0.1879,475.789,57183.9,0.00237469,0.1880,-0.0003,-5.192,-0.384,-3.1370,-0.0119,0.0188
174.00,41.560,0.1880,-0.0003,-0.0003,-0.0304,-0.0193,-0.0119,0.0188,-3.1370,-5.290,-0.531,0.1879,475.864,57400.3,0.00209788,0.1880,-0.0003,-5.198,-0.384,-3.1370,-0.0119,0.0188
174.10,41.580,0.1880,-0.0003,-0.0003,-0.0304,-0.0193,-0.0119,0.0188,-3.1370,-5.295,-0.531,0.1879,475.94,57617.3,0.00237469,0.1880,-0.0003,-5.203,-0.384,-3.1370,-0.0119,0.0188
174.20,41.620,0.1880,-0.0003,-0.0002,-0.0304,-0.0193,-0.0119,0.0188,-3.1370,-5.300,-0.531,0.1879,475.94,57617.3,0.00237469,0.1880,-0.0003,-5.203,-0.384,-3.1370,-0.0119,0.0188
174.30,41.640,0.1880,-0.0003,-0.0002,-0.0304,-0.0193,-0.0119,0.0188,-3.1370,-5.305,-0.531,0.1879,476.04,57907.7,0.00237469,0.1880,-0.0003,-5.211,-0.384,-3.1370,-0.0119,0.0188
174.40,41.660,0.1880,-0.0003,-0.0002,-0.0304,-0.0193,-0.0119,0.0188,-3.1370,-5.310,-0.531,0.1879,476.115,58126.3,0.00209788,0.1880,-0.0003,-5.216,-0.384,-3.1370,-0.0119,0.0188
174.50,41.700,0.1880,-0.0003,-0.0002,-0.0304,-0.0193,-0.0119,0.0188,-3.1370,-5.314,-0.531,0.1879,476.19,58345.5,0.00237469,0.1880,-0.0003,-5.222,-0.384,-3.1370,-0.0119,0.0188
174.60,41.720,0.1880,-0.0003,-0.0002,-0.0304,-0.0193,-0.0119,0.0188,-3.1370,-5.319,-0.531,0.1879,476.19,58345.5,0.00237469,0.1880,-0.0003,-5.222,-0.384,-3.1370,-0.0119,0.0188
174.70,41.740,0.1880,-0.0003,-0.0002,-0.0304,-0.0193,-0.0119,0.0188,-3.1370,-5.324,-0.531,0.1879,476.29,58638.8,0.00237469,0.1880,-0.0003,-5.230,-0.384,-3.1370,-0.0119,0.0188
174.80,41.760,0.1880,-0.0003,-0.0002,-0.0304,-0.0193,-0.0119,0.0188,-3.1370,-5.329,-0.531,0.1879,476.365,58859.5,0.00209788,0.1880,-0.0003,-5.235,-0.384,-3.1370,-0.0119,0.0188
174.90,41.800,0.1880,-0.0003,-0.0002,-0.0304,-0.0193,-0.0119,0.0188,-3.1370,-5.333,-0.531,0.1879,476.44,59080.9,0.00237469,0.1880,-0.0002,-5.241,-0.384,-3.1370,-0.0119,0.0188
175.00,41.820,0.1880,-0.0002,-0.0002,-0.0304,-0.0193,-0.0119,0.0188,-3.1370,-5.338,-0.531,0.1879,476.44,59080.9,0.00237469,0.1880,-0.0002,-5.241,-0.384,-3.1370,-0.0119,0.0188
175.10,41.840,0.1880,-0.0002,-0.0002,-0.0304,-0.0193,-0.0119,0.0188,-3.1371,-5.343,-0.531,0.1879,476.54,59377.1,0.00237469,0.1880,-0.0002,-5.248,-0.384,-3.1370,-0.0119,0.0188
175.20,41.880,0.1880,-0.0002,-0.0002,-0.0304,-0.0193,-0.0119,0.0188,-3.1371,-5.348,-0.531,0.1879,476.615,59600,0.00209788,0.1880,-0.0002,-5.254,-0.385,-3.1371,-0.0119,0.0188
175.30,41.900,0.1880,-0.0002,-0.0002,-0.0304,-0.0193,-0.0119,0.0188,-3.1371,-5.353,-0.531,0.1879,476.69,59823.5,0.00237469,0.1880,-0.0002,-5.260,-0.385,-3.1371,-0.0119,0.0188
175.40,41.920,0.1880,-0.0002,-0.0001,-0.0304,-0.0193,-0.0119,0.0188,-3.1371,-5.358,-0.531,0.1879,476.79,60122.6,0.00237469,0.1880,-0.0002,-5.267,-0.385,-3.1371,-0.0119,0.0188
175.50,41.960,0.1880,-0.0002,-0.0001,-0.0304,-0.0193,-0.0119,0.0188,-3.1371,-5.363,-0.531,0.1879,476.79,60122.6,0.00237469,0.1880,-0.0002,-5.267,-0.385,-3.1371,-0.0119,0.0188
175.60,41.980,0.1880,-0.0002,-0.0001,-0.0304,-0.0193,-0.0119,0.0188,-3.1371,-5.368,-0.531,0.1879,476.864,60347.7,0.00209788,0.1880,-0.0002,-5.273,-0.385,-3.1371,-0.0119,0.0188
175.70,42.000,0.1880,-0.0002,-0.0001,-0.0304,-0.0193,-0.0119,0.0188,-3.1371,-5.372,-0.531,0.1879,476.939,60573.4,0.00237469,0.1880,-0.0002,-5.278,-0.385,-3.1371,-0.0119,0.0188
175.80,42.020,0.1880,-0.0002,-0.0001,-0.0304,-0.0193,-0.0119,0.0188,-3.1371,-5.377,-0.531,0.1879,477.039,60875.5,0.00237469,0.1880,-0.0002,-5.286,-0.385,-3.1371,-0.0119,0.0188
175.90,42.060,0.1880,-0.0002,-0.0001,-0.0304,-0.0193,-0.0119,0.0188,-3.1371,-5.382,-0.532,0.1879,477.039,60875.5,0.00237469,0.1880,-0.0002,-5.286,-0.385,-3.1371,-0.0119,0.0188
176.00,42.080,0.1880,-0.0002,-0.0001,-0.0304,-0.0193,-0.0119,0.0188,-3.1371,-5.387,-0.532,0.1879,477.114,61102.8,0.00209788,0.1880,-0.0002,-5.292,-0.385,-3.1371,-0.0119,0.0188
176.10,42.100,0.1880,-0.0002,-0.0001,-0.0304,-0.0193,-0.0119,0.0188,-3.1371,-5.391,-0.532,0.1879,477.189,61330.7,0.00237469,0.1880,-0.0002,-5.297,-0.385,-3.1371,-0.0119,0.0188
176.20,42.120,0.1880,-0.0002,-0.0001,-0.0304,-0.0193,-0.0119,0.0188,-3.1371,-5.396,-0.532,0.1879,477.289,61635.7,0.00237469,0.1880,-0.0002,-5.305,-0.385,-3.1371,-0.0119,0.0188
176.30,42.160,0.1880,-0.0002,-0.0001,-0.0304,-0.0193,-0.0119,0.0188,-3.1371,-5.401,-0.532,0.1879,477.289,61635.7,0.00237469,0.1880,-0.0002,-5.305,-0.385,-3.1371,-0.0119,0.0188
176.40,42.180,0.1880,-0.0002,-0.0001,-0.0304,-0.0193,-0.0119,0.0188,-3.1371,-5.406,-0.532,0.1879,477.363,61865.2,0.00209788,0.1880,-0.0002,-5.310,-0.385,-3.1371,-0.0119,0.0188
176.50,42.200,0.1880,-0.0002,-0.0001,-0.0304,-0.0193,-0.0119,0.0188,-3.1371,-5.411,-0.532,0.1879,477.438,62095.4,0.00237469,0.1880,-0.0001,-5.316,-0.385,-3.1371,-0.0119,0.0188
176.60,42.240,0.1880,-0.0001,-0.0001,-0.0304,-0.0193,-0.0119,0.0188,-3.1371,-5.416,-0.532,0.1879,477.538,62403.4,0.00237469,0.1880,-0.0001,-5.324,-0.385,-3.1371,-0.0119,0.0188
176.70,42.260,0.1880,-0.0001,-0.0001,-0.0304,-0.0193,-0.0119,0.0188,-3.1371,-5.421,-0.532,0.1879,477.613,62635.1,0.00209788,0.1880,-0.0001,-5.329,-0.385,-3.1371,-0.0119,0.0188
176.80,42.280,0.1880,-0.0001,-0.0001,-0.0304,-0.0193,-0.0119,0.0188,-3.1371,-5.425,-0.532,0.1879,477.613,62635.1,0.00209788,0.1880,-0.0001,-5.329,-0.385,-3.1371,-0.0119,0.0188
176.90,42.300,0.1880,-0.0001,-0.0001,-0.0304,-0.0193,-0.0119,0.0188,-3.1371,-5.430,-0.532,0.1880,477.688,62867.5,0.00237469,0.1880,-0.0001,-5.335,-0.385,-3.1371,-0.0119,0.0188
177.00,42.340,0.1880,-0.0001,-0.0001,-0.0304,-0.0193,-0.0119,0.0188,-3.1371,-5.434,-0.532,0.1880,477.788,63178.5,0.00237469,0.1880,-0.0001,-5.342,-0.385,-3.1371,-0.0119,0.0188
177.10,42.360,0.1880,-0.0001,-0.0001,-0.0304,-0.0193,-0.0119,0.0188,-3.1371,-5.439,-0.532,0.1880,477.863,63412.5,0.00209788,0.1880,-0.0001,-5.348,-0.385,-3.1371,-0.0119,0.0188
177.20,42.380,0.1880,-0.0001,-0.0001,-0.0304,-0.0193,-0.0119,0.0188,-3.1371,-5.444,-0.532,0.1880,477.863,63412.5,0.00209788,0.1880,-0.0001,-5.348,-0.385,-3.1371,-0.0119,0.0188
177.30,42.400,0.1880,-0.0001,-0.0001,-0.0304,-0.0193,-0.0119,0.0188,-3.1371,-5.449,-0.532,0.1880,477.938,63647.2,0.00237469,0.1880,-0.0001,-5.354,-0.385,-3.1371,-0.0119,0.0188
177.40,42.440,0.1880,-0.0001,-0.0001,-0.0304,-0.0193,-0.0119,0.0188,-3.1371,-5.453,-0.532,0.1880,478.038,63961.2,0.00237469,0.1880,-0.0001,-5.361,-0.385,-3.1371,-0.0119,0.0188
177.50,42.460,0.1880,-0.0001,-0.0001,-0.0304,-0.0193,-0.0119,0.0188,-3.1371,-5.458,-0.532,0.1880,478.113,64197.5,0.00209788,0.1880,-0.0001,-5.367,-0.385,-3.1371,-0.0119,0.0188
177.60,42.480,0.1880,-0.0001,-0.0001,-0.0304,-0.0193,-0.0119,0.0188,-3.1371,-5.463,-0.532,0.1880,478.113,64197.5,0.00209788,0.1880,-0.0001,-5.367,-0.385,-3.1371,-0.0119,0.0188
177.70,42.500,0.1880,-0.0001,-0.0001,-0.0304,-0.0193,-0.0119,0.0188,-3.1371,-5.468,-0.532,0.1880,478.188,64434.4,0.00237469,0.1880,-0.0001,-5.372,-0.385,-3.1371,-0.0119,0.0188
177.80,42.540,0.1880,-0.0001,-0.0001,-0.0304,-0.0193,-0.0119,0.0188,-3.1371,-5.473,-0.532,0.1880,478.288,64751.4,0.00237469,0.1880,-0.0001,-5.380,-0.385,-3.1371,-0.0119,0.0188
177.90,42.560,0.1880,-0.0001,-0.0001,-0.0304,-0.0193,-0.0119,0.0188,-3.1371,-5.478,-0.532,0.1880,478.364,64990,0.00209788,0.1880,-0.0001,-5.386,-0.385,-3.1371,-0.0119,0.0188
178.00,42.580,0.1880,-0.0001,-0.0001,-0.0304,-0.0193,-0.0119,0.0188,-3.1371,-5.483,-0.532,0.1880,478.364,64990,0.00209788,0.1880,-0.0001,-5.386,-0.385,-3.1371,-0.0119,0.0188
178.10,42.620,0.1880,-0.0001,-0.0001,-0.0304,-0.0193,-0.0119,0.0188,-3.1371,-5.487,-0.532,0.1880,478.439,65229.3,0.00237469,0.1880,-0.0001,-5.391,-0.385,-3.1371,-0.0119,0.0188
178.20,42.640,0.1880,-0.0001,-0.0001,-0.0304,-0.0193,-0.0119,0.0188,-3.1371,-5.491,-0.532,0.1880,478.539,65549.3,0.00237469,0.1880,-0.0001,-5.399,-0.385,-3.1371,-0.0119,0.0188
178.30,42.660,0.1880,-0.0001,-0.0001,-0.0304,-0.0193,-0.0119,0.0188,-3.1371,-5.496,-0.532,0.1880,478.614,65790.2,0.00209788,0.1880,-0.0001,-5.404,-0.385,-3.1371,-0.0119,0.0188
178.40,42.680,0.1880,-0.0001,-0.0001,-0.0304,-0.0193,-0.0119,0.0188,-3.1371,-5.501,-0.532,0.1880,478.614,65790.2,0.00209788,0.1880,-0.0001,-5.404,-0.385,-3.1371,-0.0119,0.0188
178.50,42.700,0.1880,-0.0001,-0.0001,-0.0304,-0.0193,-0.0119,0.0188,-3.1371,-5.505,-0.532,0.1880,478.69,66031.8,0.00237469,0.1880,-0.0001,-5.410,-0.385,-3.1371,-0.0119,0.0188
178.60,42.740,0.1880,-0.0001,-0.0001,-0.0304,-0.0193,-0.0119,0.0188,-3.1371,-5.510,-0.532,0.1880,478.79,66354.9,0.00237469,0.1880,-0.0001,-5.418,-0.385,-3.1371,-0.0119,0.0188
178.70,42.760,0.1880,-0.0001,-0.0001,-0.0304,-0.0193,-0.0119,0.0188,-3.1371,-5.515,-0.532,0.1880,478.866,66598.1,0.00209788,0.1880,-0.0001,-5.423,-0.385,-3.1371,-0.0119,0.0188
178.80,42.780,0.1880,-0.0001,-0.0001,-0.0304,-0.0193,-0.0119,0.0188,-3.1371,-5.520,-0.532,0.1880,478.866,66598.1,0.00209788,0.1880,-0.0001,-5.423,-0.385,-3.1371,-0.0119,0.0188
178.90,42.820,0.1880,-0.0001,-0.0001,-0.0304,-0.0193,-0.0119,0.0188,-3.1371,-5.524,-0.532,0.1880,478.941,66842,0.00237469,0.1880,-0.0001,-5.429,-0.385,-3.1371,-0.0119,0.0188
179.00,42.840,0.1880,-0.0001,-0.0001,-0.0304,-0.0193,-0.0119,0.0188,-3.1371,-5.529,-0.532,0.1880,479.042,67168.3,0.00237469,0.1880,-0.0001,-5.436,-0.385,-3.1371,-0.0119,0.0188
179.10,42.860,0.1880,-0.0001,-0.0001,-0.0304,-0.0193,-0.0119,0.0188,-3.1372,-5.533,-0.532,0.1880,479.117,67413.8,0.00209788,0.1880,-0.0001,-5.442,-0.385,-3.1372,-0.0119,0.0188
179.20,42.880,0.1880,-0.0001,-0.0001,-0.0304,-0.0193,-0.0119,0.0188,-3.1372,-5.538,-0.532,0.1880,479.117,67413.8,0.00209788,0.1880,-0.0001,-5.442,-0.385,-3.1372,-0.0119,0.0188
179.30,42.900,0.1880,-0.0001,-0.0000,-0.0304,-0.0193,-0.0119,0.0188,-3.1372,-5.543,-0.532,0.1880,479.193,67660,0.00237469,0.1880,-0.0001,-5.448,-0.385,-3.1372,-0.0119,0.0188
179.40,42.940,0.1880,-0.0001,-0.0000,-0.0304,-0.0193,-0.0119,0.0188,-3.1372,-5.547,-0.532,0.1880,479.294,67989.4,0.00237469,0.1880,-0.0001,-5.455,-0.385,-3.1372,-0.0119,0.0188
179.50,42.960,0.1880,-0.0001,-0.0000,-0.0304,-0.0193,-0.0119,0.0188,-3.1372,-5.552,-0.532,0.1880,479.37,68237.3,0.00209788,0.1880,-0.0001,-5.461,-0.385,-3.1372,-0.0119,0.0188
179.60,42.980,0.1880,-0.0001,-0.0000,-0.0304,-0.0193,-0.0119,0.0188,-3.1372,-5.557,-0.532,0.1880,479.37,68237.3,0.00209788,0.1880,-0.0001,-5.461,-0.385,-3.1372,-0.0119,0.0188
179.70,43.000,0.1880,-0.0001,-0.0000,-0.0304,-0.0193,-0.0119,0.0188,-3.1372,-5.562,-0.532,0.1880,479.445,68485.9,0.00237469,0.1880,-0.0001,-5.466,-0.385,-3.1372,-0.0119,0.0188
179.80,43.040,0.1880,-0.0001,-0.0000,-0.0304,-0.0193,-0.0119,0.0188,-3.1372,-5.566,-0.532,0.1880,479.546,68818.4,0.00237469,0.1880,-0.0001,-5.474,-0.386,-3.1372,-0.0119,0.0188
179.90,43.060,0.1880,-0.0001,-0.0000,-0.0304,-0.0193,-0.0119,0.0188,-3.1372,-5.571,-0.532,0.1880,479.622,69068.7,0.00209788,0.1880,-0.0001,-5.480,-0.386,-3.1372,-0.0119,0.0188
180.00,43.080,0.1880,-0.0001,-0.0000,-0.0304,-0.0193,-0.0119,0.0188,-3.1372,-5.576,-0.532,0.1880,479.622,69068.7,0.00209788,0.1880,-0.0001,-5.480,-0.386,-3.1372,-0.0119,0.0188
180.10,43.100,0.1880,-0.0001,-0.0018,-0.0304,-0.0196,-0.0119,0.0188,-3.1372,-5.580,-0.532,0.1896,479.698,69319.6,0.00237469,0.1897,-0.0027,-5.485,-0.386,-3.1372,-0.0119,0.0188
180.20,43.140,0.1897,-0.0027,-0.0018,-0.0304,-0.0196,-0.0119,0.0188,-3.1372,-5.585,-0.532,0.1896,479.799,69655.4,0.00237469,0.1897,-0.0027,-5.493,-0.386,-3.1372,-0.0119,0.0188
180.30,43.160,0.1897,-0.0027,-0.0018,-0.0304,-0.0196,-0.0119,0.0188,-3.1373,-5.590,-0.532,0.1896,479.874,69908,0.00209788,0.1897,-0.0027,-5.498,-0.386,-3.1373,-0.0119,0.0188
180.40,43.180,0.1897,-0.0027,-0.0018,-0.0304,-0.0196,-0.0119,0.0188,-3.1373,-5.595,-0.532,0.1896,479.874,69908,0.00209788,0.1897,-0.0027,-5.498,-0.386,-3.1373,-0.0119,0.0188
180.50,43.200,0.1897,-0.0027,-0.0017,-0.0304,-0.0196,-0.0119,0.0188,-3.1374,-5.599,-0.532,0.1896,479.948,70161.3,0.00237469,0.1897,-0.0026,-5.504,-0.386,-3.1373,-0.0119,0.0188
180.60,43.240,0.1897,-0.0026,-0.0017,-0.0304,-0.0196,-0.0119,0.0188,-3.1374,-5.604,-0.533,0.1896,480.046,70500.3,0.00237469,0.1897,-0.0026,-5.512,-0.386,-3.1374,-0.0119,0.0188
180.70,43.260,0.1897,-0.0026,-0.0017,-0.0304,-0.0196,-0.0119,0.0187,-3.1375,-5.609,-0.533,0.1896,480.118,70755.3,0.00209788,0.1897,-0.0026,-5.517,-0.386,-3.1374,-0.0119,0.0187
180.80,43.280,0.1897,-0.0026,-0.0017,-0.0304,-0.0196,-0.0119,0.0187,-3.1375,-5.614,-0.533,0.1896,480.118,70755.3,0.00209788,0.1897,-0.0026,-5.517,-0.386,-3.1374,-0.0119,0.0187
180.90,43.300,0.1897,-0.0026,-0.0015,-0.0304,-0.0196,-0.0119,0.0187,-3.1375,-5.618,-0.533,0.1896,480.189,71011.1,0.00237469,0.1897,-0.0023,-5.523,-0.386,-3.1375,-0.0119,0.0187
181.00,43.340,0.1897,-0.0023,-0.0015,-0.0304,-0.0196,-0.0119,0.0187,-3.1376,-5.623,-0.533,0.1896,480.283,71353.2,0.00237469,0.1897,-0.0023,-5.531,-0.386,-3.1376,-0.0119,0.0187
181.10,43.360,0.1897,-0.0023,-0.0015,-0.0304,-0.0196,-0.0119,0.0187,-3.1376,-5.628,-0.533,0.1896,480.352,71610.7,0.00209788,0.1897,-0.0023,-5.536,-0.386,-3.1376,-0.0119,0.0187
181.20,43.380,0.1897,-0.0023,-0.0015,-0.0304,-0.0196,-0.0119,0.0187,-3.1377,-5.633,-0.533,0.1896,480.352,71610.7,0.00209788,0.1897,-0.0023,-5.536,-0.386,-3.1376,-0.0119,0.0187
181.30,43.400,0.1897,-0.0023,-0.0014,-0.0304,-0.0196,-0.0119,0.0187,-3.1377,-5.637,-0.533,0.1897,480.421,71868.8,0.00237469,0.1897,-0.0021,-5.542,-0.386,-3.1376,-0.0119,0.0187
181.40,43.440,0.1897,-0.0021,-0.0014,-0.0304,-0.0196,-0.0119,0.0187,-3.1377,-5.642,-0.533,0.1897,480.512,72214.2,0.00237469,0.1897,-0.0021,-5.550,-0.386,-3.1377,-0.0119,0.0187
181.50,43.460,0.1897,-0.0021,-0.0014,-0.0307,-0.0195,-0.0119,0.0187,-3.1378,-5.647,-0.533,0.1897,480.579,72474.1,0.00209788,0.1897,-0.0021,-5.555,-0.386,-3.1377,-0.0119,0.0187
181.60,43.480,0.1897,-0.0021,-0.0015,-0.0305,-0.0194,-0.0119,0.0187,-3.1378,-5.652,-0.533,0.1896,480.579,72474.1,0.00209788,0.1897,-0.0021,-5.555,-0.386,-3.1377,-0.0119,0.0187
181.70,43.500,0.1897,-0.0021,-0.0014,-0.0304,-0.0196,-0.0119,0.0187,-3.1378,-5.657,-0.533,0.1896,480.646,72734.7,0.00237469,0.1898,-0.0019,-5.561,-0.386,-3.1378,-0.0119,0.0187
181.80,43.540,0.1898,-0.0019,-0.0014,-0.0304,-0.0196,-0.0119,0.0187,-3.1379,-5.661,-0.533,0.1896,480.733,73083.4,0.00237469,0.1898,-0.0019,-5.569,-0.386,-3.1379,-0.0119,0.0187
181.90,43.560,0.1898,-0.0019,-0.0014,-0.0304,-0.0196,-0.0119,0.0187,-3.1379,-5.665,-0.533,0.1896,480.798,73345.7,0.00209788,0.1898,-0.0019,-5.574,-0.386,-3.1379,-0.0119,0.0187
182.00,43.580,0.1898,-0.0019,-0.0014,-0.0304,-0.0196,-0.0119,0.0187,-3.1379,-5.670,-0.533,0.1896,480.798,73345.7,0.00209788,0.1898,-0.0019,-5.574,-0.386,-3.1379,-0.0119,0.0187
182.10,43.600,0.1898,-0.0019,-0.0012,-0.0304,-0.0196,-0.0119,0.0187,-3.1380,-5.675,-0.533,0.1897,480.863,73608.8,0.00237469,0.1898,-0.0017,-5.580,-0.386,-3.1379,-0.0119,0.0187
182.20,43.640,0.1898,-0.0017,-0.0012,-0.0304,-0.0196,-0.0119,0.0187,-3.1380,-5.680,-0.533,0.1897,480.947,73960.7,0.00237469,0.1898,-0.0017,-5.588,-0.386,-3.1380,-0.0119,0.0187
182.30,43.660,0.1898,-0.0017,-0.0012,-0.0304,-0.0196,-0.0119,0.0187,-3.1380,-5.685,-0.533,0.1897,481.01,74225.5,0.00209788,0.1898,-0.0017,-5.593,-0.386,-3.1380,-0.0119,0.0187
182.40,43.680,0.1898,-0.0017,-0.0012,-0.0304,-0.0196,-0.0119,0.0187,-3.1381,-5.690,-0.533,0.1897,481.01,74225.5,0.00209788,0.1898,-0.0017,-5.593,-0.386,-3.1380,-0.0119,0.0187
182.50,43.720,0.1898,-0.0015,-0.0011,-0.0304,-0.0195,-0.0119,0.0187,-3.1381,-5.695,-0.533,0.1897,481.073,74491.1,0.00237469,0.1898,-0.0015,-5.599,-0.386,-3.1381,-0.0119,0.0187
182.60,43.740,0.1898,-0.0015,-0.0011,-0.0304,-0.0195,-0.0119,0.0187,-3.1381,-5.700,-0.533,0.1897,481.155,74846.3,0.00237469,0.1898,-0.0015,-5.607,-0.386,-3.1381,-0.0119,0.0187
182.70,43.760,0.1898,-0.0015,-0.0011,-0.0304,-0.0195,-0.0119,0.0187,-3.1382,-5.705,-0.533,0.1897,481.216,75113.6,0.00209788,0.1898,-0.0015,-5.612,-0.386,-3.1381,-0.0119,0.0187
182.80,43.780,0.1898,-0.0015,-0.0011,-0.0304,-0.0195,-0.0119,0.0187,-3.1382,-5.709,-0.533,0.1897,481.216,75113.6,0.00209788,0.1898,-0.0015,-5.612,-0.386,-3.1381,-0.0119,0.0187
182.90,43.820,0.1898,-0.0014,-0.0010,-0.0304,-0.0195,-0.0119,0.0187,-3.1382,-5.714,-0.533,0.1897,481.277,75381.7,0.00237469,0.1898,-0.0014,-5.618,-0.386,-3.1382,-0.0119,0.0187
183.00,43.840,0.1898,-0.0014,-0.0010,-0.0304,-0.0195,-0.0119,0.0187,-3.1382,-5.719,-0.533,0.1897,481.356,75740.2,0.00237469,0.1898,-0.0014,-5.626,-0.386,-3.1382,-0.0119,0.0187
183.10,43.860,0.1898,-0.0014,-0.0010,-0.0304,-0.0195,-0.0119,0.0187,-3.1383,-5.724,-0.533,0.1897,481.416,76010,0.00209788,0.1898,-0.0014,-5.631,-0.386,-3.1382,-0.0119,0.0187
183.20,43.880,0.1898,-0.0014,-0.0010,-0.0304,-0.0195,-0.0119,0.0187,-3.1383,-5.728,-0.533,0.1897,481.416,76010,0.00209788,0.1898,-0.0014,-5.631,-0.386,-3.1382,-0.0119,0.0187
183.30,43.920,0.1898,-0.0012,-0.0009,-0.0304,-0.0195,-0.0119,0.0187,-3.1383,-5.733,-0.533,0.1898,481.475,76280.6,0.00237469,0.1898,-0.0012,-5.637,-0.386,-3.1383,-0.0119,0.0187
183.40,43.940,0.1898,-0.0012,-0.0009,-0.0304,-0.0195,-0.0119,0.0187,-3.1383,-5.738,-0.533,0.1898,481.553,76642.5,0.00237469,0.1898,-0.0012,-5.645,-0.386,-3.1383,-0.0119,0.0187
183.50,43.960,0.1898,-0.0012,-0.0009,-0.0304,-0.0195,-0.0119,0.0187,-3.1383,-5.743,-0.533,0.1898,481.61,76914.8,0.00209788,0.1898,-0.0012,-5.650,-0.386,-3.1383,-0.0119,0.0187
183.60,44.000,0.1898,-0.0012,-0.0009,-0.0303,-0.0195,-0.0119,0.0187,-3.1384,-5.748,-0.533,0.1898,481.668,77187.9,0.00237469,0.1899,-0.0011,-5.656,-0.386,-3.1384,-0.0119,0.0187
183.70,44.020,0.1899,-0.0011,-0.0008,-0.0303,-0.0195,-0.0119,0.0187,-3.1384,-5.753,-0.533,0.1898,481.668,77187.9,0.00237469,0.1899,-0.0011,-5.656,-0.386,-3.1384,-0.0119,0.0187
183.80,44.040,0.1899,-0.0011,-0.0008,-0.0303,-0.0195,-0.0119,0.0187,-3.1384,-5.757,-0.533,0.1898,481.744,77553.2,0.00237469,0.1899,-0.0011,-5.664,-0.386,-3.1384,-0.0119,0.0187
183.90,44.060,0.1899,-0.0011,-0.0006,-0.0461,-0.1016,-0.0119,0.0187,-3.1384,-5.762,-0.533,0.1898,481.801,77828.1,0.00209788,0.1899,-0.0011,-5.669,-0.386,-3.1384,-0.0119,0.0187
184.00,44.100,0.1899,-0.0011,-0.0009,-0.0304,-0.0194,-0.0119,0.0187,-3.1385,-5.767,-0.533,0.1898,481.857,78103.7,0.00237469,0.1899,-0.0010,-5.675,-0.386,-3.1384,-0.0119,0.0187
184.10,44.120,0.1899,-0.0010,-0.0008,-0.0304,-0.0194,-0.0119,0.0187,-3.1385,-5.772,-0.533,0.1898,481.857,78103.7,0.00237469,0.1899,-0.0010,-5.675,-0.386,-3.1384,-0.0119,0.0187
184.20,44.140,0.1899,-0.0010,-0.0008,-0.0304,-0.0194,-0.0119,0.0187,-3.1385,-5.777,-0.533,0.1898,481.931,78472.4,0.00237469,0.1899,-0.0010,-5.683,-0.386,-3.1385,-0.0119,0.0187
184.30,44.160,0.1899,-0.0010,-0.0008,-0.0304,-0.0194,-0.0119,0.0187,-3.1385,-5.782,-0.533,0.1898,481.987,78749.9,0.00209788,0.1899,-0.0010,-5.688,-0.386,-3.1385,-0.0119,0.0187
184.40,44.180,0.1899,-0.0010,-0.0008,-0.0304,-0.0194,-0.0119,0.0187,-3.1385,-5.786,-0.533,0.1898,482.041,79028.1,0.00237469,0.1899,-0.0009,-5.694,-0.386,-3.1385,-0.0119,0.0187
184.50,44.220,0.1899,-0.0009,-0.0007,-0.0304,-0.0194,-0.0119,0.0187,-3.1385,-5.790,-0.533,0.1898,482.041,79028.1,0.00237469,0.1899,-0.0009,-5.694,-0.386,-3.1385,-0.0119,0.0187
184.60,44.240,0.1899,-0.0009,0.0217,-0.0753,0.0159,-0.0095,0.0172,-3.1381,-5.795,-0.533,0.1749,482.114,79400.2,0.00237469,0.1899,-0.0009,-5.702,-0.386,-3.1384,-0.0104,0.0178
184.70,44.260,0.1899,-0.0009,0.0040,-0.3039,-0.3391,-0.0091,0.0128,-3.1378,-5.799,-0.533,0.1676,482.173,79680.2,0.00209788,0.1899,-0.0009,-5.707,-0.386,-3.1380,-0.0092,0.0137
184.80,44.300,0.1899,-0.0009,0.0074,0.2855,0.4700,-0.0093,0.0061,-3.1377,-5.803,-0.533,0.1693,482.239,79960.9,0.00237469,0.1898,-0.0017,-5.713,-0.386,-3.1378,-0.0093,0.0061
184.90,44.320,0.1898,-0.0017,0.0049,0.0403,0.1096,-0.0106,-0.0008,-3.1375,-5.808,-0.533,0.1707,482.239,79960.9,0.00237469,0.1898,-0.0017,-5.713,-0.386,-3.1378,-0.0103,0.0006
185.00,44.340,0.1898,-0.0017,-0.0019,0.6519,-0.0194,-0.0119,-0.0078,-3.1373,-5.812,-0.533,0.1782,482.333,80336.5,0.00237469,0.1898,-0.0017,-5.721,-0.386,-3.1375,-0.0119,-0.0073
185.10,44.360,0.1898,-0.0017,-0.0019,0.6587,-0.0195,-0.0119,-0.0118,-3.1373,-5.817,-0.533,0.1838,482.406,80619.1,0.00209788,0.1898,-0.0017,-5.726,-0.386,-3.1374,-0.0119,-0.0108
185.20,44.400,0.1898,-0.0017,-0.0019,0.6632,-0.0196,-0.0119,-0.0131,-3.1374,-5.822,-0.533,0.1894,482.481,80902.5,0.00237469,0.1897,-0.0026,-5.732,-0.386,-3.1374,-0.0119,-0.0131
185.30,44.420,0.1897,-0.0026,-0.0021,0.0697,0.0823,-0.0113,-0.0134,-3.1374,-5.827,-0.533,0.1891,482.481,80902.5,0.00237469,0.1897,-0.0026,-5.732,-0.386,-3.1374,-0.0113,-0.0134
185.40,44.440,0.1897,-0.0026,-0.0014,0.0563,0.0908,-0.0110,-0.0135,-3.1375,-5.832,-0.533,0.1895,482.581,81281.5,0.00237469,0.1897,-0.0026,-5.740,-0.386,-3.1374,-0.0110,-0.0135
185.50,44.480,0.1897,-0.0026,-0.0012,0.0227,-0.0184,-0.0110,-0.0134,-3.1375,-5.837,-0.533,0.1900,482.656,81566.7,0.00209788,0.1897,-0.0026,-5.745,-0.387,-3.1375,-0.0110,-0.0134
185.60,44.500,0.1897,-0.0026,-0.0012,0.0226,-0.0184,-0.0110,-0.0134,-3.1375,-5.841,-0.533,0.1900,482.729,81852.7,0.00237469,0.1897,-0.0025,-5.751,-0.387,-3.1375,-0.0110,-0.0134
185.70,44.520,0.1897,-0.0025,-0.0012,0.0226,-0.0184,-0.0109,-0.0133,-3.1375,-5.845,-0.533,0.1900,482.729,81852.7,0.00237469,0.1897,-0.0025,-5.751,-0.387,-3.1375,-0.0110,-0.0134
185.80,44.540,0.1897,-0.0025,-0.0012,0.0225,-0.0184,-0.0109,-0.0133,-3.1376,-5.850,-0.533,0.1900,482.826,82235.2,0.00237469,0.1897,-0.0025,-5.758,-0.387,-3.1376,-0.0109,-0.0133
185.90,44.580,0.1897,-0.0025,-0.0012,0.0224,-0.0184,-0.0109,-0.0132,-3.1376,-5.856,-0.533,0.1901,482.898,82523.1,0.00209788,0.1897,-0.0025,-5.764,-0.387,-3.1376,-0.0109,-0.0132
186.00,44.600,0.1897,-0.0025,-0.0012,0.0223,-0.0184,-0.0109,-0.0132,-3.1376,-5.860,-0.533,0.1901,482.97,82811.7,0.00237469,0.1897,-0.0024,-5.770,-0.387,-3.1376,-0.0109,-0.0132
186.10,44.620,0.1897,-0.0024,-0.0011,0.0222,-0.0183,-0.0109,-0.0131,-3.1377,-5.865,-0.533,0.1901,483.065,83197.7,0.00237469,0.1897,-0.0024,-5.777,-0.387,-3.1377,-0.0109,-0.0131
186.20,44.640,0.1897,-0.0024,-0.0011,0.0222,-0.0183,-0.0108,-0.0130,-3.1377,-5.870,-0.533,0.1901,483.065,83197.7,0.00237469,0.1897,-0.0024,-5.777,-0.387,-3.1377,-0.0108,-0.0130
186.30,44.680,0.1897,-0.0024,-0.0011,0.0221,-0.0183,-0.0108,-0.0129,-3.1377,-5.875,-0.533,0.1901,483.135,83488.2,0.00209788,0.1897,-0.0024,-5.783,-0.387,-3.1377,-0.0108,-0.0130
186.40,44.700,0.1897,-0.0024,-0.0011,0.0220,-0.0182,-0.0108,-0.0129,-3.1378,-5.880,-0.533,0.1901,483.205,83779.5,0.00237469,0.1897,-0.0022,-5.789,-0.387,-3.1377,-0.0108,-0.0129
186.50,44.720,0.1897,-0.0022,-0.0011,0.0219,-0.0182,-0.0107,-0.0128,-3.1378,-5.885,-0.533,0.1901,483.297,84169.1,0.00237469,0.1897,-0.0022,-5.796,-0.387,-3.1378,-0.0108,-0.0128
186.60,44.760,0.1897,-0.0022,-0.0011,0.0218,-0.0182,-0.0107,-0.0127,-3.1378,-5.890,-0.534,0.1901,483.297,84169.1,0.00237469,0.1897,-0.0022,-5.796,-0.387,-3.1378,-0.0107,-0.0127
186.70,44.780,0.1897,-0.0022,-0.0011,0.0216,-0.0181,-0.0107,-0.0126,-3.1378,-5.895,-0.534,0.1901,483.365,84462.2,0.00209788,0.1897,-0.0022,-5.802,-0.387,-3.1378,-0.0107,-0.0126
186.80,44.800,0.1897,-0.0022,-0.0010,0.0215,-0.0181,-0.0106,-0.0125,-3.1379,-5.900,-0.534,0.1901,483.433,84756.1,0.00237469,0.1897,-0.0021,-5.808,-0.387,-3.1378,-0.0106,-0.0125
186.90,44.820,0.1897,-0.0021,-0.0010,0.0214,-0.0181,-0.0106,-0.0124,-3.1379,-5.904,-0.534,0.1902,483.523,85149.3,0.00237469,0.1897,-0.0021,-5.815,-0.387,-3.1379,-0.0106,-0.0124
187.00,44.860,0.1897,-0.0021,-0.0010,0.0213,-0.0180,-0.0105,-0.0123,-3.1379,-5.909,-0.534,0.1902,483.523,85149.3,0.00237469,0.1897,-0.0021,-5.815,-0.387,-3.1379,-0.0106,-0.0123
187.10,44.880,0.1897,-0.0021,-0.0010,0.0212,-0.0180,-0.0105,-0.0122,-3.1379,-5.914,-0.534,0.1902,483.59,85445.1,0.00209788,0.1897,-0.0021,-5.821,-0.387,-3.1379,-0.0105,-0.0122
187.20,44.900,0.1897,-0.0021,-0.0009,0.0210,-0.0179,-0.0104,-0.0121,-3.1380,-5.919,-0.534,0.1902,483.657,85741.8,0.00237469,0.1898,-0.0019,-5.827,-0.387,-3.1379,-0.0105,-0.0121
187.30,44.940,0.1898,-0.0019,-0.0009,0.0209,-0.0178,-0.0104,-0.0119,-3.1380,-5.924,-0.534,0.1902,483.744,86138.5,0.00237469,0.1898,-0.0019,-5.834,-0.387,-3.1380,-0.0104,-0.0119
187.40,44.960,0.1898,-0.0019,-0.0009,0.0208,-0.0178,-0.0103,-0.0118,-3.1380,-5.928,-0.534,0.1902,483.744,86138.5,0.00237469,0.1898,-0.0019,-5.834,-0.387,-3.1380,-0.0103,-0.0118
187.50,44.980,0.1898,-0.0019,-0.0009,0.0206,-0.0177,-0.0103,-0.0117,-3.1380,-5.934,-0.534,0.1902,483.81,86437,0.00209788,0.1898,-0.0019,-5.840,-0.387,-3.1380,-0.0103,-0.0117
187.60,45.000,0.1898,-0.0019,-0.0009,0.0204,-0.0176,-0.0102,-0.0116,-3.1381,-5.938,-0.534,0.1902,483.874,86736.4,0.00237469,0.1898,-0.0018,-5.846,-0.387,-3.1380,-0.0102,-0.0116
187.70,45.040,0.1898,-0.0018,-0.0009,0.0202,-0.0175,-0.0101,-0.0114,-3.1381,-5.943,-0.534,0.1903,483.96,87136.7,0.00237469,0.1898,-0.0018,-5.853,-0.387,-3.1381,-0.0102,-0.0114
187.80,45.060,0.1898,-0.0018,-0.0009,0.0201,-0.0175,-0.0101,-0.0112,-3.1381,-5.948,-0.534,0.1903,484.024,87438,0.00209788,0.1898,-0.0018,-5.859,-0.387,-3.1381,-0.0101,-0.0113
187.90,45.080,0.1898,-0.0018,-0.0009,0.0199,-0.0174,-0.0100,-0.0111,-3.1381,-5.953,-0.534,0.1903,484.024,87438,0.00209788,0.1898,-0.0018,-5.859,-0.387,-3.1381,-0.0100,-0.0111
188.00,45.100,0.1898,-0.0018,-0.0008,0.0197,-0.0173,-0.0099,-0.0109,-3.1382,-5.958,-0.534,0.1903,484.087,87740,0.00237469,0.1898,-0.0017,-5.865,-0.387,-3.1381,-0.0099,-0.0110
188.10,45.140,0.1898,-0.0017,-0.0008,0.0195,-0.0172,-0.0098,-0.0107,-3.1382,-5.962,-0.534,0.1903,484.171,88144,0.00237469,0.1898,-0.0017,-5.872,-0.387,-3.1382,-0.0099,-0.0108
188.20,45.160,0.1898,-0.0017,-0.0008,0.0193,-0.0171,-0.0098,-0.0106,-3.1382,-5.967,-0.534,0.1903,484.233,88448,0.00209788,0.1898,-0.0017,-5.878,-0.387,-3.1382,-0.0098,-0.0106
188.30,45.180,0.1898,-0.0017,-0.0008,0.0191,-0.0170,-0.0097,-0.0104,-3.1382,-5.972,-0.534,0.1904,484.233,88448,0.00209788,0.1898,-0.0017,-5.878,-0.387,-3.1382,-0.0097,-0.0104
188.40,45.200,0.1898,-0.0017,-0.0007,0.0189,-0.0169,-0.0096,-0.0102,-3.1383,-5.977,-0.534,0.1904,484.295,88752.8,0.00237469,0.1898,-0.0016,-5.884,-0.387,-3.1382,-0.0096,-0.0102
188.50,45.240,0.1898,-0.0016,-0.0007,0.0186,-0.0168,-0.0095,-0.0099,-3.1383,-5.982,-0.534,0.1904,484.377,89160.5,0.00237469,0.1898,-0.0016,-5.891,-0.387,-3.1383,-0.0095,-0.0100
188.60,45.260,0.1898,-0.0016,-0.0007,0.0183,-0.0167,-0.0093,-0.0097,-3.1383,-5.987,-0.534,0.1904,484.438,89467.2,0.00209788,0.1898,-0.0016,-5.897,-0.387,-3.1383,-0.0094,-0.0097
188.70,45.300,0.1898,-0.0016,-0.0007,0.0180,-0.0165,-0.0092,-0.0095,-3.1383,-5.992,-0.534,0.1905,484.499,89774.7,0.00237469,0.1898,-0.0015,-5.903,-0.387,-3.1383,-0.0092,-0.0095
188.80,45.320,0.1898,-0.0015,-0.0007,0.0178,-0.0164,-0.0091,-0.0092,-3.1383,-5.997,-0.534,0.1905,484.499,89774.7,0.00237469,0.1898,-0.0015,-5.903,-0.387,-3.1383,-0.0091,-0.0093
188.90,45.340,0.1898,-0.0015,-0.0007,0.0175,-0.0162,-0.0090,-0.0090,-3.1384,-6.002,-0.534,0.1905,484.579,90186.1,0.00237469,0.1898,-0.0015,-5.910,-0.387,-3.1383,-0.0090,-0.0090
189.00,45.360,0.1898,-0.0015,-0.0007,0.0172,-0.0161,-0.0088,-0.0087,-3.1384,-6.007,-0.534,0.1905,484.639,90495.6,0.00209788,0.1898,-0.0015,-5.916,-0.387,-3.1384,-0.0089,-0.0088
189.10,45.400,0.1898,-0.0015,-0.0007,0.0168,-0.0160,-0.0087,-0.0084,-3.1384,-6.012,-0.534,0.1906,484.698,90805.9,0.00237469,0.1898,-0.0014,-5.922,-0.387,-3.1384,-0.0087,-0.0084
189.20,45.420,0.1898,-0.0014,-0.0006,0.0165,-0.0158,-0.0085,-0.0081,-3.1384,-6.017,-0.534,0.1906,484.698,90805.9,0.00237469,0.1898,-0.0014,-5.922,-0.387,-3.1384,-0.0086,-0.0081
189.30,45.440,0.1898,-0.0014,-0.0006,0.0162,-0.0156,-0.0084,-0.0078,-3.1384,-6.022,-0.534,0.1906,484.777,91221,0.00237469,0.1898,-0.0014,-5.929,-0.387,-3.1384,-0.0084,-0.0079
189.40,45.480,0.1898,-0.0014,-0.0006,0.0158,-0.0154,-0.0082,-0.0075,-3.1385,-6.027,-0.534,0.1906,484.835,91533.3,0.00209788,0.1898,-0.0014,-5.935,-0.387,-3.1384,-0.0083,-0.0075
189.50,45.500,0.1898,-0.0014,-0.0006,0.0155,-0.0153,-0.0081,-0.0071,-3.1385,-6.032,-0.534,0.1907,484.893,91846.4,0.00237469,0.1898,-0.0013,-5.941,-0.387,-3.1385,-0.0081,-0.0072
189.60,45.520,0.1898,-0.0013,-0.0006,0.0150,-0.0150,-0.0079,-0.0068,-3.1385,-6.037,-0.534,0.1907,484.97,92265.2,0.00237469,0.1898,-0.0013,-5.948,-0.387,-3.1385,-0.0079,-0.0068
189.70,45.560,0.1898,-0.0013,-0.0005,0.1450,0.1678,-0.0078,-0.0065,-3.1385,-6.042,-0.534,0.1897,484.97,92265.2,0.00237469,0.1898,-0.0013,-5.948,-0.387,-3.1385,-0.0077,-0.0065
189.80,45.580,0.1898,-0.0013,-0.0006,0.0147,-0.0150,-0.0078,-0.0066,-3.1385,-6.047,-0.534,0.1897,485.028,92580.3,0.00209788,0.1898,-0.0013,-5.954,-0.387,-3.1385,-0.0078,-0.0066
189.90,45.600,0.1898,-0.0013,-0.0006,0.0148,-0.0150,-0.0079,-0.0067,-3.1385,-6.052,-0.534,0.1898,485.085,92896.3,0.00237469,0.1899,-0.0012,-5.960,-0.387,-3.1385,-0.0079,-0.0067
190.00,45.620,0.1899,-0.0012,-0.0006,0.0149,-0.0151,-0.0079,-0.0067,-3.1386,-6.056,-0.534,0.1898,485.16,93318.9,0.00237469,0.1899,-0.0012,-5.967,-0.387,-3.1386,-0.0079,-0.0067
190.10,45.660,0.1899,-0.0012,-0.0006,0.0149,-0.0151,-0.0080,-0.0068,-3.1386,-6.061,-0.534,0.1898,485.16,93318.9,0.00237469,0.1899,-0.0012,-5.967,-0.387,-3.1386,-0.0080,-0.0068
190.20,45.680,0.1899,-0.0012,-0.0006,0.0150,-0.0152,-0.0080,-0.0068,-3.1386,-6.066,-0.534,0.1899,485.216,93636.8,0.00209788,0.1899,-0.0012,-5.973,-0.387,-3.1386,-0.0080,-0.0068
190.30,45.700,0.1899,-0.0012,-0.0005,0.0150,-0.0152,-0.0080,-0.0068,-3.1386,-6.071,-0.534,0.1899,485.273,93955.6,0.00237469,0.1899,-0.0011,-5.979,-0.387,-3.1386,-0.0080,-0.0068
190.40,45.740,0.1899,-0.0011,-0.0210,0.0674,0.3150,-0.0088,-0.0063,-3.1388,-6.076,-0.534,0.1856,485.347,94381.9,0.00237469,0.1899,-0.0011,-5.986,-0.387,-3.1386,-0.0086,-0.0065
190.50,45.760,0.1899,-0.0011,-0.0070,0.5246,0.3755,-0.0086,-0.0011,-3.1390,-6.081,-0.534,0.1840,485.401,94702.7,0.00209788,0.1899,-0.0011,-5.992,-0.387,-3.1389,-0.0087,-0.0031
190.60,45.780,0.1899,-0.0011,-0.0046,0.5547,0.2958,-0.0084,0.0048,-3.1392,-6.085,-0.534,0.1864,485.401,94702.7,0.00209788,0.1899,-0.0011,-5.992,-0.387,-3.1389,-0.0084,0.0042
190.70,45.800,0.1899,-0.0011,-0.0113,-0.1127,-0.1245,-0.0079,0.0120,-3.1394,-6.090,-0.534,0.2009,485.45,95024.3,0.00237469,0.1899,-0.0007,-5.998,-0.387,-3.1391,-0.0082,0.0101
190.80,45.840,0.1899,-0.0007,-0.0006,-0.6591,-0.0130,-0.0077,0.0164,-3.1395,-6.096,-0.534,0.1967,485.509,95454.5,0.00237469,0.1899,-0.0007,-6.005,-0.387,-3.1394,-0.0077,0.0159
190.90,45.860,0.1899,-0.0007,-0.0022,-0.1798,-0.3596,-0.0078,0.0183,-3.1395,-6.101,-0.534,0.1919,485.55,95778.2,0.00209788,0.1899,-0.0007,-6.011,-0.387,-3.1395,-0.0078,0.0182
191.00,45.880,0.1899,-0.0007,-0.0014,-0.6087,-1.0902,-0.0078,0.0198,-3.1396,-6.106,-0.534,0.1932,485.589,96102.7,0.00237469,0.1900,0.0003,-6.017,-0.387,-3.1396,-0.0079,0.0192
191.10,45.920,0.1900,0.0003,0.0003,0.4784,0.0060,-0.0078,0.0200,-3.1396,-6.111,-0.534,0.1906,485.589,96102.7,0.00237469,0.1900,0.0003,-6.017,-0.387,-3.1396,-0.0078,0.0200
191.20,45.940,0.1900,0.0003,0.0002,-0.0323,-0.0125,-0.0078,0.0200,-3.1396,-6.116,-0.534,0.1899,485.64,96536.7,0.00237469,0.1900,0.0003,-6.024,-0.387,-3.1396,-0.0078,0.0200
191.30,45.960,0.1900,0.0003,0.0002,-0.0324,-0.0125,-0.0078,0.0200,-3.1396,-6.121,-0.534,0.1899,485.678,96863.2,0.00209788,0.1900,0.0003,-6.030,-0.387,-3.1396,-0.0078,0.0200
191.40,46.000,0.1900,0.0003,0.0002,-0.0324,-0.0125,-0.0078,0.0200,-3.1396,-6.126,-0.534,0.1899,485.716,97190.6,0.00237469,0.1900,0.0004,-6.036,-0.387,-3.1396,-0.0078,0.0200
191.50,46.020,0.1900,0.0004,0.0003,-0.0324,-0.0125,-0.0078,0.0200,-3.1396,-6.131,-0.534,0.1899,485.716,97190.6,0.00237469,0.1900,0.0004,-6.036,-0.387,-3.1396,-0.0078,0.0200
191.60,46.040,0.1900,0.0004,0.0003,-0.0324,-0.0125,-0.0078,0.0200,-3.1395,-6.136,-0.534,0.1899,485.768,97628.5,0.00237469,0.1900,0.0004,-6.043,-0.387,-3.1396,-0.0078,0.0200
191.70,46.080,0.1900,0.0004,0.0003,-0.0324,-0.0126,-0.0078,0.0200,-3.1395,-6.141,-0.534,0.1899,485.806,97957.9,0.00209788,0.1900,0.0004,-6.049,-0.387,-3.1395,-0.0078,0.0200
191.80,46.100,0.1900,0.0004,0.0003,-0.0324,-0.0126,-0.0078,0.0200,-3.1395,-6.145,-0.534,0.1899,485.845,98288.2,0.00237469,0.1900,0.0004,-6.055,-0.388,-3.1395,-0.0078,0.0200
191.90,46.120,0.1900,0.0004,0.0003,-0.0324,-0.0125,-0.0078,0.0200,-3.1395,-6.150,-0.534,0.1899,485.845,98288.2,0.00237469,0.1900,0.0004,-6.055,-0.388,-3.1395,-0.0078,0.0200
192.00,46.140,0.1900,0.0004,0.0003,-0.0324,-0.0125,-0.0078,0.0200,-3.1395,-6.154,-0.534,0.1899,485.898,98730,0.00237469,0.1900,0.0004,-6.062,-0.388,-3.1395,-0.0078,0.0200
192.10,46.180,0.1900,0.0004,0.0003,-0.0324,-0.0125,-0.0078,0.0200,-3.1395,-6.160,-0.534,0.1899,485.937,99062.3,0.00209788,0.1900,0.0004,-6.068,-0.388,-3.1395,-0.0078,0.0200
192.20,46.200,0.1900,0.0004,0.0003,-0.0324,-0.0125,-0.0078,0.0200,-3.1395,-6.165,-0.534,0.1899,485.977,99395.6,0.00237469,0.1900,0.0003,-6.074,-0.388,-3.1395,-0.0078,0.0200
192.30,46.220,0.1900,0.0003,0.0002,-0.0324,-0.0125,-0.0078,0.0200,-3.1395,-6.170,-0.534,0.1899,486.03,99841.2,0.00237469,0.1900,0.0003,-6.081,-0.388,-3.1395,-0.0078,0.0200
192.40,46.260,0.1900,0.0003,0.0002,-0.0324,-0.0125,-0.0078,0.0200,-3.1395,-6.175,-0.534,0.1899,486.03,99841.2,0.00237469,0.1900,0.0003,-6.081,-0.388,-3.1395,-0.0078,0.0200
192.50,46.280,0.1900,0.0003,0.0002,-0.0324,-0.0125,-0.0078,0.0200,-3.1395,-6.180,-0.534,0.1899,486.07,100177,0.00209788,0.1900,0.0003,-6.087,-0.388,-3.1395,-0.0078,0.0200
192.60,46.300,0.1900,0.0003,0.0002,-0.0324,-0.0125,-0.0078,0.0200,-3.1395,-6.185,-0.534,0.1899,486.11,100513,0.00237469,0.1900,0.0003,-6.093,-0.388,-3.1395,-0.0078,0.0200
192.70,46.340,0.1900,0.0003,0.0002,-0.0324,-0.0125,-0.0078,0.0200,-3.1395,-6.190,-0.534,0.1899,486.164,100962,0.00237469,0.1900,0.0003,-6.100,-0.388,-3.1395,-0.0078,0.0200
192.80,46.360,0.1900,0.0003,0.0002,-0.0324,-0.0125,-0.0078,0.0200,-3.1395,-6.195,-0.534,0.1899,486.204,101301,0.00209788,0.1900,0.0003,-6.106,-0.388,-3.1395,-0.0078,0.0200
192.90,46.380,0.1900,0.0003,0.0002,-0.0324,-0.0126,-0.0078,0.0200,-3.1395,-6.200,-0.534,0.1899,486.204,101301,0.00209788,0.1900,0.0003,-6.106,-0.388,-3.1395,-0.0078,0.0200
193.00,46.400,0.1900,0.0003,0.0002,-0.0324,-0.0126,-0.0078,0.0200,-3.1395,-6.204,-0.534,0.1899,486.245,101640,0.00237469,0.1900,0.0003,-6.112,-0.388,-3.1395,-0.0078,0.0200
193.10,46.420,0.1900,0.0003,0.0002,-0.0324,-0.0126,-0.0078,0.0200,-3.1395,-6.208,-0.534,0.1899,486.299,102093,0.00237469,0.1900,0.0003,-6.119,-0.388,-3.1395,-0.0078,0.0200
193.20,46.460,0.1900,0.0003,0.0002,-0.0321,-0.0125,-0.0078,0.0200,-3.1395,-6.213,-0.534,0.1899,486.299,102093,0.00237469,0.1900,0.0003,-6.119,-0.388,-3.1395,-0.0078,0.0200
193.30,46.480,0.1900,0.0003,0.0002,-0.0324,-0.0125,-0.0078,0.0200,-3.1394,-6.218,-0.534,0.1899,486.34,102435,0.00209788,0.1900,0.0003,-6.125,-0.388,-3.1395,-0.0078,0.0200
193.40,46.500,0.1900,0.0003,0.0002,-0.0324,-0.0125,-0.0078,0.0200,-3.1394,-6.223,-0.534,0.1899,486.381,102777,0.00237469,0.1900,0.0002,-6.131,-0.388,-3.1394,-0.0078,0.0200
193.50,46.520,0.1900,0.0002,0.0002,-0.0324,-0.0125,-0.0078,0.0200,-3.1394,-6.228,-0.534,0.1899,486.437,103234,0.00237469,0.1900,0.0002,-6.138,-0.388,-3.1394,-0.0078,0.0200
193.60,46.560,0.1900,0.0002,0.0002,-0.0324,-0.0125,-0.0078,0.0200,-3.1394,-6.233,-0.534,0.1899,486.437,103234,0.00237469,0.1900,0.0002,-6.138,-0.388,-3.1394,-0.0078,0.0200
193.70,46.580,0.1900,0.0002,0.0002,-0.0324,-0.0125,-0.0078,0.0200,-3.1394,-6.238,-0.534,0.1899,486.478,103579,0.00209788,0.1900,0.0002,-6.144,-0.388,-3.1394,-0.0078,0.0200
193.80,46.600,0.1900,0.0002,0.0002,-0.0324,-0.0125,-0.0078,0.0200,-3.1394,-6.242,-0.534,0.1899,486.52,103924,0.00237469,0.1900,0.0002,-6.150,-0.388,-3.1394,-0.0078,0.0200
193.90,46.640,0.1900,0.0002,0.0002,-0.0324,-0.0125,-0.0078,0.0200,-3.1394,-6.247,-0.534,0.1899,486.575,104385,0.00237469,0.1900,0.0002,-6.157,-0.388,-3.1394,-0.0078,0.0200
194.00,46.660,0.1900,0.0002,0.0002,-0.0324,-0.0125,-0.0078,0.0200,-3.1394,-6.252,-0.534,0.1899,486.617,104733,0.00209788,0.1900,0.0002,-6.163,-0.388,-3.1394,-0.0078,0.0200
194.10,46.680,0.1900,0.0002,0.0002,-0.0324,-0.0125,-0.0078,0.0200,-3.1394,-6.258,-0.534,0.1899,486.617,104733,0.00209788,0.1900,0.0002,-6.163,-0.388,-3.1394,-0.0078,0.0200
194.20,46.720,0.1900,0.0002,0.0001,-0.0324,-0.0125,-0.0078,0.0200,-3.1394,-6.262,-0.534,0.1900,486.659,105081,0.00237469,0.1900,0.0002,-6.169,-0.388,-3.1394,-0.0078,0.0200
194.30,46.740,0.1900,0.0002,0.0001,-0.0324,-0.0125,-0.0078,0.0200,-3.1394,-6.267,-0.534,0.1900,486.716,105546,0.00237469,0.1900,0.0002,-6.176,-0.388,-3.1394,-0.0078,0.0200
194.40,46.760,0.1900,0.0002,0.0001,-0.0324,-0.0125,-0.0078,0.0200,-3.1394,-6.272,-0.534,0.1900,486.758,105897,0.00209788,0.1900,0.0002,-6.182,-0.388,-3.1394,-0.0078,0.0200
194.50,46.780,0.1900,0.0002,0.0001,-0.0324,-0.0125,-0.0078,0.0200,-3.1394,-6.277,-0.534,0.1900,486.758,105897,0.00209788,0.1900,0.0002,-6.182,-0.388,-3.1394,-0.0078,0.0200
194.60,46.820,0.1900,0.0002,0.0001,-0.0324,-0.0125,-0.0078,0.0200,-3.1394,-6.282,-0.534,0.1900,486.8,106248,0.00237469,0.1900,0.0002,-6.188,-0.388,-3.1394,-0.0078,0.0200
194.70,46.840,0.1900,0.0002,0.0001,-0.0324,-0.0125,-0.0078,0.0200,-3.1394,-6.286,-0.534,0.1900,486.857,106718,0.00237469,0.1900,0.0002,-6.195,-0.388,-3.1394,-0.0078,0.0200
194.80,46.860,0.1900,0.0002,0.0001,-0.0324,-0.0125,-0.0078,0.0200,-3.1394,-6.291,-0.534,0.1900,486.9,107071,0.00209788,0.1900,0.0002,-6.201,-0.388,-3.1394,-0.0078,0.0200
194.90,46.900,0.1900,0.0002,0.0001,-0.0324,-0.0125,-0.0078,0.0200,-3.1394,-6.296,-0.534,0.1900,486.943,107425,0.00237469,0.1900,0.0001,-6.207,-0.388,-3.1394,-0.0078,0.0200
195.00,46.920,0.1900,0.0001,0.0001,-0.0324,-0.0125,-0.0078,0.0200,-3.1394,-6.302,-0.534,0.1900,486.943,107425,0.00237469,0.1900,0.0001,-6.207,-0.388,-3.1394,-0.0078,0.0200
195.10,46.940,0.1900,0.0001,0.0001,-0.0324,-0.0125,-0.0078,0.0200,-3.1394,-6.306,-0.535,0.1900,487,107899,0.00237469,0.1900,0.0001,-6.214,-0.388,-3.1394,-0.0078,0.0200
195.20,46.980,0.1900,0.0001,0.0001,-0.0324,-0.0125,-0.0078,0.0200,-3.1394,-6.311,-0.535,0.1900,487.043,108255,0.00209788,0.1900,0.0001,-6.220,-0.388,-3.1394,-0.0078,0.0200
195.30,47.000,0.1900,0.0001,0.0001,-0.0324,-0.0125,-0.0078,0.0200,-3.1394,-6.316,-0.535,0.1900,487.086,108613,0.00237469,0.1900,0.0001,-6.226,-0.388,-3.1394,-0.0078,0.0200
195.40,47.020,0.1900,0.0001,0.0001,-0.0324,-0.0125,-0.0078,0.0200,-3.1394,-6.321,-0.535,0.1900,487.086,108613,0.00237469,0.1900,0.0001,-6.226,-0.388,-3.1394,-0.0078,0.0200
195.50,47.040,0.1900,0.0001,0.0001,-0.0324,-0.0126,-0.0078,0.0200,-3.1394,-6.325,-0.535,0.1900,487.144,109091,0.00237469,0.1900,0.0001,-6.233,-0.388,-3.1394,-0.0078,0.0200
195.60,47.060,0.1900,0.0001,0.0001,-0.0324,-0.0126,-0.0078,0.0200,-3.1394,-6.330,-0.535,0.1899,487.187,109450,0.00209788,0.1900,0.0001,-6.239,-0.388,-3.1394,-0.0078,0.0200
195.70,47.100,0.1900,0.0001,0.0001,-0.0324,-0.0126,-0.0078,0.0200,-3.1394,-6.335,-0.535,0.1899,487.23,109811,0.00237469,0.1900,0.0001,-6.245,-0.388,-3.1394,-0.0078,0.0200
195.80,47.120,0.1900,0.0001,0.0001,-0.0324,-0.0126,-0.0078,0.0200,-3.1394,-6.340,-0.535,0.1899,487.23,109811,0.00237469,0.1900,0.0001,-6.245,-0.388,-3.1394,-0.0078,0.0200
195.90,47.140,0.1900,0.0001,0.0001,-0.0324,-0.0126,-0.0078,0.0200,-3.1394,-6.345,-0.535,0.1899,487.288,110293,0.00237469,0.1900,0.0001,-6.252,-0.388,-3.1394,-0.0078,0.0200
196.00,47.180,0.1900,0.0001,0.0001,-0.0324,-0.0126,-0.0078,0.0200,-3.1394,-6.350,-0.535,0.1899,487.332,110655,0.00209788,0.1900,0.0001,-6.258,-0.388,-3.1394,-0.0078,0.0200
196.10,47.200,0.1900,0.0001,0.0001,-0.0324,-0.0126,-0.0078,0.0200,-3.1394,-6.355,-0.535,0.1912,487.376,111019,0.00237469,0.1913,-0.0061,-6.264,-0.388,-3.1394,-0.0078,0.0200
196.20,47.220,0.1913,-0.0061,-0.0055,-0.0328,-0.0127,-0.0078,0.0200,-3.1395,-6.360,-0.535,0.1912,487.434,111505,0.00237469,0.1913,-0.0061,-6.271,-0.388,-3.1395,-0.0078,0.0200
196.30,47.260,0.1913,-0.0061,-0.0055,-0.0328,-0.0127,-0.0078,0.0200,-3.1397,-6.365,-0.535,0.1912,487.434,111505,0.00237469,0.1913,-0.0061,-6.271,-0.388,-3.1395,-0.0078,0.0200
196.40,47.280,0.1913,-0.0061,-0.0055,-0.0328,-0.0127,-0.0078,0.0200,-3.1398,-6.370,-0.535,0.1912,487.474,111871,0.00209788,0.1913,-0.0061,-6.277,-0.388,-3.1396,-0.0078,0.0200
196.50,47.300,0.1913,-0.0061,-0.0052,-0.0328,-0.0127,-0.0078,0.0200,-3.1400,-6.375,-0.535,0.1912,487.511,112238,0.00237469,0.1913,-0.0057,-6.283,-0.388,-3.1398,-0.0078,0.0200
196.60,47.320,0.1913,-0.0057,-0.0052,-0.0328,-0.0127,-0.0078,0.0200,-3.1401,-6.380,-0.535,0.1912,487.556,112728,0.00237469,0.1913,-0.0057,-6.290,-0.388,-3.1400,-0.0078,0.0200
196.70,47.360,0.1913,-0.0057,-0.0052,-0.0327,-0.0127,-0.0078,0.0200,-3.1402,-6.384,-0.535,0.1912,487.556,112728,0.00237469,0.1913,-0.0057,-6.290,-0.388,-3.1400,-0.0078,0.0200
196.80,47.380,0.1913,-0.0057,-0.0052,-0.0327,-0.0127,-0.0078,0.0200,-3.1403,-6.389,-0.535,0.1912,487.586,113097,0.00209788,0.1913,-0.0057,-6.296,-0.388,-3.1402,-0.0078,0.0200
196.90,47.400,0.1913,-0.0057,-0.0045,-0.0327,-0.0127,-0.0078,0.0200,-3.1405,-6.394,-0.535,0.1912,487.613,113467,0.00237469,0.1914,-0.0050,-6.302,-0.388,-3.1404,-0.0078,0.0200
197.00,47.420,0.1914,-0.0050,-0.0045,-0.0327,-0.0127,-0.0078,0.0200,-3.1406,-6.399,-0.535,0.1912,487.644,113962,0.00237469,0.1914,-0.0050,-6.309,-0.388,-3.1405,-0.0078,0.0200
197.10,47.460,0.1914,-0.0050,-0.0045,-0.0327,-0.0127,-0.0078,0.0200,-3.1407,-6.404,-0.535,0.1912,487.644,113962,0.00237469,0.1914,-0.0050,-6.309,-0.388,-3.1405,-0.0078,0.0200
197.20,47.480,0.1914,-0.0050,-0.0045,-0.0327,-0.0127,-0.0078,0.0200,-3.1408,-6.409,-0.535,0.1912,487.665,114334,0.00209788,0.1914,-0.0050,-6.315,-0.388,-3.1407,-0.0078,0.0200
197.30,47.500,0.1914,-0.0050,-0.0039,-0.0327,-0.0127,-0.0078,0.0200,-3.1409,-6.414,-0.535,0.1913,487.683,114707,0.00237469,0.1915,-0.0043,-6.321,-0.388,-3.1408,-0.0078,0.0200
197.40,47.540,0.1915,-0.0043,-0.0039,-0.0327,-0.0127,-0.0078,0.0200,-3.1410,-6.419,-0.535,0.1913,487.703,115206,0.00237469,0.1915,-0.0043,-6.329,-0.388,-3.1410,-0.0078,0.0200
197.50,47.560,0.1915,-0.0043,-0.0039,-0.0324,-0.0134,-0.0078,0.0200,-3.1411,-6.424,-0.535,0.1913,487.715,115581,0.00209788,0.1915,-0.0043,-6.334,-0.388,-3.1411,-0.0078,0.0200
197.60,47.580,0.1915,-0.0043,-0.0039,-0.0324,-0.0134,-0.0078,0.0200,-3.1412,-6.429,-0.535,0.1913,487.715,115581,0.00209788,0.1915,-0.0043,-6.334,-0.388,-3.1411,-0.0078,0.0200
197.70,47.620,0.1915,-0.0037,-0.0033,-0.0324,-0.0133,-0.0078,0.0200,-3.1413,-6.434,-0.535,0.1914,487.726,115958,0.00237469,0.1915,-0.0037,-6.340,-0.388,-3.1412,-0.0078,0.0200
197.80,47.640,0.1915,-0.0037,-0.0033,-0.0324,-0.0133,-0.0078,0.0200,-3.1414,-6.439,-0.535,0.1914,487.736,116461,0.00237469,0.1915,-0.0037,-6.348,-0.388,-3.1413,-0.0078,0.0200
197.90,47.660,0.1915,-0.0037,-0.0033,-0.0324,-0.0133,-0.0078,0.0200,-3.1415,-6.444,-0.535,0.1914,487.742,116839,0.00209788,0.1915,-0.0037,-6.353,-0.388,-3.1414,-0.0078,0.0200
198.00,47.680,0.1915,-0.0037,-0.0033,-0.0324,-0.0133,-0.0078,0.0200,-3.1416,-6.448,-0.535,0.1914,487.742,116839,0.00209788,0.1915,-0.0037,-6.353,-0.388,-3.1414,-0.0078,0.0200
198.10,47.720,0.1916,-0.0032,-0.0029,-0.0324,-0.0132,-0.0078,0.0200,3.1415,-6.453,-0.535,0.1915,487.745,117219,0.00237469,0.1916,-0.0032,-6.359,-0.388,-3.1415,-0.0078,0.0200
198.20,47.740,0.1916,-0.0032,-0.0029,-0.0324,-0.0132,-0.0078,0.0200,3.1415,-6.458,-0.535,0.1915,487.748,117726,0.00237469,0.1916,-0.0032,-6.367,-0.388,3.1415,-0.0078,0.0200
198.30,47.760,0.1916,-0.0032,-0.0029,-0.0324,-0.0132,-0.0078,0.0200,3.1414,-6.463,-0.535,0.1915,487.747,118108,0.00209788,0.1916,-0.0032,-6.373,-0.388,3.1414,-0.0078,0.0200
198.40,47.800,0.1916,-0.0032,-0.0029,-0.0324,-0.0132,-0.0078,0.0200,3.1413,-6.468,-0.535,0.1915,487.745,118491,0.00237469,0.1917,-0.0028,-6.378,-0.388,3.1413,-0.0078,0.0200
198.50,47.820,0.1917,-0.0028,-0.0025,-0.0324,-0.0131,-0.0078,0.0200,3.1413,-6.473,-0.535,0.1915,487.745,118491,0.00237469,0.1917,-0.0028,-6.378,-0.388,3.1413,-0.0078,0.0200
198.60,47.840,0.1917,-0.0028,-0.0025,-0.0323,-0.0131,-0.0078,0.0200,3.1412,-6.478,-0.535,0.1915,487.74,119003,0.00237469,0.1917,-0.0028,-6.386,-0.388,3.1412,-0.0078,0.0200
198.70,47.860,0.1917,-0.0028,-0.0025,-0.0323,-0.0132,-0.0078,0.0200,3.1411,-6.483,-0.535,0.1915,487.734,119388,0.00209788,0.1917,-0.0028,-6.392,-0.388,3.1412,-0.0078,0.0200
198.80,47.900,0.1917,-0.0028,-0.0022,-0.0324,-0.0131,-0.0078,0.0200,3.1411,-6.488,-0.535,0.1916,487.727,119774,0.00237469,0.1917,-0.0024,-6.398,-0.388,3.1411,-0.0078,0.0200
198.90,47.920,0.1917,-0.0024,-0.0019,-0.0324,-0.0130,-0.0078,0.0200,3.1410,-6.493,-0.535,0.1916,487.727,119774,0.00237469,0.1917,-0.0024,-6.398,-0.388,3.1411,-0.0078,0.0200
199.00,47.940,0.1917,-0.0024,-0.0019,-0.0324,-0.0130,-0.0078,0.0200,3.1410,-6.498,-0.535,0.1916,487.715,120290,0.00237469,0.1917,-0.0024,-6.405,-0.388,3.1410,-0.0078,0.0200
199.10,47.980,0.1917,-0.0024,-0.0019,-0.0324,-0.0130,-0.0078,0.0200,3.1409,-6.503,-0.535,0.1916,487.705,120678,0.00209788,0.1917,-0.0024,-6.411,-0.388,3.1410,-0.0078,0.0200
199.20,48.000,0.1917,-0.0024,-0.0019,-0.0324,-0.0130,-0.0078,0.0200,3.1409,-6.507,-0.535,0.1917,487.694,121068,0.00237469,0.1917,-0.0021,-6.417,-0.388,3.1409,-0.0078,0.0200
199.30,48.020,0.1917,-0.0021,-0.0017,-0.0324,-0.0130,-0.0078,0.0200,3.1408,-6.512,-0.535,0.1917,487.694,121068,0.00237469,0.1917,-0.0021,-6.417,-0.388,3.1409,-0.0078,0.0200
199.40,48.040,0.1917,-0.0021,-0.0017,-0.0324,-0.0130,-0.0078,0.0200,3.1408,-6.517,-0.535,0.1917,487.677,121588,0.00237469,0.1917,-0.0021,-6.424,-0.388,3.1408,-0.0078,0.0200
199.50,48.080,0.1917,-0.0021,-0.0017,-0.0324,-0.0130,-0.0078,0.0200,3.1407,-6.522,-0.535,0.1917,487.664,121980,0.00209788,0.1917,-0.0021,-6.430,-0.388,3.1408,-0.0078,0.0200
199.60,48.100,0.1917,-0.0021,-0.0017,-0.0324,-0.0130,-0.0078,0.0200,3.1407,-6.527,-0.535,0.1917,487.649,122373,0.00237469,0.1918,-0.0019,-6.436,-0.388,3.1407,-0.0078,0.0200
199.70,48.120,0.1918,-0.0019,-0.0015,-0.0324,-0.0130,-0.0078,0.0200,3.1407,-6.532,-0.535,0.1917,487.649,122373,0.00237469,0.1918,-0.0019,-6.436,-0.388,3.1407,-0.0078,0.0200
199.80,48.140,0.1918,-0.0019,-0.0015,-0.0324,-0.0130,-0.0078,0.0200,3.1406,-6.537,-0.535,0.1917,487.628,122898,0.00237469,0.1918,-0.0019,-6.444,-0.388,3.1407,-0.0078,0.0200
199.90,48.180,0.1918,-0.0019,-0.0015,-0.0324,-0.0130,-0.0078,0.0200,3.1406,-6.542,-0.535,0.1917,487.611,123293,0.00209788,0.1918,-0.0019,-6.449,-0.388,3.1406,-0.0078,0.0200
200.00,48.200,0.1918,-0.0019,-0.0013,-0.0324,-0.0129,-0.0078,0.0200,3.1405,-6.547,-0.535,0.1917,487.594,123689,0.00237469,0.1918,-0.0016,-6.455,-0.388,3.1406,-0.0078,0.0200
200.10,48.220,0.1918,-0.0016,-0.0013,-0.0324,-0.0129,-0.0078,0.0200,3.1405,-6.552,-0.535,0.1917,487.569,124218,0.00237469,0.1918,-0.0016,-6.463,-0.388,3.1405,-0.0078,0.0200
200.20,48.260,0.1918,-0.0016,-0.0013,-0.0324,-0.0129,-0.0078,0.0200,3.1405,-6.557,-0.535,0.1917,487.569,124218,0.00237469,0.1918,-0.0016,-6.463,-0.388,3.1405,-0.0078,0.0200
202.75,48.900,0.1919,-0.0008,-0.0006,-0.0324,-0.0128,-0.0078,0.0200,3.1399,-6.681,-0.535,0.1919,486.998,133216,0.00237469,0.1919,-0.0007,-6.589,-0.388,3.1399,-0.0078,0.0200
202.85,48.920,0.1919,-0.0007,-0.0005,-0.0324,-0.0128,-0.0078,0.0200,3.1399,-6.685,-0.535,0.1919,486.956,133778,0.00237469,0.1919,-0.0007,-6.597,-0.388,3.1399,-0.0078,0.0200
202.95,48.940,0.1919,-0.0007,-0.0005,-0.0324,-0.0128,-0.0078,0.0200,3.1399,-6.690,-0.535,0.1919,486.956,133778,0.00237469,0.1919,-0.0007,-6.597,-0.388,3.1399,-0.0078,0.0200
203.05,48.980,0.1919,-0.0007,-0.0005,-0.0324,-0.0128,-0.0078,0.0200,3.1399,-6.695,-0.535,0.1919,486.924,134200,0.00209788,0.1919,-0.0007,-6.603,-0.388,3.1399,-0.0078,0.0200
203.15,49.000,0.1919,-0.0007,-0.0005,-0.0324,-0.0128,-0.0078,0.0200,3.1399,-6.700,-0.535,0.1919,486.892,134623,0.00237469,0.1919,-0.0007,-6.609,-0.388,3.1399,-0.0078,0.0200
203.25,49.020,0.1919,-0.0007,-0.0005,-0.0324,-0.0128,-0.0078,0.0200,3.1399,-6.705,-0.535,0.1919,486.849,135189,0.00237469,0.1919,-0.0007,-6.616,-0.388,3.1399,-0.0078,0.0200
203.35,49.060,0.1919,-0.0007,-0.0005,-0.0324,-0.0128,-0.0078,0.0200,3.1398,-6.710,-0.535,0.1919,486.849,135189,0.00237469,0.1919,-0.0007,-6.616,-0.388,3.1399,-0.0078,0.0200
203.45,49.080,0.1919,-0.0007,-0.0005,-0.0324,-0.0128,-0.0078,0.0200,3.1398,-6.715,-0.535,0.1919,486.816,135615,0.00209788,0.1919,-0.0007,-6.622,-0.388,3.1398,-0.0078,0.0200
203.55,49.100,0.1919,-0.0007,-0.0004,-0.0324,-0.0128,-0.0078,0.0200,3.1398,-6.720,-0.535,0.1919,486.783,136042,0.00237469,0.1919,-0.0006,-6.628,-0.388,3.1398,-0.0078,0.0200
203.65,49.120,0.1919,-0.0006,-0.0004,-0.0324,-0.0128,-0.0078,0.0200,3.1398,-6.725,-0.535,0.1919,486.739,136613,0.00237469,0.1919,-0.0006,-6.635,-0.388,3.1398,-0.0078,0.0200
203.75,49.160,0.1919,-0.0006,-0.0004,-0.0324,-0.0128,-0.0078,0.0200,3.1398,-6.730,-0.535,0.1919,486.705,137042,0.00209788,0.1919,-0.0006,-6.641,-0.388,3.1398,-0.0078,0.0200
203.85,49.180,0.1919,-0.0006,-0.0004,-0.0324,-0.0128,-0.0078,0.0200,3.1398,-6.735,-0.535,0.1919,486.705,137042,0.00209788,0.1919,-0.0006,-6.641,-0.388,3.1398,-0.0078,0.0200
203.95,49.200,0.1919,-0.0006,-0.0004,-0.0324,-0.0128,-0.0078,0.0200,3.1398,-6.740,-0.535,0.1919,486.671,137473,0.00237469,0.1919,-0.0005,-6.647,-0.388,3.1398,-0.0078,0.0200
204.05,49.240,0.1919,-0.0005,-0.0004,-0.0324,-0.0128,-0.0078,0.0200,3.1398,-6.745,-0.535,0.1919,486.625,138048,0.00237469,0.1919,-0.0005,-6.655,-0.388,3.1398,-0.0078,0.0200
204.15,49.260,0.1919,-0.0005,-0.0004,-0.0324,-0.0128,-0.0078,0.0200,3.1398,-6.749,-0.535,0.1919,486.625,138048,0.00237469,0.1919,-0.0005,-6.655,-0.388,3.1398,-0.0078,0.0200
204.25,49.280,0.1919,-0.0005,-0.0004,-0.0324,-0.0128,-0.0078,0.0200,3.1397,-6.754,-0.535,0.1919,486.59,138481,0.00209788,0.1919,-0.0005,-6.660,-0.388,3.1398,-0.0078,0.0200
204.35,49.300,0.1919,-0.0005,-0.0003,-0.0324,-0.0128,-0.0078,0.0200,3.1397,-6.758,-0.535,0.1919,486.556,138915,0.00237469,0.1919,-0.0005,-6.666,-0.388,3.1397,-0.0078,0.0200
204.45,49.340,0.1919,-0.0005,-0.0003,-0.0324,-0.0128,-0.0078,0.0200,3.1397,-6.764,-0.535,0.1919,486.509,139495,0.00237469,0.1919,-0.0005,-6.674,-0.388,3.1397,-0.0078,0.0200
204.55,49.360,0.1919,-0.0005,-0.0003,-0.0324,-0.0128,-0.0078,0.0200,3.1397,-6.768,-0.535,0.1919,486.509,139495,0.00237469,0.1919,-0.0005,-6.674,-0.388,3.1397,-0.0078,0.0200
204.65,49.380,0.1919,-0.0005,-0.0003,-0.0324,-0.0128,-0.0078,0.0200,3.1397,-6.773,-0.535,0.1919,486.473,139932,0.00209788,0.1919,-0.0005,-6.680,-0.388,3.1397,-0.0078,0.0200
204.75,49.400,0.1919,-0.0005,-0.0003,-0.0324,-0.0127,-0.0078,0.0200,3.1397,-6.777,-0.535,0.1919,486.438,140369,0.00237469,0.1919,-0.0004,-6.685,-0.388,3.1397,-0.0078,0.0200
204.85,49.420,0.1919,-0.0004,-0.0003,-0.0324,-0.0127,-0.0078,0.0200,3.1397,-6.782,-0.535,0.1919,486.39,140954,0.00237469,0.1919,-0.0004,-6.693,-0.388,3.1397,-0.0078,0.0200
204.95,49.460,0.1919,-0.0004,-0.0003,-0.0324,-0.0127,-0.0078,0.0200,3.1397,-6.787,-0.535,0.1919,486.39,140954,0.00237469,0.1919,-0.0004,-6.693,-0.388,3.1397,-0.0078,0.0200
205.05,49.480,0.1919,-0.0004,-0.0003,-0.0324,-0.0127,-0.0078,0.0200,3.1397,-6.792,-0.535,0.1919,486.353,141394,0.00209788,0.1919,-0.0004,-6.699,-0.388,3.1397,-0.0078,0.0200
205.15,49.500,0.1919,-0.0004,-0.0003,-0.0324,-0.0128,-0.0078,0.0200,3.1397,-6.796,-0.535,0.1919,486.317,141836,0.00237469,0.1920,-0.0004,-6.705,-0.388,3.1397,-0.0078,0.0200
205.25,49.520,0.1920,-0.0004,-0.0003,-0.0324,-0.0128,-0.0078,0.0200,3.1397,-6.801,-0.535,0.1919,486.268,142426,0.00237469,0.1920,-0.0004,-6.712,-0.388,3.1397,-0.0078,0.0200
205.35,49.540,0.1920,-0.0004,-0.0003,-0.0324,-0.0128,-0.0078,0.0200,3.1397,-6.805,-0.535,0.1919,486.268,142426,0.00237469,0.1920,-0.0004,-6.712,-0.388,3.1397,-0.0078,0.0200
205.45,49.560,0.1920,-0.0004,-0.0003,-0.0324,-0.0128,-0.0078,0.0200,3.1397,-6.809,-0.535,0.1919,486.231,142869,0.00209788,0.1920,-0.0004,-6.718,-0.388,3.1397,-0.0078,0.0200
205.55,49.600,0.1920,-0.0004,-0.0003,-0.0324,-0.0128,-0.0078,0.0200,3.1396,-6.814,-0.535,0.1919,486.194,143314,0.00237469,0.1920,-0.0003,-6.724,-0.388,3.1396,-0.0078,0.0200
205.65,49.620,0.1920,-0.0003,-0.0003,-0.0324,-0.0127,-0.0078,0.0200,3.1396,-6.818,-0.535,0.1919,486.194,143314,0.00237469,0.1920,-0.0003,-6.724,-0.388,3.1396,-0.0078,0.0200
205.75,49.640,0.1920,-0.0003,-0.0003,-0.0324,-0.0127,-0.0078,0.0200,3.1396,-6.823,-0.535,0.1919,486.144,143909,0.00237469,0.1920,-0.0003,-6.731,-0.388,3.1396,-0.0078,0.0200
205.85,49.660,0.1920,-0.0003,-0.0003,-0.0324,-0.0127,-0.0078,0.0200,3.1396,-6.828,-0.535,0.1919,486.107,144356,0.00209788,0.1920,-0.0003,-6.737,-0.388,3.1396,-0.0078,0.0200
205.95,49.700,0.1920,-0.0003,-0.0003,-0.0324,-0.0128,-0.0078,0.0200,3.1396,-6.833,-0.535,0.1919,486.069,144805,0.00237469,0.1920,-0.0003,-6.743,-0.388,3.1396,-0.0078,0.0200
206.05,49.720,0.1920,-0.0003,-0.0002,-0.0324,-0.0127,-0.0078,0.0200,3.1396,-6.837,-0.534,0.1919,486.069,144805,0.00237469,0.1920,-0.0003,-6.743,-0.388,3.1396,-0.0078,0.0200
206.15,49.740,0.1920,-0.0003,-0.0002,-0.0324,-0.0127,-0.0078,0.0200,3.1396,-6.842,-0.534,0.1919,486.018,145404,0.00237469,0.1920,-0.0003,-6.751,-0.388,3.1396,-0.0078,0.0200
206.25,49.760,0.1920,-0.0003,-0.0002,-0.0324,-0.0127,-0.0078,0.0200,3.1396,-6.847,-0.534,0.1919,485.98,145855,0.00209788,0.1920,-0.0003,-6.756,-0.388,3.1396,-0.0078,0.0200
206.35,49.800,0.1920,-0.0003,-0.0002,-0.0324,-0.0127,-0.0078,0.0200,3.1396,-6.852,-0.534,0.1919,485.942,146307,0.00237469,0.1920,-0.0003,-6.762,-0.388,3.1396,-0.0078,0.0200
206.45,49.820,0.1920,-0.0003,-0.0002,-0.0324,-0.0127,-0.0078,0.0200,3.1396,-6.857,-0.534,0.1919,485.942,146307,0.00237469,0.1920,-0.0003,-6.762,-0.388,3.1396,-0.0078,0.0200
206.55,49.840,0.1920,-0.0003,-0.0002,-0.0324,-0.0127,-0.0078,0.0200,3.1396,-6.862,-0.534,0.1919,485.89,146912,0.00237469,0.1920,-0.0003,-6.770,-0.387,3.1396,-0.0078,0.0200
206.65,49.860,0.1920,-0.0003,-0.0002,-0.0324,-0.0127,-0.0078,0.0200,3.1396,-6.866,-0.534,0.1919,485.852,147367,0.00209788,0.1920,-0.0003,-6.776,-0.387,3.1396,-0.0078,0.0200
206.75,49.880,0.1920,-0.0003,-0.0002,-0.0324,-0.0127,-0.0078,0.0200,3.1396,-6.871,-0.534,0.1919,485.813,147822,0.00237469,0.1920,-0.0002,-6.781,-0.387,3.1396,-0.0078,0.0200
206.85,49.920,0.1920,-0.0002,-0.0002,-0.0324,-0.0127,-0.0078,0.0200,3.1396,-6.875,-0.534,0.1919,485.813,147822,0.00237469,0.1920,-0.0002,-6.781,-0.387,3.1396,-0.0078,0.0200
206.95,49.940,0.1920,-0.0002,-0.0002,-0.0324,-0.0127,-0.0078,0.0200,3.1396,-6.880,-0.534,0.1919,485.761,148432,0.00237469,0.1920,-0.0002,-6.789,-0.387,3.1396,-0.0078,0.0200
207.05,49.960,0.1920,-0.0002,-0.0002,-0.0324,-0.0127,-0.0078,0.0200,3.1396,-6.885,-0.534,0.1919,485.722,148890,0.00209788,0.1920,-0.0002,-6.795,-0.387,3.1396,-0.0078,0.0200
207.15,50.000,0.1920,-0.0002,-0.0002,-0.0324,-0.0127,-0.0078,0.0200,3.1396,-6.890,-0.534,0.1919,485.682,149350,0.00237469,0.1920,-0.0002,-6.801,-0.387,3.1396,-0.0078,0.0200
207.25,50.020,0.1920,-0.0002,-0.0002,-0.0324,-0.0127,-0.0078,0.0200,3.1395,-6.895,-0.534,0.1919,485.682,149350,0.00237469,0.1920,-0.0002,-6.801,-0.387,3.1396,-0.0078,0.0200
207.35,50.040,0.1920,-0.0002,-0.0002,-0.0324,-0.0127,-0.0078,0.0200,3.1395,-6.901,-0.534,0.1919,485.63,149964,0.00237469,0.1920,-0.0002,-6.808,-0.387,3.1395,-0.0078,0.0200
207.45,50.080,0.1920,-0.0002,-0.0002,-0.0324,-0.0127,-0.0078,0.0200,3.1395,-6.906,-0.534,0.1919,485.59,150426,0.00209788,0.1920,-0.0002,-6.814,-0.387,3.1395,-0.0078,0.0200
207.55,50.100,0.1920,-0.0002,-0.0002,-0.0324,-0.0127,-0.0078,0.0200,3.1395,-6.910,-0.534,0.1919,485.55,150890,0.00237469,0.1920,-0.0002,-6.820,-0.387,3.1395,-0.0078,0.0200
207.65,50.120,0.1920,-0.0002,-0.0002,-0.0324,-0.0127,-0.0078,0.0200,3.1395,-6.916,-0.534,0.1919,485.497,151509,0.00237469,0.1920,-0.0002,-6.827,-0.387,3.1395,-0.0078,0.0200
207.75,50.140,0.1920,-0.0002,-0.0002,-0.0324,-0.0127,-0.0078,0.0200,3.1395,-6.921,-0.534,0.1919,485.497,151509,0.00237469,0.1920,-0.0002,-6.827,-0.387,3.1395,-0.0078,0.0200
207.85,50.180,0.1920,-0.0002,-0.0002,-0.0324,-0.0127,-0.0078,0.0200,3.1395,-6.925,-0.534,0.1919,485.457,151975,0.00209788,0.1920,-0.0002,-6.833,-0.387,3.1395,-0.0078,0.0200
207.95,50.200,0.1920,-0.0002,-0.0002,-0.0324,-0.0127,-0.0078,0.0200,3.1395,-6.929,-0.534,0.1919,485.417,152442,0.00237469,0.1920,-0.0002,-6.839,-0.387,3.1395,-0.0078,0.0200
208.05,50.220,0.1920,-0.0002,-0.0001,-0.0324,-0.0127,-0.0078,0.0200,3.1395,-6.935,-0.534,0.1919,485.417,152442,0.00237469,0.1920,-0.0002,-6.839,-0.387,3.1395,-0.0078,0.0200
208.15,50.240,0.1920,-0.0002,-0.0001,-0.0324,-0.0127,-0.0078,0.0200,3.1395,-6.939,-0.534,0.1919,485.363,153067,0.00237469,0.1920,-0.0002,-6.847,-0.387,3.1395,-0.0078,0.0200
208.25,50.280,0.1920,-0.0002,-0.0001,-0.0324,-0.0127,-0.0078,0.0200,3.1395,-6.944,-0.534,0.1919,485.322,153536,0.00209788,0.1920,-0.0002,-6.852,-0.387,3.1395,-0.0078,0.0200
208.35,50.300,0.1920,-0.0002,-0.0001,-0.0324,-0.0127,-0.0078,0.0200,3.1395,-6.949,-0.534,0.1919,485.282,154007,0.00237469,0.1920,-0.0001,-6.858,-0.387,3.1395,-0.0078,0.0200
208.45,50.320,0.1920,-0.0001,-0.0001,-0.0324,-0.0127,-0.0078,0.0200,3.1395,-6.954,-0.534,0.1919,485.282,154007,0.00237469,0.1920,-0.0001,-6.858,-0.387,3.1395,-0.0078,0.0200
208.55,50.340,0.1920,-0.0001,-0.0001,-0.0324,-0.0127,-0.0078,0.0200,3.1395,-6.959,-0.534,0.1919,485.227,154637,0.00237469,0.1920,-0.0001,-6.866,-0.387,3.1395,-0.0078,0.0200
208.65,50.380,0.1920,-0.0001,-0.0001,-0.0324,-0.0127,-0.0078,0.0200,3.1395,-6.964,-0.534,0.1919,485.186,155110,0.00209788,0.1920,-0.0001,-6.872,-0.387,3.1395,-0.0078,0.0200
208.75,50.400,0.1920,-0.0001,-0.0001,-0.0324,-0.0127,-0.0078,0.0200,3.1395,-6.969,-0.534,0.1919,485.145,155585,0.00237469,0.1920,-0.0001,-6.877,-0.387,3.1395,-0.0078,0.0200
208.85,50.420,0.1920,-0.0001,-0.0001,-0.0324,-0.0127,-0.0078,0.0200,3.1395,-6.973,-0.534,0.1919,485.091,156219,0.00237469,0.1920,-0.0001,-6.885,-0.387,3.1395,-0.0078,0.0200
208.95,50.440,0.1920,-0.0001,-0.0001,-0.0324,-0.0127,-0.0078,0.0200,3.1395,-6.978,-0.534,0.1919,485.091,156219,0.00237469,0.1920,-0.0001,-6.885,-0.387,3.1395,-0.0078,0.0200
209.05,50.460,0.1920,-0.0001,-0.0001,-0.0324,-0.0127,-0.0078,0.0200,3.1395,-6.981,-0.534,0.1919,485.05,156697,0.00209788,0.1920,-0.0001,-6.891,-0.387,3.1395,-0.0078,0.0200
209.15,50.480,0.1920,-0.0001,-0.0001,-0.0324,-0.0127,-0.0078,0.0200,3.1395,-6.985,-0.534,0.1919,485.05,156697,0.00209788,0.1920,-0.0001,-6.891,-0.387,3.1395,-0.0078,0.0200
209.25,50.500,0.1920,-0.0001,-0.0001,-0.0324,-0.0127,-0.0078,0.0200,3.1395,-6.987,-0.534,0.1919,485.008,157175,0.00237469,0.1920,-0.0001,-6.896,-0.387,3.1395,-0.0078,0.0200
209.35,50.500,0.1920,-0.0001,-0.0001,-0.0324,-0.0127,-0.0078,0.0200,3.1395,-6.990,-0.534,0.1919,485.008,157175,0.00237469,0.1920,-0.0001,-6.896,-0.387,3.1395,-0.0078,0.0200
209.45,50.520,0.1920,-0.0001,-0.0001,-0.0324,-0.0127,-0.0078,0.0200,3.1395,-6.993,-0.534,0.1919,484.953,157815,0.00237469,0.1920,-0.0001,-6.904,-0.387,3.1395,-0.0078,0.0200
209.55,50.540,0.1920,-0.0001,-0.0001,-0.0324,-0.0127,-0.0078,0.0200,3.1395,-6.997,-0.534,0.1919,484.953,157815,0.00237469,0.1920,-0.0001,-6.904,-0.387,3.1395,-0.0078,0.0200
209.65,50.580,0.1920,-0.0001,-0.0001,-0.0324,-0.0127,-0.0078,0.0200,3.1395,-7.001,-0.534,0.1919,484.912,158296,0.00209788,0.1920,-0.0001,-6.910,-0.387,3.1395,-0.0078,0.0200
209.75,50.580,0.1920,-0.0001,-0.0001,-0.0324,-0.0127,-0.0078,0.0200,3.1395,-7.005,-0.534,0.1919,484.912,158296,0.00209788,0.1920,-0.0001,-6.910,-0.387,3.1395,-0.0078,0.0200
209.85,50.620,0.1920,-0.0001,-0.0001,-0.0324,-0.0127,-0.0078,0.0200,3.1395,-7.009,-0.534,0.1919,484.87,158778,0.00237469,0.1920,-0.0001,-6.916,-0.387,3.1395,-0.0078,0.0200
209.95,50.640,0.1920,-0.0001,-0.0001,-0.0324,-0.0127,-0.0078,0.0200,3.1395,-7.014,-0.534,0.1919,484.815,159423,0.00237469,0.1920,-0.0001,-6.923,-0.387,3.1395,-0.0078,0.0200
210.05,50.660,0.1920,-0.0001,-0.0001,-0.0324,-0.0127,-0.0078,0.0200,3.1395,-7.019,-0.534,0.1919,484.773,159908,0.00209788,0.1920,-0.0001,-6.929,-0.387,3.1395,-0.0078,0.0200
210.15,50.680,0.1920,-0.0001,-0.0001,-0.0324,-0.0127,-0.0078,0.0200,3.1395,-7.024,-0.534,0.1919,484.773,159908,0.00209788,0.1920,-0.0001,-6.929,-0.387,3.1395,-0.0078,0.0200
210.25,50.720,0.1920,-0.0001,-0.0001,-0.0324,-0.0127,-0.0078,0.0200,3.1395,-7.029,-0.534,0.1919,484.731,160394,0.00237469,0.1920,-0.0001,-6.935,-0.387,3.1395,-0.0078,0.0200
210.35,50.740,0.1920,-0.0001,-0.0001,-0.0324,-0.0127,-0.0078,0.0200,3.1395,-7.034,-0.534,0.1919,484.675,161045,0.00237469,0.1920,-0.0001,-6.943,-0.387,3.1395,-0.0078,0.0200
210.45,50.760,0.1920,-0.0001,-0.0001,-0.0324,-0.0127,-0.0078,0.0200,3.1395,-7.039,-0.534,0.1919,484.633,161533,0.00209788,0.1920,-0.0001,-6.948,-0.387,3.1395,-0.0078,0.0200
210.55,50.780,0.1920,-0.0001,-0.0001,-0.0324,-0.0127,-0.0078,0.0200,3.1395,-7.043,-0.534,0.1919,484.633,161533,0.00209788,0.1920,-0.0001,-6.948,-0.387,3.1395,-0.0078,0.0200
210.65,50.800,0.1920,-0.0001,-0.0001,-0.0324,-0.0127,-0.0078,0.0200,3.1395,-7.047,-0.534,0.1920,484.591,162024,0.00237469,0.1920,-0.0001,-6.954,-0.387,3.1395,-0.0078,0.0200
210.75,50.840,0.1920,-0.0001,-0.0001,-0.0321,-0.0128,-0.0078,0.0200,3.1395,-7.052,-0.534,0.1920,484.535,162679,0.00237469,0.1920,-0.0001,-6.962,-0.387,3.1395,-0.0078,0.0200
210.85,50.860,0.1920,-0.0001,-0.0001,-0.0324,-0.0127,-0.0078,0.0200,3.1394,-7.057,-0.534,0.1920,484.493,163172,0.00209788,0.1920,-0.0001,-6.968,-0.387,3.1395,-0.0078,0.0200
210.95,50.880,0.1920,-0.0001,-0.0001,-0.0324,-0.0127,-0.0078,0.0200,3.1394,-7.062,-0.534,0.1920,484.493,163172,0.00209788,0.1920,-0.0001,-6.968,-0.387,3.1395,-0.0078,0.0200
211.05,50.920,0.1920,-0.0001,-0.0000,-0.0324,-0.0127,-0.0078,0.0200,3.1394,-7.067,-0.534,0.1920,484.45,163666,0.00237469,0.1920,-0.0001,-6.973,-0.387,3.1394,-0.0078,0.0200
211.15,50.940,0.1920,-0.0001,-0.0000,-0.0324,-0.0127,-0.0078,0.0200,3.1394,-7.071,-0.534,0.1920,484.394,164326,0.00237469,0.1920,-0.0001,-6.981,-0.387,3.1394,-0.0078,0.0200
211.25,50.960,0.1920,-0.0001,-0.0000,-0.0324,-0.0127,-0.0078,0.0200,3.1394,-7.074,-0.534,0.1920,484.394,164326,0.00237469,0.1920,-0.0001,-6.981,-0.387,3.1394,-0.0078,0.0200
211.35,50.980,0.1920,-0.0001,-0.0000,-0.0324,-0.0127,-0.0078,0.0200,3.1394,-7.079,-0.534,0.1920,484.352,164823,0.00209788,0.1920,-0.0001,-6.987,-0.387,3.1394,-0.0078,0.0200
211.45,51.000,0.1920,-0.0001,-0.0000,-0.0324,-0.0127,-0.0078,0.0200,3.1394,-7.084,-0.534,0.1920,484.309,165321,0.00237469,0.1920,-0.0001,-6.992,-0.387,3.1394,-0.0078,0.0200
211.55,51.020,0.1920,-0.0001,-0.0000,-0.0324,-0.0127,-0.0078,0.0200,3.1394,-7.088,-0.534,0.1920,484.309,165321,0.00237469,0.1920,-0.0001,-6.992,-0.387,3.1394,-0.0078,0.0200
211.65,51.040,0.1920,-0.0001,-0.0000,-0.0324,-0.0127,-0.0078,0.0200,3.1394,-7.092,-0.534,0.1920,484.252,165987,0.00237469,0.1920,-0.0001,-7.000,-0.387,3.1394,-0.0078,0.0200
211.75,51.060,0.1920,-0.0001,-0.0000,-0.0324,-0.0127,-0.0078,0.0200,3.1394,-7.097,-0.534,0.1920,484.21,166488,0.00209788,0.1920,-0.0001,-7.006,-0.387,3.1394,-0.0078,0.0200
211.85,51.100,0.1920,-0.0001,-0.0000,-0.0324,-0.0127,-0.0078,0.0200,3.1394,-7.101,-0.534,0.1920,484.167,166989,0.00237469,0.1920,-0.0000,-7.012,-0.387,3.1394,-0.0078,0.0200
211.95,51.120,0.1920,-0.0000,-0.0000,-0.0324,-0.0127,-0.0078,0.0200,3.1394,-7.106,-0.534,0.1920,484.167,166989,0.00237469,0.1920,-0.0000,-7.012,-0.387,3.1394,-0.0078,0.0200
212.05,51.140,0.1920,-0.0000,-0.0000,-0.0324,-0.0127,-0.0078,0.0200,3.1394,-7.110,-0.534,0.1920,484.11,167661,0.00237469,0.1920,-0.0000,-7.019,-0.387,3.1394,-0.0078,0.0200
212.15,51.160,0.1920,-0.0000,-0.0000,-0.0324,-0.0127,-0.0078,0.0200,3.1394,-7.115,-0.534,0.1920,484.068,168165,0.00209788,0.1920,-0.0000,-7.025,-0.387,3.1394,-0.0078,0.0200
212.25,51.180,0.1920,-0.0000,-0.0000,-0.0324,-0.0127,-0.0078,0.0200,3.1394,-7.120,-0.534,0.1920,484.068,168165,0.00209788,0.1920,-0.0000,-7.025,-0.387,3.1394,-0.0078,0.0200
212.35,51.220,0.1920,-0.0000,-0.0000,-0.0324,-0.0127,-0.0078,0.0200,3.1394,-7.125,-0.534,0.1920,484.025,168671,0.00237469,0.1920,-0.0000,-7.031,-0.387,3.1394,-0.0078,0.0200
212.45,51.240,0.1920,-0.0000,-0.0000,-0.0324,-0.0127,-0.0078,0.0200,3.1394,-7.130,-0.534,0.1920,483.968,169348,0.00237469,0.1920,-0.0000,-7.039,-0.387,3.1394,-0.0078,0.0200
212.55,51.260,0.1920,-0.0000,-0.0000,-0.0324,-0.0127,-0.0078,0.0200,3.1394,-7.135,-0.534,0.1920,483.925,169856,0.00209788,0.1920,-0.0000,-7.044,-0.387,3.1394,-0.0078,0.0200
212.65,51.280,0.1920,-0.0000,-0.0000,-0.0324,-0.0127,-0.0078,0.0200,3.1394,-7.139,-0.534,0.1920,483.925,169856,0.00209788,0.1920,-0.0000,-7.044,-0.387,3.1394,-0.0078,0.0200
212.75,51.300,0.1920,-0.0000,-0.0039,-0.7181,0.0269,-0.0078,0.0200,3.1394,-7.143,-0.534,0.1829,483.882,170366,0.00237469,0.1824,-0.0470,-7.050,-0.387,3.1394,-0.0078,0.0200
212.85,51.340,0.1824,-0.0355,-0.0242,-0.0136,-0.0054,-0.0079,0.0200,3.1388,-7.147,-0.534,0.1831,483.824,171048,0.00237469,0.1824,-0.0470,-7.058,-0.387,3.1392,-0.0078,0.0200
212.95,51.360,0.1824,-0.0470,-0.0378,-0.0354,-0.0139,-0.0079,0.0200,3.1380,-7.151,-0.534,0.1832,483.824,171048,0.00237469,0.1824,-0.0470,-7.058,-0.387,3.1392,-0.0079,0.0200
213.05,51.380,0.1824,-0.0470,-0.0377,-0.0361,-0.0142,-0.0079,0.0200,3.1370,-7.156,-0.534,0.1831,483.769,171561,0.00209788,0.1824,-0.0470,-7.063,-0.387,3.1382,-0.0079,0.0200
213.15,51.400,0.1824,-0.0470,-0.0271,-0.0003,-0.0001,-0.0079,0.0200,3.1361,-7.161,-0.534,0.1823,483.693,172075,0.00237469,0.1825,-0.0457,-7.069,-0.387,3.1371,-0.0079,0.0200
213.25,51.420,0.1825,-0.0457,-0.0333,-0.0344,-0.0137,-0.0079,0.0200,3.1352,-7.165,-0.534,0.1822,483.555,172762,0.00237469,0.1825,-0.0457,-7.076,-0.387,3.1356,-0.0079,0.0200
213.35,51.460,0.1825,-0.0457,-0.0333,-0.0344,-0.0137,-0.0079,0.0199,3.1345,-7.169,-0.534,0.1822,483.555,172762,0.00237469,0.1825,-0.0457,-7.076,-0.387,3.1356,-0.0079,0.0199
213.45,51.480,0.1825,-0.0457,-0.0333,-0.0344,-0.0137,-0.0080,0.0199,3.1337,-7.174,-0.534,0.1821,483.426,173279,0.00209788,0.1825,-0.0457,-7.081,-0.387,3.1346,-0.0080,0.0199
213.55,51.500,0.1825,-0.0457,-0.0332,-0.0344,-0.0137,-0.0080,0.0199,3.1329,-7.178,-0.534,0.1826,483.276,173797,0.00237469,0.1831,-0.0406,-7.087,-0.387,3.1336,-0.0080,0.0199
213.65,51.520,0.1831,-0.0406,-0.0295,-0.0341,-0.0137,-0.0080,0.0199,3.1322,-7.183,-0.534,0.1826,483.043,174490,0.00237469,0.1831,-0.0406,-7.094,-0.387,3.1323,-0.0080,0.0199
213.75,51.560,0.1831,-0.0406,-0.0295,-0.0341,-0.0137,-0.0080,0.0199,3.1314,-7.188,-0.534,0.1825,483.043,174490,0.00237469,0.1831,-0.0406,-7.094,-0.387,3.1323,-0.0080,0.0199
213.85,51.580,0.1831,-0.0406,-0.0295,-0.0341,-0.0137,-0.0080,0.0199,3.1306,-7.192,-0.534,0.1825,482.847,175011,0.00209788,0.1831,-0.0406,-7.100,-0.387,3.1314,-0.0080,0.0199
213.95,51.600,0.1831,-0.0406,-0.0263,-0.0339,-0.0137,-0.0080,0.0199,3.1299,-7.197,-0.534,0.1829,482.632,175533,0.00237469,0.1837,-0.0363,-7.105,-0.387,3.1305,-0.0080,0.0199
214.05,51.620,0.1837,-0.0363,-0.0263,-0.0339,-0.0137,-0.0080,0.0199,3.1293,-7.201,-0.534,0.1829,482.318,176231,0.00237469,0.1837,-0.0363,-7.112,-0.386,3.1294,-0.0080,0.0199
214.15,51.660,0.1837,-0.0363,-0.0263,-0.0339,-0.0137,-0.0081,0.0199,3.1287,-7.205,-0.534,0.1828,482.318,176231,0.00237469,0.1837,-0.0363,-7.112,-0.386,3.1294,-0.0081,0.0199
214.25,51.680,0.1837,-0.0363,-0.0263,-0.0339,-0.0137,-0.0081,0.0199,3.1281,-7.210,-0.534,0.1828,482.063,176756,0.00209788,0.1837,-0.0363,-7.118,-0.386,3.1287,-0.0081,0.0199
214.35,51.700,0.1837,-0.0363,-0.0263,-0.0339,-0.0138,-0.0081,0.0199,3.1275,-7.214,-0.534,0.1832,481.792,177282,0.00237469,0.1841,-0.0324,-7.123,-0.386,3.1279,-0.0081,0.0199
214.45,51.720,0.1841,-0.0324,-0.0235,-0.0322,-0.0176,-0.0081,0.0199,3.1269,-7.218,-0.534,0.1831,481.792,177282,0.00237469,0.1841,-0.0324,-7.123,-0.386,3.1279,-0.0081,0.0199
214.55,51.740,0.1841,-0.0324,-0.0235,-0.0322,-0.0176,-0.0081,0.0199,3.1263,-7.223,-0.534,0.1831,481.405,177985,0.00237469,0.1841,-0.0324,-7.131,-0.386,3.1269,-0.0081,0.0199
214.65,51.780,0.1841,-0.0324,-0.0235,-0.0321,-0.0176,-0.0081,0.0199,3.1258,-7.227,-0.534,0.1831,481.098,178515,0.00209788,0.1841,-0.0324,-7.136,-0.386,3.1262,-0.0081,0.0199
214.75,51.800,0.1841,-0.0324,-0.0235,-0.0321,-0.0176,-0.0081,0.0199,3.1252,-7.232,-0.534,0.1836,480.776,179045,0.00237469,0.1845,-0.0290,-7.142,-0.386,3.1255,-0.0081,0.0199
214.85,51.820,0.1845,-0.0290,-0.0211,-0.0321,-0.0172,-0.0081,0.0199,3.1248,-7.236,-0.534,0.1836,480.776,179045,0.00237469,0.1845,-0.0290,-7.142,-0.386,3.1255,-0.0081,0.0199
214.95,51.840,0.1845,-0.0290,-0.0211,-0.0321,-0.0172,-0.0081,0.0199,3.1243,-7.240,-0.534,0.1836,480.325,179754,0.00237469,0.1845,-0.0290,-7.149,-0.386,3.1246,-0.0081,0.0199
215.05,51.860,0.1845,-0.0290,-0.0210,-0.0321,-0.0172,-0.0082,0.0199,3.1239,-7.243,-0.534,0.1836,480.325,179754,0.00237469,0.1845,-0.0290,-7.149,-0.386,3.1246,-0.0082,0.0199
215.15,51.880,0.1845,-0.0290,-0.0210,-0.0321,-0.0172,-0.0082,0.0199,3.1236,-7.246,-0.534,0.1836,479.971,180287,0.00209788,0.1845,-0.0290,-7.155,-0.386,3.1240,-0.0082,0.0199
215.25,51.900,0.1845,-0.0290,-0.0210,-0.0321,-0.0172,-0.0082,0.0199,3.1231,-7.250,-0.534,0.1841,479.604,180822,0.00237469,0.1849,-0.0260,-7.160,-0.386,3.1234,-0.0082,0.0199
215.35,51.920,0.1849,-0.0260,-0.0188,-0.0321,-0.0168,-0.0082,0.0198,3.1227,-7.254,-0.534,0.1841,479.604,180822,0.00237469,0.1849,-0.0260,-7.160,-0.386,3.1234,-0.0082,0.0198
215.45,51.940,0.1849,-0.0260,-0.0188,-0.0321,-0.0168,-0.0082,0.0198,3.1222,-7.259,-0.533,0.1841,479.095,181536,0.00237469,0.1849,-0.0260,-7.168,-0.386,3.1226,-0.0082,0.0198
215.55,51.960,0.1849,-0.0260,-0.0188,-0.0321,-0.0168,-0.0082,0.0198,3.1219,-7.262,-0.533,0.1841,478.699,182074,0.00209788,0.1849,-0.0260,-7.173,-0.386,3.1220,-0.0082,0.0198
215.65,51.980,0.1849,-0.0260,-0.0188,-0.0321,-0.0168,-0.0082,0.0198,3.1215,-7.266,-0.533,0.1841,478.699,182074,0.00209788,0.1849,-0.0260,-7.173,-0.386,3.1220,-0.0082,0.0198
215.75,52.000,0.1849,-0.0260,-0.0188,-0.0321,-0.0168,-0.0082,0.0198,3.1213,-7.268,-0.533,0.1845,478.292,182612,0.00237469,0.1852,-0.0233,-7.179,-0.385,3.1215,-0.0082,0.0198
215.85,52.000,0.1849,-0.0260,-0.0169,-0.0321,-0.0165,-0.0082,0.0198,3.1210,-7.271,-0.533,0.1845,478.292,182612,0.00237469,0.1852,-0.0233,-7.179,-0.385,3.1215,-0.0082,0.0198
215.95,52.020,0.1852,-0.0233,-0.0169,-0.0321,-0.0165,-0.0082,0.0198,3.1208,-7.274,-0.533,0.1845,478.292,182612,0.00237469,0.1852,-0.0233,-7.179,-0.385,3.1215,-0.0082,0.0198
216.05,52.040,0.1852,-0.0233,-0.0169,-0.0321,-0.0165,-0.0082,0.0198,3.1205,-7.277,-0.533,0.1845,477.732,183332,0.00237469,0.1852,-0.0233,-7.186,-0.385,3.1208,-0.0082,0.0198
216.15,52.060,0.1852,-0.0233,-0.0169,-0.0321,-0.0165,-0.0082,0.0198,3.1202,-7.280,-0.533,0.1845,477.299,183874,0.00209788,0.1852,-0.0233,-7.192,-0.385,3.1203,-0.0082,0.0198
216.25,52.080,0.1852,-0.0233,-0.0169,-0.0321,-0.0165,-0.0082,0.0198,3.1198,-7.284,-0.533,0.1845,477.299,183874,0.00209788,0.1852,-0.0233,-7.192,-0.385,3.1203,-0.0082,0.0198
216.35,52.100,0.1852,-0.0233,-0.0169,-0.0321,-0.0165,-0.0082,0.0198,3.1195,-7.288,-0.533,0.1848,476.856,184417,0.00237469,0.1855,-0.0209,-7.197,-0.385,3.1198,-0.0082,0.0198
216.45,52.120,0.1855,-0.0209,-0.0151,-0.0321,-0.0162,-0.0082,0.0198,3.1192,-7.292,-0.533,0.1848,476.856,184417,0.00237469,0.1855,-0.0209,-7.197,-0.385,3.1198,-0.0082,0.0198
216.55,52.140,0.1855,-0.0209,-0.0151,-0.0321,-0.0162,-0.0083,0.0198,3.1189,-7.295,-0.533,0.1848,476.25,185142,0.00237469,0.1855,-0.0209,-7.205,-0.385,3.1191,-0.0082,0.0198
216.65,52.160,0.1855,-0.0209,-0.0151,-0.0321,-0.0162,-0.0083,0.0198,3.1185,-7.300,-0.533,0.1848,475.785,185688,0.00209788,0.1855,-0.0209,-7.210,-0.385,3.1187,-0.0083,0.0198
216.75,52.180,0.1855,-0.0209,-0.0151,-0.0321,-0.0162,-0.0083,0.0198,3.1182,-7.304,-0.533,0.1848,475.785,185688,0.00209788,0.1855,-0.0209,-7.210,-0.385,3.1187,-0.0083,0.0198
216.85,52.200,0.1855,-0.0209,-0.0135,-0.0318,-0.0167,-0.0083,0.0198,3.1179,-7.307,-0.533,0.1852,475.31,186235,0.00237469,0.1858,-0.0187,-7.216,-0.385,3.1182,-0.0083,0.0198
216.95,52.220,0.1858,-0.0187,-0.0135,-0.0321,-0.0160,-0.0083,0.0198,3.1177,-7.310,-0.533,0.1852,475.31,186235,0.00237469,0.1858,-0.0187,-7.216,-0.385,3.1182,-0.0083,0.0198
217.05,52.240,0.1858,-0.0187,-0.0135,-0.0321,-0.0160,-0.0083,0.0198,3.1174,-7.314,-0.533,0.1852,474.663,186967,0.00237469,0.1858,-0.0187,-7.223,-0.384,3.1177,-0.0083,0.0198
217.15,52.260,0.1858,-0.0187,-0.0135,-0.0321,-0.0160,-0.0083,0.0198,3.1171,-7.318,-0.533,0.1852,474.169,187517,0.00209788,0.1858,-0.0187,-7.229,-0.384,3.1173,-0.0083,0.0198
217.25,52.280,0.1858,-0.0187,-0.0135,-0.0321,-0.0160,-0.0083,0.0198,3.1168,-7.323,-0.533,0.1852,474.169,187517,0.00209788,0.1858,-0.0187,-7.229,-0.384,3.1173,-0.0083,0.0198
217.35,52.300,0.1858,-0.0187,-0.0121,-0.0321,-0.0157,-0.0083,0.0198,3.1165,-7.326,-0.533,0.1855,473.666,188068,0.00237469,0.1860,-0.0168,-7.234,-0.384,3.1169,-0.0083,0.0198
217.45,52.320,0.1860,-0.0168,-0.0121,-0.0321,-0.0157,-0.0083,0.0198,3.1163,-7.331,-0.532,0.1855,472.983,188805,0.00237469,0.1860,-0.0168,-7.242,-0.384,3.1164,-0.0083,0.0198
217.55,52.340,0.1860,-0.0168,-0.0121,-0.0321,-0.0157,-0.0083,0.0198,3.1161,-7.334,-0.532,0.1855,472.983,188805,0.00237469,0.1860,-0.0168,-7.242,-0.384,3.1164,-0.0083,0.0198
217.65,52.360,0.1860,-0.0168,-0.0121,-0.0320,-0.0157,-0.0083,0.0198,3.1159,-7.337,-0.532,0.1855,472.462,189359,0.00209788,0.1860,-0.0168,-7.247,-0.384,3.1160,-0.0083,0.0198
217.75,52.380,0.1860,-0.0168,-0.0121,-0.0320,-0.0158,-0.0083,0.0198,3.1157,-7.340,-0.532,0.1854,472.462,189359,0.00209788,0.1860,-0.0168,-7.247,-0.384,3.1160,-0.0083,0.0198
217.85,52.400,0.1860,-0.0168,-0.0122,-0.0323,-0.0157,-0.0083,0.0198,3.1155,-7.343,-0.532,0.1857,471.934,189915,0.00237469,0.1862,-0.0151,-7.253,-0.384,3.1156,-0.0083,0.0198
217.95,52.420,0.1862,-0.0151,-0.0109,-0.0326,-0.0154,-0.0083,0.0198,3.1153,-7.346,-0.532,0.1857,471.934,189915,0.00237469,0.1862,-0.0151,-7.253,-0.384,3.1156,-0.0083,0.0198
218.05,52.440,0.1862,-0.0151,-0.0110,-0.0336,-0.0151,-0.0083,0.0198,3.1151,-7.349,-0.532,0.1857,471.219,190657,0.00237469,0.1862,-0.0151,-7.260,-0.383,3.1152,-0.0083,0.0198
218.15,52.460,0.1862,-0.0151,-0.0120,-0.0328,-0.0138,-0.0083,0.0198,3.1148,-7.353,-0.532,0.1854,471.219,190657,0.00237469,0.1862,-0.0151,-7.260,-0.383,3.1152,-0.0083,0.0198
218.25,52.460,0.1862,-0.0151,-0.0120,-0.0328,-0.0138,-0.0083,0.0198,3.1147,-7.356,-0.532,0.1854,470.675,191216,0.00209788,0.1862,-0.0151,-7.266,-0.383,3.1148,-0.0083,0.0198
218.35,52.480,0.1862,-0.0151,-0.0120,-0.0328,-0.0138,-0.0083,0.0198,3.1145,-7.359,-0.532,0.1854,470.675,191216,0.00209788,0.1862,-0.0151,-7.266,-0.383,3.1148,-0.0083,0.0198
218.45,52.500,0.1862,-0.0151,-0.0107,-0.0320,-0.0155,-0.0083,0.0198,3.1142,-7.363,-0.532,0.1856,470.124,191776,0.00237469,0.1864,-0.0135,-7.272,-0.383,3.1145,-0.0083,0.0198
218.55,52.520,0.1864,-0.0135,-0.0107,-0.0320,-0.0155,-0.0083,0.0198,3.1140,-7.367,-0.532,0.1856,469.379,192524,0.00237469,0.1864,-0.0135,-7.279,-0.383,3.1140,-0.0083,0.0198
218.65,52.540,0.1864,-0.0135,-0.0107,-0.0320,-0.0156,-0.0084,0.0198,3.1138,-7.370,-0.532,0.1856,469.379,192524,0.00237469,0.1864,-0.0135,-7.279,-0.383,3.1140,-0.0084,0.0198
218.75,52.560,0.1864,-0.0135,-0.0107,-0.0320,-0.0156,-0.0084,0.0198,3.1136,-7.374,-0.532,0.1856,468.813,193087,0.00209788,0.1864,-0.0135,-7.285,-0.383,3.1137,-0.0084,0.0198
218.85,52.580,0.1864,-0.0135,-0.0107,-0.0320,-0.0156,-0.0084,0.0198,3.1134,-7.378,-0.531,0.1856,468.813,193087,0.00209788,0.1864,-0.0135,-7.285,-0.383,3.1137,-0.0084,0.0198
218.95,52.600,0.1864,-0.0135,-0.0095,-0.0320,-0.0153,-0.0084,0.0198,3.1132,-7.381,-0.531,0.1859,468.24,193651,0.00237469,0.1866,-0.0120,-7.290,-0.383,3.1134,-0.0084,0.0198
219.05,52.620,0.1866,-0.0120,-0.0095,-0.0320,-0.0153,-0.0084,0.0198,3.1130,-7.385,-0.531,0.1859,468.24,193651,0.00237469,0.1866,-0.0120,-7.290,-0.383,3.1134,-0.0084,0.0198
219.15,52.640,0.1866,-0.0120,-0.0095,-0.0320,-0.0154,-0.0084,0.0198,3.1128,-7.388,-0.531,0.1859,467.467,194405,0.00237469,0.1866,-0.0120,-7.298,-0.382,3.1130,-0.0084,0.0198
219.25,52.660,0.1866,-0.0120,-0.0095,-0.0320,-0.0154,-0.0084,0.0198,3.1126,-7.392,-0.531,0.1859,466.881,194973,0.00209788,0.1866,-0.0120,-7.303,-0.382,3.1127,-0.0084,0.0198
219.35,52.680,0.1866,-0.0120,-0.0095,-0.0320,-0.0154,-0.0084,0.0198,3.1124,-7.396,-0.531,0.1859,466.881,194973,0.00209788,0.1866,-0.0120,-7.303,-0.382,3.1127,-0.0084,0.0198
219.45,52.700,0.1866,-0.0120,-0.0084,-0.0320,-0.0152,-0.0084,0.0198,3.1122,-7.400,-0.531,0.1861,466.289,195541,0.00237469,0.1867,-0.0106,-7.309,-0.382,3.1124,-0.0084,0.0198
219.55,52.720,0.1867,-0.0106,-0.0084,-0.0320,-0.0152,-0.0084,0.0198,3.1120,-7.404,-0.531,0.1861,465.492,196301,0.00237469,0.1867,-0.0106,-7.316,-0.382,3.1121,-0.0084,0.0198
219.65,52.740,0.1867,-0.0106,-0.0084,-0.0320,-0.0152,-0.0084,0.0198,3.1118,-7.409,-0.531,0.1861,465.492,196301,0.00237469,0.1867,-0.0106,-7.316,-0.382,3.1121,-0.0084,0.0198
219.75,52.780,0.1867,-0.0106,-0.0084,-0.0320,-0.0152,-0.0084,0.0198,3.1116,-7.413,-0.531,0.1861,464.888,196873,0.00209788,0.1867,-0.0106,-7.322,-0.382,3.1118,-0.0084,0.0198
219.85,52.800,0.1867,-0.0106,-0.0084,-0.0320,-0.0152,-0.0084,0.0198,3.1114,-7.418,-0.530,0.1863,464.28,197446,0.00237469,0.1869,-0.0094,-7.327,-0.382,3.1116,-0.0084,0.0198
219.95,52.820,0.1869,-0.0094,-0.0074,-0.0320,-0.0150,-0.0084,0.0198,3.1112,-7.423,-0.530,0.1863,463.462,198211,0.00237469,0.1869,-0.0094,-7.335,-0.381,3.1113,-0.0084,0.0198
220.05,52.840,0.1869,-0.0094,-0.0074,-0.0320,-0.0150,-0.0084,0.0198,3.1111,-7.427,-0.530,0.1863,463.462,198211,0.00237469,0.1869,-0.0094,-7.335,-0.381,3.1113,-0.0084,0.0198
220.15,52.880,0.1869,-0.0094,-0.0074,-0.0320,-0.0151,-0.0084,0.0198,3.1109,-7.431,-0.530,0.1863,462.843,198787,0.00209788,0.1869,-0.0094,-7.341,-0.381,3.1111,-0.0084,0.0198
220.25,52.900,0.1869,-0.0094,-0.0075,-0.0320,-0.0145,-0.0084,0.0197,3.1107,-7.435,-0.530,0.1865,462.221,199365,0.00237469,0.1870,-0.0083,-7.346,-0.381,3.1108,-0.0084,0.0198
220.35,52.920,0.1870,-0.0083,-0.0066,-0.0317,-0.0148,-0.0084,0.0197,3.1106,-7.439,-0.530,0.1865,462.221,199365,0.00237469,0.1870,-0.0083,-7.346,-0.381,3.1108,-0.0084,0.0197
220.45,52.920,0.1870,-0.0083,-0.0066,-0.0316,-0.0147,-0.0084,0.0197,3.1105,-7.442,-0.530,0.1865,461.384,200136,0.00237469,0.1870,-0.0083,-7.354,-0.381,3.1106,-0.0084,0.0197
220.55,52.940,0.1870,-0.0083,-0.0073,-0.0325,-0.0138,-0.0084,0.0197,3.1104,-7.445,-0.530,0.1870,461.384,200136,0.00237469,0.1870,-0.0083,-7.354,-0.381,3.1106,-0.0084,0.0197
220.65,52.960,0.1870,-0.0083,-0.0073,-0.0325,-0.0139,-0.0084,0.0197,3.1102,-7.449,-0.530,0.1870,460.753,200717,0.00209788,0.1870,-0.0083,-7.359,-0.381,3.1104,-0.0084,0.0197
220.75,52.980,0.1870,-0.0083,-0.0073,-0.0325,-0.0139,-0.0084,0.0197,3.1101,-7.453,-0.530,0.1869,460.753,200717,0.00209788,0.1870,-0.0083,-7.359,-0.381,3.1104,-0.0084,0.0197
220.85,53.000,0.1870,-0.0083,-0.0065,-0.0324,-0.0138,-0.0084,0.0197,3.1100,-7.456,-0.529,0.1870,460.117,201298,0.00237469,0.1871,-0.0073,-7.365,-0.380,3.1101,-0.0084,0.0197
220.95,53.020,0.1871,-0.0073,-0.0065,-0.0324,-0.0138,-0.0084,0.0197,3.1098,-7.460,-0.529,0.1870,459.264,202076,0.00237469,0.1871,-0.0073,-7.372,-0.380,3.1099,-0.0084,0.0197
221.05,53.040,0.1871,-0.0073,-0.0065,-0.0324,-0.0138,-0.0084,0.0197,3.1097,-7.463,-0.529,0.1870,459.264,202076,0.00237469,0.1871,-0.0073,-7.372,-0.380,3.1099,-0.0084,0.0197
221.15,53.060,0.1871,-0.0073,-0.0065,-0.0324,-0.0138,-0.0084,0.0197,3.1096,-7.466,-0.529,0.1870,458.62,202661,0.00209788,0.1871,-0.0073,-7.378,-0.380,3.1097,-0.0084,0.0197
221.25,53.080,0.1871,-0.0073,-0.0065,-0.0324,-0.0139,-0.0084,0.0197,3.1095,-7.469,-0.529,0.1870,458.62,202661,0.00209788,0.1871,-0.0073,-7.378,-0.380,3.1097,-0.0084,0.0197
221.35,53.080,0.1871,-0.0073,-0.0065,-0.0324,-0.0139,-0.0084,0.0197,3.1094,-7.472,-0.529,0.1870,458.62,202661,0.00209788,0.1871,-0.0073,-7.378,-0.380,3.1097,-0.0084,0.0197
221.45,53.100,0.1871,-0.0073,-0.0054,-0.0323,-0.0138,-0.0084,0.0197,3.1093,-7.475,-0.529,0.1871,457.973,203247,0.00237469,0.1873,-0.0061,-7.384,-0.380,3.1095,-0.0084,0.0197
221.55,53.120,0.1873,-0.0061,-0.0054,-0.0323,-0.0138,-0.0084,0.0197,3.1092,-7.479,-0.529,0.1871,457.105,204030,0.00237469,0.1873,-0.0061,-7.391,-0.380,3.1092,-0.0084,0.0197
221.65,53.140,0.1873,-0.0061,-0.0054,-0.0323,-0.0138,-0.0084,0.0197,3.1091,-7.483,-0.529,0.1871,457.105,204030,0.00237469,0.1873,-0.0061,-7.391,-0.380,3.1092,-0.0084,0.0197
221.75,53.180,0.1873,-0.0061,-0.0054,-0.0323,-0.0138,-0.0084,0.0197,3.1090,-7.487,-0.528,0.1871,456.45,204619,0.00209788,0.1873,-0.0061,-7.397,-0.379,3.1091,-0.0084,0.0197
221.85,53.200,0.1873,-0.0061,-0.0054,-0.0323,-0.0138,-0.0085,0.0197,3.1089,-7.491,-0.528,0.1871,455.793,205210,0.00237469,0.1874,-0.0054,-7.402,-0.379,3.1089,-0.0085,0.0197
221.95,53.200,0.1873,-0.0061,-0.0047,-0.0323,-0.0138,-0.0085,0.0197,3.1088,-7.494,-0.528,0.1872,455.793,205210,0.00237469,0.1874,-0.0054,-7.402,-0.379,3.1089,-0.0085,0.0197
222.05,53.240,0.1874,-0.0054,-0.0047,-0.0323,-0.0138,-0.0085,0.0197,3.1087,-7.498,-0.528,0.1872,454.913,206000,0.00237469,0.1874,-0.0054,-7.410,-0.379,3.1087,-0.0085,0.0197
222.15,53.260,0.1874,-0.0054,-0.0047,-0.0323,-0.0138,-0.0085,0.0197,3.1086,-7.503,-0.528,0.1871,454.913,206000,0.00237469,0.1874,-0.0054,-7.410,-0.379,3.1087,-0.0085,0.0197
222.25,53.280,0.1874,-0.0054,-0.0047,-0.0323,-0.0138,-0.0085,0.0197,3.1085,-7.507,-0.528,0.1871,454.25,206593,0.00209788,0.1874,-0.0054,-7.415,-0.379,3.1086,-0.0085,0.0197
222.35,53.300,0.1874,-0.0054,-0.0047,-0.0323,-0.0138,-0.0085,0.0197,3.1084,-7.510,-0.528,0.1872,453.585,207188,0.00237469,0.1874,-0.0049,-7.421,-0.379,3.1084,-0.0085,0.0197
222.45,53.320,0.1874,-0.0049,-0.0043,-0.0320,-0.0145,-0.0085,0.0197,3.1083,-7.514,-0.528,0.1872,453.585,207188,0.00237469,0.1874,-0.0049,-7.421,-0.379,3.1084,-0.0085,0.0197
222.55,53.340,0.1874,-0.0049,-0.0043,-0.0320,-0.0145,-0.0085,0.0197,3.1082,-7.519,-0.527,0.1872,452.694,207984,0.00237469,0.1874,-0.0049,-7.428,-0.378,3.1083,-0.0085,0.0197
222.65,53.360,0.1874,-0.0049,-0.0043,-0.0320,-0.0145,-0.0085,0.0197,3.1081,-7.523,-0.527,0.1872,452.024,208582,0.00209788,0.1874,-0.0049,-7.434,-0.378,3.1081,-0.0085,0.0197
222.75,53.380,0.1874,-0.0049,-0.0043,-0.0320,-0.0145,-0.0085,0.0197,3.1080,-7.528,-0.527,0.1872,452.024,208582,0.00209788,0.1874,-0.0049,-7.434,-0.378,3.1081,-0.0085,0.0197
222.85,53.400,0.1874,-0.0049,-0.0036,-0.0320,-0.0144,-0.0085,0.0197,3.1079,-7.532,-0.527,0.1873,451.352,209182,0.00237469,0.1875,-0.0041,-7.440,-0.378,3.1080,-0.0085,0.0197
222.95,53.440,0.1875,-0.0041,-0.0036,-0.0320,-0.0144,-0.0085,0.0197,3.1078,-7.536,-0.527,0.1873,450.453,209983,0.00237469,0.1875,-0.0041,-7.447,-0.378,3.1079,-0.0085,0.0197
223.05,53.460,0.1875,-0.0041,-0.0036,-0.0320,-0.0144,-0.0085,0.0197,3.1077,-7.540,-0.527,0.1873,450.453,209983,0.00237469,0.1875,-0.0041,-7.447,-0.378,3.1079,-0.0085,0.0197
223.15,53.480,0.1875,-0.0041,-0.0036,-0.0319,-0.0144,-0.0085,0.0197,3.1077,-7.544,-0.527,0.1873,449.776,210586,0.00209788,0.1875,-0.0041,-7.453,-0.378,3.1077,-0.0085,0.0197
223.25,53.500,0.1875,-0.0041,-0.0036,-0.0319,-0.0144,-0.0085,0.0197,3.1076,-7.548,-0.527,0.1874,449.099,211190,0.00237469,0.1876,-0.0037,-7.458,-0.377,3.1076,-0.0085,0.0197
223.35,53.520,0.1876,-0.0037,-0.0033,-0.0319,-0.0144,-0.0085,0.0197,3.1075,-7.552,-0.526,0.1874,449.099,211190,0.00237469,0.1876,-0.0037,-7.458,-0.377,3.1076,-0.0085,0.0197
223.45,53.540,0.1876,-0.0037,-0.0033,-0.0319,-0.0144,-0.0085,0.0197,3.1074,-7.556,-0.526,0.1874,448.192,211998,0.00237469,0.1876,-0.0037,-7.466,-0.377,3.1075,-0.0085,0.0197
223.55,53.560,0.1876,-0.0037,-0.0033,-0.0319,-0.0144,-0.0085,0.0197,3.1074,-7.560,-0.526,0.1874,447.511,212605,0.00209788,0.1876,-0.0037,-7.472,-0.377,3.1074,-0.0085,0.0197
223.65,53.580,0.1876,-0.0037,-0.0033,-0.0319,-0.0144,-0.0085,0.0197,3.1073,-7.565,-0.526,0.1874,447.511,212605,0.00209788,0.1876,-0.0037,-7.472,-0.377,3.1074,-0.0085,0.0197
223.75,53.600,0.1876,-0.0037,-0.0029,-0.0319,-0.0143,-0.0085,0.0197,3.1072,-7.569,-0.526,0.1875,446.829,213214,0.00237469,0.1876,-0.0033,-7.477,-0.377,3.1073,-0.0085,0.0197
223.85,53.620,0.1876,-0.0033,-0.0029,-0.0319,-0.0143,-0.0085,0.0197,3.1072,-7.573,-0.526,0.1875,445.917,214027,0.00237469,0.1876,-0.0033,-7.485,-0.376,3.1072,-0.0085,0.0197
223.95,53.660,0.1876,-0.0033,-0.0029,-0.0319,-0.0143,-0.0085,0.0197,3.1071,-7.577,-0.526,0.1875,445.917,214027,0.00237469,0.1876,-0.0033,-7.485,-0.376,3.1072,-0.0085,0.0197
224.05,53.680,0.1876,-0.0033,-0.0029,-0.0319,-0.0143,-0.0085,0.0197,3.1070,-7.581,-0.525,0.1875,445.232,214639,0.00209788,0.1876,-0.0033,-7.490,-0.376,3.1071,-0.0085,0.0197
224.15,53.700,0.1876,-0.0033,-0.0029,-0.0319,-0.0143,-0.0085,0.0197,3.1070,-7.585,-0.525,0.1875,444.546,215253,0.00237469,0.1877,-0.0028,-7.496,-0.376,3.1070,-0.0085,0.0197
224.25,53.720,0.1877,-0.0028,-0.0025,-0.0319,-0.0142,-0.0085,0.0197,3.1069,-7.589,-0.525,0.1875,444.546,215253,0.00237469,0.1877,-0.0028,-7.496,-0.376,3.1070,-0.0085,0.0197
224.35,53.740,0.1877,-0.0028,-0.0025,-0.0319,-0.0142,-0.0085,0.0197,3.1069,-7.593,-0.525,0.1875,443.629,216073,0.00237469,0.1877,-0.0028,-7.503,-0.376,3.1069,-0.0085,0.0197
224.45,53.760,0.1877,-0.0028,-0.0025,-0.0319,-0.0142,-0.0085,0.0197,3.1068,-7.597,-0.525,0.1875,442.941,216689,0.00209788,0.1877,-0.0028,-7.509,-0.376,3.1068,-0.0085,0.0197
224.55,53.780,0.1877,-0.0028,-0.0025,-0.0319,-0.0142,-0.0085,0.0197,3.1068,-7.601,-0.525,0.1875,442.941,216689,0.00209788,0.1877,-0.0028,-7.509,-0.376,3.1068,-0.0085,0.0197
224.65,53.800,0.1877,-0.0028,-0.0025,-0.0319,-0.0142,-0.0085,0.0197,3.1067,-7.605,-0.525,0.1876,442.252,217307,0.00237469,0.1877,-0.0025,-7.515,-0.375,3.1068,-0.0085,0.0197
224.75,53.820,0.1877,-0.0025,-0.0022,-0.0319,-0.0142,-0.0085,0.0197,3.1067,-7.608,-0.525,0.1876,442.252,217307,0.00237469,0.1877,-0.0025,-7.515,-0.375,3.1068,-0.0085,0.0197
224.85,53.840,0.1877,-0.0025,-0.0022,-0.0319,-0.0142,-0.0085,0.0197,3.1066,-7.611,-0.524,0.1876,441.332,218133,0.00237469,0.1877,-0.0025,-7.522,-0.375,3.1067,-0.0085,0.0197
224.95,53.840,0.1877,-0.0025,-0.0022,-0.0319,-0.0142,-0.0085,0.0197,3.1066,-7.614,-0.524,0.1876,441.332,218133,0.00237469,0.1877,-0.0025,-7.522,-0.375,3.1067,-0.0085,0.0197
225.05,53.860,0.1877,-0.0025,-0.0022,-0.0319,-0.0142,-0.0085,0.0197,3.1066,-7.618,-0.524,0.1876,440.642,218754,0.00209788,0.1877,-0.0025,-7.528,-0.375,3.1066,-0.0085,0.0197
225.15,53.900,0.1877,-0.0025,-0.0022,-0.0318,-0.0142,-0.0085,0.0197,3.1065,-7.622,-0.524,0.1876,439.95,219377,0.00237469,0.1877,-0.0022,-7.533,-0.375,3.1065,-0.0085,0.0197
225.25,53.920,0.1877,-0.0022,-0.0019,-0.0310,-0.0144,-0.0085,0.0197,3.1065,-7.627,-0.524,0.1877,439.95,219377,0.00237469,0.1877,-0.0022,-7.533,-0.375,3.1065,-0.0085,0.0197
225.35,53.940,0.1877,-0.0022,-0.0017,-0.0319,-0.0141,-0.0085,0.0197,3.1064,-7.631,-0.524,0.1877,439.028,220209,0.00237469,0.1877,-0.0022,-7.541,-0.375,3.1065,-0.0085,0.0197
225.45,53.960,0.1877,-0.0022,-0.0017,-0.0319,-0.0141,-0.0085,0.0197,3.1064,-7.634,-0.524,0.1877,438.336,220835,0.00209788,0.1877,-0.0022,-7.547,-0.374,3.1064,-0.0085,0.0197
225.55,53.980,0.1877,-0.0022,-0.0017,-0.0319,-0.0141,-0.0085,0.0197,3.1064,-7.638,-0.524,0.1877,438.336,220835,0.00209788,0.1877,-0.0022,-7.547,-0.374,3.1064,-0.0085,0.0197
225.65,54.000,0.1877,-0.0022,-0.0017,-0.0319,-0.0141,-0.0085,0.0197,3.1063,-7.642,-0.523,0.1877,437.644,221462,0.00237469,0.1878,-0.0019,-7.552,-0.374,3.1064,-0.0085,0.0197
225.75,54.020,0.1878,-0.0019,-0.0015,-0.0319,-0.0141,-0.0085,0.0197,3.1063,-7.647,-0.523,0.1877,436.72,222301,0.00237469,0.1878,-0.0019,-7.560,-0.374,3.1063,-0.0085,0.0197
225.85,54.040,0.1878,-0.0019,-0.0015,-0.0319,-0.0141,-0.0085,0.0197,3.1063,-7.650,-0.523,0.1877,436.72,222301,0.00237469,0.1878,-0.0019,-7.560,-0.374,3.1063,-0.0085,0.0197
225.95,54.060,0.1878,-0.0019,-0.0015,-0.0319,-0.0141,-0.0085,0.0197,3.1062,-7.654,-0.523,0.1877,436.027,222931,0.00209788,0.1878,-0.0019,-7.565,-0.374,3.1062,-0.0085,0.0197
226.05,54.080,0.1878,-0.0019,-0.0015,-0.0319,-0.0141,-0.0085,0.0197,3.1062,-7.658,-0.523,0.1877,436.027,222931,0.00209788,0.1878,-0.0019,-7.565,-0.374,3.1062,-0.0085,0.0197
226.15,54.100,0.1878,-0.0019,-0.0013,-0.0319,-0.0140,-0.0085,0.0197,3.1062,-7.662,-0.523,0.1877,435.334,223563,0.00237469,0.1878,-0.0017,-7.571,-0.373,3.1062,-0.0085,0.0197
226.25,54.120,0.1878,-0.0017,-0.0013,-0.0319,-0.0140,-0.0085,0.0197,3.1061,-7.665,-0.523,0.1877,435.334,223563,0.00237469,0.1878,-0.0017,-7.571,-0.373,3.1062,-0.0085,0.0197
226.35,54.140,0.1878,-0.0017,-0.0013,-0.0319,-0.0140,-0.0085,0.0197,3.1061,-7.669,-0.522,0.1877,434.41,224408,0.00237469,0.1878,-0.0017,-7.579,-0.373,3.1061,-0.0085,0.0197
226.45,54.160,0.1878,-0.0017,-0.0013,-0.0319,-0.0140,-0.0085,0.0197,3.1061,-7.672,-0.522,0.1877,433.717,225044,0.00209788,0.1878,-0.0017,-7.584,-0.373,3.1061,-0.0085,0.0197
226.55,54.180,0.1878,-0.0017,-0.0013,-0.0319,-0.0140,-0.0085,0.0197,3.1061,-7.674,-0.522,0.1877,433.717,225044,0.00209788,0.1878,-0.0017,-7.584,-0.373,3.1061,-0.0085,0.0197
226.65,54.180,0.1878,-0.0017,-0.0013,-0.0319,-0.0140,-0.0085,0.0197,3.1061,-7.678,-0.522,0.1877,433.717,225044,0.00209788,0.1878,-0.0017,-7.584,-0.373,3.1061,-0.0085,0.0197
226.75,54.200,0.1878,-0.0017,-0.0012,-0.0319,-0.0140,-0.0085,0.0197,3.1060,-7.681,-0.522,0.1878,433.024,225680,0.00237469,0.1878,-0.0015,-7.590,-0.373,3.1061,-0.0085,0.0197
226.85,54.220,0.1878,-0.0015,-0.0012,-0.0319,-0.0140,-0.0085,0.0197,3.1060,-7.683,-0.522,0.1878,433.024,225680,0.00237469,0.1878,-0.0015,-7.590,-0.373,3.1061,-0.0085,0.0197
226.95,54.240,0.1878,-0.0015,-0.0012,-0.0319,-0.0140,-0.0085,0.0197,3.1060,-7.686,-0.522,0.1878,432.1,226531,0.00237469,0.1878,-0.0015,-7.597,-0.373,3.1060,-0.0085,0.0197
227.05,54.260,0.1878,-0.0015,-0.0012,-0.0319,-0.0140,-0.0085,0.0197,3.1060,-7.690,-0.522,0.1878,432.1,226531,0.00237469,0.1878,-0.0015,-7.597,-0.373,3.1060,-0.0085,0.0197
227.15,54.280,0.1878,-0.0015,-0.0012,-0.0319,-0.0140,-0.0085,0.0197,3.1060,-7.694,-0.522,0.1878,431.407,227171,0.00209788,0.1878,-0.0015,-7.603,-0.372,3.1060,-0.0085,0.0197
227.25,54.300,0.1878,-0.0015,-0.0012,-0.0319,-0.0140,-0.0085,0.0197,3.1059,-7.698,-0.521,0.1878,430.715,227813,0.00237469,0.1878,-0.0013,-7.609,-0.372,3.1059,-0.0085,0.0197
227.35,54.320,0.1878,-0.0013,-0.0011,-0.0319,-0.0140,-0.0085,0.0197,3.1059,-7.701,-0.521,0.1878,430.715,227813,0.00237469,0.1878,-0.0013,-7.609,-0.372,3.1059,-0.0085,0.0197
227.45,54.340,0.1878,-0.0013,-0.0010,-0.0319,-0.0140,-0.0085,0.0197,3.1059,-7.705,-0.521,0.1878,429.791,228670,0.00237469,0.1878,-0.0013,-7.616,-0.372,3.1059,-0.0085,0.0197
227.55,54.360,0.1878,-0.0013,-0.0010,-0.0320,-0.0138,-0.0085,0.0197,3.1059,-7.709,-0.521,0.1878,429.791,228670,0.00237469,0.1878,-0.0013,-7.616,-0.372,3.1059,-0.0085,0.0197
227.65,54.380,0.1878,-0.0013,-0.0010,-0.0320,-0.0140,-0.0085,0.0197,3.1058,-7.713,-0.521,0.1878,429.099,229315,0.00209788,0.1878,-0.0013,-7.622,-0.372,3.1059,-0.0085,0.0197
227.75,54.400,0.1878,-0.0013,-0.0010,-0.0320,-0.0138,-0.0085,0.0197,3.1058,-7.716,-0.521,0.1878,428.407,229962,0.00237469,0.1879,-0.0012,-7.627,-0.371,3.1058,-0.0085,0.0197
227.85,54.420,0.1879,-0.0012,-0.0008,-0.0320,-0.0138,-0.0085,0.0197,3.1058,-7.720,-0.521,0.1878,428.407,229962,0.00237469,0.1879,-0.0012,-7.627,-0.371,3.1058,-0.0085,0.0197
227.95,54.440,0.1879,-0.0012,-0.0008,-0.0320,-0.0138,-0.0085,0.0197,3.1058,-7.724,-0.521,0.1878,427.484,230825,0.00237469,0.1879,-0.0012,-7.635,-0.371,3.1058,-0.0085,0.0197
228.05,54.460,0.1879,-0.0012,-0.0008,-0.0320,-0.0138,-0.0085,0.0197,3.1058,-7.728,-0.520,0.1878,427.484,230825,0.00237469,0.1879,-0.0012,-7.635,-0.371,3.1058,-0.0085,0.0197
228.15,54.480,0.1879,-0.0012,-0.0008,-0.0320,-0.0138,-0.0085,0.0197,3.1058,-7.731,-0.520,0.1878,426.793,231475,0.00209788,0.1879,-0.0012,-7.640,-0.371,3.1058,-0.0085,0.0197
228.25,54.500,0.1879,-0.0012,-0.0008,-0.0320,-0.0138,-0.0085,0.0197,3.1058,-7.735,-0.520,0.1878,426.102,232126,0.00237469,0.1879,-0.0011,-7.646,-0.371,3.1058,-0.0085,0.0197
228.35,54.520,0.1879,-0.0011,-0.0008,-0.0320,-0.0138,-0.0085,0.0197,3.1057,-7.739,-0.520,0.1878,426.102,232126,0.00237469,0.1879,-0.0011,-7.646,-0.371,3.1058,-0.0085,0.0197
228.45,54.540,0.1879,-0.0011,-0.0008,-0.0320,-0.0138,-0.0085,0.0197,3.1057,-7.743,-0.520,0.1878,425.181,232997,0.00237469,0.1879,-0.0011,-7.654,-0.371,3.1057,-0.0085,0.0197
228.55,54.560,0.1879,-0.0011,-0.0008,-0.0320,-0.0138,-0.0085,0.0197,3.1057,-7.747,-0.520,0.1878,424.491,233651,0.00209788,0.1879,-0.0011,-7.659,-0.370,3.1057,-0.0085,0.0197
228.65,54.580,0.1879,-0.0011,-0.0008,-0.0320,-0.0138,-0.0085,0.0197,3.1057,-7.751,-0.520,0.1878,424.491,233651,0.00209788,0.1879,-0.0011,-7.659,-0.370,3.1057,-0.0085,0.0197
228.75,54.600,0.1879,-0.0011,-0.0007,-0.0320,-0.0138,-0.0085,0.0197,3.1057,-7.755,-0.519,0.1878,423.801,234307,0.00237469,0.1879,-0.0010,-7.665,-0.370,3.1057,-0.0085,0.0197
228.85,54.620,0.1879,-0.0010,-0.0007,-0.0320,-0.0138,-0.0085,0.0197,3.1057,-7.760,-0.519,0.1878,422.882,235184,0.00237469,0.1879,-0.0010,-7.672,-0.370,3.1057,-0.0085,0.0197
228.95,54.640,0.1879,-0.0010,-0.0007,-0.0320,-0.0138,-0.0085,0.0197,3.1056,-7.764,-0.519,0.1878,422.882,235184,0.00237469,0.1879,-0.0010,-7.672,-0.370,3.1057,-0.0085,0.0197
229.05,54.680,0.1879,-0.0010,-0.0007,-0.0320,-0.0138,-0.0085,0.0197,3.1056,-7.769,-0.519,0.1878,422.193,235843,0.00209788,0.1879,-0.0010,-7.678,-0.370,3.1056,-0.0085,0.0197
229.15,54.700,0.1879,-0.0010,-0.0007,-0.0320,-0.0138,-0.0085,0.0197,3.1056,-7.773,-0.519,0.1878,421.505,236504,0.00237469,0.1879,-0.0009,-7.684,-0.369,3.1056,-0.0085,0.0197
229.25,54.720,0.1879,-0.0009,-0.0006,-0.0320,-0.0138,-0.0085,0.0197,3.1056,-7.778,-0.519,0.1878,421.505,236504,0.00237469,0.1879,-0.0009,-7.684,-0.369,3.1056,-0.0085,0.0197
229.35,54.740,0.1879,-0.0009,-0.0006,-0.0320,-0.0138,-0.0085,0.0197,3.1056,-7.782,-0.518,0.1878,420.588,237387,0.00237469,0.1879,-0.0009,-7.691,-0.369,3.1056,-0.0085,0.0197
229.45,54.760,0.1879,-0.0009,-0.0006,-0.0319,-0.0139,-0.0085,0.0197,3.1056,-7.786,-0.518,0.1878,419.901,238051,0.00209788,0.1879,-0.0009,-7.697,-0.369,3.1056,-0.0085,0.0197
229.55,54.800,0.1879,-0.0009,-0.0006,-0.0319,-0.0139,-0.0085,0.0197,3.1055,-7.791,-0.518,0.1878,419.214,238717,0.00237469,0.1879,-0.0008,-7.702,-0.369,3.1056,-0.0085,0.0197
229.65,54.820,0.1879,-0.0008,-0.0006,-0.0319,-0.0139,-0.0085,0.0197,3.1055,-7.796,-0.518,0.1878,419.214,238717,0.00237469,0.1879,-0.0008,-7.702,-0.369,3.1056,-0.0085,0.0197
229.75,54.840,0.1879,-0.0008,-0.0006,-0.0319,-0.0139,-0.0085,0.0197,3.1055,-7.800,-0.518,0.1878,418.3,239607,0.00237469,0.1879,-0.0008,-7.710,-0.368,3.1055,-0.0085,0.0197
229.85,54.860,0.1879,-0.0008,-0.0006,-0.0319,-0.0139,-0.0085,0.0197,3.1055,-7.805,-0.518,0.1878,417.615,240276,0.00209788,0.1879,-0.0008,-7.716,-0.368,3.1055,-0.0085,0.0197
229.95,54.900,0.1879,-0.0008,-0.0006,-0.0319,-0.0139,-0.0085,0.0197,3.1055,-7.810,-0.517,0.1879,416.93,240947,0.00237469,0.1879,-0.0007,-7.721,-0.368,3.1055,-0.0085,0.0197
230.05,54.920,0.1879,-0.0007,-0.0005,-0.0319,-0.0139,-0.0085,0.0197,3.1055,-7.815,-0.517,0.1879,416.93,240947,0.00237469,0.1879,-0.0007,-7.721,-0.368,3.1055,-0.0085,0.0197
230.15,54.940,0.1879,-0.0007,-0.0005,-0.0319,-0.0139,-0.0085,0.0197,3.1055,-7.819,-0.517,0.1879,416.018,241843,0.00237469,0.1879,-0.0007,-7.729,-0.368,3.1055,-0.0085,0.0197
230.25,54.960,0.1879,-0.0007,-0.0005,-0.0319,-0.0139,-0.0085,0.0197,3.1055,-7.823,-0.517,0.1879,415.335,242517,0.00209788,0.1879,-0.0007,-7.734,-0.368,3.1055,-0.0085,0.0197
230.35,54.980,0.1879,-0.0007,-0.0005,-0.0319,-0.0139,-0.0085,0.0197,3.1054,-7.827,-0.517,0.1879,415.335,242517,0.00209788,0.1879,-0.0007,-7.734,-0.368,3.1055,-0.0085,0.0197
230.45,55.000,0.1879,-0.0007,-0.0005,-0.0319,-0.0139,-0.0085,0.0197,3.1054,-7.831,-0.517,0.1879,414.652,243193,0.00237469,0.1879,-0.0006,-7.740,-0.367,3.1054,-0.0085,0.0197
230.55,55.020,0.1879,-0.0006,-0.0005,-0.0319,-0.0139,-0.0085,0.0197,3.1054,-7.835,-0.517,0.1879,3.90867,4.04866,0.00237469,0.1879,-0.0006,-8.302,-0.459,3.1054,-0.0085,0.0197
230.65,55.040,0.1879,-0.0006,-0.0005,-0.0319,-0.0139,-0.0085,0.0197,3.1054,-7.839,-0.516,0.1879,3.90867,4.04866,0.00237469,0.1879,-0.0006,-8.302,-0.459,3.1054,-0.0085,0.0197
230.75,55.060,0.1879,-0.0006,-0.0005,-0.0319,-0.0139,-0.0085,0.0197,3.1054,-7.843,-0.516,0.1879,3.91281,4.12353,0.00209788,0.1879,-0.0006,-8.308,-0.464,3.1054,-0.0085,0.0197
230.85,55.100,0.1879,-0.0006,-0.0005,-0.0319,-0.0139,-0.0085,0.0197,3.1054,-7.848,-0.516,0.1856,3.91701,4.23147,0.00237469,0.1481,-0.3000,-8.314,-0.469,3.1054,-0.0085,0.0197
230.95,55.120,0.1755,-0.0161,-0.0148,-0.8022,-0.0850,-0.0085,0.0197,3.1052,-7.851,-0.516,0.1694,3.91701,4.23147,0.00237469,0.1481,-0.3000,-8.314,-0.469,3.1054,-0.0085,0.0197
231.05,55.140,0.1595,-0.0361,-0.0292,-0.8024,-0.0865,-0.0085,0.0197,3.1047,-7.855,-0.516,0.1541,3.92268,4.42729,0.00237469,0.1481,-0.3000,-8.322,-0.475,3.1051,-0.0085,0.0197
231.15,55.160,0.1481,-0.0561,-0.0435,-0.0342,-0.0148,-0.0086,0.0197,3.1037,-7.858,-0.516,0.1495,3.92704,4.61341,0.00209788,0.1481,-0.3000,-8.326,-0.480,3.1042,-0.0085,0.0197
231.25,55.180,0.1481,-0.0761,-0.0649,-0.0354,-0.0154,-0.0086,0.0197,3.1024,-7.862,-0.515,0.1495,3.92704,4.61341,0.00209788,0.1481,-0.3000,-8.326,-0.480,3.1042,-0.0086,0.0197
231.35,55.200,0.1481,-0.0961,-0.0792,-0.0361,-0.0158,-0.0086,0.0197,3.1007,-7.865,-0.515,0.1474,3.93153,4.83348,0.00237469,0.1458,-0.3000,-8.331,-0.485,3.1026,-0.0086,0.0197
231.45,55.220,0.1458,-0.1161,-0.0934,-0.0368,-0.0162,-0.0087,0.0196,3.0985,-7.869,-0.515,0.1473,3.93785,5.18014,0.00237469,0.1458,-0.3000,-8.338,-0.492,3.0994,-0.0086,0.0197
231.55,55.260,0.1458,-0.1561,-0.1147,-0.0379,-0.0168,-0.0087,0.0196,3.0960,-7.872,-0.515,0.1472,3.93785,5.18014,0.00237469,0.1458,-0.3000,-8.338,-0.492,3.0994,-0.0087,0.0196
231.65,55.280,0.1458,-0.1761,-0.1288,-0.0387,-0.0173,-0.0088,0.0196,3.0933,-7.875,-0.514,0.1470,3.9429,5.48039,0.00209788,0.1458,-0.3000,-8.342,-0.497,3.0963,-0.0087,0.0196
231.75,55.300,0.1458,-0.1961,-0.1429,-0.0395,-0.0178,-0.0088,0.0196,3.0902,-7.878,-0.514,0.1460,3.94832,5.8154,0.00237469,0.1447,-0.3000,-8.347,-0.502,3.0925,-0.0088,0.0196
231.85,55.320,0.1447,-0.2161,-0.1569,-0.0402,-0.0182,-0.0089,0.0195,3.0870,-7.882,-0.514,0.1458,3.94832,5.8154,0.00237469,0.1447,-0.3000,-8.347,-0.502,3.0925,-0.0089,0.0196
231.95,55.340,0.1447,-0.2361,-0.1708,-0.0409,-0.0187,-0.0090,0.0195,3.0831,-7.885,-0.514,0.1456,3.95622,6.31659,0.00237469,0.1447,-0.3000,-8.353,-0.509,3.0865,-0.0089,0.0195
232.05,55.360,0.1447,-0.2561,-0.1916,-0.0421,-0.0196,-0.0090,0.0195,3.0786,-7.888,-0.514,0.1453,3.96275,6.73364,0.00209788,0.1447,-0.3000,-8.358,-0.514,3.0812,-0.0090,0.0195
232.15,55.380,0.1447,-0.2761,-0.2053,-0.0428,-0.0201,-0.0091,0.0194,3.0750,-7.891,-0.513,0.1452,3.96275,6.73364,0.00209788,0.1447,-0.3000,-8.358,-0.514,3.0812,-0.0091,0.0194
232.25,55.400,0.1447,-0.2961,-0.2117,-0.0432,-0.0204,-0.0092,0.0194,3.0716,-7.893,-0.513,0.1451,3.96991,7.18621,0.00237469,0.1449,-0.3000,-8.362,-0.519,3.0754,-0.0091,0.0194
232.35,55.420,0.1449,-0.3000,-0.2112,-0.0432,-0.0207,-0.0092,0.0194,3.0683,-7.896,-0.513,0.1450,3.96991,7.18621,0.00237469,0.1449,-0.3000,-8.362,-0.519,3.0754,-0.0092,0.0194
232.45,55.440,0.1449,-0.3000,-0.2108,-0.0432,-0.0209,-0.0093,0.0193,3.0645,-7.898,-0.513,0.1447,3.98058,7.84525,0.00237469,0.1449,-0.3000,-8.369,-0.526,3.0669,-0.0093,0.0193
235.00,55.980,0.1508,-0.3000,-0.2386,-0.0457,-0.0290,-0.0116,0.0181,2.9451,-7.977,-0.506,0.1428,4.32454,22.7808,0.00209788,0.1508,-0.3000,-8.458,-0.610,2.9531,-0.0115,0.0181
235.10,56.000,0.1508,-0.3000,-0.2351,-0.0201,-0.0689,-0.0116,0.0180,2.9408,-7.980,-0.506,0.1444,4.36179,23.9801,0.00237469,0.1525,-0.2965,-8.464,-0.614,2.9459,-0.0116,0.0180
235.20,56.020,0.1525,-0.2965,-0.2343,-0.0199,-0.0689,-0.0117,0.0180,2.9363,-7.983,-0.506,0.1445,4.36179,23.9801,0.00237469,0.1525,-0.2965,-8.464,-0.614,2.9459,-0.0117,0.0180
235.30,56.040,0.1525,-0.2965,-0.2336,-0.0198,-0.0688,-0.0118,0.0179,2.9317,-7.986,-0.505,0.1445,2.01488,3.6434,0.00237468,0.1525,-0.2965,-8.447,-0.649,2.9365,-0.0118,0.0179
235.40,56.060,0.1525,-0.2965,-0.2328,-0.0196,-0.0688,-0.0119,0.0179,2.9268,-7.989,-0.505,0.1446,2.02292,3.83564,0.00209788,0.1525,-0.2965,-8.453,-0.654,2.9294,-0.0119,0.0179
235.50,56.080,0.1525,-0.2965,-0.2321,-0.0195,-0.0688,-0.0120,0.0178,2.9221,-7.992,-0.505,0.1448,2.02292,3.83564,0.00209788,0.1525,-0.2965,-8.453,-0.654,2.9294,-0.0120,0.0178
235.60,56.100,0.1525,-0.2965,-0.2341,-0.0453,-0.0306,-0.0121,0.0178,2.9172,-7.995,-0.504,0.1441,2.03169,4.0387,0.00237468,0.1518,-0.3000,-8.459,-0.659,2.9225,-0.0120,0.0178
235.70,56.120,0.1518,-0.3000,-0.2333,-0.0189,-0.0693,-0.0121,0.0177,2.9126,-7.997,-0.504,0.1442,2.03169,4.0387,0.00237468,0.1518,-0.3000,-8.459,-0.659,2.9225,-0.0121,0.0177
235.80,56.140,0.1518,-0.3000,-0.2325,-0.0188,-0.0693,-0.0122,0.0176,2.9077,-8.000,-0.503,0.1443,2.04459,4.32631,0.00237469,0.1518,-0.3000,-8.467,-0.666,2.9131,-0.0122,0.0177
235.90,56.160,0.1518,-0.3000,-0.2318,-0.0186,-0.0692,-0.0123,0.0176,2.9026,-8.004,-0.503,0.1445,2.05525,4.55471,0.00209788,0.1518,-0.3000,-8.472,-0.671,2.9062,-0.0123,0.0176
236.00,56.180,0.1518,-0.3000,-0.2310,-0.0185,-0.0692,-0.0124,0.0175,2.8972,-8.007,-0.502,0.1446,2.05525,4.55471,0.00209788,0.1518,-0.3000,-8.472,-0.671,2.9062,-0.0124,0.0175
236.10,56.200,0.1518,-0.3000,-0.2238,-0.0189,-0.0677,-0.0125,0.0175,2.8936,-8.009,-0.502,0.1462,2.06682,4.794,0.00237469,0.1531,-0.2915,-8.478,-0.676,2.8992,-0.0125,0.0175
236.20,56.220,0.1531,-0.2915,-0.2231,-0.0188,-0.0676,-0.0126,0.0174,2.8889,-8.012,-0.501,0.1463,2.08376,5.13006,0.00237469,0.1531,-0.2915,-8.486,-0.682,2.8901,-0.0125,0.0174
236.30,56.240,0.1531,-0.2915,-0.2224,-0.0186,-0.0676,-0.0126,0.0174,2.8852,-8.015,-0.501,0.1464,2.08376,5.13006,0.00237469,0.1531,-0.2915,-8.486,-0.682,2.8901,-0.0126,0.0174
236.40,56.260,0.1531,-0.2915,-0.2217,-0.0185,-0.0676,-0.0127,0.0173,2.8807,-8.017,-0.500,0.1465,2.09767,5.39488,0.00209788,0.1531,-0.2915,-8.492,-0.687,2.8834,-0.0127,0.0173
236.50,56.280,0.1531,-0.2915,-0.2210,-0.0183,-0.0675,-0.0128,0.0173,2.8763,-8.020,-0.500,0.1467,2.09767,5.39488,0.00209788,0.1531,-0.2915,-8.492,-0.687,2.8834,-0.0128,0.0173
236.60,56.300,0.1531,-0.2915,-0.2130,-0.0045,-0.0851,-0.0128,0.0172,2.8722,-8.023,-0.499,0.1482,2.11268,5.67067,0.00237469,0.1543,-0.2819,-8.498,-0.692,2.8768,-0.0128,0.0172
236.70,56.320,0.1543,-0.2819,-0.2124,-0.0187,-0.0657,-0.0129,0.0171,2.8679,-8.026,-0.498,0.1483,2.11268,5.67067,0.00237469,0.1543,-0.2819,-8.498,-0.692,2.8768,-0.0129,0.0172
236.80,56.340,0.1543,-0.2819,-0.2117,-0.0186,-0.0657,-0.0130,0.0171,2.8630,-8.029,-0.498,0.1484,2.1345,6.05552,0.00237469,0.1543,-0.2819,-8.506,-0.698,2.8682,-0.0130,0.0171
236.90,56.360,0.1543,-0.2819,-0.2111,-0.0184,-0.0657,-0.0131,0.0170,2.8580,-8.033,-0.497,0.1486,2.1523,6.35702,0.00209788,0.1543,-0.2819,-8.513,-0.703,2.8618,-0.0131,0.0170
237.00,56.380,0.1543,-0.2819,-0.2104,-0.0183,-0.0656,-0.0132,0.0170,2.8538,-8.036,-0.496,0.1487,2.1523,6.35702,0.00209788,0.1543,-0.2819,-8.513,-0.703,2.8618,-0.0131,0.0170
237.10,56.400,0.1543,-0.2819,-0.2040,-0.0187,-0.0643,-0.0132,0.0169,2.8497,-8.039,-0.495,0.1499,2.1714,6.66958,0.00237469,0.1552,-0.2741,-8.519,-0.708,2.8555,-0.0132,0.0169
237.20,56.420,0.1552,-0.2741,-0.2034,-0.0186,-0.0642,-0.0133,0.0169,2.8460,-8.041,-0.495,0.1501,2.199,7.10356,0.00237469,0.1552,-0.2741,-8.527,-0.714,2.8473,-0.0133,0.0169
237.30,56.440,0.1552,-0.2741,-0.2028,-0.0184,-0.0642,-0.0134,0.0168,2.8417,-8.044,-0.494,0.1502,2.199,7.10356,0.00237469,0.1552,-0.2741,-8.527,-0.714,2.8473,-0.0133,0.0168
237.40,56.480,0.1552,-0.2741,-0.2019,-0.0182,-0.0642,-0.0134,0.0167,2.8373,-8.047,-0.493,0.1504,2.22137,7.44199,0.00209788,0.1552,-0.2741,-8.533,-0.718,2.8412,-0.0134,0.0167
237.50,56.500,0.1552,-0.2741,-0.2013,-0.0181,-0.0641,-0.0135,0.0167,2.8329,-8.051,-0.492,0.1513,2.24526,7.79154,0.00237469,0.1559,-0.2681,-8.540,-0.723,2.8351,-0.0135,0.0167
237.60,56.520,0.1559,-0.2681,-0.1963,-0.0184,-0.0631,-0.0136,0.0166,2.8291,-8.053,-0.491,0.1515,2.24526,7.79154,0.00237469,0.1559,-0.2681,-8.540,-0.723,2.8351,-0.0136,0.0166
237.70,56.540,0.1559,-0.2681,-0.1958,-0.0183,-0.0630,-0.0136,0.0166,2.8246,-8.057,-0.490,0.1516,2.27958,8.27495,0.00237469,0.1559,-0.2681,-8.548,-0.729,2.8272,-0.0136,0.0166
237.80,56.560,0.1559,-0.2681,-0.1952,-0.0182,-0.0630,-0.0137,0.0165,2.8203,-8.060,-0.490,0.1518,2.30725,8.65052,0.00209788,0.1559,-0.2681,-8.554,-0.734,2.8213,-0.0137,0.0165
237.90,56.580,0.1559,-0.2681,-0.1946,-0.0180,-0.0630,-0.0138,0.0165,2.8164,-8.063,-0.489,0.1519,2.30725,8.65052,0.00209788,0.1559,-0.2681,-8.554,-0.734,2.8213,-0.0138,0.0165
238.00,56.600,0.1559,-0.2681,-0.1940,-0.0179,-0.0630,-0.0138,0.0164,2.8127,-8.066,-0.488,0.1527,2.33666,9.03728,0.00237469,0.1564,-0.2636,-8.561,-0.738,2.8155,-0.0138,0.0164
238.10,56.620,0.1564,-0.2636,-0.1903,-0.0181,-0.0622,-0.0139,0.0163,2.8084,-8.069,-0.487,0.1529,2.33666,9.03728,0.00237469,0.1564,-0.2636,-8.561,-0.738,2.8155,-0.0139,0.0164
238.20,56.640,0.1564,-0.2636,-0.1894,-0.0179,-0.0621,-0.0140,0.0163,2.8038,-8.072,-0.486,0.1530,2.37871,9.57037,0.00237469,0.1564,-0.2636,-8.569,-0.744,2.8078,-0.0140,0.0163
238.30,56.660,0.1564,-0.2636,-0.1889,-0.0178,-0.0621,-0.0141,0.0162,2.7993,-8.076,-0.485,0.1532,2.41245,9.98328,0.00209788,0.1564,-0.2636,-8.576,-0.748,2.8021,-0.0140,0.0162
238.40,56.700,0.1564,-0.2636,-0.1881,-0.0176,-0.0621,-0.0141,0.0162,2.7947,-8.079,-0.483,0.1534,2.44816,10.4074,0.00237469,0.1568,-0.2605,-8.583,-0.753,2.7965,-0.0141,0.0162
238.50,56.720,0.1568,-0.2605,-0.1853,-0.0177,-0.0615,-0.0142,0.0161,2.7907,-8.083,-0.482,0.1540,2.44816,10.4074,0.00237469,0.1568,-0.2605,-8.583,-0.753,2.7965,-0.0142,0.0161
238.60,56.740,0.1568,-0.2605,-0.1848,-0.0176,-0.0615,-0.0143,0.0160,2.7870,-8.086,-0.481,0.1541,2.49899,10.9904,0.00237469,0.1568,-0.2605,-8.591,-0.759,2.7890,-0.0143,0.0161
238.70,56.760,0.1568,-0.2605,-0.1842,-0.0175,-0.0615,-0.0143,0.0160,2.7829,-8.089,-0.480,0.1543,2.49899,10.9904,0.00237469,0.1568,-0.2605,-8.591,-0.759,2.7890,-0.0143,0.0160
238.80,56.780,0.1568,-0.2605,-0.1837,-0.0174,-0.0614,-0.0144,0.0159,2.7789,-8.092,-0.479,0.1545,2.53961,11.4408,0.00209788,0.1568,-0.2605,-8.598,-0.763,2.7835,-0.0144,0.0159
238.90,56.800,0.1568,-0.2605,-0.1832,-0.0173,-0.0614,-0.0144,0.0159,2.7754,-8.095,-0.478,0.1549,2.58247,11.9024,0.00237469,0.1571,-0.2585,-8.605,-0.767,2.7780,-0.0144,0.0159
239.00,56.820,0.1571,-0.2585,-0.1813,-0.0173,-0.0610,-0.0145,0.0158,2.7718,-8.098,-0.477,0.1550,2.58247,11.9024,0.00237469,0.1571,-0.2585,-8.605,-0.767,2.7780,-0.0145,0.0158
239.10,56.840,0.1571,-0.2585,-0.1807,-0.0172,-0.0610,-0.0146,0.0158,2.7676,-8.101,-0.476,0.1552,2.64321,12.5355,0.00237469,0.1571,-0.2585,-8.613,-0.773,2.7707,-0.0145,0.0158
239.20,56.860,0.1571,-0.2585,-0.1802,-0.0171,-0.0610,-0.0146,0.0157,2.7638,-8.104,-0.475,0.1554,2.69158,13.0235,0.00209788,0.1571,-0.2585,-8.620,-0.777,2.7653,-0.0146,0.0157
239.30,56.880,0.1571,-0.2585,-0.1795,-0.0170,-0.0609,-0.0147,0.0157,2.7597,-8.107,-0.473,0.1556,2.69158,13.0235,0.00209788,0.1571,-0.2585,-8.620,-0.777,2.7653,-0.0147,0.0157
239.40,56.900,0.1571,-0.2585,-0.1782,-0.0169,-0.0607,-0.0148,0.0156,2.7554,-8.111,-0.472,0.1559,2.74244,13.5227,0.00237469,0.1572,-0.2574,-8.627,-0.781,2.7599,-0.0147,0.0156
239.50,56.920,0.1572,-0.2574,-0.1776,-0.0171,-0.0702,-0.0148,0.0155,2.7518,-8.114,-0.471,0.1560,2.8143,14.2059,0.00237469,0.1572,-0.2574,-8.636,-0.787,2.7528,-0.0148,0.0156
239.60,56.960,0.1572,-0.2574,-0.1768,-0.0167,-0.0609,-0.0149,0.0155,2.7474,-8.117,-0.469,0.1562,2.8143,14.2059,0.00237469,0.1572,-0.2574,-8.636,-0.787,2.7528,-0.0149,0.0155
239.70,56.980,0.1572,-0.2574,-0.1762,-0.0166,-0.0609,-0.0149,0.0154,2.7441,-8.120,-0.468,0.1564,2.87132,14.7316,0.00209788,0.1572,-0.2574,-8.643,-0.791,2.7474,-0.0149,0.0154
239.80,57.000,0.1572,-0.2574,-0.1757,-0.0165,-0.0610,-0.0150,0.0154,2.7404,-8.123,-0.467,0.1573,2.93112,15.2685,0.00237469,0.1607,-0.2419,-8.650,-0.795,2.7422,-0.0150,0.0154
239.90,57.020,0.1607,-0.2432,-0.1646,-0.0174,-0.0590,-0.0150,0.0153,2.7368,-8.126,-0.466,0.1603,2.93112,15.2685,0.00237469,0.1607,-0.2419,-8.650,-0.795,2.7422,-0.0150,0.0153
240.00,57.040,0.1607,-0.2419,-0.1641,-0.0173,-0.0593,-0.0151,0.0153,2.7332,-8.129,-0.464,0.1605,1.48142,3.23545,0.00237468,0.1607,-0.2419,-8.662,-0.745,2.7353,-0.0151,0.0153
240.10,57.060,0.1607,-0.2419,-0.1636,-0.0172,-0.0597,-0.0152,0.0152,2.7293,-8.133,-0.463,0.1606,1.49625,3.35055,0.00209788,0.1607,-0.2419,-8.668,-0.748,2.7304,-0.0151,0.0152
240.20,57.080,0.1607,-0.2419,-0.1633,-0.0194,-0.0434,-0.0152,0.0152,2.7262,-8.136,-0.461,0.1606,1.49625,3.35055,0.00209788,0.1607,-0.2419,-8.668,-0.748,2.7304,-0.0152,0.0152
240.30,57.100,0.1607,-0.2419,-0.1568,0.0098,-0.0097,-0.0153,0.0151,2.7225,-8.139,-0.460,0.1637,1.51192,3.46913,0.00237468,0.1640,-0.2008,-8.675,-0.752,2.7255,-0.0153,0.0151
240.40,57.120,0.1640,-0.2264,-0.1325,-0.1567,-0.1994,-0.0153,0.0151,2.7195,-8.142,-0.459,0.1612,1.51192,3.46913,0.00237468,0.1640,-0.2008,-8.675,-0.752,2.7255,-0.0153,0.0151
240.50,57.140,0.1640,-0.2064,-0.1259,-0.0203,-0.0406,-0.0153,0.0150,2.7169,-8.145,-0.457,0.1605,1.53415,3.63267,0.00237469,0.1640,-0.2008,-8.684,-0.756,2.7193,-0.0153,0.0150
240.60,57.160,0.1640,-0.2008,-0.1261,-0.0203,-0.0407,-0.0154,0.0150,2.7138,-8.149,-0.456,0.1606,1.55185,3.75944,0.00209788,0.1640,-0.2008,-8.690,-0.759,2.7154,-0.0154,0.0150
240.70,57.180,0.1640,-0.2008,-0.1263,-0.0202,-0.0408,-0.0154,0.0149,2.7112,-8.152,-0.454,0.1607,1.55185,3.75944,0.00209788,0.1640,-0.2008,-8.690,-0.759,2.7154,-0.0154,0.0149
240.80,57.200,0.1640,-0.2008,-0.1212,0.0096,-0.0092,-0.0155,0.0149,2.7085,-8.155,-0.453,0.1619,1.57045,3.88978,0.00237469,0.1650,-0.1923,-8.697,-0.762,2.7117,-0.0155,0.0149
240.90,57.220,0.1650,-0.1923,-0.1214,-0.0205,-0.0406,-0.0155,0.0148,2.7059,-8.158,-0.451,0.1620,1.59666,4.06916,0.00237469,0.1650,-0.1923,-8.706,-0.766,2.7068,-0.0155,0.0149
241.00,57.260,0.1650,-0.1923,-0.1217,-0.0204,-0.0407,-0.0156,0.0148,2.7032,-8.161,-0.450,0.1621,1.59666,4.06916,0.00237469,0.1650,-0.1923,-8.706,-0.766,2.7068,-0.0155,0.0148
241.10,57.280,0.1650,-0.1923,-0.1219,-0.0203,-0.0408,-0.0156,0.0148,2.7003,-8.165,-0.448,0.1622,1.61741,4.2079,0.00209788,0.1650,-0.1923,-8.713,-0.769,2.7032,-0.0156,0.0148
241.20,57.300,0.1650,-0.1923,-0.1221,-0.0203,-0.0409,-0.0156,0.0147,2.6975,-8.168,-0.447,0.1628,1.63914,4.35028,0.00237469,0.1655,-0.1880,-8.720,-0.771,2.6996,-0.0156,0.0147
241.30,57.320,0.1655,-0.1880,-0.1197,-0.0203,-0.0408,-0.0157,0.0147,2.6947,-8.172,-0.445,0.1629,1.63914,4.35028,0.00237469,0.1655,-0.1880,-8.720,-0.771,2.6996,-0.0157,0.0147
241.40,57.340,0.1655,-0.1880,-0.1199,-0.0203,-0.0409,-0.0157,0.0146,2.6920,-8.175,-0.443,0.1630,1.66965,4.54578,0.00237469,0.1655,-0.1880,-8.729,-0.775,2.6948,-0.0157,0.0146
241.50,57.360,0.1655,-0.1880,-0.1201,-0.0202,-0.0410,-0.0158,0.0146,2.6894,-8.178,-0.442,0.1631,1.69374,4.69668,0.00209788,0.1655,-0.1880,-8.736,-0.778,2.6912,-0.0157,0.0146
241.60,57.380,0.1655,-0.1880,-0.1204,-0.0202,-0.0410,-0.0158,0.0145,2.6869,-8.181,-0.440,0.1632,1.69374,4.69668,0.00209788,0.1655,-0.1880,-8.736,-0.778,2.6912,-0.0158,0.0146
241.70,57.420,0.1660,-0.1841,-0.1182,-0.0202,-0.0410,-0.0158,0.0145,2.6840,-8.185,-0.439,0.1637,1.71887,4.85126,0.00237469,0.1660,-0.1841,-8.743,-0.781,2.6876,-0.0158,0.0145
241.80,57.440,0.1660,-0.1841,-0.1184,-0.0202,-0.0411,-0.0159,0.0145,2.6812,-8.189,-0.437,0.1638,1.75408,5.0631,0.00237469,0.1660,-0.1841,-8.752,-0.785,2.6828,-0.0159,0.0145
241.90,57.460,0.1660,-0.1841,-0.1186,-0.0201,-0.0411,-0.0159,0.0144,2.6784,-8.192,-0.435,0.1639,1.78178,5.22631,0.00209788,0.1660,-0.1841,-8.759,-0.788,2.6793,-0.0159,0.0144
242.00,57.480,0.1660,-0.1841,-0.1189,-0.0201,-0.0412,-0.0160,0.0144,2.6756,-8.195,-0.434,0.1640,1.78178,5.22631,0.00209788,0.1660,-0.1841,-8.759,-0.788,2.6793,-0.0160,0.0144
242.10,57.500,0.1660,-0.1841,-0.1168,0.0094,-0.0084,-0.0160,0.0143,2.6728,-8.199,-0.432,0.1657,1.81063,5.39324,0.00237469,0.1682,-0.1806,-8.766,-0.790,2.6757,-0.0160,0.0143
242.20,57.520,0.1682,-0.1806,-0.1170,0.0094,-0.0084,-0.0160,0.0143,2.6701,-8.202,-0.430,0.1663,1.85093,5.62163,0.00237469,0.1682,-0.1806,-8.775,-0.794,2.6710,-0.0160,0.0143
242.30,57.560,0.1682,-0.1806,-0.1173,-0.0200,-0.0416,-0.0161,0.0142,2.6673,-8.206,-0.428,0.1664,1.85093,5.62163,0.00237469,0.1682,-0.1806,-8.775,-0.794,2.6710,-0.0161,0.0142
242.40,57.580,0.1682,-0.1806,-0.1175,-0.0199,-0.0416,-0.0161,0.0142,2.6644,-8.210,-0.427,0.1665,1.88256,5.79731,0.00209788,0.1682,-0.1806,-8.782,-0.797,2.6675,-0.0161,0.0142
242.50,57.600,0.1682,-0.1806,-0.1177,-0.0199,-0.0417,-0.0161,0.0141,2.6619,-8.213,-0.425,0.1669,1.91543,5.97677,0.00237469,0.1685,-0.1774,-8.789,-0.799,2.6640,-0.0161,0.0142
242.60,57.620,0.1685,-0.1774,-0.1159,-0.0199,-0.0417,-0.0162,0.0141,2.6591,-8.216,-0.423,0.1670,1.96125,6.22193,0.00237469,0.1685,-0.1774,-8.799,-0.803,2.6593,-0.0162,0.0141
242.70,57.640,0.1685,-0.1774,-0.1161,-0.0199,-0.0417,-0.0162,0.0141,2.6563,-8.220,-0.421,0.1671,1.96125,6.22193,0.00237469,0.1685,-0.1774,-8.799,-0.803,2.6593,-0.0162,0.0141
242.80,57.680,0.1685,-0.1774,-0.1163,-0.0198,-0.0418,-0.0163,0.0140,2.6535,-8.224,-0.420,0.1671,1.99713,6.41024,0.00209788,0.1685,-0.1774,-8.806,-0.806,2.6558,-0.0163,0.0140
242.90,57.700,0.1685,-0.1774,-0.1165,-0.0197,-0.0419,-0.0163,0.0140,2.6510,-8.227,-0.418,0.1675,2.03435,6.60237,0.00237469,0.1689,-0.1745,-8.813,-0.808,2.6524,-0.0163,0.0140
243.00,57.720,0.1689,-0.1745,-0.1148,-0.0198,-0.0418,-0.0163,0.0139,2.6482,-8.230,-0.416,0.1676,2.03435,6.60237,0.00237469,0.1689,-0.1745,-8.813,-0.808,2.6524,-0.0163,0.0139
243.10,57.740,0.1689,-0.1745,-0.1151,-0.0197,-0.0420,-0.0164,0.0139,2.6454,-8.234,-0.414,0.1677,2.08613,6.8645,0.00237469,0.1689,-0.1745,-8.823,-0.812,2.6478,-0.0164,0.0139
243.20,57.760,0.1689,-0.1745,-0.1153,-0.0196,-0.0420,-0.0164,0.0138,2.6428,-8.237,-0.412,0.1677,2.1266,7.0656,0.00209788,0.1689,-0.1745,-8.830,-0.814,2.6443,-0.0164,0.0138
243.30,57.780,0.1689,-0.1745,-0.1155,-0.0196,-0.0421,-0.0165,0.0138,2.6401,-8.241,-0.411,0.1678,2.1266,7.0656,0.00209788,0.1689,-0.1745,-8.830,-0.814,2.6443,-0.0164,0.0138
243.40,57.820,0.1692,-0.1719,-0.1141,-0.0196,-0.0421,-0.0165,0.0137,2.6375,-8.244,-0.409,0.1682,2.16852,7.27056,0.00237469,0.1692,-0.1719,-8.837,-0.817,2.6408,-0.0165,0.0137
243.50,57.840,0.1692,-0.1719,-0.1142,-0.0195,-0.0422,-0.0165,0.0137,2.6350,-8.248,-0.407,0.1682,2.22672,7.54987,0.00237469,0.1692,-0.1719,-8.847,-0.820,2.6363,-0.0165,0.0137
243.60,57.860,0.1692,-0.1719,-0.1144,-0.0195,-0.0422,-0.0166,0.0137,2.6325,-8.251,-0.405,0.1683,2.22672,7.54987,0.00237469,0.1692,-0.1719,-8.847,-0.820,2.6363,-0.0166,0.0137
243.70,57.880,0.1692,-0.1719,-0.1146,-0.0194,-0.0423,-0.0166,0.0136,2.6297,-8.254,-0.403,0.1683,2.27213,7.7639,0.00209788,0.1692,-0.1719,-8.854,-0.823,2.6328,-0.0166,0.0136
243.80,57.900,0.1692,-0.1719,-0.1133,-0.0194,-0.0423,-0.0166,0.0136,2.6271,-8.258,-0.402,0.1687,2.31911,7.98184,0.00237469,0.1695,-0.1697,-8.861,-0.825,2.6294,-0.0166,0.0136
243.90,57.920,0.1695,-0.1697,-0.1135,-0.0194,-0.0424,-0.0167,0.0135,2.6245,-8.261,-0.400,0.1687,2.38422,8.27852,0.00237469,0.1695,-0.1697,-8.871,-0.829,2.6249,-0.0167,0.0135
244.00,57.940,0.1695,-0.1697,-0.1137,-0.0193,-0.0424,-0.0167,0.0135,2.6218,-8.265,-0.398,0.1688,2.38422,8.27852,0.00237469,0.1695,-0.1697,-8.871,-0.829,2.6249,-0.0167,0.0135
244.10,57.980,0.1695,-0.1697,-0.1139,-0.0192,-0.0425,-0.0167,0.0134,2.6190,-8.268,-0.396,0.1688,2.43496,8.50563,0.00209788,0.1695,-0.1697,-8.878,-0.831,2.6214,-0.0167,0.0134
244.20,58.000,0.1695,-0.1697,-0.1141,-0.0192,-0.0426,-0.0168,0.0134,2.6165,-8.272,-0.394,0.1691,2.48737,8.73669,0.00237469,0.1697,-0.1677,-8.885,-0.834,2.6180,-0.0168,0.0134
244.30,58.020,0.1697,-0.1677,-0.1129,-0.0192,-0.0426,-0.0168,0.0134,2.6138,-8.275,-0.392,0.1692,2.48737,8.73669,0.00237469,0.1697,-0.1677,-8.885,-0.834,2.6180,-0.0168,0.0134
244.40,58.040,0.1697,-0.1677,-0.1132,-0.0191,-0.0427,-0.0168,0.0133,2.6112,-8.278,-0.390,0.1692,1.29109,2.70132,0.00237468,0.1697,-0.1677,-8.889,-0.864,2.6135,-0.0168,0.0133
244.50,58.060,0.1697,-0.1677,-0.1134,-0.0190,-0.0427,-0.0169,0.0133,2.6084,-8.282,-0.388,0.1693,1.30888,2.7727,0.00209788,0.1697,-0.1677,-8.896,-0.867,2.6101,-0.0169,0.0133
244.60,58.080,0.1697,-0.1677,-0.1135,-0.0190,-0.0428,-0.0169,0.0132,2.6058,-8.286,-0.386,0.1693,1.32735,2.84571,0.00237468,0.1683,-0.1792,-8.904,-0.869,2.6067,-0.0169,0.0132
244.70,58.120,0.1683,-0.1792,-0.1217,-0.0186,-0.0435,-0.0170,0.0132,2.6030,-8.289,-0.384,0.1680,1.32735,2.84571,0.00237468,0.1683,-0.1792,-8.904,-0.869,2.6067,-0.0170,0.0132
244.80,58.140,0.1683,-0.1792,-0.1219,-0.0185,-0.0436,-0.0170,0.0131,2.6000,-8.293,-0.382,0.1680,1.35309,2.94561,0.00237468,0.1683,-0.1792,-8.914,-0.873,2.6020,-0.0170,0.0131
244.90,58.160,0.1683,-0.1792,-0.1222,-0.0184,-0.0437,-0.0170,0.0131,2.5971,-8.296,-0.380,0.1681,1.37325,3.02246,0.00209788,0.1683,-0.1792,-8.921,-0.876,2.5983,-0.0170,0.0131
245.00,58.180,0.1683,-0.1792,-0.1224,-0.0184,-0.0438,-0.0171,0.0130,2.5941,-8.300,-0.378,0.1681,1.37325,3.02246,0.00209788,0.1683,-0.1792,-8.921,-0.876,2.5983,-0.0171,0.0130
245.10,58.200,0.1683,-0.1792,-0.1215,-0.0183,-0.0438,-0.0171,0.0130,2.5913,-8.303,-0.376,0.1684,1.39416,3.10097,0.00237469,0.1685,-0.1777,-8.929,-0.878,2.5947,-0.0171,0.0130
245.20,58.240,0.1685,-0.1777,-0.1217,-0.0164,-0.0512,-0.0171,0.0129,2.5884,-8.306,-0.374,0.1684,1.42326,3.20824,0.00237469,0.1685,-0.1777,-8.939,-0.882,2.5898,-0.0171,0.0129
245.30,58.260,0.1685,-0.1777,-0.1217,-0.0181,-0.0445,-0.0172,0.0129,2.5856,-8.310,-0.372,0.1685,1.42326,3.20824,0.00237469,0.1685,-0.1777,-8.939,-0.882,2.5898,-0.0172,0.0129
245.40,58.280,0.1685,-0.1777,-0.1219,-0.0180,-0.0447,-0.0172,0.0128,2.5829,-8.313,-0.370,0.1686,1.44601,3.29065,0.00209788,0.1685,-0.1777,-8.946,-0.884,2.5861,-0.0172,0.0128
245.50,58.300,0.1685,-0.1777,-0.1220,-0.0178,-0.0450,-0.0172,0.0128,2.5803,-8.316,-0.369,0.1689,1.46959,3.37474,0.00237469,0.1687,-0.1757,-8.954,-0.887,2.5825,-0.0172,0.0128
245.60,58.320,0.1687,-0.1757,-0.1208,-0.0176,-0.0456,-0.0173,0.0127,2.5775,-8.320,-0.367,0.1689,1.46959,3.37474,0.00237469,0.1687,-0.1757,-8.954,-0.887,2.5825,-0.0173,0.0127
245.70,58.340,0.1687,-0.1757,-0.1209,-0.0173,-0.0467,-0.0173,0.0127,2.5749,-8.323,-0.365,0.1690,1.50234,3.48951,0.00237469,0.1687,-0.1757,-8.964,-0.890,2.5776,-0.0173,0.0127
245.80,58.360,0.1687,-0.1757,-0.1209,-0.0165,-0.0492,-0.0174,0.0126,2.5722,-8.326,-0.363,0.1691,1.52791,3.57758,0.00209788,0.1687,-0.1757,-8.971,-0.893,2.5740,-0.0173,0.0127
245.90,58.380,0.1687,-0.1757,-0.1206,-0.0046,-0.0415,-0.0174,0.0126,2.5694,-8.329,-0.361,0.1694,1.55438,3.66737,0.00237469,0.1690,-0.1740,-8.979,-0.895,2.5704,-0.0174,0.0126
246.00,58.420,0.1690,-0.1740,-0.1109,0.0089,-0.0064,-0.0174,0.0125,2.5670,-8.332,-0.359,0.1713,1.55438,3.66737,0.00237469,0.1690,-0.1740,-8.979,-0.895,2.5704,-0.0174,0.0126
246.10,58.440,0.1690,-0.1740,-0.1110,0.0089,-0.0064,-0.0174,0.0125,2.5644,-8.336,-0.357,0.1719,1.59108,3.78979,0.00237469,0.1690,-0.1740,-8.989,-0.899,2.5658,-0.0174,0.0125
246.20,58.460,0.1690,-0.1740,-0.1115,0.0159,-0.0113,-0.0175,0.0125,2.5619,-8.339,-0.355,0.1727,1.61968,3.88365,0.00209788,0.1690,-0.1740,-8.997,-0.901,2.5625,-0.0175,0.0125
246.30,58.480,0.1690,-0.1740,-0.1120,-0.0105,-0.0432,-0.0175,0.0124,2.5592,-8.343,-0.352,0.1730,1.61968,3.88365,0.00209788,0.1690,-0.1740,-8.997,-0.901,2.5625,-0.0175,0.0124
246.40,58.500,0.1690,-0.1740,-0.1182,1.1080,-0.7816,-0.0175,0.0124,2.5568,-8.346,-0.351,0.1755,1.64924,3.97928,0.00237469,0.1690,-0.1734,-9.004,-0.903,2.5592,-0.0175,0.0124
246.50,58.520,0.1690,-0.1734,-0.1215,0.0101,-0.0071,-0.0176,0.0123,2.5540,-8.349,-0.348,0.1762,1.69017,4.10956,0.00237469,0.1690,-0.1734,-9.015,-0.907,2.5545,-0.0176,0.0123
246.60,58.540,0.1690,-0.1734,-0.1216,0.0101,-0.0070,-0.0176,0.0123,2.5511,-8.353,-0.346,0.1769,1.69017,4.10956,0.00237469,0.1690,-0.1734,-9.015,-0.907,2.5545,-0.0176,0.0123
246.70,58.580,0.1690,-0.1734,-0.1219,-0.0168,-0.0458,-0.0177,0.0122,2.5480,-8.357,-0.344,0.1769,1.72204,4.20934,0.00209788,0.1690,-0.1734,-9.022,-0.909,2.5509,-0.0176,0.0122
246.80,58.600,0.1690,-0.1734,-0.1221,-0.0168,-0.0459,-0.0177,0.0122,2.5451,-8.360,-0.342,0.1770,1.75495,4.31091,0.00237469,0.1691,-0.1728,-9.030,-0.911,2.5472,-0.0177,0.0122
246.90,58.620,0.1691,-0.1728,-0.1220,-0.0167,-0.0459,-0.0177,0.0121,2.5424,-8.363,-0.339,0.1771,1.75495,4.31091,0.00237469,0.1691,-0.1728,-9.030,-0.911,2.5472,-0.0177,0.0121
247.00,58.640,0.1691,-0.1728,-0.1222,-0.0167,-0.0460,-0.0178,0.0121,2.5395,-8.367,-0.337,0.1771,1.8005,4.44911,0.00237469,0.1691,-0.1728,-9.040,-0.914,2.5423,-0.0177,0.0121
247.10,58.660,0.1691,-0.1728,-0.1224,-0.0166,-0.0461,-0.0178,0.0120,2.5366,-8.371,-0.335,0.1772,1.83593,4.55486,0.00209788,0.1691,-0.1728,-9.048,-0.917,2.5387,-0.0178,0.0120
247.20,58.700,0.1691,-0.1728,-0.1227,-0.0165,-0.0462,-0.0178,0.0120,2.5339,-8.374,-0.333,0.1772,1.87249,4.66242,0.00237469,0.1693,-0.1715,-9.056,-0.919,2.5350,-0.0178,0.0120
247.30,58.720,0.1693,-0.1715,-0.1219,-0.0165,-0.0462,-0.0179,0.0119,2.5313,-8.377,-0.331,0.1774,1.87249,4.66242,0.00237469,0.1693,-0.1715,-9.056,-0.919,2.5350,-0.0179,0.0119
247.40,58.740,0.1693,-0.1715,-0.1221,-0.0164,-0.0463,-0.0179,0.0119,2.5286,-8.380,-0.329,0.1774,1.92303,4.80866,0.00237469,0.1693,-0.1715,-9.066,-0.922,2.5301,-0.0179,0.0119
247.50,58.760,0.1693,-0.1715,-0.1223,-0.0164,-0.0463,-0.0179,0.0118,2.5258,-8.384,-0.326,0.1775,1.96231,4.92048,0.00209788,0.1693,-0.1715,-9.074,-0.924,2.5265,-0.0179,0.0118
247.60,58.780,0.1693,-0.1715,-0.1226,-0.0163,-0.0464,-0.0180,0.0118,2.5229,-8.387,-0.324,0.1775,1.96231,4.92048,0.00209788,0.1693,-0.1715,-9.074,-0.924,2.5265,-0.0180,0.0118
247.70,58.800,0.1693,-0.1715,-0.1220,-0.0162,-0.0464,-0.0180,0.0117,2.5199,-8.391,-0.322,0.1777,2.00281,5.03413,0.00237469,0.1694,-0.1704,-9.082,-0.926,2.5228,-0.0180,0.0117
247.80,58.820,0.1694,-0.1704,-0.1222,-0.0162,-0.0465,-0.0180,0.0117,2.5172,-8.394,-0.320,0.1777,2.05873,5.18853,0.00237469,0.1694,-0.1704,-9.092,-0.929,2.5179,-0.0180,0.0117
247.90,58.840,0.1694,-0.1704,-0.1223,-0.0161,-0.0466,-0.0181,0.0116,2.5146,-8.397,-0.317,0.1778,2.05873,5.18853,0.00237469,0.1694,-0.1704,-9.092,-0.929,2.5179,-0.0180,0.0116
248.00,58.880,0.1694,-0.1704,-0.1226,-0.0160,-0.0467,-0.0181,0.0116,2.5119,-8.401,-0.315,0.1778,2.10216,5.30649,0.00209788,0.1694,-0.1704,-9.100,-0.932,2.5142,-0.0181,0.0116
248.10,58.900,0.1694,-0.1704,-0.1228,-0.0160,-0.0468,-0.0181,0.0115,2.5092,-8.404,-0.313,0.1779,2.14689,5.42632,0.00237469,0.1695,-0.1695,-9.108,-0.934,2.5106,-0.0181,0.0115
248.20,58.920,0.1695,-0.1695,-0.1223,-0.0159,-0.0468,-0.0181,0.0115,2.5066,-8.407,-0.311,0.1779,2.14689,5.42632,0.00237469,0.1695,-0.1695,-9.108,-0.934,2.5106,-0.0181,0.0115
248.30,58.940,0.1695,-0.1695,-0.1225,-0.0159,-0.0469,-0.0182,0.0114,2.5038,-8.410,-0.309,0.1780,2.20862,5.589,0.00237469,0.1695,-0.1695,-9.118,-0.936,2.5057,-0.0182,0.0114
248.40,58.960,0.1695,-0.1695,-0.1227,-0.0158,-0.0469,-0.0182,0.0114,2.5010,-8.414,-0.306,0.1780,2.25651,5.7132,0.00209788,0.1695,-0.1695,-9.126,-0.939,2.5020,-0.0182,0.0114
248.50,58.980,0.1695,-0.1695,-0.1230,-0.0157,-0.0470,-0.0182,0.0113,2.4983,-8.417,-0.304,0.1781,2.25651,5.7132,0.00209788,0.1695,-0.1695,-9.126,-0.939,2.5020,-0.0182,0.0113
248.60,59.000,0.1695,-0.1695,-0.1226,-0.0157,-0.0471,-0.0183,0.0113,2.4958,-8.420,-0.302,0.1782,2.3058,5.83928,0.00237469,0.1696,-0.1687,-9.134,-0.941,2.4983,-0.0183,0.0113
248.70,59.020,0.1696,-0.1687,-0.1228,-0.0156,-0.0471,-0.0183,0.0112,2.4930,-8.423,-0.300,0.1782,1.22828,2.26984,0.00237468,0.1696,-0.1687,-9.142,-0.915,2.4934,-0.0183,0.0112
248.80,59.040,0.1696,-0.1687,-0.1230,-0.0155,-0.0472,-0.0183,0.0112,2.4899,-8.427,-0.297,0.1783,1.22828,2.26984,0.00237468,0.1696,-0.1687,-9.142,-0.915,2.4934,-0.0183,0.0112
248.90,59.080,0.1696,-0.1687,-0.1233,-0.0155,-0.0473,-0.0184,0.0111,2.4871,-8.430,-0.295,0.1783,1.24891,2.3183,0.00209788,0.1696,-0.1687,-9.150,-0.917,2.4897,-0.0184,0.0111
249.00,59.100,0.1696,-0.1687,-0.1235,-0.0154,-0.0474,-0.0184,0.0111,2.4844,-8.434,-0.293,0.1799,1.27026,2.36771,0.00237468,0.1718,-0.1509,-9.158,-0.919,2.4860,-0.0184,0.0111
249.10,59.120,0.1718,-0.1536,-0.1105,-0.0158,-0.0462,-0.0184,0.0110,2.4819,-8.437,-0.290,0.1796,1.27026,2.36771,0.00237468,0.1718,-0.1509,-9.158,-0.919,2.4860,-0.0184,0.0110
249.20,59.140,0.1718,-0.1509,-0.1107,-0.0158,-0.0462,-0.0184,0.0110,2.4793,-8.440,-0.288,0.1796,1.29986,2.43512,0.00237468,0.1718,-0.1509,-9.168,-0.921,2.4813,-0.0184,0.0110
249.30,59.160,0.1718,-0.1509,-0.1109,-0.0157,-0.0463,-0.0185,0.0109,2.4768,-8.444,-0.286,0.1796,1.32294,2.48683,0.00209788,0.1718,-0.1509,-9.176,-0.923,2.4780,-0.0185,0.0109
249.40,59.180,0.1718,-0.1509,-0.1110,-0.0156,-0.0464,-0.0185,0.0109,2.4741,-8.447,-0.283,0.1797,1.32294,2.48683,0.00209788,0.1718,-0.1509,-9.176,-0.923,2.4780,-0.0185,0.0109
249.50,59.200,0.1718,-0.1509,-0.1110,-0.0156,-0.0464,-0.0185,0.0108,2.4719,-8.450,-0.281,0.1797,1.34678,2.53954,0.00237469,0.1718,-0.1505,-9.184,-0.924,2.4747,-0.0185,0.0109
249.60,59.220,0.1718,-0.1505,-0.1111,-0.0155,-0.0465,-0.0186,0.0108,2.4699,-8.453,-0.279,0.1797,1.37981,2.61141,0.00237469,0.1718,-0.1505,-9.194,-0.926,2.4703,-0.0185,0.0108
249.70,59.240,0.1718,-0.1505,-0.1112,-0.0155,-0.0465,-0.0186,0.0108,2.4681,-8.455,-0.277,0.1798,1.37981,2.61141,0.00237469,0.1718,-0.1505,-9.194,-0.926,2.4703,-0.0186,0.0108
249.80,59.260,0.1718,-0.1505,-0.1113,-0.0154,-0.0466,-0.0186,0.0107,2.4660,-8.458,-0.275,0.1798,1.40552,2.66651,0.00209788,0.1718,-0.1505,-9.202,-0.928,2.4669,-0.0186,0.0107
249.90,59.280,0.1718,-0.1505,-0.1115,-0.0154,-0.0466,-0.0186,0.0107,2.4641,-8.460,-0.274,0.1798,1.40552,2.66651,0.00209788,0.1718,-0.1505,-9.202,-0.928,2.4669,-0.0186,0.0107
250.00,59.300,0.1718,-0.1505,-0.1116,-0.0153,-0.0467,-0.0186,0.0107,2.4623,-8.462,-0.272,0.1798,1.43206,2.72265,0.00237469,0.1717,-0.1514,-9.210,-0.930,2.4636,-0.0186,0.0107
250.10,59.320,0.1717,-0.1514,-0.1124,-0.0152,-0.0468,-0.0187,0.0106,2.4602,-8.465,-0.270,0.1798,1.43206,2.72265,0.00237469,0.1717,-0.1514,-9.210,-0.930,2.4636,-0.0187,0.0106
250.20,59.340,0.1717,-0.1514,-0.1126,-0.0152,-0.0469,-0.0187,0.0106,2.4580,-8.468,-0.268,0.1798,1.46879,2.79912,0.00237469,0.1717,-0.1514,-9.220,-0.932,2.4591,-0.0187,0.0106
250.30,59.360,0.1717,-0.1514,-0.1127,-0.0151,-0.0470,-0.0187,0.0105,2.4556,-8.471,-0.265,0.1798,1.46879,2.79912,0.00237469,0.1717,-0.1514,-9.220,-0.932,2.4591,-0.0187,0.0105
250.40,59.380,0.1717,-0.1514,-0.1129,-0.0150,-0.0470,-0.0187,0.0105,2.4533,-8.474,-0.263,0.1799,1.49736,2.8577,0.00209788,0.1717,-0.1514,-9.228,-0.933,2.4557,-0.0187,0.0105
250.50,59.400,0.1717,-0.1514,-0.1130,-0.0150,-0.0471,-0.0188,0.0105,2.4510,-8.477,-0.261,0.1798,1.52684,2.91734,0.00237469,0.1716,-0.1523,-9.236,-0.935,2.4523,-0.0187,0.0105
250.60,59.420,0.1716,-0.1523,-0.1139,-0.0149,-0.0472,-0.0188,0.0104,2.4488,-8.480,-0.259,0.1799,1.52684,2.91734,0.00237469,0.1716,-0.1523,-9.236,-0.935,2.4523,-0.0188,0.0104
250.70,59.440,0.1716,-0.1523,-0.1140,-0.0148,-0.0473,-0.0188,0.0104,2.4464,-8.483,-0.257,0.1799,1.56758,2.99853,0.00237469,0.1716,-0.1523,-9.247,-0.937,2.4478,-0.0188,0.0104
250.80,59.460,0.1716,-0.1523,-0.1142,-0.0148,-0.0473,-0.0188,0.0103,2.4435,-8.486,-0.254,0.1799,1.59926,3.06067,0.00209788,0.1716,-0.1523,-9.255,-0.938,2.4444,-0.0188,0.0103
250.90,59.480,0.1716,-0.1523,-0.1144,-0.0147,-0.0474,-0.0189,0.0103,2.4409,-8.490,-0.252,0.1799,1.59926,3.06067,0.00209788,0.1716,-0.1523,-9.255,-0.938,2.4444,-0.0189,0.0103
251.00,59.500,0.1716,-0.1523,-0.1152,-0.0146,-0.0476,-0.0189,0.0102,2.4383,-8.493,-0.249,0.1799,1.63191,3.12391,0.00237469,0.1715,-0.1532,-9.263,-0.940,2.4410,-0.0189,0.0102
251.10,59.520,0.1715,-0.1532,-0.1154,-0.0145,-0.0476,-0.0189,0.0102,2.4357,-8.496,-0.247,0.1799,1.67701,3.20993,0.00237469,0.1715,-0.1532,-9.273,-0.941,2.4364,-0.0189,0.0102
251.20,59.540,0.1715,-0.1532,-0.1155,-0.0145,-0.0477,-0.0189,0.0101,2.4331,-8.499,-0.244,0.1800,1.67701,3.20993,0.00237469,0.1715,-0.1532,-9.273,-0.941,2.4364,-0.0189,0.0101
251.30,59.580,0.1715,-0.1532,-0.1158,-0.0144,-0.0478,-0.0190,0.0101,2.4305,-8.502,-0.242,0.1800,1.71204,3.27573,0.00209788,0.1715,-0.1532,-9.281,-0.943,2.4329,-0.0190,0.0101
251.40,59.600,0.1715,-0.1532,-0.1159,-0.0143,-0.0479,-0.0190,0.0100,2.4282,-8.505,-0.239,0.1799,1.74814,3.34264,0.00237469,0.1714,-0.1541,-9.289,-0.944,2.4294,-0.0190,0.0100
251.50,59.620,0.1714,-0.1541,-0.1168,-0.0142,-0.0480,-0.0190,0.0100,2.4255,-8.509,-0.237,0.1800,1.74814,3.34264,0.00237469,0.1714,-0.1541,-9.289,-0.944,2.4294,-0.0190,0.0100
251.60,59.640,0.1714,-0.1541,-0.1169,-0.0142,-0.0481,-0.0190,0.0099,2.4227,-8.512,-0.234,0.1800,1.79795,3.4336,0.00237469,0.1714,-0.1541,-9.300,-0.946,2.4248,-0.0190,0.0099
251.70,59.660,0.1714,-0.1541,-0.1172,-0.0146,-0.0492,-0.0191,0.0099,2.4200,-8.515,-0.232,0.1800,1.83662,3.50313,0.00209788,0.1714,-0.1541,-9.308,-0.947,2.4212,-0.0191,0.0099
251.80,59.680,0.1714,-0.1541,-0.1173,-0.0140,-0.0482,-0.0191,0.0098,2.4176,-8.518,-0.229,0.1800,1.83662,3.50313,0.00209788,0.1714,-0.1541,-9.308,-0.947,2.4212,-0.0191,0.0098
251.90,59.700,0.1714,-0.1541,-0.1181,-0.0243,-0.0506,-0.0191,0.0098,2.4153,-8.521,-0.227,0.1799,1.87643,3.5738,0.00237469,0.1713,-0.1550,-9.316,-0.949,2.4177,-0.0191,0.0098
252.00,59.720,0.1713,-0.1550,-0.1181,-0.0144,-0.0485,-0.0191,0.0097,2.4128,-8.524,-0.225,0.1799,1.87643,3.5738,0.00237469,0.1713,-0.1550,-9.316,-0.949,2.4177,-0.0191,0.0097
252.10,59.740,0.1713,-0.1550,-0.1183,-0.0145,-0.0486,-0.0192,0.0097,2.4104,-8.527,-0.222,0.1799,1.93134,3.66979,0.00237469,0.1713,-0.1550,-9.326,-0.950,2.4130,-0.0192,0.0097
252.20,59.760,0.1713,-0.1550,-0.1184,-0.0148,-0.0488,-0.0192,0.0096,2.4083,-8.529,-0.221,0.1799,1.97393,3.74313,0.00209788,0.1713,-0.1550,-9.334,-0.952,2.4095,-0.0192,0.0096
252.30,59.780,0.1713,-0.1550,-0.1185,-0.0155,-0.0490,-0.0192,0.0096,2.4060,-8.532,-0.218,0.1799,1.97393,3.74313,0.00209788,0.1713,-0.1550,-9.334,-0.952,2.4095,-0.0192,0.0096
252.40,59.800,0.1713,-0.1550,-0.1185,-0.0161,-0.0492,-0.0192,0.0096,2.4037,-8.535,-0.216,0.1798,2.01776,3.81762,0.00237469,0.1711,-0.1562,-9.342,-0.953,2.4059,-0.0192,0.0096
252.50,59.820,0.1711,-0.1562,-0.1194,-0.0190,-0.0500,-0.0192,0.0095,2.4012,-8.538,-0.214,0.1797,2.01776,3.81762,0.00237469,0.1711,-0.1562,-9.342,-0.953,2.4059,-0.0192,0.0095
252.60,59.840,0.1711,-0.1562,-0.1093,0.0101,-0.0095,-0.0193,0.0095,2.3988,-8.540,-0.211,0.1771,2.07817,3.91875,0.00237469,0.1711,-0.1562,-9.353,-0.954,2.4012,-0.0193,0.0095
252.70,59.860,0.1711,-0.1562,-0.1094,0.0074,-0.0036,-0.0193,0.0094,2.3962,-8.544,-0.209,0.1777,2.125,3.99596,0.00209788,0.1711,-0.1562,-9.361,-0.956,2.3977,-0.0193,0.0094
252.80,59.880,0.1711,-0.1562,-0.1096,0.0074,-0.0036,-0.0193,0.0094,2.3939,-8.547,-0.206,0.1782,2.125,3.99596,0.00209788,0.1711,-0.1562,-9.361,-0.956,2.3977,-0.0193,0.0094
252.90,59.900,0.1711,-0.1562,-0.1103,0.0074,-0.0036,-0.0193,0.0093,2.3916,-8.549,-0.204,0.1786,2.17315,4.07436,0.00237469,0.1710,-0.1571,-9.369,-0.957,2.3944,-0.0193,0.0093
253.00,59.920,0.1710,-0.1571,-0.1104,0.0074,-0.0035,-0.0194,0.0093,2.3893,-8.552,-0.202,0.1791,2.23946,4.18077,0.00237469,0.1710,-0.1571,-9.380,-0.958,2.3900,-0.0194,0.0093
253.10,59.940,0.1710,-0.1571,-0.1105,-0.0149,-0.0502,-0.0194,0.0092,2.3871,-8.555,-0.200,0.1790,2.23946,4.18077,0.00237469,0.1710,-0.1571,-9.380,-0.958,2.3900,-0.0194,0.0092
253.20,59.960,0.1710,-0.1571,-0.1107,-0.0149,-0.0503,-0.0194,0.0092,2.3848,-8.558,-0.197,0.1790,2.2908,4.26198,0.00209788,0.1710,-0.1571,-9.388,-0.959,2.3867,-0.0194,0.0092
253.30,59.980,0.1710,-0.1571,-0.1108,-0.0148,-0.0503,-0.0194,0.0091,2.3825,-8.561,-0.195,0.1790,2.34356,4.34442,0.00237469,0.1707,-0.1597,-9.396,-0.960,2.3834,-0.0194,0.0092
253.40,60.000,0.1710,-0.1571,-0.1127,0.0448,-0.0827,-0.0194,0.0091,2.3802,-8.564,-0.193,0.1788,2.34356,4.34442,0.00237469,0.1707,-0.1597,-9.396,-0.960,2.3834,-0.0194,0.0091
253.50,60.020,0.1707,-0.1597,-0.1129,-0.0146,-0.0507,-0.0195,0.0091,2.3779,-8.567,-0.190,0.1787,1.25291,1.93391,0.00237468,0.1707,-0.1597,-9.401,-0.972,2.3789,-0.0195,0.0091
253.60,60.060,0.1707,-0.1597,-0.1131,-0.0145,-0.0508,-0.0195,0.0090,2.3755,-8.570,-0.188,0.1787,1.25291,1.93391,0.00237468,0.1707,-0.1597,-9.401,-0.972,2.3789,-0.0195,0.0090
253.70,60.080,0.1707,-0.1597,-0.1132,-0.0145,-0.0508,-0.0195,0.0090,2.3730,-8.573,-0.186,0.1787,1.27777,1.96963,0.00209788,0.1707,-0.1597,-9.409,-0.973,2.3755,-0.0195,0.0090
253.80,60.100,0.1707,-0.1597,-0.1134,-0.0140,-0.0501,-0.0195,0.0089,2.3707,-8.576,-0.183,0.1753,1.30346,2.00604,0.00237468,0.1702,-0.1638,-9.417,-0.974,2.3721,-0.0195,0.0089
253.90,60.120,0.1702,-0.1638,-0.1164,-0.0131,-0.0487,-0.0196,0.0089,2.3681,-8.579,-0.181,0.1754,1.30346,2.00604,0.00237468,0.1702,-0.1638,-9.417,-0.974,2.3721,-0.0195,0.0089
254.00,60.140,0.1702,-0.1638,-0.1166,-0.0131,-0.0488,-0.0196,0.0088,2.3656,-8.581,-0.178,0.1754,1.33902,2.0557,0.00237468,0.1702,-0.1638,-9.428,-0.975,2.3675,-0.0196,0.0088
254.10,60.160,0.1702,-0.1638,-0.1168,-0.0129,-0.0489,-0.0196,0.0088,2.3629,-8.584,-0.176,0.1754,1.36671,2.09376,0.00209788,0.1702,-0.1638,-9.436,-0.976,2.3640,-0.0196,0.0088
254.20,60.180,0.1702,-0.1638,-0.1169,-0.0129,-0.0489,-0.0196,0.0087,2.3601,-8.588,-0.173,0.1754,1.36671,2.09376,0.00209788,0.1702,-0.1638,-9.436,-0.976,2.3640,-0.0196,0.0087
254.30,60.200,0.1702,-0.1638,-0.1188,-0.0128,-0.0491,-0.0196,0.0087,2.3576,-8.590,-0.170,0.1752,1.39529,2.13255,0.00237469,0.1699,-0.1662,-9.444,-0.977,2.3605,-0.0196,0.0087
254.40,60.220,0.1699,-0.1662,-0.1189,-0.0127,-0.0492,-0.0197,0.0086,2.3552,-8.593,-0.168,0.1752,1.43484,2.18538,0.00237469,0.1699,-0.1662,-9.455,-0.978,2.3558,-0.0197,0.0086
254.50,60.240,0.1699,-0.1662,-0.1190,-0.0126,-0.0493,-0.0197,0.0086,2.3526,-8.596,-0.166,0.1752,1.43484,2.18538,0.00237469,0.1699,-0.1662,-9.455,-0.978,2.3558,-0.0197,0.0086
254.60,60.260,0.1699,-0.1662,-0.1192,-0.0126,-0.0493,-0.0197,0.0085,2.3501,-8.599,-0.163,0.1752,1.46561,2.22586,0.00209788,0.1699,-0.1662,-9.463,-0.979,2.3522,-0.0197,0.0085
254.70,60.280,0.1699,-0.1662,-0.1193,-0.0125,-0.0494,-0.0197,0.0085,2.3478,-8.601,-0.161,0.1752,1.46561,2.22586,0.00209788,0.1699,-0.1662,-9.463,-0.979,2.3522,-0.0197,0.0085
254.80,60.300,0.1699,-0.1662,-0.1210,-0.0124,-0.0496,-0.0197,0.0084,2.3454,-8.604,-0.159,0.1750,1.49736,2.26707,0.00237469,0.1696,-0.1683,-9.471,-0.980,2.3486,-0.0197,0.0084
254.90,60.320,0.1696,-0.1683,-0.1212,-0.0124,-0.0497,-0.0198,0.0084,2.3432,-8.606,-0.156,0.1750,1.54125,2.32317,0.00237469,0.1696,-0.1683,-9.482,-0.981,2.3438,-0.0198,0.0084
255.00,60.340,0.1696,-0.1683,-0.1213,-0.0123,-0.0498,-0.0198,0.0083,2.3411,-8.608,-0.154,0.1750,1.54125,2.32317,0.00237469,0.1696,-0.1683,-9.482,-0.981,2.3438,-0.0198,0.0083
255.10,60.360,0.1696,-0.1683,-0.1215,-0.0122,-0.0498,-0.0198,0.0083,2.3389,-8.611,-0.152,0.1750,1.57537,2.36612,0.00209788,0.1696,-0.1683,-9.491,-0.982,2.3401,-0.0198,0.0083
255.20,60.380,0.1696,-0.1683,-0.1216,-0.0122,-0.0499,-0.0198,0.0082,2.3363,-8.614,-0.150,0.1750,1.57537,2.36612,0.00209788,0.1696,-0.1683,-9.491,-0.982,2.3401,-0.0198,0.0082
255.30,60.400,0.1696,-0.1683,-0.1233,-0.0121,-0.0502,-0.0198,0.0082,2.3336,-8.616,-0.147,0.1748,1.61055,2.40982,0.00237469,0.1694,-0.1703,-9.499,-0.983,2.3365,-0.0198,0.0082
255.40,60.420,0.1694,-0.1703,-0.1234,-0.0121,-0.0503,-0.0199,0.0081,2.3308,-8.619,-0.144,0.1748,1.65915,2.46926,0.00237469,0.1694,-0.1703,-9.510,-0.984,2.3316,-0.0199,0.0081
255.50,60.440,0.1694,-0.1703,-0.1236,-0.0120,-0.0505,-0.0199,0.0081,2.3281,-8.622,-0.142,0.1748,1.65915,2.46926,0.00237469,0.1694,-0.1703,-9.510,-0.984,2.3316,-0.0199,0.0081
255.60,60.480,0.1694,-0.1703,-0.1238,-0.0120,-0.0508,-0.0199,0.0080,2.3251,-8.625,-0.139,0.1748,1.69691,2.51472,0.00209788,0.1694,-0.1703,-9.518,-0.985,2.3279,-0.0199,0.0080
255.70,60.500,0.1694,-0.1703,-0.1240,-0.0121,-0.0512,-0.0199,0.0080,2.3226,-8.628,-0.137,0.1746,1.73582,2.56096,0.00237469,0.1692,-0.1723,-9.526,-0.986,2.3242,-0.0199,0.0080
255.80,60.520,0.1692,-0.1723,-0.1263,-0.0137,-0.0496,-0.0200,0.0079,2.3197,-8.631,-0.134,0.1745,1.73582,2.56096,0.00237469,0.1692,-0.1723,-9.526,-0.986,2.3242,-0.0200,0.0079
255.90,60.540,0.1692,-0.1723,-0.1267,-0.0154,-0.0490,-0.0200,0.0079,2.3172,-8.633,-0.132,0.1744,1.78954,2.6238,0.00237469,0.1692,-0.1723,-9.537,-0.987,2.3192,-0.0200,0.0079
256.00,60.560,0.1692,-0.1723,-0.1273,-0.0202,-0.0475,-0.0200,0.0078,2.3145,-8.636,-0.129,0.1743,1.83125,2.67183,0.00209788,0.1692,-0.1723,-9.545,-0.987,2.3153,-0.0200,0.0078
256.10,60.580,0.1692,-0.1723,-0.1289,-0.0635,-0.0366,-0.0200,0.0077,2.3119,-8.639,-0.127,0.1708,1.83125,2.67183,0.00209788,0.1692,-0.1723,-9.545,-0.987,2.3153,-0.0200,0.0078
256.20,60.600,0.1692,-0.1723,-0.1396,0.0074,-0.0029,-0.0200,0.0077,2.3091,-8.641,-0.124,0.1710,1.87421,2.72064,0.00237469,0.1689,-0.1741,-9.554,-0.988,2.3115,-0.0200,0.0077
256.30,60.620,0.1689,-0.1741,-0.1413,-0.0112,-0.0516,-0.0201,0.0076,2.3063,-8.644,-0.122,0.1710,1.87421,2.72064,0.00237469,0.1689,-0.1741,-9.554,-0.988,2.3115,-0.0201,0.0077
256.40,60.640,0.1689,-0.1741,-0.1415,-0.0111,-0.0517,-0.0201,0.0076,2.3032,-8.646,-0.119,0.1709,1.93349,2.78692,0.00237469,0.1689,-0.1741,-9.565,-0.989,2.3059,-0.0201,0.0076
256.50,60.660,0.1689,-0.1741,-0.1419,-0.0110,-0.0518,-0.0201,0.0075,2.3001,-8.649,-0.117,0.1709,1.97951,2.83751,0.00209788,0.1689,-0.1741,-9.573,-0.990,2.3016,-0.0201,0.0075
256.60,60.680,0.1689,-0.1741,-0.1421,-0.0109,-0.0519,-0.0201,0.0074,2.2969,-8.652,-0.114,0.1709,1.97951,2.83751,0.00209788,0.1689,-0.1741,-9.573,-0.990,2.3016,-0.0201,0.0075
256.70,60.700,0.1689,-0.1741,-0.1425,-0.0108,-0.0520,-0.0202,0.0074,2.2941,-8.654,-0.112,0.1709,2.02689,2.88887,0.00237469,0.1689,-0.1744,-9.581,-0.990,2.2973,-0.0202,0.0074
256.80,60.720,0.1689,-0.1744,-0.1428,-0.0107,-0.0521,-0.0202,0.0073,2.2912,-8.657,-0.110,0.1709,2.09226,2.95853,0.00237469,0.1689,-0.1744,-9.592,-0.991,2.2916,-0.0202,0.0073
256.90,60.740,0.1689,-0.1744,-0.1430,-0.0107,-0.0521,-0.0202,0.0073,2.2881,-8.659,-0.107,0.1709,2.09226,2.95853,0.00237469,0.1689,-0.1744,-9.592,-0.991,2.2916,-0.0202,0.0073
257.00,60.760,0.1689,-0.1744,-0.1432,-0.0106,-0.0522,-0.0202,0.0072,2.2852,-8.662,-0.105,0.1708,2.14296,3.01167,0.00209788,0.1689,-0.1744,-9.600,-0.992,2.2873,-0.0202,0.0072
257.10,60.780,0.1689,-0.1744,-0.1435,-0.0105,-0.0523,-0.0202,0.0072,2.2822,-8.665,-0.102,0.1708,2.14296,3.01167,0.00209788,0.1689,-0.1744,-9.600,-0.992,2.2873,-0.0202,0.0072
257.20,60.800,0.1689,-0.1744,-0.1435,-0.0104,-0.0523,-0.0203,0.0071,2.2792,-8.667,-0.100,0.1708,2.19515,3.06557,0.00237469,0.1689,-0.1741,-9.609,-0.992,2.2830,-0.0203,0.0071
257.30,60.820,0.1689,-0.1741,-0.1437,-0.0103,-0.0524,-0.0203,0.0070,2.2762,-8.670,-0.097,0.1708,2.26709,3.13864,0.00237469,0.1689,-0.1741,-9.620,-0.993,2.2773,-0.0203,0.0071
257.40,60.840,0.1689,-0.1741,-0.1439,-0.0103,-0.0525,-0.0203,0.0070,2.2732,-8.672,-0.095,0.1708,2.26709,3.13864,0.00237469,0.1689,-0.1741,-9.620,-0.993,2.2773,-0.0203,0.0070
257.50,60.880,0.1689,-0.1741,-0.1443,-0.0102,-0.0526,-0.0203,0.0069,2.2701,-8.675,-0.092,0.1708,2.32286,3.19433,0.00209788,0.1689,-0.1741,-9.628,-0.993,2.2730,-0.0203,0.0069
257.60,60.900,0.1689,-0.1741,-0.1445,-0.0101,-0.0527,-0.0203,0.0068,2.2673,-8.677,-0.090,0.1708,2.38023,3.25079,0.00237469,0.1827,0.0605,-9.636,-0.993,2.2687,-0.0203,0.0068
257.76,60.900,0.1689,-0.1741,-0.1445,-0.0101,-0.0527,-0.0203,0.0068,2.2667,-8.678,-0.089,0.1730,2.38023,3.25079,0.00237469,0.1827,0.0605,-9.636,-0.993,2.2687,-0.0203,0.0068
257.84,60.900,0.1689,-0.1741,-0.1445,-0.0101,-0.0527,-0.0204,0.0068,2.2664,-8.678,-0.089,0.1741,2.38023,3.25079,0.00237469,0.1827,0.0605,-9.636,-0.993,2.2687,-0.0203,0.0068
257.93,60.900,0.1689,-0.1741,-0.1445,-0.0101,-0.0527,-0.0204,0.0068,2.2663,-8.678,-0.089,0.1747,2.38023,3.25079,0.00237469,0.1827,0.0605,-9.636,-0.993,2.2687,-0.0203,0.0068
258.01,60.900,0.1689,-0.1741,-0.1445,-0.0101,-0.0527,-0.0204,0.0068,2.2660,-8.678,-0.089,0.1758,2.38023,3.25079,0.00237469,0.1827,0.0605,-9.636,-0.993,2.2687,-0.0203,0.0068
258.10,60.900,0.1689,-0.1741,-0.1290,0.5723,-0.2451,-0.0204,0.0068,2.2659,-8.678,-0.089,0.1764,2.38023,3.25079,0.00237469,0.1827,0.0605,-9.636,-0.993,2.2687,-0.0204,0.0068
258.26,60.900,0.1689,-0.1741,-0.1290,0.5723,-0.2451,-0.0204,0.0068,2.2656,-8.679,-0.088,0.1775,2.38023,3.25079,0.00237469,0.1827,0.0605,-9.636,-0.993,2.2687,-0.0204,0.0068
258.35,60.900,0.1689,-0.1741,-0.1290,0.5723,-0.2451,-0.0204,0.0068,2.2655,-8.679,-0.088,0.1781,2.38023,3.25079,0.00237469,0.1827,0.0605,-9.636,-0.993,2.2687,-0.0204,0.0068
258.43,60.900,0.1689,-0.1741,-0.1290,0.5723,-0.2451,-0.0204,0.0068,2.2654,-8.679,-0.088,0.1787,2.38023,3.25079,0.00237469,0.1827,0.0605,-9.636,-0.993,2.2687,-0.0204,0.0068
258.51,60.900,0.1689,-0.1741,-0.1290,0.5723,-0.2451,-0.0204,0.0068,2.2653,-8.679,-0.088,0.1792,2.38023,3.25079,0.00237469,0.1827,0.0605,-9.636,-0.993,2.2687,-0.0204,0.0068
258.60,60.900,0.1689,-0.1741,-0.1290,0.5723,-0.2451,-0.0204,0.0068,2.2649,-8.679,-0.088,0.1807,2.38023,3.25079,0.00237469,0.1827,0.0605,-9.636,-0.993,2.2687,-0.0204,0.0068
258.76,60.920,0.1809,-0.1586,-0.1192,0.3015,-0.1006,-0.0204,0.0068,2.2647,-8.680,-0.087,0.1813,2.38023,3.25079,0.00237469,0.1827,0.0605,-9.636,-0.993,2.2687,-0.0204,0.0068
258.84,60.920,0.1809,-0.1586,-0.1192,0.3015,-0.1006,-0.0204,0.0068,2.2646,-8.680,-0.087,0.1816,2.38023,3.25079,0.00237469,0.1827,0.0605,-9.636,-0.993,2.2687,-0.0204,0.0068
258.92,60.920,0.1809,-0.1586,-0.1192,0.3015,-0.1006,-0.0204,0.0068,2.2644,-8.680,-0.087,0.1819,2.38023,3.25079,0.00237469,0.1827,0.0605,-9.636,-0.993,2.2687,-0.0204,0.0068
259.06,60.920,0.1809,-0.1586,-0.1192,0.3015,-0.1006,-0.0204,0.0068,2.2642,-8.680,-0.087,0.1826,2.38023,3.25079,0.00237469,0.1827,0.0605,-9.636,-0.993,2.2687,-0.0204,0.0068
259.10,60.920,0.1809,-0.1586,-0.1199,0.0287,-0.0095,-0.0204,0.0068,2.2635,-8.681,-0.086,0.1837,2.38023,3.25079,0.00237469,0.1827,0.0605,-9.636,-0.993,2.2687,-0.0204,0.0068
259.20,60.940,0.1827,-0.1386,-0.1034,-0.0163,-0.1433,-0.0204,0.0067,2.2610,-8.684,-0.083,0.1838,2.45927,3.32727,0.00237469,0.1827,0.0605,-9.648,-0.994,2.2633,-0.0204,0.0067
259.30,60.960,0.1827,-0.1186,-0.0868,-0.0163,-0.1414,-0.0204,0.0067,2.2591,-8.686,-0.080,0.1835,2.52047,3.38557,0.00209788,0.1827,0.0605,-9.656,-0.994,2.2601,-0.0204,0.0067
259.40,60.980,0.1827,-0.0986,-0.0702,-0.0163,-0.1393,-0.0204,0.0066,2.2573,-8.689,-0.077,0.1833,2.52047,3.38557,0.00209788,0.1827,0.0605,-9.656,-0.994,2.2601,-0.0204,0.0067
259.50,61.000,0.1827,-0.0786,-0.0536,-0.0163,-0.1369,-0.0204,0.0066,2.2561,-8.692,-0.074,0.1823,2.58332,3.44473,0.00237469,0.1819,0.0672,-9.665,-0.994,2.2575,-0.0204,0.0066
259.60,61.040,0.1819,-0.0386,-0.0285,-0.0163,-0.1331,-0.0204,0.0066,2.2553,-8.695,-0.071,0.1821,1.35507,1.66088,0.00237468,0.1819,0.0672,-9.673,-0.975,2.2554,-0.0204,0.0066
259.70,61.060,0.1819,-0.0186,-0.0118,-0.0163,-0.1303,-0.0204,0.0066,2.2549,-8.697,-0.067,0.1819,1.35507,1.66088,0.00237468,0.1819,0.0672,-9.673,-0.975,2.2554,-0.0204,0.0066
259.80,61.080,0.1819,0.0014,0.0049,0.0225,-0.0073,-0.0204,0.0066,2.2550,-8.700,-0.064,0.1824,1.38625,1.68798,0.00209788,0.1819,0.0672,-9.681,-0.975,2.2546,-0.0204,0.0066
259.90,61.100,0.1819,0.0214,0.0300,0.0211,-0.0068,-0.0204,0.0066,2.2555,-8.703,-0.061,0.1826,1.41837,1.71568,0.00237468,0.1813,0.0717,-9.690,-0.975,2.2547,-0.0204,0.0066
260.00,61.120,0.1813,0.0414,0.0467,0.0202,-0.0065,-0.0204,0.0066,2.2566,-8.706,-0.057,0.1834,1.46265,1.75362,0.00237468,0.1813,0.0717,-9.701,-0.975,2.2559,-0.0204,0.0066
260.10,61.160,0.1813,0.0717,0.0598,-0.0033,0.0011,-0.0204,0.0067,2.2579,-8.708,-0.054,0.1838,1.46265,1.75362,0.00237468,0.1813,0.0717,-9.701,-0.975,2.2559,-0.0204,0.0067
260.20,61.180,0.1813,0.0717,0.0598,-0.0033,0.0011,-0.0204,0.0067,2.2594,-8.711,-0.051,0.1840,1.49694,1.78287,0.00209788,0.1813,0.0717,-9.709,-0.975,2.2576,-0.0204,0.0067
260.30,61.200,0.1813,0.0717,0.0597,-0.0033,0.0011,-0.0204,0.0067,2.2608,-8.714,-0.047,0.1859,1.53217,1.81286,0.00237469,0.1834,0.0545,-9.718,-0.975,2.2595,-0.0204,0.0067
260.40,61.220,0.1834,0.0567,0.0453,-0.0025,0.0008,-0.0204,0.0067,2.2619,-8.717,-0.044,0.1859,1.53217,1.81286,0.00237469,0.1834,0.0545,-9.718,-0.975,2.2595,-0.0204,0.0067
260.50,61.240,0.1834,0.0545,0.0453,-0.0025,0.0008,-0.0204,0.0068,2.2629,-8.720,-0.041,0.1861,1.58061,1.85399,0.00237469,0.1834,0.0545,-9.729,-0.974,2.2618,-0.0204,0.0068
260.60,61.280,0.1834,0.0545,0.0457,-0.0046,0.0015,-0.0204,0.0068,2.2640,-8.723,-0.037,0.1862,1.61807,1.88571,0.00209788,0.1834,0.0545,-9.738,-0.974,2.2632,-0.0204,0.0068
260.70,61.300,0.1834,0.0545,0.0462,-0.0249,0.0083,-0.0204,0.0068,2.2651,-8.726,-0.034,0.1875,1.65653,1.9182,0.00237469,0.1860,0.0331,-9.746,-0.974,2.2645,-0.0204,0.0068
260.80,61.320,0.1860,0.0390,0.0321,-0.0547,-0.1572,-0.0204,0.0068,2.2660,-8.729,-0.030,0.1875,1.65653,1.9182,0.00237469,0.1860,0.0331,-9.746,-0.974,2.2645,-0.0204,0.0068
260.90,61.340,0.1860,0.0331,0.0308,-0.0111,-0.0273,-0.0204,0.0068,2.2667,-8.732,-0.027,0.1875,1.70937,1.96274,0.00237469,0.1860,0.0331,-9.758,-0.974,2.2661,-0.0204,0.0068
261.00,61.360,0.1860,0.0331,0.0308,-0.0111,-0.0273,-0.0203,0.0069,2.2674,-8.734,-0.024,0.1875,1.75022,1.99706,0.00209788,0.1860,0.0331,-9.766,-0.974,2.2671,-0.0203,0.0068
261.10,61.380,0.1860,0.0331,0.0308,-0.0111,-0.0273,-0.0203,0.0069,2.2681,-8.737,-0.021,0.1875,1.75022,1.99706,0.00209788,0.1860,0.0331,-9.766,-0.974,2.2671,-0.0203,0.0069
261.20,61.400,0.1860,0.0331,0.0215,-0.0551,-0.1588,-0.0203,0.0069,2.2686,-8.740,-0.018,0.1890,1.79212,2.03218,0.00237469,0.1883,0.0138,-9.775,-0.974,2.2680,-0.0203,0.0069
261.30,61.420,0.1883,0.0177,0.0129,-0.0111,-0.0305,-0.0203,0.0069,2.2689,-8.743,-0.015,0.1889,1.84968,2.08028,0.00237469,0.1883,0.0138,-9.787,-0.974,2.2689,-0.0203,0.0069
261.40,61.460,0.1883,0.0138,0.0129,-0.0112,-0.0305,-0.0203,0.0069,2.2692,-8.745,-0.012,0.1889,1.84968,2.08028,0.00237469,0.1883,0.0138,-9.787,-0.974,2.2689,-0.0203,0.0069
261.50,61.480,0.1883,0.0138,0.0129,-0.0112,-0.0305,-0.0203,0.0069,2.2694,-8.748,-0.009,0.1889,1.89415,2.11731,0.00209788,0.1883,0.0138,-9.795,-0.974,2.2692,-0.0203,0.0069
261.60,61.500,0.1883,0.0138,0.0129,-0.0112,-0.0305,-0.0203,0.0069,2.2697,-8.751,-0.005,0.1901,1.93976,2.15517,0.00237469,0.1896,-0.0031,-9.804,-0.974,2.2696,-0.0203,0.0069
261.70,61.520,0.1896,-0.0010,-0.0029,0.0002,-0.0001,-0.0203,0.0069,2.2697,-8.753,-0.002,0.1898,1.93976,2.15517,0.00237469,0.1896,-0.0031,-9.804,-0.974,2.2696,-0.0203,0.0069
261.80,61.540,0.1896,-0.0031,-0.0029,-0.0112,-0.0335,-0.0203,0.0069,2.2697,-8.756,0.001,0.1898,2.00239,2.20696,0.00237469,0.1896,-0.0031,-9.816,-0.974,2.2698,-0.0203,0.0069
261.90,61.560,0.1896,-0.0031,-0.0029,-0.0112,-0.0335,-0.0203,0.0069,2.2696,-8.759,0.005,0.1898,2.05075,2.24679,0.00209788,0.1896,-0.0031,-9.824,-0.974,2.2697,-0.0203,0.0069
262.00,61.580,0.1896,-0.0031,-0.0029,-0.0112,-0.0335,-0.0203,0.0069,2.2695,-8.762,0.008,0.1898,2.05075,2.24679,0.00209788,0.1896,-0.0031,-9.824,-0.974,2.2697,-0.0203,0.0069
262.10,61.620,0.1879,-0.0169,-0.0165,0.0006,-0.0009,-0.0203,0.0069,2.2693,-8.765,0.011,0.1883,2.10035,2.28748,0.00237469,0.1879,-0.0177,-9.833,-0.973,2.2696,-0.0203,0.0069
262.20,61.640,0.1879,-0.0177,-0.0165,-0.0025,-0.0004,-0.0203,0.0069,2.2689,-8.768,0.015,0.1886,2.16842,2.3431,0.00237469,0.1879,-0.0177,-9.845,-0.973,2.2692,-0.0203,0.0069
262.30,61.660,0.1879,-0.0177,-0.0165,-0.0111,-0.0360,-0.0203,0.0069,2.2685,-8.771,0.018,0.1886,2.22097,2.38583,0.00209788,0.1879,-0.0177,-9.853,-0.973,2.2687,-0.0203,0.0069
262.40,61.680,0.1879,-0.0177,-0.0165,-0.0111,-0.0360,-0.0203,0.0069,2.2681,-8.774,0.022,0.1886,2.22097,2.38583,0.00209788,0.1879,-0.0177,-9.853,-0.973,2.2687,-0.0203,0.0069
262.50,61.700,0.1879,-0.0177,-0.0258,0.0007,-0.0006,-0.0203,0.0069,2.2676,-8.776,0.025,0.1873,2.27484,2.42944,0.00237469,0.1863,-0.0304,-9.862,-0.973,2.2682,-0.0203,0.0069
262.60,61.740,0.1863,-0.0304,-0.0283,0.0016,-0.0005,-0.0203,0.0068,2.2669,-8.780,0.029,0.1876,2.34876,2.489,0.00237469,0.1863,-0.0304,-9.874,-0.973,2.2673,-0.0203,0.0068
262.70,61.760,0.1863,-0.0304,-0.0283,-0.0111,-0.0382,-0.0204,0.0068,2.2662,-8.782,0.032,0.1877,2.34876,2.489,0.00237469,0.1863,-0.0304,-9.874,-0.973,2.2673,-0.0204,0.0068
262.80,61.780,0.1863,-0.0304,-0.0283,-0.0110,-0.0382,-0.0204,0.0068,2.2655,-8.785,0.035,0.1877,2.40581,2.53472,0.00209788,0.1863,-0.0304,-9.882,-0.973,2.2664,-0.0204,0.0068
262.90,61.800,0.1863,-0.0304,-0.0377,0.0055,-0.0014,-0.0204,0.0068,2.2647,-8.788,0.039,0.1865,2.46428,2.58135,0.00237469,0.1850,-0.0414,-9.891,-0.973,2.2655,-0.0204,0.0068
263.00,61.820,0.1850,-0.0414,-0.0386,0.0012,-0.0018,-0.0204,0.0068,2.2637,-8.792,0.043,0.1865,2.54447,2.64496,0.00237469,0.1850,-0.0414,-9.903,-0.973,2.2641,-0.0204,0.0068
263.10,61.860,0.1850,-0.0414,-0.0387,-0.0108,-0.0399,-0.0204,0.0068,2.2628,-8.795,0.046,0.1865,2.54447,2.64496,0.00237469,0.1850,-0.0414,-9.903,-0.973,2.2641,-0.0204,0.0068
263.20,61.880,0.1850,-0.0414,-0.0387,-0.0108,-0.0399,-0.0204,0.0067,2.2619,-8.797,0.049,0.1865,2.60635,2.69375,0.00209788,0.1850,-0.0414,-9.911,-0.973,2.2630,-0.0204,0.0067
263.30,61.900,0.1850,-0.0414,-0.0476,0.0028,-0.0009,-0.0204,0.0067,2.2609,-8.800,0.053,0.1855,2.66974,2.74348,0.00237469,0.1838,-0.0511,-9.920,-0.973,2.2618,-0.0204,0.0067
263.40,61.920,0.1838,-0.0511,-0.0477,-0.0107,-0.0414,-0.0204,0.0067,2.2598,-8.803,0.056,0.1857,2.75668,2.81125,0.00237469,0.1838,-0.0511,-9.932,-0.973,2.2600,-0.0204,0.0067
263.50,61.940,0.1838,-0.0511,-0.0477,-0.0075,-0.0465,-0.0204,0.0067,2.2587,-8.806,0.059,0.1857,2.75668,2.81125,0.00237469,0.1838,-0.0511,-9.932,-0.973,2.2600,-0.0204,0.0067
263.60,61.980,0.1838,-0.0511,-0.0477,-0.0106,-0.0415,-0.0204,0.0066,2.2575,-8.809,0.063,0.1857,2.82373,2.8632,0.00209788,0.1838,-0.0511,-9.940,-0.973,2.2586,-0.0204,0.0067
263.70,62.000,0.1838,-0.0511,-0.0477,-0.0105,-0.0415,-0.0204,0.0066,2.2564,-8.812,0.066,0.1848,2.8924,2.9161,0.00237469,0.1828,-0.0594,-9.949,-0.973,2.2572,-0.0204,0.0066
263.80,62.020,0.1828,-0.0594,-0.0556,0.0031,-0.0010,-0.0204,0.0066,2.2552,-8.815,0.069,0.1850,2.8924,2.9161,0.00237469,0.1828,-0.0594,-9.949,-0.973,2.2572,-0.0204,0.0066
263.90,62.040,0.1828,-0.0594,-0.0557,-0.0103,-0.0429,-0.0204,0.0066,2.2540,-8.817,0.072,0.1850,1.47134,1.46786,0.00237468,0.1828,-0.0594,-9.953,-0.977,2.2551,-0.0204,0.0066
264.00,62.060,0.1828,-0.0594,-0.0557,-0.0103,-0.0429,-0.0204,0.0065,2.2525,-8.820,0.076,0.1850,1.50563,1.49245,0.00209788,0.1828,-0.0594,-9.961,-0.977,2.2534,-0.0204,0.0066
264.10,62.080,0.1828,-0.0594,-0.0557,-0.0101,-0.0431,-0.0205,0.0065,2.2512,-8.823,0.079,0.1850,1.54091,1.5176,0.00237468,0.1822,-0.0641,-9.970,-0.977,2.2517,-0.0204,0.0065
264.20,62.120,0.1822,-0.0641,-0.0601,-0.0098,-0.0441,-0.0205,0.0065,2.2497,-8.826,0.082,0.1846,1.54091,1.5176,0.00237468,0.1822,-0.0641,-9.970,-0.977,2.2517,-0.0205,0.0065
264.30,62.140,0.1822,-0.0641,-0.0600,-0.0093,-0.0449,-0.0205,0.0065,2.2482,-8.829,0.086,0.1846,1.58953,1.55202,0.00237468,0.1822,-0.0641,-9.982,-0.977,2.2494,-0.0205,0.0065
264.40,62.160,0.1822,-0.0641,-0.0597,-0.0040,-0.0463,-0.0205,0.0064,2.2468,-8.832,0.089,0.1847,1.6272,1.5785,0.00209788,0.1822,-0.0641,-9.990,-0.977,2.2475,-0.0205,0.0064
264.50,62.180,0.1822,-0.0641,-0.0539,-0.0102,-0.0425,-0.0205,0.0064,2.2454,-8.835,0.093,0.1859,1.6272,1.5785,0.00209788,0.1822,-0.0641,-9.990,-0.977,2.2475,-0.0205,0.0064
264.60,62.220,0.1815,-0.0706,-0.0593,-0.0101,-0.0434,-0.0205,0.0064,2.2441,-8.838,0.096,0.1855,1.66595,1.60557,0.00237469,0.1815,-0.0706,-9.999,-0.977,2.2458,-0.0205,0.0064
264.70,62.240,0.1815,-0.0706,-0.0594,-0.0100,-0.0434,-0.0205,0.0063,2.2427,-8.841,0.099,0.1855,1.7193,1.6426,0.00237469,0.1815,-0.0706,-10.010,-0.976,2.2435,-0.0205,0.0063
267.27,62.780,0.1781,-0.0985,-0.0762,-0.0087,-0.0462,-0.0207,0.0055,2.2029,-8.906,0.177,0.1808,2.63836,2.23981,0.00209788,0.1781,-0.0985,-10.163,-0.974,2.2056,-0.0207,0.0055
267.37,62.800,0.1781,-0.0985,-0.0799,0.0036,-0.0009,-0.0208,0.0055,2.2012,-8.909,0.180,0.1839,2.70396,2.27987,0.00237469,0.1812,-0.1032,-10.172,-0.974,2.2033,-0.0208,0.0055
267.47,62.820,0.1812,-0.1032,-0.0800,0.0036,-0.0009,-0.0208,0.0055,2.1995,-8.911,0.183,0.1841,2.79401,2.33439,0.00237469,0.1812,-0.1032,-10.184,-0.973,2.2002,-0.0208,0.0055
267.57,62.860,0.1812,-0.1032,-0.0801,-0.0085,-0.0471,-0.0208,0.0054,2.1975,-8.914,0.186,0.1841,2.79401,2.33439,0.00237469,0.1812,-0.1032,-10.184,-0.973,2.2002,-0.0208,0.0054
267.67,62.880,0.1812,-0.1032,-0.0801,-0.0085,-0.0471,-0.0208,0.0054,2.1956,-8.917,0.190,0.1840,2.86351,2.37611,0.00209788,0.1812,-0.1032,-10.193,-0.973,2.1978,-0.0208,0.0054
267.77,62.900,0.1812,-0.1032,-0.0802,-0.0084,-0.0471,-0.0208,0.0053,2.1940,-8.919,0.193,0.1835,2.93475,2.41855,0.00237469,0.1806,-0.1082,-10.201,-0.973,2.1953,-0.0208,0.0054
267.87,62.920,0.1806,-0.1082,-0.0842,-0.0083,-0.0477,-0.0208,0.0053,2.1920,-8.922,0.196,0.1836,2.93475,2.41855,0.00237469,0.1806,-0.1082,-10.201,-0.973,2.1953,-0.0208,0.0053
267.97,62.940,0.1806,-0.1082,-0.0842,-0.0082,-0.0478,-0.0208,0.0053,2.1900,-8.925,0.200,0.1835,3.03249,2.47626,0.00237469,0.1806,-0.1082,-10.213,-0.972,2.1920,-0.0208,0.0053
268.07,62.960,0.1806,-0.1082,-0.0843,-0.0082,-0.0478,-0.0208,0.0052,2.1879,-8.927,0.203,0.1835,3.1079,2.52038,0.00209788,0.1806,-0.1082,-10.222,-0.972,2.1895,-0.0208,0.0052
268.17,63.000,0.1806,-0.1082,-0.0844,-0.0081,-0.0478,-0.0208,0.0052,2.1861,-8.930,0.206,0.1830,3.18516,2.56523,0.00237469,0.1801,-0.1127,-10.230,-0.971,2.1870,-0.0208,0.0052
268.27,63.020,0.1801,-0.1127,-0.0880,-0.0080,-0.0484,-0.0208,0.0051,2.1841,-8.932,0.210,0.1831,3.18516,2.56523,0.00237469,0.1801,-0.1127,-10.230,-0.971,2.1870,-0.0208,0.0051
268.37,63.040,0.1801,-0.1127,-0.0881,-0.0080,-0.0484,-0.0209,0.0051,2.1819,-8.935,0.213,0.1831,1.57785,1.32211,0.00237468,0.1801,-0.1127,-10.240,-0.956,2.1835,-0.0209,0.0051
268.47,63.060,0.1801,-0.1127,-0.0882,-0.0079,-0.0484,-0.0209,0.0050,2.1799,-8.938,0.216,0.1831,1.61616,1.34288,0.00209788,0.1801,-0.1127,-10.249,-0.955,2.1809,-0.0209,0.0050
268.57,63.080,0.1801,-0.1127,-0.0883,-0.0078,-0.0485,-0.0209,0.0050,2.1777,-8.941,0.220,0.1830,1.61616,1.34288,0.00209788,0.1801,-0.1127,-10.249,-0.955,2.1809,-0.0209,0.0050
268.67,63.100,0.1801,-0.1127,-0.0865,-0.0078,-0.0482,-0.0209,0.0050,2.1758,-8.943,0.223,0.1833,1.65558,1.36408,0.00237468,0.1804,-0.1103,-10.258,-0.955,2.1782,-0.0209,0.0050
268.77,63.140,0.1804,-0.1103,-0.0866,-0.0077,-0.0483,-0.0209,0.0049,2.1737,-8.946,0.227,0.1833,1.7099,1.39301,0.00237468,0.1804,-0.1103,-10.269,-0.954,2.1747,-0.0209,0.0049
268.87,63.160,0.1804,-0.1103,-0.0866,-0.0076,-0.0483,-0.0209,0.0049,2.1716,-8.949,0.230,0.1832,1.75198,1.41522,0.00209788,0.1804,-0.1103,-10.278,-0.953,2.1721,-0.0209,0.0049
268.97,63.180,0.1804,-0.1103,-0.0868,-0.0075,-0.0483,-0.0209,0.0048,2.1696,-8.951,0.233,0.1832,1.75198,1.41522,0.00209788,0.1804,-0.1103,-10.278,-0.953,2.1721,-0.0209,0.0048
269.07,63.200,0.1804,-0.1103,-0.0900,-0.0075,-0.0488,-0.0209,0.0048,2.1675,-8.954,0.237,0.1828,1.79526,1.43786,0.00237469,0.1799,-0.1143,-10.287,-0.953,2.1695,-0.0209,0.0048
269.17,63.220,0.1799,-0.1143,-0.0901,-0.0074,-0.0488,-0.0209,0.0047,2.1653,-8.957,0.240,0.1828,1.85485,1.46874,0.00237469,0.1799,-0.1143,-10.298,-0.952,2.1660,-0.0209,0.0048
269.27,63.260,0.1799,-0.1143,-0.0902,-0.0073,-0.0489,-0.0209,0.0047,2.1631,-8.959,0.244,0.1828,1.85485,1.46874,0.00237469,0.1799,-0.1143,-10.298,-0.952,2.1660,-0.0209,0.0047
269.37,63.280,0.1799,-0.1143,-0.0903,-0.0076,-0.0505,-0.0210,0.0046,2.1609,-8.962,0.248,0.1828,1.90099,1.49242,0.00209788,0.1799,-0.1143,-10.307,-0.951,2.1633,-0.0210,0.0047
269.47,63.300,0.1799,-0.1143,-0.0936,-0.0072,-0.0494,-0.0210,0.0046,2.1587,-8.965,0.251,0.1824,1.94841,1.51654,0.00237469,0.1794,-0.1184,-10.316,-0.951,2.1606,-0.0210,0.0046
269.57,63.320,0.1794,-0.1184,-0.0937,-0.0071,-0.0495,-0.0210,0.0046,2.1565,-8.967,0.254,0.1824,2.01367,1.54941,0.00237469,0.1794,-0.1184,-10.327,-0.950,2.1569,-0.0210,0.0046
269.67,63.340,0.1794,-0.1184,-0.0938,-0.0070,-0.0495,-0.0210,0.0045,2.1542,-8.970,0.258,0.1823,2.01367,1.54941,0.00237469,0.1794,-0.1184,-10.327,-0.950,2.1569,-0.0210,0.0045
269.77,63.380,0.1794,-0.1184,-0.0940,-0.0069,-0.0495,-0.0210,0.0045,2.1519,-8.973,0.261,0.1823,2.06418,1.57458,0.00209788,0.1794,-0.1184,-10.336,-0.949,2.1540,-0.0210,0.0045
269.87,63.400,0.1794,-0.1184,-0.0940,-0.0069,-0.0496,-0.0210,0.0044,2.1497,-8.975,0.265,0.1819,2.11605,1.60021,0.00237469,0.1789,-0.1221,-10.345,-0.948,2.1512,-0.0210,0.0044
269.97,63.420,0.1789,-0.1221,-0.0971,-0.0068,-0.0500,-0.0210,0.0044,2.1475,-8.978,0.268,0.1819,2.11605,1.60021,0.00237469,0.1789,-0.1221,-10.345,-0.948,2.1512,-0.0210,0.0044
270.07,63.440,0.1789,-0.1221,-0.0973,-0.0067,-0.0501,-0.0210,0.0043,2.1453,-8.980,0.271,0.1819,2.1874,1.63509,0.00237469,0.1789,-0.1221,-10.356,-0.947,2.1474,-0.0210,0.0043
270.17,63.460,0.1789,-0.1221,-0.0974,-0.0067,-0.0501,-0.0210,0.0043,2.1430,-8.983,0.275,0.1819,2.24258,1.66177,0.00209788,0.1789,-0.1221,-10.365,-0.947,2.1445,-0.0210,0.0043
270.27,63.500,0.1789,-0.1221,-0.0975,-0.0066,-0.0501,-0.0210,0.0042,2.1406,-8.985,0.278,0.1819,2.29924,1.68892,0.00237469,0.1785,-0.1255,-10.374,-0.946,2.1415,-0.0210,0.0042
270.37,63.520,0.1785,-0.1255,-0.1003,-0.0065,-0.0505,-0.0211,0.0042,2.1383,-8.988,0.282,0.1815,2.29924,1.68892,0.00237469,0.1785,-0.1255,-10.374,-0.946,2.1415,-0.0211,0.0042
270.47,63.540,0.1785,-0.1255,-0.1004,-0.0064,-0.0506,-0.0211,0.0041,2.1360,-8.990,0.285,0.1815,2.37711,1.72583,0.00237469,0.1785,-0.1255,-10.385,-0.945,2.1376,-0.0211,0.0041
270.57,63.560,0.1785,-0.1255,-0.1005,-0.0063,-0.0506,-0.0211,0.0041,2.1337,-8.993,0.289,0.1815,2.43732,1.75405,0.00209788,0.1785,-0.1255,-10.394,-0.944,2.1345,-0.0211,0.0041
270.67,63.580,0.1785,-0.1255,-0.1007,-0.0063,-0.0507,-0.0211,0.0040,2.1313,-8.995,0.292,0.1815,2.43732,1.75405,0.00209788,0.1785,-0.1255,-10.394,-0.944,2.1345,-0.0211,0.0040
270.77,63.600,0.1785,-0.1255,-0.1033,-0.0062,-0.0510,-0.0211,0.0040,2.1290,-8.998,0.295,0.1811,2.4991,1.78273,0.00237469,0.1781,-0.1287,-10.403,-0.943,2.1315,-0.0211,0.0040
270.87,63.620,0.1781,-0.1287,-0.1034,-0.0061,-0.0511,-0.0211,0.0039,2.1266,-9.000,0.299,0.1811,2.58397,1.82168,0.00237469,0.1781,-0.1287,-10.414,-0.942,2.1274,-0.0211,0.0039
270.97,63.660,0.1781,-0.1287,-0.1036,-0.0060,-0.0511,-0.0211,0.0039,2.1242,-9.003,0.302,0.1811,2.58397,1.82168,0.00237469,0.1781,-0.1287,-10.414,-0.942,2.1274,-0.0211,0.0039
271.07,63.680,0.1781,-0.1287,-0.1037,-0.0059,-0.0512,-0.0211,0.0038,2.1219,-9.005,0.305,0.1811,2.64955,1.85143,0.00209788,0.1781,-0.1287,-10.423,-0.941,2.1243,-0.0211,0.0038
271.17,63.700,0.1781,-0.1287,-0.1038,-0.0059,-0.0512,-0.0211,0.0038,2.1193,-9.008,0.309,0.1808,2.71681,1.88164,0.00237469,0.1778,-0.1316,-10.432,-0.940,2.1212,-0.0211,0.0038
271.27,63.720,0.1778,-0.1316,-0.1063,-0.0058,-0.0516,-0.0211,0.0037,2.1169,-9.010,0.312,0.1808,2.71681,1.88164,0.00237469,0.1778,-0.1316,-10.432,-0.940,2.1212,-0.0211,0.0037
271.37,63.740,0.1778,-0.1316,-0.1064,-0.0057,-0.0516,-0.0212,0.0037,2.1144,-9.013,0.316,0.1807,2.80917,1.92264,0.00237469,0.1778,-0.1316,-10.443,-0.939,2.1170,-0.0211,0.0037
271.47,63.760,0.1778,-0.1316,-0.1065,-0.0056,-0.0517,-0.0212,0.0036,2.1120,-9.015,0.319,0.1807,2.8805,1.95392,0.00209788,0.1778,-0.1316,-10.452,-0.938,2.1138,-0.0212,0.0036
271.57,63.780,0.1778,-0.1316,-0.1066,-0.0056,-0.0517,-0.0212,0.0036,2.1097,-9.017,0.322,0.1807,2.95363,1.98566,0.00237469,0.1774,-0.1342,-10.461,-0.937,2.1106,-0.0212,0.0036
271.67,63.820,0.1774,-0.1342,-0.1090,-0.0054,-0.0521,-0.0212,0.0035,2.1072,-9.020,0.326,0.1804,2.95363,1.98566,0.00237469,0.1774,-0.1342,-10.461,-0.937,2.1106,-0.0212,0.0035
271.77,63.840,0.1774,-0.1342,-0.1091,-0.0054,-0.0521,-0.0212,0.0035,2.1048,-9.022,0.329,0.1804,3.05399,2.0287,0.00237469,0.1774,-0.1342,-10.472,-0.936,2.1063,-0.0212,0.0035
271.87,63.860,0.1774,-0.1342,-0.1092,-0.0053,-0.0522,-0.0212,0.0034,2.1026,-9.024,0.332,0.1803,3.05399,2.0287,0.00237469,0.1774,-0.1342,-10.472,-0.936,2.1063,-0.0212,0.0034
271.97,63.880,0.1774,-0.1342,-0.1093,-0.0052,-0.0522,-0.0212,0.0034,2.1005,-9.026,0.335,0.1803,3.13146,2.0615,0.00209788,0.1774,-0.1342,-10.481,-0.935,2.1030,-0.0212,0.0034
272.07,63.900,0.1774,-0.1342,-0.1095,-0.0052,-0.0523,-0.0212,0.0033,2.0983,-9.028,0.338,0.1800,3.21085,2.09476,0.00237469,0.1771,-0.1367,-10.490,-0.934,2.0997,-0.0212,0.0033
272.17,63.920,0.1771,-0.1367,-0.1116,-0.0051,-0.0526,-0.0212,0.0033,2.0962,-9.030,0.340,0.1800,3.21085,2.09476,0.00237469,0.1771,-0.1367,-10.490,-0.934,2.0997,-0.0212,0.0033
272.27,63.920,0.1771,-0.1367,-0.1116,-0.0051,-0.0527,-0.0212,0.0033,2.0947,-9.031,0.342,0.1800,3.31975,2.13981,0.00237469,0.1771,-0.1367,-10.502,-0.932,2.0953,-0.0212,0.0033
272.37,63.940,0.1771,-0.1367,-0.1118,-0.0050,-0.0528,-0.0212,0.0032,2.0930,-9.033,0.345,0.1800,3.31975,2.13981,0.00237469,0.1771,-0.1367,-10.502,-0.932,2.0953,-0.0212,0.0032
272.47,63.960,0.1771,-0.1367,-0.1123,-0.0305,-0.0308,-0.0212,0.0032,2.0904,-9.035,0.348,0.1799,3.40377,2.17412,0.00209788,0.1771,-0.1367,-10.510,-0.931,2.0919,-0.0212,0.0032
272.57,63.980,0.1771,-0.1367,-0.1126,-0.0064,-0.0520,-0.0212,0.0031,2.0879,-9.038,0.351,0.1798,3.40377,2.17412,0.00209788,0.1771,-0.1367,-10.510,-0.931,2.0919,-0.0212,0.0031
272.67,64.000,0.1771,-0.1367,-0.1151,0.0210,-0.0387,-0.0212,0.0031,2.0854,-9.040,0.355,0.1796,3.48984,2.20888,0.00237469,0.1768,-0.1389,-10.519,-0.930,2.0886,-0.0212,0.0031
272.77,64.040,0.1768,-0.1389,-0.1161,-0.0130,-0.0491,-0.0213,0.0030,2.0826,-9.042,0.358,0.1794,1.69477,1.17414,0.00237468,0.1768,-0.1389,-10.527,-0.940,2.0840,-0.0213,0.0030
272.87,64.060,0.1768,-0.1389,-0.1287,0.0053,-0.0007,-0.0213,0.0029,2.0798,-9.045,0.362,0.1762,1.69477,1.17414,0.00237468,0.1768,-0.1389,-10.527,-0.940,2.0840,-0.0213,0.0029
272.97,64.080,0.1768,-0.1389,-0.1293,0.0014,-0.0494,-0.0213,0.0029,2.0768,-9.047,0.365,0.1765,1.73721,1.19021,0.00209788,0.1768,-0.1389,-10.536,-0.939,2.0804,-0.0213,0.0029
273.07,64.100,0.1768,-0.1389,-0.1498,0.0034,-0.0004,-0.0213,0.0028,2.0737,-9.049,0.368,0.1797,1.78088,1.20653,0.00237468,0.1764,-0.1423,-10.545,-0.938,2.0766,-0.0213,0.0028
273.17,64.120,0.1764,-0.1423,-0.1501,0.0034,-0.0004,-0.0213,0.0027,2.0701,-9.052,0.372,0.1800,1.84104,1.22869,0.00237468,0.1764,-0.1423,-10.557,-0.936,2.0709,-0.0213,0.0027
273.27,64.140,0.1764,-0.1423,-0.1504,-0.0039,-0.0578,-0.0213,0.0027,2.0664,-9.054,0.375,0.1801,1.84104,1.22869,0.00237468,0.1764,-0.1423,-10.557,-0.936,2.0709,-0.0213,0.0027
273.37,64.180,0.1764,-0.1423,-0.1508,-0.0038,-0.0580,-0.0213,0.0026,2.0631,-9.056,0.379,0.1801,1.88767,1.24557,0.00209788,0.1764,-0.1423,-10.565,-0.935,2.0664,-0.0213,0.0026
273.47,64.200,0.1764,-0.1423,-0.1511,-0.0037,-0.0580,-0.0213,0.0025,2.0601,-9.058,0.382,0.1802,1.93563,1.26269,0.00237469,0.1767,-0.1404,-10.574,-0.934,2.0618,-0.0213,0.0025
273.57,64.200,0.1764,-0.1423,-0.1493,-0.0037,-0.0578,-0.0213,0.0025,2.0577,-9.060,0.384,0.1802,1.93563,1.26269,0.00237469,0.1767,-0.1404,-10.574,-0.934,2.0618,-0.0213,0.0025
273.67,64.220,0.1767,-0.1404,-0.1496,-0.0036,-0.0579,-0.0213,0.0024,2.0547,-9.062,0.387,0.1801,2.0017,1.28586,0.00237469,0.1767,-0.1404,-10.586,-0.932,2.0558,-0.0213,0.0024
273.77,64.260,0.1767,-0.1404,-0.1500,-0.0034,-0.0580,-0.0213,0.0023,2.0513,-9.064,0.390,0.1801,2.0017,1.28586,0.00237469,0.1767,-0.1404,-10.586,-0.932,2.0558,-0.0213,0.0023
273.87,64.280,0.1767,-0.1404,-0.1503,-0.0033,-0.0581,-0.0213,0.0023,2.0478,-9.067,0.394,0.1800,2.05287,1.30349,0.00209788,0.1767,-0.1404,-10.594,-0.931,2.0513,-0.0213,0.0023
273.97,64.300,0.1767,-0.1404,-0.1506,-0.0032,-0.0582,-0.0214,0.0022,2.0445,-9.069,0.397,0.1802,2.10546,1.32135,0.00237469,0.1771,-0.1372,-10.603,-0.929,2.0468,-0.0214,0.0022
274.07,64.320,0.1771,-0.1372,-0.1475,-0.0032,-0.0578,-0.0214,0.0021,2.0411,-9.071,0.401,0.1802,2.10546,1.32135,0.00237469,0.1771,-0.1372,-10.603,-0.929,2.0468,-0.0214,0.0021
274.17,64.340,0.1771,-0.1372,-0.1479,-0.0030,-0.0579,-0.0214,0.0020,2.0376,-9.074,0.404,0.1801,2.17786,1.3455,0.00237469,0.1771,-0.1372,-10.615,-0.927,2.0409,-0.0214,0.0020
274.27,64.360,0.1771,-0.1372,-0.1482,-0.0029,-0.0580,-0.0214,0.0020,2.0342,-9.076,0.408,0.1801,2.2339,1.36385,0.00209788,0.1771,-0.1372,-10.624,-0.926,2.0364,-0.0214,0.0020
274.37,64.380,0.1771,-0.1372,-0.1485,-0.0028,-0.0581,-0.0214,0.0019,2.0308,-9.078,0.411,0.1800,2.2339,1.36385,0.00209788,0.1771,-0.1372,-10.624,-0.926,2.0364,-0.0214,0.0019
274.47,64.400,0.1771,-0.1372,-0.1458,-0.0028,-0.0578,-0.0214,0.0018,2.0276,-9.080,0.414,0.1802,2.29146,1.38243,0.00237469,0.1774,-0.1345,-10.632,-0.924,2.0320,-0.0214,0.0019
274.57,64.440,0.1774,-0.1345,-0.1463,-0.0026,-0.0579,-0.0214,0.0018,2.0243,-9.082,0.418,0.1802,2.37064,1.40752,0.00237469,0.1774,-0.1345,-10.644,-0.922,2.0261,-0.0214,0.0018
274.67,64.460,0.1774,-0.1345,-0.1466,-0.0025,-0.0580,-0.0214,0.0017,2.0210,-9.085,0.421,0.1801,2.37064,1.40752,0.00237469,0.1774,-0.1345,-10.644,-0.922,2.0261,-0.0214,0.0017
274.77,64.480,0.1774,-0.1345,-0.1468,-0.0024,-0.0580,-0.0214,0.0016,2.0176,-9.087,0.425,0.1801,2.43188,1.42657,0.00209788,0.1774,-0.1345,-10.653,-0.920,2.0217,-0.0214,0.0016
274.87,64.500,0.1774,-0.1345,-0.1448,-0.0023,-0.0578,-0.0214,0.0015,2.0140,-9.089,0.429,0.1802,2.49476,1.44583,0.00237469,0.1777,-0.1323,-10.661,-0.919,2.0173,-0.0214,0.0015
274.97,64.520,0.1777,-0.1323,-0.1451,-0.0022,-0.0579,-0.0214,0.0015,2.0105,-9.092,0.432,0.1802,2.58118,1.47182,0.00237469,0.1777,-0.1323,-10.673,-0.916,2.0115,-0.0214,0.0015
275.07,64.560,0.1777,-0.1323,-0.1455,-0.0021,-0.0580,-0.0214,0.0014,2.0068,-9.094,0.436,0.1801,2.58118,1.47182,0.00237469,0.1777,-0.1323,-10.673,-0.916,2.0115,-0.0214,0.0014
275.17,64.580,0.1777,-0.1323,-0.1458,-0.0020,-0.0581,-0.0214,0.0013,2.0036,-9.096,0.439,0.1800,2.64798,1.49154,0.00209788,0.1777,-0.1323,-10.682,-0.914,2.0071,-0.0214,0.0013
275.27,64.600,0.1777,-0.1323,-0.1461,-0.0019,-0.0581,-0.0214,0.0012,2.0006,-9.098,0.443,0.1802,2.71653,1.51145,0.00237469,0.1779,-0.1304,-10.691,-0.913,2.0028,-0.0214,0.0013
275.37,64.620,0.1779,-0.1304,-0.1443,-0.0018,-0.0579,-0.0214,0.0012,1.9984,-9.099,0.445,0.1801,2.71653,1.51145,0.00237469,0.1779,-0.1304,-10.691,-0.913,2.0028,-0.0214,0.0012
275.47,64.640,0.1779,-0.1304,-0.1446,-0.0017,-0.0580,-0.0214,0.0011,1.9952,-9.101,0.448,0.1801,2.81069,1.53828,0.00237469,0.1779,-0.1304,-10.702,-0.910,1.9970,-0.0214,0.0011
275.57,64.660,0.1779,-0.1304,-0.1449,-0.0016,-0.0581,-0.0214,0.0011,1.9922,-9.103,0.452,0.1800,2.81069,1.53828,0.00237469,0.1779,-0.1304,-10.702,-0.910,1.9970,-0.0214,0.0011
275.67,64.680,0.1779,-0.1304,-0.1452,-0.0015,-0.0581,-0.0214,0.0010,1.9896,-9.105,0.454,0.1800,2.88342,1.55862,0.00209788,0.1779,-0.1304,-10.711,-0.908,1.9927,-0.0214,0.0010
275.77,64.700,0.1779,-0.1304,-0.1455,-0.0014,-0.0582,-0.0214,0.0009,1.9868,-9.107,0.457,0.1799,2.95802,1.57914,0.00237469,0.1781,-0.1289,-10.720,-0.906,1.9883,-0.0214,0.0009
275.87,64.720,0.1781,-0.1289,-0.1441,-0.0013,-0.0581,-0.0214,0.0009,1.9837,-9.109,0.461,0.1800,2.95802,1.57914,0.00237469,0.1781,-0.1289,-10.720,-0.906,1.9883,-0.0214,0.0009
275.97,64.740,0.1781,-0.1289,-0.1444,-0.0012,-0.0581,-0.0215,0.0008,1.9803,-9.111,0.464,0.1800,3.06042,1.60677,0.00237469,0.1781,-0.1289,-10.731,-0.904,1.9825,-0.0215,0.0008
276.07,64.760,0.1781,-0.1289,-0.1446,-0.0011,-0.0582,-0.0215,0.0007,1.9770,-9.113,0.468,0.1799,3.13947,1.62769,0.00209788,0.1781,-0.1289,-10.740,-0.902,1.9782,-0.0215,0.0008
276.17,64.780,0.1781,-0.1289,-0.1451,-0.0010,-0.0583,-0.0215,0.0007,1.9735,-9.115,0.472,0.1799,3.13947,1.62769,0.00209788,0.1781,-0.1289,-10.740,-0.902,1.9782,-0.0215,0.0007
276.27,64.800,0.1781,-0.1289,-0.1440,-0.0009,-0.0582,-0.0215,0.0006,1.9704,-9.117,0.475,0.1799,3.2205,1.64877,0.00237469,0.1782,-0.1277,-10.749,-0.900,1.9739,-0.0215,0.0006
276.37,64.820,0.1782,-0.1277,-0.1442,-0.0008,-0.0582,-0.0215,0.0005,1.9671,-9.119,0.479,0.1799,3.33167,1.67712,0.00237469,0.1782,-0.1277,-10.760,-0.897,1.9681,-0.0215,0.0005
276.47,64.840,0.1782,-0.1277,-0.1445,-0.0007,-0.0583,-0.0215,0.0005,1.9646,-9.120,0.482,0.1798,3.33167,1.67712,0.00237469,0.1782,-0.1277,-10.760,-0.897,1.9681,-0.0215,0.0005
276.57,64.860,0.1782,-0.1277,-0.1448,-0.0006,-0.0584,-0.0215,0.0004,1.9617,-9.122,0.485,0.1798,3.41745,1.69856,0.00209788,0.1782,-0.1277,-10.769,-0.895,1.9638,-0.0215,0.0004
276.67,64.880,0.1782,-0.1277,-0.1451,-0.0005,-0.0584,-0.0215,0.0003,1.9589,-9.124,0.488,0.1797,3.41745,1.69856,0.00209788,0.1782,-0.1277,-10.769,-0.895,1.9638,-0.0215,0.0004
276.77,64.900,0.1782,-0.1277,-0.1443,-0.0004,-0.0584,-0.0215,0.0003,1.9561,-9.125,0.491,0.1798,3.50533,1.72015,0.00237469,0.1784,-0.1267,-10.778,-0.892,1.9594,-0.0215,0.0003
276.87,64.920,0.1784,-0.1267,-0.1445,-0.0004,-0.0584,-0.0215,0.0002,1.9532,-9.127,0.494,0.1797,3.50533,1.72015,0.00237469,0.1784,-0.1267,-10.778,-0.892,1.9594,-0.0215,0.0002
276.97,64.940,0.1784,-0.1267,-0.1448,-0.0003,-0.0585,-0.0215,0.0002,1.9504,-9.129,0.497,0.1797,3.62582,1.74915,0.00237469,0.1784,-0.1267,-10.789,-0.889,1.9536,-0.0215,0.0002
277.07,64.960,0.1784,-0.1267,-0.1451,-0.0002,-0.0586,-0.0215,0.0001,1.9477,-9.130,0.500,0.1796,3.71874,1.77105,0.00209788,0.1784,-0.1267,-10.798,-0.887,1.9493,-0.0215,0.0001
277.17,64.980,0.1784,-0.1267,-0.1454,-0.0001,-0.0586,-0.0215,0.0000,1.9449,-9.132,0.503,0.1796,3.71874,1.77105,0.00209788,0.1784,-0.1267,-10.798,-0.887,1.9493,-0.0215,0.0000
277.27,65.000,0.1784,-0.1267,-0.1341,-0.7999,-0.2208,-0.0215,-0.0000,1.9419,-9.134,0.506,0.1706,3.81389,1.79309,0.00237469,0.1562,0.3000,-10.807,-0.885,1.9449,-0.0215,-0.0000
277.37,65.020,0.1660,-0.1112,-0.1109,0.0006,-0.2142,-0.0215,-0.0001,1.9392,-9.135,0.510,0.1569,1.83098,1.00609,0.00237468,0.1562,0.3000,-10.756,-0.835,1.9396,-0.0215,-0.0001
277.47,65.040,0.1562,-0.0912,-0.0879,0.0010,-0.2099,-0.0215,-0.0001,1.9371,-9.137,0.513,0.1565,1.83098,1.00609,0.00237468,0.1562,0.3000,-10.756,-0.835,1.9396,-0.0215,-0.0001
277.57,65.060,0.1562,-0.0712,-0.0649,0.0013,-0.2058,-0.0215,-0.0002,1.9356,-9.138,0.516,0.1563,1.87795,1.01635,0.00209788,0.1562,0.3000,-10.764,-0.833,1.9366,-0.0215,-0.0001
277.67,65.080,0.1562,-0.0512,-0.0419,0.0015,-0.2018,-0.0215,-0.0002,1.9348,-9.139,0.518,0.1562,1.87795,1.01635,0.00209788,0.1562,0.3000,-10.764,-0.833,1.9366,-0.0215,-0.0002
277.77,65.100,0.1562,-0.0312,-0.0191,0.0014,-0.1979,-0.0215,-0.0002,1.9345,-9.140,0.520,0.1493,1.92621,1.02675,0.00237468,0.1493,0.3000,-10.771,-0.831,1.9348,-0.0215,-0.0002
277.87,65.120,0.1493,-0.0112,0.0038,0.0000,-0.0000,-0.0215,-0.0002,1.9343,-9.141,0.523,0.1493,1.92621,1.02675,0.00237468,0.1493,0.3000,-10.771,-0.831,1.9348,-0.0215,-0.0002
277.97,65.140,0.1493,0.0088,0.0267,0.0000,0.0000,-0.0215,-0.0002,1.9348,-9.143,0.527,0.1493,1.99254,1.04085,0.00237468,0.1493,0.3000,-10.781,-0.828,1.9339,-0.0215,-0.0002
278.07,65.160,0.1493,0.0288,0.0496,0.0001,0.0000,-0.0215,-0.0001,1.9358,-9.144,0.530,0.1493,2.0438,1.05164,0.00209788,0.1493,0.3000,-10.789,-0.827,1.9346,-0.0215,-0.0002
278.17,65.200,0.1493,0.0688,0.0840,0.0001,0.0000,-0.0215,-0.0001,1.9374,-9.145,0.533,0.1493,2.09635,1.06265,0.00237469,0.1502,0.3000,-10.797,-0.825,1.9362,-0.0215,-0.0001
278.27,65.220,0.1502,0.0888,0.1071,0.0001,0.0000,-0.0215,-0.0001,1.9397,-9.146,0.536,0.1502,2.09635,1.06265,0.00237469,0.1502,0.3000,-10.797,-0.825,1.9362,-0.0215,-0.0001
278.37,65.240,0.1502,0.1088,0.1301,0.0026,0.0000,-0.0215,0.0000,1.9428,-9.148,0.540,0.1503,2.16842,1.07772,0.00237469,0.1502,0.3000,-10.807,-0.822,1.9401,-0.0215,-0.0000
278.47,65.260,0.1502,0.1288,0.1644,-0.0001,0.0000,-0.0215,0.0001,1.9468,-9.149,0.543,0.1503,2.22399,1.08936,0.00209788,0.1502,0.3000,-10.814,-0.820,1.9441,-0.0215,0.0001
278.57,65.280,0.1502,0.1488,0.1869,-0.0002,0.0001,-0.0215,0.0002,1.9512,-9.151,0.547,0.1503,2.22399,1.08936,0.00209788,0.1502,0.3000,-10.814,-0.820,1.9441,-0.0215,0.0002
278.67,65.320,0.1534,0.1888,0.2203,-0.0004,0.0001,-0.0215,0.0003,1.9563,-9.152,0.550,0.1535,2.28083,1.10133,0.00237469,0.1534,0.3000,-10.822,-0.818,1.9492,-0.0215,0.0003
278.77,65.340,0.1534,0.2088,0.2424,-0.0006,0.0001,-0.0215,0.0004,1.9619,-9.154,0.553,0.1535,2.35861,1.11787,0.00237469,0.1534,0.3000,-10.832,-0.816,1.9576,-0.0215,0.0004
278.87,65.360,0.1534,0.2288,0.2750,-0.0011,0.0002,-0.0215,0.0006,1.9685,-9.155,0.557,0.1535,2.41842,1.13076,0.00209788,0.1534,0.3000,-10.840,-0.814,1.9651,-0.0215,0.0005
278.97,65.380,0.1534,0.2488,0.2964,-0.0014,0.0002,-0.0215,0.0007,1.9754,-9.157,0.560,0.1535,2.41842,1.13076,0.00209788,0.1534,0.3000,-10.840,-0.814,1.9651,-0.0215,0.0007
279.07,65.400,0.1534,0.2688,0.3135,0.1931,-0.0070,-0.0215,0.0009,1.9823,-9.158,0.563,0.1588,2.47948,1.14412,0.00237469,0.1587,0.2860,-10.847,-0.812,1.9735,-0.0215,0.0008
279.17,65.420,0.1587,0.2858,0.3192,-0.0022,0.0003,-0.0214,0.0010,1.9890,-9.160,0.566,0.1588,2.5628,1.16274,0.00237469,0.1587,0.2860,-10.858,-0.810,1.9860,-0.0214,0.0009
279.27,65.460,0.1587,0.2860,0.3171,-0.0026,0.0003,-0.0214,0.0011,1.9960,-9.161,0.569,0.1588,2.5628,1.16274,0.00237469,0.1587,0.2860,-10.858,-0.810,1.9860,-0.0214,0.0011
279.37,65.480,0.1587,0.2860,0.3158,-0.0029,0.0003,-0.0214,0.0013,2.0029,-9.163,0.573,0.1588,2.6267,1.17734,0.00209788,0.1587,0.2860,-10.866,-0.808,1.9957,-0.0214,0.0013
279.47,65.500,0.1587,0.2860,0.3144,-0.0032,0.0004,-0.0214,0.0014,2.0089,-9.164,0.575,0.1595,2.69182,1.19254,0.00237469,0.1658,0.2280,-10.873,-0.807,2.0053,-0.0214,0.0014
279.57,65.500,0.1587,0.2860,0.3025,0.1621,-0.0111,-0.0214,0.0015,2.0135,-9.165,0.578,0.1660,2.69182,1.19254,0.00237469,0.1658,0.2280,-10.873,-0.807,2.0053,-0.0214,0.0015
279.67,65.520,0.1658,0.2705,0.2798,-0.0034,0.0004,-0.0214,0.0016,2.0186,-9.166,0.580,0.1660,2.78052,1.21373,0.00237469,0.1658,0.2280,-10.884,-0.804,2.0175,-0.0214,0.0016
279.77,65.540,0.1658,0.2505,0.2570,-0.0034,0.0004,-0.0214,0.0017,2.0239,-9.168,0.583,0.1660,2.78052,1.21373,0.00237469,0.1658,0.2280,-10.884,-0.804,2.0175,-0.0214,0.0017
279.87,65.560,0.1658,0.2308,0.2471,-0.0038,0.0004,-0.0214,0.0018,2.0288,-9.169,0.586,0.1659,2.8485,1.23032,0.00209788,0.1658,0.2280,-10.892,-0.803,2.0255,-0.0214,0.0018
279.97,65.580,0.1658,0.2280,0.2455,0.0139,-0.0012,-0.0214,0.0020,2.0342,-9.171,0.589,0.1660,2.8485,1.23032,0.00209788,0.1658,0.2280,-10.892,-0.803,2.0255,-0.0214,0.0019
280.07,65.600,0.1658,0.2280,0.2346,0.2408,-0.0229,-0.0214,0.0021,2.0392,-9.172,0.593,0.1729,2.91774,1.24752,0.00237469,0.1729,0.1707,-10.900,-0.801,2.0329,-0.0214,0.0020
280.17,65.640,0.1729,0.1925,0.2006,-0.0035,0.0004,-0.0214,0.0022,2.0441,-9.174,0.596,0.1730,3.01209,1.27139,0.00237469,0.1729,0.1707,-10.910,-0.799,2.0422,-0.0214,0.0022
280.27,65.660,0.1729,0.1730,0.1815,-0.0029,0.0003,-0.0213,0.0023,2.0484,-9.176,0.600,0.1731,3.01209,1.27139,0.00237469,0.1729,0.1707,-10.910,-0.799,2.0422,-0.0213,0.0023
280.37,65.680,0.1729,0.1707,0.1808,-0.0029,0.0003,-0.0213,0.0023,2.0521,-9.178,0.603,0.1731,3.08439,1.28999,0.00209788,0.1729,0.1707,-10.919,-0.797,2.0482,-0.0213,0.0023
280.47,65.700,0.1729,0.1707,0.1799,-0.0029,0.0003,-0.0213,0.0024,2.0557,-9.179,0.606,0.1751,3.15805,1.30919,0.00237469,0.1787,0.1236,-10.927,-0.795,2.0536,-0.0213,0.0024
280.57,65.720,0.1787,0.1552,0.1578,-0.0025,0.0003,-0.0213,0.0025,2.0590,-9.181,0.609,0.1789,3.15805,1.30919,0.00237469,0.1787,0.1236,-10.927,-0.795,2.0536,-0.0213,0.0025
280.67,65.740,0.1787,0.1352,0.1358,0.0000,-0.0000,-0.0213,0.0026,2.0619,-9.183,0.612,0.1768,3.25844,1.33571,0.00237469,0.1787,0.1236,-10.938,-0.793,2.0602,-0.0213,0.0025
280.77,65.760,0.1787,0.1236,0.1027,-0.0022,0.0003,-0.0213,0.0026,2.0643,-9.185,0.616,0.1789,3.25844,1.33571,0.00237469,0.1787,0.1236,-10.938,-0.793,2.0602,-0.0213,0.0026
280.87,65.780,0.1787,0.1236,0.1026,-0.0022,0.0003,-0.0213,0.0027,2.0664,-9.187,0.619,0.1789,3.3354,1.35631,0.00209788,0.1787,0.1236,-10.946,-0.791,2.0640,-0.0213,0.0026
280.97,65.800,0.1787,0.1236,0.1024,-0.0023,0.0003,-0.0213,0.0027,2.0686,-9.188,0.622,0.1726,3.41385,1.37747,0.00237469,0.0756,0.0864,-10.954,-0.790,2.0670,-0.0213,0.0027
281.07,65.820,0.1663,0.1081,0.0775,-0.7950,0.0511,-0.0213,0.0027,2.0705,-9.190,0.626,0.1545,3.41385,1.37747,0.00237469,0.0756,0.0864,-10.954,-0.790,2.0670,-0.0213,0.0027
281.17,65.840,0.1503,0.0887,0.0714,-0.7945,0.0522,-0.0213,0.0028,2.0721,-9.192,0.628,0.1372,3.52084,1.40658,0.00237469,0.0756,0.0864,-10.965,-0.788,2.0707,-0.0213,0.0028
281.27,65.860,0.1343,0.0864,0.0714,-0.7942,0.0533,-0.0213,0.0028,2.0738,-9.193,0.631,0.1191,3.60292,1.42908,0.00209788,0.0756,0.0864,-10.972,-0.787,2.0728,-0.0213,0.0028
281.37,65.880,0.1183,0.0864,0.0713,-0.7938,0.0544,-0.0213,0.0028,2.0752,-9.195,0.633,0.1035,3.60292,1.42908,0.00209788,0.0756,0.0864,-10.972,-0.787,2.0728,-0.0213,0.0028
281.47,65.900,0.1023,0.0864,0.0713,-0.7936,0.0549,-0.0213,0.0029,2.0761,-9.195,0.634,0.0931,3.6866,1.45214,0.00237469,0.0770,0.0591,-10.980,-0.787,2.0749,-0.0213,0.0028
281.57,65.920,0.0863,0.0709,0.0548,-0.8202,-0.1416,-0.0213,0.0029,2.0771,-9.196,0.635,0.0782,3.6866,1.45214,0.00237469,0.0770,0.0591,-10.980,-0.787,2.0749,-0.0213,0.0029
281.67,65.940,0.0770,0.0591,0.0487,-0.0047,-0.0310,-0.0213,0.0029,2.0781,-9.197,0.636,0.0782,3.80072,1.48379,0.00237469,0.0770,0.0591,-10.989,-0.788,2.0774,-0.0213,0.0029
281.77,65.960,0.0770,0.0591,0.0487,-0.0048,-0.0310,-0.0213,0.0029,2.0788,-9.198,0.637,0.0782,3.80072,1.48379,0.00237469,0.0770,0.0591,-10.989,-0.788,2.0774,-0.0213,0.0029
281.87,65.960,0.0770,0.0591,0.0487,-0.0048,-0.0310,-0.0213,0.0029,2.0796,-9.198,0.638,0.0782,3.88827,1.50821,0.00209788,0.0770,0.0591,-10.996,-0.789,2.0788,-0.0213,0.0029
281.97,65.980,0.0770,0.0591,0.0487,-0.0048,-0.0310,-0.0213,0.0030,2.0806,-9.199,0.640,0.0782,3.97753,1.53321,0.00237469,0.0785,0.0292,-11.003,-0.790,2.0802,-0.0213,0.0029
282.07,66.020,0.0785,0.0436,0.0322,-0.0203,-0.1428,-0.0213,0.0030,2.0815,-9.200,0.641,0.0792,3.97753,1.53321,0.00237469,0.0785,0.0292,-11.003,-0.790,2.0802,-0.0213,0.0030
282.17,66.040,0.0785,0.0292,0.0240,-0.0048,-0.0326,-0.0213,0.0030,2.0821,-9.201,0.643,0.0790,1.89814,0.903271,0.00237468,0.0785,0.0292,-10.842,-0.636,2.0818,-0.0213,0.0030
282.27,66.060,0.0785,0.0292,0.0240,-0.0049,-0.0326,-0.0213,0.0030,2.0827,-9.202,0.644,0.0790,1.94195,0.915333,0.00209788,0.0785,0.0292,-10.847,-0.636,2.0826,-0.0213,0.0030
282.37,66.080,0.0785,0.0292,0.0240,-0.0049,-0.0326,-0.0213,0.0030,2.0833,-9.203,0.646,0.0790,1.94195,0.915333,0.00209788,0.0785,0.0292,-10.847,-0.636,2.0826,-0.0213,0.0030
282.47,66.120,0.0909,0.0447,0.0378,0.7545,-0.0562,-0.0213,0.0030,2.0840,-9.204,0.648,0.0950,1.98678,0.927719,0.00237468,0.1707,0.1739,-10.852,-0.636,2.0832,-0.0213,0.0030
282.57,66.140,0.1069,0.0647,0.0515,0.7541,-0.0569,-0.0213,0.0030,2.0850,-9.206,0.650,0.1101,2.0482,0.944745,0.00237468,0.1707,0.1739,-10.858,-0.636,2.0844,-0.0213,0.0030
282.67,66.140,0.1069,0.0647,0.0584,0.7539,-0.0573,-0.0212,0.0031,2.0860,-9.207,0.652,0.1238,2.0482,0.944745,0.00237468,0.1707,0.1739,-10.858,-0.636,2.0844,-0.0212,0.0031
282.77,66.160,0.1229,0.0847,0.0721,0.7523,-0.0580,-0.0212,0.0031,2.0872,-9.208,0.653,0.1367,2.0955,0.957916,0.00209788,0.1707,0.1739,-10.864,-0.635,2.0860,-0.0212,0.0031
282.87,66.180,0.1389,0.1047,0.0857,0.7502,-0.0589,-0.0212,0.0031,2.0887,-9.209,0.656,0.1503,2.0955,0.957916,0.00209788,0.1707,0.1739,-10.864,-0.635,2.0860,-0.0212,0.0031
282.97,66.200,0.1549,0.1247,0.0992,0.7491,-0.0602,-0.0212,0.0032,2.0905,-9.211,0.658,0.1646,2.14385,0.971458,0.00237469,0.1724,0.1601,-10.869,-0.634,2.0882,-0.0212,0.0032
283.07,66.220,0.1705,0.1447,0.1302,-0.0033,0.0005,-0.0212,0.0032,2.0930,-9.212,0.661,0.1723,2.20997,0.990128,0.00237469,0.1724,0.1601,-10.877,-0.631,2.0923,-0.0212,0.0032
283.17,66.240,0.1724,0.1601,0.1308,-0.0034,0.0005,-0.0212,0.0033,2.0958,-9.214,0.665,0.1723,2.20997,0.990128,0.00237469,0.1724,0.1601,-10.877,-0.631,2.0923,-0.0212,0.0033
283.27,66.260,0.1724,0.1601,0.1306,-0.0034,0.0005,-0.0212,0.0033,2.0988,-9.216,0.668,0.1724,2.26079,1.00463,0.00209788,0.1724,0.1601,-10.883,-0.628,2.0962,-0.0212,0.0033
283.37,66.280,0.1724,0.1601,0.1304,-0.0035,0.0005,-0.0212,0.0034,2.1015,-9.218,0.671,0.1724,2.31264,1.01958,0.00237469,0.1753,0.1364,-10.889,-0.626,2.1002,-0.0212,0.0034
283.47,66.300,0.1724,0.1601,0.1221,-0.0034,0.0005,-0.0212,0.0034,2.1035,-9.219,0.674,0.1753,2.31264,1.01958,0.00237469,0.1753,0.1364,-10.889,-0.626,2.1002,-0.0212,0.0034
283.57,66.320,0.1753,0.1446,0.1108,-0.0031,0.0005,-0.0212,0.0035,2.1060,-9.221,0.677,0.1754,2.38343,1.04025,0.00237469,0.1753,0.1364,-10.897,-0.622,2.1052,-0.0212,0.0035
283.67,66.360,0.1753,0.1364,0.1107,-0.0032,0.0005,-0.0212,0.0035,2.1087,-9.224,0.681,0.1754,2.38343,1.04025,0.00237469,0.1753,0.1364,-10.897,-0.622,2.1052,-0.0212,0.0035
283.77,66.380,0.1753,0.1364,0.1105,-0.0032,0.0005,-0.0212,0.0036,2.1112,-9.225,0.684,0.1755,2.43778,1.05631,0.00209788,0.1753,0.1364,-10.903,-0.620,2.1086,-0.0212,0.0036
283.87,66.400,0.1753,0.1364,0.1104,-0.0032,0.0005,-0.0212,0.0037,2.1136,-9.228,0.687,0.1788,2.49323,1.07285,0.00237469,0.1786,0.1092,-10.910,-0.618,2.1119,-0.0212,0.0036
283.97,66.420,0.1786,0.1209,0.0883,-0.0027,0.0005,-0.0211,0.0037,2.1159,-9.230,0.691,0.1789,2.49323,1.07285,0.00237469,0.1786,0.1092,-10.910,-0.618,2.1119,-0.0211,0.0037
284.07,66.440,0.1786,0.1092,0.0882,-0.0027,0.0005,-0.0211,0.0037,2.1182,-9.232,0.695,0.1790,2.56891,1.09567,0.00237469,0.1786,0.1092,-10.918,-0.614,2.1160,-0.0211,0.0037
284.17,66.460,0.1786,0.1092,0.0882,-0.0027,0.0005,-0.0211,0.0038,2.1200,-9.234,0.698,0.1790,2.62701,1.11337,0.00209788,0.1786,0.1092,-10.924,-0.612,2.1187,-0.0211,0.0038
284.27,66.480,0.1786,0.1092,0.0881,-0.0027,0.0005,-0.0211,0.0038,2.1219,-9.236,0.701,0.1791,2.62701,1.11337,0.00209788,0.1786,0.1092,-10.924,-0.612,2.1187,-0.0211,0.0038
284.37,66.500,0.1786,0.1092,0.0800,-0.0026,0.0005,-0.0211,0.0039,2.1235,-9.238,0.704,0.1821,2.68627,1.13158,0.00237469,0.1816,0.0855,-10.930,-0.609,2.1213,-0.0211,0.0038
284.47,66.540,0.1816,0.0855,0.0688,-0.0022,0.0004,-0.0211,0.0039,2.1251,-9.240,0.708,0.1822,2.76714,1.15667,0.00237469,0.1816,0.0855,-10.938,-0.606,2.1244,-0.0211,0.0039
284.57,66.560,0.1816,0.0855,0.0687,-0.0022,0.0004,-0.0211,0.0039,2.1269,-9.243,0.712,0.1823,2.82921,1.1761,0.00209788,0.1816,0.0855,-10.945,-0.603,2.1265,-0.0211,0.0039
284.67,66.580,0.1816,0.0855,0.0687,-0.0023,0.0004,-0.0211,0.0040,2.1286,-9.246,0.716,0.1824,2.82921,1.1761,0.00209788,0.1816,0.0855,-10.945,-0.603,2.1265,-0.0211,0.0040
284.77,66.600,0.1816,0.0855,0.0606,-0.7837,0.0969,-0.0211,0.0040,2.1301,-9.248,0.719,0.1701,2.89252,1.19607,0.00237469,0.0767,0.0648,-10.951,-0.601,2.1285,-0.0211,0.0040
284.87,66.640,0.1532,0.0648,0.0520,-0.8066,-0.0267,-0.0211,0.0040,2.1314,-9.250,0.722,0.1510,2.9789,1.22354,0.00237469,0.0767,0.0648,-10.959,-0.598,2.1310,-0.0211,0.0040
284.97,66.660,0.1372,0.0648,0.0519,-0.8046,-0.0267,-0.0211,0.0041,2.1326,-9.252,0.725,0.1326,2.9789,1.22354,0.00237469,0.0767,0.0648,-10.959,-0.598,2.1310,-0.0211,0.0040
285.07,66.680,0.1212,0.0648,0.0519,-0.8067,-0.0284,-0.0211,0.0041,2.1335,-9.253,0.727,0.1175,3.04519,1.24478,0.00209788,0.0767,0.0648,-10.965,-0.596,2.1325,-0.0211,0.0041
285.17,66.700,0.1052,0.0648,0.0519,-0.8071,-0.0308,-0.0211,0.0041,2.1346,-9.255,0.729,0.1014,3.1128,1.26659,0.00237469,0.0776,0.0466,-10.970,-0.595,2.1340,-0.0211,0.0041
285.27,66.720,0.0892,0.0495,0.0374,-0.8067,-0.0311,-0.0211,0.0041,2.1355,-9.256,0.730,0.0834,3.1128,1.26659,0.00237469,0.0776,0.0466,-10.970,-0.595,2.1340,-0.0211,0.0041
285.37,66.740,0.0776,0.0466,0.0373,-0.0067,-0.0314,-0.0211,0.0041,2.1363,-9.257,0.732,0.0787,3.20502,1.29654,0.00237469,0.0776,0.0466,-10.977,-0.594,2.1358,-0.0211,0.0041
285.47,66.760,0.0776,0.0466,0.0373,-0.0068,-0.0314,-0.0211,0.0041,2.1371,-9.258,0.733,0.0787,3.27578,1.31968,0.00209788,0.0776,0.0466,-10.981,-0.595,2.1369,-0.0211,0.0041
285.57,66.780,0.0776,0.0466,0.0373,-0.0068,-0.0314,-0.0211,0.0042,2.1380,-9.259,0.735,0.0787,3.27578,1.31968,0.00209788,0.0776,0.0466,-10.981,-0.595,2.1369,-0.0211,0.0042
285.67,66.800,0.0776,0.0466,0.0293,-0.0273,-0.1353,-0.0211,0.0042,2.1388,-9.260,0.736,0.0792,3.34794,1.34341,0.00237469,0.0784,0.0306,-10.986,-0.595,2.1380,-0.0211,0.0042
285.77,66.820,0.0784,0.0321,0.0245,-0.0068,-0.0323,-0.0211,0.0042,2.1393,-9.261,0.738,0.0791,3.44636,1.37596,0.00237469,0.0784,0.0306,-10.992,-0.595,2.1393,-0.0211,0.0042
285.87,66.840,0.0784,0.0306,0.0245,-0.0068,-0.0323,-0.0211,0.0042,2.1399,-9.262,0.739,0.0791,3.44636,1.37596,0.00237469,0.0784,0.0306,-10.992,-0.595,2.1393,-0.0211,0.0042
285.97,66.880,0.0784,0.0306,0.0244,-0.0068,-0.0323,-0.0210,0.0042,2.1404,-9.263,0.740,0.0791,3.52187,1.40107,0.00209788,0.0784,0.0306,-10.996,-0.595,2.1400,-0.0210,0.0042
286.07,66.900,0.0784,0.0306,0.0244,-0.0069,-0.0323,-0.0210,0.0042,2.1409,-9.264,0.742,0.0798,3.59886,1.4268,0.00237469,0.0792,0.0166,-11.001,-0.595,2.1407,-0.0210,0.0042
286.17,66.920,0.0792,0.0172,0.0133,-0.0069,-0.0331,-0.0210,0.0042,2.1412,-9.265,0.743,0.0795,3.59886,1.4268,0.00237469,0.0792,0.0166,-11.001,-0.595,2.1407,-0.0210,0.0042
286.27,66.940,0.0792,0.0166,0.0132,-0.0069,-0.0331,-0.0210,0.0042,2.1415,-9.266,0.744,0.0795,3.70384,1.46205,0.00237469,0.0792,0.0166,-11.007,-0.595,2.1414,-0.0210,0.0042
286.37,66.960,0.0792,0.0166,0.0132,-0.0069,-0.0331,-0.0210,0.0042,2.1418,-9.267,0.746,0.0795,3.70384,1.46205,0.00237469,0.0792,0.0166,-11.007,-0.595,2.1414,-0.0210,0.0042
286.47,66.980,0.0792,0.0166,0.0132,-0.0069,-0.0331,-0.0210,0.0043,2.1421,-9.268,0.747,0.0795,3.78438,1.48922,0.00209788,0.0792,0.0166,-11.011,-0.595,2.1418,-0.0210,0.0043
286.57,67.000,0.0792,0.0166,0.0132,-0.0069,-0.0331,-0.0210,0.0043,2.1424,-9.269,0.749,0.0800,3.86648,1.51702,0.00237469,0.0798,0.0044,-11.016,-0.595,2.1422,-0.0210,0.0043
286.67,67.020,0.0798,0.0045,0.0035,-0.0069,-0.0338,-0.0210,0.0043,2.1424,-9.270,0.750,0.0799,3.86648,1.51702,0.00237469,0.0798,0.0044,-11.016,-0.595,2.1422,-0.0210,0.0043
286.77,67.040,0.0798,0.0044,0.0035,-0.0069,-0.0338,-0.0210,0.0043,2.1425,-9.271,0.752,0.0799,1.86101,0.892933,0.00237468,0.0798,0.0044,-11.066,-0.637,2.1425,-0.0210,0.0043
286.87,67.060,0.0798,0.0044,0.0035,-0.0069,-0.0338,-0.0210,0.0043,2.1426,-9.272,0.753,0.0799,1.90152,0.906711,0.00209788,0.0798,0.0044,-11.071,-0.637,2.1426,-0.0210,0.0043
286.97,67.080,0.0798,0.0044,0.0035,-0.0069,-0.0338,-0.0210,0.0043,2.1427,-9.272,0.755,0.0799,1.90152,0.906711,0.00209788,0.0798,0.0044,-11.071,-0.637,2.1426,-0.0210,0.0043
287.07,67.100,0.0798,0.0044,-0.0045,0.0001,-0.0000,-0.0210,0.0043,2.1426,-9.273,0.756,0.0775,1.94298,0.920861,0.00237468,0.0774,-0.0505,-11.076,-0.638,2.1427,-0.0210,0.0043
287.17,67.120,0.0774,-0.0111,-0.0204,0.0003,-0.0001,-0.0210,0.0043,2.1422,-9.274,0.758,0.0777,1.99976,0.940314,0.00237468,0.0774,-0.0505,-11.082,-0.638,2.1425,-0.0210,0.0043
287.27,67.160,0.0774,-0.0495,-0.0403,0.0006,-0.0001,-0.0210,0.0042,2.1414,-9.275,0.759,0.0779,1.99976,0.940314,0.00237468,0.0774,-0.0505,-11.082,-0.638,2.1425,-0.0210,0.0042
287.37,67.180,0.0774,-0.0505,-0.0403,0.0006,-0.0001,-0.0210,0.0042,2.1406,-9.276,0.760,0.0780,2.04349,0.955341,0.00209788,0.0774,-0.0505,-11.087,-0.639,2.1416,-0.0210,0.0042
287.47,67.200,0.0774,-0.0505,-0.0403,0.0006,-0.0001,-0.0211,0.0042,2.1397,-9.277,0.762,0.0778,2.08827,0.97074,0.00237469,0.0769,-0.0602,-11.092,-0.639,2.1404,-0.0211,0.0042
287.57,67.220,0.0769,-0.0602,-0.0481,0.0007,-0.0001,-0.0211,0.0042,2.1387,-9.278,0.763,0.0780,2.08827,0.97074,0.00237469,0.0769,-0.0602,-11.092,-0.639,2.1404,-0.0211,0.0042
287.67,67.240,0.0769,-0.0602,-0.0481,0.0007,-0.0001,-0.0211,0.0042,2.1376,-9.279,0.764,0.0782,2.14961,0.991843,0.00237469,0.0769,-0.0602,-11.099,-0.640,2.1385,-0.0211,0.0042
287.77,67.260,0.0769,-0.0602,-0.0481,0.0007,-0.0001,-0.0211,0.0041,2.1366,-9.280,0.766,0.0784,2.19688,1.0081,0.00209788,0.0769,-0.0602,-11.104,-0.640,2.1370,-0.0211,0.0041
287.87,67.280,0.0769,-0.0602,-0.0482,-0.0066,-0.0375,-0.0211,0.0041,2.1355,-9.281,0.767,0.0784,2.19688,1.0081,0.00209788,0.0769,-0.0602,-11.104,-0.640,2.1370,-0.0211,0.0041
287.97,67.300,0.0769,-0.0602,-0.0482,-0.0066,-0.0375,-0.0211,0.0041,2.1347,-9.282,0.768,0.0783,2.24527,1.02474,0.00237469,0.0767,-0.0644,-11.109,-0.640,2.1356,-0.0211,0.0041
288.07,67.320,0.0767,-0.0644,-0.0516,-0.0065,-0.0377,-0.0211,0.0041,2.1339,-9.283,0.769,0.0783,2.24527,1.02474,0.00237469,0.0767,-0.0644,-11.109,-0.640,2.1356,-0.0211,0.0041
288.17,67.320,0.0767,-0.0644,-0.0516,-0.0065,-0.0377,-0.0211,0.0041,2.1331,-9.283,0.770,0.0783,2.31155,1.04751,0.00237469,0.0767,-0.0644,-11.115,-0.641,2.1335,-0.0211,0.0041
288.27,67.340,0.0767,-0.0644,-0.0516,-0.0065,-0.0377,-0.0211,0.0040,2.1321,-9.284,0.771,0.0783,2.31155,1.04751,0.00237469,0.0767,-0.0644,-11.115,-0.641,2.1335,-0.0211,0.0041
288.37,67.380,0.0767,-0.0644,-0.0517,-0.0064,-0.0377,-0.0211,0.0040,2.1308,-9.285,0.773,0.0783,2.3626,1.06503,0.00209788,0.0767,-0.0644,-11.120,-0.641,2.1320,-0.0211,0.0040
288.47,67.400,0.0767,-0.0644,-0.0517,-0.0064,-0.0378,-0.0211,0.0040,2.1296,-9.287,0.774,0.0782,2.41484,1.08294,0.00237469,0.0765,-0.0679,-11.125,-0.642,2.1304,-0.0211,0.0040
288.57,67.420,0.0765,-0.0679,-0.0546,-0.0064,-0.0379,-0.0211,0.0040,2.1285,-9.288,0.776,0.0782,2.41484,1.08294,0.00237469,0.0765,-0.0679,-11.125,-0.642,2.1304,-0.0211,0.0040
288.67,67.440,0.0765,-0.0679,-0.0546,-0.0063,-0.0379,-0.0211,0.0039,2.1274,-9.288,0.777,0.0782,2.48638,1.10744,0.00237469,0.0765,-0.0679,-11.132,-0.642,2.1283,-0.0211,0.0040
288.77,67.460,0.0765,-0.0679,-0.0546,-0.0063,-0.0380,-0.0211,0.0039,2.1261,-9.290,0.778,0.0782,2.54147,1.12627,0.00209788,0.0765,-0.0679,-11.137,-0.642,2.1266,-0.0211,0.0039
288.87,67.480,0.0765,-0.0679,-0.0547,-0.0062,-0.0380,-0.0211,0.0039,2.1248,-9.291,0.780,0.0782,2.54147,1.12627,0.00209788,0.0765,-0.0679,-11.137,-0.642,2.1266,-0.0211,0.0039
288.97,67.500,0.0765,-0.0679,-0.0572,-0.0062,-0.0381,-0.0211,0.0039,2.1236,-9.292,0.781,0.0781,2.59781,1.1455,0.00237469,0.0764,-0.0711,-11.141,-0.643,2.1250,-0.0211,0.0039
289.07,67.520,0.0764,-0.0711,-0.0572,-0.0061,-0.0381,-0.0211,0.0038,2.1224,-9.293,0.782,0.0781,2.67494,1.17177,0.00237469,0.0764,-0.0711,-11.148,-0.643,2.1227,-0.0211,0.0038
289.17,67.540,0.0764,-0.0711,-0.0573,-0.0061,-0.0381,-0.0211,0.0038,2.1211,-9.294,0.784,0.0781,2.67494,1.17177,0.00237469,0.0764,-0.0711,-11.148,-0.643,2.1227,-0.0211,0.0038
289.27,67.580,0.0764,-0.0711,-0.0573,-0.0060,-0.0382,-0.0211,0.0038,2.1198,-9.295,0.785,0.0781,2.73432,1.19195,0.00209788,0.0764,-0.0711,-11.153,-0.644,2.1210,-0.0211,0.0038
289.37,67.600,0.0764,-0.0711,-0.0574,-0.0060,-0.0382,-0.0211,0.0038,2.1186,-9.296,0.787,0.0780,2.79504,1.21253,0.00237469,0.0762,-0.0738,-11.158,-0.644,2.1193,-0.0211,0.0038
289.47,67.620,0.0762,-0.0738,-0.0596,-0.0060,-0.0383,-0.0211,0.0037,2.1173,-9.297,0.788,0.0780,2.79504,1.21253,0.00237469,0.0762,-0.0738,-11.158,-0.644,2.1193,-0.0211,0.0037
289.57,67.640,0.0762,-0.0738,-0.0596,-0.0059,-0.0383,-0.0211,0.0037,2.1160,-9.298,0.789,0.0780,2.87812,1.24063,0.00237469,0.0762,-0.0738,-11.164,-0.644,2.1169,-0.0211,0.0037
289.67,67.660,0.0762,-0.0738,-0.0597,-0.0059,-0.0383,-0.0211,0.0037,2.1148,-9.299,0.791,0.0780,2.94207,1.26219,0.00209788,0.0762,-0.0738,-11.169,-0.645,2.1151,-0.0211,0.0037
289.77,67.680,0.0762,-0.0738,-0.0597,-0.0058,-0.0383,-0.0212,0.0036,2.1134,-9.300,0.792,0.0780,2.94207,1.26219,0.00209788,0.0762,-0.0738,-11.169,-0.645,2.1151,-0.0212,0.0037
289.87,67.700,0.0762,-0.0738,-0.0616,-0.0058,-0.0384,-0.0212,0.0036,2.1121,-9.301,0.793,0.0779,3.00743,1.28417,0.00237469,0.0761,-0.0761,-11.174,-0.645,2.1133,-0.0212,0.0036
289.97,67.720,0.0761,-0.0761,-0.0617,-0.0057,-0.0385,-0.0212,0.0036,2.1108,-9.302,0.795,0.0779,3.00743,1.28417,0.00237469,0.0761,-0.0761,-11.174,-0.645,2.1133,-0.0212,0.0036
290.07,67.740,0.0761,-0.0761,-0.0617,-0.0057,-0.0385,-0.0212,0.0036,2.1096,-9.303,0.796,0.0779,3.09684,1.31414,0.00237469,0.0761,-0.0761,-11.180,-0.645,2.1109,-0.0212,0.0036
290.17,67.760,0.0761,-0.0761,-0.0617,-0.0057,-0.0385,-0.0212,0.0035,2.1083,-9.304,0.797,0.0779,3.16563,1.33711,0.00209788,0.0761,-0.0761,-11.185,-0.645,2.1090,-0.0212,0.0035
290.27,67.780,0.0761,-0.0761,-0.0618,-0.0056,-0.0385,-0.0212,0.0035,2.1070,-9.305,0.798,0.0779,3.16563,1.33711,0.00209788,0.0761,-0.0761,-11.185,-0.645,2.1090,-0.0212,0.0035
290.37,67.800,0.0761,-0.0761,-0.0634,-0.0056,-0.0386,-0.0212,0.0035,2.1058,-9.306,0.800,0.0779,3.23593,1.36052,0.00237469,0.0760,-0.0781,-11.190,-0.646,2.1072,-0.0212,0.0035
290.47,67.820,0.0760,-0.0781,-0.0635,-0.0055,-0.0386,-0.0212,0.0035,2.1045,-9.307,0.801,0.0779,3.33206,1.39241,0.00237469,0.0760,-0.0781,-11.197,-0.646,2.1047,-0.0212,0.0035
290.57,67.840,0.0760,-0.0781,-0.0635,-0.0055,-0.0386,-0.0212,0.0034,2.1032,-9.308,0.802,0.0778,3.33206,1.39241,0.00237469,0.0760,-0.0781,-11.197,-0.646,2.1047,-0.0212,0.0034
290.67,67.860,0.0760,-0.0781,-0.0636,-0.0054,-0.0386,-0.0212,0.0034,2.1018,-9.309,0.804,0.0778,3.40599,1.41683,0.00209788,0.0760,-0.0781,-11.201,-0.646,2.1028,-0.0212,0.0034
290.77,67.880,0.0760,-0.0781,-0.0636,-0.0054,-0.0386,-0.0212,0.0034,2.1006,-9.309,0.805,0.0778,3.40599,1.41683,0.00209788,0.0760,-0.0781,-11.201,-0.646,2.1028,-0.0212,0.0034
290.87,67.900,0.0760,-0.0781,-0.0650,-0.0053,-0.0387,-0.0212,0.0034,2.0994,-9.310,0.806,0.0778,3.48152,1.4417,0.00237469,0.0759,-0.0798,-11.206,-0.646,2.1009,-0.0212,0.0034
290.97,67.920,0.0759,-0.0798,-0.0651,-0.0053,-0.0387,-0.0212,0.0033,2.0982,-9.311,0.807,0.0778,3.48152,1.4417,0.00237469,0.0759,-0.0798,-11.206,-0.646,2.1009,-0.0212,0.0033
291.07,67.940,0.0759,-0.0798,-0.0651,-0.0053,-0.0388,-0.0212,0.0033,2.0969,-9.312,0.808,0.0778,3.58477,1.47554,0.00237469,0.0759,-0.0798,-11.213,-0.647,2.0983,-0.0212,0.0033
291.17,67.960,0.0759,-0.0798,-0.0652,-0.0052,-0.0388,-0.0212,0.0033,2.0956,-9.313,0.810,0.0778,3.66416,1.50144,0.00209788,0.0759,-0.0798,-11.217,-0.647,2.0963,-0.0212,0.0033
291.27,67.980,0.0759,-0.0798,-0.0652,-0.0052,-0.0388,-0.0212,0.0032,2.0943,-9.314,0.811,0.0778,3.66416,1.50144,0.00209788,0.0759,-0.0798,-11.217,-0.647,2.0963,-0.0212,0.0032
291.37,68.000,0.0759,-0.0798,-0.0664,-0.0051,-0.0389,-0.0212,0.0032,2.0931,-9.315,0.812,0.0777,3.74524,1.5278,0.00237469,0.0759,-0.0812,-11.222,-0.647,2.0944,-0.0212,0.0032
291.47,68.020,0.0759,-0.0812,-0.0665,-0.0051,-0.0389,-0.0212,0.0032,2.0915,-9.316,0.813,0.0777,1.82305,0.893767,0.00237468,0.0759,-0.0812,-11.168,-0.551,2.0917,-0.0212,0.0032
291.57,68.040,0.0759,-0.0812,-0.0665,-0.0050,-0.0389,-0.0212,0.0032,2.0900,-9.317,0.815,0.0777,1.82305,0.893767,0.00237468,0.0759,-0.0812,-11.168,-0.551,2.0917,-0.0212,0.0032
291.67,68.060,0.0759,-0.0812,-0.0665,-0.0050,-0.0389,-0.0212,0.0031,2.0887,-9.318,0.816,0.0777,1.86346,0.907043,0.00209788,0.0759,-0.0812,-11.172,-0.550,2.0897,-0.0212,0.0031
291.77,68.080,0.0759,-0.0812,-0.0666,-0.0049,-0.0389,-0.0212,0.0031,2.0875,-9.319,0.817,0.0777,1.86346,0.907043,0.00209788,0.0759,-0.0812,-11.172,-0.550,2.0897,-0.0212,0.0031
291.87,68.100,0.0759,-0.0812,-0.0584,-0.0208,-0.1487,-0.0212,0.0031,2.0862,-9.320,0.819,0.0812,1.90489,0.920595,0.00237468,0.0798,-0.0047,-11.176,-0.550,2.0877,-0.0212,0.0031
291.97,68.120,0.0798,-0.0657,-0.0502,-0.0208,-0.1482,-0.0212,0.0031,2.0855,-9.320,0.820,0.0808,1.90489,0.920595,0.00237468,0.0798,-0.0047,-11.176,-0.550,2.0877,-0.0212,0.0031
292.07,68.140,0.0798,-0.0457,-0.0338,-0.0207,-0.1472,-0.0212,0.0030,2.0850,-9.321,0.821,0.0805,1.96175,0.939093,0.00237468,0.0798,-0.0047,-11.181,-0.549,2.0854,-0.0212,0.0030
292.17,68.160,0.0798,-0.0257,-0.0174,-0.0207,-0.1461,-0.0213,0.0030,2.0846,-9.322,0.822,0.0801,1.96175,0.939093,0.00237468,0.0798,-0.0047,-11.181,-0.549,2.0854,-0.0213,0.0030
292.27,68.160,0.0798,-0.0257,-0.0092,-0.0206,-0.1454,-0.0213,0.0030,2.0844,-9.322,0.823,0.0798,2.00563,0.953303,0.00209788,0.0798,-0.0047,-11.185,-0.549,2.0844,-0.0213,0.0030
292.37,68.180,0.0798,-0.0065,-0.0038,-0.0049,-0.0347,-0.0213,0.0030,2.0843,-9.323,0.824,0.0798,2.00563,0.953303,0.00209788,0.0798,-0.0047,-11.185,-0.549,2.0844,-0.0213,0.0030
292.47,68.200,0.0798,-0.0047,-0.0041,-0.0049,-0.0348,-0.0213,0.0030,2.0843,-9.324,0.825,0.0798,2.05058,0.967828,0.00237469,0.0797,-0.0050,-11.189,-0.548,2.0841,-0.0213,0.0030
292.57,68.220,0.0797,-0.0050,-0.0041,-0.0049,-0.0348,-0.0213,0.0030,2.0842,-9.324,0.827,0.0798,2.05058,0.967828,0.00237469,0.0797,-0.0050,-11.189,-0.548,2.0841,-0.0213,0.0030
292.67,68.240,0.0797,-0.0050,-0.0041,-0.0049,-0.0348,-0.0213,0.0030,2.0841,-9.325,0.828,0.0798,2.11217,0.987708,0.00237469,0.0797,-0.0050,-11.194,-0.547,2.0841,-0.0213,0.0030
292.77,68.260,0.0797,-0.0050,-0.0041,-0.0049,-0.0348,-0.0213,0.0030,2.0840,-9.326,0.829,0.0798,2.15963,1.00301,0.00209788,0.0797,-0.0050,-11.198,-0.547,2.0840,-0.0213,0.0030
292.87,68.280,0.0797,-0.0050,-0.0041,-0.0049,-0.0348,-0.0213,0.0030,2.0840,-9.326,0.830,0.0798,2.15963,1.00301,0.00209788,0.0797,-0.0050,-11.198,-0.547,2.0840,-0.0213,0.0030
292.97,68.280,0.0797,-0.0050,-0.0041,-0.0049,-0.0348,-0.0213,0.0030,2.0839,-9.327,0.831,0.0798,2.15963,1.00301,0.00209788,0.0797,-0.0050,-11.198,-0.547,2.0840,-0.0213,0.0030
293.07,68.300,0.0797,-0.0050,-0.0104,0.0001,-0.0000,-0.0213,0.0030,2.0838,-9.328,0.832,0.0795,2.2082,1.01867,0.00237469,0.0794,-0.0127,-11.202,-0.546,2.0839,-0.0213,0.0030
293.17,68.320,0.0794,-0.0127,-0.0104,0.0001,-0.0000,-0.0213,0.0030,2.0837,-9.328,0.833,0.0796,2.2082,1.01867,0.00237469,0.0794,-0.0127,-11.202,-0.546,2.0839,-0.0213,0.0030
293.27,68.320,0.0794,-0.0127,-0.0104,-0.0049,-0.0353,-0.0213,0.0030,2.0836,-9.329,0.834,0.0796,2.27471,1.04008,0.00237469,0.0794,-0.0127,-11.207,-0.546,2.0836,-0.0213,0.0030
293.37,68.340,0.0794,-0.0127,-0.0104,-0.0049,-0.0353,-0.0213,0.0030,2.0835,-9.329,0.834,0.0796,2.27471,1.04008,0.00237469,0.0794,-0.0127,-11.207,-0.546,2.0836,-0.0213,0.0030
293.47,68.340,0.0794,-0.0127,-0.0104,-0.0049,-0.0353,-0.0213,0.0030,2.0834,-9.329,0.835,0.0796,2.27471,1.04008,0.00237469,0.0794,-0.0127,-11.207,-0.546,2.0836,-0.0213,0.0030
293.57,68.360,0.0794,-0.0127,-0.0104,-0.0049,-0.0353,-0.0213,0.0030,2.0832,-9.330,0.836,0.0796,2.32595,1.05655,0.00209788,0.0794,-0.0127,-11.211,-0.545,2.0833,-0.0213,0.0030
293.67,68.360,0.0794,-0.0127,-0.0104,-0.0049,-0.0353,-0.0213,0.0030,2.0831,-9.330,0.837,0.0796,2.32595,1.05655,0.00209788,0.0794,-0.0127,-11.211,-0.545,2.0833,-0.0213,0.0030
293.77,68.380,0.0794,-0.0127,-0.0104,-0.0049,-0.0353,-0.0213,0.0030,2.0829,-9.331,0.838,0.0796,2.32595,1.05655,0.00209788,0.0794,-0.0127,-11.211,-0.545,2.0833,-0.0213,0.0030
293.87,68.400,0.0794,-0.0127,-0.0164,0.0002,-0.0000,-0.0213,0.0030,2.0827,-9.332,0.839,0.0793,2.37836,1.07339,0.00237469,0.0790,-0.0199,-11.214,-0.544,2.0830,-0.0213,0.0030
293.97,68.420,0.0790,-0.0199,-0.0165,-0.0085,-0.0327,-0.0213,0.0030,2.0824,-9.333,0.841,0.0793,2.45012,1.0964,0.00237469,0.0790,-0.0199,-11.219,-0.544,2.0825,-0.0213,0.0030
294.07,68.440,0.0790,-0.0199,-0.0165,-0.0053,-0.0355,-0.0213,0.0030,2.0820,-9.333,0.842,0.0793,2.45012,1.0964,0.00237469,0.0790,-0.0199,-11.219,-0.544,2.0825,-0.0213,0.0030
294.17,68.460,0.0790,-0.0199,-0.0166,-0.0056,-0.0353,-0.0213,0.0030,2.0817,-9.334,0.843,0.0793,2.50538,1.11408,0.00209788,0.0790,-0.0199,-11.223,-0.543,2.0819,-0.0213,0.0030
294.27,68.480,0.0790,-0.0199,-0.0167,-0.0066,-0.0350,-0.0213,0.0030,2.0813,-9.335,0.845,0.0792,2.50538,1.11408,0.00209788,0.0790,-0.0199,-11.223,-0.543,2.0819,-0.0213,0.0030
294.37,68.500,0.0790,-0.0199,-0.0221,-0.0094,0.0013,-0.0213,0.0030,2.0809,-9.336,0.846,0.0784,2.56189,1.13214,0.00237469,0.0787,-0.0260,-11.227,-0.542,2.0814,-0.0213,0.0030
294.47,68.520,0.0787,-0.0260,-0.0240,-0.0048,-0.0362,-0.0213,0.0029,2.0804,-9.337,0.848,0.0785,2.63922,1.1568,0.00237469,0.0787,-0.0260,-11.232,-0.542,2.0806,-0.0213,0.0030
294.57,68.540,0.0787,-0.0260,-0.0240,-0.0048,-0.0362,-0.0213,0.0029,2.0799,-9.338,0.849,0.0785,2.63922,1.1568,0.00237469,0.0787,-0.0260,-11.232,-0.542,2.0806,-0.0213,0.0029
294.67,68.580,0.0787,-0.0260,-0.0240,-0.0047,-0.0362,-0.0213,0.0029,2.0794,-9.339,0.850,0.0785,2.69874,1.17574,0.00209788,0.0787,-0.0260,-11.236,-0.541,2.0799,-0.0213,0.0029
294.77,68.600,0.0787,-0.0260,-0.0242,0.0173,-0.0238,-0.0213,0.0029,2.0789,-9.339,0.852,0.0785,2.7596,1.19506,0.00237469,0.0784,-0.0311,-11.240,-0.540,2.0792,-0.0213,0.0029
294.87,68.620,0.0784,-0.0311,-0.0291,-0.0027,-0.0355,-0.0213,0.0029,2.0783,-9.340,0.853,0.0783,2.7596,1.19506,0.00237469,0.0784,-0.0311,-11.240,-0.540,2.0792,-0.0213,0.0029
294.97,68.640,0.0784,-0.0311,-0.0294,0.0003,-0.0338,-0.0213,0.0029,2.0777,-9.341,0.855,0.0784,2.84287,1.22142,0.00237469,0.0784,-0.0311,-11.245,-0.540,2.0781,-0.0213,0.0029
295.07,68.640,0.0784,-0.0311,-0.0298,0.0133,-0.0265,-0.0213,0.0029,2.0771,-9.342,0.856,0.0791,2.84287,1.22142,0.00237469,0.0784,-0.0311,-11.245,-0.540,2.0781,-0.0213,0.0029
295.17,68.680,0.0784,-0.0311,-0.0327,-0.0046,-0.0369,-0.0213,0.0029,2.0765,-9.343,0.857,0.0791,2.90693,1.24165,0.00209788,0.0784,-0.0311,-11.248,-0.539,2.0772,-0.0213,0.0029
295.27,68.680,0.0784,-0.0311,-0.0327,-0.0046,-0.0369,-0.0213,0.0029,2.0759,-9.344,0.858,0.0791,2.97242,1.26227,0.00237469,0.0782,-0.0351,-11.252,-0.538,2.0762,-0.0213,0.0029
295.37,68.720,0.0782,-0.0351,-0.0369,-0.0046,-0.0372,-0.0213,0.0028,2.0751,-9.344,0.860,0.0790,2.97242,1.26227,0.00237469,0.0782,-0.0351,-11.252,-0.538,2.0762,-0.0213,0.0028
295.47,68.740,0.0782,-0.0351,-0.0369,-0.0045,-0.0372,-0.0213,0.0028,2.0743,-9.345,0.861,0.0790,3.06199,1.29038,0.00237469,0.0782,-0.0351,-11.257,-0.537,2.0748,-0.0213,0.0028
295.57,68.760,0.0782,-0.0351,-0.0370,-0.0045,-0.0372,-0.0213,0.0028,2.0734,-9.346,0.863,0.0790,3.06199,1.29038,0.00237469,0.0782,-0.0351,-11.257,-0.537,2.0748,-0.0213,0.0028
295.67,68.780,0.0782,-0.0351,-0.0370,-0.0045,-0.0372,-0.0213,0.0028,2.0726,-9.347,0.864,0.0790,3.13088,1.31192,0.00209788,0.0782,-0.0351,-11.261,-0.537,2.0736,-0.0213,0.0028
295.77,68.800,0.0782,-0.0351,-0.0370,-0.0045,-0.0372,-0.0213,0.0028,2.0717,-9.348,0.866,0.0790,3.20129,1.33386,0.00237469,0.0781,-0.0379,-11.264,-0.536,2.0725,-0.0213,0.0028
295.87,68.820,0.0781,-0.0379,-0.0399,-0.0044,-0.0374,-0.0213,0.0027,2.0709,-9.349,0.867,0.0790,3.20129,1.33386,0.00237469,0.0781,-0.0379,-11.264,-0.536,2.0725,-0.0213,0.0027
295.97,68.840,0.0781,-0.0379,-0.0400,-0.0044,-0.0374,-0.0213,0.0027,2.0700,-9.350,0.869,0.0789,3.29755,1.36375,0.00237469,0.0781,-0.0379,-11.269,-0.535,2.0710,-0.0213,0.0027
296.07,68.860,0.0781,-0.0379,-0.0400,-0.0044,-0.0374,-0.0213,0.0027,2.0691,-9.351,0.870,0.0789,3.37157,1.38664,0.00209788,0.0781,-0.0379,-11.273,-0.535,2.0698,-0.0213,0.0027
296.17,68.880,0.0781,-0.0379,-0.0400,-0.0043,-0.0374,-0.0213,0.0027,2.0683,-9.352,0.872,0.0789,3.37157,1.38664,0.00209788,0.0781,-0.0379,-11.273,-0.535,2.0698,-0.0213,0.0027
296.27,68.900,0.0781,-0.0379,-0.0423,-0.0043,-0.0375,-0.0213,0.0027,2.0674,-9.353,0.873,0.0789,3.44719,1.40994,0.00237469,0.0780,-0.0400,-11.276,-0.534,2.0686,-0.0213,0.0027
296.37,68.920,0.0780,-0.0400,-0.0423,-0.0043,-0.0376,-0.0213,0.0027,2.0665,-9.354,0.874,0.0789,3.55054,1.44166,0.00237469,0.0780,-0.0400,-11.281,-0.533,2.0669,-0.0213,0.0027
296.47,68.960,0.0780,-0.0400,-0.0424,-0.0042,-0.0376,-0.0213,0.0026,2.0656,-9.355,0.876,0.0789,3.55054,1.44166,0.00237469,0.0780,-0.0400,-11.281,-0.533,2.0669,-0.0213,0.0026
296.57,68.980,0.0780,-0.0400,-0.0424,-0.0042,-0.0376,-0.0213,0.0026,2.0646,-9.356,0.877,0.0789,3.62999,1.46593,0.00209788,0.0780,-0.0400,-11.285,-0.532,2.0656,-0.0213,0.0026
296.67,69.000,0.0780,-0.0400,-0.0424,-0.0042,-0.0376,-0.0213,0.0026,2.0637,-9.356,0.879,0.0788,3.71112,1.49063,0.00237469,0.0779,-0.0417,-11.288,-0.532,2.0643,-0.0213,0.0026
296.77,69.020,0.0779,-0.0417,-0.0443,-0.0041,-0.0377,-0.0213,0.0026,2.0627,-9.357,0.880,0.0788,3.71112,1.49063,0.00237469,0.0779,-0.0417,-11.288,-0.532,2.0643,-0.0213,0.0026
296.87,69.040,0.0779,-0.0417,-0.0443,-0.0041,-0.0377,-0.0213,0.0025,2.0617,-9.358,0.882,0.0788,1.8164,0.875956,0.00237468,0.0779,-0.0417,-11.390,-0.592,2.0626,-0.0213,0.0025
296.97,69.060,0.0779,-0.0417,-0.0443,-0.0041,-0.0377,-0.0213,0.0025,2.0606,-9.359,0.883,0.0788,1.85699,0.888594,0.00209788,0.0779,-0.0417,-11.394,-0.591,2.0613,-0.0213,0.0025
299.55,69.600,0.0744,-0.1100,-0.1220,-0.0017,-0.0421,-0.0214,0.0011,1.9954,-9.384,0.915,0.0772,2.77201,1.14727,0.00237469,0.0748,-0.1026,-11.475,-0.588,1.9966,-0.0214,0.0011
299.65,69.620,0.0748,-0.1026,-0.1139,-0.0017,-0.0417,-0.0214,0.0011,1.9930,-9.384,0.917,0.0772,2.77201,1.14727,0.00237469,0.0748,-0.1026,-11.475,-0.588,1.9966,-0.0214,0.0011
299.75,69.640,0.0748,-0.1026,-0.1141,-0.0016,-0.0418,-0.0214,0.0010,1.9904,-9.386,0.918,0.0772,2.85864,1.16919,0.00237469,0.0748,-0.1026,-11.481,-0.587,1.9919,-0.0214,0.0010
299.85,69.660,0.0748,-0.1026,-0.1143,-0.0015,-0.0418,-0.0214,0.0010,1.9878,-9.387,0.920,0.0772,2.92544,1.18585,0.00209788,0.0748,-0.1026,-11.486,-0.587,1.9885,-0.0214,0.0010
299.95,69.680,0.0748,-0.1026,-0.1146,-0.0014,-0.0418,-0.0214,0.0009,1.9851,-9.388,0.921,0.0771,2.92544,1.18585,0.00209788,0.0748,-0.1026,-11.486,-0.587,1.9885,-0.0214,0.0009
300.05,69.700,0.0748,-0.1026,-0.1077,-0.0013,-0.0415,-0.0214,0.0009,1.9826,-9.389,0.922,0.0772,2.99382,1.2027,0.00237469,0.0751,-0.0963,-11.490,-0.586,1.9851,-0.0214,0.0009
300.15,69.720,0.0751,-0.0963,-0.1079,-0.0013,-0.0416,-0.0215,0.0008,1.9802,-9.390,0.924,0.0771,3.08753,1.22546,0.00237469,0.0751,-0.0963,-11.496,-0.586,1.9807,-0.0215,0.0008
300.25,69.740,0.0751,-0.0963,-0.1081,-0.0012,-0.0416,-0.0215,0.0007,1.9776,-9.391,0.925,0.0771,3.08753,1.22546,0.00237469,0.0751,-0.0963,-11.496,-0.586,1.9807,-0.0215,0.0008
300.35,69.780,0.0751,-0.0963,-0.1083,-0.0011,-0.0416,-0.0215,0.0007,1.9752,-9.392,0.927,0.0771,3.15973,1.24275,0.00209788,0.0751,-0.0963,-11.501,-0.585,1.9775,-0.0215,0.0007
300.45,69.800,0.0751,-0.0963,-0.1085,-0.0010,-0.0416,-0.0215,0.0006,1.9728,-9.393,0.928,0.0772,3.23363,1.26023,0.00237469,0.0754,-0.0911,-11.505,-0.585,1.9742,-0.0215,0.0007
300.55,69.820,0.0754,-0.0911,-0.1027,-0.0010,-0.0414,-0.0215,0.0006,1.9705,-9.394,0.930,0.0771,3.23363,1.26023,0.00237469,0.0754,-0.0911,-11.505,-0.585,1.9742,-0.0215,0.0006
300.65,69.840,0.0754,-0.0911,-0.1028,-0.0009,-0.0414,-0.0215,0.0005,1.9682,-9.394,0.931,0.0771,3.33482,1.28383,0.00237469,0.0754,-0.0911,-11.511,-0.584,1.9700,-0.0215,0.0006
300.75,69.860,0.0754,-0.0911,-0.1030,-0.0008,-0.0414,-0.0215,0.0005,1.9658,-9.395,0.933,0.0771,3.41276,1.30174,0.00209788,0.0754,-0.0911,-11.516,-0.583,1.9669,-0.0215,0.0005
300.85,69.880,0.0754,-0.0911,-0.1032,-0.0007,-0.0414,-0.0215,0.0004,1.9636,-9.396,0.934,0.0770,3.41276,1.30174,0.00209788,0.0754,-0.0911,-11.516,-0.583,1.9669,-0.0215,0.0005
300.95,69.900,0.0754,-0.0911,-0.0983,-0.0006,-0.0412,-0.0215,0.0004,1.9614,-9.397,0.935,0.0771,3.49247,1.31985,0.00237469,0.0756,-0.0866,-11.520,-0.583,1.9639,-0.0215,0.0004
301.05,69.920,0.0756,-0.0866,-0.0984,-0.0006,-0.0412,-0.0215,0.0004,1.9591,-9.398,0.937,0.0771,3.60159,1.34429,0.00237469,0.0756,-0.0866,-11.526,-0.582,1.9599,-0.0215,0.0004
301.15,69.960,0.0756,-0.0866,-0.0986,-0.0005,-0.0412,-0.0215,0.0003,1.9569,-9.399,0.938,0.0770,3.60159,1.34429,0.00237469,0.0756,-0.0866,-11.526,-0.582,1.9599,-0.0215,0.0003
301.25,69.980,0.0756,-0.0866,-0.0988,-0.0004,-0.0412,-0.0215,0.0003,1.9547,-9.400,0.940,0.0770,3.68558,1.36283,0.00209788,0.0756,-0.0866,-11.531,-0.581,1.9569,-0.0215,0.0003
301.35,70.000,0.0756,-0.0866,-0.0989,-0.0003,-0.0413,-0.0215,0.0002,1.9528,-9.401,0.941,0.0771,3.77146,1.38157,0.00237469,0.0758,-0.0829,-11.535,-0.581,1.9540,-0.0215,0.0002
301.45,70.020,0.0758,-0.0829,-0.0947,-0.0003,-0.0410,-0.0215,0.0002,1.9504,-9.402,0.943,0.0770,3.77146,1.38157,0.00237469,0.0758,-0.0829,-11.535,-0.581,1.9540,-0.0215,0.0002
301.55,70.040,0.0758,-0.0829,-0.0949,-0.0002,-0.0411,-0.0215,0.0001,1.9481,-9.403,0.944,0.0770,1.84933,0.826109,0.00237468,0.0758,-0.0829,-11.407,-0.503,1.9501,-0.0215,0.0001
301.65,70.060,0.0758,-0.0829,-0.0950,-0.0001,-0.0411,-0.0215,0.0001,1.9458,-9.404,0.946,0.0770,1.89259,0.835724,0.00209788,0.0758,-0.0829,-11.410,-0.502,1.9473,-0.0215,0.0001
301.75,70.100,0.0758,-0.0829,-0.0952,-0.0000,-0.0411,-0.0215,0.0000,1.9434,-9.405,0.948,0.0777,1.937,0.845463,0.00237468,0.0774,0.0515,-11.413,-0.501,1.9444,-0.0215,0.0000
301.85,70.120,0.0774,-0.0674,-0.0722,0.0002,-0.2019,-0.0215,-0.0000,1.9414,-9.406,0.949,0.0779,1.937,0.845463,0.00237468,0.0774,0.0515,-11.413,-0.501,1.9444,-0.0215,-0.0000
301.95,70.140,0.0774,-0.0474,-0.0377,0.0005,-0.1987,-0.0215,-0.0001,1.9401,-9.407,0.951,0.0775,1.99804,0.858637,0.00237468,0.0774,0.0515,-11.417,-0.499,1.9411,-0.0215,-0.0001
302.05,70.160,0.0774,-0.0274,-0.0147,0.0006,-0.1967,-0.0215,-0.0001,1.9396,-9.408,0.953,0.0774,2.04521,0.868672,0.00209788,0.0774,0.0515,-11.420,-0.497,1.9396,-0.0215,-0.0001
302.15,70.200,0.0774,0.0126,0.0197,0.0000,0.0000,-0.0215,-0.0001,1.9398,-9.408,0.955,0.0771,2.09357,0.87887,0.00237469,0.0771,0.0570,-11.422,-0.496,1.9393,-0.0215,-0.0001
302.25,70.220,0.0771,0.0326,0.0427,0.0000,-0.0000,-0.0215,-0.0000,1.9408,-9.409,0.956,0.0771,2.09357,0.87887,0.00237469,0.0771,0.0570,-11.422,-0.496,1.9393,-0.0215,-0.0000
302.35,70.240,0.0771,0.0526,0.0656,0.0000,-0.0000,-0.0215,-0.0000,1.9425,-9.410,0.958,0.0771,2.15992,0.892761,0.00237469,0.0771,0.0570,-11.426,-0.494,1.9405,-0.0215,-0.0000
302.45,70.280,0.0771,0.0570,0.0655,-0.0000,-0.0000,-0.0215,0.0000,1.9442,-9.411,0.960,0.0772,2.21107,0.903436,0.00209788,0.0771,0.0570,-11.429,-0.493,1.9424,-0.0215,0.0000
302.55,70.300,0.0771,0.0570,0.0655,-0.0000,-0.0000,-0.0215,0.0001,1.9456,-9.411,0.962,0.0777,2.26343,0.914358,0.00237469,0.0776,0.0470,-11.432,-0.491,1.9445,-0.0215,0.0001
302.65,70.320,0.0776,0.0470,0.0540,-0.0000,-0.0000,-0.0215,0.0001,1.9468,-9.412,0.963,0.0777,2.26343,0.914358,0.00237469,0.0776,0.0470,-11.432,-0.491,1.9445,-0.0215,0.0001
302.75,70.340,0.0776,0.0470,0.0539,-0.0000,-0.0000,-0.0215,0.0001,1.9481,-9.413,0.965,0.0778,2.33515,0.929311,0.00237469,0.0776,0.0470,-11.435,-0.490,1.9470,-0.0215,0.0001
302.85,70.360,0.0776,0.0470,0.0539,-0.0000,-0.0000,-0.0215,0.0001,1.9494,-9.414,0.967,0.0779,2.39039,0.940818,0.00209788,0.0776,0.0470,-11.438,-0.488,1.9487,-0.0215,0.0001
302.95,70.380,0.0776,0.0470,0.0538,-0.0000,-0.0000,-0.0215,0.0002,1.9508,-9.414,0.968,0.0779,2.39039,0.940818,0.00209788,0.0776,0.0470,-11.438,-0.488,1.9487,-0.0215,0.0002
303.05,70.420,0.0784,0.0330,0.0364,-0.0003,-0.0321,-0.0215,0.0002,1.9519,-9.415,0.970,0.0786,2.44691,0.952583,0.00237469,0.0784,0.0319,-11.441,-0.487,1.9503,-0.0215,0.0002
303.15,70.440,0.0784,0.0319,0.0364,-0.0004,-0.0321,-0.0215,0.0002,1.9528,-9.416,0.972,0.0786,2.5243,0.968673,0.00237469,0.0784,0.0319,-11.445,-0.485,1.9521,-0.0215,0.0002
303.25,70.460,0.0784,0.0319,0.0364,-0.0004,-0.0321,-0.0215,0.0002,1.9537,-9.417,0.974,0.0786,2.58388,0.981038,0.00209788,0.0784,0.0319,-11.447,-0.483,1.9532,-0.0215,0.0002
303.35,70.500,0.0784,0.0319,0.0363,-0.0004,-0.0321,-0.0215,0.0003,1.9547,-9.418,0.976,0.0792,2.64482,0.993666,0.00237469,0.0790,0.0193,-11.450,-0.482,1.9543,-0.0215,0.0003
303.45,70.520,0.0790,0.0195,0.0220,-0.0004,-0.0331,-0.0215,0.0003,1.9553,-9.419,0.978,0.0791,2.64482,0.993666,0.00237469,0.0790,0.0193,-11.450,-0.482,1.9543,-0.0215,0.0003
303.55,70.540,0.0790,0.0193,0.0220,-0.0005,-0.0331,-0.0215,0.0003,1.9558,-9.420,0.979,0.0791,2.72823,1.01091,0.00237469,0.0790,0.0193,-11.454,-0.480,1.9554,-0.0215,0.0003
303.65,70.560,0.0790,0.0193,0.0220,-0.0005,-0.0331,-0.0215,0.0003,1.9564,-9.420,0.981,0.0791,2.79243,1.02415,0.00209788,0.0790,0.0193,-11.456,-0.479,1.9561,-0.0215,0.0003
303.75,70.600,0.0790,0.0193,0.0220,-0.0005,-0.0331,-0.0215,0.0003,1.9570,-9.421,0.983,0.0796,2.85807,1.03765,0.00237469,0.0795,0.0093,-11.459,-0.477,1.9567,-0.0215,0.0003
303.85,70.620,0.0795,0.0093,0.0106,-0.0005,-0.0339,-0.0215,0.0003,1.9572,-9.422,0.985,0.0796,2.85807,1.03765,0.00237469,0.0795,0.0093,-11.459,-0.477,1.9567,-0.0215,0.0003
303.95,70.640,0.0795,0.0093,0.0106,-0.0005,-0.0339,-0.0215,0.0003,1.9575,-9.423,0.987,0.0796,2.94787,1.05607,0.00237469,0.0795,0.0093,-11.463,-0.475,1.9573,-0.0215,0.0003
304.05,70.660,0.0795,0.0093,0.0106,-0.0005,-0.0339,-0.0215,0.0003,1.9577,-9.424,0.988,0.0796,3.01696,1.0702,0.00209788,0.0795,0.0093,-11.465,-0.474,1.9576,-0.0215,0.0003
304.15,70.680,0.0795,0.0093,0.0106,-0.0005,-0.0339,-0.0215,0.0003,1.9580,-9.424,0.990,0.0796,3.01696,1.0702,0.00209788,0.0795,0.0093,-11.465,-0.474,1.9576,-0.0215,0.0003
304.25,70.720,0.0799,0.0014,0.0016,-0.0005,-0.0346,-0.0215,0.0003,1.9581,-9.425,0.992,0.0799,3.08758,1.0846,0.00237469,0.0799,0.0014,-11.468,-0.472,1.9579,-0.0215,0.0003
304.35,70.740,0.0799,0.0014,0.0016,-0.0005,-0.0346,-0.0215,0.0003,1.9581,-9.426,0.993,0.0799,3.18416,1.10422,0.00237469,0.0799,0.0014,-11.472,-0.470,1.9581,-0.0215,0.0003
304.45,70.760,0.0799,0.0014,0.0016,-0.0005,-0.0346,-0.0215,0.0003,1.9582,-9.426,0.995,0.0799,3.18416,1.10422,0.00237469,0.0799,0.0014,-11.472,-0.470,1.9581,-0.0215,0.0003
304.55,70.780,0.0799,0.0014,0.0016,-0.0005,-0.0346,-0.0215,0.0003,1.9582,-9.427,0.997,0.0799,3.25844,1.11925,0.00209788,0.0799,0.0014,-11.474,-0.469,1.9582,-0.0215,0.0003
304.65,70.800,0.0799,0.0014,-0.0057,0.0000,0.0000,-0.0215,0.0003,1.9581,-9.428,0.999,0.0798,3.33434,1.13456,0.00237469,0.0797,-0.0050,-11.477,-0.467,1.9582,-0.0215,0.0003
304.75,70.840,0.0797,-0.0050,-0.0057,-0.0005,-0.0352,-0.0215,0.0003,1.9580,-9.429,1.001,0.0798,3.43809,1.15541,0.00237469,0.0797,-0.0050,-11.480,-0.465,1.9581,-0.0215,0.0003
304.85,70.860,0.0797,-0.0050,-0.0057,-0.0005,-0.0352,-0.0215,0.0003,1.9578,-9.429,1.003,0.0798,3.51786,1.17137,0.00209788,0.0797,-0.0050,-11.483,-0.464,1.9579,-0.0215,0.0003
304.95,70.880,0.0797,-0.0050,-0.0057,-0.0005,-0.0352,-0.0215,0.0003,1.9577,-9.430,1.004,0.0798,3.51786,1.17137,0.00209788,0.0797,-0.0050,-11.483,-0.464,1.9579,-0.0215,0.0003
305.05,70.900,0.0797,-0.0050,-0.0114,0.0000,0.0000,-0.0215,0.0003,1.9575,-9.431,1.006,0.0795,3.59934,1.18762,0.00237469,0.0795,-0.0101,-11.485,-0.462,1.9577,-0.0215,0.0003
305.15,70.940,0.0795,-0.0101,-0.0114,-0.0005,-0.0357,-0.0215,0.0003,1.9572,-9.432,1.008,0.0795,3.71068,1.20972,0.00237469,0.0795,-0.0101,-11.489,-0.460,1.9574,-0.0215,0.0003
305.25,70.960,0.0795,-0.0101,-0.0114,-0.0005,-0.0357,-0.0215,0.0003,1.9569,-9.433,1.010,0.0795,3.71068,1.20972,0.00237469,0.0795,-0.0101,-11.489,-0.460,1.9574,-0.0215,0.0003
305.35,70.980,0.0795,-0.0101,-0.0114,-0.0005,-0.0357,-0.0215,0.0003,1.9567,-9.433,1.011,0.0795,3.79625,1.22663,0.00209788,0.0795,-0.0101,-11.491,-0.458,1.9570,-0.0215,0.0003
305.45,71.000,0.0795,-0.0101,-0.0115,-0.0005,-0.0357,-0.0215,0.0003,1.9564,-9.434,1.013,0.0793,3.88363,1.24383,0.00237469,0.0793,-0.0141,-11.494,-0.457,1.9567,-0.0215,0.0003
305.55,71.020,0.0793,-0.0141,-0.0160,-0.0005,-0.0360,-0.0215,0.0003,1.9560,-9.435,1.015,0.0793,1.89891,0.767217,0.00237468,0.0793,-0.0141,-11.027,-0.222,1.9561,-0.0215,0.0003
305.65,71.040,0.0793,-0.0141,-0.0160,-0.0005,-0.0360,-0.0215,0.0003,1.9556,-9.435,1.017,0.0793,1.89891,0.767217,0.00237468,0.0793,-0.0141,-11.027,-0.222,1.9561,-0.0215,0.0003
305.75,71.080,0.0793,-0.0141,-0.0160,-0.0004,-0.0360,-0.0215,0.0003,1.9552,-9.436,1.018,0.0793,1.94292,0.776187,0.00209788,0.0793,-0.0141,-11.024,-0.218,1.9556,-0.0215,0.0003
305.85,71.100,0.0793,-0.0141,-0.0160,-0.0004,-0.0360,-0.0215,0.0003,1.9548,-9.437,1.020,0.0729,1.98803,0.785333,0.00237468,0.0569,0.3000,-11.021,-0.214,1.9551,-0.0215,0.0003
305.95,71.120,0.0669,0.0014,0.0044,-0.1863,0.0023,-0.0215,0.0003,1.9549,-9.438,1.022,0.0589,2.04995,0.797799,0.00237468,0.0569,0.3000,-11.017,-0.210,1.9548,-0.0215,0.0003
306.05,71.140,0.0569,0.0214,0.0410,-0.0000,0.0000,-0.0215,0.0003,1.9558,-9.438,1.023,0.0569,2.04995,0.797799,0.00237468,0.0569,0.3000,-11.017,-0.210,1.9548,-0.0215,0.0003
306.15,71.180,0.0569,0.0614,0.0751,-0.0001,0.0000,-0.0215,0.0003,1.9573,-9.439,1.024,0.0569,2.09773,0.807367,0.00209788,0.0569,0.3000,-11.014,-0.207,1.9556,-0.0215,0.0003
306.25,71.200,0.0569,0.0814,0.0977,-0.0001,0.0000,-0.0215,0.0003,1.9589,-9.439,1.025,0.0564,2.14665,0.817155,0.00237469,0.0561,0.3000,-11.010,-0.203,1.9576,-0.0215,0.0003
306.35,71.200,0.0569,0.0814,0.1090,-0.0001,0.0000,-0.0215,0.0004,1.9602,-9.439,1.026,0.0562,2.14665,0.817155,0.00237469,0.0561,0.3000,-11.010,-0.203,1.9576,-0.0215,0.0004
306.45,71.220,0.0561,0.1014,0.1203,-0.0001,0.0000,-0.0215,0.0004,1.9620,-9.440,1.027,0.0563,2.14665,0.817155,0.00237469,0.0561,0.3000,-11.010,-0.203,1.9576,-0.0215,0.0004
306.55,71.240,0.0561,0.1214,0.1427,-0.0002,0.0000,-0.0215,0.0005,1.9641,-9.440,1.027,0.0563,2.21365,0.830591,0.00237469,0.0561,0.3000,-11.006,-0.199,1.9619,-0.0215,0.0005
306.65,71.260,0.0561,0.1414,0.1651,-0.0002,0.0001,-0.0215,0.0005,1.9673,-9.441,1.028,0.0564,2.21365,0.830591,0.00237469,0.0561,0.3000,-11.006,-0.199,1.9619,-0.0215,0.0005
306.75,71.280,0.0561,0.1614,0.1872,-0.0003,0.0001,-0.0215,0.0006,1.9705,-9.441,1.029,0.0564,2.26522,0.840996,0.00209788,0.0561,0.3000,-11.003,-0.196,1.9663,-0.0215,0.0006
306.85,71.300,0.0561,0.1814,0.2092,-0.0004,0.0001,-0.0215,0.0007,1.9747,-9.442,1.030,0.0567,2.31792,0.85172,0.00237469,0.0563,0.3000,-10.999,-0.192,1.9718,-0.0215,0.0007
306.95,71.320,0.0563,0.2014,0.2310,-0.0005,0.0001,-0.0215,0.0008,1.9791,-9.442,1.031,0.0567,2.31792,0.85172,0.00237469,0.0563,0.3000,-10.999,-0.192,1.9718,-0.0215,0.0008
307.05,71.340,0.0563,0.2214,0.2526,-0.0006,0.0001,-0.0214,0.0009,1.9851,-9.443,1.032,0.0569,2.38993,0.866568,0.00237469,0.0563,0.3000,-10.995,-0.188,1.9806,-0.0214,0.0009
307.15,71.360,0.0563,0.2414,0.2846,-0.0008,0.0002,-0.0214,0.0010,1.9916,-9.444,1.034,0.0570,2.44522,0.878161,0.00209788,0.0563,0.3000,-10.991,-0.185,1.9883,-0.0214,0.0010
307.25,71.380,0.0563,0.2614,0.3056,-0.0009,0.0002,-0.0214,0.0012,1.9987,-9.444,1.035,0.0571,2.44522,0.878161,0.00209788,0.0563,0.3000,-10.991,-0.185,1.9883,-0.0214,0.0012
307.35,71.400,0.0563,0.2814,0.3264,-0.0011,0.0003,-0.0214,0.0014,2.0061,-9.445,1.036,0.0582,2.50159,0.890191,0.00237469,0.0573,0.3000,-10.988,-0.181,1.9971,-0.0214,0.0013
307.45,71.440,0.0573,0.3000,0.3287,-0.0013,0.0003,-0.0214,0.0015,2.0140,-9.446,1.037,0.0583,2.57841,0.906974,0.00237469,0.0573,0.3000,-10.983,-0.177,2.0100,-0.0214,0.0015
307.55,71.460,0.0573,0.3000,0.3273,-0.0014,0.0003,-0.0214,0.0017,2.0222,-9.447,1.038,0.0584,2.63724,0.920163,0.00209788,0.0573,0.3000,-10.980,-0.173,2.0200,-0.0214,0.0017
307.65,71.480,0.0573,0.3000,0.3258,-0.0015,0.0004,-0.0214,0.0019,2.0291,-9.447,1.039,0.0586,2.63724,0.920163,0.00209788,0.0573,0.3000,-10.980,-0.173,2.0200,-0.0214,0.0018
307.75,71.500,0.0573,0.3000,0.3244,-0.0016,0.0004,-0.0214,0.0020,2.0340,-9.448,1.040,0.0600,2.69711,0.933898,0.00237469,0.0590,0.3000,-10.976,-0.170,2.0299,-0.0214,0.0019
307.85,71.500,0.0573,0.3000,0.3237,-0.0018,0.0004,-0.0214,0.0021,2.0391,-9.448,1.041,0.0604,2.69711,0.933898,0.00237469,0.0590,0.3000,-10.976,-0.170,2.0299,-0.0214,0.0020
307.95,71.520,0.0590,0.3000,0.3224,-0.0019,0.0004,-0.0214,0.0022,2.0456,-9.449,1.042,0.0606,2.77855,0.953085,0.00237469,0.0590,0.3000,-10.972,-0.165,2.0429,-0.0214,0.0022
308.05,71.540,0.0590,0.3000,0.3210,-0.0020,0.0004,-0.0213,0.0023,2.0517,-9.450,1.043,0.0607,2.77855,0.953085,0.00237469,0.0590,0.3000,-10.972,-0.165,2.0429,-0.0213,0.0023
308.15,71.560,0.0590,0.3000,0.3196,-0.0021,0.0004,-0.0213,0.0025,2.0587,-9.450,1.044,0.0609,2.84085,0.968156,0.00209788,0.0590,0.3000,-10.968,-0.161,2.0526,-0.0213,0.0024
308.25,71.600,0.0590,0.3000,0.3176,-0.0022,0.0005,-0.0213,0.0026,2.0657,-9.451,1.045,0.0617,2.9042,0.983836,0.00237469,0.0607,0.3000,-10.965,-0.157,2.0622,-0.0213,0.0026
308.35,71.620,0.0607,0.3000,0.3163,-0.0024,0.0005,-0.0213,0.0028,2.0717,-9.452,1.046,0.0629,2.9042,0.983836,0.00237469,0.0607,0.3000,-10.965,-0.157,2.0622,-0.0213,0.0028
308.45,71.640,0.0607,0.3000,0.3150,-0.0025,0.0005,-0.0213,0.0029,2.0799,-9.453,1.047,0.0631,2.99027,1.00572,0.00237469,0.0607,0.3000,-10.960,-0.152,2.0749,-0.0213,0.0029
308.55,71.660,0.0607,0.3000,0.3131,-0.0027,0.0006,-0.0212,0.0031,2.0875,-9.454,1.048,0.0633,3.05604,1.0229,0.00209788,0.0607,0.3000,-10.957,-0.148,2.0843,-0.0212,0.0031
308.65,71.680,0.0607,0.3000,0.3125,-0.0027,0.0006,-0.0212,0.0032,2.0934,-9.455,1.049,0.0634,3.05604,1.0229,0.00209788,0.0607,0.3000,-10.957,-0.148,2.0843,-0.0212,0.0032
308.75,71.700,0.0607,0.3000,0.3112,-0.0028,0.0006,-0.0212,0.0034,2.0996,-9.456,1.050,0.0652,3.12285,1.04076,0.00237469,0.0624,0.3000,-10.953,-0.144,2.0937,-0.0212,0.0033
308.85,71.720,0.0624,0.3000,0.3093,-0.0031,0.0007,-0.0212,0.0035,2.1061,-9.456,1.051,0.0654,3.12285,1.04076,0.00237469,0.0624,0.3000,-10.953,-0.144,2.0937,-0.0212,0.0035
308.95,71.740,0.0624,0.3000,0.3087,-0.0031,0.0007,-0.0212,0.0036,2.1120,-9.457,1.052,0.0655,3.21354,1.06566,0.00237469,0.0624,0.3000,-10.949,-0.138,2.1061,-0.0212,0.0036
309.05,71.760,0.0624,0.3000,0.3069,-0.0033,0.0007,-0.0211,0.0038,2.1184,-9.458,1.053,0.0657,3.28276,1.0852,0.00209788,0.0624,0.3000,-10.945,-0.134,2.1154,-0.0211,0.0038
309.15,71.780,0.0624,0.3000,0.3057,-0.0061,0.0013,-0.0211,0.0039,2.1249,-9.459,1.054,0.0659,3.28276,1.0852,0.00209788,0.0624,0.3000,-10.945,-0.134,2.1154,-0.0211,0.0039
309.25,71.800,0.0624,0.3000,0.3038,-0.0041,0.0009,-0.0211,0.0040,2.1310,-9.460,1.055,0.0679,3.35301,1.10549,0.00237469,0.0644,0.3000,-10.942,-0.130,2.1246,-0.0211,0.0040
309.35,71.820,0.0644,0.3000,0.3026,-0.0043,0.0010,-0.0211,0.0042,2.1379,-9.461,1.056,0.0681,3.44827,1.13378,0.00237469,0.0644,0.3000,-10.938,-0.124,2.1367,-0.0211,0.0041
309.45,71.840,0.0644,0.3000,0.3014,-0.0045,0.0011,-0.0210,0.0043,2.1434,-9.462,1.057,0.0683,3.44827,1.13378,0.00237469,0.0644,0.3000,-10.938,-0.124,2.1367,-0.0210,0.0043
309.55,71.860,0.0644,0.3000,0.3001,-0.0048,0.0011,-0.0210,0.0044,2.1491,-9.463,1.058,0.0684,3.5209,1.15595,0.00209788,0.0644,0.3000,-10.934,-0.120,2.1458,-0.0210,0.0044
309.65,71.880,0.0644,0.3000,0.2989,-0.0052,0.0013,-0.0210,0.0045,2.1548,-9.464,1.059,0.0686,3.5209,1.15595,0.00209788,0.0644,0.3000,-10.934,-0.120,2.1458,-0.0210,0.0045
309.75,71.900,0.0644,0.3000,0.2846,0.6990,-0.1029,-0.0210,0.0046,2.1607,-9.465,1.060,0.0755,3.59455,1.17896,0.00237469,0.1571,0.2859,-10.931,-0.115,2.1548,-0.0210,0.0046
309.85,71.920,0.0768,0.2865,0.2666,0.6090,-0.0864,-0.0209,0.0048,2.1677,-9.466,1.062,0.0915,3.69433,1.21101,0.00237469,0.1571,0.2859,-10.926,-0.109,2.1663,-0.0209,0.0048
309.95,71.960,0.1088,0.2859,0.2457,0.6488,-0.1006,-0.0209,0.0049,2.1740,-9.468,1.064,0.1071,3.69433,1.21101,0.00237469,0.1571,0.2859,-10.926,-0.109,2.1663,-0.0209,0.0049
310.05,71.980,0.1248,0.2859,0.2409,0.8568,-0.1539,-0.0209,0.0051,2.1806,-9.470,1.066,0.1285,3.77036,1.23607,0.00209788,0.1571,0.2859,-10.924,-0.103,2.1740,-0.0209,0.0050
310.15,72.000,0.1408,0.2859,0.2264,0.6359,-0.1056,-0.0208,0.0052,2.1863,-9.472,1.069,0.1442,3.84747,1.26204,0.00237469,0.1602,0.2602,-10.921,-0.097,2.1813,-0.0208,0.0052
310.25,72.020,0.1568,0.2704,0.2186,0.2313,-0.0584,-0.0208,0.0053,2.1922,-9.474,1.072,0.1537,1.87771,0.778222,0.00237468,0.1602,0.2602,-10.908,-0.089,2.1905,-0.0208,0.0053
310.35,72.060,0.1602,0.2602,0.2247,-0.0076,0.0020,-0.0208,0.0054,2.1969,-9.476,1.075,0.1538,1.87771,0.778222,0.00237468,0.1602,0.2602,-10.908,-0.089,2.1905,-0.0208,0.0054
310.45,72.080,0.1602,0.2602,0.2241,-0.0077,0.0021,-0.0208,0.0055,2.2014,-9.478,1.077,0.1538,1.91593,0.792103,0.00209788,0.1602,0.2602,-10.906,-0.081,2.1971,-0.0208,0.0055
310.55,72.100,0.1602,0.2602,0.2236,-0.0078,0.0021,-0.0207,0.0056,2.2061,-9.480,1.080,0.1545,1.95485,0.806519,0.00237468,0.1614,0.2507,-10.904,-0.074,2.2038,-0.0207,0.0056
310.65,72.120,0.1614,0.2507,0.2149,-0.0078,0.0021,-0.0207,0.0057,2.2111,-9.482,1.083,0.1552,1.95485,0.806519,0.00237468,0.1614,0.2507,-10.904,-0.074,2.2038,-0.0207,0.0057
310.75,72.140,0.1614,0.2507,0.2141,-0.0079,0.0022,-0.0207,0.0058,2.2169,-9.485,1.086,0.1552,2.0078,0.826599,0.00237468,0.1614,0.2507,-10.902,-0.065,2.2125,-0.0207,0.0058
310.85,72.160,0.1614,0.2507,0.2136,-0.0080,0.0023,-0.0206,0.0059,2.2220,-9.487,1.089,0.1553,2.04832,0.842322,0.00209788,0.1614,0.2507,-10.900,-0.057,2.2189,-0.0206,0.0059
310.95,72.180,0.1614,0.2507,0.2131,-0.0081,0.0024,-0.0206,0.0060,2.2271,-9.489,1.092,0.1553,2.08955,0.858639,0.00237469,0.1614,0.2507,-10.898,-0.050,2.2253,-0.0206,0.0060
311.05,72.220,0.1630,0.2376,0.2008,-0.0080,0.0024,-0.0206,0.0061,2.2318,-9.491,1.095,0.1572,2.08955,0.858639,0.00237469,0.1630,0.2371,-10.898,-0.050,2.2253,-0.0206,0.0061
311.15,72.240,0.1630,0.2371,0.2004,-0.0081,0.0024,-0.0205,0.0062,2.2364,-9.494,1.097,0.1573,2.1456,0.881342,0.00237469,0.1630,0.2371,-10.896,-0.040,2.2336,-0.0206,0.0062
311.25,72.260,0.1630,0.2371,0.1997,-0.0082,0.0025,-0.0205,0.0063,2.2418,-9.496,1.101,0.1573,2.18847,0.899101,0.00209788,0.1630,0.2371,-10.894,-0.032,2.2396,-0.0205,0.0063
311.35,72.280,0.1630,0.2371,0.1992,-0.0083,0.0026,-0.0205,0.0064,2.2470,-9.499,1.104,0.1574,2.18847,0.899101,0.00209788,0.1630,0.2371,-10.894,-0.032,2.2396,-0.0205,0.0064
311.45,72.320,0.1644,0.2257,0.1890,-0.0081,0.0026,-0.0205,0.0065,2.2514,-9.501,1.107,0.1590,2.23206,0.917509,0.00237469,0.1644,0.2257,-10.893,-0.025,2.2455,-0.0205,0.0065
311.55,72.340,0.1644,0.2257,0.1886,-0.0082,0.0026,-0.0204,0.0066,2.2563,-9.504,1.110,0.1591,2.29129,0.943093,0.00237469,0.1644,0.2257,-10.891,-0.015,2.2533,-0.0204,0.0066
311.65,72.360,0.1644,0.2257,0.1882,-0.0083,0.0027,-0.0204,0.0067,2.2605,-9.506,1.113,0.1591,2.33657,0.963081,0.00209788,0.1644,0.2257,-10.889,-0.007,2.2589,-0.0204,0.0067
311.75,72.380,0.1644,0.2257,0.1871,-0.0074,0.0025,-0.0204,0.0068,2.2648,-9.508,1.115,0.1594,2.33657,0.963081,0.00209788,0.1644,0.2257,-10.889,-0.007,2.2589,-0.0204,0.0068
311.85,72.400,0.1644,0.2257,0.1793,0.0966,-0.0326,-0.0203,0.0069,2.2688,-9.511,1.118,0.1606,2.38258,0.983779,0.00237469,0.1655,0.2168,-10.887,0.001,2.2645,-0.0203,0.0069
311.95,72.420,0.1655,0.2168,0.1788,-0.0065,0.0022,-0.0203,0.0070,2.2728,-9.513,1.121,0.1607,2.44508,1.01251,0.00237469,0.1655,0.2168,-10.885,0.011,2.2718,-0.0203,0.0069
312.05,72.440,0.1655,0.2168,0.1782,-0.0057,0.0019,-0.0203,0.0070,2.2767,-9.515,1.124,0.1609,2.44508,1.01251,0.00237469,0.1655,0.2168,-10.885,0.011,2.2718,-0.0203,0.0070
312.15,72.480,0.1655,0.2168,0.1772,-0.0015,0.0005,-0.0203,0.0071,2.2808,-9.518,1.126,0.1611,2.49283,1.03494,0.00209788,0.1655,0.2168,-10.884,0.019,2.2772,-0.0203,0.0071
312.25,72.500,0.1655,0.2168,0.1761,0.0083,-0.0030,-0.0202,0.0072,2.2843,-9.520,1.129,0.1620,2.54133,1.05813,0.00237469,0.1663,0.2101,-10.882,0.027,2.2825,-0.0202,0.0072
312.35,72.520,0.1663,0.2101,0.1557,-0.0082,0.0029,-0.0202,0.0073,2.2880,-9.522,1.131,0.1663,2.54133,1.05813,0.00237469,0.1663,0.2101,-10.882,0.027,2.2825,-0.0202,0.0073
312.45,72.540,0.1663,0.2101,0.1555,-0.0083,0.0030,-0.0202,0.0073,2.2911,-9.524,1.134,0.1664,2.60718,1.0903,0.00237469,0.1663,0.2101,-10.880,0.037,2.2892,-0.0202,0.0073
312.55,72.560,0.1663,0.2101,0.1552,-0.0083,0.0030,-0.0202,0.0074,2.2943,-9.527,1.137,0.1665,2.60718,1.0903,0.00237469,0.1663,0.2101,-10.880,0.037,2.2892,-0.0202,0.0074
312.65,72.580,0.1663,0.2101,0.1550,-0.0084,0.0031,-0.0201,0.0074,2.2970,-9.529,1.139,0.1665,2.65747,1.11537,0.00209788,0.1663,0.2101,-10.879,0.045,2.2939,-0.0201,0.0074
312.75,72.600,0.1663,0.2101,0.1547,-0.0084,0.0031,-0.0201,0.0075,2.3005,-9.531,1.142,0.1670,2.70855,1.14126,0.00237469,0.1668,0.2062,-10.877,0.053,2.2985,-0.0201,0.0075
312.85,72.620,0.1668,0.2062,0.1517,-0.0083,0.0031,-0.0201,0.0076,2.3042,-9.534,1.144,0.1671,2.70855,1.14126,0.00237469,0.1668,0.2062,-10.877,0.053,2.2985,-0.0201,0.0076
312.95,72.640,0.1668,0.2062,0.1513,-0.0084,0.0032,-0.0201,0.0077,2.3079,-9.537,1.148,0.1672,2.77789,1.17712,0.00237469,0.1668,0.2062,-10.875,0.064,2.3046,-0.0201,0.0077
313.05,72.660,0.1668,0.2062,0.1511,-0.0085,0.0033,-0.0200,0.0077,2.3117,-9.539,1.151,0.1673,2.83083,1.20502,0.00209788,0.1668,0.2062,-10.874,0.072,2.3091,-0.0200,0.0077
313.15,72.700,0.1668,0.2062,0.1507,-0.0085,0.0033,-0.0200,0.0078,2.3153,-9.542,1.154,0.1675,2.88458,1.23383,0.00237469,0.1669,0.2052,-10.872,0.080,2.3136,-0.0200,0.0078
313.25,72.720,0.1669,0.2052,0.1498,-0.0085,0.0034,-0.0200,0.0079,2.3191,-9.545,1.157,0.1677,2.88458,1.23383,0.00237469,0.1669,0.2052,-10.872,0.080,2.3136,-0.0200,0.0079
313.35,72.740,0.1669,0.2052,0.1494,-0.0086,0.0034,-0.0199,0.0080,2.3230,-9.548,1.160,0.1678,2.9575,1.27368,0.00237469,0.1669,0.2052,-10.871,0.091,2.3196,-0.0199,0.0080
313.45,72.760,0.1669,0.2052,0.1492,-0.0086,0.0035,-0.0199,0.0080,2.3264,-9.551,1.163,0.1679,3.01314,1.30467,0.00209788,0.1669,0.2052,-10.869,0.099,2.3241,-0.0199,0.0080
313.55,72.800,0.1669,0.2052,0.1489,-0.0087,0.0035,-0.0199,0.0081,2.3300,-9.554,1.165,0.1680,3.0696,1.33665,0.00237469,0.1669,0.2052,-10.868,0.107,2.3286,-0.0199,0.0081
313.65,72.800,0.1669,0.2052,0.1487,-0.0087,0.0036,-0.0199,0.0082,2.3326,-9.556,1.168,0.1681,3.0696,1.33665,0.00237469,0.1669,0.2052,-10.868,0.107,2.3286,-0.0199,0.0081
313.75,72.820,0.1669,0.2052,0.1485,-0.0087,0.0036,-0.0198,0.0082,2.3356,-9.558,1.170,0.1682,3.14616,1.38084,0.00237469,0.1669,0.2052,-10.866,0.118,2.3345,-0.0198,0.0082
313.85,72.860,0.1669,0.2052,0.1482,-0.0088,0.0037,-0.0198,0.0083,2.3389,-9.561,1.173,0.1683,3.14616,1.38084,0.00237469,0.1669,0.2052,-10.866,0.118,2.3345,-0.0198,0.0083
313.95,72.880,0.1669,0.2052,0.1479,-0.0088,0.0037,-0.0198,0.0084,2.3424,-9.564,1.175,0.1685,3.20454,1.41518,0.00209788,0.1669,0.2052,-10.864,0.126,2.3390,-0.0198,0.0083
314.05,72.900,0.1669,0.2052,0.1477,-0.0089,0.0038,-0.0197,0.0084,2.3455,-9.566,1.178,0.1685,3.26374,1.45058,0.00237469,0.1668,0.2060,-10.863,0.135,2.3434,-0.0198,0.0084
314.15,72.920,0.1668,0.2060,0.1481,-0.0089,0.0038,-0.0197,0.0085,2.3491,-9.569,1.181,0.1686,3.26374,1.45058,0.00237469,0.1668,0.2060,-10.863,0.135,2.3434,-0.0197,0.0085
314.25,72.940,0.1668,0.2060,0.1477,-0.0090,0.0039,-0.0197,0.0086,2.3523,-9.572,1.183,0.1687,3.34398,1.49948,0.00237469,0.1668,0.2060,-10.861,0.146,2.3493,-0.0197,0.0085
314.35,72.960,0.1668,0.2060,0.1475,-0.0090,0.0040,-0.0197,0.0086,2.3556,-9.574,1.186,0.1689,3.40512,1.53745,0.00209788,0.1668,0.2060,-10.860,0.154,2.3538,-0.0197,0.0086
314.45,72.980,0.1668,0.2060,0.1473,-0.0091,0.0040,-0.0196,0.0087,2.3593,-9.577,1.189,0.1690,3.40512,1.53745,0.00209788,0.1668,0.2060,-10.860,0.154,2.3538,-0.0196,0.0087
314.55,73.000,0.1668,0.2060,0.1481,-0.0092,0.0041,-0.0196,0.0087,2.3624,-9.580,1.191,0.1690,3.4671,1.57657,0.00237469,0.1666,0.2077,-10.858,0.163,2.3582,-0.0196,0.0088
314.65,73.040,0.1666,0.2077,0.1479,-0.0092,0.0041,-0.0196,0.0088,2.3661,-9.583,1.194,0.1691,1.71989,0.920244,0.00237468,0.1666,0.2077,-10.742,0.218,2.3641,-0.0196,0.0088
314.75,73.060,0.1666,0.2077,0.1476,-0.0093,0.0042,-0.0195,0.0089,2.3698,-9.586,1.197,0.1693,1.75058,0.941359,0.00209788,0.1666,0.2077,-10.740,0.228,2.3686,-0.0196,0.0089
314.85,73.080,0.1666,0.2077,0.1473,-0.0093,0.0043,-0.0195,0.0090,2.3736,-9.589,1.200,0.1695,1.75058,0.941359,0.00209788,0.1666,0.2077,-10.740,0.228,2.3686,-0.0195,0.0090
314.95,73.100,0.1666,0.2077,0.1523,-0.6412,0.2408,-0.0195,0.0090,2.3772,-9.592,1.202,0.1596,1.78179,0.9632,0.00237468,0.1546,0.3000,-10.738,0.237,2.3730,-0.0195,0.0090
315.05,73.140,0.1546,0.2432,0.1680,-0.0099,0.0046,-0.0194,0.0091,2.3806,-9.595,1.205,0.1597,1.82421,0.993478,0.00237468,0.1546,0.3000,-10.735,0.250,2.3791,-0.0195,0.0091
315.15,73.160,0.1546,0.2632,0.1887,-0.0112,0.0053,-0.0194,0.0092,2.3846,-9.598,1.207,0.1598,1.82421,0.993478,0.00237468,0.1546,0.3000,-10.735,0.250,2.3791,-0.0194,0.0092
315.25,73.180,0.1546,0.2832,0.2024,-0.0121,0.0058,-0.0194,0.0093,2.3892,-9.600,1.209,0.1600,1.85661,1.01709,0.00209788,0.1546,0.3000,-10.732,0.259,2.3844,-0.0194,0.0093
315.35,73.200,0.1546,0.2998,0.2106,-0.0128,0.0061,-0.0193,0.0094,2.3940,-9.603,1.211,0.1596,1.88951,1.04151,0.00237469,0.1540,0.3000,-10.730,0.269,2.3903,-0.0193,0.0093
315.45,73.220,0.1540,0.3000,0.2099,-0.0128,0.0062,-0.0193,0.0095,2.3992,-9.606,1.214,0.1597,1.88951,1.04151,0.00237469,0.1540,0.3000,-10.730,0.269,2.3903,-0.0193,0.0095
315.55,73.240,0.1540,0.3000,0.2095,-0.0128,0.0063,-0.0192,0.0096,2.4047,-9.610,1.217,0.1599,1.93409,1.0754,0.00237469,0.1540,0.3000,-10.726,0.281,2.3988,-0.0192,0.0095
315.65,73.280,0.1540,0.3000,0.2096,-0.0102,0.0051,-0.0192,0.0097,2.4099,-9.613,1.219,0.1602,1.96806,1.10185,0.00209788,0.1540,0.3000,-10.724,0.291,2.4052,-0.0192,0.0097
315.75,73.300,0.1540,0.3000,0.2094,-0.0073,0.0036,-0.0191,0.0098,2.4152,-9.616,1.221,0.1606,2.00248,1.12921,0.00237469,0.1542,0.3000,-10.721,0.300,2.4115,-0.0191,0.0097
315.85,73.320,0.1542,0.3000,0.2107,0.0574,-0.0297,-0.0191,0.0099,2.4202,-9.619,1.224,0.1615,2.00248,1.12921,0.00237469,0.1542,0.3000,-10.721,0.300,2.4115,-0.0191,0.0099
315.95,73.340,0.1542,0.3000,0.2276,-0.0158,0.0082,-0.0190,0.0100,2.4260,-9.622,1.226,0.1657,2.04907,1.16715,0.00237469,0.1542,0.3000,-10.718,0.313,2.4199,-0.0190,0.0099
316.05,73.380,0.1542,0.3000,0.2267,-0.0159,0.0084,-0.0190,0.0101,2.4315,-9.626,1.229,0.1658,2.08453,1.19674,0.00209788,0.1542,0.3000,-10.716,0.323,2.4266,-0.0190,0.0101
316.15,73.400,0.1542,0.3000,0.2261,-0.0159,0.0085,-0.0189,0.0102,2.4367,-9.629,1.231,0.1661,2.12041,1.22733,0.00237469,0.1545,0.3000,-10.714,0.333,2.4334,-0.0189,0.0102
316.25,73.420,0.1545,0.3000,0.2252,-0.0160,0.0086,-0.0188,0.0103,2.4426,-9.632,1.234,0.1661,2.12041,1.22733,0.00237469,0.1545,0.3000,-10.714,0.333,2.4334,-0.0188,0.0103
316.35,73.440,0.1545,0.3000,0.2246,-0.0160,0.0088,-0.0188,0.0104,2.4486,-9.636,1.237,0.1662,2.1689,1.26973,0.00237469,0.1545,0.3000,-10.710,0.346,2.4424,-0.0188,0.0104
316.45,73.480,0.1545,0.3000,0.2237,-0.0161,0.0089,-0.0187,0.0105,2.4540,-9.639,1.239,0.1663,2.20574,1.30278,0.00209788,0.1545,0.3000,-10.708,0.356,2.4492,-0.0187,0.0105
316.55,73.500,0.1545,0.3000,0.2231,-0.0161,0.0090,-0.0187,0.0106,2.4589,-9.642,1.241,0.1666,2.24299,1.33693,0.00237469,0.1549,0.3000,-10.706,0.366,2.4559,-0.0187,0.0106
316.65,73.520,0.1549,0.3000,0.2225,-0.0162,0.0092,-0.0186,0.0107,2.4640,-9.645,1.243,0.1667,2.24299,1.33693,0.00237469,0.1549,0.3000,-10.706,0.366,2.4559,-0.0186,0.0107
316.75,73.540,0.1549,0.3000,0.2219,-0.0162,0.0093,-0.0186,0.0108,2.4689,-9.648,1.245,0.1668,2.29328,1.38423,0.00237469,0.1549,0.3000,-10.703,0.379,2.4648,-0.0186,0.0107
316.85,73.560,0.1549,0.3000,0.2210,-0.0163,0.0095,-0.0185,0.0109,2.4745,-9.651,1.248,0.1669,2.33145,1.42105,0.00209788,0.1549,0.3000,-10.701,0.389,2.4715,-0.0185,0.0109
316.95,73.580,0.1549,0.3000,0.2204,-0.0163,0.0096,-0.0184,0.0110,2.4797,-9.655,1.250,0.1670,2.33145,1.42105,0.00209788,0.1549,0.3000,-10.701,0.389,2.4715,-0.0185,0.0110
317.05,73.620,0.1551,0.3000,0.2196,-0.0164,0.0098,-0.0184,0.0111,2.4850,-9.658,1.252,0.1672,2.37001,1.45907,0.00237469,0.1551,0.3000,-10.699,0.399,2.4781,-0.0184,0.0111
317.15,73.640,0.1551,0.3000,0.2190,-0.0164,0.0099,-0.0183,0.0112,2.4905,-9.661,1.255,0.1673,2.42201,1.51168,0.00237469,0.1551,0.3000,-10.696,0.413,2.4869,-0.0183,0.0112
317.25,73.660,0.1551,0.3000,0.2181,-0.0164,0.0100,-0.0183,0.0113,2.4957,-9.665,1.257,0.1674,2.46145,1.55261,0.00209788,0.1551,0.3000,-10.694,0.423,2.4935,-0.0183,0.0113
317.35,73.680,0.1551,0.3000,0.2175,-0.0164,0.0102,-0.0182,0.0114,2.5010,-9.668,1.259,0.1675,2.46145,1.55261,0.00209788,0.1551,0.3000,-10.694,0.423,2.4935,-0.0182,0.0114
317.45,73.720,0.1553,0.3000,0.2167,-0.0165,0.0103,-0.0181,0.0115,2.5064,-9.671,1.262,0.1677,2.50126,1.59483,0.00237469,0.1553,0.3000,-10.692,0.434,2.5000,-0.0181,0.0115
317.55,73.740,0.1553,0.3000,0.2161,-0.0165,0.0105,-0.0181,0.0116,2.5116,-9.675,1.264,0.1678,2.5549,1.6532,0.00237469,0.1553,0.3000,-10.690,0.448,2.5087,-0.0181,0.0115
317.65,73.760,0.1553,0.3000,0.2155,-0.0165,0.0106,-0.0180,0.0117,2.5170,-9.678,1.266,0.1679,2.59554,1.69857,0.00209788,0.1553,0.3000,-10.688,0.458,2.5152,-0.0180,0.0116
317.75,73.780,0.1553,0.3000,0.2146,-0.0165,0.0107,-0.0180,0.0118,2.5223,-9.682,1.268,0.1680,2.59554,1.69857,0.00209788,0.1553,0.3000,-10.688,0.458,2.5152,-0.0180,0.0117
317.85,73.800,0.1553,0.3000,0.2141,-0.0165,0.0108,-0.0179,0.0118,2.5270,-9.685,1.270,0.1681,2.63653,1.74534,0.00237469,0.1553,0.3000,-10.686,0.469,2.5216,-0.0179,0.0118
317.95,73.820,0.1553,0.3000,0.2135,-0.0165,0.0110,-0.0178,0.0119,2.5317,-9.688,1.272,0.1683,2.6917,1.80994,0.00237469,0.1553,0.3000,-10.684,0.483,2.5302,-0.0179,0.0119
318.05,73.860,0.1553,0.3000,0.2126,-0.0165,0.0111,-0.0178,0.0120,2.5364,-9.691,1.274,0.1684,2.6917,1.80994,0.00237469,0.1553,0.3000,-10.684,0.483,2.5302,-0.0178,0.0120
318.15,73.880,0.1553,0.3000,0.2121,-0.0165,0.0112,-0.0177,0.0121,2.5413,-9.695,1.276,0.1685,2.73346,1.8601,0.00209788,0.1553,0.3000,-10.682,0.493,2.5366,-0.0177,0.0121
318.25,73.900,0.1553,0.3000,0.2115,-0.0165,0.0113,-0.0177,0.0122,2.5464,-9.698,1.278,0.1685,2.77555,1.91178,0.00237469,0.1551,0.3000,-10.680,0.504,2.5430,-0.0177,0.0122
318.35,73.920,0.1551,0.3000,0.2107,-0.0165,0.0115,-0.0176,0.0123,2.5515,-9.702,1.280,0.1686,2.77555,1.91178,0.00237469,0.1551,0.3000,-10.680,0.504,2.5430,-0.0176,0.0123
318.45,73.940,0.1551,0.3000,0.2101,-0.0289,-0.0060,-0.0175,0.0124,2.5569,-9.705,1.283,0.1686,2.83215,1.9831,0.00237469,0.1551,0.3000,-10.678,0.518,2.5514,-0.0176,0.0123
318.55,73.980,0.1551,0.3000,0.2093,-0.0292,-0.0060,-0.0175,0.0125,2.5622,-9.709,1.285,0.1684,2.87496,2.03843,0.00209788,0.1551,0.3000,-10.676,0.529,2.5577,-0.0175,0.0125
318.65,74.000,0.1551,0.3000,0.2087,-0.0293,-0.0060,-0.0174,0.0125,2.5670,-9.712,1.287,0.1680,2.91806,2.0954,0.00237469,0.1548,0.3000,-10.675,0.540,2.5640,-0.0174,0.0125
318.75,74.020,0.1548,0.3000,0.2079,-0.0296,-0.0060,-0.0173,0.0126,2.5724,-9.716,1.289,0.1678,2.91806,2.0954,0.00237469,0.1548,0.3000,-10.675,0.540,2.5640,-0.0174,0.0126
318.85,74.040,0.1548,0.3000,0.2073,-0.0297,-0.0060,-0.0173,0.0127,2.5780,-9.720,1.291,0.1675,1.48789,1.15723,0.00237468,0.1548,0.3000,-10.644,0.571,2.5723,-0.0173,0.0127
318.95,74.080,0.1548,0.3000,0.2065,-0.0300,-0.0059,-0.0172,0.0128,2.5836,-9.724,1.293,0.1673,1.50883,1.18819,0.00209788,0.1548,0.3000,-10.643,0.583,2.5786,-0.0172,0.0128
319.05,74.100,0.1548,0.3000,0.2059,-0.0301,-0.0059,-0.0171,0.0129,2.5885,-9.728,1.295,0.1636,1.52997,1.22017,0.00237468,0.1513,0.3000,-10.641,0.594,2.5848,-0.0172,0.0129
319.15,74.120,0.1513,0.3000,0.2051,-0.0304,-0.0066,-0.0171,0.0130,2.5932,-9.731,1.297,0.1634,1.52997,1.22017,0.00237468,0.1513,0.3000,-10.641,0.594,2.5848,-0.0171,0.0130
319.25,74.140,0.1513,0.3000,0.2045,-0.0305,-0.0066,-0.0170,0.0131,2.5973,-9.734,1.299,0.1632,1.55846,1.26444,0.00237468,0.1513,0.3000,-10.639,0.609,2.5930,-0.0170,0.0131
319.35,74.160,0.1513,0.3000,0.2040,-0.0307,-0.0065,-0.0170,0.0131,2.6018,-9.737,1.300,0.1630,1.58005,1.29891,0.00209788,0.1513,0.3000,-10.637,0.620,2.5991,-0.0170,0.0131
319.45,74.180,0.1513,0.3000,0.2034,-0.0309,-0.0065,-0.0169,0.0132,2.6065,-9.740,1.302,0.1628,1.58005,1.29891,0.00209788,0.1513,0.3000,-10.637,0.620,2.5991,-0.0169,0.0132
319.55,74.220,0.1506,0.3000,0.2026,-0.0311,-0.0066,-0.0168,0.0133,2.6114,-9.744,1.304,0.1620,1.60182,1.33449,0.00237469,0.1506,0.3000,-10.636,0.632,2.6052,-0.0168,0.0133
319.65,74.240,0.1506,0.3000,0.2021,-0.0312,-0.0065,-0.0168,0.0134,2.6168,-9.747,1.306,0.1617,1.63112,1.3837,0.00237469,0.1506,0.3000,-10.634,0.647,2.6134,-0.0168,0.0134
319.75,74.260,0.1506,0.3000,0.2012,-0.0315,-0.0065,-0.0167,0.0135,2.6219,-9.751,1.308,0.1615,1.6533,1.42196,0.00209788,0.1506,0.3000,-10.632,0.659,2.6194,-0.0167,0.0135
319.85,74.280,0.1506,0.3000,0.2007,-0.0316,-0.0064,-0.0166,0.0136,2.6271,-9.755,1.310,0.1613,1.6533,1.42196,0.00209788,0.1506,0.3000,-10.632,0.659,2.6194,-0.0167,0.0135
319.95,74.320,0.1498,0.3000,0.1999,-0.0318,-0.0065,-0.0166,0.0137,2.6321,-9.758,1.312,0.1603,1.67565,1.46142,0.00237469,0.1498,0.3000,-10.631,0.670,2.6254,-0.0166,0.0136
320.05,74.340,0.1498,0.3000,0.1991,-0.0321,-0.0065,-0.0165,0.0137,2.6375,-9.762,1.314,0.1600,1.7057,1.51595,0.00237469,0.1498,0.3000,-10.629,0.686,2.6335,-0.0165,0.0137
320.15,74.360,0.1498,0.3000,0.1985,-0.0322,-0.0064,-0.0164,0.0138,2.6422,-9.766,1.315,0.1598,1.72842,1.55832,0.00209788,0.1498,0.3000,-10.627,0.698,2.6394,-0.0164,0.0138
320.25,74.400,0.1498,0.3000,0.1977,-0.0324,-0.0064,-0.0164,0.0139,2.6472,-9.769,1.317,0.1596,1.7513,1.60197,0.00237469,0.1489,0.3000,-10.626,0.709,2.6454,-0.0164,0.0139
320.35,74.420,0.1489,0.3000,0.1969,-0.0330,-0.0066,-0.0163,0.0140,2.6519,-9.773,1.319,0.1583,1.7513,1.60197,0.00237469,0.1489,0.3000,-10.626,0.709,2.6454,-0.0163,0.0140
320.45,74.440,0.1489,0.3000,0.1964,-0.0333,-0.0065,-0.0162,0.0141,2.6562,-9.776,1.320,0.1581,1.78203,1.66223,0.00237469,0.1489,0.3000,-10.624,0.725,2.6533,-0.0162,0.0140
320.55,74.460,0.1489,0.3000,0.1958,-0.0337,-0.0065,-0.0162,0.0141,2.6605,-9.779,1.322,0.1579,1.80523,1.709,0.00209788,0.1489,0.3000,-10.623,0.737,2.6592,-0.0162,0.0141
320.65,74.480,0.1489,0.3000,0.1949,-0.0345,-0.0065,-0.0161,0.0142,2.6648,-9.782,1.323,0.1576,1.80523,1.709,0.00209788,0.1489,0.3000,-10.623,0.737,2.6592,-0.0161,0.0142
320.75,74.500,0.1489,0.3000,0.1943,-0.0355,-0.0067,-0.0160,0.0143,2.6689,-9.785,1.325,0.1563,1.82857,1.75716,0.00237469,0.1478,0.3000,-10.622,0.749,2.6650,-0.0161,0.0143
320.85,74.520,0.1478,0.3000,0.1939,-0.0365,-0.0067,-0.0160,0.0143,2.6722,-9.787,1.326,0.1561,1.82857,1.75716,0.00237469,0.1478,0.3000,-10.622,0.749,2.6650,-0.0160,0.0143
320.95,74.540,0.1478,0.3000,0.1931,-0.0403,-0.0068,-0.0159,0.0144,2.6759,-9.790,1.327,0.1558,1.8599,1.82358,0.00237469,0.1478,0.3000,-10.620,0.765,2.6728,-0.0160,0.0143
321.05,74.560,0.1478,0.3000,0.1911,-0.0598,-0.1065,-0.0159,0.0144,2.6801,-9.793,1.329,0.1515,1.88353,1.87509,0.00209788,0.1478,0.3000,-10.619,0.777,2.6786,-0.0159,0.0144
321.15,74.580,0.1478,0.3000,0.1778,-0.0315,-0.0081,-0.0158,0.0145,2.6843,-9.796,1.330,0.1498,1.88353,1.87509,0.00209788,0.1478,0.3000,-10.619,0.777,2.6786,-0.0158,0.0145
321.25,74.600,0.1478,0.3000,0.1774,-0.0316,-0.0083,-0.0158,0.0146,2.6888,-9.800,1.332,0.1484,1.90728,1.92808,0.00237469,0.1466,0.3000,-10.618,0.789,2.6841,-0.0158,0.0146
321.35,74.640,0.1466,0.3000,0.1767,-0.0318,-0.0082,-0.0157,0.0146,2.6936,-9.803,1.334,0.1481,1.93915,2.00108,0.00237469,0.1466,0.3000,-10.617,0.805,2.6912,-0.0157,0.0146
321.45,74.660,0.1466,0.3000,0.1763,-0.0319,-0.0082,-0.0156,0.0147,2.6974,-9.806,1.335,0.1480,1.9632,2.05763,0.00209788,0.1466,0.3000,-10.616,0.818,2.6965,-0.0157,0.0147
321.55,74.680,0.1466,0.3000,0.1759,-0.0320,-0.0081,-0.0156,0.0148,2.7010,-9.809,1.336,0.1478,1.9632,2.05763,0.00209788,0.1466,0.3000,-10.616,0.818,2.6965,-0.0156,0.0147
321.65,74.700,0.1466,0.3000,0.1755,-0.0322,-0.0081,-0.0155,0.0148,2.7045,-9.811,1.338,0.1446,1.98736,2.11576,0.00237469,0.1435,0.3000,-10.615,0.830,2.7017,-0.0156,0.0148
321.75,74.720,0.1435,0.3000,0.1749,-0.0323,-0.0085,-0.0155,0.0149,2.7087,-9.815,1.339,0.1444,1.98736,2.11576,0.00237469,0.1435,0.3000,-10.615,0.830,2.7017,-0.0155,0.0149
321.85,74.740,0.1435,0.3000,0.1744,-0.0324,-0.0085,-0.0154,0.0149,2.7129,-9.818,1.340,0.1442,2.01975,2.19577,0.00237469,0.1435,0.3000,-10.614,0.846,2.7087,-0.0154,0.0149
321.95,74.760,0.1435,0.3000,0.1740,-0.0326,-0.0084,-0.0154,0.0150,2.7163,-9.820,1.342,0.1440,2.04417,2.2577,0.00209788,0.1435,0.3000,-10.613,0.859,2.7140,-0.0154,0.0150
322.05,74.780,0.1435,0.3000,0.1736,-0.0327,-0.0084,-0.0153,0.0151,2.7198,-9.823,1.343,0.1438,2.04417,2.2577,0.00209788,0.1435,0.3000,-10.613,0.859,2.7140,-0.0153,0.0150
322.15,74.800,0.1435,0.3000,0.1732,-0.0328,-0.0086,-0.0152,0.0151,2.7236,-9.826,1.344,0.1419,2.06868,2.32131,0.00237469,0.1418,0.3000,-10.612,0.871,2.7192,-0.0153,0.0151
322.25,74.820,0.1418,0.3000,0.1728,-0.0329,-0.0085,-0.0152,0.0152,2.7274,-9.829,1.345,0.1418,2.10151,2.4088,0.00237469,0.1418,0.3000,-10.611,0.888,2.7261,-0.0152,0.0151
322.35,74.840,0.1418,0.3000,0.1726,-0.0163,-0.0084,-0.0151,0.0152,2.7307,-9.831,1.346,0.1418,2.10151,2.4088,0.00237469,0.1418,0.3000,-10.611,0.888,2.7261,-0.0152,0.0152
322.45,74.860,0.1418,0.3000,0.1731,-0.0164,-0.0083,-0.0151,0.0153,2.7343,-9.834,1.348,0.1420,2.12623,2.47647,0.00209788,0.1418,0.3000,-10.610,0.900,2.7313,-0.0151,0.0153
322.55,74.900,0.1418,0.3000,0.1737,-0.0166,-0.0081,-0.0150,0.0153,2.7385,-9.837,1.349,0.1405,2.15103,2.54593,0.00237469,0.1400,0.3000,-10.609,0.913,2.7365,-0.0150,0.0153
322.65,74.920,0.1400,0.3000,0.1741,-0.0167,-0.0083,-0.0150,0.0154,2.7423,-9.840,1.350,0.1406,2.15103,2.54593,0.00237469,0.1400,0.3000,-10.609,0.913,2.7365,-0.0150,0.0154
322.75,74.940,0.1400,0.3000,0.1745,-0.0168,-0.0082,-0.0149,0.0155,2.7460,-9.843,1.351,0.1407,2.18421,2.6414,0.00237469,0.1400,0.3000,-10.608,0.929,2.7434,-0.0149,0.0154
322.85,74.960,0.1400,0.3000,0.1749,-0.0169,-0.0081,-0.0149,0.0155,2.7495,-9.845,1.352,0.1409,2.18421,2.6414,0.00237469,0.1400,0.3000,-10.608,0.929,2.7434,-0.0149,0.0155
322.95,74.980,0.1400,0.3000,0.1754,-0.0171,-0.0080,-0.0148,0.0156,2.7528,-9.848,1.353,0.1411,2.20916,2.71518,0.00209788,0.1400,0.3000,-10.607,0.942,2.7487,-0.0148,0.0155
323.05,75.000,0.1400,0.3000,0.1758,-0.0172,-0.0078,-0.0147,0.0156,2.7565,-9.850,1.355,0.1393,2.23416,2.79087,0.00237469,0.1381,0.3000,-10.607,0.955,2.7539,-0.0148,0.0156
323.15,75.020,0.1381,0.3000,0.1764,-0.0173,-0.0080,-0.0147,0.0157,2.7611,-9.854,1.356,0.1395,2.23416,2.79087,0.00237469,0.1381,0.3000,-10.607,0.955,2.7539,-0.0147,0.0157
323.25,75.040,0.1381,0.3000,0.1768,-0.0175,-0.0079,-0.0146,0.0157,2.7648,-9.857,1.357,0.1397,1.20245,1.46962,0.00237468,0.1381,0.3000,-10.603,0.962,2.7609,-0.0146,0.0157
323.35,75.060,0.1381,0.3000,0.1772,-0.0176,-0.0077,-0.0145,0.0158,2.7687,-9.859,1.358,0.1399,1.21445,1.51031,0.00209788,0.1381,0.3000,-10.603,0.974,2.7663,-0.0146,0.0158
323.45,75.080,0.1381,0.3000,0.1777,-0.0177,-0.0076,-0.0145,0.0158,2.7728,-9.862,1.359,0.1401,1.21445,1.51031,0.00209788,0.1381,0.3000,-10.603,0.974,2.7663,-0.0145,0.0158
323.55,75.120,0.1374,0.3000,0.1783,-0.0179,-0.0076,-0.0144,0.0159,2.7767,-9.865,1.361,0.1395,1.22649,1.55219,0.00237468,0.1374,0.3000,-10.602,0.987,2.7716,-0.0144,0.0159
323.65,75.140,0.1374,0.3000,0.1787,-0.0180,-0.0074,-0.0144,0.0160,2.7810,-9.868,1.362,0.1397,1.24261,1.60994,0.00237468,0.1374,0.3000,-10.602,1.004,2.7787,-0.0144,0.0160
323.75,75.160,0.1374,0.3000,0.1791,-0.0181,-0.0073,-0.0143,0.0160,2.7855,-9.872,1.363,0.1399,1.25473,1.65471,0.00209788,0.1374,0.3000,-10.601,1.017,2.7841,-0.0143,0.0160
323.85,75.180,0.1374,0.3000,0.1798,-0.0183,-0.0071,-0.0142,0.0161,2.7901,-9.875,1.364,0.1401,1.25473,1.65471,0.00209788,0.1374,0.3000,-10.601,1.017,2.7841,-0.0142,0.0161
323.95,75.200,0.1374,0.3000,0.1802,-0.0184,-0.0073,-0.0141,0.0162,2.7945,-9.878,1.366,0.1384,1.26689,1.70076,0.00237469,0.1355,0.3000,-10.601,1.030,2.7894,-0.0142,0.0161
324.05,75.240,0.1355,0.3000,0.1808,-0.0186,-0.0071,-0.0141,0.0162,2.7993,-9.882,1.367,0.1386,1.28313,1.7642,0.00237469,0.1355,0.3000,-10.600,1.047,2.7966,-0.0141,0.0162
324.15,75.260,0.1355,0.3000,0.1814,-0.0187,-0.0070,-0.0140,0.0163,2.8040,-9.885,1.368,0.1388,1.29533,1.81335,0.00209788,0.1355,0.3000,-10.600,1.060,2.8021,-0.0140,0.0163
324.25,75.280,0.1355,0.3000,0.1819,-0.0189,-0.0068,-0.0139,0.0164,2.8090,-9.888,1.370,0.1389,1.29533,1.81335,0.00209788,0.1355,0.3000,-10.600,1.060,2.8021,-0.0139,0.0163
324.35,75.320,0.1336,0.3000,0.1825,-0.0190,-0.0070,-0.0138,0.0164,2.8135,-9.892,1.371,0.1372,1.30754,1.86387,0.00237469,0.1336,0.3000,-10.600,1.073,2.8075,-0.0138,0.0164
324.45,75.340,0.1336,0.3000,0.1829,-0.0192,-0.0068,-0.0138,0.0165,2.8183,-9.895,1.372,0.1374,1.32383,1.93341,0.00237469,0.1336,0.3000,-10.599,1.090,2.8148,-0.0138,0.0165
324.55,75.360,0.1336,0.3000,0.1835,-0.0194,-0.0066,-0.0137,0.0165,2.8227,-9.898,1.373,0.1376,1.33605,1.98724,0.00209788,0.1336,0.3000,-10.599,1.104,2.8203,-0.0137,0.0165
324.65,75.380,0.1336,0.3000,0.1840,-0.0195,-0.0065,-0.0136,0.0166,2.8271,-9.901,1.374,0.1377,1.33605,1.98724,0.00209788,0.1336,0.3000,-10.599,1.104,2.8203,-0.0136,0.0166
324.75,75.420,0.1316,0.3000,0.1846,-0.0197,-0.0066,-0.0135,0.0167,2.8315,-9.904,1.375,0.1359,1.34825,2.04253,0.00237469,0.1316,0.3000,-10.599,1.117,2.8258,-0.0135,0.0167
324.85,75.440,0.1316,0.3000,0.1850,-0.0198,-0.0065,-0.0135,0.0167,2.8359,-9.907,1.377,0.1361,1.36451,2.11858,0.00237469,0.1316,0.3000,-10.599,1.134,2.8332,-0.0135,0.0167
324.95,75.460,0.1316,0.3000,0.1855,-0.0199,-0.0064,-0.0134,0.0168,2.8402,-9.910,1.378,0.1363,1.37667,2.17741,0.00209788,0.1316,0.3000,-10.599,1.148,2.8387,-0.0134,0.0168
325.05,75.480,0.1316,0.3000,0.1861,-0.0201,-0.0061,-0.0133,0.0168,2.8447,-9.913,1.379,0.1364,1.37667,2.17741,0.00209788,0.1316,0.3000,-10.599,1.148,2.8387,-0.0133,0.0168
325.15,75.500,0.1316,0.3000,0.1865,-0.0202,-0.0064,-0.0132,0.0169,2.8493,-9.916,1.380,0.1346,1.38881,2.2378,0.00237469,0.1297,0.3000,-10.599,1.161,2.8443,-0.0133,0.0169
325.25,75.540,0.1297,0.3000,0.1872,-0.0204,-0.0061,-0.0131,0.0170,2.8542,-9.920,1.381,0.1348,1.40494,2.3208,0.00237469,0.1297,0.3000,-10.599,1.179,2.8518,-0.0132,0.0170
325.35,75.560,0.1297,0.3000,0.1878,-0.0206,-0.0059,-0.0131,0.0170,2.8591,-9.923,1.382,0.1350,1.41698,2.38495,0.00209788,0.1297,0.3000,-10.599,1.192,2.8574,-0.0131,0.0170
325.45,75.580,0.1297,0.3000,0.1882,-0.0208,-0.0057,-0.0130,0.0171,2.8640,-9.926,1.383,0.1351,1.41698,2.38495,0.00209788,0.1297,0.3000,-10.599,1.192,2.8574,-0.0130,0.0171
325.55,75.620,0.1363,0.3000,0.1889,-0.0155,-0.0116,-0.0129,0.0172,2.8685,-9.930,1.384,0.1392,1.42898,2.45076,0.00237469,0.1363,0.3000,-10.599,1.206,2.8630,-0.0129,0.0172
325.65,75.640,0.1363,0.3000,0.1893,-0.0155,-0.0115,-0.0128,0.0172,2.8736,-9.933,1.385,0.1395,1.44488,2.54115,0.00237469,0.1363,0.3000,-10.599,1.224,2.8706,-0.0128,0.0172
325.75,75.660,0.1363,0.3000,0.1899,-0.0156,-0.0115,-0.0127,0.0173,2.8780,-9.936,1.386,0.1398,1.45674,2.61097,0.00209788,0.1363,0.3000,-10.600,1.238,2.8763,-0.0127,0.0173
325.85,75.680,0.1363,0.3000,0.1904,-0.0157,-0.0114,-0.0127,0.0173,2.8825,-9.939,1.387,0.1401,1.45674,2.61097,0.00209788,0.1363,0.3000,-10.600,1.238,2.8763,-0.0127,0.0173
325.95,75.700,0.1363,0.3000,0.1908,-0.0158,-0.0114,-0.0126,0.0174,2.8863,-9.942,1.388,0.1402,1.46852,2.68255,0.00237469,0.1362,0.3000,-10.600,1.251,2.8819,-0.0126,0.0174
326.05,75.720,0.1362,0.3000,0.1912,-0.0159,-0.0114,-0.0125,0.0174,2.8902,-9.945,1.389,0.1405,1.4841,2.7808,0.00237469,0.1362,0.3000,-10.601,1.270,2.8896,-0.0125,0.0174
326.15,75.740,0.1362,0.3000,0.1917,-0.0160,-0.0114,-0.0125,0.0175,2.8948,-9.948,1.390,0.1408,1.4841,2.7808,0.00237469,0.1362,0.3000,-10.601,1.270,2.8896,-0.0125,0.0175
326.25,75.780,0.1362,0.3000,0.1923,-0.0161,-0.0113,-0.0124,0.0175,2.8992,-9.951,1.391,0.1410,1.49568,2.85663,0.00209788,0.1362,0.3000,-10.602,1.283,2.8953,-0.0124,0.0175
326.35,75.800,0.1362,0.3000,0.1927,-0.0162,-0.0113,-0.0123,0.0176,2.9030,-9.954,1.392,0.1412,1.50717,2.93434,0.00237469,0.1360,0.3000,-10.603,1.297,2.9011,-0.0123,0.0176
326.45,75.820,0.1360,0.3000,0.1932,-0.0163,-0.0113,-0.0122,0.0176,2.9079,-9.957,1.393,0.1415,1.50717,2.93434,0.00237469,0.1360,0.3000,-10.603,1.297,2.9011,-0.0122,0.0176
326.55,75.840,0.1360,0.3000,0.1938,-0.0164,-0.0112,-0.0121,0.0177,2.9129,-9.961,1.394,0.1418,1.52232,3.04091,0.00237469,0.1360,0.3000,-10.604,1.316,2.9088,-0.0121,0.0177
326.65,75.860,0.1360,0.3000,0.1943,-0.0165,-0.0112,-0.0120,0.0178,2.9179,-9.964,1.395,0.1418,1.53355,3.12312,0.00209788,0.1360,0.3000,-10.605,1.330,2.9146,-0.0121,0.0178
326.75,75.900,0.1360,0.3000,0.1982,-0.0251,-0.0168,-0.0119,0.0178,2.9231,-9.968,1.396,0.1418,1.54466,3.20731,0.00237469,0.1358,0.3000,-10.606,1.344,2.9205,-0.0120,0.0178
326.85,75.920,0.1358,0.3000,0.2023,-0.0610,-0.0404,-0.0119,0.0179,2.9283,-9.971,1.397,0.1416,1.54466,3.20731,0.00237469,0.1358,0.3000,-10.606,1.344,2.9205,-0.0119,0.0179
326.95,75.940,0.1358,0.3000,0.1689,-0.4103,0.3854,-0.0118,0.0180,2.9332,-9.975,1.398,0.1315,1.55927,3.32271,0.00237469,0.1358,0.3000,-10.607,1.362,2.9284,-0.0118,0.0179
327.05,75.980,0.1358,0.3000,0.1661,-0.0081,0.0173,-0.0117,0.0180,2.9375,-9.978,1.399,0.1327,1.57006,3.41166,0.00209788,0.1358,0.3000,-10.608,1.376,2.9340,-0.0117,0.0180
327.15,76.000,0.1358,0.3000,0.1655,-0.0067,0.0182,-0.0116,0.0181,2.9416,-9.982,1.399,0.1331,1.58073,3.50269,0.00237469,0.1356,0.3000,-10.609,1.391,2.9389,-0.0116,0.0180
327.25,76.020,0.1356,0.3000,0.1646,-0.0057,0.0187,-0.0115,0.0181,2.9461,-9.985,1.400,0.1338,0.934571,1.77663,0.00237468,0.1356,0.3000,-10.604,1.414,2.9455,-0.0116,0.0181
327.35,76.060,0.1356,0.3000,0.1636,-0.0058,0.0186,-0.0115,0.0182,2.9503,-9.989,1.401,0.1344,0.934571,1.77663,0.00237468,0.1356,0.3000,-10.604,1.414,2.9455,-0.0115,0.0182
327.45,76.080,0.1356,0.3000,0.1630,-0.0061,0.0183,-0.0114,0.0182,2.9546,-9.992,1.401,0.1350,0.939798,1.82461,0.00209788,0.1356,0.3000,-10.605,1.428,2.9504,-0.0114,0.0182
327.55,76.100,0.1356,0.3000,0.1624,-0.0065,0.0179,-0.0113,0.0182,2.9580,-9.995,1.402,0.1352,0.944985,1.87386,0.00237468,0.1346,0.3000,-10.607,1.443,2.9553,-0.0113,0.0182
327.65,76.120,0.1346,0.3000,0.1615,-0.0072,0.0173,-0.0113,0.0183,2.9615,-9.998,1.402,0.1357,0.944985,1.87386,0.00237468,0.1346,0.3000,-10.607,1.443,2.9553,-0.0113,0.0183
327.75,76.140,0.1346,0.3000,0.1612,-0.0074,0.0171,-0.0112,0.0183,2.9646,-10.000,1.403,0.1361,0.95183,1.94156,0.00237468,0.1346,0.3000,-10.608,1.462,2.9618,-0.0112,0.0183
327.85,76.160,0.1346,0.3000,0.1602,-0.0081,0.0166,-0.0111,0.0184,2.9681,-10.003,1.403,0.1366,0.956906,1.99388,0.00209788,0.1346,0.3000,-10.610,1.476,2.9666,-0.0111,0.0184
327.95,76.180,0.1346,0.3000,0.1596,-0.0083,0.0165,-0.0111,0.0184,2.9718,-10.006,1.404,0.1371,0.956906,1.99388,0.00209788,0.1346,0.3000,-10.610,1.476,2.9666,-0.0111,0.0184
328.05,76.200,0.1346,0.3000,0.1590,-0.0082,0.0163,-0.0110,0.0184,2.9752,-10.009,1.404,0.1373,0.961935,2.04755,0.00237469,0.1337,0.3000,-10.612,1.491,2.9714,-0.0110,0.0184
328.15,76.240,0.1337,0.3000,0.1581,-0.0082,0.0163,-0.0109,0.0185,2.9793,-10.013,1.405,0.1379,0.968557,2.12128,0.00237469,0.1337,0.3000,-10.614,1.510,2.9778,-0.0109,0.0185
328.25,76.260,0.1337,0.3000,0.2007,0.0014,0.0008,-0.0108,0.0185,2.9841,-10.016,1.405,0.1386,0.973457,2.17821,0.00209788,0.1337,0.3000,-10.615,1.525,2.9828,-0.0109,0.0185
328.35,76.280,0.1337,0.3000,0.2455,-0.0152,-0.0089,-0.0107,0.0186,2.9902,-10.020,1.406,0.1343,0.973457,2.17821,0.00209788,0.1337,0.3000,-10.615,1.525,2.9828,-0.0107,0.0186
328.45,76.300,0.1337,0.3000,0.2462,-0.0155,-0.0090,-0.0106,0.0187,2.9959,-10.023,1.406,0.1340,0.978288,2.23659,0.00237469,0.1328,0.3000,-10.617,1.539,2.9894,-0.0106,0.0186
328.55,76.340,0.1328,0.3000,0.2473,-0.0158,-0.0090,-0.0105,0.0187,3.0023,-10.026,1.407,0.1343,0.984556,2.31675,0.00237469,0.1328,0.3000,-10.620,1.559,2.9992,-0.0105,0.0187
328.65,76.360,0.1328,0.3000,0.2481,-0.0160,-0.0090,-0.0104,0.0188,3.0080,-10.029,1.407,0.1347,0.984556,2.31675,0.00237469,0.1328,0.3000,-10.620,1.559,2.9992,-0.0104,0.0188
328.75,76.380,0.1328,0.3000,0.2493,-0.0165,-0.0092,-0.0103,0.0188,3.0140,-10.032,1.408,0.1349,0.989111,2.37864,0.00209788,0.1328,0.3000,-10.622,1.574,3.0067,-0.0103,0.0188
328.85,76.400,0.1328,0.3000,0.2505,-0.0168,-0.0091,-0.0102,0.0189,3.0200,-10.036,1.408,0.1346,0.993538,2.44207,0.00237469,0.1319,0.3000,-10.624,1.588,3.0143,-0.0102,0.0189
328.95,76.420,0.1319,0.3000,0.2513,-0.0169,-0.0091,-0.0101,0.0190,3.0258,-10.039,1.409,0.1349,0.999228,2.5291,0.00237469,0.1319,0.3000,-10.626,1.608,3.0243,-0.0101,0.0189
329.05,76.440,0.1319,0.3000,0.2521,-0.0170,-0.0091,-0.0099,0.0190,3.0316,-10.042,1.409,0.1352,0.999228,2.5291,0.00237469,0.1319,0.3000,-10.626,1.608,3.0243,-0.0100,0.0190
329.15,76.480,0.1319,0.3000,0.2534,-0.0172,-0.0090,-0.0098,0.0191,3.0372,-10.045,1.410,0.1355,1.00333,2.59625,0.00209788,0.1319,0.3000,-10.629,1.623,3.0319,-0.0098,0.0191
329.25,76.500,0.1319,0.3000,0.2542,-0.0174,-0.0090,-0.0097,0.0191,3.0427,-10.048,1.410,0.1363,1.00729,2.66503,0.00237469,0.1325,0.3000,-10.631,1.638,3.0395,-0.0098,0.0191
331.71,77.100,0.1362,0.3000,0.2817,-0.0222,-0.0071,-0.0065,0.0205,-3.0753,-10.134,1.422,0.1476,0.726149,2.12257,0.00237468,0.1377,0.3000,-10.707,1.931,-3.0835,-0.0065,0.0205
331.81,77.140,0.1377,0.3000,0.2832,-0.0226,-0.0070,-0.0063,0.0205,-3.0688,-10.138,1.422,0.1478,0.727406,2.19493,0.00237468,0.1377,0.3000,-10.714,1.951,-3.0722,-0.0063,0.0205
331.91,77.160,0.1377,0.3000,0.2842,-0.0229,-0.0070,-0.0062,0.0206,-3.0620,-10.141,1.422,0.1481,0.727406,2.19493,0.00237468,0.1377,0.3000,-10.714,1.951,-3.0722,-0.0062,0.0205
332.01,77.180,0.1377,0.3000,0.2856,-0.0234,-0.0069,-0.0060,0.0206,-3.0549,-10.145,1.423,0.1483,0.728262,2.25069,0.00209788,0.1377,0.3000,-10.719,1.966,-3.0637,-0.0060,0.0206
332.11,77.200,0.1377,0.3000,0.2866,-0.0238,-0.0069,-0.0059,0.0206,-3.0477,-10.148,1.423,0.1493,0.72905,2.30774,0.00237469,0.1386,0.3000,-10.725,1.981,-3.0551,-0.0059,0.0206
332.21,77.240,0.1386,0.3000,0.2880,-0.0248,-0.0069,-0.0057,0.0207,-3.0408,-10.152,1.423,0.1495,0.72999,2.38584,0.00237469,0.1386,0.3000,-10.732,2.002,-3.0437,-0.0057,0.0207
332.31,77.260,0.1386,0.3000,0.2888,-0.0260,-0.0071,-0.0056,0.0207,-3.0339,-10.156,1.424,0.1497,0.72999,2.38584,0.00237469,0.1386,0.3000,-10.732,2.002,-3.0437,-0.0056,0.0207
332.41,77.280,0.1386,0.3000,0.2898,-0.0314,-0.0083,-0.0054,0.0208,-3.0264,-10.159,1.424,0.1498,0.730616,2.44596,0.00209788,0.1386,0.3000,-10.738,2.017,-3.0350,-0.0054,0.0208
332.51,77.300,0.1386,0.3000,0.2897,-0.0479,-0.0124,-0.0053,0.0208,-3.0191,-10.163,1.424,0.1504,0.731181,2.50743,0.00237469,0.1395,0.3000,-10.744,2.032,-3.0264,-0.0053,0.0208
332.61,77.340,0.1395,0.3000,0.2607,-0.0320,0.0145,-0.0052,0.0208,-3.0122,-10.167,1.425,0.1434,0.731837,2.59149,0.00237469,0.1395,0.3000,-10.752,2.052,-3.0150,-0.0052,0.0208
332.71,77.360,0.1395,0.3000,0.2614,-0.0322,0.0148,-0.0050,0.0209,-3.0054,-10.171,1.425,0.1433,0.732265,2.65615,0.00209788,0.1395,0.3000,-10.758,2.068,-3.0070,-0.0050,0.0209
332.81,77.380,0.1395,0.3000,0.2626,-0.0323,0.0152,-0.0049,0.0209,-2.9985,-10.174,1.426,0.1432,0.732265,2.65615,0.00209788,0.1395,0.3000,-10.758,2.068,-3.0070,-0.0049,0.0209
332.91,77.400,0.1395,0.3000,0.2634,-0.0274,-0.0063,-0.0047,0.0209,-2.9920,-10.178,1.426,0.1438,0.73265,2.72221,0.00237469,0.1403,0.3000,-10.764,2.083,-2.9992,-0.0048,0.0209
333.01,77.440,0.1403,0.3000,0.2646,-0.0327,0.0163,-0.0046,0.0210,-2.9854,-10.182,1.426,0.1437,0.733099,2.81249,0.00237469,0.1403,0.3000,-10.773,2.103,-2.9887,-0.0046,0.0210
333.11,77.460,0.1403,0.3000,0.2653,-0.0328,0.0166,-0.0045,0.0210,-2.9793,-10.185,1.426,0.1436,0.73339,2.88188,0.00209788,0.1403,0.3000,-10.779,2.118,-2.9808,-0.0045,0.0210
333.21,77.480,0.1403,0.3000,0.2661,-0.0329,0.0169,-0.0043,0.0210,-2.9731,-10.188,1.427,0.1435,0.73339,2.88188,0.00209788,0.1403,0.3000,-10.779,2.118,-2.9808,-0.0044,0.0210
333.31,77.500,0.1403,0.3000,0.2673,-0.0331,0.0176,-0.0042,0.0210,-2.9673,-10.191,1.427,0.1439,0.733655,2.95272,0.00237469,0.1408,0.3000,-10.786,2.133,-2.9728,-0.0042,0.0210
333.41,77.520,0.1408,0.3000,0.2682,-0.0332,0.0179,-0.0041,0.0211,-2.9603,-10.195,1.427,0.1437,0.733964,3.04945,0.00237469,0.1408,0.3000,-10.795,2.154,-2.9621,-0.0041,0.0211
333.51,77.560,0.1408,0.3000,0.2694,-0.0334,0.0184,-0.0039,0.0211,-2.9536,-10.199,1.427,0.1436,0.733964,3.04945,0.00237469,0.1408,0.3000,-10.795,2.154,-2.9621,-0.0039,0.0211
333.61,77.580,0.1408,0.3000,0.2702,-0.0335,0.0188,-0.0038,0.0211,-2.9465,-10.202,1.428,0.1435,0.734172,3.12373,0.00209788,0.1408,0.3000,-10.802,2.169,-2.9541,-0.0038,0.0211
333.71,77.600,0.1408,0.3000,0.2714,-0.0337,0.0195,-0.0036,0.0212,-2.9395,-10.206,1.428,0.1438,0.734371,3.19951,0.00237469,0.1413,0.3000,-10.810,2.184,-2.9460,-0.0036,0.0212
333.81,77.640,0.1413,0.3000,0.2727,-0.0338,0.0200,-0.0035,0.0212,-2.9324,-10.210,1.428,0.1436,0.734624,3.3029,0.00237469,0.1413,0.3000,-10.820,2.204,-2.9351,-0.0035,0.0212
333.91,77.660,0.1413,0.3000,0.2736,-0.0339,0.0204,-0.0033,0.0212,-2.9256,-10.213,1.428,0.1435,0.734624,3.3029,0.00237469,0.1413,0.3000,-10.820,2.204,-2.9351,-0.0034,0.0212
334.01,77.680,0.1413,0.3000,0.2748,-0.0341,0.0209,-0.0032,0.0212,-2.9187,-10.217,1.428,0.1433,0.734815,3.38223,0.00209788,0.1413,0.3000,-10.827,2.219,-2.9269,-0.0032,0.0212
334.11,77.700,0.1413,0.3000,0.2757,-0.0342,0.0214,-0.0030,0.0213,-2.9116,-10.221,1.428,0.1436,0.73502,3.46309,0.00237469,0.1418,0.3000,-10.835,2.235,-2.9187,-0.0031,0.0212
334.21,77.740,0.1418,0.3000,0.2770,-0.0344,0.0220,-0.0029,0.0213,-2.9046,-10.224,1.428,0.1435,0.735322,3.57333,0.00237469,0.1418,0.3000,-10.845,2.255,-2.9077,-0.0029,0.0213
334.31,77.760,0.1418,0.3000,0.2779,-0.0345,0.0224,-0.0027,0.0213,-2.8974,-10.228,1.429,0.1433,0.735581,3.65784,0.00209788,0.1418,0.3000,-10.853,2.270,-2.8993,-0.0028,0.0213
334.41,77.780,0.1418,0.3000,0.2792,-0.0346,0.0230,-0.0026,0.0213,-2.8907,-10.231,1.429,0.1431,0.735581,3.65784,0.00209788,0.1418,0.3000,-10.853,2.270,-2.8993,-0.0026,0.0213
334.51,77.800,0.1418,0.3000,0.2801,-0.0347,0.0235,-0.0025,0.0213,-2.8843,-10.235,1.429,0.1435,0.735883,3.74393,0.00237469,0.1423,0.3000,-10.861,2.285,-2.8910,-0.0025,0.0213
334.61,77.820,0.1423,0.3000,0.2810,-0.0348,0.0239,-0.0023,0.0213,-2.8778,-10.238,1.429,0.1433,0.736363,3.86118,0.00237469,0.1423,0.3000,-10.872,2.305,-2.8798,-0.0024,0.0213
334.71,77.860,0.1423,0.3000,0.2824,-0.0350,0.0245,-0.0022,0.0214,-2.8711,-10.241,1.429,0.1431,0.736363,3.86118,0.00237469,0.1423,0.3000,-10.872,2.305,-2.8798,-0.0022,0.0214
334.81,77.880,0.1423,0.3000,0.2833,-0.0351,0.0249,-0.0020,0.0214,-2.8637,-10.245,1.429,0.1429,0.736795,3.95098,0.00209788,0.1423,0.3000,-10.881,2.320,-2.8713,-0.0021,0.0214
334.91,77.900,0.1423,0.3000,0.2848,-0.0352,0.0257,-0.0019,0.0214,-2.8569,-10.249,1.429,0.1433,0.737306,4.0424,0.00237469,0.1429,0.3000,-10.890,2.335,-2.8628,-0.0019,0.0214
335.01,77.920,0.1429,0.3000,0.2857,-0.0353,0.0262,-0.0017,0.0214,-2.8495,-10.252,1.429,0.1431,0.738124,4.1668,0.00237469,0.1429,0.3000,-10.901,2.355,-2.8515,-0.0018,0.0214
335.11,77.960,0.1429,0.3000,0.2871,-0.0354,0.0268,-0.0016,0.0214,-2.8420,-10.256,1.429,0.1428,0.738124,4.1668,0.00237469,0.1429,0.3000,-10.901,2.355,-2.8515,-0.0016,0.0214
335.21,77.980,0.1429,0.3000,0.2881,-0.0355,0.0272,-0.0014,0.0214,-2.8357,-10.259,1.429,0.1426,0.738855,4.262,0.00209788,0.1429,0.3000,-10.910,2.370,-2.8429,-0.0014,0.0214
335.31,78.000,0.1429,0.3000,0.2891,-0.0356,0.0277,-0.0013,0.0214,-2.8296,-10.262,1.428,0.1430,0.739709,4.35883,0.00237469,0.1436,0.3000,-10.919,2.385,-2.8342,-0.0013,0.0214
335.41,78.020,0.1436,0.3000,0.2901,-0.0357,0.0283,-0.0011,0.0214,-2.8229,-10.265,1.428,0.1428,0.739709,4.35883,0.00237469,0.1436,0.3000,-10.919,2.385,-2.8342,-0.0012,0.0214
335.51,78.040,0.1436,0.3000,0.2916,-0.0358,0.0289,-0.0010,0.0214,-2.8154,-10.269,1.428,0.1426,0.615905,2.14377,0.00237468,0.1436,0.3000,-10.930,2.398,-2.8226,-0.0010,0.0214
335.61,78.080,0.1436,0.3000,0.2931,-0.0359,0.0296,-0.0008,0.0215,-2.8077,-10.273,1.428,0.1423,0.618256,2.19314,0.00209788,0.1436,0.3000,-10.940,2.412,-2.8139,-0.0008,0.0215
335.71,78.100,0.1436,0.3000,0.2941,-0.0360,0.0301,-0.0006,0.0215,-2.7998,-10.277,1.428,0.1417,0.620749,2.24349,0.00237468,0.1432,0.3000,-10.949,2.427,-2.8051,-0.0007,0.0215
335.81,78.120,0.1432,0.3000,0.2957,-0.0361,0.0307,-0.0005,0.0215,-2.7927,-10.280,1.428,0.1415,0.620749,2.24349,0.00237468,0.1432,0.3000,-10.949,2.427,-2.8051,-0.0005,0.0215
335.91,78.140,0.1432,0.3000,0.2968,-0.0362,0.0311,-0.0003,0.0215,-2.7856,-10.283,1.428,0.1412,0.624307,2.31216,0.00237468,0.1432,0.3000,-10.962,2.446,-2.7933,-0.0004,0.0215
336.01,78.160,0.1432,0.3000,0.2978,-0.0363,0.0316,-0.0002,0.0215,-2.7788,-10.287,1.427,0.1409,0.627165,2.36481,0.00209788,0.1432,0.3000,-10.972,2.461,-2.7844,-0.0003,0.0215
336.11,78.200,0.1432,0.3000,0.2994,-0.0364,0.0323,-0.0000,0.0215,-2.7716,-10.290,1.427,0.1414,0.630204,2.41845,0.00237469,0.1439,0.3000,-10.982,2.476,-2.7755,-0.0001,0.0215
336.21,78.220,0.1439,0.3000,0.2989,-0.0331,0.0484,0.0001,0.0215,-2.7635,-10.294,1.427,0.1410,0.630204,2.41845,0.00237469,0.1439,0.3000,-10.982,2.476,-2.7755,0.0001,0.0215
336.31,78.240,0.1439,0.3000,0.2978,-0.0330,0.0486,0.0003,0.0215,-2.7560,-10.297,1.427,0.1407,0.634554,2.49153,0.00237469,0.1439,0.3000,-10.996,2.495,-2.7635,0.0003,0.0215
336.41,78.280,0.1439,0.3000,0.2962,-0.0330,0.0489,0.0005,0.0215,-2.7483,-10.301,1.426,0.1404,0.638056,2.54751,0.00209788,0.1439,0.3000,-11.006,2.509,-2.7545,0.0005,0.0215
336.51,78.300,0.1439,0.3000,0.2952,-0.0330,0.0492,0.0006,0.0215,-2.7406,-10.305,1.426,0.1408,0.641784,2.6045,0.00237469,0.1447,0.3000,-11.017,2.524,-2.7456,0.0006,0.0215
336.61,78.320,0.1447,0.3000,0.2936,-0.0329,0.0497,0.0008,0.0215,-2.7330,-10.308,1.426,0.1405,0.647124,2.68205,0.00237469,0.1447,0.3000,-11.031,2.543,-2.7338,0.0008,0.0215
336.71,78.340,0.1447,0.3000,0.2926,-0.0328,0.0499,0.0010,0.0214,-2.7254,-10.312,1.425,0.1402,0.647124,2.68205,0.00237469,0.1447,0.3000,-11.031,2.543,-2.7338,0.0009,0.0214
336.81,78.360,0.1447,0.3000,0.2916,-0.0328,0.0501,0.0011,0.0214,-2.7195,-10.315,1.425,0.1399,0.651424,2.74141,0.00209788,0.1447,0.3000,-11.042,2.557,-2.7251,0.0010,0.0214
336.91,78.400,0.1447,0.3000,0.2901,-0.0327,0.0504,0.0012,0.0214,-2.7126,-10.318,1.424,0.1403,0.656,2.80179,0.00237469,0.1454,0.3000,-11.053,2.571,-2.7163,0.0012,0.0214
337.01,78.420,0.1454,0.3000,0.2891,-0.0326,0.0508,0.0014,0.0214,-2.7050,-10.322,1.424,0.1399,0.656,2.80179,0.00237469,0.1454,0.3000,-11.053,2.571,-2.7163,0.0013,0.0214
337.11,78.440,0.1454,0.3000,0.2876,-0.0326,0.0511,0.0015,0.0214,-2.6975,-10.325,1.423,0.1396,0.662548,2.88389,0.00237469,0.1454,0.3000,-11.068,2.590,-2.7047,0.0015,0.0214
337.21,78.460,0.1454,0.3000,0.2867,-0.0325,0.0513,0.0017,0.0214,-2.6909,-10.328,1.423,0.1394,0.667817,2.94666,0.00209788,0.1454,0.3000,-11.080,2.604,-2.6961,0.0016,0.0214
337.31,78.500,0.1454,0.3000,0.2853,-0.0324,0.0516,0.0018,0.0214,-2.6844,-10.332,1.422,0.1397,0.673415,3.01047,0.00237469,0.1460,0.3000,-11.091,2.619,-2.6875,0.0018,0.0214
337.41,78.520,0.1460,0.3000,0.2843,-0.0323,0.0519,0.0020,0.0214,-2.6781,-10.335,1.422,0.1395,0.673415,3.01047,0.00237469,0.1460,0.3000,-11.091,2.619,-2.6875,0.0019,0.0214
337.51,78.540,0.1460,0.3000,0.2834,-0.0322,0.0522,0.0021,0.0214,-2.6707,-10.338,1.421,0.1392,0.681415,3.09716,0.00237469,0.1460,0.3000,-11.107,2.637,-2.6761,0.0021,0.0214
337.61,78.560,0.1460,0.3000,0.2820,-0.0321,0.0525,0.0023,0.0213,-2.6631,-10.342,1.420,0.1389,0.687841,3.16338,0.00209788,0.1460,0.3000,-11.119,2.651,-2.6676,0.0022,0.0213
337.71,78.600,0.1460,0.3000,0.2806,-0.0320,0.0529,0.0024,0.0213,-2.6561,-10.345,1.420,0.1388,0.694656,3.23065,0.00237469,0.1463,0.3000,-11.131,2.665,-2.6591,0.0024,0.0213
337.81,78.620,0.1463,0.3000,0.2797,-0.0319,0.0533,0.0026,0.0213,-2.6491,-10.349,1.419,0.1385,0.694656,3.23065,0.00237469,0.1463,0.3000,-11.131,2.665,-2.6591,0.0025,0.0213
337.91,78.640,0.1463,0.3000,0.2796,-0.0286,0.0513,0.0027,0.0213,-2.6418,-10.352,1.418,0.1386,0.704375,3.32196,0.00237469,0.1463,0.3000,-11.148,2.683,-2.6479,0.0027,0.0213
338.01,78.660,0.1463,0.3000,0.2791,-0.0249,0.0495,0.0029,0.0213,-2.6348,-10.356,1.417,0.1385,0.712164,3.39166,0.00209788,0.1463,0.3000,-11.160,2.697,-2.6395,0.0028,0.0213
338.11,78.700,0.1463,0.3000,0.2807,0.0593,0.0543,0.0030,0.0212,-2.6273,-10.359,1.416,0.1403,0.720409,3.4624,0.00237469,0.1465,0.3000,-11.173,2.711,-2.6312,0.0030,0.0213
338.21,78.720,0.1465,0.3000,0.3093,0.2742,-0.0406,0.0032,0.0212,-2.6197,-10.363,1.416,0.1459,0.720409,3.4624,0.00237469,0.1465,0.3000,-11.173,2.711,-2.6312,0.0031,0.0212
338.31,78.740,0.1465,0.3000,0.3107,-0.0413,0.0066,0.0034,0.0212,-2.6116,-10.366,1.415,0.1457,0.732144,3.55834,0.00237469,0.1465,0.3000,-11.189,2.729,-2.6195,0.0033,0.0212
338.41,78.780,0.1465,0.3000,0.3089,-0.0416,0.0070,0.0036,0.0212,-2.6035,-10.370,1.414,0.1455,0.741539,3.63147,0.00209788,0.1465,0.3000,-11.202,2.742,-2.6102,0.0035,0.0212
338.51,78.800,0.1465,0.3000,0.3077,-0.0317,0.0658,0.0037,0.0211,-2.5959,-10.374,1.413,0.1497,0.751478,3.7056,0.00237469,0.1798,0.0524,-11.215,2.756,-2.6008,0.0037,0.0212
338.61,78.820,0.1589,0.2845,0.2861,0.7923,0.1995,0.0039,0.0211,-2.5892,-10.377,1.412,0.1671,0.751478,3.7056,0.00237469,0.1798,0.0524,-11.215,2.756,-2.6008,0.0038,0.0211
338.71,78.840,0.1749,0.2645,0.2050,-0.0657,0.1883,0.0022,0.0197,-2.5841,-10.380,1.410,0.1627,0.765614,3.80598,0.00237469,0.1798,0.0524,-11.233,2.773,-2.5889,0.0023,0.0198
338.81,78.860,0.1798,0.2445,0.1815,-0.0644,0.1839,0.0009,0.0177,-2.5797,-10.384,1.409,0.1616,0.776896,3.88245,0.00209788,0.1798,0.0524,-11.248,2.786,-2.5820,0.0011,0.0181
338.91,78.900,0.1798,0.2045,0.1457,-0.0565,0.1742,0.0003,0.0152,-2.5756,-10.388,1.407,0.1613,0.788758,3.96004,0.00237469,0.1811,0.0417,-11.262,2.799,-2.5767,0.0003,0.0153
339.01,78.920,0.1811,0.1845,0.1208,-0.0476,0.1661,0.0003,0.0126,-2.5724,-10.391,1.405,0.1613,0.788758,3.96004,0.00237469,0.1811,0.0417,-11.262,2.799,-2.5767,0.0003,0.0133
339.11,78.940,0.1811,0.1645,0.0858,-0.0292,0.1565,0.0009,0.0100,-2.5700,-10.394,1.403,0.1613,0.805467,4.06536,0.00237469,0.1811,0.0417,-11.281,2.816,-2.5714,0.0009,0.0100
339.21,78.960,0.1811,0.1445,0.0669,0.1334,-0.1255,0.0020,0.0072,-2.5682,-10.397,1.400,0.1630,0.818665,4.14583,0.00209788,0.1811,0.0417,-11.296,2.828,-2.5686,0.0018,0.0077
339.31,79.000,0.1811,0.1045,0.0763,0.0533,-0.1187,0.0038,0.0037,-2.5662,-10.401,1.398,0.1700,0.832436,4.22763,0.00237469,0.1797,0.0536,-11.310,2.841,-2.5666,0.0037,0.0038
339.41,79.020,0.1797,0.0845,0.0920,0.6460,-0.1374,0.0044,0.0015,-2.5642,-10.404,1.395,0.1779,0.832436,4.22763,0.00237469,0.1797,0.0536,-11.310,2.841,-2.5666,0.0044,0.0017
339.51,79.040,0.1797,0.0645,0.0617,0.6464,0.0187,0.0044,0.0019,-2.5624,-10.408,1.393,0.1833,0.677286,2.09529,0.00237468,0.1797,0.0536,-11.307,2.761,-2.5636,0.0044,0.0019
339.61,79.060,0.1797,0.0536,0.0491,-0.0537,-0.0548,0.0035,0.0038,-2.5610,-10.412,1.390,0.1825,0.687069,2.13686,0.00209788,0.1797,0.0536,-11.321,2.772,-2.5617,0.0037,0.0034
339.71,79.100,0.1797,0.0536,0.0571,0.0095,-0.1550,0.0023,0.0057,-2.5596,-10.416,1.388,0.1834,0.697227,2.17926,0.00237468,0.1828,0.0267,-11.335,2.784,-2.5601,0.0023,0.0056
339.81,79.120,0.1828,0.0381,0.0367,-0.0934,0.1088,0.0014,0.0071,-2.5586,-10.420,1.385,0.1852,0.697227,2.17926,0.00237468,0.1828,0.0267,-11.335,2.784,-2.5601,0.0016,0.0068
339.91,79.140,0.1828,0.0267,0.0298,-0.0756,-0.0299,0.0006,0.0082,-2.5578,-10.424,1.383,0.1848,0.711362,2.23711,0.00237468,0.1828,0.0267,-11.354,2.799,-2.5583,0.0006,0.0082
340.01,79.160,0.1828,0.0267,0.0301,-0.0938,-0.0017,0.0000,0.0090,-2.5571,-10.427,1.380,0.1843,0.722411,2.28151,0.00209788,0.1828,0.0267,-11.369,2.811,-2.5574,0.0001,0.0088
340.11,79.180,0.1828,0.0267,0.0296,-0.1154,0.0295,-0.0004,0.0094,-2.5564,-10.431,1.378,0.1838,0.722411,2.28151,0.00209788,0.1828,0.0267,-11.369,2.811,-2.5574,-0.0003,0.0093
340.21,79.220,0.1799,0.0422,0.0237,-0.0518,-0.0302,-0.0006,0.0097,-2.5558,-10.435,1.375,0.1840,0.733853,2.32681,0.00237469,0.1799,0.0515,-11.383,2.823,-2.5566,-0.0006,0.0097
340.31,79.240,0.1799,0.0515,0.0228,-0.0639,-0.0587,-0.0005,0.0096,-2.5552,-10.439,1.373,0.1845,0.749727,2.38862,0.00237469,0.1799,0.0515,-11.402,2.838,-2.5556,-0.0006,0.0097
340.41,79.260,0.1799,0.0515,0.0199,-0.0629,-0.0579,-0.0001,0.0091,-2.5547,-10.443,1.370,0.1849,0.762104,2.43607,0.00209788,0.1799,0.0515,-11.416,2.850,-2.5549,-0.0002,0.0092
340.51,79.300,0.1799,0.0515,0.0167,-0.0612,-0.0569,0.0005,0.0081,-2.5542,-10.447,1.367,0.1848,0.774898,2.48446,0.00237469,0.1766,0.0796,-11.431,2.862,-2.5543,0.0004,0.0082
340.61,79.320,0.1766,0.0670,0.0201,-0.0498,-0.0600,0.0013,0.0068,-2.5537,-10.452,1.365,0.1851,0.774898,2.48446,0.00237469,0.1766,0.0796,-11.431,2.862,-2.5543,0.0010,0.0073
340.71,79.340,0.1766,0.0796,0.0221,-0.0575,-0.0664,0.0024,0.0051,-2.5531,-10.456,1.362,0.1855,0.79261,2.5505,0.00237469,0.1766,0.0796,-11.450,2.878,-2.5536,0.0021,0.0055
340.81,79.380,0.1766,0.0796,0.0212,-0.0537,-0.0659,0.0037,0.0030,-2.5526,-10.460,1.360,0.1859,0.806397,2.60117,0.00209788,0.1766,0.0796,-11.464,2.890,-2.5529,0.0036,0.0032
340.91,79.400,0.1766,0.0796,0.0208,6.1176,9.9124,0.0047,0.0013,-2.5521,-10.463,1.358,0.1846,0.820627,2.65285,0.00237469,0.1731,0.1090,-11.478,2.902,-2.5523,0.0047,0.0014
341.01,79.420,0.1731,0.0951,0.0502,-0.0445,-0.0373,0.0043,0.0020,-2.5506,-10.467,1.355,0.1813,0.820627,2.65285,0.00237469,0.1731,0.1090,-11.478,2.902,-2.5523,0.0044,0.0020
341.11,79.440,0.1731,0.1090,0.0472,-0.0503,-0.0481,0.0038,0.0030,-2.5493,-10.471,1.352,0.1821,0.840305,2.72333,0.00237469,0.1731,0.1090,-11.498,2.918,-2.5507,0.0039,0.0027
341.21,79.480,0.1731,0.1090,0.0422,-0.0508,-0.0472,0.0036,0.0034,-2.5481,-10.476,1.349,0.1828,0.855618,2.77736,0.00209788,0.1731,0.1090,-11.512,2.930,-2.5492,0.0036,0.0034
341.31,79.500,0.1731,0.1090,0.0387,-0.0507,-0.0465,0.0036,0.0034,-2.5473,-10.479,1.347,0.1832,0.871424,2.83241,0.00237469,0.1699,0.1363,-11.526,2.942,-2.5479,0.0036,0.0035
341.41,79.520,0.1699,0.1245,0.0430,-0.0533,-0.0613,0.0038,0.0031,-2.5463,-10.482,1.345,0.1841,0.871424,2.83241,0.00237469,0.1699,0.1363,-11.526,2.942,-2.5479,0.0038,0.0031
341.51,79.540,0.1699,0.1363,0.0424,-0.0522,-0.0613,0.0042,0.0025,-2.5454,-10.486,1.342,0.1844,0.893272,2.90744,0.00237469,0.1699,0.1363,-11.546,2.958,-2.5462,0.0042,0.0026
341.61,79.560,0.1699,0.1363,0.0419,-0.0509,-0.0613,0.0048,0.0015,-2.5443,-10.490,1.340,0.1873,0.910249,2.96495,0.00209788,0.1699,0.1363,-11.560,2.971,-2.5449,0.0046,0.0018
341.71,79.600,0.1699,0.1363,0.0540,-0.0462,-0.0400,0.0046,0.0020,-2.5428,-10.493,1.337,0.1837,0.92775,3.02354,0.00237469,0.1667,0.1632,-11.575,2.983,-2.5434,0.0046,0.0019
341.81,79.620,0.1667,0.1518,0.0510,-0.0337,-0.0100,0.0043,0.0026,-2.5414,-10.497,1.335,0.1851,0.92775,3.02354,0.00237469,0.1667,0.1632,-11.575,2.983,-2.5434,0.0043,0.0025
341.91,79.640,0.1667,0.1632,0.0518,-0.0491,-0.0665,0.0042,0.0027,-2.5400,-10.502,1.332,0.1857,0.951926,3.10334,0.00237469,0.1667,0.1632,-11.594,2.999,-2.5412,0.0042,0.0027
342.01,79.680,0.1667,0.1632,0.0508,-0.0483,-0.0669,0.0045,0.0024,-2.5387,-10.506,1.329,0.1863,0.970703,3.16446,0.00209788,0.1667,0.1632,-11.608,3.011,-2.5396,0.0044,0.0025
342.11,79.700,0.1667,0.1632,0.0502,-0.0473,-0.0670,0.0049,0.0018,-2.5375,-10.509,1.327,0.1865,0.99005,3.2267,0.00237469,0.1636,0.1891,-11.623,3.024,-2.5381,0.0048,0.0020
342.21,79.720,0.1636,0.1787,0.0628,-0.0430,-0.0320,0.0048,0.0019,-2.5358,-10.513,1.324,0.1868,0.99005,3.2267,0.00237469,0.1636,0.1891,-11.623,3.024,-2.5381,0.0048,0.0019
342.31,79.740,0.1636,0.1891,0.0596,-0.0465,-0.0671,0.0048,0.0021,-2.5344,-10.517,1.322,0.1876,1.01675,3.31144,0.00237469,0.1636,0.1891,-11.642,3.040,-2.5358,0.0048,0.0021
342.41,79.780,0.1636,0.1891,0.0587,-0.0458,-0.0676,0.0050,0.0019,-2.5329,-10.521,1.319,0.1883,1.03747,3.37632,0.00209788,0.1636,0.1891,-11.657,3.053,-2.5339,0.0050,0.0019
342.51,79.800,0.1636,0.1891,0.0626,-0.0410,-0.0275,0.0050,0.0019,-2.5313,-10.525,1.316,0.1882,1.05881,3.44236,0.00237469,0.1606,0.2148,-11.671,3.065,-2.5321,0.0050,0.0018
342.61,79.820,0.1606,0.2046,0.0679,-0.0608,-0.0250,0.0050,0.0020,-2.5296,-10.529,1.314,0.1891,1.05881,3.44236,0.00237469,0.1606,0.2148,-11.671,3.065,-2.5321,0.0050,0.0020
342.71,79.840,0.1606,0.2148,0.0680,-0.0603,-0.0252,0.0051,0.0018,-2.5279,-10.533,1.311,0.1888,1.08824,3.53221,0.00237469,0.1606,0.2148,-11.691,3.082,-2.5295,0.0051,0.0019
342.81,79.880,0.1606,0.2148,0.0690,-0.0389,-0.0222,0.0051,0.0019,-2.5262,-10.537,1.309,0.1894,1.11107,3.60098,0.00209788,0.1606,0.2148,-11.706,3.094,-2.5274,0.0051,0.0019
342.91,79.900,0.1606,0.2148,0.0717,-0.1490,-0.8912,0.0052,0.0018,-2.5246,-10.541,1.306,0.1899,1.13457,3.67093,0.00237469,0.1576,0.2398,-11.720,3.107,-2.5253,0.0052,0.0018
343.01,79.920,0.1576,0.2303,0.0762,-0.0920,0.0778,0.0052,0.0019,-2.5227,-10.545,1.303,0.1891,1.13457,3.67093,0.00237469,0.1576,0.2398,-11.720,3.107,-2.5253,0.0052,0.0019
343.11,79.940,0.1576,0.2398,0.0809,-0.1078,0.0624,0.0053,0.0019,-2.5206,-10.549,1.301,0.1864,1.16696,3.76606,0.00237469,0.1576,0.2398,-11.740,3.123,-2.5224,0.0052,0.0019
343.21,79.980,0.1576,0.2398,0.0835,-0.1068,0.0626,0.0053,0.0019,-2.5185,-10.553,1.298,0.1836,1.19209,3.83882,0.00209788,0.1576,0.2398,-11.755,3.136,-2.5200,0.0053,0.0019
343.31,80.000,0.1576,0.2398,0.0853,-0.1061,0.0627,0.0054,0.0019,-2.5164,-10.556,1.295,0.1811,1.21794,3.91279,0.00237469,0.1531,0.2638,-11.769,3.148,-2.5175,0.0054,0.0019
343.41,80.020,0.1531,0.2553,0.0940,-0.0864,0.0589,0.0054,0.0019,-2.5139,-10.560,1.293,0.1792,1.21794,3.91279,0.00237469,0.1531,0.2638,-11.769,3.148,-2.5175,0.0054,0.0019
343.51,80.060,0.1531,0.2638,0.0923,0.0429,0.0045,0.0055,0.0019,-2.5114,-10.564,1.290,0.1794,0.841699,1.9522,0.00237468,0.1531,0.2638,-11.726,3.249,-2.5140,0.0055,0.0019
343.61,80.080,0.1531,0.2638,0.0920,0.0435,0.0042,0.0055,0.0019,-2.5091,-10.568,1.287,0.1805,0.857311,1.98912,0.00209788,0.1531,0.2638,-11.741,3.262,-2.5112,0.0055,0.0019
343.71,80.100,0.1531,0.2638,0.0947,-0.0397,-0.0315,0.0056,0.0019,-2.5067,-10.572,1.285,0.1811,0.873401,2.02677,0.00237468,0.1498,0.2916,-11.756,3.274,-2.5084,0.0056,0.0019
343.81,80.120,0.1498,0.2793,0.1011,0.0455,0.0043,0.0056,0.0019,-2.5041,-10.576,1.282,0.1827,0.895613,2.07808,0.00237468,0.1498,0.2916,-11.776,3.291,-2.5046,0.0056,0.0019
343.91,80.160,0.1498,0.2916,0.1008,0.0464,0.0037,0.0057,0.0019,-2.5016,-10.580,1.279,0.1839,0.895613,2.07808,0.00237468,0.1498,0.2916,-11.776,3.291,-2.5046,0.0057,0.0019
344.01,80.180,0.1498,0.2916,0.1006,0.0471,0.0034,0.0057,0.0019,-2.4991,-10.583,1.277,0.1850,0.91286,2.11743,0.00209788,0.1498,0.2916,-11.791,3.304,-2.5015,0.0057,0.0019
344.11,80.200,0.1498,0.2916,0.1009,-0.0130,0.0286,0.0058,0.0019,-2.4968,-10.587,1.274,0.1843,0.930629,2.15751,0.00237469,0.1475,0.3000,-11.806,3.317,-2.4985,0.0058,0.0019
344.21,80.220,0.1475,0.3000,0.1047,-0.0136,0.0293,0.0058,0.0019,-2.4944,-10.590,1.272,0.1832,0.930629,2.15751,0.00237469,0.1475,0.3000,-11.806,3.317,-2.4985,0.0058,0.0019
344.31,80.240,0.1475,0.3000,0.1225,-0.2622,0.1386,0.0027,0.0059,-2.4918,-10.593,1.269,0.1678,0.955154,2.21212,0.00237469,0.1475,0.3000,-11.826,3.334,-2.4944,0.0034,0.0047
344.41,80.280,0.1475,0.3000,0.1374,-0.0342,0.0170,-0.0005,0.0126,-2.4879,-10.597,1.266,0.1691,0.97419,2.25395,0.00209788,0.1475,0.3000,-11.841,3.347,-2.4909,-0.0002,0.0121
344.51,80.300,0.1475,0.3000,0.1231,-0.0545,-0.0722,-0.0041,0.0185,-2.4846,-10.600,1.264,0.1709,0.993813,2.29653,0.00237469,0.1452,0.3000,-11.857,3.360,-2.4867,-0.0030,0.0168
344.61,80.320,0.1452,0.3000,0.2191,-0.4374,-0.9945,-0.0053,0.0231,-2.4800,-10.603,1.261,0.1571,1.02092,2.35446,0.00237469,0.1452,0.3000,-11.877,3.377,-2.4807,-0.0053,0.0226
344.71,80.340,0.1452,0.3000,0.2320,-0.4439,-0.9952,-0.0052,0.0243,-2.4745,-10.607,1.259,0.1626,1.02092,2.35446,0.00237469,0.1452,0.3000,-11.877,3.377,-2.4807,-0.0052,0.0242
344.81,80.380,0.1452,0.3000,0.2764,-0.8341,-0.1731,-0.0050,0.0232,-2.4687,-10.610,1.257,0.1587,1.04202,2.39873,0.00209788,0.1452,0.3000,-11.893,3.389,-2.4741,-0.0050,0.0232
344.91,80.400,0.1452,0.3000,0.3000,-0.6565,0.0283,-0.0048,0.0202,-2.4617,-10.613,1.256,0.1362,1.06383,2.44366,0.00237469,0.1441,0.3000,-11.908,3.402,-2.4662,-0.0049,0.0208
345.01,80.420,0.1441,0.3000,0.2782,0.2382,1.0904,-0.0039,0.0184,-2.4544,-10.616,1.254,0.1351,1.06383,2.44366,0.00237469,0.1441,0.3000,-11.908,3.402,-2.4662,-0.0039,0.0183
345.11,80.440,0.1441,0.3000,0.2494,0.5761,0.9734,-0.0043,0.0199,-2.4477,-10.619,1.252,0.1378,1.09414,2.5045,0.00237469,0.1441,0.3000,-11.929,3.419,-2.4548,-0.0040,0.0193
345.21,80.480,0.1441,0.3000,0.2218,-0.3662,-0.8124,-0.0044,0.0202,-2.4419,-10.622,1.249,0.1395,1.1178,2.55083,0.00209788,0.1441,0.3000,-11.945,3.431,-2.4471,-0.0045,0.0204
345.31,80.500,0.1441,0.3000,0.1837,-0.0170,0.0594,-0.0043,0.0202,-2.4370,-10.625,1.247,0.1399,1.14228,2.5978,0.00237469,0.1447,0.3000,-11.961,3.443,-2.4407,-0.0043,0.0202
345.41,80.520,0.1447,0.3000,0.2126,0.3103,0.4202,-0.0044,0.0203,-2.4318,-10.628,1.245,0.1419,1.17616,2.66147,0.00237469,0.1447,0.3000,-11.983,3.460,-2.4327,-0.0043,0.0203
345.51,80.540,0.1447,0.3000,0.2162,0.3203,0.4304,-0.0043,0.0206,-2.4268,-10.630,1.243,0.1486,1.17616,2.66147,0.00237469,0.1447,0.3000,-11.983,3.460,-2.4327,-0.0043,0.0204
345.61,80.580,0.1447,0.3000,0.2287,-1.3002,0.6511,-0.0041,0.0209,-2.4214,-10.633,1.240,0.1527,1.20252,2.71001,0.00209788,0.1447,0.3000,-11.999,3.472,-2.4264,-0.0041,0.0209
345.71,80.600,0.1447,0.3000,0.2320,-0.0660,-0.0300,-0.0040,0.0208,-2.4160,-10.635,1.237,0.1515,1.22975,2.75922,0.00237469,0.1442,0.3000,-12.015,3.484,-2.4197,-0.0040,0.0208
345.81,80.620,0.1442,0.3000,0.2302,-0.0653,-0.0282,-0.0039,0.0207,-2.4102,-10.638,1.235,0.1506,1.22975,2.75922,0.00237469,0.1442,0.3000,-12.015,3.484,-2.4197,-0.0039,0.0207
345.91,80.640,0.1442,0.3000,0.2290,-0.0648,-0.0269,-0.0038,0.0206,-2.4043,-10.640,1.232,0.1498,1.26746,2.82582,0.00237469,0.1442,0.3000,-12.037,3.500,-2.4104,-0.0038,0.0206
346.01,80.680,0.1442,0.3000,0.2271,-0.0641,-0.0251,-0.0036,0.0205,-2.3981,-10.643,1.229,0.1489,1.29682,2.87652,0.00209788,0.1442,0.3000,-12.054,3.512,-2.4035,-0.0037,0.0205
346.11,80.700,0.1442,0.3000,0.2254,-0.0633,-0.0233,-0.0035,0.0204,-2.3923,-10.646,1.226,0.1480,1.32714,2.92785,0.00237469,0.1440,0.3000,-12.070,3.524,-2.3967,-0.0035,0.0204
346.21,80.720,0.1440,0.3000,0.2242,-0.0628,-0.0222,-0.0034,0.0203,-2.3864,-10.649,1.224,0.1472,1.3691,2.99727,0.00237469,0.1440,0.3000,-12.093,3.540,-2.3876,-0.0035,0.0204
346.31,80.760,0.1440,0.3000,0.2225,-0.0621,-0.0204,-0.0033,0.0203,-2.3806,-10.651,1.221,0.1464,1.3691,2.99727,0.00237469,0.1440,0.3000,-12.093,3.540,-2.3876,-0.0033,0.0203
346.41,80.780,0.1440,0.3000,0.2213,-0.0615,-0.0193,-0.0032,0.0202,-2.3751,-10.654,1.218,0.1457,1.40175,3.05006,0.00209788,0.1440,0.3000,-12.110,3.551,-2.3809,-0.0032,0.0202
346.51,80.800,0.1440,0.3000,0.2197,-0.0607,-0.0176,-0.0031,0.0201,-2.3693,-10.657,1.216,0.1447,1.43544,3.10349,0.00237469,0.1437,0.3000,-12.127,3.563,-2.3743,-0.0031,0.0201
346.61,80.820,0.1437,0.3000,0.2186,-0.0602,-0.0164,-0.0030,0.0200,-2.3637,-10.659,1.213,0.1440,1.48203,3.1757,0.00237469,0.1437,0.3000,-12.150,3.578,-2.3655,-0.0031,0.0200
346.71,80.860,0.1437,0.3000,0.2170,-0.0594,-0.0148,-0.0029,0.0199,-2.3580,-10.662,1.211,0.1433,1.48203,3.1757,0.00237469,0.1437,0.3000,-12.150,3.578,-2.3655,-0.0029,0.0199
346.81,80.880,0.1437,0.3000,0.2154,-0.0585,-0.0131,-0.0028,0.0198,-2.3526,-10.665,1.208,0.1426,1.51825,3.23059,0.00209788,0.1437,0.3000,-12.167,3.590,-2.3589,-0.0028,0.0198
346.91,80.900,0.1437,0.3000,0.2144,-0.0579,-0.0121,-0.0027,0.0197,-2.3479,-10.667,1.206,0.1418,1.5556,3.28609,0.00237469,0.1434,0.3000,-12.184,3.601,-2.3524,-0.0027,0.0197
347.01,80.920,0.1434,0.3000,0.2134,-0.0573,-0.0110,-0.0026,0.0197,-2.3430,-10.669,1.204,0.1412,1.60721,3.36106,0.00237469,0.1434,0.3000,-12.208,3.616,-2.3439,-0.0027,0.0197
347.11,80.940,0.1434,0.3000,0.2124,-0.0568,-0.0099,-0.0026,0.0196,-2.3381,-10.672,1.201,0.1406,1.60721,3.36106,0.00237469,0.1434,0.3000,-12.208,3.616,-2.3439,-0.0026,0.0196
347.21,80.980,0.1434,0.3000,0.2115,-0.0252,0.0386,-0.0025,0.0195,-2.3323,-10.674,1.199,0.1407,1.6473,3.41801,0.00209788,0.1434,0.3000,-12.225,3.627,-2.3375,-0.0025,0.0195
347.31,81.000,0.1434,0.3000,0.2111,-0.0251,0.0386,-0.0024,0.0194,-2.3273,-10.677,1.196,0.1403,1.68862,3.47556,0.00237469,0.1429,0.3000,-12.243,3.638,-2.3311,-0.0024,0.0194
347.41,81.020,0.1429,0.3000,0.1820,0.2604,0.2121,-0.0023,0.0193,-2.3230,-10.679,1.194,0.1465,1.68862,3.47556,0.00237469,0.1429,0.3000,-12.243,3.638,-2.3311,-0.0023,0.0193
347.51,81.040,0.1429,0.3000,0.1548,0.2087,0.1133,-0.0022,0.0193,-2.3189,-10.681,1.191,0.1528,1.03469,1.75732,0.00237468,0.1429,0.3000,-12.019,3.352,-2.3230,-0.0022,0.0193
347.61,81.080,0.1429,0.3000,0.1528,0.1085,-0.0740,-0.0021,0.0192,-2.3147,-10.684,1.188,0.1566,1.05827,1.78543,0.00209788,0.1429,0.3000,-12.034,3.359,-2.3178,-0.0021,0.0192
347.71,81.100,0.1429,0.3000,0.1514,0.1090,-0.0750,-0.0020,0.0191,-2.3116,-10.686,1.186,0.1604,1.08259,1.81395,0.00237468,0.1657,0.1564,-12.048,3.367,-2.3133,-0.0020,0.0191
347.81,81.120,0.1553,0.2845,0.1884,0.1134,-0.0212,-0.0013,0.0184,-2.3082,-10.689,1.183,0.1638,1.08259,1.81395,0.00237468,0.1657,0.1564,-12.048,3.367,-2.3133,-0.0015,0.0186
347.91,81.140,0.1657,0.2645,0.1755,-0.0272,0.1257,-0.0005,0.0166,-2.3044,-10.691,1.181,0.1664,1.11619,1.85264,0.00237468,0.1657,0.1564,-12.068,3.377,-2.3068,-0.0007,0.0170
348.01,81.160,0.1657,0.2445,0.1619,0.3339,0.5018,0.0002,0.0146,-2.3008,-10.693,1.178,0.1672,1.1423,1.88214,0.00209788,0.1657,0.1564,-12.083,3.384,-2.3016,0.0000,0.0152
348.11,81.180,0.1657,0.2245,0.1473,-0.0149,0.1169,0.0007,0.0126,-2.2977,-10.696,1.175,0.1678,1.1423,1.88214,0.00209788,0.1657,0.1564,-12.083,3.384,-2.3016,0.0006,0.0133
348.21,81.200,0.1657,0.2045,0.1333,-0.0087,0.1118,0.0012,0.0105,-2.2948,-10.698,1.173,0.1681,1.16922,1.91206,0.00237469,0.1650,0.1622,-12.099,3.391,-2.2970,0.0010,0.0113
348.31,81.220,0.1650,0.1845,0.1192,-0.0029,0.1061,0.0014,0.0087,-2.2927,-10.700,1.170,0.1687,1.16922,1.91206,0.00237469,0.1650,0.1622,-12.099,3.391,-2.2970,0.0014,0.0093
348.41,81.240,0.1650,0.1648,0.1066,0.0129,0.1007,0.0016,0.0068,-2.2907,-10.702,1.168,0.1692,1.20637,1.95263,0.00237469,0.1650,0.1622,-12.119,3.400,-2.2919,0.0016,0.0072
348.51,81.260,0.1650,0.1622,0.1054,0.0151,0.0932,0.0017,0.0046,-2.2885,-10.704,1.165,0.1699,1.20637,1.95263,0.00237469,0.1650,0.1622,-12.119,3.400,-2.2919,0.0017,0.0052
348.61,81.280,0.1650,0.1622,0.1044,0.0172,0.0852,0.0015,0.0022,-2.2860,-10.706,1.162,0.1705,1.23518,1.9836,0.00209788,0.1650,0.1622,-12.135,3.407,-2.2887,0.0016,0.0031
348.71,81.300,0.1650,0.1622,0.1095,0.0262,0.0726,0.0012,-0.0003,-2.2834,-10.709,1.159,0.1704,1.26483,2.01506,0.00237469,0.1637,0.1732,-12.150,3.414,-2.2856,0.0012,0.0000
348.81,81.320,0.1637,0.1732,0.1095,0.0193,0.0614,0.0007,-0.0025,-2.2809,-10.711,1.156,0.1707,1.30566,2.05776,0.00237469,0.1637,0.1732,-12.170,3.423,-2.2814,0.0008,-0.0019
348.91,81.360,0.1637,0.1732,0.1087,0.0209,0.0454,-0.0001,-0.0049,-2.2782,-10.714,1.152,0.1709,1.30566,2.05776,0.00237469,0.1637,0.1732,-12.170,3.423,-2.2814,-0.0000,-0.0048
349.01,81.380,0.1637,0.1732,0.1080,0.0219,0.0321,-0.0010,-0.0073,-2.2754,-10.716,1.149,0.1708,1.3373,2.09036,0.00209788,0.1637,0.1732,-12.186,3.430,-2.2782,-0.0007,-0.0066
349.11,81.400,0.1637,0.1732,0.1446,0.4623,-0.5980,-0.0013,-0.0083,-2.2721,-10.719,1.145,0.1695,1.36984,2.12345,0.00237469,0.1620,0.1881,-12.201,3.437,-2.2749,-0.0013,-0.0083
349.21,81.420,0.1620,0.1871,0.1088,-0.2607,-0.2131,-0.0012,-0.0086,-2.2691,-10.722,1.142,0.1715,1.41465,2.16832,0.00237469,0.1620,0.1881,-12.222,3.446,-2.2699,-0.0012,-0.0086
349.31,81.460,0.1620,0.1881,0.1027,-0.0665,-0.1089,-0.0011,-0.0088,-2.2664,-10.724,1.138,0.1692,1.41465,2.16832,0.00237469,0.1620,0.1881,-12.222,3.446,-2.2699,-0.0011,-0.0088
349.41,81.480,0.1620,0.1881,0.1022,-0.0782,-0.1315,-0.0010,-0.0089,-2.2638,-10.727,1.135,0.1665,1.44936,2.20254,0.00209788,0.1620,0.1881,-12.238,3.453,-2.2666,-0.0010,-0.0089
349.51,81.500,0.1620,0.1881,0.1056,-0.1006,-0.1953,-0.0008,-0.0089,-2.2612,-10.730,1.132,0.1629,1.48503,2.23726,0.00237469,0.1604,0.2016,-12.253,3.459,-2.2635,-0.0008,-0.0089
349.61,81.540,0.1604,0.2016,0.1126,-0.2343,-0.2434,-0.0004,-0.0086,-2.2584,-10.733,1.129,0.1569,1.53412,2.28436,0.00237469,0.1604,0.2016,-12.274,3.468,-2.2593,-0.0004,-0.0086
349.71,81.560,0.1604,0.2016,0.1404,-0.3479,-0.1214,0.0003,-0.0079,-2.2555,-10.735,1.127,0.1478,1.53412,2.28436,0.00237469,0.1604,0.2016,-12.274,3.468,-2.2593,0.0002,-0.0081
349.81,81.580,0.1604,0.2016,0.1373,0.0425,-0.0199,0.0012,-0.0068,-2.2521,-10.738,1.124,0.1481,1.5721,2.32027,0.00209788,0.1604,0.2016,-12.290,3.475,-2.2558,0.0010,-0.0072
349.91,81.600,0.1604,0.2016,0.1357,0.0649,0.0156,0.0022,-0.0057,-2.2491,-10.740,1.122,0.1475,1.61113,2.35668,0.00237469,0.1586,0.2166,-12.305,3.481,-2.2517,0.0018,-0.0062
350.01,81.620,0.1586,0.2156,0.1457,0.0859,0.0394,0.0034,-0.0041,-2.2452,-10.743,1.119,0.1486,1.66486,2.40596,0.00237469,0.1586,0.2166,-12.326,3.490,-2.2460,0.0032,-0.0045
350.11,81.660,0.1586,0.2166,0.1441,0.0945,0.0479,0.0047,-0.0025,-2.2415,-10.746,1.116,0.1500,1.66486,2.40596,0.00237469,0.1586,0.2166,-12.326,3.490,-2.2460,0.0047,-0.0025
350.21,81.680,0.1586,0.2166,0.1432,0.0979,0.0504,0.0060,-0.0008,-2.2381,-10.748,1.114,0.1514,1.70646,2.44346,0.00209788,0.1586,0.2166,-12.342,3.496,-2.2416,0.0057,-0.0011
350.31,81.700,0.1586,0.2166,0.1422,0.1003,0.0517,0.0071,0.0007,-2.2352,-10.750,1.112,0.1547,1.7492,2.48143,0.00237469,0.1723,-0.0997,-12.358,3.503,-2.2373,0.0069,0.0004
350.41,81.720,0.1706,0.2011,0.1262,0.1045,0.0580,0.0082,0.0021,-2.2322,-10.753,1.109,0.1613,1.7492,2.48143,0.00237469,0.1723,-0.0997,-12.358,3.503,-2.2373,0.0078,0.0016
350.51,81.740,0.1723,0.1811,0.1060,0.1385,0.0973,0.0094,0.0037,-2.2292,-10.756,1.106,0.1634,1.80802,2.53278,0.00237469,0.1723,-0.0997,-12.379,3.511,-2.2319,0.0091,0.0033
350.61,81.780,0.1723,0.1411,0.0863,0.1387,0.0922,0.0106,0.0055,-2.2267,-10.759,1.103,0.1659,1.85351,2.57186,0.00209788,0.1723,-0.0997,-12.395,3.517,-2.2285,0.0105,0.0053
350.71,81.800,0.1723,0.1211,0.0733,0.1387,0.0889,0.0120,0.0074,-2.2248,-10.762,1.100,0.1690,1.90019,2.61147,0.00237469,0.1730,-0.0939,-12.411,3.523,-2.2258,0.0116,0.0068
350.81,81.820,0.1730,0.1011,0.0542,0.1213,0.0627,0.0135,0.0097,-2.2231,-10.765,1.096,0.1717,1.96428,2.66515,0.00237469,0.1730,-0.0939,-12.433,3.531,-2.2231,0.0133,0.0093
350.91,81.840,0.1730,0.0811,0.0415,0.1379,0.0810,0.0152,0.0122,-2.2220,-10.768,1.093,0.1744,1.96428,2.66515,0.00237469,0.1730,-0.0939,-12.433,3.531,-2.2231,0.0145,0.0112
351.01,81.880,0.1730,0.0411,0.0227,0.1371,0.0760,0.0170,0.0151,-2.2212,-10.771,1.089,0.1771,2.01374,2.70611,0.00209788,0.1730,-0.0939,-12.449,3.537,-2.2217,0.0166,0.0144
351.11,81.900,0.1730,0.0211,0.0103,0.1280,0.0671,0.0186,0.0176,-2.2209,-10.773,1.086,0.1792,2.06438,2.74772,0.00237469,0.1748,-0.0781,-12.465,3.542,-2.2209,0.0181,0.0167
351.21,81.920,0.1748,0.0011,-0.0154,-0.6637,0.1883,0.0186,0.0182,-2.2210,-10.776,1.083,0.1738,2.06438,2.74772,0.00237469,0.1748,-0.0781,-12.465,3.542,-2.2209,0.0186,0.0182
351.31,81.940,0.1748,-0.0189,-0.0204,-0.0131,-0.1375,0.0183,0.0171,-2.2216,-10.778,1.080,0.1684,2.13377,2.80425,0.00237469,0.1748,-0.0781,-12.487,3.550,-2.2208,0.0184,0.0173
351.41,81.960,0.1748,-0.0389,-0.0326,-0.0085,-0.1409,0.0178,0.0163,-2.2223,-10.780,1.077,0.1669,2.18719,2.84751,0.00209788,0.1748,-0.0781,-12.503,3.556,-2.2215,0.0180,0.0165
351.51,82.000,0.1748,-0.0772,-0.0476,0.0791,-0.0436,0.0176,0.0160,-2.2233,-10.783,1.074,0.1668,2.24178,2.89155,0.00237469,0.1779,-0.0522,-12.520,3.562,-2.2226,0.0176,0.0160
351.61,82.020,0.1779,-0.0626,-0.0354,0.1639,0.0575,0.0174,0.0157,-2.2242,-10.785,1.071,0.1716,2.24178,2.89155,0.00237469,0.1779,-0.0522,-12.520,3.562,-2.2226,0.0174,0.0158
351.71,82.040,0.1779,-0.0522,-0.0318,0.0799,-0.0418,0.0174,0.0158,-2.2249,-10.788,1.068,0.1728,1.26302,1.51455,0.00237468,0.1779,-0.0522,-12.550,3.588,-2.2244,0.0174,0.0158
351.81,82.060,0.1779,-0.0522,-0.0317,0.0745,-0.0381,0.0177,0.0163,-2.2258,-10.791,1.064,0.1737,1.29279,1.53641,0.00209788,0.1779,-0.0522,-12.567,3.594,-2.2254,0.0176,0.0162
351.91,82.080,0.1779,-0.0522,-0.0318,0.0737,-0.0379,0.0182,0.0171,-2.2265,-10.793,1.061,0.1746,1.29279,1.53641,0.00209788,0.1779,-0.0522,-12.567,3.594,-2.2254,0.0180,0.0168
352.01,82.120,0.1828,-0.0367,-0.0207,-0.1230,-0.0335,0.0185,0.0176,-2.2272,-10.796,1.057,0.1818,1.32329,1.55873,0.00237468,0.1828,-0.0106,-12.583,3.600,-2.2264,0.0185,0.0176
352.11,82.140,0.1828,-0.0167,-0.0081,-0.0278,0.0291,0.0185,0.0176,-2.2275,-10.799,1.054,0.1819,1.36511,1.58924,0.00237468,0.1828,-0.0106,-12.605,3.608,-2.2274,0.0185,0.0176
352.21,82.160,0.1828,-0.0106,-0.0071,-0.0280,0.0293,0.0185,0.0176,-2.2276,-10.802,1.050,0.1819,1.39737,1.61267,0.00209788,0.1828,-0.0106,-12.622,3.614,-2.2277,0.0185,0.0176
352.31,82.200,0.1828,-0.0106,-0.0071,-0.0280,0.0293,0.0185,0.0177,-2.2278,-10.805,1.046,0.1819,1.43043,1.63658,0.00237469,0.1816,0.0203,-12.639,3.620,-2.2279,0.0185,0.0177
352.41,82.220,0.1816,0.0049,0.0062,-0.0291,0.0305,0.0185,0.0177,-2.2278,-10.807,1.043,0.1816,1.43043,1.63658,0.00237469,0.1816,0.0203,-12.639,3.620,-2.2279,0.0185,0.0177
352.51,82.240,0.1816,0.0203,0.0134,-0.0297,0.0313,0.0185,0.0176,-2.2275,-10.810,1.039,0.1815,1.47575,1.66921,0.00237469,0.1816,0.0203,-12.661,3.628,-2.2278,0.0185,0.0176
352.61,82.260,0.1816,0.0203,0.0134,-0.0297,0.0313,0.0185,0.0176,-2.2272,-10.813,1.036,0.1815,1.51071,1.69425,0.00209788,0.1816,0.0203,-12.678,3.634,-2.2274,0.0185,0.0176
352.71,82.280,0.1816,0.0203,0.0134,-0.0297,0.0313,0.0185,0.0176,-2.2269,-10.815,1.033,0.1815,1.51071,1.69425,0.00209788,0.1816,0.0203,-12.678,3.634,-2.2274,0.0185,0.0176
352.81,82.300,0.1816,0.0203,0.0201,-0.0303,0.0318,0.0185,0.0176,-2.2266,-10.817,1.030,0.1798,1.54653,1.71977,0.00237469,0.1784,0.0478,-12.694,3.640,-2.2270,0.0185,0.0176
352.91,82.320,0.1784,0.0358,0.0317,-0.0314,0.0329,0.0185,0.0176,-2.2260,-10.820,1.027,0.1797,1.59564,1.75456,0.00237469,0.1784,0.0478,-12.717,3.648,-2.2262,0.0185,0.0176
353.01,82.340,0.1784,0.0478,0.0317,-0.0314,0.0329,0.0185,0.0176,-2.2252,-10.822,1.024,0.1797,1.59564,1.75456,0.00237469,0.1784,0.0478,-12.717,3.648,-2.2262,0.0185,0.0176
353.11,82.380,0.1784,0.0478,0.0316,-0.0313,0.0330,0.0185,0.0176,-2.2244,-10.825,1.020,0.1796,1.63351,1.78122,0.00209788,0.1784,0.0478,-12.733,3.654,-2.2252,0.0185,0.0176
353.21,82.400,0.1784,0.0478,0.0316,-0.0313,0.0330,0.0185,0.0176,-2.2237,-10.827,1.017,0.1780,1.67231,1.80838,0.00237469,0.1755,0.0727,-12.750,3.660,-2.2242,0.0185,0.0176
353.31,82.420,0.1755,0.0633,0.0481,-0.0327,0.0345,0.0186,0.0176,-2.2226,-10.830,1.013,0.1779,1.67231,1.80838,0.00237469,0.1755,0.0727,-12.750,3.660,-2.2242,0.0186,0.0176
353.41,82.440,0.1755,0.0727,0.0480,-0.0326,0.0345,0.0186,0.0175,-2.2213,-10.833,1.009,0.1778,1.72551,1.84536,0.00237469,0.1755,0.0727,-12.772,3.668,-2.2227,0.0186,0.0175
353.51,82.480,0.1755,0.0727,0.0480,-0.0326,0.0346,0.0186,0.0175,-2.2201,-10.835,1.006,0.1777,1.76654,1.87367,0.00209788,0.1755,0.0727,-12.789,3.674,-2.2212,0.0186,0.0175
353.61,82.500,0.1755,0.0727,0.0479,-0.0325,0.0346,0.0186,0.0175,-2.2189,-10.838,1.002,0.1763,1.80856,1.90249,0.00237469,0.1728,0.0954,-12.806,3.680,-2.2198,0.0186,0.0175
353.71,82.520,0.1728,0.0882,0.0628,-0.0337,0.0360,0.0186,0.0175,-2.2172,-10.841,0.998,0.1761,1.86617,1.94168,0.00237469,0.1728,0.0954,-12.828,3.689,-2.2176,0.0186,0.0175
353.81,82.560,0.1728,0.0954,0.0627,-0.0336,0.0360,0.0187,0.0174,-2.2156,-10.844,0.994,0.1760,1.86617,1.94168,0.00237469,0.1728,0.0954,-12.828,3.689,-2.2176,0.0187,0.0174
353.91,82.580,0.1728,0.0954,0.0626,-0.0336,0.0361,0.0187,0.0174,-2.2141,-10.846,0.991,0.1759,1.9106,1.97166,0.00209788,0.1728,0.0954,-12.845,3.695,-2.2157,0.0187,0.0174
354.01,82.600,0.1728,0.0954,0.0626,-0.0335,0.0361,0.0187,0.0174,-2.2128,-10.848,0.988,0.1745,1.9561,2.00214,0.00237469,0.1704,0.1160,-12.862,3.701,-2.2138,0.0187,0.0174
354.11,82.620,0.1704,0.1109,0.0759,-0.0346,0.0373,0.0188,0.0173,-2.2109,-10.851,0.984,0.1744,1.9561,2.00214,0.00237469,0.1704,0.1160,-12.862,3.701,-2.2138,0.0188,0.0173
354.21,82.640,0.1704,0.1160,0.0758,-0.0347,0.0372,0.0188,0.0173,-2.2089,-10.854,0.981,0.1742,2.01847,2.04356,0.00237469,0.1704,0.1160,-12.884,3.709,-2.2110,0.0188,0.0173
354.31,82.680,0.1704,0.1160,0.0757,-0.0349,0.0370,0.0188,0.0173,-2.2068,-10.856,0.977,0.1740,2.06656,2.07521,0.00209788,0.1704,0.1160,-12.901,3.715,-2.2087,0.0188,0.0173
354.41,82.700,0.1704,0.1160,0.0756,-0.0350,0.0369,0.0189,0.0172,-2.2052,-10.859,0.974,0.1728,2.11581,2.10736,0.00237469,0.1682,0.1349,-12.918,3.721,-2.2064,0.0188,0.0172
354.51,82.720,0.1682,0.1314,0.0877,-0.0361,0.0378,0.0189,0.0172,-2.2028,-10.861,0.970,0.1726,2.18332,2.15101,0.00237469,0.1682,0.1349,-12.940,3.729,-2.2032,0.0189,0.0172
354.61,82.760,0.1682,0.1349,0.0875,-0.0363,0.0377,0.0189,0.0171,-2.2006,-10.864,0.966,0.1724,2.18332,2.15101,0.00237469,0.1682,0.1349,-12.940,3.729,-2.2032,0.0189,0.0171
354.71,82.780,0.1682,0.1349,0.0873,-0.0364,0.0376,0.0190,0.0171,-2.1982,-10.866,0.962,0.1721,2.23537,2.18433,0.00209788,0.1682,0.1349,-12.957,3.735,-2.2005,0.0190,0.0171
354.81,82.800,0.1682,0.1349,0.0934,-0.0316,0.0319,0.0190,0.0171,-2.1962,-10.869,0.959,0.1710,2.28866,2.21815,0.00237469,0.1662,0.1521,-12.974,3.741,-2.1979,0.0190,0.0171
354.91,82.820,0.1662,0.1498,0.0981,-0.0358,0.0398,0.0191,0.0170,-2.1935,-10.871,0.955,0.1707,2.36169,2.26402,0.00237469,0.1662,0.1521,-12.996,3.749,-2.1942,0.0190,0.0170
355.01,82.860,0.1662,0.1521,0.0979,-0.0356,0.0400,0.0191,0.0170,-2.1909,-10.874,0.951,0.1704,2.36169,2.26402,0.00237469,0.1662,0.1521,-12.996,3.749,-2.1942,0.0191,0.0170
355.11,82.880,0.1662,0.1521,0.0976,-0.0355,0.0401,0.0191,0.0169,-2.1883,-10.876,0.948,0.1702,2.41799,2.29899,0.00209788,0.1662,0.1521,-13.013,3.755,-2.1912,0.0191,0.0169
355.21,82.900,0.1662,0.1521,0.0986,0.4744,-0.3894,0.0192,0.0168,-2.1862,-10.878,0.945,0.1697,2.47563,2.33446,0.00237469,0.1643,0.1680,-13.030,3.761,-2.1883,0.0192,0.0169
355.31,82.920,0.1643,0.1665,0.0991,0.1609,0.0736,0.0191,0.0167,-2.1840,-10.881,0.942,0.1726,2.55461,2.38253,0.00237469,0.1643,0.1680,-13.053,3.769,-2.1843,0.0191,0.0167
355.41,82.940,0.1643,0.1680,0.0990,0.1590,0.0730,0.0193,0.0168,-2.1817,-10.883,0.938,0.1706,2.55461,2.38253,0.00237469,0.1643,0.1680,-13.053,3.769,-2.1843,0.0192,0.0168
355.51,82.980,0.1643,0.1680,0.0926,-0.0341,0.0393,0.0193,0.0167,-2.1794,-10.885,0.935,0.1704,2.61547,2.41915,0.00209788,0.1643,0.1680,-13.070,3.775,-2.1814,0.0193,0.0167
355.61,83.000,0.1643,0.1680,0.0925,-0.0339,0.0392,0.0193,0.0167,-2.1773,-10.887,0.931,0.1694,2.67776,2.45628,0.00237469,0.1625,0.1833,-13.087,3.781,-2.1786,0.0193,0.0167
355.71,83.020,0.1625,0.1821,0.1009,-0.0340,0.0395,0.0194,0.0166,-2.1746,-10.890,0.928,0.1692,2.67776,2.45628,0.00237469,0.1625,0.1833,-13.087,3.781,-2.1786,0.0194,0.0166
355.81,83.040,0.1625,0.1833,0.1008,-0.0333,0.0388,0.0194,0.0166,-2.1719,-10.892,0.924,0.1690,1.43575,1.32681,0.00237468,0.1625,0.1833,-13.108,3.787,-2.1747,0.0194,0.0166
355.91,83.080,0.1625,0.1833,0.1010,-0.0297,0.0349,0.0195,0.0165,-2.1692,-10.895,0.920,0.1689,1.46918,1.34497,0.00209788,0.1625,0.1833,-13.125,3.792,-2.1717,0.0195,0.0165
356.01,83.100,0.1625,0.1833,0.1123,-0.0965,-0.0039,0.0195,0.0165,-2.1664,-10.897,0.916,0.1652,1.50351,1.36344,0.00237468,0.1608,0.1979,-13.143,3.798,-2.1686,0.0195,0.0165
356.11,83.120,0.1608,0.1970,0.1147,-0.0937,-0.0052,0.0196,0.0164,-2.1633,-10.899,0.913,0.1653,1.55068,1.38854,0.00237468,0.1608,0.1979,-13.165,3.806,-2.1643,0.0195,0.0164
356.21,83.160,0.1608,0.1979,0.1091,0.0344,0.0364,0.0196,0.0163,-2.1604,-10.902,0.909,0.1670,1.55068,1.38854,0.00237468,0.1608,0.1979,-13.165,3.806,-2.1643,0.0196,0.0163
356.31,83.180,0.1608,0.1979,0.1220,-0.0359,0.0433,0.0197,0.0163,-2.1572,-10.904,0.905,0.1617,1.58716,1.4077,0.00209788,0.1608,0.1979,-13.182,3.812,-2.1608,0.0197,0.0163
356.41,83.200,0.1608,0.1979,0.1279,-0.0350,0.0425,0.0197,0.0162,-2.1539,-10.906,0.902,0.1607,1.62459,1.42717,0.00237469,0.1592,0.2121,-13.200,3.817,-2.1574,0.0197,0.0163
356.51,83.240,0.1592,0.2121,0.1300,-0.0362,0.0442,0.0198,0.0162,-2.1505,-10.909,0.898,0.1604,1.67605,1.45358,0.00237469,0.1592,0.2121,-13.223,3.825,-2.1523,0.0198,0.0162
356.61,83.260,0.1592,0.2121,0.1297,-0.0360,0.0442,0.0198,0.0161,-2.1478,-10.911,0.895,0.1602,1.67605,1.45358,0.00237469,0.1592,0.2121,-13.223,3.825,-2.1523,0.0198,0.0161
356.71,83.280,0.1592,0.2121,0.1420,0.0105,0.0085,0.0199,0.0161,-2.1451,-10.912,0.893,0.1572,1.71582,1.47372,0.00209788,0.1592,0.2121,-13.240,3.830,-2.1484,0.0198,0.0161
356.81,83.300,0.1592,0.2121,0.1423,0.0105,0.0085,0.0199,0.0160,-2.1424,-10.914,0.890,0.1569,1.75665,1.49415,0.00237469,0.1577,0.2241,-13.257,3.836,-2.1442,0.0199,0.0160
356.91,83.320,0.1577,0.2240,0.1507,-0.0214,0.0493,0.0200,0.0159,-2.1390,-10.916,0.887,0.1570,1.75665,1.49415,0.00237469,0.1577,0.2241,-13.257,3.836,-2.1442,0.0199,0.0160
357.01,83.340,0.1577,0.2241,0.1510,-0.0213,0.0494,0.0200,0.0159,-2.1357,-10.918,0.885,0.1571,1.81275,1.52182,0.00237469,0.1577,0.2241,-13.280,3.843,-2.1384,0.0200,0.0159
357.11,83.360,0.1577,0.2241,0.1514,-0.0212,0.0495,0.0201,0.0158,-2.1323,-10.920,0.882,0.1572,1.85613,1.54288,0.00209788,0.1577,0.2241,-13.297,3.849,-2.1338,0.0201,0.0158
357.21,83.380,0.1577,0.2241,0.1517,-0.0211,0.0496,0.0201,0.0157,-2.1289,-10.922,0.879,0.1572,1.85613,1.54288,0.00209788,0.1577,0.2241,-13.297,3.849,-2.1338,0.0201,0.0158
357.31,83.400,0.1577,0.2241,0.1418,0.4248,0.3949,0.0202,0.0157,-2.1258,-10.924,0.876,0.1635,1.90065,1.56421,0.00237469,0.1729,-0.0951,-13.315,3.854,-2.1292,0.0202,0.0157
357.41,83.420,0.1701,0.2086,0.1319,0.0234,0.0181,0.0202,0.0156,-2.1227,-10.926,0.873,0.1678,1.96181,1.59305,0.00237469,0.1729,-0.0951,-13.338,3.861,-2.1235,0.0202,0.0156
357.51,83.460,0.1729,0.1686,0.1185,0.0224,0.0173,0.0203,0.0156,-2.1200,-10.928,0.869,0.1689,1.96181,1.59305,0.00237469,0.1729,-0.0951,-13.338,3.861,-2.1235,0.0202,0.0156
357.61,83.480,0.1729,0.1486,0.0983,0.0209,0.0160,0.0203,0.0155,-2.1176,-10.930,0.866,0.1700,2.00907,1.615,0.00209788,0.1729,-0.0951,-13.356,3.865,-2.1197,0.0203,0.0155
357.71,83.500,0.1729,0.1286,0.0848,0.0199,0.0152,0.0203,0.0155,-2.1154,-10.932,0.862,0.1715,2.05752,1.63725,0.00237469,0.1735,-0.0900,-13.374,3.870,-2.1167,0.0203,0.0155
357.81,83.520,0.1735,0.1086,0.0644,0.0183,0.0139,0.0204,0.0154,-2.1135,-10.934,0.858,0.1727,2.12398,1.66741,0.00237469,0.1735,-0.0900,-13.397,3.877,-2.1135,0.0203,0.0154
357.91,83.560,0.1735,0.0686,0.0439,-0.0238,0.0662,0.0204,0.0154,-2.1122,-10.937,0.855,0.1734,2.12398,1.66741,0.00237469,0.1735,-0.0900,-13.397,3.877,-2.1135,0.0204,0.0154
358.01,83.580,0.1735,0.0486,0.0302,-0.0240,0.0643,0.0204,0.0154,-2.1114,-10.939,0.851,0.1734,2.17523,1.69043,0.00209788,0.1735,-0.0900,-13.415,3.881,-2.1119,0.0204,0.0154
358.11,83.600,0.1735,0.0286,0.0165,-0.0242,0.0623,0.0204,0.0154,-2.1110,-10.940,0.848,0.1746,2.22768,1.71383,0.00237469,0.1752,-0.0753,-13.433,3.886,-2.1109,0.0204,0.0154
358.21,83.620,0.1752,0.0086,0.0028,-0.0242,0.0600,0.0204,0.0154,-2.1108,-10.943,0.845,0.1753,2.22768,1.71383,0.00237469,0.1752,-0.0753,-13.433,3.886,-2.1109,0.0204,0.0154
358.31,83.640,0.1752,-0.0114,-0.0177,0.0117,0.0088,0.0204,0.0154,-2.1111,-10.945,0.841,0.1761,2.29951,1.74565,0.00237469,0.1752,-0.0753,-13.457,3.892,-2.1106,0.0204,0.0154
358.41,83.660,0.1752,-0.0314,-0.0314,0.0101,0.0076,0.0204,0.0154,-2.1118,-10.947,0.837,0.1770,2.35479,1.77003,0.00209788,0.1752,-0.0753,-13.475,3.897,-2.1110,0.0204,0.0154
358.51,83.700,0.1752,-0.0713,-0.0514,0.0008,0.0006,0.0204,0.0154,-2.1129,-10.949,0.833,0.1789,2.41127,1.79488,0.00237469,0.1782,-0.0498,-13.493,3.901,-2.1121,0.0204,0.0154
358.61,83.720,0.1782,-0.0598,-0.0377,-0.0161,-0.0122,0.0203,0.0154,-2.1140,-10.952,0.829,0.1801,2.41127,1.79488,0.00237469,0.1782,-0.0498,-13.493,3.901,-2.1121,0.0204,0.0154
358.71,83.740,0.1782,-0.0498,-0.0339,-0.0257,0.0272,0.0203,0.0155,-2.1149,-10.954,0.825,0.1801,2.48847,1.82881,0.00237469,0.1782,-0.0498,-13.517,3.907,-2.1140,0.0203,0.0155
358.81,83.760,0.1782,-0.0498,-0.0339,-0.0261,0.0272,0.0203,0.0155,-2.1157,-10.957,0.822,0.1801,2.5478,1.85485,0.00209788,0.1782,-0.0498,-13.534,3.912,-2.1151,0.0203,0.0155
358.91,83.800,0.1782,-0.0498,-0.0338,-0.0280,0.0274,0.0203,0.0155,-2.1165,-10.959,0.818,0.1817,2.60838,1.88142,0.00237469,0.1821,-0.0165,-13.552,3.917,-2.1161,0.0203,0.0155
359.01,83.820,0.1821,-0.0343,-0.0178,-0.3752,-0.2866,0.0203,0.0155,-2.1171,-10.961,0.814,0.1823,2.60838,1.88142,0.00237469,0.1821,-0.0165,-13.552,3.917,-2.1161,0.0203,0.0155
359.11,83.840,0.1821,-0.0169,-0.0103,-0.0251,0.0310,0.0203,0.0155,-2.1173,-10.964,0.810,0.1823,2.69114,1.91766,0.00237469,0.1821,-0.0165,-13.577,3.923,-2.1172,0.0203,0.0155
359.21,83.880,0.1821,-0.0165,-0.0103,-0.0252,0.0310,0.0203,0.0155,-2.1176,-10.966,0.806,0.1823,2.75475,1.94545,0.00209788,0.1821,-0.0165,-13.595,3.927,-2.1175,0.0203,0.0155
359.31,83.900,0.1821,-0.0165,-0.0103,-0.0252,0.0310,0.0203,0.0155,-2.1179,-10.969,0.802,0.1824,2.8197,1.97377,0.00237469,0.1823,0.0149,-13.613,3.932,-2.1178,0.0203,0.0155
359.41,83.920,0.1823,-0.0010,0.0085,-0.0076,0.0113,0.0203,0.0155,-2.1178,-10.971,0.798,0.1825,2.8197,1.97377,0.00237469,0.1823,0.0149,-13.613,3.932,-2.1178,0.0203,0.0155
359.51,83.940,0.1823,0.0148,0.0093,-0.0251,0.0345,0.0203,0.0155,-2.1176,-10.974,0.794,0.1825,2.90843,2.01233,0.00237469,0.1823,0.0149,-13.637,3.938,-2.1179,0.0203,0.0155
359.61,83.960,0.1823,0.0149,0.0093,-0.0251,0.0345,0.0203,0.0155,-2.1174,-10.976,0.790,0.1825,2.97661,2.04186,0.00209788,0.1823,0.0149,-13.655,3.943,-2.1177,0.0203,0.0155
359.71,84.000,0.1823,0.0149,0.0093,-0.0251,0.0346,0.0203,0.0155,-2.1171,-10.978,0.786,0.1793,3.04624,2.07191,0.00237469,0.1789,0.0432,-13.673,3.947,-2.1173,0.0203,0.0155
359.81,84.020,0.1789,0.0304,0.0271,-0.0249,0.0375,0.0203,0.0155,-2.1166,-10.981,0.782,0.1797,3.04624,2.07191,0.00237469,0.1789,0.0432,-13.673,3.947,-2.1173,0.0203,0.0155
359.91,84.040,0.1789,0.0432,0.0271,-0.0249,0.0376,0.0203,0.0155,-2.1159,-10.983,0.778,0.1797,1.58389,1.1603,0.00237468,0.1789,0.0432,-13.689,3.949,-2.1167,0.0203,0.0155
360.01,84.080,0.1789,0.0432,0.0271,-0.0249,0.0376,0.0203,0.0155,-2.1151,-10.986,0.774,0.1797,1.62061,1.17516,0.00209788,0.1789,0.0432,-13.707,3.954,-2.1159,0.0203,0.0155
360.11,84.100,0.1789,0.0432,0.0334,-0.0069,0.0149,0.0203,0.0155,-2.1144,-10.988,0.770,0.1774,1.65825,1.19032,0.00237468,0.1765,0.0643,-13.725,3.958,-2.1150,0.0203,0.0155
360.21,84.120,0.1765,0.0587,0.0404,-0.0247,0.0397,0.0204,0.0154,-2.1134,-10.991,0.766,0.1776,1.70986,1.211,0.00237468,0.1765,0.0643,-13.749,3.965,-2.1137,0.0204,0.0154
360.31,84.160,0.1765,0.0643,0.0404,-0.0246,0.0397,0.0204,0.0154,-2.1123,-10.993,0.762,0.1776,1.70986,1.211,0.00237468,0.1765,0.0643,-13.749,3.965,-2.1137,0.0204,0.0154
360.41,84.180,0.1765,0.0643,0.0405,-0.0246,0.0397,0.0204,0.0154,-2.1113,-10.995,0.759,0.1776,1.74969,1.22686,0.00209788,0.1765,0.0643,-13.767,3.969,-2.1125,0.0204,0.0154
360.51,84.200,0.1765,0.0643,0.0468,-0.0062,0.0162,0.0204,0.0154,-2.1102,-10.998,0.755,0.1751,1.79049,1.24303,0.00237469,0.1737,0.0879,-13.785,3.974,-2.1112,0.0204,0.0154
360.61,84.240,0.1737,0.0879,0.0553,-0.0242,0.0419,0.0204,0.0153,-2.1088,-11.000,0.751,0.1753,1.84643,1.26506,0.00237469,0.1737,0.0879,-13.809,3.980,-2.1093,0.0204,0.0153
360.71,84.260,0.1737,0.0879,0.0554,-0.0242,0.0419,0.0205,0.0153,-2.1073,-11.003,0.747,0.1753,1.88959,1.28193,0.00209788,0.1737,0.0879,-13.827,3.985,-2.1077,0.0204,0.0153
360.81,84.280,0.1737,0.0879,0.0557,-0.0230,0.0419,0.0205,0.0153,-2.1060,-11.005,0.743,0.1754,1.88959,1.28193,0.00209788,0.1737,0.0879,-13.827,3.985,-2.1077,0.0205,0.0153
360.91,84.300,0.1737,0.0879,0.0622,-0.0010,0.0170,0.0205,0.0153,-2.1046,-11.007,0.740,0.1732,1.93379,1.29912,0.00237469,0.1712,0.1096,-13.845,3.990,-2.1060,0.0205,0.0153
361.01,84.320,0.1712,0.1034,0.0699,-0.0157,0.0431,0.0205,0.0152,-2.1034,-11.008,0.737,0.1735,1.93379,1.29912,0.00237469,0.1712,0.1096,-13.845,3.990,-2.1060,0.0205,0.0152
361.11,84.340,0.1712,0.1096,0.0756,0.0063,0.0047,0.0205,0.0152,-2.1019,-11.010,0.734,0.1752,1.9944,1.3225,0.00237469,0.1712,0.1096,-13.870,3.996,-2.1035,0.0205,0.0152
361.21,84.360,0.1712,0.1096,0.0756,-0.0233,0.0449,0.0206,0.0152,-2.1000,-11.013,0.730,0.1757,2.04114,1.3404,0.00209788,0.1712,0.1096,-13.888,4.001,-2.1013,0.0206,0.0152
361.31,84.400,0.1712,0.1096,0.0758,-0.0233,0.0450,0.0206,0.0151,-2.0980,-11.015,0.726,0.1736,2.08901,1.35859,0.00237469,0.1688,0.1293,-13.906,4.005,-2.0990,0.0206,0.0151
361.41,84.420,0.1688,0.1251,0.0895,0.0069,0.0260,0.0206,0.0151,-2.0959,-11.017,0.723,0.1743,2.08901,1.35859,0.00237469,0.1688,0.1293,-13.906,4.005,-2.0990,0.0206,0.0151
361.51,84.440,0.1688,0.1293,0.0896,-0.0227,0.0467,0.0207,0.0150,-2.0936,-11.019,0.719,0.1744,2.15465,1.38331,0.00237469,0.1688,0.1293,-13.930,4.012,-2.0957,0.0207,0.0150
364.05,85.060,0.1750,-0.0767,-0.0540,-0.0240,0.0254,0.0210,0.0145,-2.0692,-11.072,0.627,0.1752,1.73309,1.04524,0.00209788,0.1750,-0.0767,-14.309,4.098,-2.0687,0.0210,0.0145
364.15,85.080,0.1750,-0.0767,-0.0539,-0.0240,0.0254,0.0210,0.0145,-2.0704,-11.074,0.623,0.1752,1.73309,1.04524,0.00209788,0.1750,-0.0767,-14.309,4.098,-2.0687,0.0210,0.0145
364.25,85.100,0.1750,-0.0767,-0.0469,0.0103,0.0072,0.0210,0.0146,-2.0715,-11.076,0.620,0.1785,1.77318,1.05805,0.00237468,0.1789,-0.0439,-14.327,4.102,-2.0703,0.0210,0.0146
364.35,85.120,0.1789,-0.0612,-0.0328,-0.0012,0.0261,0.0210,0.0146,-2.0723,-11.078,0.616,0.1790,1.82808,1.07562,0.00237468,0.1789,-0.0439,-14.352,4.107,-2.0722,0.0210,0.0146
364.45,85.140,0.1789,-0.0442,-0.0308,-0.0238,0.0287,0.0210,0.0146,-2.0729,-11.080,0.613,0.1790,1.82808,1.07562,0.00237468,0.1789,-0.0439,-14.352,4.107,-2.0722,0.0210,0.0146
364.55,85.160,0.1789,-0.0439,-0.0308,-0.0238,0.0287,0.0210,0.0146,-2.0735,-11.081,0.610,0.1790,1.87036,1.08915,0.00209788,0.1789,-0.0439,-14.371,4.111,-2.0731,0.0210,0.0146
364.65,85.180,0.1789,-0.0439,-0.0308,-0.0238,0.0287,0.0209,0.0146,-2.0742,-11.083,0.607,0.1790,1.87036,1.08915,0.00209788,0.1789,-0.0439,-14.371,4.111,-2.0731,0.0209,0.0146
364.75,85.220,0.1828,-0.0284,-0.0168,0.0126,0.0088,0.0209,0.0146,-2.0747,-11.085,0.603,0.1825,1.91363,1.103,0.00237469,0.1828,-0.0103,-14.390,4.116,-2.0740,0.0209,0.0146
364.85,85.240,0.1828,-0.0108,-0.0072,-0.0237,0.0326,0.0209,0.0146,-2.0749,-11.087,0.600,0.1828,1.97288,1.12196,0.00237469,0.1828,-0.0103,-14.415,4.121,-2.0749,0.0209,0.0146
364.95,85.260,0.1828,-0.0103,-0.0072,-0.0237,0.0326,0.0209,0.0146,-2.0751,-11.089,0.596,0.1828,2.01851,1.13654,0.00209788,0.1828,-0.0103,-14.433,4.125,-2.0752,0.0209,0.0146
365.05,85.280,0.1828,-0.0103,-0.0072,-0.0237,0.0326,0.0209,0.0146,-2.0753,-11.091,0.592,0.1828,2.01851,1.13654,0.00209788,0.1828,-0.0103,-14.433,4.125,-2.0752,0.0209,0.0146
365.15,85.300,0.1828,-0.0103,-0.0002,-0.0262,0.0674,0.0209,0.0146,-2.0754,-11.093,0.589,0.1816,2.06519,1.15145,0.00237469,0.1816,0.0202,-14.452,4.129,-2.0754,0.0209,0.0146
365.25,85.320,0.1816,0.0052,0.0138,0.0153,0.0107,0.0209,0.0146,-2.0751,-11.096,0.585,0.1825,2.1291,1.17182,0.00237469,0.1816,0.0202,-14.477,4.135,-2.0753,0.0209,0.0146
365.35,85.360,0.1816,0.0202,0.0142,-0.0237,0.0365,0.0209,0.0146,-2.0748,-11.098,0.581,0.1825,2.1291,1.17182,0.00237469,0.1816,0.0202,-14.477,4.135,-2.0753,0.0209,0.0146
365.45,85.380,0.1816,0.0202,0.0142,-0.0237,0.0365,0.0209,0.0146,-2.0744,-11.100,0.577,0.1825,2.17833,1.18747,0.00209788,0.1816,0.0202,-14.496,4.139,-2.0749,0.0209,0.0146
365.55,85.400,0.1816,0.0202,0.0142,-0.0237,0.0365,0.0209,0.0146,-2.0741,-11.102,0.573,0.1797,2.22868,1.20345,0.00237469,0.1784,0.0475,-14.515,4.143,-2.0744,0.0209,0.0146
365.65,85.420,0.1784,0.0357,0.0334,0.0028,0.0020,0.0210,0.0146,-2.0733,-11.104,0.569,0.1805,2.29762,1.22524,0.00237469,0.1784,0.0475,-14.540,4.149,-2.0736,0.0210,0.0146
365.75,85.460,0.1784,0.0475,0.0334,-0.0235,0.0398,0.0210,0.0146,-2.0724,-11.107,0.565,0.1805,2.29762,1.22524,0.00237469,0.1784,0.0475,-14.540,4.149,-2.0736,0.0210,0.0146
365.85,85.480,0.1784,0.0475,0.0334,-0.0235,0.0399,0.0210,0.0146,-2.0715,-11.109,0.561,0.1805,2.35071,1.24197,0.00209788,0.1784,0.0475,-14.559,4.153,-2.0726,0.0210,0.0146
365.95,85.500,0.1784,0.0475,0.0405,0.0176,0.0122,0.0210,0.0145,-2.0707,-11.111,0.557,0.1782,2.40501,1.25901,0.00237469,0.1755,0.0721,-14.578,4.157,-2.0715,0.0210,0.0145
366.05,85.540,0.1755,0.0721,0.0511,-0.0244,0.0420,0.0210,0.0145,-2.0693,-11.113,0.553,0.1787,2.47934,1.28223,0.00237469,0.1755,0.0721,-14.603,4.163,-2.0699,0.0210,0.0145
366.15,85.560,0.1755,0.0721,0.0513,-0.0265,0.0416,0.0210,0.0145,-2.0680,-11.116,0.549,0.1787,2.47934,1.28223,0.00237469,0.1755,0.0721,-14.603,4.163,-2.0699,0.0210,0.0145
366.25,85.580,0.1755,0.0721,0.0411,-0.0271,0.0388,0.0211,0.0145,-2.0670,-11.118,0.545,0.1765,2.53658,1.30001,0.00209788,0.1755,0.0721,-14.622,4.167,-2.0684,0.0210,0.0145
366.35,85.600,0.1755,0.0721,0.0559,0.0015,0.0010,0.0211,0.0144,-2.0658,-11.119,0.542,0.1745,2.59512,1.31812,0.00237469,0.1730,0.0943,-14.641,4.172,-2.0669,0.0211,0.0145
366.45,85.620,0.1730,0.0876,0.0714,0.0059,0.0040,0.0211,0.0144,-2.0644,-11.121,0.539,0.1751,2.59512,1.31812,0.00237469,0.1730,0.0943,-14.641,4.172,-2.0669,0.0211,0.0144
366.55,85.640,0.1730,0.0943,0.0733,-0.0224,0.0455,0.0211,0.0144,-2.0629,-11.123,0.536,0.1755,2.67525,1.34275,0.00237469,0.1730,0.0943,-14.666,4.177,-2.0644,0.0211,0.0144
366.65,85.660,0.1730,0.0943,0.0734,-0.0224,0.0455,0.0211,0.0143,-2.0612,-11.125,0.532,0.1755,2.73694,1.36158,0.00209788,0.1730,0.0943,-14.685,4.181,-2.0622,0.0211,0.0144
366.75,85.680,0.1730,0.0943,0.0734,-0.0224,0.0456,0.0212,0.0143,-2.0593,-11.127,0.528,0.1755,2.73694,1.36158,0.00209788,0.1730,0.0943,-14.685,4.181,-2.0622,0.0212,0.0143
366.85,85.720,0.1707,0.1097,0.0887,-0.0097,0.0288,0.0212,0.0143,-2.0575,-11.129,0.525,0.1738,2.80005,1.38072,0.00237469,0.1707,0.1137,-14.704,4.186,-2.0599,0.0212,0.0143
366.95,85.740,0.1707,0.1137,0.0888,-0.0221,0.0475,0.0212,0.0142,-2.0552,-11.131,0.521,0.1738,2.88642,1.4067,0.00237469,0.1707,0.1137,-14.729,4.191,-2.0567,0.0212,0.0142
367.05,85.760,0.1707,0.1137,0.0889,-0.0224,0.0477,0.0213,0.0142,-2.0529,-11.133,0.517,0.1738,2.95293,1.42653,0.00209788,0.1707,0.1137,-14.748,4.196,-2.0540,0.0212,0.0142
367.15,85.780,0.1707,0.1137,0.0889,-0.0231,0.0478,0.0213,0.0141,-2.0505,-11.136,0.513,0.1738,3.02094,1.44666,0.00237469,0.1687,0.1304,-14.767,4.200,-2.0513,0.0213,0.0141
367.25,85.820,0.1687,0.1285,0.1019,-0.0277,0.0501,0.0213,0.0141,-2.0482,-11.138,0.509,0.1723,3.02094,1.44666,0.00237469,0.1687,0.1304,-14.767,4.200,-2.0513,0.0213,0.0141
367.35,85.840,0.1687,0.1304,0.0931,-0.0214,0.0478,0.0214,0.0140,-2.0457,-11.140,0.506,0.1694,3.11402,1.47394,0.00237469,0.1687,0.1304,-14.792,4.205,-2.0475,0.0213,0.0140
367.45,85.860,0.1687,0.1304,0.0933,-0.0213,0.0479,0.0214,0.0140,-2.0432,-11.142,0.502,0.1694,3.18568,1.49473,0.00209788,0.1687,0.1304,-14.811,4.209,-2.0446,0.0214,0.0140
367.55,85.900,0.1687,0.1304,0.0935,-0.0213,0.0480,0.0214,0.0139,-2.0408,-11.144,0.498,0.1686,3.25895,1.51581,0.00237469,0.1670,0.1455,-14.830,4.213,-2.0418,0.0214,0.0139
367.65,85.920,0.1670,0.1445,0.1044,-0.0209,0.0491,0.0215,0.0139,-2.0383,-11.146,0.494,0.1678,3.25895,1.51581,0.00237469,0.1670,0.1455,-14.830,4.213,-2.0418,0.0214,0.0139
367.75,85.940,0.1670,0.1455,0.1046,-0.0208,0.0491,0.0215,0.0138,-2.0360,-11.148,0.491,0.1678,3.35919,1.54436,0.00237469,0.1670,0.1455,-14.856,4.219,-2.0379,0.0215,0.0138
367.85,85.960,0.1670,0.1455,0.1048,-0.0207,0.0492,0.0215,0.0138,-2.0337,-11.150,0.488,0.1678,3.43633,1.56609,0.00209788,0.1670,0.1455,-14.875,4.223,-2.0347,0.0215,0.0138
367.95,85.980,0.1670,0.1455,0.1049,-0.0206,0.0493,0.0216,0.0137,-2.0313,-11.151,0.484,0.1679,3.43633,1.56609,0.00209788,0.1670,0.1455,-14.875,4.223,-2.0347,0.0215,0.0137
368.05,86.000,0.1670,0.1455,0.0978,0.0227,0.0144,0.0216,0.0137,-2.0292,-11.153,0.481,0.1693,3.51519,1.5881,0.00237469,0.1685,-0.1324,-14.894,4.227,-2.0316,0.0216,0.0137
368.15,86.040,0.1685,0.1100,0.0763,-0.0271,0.0900,0.0216,0.0136,-2.0269,-11.155,0.477,0.1691,1.76832,0.941875,0.00237468,0.1685,-0.1324,-14.911,4.228,-2.0276,0.0216,0.0136
368.25,86.060,0.1685,0.0900,0.0619,-0.0274,0.0884,0.0216,0.0136,-2.0251,-11.157,0.473,0.1690,1.8092,0.952833,0.00209788,0.1685,-0.1324,-14.930,4.231,-2.0254,0.0216,0.0136
368.35,86.080,0.1685,0.0700,0.0402,-0.0277,0.0858,0.0217,0.0136,-2.0240,-11.159,0.469,0.1688,1.8092,0.952833,0.00209788,0.1685,-0.1324,-14.930,4.231,-2.0254,0.0217,0.0136
368.45,86.100,0.1685,0.0500,0.0258,-0.0279,0.0838,0.0217,0.0135,-2.0234,-11.161,0.467,0.1695,1.85113,0.963987,0.00237468,0.1693,-0.1254,-14.949,4.235,-2.0238,0.0217,0.0135
368.55,86.120,0.1693,0.0300,0.0113,-0.0280,0.0816,0.0217,0.0135,-2.0230,-11.162,0.463,0.1694,1.90865,0.979185,0.00237468,0.1693,-0.1254,-14.974,4.240,-2.0227,0.0217,0.0135
368.65,86.160,0.1693,-0.0100,-0.0105,0.0149,0.0093,0.0217,0.0135,-2.0230,-11.164,0.459,0.1698,1.90865,0.979185,0.00237468,0.1693,-0.1254,-14.974,4.240,-2.0227,0.0217,0.0135
368.75,86.180,0.1693,-0.0300,-0.0250,0.0138,0.0086,0.0217,0.0135,-2.0236,-11.166,0.455,0.1708,1.95302,0.990851,0.00209788,0.1693,-0.1254,-14.993,4.244,-2.0227,0.0217,0.0135
368.85,86.200,0.1693,-0.0500,-0.0467,0.0120,0.0075,0.0216,0.0136,-2.0245,-11.168,0.451,0.1735,1.99845,1.00277,0.00237469,0.1718,-0.1040,-15.013,4.247,-2.0234,0.0216,0.0136
368.95,86.220,0.1718,-0.0700,-0.0611,0.0108,0.0068,0.0216,0.0136,-2.0259,-11.170,0.448,0.1743,2.06067,1.01908,0.00237469,0.1718,-0.1040,-15.038,4.252,-2.0253,0.0216,0.0136
369.05,86.260,0.1718,-0.1040,-0.0751,-0.0060,-0.0038,0.0216,0.0136,-2.0277,-11.172,0.444,0.1750,2.06067,1.01908,0.00237469,0.1718,-0.1040,-15.038,4.252,-2.0253,0.0216,0.0136
369.15,86.280,0.1718,-0.1040,-0.0751,-0.0060,-0.0038,0.0216,0.0137,-2.0293,-11.174,0.440,0.1753,2.10858,1.03165,0.00209788,0.1718,-0.1040,-15.057,4.256,-2.0274,0.0216,0.0137
369.25,86.300,0.1718,-0.1040,-0.0750,-0.0060,-0.0038,0.0216,0.0137,-2.0308,-11.175,0.437,0.1768,2.15756,1.04455,0.00237469,0.1756,-0.0713,-15.077,4.260,-2.0298,0.0216,0.0137
369.35,86.320,0.1756,-0.0885,-0.0605,-0.0204,-0.0130,0.0215,0.0137,-2.0323,-11.177,0.434,0.1785,2.15756,1.04455,0.00237469,0.1756,-0.0713,-15.077,4.260,-2.0298,0.0215,0.0137
369.45,86.340,0.1756,-0.0715,-0.0513,-0.0042,-0.0027,0.0215,0.0138,-2.0334,-11.179,0.430,0.1788,2.22455,1.06224,0.00237469,0.1756,-0.0713,-15.102,4.265,-2.0326,0.0215,0.0137
369.55,86.360,0.1756,-0.0713,-0.0513,-0.0042,-0.0027,0.0215,0.0138,-2.0345,-11.181,0.427,0.1791,2.27609,1.07589,0.00209788,0.1756,-0.0713,-15.122,4.268,-2.0342,0.0215,0.0138
369.65,86.380,0.1756,-0.0713,-0.0513,-0.0228,0.0264,0.0215,0.0138,-2.0356,-11.182,0.423,0.1791,2.27609,1.07589,0.00209788,0.1756,-0.0713,-15.122,4.268,-2.0342,0.0215,0.0138
369.75,86.400,0.1756,-0.0713,-0.0440,-0.0190,-0.0122,0.0215,0.0138,-2.0367,-11.184,0.420,0.1832,2.32877,1.08987,0.00237469,0.1811,-0.0248,-15.141,4.272,-2.0358,0.0215,0.0138
369.85,86.420,0.1811,-0.0558,-0.0297,-0.0709,0.0710,0.0215,0.0138,-2.0375,-11.186,0.416,0.1829,2.40082,1.10902,0.00237469,0.1811,-0.0248,-15.167,4.277,-2.0375,0.0215,0.0138
369.95,86.440,0.1811,-0.0358,-0.0178,-0.0225,0.0316,0.0215,0.0139,-2.0379,-11.188,0.412,0.1823,2.40082,1.10902,0.00237469,0.1811,-0.0248,-15.167,4.277,-2.0375,0.0215,0.0138
370.05,86.460,0.1811,-0.0248,-0.0178,-0.0225,0.0316,0.0215,0.0139,-2.0383,-11.190,0.409,0.1823,2.45624,1.12377,0.00209788,0.1811,-0.0248,-15.186,4.281,-2.0382,0.0215,0.0139
370.15,86.480,0.1811,-0.0248,-0.0178,-0.0225,0.0316,0.0215,0.0139,-2.0387,-11.191,0.406,0.1823,2.45624,1.12377,0.00209788,0.1811,-0.0248,-15.186,4.281,-2.0382,0.0215,0.0139
370.25,86.500,0.1811,-0.0248,-0.0106,-0.0161,-0.0104,0.0214,0.0139,-2.0389,-11.193,0.402,0.1841,2.51289,1.13885,0.00237469,0.1837,-0.0026,-15.206,4.284,-2.0387,0.0214,0.0139
370.35,86.520,0.1837,-0.0093,-0.0019,-0.0225,0.0344,0.0214,0.0139,-2.0390,-11.195,0.399,0.1838,2.59037,1.15945,0.00237469,0.1837,-0.0026,-15.232,4.289,-2.0391,0.0214,0.0139
370.45,86.560,0.1837,-0.0026,-0.0019,-0.0225,0.0344,0.0214,0.0139,-2.0390,-11.197,0.395,0.1838,2.59037,1.15945,0.00237469,0.1837,-0.0026,-15.232,4.289,-2.0391,0.0214,0.0139
370.55,86.580,0.1837,-0.0026,-0.0019,-0.0225,0.0344,0.0214,0.0139,-2.0391,-11.199,0.392,0.1838,2.64998,1.17529,0.00209788,0.1837,-0.0026,-15.251,4.293,-2.0391,0.0214,0.0139
370.65,86.600,0.1837,-0.0026,-0.0019,-0.0225,0.0344,0.0214,0.0139,-2.0391,-11.200,0.389,0.1821,2.7109,1.19145,0.00237469,0.1810,0.0256,-15.271,4.297,-2.0391,0.0214,0.0139
370.75,86.620,0.1810,0.0129,0.0125,-0.0173,-0.0043,0.0214,0.0139,-2.0389,-11.202,0.385,0.1811,2.7109,1.19145,0.00237469,0.1810,0.0256,-15.271,4.297,-2.0391,0.0214,0.0139
370.85,86.640,0.1810,0.0256,0.0184,-0.0224,0.0380,0.0215,0.0139,-2.0384,-11.204,0.380,0.1811,2.7942,1.21352,0.00237469,0.1810,0.0256,-15.297,4.302,-2.0389,0.0215,0.0139
370.95,86.660,0.1810,0.0256,0.0184,-0.0224,0.0380,0.0215,0.0139,-2.0380,-11.206,0.377,0.1811,2.85827,1.23045,0.00209788,0.1810,0.0256,-15.316,4.306,-2.0383,0.0215,0.0139
371.05,86.700,0.1810,0.0256,0.0184,-0.0224,0.0380,0.0215,0.0138,-2.0375,-11.208,0.373,0.1803,2.92375,1.24772,0.00237469,0.1779,0.0517,-15.336,4.309,-2.0378,0.0215,0.0138
371.15,86.720,0.1779,0.0411,0.0328,-0.0170,-0.0014,0.0215,0.0138,-2.0368,-11.210,0.369,0.1782,2.92375,1.24772,0.00237469,0.1779,0.0517,-15.336,4.309,-2.0378,0.0215,0.0138
371.25,86.740,0.1779,0.0517,0.0371,-0.0222,0.0410,0.0215,0.0138,-2.0359,-11.212,0.365,0.1782,3.01327,1.27125,0.00237469,0.1779,0.0517,-15.362,4.314,-2.0367,0.0215,0.0138
371.35,86.760,0.1779,0.0517,0.0372,-0.0221,0.0410,0.0215,0.0138,-2.0349,-11.214,0.361,0.1782,3.08212,1.28927,0.00209788,0.1779,0.0517,-15.381,4.318,-2.0356,0.0215,0.0138
371.45,86.800,0.1779,0.0517,0.0372,-0.0221,0.0411,0.0215,0.0138,-2.0340,-11.216,0.357,0.1774,3.15248,1.30763,0.00237469,0.1752,0.0750,-15.401,4.322,-2.0345,0.0215,0.0138
371.55,86.820,0.1752,0.0672,0.0516,-0.0164,0.0007,0.0215,0.0137,-2.0329,-11.218,0.353,0.1756,3.15248,1.30763,0.00237469,0.1752,0.0750,-15.401,4.322,-2.0345,0.0215,0.0137
371.65,86.840,0.1752,0.0750,0.0541,-0.0218,0.0436,0.0216,0.0137,-2.0314,-11.221,0.349,0.1756,3.24866,1.3326,0.00237469,0.1752,0.0750,-15.427,4.327,-2.0327,0.0216,0.0137
371.75,86.860,0.1752,0.0750,0.0541,-0.0218,0.0436,0.0216,0.0137,-2.0300,-11.223,0.345,0.1756,3.32263,1.3517,0.00209788,0.1752,0.0750,-15.446,4.331,-2.0310,0.0216,0.0137
371.85,86.900,0.1752,0.0750,0.0542,-0.0217,0.0436,0.0216,0.0137,-2.0287,-11.225,0.341,0.1741,3.39821,1.37112,0.00237469,0.1728,0.0960,-15.466,4.335,-2.0294,0.0216,0.0137
371.95,86.920,0.1728,0.0905,0.0687,-0.0156,0.0019,0.0216,0.0136,-2.0274,-11.226,0.338,0.1733,3.39821,1.37112,0.00237469,0.1728,0.0960,-15.466,4.335,-2.0294,0.0216,0.0136
372.05,86.940,0.1728,0.0960,0.0694,-0.0214,0.0457,0.0216,0.0136,-2.0259,-11.228,0.334,0.1734,3.50152,1.3975,0.00237469,0.1728,0.0960,-15.492,4.340,-2.0269,0.0216,0.0136
372.15,86.960,0.1728,0.0960,0.0695,-0.0213,0.0457,0.0217,0.0136,-2.0242,-11.230,0.331,0.1734,3.58096,1.41764,0.00209788,0.1728,0.0960,-15.512,4.344,-2.0248,0.0216,0.0136
372.25,86.980,0.1728,0.0960,0.0696,-0.0212,0.0458,0.0217,0.0135,-2.0225,-11.232,0.327,0.1734,3.58096,1.41764,0.00209788,0.1728,0.0960,-15.512,4.344,-2.0248,0.0217,0.0135
372.35,87.000,0.1728,0.0960,0.0769,-0.0149,0.0016,0.0217,0.0135,-2.0209,-11.234,0.324,0.1713,3.66212,1.43809,0.00237469,0.1706,0.1147,-15.531,4.348,-2.0227,0.0217,0.0135
372.45,87.020,0.1706,0.1113,0.0833,-0.0208,0.0474,0.0217,0.0134,-2.0189,-11.236,0.320,0.1713,1.82439,0.871994,0.00237468,0.1706,0.1147,-15.546,4.348,-2.0197,0.0217,0.0135
372.55,87.060,0.1706,0.1147,0.0834,-0.0208,0.0475,0.0218,0.0134,-2.0167,-11.238,0.316,0.1714,1.82439,0.871994,0.00237468,0.1706,0.1147,-15.546,4.348,-2.0197,0.0217,0.0134
372.65,87.080,0.1706,0.1147,0.0835,-0.0207,0.0475,0.0218,0.0133,-2.0147,-11.239,0.312,0.1714,1.86612,0.882312,0.00209788,0.1706,0.1147,-15.566,4.351,-2.0172,0.0218,0.0134
372.75,87.100,0.1706,0.1147,0.0909,-0.0139,0.0017,0.0218,0.0133,-2.0128,-11.241,0.309,0.1701,1.90892,0.892813,0.00237468,0.1692,0.1262,-15.585,4.355,-2.0146,0.0218,0.0133
372.85,87.120,0.1692,0.1262,0.0921,-0.0204,0.0486,0.0218,0.0133,-2.0104,-11.243,0.305,0.1702,1.96768,0.907092,0.00237468,0.1692,0.1262,-15.612,4.360,-2.0111,0.0218,0.0133
372.95,87.160,0.1692,0.1262,0.0923,-0.0203,0.0487,0.0219,0.0132,-2.0080,-11.245,0.301,0.1702,1.96768,0.907092,0.00237468,0.1692,0.1262,-15.612,4.360,-2.0111,0.0219,0.0132
373.05,87.180,0.1692,0.1262,0.0922,-0.0124,0.0681,0.0219,0.0131,-2.0056,-11.247,0.297,0.1702,2.01305,0.918008,0.00209788,0.1692,0.1262,-15.631,4.364,-2.0083,0.0219,0.0131
373.15,87.200,0.1692,0.1262,0.0996,-0.0123,0.0022,0.0219,0.0131,-2.0031,-11.249,0.293,0.1668,2.05957,0.929104,0.00237469,0.1656,0.1412,-15.651,4.367,-2.0055,0.0219,0.0131
373.25,87.220,0.1656,0.1402,0.1033,-0.0193,0.0508,0.0220,0.0130,-2.0007,-11.251,0.290,0.1668,2.12342,0.94417,0.00237469,0.1656,0.1412,-15.677,4.372,-2.0016,0.0220,0.0131
373.35,87.260,0.1656,0.1412,0.1033,-0.0188,0.0518,0.0220,0.0130,-1.9983,-11.253,0.286,0.1669,2.12342,0.94417,0.00237469,0.1656,0.1412,-15.677,4.372,-2.0016,0.0220,0.0130
373.45,87.280,0.1656,0.1412,0.1033,-0.0180,0.0536,0.0220,0.0129,-1.9960,-11.254,0.283,0.1669,2.1727,0.95567,0.00209788,0.1656,0.1412,-15.697,4.375,-1.9985,0.0220,0.0129
373.55,87.300,0.1656,0.1412,0.1031,-0.0121,0.0519,0.0221,0.0129,-1.9938,-11.256,0.280,0.1706,2.22322,0.967341,0.00237469,0.1709,-0.0955,-15.716,4.379,-1.9954,0.0220,0.0129
373.65,87.320,0.1709,0.1257,0.0708,0.3670,0.2136,0.0221,0.0128,-1.9917,-11.258,0.276,0.1723,2.22322,0.967341,0.00237469,0.1709,-0.0955,-15.716,4.379,-1.9954,0.0221,0.0128
373.75,87.340,0.1709,0.1057,0.0619,0.0059,0.0034,0.0221,0.0128,-1.9901,-11.260,0.272,0.1730,2.29253,0.983166,0.00237469,0.1709,-0.0955,-15.742,4.383,-1.9916,0.0221,0.0128
373.85,87.380,0.1709,0.0657,0.0453,0.2591,0.1498,0.0221,0.0128,-1.9888,-11.262,0.268,0.1737,2.34599,0.995245,0.00209788,0.1709,-0.0955,-15.762,4.386,-1.9896,0.0221,0.0128
373.95,87.400,0.1709,0.0457,0.0305,-0.0726,0.0928,0.0221,0.0128,-1.9879,-11.264,0.264,0.1739,2.40073,1.00753,0.00237469,0.1722,-0.0849,-15.782,4.390,-1.9882,0.0221,0.0128
374.05,87.420,0.1722,0.0257,0.0083,-0.0728,0.0893,0.0221,0.0128,-1.9875,-11.266,0.260,0.1725,2.47573,1.02424,0.00237469,0.1722,-0.0849,-15.808,4.394,-1.9873,0.0221,0.0128
374.15,87.440,0.1722,0.0057,-0.0065,-0.0171,-0.0099,0.0221,0.0128,-1.9877,-11.267,0.256,0.1722,2.47573,1.02424,0.00237469,0.1722,-0.0849,-15.808,4.394,-1.9873,0.0221,0.0128
374.25,87.480,0.1722,-0.0343,-0.0287,-0.0187,-0.0108,0.0221,0.0128,-1.9883,-11.269,0.252,0.1723,2.53349,1.03706,0.00209788,0.1722,-0.0849,-15.828,4.397,-1.9874,0.0221,0.0128
374.35,87.500,0.1722,-0.0543,-0.0474,0.0379,0.0220,0.0221,0.0128,-1.9893,-11.271,0.248,0.1743,2.59256,1.05014,0.00237469,0.1746,-0.0641,-15.848,4.400,-1.9882,0.0221,0.0128
374.45,87.520,0.1746,-0.0641,-0.0474,-0.0035,-0.0020,0.0221,0.0128,-1.9905,-11.273,0.244,0.1747,2.67335,1.06802,0.00237469,0.1746,-0.0641,-15.875,4.404,-1.9900,0.0221,0.0128
374.55,87.540,0.1746,-0.0641,-0.0474,-0.0035,-0.0021,0.0221,0.0128,-1.9916,-11.274,0.240,0.1751,2.67335,1.06802,0.00237469,0.1746,-0.0641,-15.875,4.404,-1.9900,0.0221,0.0128
374.65,87.580,0.1746,-0.0641,-0.0473,-0.0211,0.0281,0.0221,0.0129,-1.9926,-11.276,0.237,0.1751,2.73548,1.0818,0.00209788,0.1746,-0.0641,-15.895,4.407,-1.9915,0.0221,0.0129
374.75,87.600,0.1746,-0.0641,-0.0473,-0.0212,0.0281,0.0221,0.0129,-1.9936,-11.278,0.233,0.1760,2.79895,1.09589,0.00237469,0.1781,-0.0335,-15.914,4.411,-1.9930,0.0221,0.0129
374.85,87.620,0.1781,-0.0486,-0.0325,-0.0285,0.0806,0.0220,0.0129,-1.9944,-11.279,0.230,0.1784,2.79895,1.09589,0.00237469,0.1781,-0.0335,-15.914,4.411,-1.9930,0.0220,0.0129
374.95,87.640,0.1781,-0.0335,-0.0247,-0.0210,0.0315,0.0220,0.0129,-1.9950,-11.281,0.226,0.1784,2.88569,1.11517,0.00237469,0.1781,-0.0335,-15.941,4.415,-1.9947,0.0220,0.0129
375.05,87.660,0.1781,-0.0335,-0.0247,-0.0210,0.0315,0.0220,0.0129,-1.9956,-11.283,0.222,0.1784,2.95238,1.13,0.00209788,0.1781,-0.0335,-15.961,4.418,-1.9954,0.0220,0.0129
375.15,87.680,0.1781,-0.0335,-0.0246,-0.0210,0.0314,0.0220,0.0129,-1.9962,-11.285,0.218,0.1784,2.95238,1.13,0.00209788,0.1781,-0.0335,-15.961,4.418,-1.9954,0.0220,0.0129
375.25,87.700,0.1781,-0.0335,-0.0173,0.0150,0.0088,0.0220,0.0130,-1.9966,-11.286,0.214,0.1818,3.0205,1.14515,0.00237469,0.1817,-0.0028,-15.981,4.421,-1.9962,0.0220,0.0130
375.35,87.740,0.1817,-0.0028,-0.0021,-0.0210,0.0353,0.0220,0.0130,-1.9967,-11.288,0.210,0.1817,3.1136,1.16585,0.00237469,0.1817,-0.0028,-16.008,4.425,-1.9968,0.0220,0.0130
375.45,87.760,0.1817,-0.0028,-0.0021,-0.0210,0.0353,0.0220,0.0130,-1.9968,-11.290,0.206,0.1817,3.18516,1.18174,0.00209788,0.1817,-0.0028,-16.028,4.429,-1.9969,0.0220,0.0130
375.55,87.780,0.1817,-0.0028,-0.0021,-0.0210,0.0353,0.0220,0.0130,-1.9968,-11.292,0.202,0.1817,3.18516,1.18174,0.00209788,0.1817,-0.0028,-16.028,4.429,-1.9969,0.0220,0.0130
375.65,87.800,0.1817,-0.0028,0.0053,0.0168,0.0099,0.0220,0.0130,-1.9968,-11.294,0.198,0.1797,3.25825,1.19795,0.00237469,0.1792,0.0245,-16.048,4.432,-1.9969,0.0220,0.0130
375.75,87.840,0.1792,0.0245,0.0180,0.0014,0.0008,0.0220,0.0129,-1.9964,-11.296,0.194,0.1804,3.35812,1.22005,0.00237469,0.1792,0.0245,-16.075,4.436,-1.9967,0.0220,0.0129
375.85,87.860,0.1792,0.0245,0.0180,-0.0209,0.0388,0.0220,0.0129,-1.9959,-11.297,0.190,0.1804,3.43488,1.23698,0.00209788,0.1792,0.0245,-16.095,4.439,-1.9961,0.0220,0.0129
375.95,87.880,0.1792,0.0245,0.0180,-0.0209,0.0388,0.0220,0.0129,-1.9955,-11.299,0.186,0.1804,3.43488,1.23698,0.00209788,0.1792,0.0245,-16.095,4.439,-1.9961,0.0220,0.0129
376.05,87.900,0.1792,0.0245,0.0254,0.0184,0.0108,0.0220,0.0129,-1.9950,-11.301,0.182,0.1782,3.51327,1.25423,0.00237469,0.1764,0.0488,-16.115,4.442,-1.9956,0.0220,0.0129
376.15,87.920,0.1764,0.0400,0.0359,0.0028,0.0016,0.0220,0.0129,-1.9942,-11.303,0.178,0.1789,3.62038,1.2777,0.00237469,0.1764,0.0488,-16.142,4.447,-1.9945,0.0220,0.0129
376.25,87.960,0.1764,0.0488,0.0360,-0.0207,0.0418,0.0221,0.0129,-1.9934,-11.305,0.175,0.1789,3.62038,1.2777,0.00237469,0.1764,0.0488,-16.142,4.447,-1.9945,0.0221,0.0129
376.35,87.980,0.1764,0.0488,0.0360,-0.0206,0.0418,0.0221,0.0129,-1.9926,-11.306,0.171,0.1789,3.70269,1.29567,0.00209788,0.1764,0.0488,-16.162,4.450,-1.9934,0.0221,0.0129
376.45,88.000,0.1764,0.0488,0.0360,-0.0206,0.0418,0.0221,0.0128,-1.9917,-11.308,0.167,0.1759,3.78674,1.31393,0.00237469,0.1731,0.0765,-16.182,4.453,-1.9923,0.0221,0.0128
376.55,88.020,0.1731,0.0643,0.0565,0.0043,0.0025,0.0221,0.0128,-1.9905,-11.310,0.163,0.1769,3.78674,1.31393,0.00237469,0.1731,0.0765,-16.182,4.453,-1.9923,0.0221,0.0128
376.65,88.040,0.1731,0.0765,0.0565,-0.0202,0.0449,0.0221,0.0128,-1.9891,-11.312,0.159,0.1771,1.87257,0.813334,0.00237468,0.1731,0.0765,-16.186,4.447,-1.9906,0.0221,0.0128
376.75,88.080,0.1731,0.0765,0.0566,-0.0202,0.0450,0.0221,0.0128,-1.9876,-11.314,0.155,0.1772,1.91549,0.82269,0.00209788,0.1731,0.0765,-16.206,4.451,-1.9889,0.0221,0.0128
376.85,88.100,0.1731,0.0765,0.0566,-0.0201,0.0450,0.0221,0.0127,-1.9863,-11.315,0.152,0.1770,1.9595,0.832221,0.00237468,0.1728,0.0796,-16.226,4.454,-1.9871,0.0221,0.0127
376.95,88.120,0.1728,0.0796,0.0590,-0.0200,0.0453,0.0222,0.0127,-1.9849,-11.317,0.148,0.1770,1.9595,0.832221,0.00237468,0.1728,0.0796,-16.226,4.454,-1.9871,0.0222,0.0127
377.05,88.140,0.1728,0.0796,0.0591,-0.0200,0.0454,0.0222,0.0127,-1.9833,-11.319,0.143,0.1770,2.01989,0.845198,0.00237468,0.1728,0.0796,-16.252,4.458,-1.9848,0.0222,0.0127
377.15,88.180,0.1728,0.0796,0.0591,-0.0199,0.0454,0.0222,0.0126,-1.9818,-11.321,0.139,0.1770,2.06651,0.855133,0.00209788,0.1728,0.0796,-16.272,4.461,-1.9830,0.0222,0.0126
377.25,88.200,0.1728,0.0796,0.0592,-0.0199,0.0455,0.0222,0.0126,-1.9802,-11.323,0.135,0.1754,2.11428,0.865247,0.00237469,0.1708,0.0965,-16.292,4.464,-1.9812,0.0222,0.0126
377.35,88.220,0.1708,0.0945,0.0718,-0.0195,0.0472,0.0222,0.0126,-1.9784,-11.325,0.131,0.1760,2.11428,0.865247,0.00237469,0.1708,0.0965,-16.292,4.464,-1.9812,0.0222,0.0126
377.45,88.240,0.1708,0.0965,0.0719,-0.0195,0.0472,0.0223,0.0125,-1.9768,-11.327,0.127,0.1760,2.17982,0.879006,0.00237469,0.1708,0.0965,-16.319,4.468,-1.9786,0.0223,0.0125
377.55,88.260,0.1708,0.0965,0.0720,-0.0194,0.0473,0.0223,0.0125,-1.9751,-11.328,0.124,0.1760,2.23038,0.889525,0.00209788,0.1708,0.0965,-16.339,4.471,-1.9764,0.0223,0.0125
377.65,88.300,0.1708,0.0965,0.0720,-0.0194,0.0473,0.0223,0.0124,-1.9734,-11.330,0.120,0.1745,2.28219,0.90022,0.00237469,0.1690,0.1126,-16.359,4.474,-1.9743,0.0223,0.0124
377.75,88.320,0.1690,0.1111,0.0842,0.0062,0.0035,0.0223,0.0124,-1.9715,-11.332,0.116,0.1750,2.28219,0.90022,0.00237469,0.1690,0.1126,-16.359,4.474,-1.9743,0.0223,0.0124
377.85,88.340,0.1690,0.1126,0.0843,-0.0189,0.0490,0.0224,0.0123,-1.9694,-11.334,0.112,0.1750,2.35323,0.914744,0.00237469,0.1690,0.1126,-16.385,4.478,-1.9711,0.0224,0.0124
377.95,88.360,0.1690,0.1126,0.0844,-0.0189,0.0490,0.0224,0.0123,-1.9672,-11.336,0.108,0.1751,2.40803,0.92583,0.00209788,0.1690,0.1126,-16.405,4.481,-1.9686,0.0224,0.0123
378.05,88.400,0.1690,0.1126,0.0845,-0.0188,0.0491,0.0224,0.0123,-1.9650,-11.338,0.104,0.1736,2.46415,0.937084,0.00237469,0.1673,0.1270,-16.425,4.484,-1.9661,0.0224,0.0123
378.15,88.420,0.1673,0.1262,0.0954,-0.0124,0.0393,0.0224,0.0122,-1.9630,-11.339,0.101,0.1742,2.46415,0.937084,0.00237469,0.1673,0.1270,-16.425,4.484,-1.9661,0.0224,0.0122
378.25,88.440,0.1673,0.1270,0.0955,-0.0183,0.0505,0.0225,0.0122,-1.9605,-11.341,0.096,0.1743,2.54109,0.952342,0.00237469,0.1673,0.1270,-16.452,4.488,-1.9624,0.0225,0.0122
378.35,88.460,0.1673,0.1270,0.0956,-0.0184,0.0507,0.0225,0.0121,-1.9579,-11.343,0.092,0.1743,2.60042,0.963968,0.00209788,0.1673,0.1270,-16.472,4.491,-1.9596,0.0225,0.0121
378.45,88.500,0.1673,0.1270,0.0958,-0.0182,0.0506,0.0225,0.0120,-1.9556,-11.345,0.088,0.1735,2.66117,0.975753,0.00237469,0.1658,0.1397,-16.492,4.493,-1.9567,0.0225,0.0120
378.55,88.520,0.1658,0.1395,0.1055,-0.0178,0.0517,0.0226,0.0120,-1.9531,-11.347,0.084,0.1735,2.66117,0.975753,0.00237469,0.1658,0.1397,-16.492,4.493,-1.9567,0.0226,0.0120
378.65,88.540,0.1658,0.1397,0.1057,-0.0177,0.0518,0.0226,0.0119,-1.9503,-11.348,0.080,0.1736,2.74443,0.991703,0.00237469,0.1658,0.1397,-16.519,4.497,-1.9526,0.0226,0.0119
378.75,88.560,0.1658,0.1397,0.1059,-0.0177,0.0519,0.0226,0.0119,-1.9478,-11.350,0.077,0.1736,2.80861,1.00384,0.00209788,0.1658,0.1397,-16.539,4.500,-1.9494,0.0226,0.0119
378.85,88.600,0.1658,0.1397,0.1061,-0.0176,0.0520,0.0227,0.0118,-1.9452,-11.352,0.073,0.1736,2.8743,1.01612,0.00237469,0.1645,0.1510,-16.559,4.502,-1.9463,0.0227,0.0118
378.95,88.620,0.1645,0.1510,0.1148,-0.0172,0.0529,0.0227,0.0117,-1.9427,-11.353,0.069,0.1730,2.8743,1.01612,0.00237469,0.1645,0.1510,-16.559,4.502,-1.9463,0.0227,0.0118
379.05,88.640,0.1645,0.1510,0.1149,-0.0171,0.0530,0.0227,0.0117,-1.9404,-11.355,0.066,0.1730,2.96431,1.03271,0.00237469,0.1645,0.1510,-16.586,4.506,-1.9418,0.0227,0.0117
379.15,88.660,0.1645,0.1510,0.1151,-0.0171,0.0531,0.0227,0.0116,-1.9375,-11.357,0.062,0.1730,3.03367,1.04531,0.00209788,0.1645,0.1510,-16.607,4.508,-1.9384,0.0227,0.0116
379.25,88.680,0.1645,0.1510,0.1153,-0.0170,0.0532,0.0228,0.0116,-1.9348,-11.358,0.058,0.1730,3.03367,1.04531,0.00209788,0.1645,0.1510,-16.607,4.508,-1.9384,0.0228,0.0116
379.35,88.700,0.1645,0.1510,0.1231,0.0189,0.0096,0.0228,0.0115,-1.9320,-11.360,0.055,0.1725,3.10464,1.05804,0.00237469,0.1633,0.1610,-16.627,4.511,-1.9349,0.0228,0.0115
379.45,88.740,0.1633,0.1610,0.1234,-0.0165,0.0541,0.0228,0.0114,-1.9288,-11.362,0.050,0.1725,3.20185,1.07521,0.00237469,0.1633,0.1610,-16.654,4.514,-1.9301,0.0228,0.0114
379.55,88.760,0.1633,0.1610,0.1233,-0.0171,0.0543,0.0229,0.0114,-1.9258,-11.364,0.047,0.1724,3.20185,1.07521,0.00237469,0.1633,0.1610,-16.654,4.514,-1.9301,0.0229,0.0114
379.65,88.780,0.1633,0.1610,0.1235,-0.0175,0.0545,0.0229,0.0113,-1.9227,-11.365,0.043,0.1724,3.27673,1.08822,0.00209788,0.1633,0.1610,-16.674,4.516,-1.9264,0.0229,0.0113
379.75,88.800,0.1633,0.1610,0.1303,0.0074,0.0037,0.0229,0.0112,-1.9197,-11.367,0.039,0.1719,3.35334,1.10135,0.00237469,0.1623,0.1698,-16.694,4.519,-1.9227,0.0229,0.0112
379.85,88.820,0.1623,0.1698,0.1304,-0.0195,0.0559,0.0230,0.0112,-1.9168,-11.368,0.036,0.1719,3.45822,1.11903,0.00237469,0.1623,0.1698,-16.721,4.522,-1.9176,0.0230,0.0112
379.95,88.860,0.1623,0.1698,0.1301,-0.0311,0.0586,0.0230,0.0111,-1.9135,-11.370,0.032,0.1717,3.45822,1.11903,0.00237469,0.1623,0.1698,-16.721,4.522,-1.9176,0.0230,0.0111
380.05,88.880,0.1623,0.1698,0.1194,-0.0164,0.0537,0.0230,0.0110,-1.9107,-11.372,0.028,0.1676,3.53898,1.13241,0.00209788,0.1623,0.1698,-16.742,4.524,-1.9136,0.0230,0.0110
380.15,88.900,0.1623,0.1698,0.1196,-0.0163,0.0537,0.0231,0.0110,-1.9081,-11.373,0.025,0.1714,3.62158,1.14588,0.00237469,0.1768,-0.0446,-16.762,4.526,-1.9099,0.0231,0.0110
380.25,88.920,0.1745,0.1543,0.0986,0.0068,0.0032,0.0231,0.0109,-1.9055,-11.375,0.021,0.1796,3.62158,1.14588,0.00237469,0.1768,-0.0446,-16.762,4.526,-1.9099,0.0231,0.0109
380.35,88.940,0.1768,0.1343,0.0846,0.0058,0.0027,0.0231,0.0109,-1.9036,-11.376,0.017,0.1801,3.73462,1.16401,0.00237469,0.1768,-0.0446,-16.789,4.528,-1.9053,0.0231,0.0109
380.45,88.960,0.1768,0.1143,0.0705,-0.0466,0.1122,0.0231,0.0108,-1.9019,-11.378,0.013,0.1798,3.8216,1.17774,0.00209788,0.1768,-0.0446,-16.810,4.530,-1.9026,0.0231,0.0108
380.55,88.980,0.1768,0.0943,0.0564,-0.0467,0.1104,0.0232,0.0108,-1.9004,-11.379,0.009,0.1790,3.91047,1.1916,0.00237469,0.1779,-0.0352,-16.830,4.531,-1.9006,0.0232,0.0108
380.65,89.020,0.1779,0.0543,0.0352,-0.0469,0.1073,0.0232,0.0108,-1.8995,-11.380,0.005,0.1794,3.91047,1.1916,0.00237469,0.1779,-0.0352,-16.830,4.531,-1.9006,0.0232,0.0108
380.75,89.040,0.1779,0.0343,0.0211,-0.0469,0.1050,0.0232,0.0107,-1.8989,-11.382,0.001,0.1786,1.92287,0.75534,0.00237468,0.1779,-0.0352,-16.849,4.530,-1.8989,0.0232,0.0107
380.85,89.060,0.1779,0.0143,-0.0001,-0.0348,0.0767,0.0232,0.0107,-1.8987,-11.383,-0.003,0.1779,1.96808,0.762575,0.00209788,0.1779,-0.0352,-16.870,4.532,-1.8984,0.0232,0.0107
380.95,89.080,0.1779,-0.0057,-0.0144,0.0001,0.0001,0.0232,0.0107,-1.8989,-11.385,-0.008,0.1784,1.96808,0.762575,0.00209788,0.1779,-0.0352,-16.870,4.532,-1.8984,0.0232,0.0107
381.05,89.120,0.1790,-0.0259,-0.0185,-0.0005,-0.0002,0.0232,0.0108,-1.8994,-11.386,-0.012,0.1797,2.01442,0.76994,0.00237468,0.1790,-0.0259,-16.890,4.533,-1.8985,0.0232,0.0108
381.15,89.140,0.1790,-0.0259,-0.0186,-0.0142,0.0335,0.0232,0.0108,-1.8999,-11.388,-0.016,0.1800,2.078,0.779978,0.00237468,0.1790,-0.0259,-16.917,4.535,-1.8994,0.0232,0.0108
381.25,89.160,0.1790,-0.0259,-0.0202,-0.0014,-0.0006,0.0232,0.0108,-1.9004,-11.389,-0.020,0.1804,2.12705,0.78768,0.00209788,0.1790,-0.0259,-16.938,4.536,-1.9000,0.0232,0.0108
381.35,89.180,0.1790,-0.0259,-0.0202,-0.0175,0.0340,0.0232,0.0108,-1.9009,-11.391,-0.025,0.1804,2.12705,0.78768,0.00209788,0.1790,-0.0259,-16.938,4.536,-1.9000,0.0232,0.0108
381.45,89.220,0.1819,-0.0104,-0.0046,-0.0735,0.1066,0.0231,0.0108,-1.9012,-11.392,-0.029,0.1821,2.17728,0.795538,0.00237469,0.1819,-0.0010,-16.958,4.537,-1.9007,0.0231,0.0108
381.55,89.240,0.1819,-0.0010,-0.0008,-0.0175,0.0374,0.0231,0.0108,-1.9012,-11.394,-0.033,0.1819,2.24614,0.806256,0.00237469,0.1819,-0.0010,-16.986,4.539,-1.9012,0.0231,0.0108
381.65,89.260,0.1819,-0.0010,-0.0008,-0.0175,0.0374,0.0231,0.0108,-1.9012,-11.395,-0.037,0.1819,2.29923,0.814471,0.00209788,0.1819,-0.0010,-17.007,4.540,-1.9013,0.0231,0.0108
381.75,89.280,0.1819,-0.0010,-0.0008,-0.0175,0.0374,0.0231,0.0108,-1.9012,-11.397,-0.041,0.1819,2.29923,0.814471,0.00209788,0.1819,-0.0010,-17.007,4.540,-1.9013,0.0231,0.0108
381.85,89.300,0.1819,-0.0010,0.0070,-0.0188,-0.0088,0.0231,0.0108,-1.9012,-11.398,-0.044,0.1785,2.35359,0.822841,0.00237469,0.1785,0.0306,-17.027,4.542,-1.9013,0.0231,0.0108
381.95,89.320,0.1785,0.0145,0.0226,-0.0177,-0.0083,0.0232,0.0108,-1.9007,-11.399,-0.049,0.1786,2.42809,0.834236,0.00237469,0.1785,0.0306,-17.055,4.544,-1.9010,0.0232,0.0108
382.05,89.360,0.1785,0.0306,0.0238,-0.0174,0.0416,0.0232,0.0108,-1.9000,-11.401,-0.053,0.1787,2.4855,0.842953,0.00209788,0.1785,0.0306,-17.075,4.545,-1.9003,0.0232,0.0108
382.15,89.380,0.1785,0.0306,0.0238,-0.0174,0.0416,0.0232,0.0108,-1.8994,-11.402,-0.058,0.1787,2.4855,0.842953,0.00209788,0.1785,0.0306,-17.075,4.545,-1.9003,0.0232,0.0108
382.25,89.400,0.1785,0.0306,0.0316,-0.0172,-0.0080,0.0232,0.0107,-1.8989,-11.404,-0.061,0.1771,2.54428,0.851817,0.00237469,0.1768,0.0452,-17.096,4.546,-1.8995,0.0232,0.0107
382.35,89.420,0.1768,0.0444,0.0353,-0.0173,0.0435,0.0232,0.0107,-1.8980,-11.405,-0.065,0.1772,2.6248,0.863857,0.00237469,0.1768,0.0452,-17.123,4.548,-1.8983,0.0232,0.0107
382.45,89.460,0.1768,0.0452,0.0353,-0.0172,0.0435,0.0232,0.0107,-1.8970,-11.407,-0.070,0.1772,2.6248,0.863857,0.00237469,0.1768,0.0452,-17.123,4.548,-1.8983,0.0232,0.0107
382.55,89.480,0.1768,0.0452,0.0353,-0.0172,0.0435,0.0232,0.0107,-1.8961,-11.408,-0.074,0.1772,2.68684,0.873049,0.00209788,0.1768,0.0452,-17.144,4.550,-1.8972,0.0232,0.0107
382.65,89.500,0.1768,0.0452,0.0431,-0.0166,-0.0076,0.0232,0.0107,-1.8953,-11.410,-0.078,0.1751,2.75032,0.882385,0.00237469,0.1746,0.0638,-17.165,4.551,-1.8962,0.0232,0.0107
382.75,89.520,0.1746,0.0605,0.0499,-0.0170,0.0457,0.0232,0.0106,-1.8940,-11.411,-0.082,0.1752,2.83727,0.89505,0.00237469,0.1746,0.0638,-17.192,4.553,-1.8945,0.0232,0.0106
382.85,89.560,0.1746,0.0638,0.0500,-0.0170,0.0457,0.0232,0.0106,-1.8927,-11.413,-0.086,0.1752,2.83727,0.89505,0.00237469,0.1746,0.0638,-17.192,4.553,-1.8945,0.0232,0.0106
382.95,89.580,0.1746,0.0638,0.0500,-0.0169,0.0458,0.0233,0.0106,-1.8914,-11.414,-0.091,0.1752,2.90423,0.904705,0.00209788,0.1746,0.0638,-17.213,4.554,-1.8930,0.0233,0.0106
383.05,89.600,0.1746,0.0638,0.0579,-0.0159,-0.0072,0.0233,0.0105,-1.8904,-11.415,-0.094,0.1733,2.97274,0.914497,0.00237469,0.1726,0.0808,-17.234,4.556,-1.8914,0.0233,0.0105
383.15,89.620,0.1726,0.0787,0.0634,-0.0167,0.0476,0.0233,0.0105,-1.8890,-11.417,-0.097,0.1735,2.97274,0.914497,0.00237469,0.1726,0.0808,-17.234,4.556,-1.8914,0.0233,0.0105
383.25,89.640,0.1726,0.0808,0.0634,-0.0167,0.0477,0.0233,0.0105,-1.8875,-11.418,-0.101,0.1735,3.06652,0.927757,0.00237469,0.1726,0.0808,-17.261,4.558,-1.8892,0.0233,0.0105
383.35,89.660,0.1726,0.0808,0.0635,-0.0166,0.0477,0.0233,0.0104,-1.8861,-11.419,-0.105,0.1735,3.13873,0.937849,0.00209788,0.1726,0.0808,-17.282,4.559,-1.8873,0.0233,0.0105
383.45,89.700,0.1726,0.0808,0.0636,-0.0165,0.0477,0.0233,0.0104,-1.8845,-11.421,-0.109,0.1718,3.21258,0.948067,0.00237469,0.1709,0.0958,-17.303,4.560,-1.8853,0.0233,0.0104
383.55,89.720,0.1709,0.0948,0.0754,-0.0026,0.0182,0.0233,0.0104,-1.8826,-11.422,-0.113,0.1719,3.21258,0.948067,0.00237469,0.1709,0.0958,-17.303,4.560,-1.8853,0.0233,0.0104
383.65,89.740,0.1709,0.0958,0.0755,-0.0163,0.0493,0.0234,0.0103,-1.8809,-11.424,-0.117,0.1719,3.31365,0.961879,0.00237469,0.1709,0.0958,-17.330,4.562,-1.8825,0.0234,0.0103
383.75,89.760,0.1709,0.0958,0.0756,-0.0162,0.0494,0.0234,0.0103,-1.8789,-11.425,-0.121,0.1719,3.39145,0.972373,0.00209788,0.1709,0.0958,-17.351,4.563,-1.8803,0.0234,0.0103
383.85,89.800,0.1709,0.0958,0.0757,-0.0161,0.0494,0.0234,0.0102,-1.8771,-11.427,-0.125,0.1711,3.47099,0.982982,0.00237469,0.1694,0.1091,-17.372,4.564,-1.8780,0.0234,0.0102
383.95,89.820,0.1694,0.1087,0.0862,-0.0159,0.0507,0.0234,0.0102,-1.8750,-11.428,-0.129,0.1705,3.47099,0.982982,0.00237469,0.1694,0.1091,-17.372,4.564,-1.8780,0.0234,0.0102
384.05,89.840,0.1694,0.1091,0.0864,-0.0158,0.0508,0.0234,0.0101,-1.8728,-11.430,-0.133,0.1705,3.5798,0.997296,0.00237469,0.1694,0.1091,-17.400,4.566,-1.8747,0.0234,0.0101
384.15,89.860,0.1694,0.1091,0.0864,-0.0158,0.0508,0.0235,0.0101,-1.8705,-11.431,-0.137,0.1705,3.66354,1.00815,0.00209788,0.1694,0.1091,-17.420,4.567,-1.8721,0.0235,0.0101
384.25,89.900,0.1694,0.1091,0.0866,-0.0157,0.0509,0.0235,0.0100,-1.8683,-11.433,-0.141,0.1692,3.74912,1.01911,0.00237469,0.1680,0.1208,-17.441,4.568,-1.8695,0.0235,0.0100
384.35,89.920,0.1680,0.1207,0.0959,-0.0155,0.0519,0.0235,0.0100,-1.8661,-11.434,-0.145,0.1693,3.74912,1.01911,0.00237469,0.1680,0.1208,-17.441,4.568,-1.8695,0.0235,0.0100
384.45,89.940,0.1680,0.1208,0.0961,-0.0154,0.0520,0.0235,0.0099,-1.8638,-11.436,-0.149,0.1693,3.86617,1.03387,0.00237469,0.1680,0.1208,-17.469,4.570,-1.8658,0.0235,0.0099
384.55,89.960,0.1680,0.1208,0.0962,-0.0153,0.0521,0.0236,0.0099,-1.8616,-11.437,-0.152,0.1693,3.9562,1.04504,0.00209788,0.1680,0.1208,-17.490,4.571,-1.8629,0.0236,0.0099
384.65,89.980,0.1680,0.1208,0.0963,-0.0153,0.0521,0.0236,0.0098,-1.8594,-11.438,-0.156,0.1693,3.9562,1.04504,0.00209788,0.1680,0.1208,-17.490,4.571,-1.8629,0.0236,0.0098
384.75,90.000,0.1680,0.1208,0.1044,-0.0146,-0.0060,0.0236,0.0098,-1.8573,-11.439,-0.159,0.1683,4.0482,1.05629,0.00237469,0.1668,0.1310,-17.511,4.572,-1.8600,0.0236,0.0098
384.85,90.040,0.1668,0.1310,0.1048,-0.0150,0.0531,0.0236,0.0097,-1.8546,-11.441,-0.163,0.1683,1.9788,0.694455,0.00237468,0.1668,0.1310,-17.528,4.570,-1.8560,0.0236,0.0097
384.95,90.060,0.1668,0.1310,0.1049,-0.0149,0.0531,0.0237,0.0096,-1.8520,-11.442,-0.167,0.1683,2.0255,0.700374,0.00209788,0.1668,0.1310,-17.549,4.571,-1.8528,0.0236,0.0097
385.05,90.080,0.1668,0.1310,0.1051,-0.0148,0.0532,0.0237,0.0096,-1.8495,-11.444,-0.171,0.1683,2.0255,0.700374,0.00209788,0.1668,0.1310,-17.549,4.571,-1.8528,0.0237,0.0096
385.15,90.100,0.1668,0.1310,0.1093,-0.0146,0.0537,0.0237,0.0095,-1.8468,-11.445,-0.175,0.1677,2.07341,0.706346,0.00237468,0.1662,0.1361,-17.569,4.572,-1.8497,0.0237,0.0095
385.25,90.140,0.1662,0.1361,0.1095,-0.0145,0.0538,0.0237,0.0095,-1.8441,-11.446,-0.179,0.1677,2.13921,0.714385,0.00237468,0.1662,0.1361,-17.597,4.572,-1.8454,0.0237,0.0095
385.35,90.160,0.1662,0.1361,0.1096,-0.0144,0.0538,0.0237,0.0094,-1.8419,-11.448,-0.182,0.1677,2.13921,0.714385,0.00237468,0.1662,0.1361,-17.597,4.572,-1.8454,0.0237,0.0094
385.45,90.180,0.1662,0.1361,0.1098,-0.0144,0.0539,0.0238,0.0093,-1.8390,-11.449,-0.186,0.1677,2.19004,0.720467,0.00209788,0.1662,0.1361,-17.618,4.573,-1.8421,0.0238,0.0094
385.55,90.200,0.1662,0.1361,0.1164,0.0062,0.0024,0.0238,0.0093,-1.8362,-11.450,-0.190,0.1669,2.24215,0.726597,0.00237469,0.1653,0.1441,-17.639,4.574,-1.8388,0.0238,0.0093
385.65,90.220,0.1653,0.1441,0.1166,-0.0141,0.0546,0.0238,0.0092,-1.8334,-11.452,-0.194,0.1669,2.3137,0.734833,0.00237469,0.1653,0.1441,-17.667,4.574,-1.8342,0.0238,0.0092
385.75,90.260,0.1653,0.1441,0.1168,-0.0140,0.0547,0.0239,0.0091,-1.8304,-11.453,-0.198,0.1669,2.3137,0.734833,0.00237469,0.1653,0.1441,-17.667,4.574,-1.8342,0.0239,0.0091
385.85,90.280,0.1653,0.1441,0.1170,-0.0139,0.0548,0.0239,0.0091,-1.8277,-11.454,-0.202,0.1669,2.36893,0.741053,0.00209788,0.1653,0.1441,-17.687,4.575,-1.8307,0.0239,0.0091
385.95,90.300,0.1653,0.1441,0.1171,-0.0138,0.0548,0.0239,0.0090,-1.8253,-11.455,-0.205,0.1661,2.42554,0.74731,0.00237469,0.1645,0.1513,-17.708,4.575,-1.8272,0.0239,0.0090
386.05,90.320,0.1645,0.1513,0.1232,-0.0136,0.0554,0.0239,0.0089,-1.8225,-11.457,-0.209,0.1661,2.42554,0.74731,0.00237469,0.1645,0.1513,-17.708,4.575,-1.8272,0.0239,0.0090
386.15,90.340,0.1645,0.1513,0.1241,-0.0104,0.0545,0.0240,0.0089,-1.8193,-11.458,-0.213,0.1663,2.50321,0.755702,0.00237469,0.1645,0.1513,-17.736,4.576,-1.8224,0.0240,0.0089
386.25,90.380,0.1645,0.1513,0.1251,0.0004,0.0508,0.0240,0.0088,-1.8162,-11.459,-0.217,0.1665,2.56314,0.762025,0.00209788,0.1645,0.1513,-17.757,4.576,-1.8186,0.0240,0.0088
386.35,90.400,0.1645,0.1513,0.1387,0.0074,0.0027,0.0240,0.0087,-1.8129,-11.461,-0.221,0.1693,2.62454,0.768376,0.00237469,0.1637,0.1576,-17.778,4.576,-1.8149,0.0240,0.0087
386.45,90.420,0.1637,0.1576,0.1449,0.0075,0.0027,0.0240,0.0086,-1.8091,-11.462,-0.225,0.1699,2.62454,0.768376,0.00237469,0.1637,0.1576,-17.778,4.576,-1.8149,0.0240,0.0086
386.55,90.440,0.1637,0.1576,0.1451,-0.0123,0.0584,0.0241,0.0085,-1.8055,-11.464,-0.229,0.1701,2.70874,0.776869,0.00237469,0.1637,0.1576,-17.806,4.576,-1.8093,0.0241,0.0086
386.65,90.480,0.1637,0.1576,0.1455,-0.0122,0.0585,0.0241,0.0084,-1.8018,-11.465,-0.233,0.1701,2.77368,0.783245,0.00209788,0.1637,0.1576,-17.827,4.576,-1.8049,0.0241,0.0084
386.75,90.500,0.1637,0.1576,0.1458,-0.0121,0.0586,0.0241,0.0084,-1.7983,-11.466,-0.237,0.1697,2.84019,0.789626,0.00237469,0.1633,0.1616,-17.848,4.576,-1.8005,0.0241,0.0084
386.85,90.520,0.1633,0.1616,0.1499,-0.0118,0.0590,0.0242,0.0083,-1.7944,-11.468,-0.241,0.1698,2.84019,0.789626,0.00237469,0.1633,0.1616,-17.848,4.576,-1.8005,0.0242,0.0083
386.95,90.540,0.1633,0.1616,0.1502,-0.0117,0.0591,0.0242,0.0082,-1.7907,-11.469,-0.245,0.1697,2.93137,0.798127,0.00237469,0.1633,0.1616,-17.876,4.576,-1.7946,0.0242,0.0082
387.05,90.580,0.1633,0.1616,0.1506,-0.0116,0.0593,0.0242,0.0081,-1.7869,-11.470,-0.249,0.1697,3.00166,0.804492,0.00209788,0.1633,0.1616,-17.896,4.576,-1.7901,0.0242,0.0081
387.15,90.600,0.1633,0.1616,0.1509,-0.0115,0.0594,0.0243,0.0080,-1.7836,-11.471,-0.252,0.1695,3.07361,0.810848,0.00237469,0.1630,0.1639,-17.917,4.575,-1.7856,0.0243,0.0080
387.25,90.620,0.1630,0.1639,0.1534,-0.0113,0.0596,0.0243,0.0079,-1.7799,-11.473,-0.256,0.1695,3.07361,0.810848,0.00237469,0.1630,0.1639,-17.917,4.575,-1.7856,0.0243,0.0079
387.35,90.640,0.1630,0.1639,0.1538,-0.0112,0.0598,0.0243,0.0078,-1.7764,-11.474,-0.260,0.1695,3.1722,0.819294,0.00237469,0.1630,0.1639,-17.945,4.575,-1.7795,0.0243,0.0078
387.45,90.660,0.1630,0.1639,0.1541,-0.0111,0.0598,0.0243,0.0077,-1.7728,-11.475,-0.264,0.1695,3.24816,0.825601,0.00209788,0.1630,0.1639,-17.966,4.574,-1.7748,0.0243,0.0078
387.55,90.680,0.1630,0.1639,0.1544,-0.0110,0.0599,0.0244,0.0076,-1.7688,-11.476,-0.268,0.1695,3.32588,0.831884,0.00237469,0.1630,0.1639,-17.987,4.573,-1.7702,0.0244,0.0077
387.65,90.720,0.1628,0.1658,0.1566,-0.0108,0.0602,0.0244,0.0076,-1.7654,-11.477,-0.272,0.1694,3.32588,0.831884,0.00237469,0.1628,0.1658,-17.987,4.573,-1.7702,0.0244,0.0076
387.75,90.740,0.1628,0.1658,0.1569,-0.0107,0.0603,0.0244,0.0075,-1.7612,-11.479,-0.276,0.1693,3.43232,0.84021,0.00237469,0.1628,0.1658,-18.015,4.572,-1.7640,0.0244,0.0075
387.85,90.760,0.1628,0.1658,0.1574,-0.0105,0.0604,0.0245,0.0074,-1.7572,-11.480,-0.280,0.1693,3.51428,0.84641,0.00209788,0.1628,0.1658,-18.036,4.571,-1.7593,0.0245,0.0074
387.95,90.780,0.1628,0.1658,0.1577,-0.0104,0.0605,0.0245,0.0073,-1.7533,-11.481,-0.284,0.1693,3.51428,0.84641,0.00209788,0.1628,0.1658,-18.036,4.571,-1.7593,0.0245,0.0073
388.05,90.820,0.1626,0.1673,0.1596,-0.0102,0.0608,0.0245,0.0072,-1.7491,-11.483,-0.288,0.1692,3.59812,0.852571,0.00237469,0.1626,0.1673,-18.058,4.570,-1.7545,0.0245,0.0072
388.15,90.840,0.1626,0.1673,0.1599,-0.0101,0.0609,0.0245,0.0071,-1.7452,-11.484,-0.292,0.1692,3.71286,0.860711,0.00237469,0.1626,0.1673,-18.086,4.569,-1.7482,0.0245,0.0071
388.25,90.860,0.1626,0.1673,0.1600,-0.0097,0.0613,0.0246,0.0070,-1.7408,-11.485,-0.297,0.1692,3.80118,0.866753,0.00209788,0.1626,0.1673,-18.107,4.568,-1.7434,0.0246,0.0070
388.35,90.900,0.1626,0.1673,0.1605,-0.0094,0.0616,0.0246,0.0069,-1.7367,-11.486,-0.301,0.1691,3.89148,0.872741,0.00237469,0.1625,0.1684,-18.128,4.566,-1.7386,0.0246,0.0069
388.45,90.920,0.1625,0.1684,0.1618,-0.0092,0.0619,0.0246,0.0068,-1.7325,-11.487,-0.305,0.1691,3.89148,0.872741,0.00237469,0.1625,0.1684,-18.128,4.566,-1.7386,0.0246,0.0068
388.55,90.940,0.1625,0.1684,0.1622,-0.0088,0.0623,0.0247,0.0067,-1.7286,-11.489,-0.309,0.1690,4.01499,0.880627,0.00237469,0.1625,0.1684,-18.156,4.565,-1.7321,0.0247,0.0067
388.65,90.960,0.1625,0.1684,0.1625,-0.0085,0.0627,0.0247,0.0066,-1.7247,-11.490,-0.313,0.1690,4.11002,0.88646,0.00209788,0.1625,0.1684,-18.177,4.563,-1.7273,0.0247,0.0066
388.75,90.980,0.1625,0.1684,0.1627,-0.0080,0.0633,0.0247,0.0065,-1.7211,-11.491,-0.316,0.1690,4.11002,0.88646,0.00209788,0.1625,0.1684,-18.177,4.563,-1.7273,0.0247,0.0065
388.85,91.020,0.1624,0.1692,0.1637,-0.0064,0.0654,0.0247,0.0064,-1.7175,-11.492,-0.320,0.1690,4.20713,0.892224,0.00237469,0.1624,0.1692,-18.198,4.561,-1.7224,0.0247,0.0064
388.95,91.040,0.1624,0.1692,0.1636,-0.0023,0.0662,0.0248,0.0063,-1.7129,-11.493,-0.325,0.1691,2.04753,0.622072,0.00237468,0.1624,0.1692,-18.216,4.557,-1.7159,0.0248,0.0063
389.05,91.060,0.1624,0.1692,0.1606,0.1195,0.0298,0.0248,0.0062,-1.7089,-11.494,-0.329,0.1702,2.09677,0.625328,0.00209788,0.1624,0.1692,-18.237,4.555,-1.7110,0.0248,0.0062
389.15,91.080,0.1624,0.1692,0.1472,-0.0086,0.0611,0.0248,0.0061,-1.7050,-11.495,-0.333,0.1723,2.14729,0.628556,0.00237468,0.1627,0.1663,-18.258,4.553,-1.7062,0.0248,0.0061
389.25,91.120,0.1627,0.1663,0.1450,-0.0085,0.0609,0.0248,0.0060,-1.7012,-11.496,-0.337,0.1724,2.14729,0.628556,0.00237468,0.1627,0.1663,-18.258,4.553,-1.7062,0.0248,0.0060
389.35,91.140,0.1627,0.1663,0.1453,-0.0083,0.0610,0.0249,0.0059,-1.6974,-11.497,-0.342,0.1724,2.21667,0.632809,0.00237468,0.1627,0.1663,-18.286,4.550,-1.7004,0.0249,0.0059
389.45,91.160,0.1627,0.1663,0.1456,-0.0082,0.0611,0.0249,0.0058,-1.6938,-11.498,-0.346,0.1723,2.27026,0.635963,0.00209788,0.1627,0.1663,-18.307,4.548,-1.6960,0.0249,0.0058
389.55,91.200,0.1627,0.1663,0.1459,-0.0081,0.0612,0.0249,0.0057,-1.6900,-11.499,-0.350,0.1737,2.32519,0.639088,0.00237469,0.1732,-0.0757,-18.328,4.546,-1.6917,0.0249,0.0057
389.65,91.220,0.1730,0.1508,0.1286,-0.0597,0.1716,0.0249,0.0056,-1.6866,-11.500,-0.355,0.1810,2.32519,0.639088,0.00237469,0.1732,-0.0757,-18.328,4.546,-1.6917,0.0249,0.0056
389.75,91.240,0.1732,0.1308,0.1024,-0.0597,0.1685,0.0249,0.0055,-1.6838,-11.501,-0.359,0.1795,2.40058,0.643201,0.00237469,0.1732,-0.0757,-18.356,4.542,-1.6862,0.0249,0.0056
389.85,91.280,0.1732,0.0908,0.0761,-0.0597,0.1650,0.0249,0.0055,-1.6814,-11.502,-0.364,0.1779,2.45876,0.64625,0.00209788,0.1732,-0.0757,-18.377,4.539,-1.6829,0.0249,0.0055
389.95,91.300,0.1732,0.0708,0.0585,-0.0597,0.1625,0.0250,0.0055,-1.6799,-11.502,-0.368,0.1768,2.51837,0.649282,0.00237469,0.1734,-0.0740,-18.398,4.537,-1.6804,0.0250,0.0055
390.05,91.320,0.1734,0.0508,0.0409,-0.0597,0.1599,0.0250,0.0054,-1.6789,-11.503,-0.372,0.1755,2.51837,0.649282,0.00237469,0.1734,-0.0740,-18.398,4.537,-1.6804,0.0250,0.0054
390.15,91.340,0.1734,0.0308,0.0232,-0.0597,0.1571,0.0250,0.0054,-1.6783,-11.503,-0.376,0.1743,2.60009,0.653309,0.00237469,0.1734,-0.0740,-18.426,4.533,-1.6784,0.0250,0.0054
390.25,91.360,0.1734,0.0108,-0.0033,-0.0254,-0.0055,0.0250,0.0054,-1.6782,-11.504,-0.380,0.1733,2.6631,0.656333,0.00209788,0.1734,-0.0740,-18.447,4.530,-1.6779,0.0250,0.0054
390.35,91.400,0.1734,-0.0292,-0.0298,-0.0263,-0.0057,0.0250,0.0054,-1.6787,-11.504,-0.385,0.1729,2.7276,0.659376,0.00237469,0.1750,-0.0601,-18.468,4.527,-1.6781,0.0250,0.0054
390.45,91.420,0.1750,-0.0492,-0.0474,-0.0269,-0.0059,0.0250,0.0054,-1.6798,-11.505,-0.389,0.1740,2.7276,0.659376,0.00237469,0.1750,-0.0601,-18.468,4.527,-1.6781,0.0250,0.0054
390.55,91.440,0.1750,-0.0601,-0.0531,-0.0019,-0.0004,0.0249,0.0055,-1.6809,-11.505,-0.393,0.1741,2.81595,0.663476,0.00237469,0.1750,-0.0601,-18.497,4.523,-1.6797,0.0250,0.0055
390.65,91.460,0.1750,-0.0601,-0.0530,-0.0019,-0.0004,0.0249,0.0055,-1.6822,-11.506,-0.397,0.1743,2.88401,0.666599,0.00209788,0.1750,-0.0601,-18.518,4.520,-1.6814,0.0249,0.0055
390.75,91.480,0.1750,-0.0601,-0.0530,-0.0019,-0.0004,0.0249,0.0055,-1.6835,-11.507,-0.402,0.1745,2.88401,0.666599,0.00209788,0.1750,-0.0601,-18.518,4.520,-1.6814,0.0249,0.0055
390.85,91.520,0.1782,-0.0446,-0.0353,-0.0075,0.1457,0.0249,0.0056,-1.6847,-11.507,-0.406,0.1781,2.95363,0.669773,0.00237469,0.1782,-0.0332,-18.539,4.517,-1.6830,0.0249,0.0056
390.95,91.540,0.1782,-0.0332,-0.0292,-0.0091,0.0353,0.0249,0.0056,-1.6855,-11.508,-0.411,0.1781,3.04892,0.674077,0.00237469,0.1782,-0.0332,-18.567,4.513,-1.6849,0.0249,0.0056
391.05,91.560,0.1782,-0.0332,-0.0292,-0.0091,0.0353,0.0249,0.0056,-1.6862,-11.509,-0.416,0.1781,3.12229,0.677353,0.00209788,0.1782,-0.0332,-18.588,4.510,-1.6858,0.0249,0.0056
391.15,91.600,0.1782,-0.0332,-0.0292,-0.0091,0.0353,0.0249,0.0056,-1.6870,-11.509,-0.420,0.1796,3.1973,0.680671,0.00237469,0.1815,-0.0045,-18.609,4.507,-1.6867,0.0249,0.0056
391.25,91.620,0.1815,-0.0177,-0.0116,-0.0079,0.1492,0.0249,0.0056,-1.6874,-11.510,-0.425,0.1815,3.1973,0.680671,0.00237469,0.1815,-0.0045,-18.609,4.507,-1.6867,0.0249,0.0056
391.35,91.640,0.1815,-0.0045,-0.0040,-0.0091,0.0396,0.0249,0.0056,-1.6875,-11.510,-0.429,0.1815,3.29994,0.685154,0.00237469,0.1815,-0.0045,-18.638,4.503,-1.6875,0.0249,0.0056
391.45,91.660,0.1815,-0.0045,-0.0040,-0.0091,0.0396,0.0249,0.0056,-1.6876,-11.511,-0.433,0.1815,3.37892,0.688553,0.00209788,0.1815,-0.0045,-18.659,4.500,-1.6876,0.0249,0.0056
391.55,91.680,0.1815,-0.0045,-0.0040,-0.0091,0.0396,0.0249,0.0056,-1.6877,-11.511,-0.437,0.1815,3.37892,0.688553,0.00209788,0.1815,-0.0045,-18.659,4.500,-1.6876,0.0249,0.0056
391.65,91.720,0.1796,0.0110,0.0135,0.0248,0.0056,0.0249,0.0056,-1.6876,-11.512,-0.442,0.1802,3.45965,0.691984,0.00237469,0.1796,0.0203,-18.680,4.497,-1.6877,0.0249,0.0056
391.75,91.740,0.1796,0.0203,0.0178,0.0005,0.0001,0.0249,0.0056,-1.6871,-11.512,-0.446,0.1806,3.57007,0.6966,0.00237469,0.1796,0.0203,-18.708,4.493,-1.6875,0.0249,0.0056
391.85,91.760,0.1796,0.0203,0.0178,-0.0095,0.0437,0.0249,0.0056,-1.6866,-11.513,-0.451,0.1807,3.65499,0.700087,0.00209788,0.1796,0.0203,-18.730,4.490,-1.6870,0.0249,0.0056
391.95,91.780,0.1796,0.0203,0.0177,-0.0100,0.0439,0.0249,0.0056,-1.6862,-11.514,-0.456,0.1806,3.74177,0.703597,0.00237469,0.1772,0.0417,-18.751,4.487,-1.6864,0.0249,0.0056
392.05,91.820,0.1772,0.0358,0.0318,0.0012,0.0003,0.0249,0.0056,-1.6854,-11.514,-0.460,0.1780,3.74177,0.703597,0.00237469,0.1772,0.0417,-18.751,4.487,-1.6864,0.0249,0.0056
392.15,91.840,0.1772,0.0417,0.0329,0.0012,0.0003,0.0249,0.0056,-1.6847,-11.515,-0.464,0.1781,3.86041,0.708301,0.00237469,0.1772,0.0417,-18.779,4.483,-1.6854,0.0249,0.0056
392.25,91.860,0.1772,0.0417,0.0329,-0.0090,0.0461,0.0249,0.0055,-1.6838,-11.515,-0.469,0.1781,3.95162,0.711843,0.00209788,0.1772,0.0417,-18.801,4.481,-1.6844,0.0249,0.0056
392.35,91.900,0.1772,0.0417,0.0330,-0.0089,0.0461,0.0249,0.0055,-1.6830,-11.516,-0.473,0.1781,4.04479,0.715398,0.00237469,0.1750,0.0604,-18.822,4.478,-1.6834,0.0249,0.0055
392.45,91.920,0.1750,0.0571,0.0478,0.0018,0.0004,0.0249,0.0055,-1.6819,-11.517,-0.478,0.1763,4.04479,0.715398,0.00237469,0.1750,0.0604,-18.822,4.478,-1.6834,0.0249,0.0055
392.55,91.940,0.1750,0.0604,0.0478,-0.0088,0.0484,0.0250,0.0055,-1.6807,-11.517,-0.482,0.1764,4.17211,0.720151,0.00237469,0.1750,0.0604,-18.850,4.474,-1.6818,0.0250,0.0055
392.65,91.960,0.1750,0.0604,0.0478,-0.0087,0.0484,0.0250,0.0054,-1.6795,-11.518,-0.487,0.1764,4.26997,0.723719,0.00209788,0.1750,0.0604,-18.872,4.471,-1.6803,0.0250,0.0054
392.75,92.000,0.1750,0.0604,0.0479,-0.0087,0.0485,0.0250,0.0054,-1.6784,-11.518,-0.491,0.1764,4.36988,0.727291,0.00237469,0.1731,0.0771,-18.893,4.468,-1.6789,0.0250,0.0054
392.85,92.020,0.1731,0.0752,0.0611,0.0022,0.0005,0.0250,0.0054,-1.6771,-11.519,-0.495,0.1748,4.36988,0.727291,0.00237469,0.1731,0.0771,-18.893,4.468,-1.6789,0.0250,0.0054
392.95,92.040,0.1731,0.0771,0.0611,-0.0086,0.0505,0.0250,0.0053,-1.6758,-11.520,-0.498,0.1749,2.11705,0.553404,0.00237468,0.1731,0.0771,-18.911,4.462,-1.6767,0.0250,0.0054
393.05,92.060,0.1731,0.0771,0.0612,-0.0085,0.0505,0.0250,0.0053,-1.6742,-11.520,-0.503,0.1749,2.16757,0.555729,0.00209788,0.1731,0.0771,-18.932,4.459,-1.6748,0.0250,0.0053
393.15,92.080,0.1731,0.0771,0.0612,-0.0084,0.0505,0.0250,0.0053,-1.6725,-11.521,-0.508,0.1749,2.16757,0.555729,0.00209788,0.1731,0.0771,-18.932,4.459,-1.6748,0.0250,0.0053
393.25,92.120,0.1718,0.0881,0.0700,0.0014,0.0053,0.0250,0.0052,-1.6709,-11.522,-0.512,0.1739,2.21936,0.558057,0.00237468,0.1718,0.0881,-18.953,4.456,-1.6730,0.0250,0.0052
393.35,92.140,0.1718,0.0881,0.0701,-0.0083,0.0518,0.0250,0.0052,-1.6691,-11.522,-0.516,0.1739,2.29042,0.561157,0.00237468,0.1718,0.0881,-18.981,4.452,-1.6703,0.0250,0.0052
393.45,92.160,0.1718,0.0881,0.0702,-0.0082,0.0518,0.0250,0.0051,-1.6673,-11.523,-0.521,0.1739,2.34526,0.563477,0.00209788,0.1718,0.0881,-19.003,4.449,-1.6682,0.0250,0.0051
393.55,92.200,0.1718,0.0881,0.0702,-0.0081,0.0519,0.0250,0.0051,-1.6654,-11.524,-0.525,0.1739,2.40145,0.565796,0.00237469,0.1703,0.1011,-19.024,4.446,-1.6661,0.0250,0.0051
393.65,92.220,0.1703,0.1008,0.0806,0.0027,0.0005,0.0250,0.0050,-1.6636,-11.524,-0.529,0.1727,2.40145,0.565796,0.00237469,0.1703,0.1011,-19.024,4.446,-1.6661,0.0250,0.0050
393.75,92.240,0.1703,0.1011,0.0807,-0.0079,0.0534,0.0251,0.0050,-1.6614,-11.525,-0.534,0.1727,2.47851,0.568877,0.00237469,0.1703,0.1011,-19.052,4.442,-1.6631,0.0250,0.0050
396.31,92.880,0.1643,0.1527,0.1262,-0.0051,0.0600,0.0253,0.0033,-1.5940,-11.540,-0.640,0.1674,4.06209,0.613255,0.00209788,0.1643,0.1527,-19.498,4.364,-1.5969,0.0253,0.0033
396.41,92.900,0.1643,0.1527,0.1264,-0.0050,0.0601,0.0253,0.0032,-1.5908,-11.541,-0.644,0.1669,4.15719,0.615042,0.00237469,0.1637,0.1579,-19.520,4.360,-1.5931,0.0253,0.0032
396.51,92.920,0.1637,0.1579,0.1318,-0.0075,0.0591,0.0254,0.0031,-1.5874,-11.541,-0.649,0.1666,4.28713,0.617358,0.00237469,0.1637,0.1579,-19.548,4.354,-1.5879,0.0253,0.0031
396.61,92.960,0.1637,0.1579,0.1326,-0.0124,0.0565,0.0254,0.0030,-1.5839,-11.542,-0.653,0.1664,4.28713,0.617358,0.00237469,0.1637,0.1579,-19.548,4.354,-1.5879,0.0254,0.0030
396.71,92.980,0.1637,0.1579,0.1338,-0.0268,0.0502,0.0254,0.0029,-1.5805,-11.542,-0.657,0.1660,4.38698,0.619043,0.00209788,0.1637,0.1579,-19.569,4.349,-1.5840,0.0254,0.0030
396.81,93.000,0.1637,0.1579,0.1476,0.0023,0.0003,0.0254,0.0029,-1.5775,-11.543,-0.661,0.1573,4.4889,0.620688,0.00237469,0.0000,0.0000,-19.590,4.345,-1.5799,0.0254,0.0029
396.91,93.020,0.1513,0.1424,0.1293,-0.7908,0.1858,0.0254,0.0028,-1.5746,-11.543,-0.664,0.1397,4.4889,0.620688,0.00237469,0.0000,0.0000,-19.590,4.345,-1.5799,0.0254,0.0028
397.01,93.040,0.1353,0.1224,0.1107,-0.7905,0.1824,0.0254,0.0027,-1.5724,-11.543,-0.666,0.1238,2.1649,0.508531,0.00237468,0.0000,0.0000,-19.618,4.338,-1.5745,0.0254,0.0028
397.11,93.040,0.1353,0.1224,0.1014,-0.7903,0.1808,0.0254,0.0027,-1.5720,-11.544,-0.667,0.1206,2.1649,0.508531,0.00237468,0.0000,0.0000,-19.618,4.338,-1.5745,0.0254,0.0027
397.21,93.060,0.1193,0.1024,0.0827,-0.7901,0.1779,0.0254,0.0027,-1.5699,-11.544,-0.670,0.1007,2.21622,0.510047,0.00209788,0.0000,0.0000,-19.640,4.335,-1.5712,0.0254,0.0027
397.31,93.100,0.0873,0.0624,0.0544,-0.7895,0.1743,0.0254,0.0026,-1.5683,-11.544,-0.672,0.0808,2.26881,0.511554,0.00237468,0.0000,-0.3000,-19.661,4.331,-1.5688,0.0254,0.0026
397.41,93.120,0.0713,0.0424,0.0357,-0.7893,0.1725,0.0254,0.0026,-1.5673,-11.544,-0.674,0.0602,2.26881,0.511554,0.00237468,0.0000,-0.3000,-19.661,4.331,-1.5688,0.0254,0.0026
397.51,93.140,0.0553,0.0224,0.0074,-0.7897,0.1702,0.0254,0.0026,-1.5669,-11.544,-0.675,0.0397,2.34096,0.513549,0.00237468,0.0000,-0.3000,-19.689,4.328,-1.5669,0.0254,0.0026
397.61,93.180,0.0233,-0.0176,-0.0032,-0.6071,0.0608,0.0254,0.0026,-1.5669,-11.544,-0.676,0.0235,2.39661,0.515039,0.00209788,0.0000,-0.3000,-19.710,4.327,-1.5665,0.0254,0.0026
397.71,93.200,0.0073,-0.0376,-0.0061,-0.6072,0.0609,0.0254,0.0026,-1.5671,-11.544,-0.676,0.0089,2.4536,0.516532,0.00237469,0.0000,-0.3000,-19.731,4.325,-1.5667,0.0254,0.0026
397.81,93.220,-0.0000,-0.0576,-0.0546,-0.1743,-0.0180,0.0254,0.0026,-1.5680,-11.544,-0.676,0.0045,2.53174,0.518522,0.00237469,0.0000,-0.3000,-19.760,4.325,-1.5676,0.0254,0.0026
397.91,93.260,-0.0000,-0.0976,-0.0959,0.0277,0.0029,0.0254,0.0027,-1.5702,-11.544,-0.676,0.0037,2.53174,0.518522,0.00237469,0.0000,-0.3000,-19.760,4.325,-1.5676,0.0254,0.0027
398.01,93.280,-0.0000,-0.1176,-0.1146,0.0276,0.0030,0.0254,0.0028,-1.5731,-11.544,-0.677,0.0050,2.59197,0.520018,0.00209788,0.0000,-0.3000,-19.781,4.325,-1.5699,0.0254,0.0027
398.11,93.300,-0.0000,-0.1376,-0.1424,0.0273,0.0030,0.0254,0.0028,-1.5762,-11.544,-0.677,0.0061,2.65363,0.521528,0.00237469,0.0000,-0.3000,-19.802,4.325,-1.5731,0.0254,0.0028
398.21,93.320,-0.0000,-0.1576,-0.1609,0.0272,0.0031,0.0254,0.0029,-1.5801,-11.544,-0.677,0.0074,2.73811,0.523561,0.00237469,0.0000,-0.3000,-19.831,4.325,-1.5789,0.0254,0.0029
398.31,93.340,-0.0000,-0.1776,-0.1792,0.0269,0.0032,0.0254,0.0030,-1.5843,-11.545,-0.677,0.0085,2.73811,0.523561,0.00237469,0.0000,-0.3000,-19.831,4.325,-1.5789,0.0254,0.0030
398.41,93.380,-0.0000,-0.2176,-0.2065,0.0266,0.0033,0.0253,0.0031,-1.5885,-11.545,-0.677,0.0096,2.8032,0.525105,0.00209788,0.0000,-0.3000,-19.852,4.325,-1.5842,0.0253,0.0031
398.51,93.400,-0.0000,-0.2376,-0.2246,0.0263,0.0034,0.0253,0.0033,-1.5942,-11.545,-0.677,0.0108,2.86979,0.526675,0.00237469,0.0000,-0.3000,-19.873,4.326,-1.5902,0.0253,0.0033
398.61,93.420,-0.0000,-0.2576,-0.2513,0.0259,0.0035,0.0253,0.0034,-1.5999,-11.545,-0.677,0.0120,2.86979,0.526675,0.00237469,0.0000,-0.3000,-19.873,4.326,-1.5902,0.0253,0.0034
398.71,93.440,-0.0000,-0.2776,-0.2690,0.0256,0.0036,0.0253,0.0036,-1.6068,-11.545,-0.678,0.0133,2.96096,0.528807,0.00237469,0.0000,-0.3000,-19.902,4.326,-1.5996,0.0253,0.0036
398.81,93.480,-0.0000,-0.3000,-0.2750,-0.0016,-0.0003,0.0253,0.0038,-1.6139,-11.546,-0.678,0.0141,3.03115,0.530441,0.00209788,0.0000,-0.3000,-19.923,4.327,-1.6076,0.0253,0.0038
398.91,93.500,-0.0000,-0.3000,-0.2741,-0.0016,-0.0003,0.0252,0.0040,-1.6211,-11.546,-0.678,0.0150,3.10292,0.532112,0.00237469,0.0000,-0.3000,-19.944,4.328,-1.6159,0.0252,0.0039
399.01,93.520,-0.0000,-0.3000,-0.2729,-0.0016,-0.0003,0.0252,0.0041,-1.6279,-11.546,-0.678,0.0159,3.20109,0.534397,0.00237469,0.0000,-0.3000,-19.973,4.329,-1.6270,0.0252,0.0041
399.11,93.560,-0.0000,-0.3000,-0.2716,-0.0016,-0.0003,0.0252,0.0043,-1.6352,-11.547,-0.679,0.0168,3.20109,0.534397,0.00237469,0.0000,-0.3000,-19.973,4.329,-1.6270,0.0252,0.0043
399.21,93.580,-0.0000,-0.3000,-0.2708,-0.0016,-0.0003,0.0251,0.0045,-1.6428,-11.547,-0.679,0.0178,3.27661,0.536155,0.00209788,0.0000,-0.3000,-19.994,4.331,-1.6352,0.0251,0.0045
399.31,93.600,-0.0000,-0.3000,-0.2695,-0.0016,-0.0003,0.0251,0.0047,-1.6488,-11.547,-0.679,0.0186,3.35376,0.537957,0.00237469,0.0000,-0.3000,-20.015,4.332,-1.6434,0.0251,0.0047
399.41,93.620,-0.0000,-0.3000,-0.2687,-0.0016,-0.0003,0.0251,0.0048,-1.6558,-11.548,-0.679,0.0196,3.45922,0.540426,0.00237469,0.0000,-0.3000,-20.044,4.334,-1.6542,0.0251,0.0048
399.51,93.660,-0.0000,-0.3000,-0.2675,-0.0016,-0.0003,0.0250,0.0050,-1.6630,-11.548,-0.680,0.0206,3.45922,0.540426,0.00237469,0.0000,-0.3000,-20.044,4.334,-1.6542,0.0250,0.0050
399.61,93.680,-0.0000,-0.3000,-0.2667,-0.0016,-0.0003,0.0250,0.0052,-1.6691,-11.549,-0.680,0.0215,3.54029,0.54233,0.00209788,0.0000,-0.3000,-20.065,4.336,-1.6623,0.0250,0.0051
399.71,93.700,-0.0000,-0.3000,-0.2659,-0.0016,-0.0003,0.0250,0.0053,-1.6750,-11.549,-0.680,0.0223,3.62306,0.544287,0.00237469,0.0000,-0.3000,-20.087,4.338,-1.6703,0.0250,0.0053
399.81,93.720,-0.0000,-0.3000,-0.2647,-0.0016,-0.0004,0.0249,0.0055,-1.6811,-11.550,-0.680,0.0232,3.62306,0.544287,0.00237469,0.0000,-0.3000,-20.087,4.338,-1.6703,0.0249,0.0055
399.91,93.740,-0.0000,-0.3000,-0.2639,-0.0016,-0.0004,0.0249,0.0057,-1.6879,-11.550,-0.681,0.0242,3.7361,0.546976,0.00237469,0.0000,-0.3000,-20.115,4.341,-1.6809,0.0249,0.0056
400.01,93.780,-0.0000,-0.3000,-0.2627,-0.0016,-0.0004,0.0249,0.0058,-1.6948,-11.551,-0.681,0.0252,3.82293,0.549059,0.00209788,0.0000,-0.3000,-20.136,4.343,-1.6888,0.0249,0.0058
400.11,93.800,-0.0000,-0.3000,-0.2620,-0.0016,-0.0004,0.0248,0.0060,-1.7013,-11.551,-0.681,0.0262,3.91153,0.551208,0.00237469,0.0000,-0.3000,-20.158,4.346,-1.6967,0.0248,0.0059
400.21,93.820,-0.0000,-0.3000,-0.2608,-0.0016,-0.0004,0.0248,0.0062,-1.7081,-11.552,-0.681,0.0272,4.03244,0.554174,0.00237469,0.0000,-0.3000,-20.186,4.350,-1.7071,0.0248,0.0061
400.31,93.860,-0.0000,-0.3000,-0.2597,-0.0015,-0.0004,0.0247,0.0063,-1.7151,-11.553,-0.682,0.0282,4.03244,0.554174,0.00237469,0.0000,-0.3000,-20.186,4.350,-1.7071,0.0247,0.0063
400.41,93.880,-0.0000,-0.3000,-0.2589,-0.0015,-0.0004,0.0247,0.0065,-1.7216,-11.553,-0.682,0.0292,4.12524,0.556482,0.00209788,0.0000,-0.3000,-20.207,4.353,-1.7150,0.0247,0.0064
400.51,93.900,-0.0000,-0.3000,-0.2578,-0.0015,-0.0004,0.0247,0.0067,-1.7283,-11.554,-0.682,0.0303,4.21988,0.558872,0.00237469,0.0000,-0.3000,-20.229,4.356,-1.7227,0.0247,0.0066
400.61,93.920,-0.0000,-0.3000,-0.2571,-0.0015,-0.0004,0.0246,0.0068,-1.7350,-11.555,-0.682,0.0313,4.34894,0.562188,0.00237469,0.0000,-0.3000,-20.257,4.360,-1.7330,0.0246,0.0068
400.71,93.960,-0.0000,-0.3000,-0.2559,-0.0015,-0.0004,0.0246,0.0070,-1.7417,-11.556,-0.683,0.0323,4.34894,0.562188,0.00237469,0.0000,-0.3000,-20.257,4.360,-1.7330,0.0246,0.0070
400.81,93.980,-0.0000,-0.3000,-0.2548,-0.0015,-0.0004,0.0245,0.0072,-1.7486,-11.556,-0.683,0.0334,4.44792,0.564781,0.00209788,0.0000,-0.3000,-20.278,4.364,-1.7407,0.0245,0.0071
400.91,94.000,-0.0000,-0.3000,-0.2541,0.7476,0.1692,0.0245,0.0073,-1.7539,-11.557,-0.683,0.0379,4.5488,0.567477,0.00237469,0.0964,-0.3000,-20.299,4.367,-1.7484,0.0245,0.0073
401.01,94.020,0.0124,-0.3000,-0.2534,0.7445,0.1723,0.0244,0.0074,-1.7597,-11.558,-0.684,0.0497,2.18598,0.484731,0.00237468,0.0964,-0.3000,-20.328,4.372,-1.7586,0.0244,0.0074
401.11,94.040,0.0284,-0.3000,-0.2527,0.7414,0.1753,0.0244,0.0076,-1.7658,-11.559,-0.685,0.0649,2.18598,0.484731,0.00237468,0.0964,-0.3000,-20.328,4.372,-1.7586,0.0244,0.0075
401.21,94.080,0.0604,-0.3000,-0.2516,0.7365,0.1798,0.0243,0.0077,-1.7718,-11.559,-0.687,0.0813,2.23641,0.486672,0.00209788,0.0964,-0.3000,-20.349,4.375,-1.7661,0.0244,0.0077
401.31,94.100,0.0764,-0.3000,-0.2509,0.7332,0.1828,0.0243,0.0079,-1.7776,-11.560,-0.689,0.0977,2.28798,0.488672,0.00237468,0.1059,-0.3000,-20.371,4.378,-1.7737,0.0243,0.0078
401.41,94.120,0.0924,-0.3000,-0.2498,0.7281,0.1871,0.0243,0.0080,-1.7841,-11.561,-0.691,0.1165,2.28798,0.488672,0.00237468,0.1059,-0.3000,-20.371,4.378,-1.7737,0.0243,0.0080
401.51,94.140,0.1058,-0.3000,-0.2491,-0.0095,-0.0032,0.0242,0.0082,-1.7906,-11.562,-0.694,0.1169,2.35857,0.491433,0.00237468,0.1059,-0.3000,-20.399,4.381,-1.7837,0.0242,0.0081
401.61,94.180,0.1059,-0.3000,-0.2481,-0.0096,-0.0033,0.0241,0.0083,-1.7973,-11.563,-0.697,0.1171,2.41289,0.493582,0.00209788,0.1059,-0.3000,-20.421,4.382,-1.7912,0.0242,0.0083
401.71,94.200,0.1059,-0.3000,-0.2471,0.7183,0.1994,0.0241,0.0085,-1.8035,-11.564,-0.700,0.1244,2.46841,0.495809,0.00237469,0.1154,-0.3000,-20.443,4.384,-1.7986,0.0241,0.0085
401.81,94.220,0.1153,-0.3000,-0.2464,-0.0105,-0.0038,0.0240,0.0086,-1.8099,-11.565,-0.703,0.1259,2.54432,0.498903,0.00237469,0.1154,-0.3000,-20.472,4.386,-1.8085,0.0241,0.0086
401.91,94.260,0.1154,-0.3000,-0.2454,-0.0106,-0.0039,0.0240,0.0088,-1.8165,-11.566,-0.706,0.1261,2.54432,0.498903,0.00237469,0.1154,-0.3000,-20.472,4.386,-1.8085,0.0240,0.0088
402.01,94.280,0.1154,-0.3000,-0.2447,-0.0107,-0.0040,0.0239,0.0090,-1.8231,-11.567,-0.710,0.1263,2.60269,0.501327,0.00209788,0.1154,-0.3000,-20.494,4.388,-1.8159,0.0239,0.0089
402.11,94.300,0.1154,-0.3000,-0.2437,0.7057,0.2141,0.0239,0.0091,-1.8295,-11.568,-0.713,0.1349,2.6623,0.503851,0.00237469,0.1251,-0.3000,-20.516,4.390,-1.8232,0.0239,0.0091
402.21,94.340,0.1251,-0.3000,-0.2427,-0.0117,-0.0046,0.0238,0.0093,-1.8358,-11.569,-0.716,0.1351,2.74374,0.507377,0.00237469,0.1251,-0.3000,-20.545,4.393,-1.8330,0.0238,0.0092
402.31,94.360,0.1251,-0.3000,-0.2420,-0.0118,-0.0047,0.0237,0.0094,-1.8418,-11.570,-0.719,0.1352,2.80631,0.510154,0.00209788,0.1251,-0.3000,-20.567,4.395,-1.8403,0.0238,0.0094
402.41,94.380,0.1251,-0.3000,-0.2410,-0.0119,-0.0048,0.0237,0.0095,-1.8474,-11.571,-0.722,0.1353,2.80631,0.510154,0.00209788,0.1251,-0.3000,-20.567,4.395,-1.8403,0.0237,0.0095
402.51,94.400,0.1251,-0.3000,-0.2403,0.6925,0.2278,0.0236,0.0097,-1.8529,-11.572,-0.725,0.1440,2.87016,0.513056,0.00237469,0.1349,-0.3000,-20.589,4.397,-1.8475,0.0237,0.0096
402.61,94.420,0.1348,-0.3000,-0.2397,-0.0128,-0.0054,0.0236,0.0098,-1.8584,-11.573,-0.729,0.1441,2.95732,0.517131,0.00237469,0.1349,-0.3000,-20.618,4.400,-1.8571,0.0236,0.0098
402.71,94.460,0.1349,-0.3000,-0.2387,-0.0129,-0.0055,0.0235,0.0099,-1.8649,-11.574,-0.732,0.1442,2.95732,0.517131,0.00237469,0.1349,-0.3000,-20.618,4.400,-1.8571,0.0235,0.0099
402.81,94.480,0.1349,-0.3000,-0.2381,-0.0130,-0.0056,0.0235,0.0101,-1.8711,-11.575,-0.736,0.1443,3.02423,0.520352,0.00209788,0.1349,-0.3000,-20.640,4.402,-1.8643,0.0235,0.0100
402.91,94.500,0.1349,-0.3000,-0.2292,0.6592,0.2322,0.0234,0.0102,-1.8772,-11.577,-0.739,0.1528,3.09247,0.523729,0.00237469,0.1449,-0.2627,-20.662,4.405,-1.8714,0.0234,0.0102
403.01,94.540,0.1449,-0.2650,-0.2068,-0.0122,-0.0055,0.0233,0.0104,-1.8827,-11.578,-0.743,0.1524,3.18554,0.528484,0.00237469,0.1449,-0.2627,-20.691,4.408,-1.8806,0.0233,0.0104
403.11,94.560,0.1449,-0.2627,-0.2063,-0.0122,-0.0056,0.0233,0.0105,-1.8881,-11.579,-0.747,0.1526,3.25694,0.532249,0.00209788,0.1449,-0.2627,-20.713,4.411,-1.8869,0.0233,0.0105
403.21,94.580,0.1449,-0.2627,-0.2056,-0.0123,-0.0057,0.0232,0.0106,-1.8930,-11.581,-0.750,0.1527,3.25694,0.532249,0.00209788,0.1449,-0.2627,-20.713,4.411,-1.8869,0.0232,0.0106
403.31,94.600,0.1449,-0.2627,-0.1973,0.6492,0.2436,0.0232,0.0107,-1.8981,-11.582,-0.754,0.1610,3.32974,0.536198,0.00237469,0.1549,-0.1725,-20.735,4.414,-1.8930,0.0232,0.0107
403.41,94.640,0.1549,-0.2272,-0.1733,-0.0303,-0.0142,0.0231,0.0108,-1.9028,-11.583,-0.758,0.1607,3.42899,0.541757,0.00237469,0.1549,-0.1725,-20.765,4.417,-1.9009,0.0231,0.0108
403.51,94.660,0.1549,-0.2072,-0.1575,-0.0291,-0.0138,0.0231,0.0109,-1.9071,-11.585,-0.762,0.1604,3.5051,0.546157,0.00209788,0.1549,-0.1725,-20.787,4.420,-1.9060,0.0231,0.0109
403.61,94.680,0.1549,-0.1872,-0.1338,-0.0275,-0.0132,0.0230,0.0110,-1.9106,-11.586,-0.766,0.1602,3.5051,0.546157,0.00209788,0.1549,-0.1725,-20.787,4.420,-1.9060,0.0231,0.0110
403.71,94.700,0.1549,-0.1725,-0.1256,0.6447,0.2536,0.0230,0.0111,-1.9133,-11.587,-0.769,0.1682,3.58268,0.550763,0.00237469,0.1645,-0.0856,-20.809,4.423,-1.9104,0.0230,0.0111
403.81,94.720,0.1644,-0.1570,-0.1101,-0.0262,-0.0127,0.0230,0.0111,-1.9161,-11.589,-0.773,0.1680,3.68847,0.557224,0.00237469,0.1645,-0.0856,-20.839,4.426,-1.9154,0.0230,0.0111
403.91,94.760,0.1645,-0.1170,-0.0868,-0.0246,-0.0120,0.0230,0.0112,-1.9183,-11.590,-0.777,0.1678,3.68847,0.557224,0.00237469,0.1645,-0.0856,-20.839,4.426,-1.9154,0.0230,0.0112
404.01,94.780,0.1645,-0.0970,-0.0713,-0.0235,-0.0115,0.0229,0.0112,-1.9203,-11.592,-0.781,0.1678,3.76962,0.562313,0.00209788,0.1645,-0.0856,-20.861,4.429,-1.9183,0.0229,0.0112
404.11,94.800,0.1645,-0.0856,-0.0668,-0.7415,0.0258,0.0229,0.0113,-1.9219,-11.593,-0.785,0.1597,3.85237,0.567615,0.00237469,0.1460,-0.2528,-20.883,4.432,-1.9206,0.0229,0.0113
404.21,94.840,0.1460,-0.1211,-0.0966,0.0127,0.0063,0.0229,0.0113,-1.9242,-11.595,-0.789,0.1517,3.96523,0.575014,0.00237469,0.1460,-0.2528,-20.913,4.436,-1.9233,0.0229,0.0113
404.31,94.860,0.1460,-0.1411,-0.1118,0.0117,0.0058,0.0229,0.0114,-1.9266,-11.596,-0.792,0.1525,3.96523,0.575014,0.00237469,0.1460,-0.2528,-20.913,4.436,-1.9233,0.0229,0.0114
404.41,94.880,0.1460,-0.1611,-0.1270,0.0106,0.0053,0.0228,0.0115,-1.9297,-11.597,-0.795,0.1532,4.05181,0.580818,0.00209788,0.1460,-0.2528,-20.935,4.440,-1.9261,0.0228,0.0114
404.51,94.900,0.1460,-0.1811,-0.1496,0.0086,0.0043,0.0228,0.0115,-1.9332,-11.599,-0.799,0.1583,4.14005,0.586865,0.00237469,0.1514,-0.2043,-20.957,4.443,-1.9297,0.0228,0.0115
404.61,94.920,0.1514,-0.2010,-0.1559,-0.0102,-0.0052,0.0227,0.0116,-1.9371,-11.600,-0.802,0.1586,4.26025,0.595331,0.00237469,0.1514,-0.2043,-20.986,4.448,-1.9356,0.0228,0.0116
404.71,94.960,0.1514,-0.2043,-0.1555,-0.0102,-0.0053,0.0227,0.0117,-1.9412,-11.602,-0.806,0.1589,4.26025,0.595331,0.00237469,0.1514,-0.2043,-20.986,4.448,-1.9356,0.0227,0.0117
404.81,94.980,0.1514,-0.2043,-0.1551,-0.0102,-0.0054,0.0227,0.0118,-1.9452,-11.604,-0.810,0.1591,4.35232,0.602006,0.00209788,0.1514,-0.2043,-21.008,4.451,-1.9403,0.0227,0.0118
404.91,95.000,0.1514,-0.2043,-0.1472,0.0399,0.0209,0.0226,0.0119,-1.9486,-11.605,-0.813,0.1644,4.44604,0.60898,0.00237469,0.1579,-0.1451,-21.031,4.455,-1.9450,0.0226,0.0119
405.01,95.020,0.1579,-0.1888,-0.1319,-0.0269,-0.0142,0.0226,0.0120,-1.9518,-11.607,-0.817,0.1643,2.14671,0.497548,0.00237468,0.1579,-0.1451,-21.184,4.473,-1.9510,0.0226,0.0119
405.11,95.040,0.1579,-0.1688,-0.1166,-0.0257,-0.0137,0.0225,0.0120,-1.9544,-11.608,-0.820,0.1641,2.14671,0.497548,0.00237468,0.1579,-0.1451,-21.184,4.473,-1.9510,0.0226,0.0120
405.21,95.080,0.1579,-0.1451,-0.1099,-0.0111,-0.0059,0.0225,0.0121,-1.9569,-11.610,-0.824,0.1642,2.19365,0.501899,0.00209788,0.1579,-0.1451,-21.207,4.477,-1.9547,0.0225,0.0121
405.31,95.100,0.1579,-0.1451,-0.1101,-0.0155,-0.0083,0.0225,0.0121,-1.9595,-11.611,-0.827,0.1681,2.24163,0.506438,0.00237468,0.1777,-0.0196,-21.231,4.481,-1.9580,0.0225,0.0121
405.41,95.120,0.1703,-0.1296,-0.0953,-0.0082,-0.0045,0.0224,0.0122,-1.9621,-11.613,-0.831,0.1783,2.24163,0.506438,0.00237468,0.1777,-0.0196,-21.231,4.481,-1.9580,0.0225,0.0122
405.51,95.140,0.1777,-0.1096,-0.0784,-0.0090,-0.0049,0.0224,0.0122,-1.9643,-11.615,-0.836,0.1786,2.30725,0.512783,0.00237468,0.1777,-0.0196,-21.262,4.487,-1.9621,0.0224,0.0122
405.61,95.180,0.1777,-0.0696,-0.0488,0.0137,0.0075,0.0224,0.0123,-1.9657,-11.617,-0.840,0.1778,2.35774,0.517768,0.00209788,0.1777,-0.0196,-21.286,4.491,-1.9646,0.0224,0.0123
405.71,95.200,0.1777,-0.0496,-0.0338,-0.0285,0.0869,0.0224,0.0123,-1.9666,-11.618,-0.844,0.1759,2.40936,0.522952,0.00237469,0.1756,0.0381,-21.310,4.495,-1.9662,0.0224,0.0123
405.81,95.220,0.1756,-0.0296,-0.0113,-0.0284,0.0905,0.0224,0.0123,-1.9670,-11.620,-0.848,0.1757,2.47997,0.530164,0.00237469,0.1756,0.0381,-21.341,4.501,-1.9673,0.0224,0.0123
405.91,95.260,0.1756,0.0104,0.0112,0.0181,0.0099,0.0224,0.0123,-1.9669,-11.622,-0.852,0.1762,2.47997,0.530164,0.00237469,0.1756,0.0381,-21.341,4.501,-1.9673,0.0224,0.0123
406.01,95.280,0.1756,0.0304,0.0262,0.0192,0.0105,0.0224,0.0123,-1.9664,-11.624,-0.856,0.1771,2.53433,0.535797,0.00209788,0.1756,0.0381,-21.365,4.505,-1.9673,0.0224,0.0123
406.11,95.300,0.1756,0.0381,0.0359,-0.0822,-0.0450,0.0224,0.0123,-1.9656,-11.626,-0.861,0.1726,2.58993,0.541622,0.00237469,0.1702,0.0857,-21.389,4.509,-1.9666,0.0224,0.0123
406.21,95.320,0.1702,0.0536,0.0511,0.0210,0.0115,0.0224,0.0122,-1.9644,-11.627,-0.865,0.1736,2.66605,0.549676,0.00237469,0.1702,0.0857,-21.420,4.515,-1.9650,0.0224,0.0122
406.31,95.360,0.1702,0.0857,0.0644,0.0047,0.0026,0.0224,0.0122,-1.9629,-11.629,-0.868,0.1744,2.66605,0.549676,0.00237469,0.1702,0.0857,-21.420,4.515,-1.9650,0.0224,0.0122
406.41,95.380,0.1702,0.0857,0.0644,-0.0191,0.0465,0.0225,0.0122,-1.9614,-11.631,-0.872,0.1748,2.72467,0.555928,0.00209788,0.1702,0.0857,-21.444,4.519,-1.9632,0.0225,0.0122
406.51,95.400,0.1702,0.0857,0.0645,-0.0191,0.0465,0.0225,0.0121,-1.9600,-11.632,-0.876,0.1709,2.78464,0.562362,0.00237469,0.1658,0.1237,-21.468,4.523,-1.9612,0.0225,0.0121
406.61,95.420,0.1658,0.1012,0.0796,0.0231,0.0125,0.0225,0.0121,-1.9584,-11.634,-0.879,0.1717,2.78464,0.562362,0.00237469,0.1658,0.1237,-21.468,4.523,-1.9612,0.0225,0.0121
406.71,95.440,0.1658,0.1209,0.0933,0.0067,0.0036,0.0225,0.0121,-1.9564,-11.635,-0.882,0.1724,2.86675,0.571214,0.00237469,0.1658,0.1237,-21.499,4.529,-1.9582,0.0225,0.0121
406.81,95.460,0.1658,0.1237,0.0934,-0.0182,0.0502,0.0225,0.0120,-1.9540,-11.637,-0.886,0.1727,2.92999,0.578055,0.00209788,0.1658,0.1237,-21.523,4.533,-1.9555,0.0225,0.0120
406.91,95.480,0.1658,0.1237,0.0935,-0.0181,0.0503,0.0226,0.0120,-1.9517,-11.639,-0.890,0.1727,2.99469,0.585068,0.00237469,0.1620,0.1567,-21.547,4.538,-1.9526,0.0226,0.0120
407.01,95.500,0.1658,0.1237,0.1012,0.0247,0.0130,0.0226,0.0119,-1.9497,-11.640,-0.893,0.1697,2.99469,0.585068,0.00237469,0.1620,0.1567,-21.547,4.538,-1.9526,0.0226,0.0119
407.11,95.540,0.1620,0.1564,0.1188,0.0083,0.0043,0.0226,0.0118,-1.9467,-11.642,-0.897,0.1707,3.08327,0.594676,0.00237469,0.1620,0.1567,-21.579,4.543,-1.9485,0.0226,0.0119
407.21,95.560,0.1620,0.1567,0.1190,-0.0171,0.0531,0.0227,0.0118,-1.9437,-11.644,-0.901,0.1708,3.1515,0.602068,0.00209788,0.1620,0.1567,-21.602,4.547,-1.9450,0.0227,0.0118
407.31,95.580,0.1620,0.1567,0.1192,-0.0170,0.0532,0.0227,0.0117,-1.9407,-11.646,-0.905,0.1709,3.1515,0.602068,0.00209788,0.1620,0.1567,-21.602,4.547,-1.9450,0.0227,0.0117
407.41,95.600,0.1620,0.1567,0.1270,0.0267,0.0136,0.0227,0.0116,-1.9380,-11.647,-0.909,0.1684,3.22129,0.609618,0.00237469,0.1587,0.1858,-21.626,4.551,-1.9413,0.0227,0.0117
407.51,95.640,0.1587,0.1858,0.1419,0.0096,0.0049,0.0228,0.0116,-1.9344,-11.649,-0.913,0.1693,3.31685,0.619917,0.00237469,0.1587,0.1858,-21.658,4.557,-1.9362,0.0228,0.0116
407.61,95.660,0.1587,0.1858,0.1421,-0.0159,0.0554,0.0228,0.0115,-1.9309,-11.651,-0.916,0.1693,3.39043,0.627806,0.00209788,0.1587,0.1858,-21.682,4.561,-1.9320,0.0228,0.0115
407.71,95.680,0.1587,0.1858,0.1425,-0.0158,0.0556,0.0229,0.0114,-1.9274,-11.652,-0.920,0.1694,3.39043,0.627806,0.00209788,0.1587,0.1858,-21.682,4.561,-1.9320,0.0229,0.0114
407.81,95.700,0.1587,0.1858,0.1504,0.0283,0.0140,0.0229,0.0113,-1.9240,-11.654,-0.924,0.1664,3.46571,0.635833,0.00237469,0.1550,0.2186,-21.706,4.565,-1.9277,0.0229,0.0113
407.91,95.720,0.1550,0.2013,0.1661,0.0295,0.0144,0.0229,0.0112,-1.9203,-11.656,-0.927,0.1674,3.56875,0.646737,0.00237469,0.1550,0.2186,-21.738,4.570,-1.9216,0.0229,0.0113
408.01,95.740,0.1550,0.2183,0.1685,-0.0145,0.0577,0.0230,0.0112,-1.9166,-11.657,-0.930,0.1677,3.56875,0.646737,0.00237469,0.1550,0.2186,-21.738,4.570,-1.9216,0.0230,0.0112
408.11,95.780,0.1550,0.2186,0.1690,-0.0143,0.0578,0.0230,0.0111,-1.9127,-11.659,-0.934,0.1678,3.6481,0.655052,0.00209788,0.1550,0.2186,-21.762,4.574,-1.9166,0.0230,0.0111
408.21,95.800,0.1550,0.2186,0.1694,-0.0142,0.0579,0.0231,0.0110,-1.9082,-11.661,-0.938,0.1665,3.72926,0.663479,0.00237469,0.1532,0.2337,-21.786,4.577,-1.9115,0.0231,0.0110
408.31,95.820,0.1532,0.2326,0.1817,-0.0135,0.0588,0.0231,0.0109,-1.9035,-11.662,-0.942,0.1671,3.84035,0.674868,0.00237469,0.1532,0.2337,-21.818,4.582,-1.9044,0.0231,0.0109
408.41,95.860,0.1532,0.2337,0.1822,-0.0134,0.0590,0.0232,0.0107,-1.8990,-11.664,-0.946,0.1671,3.84035,0.674868,0.00237469,0.1532,0.2337,-21.818,4.582,-1.9044,0.0232,0.0107
408.51,95.880,0.1532,0.2337,0.1826,-0.0133,0.0591,0.0232,0.0106,-1.8944,-11.666,-0.949,0.1672,3.92589,0.683514,0.00209788,0.1532,0.2337,-21.842,4.586,-1.8990,0.0232,0.0107
408.61,95.900,0.1532,0.2337,0.1830,-0.0132,0.0593,0.0233,0.0105,-1.8906,-11.667,-0.953,0.1653,4.01336,0.692245,0.00237469,0.1510,0.2527,-21.866,4.589,-1.8935,0.0233,0.0106
408.71,95.920,0.1510,0.2491,0.1986,-0.0123,0.0602,0.0233,0.0104,-1.8859,-11.669,-0.956,0.1663,4.01336,0.692245,0.00237469,0.1510,0.2527,-21.866,4.589,-1.8935,0.0233,0.0104
408.81,95.940,0.1510,0.2527,0.1990,-0.0122,0.0604,0.0234,0.0103,-1.8807,-11.671,-0.960,0.1664,4.13305,0.703998,0.00237469,0.1510,0.2527,-21.898,4.593,-1.8859,0.0234,0.0103
408.91,95.980,0.1510,0.2527,0.1997,-0.0120,0.0606,0.0234,0.0102,-1.8755,-11.672,-0.964,0.1664,4.22519,0.712882,0.00209788,0.1510,0.2527,-21.922,4.596,-1.8799,0.0234,0.0102
409.01,96.000,0.1510,0.2527,0.2002,-0.0119,0.0607,0.0235,0.0101,-1.8713,-11.674,-0.967,0.1647,4.31938,0.721818,0.00237469,0.1491,0.2698,-21.946,4.599,-1.8739,0.0235,0.0101
409.11,96.020,0.1491,0.2676,0.2142,0.0127,0.0054,0.0235,0.0100,-1.8658,-11.676,-0.971,0.1657,4.31938,0.721818,0.00237469,0.1491,0.2698,-21.946,4.599,-1.8739,0.0235,0.0100
409.21,96.040,0.1491,0.2698,0.2149,-0.0110,0.0617,0.0236,0.0099,-1.8609,-11.677,-0.975,0.1657,2.0961,0.544105,0.00237468,0.1491,0.2698,-22.114,4.660,-1.8656,0.0236,0.0099
409.31,96.060,0.1491,0.2698,0.2155,-0.0109,0.0618,0.0236,0.0097,-1.8559,-11.679,-0.978,0.1658,2.14364,0.549312,0.00209788,0.1491,0.2698,-22.140,4.663,-1.8591,0.0236,0.0098
409.41,96.080,0.1491,0.2698,0.2160,-0.0108,0.0620,0.0237,0.0096,-1.8507,-11.680,-0.982,0.1658,2.19245,0.554546,0.00237468,0.1384,0.3000,-22.166,4.666,-1.8526,0.0236,0.0097
409.51,96.120,0.1387,0.2853,0.2329,0.0332,0.0133,0.0237,0.0095,-1.8458,-11.682,-0.985,0.1562,2.19245,0.554546,0.00237468,0.1384,0.3000,-22.166,4.666,-1.8526,0.0237,0.0095
409.61,96.140,0.1384,0.3000,0.2418,0.0129,0.0051,0.0238,0.0094,-1.8401,-11.683,-0.988,0.1572,2.25955,0.561553,0.00237468,0.1384,0.3000,-22.201,4.670,-1.8437,0.0238,0.0094
409.71,96.160,0.1384,0.3000,0.2428,-0.0092,0.0617,0.0238,0.0092,-1.8338,-11.685,-0.992,0.1574,2.31143,0.566815,0.00209788,0.1384,0.3000,-22.226,4.673,-1.8364,0.0238,0.0092
409.81,96.180,0.1384,0.3000,0.2434,-0.0091,0.0619,0.0239,0.0091,-1.8274,-11.687,-0.996,0.1575,2.31143,0.566815,0.00209788,0.1384,0.3000,-22.226,4.673,-1.8364,0.0239,0.0091
409.91,96.220,0.1368,0.3000,0.2445,-0.0089,0.0618,0.0239,0.0089,-1.8211,-11.688,-1.000,0.1559,2.36467,0.572077,0.00237469,0.1368,0.3000,-22.252,4.676,-1.8291,0.0239,0.0089
410.01,96.240,0.1368,0.3000,0.2451,-0.0088,0.0620,0.0240,0.0088,-1.8147,-11.690,-1.003,0.1560,2.43782,0.579076,0.00237469,0.1368,0.3000,-22.287,4.679,-1.8193,0.0240,0.0088
410.11,96.260,0.1368,0.3000,0.2462,-0.0086,0.0623,0.0241,0.0086,-1.8083,-11.692,-1.007,0.1560,2.49435,0.584303,0.00209788,0.1368,0.3000,-22.313,4.681,-1.8119,0.0240,0.0086
410.21,96.300,0.1368,0.3000,0.2472,-0.0084,0.0626,0.0241,0.0084,-1.8019,-11.693,-1.011,0.1553,2.55233,0.58951,0.00237469,0.1356,0.3000,-22.339,4.684,-1.8046,0.0241,0.0085
410.31,96.320,0.1356,0.3000,0.2479,-0.0083,0.0625,0.0242,0.0083,-1.7965,-11.694,-1.014,0.1548,2.55233,0.58951,0.00237469,0.1356,0.3000,-22.339,4.684,-1.8046,0.0241,0.0083
410.41,96.340,0.1356,0.3000,0.2486,-0.0082,0.0626,0.0242,0.0082,-1.7903,-11.696,-1.017,0.1549,2.63195,0.596402,0.00237469,0.1356,0.3000,-22.374,4.686,-1.7947,0.0242,0.0082
410.51,96.360,0.1356,0.3000,0.2496,-0.0080,0.0629,0.0243,0.0080,-1.7835,-11.698,-1.021,0.1549,2.69344,0.601525,0.00209788,0.1356,0.3000,-22.400,4.688,-1.7872,0.0242,0.0080
410.61,96.380,0.1356,0.3000,0.2503,-0.0078,0.0631,0.0243,0.0079,-1.7778,-11.699,-1.025,0.1549,2.69344,0.601525,0.00209788,0.1356,0.3000,-22.400,4.688,-1.7872,0.0243,0.0079
410.71,96.420,0.1344,0.3000,0.2507,-0.0093,0.0636,0.0243,0.0077,-1.7720,-11.700,-1.028,0.1535,2.75647,0.606607,0.00237469,0.1344,0.3000,-22.426,4.689,-1.7797,0.0243,0.0077
410.81,96.440,0.1344,0.3000,0.2513,-0.0100,0.0640,0.0244,0.0076,-1.7667,-11.702,-1.031,0.1535,2.84297,0.613298,0.00237469,0.1344,0.3000,-22.461,4.691,-1.7697,0.0244,0.0076
410.91,96.460,0.1344,0.3000,0.2518,-0.0114,0.0648,0.0244,0.0074,-1.7605,-11.703,-1.034,0.1534,2.90972,0.618245,0.00209788,0.1344,0.3000,-22.488,4.692,-1.7621,0.0244,0.0075
411.01,96.480,0.1344,0.3000,0.2523,-0.0192,0.0678,0.0245,0.0073,-1.7536,-11.705,-1.038,0.1531,2.90972,0.618245,0.00209788,0.1344,0.3000,-22.488,4.692,-1.7621,0.0245,0.0073
411.11,96.520,0.1332,0.3000,0.2420,-0.6843,0.3016,0.0245,0.0071,-1.7471,-11.706,-1.042,0.1481,2.97812,0.623129,0.00237469,0.1332,0.3000,-22.514,4.693,-1.7546,0.0245,0.0071
411.21,96.540,0.1332,0.3000,0.2300,-0.0087,0.0612,0.0246,0.0070,-1.7409,-11.707,-1.046,0.1436,3.07191,0.629525,0.00237469,0.1332,0.3000,-22.549,4.694,-1.7447,0.0246,0.0070
411.31,96.560,0.1332,0.3000,0.2308,-0.0085,0.0615,0.0246,0.0068,-1.7351,-11.709,-1.049,0.1436,3.14424,0.634233,0.00209788,0.1332,0.3000,-22.576,4.695,-1.7377,0.0246,0.0068
411.41,96.580,0.1332,0.3000,0.2314,-0.0084,0.0616,0.0247,0.0067,-1.7291,-11.710,-1.052,0.1435,3.14424,0.634233,0.00209788,0.1332,0.3000,-22.576,4.695,-1.7377,0.0246,0.0067
411.51,96.620,0.1320,0.3000,0.2322,-0.0082,0.0616,0.0247,0.0065,-1.7231,-11.711,-1.056,0.1423,3.2183,0.638869,0.00237469,0.1320,0.3000,-22.602,4.695,-1.7308,0.0247,0.0065
411.61,96.640,0.1320,0.3000,0.2327,-0.0081,0.0617,0.0247,0.0064,-1.7177,-11.712,-1.059,0.1422,3.31978,0.644924,0.00237469,0.1320,0.3000,-22.637,4.695,-1.7216,0.0247,0.0064
411.71,96.660,0.1320,0.3000,0.2336,-0.0079,0.0620,0.0248,0.0062,-1.7119,-11.714,-1.062,0.1422,3.39798,0.649362,0.00209788,0.1320,0.3000,-22.664,4.695,-1.7146,0.0248,0.0063
411.81,96.680,0.1320,0.3000,0.2341,-0.0077,0.0621,0.0248,0.0061,-1.7058,-11.715,-1.066,0.1421,3.39798,0.649362,0.00209788,0.1320,0.3000,-22.664,4.695,-1.7146,0.0248,0.0061
411.91,96.720,0.1305,0.3000,0.2349,-0.0075,0.0620,0.0248,0.0060,-1.7000,-11.716,-1.069,0.1406,3.47801,0.653711,0.00237469,0.1305,0.3000,-22.690,4.695,-1.7076,0.0248,0.0060
412.01,96.740,0.1305,0.3000,0.2355,-0.0074,0.0622,0.0249,0.0058,-1.6941,-11.717,-1.072,0.1406,3.5876,0.659352,0.00237469,0.1305,0.3000,-22.726,4.694,-1.6982,0.0249,0.0059
412.11,96.760,0.1305,0.3000,0.2361,-0.0073,0.0624,0.0249,0.0057,-1.6891,-11.718,-1.075,0.1405,3.672,0.663457,0.00209788,0.1305,0.3000,-22.752,4.694,-1.6911,0.0249,0.0057
412.21,96.780,0.1305,0.3000,0.2366,-0.0071,0.0625,0.0249,0.0056,-1.6844,-11.719,-1.078,0.1404,3.672,0.663457,0.00209788,0.1305,0.3000,-22.752,4.694,-1.6911,0.0249,0.0056
412.31,96.800,0.1305,0.3000,0.2296,0.7595,0.2174,0.0250,0.0054,-1.6788,-11.720,-1.081,0.1497,3.75832,0.667454,0.00237469,0.1737,0.0553,-22.779,4.693,-1.6841,0.0250,0.0054
412.41,96.820,0.1429,0.2845,0.2142,0.7613,0.2142,0.0250,0.0053,-1.6729,-11.721,-1.085,0.1694,3.87645,0.672598,0.00237469,0.1737,0.0553,-22.814,4.691,-1.6749,0.0250,0.0053
412.51,96.860,0.1732,0.2445,0.1910,0.0066,0.0014,0.0250,0.0052,-1.6680,-11.722,-1.090,0.1800,3.87645,0.672598,0.00237469,0.1737,0.0553,-22.814,4.691,-1.6749,0.0250,0.0052
412.61,96.880,0.1737,0.2245,0.1676,-0.0281,0.1686,0.0250,0.0050,-1.6634,-11.723,-1.094,0.1793,3.96737,0.676321,0.00209788,0.1737,0.0553,-22.841,4.689,-1.6687,0.0250,0.0050
412.71,96.900,0.1737,0.2045,0.1519,-0.0279,0.1670,0.0251,0.0049,-1.6594,-11.724,-1.099,0.1780,4.06029,0.679945,0.00237469,0.1732,0.0592,-22.868,4.687,-1.6633,0.0251,0.0050
412.81,96.940,0.1732,0.1645,0.1282,-0.0276,0.1646,0.0251,0.0049,-1.6561,-11.725,-1.103,0.1772,4.18736,0.684638,0.00237469,0.1732,0.0592,-22.904,4.683,-1.6572,0.0251,0.0049
412.91,96.960,0.1732,0.1445,0.1123,-0.0274,0.1627,0.0251,0.0048,-1.6532,-11.726,-1.107,0.1764,4.28507,0.68807,0.00209788,0.1732,0.0592,-22.930,4.680,-1.6535,0.0251,0.0048
413.01,96.980,0.1732,0.1245,0.0884,-0.0271,0.1597,0.0251,0.0047,-1.6507,-11.726,-1.112,0.1757,4.28507,0.68807,0.00209788,0.1732,0.0592,-22.930,4.680,-1.6535,0.0251,0.0047
413.11,97.000,0.1732,0.1045,0.0723,-0.0270,0.1574,0.0251,0.0047,-1.6488,-11.727,-1.116,0.1734,4.38487,0.691447,0.00237469,0.1715,0.0742,-22.957,4.677,-1.6505,0.0251,0.0047
413.21,97.040,0.1715,0.0742,0.0597,-0.0074,0.0504,0.0251,0.0046,-1.6472,-11.728,-1.120,0.1731,2.11862,0.524865,0.00237468,0.1715,0.0742,-22.829,4.613,-1.6476,0.0251,0.0046
413.31,97.060,0.1715,0.0742,0.0597,-0.0074,0.0504,0.0251,0.0046,-1.6457,-11.728,-1.125,0.1731,2.16866,0.527227,0.00209788,0.1715,0.0742,-22.854,4.610,-1.6459,0.0251,0.0046
413.41,97.080,0.1715,0.0742,0.0598,-0.0073,0.0505,0.0251,0.0046,-1.6443,-11.729,-1.129,0.1731,2.16866,0.527227,0.00209788,0.1715,0.0742,-22.854,4.610,-1.6459,0.0251,0.0046
413.51,97.100,0.1715,0.0742,0.0518,-0.0263,0.1554,0.0251,0.0045,-1.6430,-11.729,-1.133,0.1779,2.21998,0.529583,0.00237468,0.1767,0.0287,-22.879,4.606,-1.6442,0.0251,0.0045
413.61,97.120,0.1767,0.0587,0.0357,-0.0263,0.1529,0.0251,0.0045,-1.6421,-11.729,-1.137,0.1775,2.29043,0.532709,0.00237468,0.1767,0.0287,-22.913,4.602,-1.6422,0.0251,0.0045
413.71,97.160,0.1767,0.0287,0.0232,-0.0073,0.0448,0.0251,0.0045,-1.6415,-11.730,-1.141,0.1773,2.29043,0.532709,0.00237468,0.1767,0.0287,-22.913,4.602,-1.6422,0.0251,0.0045
413.81,97.180,0.1767,0.0287,0.0232,-0.0072,0.0448,0.0251,0.0045,-1.6409,-11.730,-1.146,0.1773,2.34481,0.535045,0.00209788,0.1767,0.0287,-22.938,4.598,-1.6414,0.0251,0.0045
413.91,97.200,0.1767,0.0287,0.0313,0.0009,0.0002,0.0252,0.0045,-1.6404,-11.731,-1.150,0.1741,2.40055,0.537387,0.00237469,0.1734,0.0580,-22.963,4.595,-1.6407,0.0252,0.0045
414.01,97.220,0.1734,0.0442,0.0469,0.0014,0.0002,0.0252,0.0044,-1.6393,-11.731,-1.154,0.1743,2.47701,0.540509,0.00237469,0.1734,0.0580,-22.996,4.590,-1.6396,0.0252,0.0044
414.11,97.260,0.1734,0.0580,0.0469,-0.0017,0.0178,0.0252,0.0044,-1.6381,-11.731,-1.159,0.1745,2.47701,0.540509,0.00237469,0.1734,0.0580,-22.996,4.590,-1.6396,0.0252,0.0044
414.21,97.280,0.1734,0.0580,0.0469,-0.0070,0.0486,0.0252,0.0044,-1.6369,-11.732,-1.163,0.1745,2.536,0.542846,0.00209788,0.1734,0.0580,-23.021,4.587,-1.6382,0.0252,0.0044
414.31,97.300,0.1734,0.0580,0.0551,0.0015,0.0003,0.0252,0.0043,-1.6356,-11.732,-1.168,0.1711,2.59642,0.545179,0.00237469,0.1697,0.0898,-23.046,4.583,-1.6368,0.0252,0.0043
414.41,97.320,0.1697,0.0735,0.0713,0.0020,0.0003,0.0252,0.0043,-1.6338,-11.733,-1.172,0.1714,2.67925,0.548273,0.00237469,0.1697,0.0898,-23.079,4.578,-1.6346,0.0252,0.0043
414.51,97.360,0.1697,0.0898,0.0728,0.0020,0.0003,0.0252,0.0043,-1.6320,-11.733,-1.176,0.1716,2.67925,0.548273,0.00237469,0.1697,0.0898,-23.079,4.578,-1.6346,0.0252,0.0043
414.61,97.380,0.1697,0.0898,0.0729,-0.0067,0.0525,0.0252,0.0042,-1.6301,-11.734,-1.181,0.1716,2.74312,0.550576,0.00209788,0.1697,0.0898,-23.105,4.575,-1.6324,0.0252,0.0042
414.71,97.400,0.1697,0.0898,0.0810,0.0021,0.0004,0.0252,0.0042,-1.6283,-11.734,-1.185,0.1686,2.80852,0.552863,0.00237469,0.1665,0.1178,-23.130,4.571,-1.6302,0.0252,0.0042
414.81,97.420,0.1665,0.1053,0.0958,0.0025,0.0004,0.0252,0.0041,-1.6262,-11.735,-1.189,0.1689,2.89812,0.555877,0.00237469,0.1665,0.1178,-23.163,4.566,-1.6269,0.0252,0.0041
414.91,97.440,0.1665,0.1178,0.0959,0.0025,0.0004,0.0252,0.0040,-1.6240,-11.735,-1.192,0.1690,2.89812,0.555877,0.00237469,0.1665,0.1178,-23.163,4.566,-1.6269,0.0252,0.0041
415.01,97.480,0.1665,0.1178,0.0960,-0.0063,0.0557,0.0252,0.0040,-1.6218,-11.736,-1.196,0.1690,2.96717,0.558106,0.00209788,0.1665,0.1178,-23.188,4.563,-1.6240,0.0252,0.0040
415.11,97.500,0.1665,0.1178,0.0961,-0.0062,0.0558,0.0252,0.0039,-1.6193,-11.736,-1.201,0.1663,3.03783,0.560308,0.00237469,0.1637,0.1423,-23.213,4.559,-1.6211,0.0252,0.0040
415.21,97.520,0.1637,0.1333,0.1163,0.0029,0.0005,0.0253,0.0039,-1.6164,-11.737,-1.205,0.1667,3.1346,0.56319,0.00237469,0.1637,0.1423,-23.247,4.554,-1.6169,0.0252,0.0039
415.31,97.560,0.1637,0.1423,0.1165,-0.0059,0.0585,0.0253,0.0038,-1.6134,-11.738,-1.209,0.1667,3.1346,0.56319,0.00237469,0.1637,0.1423,-23.247,4.554,-1.6169,0.0253,0.0038
415.41,97.580,0.1637,0.1423,0.1167,-0.0058,0.0586,0.0253,0.0037,-1.6105,-11.738,-1.213,0.1667,3.20913,0.565305,0.00209788,0.1637,0.1423,-23.272,4.550,-1.6134,0.0253,0.0037
415.51,97.600,0.1637,0.1423,0.1257,-0.0456,-0.0065,0.0253,0.0036,-1.6075,-11.739,-1.217,0.1642,3.28536,0.567382,0.00237469,0.1612,0.1637,-23.297,4.546,-1.6099,0.0253,0.0036
415.61,97.620,0.1612,0.1578,0.1358,-0.0023,-0.0003,0.0253,0.0035,-1.6040,-11.739,-1.222,0.1644,3.38971,0.570079,0.00237469,0.1612,0.1637,-23.330,4.541,-1.6049,0.0253,0.0036
415.71,97.660,0.1612,0.1637,0.1372,-0.0250,0.0517,0.0253,0.0034,-1.6003,-11.740,-1.226,0.1641,3.38971,0.570079,0.00237469,0.1612,0.1637,-23.330,4.541,-1.6049,0.0253,0.0035
415.81,97.680,0.1612,0.1637,0.1617,0.0000,0.0000,0.0253,0.0034,-1.5967,-11.740,-1.230,0.1622,3.47002,0.572042,0.00209788,0.1612,0.1637,-23.356,4.537,-1.6008,0.0253,0.0034
415.91,97.700,0.1612,0.1637,0.1737,-0.1026,-0.0134,0.0253,0.0033,-1.5930,-11.741,-1.233,0.1598,3.55214,0.573954,0.00237469,0.1591,0.1822,-23.381,4.533,-1.5963,0.0253,0.0033
416.01,97.720,0.1591,0.1790,0.1918,-0.0859,-0.0107,0.0253,0.0032,-1.5888,-11.742,-1.237,0.1592,3.55214,0.573954,0.00237469,0.1591,0.1822,-23.381,4.533,-1.5963,0.0253,0.0032
416.11,97.740,0.1591,0.1822,0.1967,0.0044,0.0005,0.0254,0.0030,-1.5845,-11.742,-1.240,0.1583,3.66448,0.576398,0.00237469,0.1591,0.1822,-23.414,4.527,-1.5892,0.0254,0.0031
416.21,97.760,0.1591,0.1822,0.1962,0.0042,0.0005,0.0254,0.0029,-1.5801,-11.743,-1.244,0.1587,3.7509,0.578139,0.00209788,0.1591,0.1822,-23.439,4.523,-1.5833,0.0254,0.0030
416.31,97.780,0.1591,0.1822,0.1957,-0.0043,0.0753,0.0254,0.0029,-1.5770,-11.743,-1.246,0.1587,3.7509,0.578139,0.00209788,0.1591,0.1822,-23.439,4.523,-1.5833,0.0254,0.0029
416.41,97.800,0.1591,0.1822,0.1954,-0.0043,0.0752,0.0254,0.0028,-1.5741,-11.744,-1.248,0.1576,3.83922,0.5798,0.00237469,0.1578,0.1936,-23.464,4.519,-1.5773,0.0254,0.0028
416.51,97.820,0.1578,0.1935,0.2061,0.0047,0.0005,0.0254,0.0027,-1.5702,-11.744,-1.251,0.1575,3.83922,0.5798,0.00237469,0.1578,0.1936,-23.464,4.519,-1.5773,0.0254,0.0027
416.61,97.840,0.1578,0.1936,0.2065,-0.0038,0.0770,0.0254,0.0026,-1.5654,-11.745,-1.255,0.1572,3.95996,0.581879,0.00237469,0.1578,0.1936,-23.498,4.512,-1.5692,0.0254,0.0026
416.71,97.860,0.1578,0.1936,0.2057,-0.0036,0.0768,0.0254,0.0024,-1.5609,-11.745,-1.258,0.1571,4.0528,0.583332,0.00209788,0.1578,0.1936,-23.523,4.508,-1.5630,0.0254,0.0024
416.81,97.880,0.1578,0.1936,0.2051,-0.0034,0.0767,0.0254,0.0023,-1.5562,-11.746,-1.262,0.1569,4.0528,0.583332,0.00209788,0.1578,0.1936,-23.523,4.508,-1.5630,0.0254,0.0023
416.91,97.900,0.1578,0.1936,0.2118,0.0041,0.0003,0.0254,0.0022,-1.5518,-11.747,-1.265,0.1562,4.14761,0.584698,0.00237469,0.1570,0.2010,-23.548,4.503,-1.5568,0.0254,0.0022
417.01,97.920,0.1570,0.2010,0.2112,-0.0027,0.0778,0.0255,0.0021,-1.5471,-11.747,-1.269,0.1560,4.27716,0.586374,0.00237469,0.1570,0.2010,-23.581,4.496,-1.5485,0.0255,0.0021
417.11,97.940,0.1570,0.2010,0.2109,-0.0203,0.0644,0.0255,0.0020,-1.5423,-11.748,-1.272,0.1561,4.27716,0.586374,0.00237469,0.1570,0.2010,-23.581,4.496,-1.5485,0.0255,0.0020
417.21,97.980,0.1570,0.2010,0.2208,0.1802,0.0131,0.0255,0.0018,-1.5373,-11.748,-1.276,0.1583,4.3767,0.587519,0.00209788,0.1570,0.2010,-23.606,4.490,-1.5421,0.0255,0.0019
417.31,98.000,0.1570,0.2010,0.2393,0.1885,0.0135,0.0255,0.0017,-1.5324,-11.749,-1.279,0.1614,4.47832,0.588574,0.00237469,0.1562,0.2075,-23.631,4.485,-1.5356,0.0255,0.0017
417.41,98.020,0.1562,0.2075,0.2494,0.0912,0.0159,0.0255,0.0016,-1.5272,-11.749,-1.282,0.1619,4.47832,0.588574,0.00237469,0.1562,0.2075,-23.631,4.485,-1.5356,0.0255,0.0016
417.51,98.040,0.1562,0.2075,0.2476,-0.0049,0.0889,0.0255,0.0015,-1.5217,-11.750,-1.286,0.1618,2.15994,0.479677,0.00237468,0.1562,0.2075,-23.646,4.476,-1.5259,0.0255,0.0015
417.61,98.060,0.1562,0.2075,0.2466,0.0093,0.0788,0.0255,0.0013,-1.5166,-11.751,-1.289,0.1618,2.21096,0.480878,0.00209788,0.1562,0.2075,-23.671,4.470,-1.5185,0.0255,0.0014
417.71,98.080,0.1562,0.2075,0.2466,-0.0020,0.0867,0.0255,0.0012,-1.5116,-11.751,-1.292,0.1616,2.21096,0.480878,0.00209788,0.1562,0.2075,-23.671,4.470,-1.5185,0.0255,0.0012
417.81,98.100,0.1562,0.2075,0.2457,-0.0018,0.0864,0.0255,0.0011,-1.5063,-11.752,-1.296,0.1617,2.26324,0.482035,0.00237468,0.1569,0.2019,-23.695,4.464,-1.5110,0.0255,0.0011
417.91,98.120,0.1569,0.2019,0.2377,-0.0020,0.0853,0.0255,0.0009,-1.5020,-11.752,-1.299,0.1615,2.26324,0.482035,0.00237468,0.1569,0.2019,-23.695,4.464,-1.5110,0.0255,0.0010
418.01,98.140,0.1569,0.2019,0.2375,-0.0013,0.0848,0.0255,0.0008,-1.4975,-11.753,-1.302,0.1615,2.33494,0.483505,0.00237468,0.1569,0.2019,-23.728,4.456,-1.5013,0.0255,0.0009
418.11,98.160,0.1569,0.2019,0.2367,-0.0011,0.0845,0.0255,0.0007,-1.4923,-11.753,-1.305,0.1613,2.39024,0.484556,0.00209788,0.1569,0.2019,-23.753,4.449,-1.4942,0.0255,0.0007
418.21,98.180,0.1569,0.2019,0.2355,-0.0008,0.0842,0.0255,0.0006,-1.4871,-11.753,-1.309,0.1611,2.39024,0.484556,0.00209788,0.1569,0.2019,-23.753,4.449,-1.4942,0.0255,0.0006
418.31,98.200,0.1569,0.2019,0.2364,-0.0006,0.0842,0.0255,0.0004,-1.4819,-11.754,-1.312,0.1608,2.44687,0.48557,0.00237469,0.1567,0.2034,-23.778,4.443,-1.4871,0.0255,0.0004
418.41,98.220,0.1567,0.2034,0.2361,-0.0006,0.0840,0.0255,0.0003,-1.4762,-11.754,-1.316,0.1605,2.52447,0.48686,0.00237469,0.1567,0.2034,-23.810,4.433,-1.4777,0.0255,0.0003
418.51,98.240,0.1567,0.2034,0.2353,-0.0004,0.0838,0.0255,0.0002,-1.4708,-11.755,-1.320,0.1603,2.52447,0.48686,0.00237469,0.1567,0.2034,-23.810,4.433,-1.4777,0.0255,0.0002
418.61,98.280,0.1567,0.2034,0.2342,-0.0000,0.0835,0.0255,0.0000,-1.4657,-11.755,-1.323,0.1601,2.58427,0.487783,0.00209788,0.1567,0.2034,-23.835,4.426,-1.4706,0.0255,0.0000
418.71,98.300,0.1567,0.2034,0.2334,0.0002,0.0833,0.0255,-0.0001,-1.4605,-11.755,-1.327,0.1597,2.64545,0.488675,0.00237469,0.1564,0.2061,-23.860,4.419,-1.4636,0.0255,-0.0001
418.81,98.320,0.1564,0.2061,0.2357,0.0004,0.0836,0.0255,-0.0003,-1.4551,-11.756,-1.331,0.1595,2.64545,0.488675,0.00237469,0.1564,0.2061,-23.860,4.419,-1.4636,0.0255,-0.0002
418.91,98.340,0.1564,0.2061,0.2349,0.0006,0.0834,0.0255,-0.0004,-1.4499,-11.756,-1.334,0.1593,2.72923,0.489814,0.00237469,0.1564,0.2061,-23.892,4.409,-1.4542,0.0255,-0.0003
419.01,98.360,0.1564,0.2061,0.2338,0.0010,0.0831,0.0255,-0.0005,-1.4445,-11.756,-1.338,0.1591,2.79373,0.490634,0.00209788,0.1564,0.2061,-23.917,4.402,-1.4472,0.0255,-0.0005
419.11,98.380,0.1564,0.2061,0.2331,0.0012,0.0829,0.0255,-0.0006,-1.4399,-11.757,-1.341,0.1590,2.79373,0.490634,0.00209788,0.1564,0.2061,-23.917,4.402,-1.4472,0.0255,-0.0006
419.21,98.400,0.1564,0.2061,0.2357,0.0014,0.0832,0.0255,-0.0008,-1.4352,-11.757,-1.344,0.1585,2.85969,0.491432,0.00237469,0.1560,0.2091,-23.941,4.394,-1.4401,0.0255,-0.0008
419.31,98.420,0.1560,0.2091,0.2349,0.0016,0.0841,0.0255,-0.0009,-1.4300,-11.757,-1.348,0.1583,2.94992,0.492461,0.00237469,0.1560,0.2091,-23.973,4.383,-1.4308,0.0255,-0.0009
419.41,98.440,0.1560,0.2091,0.2341,0.0019,0.0840,0.0255,-0.0010,-1.4249,-11.757,-1.351,0.1581,2.94992,0.492461,0.00237469,0.1560,0.2091,-23.973,4.383,-1.4308,0.0255,-0.0010
419.51,98.460,0.1560,0.2091,0.2334,0.0021,0.0839,0.0255,-0.0012,-1.4195,-11.758,-1.355,0.1579,3.01933,0.493211,0.00209788,0.1560,0.2091,-23.998,4.375,-1.4237,0.0255,-0.0011
419.61,98.480,0.1560,0.2091,0.2327,0.0023,0.0838,0.0255,-0.0013,-1.4146,-11.758,-1.358,0.1578,3.09026,0.493952,0.00237469,0.1620,-0.1568,-24.022,4.366,-1.4167,0.0255,-0.0012
419.71,98.520,0.1620,0.1936,0.2095,0.0110,0.2348,0.0255,-0.0014,-1.4098,-11.758,-1.361,0.1630,3.09026,0.493952,0.00237469,0.1620,-0.1568,-24.022,4.366,-1.4167,0.0255,-0.0014
419.81,98.540,0.1620,0.1736,0.1868,0.0117,0.2295,0.0255,-0.0015,-1.4053,-11.758,-1.365,0.1625,3.18721,0.494926,0.00237469,0.1620,-0.1568,-24.054,4.355,-1.4079,0.0255,-0.0015
419.91,98.560,0.1620,0.1536,0.1643,0.0124,0.2245,0.0255,-0.0016,-1.4012,-11.758,-1.369,0.1621,3.26175,0.495655,0.00209788,0.1620,-0.1568,-24.078,4.346,-1.4023,0.0255,-0.0016
420.01,98.580,0.1620,0.1336,0.1309,0.0131,0.2172,0.0255,-0.0017,-1.3980,-11.758,-1.373,0.1618,3.26175,0.495655,0.00209788,0.1620,-0.1568,-24.078,4.346,-1.4023,0.0255,-0.0017
420.11,98.600,0.1620,0.1136,0.1087,0.0135,0.2126,0.0255,-0.0018,-1.3956,-11.757,-1.376,0.1616,3.33789,0.496399,0.00237469,0.1619,-0.1579,-24.103,4.337,-1.3978,0.0255,-0.0018
420.21,98.620,0.1619,0.0936,0.0867,0.0138,0.2082,0.0255,-0.0018,-1.3934,-11.757,-1.380,0.1615,3.44194,0.497418,0.00237469,0.1619,-0.1579,-24.135,4.325,-1.3934,0.0255,-0.0018
420.31,98.640,0.1619,0.0736,0.0647,0.0141,0.2040,0.0255,-0.0019,-1.3918,-11.757,-1.384,0.1615,3.44194,0.497418,0.00237469,0.1619,-0.1579,-24.135,4.325,-1.3934,0.0255,-0.0019
420.41,98.680,0.1619,0.0336,0.0318,0.0143,0.1981,0.0255,-0.0019,-1.3909,-11.756,-1.387,0.1616,3.52194,0.498214,0.00209788,0.1619,-0.1579,-24.159,4.315,-1.3913,0.0255,-0.0019
420.51,98.700,0.1619,0.0136,0.0100,0.0144,0.1944,0.0255,-0.0019,-1.3904,-11.755,-1.391,0.1635,3.60367,0.499048,0.00237469,0.1636,-0.1432,-24.183,4.306,-1.3902,0.0255,-0.0019
420.61,98.720,0.1636,-0.0064,-0.0119,0.0001,-0.0000,0.0255,-0.0019,-1.3906,-11.755,-1.394,0.1635,3.60367,0.499048,0.00237469,0.1636,-0.1432,-24.183,4.306,-1.3902,0.0255,-0.0019
420.71,98.740,0.1636,-0.0264,-0.0338,0.0004,-0.0000,0.0255,-0.0019,-1.3912,-11.754,-1.398,0.1635,3.71538,0.500222,0.00237469,0.1636,-0.1432,-24.215,4.294,-1.3902,0.0255,-0.0019
420.81,98.760,0.1636,-0.0464,-0.0666,0.0008,-0.0001,0.0255,-0.0018,-1.3927,-11.753,-1.402,0.1634,3.80128,0.501155,0.00209788,0.1636,-0.1432,-24.239,4.284,-1.3914,0.0255,-0.0018
420.91,98.800,0.1636,-0.0864,-0.0996,0.0011,-0.0001,0.0255,-0.0018,-1.3950,-11.753,-1.406,0.1634,3.88904,0.502142,0.00237469,0.1598,-0.1113,-24.263,4.275,-1.3936,0.0255,-0.0018
421.01,98.820,0.1598,-0.1064,-0.1217,0.0013,-0.0001,0.0255,-0.0017,-1.3973,-11.752,-1.410,0.1596,3.88904,0.502142,0.00237469,0.1598,-0.1113,-24.263,4.275,-1.3936,0.0255,-0.0017
421.11,98.840,0.1598,-0.1113,-0.1224,0.0013,-0.0001,0.0255,-0.0016,-1.4005,-11.752,-1.414,0.1596,4.00903,0.503537,0.00237469,0.1598,-0.1113,-24.295,4.263,-1.3980,0.0255,-0.0017
421.21,98.860,0.1598,-0.1113,-0.1227,0.0012,-0.0001,0.0255,-0.0016,-1.4037,-11.751,-1.418,0.1596,4.10131,0.504643,0.00209788,0.1598,-0.1113,-24.320,4.254,-1.4018,0.0255,-0.0016
421.31,98.880,0.1598,-0.1113,-0.1229,0.0012,-0.0001,0.0255,-0.0015,-1.4069,-11.750,-1.422,0.1596,4.1956,0.505805,0.00237469,0.1598,-0.1113,-24.344,4.245,-1.4056,0.0255,-0.0015
421.41,98.920,0.1650,-0.0958,-0.1011,0.0009,-0.0001,0.0255,-0.0014,-1.4094,-11.750,-1.426,0.1648,4.1956,0.505805,0.00237469,0.1650,-0.0637,-24.344,4.245,-1.4056,0.0255,-0.0014
421.51,98.940,0.1650,-0.0758,-0.0790,0.0007,-0.0000,0.0255,-0.0014,-1.4116,-11.749,-1.430,0.1648,4.32448,0.507428,0.00237469,0.1650,-0.0637,-24.376,4.233,-1.4102,0.0255,-0.0014
421.61,98.960,0.1650,-0.0637,-0.0707,0.0006,-0.0000,0.0255,-0.0013,-1.4134,-11.749,-1.434,0.1648,4.42355,0.508698,0.00209788,0.1650,-0.0637,-24.401,4.224,-1.4126,0.0255,-0.0013
421.71,98.980,0.1650,-0.0637,-0.0707,0.0006,-0.0000,0.0255,-0.0013,-1.4152,-11.748,-1.438,0.1648,4.42355,0.508698,0.00209788,0.1650,-0.0637,-24.401,4.224,-1.4126,0.0255,-0.0013
421.81,99.020,0.1704,-0.0482,-0.0486,0.0095,0.1876,0.0255,-0.0012,-1.4165,-11.748,-1.442,0.1702,4.5247,0.510015,0.00237469,0.1704,-0.0148,-24.425,4.215,-1.4147,0.0255,-0.0012
421.91,99.040,0.1704,-0.0282,-0.0264,0.0094,0.1916,0.0255,-0.0012,-1.4173,-11.748,-1.446,0.1703,2.18788,0.452002,0.00237468,0.1704,-0.0148,-24.446,4.203,-1.4170,0.0255,-0.0012
422.01,99.060,0.1704,-0.0148,-0.0165,0.0020,0.0385,0.0255,-0.0012,-1.4177,-11.747,-1.450,0.1703,2.23893,0.453677,0.00209788,0.1704,-0.0148,-24.470,4.194,-1.4178,0.0255,-0.0012
422.11,99.080,0.1704,-0.0148,-0.0165,0.0019,0.0385,0.0255,-0.0012,-1.4181,-11.746,-1.454,0.1703,2.23893,0.453677,0.00209788,0.1704,-0.0148,-24.470,4.194,-1.4178,0.0255,-0.0012
422.21,99.100,0.1704,-0.0148,-0.0054,0.0092,0.1955,0.0255,-0.0012,-1.4183,-11.746,-1.458,0.1697,2.29125,0.455381,0.00237468,0.1697,0.0214,-24.495,4.185,-1.4182,0.0255,-0.0012
422.31,99.120,0.1697,0.0007,0.0169,-0.0001,0.0000,0.0255,-0.0012,-1.4180,-11.745,-1.462,0.1696,2.36302,0.457693,0.00237468,0.1697,0.0214,-24.527,4.174,-1.4184,0.0255,-0.0012
422.41,99.160,0.1697,0.0214,0.0238,-0.0002,0.0000,0.0255,-0.0012,-1.4173,-11.745,-1.467,0.1696,2.41838,0.459458,0.00209788,0.1697,0.0214,-24.552,4.165,-1.4177,0.0255,-0.0012
422.51,99.180,0.1697,0.0214,0.0238,0.0020,0.0454,0.0255,-0.0012,-1.4168,-11.744,-1.471,0.1695,2.41838,0.459458,0.00209788,0.1697,0.0214,-24.552,4.165,-1.4177,0.0255,-0.0012
422.61,99.200,0.1697,0.0214,0.0238,0.0020,0.0454,0.0255,-0.0012,-1.4163,-11.744,-1.474,0.1661,2.47507,0.461257,0.00237469,0.1660,0.0544,-24.576,4.156,-1.4169,0.0255,-0.0012
422.71,99.220,0.1660,0.0369,0.0571,-0.0005,0.0000,0.0255,-0.0013,-1.4151,-11.743,-1.478,0.1659,2.55277,0.463701,0.00237469,0.1660,0.0544,-24.608,4.144,-1.4155,0.0255,-0.0013
422.81,99.260,0.1660,0.0544,0.0604,-0.0005,0.0000,0.0255,-0.0013,-1.4135,-11.743,-1.482,0.1658,2.55277,0.463701,0.00237469,0.1660,0.0544,-24.608,4.144,-1.4155,0.0255,-0.0013
422.91,99.280,0.1660,0.0544,0.0604,-0.0005,0.0000,0.0255,-0.0013,-1.4121,-11.742,-1.486,0.1658,2.61266,0.465572,0.00209788,0.1660,0.0544,-24.633,4.135,-1.4137,0.0255,-0.0013
423.01,99.300,0.1660,0.0544,0.0603,-0.0005,0.0000,0.0255,-0.0014,-1.4109,-11.742,-1.489,0.1641,2.67395,0.467484,0.00237469,0.1630,0.0820,-24.657,4.126,-1.4118,0.0255,-0.0014
423.11,99.320,0.1630,0.0699,0.0823,-0.0012,0.0001,0.0255,-0.0014,-1.4089,-11.741,-1.493,0.1628,2.67395,0.467484,0.00237469,0.1630,0.0820,-24.657,4.126,-1.4118,0.0255,-0.0014
423.21,99.340,0.1630,0.0820,0.0904,-0.0010,0.0001,0.0255,-0.0015,-1.4066,-11.741,-1.498,0.1627,2.75788,0.470089,0.00237469,0.1630,0.0820,-24.690,4.114,-1.4090,0.0255,-0.0015
423.31,99.360,0.1630,0.0820,0.0903,-0.0011,0.0001,0.0255,-0.0015,-1.4045,-11.741,-1.501,0.1627,2.82252,0.472091,0.00209788,0.1630,0.0820,-24.714,4.105,-1.4063,0.0255,-0.0015
423.41,99.400,0.1630,0.0820,0.0901,0.0024,0.0572,0.0255,-0.0016,-1.4025,-11.740,-1.505,0.1627,2.88863,0.474142,0.00237469,0.1606,0.1045,-24.739,4.096,-1.4035,0.0255,-0.0016
423.51,99.420,0.1606,0.0975,0.1117,-0.0017,0.0001,0.0255,-0.0017,-1.4001,-11.740,-1.509,0.1602,2.88863,0.474142,0.00237469,0.1606,0.1045,-24.739,4.096,-1.4035,0.0255,-0.0016
423.61,99.440,0.1606,0.1045,0.1145,-0.0019,0.0001,0.0255,-0.0017,-1.3973,-11.740,-1.513,0.1602,2.97909,0.47695,0.00237469,0.1606,0.1045,-24.771,4.084,-1.3995,0.0255,-0.0017
423.71,99.460,0.1606,0.1045,0.1141,0.0018,0.0623,0.0255,-0.0018,-1.3943,-11.739,-1.517,0.1601,3.0487,0.479116,0.00209788,0.1606,0.1045,-24.796,4.075,-1.3960,0.0255,-0.0018
423.81,99.500,0.1606,0.1045,0.1135,-0.0005,0.0634,0.0255,-0.0019,-1.3913,-11.739,-1.521,0.1600,3.11985,0.481343,0.00237469,0.1585,0.1232,-24.820,4.066,-1.3926,0.0255,-0.0019
423.91,99.520,0.1585,0.1199,0.1328,-0.0139,0.0011,0.0255,-0.0020,-1.3881,-11.739,-1.525,0.1561,3.11985,0.481343,0.00237469,0.1585,0.1232,-24.820,4.066,-1.3926,0.0255,-0.0019
424.01,99.540,0.1585,0.1232,0.1175,0.0037,0.0610,0.0255,-0.0020,-1.3850,-11.738,-1.529,0.1545,3.21713,0.484406,0.00237469,0.1585,0.1232,-24.853,4.053,-1.3877,0.0255,-0.0020
424.11,99.560,0.1585,0.1232,0.1173,0.0038,0.0610,0.0255,-0.0021,-1.3821,-11.738,-1.533,0.1545,3.29194,0.486778,0.00209788,0.1585,0.1232,-24.877,4.044,-1.3841,0.0255,-0.0021
424.21,99.600,0.1585,0.1232,0.1167,0.0267,0.0720,0.0254,-0.0022,-1.3790,-11.738,-1.537,0.1527,3.36836,0.489224,0.00237469,0.1567,0.1394,-24.902,4.034,-1.3806,0.0254,-0.0022
424.31,99.620,0.1567,0.1378,0.1318,-0.0001,0.0000,0.0254,-0.0023,-1.3757,-11.737,-1.541,0.1524,3.36836,0.489224,0.00237469,0.1567,0.1394,-24.902,4.034,-1.3806,0.0254,-0.0022
424.41,99.640,0.1567,0.1394,0.1313,0.0073,0.0648,0.0254,-0.0024,-1.3725,-11.737,-1.544,0.1524,3.47279,0.492598,0.00237469,0.1567,0.1394,-24.934,4.022,-1.3756,0.0254,-0.0023
424.51,99.660,0.1567,0.1394,0.1308,0.0108,0.0663,0.0254,-0.0024,-1.3690,-11.737,-1.549,0.1525,3.55304,0.49522,0.00209788,0.1567,0.1394,-24.958,4.012,-1.3717,0.0254,-0.0024
424.61,99.700,0.1567,0.1394,0.1281,0.1394,0.1273,0.0254,-0.0025,-1.3660,-11.736,-1.552,0.1543,3.63497,0.497932,0.00237469,0.1550,0.1551,-24.983,4.002,-1.3677,0.0254,-0.0025
424.71,99.720,0.1550,0.1537,0.1301,-0.0020,0.0002,0.0254,-0.0026,-1.3630,-11.736,-1.556,0.1542,3.63497,0.497932,0.00237469,0.1550,0.1551,-24.983,4.002,-1.3677,0.0254,-0.0026
424.81,99.740,0.1550,0.1551,0.1298,0.0045,0.0632,0.0254,-0.0027,-1.3600,-11.736,-1.559,0.1542,3.74686,0.501686,0.00237469,0.1550,0.1551,-25.015,3.989,-1.3626,0.0254,-0.0027
424.91,99.760,0.1550,0.1551,0.1296,0.0047,0.0632,0.0254,-0.0028,-1.3569,-11.735,-1.563,0.1541,3.83279,0.504611,0.00209788,0.1550,0.1551,-25.039,3.979,-1.3587,0.0254,-0.0027
425.01,99.800,0.1550,0.1551,0.1294,0.0048,0.0631,0.0254,-0.0028,-1.3535,-11.735,-1.567,0.1541,3.92048,0.507642,0.00237469,0.1534,0.1700,-25.063,3.969,-1.3548,0.0254,-0.0028
425.11,99.820,0.1534,0.1690,0.1417,-0.0025,0.0003,0.0254,-0.0029,-1.3499,-11.735,-1.571,0.1524,3.92048,0.507642,0.00237469,0.1534,0.1700,-25.063,3.969,-1.3548,0.0254,-0.0029
425.21,99.840,0.1534,0.1700,0.1414,0.0052,0.0652,0.0254,-0.0030,-1.3461,-11.734,-1.575,0.1523,4.04015,0.511848,0.00237469,0.1534,0.1700,-25.096,3.956,-1.3494,0.0254,-0.0030
425.31,99.860,0.1534,0.1700,0.1412,0.0053,0.0651,0.0254,-0.0031,-1.3427,-11.734,-1.579,0.1522,4.13201,0.515136,0.00209788,0.1534,0.1700,-25.120,3.946,-1.3451,0.0254,-0.0031
425.41,99.900,0.1534,0.1700,0.1409,0.0055,0.0651,0.0253,-0.0032,-1.3391,-11.733,-1.583,0.1530,4.22569,0.51855,0.00237469,0.1542,-0.1627,-25.144,3.935,-1.3409,0.0253,-0.0032
425.51,99.920,0.1542,0.1545,0.1241,0.0200,0.1743,0.0253,-0.0033,-1.3359,-11.733,-1.586,0.1529,4.22569,0.51855,0.00237469,0.1542,-0.1627,-25.144,3.935,-1.3409,0.0253,-0.0033
425.61,99.940,0.1542,0.1345,0.0991,0.0203,0.1693,0.0253,-0.0034,-1.3331,-11.732,-1.590,0.1530,4.35347,0.523301,0.00237469,0.1542,-0.1627,-25.176,3.921,-1.3355,0.0253,-0.0033
425.71,99.960,0.1542,0.1145,0.0825,0.0206,0.1662,0.0253,-0.0034,-1.3314,-11.732,-1.593,0.1531,4.45149,0.527018,0.00209788,0.1542,-0.1627,-25.200,3.911,-1.3323,0.0253,-0.0034
425.81,99.980,0.1542,0.0945,0.0660,0.0207,0.1631,0.0253,-0.0034,-1.3297,-11.731,-1.597,0.1533,4.45149,0.527018,0.00209788,0.1542,-0.1627,-25.200,3.911,-1.3323,0.0253,-0.0034
425.91,100.020,0.1553,0.0545,0.0412,0.0209,0.1588,0.0253,-0.0035,-1.3286,-11.731,-1.600,0.1546,4.55145,0.53087,0.00237469,0.1553,-0.1529,-25.224,3.900,-1.3299,0.0253,-0.0035
426.01,100.040,0.1553,0.0345,0.0247,0.0210,0.1560,0.0253,-0.0035,-1.3279,-11.730,-1.604,0.1549,2.19109,0.467705,0.00237468,0.1553,-0.1529,-23.413,4.420,-1.3280,0.0253,-0.0035
428.54,100.680,0.1685,-0.1003,-0.0854,0.0030,0.0264,0.0255,-0.0018,-1.3924,-11.713,-1.705,0.1681,3.53623,0.544101,0.00209788,0.1685,-0.1003,-23.437,4.310,-1.3906,0.0255,-0.0018
428.64,100.700,0.1685,-0.1003,-0.0855,0.0029,0.0264,0.0255,-0.0018,-1.3945,-11.713,-1.710,0.1699,3.61789,0.548058,0.00237469,0.1703,-0.0848,-23.437,4.305,-1.3931,0.0255,-0.0018
428.74,100.720,0.1703,-0.0861,-0.0723,0.0004,-0.0000,0.0255,-0.0017,-1.3963,-11.712,-1.714,0.1699,3.61789,0.548058,0.00237469,0.1703,-0.0848,-23.437,4.305,-1.3931,0.0255,-0.0017
428.84,100.740,0.1703,-0.0848,-0.0724,0.0027,0.0286,0.0255,-0.0017,-1.3979,-11.712,-1.717,0.1699,3.72959,0.553371,0.00237469,0.1703,-0.0848,-23.437,4.298,-1.3963,0.0255,-0.0017
428.94,100.760,0.1703,-0.0848,-0.0724,0.0027,0.0286,0.0255,-0.0017,-1.3997,-11.711,-1.721,0.1699,3.8155,0.557386,0.00209788,0.1703,-0.0848,-23.437,4.293,-1.3984,0.0255,-0.0017
429.04,100.800,0.1703,-0.0848,-0.0725,0.0026,0.0286,0.0255,-0.0016,-1.4015,-11.711,-1.726,0.1714,3.90329,0.561431,0.00237469,0.1718,-0.0720,-23.437,4.288,-1.4006,0.0255,-0.0016
429.14,100.820,0.1718,-0.0722,-0.0650,0.4593,0.0986,0.0255,-0.0016,-1.4031,-11.710,-1.730,0.1715,3.90329,0.561431,0.00237469,0.1718,-0.0720,-23.437,4.288,-1.4006,0.0255,-0.0016
429.24,100.840,0.1718,-0.0720,-0.0617,-0.0122,0.0383,0.0255,-0.0015,-1.4047,-11.710,-1.735,0.1714,4.02329,0.566863,0.00237469,0.1718,-0.0720,-23.436,4.281,-1.4033,0.0255,-0.0015
429.34,100.880,0.1718,-0.0720,-0.0617,0.0024,0.0305,0.0255,-0.0015,-1.4064,-11.709,-1.739,0.1715,4.11555,0.570968,0.00209788,0.1718,-0.0720,-23.436,4.276,-1.4051,0.0255,-0.0015
429.44,100.900,0.1718,-0.0720,-0.0618,0.0023,0.0305,0.0255,-0.0015,-1.4079,-11.709,-1.743,0.1727,4.20978,0.575105,0.00237469,0.1730,-0.0614,-23.436,4.271,-1.4070,0.0255,-0.0015
429.54,100.920,0.1730,-0.0614,-0.0535,-0.0719,0.0217,0.0255,-0.0014,-1.4089,-11.708,-1.747,0.1729,4.20978,0.575105,0.00237469,0.1730,-0.0614,-23.436,4.271,-1.4070,0.0255,-0.0014
429.64,100.940,0.1730,-0.0614,-0.0379,0.1237,0.0912,0.0256,-0.0009,-1.4101,-11.708,-1.751,0.1704,4.33852,0.580663,0.00237469,0.1730,-0.0614,-23.435,4.264,-1.4092,0.0256,-0.0010
429.74,100.980,0.1730,-0.0614,-0.0445,0.2542,0.3334,0.0255,0.0005,-1.4113,-11.707,-1.756,0.1740,4.43744,0.584865,0.00209788,0.1730,-0.0614,-23.434,4.259,-1.4106,0.0255,0.0005
429.84,101.000,0.1730,-0.0614,-0.0432,-0.3456,0.1688,0.0255,0.0026,-1.4123,-11.707,-1.760,0.1771,4.53843,0.589106,0.00237469,0.1739,-0.0531,-23.433,4.254,-1.4119,0.0255,0.0022
429.94,101.020,0.1739,-0.0531,-0.0392,0.1792,0.0810,0.0255,0.0059,-1.4132,-11.706,-1.765,0.1818,4.53843,0.589106,0.00237469,0.1739,-0.0531,-23.433,4.254,-1.4119,0.0255,0.0046
430.04,101.040,0.1739,-0.0531,-0.0496,-0.0334,0.0668,0.0242,0.0090,-1.4144,-11.705,-1.769,0.1793,4.67634,0.594812,0.00237469,0.1739,-0.0531,-23.432,4.247,-1.4134,0.0245,0.0084
430.14,101.080,0.1739,-0.0531,-0.0493,-0.0365,0.0633,0.0229,0.0115,-1.4155,-11.705,-1.774,0.1793,4.78226,0.599134,0.00209788,0.1739,-0.0531,-23.431,4.242,-1.4147,0.0229,0.0115
430.24,101.100,0.1739,-0.0531,-0.0491,-0.0385,0.0610,0.0217,0.0137,-1.4166,-11.704,-1.778,0.1798,4.89034,0.603491,0.00237469,0.1746,-0.0475,-23.430,4.237,-1.4161,0.0218,0.0134
430.34,101.120,0.1746,-0.0475,-0.0436,-0.0404,0.0590,0.0206,0.0158,-1.4175,-11.703,-1.781,0.1798,4.89034,0.603491,0.00237469,0.1746,-0.0475,-23.430,4.237,-1.4161,0.0208,0.0153
430.44,101.140,0.1746,-0.0475,-0.0423,-0.6661,0.0247,0.0197,0.0177,-1.4187,-11.702,-1.786,0.1758,5.03789,0.609347,0.00237469,0.1746,-0.0475,-23.428,4.230,-1.4179,0.0197,0.0176
430.54,101.160,0.1746,-0.0475,-0.0422,-0.6645,0.0243,0.0199,0.0170,-1.4199,-11.701,-1.791,0.1725,5.15116,0.613776,0.00209788,0.1746,-0.0475,-23.427,4.225,-1.4191,0.0197,0.0174
430.64,101.200,0.1746,-0.0475,-0.0430,-0.0288,0.0245,0.0205,0.0159,-1.4209,-11.700,-1.795,0.1730,5.26671,0.618241,0.00237469,0.1752,-0.0419,-23.425,4.220,-1.4203,0.0204,0.0161
430.74,101.220,0.1752,-0.0419,-0.0380,-0.0275,0.0260,0.0212,0.0147,-1.4220,-11.700,-1.800,0.1730,5.26671,0.618241,0.00237469,0.1752,-0.0419,-23.425,4.220,-1.4203,0.0211,0.0148
430.84,101.240,0.1752,-0.0419,-0.0380,-0.0265,0.0266,0.0218,0.0135,-1.4230,-11.699,-1.804,0.1729,5.42438,0.624242,0.00237469,0.1752,-0.0419,-23.423,4.213,-1.4219,0.0216,0.0139
430.94,101.280,0.1752,-0.0419,-0.0379,-0.0250,0.0275,0.0224,0.0124,-1.4240,-11.698,-1.808,0.1729,5.54537,0.62878,0.00209788,0.1752,-0.0419,-23.421,4.208,-1.4231,0.0224,0.0125
431.04,101.300,0.1752,-0.0419,-0.0339,-0.0235,0.0289,0.0231,0.0111,-1.4250,-11.697,-1.813,0.1733,5.66875,0.633355,0.00237469,0.1757,-0.0375,-23.419,4.203,-1.4243,0.0231,0.0111
431.14,101.320,0.1757,-0.0375,-0.0339,-0.0224,0.0295,0.0238,0.0099,-1.4259,-11.697,-1.818,0.1732,5.83704,0.639503,0.00237469,0.1757,-0.0375,-23.417,4.196,-1.4257,0.0236,0.0101
431.24,101.360,0.1757,-0.0375,-0.0339,-0.0208,0.0304,0.0244,0.0086,-1.4268,-11.696,-1.822,0.1732,5.83704,0.639503,0.00237469,0.1757,-0.0375,-23.417,4.196,-1.4257,0.0244,0.0087
431.34,101.380,0.1757,-0.0375,-0.0339,-0.0197,0.0310,0.0252,0.0073,-1.4277,-11.695,-1.826,0.1731,5.96614,0.644151,0.00209788,0.1757,-0.0375,-23.415,4.191,-1.4268,0.0250,0.0077
431.44,101.400,0.1757,-0.0375,-0.0284,0.7518,-0.1120,0.0256,0.0065,-1.4285,-11.695,-1.831,0.1748,6.09773,0.648838,0.00237469,0.1761,-0.0342,-23.413,4.186,-1.4278,0.0256,0.0065
431.54,101.420,0.1761,-0.0342,-0.0322,-0.0250,0.0584,0.0254,0.0069,-1.4293,-11.694,-1.835,0.1764,6.27716,0.655137,0.00237469,0.1761,-0.0342,-23.410,4.179,-1.4291,0.0254,0.0068
431.64,101.460,0.1761,-0.0342,-0.0321,-0.0255,0.0578,0.0252,0.0072,-1.4300,-11.694,-1.839,0.1763,6.27716,0.655137,0.00237469,0.1761,-0.0342,-23.410,4.179,-1.4291,0.0252,0.0072
431.74,101.480,0.1761,-0.0342,-0.0320,-0.0257,0.0575,0.0251,0.0075,-1.4308,-11.693,-1.843,0.1762,6.41474,0.659901,0.00209788,0.1761,-0.0342,-23.407,4.174,-1.4300,0.0251,0.0075
431.84,101.500,0.1761,-0.0342,-0.0318,-0.0259,0.0573,0.0249,0.0077,-1.4316,-11.692,-1.848,0.1764,6.55494,0.664703,0.00237469,0.1763,-0.0320,-23.405,4.169,-1.4310,0.0250,0.0077
431.94,101.520,0.1763,-0.0320,-0.0297,-0.0261,0.0570,0.0248,0.0079,-1.4323,-11.692,-1.852,0.1763,6.74603,0.671158,0.00237469,0.1763,-0.0320,-23.401,4.163,-1.4322,0.0249,0.0079
432.04,101.560,0.1763,-0.0320,-0.0295,-0.0262,0.0568,0.0248,0.0080,-1.4331,-11.691,-1.856,0.1762,6.74603,0.671158,0.00237469,0.1763,-0.0320,-23.401,4.163,-1.4322,0.0248,0.0080
432.14,101.580,0.1763,-0.0320,-0.0294,-0.0262,0.0567,0.0248,0.0080,-1.4339,-11.691,-1.861,0.1761,6.89249,0.676039,0.00209788,0.1763,-0.0320,-23.398,4.158,-1.4331,0.0248,0.0080
432.24,101.600,0.1763,-0.0320,-0.0281,-0.0262,0.0567,0.0248,0.0079,-1.4346,-11.690,-1.866,0.1762,7.04171,0.68096,0.00237469,0.1765,-0.0308,-23.396,4.153,-1.4340,0.0248,0.0079
432.34,101.620,0.1765,-0.0308,-0.0280,-0.0261,0.0567,0.0249,0.0078,-1.4353,-11.689,-1.870,0.1761,7.245,0.687574,0.00237469,0.1765,-0.0308,-23.392,4.146,-1.4351,0.0248,0.0079
432.44,101.660,0.1765,-0.0308,-0.0278,-0.0259,0.0568,0.0250,0.0076,-1.4361,-11.689,-1.875,0.1760,7.245,0.687574,0.00237469,0.1765,-0.0308,-23.392,4.146,-1.4351,0.0249,0.0077
432.54,101.680,0.1765,-0.0308,-0.0277,-0.0256,0.0570,0.0251,0.0074,-1.4368,-11.688,-1.879,0.1760,7.40077,0.692574,0.00209788,0.1765,-0.0308,-23.388,4.141,-1.4359,0.0251,0.0074
432.64,101.700,0.1765,-0.0308,-0.0274,-0.0192,0.0320,0.0252,0.0071,-1.4375,-11.687,-1.883,0.1759,7.55942,0.697614,0.00237469,0.1765,-0.0305,-23.385,4.137,-1.4368,0.0252,0.0072
432.74,101.740,0.1765,-0.0305,-0.0274,-0.0187,0.0322,0.0254,0.0068,-1.4382,-11.687,-1.888,0.1759,7.77548,0.704388,0.00237469,0.1765,-0.0305,-23.381,4.130,-1.4379,0.0254,0.0068
432.84,101.760,0.1765,-0.0305,-0.0290,0.0188,0.0103,0.0255,0.0066,-1.4390,-11.686,-1.893,0.1766,7.94099,0.709508,0.00209788,0.1765,-0.0305,-23.377,4.125,-1.4387,0.0255,0.0065
432.94,101.780,0.1765,-0.0305,-0.0279,-0.0248,0.0575,0.0255,0.0066,-1.4396,-11.685,-1.897,0.1763,7.94099,0.709508,0.00209788,0.1765,-0.0305,-23.377,4.125,-1.4387,0.0255,0.0066
433.04,101.800,0.1765,-0.0305,-0.0282,-0.0239,0.0565,0.0255,0.0066,-1.4403,-11.685,-1.901,0.1762,8.1095,0.714666,0.00237469,0.1765,-0.0309,-23.374,4.120,-1.4396,0.0255,0.0066
433.14,101.820,0.1765,-0.0309,-0.0319,0.1062,-0.0897,0.0255,0.0066,-1.4410,-11.684,-1.905,0.1765,8.33892,0.721595,0.00237469,0.1765,-0.0309,-23.369,4.114,-1.4407,0.0255,0.0065
433.24,101.860,0.1765,-0.0309,-0.0283,-0.0248,0.0572,0.0255,0.0067,-1.4418,-11.684,-1.910,0.1764,8.5146,0.726829,0.00209788,0.1765,-0.0309,-23.365,4.109,-1.4416,0.0255,0.0067
433.34,101.880,0.1765,-0.0309,-0.0281,-0.0248,0.0570,0.0254,0.0067,-1.4425,-11.683,-1.915,0.1763,8.5146,0.726829,0.00209788,0.1765,-0.0309,-23.365,4.109,-1.4416,0.0254,0.0067
433.44,101.900,0.1765,-0.0309,-0.0289,-0.0248,0.0569,0.0254,0.0067,-1.4432,-11.682,-1.919,0.1762,8.69342,0.7321,0.00237469,0.1764,-0.0318,-23.361,4.104,-1.4424,0.0254,0.0067
433.54,101.940,0.1764,-0.0318,-0.0287,-0.0242,0.0563,0.0255,0.0066,-1.4440,-11.682,-1.923,0.1761,8.9368,0.739178,0.00237469,0.1764,-0.0318,-23.356,4.098,-1.4436,0.0255,0.0066
433.64,101.960,0.1764,-0.0318,-0.0314,0.1253,-0.0494,0.0255,0.0065,-1.4447,-11.681,-1.928,0.1768,9.12311,0.744523,0.00209788,0.1764,-0.0318,-23.352,4.093,-1.4445,0.0255,0.0065
433.74,101.980,0.1764,-0.0318,-0.0290,-0.0246,0.0568,0.0255,0.0066,-1.4454,-11.681,-1.932,0.1764,9.12311,0.744523,0.00209788,0.1764,-0.0318,-23.352,4.093,-1.4445,0.0255,0.0066
433.84,102.000,0.1764,-0.0318,-0.0303,-0.0247,0.0566,0.0255,0.0066,-1.4460,-11.680,-1.935,0.1762,9.31271,0.749902,0.00237469,0.1762,-0.0334,-23.348,4.088,-1.4453,0.0255,0.0066
433.94,102.020,0.1762,-0.0334,-0.0302,-0.0247,0.0565,0.0254,0.0067,-1.4468,-11.679,-1.940,0.1761,9.57068,0.757121,0.00237469,0.1762,-0.0334,-23.342,4.082,-1.4465,0.0254,0.0067
434.04,102.060,0.1762,-0.0334,-0.0301,-0.0241,0.0558,0.0255,0.0066,-1.4476,-11.679,-1.945,0.1760,9.57068,0.757121,0.00237469,0.1762,-0.0334,-23.342,4.082,-1.4465,0.0255,0.0066
434.14,102.080,0.1762,-0.0334,-0.0299,-0.0239,0.0558,0.0255,0.0065,-1.4484,-11.678,-1.949,0.1759,9.7681,0.762569,0.00209788,0.1762,-0.0334,-23.338,4.077,-1.4474,0.0255,0.0065
434.24,102.100,0.1762,-0.0334,-0.0321,-0.0244,0.0564,0.0255,0.0065,-1.4491,-11.678,-1.953,0.1760,9.96894,0.768049,0.00237469,0.1759,-0.0354,-23.333,4.072,-1.4483,0.0255,0.0065
434.34,102.120,0.1759,-0.0354,-0.0320,-0.0245,0.0562,0.0255,0.0066,-1.4499,-11.677,-1.957,0.1760,10.2421,0.775398,0.00237469,0.1759,-0.0354,-23.327,4.066,-1.4496,0.0255,0.0066
434.44,102.160,0.1759,-0.0354,-0.0319,-0.0245,0.0560,0.0255,0.0066,-1.4506,-11.677,-1.961,0.1759,10.2421,0.775398,0.00237469,0.1759,-0.0354,-23.327,4.066,-1.4496,0.0255,0.0066
434.54,102.180,0.1759,-0.0354,-0.0318,-0.0243,0.0558,0.0255,0.0066,-1.4514,-11.676,-1.966,0.1758,10.4511,0.780939,0.00209788,0.1759,-0.0354,-23.322,4.061,-1.4506,0.0255,0.0066
434.64,102.200,0.1759,-0.0354,-0.0317,-0.0239,0.0554,0.0255,0.0066,-1.4521,-11.675,-1.969,0.1755,10.6637,0.786509,0.00237469,0.1757,-0.0379,-23.317,4.056,-1.4515,0.0255,0.0066
434.74,102.220,0.1757,-0.0379,-0.0384,0.1315,-0.0991,0.0256,0.0064,-1.4530,-11.675,-1.974,0.1766,10.9528,0.793972,0.00237469,0.1757,-0.0379,-23.311,4.050,-1.4529,0.0255,0.0065
434.84,102.260,0.1757,-0.0379,-0.0343,-0.0244,0.0556,0.0254,0.0066,-1.4540,-11.674,-1.979,0.1760,10.9528,0.793972,0.00237469,0.1757,-0.0379,-23.311,4.050,-1.4529,0.0254,0.0066
434.94,102.280,0.1757,-0.0379,-0.0342,-0.0245,0.0553,0.0253,0.0069,-1.4549,-11.674,-1.983,0.1759,11.1739,0.799593,0.00209788,0.1757,-0.0379,-23.305,4.045,-1.4540,0.0254,0.0068
435.04,102.300,0.1757,-0.0379,-0.0366,-0.0247,0.0549,0.0252,0.0070,-1.4557,-11.673,-1.987,0.1756,11.3988,0.805237,0.00237469,0.1753,-0.0407,-23.300,4.041,-1.4550,0.0252,0.0070
435.14,102.320,0.1753,-0.0407,-0.0365,-0.0248,0.0547,0.0252,0.0072,-1.4567,-11.673,-1.992,0.1755,11.7044,0.812791,0.00237469,0.1753,-0.0407,-23.293,4.034,-1.4564,0.0252,0.0071
435.24,102.360,0.1753,-0.0407,-0.0363,-0.0248,0.0545,0.0251,0.0072,-1.4577,-11.672,-1.997,0.1754,11.7044,0.812791,0.00237469,0.1753,-0.0407,-23.293,4.034,-1.4564,0.0251,0.0072
435.34,102.380,0.1753,-0.0407,-0.0362,-0.0248,0.0543,0.0251,0.0072,-1.4586,-11.671,-2.001,0.1753,11.9381,0.818476,0.00209788,0.1753,-0.0407,-23.288,4.030,-1.4575,0.0251,0.0072
435.44,102.400,0.1753,-0.0407,-0.0390,-0.0247,0.0542,0.0251,0.0072,-1.4596,-11.671,-2.006,0.1749,12.1758,0.824181,0.00237469,0.1750,-0.0439,-23.282,4.025,-1.4586,0.0251,0.0072
435.54,102.440,0.1750,-0.0439,-0.0389,-0.0184,0.0302,0.0252,0.0072,-1.4606,-11.670,-2.010,0.1749,12.4987,0.831809,0.00237469,0.1750,-0.0439,-23.274,4.019,-1.4601,0.0252,0.0072
435.64,102.460,0.1750,-0.0439,-0.0260,-0.1320,0.0817,0.0250,0.0072,-1.4614,-11.669,-2.015,0.1709,12.7456,0.837542,0.00209788,0.1750,-0.0439,-23.269,4.014,-1.4612,0.0251,0.0072
435.74,102.480,0.1750,-0.0439,-0.0217,0.0152,-0.0343,0.0244,0.0073,-1.4619,-11.669,-2.019,0.1705,12.7456,0.837542,0.00209788,0.1750,-0.0439,-23.269,4.014,-1.4612,0.0244,0.0073
435.84,102.500,0.1750,-0.0439,-0.0332,0.0759,-0.0915,0.0236,0.0074,-1.4624,-11.668,-2.022,0.1718,12.9965,0.843298,0.00237469,0.1746,-0.0476,-23.263,4.010,-1.4619,0.0237,0.0073
435.94,102.520,0.1746,-0.0476,-0.0396,-0.0609,0.1462,0.0222,0.0073,-1.4635,-11.668,-2.027,0.1723,13.3374,0.851011,0.00237469,0.1746,-0.0476,-23.255,4.003,-1.4631,0.0227,0.0073
436.04,102.560,0.1746,-0.0476,-0.0356,-0.3077,0.4919,0.0204,0.0072,-1.4644,-11.668,-2.031,0.1713,13.3374,0.851011,0.00237469,0.1746,-0.0476,-23.255,4.003,-1.4631,0.0206,0.0072
436.14,102.580,0.1746,-0.0476,-0.0401,-0.7573,0.1826,0.0198,0.0050,-1.4654,-11.667,-2.035,0.1679,13.5979,0.856811,0.00209788,0.1746,-0.0476,-23.249,3.999,-1.4643,0.0198,0.0062
436.24,102.600,0.1746,-0.0476,-0.0608,-0.6426,0.0251,0.0198,0.0009,-1.4667,-11.667,-2.039,0.1617,13.8627,0.862626,0.00237469,0.1739,-0.0529,-23.242,3.994,-1.4654,0.0198,0.0012
436.34,102.620,0.1739,-0.0529,-0.0484,0.7625,-0.1450,0.0199,-0.0029,-1.4683,-11.666,-2.043,0.1705,14.2223,0.870372,0.00237469,0.1739,-0.0529,-23.234,3.988,-1.4677,0.0199,-0.0024
436.44,102.660,0.1739,-0.0529,-0.0608,0.6486,0.0203,0.0199,-0.0027,-1.4699,-11.666,-2.048,0.1774,14.2223,0.870372,0.00237469,0.1739,-0.0529,-23.234,3.988,-1.4677,0.0199,-0.0030
436.54,102.680,0.1739,-0.0529,-0.0449,-0.7494,0.1766,0.0198,-0.0013,-1.4712,-11.665,-2.052,0.1771,14.4971,0.876159,0.00209788,0.1739,-0.0529,-23.228,3.983,-1.4695,0.0198,-0.0013
436.64,102.700,0.1739,-0.0529,-0.0610,0.0010,-0.0004,0.0199,-0.0014,-1.4726,-11.665,-2.057,0.1738,14.7763,0.881926,0.00237469,0.1736,-0.0557,-23.221,3.979,-1.4712,0.0199,-0.0014
436.74,102.740,0.1736,-0.0557,-0.0610,0.0010,-0.0003,0.0199,-0.0014,-1.4741,-11.664,-2.061,0.1737,15.1555,0.889582,0.00237469,0.1736,-0.0557,-23.212,3.973,-1.4735,0.0199,-0.0014
436.84,102.760,0.1736,-0.0557,-0.0534,0.0008,-0.0002,0.0199,-0.0014,-1.4756,-11.664,-2.065,0.1721,15.1555,0.889582,0.00237469,0.1736,-0.0557,-23.212,3.973,-1.4735,0.0199,-0.0014
436.94,102.780,0.1736,-0.0557,-0.0535,0.0007,-0.0002,0.0199,-0.0014,-1.4770,-11.664,-2.070,0.1720,15.4452,0.895293,0.00209788,0.1736,-0.0557,-23.205,3.968,-1.4753,0.0199,-0.0014
437.04,102.800,0.1736,-0.0557,-0.0561,0.0007,-0.0002,0.0199,-0.0013,-1.4782,-11.663,-2.074,0.1716,15.7395,0.900981,0.00237469,0.1733,-0.0584,-23.198,3.964,-1.4769,0.0199,-0.0013
437.14,102.820,0.1733,-0.0584,-0.0561,0.0007,-0.0001,0.0199,-0.0013,-1.4795,-11.663,-2.078,0.1716,16.139,0.908526,0.00237469,0.1733,-0.0584,-23.189,3.958,-1.4791,0.0199,-0.0013
437.24,102.860,0.1733,-0.0584,-0.0562,0.0006,-0.0001,0.0199,-0.0013,-1.4809,-11.663,-2.082,0.1715,16.139,0.908526,0.00237469,0.1733,-0.0584,-23.189,3.958,-1.4791,0.0199,-0.0013
437.34,102.880,0.1733,-0.0584,-0.0562,0.0006,-0.0001,0.0199,-0.0013,-1.4823,-11.662,-2.086,0.1715,16.4441,0.914152,0.00209788,0.1733,-0.0584,-23.182,3.953,-1.4808,0.0199,-0.0013
437.44,102.900,0.1733,-0.0584,-0.0599,0.0006,-0.0001,0.0199,-0.0012,-1.4838,-11.662,-2.090,0.1709,16.754,0.919751,0.00237469,0.1729,-0.0622,-23.175,3.948,-1.4825,0.0199,-0.0012
437.54,102.920,0.1729,-0.0622,-0.0550,0.0010,-0.0001,0.0199,-0.0012,-1.4853,-11.662,-2.095,0.1723,17.1747,0.927163,0.00237469,0.1729,-0.0622,-23.165,3.942,-1.4848,0.0199,-0.0012
437.64,102.960,0.1729,-0.0622,-0.0569,0.0006,-0.0001,0.0199,-0.0012,-1.4867,-11.661,-2.100,0.1727,17.1747,0.927163,0.00237469,0.1729,-0.0622,-23.165,3.942,-1.4848,0.0199,-0.0012
437.74,102.980,0.1729,-0.0622,-0.0568,0.0006,-0.0001,0.0199,-0.0011,-1.4883,-11.661,-2.104,0.1727,17.4958,0.932679,0.00209788,0.1729,-0.0622,-23.158,3.938,-1.4865,0.0199,-0.0011
437.84,103.000,0.1729,-0.0622,-0.0607,0.0006,-0.0001,0.0199,-0.0011,-1.4897,-11.661,-2.108,0.1722,17.822,0.938162,0.00237469,0.1724,-0.0665,-23.150,3.933,-1.4882,0.0199,-0.0011
437.94,103.040,0.1724,-0.0665,-0.0572,0.0005,-0.0000,0.0199,-0.0011,-1.4911,-11.660,-2.112,0.1722,18.2646,0.945408,0.00237469,0.1724,-0.0665,-23.140,3.927,-1.4905,0.0199,-0.0011
438.04,103.060,0.1724,-0.0665,-0.0572,0.0005,-0.0000,0.0199,-0.0011,-1.4925,-11.660,-2.117,0.1722,18.2646,0.945408,0.00237469,0.1724,-0.0665,-23.140,3.927,-1.4905,0.0199,-0.0011
438.14,103.080,0.1724,-0.0665,-0.0573,0.0005,-0.0000,0.0199,-0.0010,-1.4941,-11.660,-2.122,0.1722,18.6024,0.950789,0.00209788,0.1724,-0.0665,-23.132,3.923,-1.4923,0.0199,-0.0010
438.24,103.100,0.1724,-0.0665,-0.0615,0.0005,-0.0000,0.0199,-0.0010,-1.4956,-11.660,-2.126,0.1716,18.9454,0.956128,0.00237469,0.1718,-0.0714,-23.124,3.918,-1.4940,0.0199,-0.0010
438.34,103.140,0.1718,-0.0714,-0.0615,0.0005,-0.0000,0.0199,-0.0010,-1.4972,-11.660,-2.130,0.1716,19.4108,0.963171,0.00237469,0.1718,-0.0714,-23.113,3.912,-1.4964,0.0199,-0.0010
438.44,103.160,0.1718,-0.0714,-0.0616,0.0005,-0.0000,0.0199,-0.0009,-1.4986,-11.660,-2.134,0.1716,19.7659,0.96839,0.00209788,0.1718,-0.0714,-23.105,3.907,-1.4982,0.0199,-0.0009
438.54,103.180,0.1718,-0.0714,-0.0616,0.0005,-0.0000,0.0199,-0.0009,-1.5001,-11.660,-2.138,0.1716,19.7659,0.96839,0.00209788,0.1718,-0.0714,-23.105,3.907,-1.4982,0.0199,-0.0009
438.64,103.200,0.1718,-0.0714,-0.0678,0.0005,-0.0000,0.0199,-0.0009,-1.5016,-11.659,-2.142,0.1708,20.1264,0.973555,0.00237469,0.1710,-0.0784,-23.097,3.903,-1.5001,0.0199,-0.0009
438.74,103.220,0.1710,-0.0784,-0.0678,0.0005,-0.0000,0.0199,-0.0008,-1.5033,-11.659,-2.147,0.1709,20.6154,0.980344,0.00237469,0.1710,-0.0784,-23.086,3.897,-1.5027,0.0199,-0.0009
438.84,103.260,0.1710,-0.0784,-0.0679,0.0013,0.0202,0.0199,-0.0008,-1.5052,-11.659,-2.151,0.1709,20.9885,0.985353,0.00209788,0.1710,-0.0784,-23.078,3.892,-1.5047,0.0199,-0.0008
438.94,103.280,0.1710,-0.0784,-0.0680,0.0012,0.0202,0.0199,-0.0008,-1.5069,-11.659,-2.156,0.1709,20.9885,0.985353,0.00209788,0.1710,-0.0784,-23.078,3.892,-1.5047,0.0199,-0.0008
439.04,103.300,0.1710,-0.0784,-0.0712,0.0005,-0.0000,0.0199,-0.0007,-1.5087,-11.659,-2.160,0.1705,21.3672,0.990292,0.00237469,0.1706,-0.0821,-23.069,3.887,-1.5068,0.0199,-0.0007
439.14,103.320,0.1706,-0.0821,-0.0713,0.0011,0.0196,0.0199,-0.0007,-1.5102,-11.659,-2.164,0.1705,21.8807,0.996753,0.00237469,0.1706,-0.0821,-23.058,3.881,-1.5096,0.0199,-0.0007
439.24,103.360,0.1706,-0.0821,-0.0713,0.0011,0.0196,0.0199,-0.0007,-1.5120,-11.659,-2.168,0.1705,21.8807,0.996753,0.00237469,0.1706,-0.0821,-23.058,3.881,-1.5096,0.0199,-0.0007
439.34,103.380,0.1706,-0.0821,-0.0714,0.0010,0.0196,0.0199,-0.0006,-1.5138,-11.659,-2.172,0.1706,22.2724,1.0015,0.00209788,0.1706,-0.0821,-23.049,3.877,-1.5117,0.0199,-0.0006
439.44,103.400,0.1706,-0.0821,-0.0714,0.0010,0.0196,0.0199,-0.0006,-1.5153,-11.659,-2.176,0.1700,22.6699,1.00616,0.00237469,0.1700,-0.0875,-23.040,3.872,-1.5139,0.0199,-0.0006
439.54,103.420,0.1700,-0.0875,-0.0762,0.0004,-0.0000,0.0199,-0.0006,-1.5169,-11.659,-2.179,0.1700,22.6699,1.00616,0.00237469,0.1700,-0.0875,-23.040,3.872,-1.5139,0.0199,-0.0006
439.64,103.440,0.1700,-0.0875,-0.0763,0.0009,0.0188,0.0199,-0.0005,-1.5189,-11.659,-2.184,0.1700,23.2089,1.01223,0.00237469,0.1700,-0.0875,-23.028,3.866,-1.5168,0.0199,-0.0005
439.74,103.480,0.1700,-0.0875,-0.0764,0.0008,0.0188,0.0199,-0.0005,-1.5207,-11.659,-2.188,0.1700,23.6199,1.01667,0.00209788,0.1700,-0.0875,-23.019,3.861,-1.5191,0.0199,-0.0005
439.84,103.500,0.1700,-0.0875,-0.0764,0.0007,0.0188,0.0199,-0.0005,-1.5224,-11.659,-2.192,0.1694,24.0369,1.02101,0.00237469,0.1693,-0.0930,-23.010,3.857,-1.5214,0.0199,-0.0005
439.94,103.520,0.1693,-0.0930,-0.0813,0.0003,0.0000,0.0199,-0.0004,-1.5241,-11.660,-2.195,0.1695,24.0369,1.02101,0.00237469,0.1693,-0.0930,-23.010,3.857,-1.5214,0.0199,-0.0004
440.04,103.540,0.1693,-0.0930,-0.0814,0.0003,0.0000,0.0199,-0.0004,-1.5261,-11.660,-2.199,0.1695,24.6022,1.02662,0.00237469,0.1693,-0.0930,-22.998,3.851,-1.5246,0.0199,-0.0004
440.14,103.560,0.1693,-0.0930,-0.0815,0.0006,0.0179,0.0199,-0.0004,-1.5279,-11.660,-2.203,0.1695,25.0333,1.0307,0.00209788,0.1693,-0.0930,-22.988,3.846,-1.5271,0.0199,-0.0004
440.24,103.580,0.1693,-0.0930,-0.0816,0.0005,0.0179,0.0199,-0.0003,-1.5300,-11.660,-2.207,0.1695,25.0333,1.0307,0.00209788,0.1693,-0.0930,-22.988,3.846,-1.5271,0.0199,-0.0003
440.34,103.600,0.1693,-0.0930,-0.0865,0.0002,0.0000,0.0199,-0.0003,-1.5320,-11.660,-2.211,0.1690,25.4704,1.03466,0.00237469,0.1687,-0.0986,-22.979,3.841,-1.5295,0.0199,-0.0003
440.44,103.640,0.1687,-0.0986,-0.0866,0.0002,0.0000,0.0199,-0.0002,-1.5340,-11.660,-2.215,0.1690,26.063,1.03974,0.00237469,0.1687,-0.0986,-22.966,3.835,-1.5329,0.0199,-0.0002
440.54,103.660,0.1687,-0.0986,-0.0867,0.0003,0.0170,0.0199,-0.0002,-1.5361,-11.660,-2.219,0.1690,26.5148,1.04339,0.00209788,0.1687,-0.0986,-22.956,3.830,-1.5355,0.0199,-0.0002
440.64,103.680,0.1687,-0.0986,-0.0868,0.0002,0.0170,0.0199,-0.0001,-1.5382,-11.660,-2.223,0.1691,26.5148,1.04339,0.00209788,0.1687,-0.0986,-22.956,3.830,-1.5355,0.0199,-0.0002
440.74,103.700,0.1687,-0.0986,-0.0869,0.0002,0.0170,0.0199,-0.0001,-1.5396,-11.660,-2.226,0.1684,26.9729,1.04691,0.00237469,0.1681,-0.1041,-22.946,3.825,-1.5381,0.0199,-0.0001
440.84,103.720,0.1681,-0.1041,-0.0919,0.0001,0.0000,0.0199,-0.0001,-1.5415,-11.661,-2.229,0.1685,26.9729,1.04691,0.00237469,0.1681,-0.1041,-22.946,3.825,-1.5381,0.0199,-0.0001
440.94,103.740,0.1681,-0.1041,-0.0919,0.0000,0.0000,0.0199,-0.0000,-1.5432,-11.661,-2.233,0.1685,27.5937,1.05138,0.00237469,0.1681,-0.1041,-22.933,3.819,-1.5417,0.0199,-0.0001
441.04,103.760,0.1681,-0.1041,-0.0920,0.0000,0.0161,0.0199,-0.0000,-1.5449,-11.661,-2.236,0.1686,27.5937,1.05138,0.00237469,0.1681,-0.1041,-22.933,3.819,-1.5417,0.0199,-0.0000
441.14,103.780,0.1681,-0.1041,-0.0921,-0.0000,0.0174,0.0199,0.0000,-1.5469,-11.661,-2.239,0.1686,28.0668,1.05456,0.00209788,0.1681,-0.1041,-22.923,3.814,-1.5445,0.0199,0.0000
441.24,103.800,0.1681,-0.1041,-0.0920,-0.0001,0.0174,0.0199,0.0001,-1.5487,-11.661,-2.243,0.1678,28.5465,1.05758,0.00237469,0.1672,-0.1114,-22.913,3.810,-1.5473,0.0199,0.0000
441.34,103.820,0.1672,-0.1114,-0.0983,-0.0001,-0.0000,0.0199,0.0001,-1.5508,-11.661,-2.246,0.1678,28.5465,1.05758,0.00237469,0.1672,-0.1114,-22.913,3.810,-1.5473,0.0199,0.0001
441.44,103.840,0.1672,-0.1114,-0.0981,-0.0001,-0.0000,0.0199,0.0001,-1.5531,-11.662,-2.250,0.1679,29.1965,1.06136,0.00237469,0.1672,-0.1114,-22.899,3.803,-1.5511,0.0199,0.0001
441.54,103.860,0.1672,-0.1114,-0.0980,-0.0003,0.0166,0.0199,0.0002,-1.5553,-11.662,-2.254,0.1679,29.6918,1.064,0.00209788,0.1672,-0.1114,-22.889,3.798,-1.5540,0.0199,0.0002
441.64,103.880,0.1672,-0.1114,-0.0979,-0.0004,0.0166,0.0199,0.0002,-1.5577,-11.662,-2.258,0.1680,29.6918,1.064,0.00209788,0.1672,-0.1114,-22.889,3.798,-1.5540,0.0199,0.0002
441.74,103.920,0.1668,-0.1152,-0.1011,-0.0002,-0.0000,0.0199,0.0003,-1.5603,-11.663,-2.262,0.1676,30.1938,1.06647,0.00237469,0.1668,-0.1152,-22.879,3.794,-1.5570,0.0199,0.0003
441.84,103.940,0.1668,-0.1152,-0.1010,-0.0005,0.0162,0.0199,0.0003,-1.5629,-11.663,-2.267,0.1676,30.8739,1.06948,0.00237469,0.1668,-0.1152,-22.865,3.787,-1.5610,0.0199,0.0003
441.94,103.960,0.1668,-0.1152,-0.1009,-0.0006,0.0162,0.0199,0.0004,-1.5649,-11.663,-2.270,0.1677,31.392,1.07153,0.00209788,0.1668,-0.1152,-22.854,3.782,-1.5640,0.0199,0.0004
442.04,103.980,0.1668,-0.1152,-0.1007,-0.0007,0.0163,0.0199,0.0004,-1.5673,-11.663,-2.274,0.1677,31.392,1.07153,0.00209788,0.1668,-0.1152,-22.854,3.782,-1.5640,0.0199,0.0004
442.14,104.000,0.1668,-0.1152,-0.1056,-0.0004,-0.0000,0.0199,0.0005,-1.5694,-11.664,-2.277,0.1671,31.9172,1.0734,0.00237469,0.1662,-0.1208,-22.843,3.777,-1.5671,0.0199,0.0005
442.24,104.020,0.1662,-0.1208,-0.1054,-0.0004,-0.0000,0.0199,0.0005,-1.5718,-11.664,-2.281,0.1672,32.6283,1.07559,0.00237469,0.1662,-0.1208,-22.829,3.771,-1.5712,0.0199,0.0005
442.34,104.060,0.1662,-0.1208,-0.1053,-0.0009,0.0157,0.0199,0.0006,-1.5746,-11.664,-2.286,0.1672,32.6283,1.07559,0.00237469,0.1662,-0.1208,-22.829,3.771,-1.5712,0.0199,0.0006
442.44,104.080,0.1662,-0.1208,-0.1051,-0.0010,0.0157,0.0199,0.0006,-1.5768,-11.665,-2.289,0.1673,33.17,1.077,0.00209788,0.1662,-0.1208,-22.818,3.766,-1.5744,0.0199,0.0006
442.54,104.100,0.1662,-0.1208,-0.1050,-0.0011,0.0158,0.0199,0.0007,-1.5789,-11.665,-2.292,0.1666,33.7189,1.07822,0.00237469,0.1655,-0.1268,-22.807,3.760,-1.5775,0.0199,0.0007
442.64,104.120,0.1655,-0.1268,-0.1101,-0.0006,-0.0000,0.0199,0.0007,-1.5812,-11.665,-2.296,0.1667,33.7189,1.07822,0.00237469,0.1655,-0.1268,-22.807,3.760,-1.5775,0.0199,0.0007
442.74,104.140,0.1655,-0.1268,-0.1099,-0.0007,-0.0000,0.0199,0.0007,-1.5833,-11.666,-2.299,0.1667,34.4621,1.07953,0.00237469,0.1655,-0.1268,-22.792,3.754,-1.5818,0.0199,0.0007
442.84,104.160,0.1655,-0.1268,-0.1098,-0.0013,0.0151,0.0199,0.0008,-1.5855,-11.666,-2.302,0.1668,34.4621,1.07953,0.00237469,0.1655,-0.1268,-22.792,3.754,-1.5818,0.0199,0.0008
442.94,104.180,0.1655,-0.1268,-0.1097,-0.0014,0.0152,0.0199,0.0008,-1.5880,-11.667,-2.306,0.1668,35.0281,1.08026,0.00209788,0.1655,-0.1268,-22.781,3.749,-1.5852,0.0199,0.0008
443.04,104.200,0.1655,-0.1268,-0.1096,-0.0015,0.0152,0.0199,0.0009,-1.5899,-11.667,-2.309,0.1662,35.6015,1.08079,0.00237469,0.1648,-0.1328,-22.769,3.743,-1.5885,0.0199,0.0009
443.14,104.220,0.1648,-0.1328,-0.1147,-0.0009,-0.0001,0.0199,0.0009,-1.5922,-11.667,-2.312,0.1662,35.6015,1.08079,0.00237469,0.1648,-0.1328,-22.769,3.743,-1.5885,0.0199,0.0009
443.24,104.240,0.1648,-0.1328,-0.1145,-0.0009,-0.0001,0.0199,0.0010,-1.5947,-11.668,-2.316,0.1663,36.3777,1.08116,0.00237469,0.1648,-0.1328,-22.754,3.737,-1.5930,0.0199,0.0010
443.34,104.260,0.1648,-0.1328,-0.1144,-0.0017,0.0146,0.0199,0.0010,-1.5973,-11.668,-2.320,0.1664,36.9687,1.08118,0.00209788,0.1648,-0.1328,-22.743,3.731,-1.5964,0.0199,0.0010
443.44,104.280,0.1648,-0.1328,-0.1144,0.0189,0.0042,0.0199,0.0011,-1.5999,-11.669,-2.324,0.1665,36.9687,1.08118,0.00209788,0.1648,-0.1328,-22.743,3.731,-1.5964,0.0199,0.0011
443.54,104.300,0.1648,-0.1328,-0.1200,0.0009,0.0000,0.0199,0.0011,-1.6024,-11.669,-2.327,0.1659,37.5673,1.08099,0.00237469,0.1641,-0.1391,-22.731,3.726,-1.5998,0.0199,0.0011
443.64,104.320,0.1641,-0.1391,-0.1201,0.0028,0.0002,0.0199,0.0012,-1.6048,-11.669,-2.330,0.1661,37.5673,1.08099,0.00237469,0.1641,-0.1391,-22.731,3.726,-1.5998,0.0199,0.0012
443.74,104.340,0.1641,-0.1391,-0.1204,0.0082,0.0005,0.0199,0.0012,-1.6073,-11.670,-2.334,0.1663,38.3774,1.08037,0.00237469,0.1641,-0.1391,-22.715,3.719,-1.6046,0.0199,0.0012
443.84,104.360,0.1641,-0.1391,-0.1293,0.5704,0.0364,0.0199,0.0013,-1.6098,-11.670,-2.337,0.1700,38.9941,1.07964,0.00209788,0.1641,-0.1391,-22.703,3.714,-1.6082,0.0199,0.0013
443.94,104.380,0.1641,-0.1391,-0.1337,-0.0018,-0.0001,0.0199,0.0013,-1.6123,-11.671,-2.340,0.1700,38.9941,1.07964,0.00209788,0.1641,-0.1391,-22.703,3.714,-1.6082,0.0199,0.0013
444.04,104.400,0.1641,-0.1391,-0.1395,-0.0019,-0.0001,0.0199,0.0014,-1.6153,-11.671,-2.344,0.1696,39.6187,1.07868,0.00237469,0.1633,-0.1454,-22.692,3.708,-1.6120,0.0199,0.0014
444.14,104.420,0.1633,-0.1454,-0.1393,-0.0020,-0.0002,0.0199,0.0014,-1.6180,-11.672,-2.347,0.1696,40.4637,1.07699,0.00237469,0.1633,-0.1454,-22.676,3.701,-1.6175,0.0199,0.0014
444.24,104.440,0.1633,-0.1454,-0.1390,-0.0021,-0.0002,0.0198,0.0015,-1.6211,-11.672,-2.351,0.1697,40.4637,1.07699,0.00237469,0.1633,-0.1454,-22.676,3.701,-1.6175,0.0199,0.0015
444.34,104.480,0.1633,-0.1454,-0.1387,-0.0022,-0.0002,0.0198,0.0016,-1.6248,-11.673,-2.355,0.1698,41.1068,1.07542,0.00209788,0.1633,-0.1454,-22.663,3.696,-1.6217,0.0198,0.0016
444.44,104.500,0.1633,-0.1454,-0.1385,-0.0022,-0.0002,0.0198,0.0016,-1.6279,-11.674,-2.359,0.1695,41.758,1.07358,0.00237469,0.1628,-0.1498,-22.651,3.690,-1.6259,0.0198,0.0016
444.54,104.520,0.1628,-0.1498,-0.1425,-0.0023,-0.0002,0.0198,0.0017,-1.6314,-11.674,-2.363,0.1696,41.758,1.07358,0.00237469,0.1628,-0.1498,-22.651,3.690,-1.6259,0.0198,0.0017
444.64,104.540,0.1628,-0.1498,-0.1421,-0.0024,-0.0002,0.0198,0.0018,-1.6345,-11.675,-2.367,0.1697,42.6388,1.07072,0.00237469,0.1628,-0.1498,-22.635,3.683,-1.6315,0.0198,0.0018
444.74,104.560,0.1628,-0.1498,-0.1419,-0.0025,-0.0002,0.0198,0.0018,-1.6378,-11.676,-2.371,0.1698,43.3089,1.06826,0.00209788,0.1628,-0.1498,-22.622,3.677,-1.6358,0.0198,0.0018
444.84,104.580,0.1628,-0.1498,-0.1417,-0.0026,-0.0002,0.0198,0.0019,-1.6414,-11.676,-2.375,0.1699,43.9873,1.06555,0.00237469,0.1623,-0.1543,-22.610,3.671,-1.6401,0.0198,0.0019
444.94,104.620,0.1623,-0.1543,-0.1455,-0.0027,-0.0003,0.0198,0.0020,-1.6444,-11.677,-2.378,0.1696,43.9873,1.06555,0.00237469,0.1623,-0.1543,-22.610,3.671,-1.6401,0.0198,0.0020
445.04,104.640,0.1623,-0.1543,-0.1453,-0.0028,-0.0003,0.0198,0.0020,-1.6479,-11.678,-2.382,0.1697,44.9047,1.06153,0.00237469,0.1623,-0.1543,-22.593,3.663,-1.6458,0.0198,0.0020
445.14,104.660,0.1623,-0.1543,-0.1449,-0.0029,-0.0003,0.0198,0.0021,-1.6517,-11.679,-2.387,0.1698,45.6025,1.0582,0.00209788,0.1623,-0.1543,-22.580,3.658,-1.6502,0.0198,0.0021
445.24,104.680,0.1623,-0.1543,-0.1446,-0.0030,-0.0003,0.0198,0.0022,-1.6551,-11.679,-2.391,0.1699,45.6025,1.0582,0.00209788,0.1623,-0.1543,-22.580,3.658,-1.6502,0.0198,0.0022
445.34,104.700,0.1623,-0.1543,-0.1489,-0.0031,-0.0003,0.0198,0.0022,-1.6579,-11.680,-2.394,0.1695,46.3088,1.05463,0.00237469,0.1618,-0.1591,-22.568,3.652,-1.6546,0.0198,0.0022
445.44,104.720,0.1618,-0.1591,-0.1487,-0.0032,-0.0004,0.0198,0.0023,-1.6610,-11.681,-2.397,0.1696,47.2637,1.04948,0.00237469,0.1618,-0.1591,-22.551,3.644,-1.6604,0.0198,0.0023
445.54,104.740,0.1618,-0.1591,-0.1484,-0.0032,-0.0004,0.0198,0.0023,-1.6639,-11.681,-2.401,0.1697,47.2637,1.04948,0.00237469,0.1618,-0.1591,-22.551,3.644,-1.6604,0.0198,0.0023
445.64,104.760,0.1618,-0.1591,-0.1482,-0.0033,-0.0004,0.0198,0.0024,-1.6673,-11.682,-2.404,0.1698,47.9899,1.04532,0.00209788,0.1618,-0.1591,-22.538,3.638,-1.6649,0.0198,0.0024
445.74,104.780,0.1618,-0.1591,-0.1479,-0.0034,-0.0004,0.0198,0.0025,-1.6702,-11.683,-2.408,0.1699,47.9899,1.04532,0.00209788,0.1618,-0.1591,-22.538,3.638,-1.6649,0.0198,0.0025
445.84,104.800,0.1618,-0.1591,-0.1525,-0.0036,-0.0004,0.0197,0.0025,-1.6737,-11.684,-2.411,0.1695,48.7247,1.04093,0.00237469,0.1612,-0.1643,-22.525,3.632,-1.6694,0.0197,0.0025
445.94,104.820,0.1612,-0.1643,-0.1523,-0.0036,-0.0005,0.0197,0.0026,-1.6768,-11.685,-2.415,0.1696,49.7179,1.0347,0.00237469,0.1612,-0.1643,-22.507,3.623,-1.6754,0.0197,0.0026
446.04,104.860,0.1612,-0.1643,-0.1519,-0.0037,-0.0005,0.0197,0.0027,-1.6806,-11.686,-2.419,0.1697,49.7179,1.0347,0.00237469,0.1612,-0.1643,-22.507,3.623,-1.6754,0.0197,0.0027
446.14,104.880,0.1612,-0.1643,-0.1516,-0.0052,0.0100,0.0197,0.0027,-1.6834,-11.686,-2.422,0.1698,50.473,1.02977,0.00209788,0.1612,-0.1643,-22.494,3.617,-1.6800,0.0197,0.0027
446.24,104.900,0.1612,-0.1643,-0.1513,-0.0054,0.0101,0.0197,0.0028,-1.6868,-11.687,-2.426,0.1693,51.2369,1.02461,0.00237469,0.1605,-0.1699,-22.481,3.611,-1.6845,0.0197,0.0028
446.34,104.920,0.1605,-0.1699,-0.1560,-0.0041,-0.0006,0.0197,0.0029,-1.6907,-11.688,-2.430,0.1694,51.2369,1.02461,0.00237469,0.1605,-0.1699,-22.481,3.611,-1.6845,0.0197,0.0029
446.44,104.940,0.1605,-0.1699,-0.1558,-0.0042,-0.0006,0.0197,0.0030,-1.6946,-11.689,-2.434,0.1696,52.2692,1.01739,0.00237469,0.1605,-0.1699,-22.463,3.602,-1.6907,0.0197,0.0029
446.54,104.960,0.1605,-0.1699,-0.1555,-0.0058,0.0098,0.0197,0.0030,-1.6980,-11.690,-2.438,0.1696,53.0539,1.01174,0.00209788,0.1605,-0.1699,-22.449,3.596,-1.6954,0.0197,0.0030
446.64,105.000,0.1605,-0.1699,-0.1551,-0.0060,0.0100,0.0197,0.0031,-1.7016,-11.691,-2.441,0.1697,53.8475,1.00589,0.00237469,0.1599,-0.1758,-22.436,3.589,-1.7000,0.0197,0.0031
446.74,105.020,0.1599,-0.1758,-0.1601,-0.0045,-0.0007,0.0197,0.0032,-1.7054,-11.692,-2.445,0.1693,53.8475,1.00589,0.00237469,0.1599,-0.1758,-22.436,3.589,-1.7000,0.0197,0.0032
446.84,105.040,0.1599,-0.1758,-0.1598,-0.0046,-0.0008,0.0196,0.0032,-1.7091,-11.693,-2.449,0.1694,54.9196,0.997808,0.00237469,0.1599,-0.1758,-22.418,3.580,-1.7064,0.0196,0.0032
446.94,105.060,0.1599,-0.1758,-0.1595,-0.0047,-0.0008,0.0196,0.0033,-1.7124,-11.694,-2.452,0.1695,55.7343,0.991537,0.00209788,0.1599,-0.1758,-22.404,3.573,-1.7112,0.0196,0.0033
447.04,105.080,0.1599,-0.1758,-0.1607,-0.0110,-0.0019,0.0196,0.0034,-1.7160,-11.695,-2.456,0.1692,55.7343,0.991537,0.00209788,0.1599,-0.1758,-22.404,3.573,-1.7112,0.0196,0.0034
447.14,105.100,0.1599,-0.1758,-0.1669,-0.0204,-0.0036,0.0196,0.0034,-1.7197,-11.696,-2.460,0.1685,56.5581,0.985106,0.00237469,0.1592,-0.1819,-22.390,3.567,-1.7160,0.0196,0.0034
447.24,105.120,0.1592,-0.1819,-0.1760,-0.2973,-0.0532,0.0196,0.0035,-1.7233,-11.697,-2.463,0.1656,57.6708,0.976296,0.00237469,0.1592,-0.1819,-22.372,3.557,-1.7226,0.0196,0.0035
447.34,105.140,0.1592,-0.1819,-0.1855,-0.0052,-0.0010,0.0196,0.0036,-1.7279,-11.698,-2.467,0.1647,57.6708,0.976296,0.00237469,0.1592,-0.1819,-22.372,3.557,-1.7226,0.0196,0.0036
447.44,105.180,0.1592,-0.1819,-0.1848,-0.0053,-0.0010,0.0196,0.0037,-1.7320,-11.699,-2.471,0.1648,58.516,0.969515,0.00209788,0.1592,-0.1819,-22.358,3.550,-1.7280,0.0196,0.0037
447.54,105.200,0.1592,-0.1819,-0.1844,-0.0054,-0.0011,0.0195,0.0038,-1.7365,-11.700,-2.474,0.1644,59.3704,0.962588,0.00237469,0.1585,-0.1873,-22.344,3.543,-1.7336,0.0195,0.0038
447.64,105.220,0.1585,-0.1873,-0.1894,-0.0057,-0.0011,0.0195,0.0039,-1.7406,-11.702,-2.478,0.1645,59.3704,0.962588,0.00237469,0.1585,-0.1873,-22.344,3.543,-1.7336,0.0195,0.0038
447.74,105.240,0.1585,-0.1873,-0.1887,-0.0058,-0.0012,0.0195,0.0039,-1.7450,-11.703,-2.481,0.1646,60.5239,0.953143,0.00237469,0.1585,-0.1873,-22.325,3.534,-1.7411,0.0195,0.0039
447.84,105.260,0.1585,-0.1873,-0.1882,-0.0059,-0.0012,0.0195,0.0040,-1.7497,-11.704,-2.485,0.1647,61.3998,0.945924,0.00209788,0.1585,-0.1873,-22.311,3.526,-1.7468,0.0195,0.0040
447.94,105.300,0.1585,-0.1873,-0.1876,-0.0060,-0.0013,0.0195,0.0041,-1.7546,-11.705,-2.489,0.1645,62.285,0.938617,0.00237469,0.1582,-0.1906,-22.296,3.519,-1.7525,0.0195,0.0041
448.04,105.320,0.1582,-0.1906,-0.1905,-0.0062,-0.0014,0.0195,0.0042,-1.7588,-11.706,-2.493,0.1646,62.285,0.938617,0.00237469,0.1582,-0.1906,-22.296,3.519,-1.7525,0.0195,0.0042
448.14,105.340,0.1582,-0.1906,-0.1900,-0.0063,-0.0014,0.0194,0.0043,-1.7627,-11.708,-2.496,0.1647,63.4796,0.928773,0.00237469,0.1582,-0.1906,-22.277,3.509,-1.7601,0.0194,0.0043
448.24,105.360,0.1582,-0.1906,-0.1895,-0.0064,-0.0014,0.0194,0.0044,-1.7669,-11.709,-2.500,0.1648,63.4796,0.928773,0.00237469,0.1582,-0.1906,-22.277,3.509,-1.7601,0.0194,0.0043
448.34,105.380,0.1582,-0.1906,-0.1891,-0.0065,-0.0015,0.0194,0.0044,-1.7705,-11.710,-2.502,0.1649,64.3865,0.921341,0.00209788,0.1582,-0.1906,-22.263,3.501,-1.7658,0.0194,0.0044
448.44,105.400,0.1582,-0.1906,-0.1886,-0.0066,-0.0015,0.0194,0.0045,-1.7743,-11.711,-2.506,0.1646,65.3028,0.913902,0.00237469,0.1577,-0.1946,-22.248,3.494,-1.7715,0.0194,0.0045
448.54,105.420,0.1577,-0.1946,-0.1921,-0.0068,-0.0016,0.0194,0.0046,-1.7789,-11.712,-2.509,0.1647,65.3028,0.913902,0.00237469,0.1577,-0.1946,-22.248,3.494,-1.7715,0.0194,0.0046
448.64,105.440,0.1577,-0.1946,-0.1914,-0.0069,-0.0017,0.0193,0.0047,-1.7839,-11.714,-2.513,0.1649,66.5391,0.904011,0.00237469,0.1577,-0.1946,-22.229,3.483,-1.7791,0.0193,0.0047
448.74,105.460,0.1577,-0.1946,-0.1909,-0.0070,-0.0017,0.0193,0.0048,-1.7877,-11.715,-2.516,0.1650,67.4773,0.896647,0.00209788,0.1577,-0.1946,-22.214,3.475,-1.7848,0.0193,0.0048
448.84,105.480,0.1577,-0.1946,-0.1904,-0.0071,-0.0018,0.0193,0.0049,-1.7923,-11.716,-2.520,0.1651,68.425,0.889366,0.00237469,0.1572,-0.1992,-22.200,3.467,-1.7906,0.0193,0.0048
448.94,105.500,0.1577,-0.1946,-0.1944,-0.0004,-0.0001,0.0193,0.0049,-1.7961,-11.717,-2.523,0.1647,68.425,0.889366,0.00237469,0.1572,-0.1992,-22.200,3.467,-1.7906,0.0193,0.0049
449.04,105.540,0.1572,-0.1992,-0.1935,-0.0076,-0.0020,0.0193,0.0050,-1.8004,-11.719,-2.527,0.1648,69.7032,0.879836,0.00237469,0.1572,-0.1992,-22.180,3.456,-1.7983,0.0193,0.0050
449.14,105.560,0.1572,-0.1992,-0.1930,-0.0078,-0.0020,0.0192,0.0051,-1.8049,-11.720,-2.530,0.1649,69.7032,0.879836,0.00237469,0.1572,-0.1992,-22.180,3.456,-1.7983,0.0192,0.0051
449.24,105.580,0.1572,-0.1992,-0.1925,-0.0079,-0.0021,0.0192,0.0052,-1.8091,-11.721,-2.534,0.1650,70.6729,0.872861,0.00209788,0.1572,-0.1992,-22.165,3.448,-1.8041,0.0192,0.0052
449.34,105.600,0.1572,-0.1992,-0.1920,-0.0109,0.0080,0.0192,0.0053,-1.8135,-11.723,-2.537,0.1645,71.6522,0.866076,0.00237469,0.1566,-0.2044,-22.150,3.440,-1.8099,0.0192,0.0052
449.44,105.620,0.1566,-0.2044,-0.1962,-0.0087,-0.0024,0.0192,0.0054,-1.8188,-11.725,-2.541,0.1646,72.9726,0.857379,0.00237469,0.1566,-0.2044,-22.131,3.428,-1.8177,0.0192,0.0053
449.54,105.640,0.1566,-0.2044,-0.1956,-0.0121,0.0082,0.0191,0.0055,-1.8235,-11.726,-2.545,0.1647,72.9726,0.857379,0.00237469,0.1566,-0.2044,-22.131,3.428,-1.8177,0.0192,0.0054
449.64,105.680,0.1566,-0.2044,-0.1947,-0.0137,0.0088,0.0191,0.0055,-1.8278,-11.727,-2.548,0.1647,73.974,0.851164,0.00209788,0.1566,-0.2044,-22.116,3.420,-1.8235,0.0191,0.0055
449.74,105.700,0.1566,-0.2044,-0.1939,-0.0166,0.0101,0.0191,0.0056,-1.8323,-11.729,-2.552,0.1640,74.9849,0.84526,0.00237469,0.1559,-0.2101,-22.100,3.411,-1.8294,0.0191,0.0056
449.84,105.720,0.1559,-0.2101,-0.1982,-0.0199,-0.0059,0.0191,0.0057,-1.8369,-11.730,-2.555,0.1639,74.9849,0.84526,0.00237469,0.1559,-0.2101,-22.100,3.411,-1.8294,0.0191,0.0057
449.94,105.740,0.1559,-0.2101,-0.1773,-0.0106,0.0100,0.0190,0.0058,-1.8415,-11.732,-2.559,0.1582,76.3477,0.837936,0.00237469,0.1559,-0.2101,-22.080,3.399,-1.8373,0.0190,0.0058
450.04,105.760,0.1559,-0.2101,-0.1769,-0.0108,0.0100,0.0190,0.0059,-1.8461,-11.734,-2.563,0.1583,77.3809,0.832908,0.00209788,0.1559,-0.2101,-22.065,3.390,-1.8429,0.0190,0.0059
450.14,105.800,0.1559,-0.2101,-0.1764,-0.0110,0.0101,0.0190,0.0060,-1.8500,-11.735,-2.566,0.1576,78.4238,0.82834,0.00237469,0.1551,-0.2169,-22.050,3.381,-1.8482,0.0190,0.0060
450.24,105.820,0.1551,-0.2169,-0.1817,-0.0074,-0.0023,0.0190,0.0061,-1.8547,-11.737,-2.570,0.1576,78.4238,0.82834,0.00237469,0.1551,-0.2169,-22.050,3.381,-1.8482,0.0190,0.0060
450.34,105.840,0.1551,-0.2169,-0.1812,-0.0114,0.0098,0.0189,0.0061,-1.8591,-11.738,-2.573,0.1577,79.8294,0.823034,0.00237469,0.1551,-0.2169,-22.030,3.368,-1.8554,0.0189,0.0061
450.44,105.860,0.1551,-0.2169,-0.1808,-0.0115,0.0098,0.0189,0.0062,-1.8638,-11.740,-2.577,0.1577,80.895,0.819698,0.00209788,0.1551,-0.2169,-22.014,3.359,-1.8608,0.0189,0.0062
450.54,105.900,0.1551,-0.2169,-0.1802,-0.0118,0.0099,0.0189,0.0063,-1.8681,-11.741,-2.580,0.1570,81.9703,0.816968,0.00237469,0.1540,-0.2266,-21.999,3.350,-1.8662,0.0189,0.0063
450.64,105.920,0.1540,-0.2266,-0.1880,-0.0079,-0.0026,0.0189,0.0064,-1.8728,-11.743,-2.584,0.1567,81.9703,0.816968,0.00237469,0.1540,-0.2266,-21.999,3.350,-1.8662,0.0189,0.0064
450.74,105.940,0.1540,-0.2266,-0.1874,-0.0080,-0.0027,0.0188,0.0065,-1.8775,-11.745,-2.587,0.1569,83.4192,0.814344,0.00237469,0.1540,-0.2266,-21.978,3.337,-1.8736,0.0188,0.0065
450.84,105.960,0.1540,-0.2266,-0.1870,-0.0124,0.0096,0.0188,0.0066,-1.8824,-11.746,-2.591,0.1569,84.5172,0.813198,0.00209788,0.1540,-0.2266,-21.963,3.327,-1.8792,0.0188,0.0066
450.94,106.000,0.1540,-0.2266,-0.1864,-0.0126,0.0096,0.0188,0.0067,-1.8866,-11.748,-2.594,0.1569,85.6249,0.812819,0.00237469,0.1529,-0.2365,-21.947,3.317,-1.8848,0.0188,0.0067
451.04,106.020,0.1529,-0.2365,-0.1941,-0.0085,-0.0030,0.0187,0.0067,-1.8909,-11.749,-2.597,0.1558,85.6249,0.812819,0.00237469,0.1529,-0.2365,-21.947,3.317,-1.8848,0.0187,0.0067
451.14,106.040,0.1529,-0.2365,-0.1936,-0.0086,-0.0031,0.0187,0.0068,-1.8951,-11.751,-2.600,0.1560,87.1169,0.813591,0.00237469,0.1529,-0.2365,-21.926,3.304,-1.8925,0.0187,0.0068
451.24,106.060,0.1529,-0.2365,-0.1932,-0.0133,0.0094,0.0187,0.0069,-1.8996,-11.752,-2.604,0.1560,88.2471,0.815198,0.00209788,0.1529,-0.2365,-21.911,3.294,-1.8983,0.0187,0.0069
451.34,106.080,0.1529,-0.2365,-0.1926,-0.0135,0.0094,0.0186,0.0070,-1.9046,-11.754,-2.607,0.1561,88.2471,0.815198,0.00209788,0.1529,-0.2365,-21.911,3.294,-1.8983,0.0186,0.0070
451.44,106.100,0.1529,-0.2365,-0.2000,-0.0241,-0.0091,0.0186,0.0071,-1.9091,-11.756,-2.610,0.1549,89.387,0.817755,0.00237469,0.1518,-0.2462,-21.895,3.284,-1.9041,0.0186,0.0071
451.54,106.140,0.1518,-0.2462,-0.1994,-0.0092,-0.0035,0.0186,0.0072,-1.9143,-11.758,-2.614,0.1551,90.9217,0.822739,0.00237469,0.1518,-0.2462,-21.874,3.270,-1.9119,0.0186,0.0072
451.64,106.160,0.1518,-0.2462,-0.1989,-0.0143,0.0093,0.0185,0.0073,-1.9187,-11.759,-2.617,0.1552,90.9217,0.822739,0.00237469,0.1518,-0.2462,-21.874,3.270,-1.9119,0.0185,0.0072
451.74,106.180,0.1518,-0.2462,-0.1985,-0.0144,0.0093,0.0185,0.0073,-1.9230,-11.761,-2.620,0.1552,92.0839,0.827739,0.00209788,0.1518,-0.2462,-21.858,3.259,-1.9179,0.0185,0.0073
451.84,106.200,0.1518,-0.2462,-0.2050,-0.0304,-0.0121,0.0185,0.0074,-1.9278,-11.763,-2.623,0.1540,93.2555,0.833897,0.00237469,0.1507,-0.2558,-21.842,3.249,-1.9239,0.0185,0.0074
451.94,106.220,0.1507,-0.2558,-0.2051,-0.0097,-0.0039,0.0184,0.0075,-1.9328,-11.764,-2.627,0.1542,94.8325,0.844018,0.00237469,0.1507,-0.2558,-21.821,3.234,-1.9320,0.0184,0.0075
452.04,106.260,0.1507,-0.2558,-0.2043,-0.0153,0.0092,0.0184,0.0076,-1.9383,-11.766,-2.630,0.1543,94.8325,0.844018,0.00237469,0.1507,-0.2558,-21.821,3.234,-1.9320,0.0184,0.0076
452.14,106.280,0.1507,-0.2558,-0.2039,-0.0155,0.0092,0.0183,0.0077,-1.9438,-11.768,-2.634,0.1543,96.0262,0.853132,0.00209788,0.1507,-0.2558,-21.805,3.223,-1.9381,0.0184,0.0077
452.24,106.300,0.1507,-0.2558,-0.2108,-0.0229,-0.0097,0.0183,0.0078,-1.9487,-11.770,-2.637,0.1531,97.2293,0.863639,0.00237469,0.1496,-0.2654,-21.789,3.212,-1.9443,0.0183,0.0078
452.34,106.320,0.1496,-0.2654,-0.2103,-0.0103,-0.0044,0.0183,0.0079,-1.9542,-11.772,-2.641,0.1533,98.8479,0.879935,0.00237469,0.1496,-0.2654,-21.768,3.198,-1.9526,0.0183,0.0079
452.44,106.360,0.1496,-0.2654,-0.2095,-0.0164,0.0091,0.0182,0.0080,-1.9588,-11.774,-2.644,0.1533,98.8479,0.879935,0.00237469,0.1496,-0.2654,-21.768,3.198,-1.9526,0.0182,0.0080
452.54,106.380,0.1496,-0.2654,-0.2090,-0.0166,0.0091,0.0182,0.0081,-1.9630,-11.775,-2.646,0.1533,100.073,0.893974,0.00209788,0.1496,-0.2654,-21.752,3.186,-1.9589,0.0182,0.0081
452.64,106.400,0.1496,-0.2654,-0.2085,-0.0167,0.0091,0.0182,0.0082,-1.9680,-11.777,-2.649,0.1522,101.306,0.909667,0.00237469,0.1485,-0.2751,-21.735,3.175,-1.9652,0.0182,0.0081
452.74,106.420,0.1485,-0.2751,-0.2156,-0.0108,-0.0049,0.0181,0.0083,-1.9734,-11.779,-2.653,0.1523,101.306,0.909667,0.00237469,0.1485,-0.2751,-21.735,3.175,-1.9652,0.0181,0.0082
452.84,106.440,0.1485,-0.2751,-0.2148,-0.0175,0.0091,0.0181,0.0084,-1.9790,-11.781,-2.656,0.1523,102.966,0.933297,0.00237469,0.1485,-0.2751,-21.714,3.159,-1.9737,0.0181,0.0083
452.94,106.480,0.1485,-0.2751,-0.2140,-0.0177,0.0091,0.0180,0.0085,-1.9846,-11.783,-2.660,0.1522,104.221,0.953163,0.00209788,0.1485,-0.2751,-21.698,3.147,-1.9801,0.0180,0.0085
453.04,106.500,0.1485,-0.2751,-0.2134,-0.0179,0.0091,0.0180,0.0085,-1.9895,-11.785,-2.663,0.1511,105.485,0.974973,0.00237469,0.1474,-0.2847,-21.682,3.136,-1.9866,0.0180,0.0085
453.14,106.520,0.1474,-0.2847,-0.2204,-0.0114,-0.0055,0.0179,0.0086,-1.9950,-11.787,-2.666,0.1512,105.485,0.974973,0.00237469,0.1474,-0.2847,-21.682,3.136,-1.9866,0.0179,0.0086
453.24,106.540,0.1474,-0.2847,-0.2195,-0.0187,0.0091,0.0179,0.0088,-2.0009,-11.789,-2.669,0.1512,107.184,1.00722,0.00237469,0.1474,-0.2847,-21.660,3.119,-1.9953,0.0179,0.0087
453.34,106.580,0.1474,-0.2847,-0.2187,-0.0189,0.0091,0.0178,0.0089,-2.0066,-11.791,-2.673,0.1511,108.469,1.03391,0.00209788,0.1474,-0.2847,-21.644,3.107,-2.0019,0.0178,0.0088
453.44,106.600,0.1474,-0.2847,-0.2181,-0.0191,0.0091,0.0178,0.0089,-2.0119,-11.793,-2.676,0.1484,109.762,1.06287,0.00237469,0.1446,-0.2944,-21.627,3.095,-2.0084,0.0178,0.0089
453.54,106.620,0.1446,-0.2944,-0.2247,-0.0197,0.0095,0.0177,0.0090,-2.0175,-11.795,-2.679,0.1485,109.762,1.06287,0.00237469,0.1446,-0.2944,-21.627,3.095,-2.0084,0.0177,0.0090
453.64,106.640,0.1446,-0.2944,-0.2241,-0.0199,0.0095,0.0177,0.0091,-2.0231,-11.797,-2.682,0.1484,111.5,1.10516,0.00237469,0.1446,-0.2944,-21.606,3.078,-2.0173,0.0177,0.0091
453.74,106.680,0.1446,-0.2944,-0.2232,-0.0202,0.0095,0.0176,0.0092,-2.0287,-11.799,-2.685,0.1483,112.813,1.13977,0.00209788,0.1446,-0.2944,-21.589,3.065,-2.0241,0.0176,0.0092
453.84,106.700,0.1446,-0.2944,-0.2226,-0.0204,0.0095,0.0176,0.0093,-2.0336,-11.801,-2.688,0.1472,114.134,1.177,0.00237469,0.1435,-0.3000,-21.573,3.053,-2.0308,0.0176,0.0093
453.94,106.720,0.1435,-0.3000,-0.2263,-0.0208,0.0096,0.0175,0.0094,-2.0390,-11.803,-2.691,0.1472,114.134,1.177,0.00237469,0.1435,-0.3000,-21.573,3.053,-2.0308,0.0175,0.0094
454.04,106.740,0.1435,-0.3000,-0.2254,-0.0211,0.0096,0.0175,0.0095,-2.0444,-11.805,-2.694,0.1471,115.909,1.23089,0.00237469,0.1435,-0.3000,-21.551,3.035,-2.0398,0.0175,0.0095
454.14,106.760,0.1435,-0.3000,-0.2248,-0.0213,0.0096,0.0174,0.0096,-2.0503,-11.807,-2.697,0.1470,117.25,1.27463,0.00209788,0.1435,-0.3000,-21.535,3.022,-2.0466,0.0174,0.0096
454.24,106.800,0.1435,-0.3000,-0.2239,-0.0216,0.0096,0.0174,0.0097,-2.0556,-11.809,-2.700,0.1461,118.599,1.32135,0.00237469,0.1424,-0.3000,-21.518,3.009,-2.0533,0.0174,0.0097
454.34,106.820,0.1424,-0.3000,-0.2233,-0.0218,0.0098,0.0173,0.0098,-2.0612,-11.811,-2.703,0.1457,118.599,1.32135,0.00237469,0.1424,-0.3000,-21.518,3.009,-2.0533,0.0173,0.0098
454.44,106.840,0.1424,-0.3000,-0.2224,-0.0221,0.0098,0.0173,0.0099,-2.0666,-11.813,-2.706,0.1456,120.41,1.38849,0.00237469,0.1424,-0.3000,-21.497,2.991,-2.0623,0.0173,0.0099
454.54,106.860,0.1424,-0.3000,-0.2218,-0.0222,0.0098,0.0172,0.0100,-2.0723,-11.815,-2.709,0.1455,121.777,1.44261,0.00209788,0.1424,-0.3000,-21.480,2.977,-2.0689,0.0172,0.0100
454.64,106.900,0.1424,-0.3000,-0.2209,-0.0225,0.0098,0.0172,0.0101,-2.0779,-11.817,-2.712,0.1446,123.152,1.50011,0.00237469,0.1412,-0.3000,-21.464,2.963,-2.0756,0.0172,0.0101
454.74,106.920,0.1412,-0.3000,-0.2203,-0.0227,0.0100,0.0171,0.0102,-2.0836,-11.819,-2.715,0.1440,123.152,1.50011,0.00237469,0.1412,-0.3000,-21.464,2.963,-2.0756,0.0171,0.0102
454.84,106.940,0.1412,-0.3000,-0.2194,-0.0230,0.0100,0.0170,0.0103,-2.0895,-11.822,-2.718,0.1439,124.998,1.58221,0.00237469,0.1412,-0.3000,-21.442,2.945,-2.0844,0.0170,0.0103
454.94,106.960,0.1412,-0.3000,-0.2188,-0.0232,0.0100,0.0170,0.0104,-2.0952,-11.824,-2.721,0.1438,126.391,1.64804,0.00209788,0.1412,-0.3000,-21.425,2.930,-2.0910,0.0170,0.0104
455.04,107.000,0.1412,-0.3000,-0.2180,-0.0234,0.0100,0.0169,0.0105,-2.1000,-11.826,-2.724,0.1425,127.792,1.71764,0.00237469,0.1398,-0.3000,-21.409,2.916,-2.0976,0.0169,0.0105
455.14,107.020,0.1398,-0.3000,-0.2174,-0.0236,0.0102,0.0169,0.0106,-2.1050,-11.827,-2.726,0.1422,127.792,1.71764,0.00237469,0.1398,-0.3000,-21.409,2.916,-2.0976,0.0169,0.0105
455.24,107.040,0.1398,-0.3000,-0.2168,-0.0238,0.0102,0.0168,0.0107,-2.1102,-11.829,-2.729,0.1421,129.671,1.81652,0.00237469,0.1398,-0.3000,-21.387,2.897,-2.1063,0.0168,0.0106
455.34,107.060,0.1398,-0.3000,-0.2159,-0.0240,0.0102,0.0168,0.0107,-2.1150,-11.831,-2.731,0.1420,131.089,1.89542,0.00209788,0.1398,-0.3000,-21.371,2.882,-2.1128,0.0168,0.0107
455.44,107.080,0.1398,-0.3000,-0.2163,-0.0092,-0.0060,0.0167,0.0108,-2.1208,-11.834,-2.735,0.1422,131.089,1.89542,0.00209788,0.1398,-0.3000,-21.371,2.882,-2.1128,0.0167,0.0108
455.54,107.120,0.1383,-0.3000,-0.2164,-0.0017,0.0063,0.0166,0.0109,-2.1260,-11.836,-2.737,0.1409,132.515,1.97852,0.00237469,0.1383,-0.3000,-21.354,2.867,-2.1192,0.0167,0.0109
455.64,107.140,0.1383,-0.3000,-0.1826,-0.3773,0.5723,0.0166,0.0110,-2.1313,-11.838,-2.740,0.1354,134.427,2.09609,0.00237469,0.1383,-0.3000,-21.332,2.847,-2.1279,0.0166,0.0110
455.74,107.160,0.1383,-0.3000,-0.2301,0.1909,0.1278,0.0165,0.0111,-2.1371,-11.840,-2.743,0.1392,135.869,2.1895,0.00209788,0.1383,-0.3000,-21.316,2.832,-2.1339,0.0165,0.0111
455.84,107.200,0.1383,-0.3000,-0.2338,-0.0150,-0.0103,0.0165,0.0112,-2.1434,-11.842,-2.746,0.1386,137.319,2.28753,0.00237469,0.1367,-0.3000,-21.299,2.817,-2.1406,0.0165,0.0112
455.94,107.220,0.1367,-0.3000,-0.2330,-0.0148,-0.0102,0.0164,0.0113,-2.1494,-11.844,-2.749,0.1383,137.319,2.28753,0.00237469,0.1367,-0.3000,-21.299,2.817,-2.1406,0.0164,0.0113
456.04,107.240,0.1367,-0.3000,-0.2319,-0.0148,-0.0104,0.0163,0.0114,-2.1555,-11.846,-2.752,0.1384,139.262,2.42582,0.00237469,0.1367,-0.3000,-21.277,2.796,-2.1500,0.0163,0.0114
456.14,107.280,0.1367,-0.3000,-0.2307,-0.0149,-0.0105,0.0162,0.0115,-2.1615,-11.848,-2.755,0.1385,140.726,2.53546,0.00209788,0.1367,-0.3000,-21.261,2.780,-2.1570,0.0162,0.0115
456.24,107.300,0.1367,-0.3000,-0.2300,-0.0149,-0.0106,0.0162,0.0116,-2.1675,-11.850,-2.758,0.1376,142.197,2.65034,0.00237469,0.1353,-0.3000,-21.245,2.764,-2.1639,0.0162,0.0116
456.34,107.320,0.1353,-0.3000,-0.2289,-0.0147,-0.0107,0.0161,0.0117,-2.1734,-11.852,-2.761,0.1378,142.197,2.65034,0.00237469,0.1353,-0.3000,-21.245,2.764,-2.1639,0.0161,0.0117
456.44,107.340,0.1353,-0.3000,-0.2281,-0.0147,-0.0108,0.0160,0.0118,-2.1796,-11.854,-2.764,0.1379,144.167,2.81192,0.00237469,0.1353,-0.3000,-21.223,2.743,-2.1731,0.0161,0.0118
456.54,107.380,0.1353,-0.3000,-0.2270,-0.0147,-0.0109,0.0160,0.0119,-2.1848,-11.856,-2.767,0.1380,145.651,2.93962,0.00209788,0.1353,-0.3000,-21.206,2.727,-2.1800,0.0160,0.0119
456.64,107.400,0.1353,-0.3000,-0.2263,-0.0147,-0.0110,0.0159,0.0120,-2.1900,-11.858,-2.769,0.1372,147.141,3.07307,0.00237469,0.1338,-0.3000,-21.190,2.710,-2.1868,0.0159,0.0119
456.74,107.420,0.1338,-0.3000,-0.2256,-0.0145,-0.0110,0.0159,0.0120,-2.1952,-11.860,-2.772,0.1373,147.141,3.07307,0.00237469,0.1338,-0.3000,-21.190,2.710,-2.1868,0.0159,0.0120
456.84,107.440,0.1338,-0.3000,-0.2245,-0.0145,-0.0111,0.0158,0.0121,-2.2011,-11.862,-2.775,0.1375,149.137,3.26023,0.00237469,0.1338,-0.3000,-21.168,2.688,-2.1958,0.0158,0.0121
456.94,107.460,0.1338,-0.3000,-0.2237,-0.0145,-0.0112,0.0157,0.0122,-2.2067,-11.864,-2.777,0.1376,150.64,3.40772,0.00209788,0.1338,-0.3000,-21.152,2.671,-2.2026,0.0157,0.0122
457.04,107.500,0.1338,-0.3000,-0.2226,-0.0145,-0.0114,0.0157,0.0123,-2.2118,-11.866,-2.780,0.1370,152.149,3.56151,0.00237469,0.1322,-0.3000,-21.136,2.654,-2.2093,0.0157,0.0123
457.14,107.520,0.1322,-0.3000,-0.2219,-0.0143,-0.0113,0.0156,0.0124,-2.2171,-11.868,-2.782,0.1369,152.149,3.56151,0.00237469,0.1322,-0.3000,-21.136,2.654,-2.2093,0.0156,0.0124
457.24,107.540,0.1322,-0.3000,-0.2208,-0.0142,-0.0115,0.0155,0.0125,-2.2229,-11.871,-2.785,0.1371,154.169,3.77662,0.00237469,0.1322,-0.3000,-21.114,2.631,-2.2181,0.0155,0.0125
457.34,107.560,0.1322,-0.3000,-0.2201,-0.0142,-0.0115,0.0154,0.0126,-2.2288,-11.873,-2.788,0.1373,155.689,3.94571,0.00209788,0.1322,-0.3000,-21.098,2.614,-2.2248,0.0155,0.0125
457.44,107.600,0.1322,-0.3000,-0.2191,-0.0312,0.0090,0.0154,0.0127,-2.2343,-11.875,-2.790,0.1354,157.215,4.12165,0.00237469,0.1304,-0.3000,-21.081,2.597,-2.2314,0.0154,0.0126
457.54,107.620,0.1304,-0.3000,-0.2180,-0.0314,0.0093,0.0153,0.0127,-2.2400,-11.877,-2.793,0.1352,157.215,4.12165,0.00237469,0.1304,-0.3000,-21.081,2.597,-2.2314,0.0153,0.0127
457.64,107.640,0.1304,-0.3000,-0.2173,-0.0316,0.0093,0.0152,0.0128,-2.2456,-11.880,-2.796,0.1349,159.257,4.36718,0.00237469,0.1304,-0.3000,-21.060,2.573,-2.2401,0.0152,0.0128
457.74,107.680,0.1304,-0.3000,-0.2162,-0.0318,0.0092,0.0152,0.0129,-2.2515,-11.882,-2.799,0.1346,160.794,4.55974,0.00209788,0.1304,-0.3000,-21.044,2.555,-2.2467,0.0152,0.0129
457.84,107.700,0.1304,-0.3000,-0.2155,-0.0320,0.0091,0.0151,0.0130,-2.2567,-11.884,-2.801,0.1296,162.336,4.75972,0.00237469,0.1257,-0.3000,-21.027,2.537,-2.2531,0.0151,0.0130
457.94,107.720,0.1257,-0.3000,-0.2144,-0.0322,0.0100,0.0150,0.0131,-2.2616,-11.886,-2.803,0.1294,162.336,4.75972,0.00237469,0.1257,-0.3000,-21.027,2.537,-2.2531,0.0150,0.0131
458.04,107.740,0.1257,-0.3000,-0.2137,-0.0323,0.0100,0.0150,0.0131,-2.2665,-11.888,-2.805,0.1292,164.398,5.03819,0.00237469,0.1257,-0.3000,-21.006,2.513,-2.2618,0.0150,0.0131
458.14,107.760,0.1257,-0.3000,-0.2130,-0.0325,0.0099,0.0149,0.0132,-2.2719,-11.890,-2.808,0.1289,165.95,5.25615,0.00209788,0.1257,-0.3000,-20.990,2.495,-2.2682,0.0149,0.0132
458.24,107.800,0.1257,-0.3000,-0.2120,-0.0327,0.0098,0.0148,0.0133,-2.2772,-11.892,-2.810,0.1267,167.507,5.48211,0.00237469,0.1238,-0.3000,-20.974,2.476,-2.2746,0.0148,0.0133
460.77,108.420,0.1112,-0.3000,-0.2145,-0.0142,0.0091,0.0129,0.0151,-2.4089,-11.945,-2.865,0.1152,201.464,12.5605,0.00237469,0.1112,-0.3000,-20.637,2.044,-2.4078,0.0130,0.0151
460.87,108.440,0.1112,-0.3000,-0.2151,-0.0145,0.0089,0.0129,0.0152,-2.4136,-11.947,-2.867,0.1154,201.464,12.5605,0.00237469,0.1112,-0.3000,-20.637,2.044,-2.4078,0.0129,0.0152
460.97,108.480,0.1112,-0.3000,-0.2160,-0.0153,0.0086,0.0128,0.0153,-2.4193,-11.949,-2.869,0.1156,203.075,13.0163,0.00209788,0.1112,-0.3000,-20.622,2.022,-2.4142,0.0128,0.0153
461.07,108.500,0.1112,-0.3000,-0.2168,-0.0171,0.0087,0.0127,0.0153,-2.4249,-11.951,-2.871,0.1138,204.686,13.4851,0.00237469,0.1092,-0.3000,-20.606,2.000,-2.4207,0.0127,0.0153
461.17,108.520,0.1092,-0.3000,-0.2171,-0.0208,0.0082,0.0126,0.0154,-2.4307,-11.953,-2.873,0.1139,206.834,14.1306,0.00237469,0.1092,-0.3000,-20.586,1.970,-2.4294,0.0126,0.0154
461.27,108.560,0.1092,-0.3000,-0.2162,-0.1155,0.0002,0.0125,0.0155,-2.4364,-11.956,-2.875,0.1117,206.834,14.1306,0.00237469,0.1092,-0.3000,-20.586,1.970,-2.4294,0.0125,0.0155
461.37,108.580,0.1092,-0.3000,-0.2004,-0.0167,0.0080,0.0124,0.0155,-2.4412,-11.958,-2.877,0.1083,208.443,14.6304,0.00209788,0.1092,-0.3000,-20.571,1.947,-2.4359,0.0125,0.0155
461.47,108.600,0.1092,-0.3000,-0.2010,-0.0165,0.0069,0.0124,0.0156,-2.4460,-11.959,-2.879,0.1065,210.052,15.1439,0.00237469,0.1072,-0.3000,-20.556,1.924,-2.4420,0.0124,0.0156
461.57,108.620,0.1072,-0.3000,-0.2013,-0.0163,0.0053,0.0123,0.0157,-2.4515,-11.961,-2.881,0.1067,212.197,15.8501,0.00237469,0.1072,-0.3000,-20.536,1.894,-2.4501,0.0123,0.0156
461.67,108.660,0.1072,-0.3000,-0.2015,-0.0154,0.0007,0.0122,0.0157,-2.4565,-11.963,-2.882,0.1069,212.197,15.8501,0.00237469,0.1072,-0.3000,-20.536,1.894,-2.4501,0.0122,0.0157
461.77,108.680,0.1072,-0.3000,-0.2013,-0.0135,-0.0073,0.0121,0.0158,-2.4619,-11.966,-2.884,0.1072,213.804,16.396,0.00209788,0.1072,-0.3000,-20.521,1.871,-2.4561,0.0122,0.0158
461.87,108.700,0.1072,-0.3000,-0.1992,0.0278,-0.0211,0.0120,0.0158,-2.4665,-11.967,-2.886,0.1068,215.411,16.9563,0.00237469,0.1050,-0.3000,-20.506,1.847,-2.4621,0.0121,0.0158
461.97,108.720,0.1050,-0.3000,-0.1887,-0.0162,0.0123,0.0120,0.0159,-2.4715,-11.970,-2.888,0.1094,217.553,17.726,0.00237469,0.1050,-0.3000,-20.487,1.816,-2.4700,0.0120,0.0159
462.07,108.760,0.1050,-0.3000,-0.1893,-0.0163,0.0122,0.0119,0.0160,-2.4759,-11.971,-2.890,0.1096,217.553,17.726,0.00237469,0.1050,-0.3000,-20.487,1.816,-2.4700,0.0119,0.0160
462.17,108.780,0.1050,-0.3000,-0.1897,-0.0164,0.0122,0.0118,0.0160,-2.4800,-11.973,-2.891,0.1098,219.158,18.3204,0.00209788,0.1050,-0.3000,-20.472,1.792,-2.4757,0.0118,0.0160
462.27,108.800,0.1050,-0.3000,-0.1902,-0.0165,0.0121,0.0118,0.0161,-2.4836,-11.975,-2.893,0.1086,220.762,18.9298,0.00237469,0.1027,-0.3000,-20.457,1.769,-2.4814,0.0118,0.0160
462.37,108.820,0.1027,-0.3000,-0.1906,-0.0167,0.0122,0.0117,0.0161,-2.4880,-11.977,-2.894,0.1088,220.762,18.9298,0.00237469,0.1027,-0.3000,-20.457,1.769,-2.4814,0.0117,0.0161
462.47,108.840,0.1027,-0.3000,-0.1912,-0.0168,0.0122,0.0116,0.0162,-2.4928,-11.979,-2.896,0.1090,222.9,19.7659,0.00237469,0.1027,-0.3000,-20.438,1.737,-2.4890,0.0116,0.0162
462.57,108.860,0.1027,-0.3000,-0.1917,-0.0180,0.0106,0.0116,0.0162,-2.4974,-11.981,-2.898,0.1092,224.501,20.4111,0.00209788,0.1027,-0.3000,-20.423,1.712,-2.4947,0.0116,0.0162
462.67,108.880,0.1027,-0.3000,-0.1921,-0.0196,0.0085,0.0115,0.0163,-2.5016,-11.982,-2.899,0.1094,224.501,20.4111,0.00209788,0.1027,-0.3000,-20.423,1.712,-2.4947,0.0115,0.0162
462.77,108.920,0.1003,-0.3000,-0.1928,-0.0197,0.0087,0.0114,0.0163,-2.5066,-11.985,-2.901,0.1071,226.102,21.072,0.00237469,0.1003,-0.3000,-20.409,1.688,-2.5005,0.0114,0.0163
462.87,108.940,0.1003,-0.3000,-0.1932,-0.0198,0.0086,0.0113,0.0164,-2.5117,-11.987,-2.903,0.1073,228.233,21.9781,0.00237469,0.1003,-0.3000,-20.389,1.655,-2.5082,0.0113,0.0164
462.97,108.960,0.1003,-0.3000,-0.1938,-0.0200,0.0084,0.0112,0.0164,-2.5163,-11.989,-2.905,0.1074,229.829,22.6767,0.00209788,0.1003,-0.3000,-20.375,1.631,-2.5140,0.0113,0.0164
463.07,109.000,0.1003,-0.3000,-0.1945,-0.0202,0.0082,0.0112,0.0165,-2.5215,-11.991,-2.907,0.1076,231.422,23.392,0.00237469,0.0980,-0.3000,-20.361,1.606,-2.5198,0.0112,0.0165
463.17,109.020,0.0980,-0.3000,-0.1949,-0.0203,0.0085,0.0111,0.0165,-2.5260,-11.993,-2.908,0.1054,231.422,23.392,0.00237469,0.0980,-0.3000,-20.361,1.606,-2.5198,0.0111,0.0165
463.27,109.040,0.0980,-0.3000,-0.1954,-0.0204,0.0084,0.0110,0.0166,-2.5309,-11.995,-2.910,0.1056,233.543,24.3719,0.00237469,0.0980,-0.3000,-20.342,1.572,-2.5276,0.0110,0.0166
463.37,109.060,0.0980,-0.3000,-0.1960,-0.0206,0.0082,0.0109,0.0166,-2.5356,-11.997,-2.912,0.1057,235.13,25.1268,0.00209788,0.0980,-0.3000,-20.328,1.547,-2.5334,0.0109,0.0166
463.47,109.080,0.0980,-0.3000,-0.1965,-0.0207,0.0081,0.0108,0.0167,-2.5401,-11.998,-2.913,0.1058,235.13,25.1268,0.00209788,0.0980,-0.3000,-20.328,1.547,-2.5334,0.0109,0.0167
463.57,109.100,0.0980,-0.3000,-0.1969,-0.0208,0.0084,0.0108,0.0167,-2.5439,-12.000,-2.914,0.1037,236.714,25.8993,0.00237469,0.0957,-0.3000,-20.314,1.522,-2.5393,0.0108,0.0167
463.67,109.120,0.0957,-0.3000,-0.1973,-0.0209,0.0082,0.0107,0.0168,-2.5486,-12.002,-2.916,0.1038,238.82,26.9568,0.00237469,0.0957,-0.3000,-20.295,1.488,-2.5472,0.0107,0.0168
463.77,109.160,0.0957,-0.3000,-0.1980,-0.0211,0.0080,0.0106,0.0168,-2.5539,-12.004,-2.918,0.1039,238.82,26.9568,0.00237469,0.0957,-0.3000,-20.295,1.488,-2.5472,0.0106,0.0168
463.87,109.180,0.0957,-0.3000,-0.1987,-0.0213,0.0078,0.0105,0.0169,-2.5591,-12.006,-2.920,0.1041,240.395,27.771,0.00209788,0.0957,-0.3000,-20.281,1.462,-2.5531,0.0105,0.0169
463.97,109.200,0.0957,-0.3000,-0.1991,-0.0214,0.0079,0.0105,0.0169,-2.5637,-12.008,-2.921,0.1031,241.967,28.6036,0.00237469,0.0946,-0.3000,-20.267,1.436,-2.5591,0.0105,0.0169
464.07,109.240,0.0946,-0.3000,-0.1998,-0.0216,0.0077,0.0104,0.0170,-2.5689,-12.010,-2.923,0.1032,244.055,29.7427,0.00237469,0.0946,-0.3000,-20.249,1.401,-2.5670,0.0104,0.0170
464.17,109.260,0.0946,-0.3000,-0.2002,-0.0217,0.0075,0.0103,0.0170,-2.5739,-12.012,-2.925,0.1034,244.055,29.7427,0.00237469,0.0946,-0.3000,-20.249,1.401,-2.5670,0.0103,0.0170
464.27,109.280,0.0946,-0.3000,-0.2007,-0.0218,0.0074,0.0102,0.0171,-2.5787,-12.014,-2.926,0.1035,245.616,30.6192,0.00209788,0.0946,-0.3000,-20.236,1.375,-2.5730,0.0102,0.0171
464.37,109.300,0.0946,-0.3000,-0.2013,-0.0220,0.0076,0.0101,0.0171,-2.5835,-12.016,-2.928,0.1015,247.171,31.5149,0.00237469,0.0925,-0.3000,-20.222,1.348,-2.5790,0.0101,0.0171
464.47,109.320,0.0925,-0.3000,-0.2018,-0.0221,0.0075,0.0100,0.0172,-2.5888,-12.018,-2.929,0.1016,249.237,32.7397,0.00237469,0.0925,-0.3000,-20.204,1.313,-2.5871,0.0101,0.0172
464.57,109.360,0.0925,-0.3000,-0.2024,-0.0222,0.0072,0.0099,0.0173,-2.5940,-12.020,-2.931,0.1017,249.237,32.7397,0.00237469,0.0925,-0.3000,-20.204,1.313,-2.5871,0.0100,0.0172
464.67,109.380,0.0925,-0.3000,-0.2031,-0.0224,0.0070,0.0098,0.0173,-2.5993,-12.022,-2.933,0.1018,250.78,33.6814,0.00209788,0.0925,-0.3000,-20.191,1.286,-2.5932,0.0098,0.0173
464.77,109.400,0.0925,-0.3000,-0.2036,-0.0225,0.0073,0.0098,0.0174,-2.6042,-12.024,-2.934,0.0999,252.317,34.6433,0.00237469,0.0905,-0.3000,-20.178,1.259,-2.5992,0.0098,0.0173
464.87,109.420,0.0905,-0.3000,-0.2040,-0.0226,0.0071,0.0097,0.0174,-2.6087,-12.025,-2.936,0.1000,254.356,35.9577,0.00237469,0.0905,-0.3000,-20.160,1.222,-2.6074,0.0097,0.0174
464.97,109.440,0.0905,-0.3000,-0.2045,-0.0227,0.0070,0.0096,0.0174,-2.6132,-12.027,-2.937,0.1001,254.356,35.9577,0.00237469,0.0905,-0.3000,-20.160,1.222,-2.6074,0.0096,0.0174
465.07,109.480,0.0905,-0.3000,-0.2052,-0.0229,0.0068,0.0095,0.0175,-2.6185,-12.029,-2.939,0.1002,255.878,36.9678,0.00209788,0.0905,-0.3000,-20.147,1.195,-2.6135,0.0095,0.0175
465.17,109.500,0.0905,-0.3000,-0.2058,-0.0231,0.0069,0.0094,0.0175,-2.6238,-12.031,-2.940,0.0984,257.392,37.999,0.00237469,0.0886,-0.3000,-20.134,1.167,-2.6197,0.0094,0.0175
465.27,109.520,0.0886,-0.3000,-0.2063,-0.0232,0.0068,0.0093,0.0176,-2.6292,-12.033,-2.942,0.0985,259.4,39.4073,0.00237469,0.0886,-0.3000,-20.117,1.130,-2.6279,0.0093,0.0176
465.37,109.560,0.0886,-0.3000,-0.2070,-0.0234,0.0065,0.0092,0.0176,-2.6348,-12.035,-2.944,0.0986,259.4,39.4073,0.00237469,0.0886,-0.3000,-20.117,1.130,-2.6279,0.0092,0.0176
465.47,109.580,0.0886,-0.3000,-0.2077,-0.0235,0.0063,0.0091,0.0177,-2.6402,-12.037,-2.945,0.0987,260.898,40.4889,0.00209788,0.0886,-0.3000,-20.105,1.103,-2.6341,0.0091,0.0177
465.57,109.600,0.0886,-0.3000,-0.2081,-0.8237,0.0075,0.0090,0.0177,-2.6450,-12.039,-2.947,0.0886,262.387,41.5926,0.00237469,0.0000,-0.3000,-20.092,1.074,-2.6403,0.0091,0.0177
465.67,109.640,0.0602,-0.3000,-0.2086,-0.8238,0.0106,0.0089,0.0178,-2.6504,-12.040,-2.948,0.0684,264.359,43.0989,0.00237469,0.0000,-0.3000,-20.075,1.037,-2.6486,0.0090,0.0178
465.77,109.660,0.0442,-0.3000,-0.2093,-0.8239,0.0154,0.0088,0.0178,-2.6560,-12.041,-2.949,0.0480,264.359,43.0989,0.00237469,0.0000,-0.3000,-20.075,1.037,-2.6486,0.0089,0.0178
465.87,109.680,0.0282,-0.3000,-0.2100,-0.8241,0.0203,0.0088,0.0179,-2.6611,-12.042,-2.950,0.0312,265.828,44.2552,0.00209788,0.0000,-0.3000,-20.062,1.009,-2.6549,0.0088,0.0179
465.97,109.700,0.0122,-0.3000,-0.2105,-0.8242,0.0235,0.0087,0.0179,-2.6659,-12.042,-2.950,0.0201,267.288,45.4344,0.00237469,0.0000,-0.3000,-20.049,0.981,-2.6612,0.0087,0.0179
466.07,109.740,-0.0000,-0.3000,-0.2109,-0.0291,0.0139,0.0086,0.0180,-2.6716,-12.042,-2.951,0.0201,269.22,47.0431,0.00237469,0.0000,-0.3000,-20.030,0.944,-2.6696,0.0086,0.0180
466.17,109.760,-0.0000,-0.3000,-0.2116,-0.0292,0.0137,0.0085,0.0180,-2.6764,-12.042,-2.951,0.0201,269.22,47.0431,0.00237469,0.0000,-0.3000,-20.030,0.944,-2.6696,0.0085,0.0180
466.27,109.780,-0.0000,-0.3000,-0.2121,-0.0292,0.0136,0.0084,0.0181,-2.6815,-12.042,-2.952,0.0201,270.658,48.2772,0.00209788,0.0000,-0.3000,-20.016,0.916,-2.6760,0.0084,0.0180
466.37,109.800,-0.0000,-0.3000,-0.2126,-0.0293,0.0135,0.0083,0.0181,-2.6860,-12.042,-2.952,0.0201,272.085,49.5353,0.00237469,0.0000,-0.3000,-20.002,0.888,-2.6823,0.0083,0.0181
466.47,109.820,-0.0000,-0.3000,-0.2133,-0.0294,0.0133,0.0082,0.0181,-2.6913,-12.042,-2.953,0.0201,273.972,51.2506,0.00237469,0.0000,-0.3000,-19.983,0.850,-2.6908,0.0082,0.0181
466.57,109.840,-0.0000,-0.3000,-0.2138,-0.0294,0.0132,0.0081,0.0182,-2.6969,-12.042,-2.953,0.0201,273.972,51.2506,0.00237469,0.0000,-0.3000,-19.983,0.850,-2.6908,0.0081,0.0182
466.67,109.880,0.0000,-0.3000,-0.2145,-0.0295,0.0130,0.0080,0.0182,-2.7027,-12.042,-2.954,0.0201,275.375,52.5658,0.00209788,0.0000,-0.3000,-19.970,0.822,-2.6972,0.0080,0.0182
466.77,109.900,-0.0000,-0.3000,-0.2152,-0.0296,0.0128,0.0079,0.0183,-2.7080,-12.042,-2.954,0.0201,276.766,53.906,0.00237469,0.0000,-0.3000,-19.956,0.793,-2.7037,0.0079,0.0183
466.87,109.920,-0.0000,-0.3000,-0.2157,-0.0297,0.0126,0.0078,0.0183,-2.7134,-12.042,-2.955,0.0201,278.602,55.7322,0.00237469,0.0000,-0.3000,-19.938,0.755,-2.7123,0.0078,0.0183
466.97,109.960,0.0000,-0.3000,-0.2164,-0.0297,0.0124,0.0077,0.0184,-2.7191,-12.042,-2.955,0.0201,278.602,55.7322,0.00237469,0.0000,-0.3000,-19.938,0.755,-2.7123,0.0077,0.0184
467.07,109.980,0.0000,-0.3000,-0.2169,-0.0298,0.0123,0.0076,0.0184,-2.7247,-12.042,-2.956,0.0201,279.966,57.1317,0.00209788,0.0000,-0.3000,-19.925,0.725,-2.7188,0.0076,0.0184
467.17,110.000,0.0000,-0.3000,-0.2203,-0.0421,0.0171,0.0075,0.0184,-2.7295,-12.042,-2.956,0.0201,281.317,58.5572,0.00237469,0.0000,-0.3000,-19.912,0.696,-2.7253,0.0075,0.0184
467.27,110.020,0.0000,-0.3000,-0.2222,-0.0555,0.0223,0.0074,0.0185,-2.7355,-12.042,-2.957,0.0201,283.098,60.4986,0.00237469,0.0000,-0.3000,-19.894,0.657,-2.7340,0.0074,0.0185
467.37,110.060,0.0000,-0.3000,-0.2419,-0.3517,0.1386,0.0073,0.0185,-2.7415,-12.042,-2.957,0.0212,283.098,60.4986,0.00237469,0.0000,-0.3000,-19.894,0.657,-2.7340,0.0073,0.0185
467.47,110.080,-0.0000,-0.3000,-0.2429,-0.0316,0.0121,0.0072,0.0186,-2.7480,-12.042,-2.958,0.0212,284.418,61.9858,0.00209788,0.0000,-0.3000,-19.882,0.627,-2.7408,0.0072,0.0186
467.57,110.100,-0.0000,-0.3000,-0.2436,-0.0316,0.0120,0.0071,0.0186,-2.7539,-12.041,-2.958,0.0212,285.724,63.5001,0.00237469,0.0000,-0.3000,-19.869,0.597,-2.7480,0.0071,0.0186
467.67,110.120,-0.0000,-0.3000,-0.2442,-0.0317,0.0118,0.0070,0.0186,-2.7592,-12.041,-2.959,0.0212,287.439,65.5622,0.00237469,0.0000,-0.3000,-19.853,0.557,-2.7578,0.0070,0.0186
467.77,110.140,-0.0000,-0.3000,-0.2449,-0.0318,0.0116,0.0069,0.0187,-2.7644,-12.041,-2.959,0.0212,287.439,65.5622,0.00237469,0.0000,-0.3000,-19.853,0.557,-2.7578,0.0069,0.0187
467.87,110.180,-0.0000,-0.3000,-0.2459,-0.0318,0.0114,0.0067,0.0187,-2.7708,-12.041,-2.960,0.0212,288.706,67.1414,0.00209788,0.0000,-0.3000,-19.840,0.527,-2.7652,0.0068,0.0187
467.97,110.200,-0.0000,-0.3000,-0.2466,-0.0319,0.0112,0.0066,0.0188,-2.7764,-12.041,-2.960,0.0212,289.956,68.749,0.00237469,0.0000,-0.3000,-19.828,0.496,-2.7726,0.0067,0.0188
468.07,110.220,0.0000,-0.3000,-0.2473,-0.0320,0.0111,0.0065,0.0188,-2.7819,-12.041,-2.961,0.0213,289.956,68.749,0.00237469,0.0000,-0.3000,-19.828,0.496,-2.7726,0.0066,0.0188
468.17,110.240,0.0000,-0.3000,-0.2483,-0.0320,0.0109,0.0064,0.0188,-2.7883,-12.040,-2.961,0.0213,291.595,70.9371,0.00237469,0.0000,-0.3000,-19.813,0.455,-2.7824,0.0064,0.0188
468.27,110.280,0.0000,-0.3000,-0.2494,-0.0321,0.0106,0.0063,0.0189,-2.7948,-12.040,-2.962,0.0213,292.804,72.6119,0.00209788,0.0000,-0.3000,-19.801,0.424,-2.7899,0.0063,0.0189
468.37,110.300,0.0000,-0.3000,-0.2501,-0.0322,0.0104,0.0062,0.0189,-2.8013,-12.040,-2.962,0.0213,293.993,74.3161,0.00237469,0.0000,-0.3000,-19.790,0.393,-2.7974,0.0062,0.0189
468.47,110.320,0.0000,-0.3000,-0.2511,-0.0323,0.0102,0.0061,0.0190,-2.8076,-12.040,-2.963,0.0213,293.993,74.3161,0.00237469,0.0000,-0.3000,-19.790,0.393,-2.7974,0.0061,0.0190
468.57,110.340,0.0000,-0.3000,-0.2519,-0.0323,0.0100,0.0059,0.0190,-2.8139,-12.040,-2.963,0.0213,295.55,76.6343,0.00237469,0.0000,-0.3000,-19.775,0.351,-2.8074,0.0060,0.0190
468.67,110.380,0.0000,-0.3000,-0.2529,-0.0324,0.0098,0.0058,0.0190,-2.8202,-12.039,-2.964,0.0213,296.694,78.408,0.00209788,0.0000,-0.3000,-19.764,0.320,-2.8149,0.0058,0.0190
468.77,110.400,0.0000,-0.3000,-0.2536,-0.0324,0.0096,0.0057,0.0191,-2.8265,-12.039,-2.964,0.0213,297.819,80.2119,0.00237469,0.0000,-0.3000,-19.753,0.288,-2.8225,0.0057,0.0191
468.87,110.420,0.0000,-0.3000,-0.2547,-0.0325,0.0094,0.0056,0.0191,-2.8331,-12.039,-2.965,0.0213,297.819,80.2119,0.00237469,0.0000,-0.3000,-19.753,0.288,-2.8225,0.0056,0.0191
468.97,110.440,0.0000,-0.3000,-0.2555,-0.0326,0.0092,0.0055,0.0191,-2.8387,-12.039,-2.965,0.0214,299.287,82.6646,0.00237469,0.0000,-0.3000,-19.740,0.245,-2.8327,0.0055,0.0191
469.07,110.460,0.0000,-0.3000,-0.2562,-0.0326,0.0090,0.0053,0.0192,-2.8446,-12.039,-2.966,0.0214,300.363,84.5401,0.00209788,0.0000,-0.3000,-19.729,0.213,-2.8403,0.0054,0.0192
469.17,110.480,0.0000,-0.3000,-0.2569,-0.0327,0.0089,0.0052,0.0192,-2.8503,-12.039,-2.966,0.0214,301.418,86.4469,0.00237469,0.0000,-0.3000,-19.719,0.181,-2.8480,0.0053,0.0192
469.27,110.520,0.0000,-0.3000,-0.2580,-0.0327,0.0086,0.0051,0.0192,-2.8567,-12.038,-2.967,0.0214,301.418,86.4469,0.00237469,0.0000,-0.3000,-19.719,0.181,-2.8480,0.0051,0.0192
469.37,110.540,0.0000,-0.3000,-0.2592,-0.0328,0.0084,0.0050,0.0193,-2.8635,-12.038,-2.967,0.0214,302.79,89.0381,0.00237469,0.0000,-0.3000,-19.706,0.137,-2.8583,0.0050,0.0193
469.47,110.560,0.0000,-0.3000,-0.2599,-0.0328,0.0082,0.0049,0.0193,-2.8699,-12.038,-2.968,0.0214,303.793,91.0186,0.00209788,0.0000,-0.3000,-19.697,0.104,-2.8661,0.0049,0.0193
469.57,110.600,0.0000,-0.3000,-0.2611,-0.0329,0.0079,0.0047,0.0193,-2.8767,-12.038,-2.968,0.0212,304.774,93.0312,0.00237469,0.1181,-0.3000,-19.688,0.071,-2.8739,0.0047,0.0193
469.67,110.620,0.0124,-0.3000,-0.2449,0.5296,-0.1789,0.0046,0.0194,-2.8830,-12.038,-2.969,0.0202,304.774,93.0312,0.00237469,0.1181,-0.3000,-19.688,0.071,-2.8739,0.0046,0.0194
469.77,110.640,0.0284,-0.3000,-0.2215,0.5385,-0.1770,0.0045,0.0194,-2.8889,-12.038,-2.969,0.0289,306.044,95.7648,0.00237469,0.1181,-0.3000,-19.676,0.027,-2.8841,0.0045,0.0194
469.87,110.660,0.0444,-0.3000,-0.2057,0.5375,-0.1742,0.0044,0.0194,-2.8944,-12.039,-2.969,0.0418,306.971,97.8529,0.00209788,0.1181,-0.3000,-19.669,-0.007,-2.8909,0.0044,0.0194
469.97,110.700,0.0764,-0.3000,-0.1812,0.5339,-0.1701,0.0043,0.0194,-2.8991,-12.040,-2.970,0.0554,307.879,99.9731,0.00237469,0.1179,-0.3000,-19.661,-0.040,-2.8971,0.0043,0.0194
470.07,110.720,0.0924,-0.3000,-0.1642,0.5296,-0.1672,0.0042,0.0195,-2.9034,-12.042,-2.970,0.0699,307.879,99.9731,0.00237469,0.1179,-0.3000,-19.661,-0.040,-2.8971,0.0042,0.0195
470.17,110.740,0.1084,-0.3000,-0.1427,0.2035,-0.0434,0.0041,0.0195,-2.9073,-12.044,-2.971,0.0820,309.061,102.85,0.00237469,0.1179,-0.3000,-19.654,-0.086,-2.9040,0.0041,0.0195
470.27,110.780,0.1179,-0.3000,-0.1743,0.1947,-0.0405,0.0041,0.0195,-2.9113,-12.046,-2.971,0.0878,309.932,105.045,0.00209788,0.1179,-0.3000,-19.649,-0.121,-2.9085,0.0041,0.0195
470.37,110.800,0.1179,-0.3000,-0.1946,0.1847,-0.0378,0.0040,0.0195,-2.9156,-12.048,-2.971,0.0923,310.789,107.271,0.00237469,0.1164,-0.3000,-19.644,-0.156,-2.9134,0.0040,0.0195
470.47,110.820,0.1164,-0.3000,-0.2176,0.1652,-0.0331,0.0039,0.0195,-2.9205,-12.050,-2.972,0.0971,310.789,107.271,0.00237469,0.1164,-0.3000,-19.644,-0.156,-2.9134,0.0039,0.0195
470.57,110.840,0.1164,-0.3000,-0.2329,0.0871,-0.0170,0.0038,0.0195,-2.9261,-12.052,-2.972,0.0998,311.908,110.291,0.00237469,0.1164,-0.3000,-19.638,-0.202,-2.9214,0.0038,0.0195
470.67,110.860,0.1164,-0.3000,-0.2620,0.2893,-0.0543,0.0036,0.0196,-2.9326,-12.055,-2.972,0.1075,312.723,112.594,0.00209788,0.1164,-0.3000,-19.634,-0.238,-2.9284,0.0037,0.0196
470.77,110.900,0.1164,-0.3000,-0.3066,0.2622,-0.0469,0.0035,0.0196,-2.9402,-12.058,-2.973,0.1142,313.515,114.932,0.00237469,0.1152,-0.3000,-19.630,-0.273,-2.9363,0.0035,0.0196
470.87,110.920,0.1152,-0.3000,-0.3078,-0.0258,0.0044,0.0033,0.0196,-2.9479,-12.061,-2.973,0.1142,313.515,114.932,0.00237469,0.1152,-0.3000,-19.630,-0.273,-2.9363,0.0034,0.0196
470.97,110.940,0.1152,-0.3000,-0.3096,-0.0262,0.0042,0.0032,0.0197,-2.9559,-12.064,-2.974,0.1144,314.526,118.103,0.00237469,0.1152,-0.3000,-19.625,-0.320,-2.9485,0.0032,0.0196
471.07,110.960,0.1152,-0.3000,-0.3109,-0.0264,0.0041,0.0030,0.0197,-2.9640,-12.066,-2.974,0.1145,315.248,120.523,0.00209788,0.1152,-0.3000,-19.622,-0.356,-2.9579,0.0031,0.0197
471.17,111.000,0.1152,-0.3000,-0.3128,-0.0267,0.0039,0.0029,0.0197,-2.9712,-12.069,-2.974,0.1151,315.936,122.978,0.00237469,0.1156,-0.3000,-19.619,-0.391,-2.9673,0.0029,0.0197
471.27,111.020,0.1156,-0.3000,-0.3140,-0.0269,0.0038,0.0028,0.0197,-2.9778,-12.071,-2.975,0.1152,315.936,122.978,0.00237469,0.1156,-0.3000,-19.619,-0.391,-2.9673,0.0028,0.0197
471.37,111.040,0.1156,-0.3000,-0.3153,-0.0271,0.0037,0.0026,0.0197,-2.9859,-12.074,-2.975,0.1153,316.803,126.308,0.00237469,0.1156,-0.3000,-19.615,-0.439,-2.9799,0.0026,0.0197
471.47,111.060,0.1156,-0.3000,-0.3173,-0.0275,0.0034,0.0024,0.0198,-2.9936,-12.077,-2.976,0.1154,317.413,128.847,0.00209788,0.1156,-0.3000,-19.613,-0.475,-2.9894,0.0025,0.0198
471.57,111.080,0.1156,-0.3000,-0.3186,-0.0277,0.0033,0.0023,0.0198,-3.0015,-12.080,-2.976,0.1155,317.413,128.847,0.00209788,0.1156,-0.3000,-19.613,-0.475,-2.9894,0.0023,0.0198
471.67,111.120,0.1164,-0.3000,-0.3206,-0.0280,0.0031,0.0021,0.0198,-3.0098,-12.083,-2.976,0.1164,317.989,131.423,0.00237469,0.1164,-0.3000,-19.611,-0.511,-2.9989,0.0021,0.0198
471.77,111.140,0.1164,-0.3000,-0.3220,-0.0283,0.0029,0.0020,0.0198,-3.0172,-12.086,-2.977,0.1165,318.703,134.914,0.00237469,0.1164,-0.3000,-19.609,-0.560,-3.0117,0.0020,0.0198
471.87,111.160,0.1164,-0.3000,-0.3234,-0.0285,0.0028,0.0018,0.0198,-3.0243,-12.088,-2.977,0.1165,319.197,137.574,0.00209788,0.1164,-0.3000,-19.608,-0.596,-3.0214,0.0019,0.0198
471.97,111.180,0.1164,-0.3000,-0.3254,-0.0289,0.0025,0.0017,0.0198,-3.0315,-12.091,-2.977,0.1166,319.197,137.574,0.00209788,0.1164,-0.3000,-19.608,-0.596,-3.0214,0.0017,0.0198
472.07,111.200,0.1164,-0.3000,-0.3269,-0.0291,0.0024,0.0015,0.0198,-3.0393,-12.094,-2.978,0.1175,319.656,140.271,0.00237469,0.1172,-0.3000,-19.607,-0.632,-3.0311,0.0016,0.0198
472.17,111.240,0.1172,-0.3000,-0.3290,-0.0295,0.0021,0.0014,0.0199,-3.0479,-12.097,-2.978,0.1176,320.209,143.925,0.00237469,0.1172,-0.3000,-19.607,-0.681,-3.0442,0.0014,0.0199
472.27,111.260,0.1172,-0.3000,-0.3305,-0.0298,0.0019,0.0012,0.0199,-3.0564,-12.100,-2.979,0.1176,320.581,146.707,0.00209788,0.1172,-0.3000,-19.607,-0.718,-3.0541,0.0012,0.0199
472.37,111.280,0.1172,-0.3000,-0.3312,-0.0087,0.0005,0.0010,0.0199,-3.0644,-12.102,-2.979,0.1180,320.581,146.707,0.00209788,0.1172,-0.3000,-19.607,-0.718,-3.0541,0.0010,0.0199
472.47,111.300,0.1172,-0.3000,-0.3327,0.0113,-0.0004,0.0009,0.0199,-3.0727,-12.105,-2.979,0.1190,320.915,149.527,0.00237469,0.1181,-0.3000,-19.607,-0.755,-3.0640,0.0009,0.0199
472.57,111.340,0.1181,-0.3000,-0.3343,-0.0287,0.0011,0.0007,0.0199,-3.0817,-12.109,-2.980,0.1191,321.3,153.344,0.00237469,0.1181,-0.3000,-19.608,-0.804,-3.0773,0.0007,0.0199
472.67,111.360,0.1181,-0.3000,-0.3356,-0.0286,0.0009,0.0005,0.0199,-3.0904,-12.112,-2.980,0.1192,321.544,156.249,0.00209788,0.1181,-0.3000,-19.610,-0.841,-3.0873,0.0006,0.0199
472.77,111.380,0.1181,-0.3000,-0.3375,-0.0280,0.0006,0.0003,0.0199,-3.0995,-12.115,-2.981,0.1193,321.544,156.249,0.00209788,0.1181,-0.3000,-19.610,-0.841,-3.0873,0.0004,0.0199
472.87,111.420,0.1178,-0.3000,-0.3393,-0.0266,0.0003,0.0002,0.0199,-3.1080,-12.118,-2.981,0.1191,321.749,159.192,0.00237469,0.1178,-0.3000,-19.611,-0.879,-3.0974,0.0002,0.0199
472.97,111.440,0.1178,-0.3000,-0.3403,-0.0247,0.0001,-0.0000,0.0199,-3.1172,-12.121,-2.981,0.1193,321.959,163.173,0.00237469,0.1178,-0.3000,-19.614,-0.928,-3.1110,0.0000,0.0199
473.07,111.460,0.1178,-0.3000,-0.3375,-0.0183,-0.0001,-0.0002,0.0199,-3.1260,-12.124,-2.982,0.1196,322.07,166.201,0.00209788,0.1178,-0.3000,-19.617,-0.966,-3.1212,-0.0002,0.0199
473.17,111.480,0.1178,-0.3000,-0.3339,-0.0047,-0.0000,-0.0003,0.0199,-3.1327,-12.126,-2.982,0.1201,322.07,166.201,0.00209788,0.1178,-0.3000,-19.617,-0.966,-3.1212,-0.0003,0.0199
473.27,111.500,0.1178,-0.3000,-0.3281,0.0329,0.0007,-0.0005,0.0199,-3.1400,-12.129,-2.982,0.1223,322.14,169.266,0.00237469,0.1188,-0.3000,-19.620,-1.003,-3.1313,-0.0004,0.0199
473.37,111.520,0.1188,-0.3000,-0.2950,-0.0347,-0.0010,-0.0006,0.0199,3.1368,-12.132,-2.983,0.1282,322.17,173.41,0.00237469,0.1188,-0.3000,-19.624,-1.053,3.1388,-0.0006,0.0199
473.47,111.560,0.1188,-0.3000,-0.2935,-0.0351,-0.0013,-0.0007,0.0199,3.1291,-12.135,-2.983,0.1281,322.17,173.41,0.00237469,0.1188,-0.3000,-19.624,-1.053,3.1388,-0.0007,0.0199
473.57,111.580,0.1188,-0.3000,-0.2925,-0.0353,-0.0015,-0.0009,0.0199,3.1215,-12.138,-2.984,0.1281,322.148,176.561,0.00209788,0.1188,-0.3000,-19.628,-1.091,3.1299,-0.0008,0.0199
473.67,111.600,0.1188,-0.3000,-0.2782,-0.8012,0.0096,-0.0010,0.0199,3.1152,-12.141,-2.984,0.1197,322.091,179.748,0.00237469,0.0000,0.0000,-19.632,-1.129,3.1211,-0.0010,0.0199
473.77,111.620,0.1064,-0.2845,-0.2518,-0.7986,0.0055,-0.0012,0.0199,3.1085,-12.144,-2.984,0.1001,321.959,184.055,0.00237469,0.0000,0.0000,-19.638,-1.179,3.1100,-0.0011,0.0199
473.87,111.640,0.0904,-0.2645,-0.2253,-0.7947,0.0020,-0.0012,0.0199,3.1041,-12.146,-2.985,0.0860,321.959,184.055,0.00237469,0.0000,0.0000,-19.638,-1.179,3.1100,-0.0012,0.0199
473.97,111.660,0.0744,-0.2445,-0.2121,-0.7926,0.0004,-0.0013,0.0199,3.1024,-12.146,-2.985,0.0801,321.959,184.055,0.00237469,0.0000,0.0000,-19.638,-1.179,3.1100,-0.0013,0.0199
474.07,111.680,0.0584,-0.2245,-0.1721,-0.7880,-0.0039,-0.0014,0.0199,3.0975,-12.148,-2.985,0.0613,321.821,187.328,0.00209788,0.0000,0.0000,-19.641,-1.217,3.1029,-0.0014,0.0199
474.17,111.700,0.0424,-0.2045,-0.1819,0.7079,0.0007,-0.0015,0.0199,3.0932,-12.149,-2.986,0.0584,321.657,190.637,0.00237469,0.0992,0.3000,-19.645,-1.255,3.0971,-0.0014,0.0199
474.27,111.740,0.0672,-0.1645,-0.1528,0.7771,-0.1296,-0.0015,0.0198,3.0890,-12.151,-2.986,0.0774,321.403,195.107,0.00237469,0.0992,0.3000,-19.649,-1.306,3.0904,-0.0015,0.0198
474.37,111.760,0.0832,-0.1445,-0.1335,0.7497,-0.1484,-0.0016,0.0198,3.0852,-12.153,-2.987,0.0971,321.188,198.503,0.00209788,0.0992,0.3000,-19.653,-1.344,3.0860,-0.0016,0.0198
474.47,111.780,0.0982,-0.1245,-0.1046,-0.0497,-0.1461,-0.0017,0.0198,3.0825,-12.156,-2.987,0.1020,321.188,198.503,0.00209788,0.0992,0.3000,-19.653,-1.344,3.0860,-0.0017,0.0198
474.57,111.800,0.0992,-0.1045,-0.0855,-0.0493,-0.1441,-0.0017,0.0198,3.0806,-12.158,-2.987,0.1079,320.956,201.937,0.00237469,0.1059,0.3000,-19.658,-1.383,3.0824,-0.0017,0.0198
474.67,111.820,0.1059,-0.0845,-0.0665,-0.0492,-0.1415,-0.0017,0.0198,3.0789,-12.160,-2.987,0.1073,320.626,206.574,0.00237469,0.1059,0.3000,-19.666,-1.434,3.0790,-0.0017,0.0198
474.77,111.840,0.1059,-0.0645,-0.0474,-0.0490,-0.1391,-0.0018,0.0198,3.0778,-12.163,-2.987,0.1067,320.626,206.574,0.00237469,0.1059,0.3000,-19.666,-1.434,3.0790,-0.0018,0.0198
474.87,111.880,0.1059,-0.0245,-0.0190,-0.0488,-0.1357,-0.0018,0.0198,3.0771,-12.166,-2.987,0.1061,320.367,210.096,0.00209788,0.1059,0.3000,-19.671,-1.472,3.0774,-0.0018,0.0198
474.97,111.900,0.1059,-0.0045,-0.0000,-0.0488,-0.1336,-0.0018,0.0198,3.0770,-12.168,-2.987,0.1102,320.102,213.657,0.00237469,0.1144,0.3000,-19.677,-1.511,3.0767,-0.0018,0.0198
475.07,111.920,0.1144,0.0155,0.0284,-0.0601,-0.0054,-0.0018,0.0198,3.0775,-12.171,-2.987,0.1134,319.747,218.467,0.00237469,0.1144,0.3000,-19.685,-1.562,3.0770,-0.0018,0.0198
475.17,111.960,0.1144,0.0555,0.0569,-0.0599,-0.0053,-0.0017,0.0198,3.0787,-12.174,-2.986,0.1127,319.747,218.467,0.00237469,0.1144,0.3000,-19.685,-1.562,3.0770,-0.0017,0.0198
475.27,111.980,0.1144,0.0755,0.0760,-0.0598,-0.0052,-0.0017,0.0198,3.0804,-12.177,-2.986,0.1120,319.482,222.12,0.00209788,0.1144,0.3000,-19.691,-1.601,3.0783,-0.0017,0.0198
475.37,112.000,0.1144,0.0955,0.0951,-0.0597,-0.0051,-0.0017,0.0198,3.0824,-12.179,-2.986,0.1156,319.224,225.813,0.00237469,0.1252,0.3000,-19.696,-1.640,3.0805,-0.0017,0.0198
475.47,112.020,0.1249,0.1155,0.1238,-0.0596,-0.0049,-0.0016,0.0198,3.0854,-12.183,-2.986,0.1213,318.895,230.802,0.00237469,0.1252,0.3000,-19.704,-1.692,3.0846,-0.0016,0.0198
475.57,112.040,0.1252,0.1355,0.1431,-0.0596,-0.0047,-0.0015,0.0198,3.0889,-12.186,-2.986,0.1206,318.895,230.802,0.00237469,0.1252,0.3000,-19.704,-1.692,3.0846,-0.0016,0.0198
475.67,112.080,0.1252,0.1755,0.1722,-0.0597,-0.0044,-0.0015,0.0199,3.0927,-12.188,-2.986,0.1200,318.664,234.591,0.00209788,0.1252,0.3000,-19.710,-1.731,3.0887,-0.0015,0.0199
475.77,112.100,0.1252,0.1955,0.1917,-0.0598,-0.0042,-0.0014,0.0199,3.0969,-12.191,-2.986,0.1224,318.452,238.421,0.00237469,0.1383,0.3000,-19.716,-1.771,3.0937,-0.0014,0.0199
475.87,112.120,0.1369,0.2155,0.2212,0.1637,0.0106,-0.0013,0.0199,3.1022,-12.194,-2.985,0.1316,318.452,238.421,0.00237469,0.1383,0.3000,-19.716,-1.771,3.0937,-0.0013,0.0199
475.97,112.140,0.1383,0.2355,0.2411,-0.0601,-0.0036,-0.0012,0.0199,3.1075,-12.197,-2.985,0.1309,318.203,243.594,0.00237469,0.1383,0.3000,-19.724,-1.823,3.1016,-0.0012,0.0199
476.07,112.160,0.1383,0.2555,0.2612,-0.0604,-0.0033,-0.0011,0.0199,3.1135,-12.200,-2.985,0.1303,318.046,247.523,0.00209788,0.1383,0.3000,-19.729,-1.863,3.1087,-0.0011,0.0199
476.17,112.180,0.1383,0.2755,0.2814,-0.0608,-0.0030,-0.0009,0.0199,3.1196,-12.203,-2.985,0.1296,317.921,251.495,0.00237469,0.1535,0.1847,-19.735,-1.903,3.1167,-0.0010,0.0199
476.27,112.220,0.1506,0.2845,0.2718,0.4278,0.0233,-0.0008,0.0199,3.1266,-12.207,-2.985,0.1455,317.921,251.495,0.00237469,0.1535,0.1847,-19.735,-1.903,3.1167,-0.0008,0.0199
476.37,112.240,0.1535,0.2645,0.2544,-0.0027,-0.0001,-0.0007,0.0199,3.1330,-12.210,-2.985,0.1462,317.807,256.856,0.00237469,0.1535,0.1847,-19.741,-1.956,3.1280,-0.0007,0.0199
476.47,112.260,0.1535,0.2445,0.2260,-0.0027,-0.0001,-0.0006,0.0199,3.1389,-12.214,-2.985,0.1470,317.762,260.928,0.00209788,0.1535,0.1847,-19.746,-1.996,3.1357,-0.0006,0.0199
476.57,112.300,0.1535,0.2045,0.1973,-0.0027,-0.0001,-0.0004,0.0199,-3.1389,-12.218,-2.985,0.1477,317.749,265.041,0.00237469,0.1724,-0.0140,-19.751,-2.037,-3.1407,-0.0004,0.0199
476.67,112.320,0.1659,0.1845,0.1759,0.7756,0.0651,-0.0004,0.0199,-3.1344,-12.222,-2.985,0.1669,317.749,265.041,0.00237469,0.1724,-0.0140,-19.751,-2.037,-3.1407,-0.0004,0.0199
476.77,112.340,0.1724,0.1645,0.1585,-0.0026,-0.0000,-0.0003,0.0199,-3.1303,-12.226,-2.984,0.1681,317.773,270.593,0.00237469,0.1724,-0.0140,-19.757,-2.090,-3.1331,-0.0003,0.0199
476.87,112.360,0.1724,0.1445,0.1291,-0.0025,-0.0000,-0.0002,0.0199,-3.1269,-12.230,-2.984,0.1688,317.817,274.807,0.00209788,0.1724,-0.0140,-19.762,-2.131,-3.1285,-0.0002,0.0199
476.97,112.400,0.1724,0.1045,0.0995,-0.0024,-0.0000,-0.0002,0.0199,-3.1241,-12.234,-2.984,0.1695,317.88,279.063,0.00237469,0.1613,-0.1146,-19.767,-2.172,-3.1248,-0.0002,0.0199
477.07,112.420,0.1618,0.0845,0.0797,-0.0024,-0.0000,-0.0001,0.0199,-3.1223,-12.238,-2.984,0.1590,317.88,279.063,0.00237469,0.1613,-0.1146,-19.767,-2.172,-3.1248,-0.0001,0.0199
477.17,112.440,0.1613,0.0645,0.0598,-0.0024,-0.0000,-0.0001,0.0199,-3.1205,-12.242,-2.984,0.1598,317.986,284.806,0.00237469,0.1613,-0.1146,-19.772,-2.226,-3.1212,-0.0001,0.0199
477.27,112.460,0.1613,0.0445,0.0299,-0.0028,0.1445,-0.0001,0.0199,-3.1195,-12.246,-2.984,0.1605,318.078,289.165,0.00209788,0.1613,-0.1146,-19.776,-2.267,-3.1196,-0.0001,0.0199
477.37,112.480,0.1613,0.0245,0.0100,-0.0027,0.1414,-0.0001,0.0199,-3.1191,-12.250,-2.984,0.1612,318.078,289.165,0.00209788,0.1613,-0.1146,-19.776,-2.267,-3.1196,-0.0001,0.0199
477.47,112.500,0.1613,0.0045,-0.0003,-0.6086,0.0043,-0.0001,0.0199,-3.1191,-12.253,-2.984,0.1509,318.175,293.567,0.00237469,0.1466,-0.2470,-19.780,-2.308,-3.1188,-0.0001,0.0199
477.57,112.540,0.1466,-0.0355,-0.0399,-0.0023,-0.0000,-0.0001,0.0199,-3.1196,-12.257,-2.984,0.1478,318.308,299.505,0.00237469,0.1466,-0.2470,-19.785,-2.363,-3.1190,-0.0001,0.0199
477.67,112.560,0.1466,-0.0555,-0.0598,-0.0021,-0.0000,-0.0001,0.0199,-3.1210,-12.260,-2.984,0.1485,318.308,299.505,0.00237469,0.1466,-0.2470,-19.785,-2.363,-3.1190,-0.0001,0.0199
477.77,112.580,0.1466,-0.0755,-0.0894,-0.0038,-0.0000,-0.0001,0.0199,-3.1230,-12.264,-2.985,0.1493,318.405,304.012,0.00209788,0.1466,-0.2470,-19.789,-2.405,-3.1203,-0.0001,0.0199
477.87,112.600,0.1466,-0.0955,-0.0991,-0.5936,0.0456,-0.0002,0.0199,-3.1250,-12.267,-2.985,0.1428,318.496,308.563,0.00237469,0.1366,-0.3000,-19.792,-2.446,-3.1225,-0.0002,0.0199
477.97,112.620,0.1368,-0.1155,-0.1287,-0.0052,-0.0001,-0.0002,0.0199,-3.1281,-12.271,-2.985,0.1405,318.6,314.702,0.00237469,0.1366,-0.3000,-19.797,-2.501,-3.1268,-0.0002,0.0199
478.07,112.660,0.1366,-0.1555,-0.1577,-0.0080,-0.0001,-0.0003,0.0199,-3.1319,-12.274,-2.985,0.1412,318.6,314.702,0.00237469,0.1366,-0.3000,-19.797,-2.501,-3.1268,-0.0003,0.0199
478.17,112.680,0.1366,-0.1755,-0.1766,-0.0137,-0.0003,-0.0004,0.0199,-3.1362,-12.278,-2.985,0.1417,318.66,319.36,0.00209788,0.1366,-0.3000,-19.801,-2.543,-3.1311,-0.0004,0.0199
478.27,112.700,0.1366,-0.1955,-0.1731,-0.9033,0.0291,-0.0005,0.0199,-3.1409,-12.281,-2.985,0.1296,318.7,324.063,0.00237469,0.1252,-0.3000,-19.804,-2.585,-3.1362,-0.0005,0.0199
478.37,112.720,0.1258,-0.2155,-0.2005,-0.0329,-0.0009,-0.0006,0.0199,3.1372,-12.285,-2.985,0.1251,318.717,330.407,0.00237469,0.1252,-0.3000,-19.810,-2.641,3.1393,-0.0006,0.0199
478.47,112.760,0.1252,-0.2555,-0.2259,-0.0332,-0.0011,-0.0007,0.0199,3.1315,-12.288,-2.985,0.1251,318.717,330.407,0.00237469,0.1252,-0.3000,-19.810,-2.641,3.1393,-0.0007,0.0199
478.57,112.780,0.1252,-0.2755,-0.2427,-0.0334,-0.0013,-0.0008,0.0199,3.1257,-12.291,-2.985,0.1251,318.699,335.219,0.00209788,0.1252,-0.3000,-19.813,-2.683,3.1329,-0.0008,0.0199
478.67,112.800,0.1252,-0.2955,-0.2593,-0.0336,-0.0015,-0.0009,0.0199,3.1206,-12.294,-2.986,0.1322,318.652,340.078,0.00237469,0.1725,0.0486,-19.818,-2.725,3.1257,-0.0009,0.0199
478.77,112.820,0.1376,-0.2845,-0.2327,0.7566,-0.0119,-0.0010,0.0199,3.1153,-12.297,-2.986,0.1497,318.652,340.078,0.00237469,0.1725,0.0486,-19.818,-2.725,3.1257,-0.0010,0.0199
478.87,112.840,0.1536,-0.2645,-0.2149,0.7666,-0.0080,-0.0011,0.0199,3.1104,-12.300,-2.986,0.1672,318.539,346.628,0.00237469,0.1725,0.0486,-19.824,-2.781,3.1157,-0.0011,0.0199
478.97,112.860,0.1695,-0.2445,-0.1971,-0.0342,-0.0020,-0.0012,0.0199,3.1058,-12.304,-2.986,0.1721,318.416,351.595,0.00209788,0.1725,0.0486,-19.830,-2.823,3.1089,-0.0012,0.0199
479.07,112.880,0.1725,-0.2245,-0.1796,-0.0341,-0.0022,-0.0013,0.0199,3.1016,-12.308,-2.986,0.1721,318.264,356.608,0.00237469,0.1778,-0.0016,-19.837,-2.865,3.1030,-0.0013,0.0199
479.17,112.920,0.1778,-0.1845,-0.1536,-0.0340,-0.0023,-0.0014,0.0199,3.0975,-12.313,-2.986,0.1774,318.264,356.608,0.00237469,0.1778,-0.0016,-19.837,-2.865,3.1030,-0.0014,0.0199
479.27,112.940,0.1778,-0.1645,-0.1277,-0.0338,-0.0025,-0.0014,0.0199,3.0939,-12.317,-2.986,0.1773,318.023,363.366,0.00237469,0.1778,-0.0016,-19.846,-2.922,3.0964,-0.0014,0.0199
479.37,112.960,0.1778,-0.1445,-0.1105,-0.0336,-0.0025,-0.0015,0.0198,3.0910,-12.322,-2.986,0.1773,317.818,368.489,0.00209788,0.1778,-0.0016,-19.853,-2.964,3.0924,-0.0015,0.0199
479.47,113.000,0.1778,-0.1045,-0.0849,-0.0229,-0.1359,-0.0016,0.0198,3.0886,-12.326,-2.986,0.1765,317.596,373.659,0.00237469,0.1707,-0.0648,-19.861,-3.006,3.0893,-0.0016,0.0198
479.57,113.020,0.1707,-0.0845,-0.0679,-0.0228,-0.1320,-0.0016,0.0198,3.0869,-12.330,-2.986,0.1702,317.596,373.659,0.00237469,0.1707,-0.0648,-19.861,-3.006,3.0893,-0.0016,0.0198
479.67,113.040,0.1707,-0.0659,-0.0549,-0.0321,-0.0123,-0.0016,0.0198,3.0855,-12.334,-2.986,0.1702,317.281,380.627,0.00237469,0.1707,-0.0648,-19.871,-3.063,3.0862,-0.0016,0.0198
479.77,113.060,0.1707,-0.0648,-0.0548,-0.0321,-0.0123,-0.0016,0.0198,3.0841,-12.339,-2.986,0.1702,317.033,385.91,0.00209788,0.1707,-0.0648,-19.878,-3.106,3.0846,-0.0016,0.0198
479.87,113.100,0.1707,-0.0648,-0.0548,-0.0321,-0.0124,-0.0017,0.0198,3.0827,-12.343,-2.986,0.1702,316.778,391.242,0.00237469,0.1619,-0.1423,-19.886,-3.149,3.0831,-0.0017,0.0198
479.97,113.120,0.1619,-0.0803,-0.0717,-0.0331,-0.0028,-0.0017,0.0198,3.0810,-12.347,-2.986,0.1614,316.778,391.242,0.00237469,0.1619,-0.1423,-19.886,-3.149,3.0831,-0.0017,0.0198
480.07,113.140,0.1619,-0.1003,-0.0969,-0.0335,-0.0029,-0.0017,0.0198,3.0787,-12.351,-2.986,0.1613,316.427,398.427,0.00237469,0.1619,-0.1423,-19.896,-3.206,3.0807,-0.0017,0.0198
480.17,113.160,0.1619,-0.1203,-0.1137,-0.0337,-0.0030,-0.0018,0.0198,3.0762,-12.355,-2.986,0.1613,316.152,403.873,0.00209788,0.1619,-0.1423,-19.903,-3.249,3.0780,-0.0018,0.0198
480.27,113.180,0.1619,-0.1398,-0.1199,-0.0339,-0.0031,-0.0019,0.0198,3.0735,-12.359,-2.986,0.1613,316.152,403.873,0.00209788,0.1619,-0.1423,-19.903,-3.249,3.0780,-0.0018,0.0198
480.37,113.220,0.1528,-0.1578,-0.1365,-0.0341,-0.0033,-0.0019,0.0198,3.0705,-12.362,-2.986,0.1522,315.864,409.369,0.00237469,0.1528,-0.2225,-19.911,-3.292,3.0746,-0.0019,0.0198
480.47,113.240,0.1528,-0.1778,-0.1531,-0.0344,-0.0034,-0.0020,0.0198,3.0671,-12.366,-2.986,0.1521,315.454,416.772,0.00237469,0.1528,-0.2225,-19.921,-3.350,3.0694,-0.0020,0.0198
480.57,113.260,0.1528,-0.1978,-0.1778,-0.0349,-0.0036,-0.0021,0.0198,3.0628,-12.370,-2.986,0.1520,315.124,422.382,0.00209788,0.1528,-0.2225,-19.929,-3.393,3.0647,-0.0021,0.0198
480.67,113.280,0.1528,-0.2178,-0.1860,-0.0351,-0.0038,-0.0022,0.0198,3.0580,-12.374,-2.986,0.1520,315.124,422.382,0.00209788,0.1528,-0.2225,-19.929,-3.393,3.0647,-0.0021,0.0198
480.77,113.320,0.1448,-0.2380,-0.2022,-0.0353,-0.0040,-0.0023,0.0198,3.0532,-12.377,-2.986,0.1439,314.772,428.041,0.00237469,0.1448,-0.2930,-19.937,-3.436,3.0593,-0.0023,0.0198
480.87,113.340,0.1448,-0.2580,-0.2184,-0.0357,-0.0042,-0.0024,0.0198,3.0476,-12.381,-2.986,0.1438,314.262,435.662,0.00237469,0.1448,-0.2930,-19.948,-3.494,3.0515,-0.0023,0.0198
480.97,113.360,0.1448,-0.2780,-0.2425,-0.0363,-0.0046,-0.0025,0.0198,3.0417,-12.385,-2.986,0.1437,313.847,441.434,0.00209788,0.1448,-0.2930,-19.956,-3.538,3.0448,-0.0025,0.0198
481.07,113.380,0.1448,-0.2930,-0.2423,-0.0364,-0.0048,-0.0026,0.0197,3.0354,-12.389,-2.986,0.1436,313.847,441.434,0.00209788,0.1448,-0.2930,-19.956,-3.538,3.0448,-0.0026,0.0197
481.17,113.420,0.1572,-0.2775,-0.2249,0.7553,0.0525,-0.0027,0.0197,3.0296,-12.392,-2.986,0.1613,313.4,447.254,0.00237469,0.1628,0.1345,-19.965,-3.581,3.0376,-0.0027,0.0197
481.27,113.440,0.1628,-0.2575,-0.1996,-0.0365,-0.0053,-0.0028,0.0197,3.0239,-12.397,-2.986,0.1612,312.753,455.088,0.00237469,0.1628,0.1345,-19.978,-3.639,3.0281,-0.0028,0.0197
481.37,113.460,0.1628,-0.2375,-0.1828,-0.0362,-0.0054,-0.0029,0.0197,3.0192,-12.401,-2.985,0.1611,312.231,461.019,0.00209788,0.1628,0.1345,-19.988,-3.683,3.0218,-0.0029,0.0197
481.47,113.480,0.1628,-0.2175,-0.1661,-0.0359,-0.0055,-0.0030,0.0197,3.0152,-12.405,-2.985,0.1610,311.682,466.999,0.00237469,0.1669,0.0978,-19.998,-3.727,3.0164,-0.0030,0.0197
481.57,113.520,0.1669,-0.1775,-0.1412,-0.0162,-0.1293,-0.0031,0.0197,3.0116,-12.409,-2.985,0.1650,311.682,466.999,0.00237469,0.1669,0.0978,-19.998,-3.727,3.0164,-0.0031,0.0197
481.67,113.540,0.1669,-0.1575,-0.1247,-0.0143,-0.1366,-0.0031,0.0197,3.0087,-12.412,-2.985,0.1651,310.913,475.047,0.00237469,0.1669,0.0978,-20.012,-3.785,3.0103,-0.0031,0.0197
481.77,113.560,0.1669,-0.1375,-0.1083,-0.0142,-0.1332,-0.0032,0.0197,3.0061,-12.416,-2.985,0.1653,310.313,481.142,0.00209788,0.1669,0.0978,-20.023,-3.829,3.0067,-0.0032,0.0197
481.87,113.580,0.1669,-0.1175,-0.0837,-0.0140,-0.1282,-0.0032,0.0196,3.0039,-12.420,-2.985,0.1655,310.313,481.142,0.00209788,0.1669,0.0978,-20.023,-3.829,3.0067,-0.0032,0.0196
481.97,113.600,0.1669,-0.0975,-0.0674,-0.0139,-0.1253,-0.0033,0.0196,3.0021,-12.424,-2.984,0.1714,309.698,487.287,0.00237469,0.1726,0.0476,-20.034,-3.872,3.0039,-0.0032,0.0196
482.07,113.640,0.1726,-0.0575,-0.0430,-0.0138,-0.1206,-0.0033,0.0196,3.0009,-12.429,-2.984,0.1718,308.86,495.56,0.00237469,0.1726,0.0476,-20.049,-3.931,3.0012,-0.0033,0.0196
482.17,113.660,0.1726,-0.0375,-0.0187,-0.0138,-0.1161,-0.0033,0.0196,3.0002,-12.433,-2.984,0.1722,308.221,501.825,0.00209788,0.1726,0.0476,-20.060,-3.975,3.0000,-0.0033,0.0196
482.27,113.680,0.1726,-0.0175,-0.0024,-0.0137,-0.1132,-0.0033,0.0196,2.9999,-12.437,-2.983,0.1726,308.221,501.825,0.00209788,0.1726,0.0476,-20.060,-3.975,3.0000,-0.0033,0.0196
482.37,113.720,0.1781,-0.0085,-0.0106,-0.0321,-0.0054,-0.0033,0.0196,2.9999,-12.442,-2.982,0.1781,307.578,508.144,0.00237469,0.1781,-0.0166,-20.072,-4.019,2.9996,-0.0033,0.0196
482.47,113.740,0.1781,-0.0166,-0.0134,-0.0322,-0.0054,-0.0033,0.0196,2.9996,-12.446,-2.982,0.1781,306.719,516.654,0.00237469,0.1781,-0.0166,-20.087,-4.078,2.9996,-0.0033,0.0196
482.57,113.760,0.1781,-0.0166,-0.0135,-0.0324,-0.0055,-0.0033,0.0196,2.9992,-12.451,-2.981,0.1780,306.073,523.1,0.00209788,0.1781,-0.0166,-20.099,-4.122,2.9993,-0.0033,0.0196
482.67,113.780,0.1781,-0.0166,-0.0135,-0.0326,-0.0055,-0.0033,0.0196,2.9989,-12.455,-2.980,0.1780,306.073,523.1,0.00209788,0.1781,-0.0166,-20.099,-4.122,2.9993,-0.0033,0.0196
482.77,113.820,0.1696,-0.0321,-0.0301,-0.0404,-0.0069,-0.0033,0.0196,2.9984,-12.459,-2.980,0.1695,305.426,529.601,0.00237469,0.1696,-0.0910,-20.111,-4.167,2.9989,-0.0033,0.0196
482.87,113.840,0.1696,-0.0521,-0.0460,-0.0657,-0.0051,-0.0034,0.0196,2.9972,-12.464,-2.979,0.1696,304.559,538.354,0.00237469,0.1696,-0.0910,-20.126,-4.226,2.9981,-0.0033,0.0196
482.97,113.860,0.1696,-0.0721,-0.0783,-0.3494,-0.0603,-0.0034,0.0196,2.9957,-12.468,-2.978,0.1672,303.904,544.983,0.00209788,0.1696,-0.0910,-20.138,-4.271,2.9967,-0.0034,0.0196
483.07,113.880,0.1696,-0.0902,-0.0823,-0.0340,-0.0059,-0.0034,0.0196,2.9938,-12.472,-2.978,0.1671,303.904,544.983,0.00209788,0.1696,-0.0910,-20.138,-4.271,2.9967,-0.0034,0.0196
483.17,113.900,0.1696,-0.0910,-0.0732,-0.7922,-0.0879,-0.0035,0.0196,2.9921,-12.475,-2.977,0.1542,303.241,551.666,0.00237469,0.1539,0.2279,-20.150,-4.316,2.9944,-0.0034,0.0196
483.27,113.940,0.1539,-0.0555,-0.0461,-0.0067,-0.0012,-0.0035,0.0196,2.9908,-12.479,-2.977,0.1527,302.339,560.661,0.00237469,0.1539,0.2279,-20.165,-4.375,2.9914,-0.0035,0.0196
483.37,113.960,0.1539,-0.0355,-0.0280,-0.0063,-0.0011,-0.0035,0.0196,2.9900,-12.483,-2.976,0.1533,302.339,560.661,0.00237469,0.1539,0.2279,-20.165,-4.375,2.9914,-0.0035,0.0196
483.47,113.980,0.1539,-0.0155,-0.0009,-0.0259,0.1125,-0.0035,0.0196,2.9897,-12.487,-2.976,0.1538,301.652,567.471,0.00209788,0.1539,0.2279,-20.177,-4.420,2.9900,-0.0035,0.0196
483.57,114.000,0.1539,0.0045,0.0171,-0.0051,-0.0009,-0.0035,0.0196,2.9899,-12.490,-2.975,0.1601,300.959,574.336,0.00237469,0.1598,0.1767,-20.188,-4.466,2.9894,-0.0035,0.0196
483.67,114.020,0.1598,0.0245,0.0352,-0.0045,-0.0008,-0.0035,0.0196,2.9907,-12.494,-2.975,0.1607,300.034,583.579,0.00237469,0.1598,0.1767,-20.204,-4.526,2.9901,-0.0035,0.0196
483.77,114.060,0.1598,0.0645,0.0623,-0.0037,-0.0007,-0.0035,0.0196,2.9922,-12.498,-2.974,0.1615,300.034,583.579,0.00237469,0.1598,0.1767,-20.204,-4.526,2.9901,-0.0035,0.0196
483.87,114.080,0.1598,0.0845,0.0895,-0.0029,-0.0005,-0.0034,0.0196,2.9941,-12.502,-2.973,0.1622,299.344,590.578,0.00209788,0.1598,0.1767,-20.216,-4.571,2.9915,-0.0034,0.0196
483.97,114.100,0.1598,0.1045,0.1008,0.2420,0.0598,-0.0034,0.0196,2.9966,-12.506,-2.973,0.1698,298.662,597.638,0.00237469,0.1672,0.1114,-20.227,-4.617,2.9938,-0.0034,0.0196
484.07,114.120,0.1672,0.1114,0.1009,-0.0288,-0.0049,-0.0033,0.0196,2.9989,-12.510,-2.972,0.1699,297.77,607.146,0.00237469,0.1672,0.1114,-20.243,-4.678,2.9979,-0.0033,0.0196
484.17,114.160,0.1672,0.1114,0.1011,-0.0288,-0.0048,-0.0033,0.0196,3.0014,-12.514,-2.972,0.1700,297.77,607.146,0.00237469,0.1672,0.1114,-20.243,-4.678,2.9979,-0.0033,0.0196
484.27,114.180,0.1672,0.1114,0.1012,-0.0289,-0.0048,-0.0032,0.0196,3.0041,-12.519,-2.971,0.1700,297.117,614.349,0.00209788,0.1672,0.1114,-20.255,-4.723,3.0010,-0.0032,0.0196
484.37,114.200,0.1672,0.1114,0.1013,-0.0289,-0.0047,-0.0032,0.0196,3.0060,-12.522,-2.971,0.1759,296.478,621.614,0.00237469,0.1782,0.0327,-20.266,-4.769,3.0041,-0.0032,0.0196
484.47,114.220,0.1778,0.0959,0.0747,-0.0674,-0.0108,-0.0031,0.0197,3.0079,-12.526,-2.970,0.1798,296.478,621.614,0.00237469,0.1782,0.0327,-20.266,-4.769,3.0041,-0.0031,0.0197
484.57,114.240,0.1782,0.0759,0.0565,-0.0570,-0.0091,-0.0031,0.0197,3.0093,-12.530,-2.970,0.1792,295.648,631.398,0.00237469,0.1782,0.0327,-20.281,-4.831,3.0079,-0.0031,0.0197
484.67,114.260,0.1782,0.0559,0.0383,-0.0577,-0.0091,-0.0031,0.0197,3.0104,-12.535,-2.969,0.1786,295.038,638.808,0.00209788,0.1782,0.0327,-20.293,-4.877,3.0098,-0.0031,0.0197
484.77,114.300,0.1782,0.0327,0.0339,-0.0334,-0.0052,-0.0031,0.0197,3.0112,-12.539,-2.969,0.1764,294.436,646.281,0.00237469,0.1766,-0.0462,-20.304,-4.923,3.0110,-0.0031,0.0197
484.87,114.320,0.1766,0.0172,0.0028,-0.0103,-0.1425,-0.0031,0.0197,3.0116,-12.544,-2.968,0.1766,294.436,646.281,0.00237469,0.1766,-0.0462,-20.304,-4.923,3.0110,-0.0031,0.0197
484.97,114.340,0.1766,-0.0028,-0.0179,-0.0323,-0.0051,-0.0031,0.0197,3.0112,-12.549,-2.967,0.1766,293.639,656.34,0.00237469,0.1766,-0.0462,-20.320,-4.985,3.0118,-0.0031,0.0197
485.07,114.380,0.1766,-0.0427,-0.0479,-0.0332,-0.0052,-0.0031,0.0197,3.0102,-12.553,-2.967,0.1766,293.043,663.955,0.00209788,0.1766,-0.0462,-20.331,-5.032,3.0115,-0.0031,0.0197
485.17,114.400,0.1766,-0.0462,-0.0454,-0.5438,-0.0352,-0.0031,0.0197,3.0090,-12.558,-2.966,0.1714,292.443,671.631,0.00237469,0.1668,-0.1155,-20.343,-5.078,3.0103,-0.0031,0.0197
485.27,114.420,0.1669,-0.0617,-0.0759,-0.1917,-0.0307,-0.0032,0.0197,3.0072,-12.562,-2.966,0.1668,291.633,681.959,0.00237469,0.1668,-0.1155,-20.358,-5.141,3.0080,-0.0032,0.0197
485.37,114.460,0.1668,-0.1017,-0.1097,-0.0347,-0.0056,-0.0032,0.0196,3.0049,-12.566,-2.965,0.1667,291.633,681.959,0.00237469,0.1668,-0.1155,-20.358,-5.141,3.0080,-0.0032,0.0196
485.47,114.480,0.1668,-0.1155,-0.1190,-0.0350,-0.0058,-0.0033,0.0196,3.0018,-12.570,-2.965,0.1666,291.015,689.775,0.00209788,0.1668,-0.1155,-20.369,-5.188,3.0053,-0.0033,0.0196
485.57,114.500,0.1668,-0.1155,-0.1196,-0.1914,-0.0324,-0.0033,0.0196,2.9987,-12.575,-2.964,0.1616,290.382,697.649,0.00237469,0.1601,-0.1736,-20.381,-5.235,3.0017,-0.0033,0.0196
485.67,114.520,0.1601,-0.1310,-0.1493,-0.0357,-0.0061,-0.0034,0.0196,2.9949,-12.579,-2.963,0.1599,289.512,708.239,0.00237469,0.1601,-0.1736,-20.396,-5.297,2.9966,-0.0034,0.0196
485.77,114.560,0.1601,-0.1707,-0.1777,-0.0366,-0.0064,-0.0035,0.0196,2.9908,-12.583,-2.963,0.1598,289.512,708.239,0.00237469,0.1601,-0.1736,-20.396,-5.297,2.9966,-0.0035,0.0196
485.87,114.580,0.1601,-0.1736,-0.1772,-0.0367,-0.0066,-0.0036,0.0196,2.9868,-12.586,-2.962,0.1597,288.837,716.25,0.00209788,0.1601,-0.1736,-20.408,-5.345,2.9917,-0.0035,0.0196
485.97,114.600,0.1601,-0.1736,-0.1768,-0.0368,-0.0067,-0.0036,0.0196,2.9825,-12.590,-2.962,0.1556,288.139,724.317,0.00237469,0.1547,-0.2210,-20.420,-5.392,2.9863,-0.0036,0.0196
486.07,114.620,0.1547,-0.1891,-0.2067,-0.0375,-0.0071,-0.0037,0.0196,2.9775,-12.594,-2.961,0.1541,287.168,735.16,0.00237469,0.1547,-0.2210,-20.437,-5.455,2.9788,-0.0037,0.0196
486.17,114.640,0.1547,-0.2091,-0.2237,-0.0381,-0.0074,-0.0039,0.0195,2.9720,-12.598,-2.961,0.1539,287.168,735.16,0.00237469,0.1547,-0.2210,-20.437,-5.455,2.9788,-0.0038,0.0195
486.27,114.680,0.1547,-0.2210,-0.2228,-0.0383,-0.0077,-0.0040,0.0195,2.9662,-12.602,-2.960,0.1537,286.409,743.357,0.00209788,0.1547,-0.2210,-20.449,-5.502,2.9723,-0.0039,0.0195
486.37,114.700,0.1547,-0.2210,-0.2098,0.6950,0.0934,-0.0041,0.0195,2.9610,-12.605,-2.960,0.1609,285.619,751.609,0.00237469,0.1665,0.1016,-20.462,-5.549,2.9655,-0.0041,0.0195
486.47,114.720,0.1658,-0.2055,-0.1912,-0.0381,-0.0081,-0.0042,0.0195,2.9556,-12.610,-2.959,0.1649,284.518,762.696,0.00237469,0.1665,0.1016,-20.480,-5.612,2.9569,-0.0041,0.0195
486.57,114.760,0.1665,-0.1655,-0.1607,-0.0371,-0.0081,-0.0043,0.0194,2.9512,-12.614,-2.958,0.1648,284.518,762.696,0.00237469,0.1665,0.1016,-20.480,-5.612,2.9569,-0.0042,0.0194
486.67,114.780,0.1665,-0.1455,-0.1304,-0.0361,-0.0080,-0.0043,0.0194,2.9475,-12.618,-2.958,0.1646,283.66,771.074,0.00209788,0.1665,0.1016,-20.494,-5.660,2.9515,-0.0043,0.0194
486.77,114.800,0.1665,-0.1255,-0.1103,-0.0355,-0.0080,-0.0044,0.0194,2.9444,-12.622,-2.957,0.1675,282.779,779.509,0.00237469,0.1696,0.0745,-20.509,-5.707,2.9471,-0.0044,0.0194
486.87,114.840,0.1696,-0.0855,-0.0804,-0.0026,-0.1472,-0.0044,0.0194,2.9420,-12.627,-2.957,0.1675,281.576,790.845,0.00237469,0.1696,0.0745,-20.528,-5.770,2.9426,-0.0044,0.0194
486.97,114.860,0.1696,-0.0655,-0.0605,-0.0026,-0.1431,-0.0045,0.0194,2.9403,-12.631,-2.956,0.1681,280.658,799.417,0.00209788,0.1696,0.0745,-20.543,-5.818,2.9403,-0.0045,0.0194
487.07,114.880,0.1696,-0.0455,-0.0307,-0.0026,-0.1373,-0.0045,0.0194,2.9393,-12.635,-2.955,0.1688,280.658,799.417,0.00209788,0.1696,0.0745,-20.543,-5.818,2.9403,-0.0045,0.0194
487.17,114.900,0.1696,-0.0255,-0.0109,-0.0026,-0.1338,-0.0045,0.0194,2.9389,-12.639,-2.955,0.1742,279.732,808.05,0.00237469,0.1744,0.0320,-20.558,-5.865,2.9390,-0.0045,0.0194
487.27,114.940,0.1744,0.0145,0.0188,-0.0307,-0.0071,-0.0045,0.0194,2.9391,-12.643,-2.954,0.1743,278.491,819.661,0.00237469,0.1744,0.0320,-20.578,-5.929,2.9386,-0.0045,0.0194
487.37,114.960,0.1744,0.0317,0.0317,-0.0302,-0.0070,-0.0045,0.0194,2.9398,-12.647,-2.953,0.1744,278.491,819.661,0.00237469,0.1744,0.0320,-20.578,-5.929,2.9386,-0.0045,0.0194
487.47,114.980,0.1744,0.0320,0.0317,-0.0302,-0.0070,-0.0045,0.0194,2.9406,-12.652,-2.952,0.1744,277.561,828.445,0.00209788,0.1744,0.0320,-20.593,-5.977,2.9393,-0.0045,0.0194
487.57,115.000,0.1744,0.0320,0.0218,-0.0306,-0.0070,-0.0045,0.0194,2.9412,-12.656,-2.951,0.1750,276.635,837.297,0.00237469,0.1750,-0.0266,-20.608,-6.024,2.9403,-0.0045,0.0194
487.67,115.020,0.1750,0.0165,0.0020,-0.0313,-0.0072,-0.0044,0.0194,2.9414,-12.660,-2.950,0.1750,275.408,849.206,0.00237469,0.1750,-0.0266,-20.628,-6.088,2.9414,-0.0044,0.0194
487.77,115.060,0.1750,-0.0233,-0.0264,-0.0324,-0.0074,-0.0045,0.0194,2.9410,-12.664,-2.949,0.1749,275.408,849.206,0.00237469,0.1750,-0.0266,-20.628,-6.088,2.9414,-0.0045,0.0194
487.87,115.080,0.1750,-0.0266,-0.0264,-0.0324,-0.0075,-0.0045,0.0194,2.9404,-12.668,-2.949,0.1749,274.491,858.217,0.00209788,0.1750,-0.0266,-20.643,-6.137,2.9411,-0.0045,0.0194
487.97,115.100,0.1750,-0.0266,-0.0263,-0.0324,-0.0075,-0.0045,0.0194,2.9397,-12.672,-2.948,0.1702,273.572,867.294,0.00237469,0.1677,-0.0905,-20.658,-6.185,2.9404,-0.0045,0.0194
488.07,115.120,0.1677,-0.0421,-0.0560,-0.0334,-0.0078,-0.0045,0.0194,2.9384,-12.677,-2.947,0.1679,272.342,879.5,0.00237469,0.1677,-0.0905,-20.679,-6.249,2.9390,-0.0045,0.0194
488.17,115.160,0.1677,-0.0821,-0.0856,-0.0345,-0.0081,-0.0045,0.0194,2.9366,-12.681,-2.946,0.1678,272.342,879.5,0.00237469,0.1677,-0.0905,-20.679,-6.249,2.9390,-0.0045,0.0194
488.27,115.180,0.1677,-0.0905,-0.0893,-0.0347,-0.0082,-0.0046,0.0194,2.9343,-12.685,-2.945,0.1677,271.413,888.731,0.00209788,0.1677,-0.0905,-20.694,-6.298,2.9369,-0.0046,0.0194
488.37,115.200,0.1677,-0.0905,-0.0965,-0.2211,-0.0528,-0.0046,0.0194,2.9321,-12.689,-2.944,0.1637,270.474,898.025,0.00237469,0.1633,-0.1459,-20.709,-6.346,2.9342,-0.0046,0.0194
488.47,115.220,0.1633,-0.1060,-0.1186,-0.0357,-0.0086,-0.0047,0.0193,2.9291,-12.693,-2.943,0.1632,269.203,910.515,0.00237469,0.1633,-0.1459,-20.730,-6.411,2.9302,-0.0047,0.0194
488.57,115.240,0.1633,-0.1260,-0.1380,-0.0365,-0.0089,-0.0047,0.0193,2.9261,-12.697,-2.943,0.1631,269.203,910.515,0.00237469,0.1633,-0.1459,-20.730,-6.411,2.9302,-0.0047,0.0193
488.67,115.280,0.1633,-0.1459,-0.1429,-0.0367,-0.0092,-0.0048,0.0193,2.9231,-12.700,-2.942,0.1630,268.233,919.955,0.00209788,0.1633,-0.1459,-20.745,-6.460,2.9263,-0.0048,0.0193
488.77,115.300,0.1633,-0.1459,-0.1427,-0.0368,-0.0093,-0.0049,0.0193,2.9199,-12.704,-2.941,0.1613,267.246,929.456,0.00237469,0.1580,-0.1921,-20.761,-6.508,2.9219,-0.0049,0.0193
488.87,115.320,0.1580,-0.1614,-0.1617,-0.0369,-0.0094,-0.0049,0.0193,2.9158,-12.708,-2.940,0.1577,267.246,929.456,0.00237469,0.1580,-0.1921,-20.761,-6.508,2.9219,-0.0049,0.0193
488.97,115.340,0.1580,-0.1814,-0.1869,-0.0384,-0.0101,-0.0050,0.0193,2.9111,-12.712,-2.939,0.1575,265.9,942.217,0.00237469,0.1580,-0.1921,-20.782,-6.574,2.9158,-0.0050,0.0193
489.07,115.380,0.1580,-0.1921,-0.1862,-0.0385,-0.0103,-0.0051,0.0192,2.9062,-12.716,-2.938,0.1573,264.866,951.856,0.00209788,0.1580,-0.1921,-20.798,-6.622,2.9104,-0.0051,0.0192
489.17,115.400,0.1580,-0.1921,-0.1858,-0.0385,-0.0105,-0.0052,0.0192,2.9019,-12.719,-2.938,0.1601,263.808,961.553,0.00237469,0.1688,0.0979,-20.815,-6.671,2.9047,-0.0052,0.0192
489.27,115.420,0.1684,-0.1766,-0.1562,-0.0379,-0.0105,-0.0053,0.0192,2.8974,-12.724,-2.937,0.1672,263.808,961.553,0.00237469,0.1688,0.0979,-20.815,-6.671,2.9047,-0.0053,0.0192
489.37,115.440,0.1688,-0.1566,-0.1367,-0.0371,-0.0104,-0.0054,0.0192,2.8941,-12.727,-2.936,0.1671,262.36,974.57,0.00237469,0.1688,0.0979,-20.837,-6.736,2.8975,-0.0053,0.0192
489.47,115.460,0.1688,-0.1366,-0.1173,-0.0362,-0.0102,-0.0054,0.0192,2.8914,-12.731,-2.935,0.1670,261.25,984.4,0.00209788,0.1688,0.0979,-20.855,-6.785,2.8932,-0.0054,0.0192
489.57,115.480,0.1688,-0.1166,-0.0979,-0.0354,-0.0101,-0.0055,0.0191,2.8891,-12.735,-2.934,0.1669,261.25,984.4,0.00209788,0.1688,0.0979,-20.855,-6.785,2.8932,-0.0054,0.0191
489.67,115.500,0.1688,-0.0966,-0.0784,-0.0349,-0.0100,-0.0055,0.0191,2.8875,-12.738,-2.934,0.1700,260.123,994.29,0.00237469,0.1721,0.0687,-20.873,-6.834,2.8897,-0.0055,0.0191
489.77,115.540,0.1721,-0.0566,-0.0497,0.0013,-0.1314,-0.0055,0.0191,2.8862,-12.742,-2.933,0.1706,258.601,1007.57,0.00237469,0.1721,0.0687,-20.896,-6.899,2.8865,-0.0055,0.0191
489.87,115.560,0.1721,-0.0366,-0.0306,0.0011,-0.1276,-0.0055,0.0191,2.8853,-12.746,-2.932,0.1714,257.451,1017.61,0.00209788,0.1721,0.0687,-20.915,-6.948,2.8852,-0.0055,0.0191
489.97,115.580,0.1721,-0.0166,-0.0020,0.0006,-0.1222,-0.0055,0.0191,2.8850,-12.750,-2.931,0.1720,257.451,1017.61,0.00209788,0.1721,0.0687,-20.915,-6.948,2.8852,-0.0055,0.0191
490.07,115.600,0.1721,0.0034,0.0170,0.0576,0.0167,-0.0055,0.0191,2.8852,-12.753,-2.930,0.1768,256.298,1027.72,0.00237469,0.1772,0.0247,-20.933,-6.997,2.8847,-0.0055,0.0191
490.17,115.620,0.1772,0.0228,0.0234,-0.0311,-0.0090,-0.0055,0.0191,2.8858,-12.758,-2.929,0.1768,254.763,1041.31,0.00237469,0.1772,0.0247,-20.957,-7.063,2.8853,-0.0055,0.0191
490.27,115.660,0.1772,0.0247,0.0210,-0.0299,-0.0086,-0.0055,0.0191,2.8864,-12.762,-2.928,0.1763,254.763,1041.31,0.00237469,0.1772,0.0247,-20.957,-7.063,2.8853,-0.0055,0.0191
490.37,115.680,0.1772,0.0247,0.0210,-0.0298,-0.0086,-0.0055,0.0191,2.8869,-12.767,-2.927,0.1764,253.616,1051.59,0.00209788,0.1772,0.0247,-20.976,-7.112,2.8861,-0.0055,0.0191
490.47,115.700,0.1772,0.0247,0.0210,-0.0297,-0.0085,-0.0055,0.0191,2.8872,-12.769,-2.926,0.1729,252.475,1061.94,0.00237469,0.0000,0.0000,-20.994,-7.161,2.8868,-0.0055,0.0191
493.05,116.260,0.0444,0.1445,0.1035,0.6758,0.1987,-0.0042,0.0195,2.9530,-12.788,-2.917,0.0418,3.72488,4.35744,0.00237469,0.1559,-0.2401,-17.183,-9.560,2.9493,-0.0042,0.0195
493.15,116.280,0.0604,0.1245,0.0798,0.6867,0.1997,-0.0042,0.0195,2.9551,-12.789,-2.916,0.0607,3.73088,4.4174,0.00209788,0.1559,-0.2401,-17.194,-9.610,2.9531,-0.0042,0.0195
493.25,116.300,0.0764,0.1045,0.0594,0.9015,-0.0064,-0.0042,0.0195,2.9567,-12.791,-2.916,0.0828,3.73688,4.47896,0.00237469,0.1625,-0.1836,-17.205,-9.660,2.9557,-0.0042,0.0195
493.35,116.320,0.0924,0.0845,0.0537,1.0075,0.1091,-0.0041,0.0195,2.9581,-12.794,-2.916,0.1088,3.74492,4.56353,0.00237469,0.1625,-0.1836,-17.221,-9.726,2.9580,-0.0041,0.0195
493.45,116.360,0.1244,0.0445,0.0329,0.7485,-0.0873,-0.0041,0.0195,2.9591,-12.797,-2.916,0.1308,3.74492,4.56353,0.00237469,0.1625,-0.1836,-17.221,-9.726,2.9580,-0.0041,0.0195
493.55,116.380,0.1404,0.0245,0.0088,0.8183,-0.1185,-0.0041,0.0195,2.9596,-12.800,-2.915,0.1532,3.751,4.62887,0.00209788,0.1625,-0.1836,-17.234,-9.776,2.9592,-0.0041,0.0195
493.65,116.400,0.1564,0.0045,-0.0053,-0.7495,-0.0469,-0.0041,0.0195,2.9596,-12.804,-2.914,0.1492,3.75713,4.69586,0.00237469,0.1469,-0.3000,-17.247,-9.826,2.9599,-0.0041,0.0195
493.75,116.440,0.1469,-0.0355,-0.0318,-0.0325,-0.0068,-0.0041,0.0195,2.9589,-12.808,-2.914,0.1470,3.76542,4.78781,0.00237469,0.1469,-0.3000,-17.266,-9.893,2.9596,-0.0041,0.0195
493.85,116.460,0.1469,-0.0555,-0.0477,-0.0329,-0.0070,-0.0041,0.0195,2.9578,-12.812,-2.913,0.1470,3.77175,4.85877,0.00209788,0.1469,-0.3000,-17.279,-9.942,2.9585,-0.0041,0.0195
493.95,116.480,0.1469,-0.0755,-0.0714,-0.0337,-0.0072,-0.0042,0.0195,2.9563,-12.815,-2.912,0.1469,3.77175,4.85877,0.00209788,0.1469,-0.3000,-17.279,-9.942,2.9585,-0.0042,0.0195
494.05,116.500,0.1469,-0.0955,-0.0839,-0.7159,-0.1022,-0.0042,0.0195,2.9546,-12.818,-2.912,0.1380,3.7782,4.93145,0.00237469,0.1327,-0.3000,-17.293,-9.992,2.9567,-0.0042,0.0195
494.15,116.520,0.1348,-0.1155,-0.1030,-0.0343,-0.0074,-0.0042,0.0195,2.9525,-12.821,-2.911,0.1331,3.78702,5.03109,0.00237469,0.1327,-0.3000,-17.311,-10.059,2.9532,-0.0042,0.0195
494.25,116.540,0.1327,-0.1355,-0.1187,-0.0348,-0.0076,-0.0043,0.0194,2.9496,-12.824,-2.910,0.1330,3.78702,5.03109,0.00237469,0.1327,-0.3000,-17.311,-10.059,2.9532,-0.0043,0.0194
494.35,116.580,0.1327,-0.1755,-0.1421,-0.0355,-0.0079,-0.0044,0.0194,2.9464,-12.827,-2.910,0.1329,3.79382,5.10789,0.00209788,0.1327,-0.3000,-17.325,-10.109,2.9498,-0.0043,0.0194
494.45,116.600,0.1327,-0.1955,-0.1577,-0.0359,-0.0081,-0.0044,0.0194,2.9424,-12.831,-2.909,0.1267,3.80083,5.18648,0.00237469,0.1203,-0.3000,-17.339,-10.159,2.9456,-0.0044,0.0194
494.55,116.620,0.1213,-0.2155,-0.1809,-0.0362,-0.0083,-0.0045,0.0194,2.9378,-12.834,-2.908,0.1208,3.81052,5.29407,0.00237469,0.1203,-0.3000,-17.357,-10.226,2.9390,-0.0045,0.0194
494.65,116.660,0.1203,-0.2555,-0.2039,-0.0369,-0.0087,-0.0046,0.0194,2.9330,-12.837,-2.908,0.1206,3.81052,5.29407,0.00237469,0.1203,-0.3000,-17.357,-10.226,2.9390,-0.0046,0.0194
494.75,116.680,0.1203,-0.2755,-0.2191,-0.0374,-0.0090,-0.0047,0.0193,2.9276,-12.840,-2.907,0.1205,3.81809,5.3769,0.00209788,0.1203,-0.3000,-17.371,-10.276,2.9332,-0.0047,0.0193
494.85,116.700,0.1203,-0.2955,-0.2328,-0.7708,-0.1403,-0.0048,0.0193,2.9221,-12.842,-2.906,0.1137,3.82594,5.46156,0.00237469,0.1087,-0.3000,-17.386,-10.325,2.9267,-0.0048,0.0193
494.95,116.720,0.1093,-0.3000,-0.2334,-0.0373,-0.0094,-0.0049,0.0193,2.9170,-12.845,-2.906,0.1091,3.82594,5.46156,0.00237469,0.1087,-0.3000,-17.386,-10.325,2.9267,-0.0049,0.0193
495.05,116.740,0.1087,-0.3000,-0.2328,-0.0374,-0.0096,-0.0050,0.0193,2.9109,-12.847,-2.905,0.1090,3.83692,5.57731,0.00237469,0.1087,-0.3000,-17.405,-10.392,2.9173,-0.0050,0.0193
495.15,116.760,0.1087,-0.3000,-0.2323,-0.0374,-0.0098,-0.0051,0.0192,2.9058,-12.850,-2.905,0.1088,3.84555,5.6663,0.00209788,0.1087,-0.3000,-17.420,-10.442,2.9102,-0.0051,0.0192
495.25,116.800,0.1087,-0.3000,-0.2315,-0.0375,-0.0101,-0.0052,0.0192,2.9002,-12.852,-2.904,0.1065,3.85454,5.75717,0.00237469,0.1001,-0.3000,-17.435,-10.492,2.9032,-0.0052,0.0192
495.35,116.820,0.1001,-0.3000,-0.2310,-0.0370,-0.0102,-0.0053,0.0192,2.8949,-12.855,-2.903,0.1004,3.85454,5.75717,0.00237469,0.1001,-0.3000,-17.435,-10.492,2.9032,-0.0053,0.0192
495.45,116.840,0.1001,-0.3000,-0.2304,-0.0371,-0.0104,-0.0054,0.0191,2.8901,-12.857,-2.903,0.1003,3.8671,5.8813,0.00237469,0.1001,-0.3000,-17.456,-10.558,2.8939,-0.0054,0.0192
495.55,116.860,0.1001,-0.3000,-0.2296,-0.0371,-0.0107,-0.0055,0.0191,2.8846,-12.859,-2.902,0.1001,3.87696,5.97665,0.00209788,0.1001,-0.3000,-17.472,-10.608,2.8870,-0.0055,0.0191
495.65,116.880,0.1001,-0.3000,-0.2291,-0.0372,-0.0108,-0.0057,0.0191,2.8786,-12.861,-2.901,0.1000,3.87696,5.97665,0.00209788,0.1001,-0.3000,-17.472,-10.608,2.8870,-0.0056,0.0191
495.75,116.920,0.0921,-0.3000,-0.2283,-0.0367,-0.0110,-0.0058,0.0191,2.8729,-12.864,-2.901,0.0924,3.88722,6.07395,0.00237469,0.0921,-0.3000,-17.488,-10.658,2.8801,-0.0058,0.0191
495.85,116.940,0.0921,-0.3000,-0.2278,-0.0367,-0.0112,-0.0059,0.0190,2.8672,-12.866,-2.900,0.0923,3.90154,6.20674,0.00237469,0.0921,-0.3000,-17.510,-10.724,2.8709,-0.0058,0.0190
495.95,116.960,0.0921,-0.3000,-0.2270,-0.0368,-0.0115,-0.0060,0.0190,2.8615,-12.868,-2.900,0.0921,3.91278,6.30866,0.00209788,0.0921,-0.3000,-17.527,-10.774,2.8641,-0.0060,0.0190
496.05,116.980,0.0921,-0.3000,-0.2265,-0.0368,-0.0117,-0.0061,0.0190,2.8568,-12.870,-2.899,0.0920,3.91278,6.30866,0.00209788,0.0921,-0.3000,-17.527,-10.774,2.8641,-0.0061,0.0190
496.15,117.000,0.0921,-0.3000,-0.2248,-0.7433,-0.1879,-0.0062,0.0189,2.8516,-12.872,-2.898,0.0805,3.92446,6.4126,0.00237469,0.0000,-0.3000,-17.544,-10.823,2.8573,-0.0061,0.0189
496.25,117.040,0.0637,-0.3000,-0.2205,-0.7383,-0.1916,-0.0063,0.0189,2.8458,-12.874,-2.898,0.0624,3.94075,6.55434,0.00237469,0.0000,-0.3000,-17.567,-10.889,2.8483,-0.0063,0.0189
496.35,117.060,0.0477,-0.3000,-0.2176,-0.7348,-0.1940,-0.0064,0.0189,2.8406,-12.875,-2.897,0.0464,3.95351,6.66304,0.00209788,0.0000,-0.3000,-17.584,-10.939,2.8417,-0.0064,0.0189
496.45,117.080,0.0317,-0.3000,-0.2132,-0.7294,-0.1973,-0.0065,0.0188,2.8352,-12.876,-2.897,0.0315,3.95351,6.66304,0.00209788,0.0000,-0.3000,-17.584,-10.939,2.8417,-0.0065,0.0188
496.55,117.100,0.0157,-0.3000,-0.2102,-0.7256,-0.1993,-0.0066,0.0188,2.8301,-12.876,-2.896,0.0222,3.96677,6.77383,0.00237469,0.0000,-0.3000,-17.601,-10.989,2.8352,-0.0066,0.0188
496.65,117.120,0.0009,-0.3000,-0.2230,-0.0304,-0.0107,-0.0067,0.0188,2.8248,-12.876,-2.896,0.0218,3.98522,6.92481,0.00237469,0.0000,-0.3000,-17.622,-11.055,2.8267,-0.0066,0.0188
496.75,117.160,-0.0000,-0.3000,-0.2222,-0.0304,-0.0109,-0.0068,0.0187,2.8201,-12.876,-2.895,0.0218,3.98522,6.92481,0.00237469,0.0000,-0.3000,-17.622,-11.055,2.8267,-0.0068,0.0187
496.85,117.180,-0.0000,-0.3000,-0.2217,-0.0303,-0.0110,-0.0069,0.0187,2.8153,-12.876,-2.895,0.0218,3.99966,7.04051,0.00209788,0.0000,-0.3000,-17.638,-11.105,2.8200,-0.0068,0.0187
496.95,117.200,-0.0000,-0.3000,-0.2212,-0.0303,-0.0112,-0.0069,0.0187,2.8104,-12.876,-2.894,0.0218,4.01466,7.15835,0.00237469,0.0000,-0.3000,-17.655,-11.155,2.8134,-0.0069,0.0187
497.05,117.220,0.0000,-0.3000,-0.2205,-0.0302,-0.0114,-0.0071,0.0186,2.8046,-12.876,-2.894,0.0218,4.01466,7.15835,0.00237469,0.0000,-0.3000,-17.655,-11.155,2.8134,-0.0071,0.0186
497.15,117.240,-0.0000,-0.3000,-0.2200,-0.0301,-0.0115,-0.0071,0.0186,2.7996,-12.876,-2.893,0.0218,4.03554,7.31881,0.00237469,0.0000,-0.3000,-17.678,-11.222,2.8045,-0.0071,0.0186
497.25,117.260,0.0000,-0.3000,-0.2195,-0.0301,-0.0116,-0.0073,0.0185,2.7937,-12.876,-2.893,0.0218,4.05189,7.44168,0.00209788,0.0000,-0.3000,-17.696,-11.271,2.7979,-0.0072,0.0186
497.35,117.300,0.0000,-0.3000,-0.2187,-0.0300,-0.0118,-0.0073,0.0185,2.7886,-12.876,-2.892,0.0218,4.06886,7.56673,0.00237469,0.0000,-0.3000,-17.714,-11.321,2.7913,-0.0073,0.0185
497.45,117.320,0.0000,-0.3000,-0.2182,-0.0299,-0.0120,-0.0075,0.0185,2.7829,-12.876,-2.892,0.0218,4.06886,7.56673,0.00237469,0.0000,-0.3000,-17.714,-11.321,2.7913,-0.0074,0.0185
497.55,117.340,0.0000,-0.3000,-0.2175,-0.0299,-0.0122,-0.0076,0.0184,2.7773,-12.876,-2.891,0.0218,4.09246,7.7369,0.00237469,0.0000,-0.3000,-17.738,-11.387,2.7826,-0.0075,0.0184
497.65,117.380,0.0000,-0.3000,-0.2168,-0.0298,-0.0124,-0.0077,0.0184,2.7719,-12.876,-2.890,0.0218,4.11094,7.8671,0.00209788,0.0000,-0.3000,-17.757,-11.437,2.7760,-0.0077,0.0184
497.75,117.400,0.0000,-0.3000,-0.2163,-0.0297,-0.0125,-0.0078,0.0183,2.7664,-12.876,-2.890,0.0218,4.13009,7.99954,0.00237469,0.0000,-0.3000,-17.776,-11.486,2.7695,-0.0077,0.0183
497.85,117.420,0.0000,-0.3000,-0.2158,-0.0297,-0.0126,-0.0079,0.0183,2.7613,-12.876,-2.889,0.0218,4.13009,7.99954,0.00237469,0.0000,-0.3000,-17.776,-11.486,2.7695,-0.0078,0.0183
497.95,117.440,0.0000,-0.3000,-0.2151,-0.0296,-0.0128,-0.0080,0.0182,2.7557,-12.876,-2.889,0.0218,4.15673,8.17963,0.00237469,0.0000,-0.3000,-17.802,-11.552,2.7609,-0.0079,0.0183
498.05,117.460,0.0000,-0.3000,-0.2146,-0.0295,-0.0129,-0.0080,0.0182,2.7507,-12.876,-2.888,0.0218,4.17756,8.31733,0.00209788,0.0000,-0.3000,-17.822,-11.601,2.7544,-0.0080,0.0182
498.15,117.500,0.0000,-0.3000,-0.2139,-0.0295,-0.0131,-0.0081,0.0182,2.7458,-12.876,-2.888,0.0218,4.19915,8.45732,0.00237469,0.0000,-0.3000,-17.842,-11.650,2.7480,-0.0081,0.0182
498.25,117.520,0.0000,-0.3000,-0.2134,-0.0339,-0.0034,-0.0082,0.0181,2.7411,-12.876,-2.887,0.0216,4.19915,8.45732,0.00237469,0.0000,-0.3000,-17.842,-11.650,2.7480,-0.0082,0.0181
498.35,117.540,0.0000,-0.3000,-0.2129,-0.0339,-0.0035,-0.0083,0.0181,2.7358,-12.876,-2.887,0.0213,4.22916,8.64753,0.00237469,0.0000,-0.3000,-17.869,-11.716,2.7395,-0.0083,0.0181
498.45,117.560,0.0000,-0.3000,-0.2122,-0.0339,-0.0037,-0.0084,0.0180,2.7309,-12.876,-2.886,0.0210,4.25261,8.79289,0.00209788,0.0000,-0.3000,-17.890,-11.765,2.7331,-0.0084,0.0180
498.55,117.580,0.0000,-0.3000,-0.2118,-0.0339,-0.0038,-0.0085,0.0180,2.7260,-12.876,-2.886,0.0208,4.25261,8.79289,0.00209788,0.0000,-0.3000,-17.890,-11.765,2.7331,-0.0085,0.0180
498.65,117.600,0.0000,-0.3000,-0.2113,-0.0339,-0.0039,-0.0086,0.0180,2.7211,-12.876,-2.885,0.0205,4.2769,8.94056,0.00237469,0.0000,-0.3000,-17.911,-11.814,2.7267,-0.0086,0.0180
498.75,117.640,0.0000,-0.3000,-0.2106,-0.0338,-0.0041,-0.0087,0.0179,2.7159,-12.876,-2.885,0.0203,4.31064,9.14109,0.00237469,0.0000,-0.3000,-17.940,-11.879,2.7182,-0.0087,0.0179
498.85,117.660,0.0000,-0.3000,-0.2101,-0.0338,-0.0042,-0.0088,0.0179,2.7104,-12.876,-2.884,0.0200,4.33699,9.29422,0.00209788,0.0000,-0.3000,-17.962,-11.927,2.7119,-0.0087,0.0179
498.95,117.680,0.0000,-0.3000,-0.2094,-0.0338,-0.0044,-0.0089,0.0178,2.7050,-12.876,-2.884,0.0197,4.33699,9.29422,0.00209788,0.0000,-0.3000,-17.962,-11.927,2.7119,-0.0089,0.0178
499.05,117.700,0.0000,-0.3000,-0.2090,-0.0338,-0.0045,-0.0090,0.0178,2.7001,-12.876,-2.883,0.0194,4.36428,9.44972,0.00237469,0.0000,-0.3000,-17.985,-11.976,2.7056,-0.0089,0.0178
499.15,117.740,0.0000,-0.3000,-0.2083,-0.0338,-0.0047,-0.0091,0.0177,2.6945,-12.876,-2.883,0.0191,4.40215,9.66073,0.00237469,0.0000,-0.3000,-18.015,-12.041,2.6973,-0.0090,0.0177
499.25,117.760,0.0000,-0.3000,-0.2076,-0.0338,-0.0048,-0.0092,0.0177,2.6889,-12.876,-2.882,0.0188,4.4317,9.82177,0.00209788,0.0000,-0.3000,-18.038,-12.089,2.6910,-0.0091,0.0177
499.35,117.780,0.0000,-0.3000,-0.2071,-0.0338,-0.0050,-0.0092,0.0176,2.6837,-12.876,-2.882,0.0185,4.4317,9.82177,0.00209788,0.0000,-0.3000,-18.038,-12.089,2.6910,-0.0092,0.0176
499.45,117.800,0.0000,-0.3000,-0.2067,-0.0338,-0.0051,-0.0093,0.0176,2.6794,-12.876,-2.881,0.0183,4.46229,9.9852,0.00237469,0.0000,-0.3000,-18.061,-12.137,2.6848,-0.0093,0.0176
499.55,117.840,0.0000,-0.3000,-0.2060,-0.0338,-0.0052,-0.0094,0.0175,2.6746,-12.876,-2.881,0.0180,4.50472,10.2068,0.00237469,0.0000,-0.3000,-18.093,-12.201,2.6765,-0.0094,0.0175
499.65,117.860,0.0000,-0.3000,-0.2055,-0.0338,-0.0054,-0.0095,0.0175,2.6697,-12.876,-2.881,0.0178,4.50472,10.2068,0.00237469,0.0000,-0.3000,-18.093,-12.201,2.6765,-0.0095,0.0175
499.75,117.880,0.0000,-0.3000,-0.2048,-0.0337,-0.0055,-0.0096,0.0174,2.6644,-12.876,-2.880,0.0175,4.53781,10.3759,0.00209788,0.0000,-0.3000,-18.117,-12.249,2.6703,-0.0096,0.0174
499.85,117.900,0.0000,-0.3000,-0.2044,-0.0337,-0.0057,-0.0097,0.0174,2.6593,-12.876,-2.880,0.0172,4.57204,10.5474,0.00237469,0.0000,-0.3000,-18.142,-12.297,2.6642,-0.0097,0.0174
499.95,117.940,0.0000,-0.3000,-0.2037,-0.0337,-0.0058,-0.0098,0.0173,2.6537,-12.876,-2.879,0.0169,4.61948,10.7798,0.00237469,0.0000,-0.3000,-18.175,-12.361,2.6560,-0.0098,0.0173
500.05,117.960,0.0000,-0.3000,-0.2033,-0.0337,-0.0059,-0.0099,0.0173,2.6487,-12.876,-2.879,0.0166,4.65647,10.9569,0.00209788,0.0000,-0.3000,-18.200,-12.408,2.6499,-0.0098,0.0173
500.15,117.980,0.0000,-0.3000,-0.2026,-0.0337,-0.0061,-0.0099,0.0172,2.6434,-12.876,-2.878,0.0163,4.65647,10.9569,0.00209788,0.0000,-0.3000,-18.200,-12.408,2.6499,-0.0099,0.0172
500.25,118.000,0.0000,-0.3000,-0.2021,-0.0337,-0.0062,-0.0100,0.0172,2.6397,-12.876,-2.878,0.0161,4.69469,11.1365,0.00237469,0.0000,-0.3000,-18.226,-12.456,2.6438,-0.0100,0.0172
500.35,118.020,0.0000,-0.3000,-0.2017,-0.0337,-0.0063,-0.0101,0.0172,2.6353,-12.876,-2.878,0.0158,4.74765,11.3798,0.00237469,0.0000,-0.3000,-18.260,-12.519,2.6357,-0.0101,0.0172
500.45,118.040,0.0000,-0.3000,-0.2012,-0.0337,-0.0065,-0.0102,0.0171,2.6305,-12.876,-2.877,0.0156,4.74765,11.3798,0.00237469,0.0000,-0.3000,-18.260,-12.519,2.6357,-0.0101,0.0171
500.55,118.080,0.0000,-0.3000,-0.2006,-0.0336,-0.0066,-0.0103,0.0171,2.6253,-12.876,-2.877,0.0153,4.7889,11.5651,0.00209788,0.0000,-0.3000,-18.287,-12.566,2.6297,-0.0102,0.0171
500.65,118.100,0.0000,-0.3000,-0.2001,-0.0336,-0.0067,-0.0103,0.0170,2.6200,-12.876,-2.877,0.0149,4.83152,11.7529,0.00237469,0.0000,-0.3000,-18.313,-12.613,2.6237,-0.0103,0.0170
500.75,118.120,0.0000,-0.3000,-0.1995,-0.0336,-0.0069,-0.0104,0.0170,2.6153,-12.876,-2.876,0.0147,4.89051,12.0072,0.00237469,0.0000,-0.3000,-18.349,-12.676,2.6157,-0.0104,0.0170
500.85,118.140,0.0000,-0.3000,-0.1990,-0.0336,-0.0070,-0.0105,0.0169,2.6109,-12.876,-2.876,0.0144,4.89051,12.0072,0.00237469,0.0000,-0.3000,-18.349,-12.676,2.6157,-0.0105,0.0169
500.95,118.160,0.0000,-0.3000,-0.1986,-0.0336,-0.0071,-0.0106,0.0169,2.6063,-12.876,-2.876,0.0141,4.93643,12.2008,0.00209788,0.0000,-0.3000,-18.377,-12.723,2.6097,-0.0106,0.0169
501.05,118.200,0.0000,-0.3000,-0.1979,-0.0336,-0.0073,-0.0107,0.0168,2.6014,-12.876,-2.875,0.0138,4.98385,12.3968,0.00237469,0.0000,-0.3000,-18.404,-12.769,2.6038,-0.0107,0.0168
501.15,118.220,0.0000,-0.3000,-0.1975,-0.0336,-0.0074,-0.0107,0.0168,2.5964,-12.876,-2.875,0.0135,4.98385,12.3968,0.00237469,0.0000,-0.3000,-18.404,-12.769,2.6038,-0.0107,0.0168
501.25,118.240,0.0000,-0.3000,-0.1968,-0.0336,-0.0075,-0.0108,0.0167,2.5915,-12.876,-2.875,0.0132,5.04944,12.6621,0.00237469,0.0000,-0.3000,-18.441,-12.832,2.5958,-0.0108,0.0167
501.35,118.260,0.0000,-0.3000,-0.1964,-0.0336,-0.0076,-0.0109,0.0167,2.5868,-12.876,-2.874,0.0130,5.10047,12.8639,0.00209788,0.0000,-0.3000,-18.470,-12.878,2.5899,-0.0109,0.0167
501.45,118.300,0.0000,-0.3000,-0.1957,-0.0336,-0.0077,-0.0110,0.0166,2.5821,-12.876,-2.874,0.0127,5.15313,13.0683,0.00237469,0.0000,-0.3000,-18.498,-12.924,2.5840,-0.0110,0.0166
501.55,118.320,0.0000,-0.3000,-0.1953,-0.0336,-0.0078,-0.0111,0.0165,2.5772,-12.876,-2.874,0.0124,5.15313,13.0683,0.00237469,0.0000,-0.3000,-18.498,-12.924,2.5840,-0.0110,0.0166
501.65,118.340,0.0000,-0.3000,-0.1946,-0.0336,-0.0079,-0.0111,0.0165,2.5723,-12.876,-2.873,0.0121,5.22592,13.3446,0.00237469,0.0000,-0.3000,-18.537,-12.986,2.5762,-0.0111,0.0165
501.75,118.360,0.0000,-0.3000,-0.1942,-0.0336,-0.0079,-0.0112,0.0164,2.5676,-12.876,-2.873,0.0118,5.28251,13.5548,0.00209788,0.0000,-0.3000,-18.566,-13.032,2.5704,-0.0112,0.0165
501.85,118.400,0.0000,-0.3000,-0.1935,-0.0337,-0.0080,-0.0113,0.0164,2.5626,-12.877,-2.873,0.0114,5.34087,13.7675,0.00237469,0.0000,0.0000,-18.596,-13.078,2.5646,-0.0113,0.0164
501.95,118.420,0.0000,-0.2845,-0.1802,-0.0542,0.0214,-0.0114,0.0163,2.5584,-12.877,-2.872,0.0103,5.34087,13.7675,0.00237469,0.0000,0.0000,-18.596,-13.078,2.5646,-0.0114,0.0163
502.05,118.440,0.0000,-0.2645,-0.1670,-0.0530,0.0195,-0.0114,0.0163,2.5541,-12.877,-2.872,0.0091,5.42149,14.0549,0.00237469,0.0000,0.0000,-18.636,-13.138,2.5571,-0.0114,0.0163
502.15,118.440,0.0000,-0.2645,-0.1604,-0.0525,0.0186,-0.0115,0.0163,2.5535,-12.877,-2.872,0.0089,5.42149,14.0549,0.00237469,0.0000,0.0000,-18.636,-13.138,2.5571,-0.0114,0.0163
502.25,118.460,0.0000,-0.2445,-0.1473,-0.0514,0.0168,-0.0115,0.0162,2.5506,-12.877,-2.872,0.0081,5.48409,14.2735,0.00209788,0.0000,0.0000,-18.666,-13.184,2.5521,-0.0115,0.0163
502.35,118.480,0.0000,-0.2245,-0.1343,-0.0504,0.0152,-0.0116,0.0162,2.5474,-12.877,-2.872,0.0071,5.48409,14.2735,0.00209788,0.0000,0.0000,-18.666,-13.184,2.5521,-0.0115,0.0162
502.45,118.500,0.0000,-0.2045,-0.1213,0.5320,0.3184,-0.0116,0.0162,2.5446,-12.877,-2.872,0.0141,5.5485,14.4947,0.00237469,0.1089,0.3000,-18.696,-13.229,2.5477,-0.0116,0.0162
502.55,118.540,0.0284,-0.1645,-0.1025,0.7981,-0.0532,-0.0116,0.0161,2.5421,-12.877,-2.871,0.0297,5.63718,14.7939,0.00237469,0.1089,0.3000,-18.737,-13.290,2.5429,-0.0116,0.0161
502.65,118.560,0.0444,-0.1445,-0.0896,0.7975,-0.0533,-0.0117,0.0161,2.5397,-12.878,-2.871,0.0509,5.70577,15.0217,0.00209788,0.1089,0.3000,-18.769,-13.334,2.5399,-0.0117,0.0161
502.75,118.580,0.0604,-0.1245,-0.0699,0.7948,-0.0527,-0.0117,0.0161,2.5377,-12.879,-2.870,0.0723,5.70577,15.0217,0.00209788,0.1089,0.3000,-18.769,-13.334,2.5399,-0.0117,0.0161
502.85,118.600,0.0764,-0.1045,-0.0572,0.7944,-0.0521,-0.0117,0.0161,2.5364,-12.881,-2.869,0.0903,5.77611,15.2525,0.00237469,0.1064,0.3000,-18.802,-13.379,2.5376,-0.0117,0.0161
502.95,118.640,0.1061,-0.0645,-0.0381,-0.0061,-0.0504,-0.0118,0.0161,2.5352,-12.883,-2.868,0.1052,5.87257,15.565,0.00237469,0.1064,0.3000,-18.846,-13.437,2.5353,-0.0118,0.0161
503.05,118.660,0.1064,-0.0445,-0.0254,-0.0064,-0.0487,-0.0118,0.0161,2.5345,-12.885,-2.866,0.1057,5.87257,15.565,0.00237469,0.1064,0.3000,-18.846,-13.437,2.5353,-0.0118,0.0161
503.15,118.680,0.1064,-0.0245,-0.0127,-0.0065,-0.0471,-0.0118,0.0161,2.5341,-12.887,-2.865,0.1062,5.9469,15.8032,0.00209788,0.1064,0.3000,-18.880,-13.480,2.5343,-0.0118,0.0161
503.25,118.700,0.1064,-0.0045,0.0063,0.7544,0.0083,-0.0118,0.0161,2.5341,-12.889,-2.864,0.1142,6.02287,16.0448,0.00237469,0.1193,0.3000,-18.914,-13.524,2.5338,-0.0118,0.0161
503.35,118.720,0.1180,0.0155,0.0190,-0.0250,-0.0183,-0.0118,0.0161,2.5345,-12.892,-2.862,0.1190,6.12668,16.3725,0.00237469,0.1193,0.3000,-18.960,-13.582,2.5341,-0.0118,0.0161
503.45,118.760,0.1193,0.0555,0.0381,-0.0239,-0.0175,-0.0117,0.0161,2.5353,-12.894,-2.860,0.1190,6.12668,16.3725,0.00237469,0.1193,0.3000,-18.960,-13.582,2.5341,-0.0118,0.0161
503.55,118.780,0.1193,0.0755,0.0508,-0.0232,-0.0169,-0.0117,0.0161,2.5363,-12.896,-2.859,0.1191,6.20636,16.6225,0.00209788,0.1193,0.3000,-18.994,-13.625,2.5350,-0.0117,0.0161
503.65,118.800,0.1193,0.0955,0.0635,-0.0225,-0.0164,-0.0117,0.0161,2.5376,-12.898,-2.857,0.1216,6.28754,16.8764,0.00237469,0.1342,0.3000,-19.028,-13.668,2.5365,-0.0117,0.0161
503.75,118.820,0.1316,0.1155,0.0763,-0.0212,-0.0154,-0.0117,0.0161,2.5393,-12.901,-2.856,0.1319,6.28754,16.8764,0.00237469,0.1342,0.3000,-19.028,-13.668,2.5365,-0.0117,0.0161
503.85,118.840,0.1342,0.1355,0.0955,-0.0201,-0.0145,-0.0116,0.0161,2.5417,-12.904,-2.854,0.1320,6.39804,17.2212,0.00237469,0.1342,0.3000,-19.074,-13.726,2.5393,-0.0117,0.0161
503.95,118.860,0.1342,0.1555,0.1084,-0.0193,-0.0139,-0.0116,0.0162,2.5442,-12.906,-2.852,0.1322,6.48251,17.4846,0.00209788,0.1342,0.3000,-19.109,-13.769,2.5421,-0.0116,0.0162
504.05,118.900,0.1342,0.1955,0.1278,-0.0182,-0.0130,-0.0116,0.0162,2.5474,-12.909,-2.850,0.1344,6.56829,17.7525,0.00237469,0.1508,0.1435,-19.144,-13.813,2.5455,-0.0116,0.0162
504.15,118.920,0.1466,0.1845,0.1154,0.7922,-0.0275,-0.0115,0.0162,2.5501,-12.912,-2.848,0.1473,6.56829,17.7525,0.00237469,0.1508,0.1435,-19.144,-13.813,2.5455,-0.0115,0.0162
504.25,118.940,0.1508,0.1645,0.0962,-0.0068,-0.0317,-0.0115,0.0163,2.5528,-12.915,-2.846,0.1478,6.68456,18.1167,0.00237469,0.1508,0.1435,-19.190,-13.871,2.5504,-0.0115,0.0163
504.35,118.960,0.1508,0.1453,0.0921,-0.0198,-0.0139,-0.0114,0.0163,2.5552,-12.919,-2.844,0.1480,6.77318,18.3952,0.00209788,0.1508,0.1435,-19.224,-13.914,2.5535,-0.0114,0.0163
504.45,119.000,0.1508,0.1435,0.0923,-0.0199,-0.0139,-0.0114,0.0163,2.5571,-12.921,-2.843,0.1481,6.8631,18.6784,0.00237469,0.1632,-0.0262,-19.259,-13.958,2.5563,-0.0114,0.0163
504.55,119.020,0.1622,0.1280,0.0795,-0.0058,-0.0350,-0.0114,0.0163,2.5591,-12.924,-2.841,0.1606,6.8631,18.6784,0.00237469,0.1632,-0.0262,-19.259,-13.958,2.5563,-0.0114,0.0163
504.65,119.040,0.1632,0.1080,0.0667,-0.0054,-0.0378,-0.0113,0.0164,2.5608,-12.928,-2.838,0.1612,6.98505,19.0631,0.00237469,0.1632,-0.0262,-19.305,-14.017,2.5597,-0.0113,0.0164
504.75,119.060,0.1632,0.0880,0.0474,-0.0049,-0.0418,-0.0113,0.0164,2.5621,-12.931,-2.836,0.1617,7.0781,19.3569,0.00209788,0.1632,-0.0262,-19.339,-14.060,2.5617,-0.0113,0.0164
504.85,119.100,0.1632,0.0480,0.0282,-0.0038,-0.0456,-0.0113,0.0164,2.5631,-12.935,-2.834,0.1622,7.17262,19.6554,0.00237469,0.1455,-0.1936,-19.374,-14.104,2.5630,-0.0113,0.0164
504.95,119.120,0.1508,0.0280,0.0153,-0.8479,0.0168,-0.0113,0.0164,2.5635,-12.937,-2.832,0.1477,7.17262,19.6554,0.00237469,0.1455,-0.1936,-19.374,-14.104,2.5630,-0.0113,0.0164
505.05,119.140,0.1455,0.0080,0.0023,-0.0472,0.0146,-0.0113,0.0164,2.5637,-12.940,-2.831,0.1456,7.30109,20.0603,0.00237469,0.1455,-0.1936,-19.420,-14.163,2.5639,-0.0113,0.0164
505.15,119.160,0.1455,-0.0120,-0.0108,-0.0238,-0.0164,-0.0113,0.0164,2.5635,-12.943,-2.829,0.1456,7.30109,20.0603,0.00237469,0.1455,-0.1936,-19.420,-14.163,2.5639,-0.0113,0.0164
505.25,119.180,0.1455,-0.0320,-0.0257,-0.0570,-0.0393,-0.0113,0.0164,2.5630,-12.946,-2.827,0.1463,7.3994,20.3691,0.00209788,0.1455,-0.1936,-19.454,-14.207,2.5638,-0.0113,0.0164
505.35,119.200,0.1455,-0.0520,-0.0396,-0.7683,0.0342,-0.0113,0.0164,2.5621,-12.949,-2.825,0.1394,7.49952,20.6822,0.00237469,0.1289,-0.3000,-19.488,-14.252,2.5632,-0.0113,0.0164
505.45,119.220,0.1331,-0.0720,-0.0528,-0.0616,-0.0426,-0.0113,0.0164,2.5610,-12.951,-2.823,0.1324,7.636,21.1063,0.00237469,0.1289,-0.3000,-19.534,-14.311,2.5615,-0.0113,0.0164
505.55,119.260,0.1289,-0.1120,-0.0807,-0.0631,-0.0438,-0.0114,0.0163,2.5591,-12.954,-2.821,0.1314,7.636,21.1063,0.00237469,0.1289,-0.3000,-19.534,-14.311,2.5615,-0.0114,0.0163
505.65,119.280,0.1289,-0.1320,-0.0958,-0.0183,-0.0127,-0.0114,0.0163,2.5568,-12.957,-2.820,0.1315,7.74075,21.4293,0.00209788,0.1289,-0.3000,-19.567,-14.356,2.5595,-0.0114,0.0163
505.75,119.300,0.1289,-0.1520,-0.1097,-0.0192,-0.0135,-0.0114,0.0163,2.5547,-12.959,-2.818,0.1355,7.8477,21.7563,0.00237469,0.1474,-0.1057,-19.602,-14.400,2.5567,-0.0114,0.0163
505.85,119.320,0.1413,-0.1410,-0.0885,-0.0228,-0.0670,-0.0115,0.0163,2.5525,-12.962,-2.816,0.1471,7.8477,21.7563,0.00237469,0.1474,-0.1057,-19.602,-14.400,2.5567,-0.0115,0.0163
505.95,119.340,0.1474,-0.1210,-0.0744,-0.0233,-0.0639,-0.0115,0.0162,2.5505,-12.965,-2.814,0.1472,7.994,22.1983,0.00237469,0.1474,-0.1057,-19.647,-14.459,2.5526,-0.0115,0.0162
506.05,119.380,0.1474,-0.1057,-0.0738,-0.0254,-0.0311,-0.0115,0.0162,2.5486,-12.968,-2.812,0.1472,8.10654,22.5345,0.00209788,0.1474,-0.1057,-19.682,-14.504,2.5500,-0.0115,0.0162
506.15,119.400,0.1474,-0.1057,-0.0737,-0.0253,-0.0312,-0.0116,0.0162,2.5469,-12.971,-2.811,0.1463,8.22145,22.8747,0.00237469,0.1371,-0.2078,-19.717,-14.548,2.5478,-0.0116,0.0162
506.25,119.420,0.1373,-0.1212,-0.0736,-0.0686,-0.0490,-0.0116,0.0162,2.5451,-12.974,-2.809,0.1423,8.22145,22.8747,0.00237469,0.1371,-0.2078,-19.717,-14.548,2.5478,-0.0116,0.0162
506.35,119.440,0.1371,-0.1412,-0.1019,-0.0686,-0.0493,-0.0116,0.0162,2.5430,-12.977,-2.807,0.1413,8.37835,23.3348,0.00237469,0.1371,-0.2078,-19.764,-14.607,2.5449,-0.0116,0.0162
506.45,119.460,0.1371,-0.1612,-0.1206,-0.0692,-0.0500,-0.0117,0.0161,2.5404,-12.979,-2.805,0.1404,8.49888,23.6847,0.00209788,0.1371,-0.2078,-19.799,-14.651,2.5421,-0.0117,0.0161
506.55,119.480,0.1371,-0.1812,-0.1357,-0.0218,-0.0158,-0.0117,0.0161,2.5373,-12.982,-2.803,0.1404,8.49888,23.6847,0.00209788,0.1371,-0.2078,-19.799,-14.651,2.5421,-0.0117,0.0161
506.65,119.520,0.1269,-0.2212,-0.1404,-0.0676,-0.0495,-0.0118,0.0161,2.5341,-12.985,-2.801,0.1363,8.62203,24.0386,0.00237469,0.1267,-0.3000,-19.834,-14.695,2.5384,-0.0118,0.0161
506.75,119.540,0.1267,-0.2412,-0.1586,-0.0694,-0.0512,-0.0118,0.0160,2.5302,-12.988,-2.799,0.1352,8.79064,24.5165,0.00237469,0.1267,-0.3000,-19.881,-14.754,2.5328,-0.0118,0.0160
506.85,119.560,0.1267,-0.2612,-0.1859,-0.0720,-0.0537,-0.0119,0.0160,2.5258,-12.990,-2.797,0.1341,8.92057,24.8792,0.00209788,0.1267,-0.3000,-19.917,-14.798,2.5279,-0.0119,0.0160
506.95,119.580,0.1267,-0.2812,-0.2029,-0.0261,-0.0195,-0.0120,0.0159,2.5212,-12.993,-2.796,0.1334,8.92057,24.8792,0.00209788,0.1267,-0.3000,-19.917,-14.798,2.5279,-0.0120,0.0159
507.05,119.600,0.1267,-0.2993,-0.1942,-0.3599,-0.2093,-0.0121,0.0158,2.5163,-12.995,-2.794,0.1287,9.05369,25.2454,0.00237469,0.1174,-0.3000,-19.953,-14.842,2.5222,-0.0120,0.0159
507.15,119.640,0.1174,-0.3000,0.3282,0.0405,-0.2054,-0.0170,0.0159,2.5194,-12.997,-2.791,0.1118,9.23648,25.7388,0.00237469,0.1174,-0.3000,-20.000,-14.900,2.5156,-0.0156,0.0159
507.25,119.660,0.1174,-0.3000,0.3205,0.0371,-0.2246,-0.0220,0.0160,2.5272,-12.997,-2.789,0.1074,9.37667,26.114,0.00209788,0.1174,-0.3000,-20.036,-14.944,2.5219,-0.0204,0.0159
507.35,119.680,0.1174,-0.3000,0.3062,0.0268,-0.2430,-0.0245,0.0161,2.5352,-12.998,-2.786,0.1032,9.37667,26.114,0.00209788,0.1174,-0.3000,-20.036,-14.944,2.5219,-0.0242,0.0161
507.45,119.720,0.1050,-0.3000,0.2932,0.0163,-0.2488,-0.0238,0.0162,2.5430,-12.998,-2.783,0.0991,9.5177,26.4963,0.00237469,0.0895,-0.3000,-20.072,-14.988,2.5315,-0.0239,0.0162
507.55,119.740,0.0903,-0.3000,0.2861,0.0161,-0.2465,-0.0205,0.0162,2.5499,-12.999,-2.781,0.0953,9.70637,27.0179,0.00237469,0.0895,-0.3000,-20.118,-15.048,2.5441,-0.0214,0.0162
507.65,119.760,0.0895,-0.3000,0.2780,0.0135,-0.2320,-0.0142,0.0163,2.5569,-13.000,-2.779,0.0915,9.84834,27.4181,0.00209788,0.0895,-0.3000,-20.152,-15.093,2.5529,-0.0142,0.0163
507.75,119.780,0.0895,-0.3000,0.0617,-0.2027,0.6011,-0.0113,0.0164,2.5604,-13.000,-2.778,0.0266,9.84834,27.4181,0.00209788,0.0895,-0.3000,-20.152,-15.093,2.5529,-0.0113,0.0164
507.85,119.800,0.0895,-0.3000,0.0360,-0.4952,0.4614,-0.0113,0.0164,2.5614,-13.000,-2.777,0.0124,9.9908,27.8258,0.00237469,0.0768,-0.3000,-20.186,-15.139,2.5593,-0.0113,0.0164
507.95,119.820,0.0780,-0.3000,0.0152,-0.1792,0.5140,-0.0113,0.0164,2.5618,-13.000,-2.777,0.0044,10.1828,28.3797,0.00237469,0.0768,-0.3000,-20.230,-15.201,2.5617,-0.0113,0.0164
508.05,119.860,0.0768,-0.3000,0.0152,-0.0264,-0.0188,-0.0113,0.0164,2.5621,-13.000,-2.777,0.0044,10.1828,28.3797,0.00237469,0.0768,-0.3000,-20.230,-15.201,2.5617,-0.0113,0.0164
508.15,119.880,0.0768,-0.3000,0.0152,-0.0263,-0.0186,-0.0113,0.0164,2.5625,-13.000,-2.777,0.0044,10.3292,28.8018,0.00209788,0.0768,-0.3000,-20.263,-15.247,2.5620,-0.0113,0.0164
508.25,119.900,0.0768,-0.3000,-0.0003,-0.3995,0.1244,-0.0113,0.0164,2.5628,-13.000,-2.777,0.0000,10.4777,29.2295,0.00237469,0.0673,-0.3000,-20.296,-15.293,2.5623,-0.0113,0.0164
508.35,119.920,0.0674,-0.3000,-0.0026,-0.0265,-0.0186,-0.0113,0.0164,2.5627,-13.000,-2.777,0.0007,10.6793,29.8087,0.00237469,0.0673,-0.3000,-20.340,-15.355,2.5624,-0.0113,0.0164
508.45,119.940,0.0673,-0.3000,-0.0026,-0.0265,-0.0185,-0.0113,0.0164,2.5626,-13.000,-2.777,0.0007,10.6793,29.8087,0.00237469,0.0673,-0.3000,-20.340,-15.355,2.5624,-0.0113,0.0164
508.55,119.980,0.0673,-0.3000,-0.0026,-0.0265,-0.0185,-0.0113,0.0164,2.5626,-13.000,-2.777,0.0007,10.8332,30.2496,0.00209788,0.0673,-0.3000,-20.373,-15.402,2.5622,-0.0113,0.0164
508.65,120.000,0.0673,-0.3000,-0.0026,-0.0265,-0.0185,-0.0113,0.0164,2.5626,-13.000,-2.777,0.0016,10.9895,30.6962,0.00237469,0.0924,-0.3000,-20.406,-15.449,2.5621,-0.0113,0.0164
508.75,120.020,0.0797,-0.3000,0.0373,0.3256,-0.0889,-0.0113,0.0164,2.5632,-13.000,-2.777,0.0100,10.9895,30.6962,0.00237469,0.0924,-0.3000,-20.406,-15.449,2.5621,-0.0113,0.0164
508.85,120.040,0.0924,-0.3000,0.0431,0.0246,-0.1968,-0.0113,0.0164,2.5643,-13.000,-2.777,0.0125,2.3773,3.34624,0.00237468,0.0924,-0.3000,-18.938,-12.135,2.5625,-0.0113,0.0164
508.95,120.080,0.0924,-0.3000,0.0457,-0.0263,-0.0178,-0.0113,0.0164,2.5653,-13.001,-2.776,0.0132,2.39685,3.39124,0.00209788,0.0924,-0.3000,-18.955,-12.156,2.5636,-0.0113,0.0164
509.05,120.100,0.0924,-0.3000,0.0457,-0.0263,-0.0178,-0.0112,0.0164,2.5664,-13.001,-2.776,0.0113,2.41687,3.43742,0.00237468,0.0000,0.3000,-18.972,-12.178,2.5650,-0.0112,0.0164
509.15,120.120,0.0800,-0.2845,0.0235,-0.3074,0.1376,-0.0112,0.0164,2.5670,-13.001,-2.776,0.0042,2.41687,3.43742,0.00237468,0.0000,0.3000,-18.972,-12.178,2.5650,-0.0112,0.0164
509.25,120.140,0.0640,-0.2645,-0.0079,-0.2505,-0.0633,-0.0112,0.0164,2.5670,-13.001,-2.776,0.0023,2.44431,3.50087,0.00237469,0.0000,0.3000,-18.995,-12.207,2.5665,-0.0112,0.0164
509.35,120.160,0.0480,-0.2445,-0.0256,-0.2507,-0.0629,-0.0112,0.0164,2.5667,-13.001,-2.776,0.0070,2.46547,3.54989,0.00209788,0.0000,0.3000,-19.012,-12.229,2.5666,-0.0112,0.0164
509.45,120.180,0.0320,-0.2245,-0.0433,-0.2506,-0.0621,-0.0113,0.0164,2.5657,-13.000,-2.776,0.0125,2.46547,3.54989,0.00209788,0.0000,0.3000,-19.012,-12.229,2.5666,-0.0112,0.0164
509.55,120.220,0.0010,-0.1845,-0.0643,0.0632,0.0019,-0.0113,0.0164,2.5643,-13.000,-2.776,0.0166,2.48717,3.60012,0.00237469,0.0000,0.3000,-19.028,-12.252,2.5658,-0.0113,0.0164
509.65,120.240,-0.0000,-0.1645,-0.0571,0.0637,0.0012,-0.0113,0.0164,2.5628,-13.000,-2.776,0.0142,2.517,3.66896,0.00237469,0.0000,0.3000,-19.048,-12.282,2.5637,-0.0113,0.0164
509.75,120.260,-0.0000,-0.1445,-0.0464,0.0637,0.0005,-0.0113,0.0164,2.5615,-12.999,-2.776,0.0119,2.54008,3.722,0.00209788,0.0000,0.3000,-19.063,-12.305,2.5619,-0.0113,0.0164
509.85,120.280,-0.0000,-0.1245,-0.0392,0.0640,-0.0000,-0.0113,0.0164,2.5605,-12.999,-2.776,0.0096,2.54008,3.722,0.00209788,0.0000,0.3000,-19.063,-12.305,2.5619,-0.0113,0.0164
509.95,120.320,-0.0000,-0.0845,-0.0285,0.0638,-0.0005,-0.0114,0.0164,2.5597,-12.999,-2.777,0.0074,2.56379,3.77626,0.00237469,0.0000,0.3000,-19.078,-12.328,2.5605,-0.0114,0.0164
510.05,120.340,-0.0000,-0.0645,-0.0214,0.0641,-0.0008,-0.0114,0.0163,2.5591,-12.999,-2.777,0.0052,2.59637,3.85056,0.00237469,0.0000,0.3000,-19.098,-12.358,2.5592,-0.0114,0.0163
510.15,120.360,-0.0000,-0.0445,-0.0107,0.0641,-0.0010,-0.0114,0.0163,2.5587,-12.999,-2.777,0.0027,2.62153,3.9078,0.00209788,0.0000,0.3000,-19.113,-12.381,2.5586,-0.0114,0.0163
510.25,120.380,-0.0000,-0.0245,-0.0036,0.0642,-0.0011,-0.0114,0.0163,2.5586,-12.999,-2.777,0.0000,2.62153,3.9078,0.00209788,0.0000,0.3000,-19.113,-12.381,2.5586,-0.0114,0.0163
510.35,120.420,-0.0000,0.0155,0.0140,-0.0407,-0.0283,-0.0114,0.0163,2.5587,-12.999,-2.777,0.0003,2.64732,3.96636,0.00237469,0.0000,0.3000,-19.128,-12.403,2.5584,-0.0114,0.0163
510.45,120.440,-0.0000,0.0355,0.0281,-0.0407,-0.0283,-0.0114,0.0163,2.5594,-12.999,-2.777,0.0008,2.68265,4.04657,0.00237469,0.0000,0.3000,-19.147,-12.433,2.5587,-0.0114,0.0163
510.55,120.460,-0.0000,0.0555,0.0492,-0.0408,-0.0283,-0.0113,0.0164,2.5603,-12.999,-2.777,0.0012,2.70986,4.10838,0.00209788,0.0000,0.3000,-19.162,-12.456,2.5596,-0.0113,0.0164
510.65,120.480,-0.0000,0.0755,0.0633,-0.0409,-0.0283,-0.0113,0.0164,2.5616,-12.999,-2.777,0.0016,2.70986,4.10838,0.00209788,0.0000,0.3000,-19.162,-12.456,2.5596,-0.0113,0.0164
510.75,120.500,-0.0000,0.0955,0.0775,-0.0410,-0.0283,-0.0113,0.0164,2.5633,-12.999,-2.777,0.0020,2.73767,4.17165,0.00237469,0.0000,0.3000,-19.177,-12.478,2.5612,-0.0113,0.0164
510.85,120.520,-0.0000,0.1155,0.0917,-0.0412,-0.0283,-0.0113,0.0164,2.5654,-12.999,-2.777,0.0024,2.77561,4.25839,0.00237469,0.0000,0.3000,-19.196,-12.508,2.5643,-0.0113,0.0164
510.95,120.560,-0.0000,0.1555,0.1130,-0.0414,-0.0283,-0.0112,0.0164,2.5681,-12.999,-2.777,0.0029,2.77561,4.25839,0.00237469,0.0000,0.3000,-19.196,-12.508,2.5643,-0.0112,0.0164
511.05,120.580,-0.0000,0.1755,0.1273,-0.0416,-0.0283,-0.0112,0.0165,2.5712,-12.998,-2.777,0.0033,2.8047,4.32529,0.00209788,0.0000,0.3000,-19.211,-12.530,2.5674,-0.0112,0.0165
511.15,120.600,-0.0000,0.1955,0.1490,-0.0420,-0.0282,-0.0111,0.0165,2.5744,-12.998,-2.777,0.0037,2.8343,4.39385,0.00237469,0.0000,0.3000,-19.225,-12.553,2.5712,-0.0111,0.0165
511.25,120.620,-0.0000,0.2155,0.1635,-0.0423,-0.0282,-0.0111,0.0166,2.5778,-12.998,-2.777,0.0041,2.87452,4.48793,0.00237469,0.0000,0.3000,-19.244,-12.582,2.5771,-0.0111,0.0165
511.35,120.640,-0.0000,0.2355,0.1781,-0.0426,-0.0282,-0.0110,0.0166,2.5818,-12.998,-2.777,0.0046,2.87452,4.48793,0.00237469,0.0000,0.3000,-19.244,-12.582,2.5771,-0.0110,0.0166
511.45,120.680,-0.0000,0.2755,0.2001,-0.0430,-0.0282,-0.0109,0.0167,2.5868,-12.998,-2.777,0.0051,2.90519,4.56057,0.00209788,0.0000,0.3000,-19.258,-12.605,2.5824,-0.0109,0.0166
511.55,120.700,-0.0000,0.2955,0.2150,-0.0434,-0.0282,-0.0108,0.0167,2.5919,-12.998,-2.777,0.0054,2.93627,4.63508,0.00237469,0.0000,0.3000,-19.272,-12.627,2.5883,-0.0108,0.0167
511.65,120.720,-0.0000,0.3000,0.2158,-0.0284,-0.0182,-0.0107,0.0168,2.5975,-12.998,-2.777,0.0055,2.93627,4.63508,0.00237469,0.0000,0.3000,-19.272,-12.627,2.5883,-0.0107,0.0168
511.75,120.740,-0.0000,0.3000,0.2164,-0.0285,-0.0180,-0.0106,0.0168,2.6029,-12.998,-2.777,0.0055,2.97827,4.73744,0.00237469,0.0000,0.3000,-19.291,-12.657,2.5970,-0.0107,0.0168
511.85,120.780,-0.0000,0.3000,0.2173,-0.0286,-0.0179,-0.0105,0.0169,2.6085,-12.998,-2.777,0.0055,3.01015,4.81654,0.00209788,0.0000,0.3000,-19.304,-12.679,2.6036,-0.0106,0.0169
511.95,120.800,-0.0000,0.3000,0.2179,-0.0287,-0.0177,-0.0105,0.0169,2.6136,-12.997,-2.777,0.0056,3.04235,4.89769,0.00237469,0.0000,0.3000,-19.318,-12.702,2.6101,-0.0105,0.0169
512.05,120.820,-0.0000,0.3000,0.2184,-0.0288,-0.0176,-0.0104,0.0170,2.6181,-12.997,-2.777,0.0056,3.04235,4.89769,0.00237469,0.0000,0.3000,-19.318,-12.702,2.6101,-0.0104,0.0170
512.15,120.840,-0.0000,0.3000,0.2190,-0.0289,-0.0175,-0.0103,0.0170,2.6230,-12.997,-2.777,0.0056,3.08575,5.00914,0.00237469,0.0000,0.3000,-19.335,-12.732,2.6189,-0.0103,0.0170
512.25,120.860,-0.0000,0.3000,0.2199,-0.0290,-0.0173,-0.0102,0.0171,2.6282,-12.997,-2.777,0.0057,3.11863,5.09522,0.00209788,0.0000,0.3000,-19.348,-12.755,2.6255,-0.0102,0.0171
512.35,120.880,-0.0000,0.3000,0.2205,-0.0291,-0.0172,-0.0101,0.0171,2.6340,-12.997,-2.777,0.0057,3.11863,5.09522,0.00209788,0.0000,0.3000,-19.348,-12.755,2.6255,-0.0101,0.0171
512.45,120.920,-0.0000,0.3000,0.2214,-0.0292,-0.0170,-0.0100,0.0172,2.6390,-12.997,-2.777,0.0057,3.15179,5.1835,0.00237469,0.0000,0.3000,-19.361,-12.777,2.6321,-0.0100,0.0172
512.55,120.940,-0.0000,0.3000,0.2220,-0.0292,-0.0168,-0.0099,0.0173,2.6448,-12.997,-2.777,0.0058,3.1964,5.30468,0.00237469,0.0000,0.3000,-19.378,-12.807,2.6409,-0.0100,0.0172
512.65,120.960,-0.0000,0.3000,0.2228,-0.0294,-0.0167,-0.0098,0.0173,2.6506,-12.996,-2.777,0.0058,3.23014,5.39824,0.00209788,0.0000,0.3000,-19.390,-12.830,2.6476,-0.0098,0.0173
512.75,120.980,-0.0000,0.3000,0.2234,-0.0294,-0.0165,-0.0097,0.0174,2.6557,-12.996,-2.777,0.0059,3.23014,5.39824,0.00209788,0.0000,0.3000,-19.390,-12.830,2.6476,-0.0098,0.0173
512.85,121.020,-0.0000,0.3000,0.2243,-0.0296,-0.0163,-0.0096,0.0174,2.6609,-12.996,-2.777,0.0059,3.2641,5.49414,0.00237469,0.0000,0.3000,-19.402,-12.853,2.6543,-0.0096,0.0174
512.95,121.040,-0.0000,0.3000,0.2249,-0.0296,-0.0162,-0.0095,0.0175,2.6667,-12.996,-2.777,0.0059,3.3097,5.62572,0.00237469,0.0000,0.3000,-19.418,-12.883,2.6633,-0.0096,0.0175
513.05,121.060,-0.0000,0.3000,0.2258,-0.0297,-0.0160,-0.0094,0.0175,2.6724,-12.996,-2.777,0.0060,3.34411,5.72726,0.00209788,0.0000,0.3000,-19.430,-12.906,2.6700,-0.0094,0.0175
513.15,121.080,-0.0000,0.3000,0.2264,-0.0298,-0.0159,-0.0093,0.0176,2.6780,-12.996,-2.777,0.0060,3.34411,5.72726,0.00209788,0.0000,0.3000,-19.430,-12.906,2.6700,-0.0094,0.0176
513.25,121.120,0.0124,0.3000,0.2107,0.3958,0.2650,-0.0093,0.0176,2.6833,-12.996,-2.777,0.0042,3.3787,5.83129,0.00237469,0.0931,0.3000,-19.441,-12.928,2.6768,-0.0093,0.0176
513.35,121.140,0.0284,0.3000,0.1962,0.7760,0.0371,-0.0092,0.0177,2.6883,-12.996,-2.777,0.0184,3.42505,5.97397,0.00237469,0.0931,0.3000,-19.457,-12.959,2.6856,-0.0092,0.0177
513.45,121.160,0.0444,0.3000,0.1990,0.7761,0.0404,-0.0091,0.0177,2.6925,-12.996,-2.777,0.0346,3.46,6.08399,0.00209788,0.0931,0.3000,-19.469,-12.981,2.6916,-0.0091,0.0177
513.55,121.180,0.0604,0.3000,0.2016,0.7757,0.0423,-0.0090,0.0178,2.6969,-12.997,-2.776,0.0521,3.46,6.08399,0.00209788,0.0931,0.3000,-19.469,-12.981,2.6916,-0.0090,0.0177
513.65,121.200,0.0764,0.3000,0.2055,0.7753,0.0456,-0.0089,0.0178,2.7016,-12.999,-2.776,0.0706,3.49512,6.19662,0.00237469,0.1062,0.3000,-19.481,-13.003,2.6976,-0.0089,0.0178
513.75,121.220,0.0924,0.3000,0.2080,0.7750,0.0482,-0.0088,0.0178,2.7070,-13.001,-2.775,0.0891,3.54218,6.35094,0.00237469,0.1062,0.3000,-19.498,-13.032,2.7057,-0.0089,0.0178
513.85,121.260,0.1062,0.3000,0.2312,-0.0207,-0.0101,-0.0087,0.0179,2.7129,-13.003,-2.775,0.0934,3.54218,6.35094,0.00237469,0.1062,0.3000,-19.498,-13.032,2.7057,-0.0087,0.0179
513.95,121.280,0.1062,0.3000,0.2318,-0.0208,-0.0100,-0.0086,0.0179,2.7187,-13.005,-2.774,0.0936,3.57762,6.46986,0.00209788,0.1062,0.3000,-19.512,-13.053,2.7123,-0.0087,0.0179
514.05,121.300,0.1062,0.3000,0.2248,0.4380,0.2638,-0.0085,0.0180,2.7244,-13.008,-2.773,0.1003,3.61313,6.5916,0.00237469,0.1195,0.3000,-19.525,-13.075,2.7192,-0.0085,0.0180
514.15,121.320,0.1180,0.3000,0.2334,-0.0199,-0.0093,-0.0084,0.0180,2.7304,-13.010,-2.773,0.1056,3.66053,6.75839,0.00237469,0.1195,0.3000,-19.543,-13.103,2.7284,-0.0084,0.0180
514.25,121.360,0.1195,0.3000,0.2343,-0.0201,-0.0092,-0.0083,0.0181,2.7362,-13.013,-2.772,0.1058,3.66053,6.75839,0.00237469,0.1195,0.3000,-19.543,-13.103,2.7284,-0.0083,0.0181
514.35,121.380,0.1195,0.3000,0.2350,-0.0202,-0.0091,-0.0082,0.0181,2.7421,-13.015,-2.772,0.1061,3.6961,6.88691,0.00209788,0.1195,0.3000,-19.556,-13.125,2.7354,-0.0082,0.0181
514.45,121.400,0.1195,0.3000,0.2359,-0.0205,-0.0091,-0.0081,0.0182,2.7478,-13.018,-2.771,0.1049,3.73165,7.01842,0.00237469,0.1179,0.3000,-19.569,-13.146,2.7424,-0.0081,0.0182
514.55,121.420,0.1179,0.3000,0.2365,-0.0207,-0.0090,-0.0080,0.0182,2.7537,-13.020,-2.770,0.1051,3.779,7.19851,0.00237469,0.1179,0.3000,-19.586,-13.175,2.7519,-0.0080,0.0182
514.65,121.460,0.1179,0.3000,0.1690,0.4448,0.3210,-0.0079,0.0183,2.7586,-13.023,-2.769,0.1019,3.779,7.19851,0.00237469,0.1179,0.3000,-19.586,-13.175,2.7519,-0.0079,0.0183
514.75,121.480,0.1179,0.3000,0.1565,0.0426,-0.0274,-0.0078,0.0183,2.7623,-13.025,-2.767,0.1055,3.81444,7.33721,0.00209788,0.1179,0.3000,-19.599,-13.197,2.7583,-0.0079,0.0183
514.85,121.500,0.1179,0.3000,0.1609,0.0271,-0.0184,-0.0078,0.0183,2.7658,-13.026,-2.766,0.1086,3.8499,7.47902,0.00237469,0.1276,0.3000,-19.611,-13.218,2.7633,-0.0078,0.0183
514.95,121.520,0.1275,0.3000,0.1467,0.0077,-0.0085,-0.0077,0.0184,2.7691,-13.028,-2.765,0.1101,3.8499,7.47902,0.00237469,0.1276,0.3000,-19.611,-13.218,2.7633,-0.0077,0.0184
515.05,121.540,0.1276,0.3000,0.1498,0.0139,-0.0110,-0.0076,0.0184,2.7724,-13.030,-2.763,0.1110,3.89734,7.6729,0.00237469,0.1276,0.3000,-19.628,-13.247,2.7693,-0.0077,0.0184
515.15,121.560,0.1276,0.3000,0.1532,0.0202,-0.0134,-0.0076,0.0184,2.7758,-13.033,-2.762,0.1120,3.93305,7.82196,0.00209788,0.1276,0.3000,-19.640,-13.268,2.7737,-0.0076,0.0184
515.25,121.600,0.1276,0.3000,0.2541,-67.2416,-24.6012,-0.0075,0.0184,2.7799,-13.035,-2.760,0.0668,3.96887,7.97421,0.00237469,0.1363,0.2490,-19.653,-13.290,2.7782,-0.0075,0.0184
515.35,121.620,0.1363,0.2845,0.1669,-0.4419,0.1545,-0.0074,0.0184,2.7848,-13.035,-2.759,0.0444,3.96887,7.97421,0.00237469,0.1363,0.2490,-19.653,-13.290,2.7782,-0.0075,0.0184
515.45,121.640,0.1363,0.2645,0.1585,-0.0541,0.0232,-0.0074,0.0185,2.7889,-13.036,-2.758,0.0416,4.01668,8.18231,0.00237469,0.1363,0.2490,-19.669,-13.318,2.7857,-0.0074,0.0185
515.55,121.660,0.1363,0.2490,0.1530,0.1393,0.1645,-0.0073,0.0185,2.7924,-13.036,-2.757,0.0418,4.05253,8.34229,0.00209788,0.1363,0.2490,-19.681,-13.339,2.7905,-0.0073,0.0185
515.65,121.700,0.1363,0.2490,0.1544,-0.0211,0.3364,-0.0072,0.0185,2.7963,-13.036,-2.756,0.0410,4.08842,8.50564,0.00237469,0.1436,0.1607,-19.693,-13.361,2.7950,-0.0072,0.0185
515.75,121.720,0.1436,0.2335,0.1492,-0.4692,-0.2366,-0.0071,0.0186,2.8000,-13.037,-2.755,0.0408,4.08842,8.50564,0.00237469,0.1436,0.1607,-19.693,-13.361,2.7950,-0.0072,0.0186
515.85,121.740,0.1436,0.2135,0.1454,-0.3490,-0.5011,-0.0071,0.0186,2.8036,-13.037,-2.754,0.0398,4.13634,8.72876,0.00237469,0.1436,0.1607,-19.710,-13.389,2.8011,-0.0071,0.0186
515.95,121.760,0.1436,0.1935,0.1426,0.1525,0.1657,-0.0070,0.0186,2.8074,-13.037,-2.753,0.0383,4.17232,8.90015,0.00209788,0.1436,0.1607,-19.722,-13.410,2.8056,-0.0070,0.0186
516.05,121.780,0.1436,0.1735,0.1410,-0.0482,0.0346,-0.0069,0.0187,2.8108,-13.038,-2.752,0.0369,4.17232,8.90015,0.00209788,0.1436,0.1607,-19.722,-13.410,2.8056,-0.0070,0.0186
516.15,121.820,0.1525,0.1452,0.1432,-0.0554,0.0395,-0.0069,0.0187,2.8139,-13.038,-2.752,0.0374,4.20833,9.07507,0.00237469,0.1525,0.0739,-19.734,-13.432,2.8098,-0.0069,0.0187
516.25,121.840,0.1525,0.1252,0.1324,-0.3681,-0.4702,-0.0068,0.0187,2.8171,-13.038,-2.751,0.0364,4.2564,9.31385,0.00237469,0.1525,0.0739,-19.750,-13.460,2.8154,-0.0068,0.0187
516.35,121.860,0.1525,0.1052,0.1286,-0.0606,0.1265,-0.0068,0.0187,2.8200,-13.038,-2.750,0.0362,4.2564,9.31385,0.00237469,0.1525,0.0739,-19.750,-13.460,2.8154,-0.0068,0.0187
516.45,121.880,0.1525,0.0852,0.1359,-0.0576,0.1270,-0.0067,0.0187,2.8231,-13.039,-2.749,0.0395,4.2925,9.49716,0.00209788,0.1525,0.0739,-19.762,-13.481,2.8194,-0.0067,0.0187
516.55,121.900,0.1525,0.0739,0.1469,-0.0561,0.0249,-0.0066,0.0188,2.8265,-13.039,-2.749,0.0374,4.32864,9.68415,0.00237469,0.1588,-0.0119,-19.773,-13.502,2.8233,-0.0066,0.0188
516.65,121.920,0.1588,0.0584,0.1542,-0.0488,0.1284,-0.0066,0.0188,2.8301,-13.039,-2.748,0.0415,4.37685,9.93928,0.00237469,0.1588,-0.0119,-19.789,-13.530,2.8290,-0.0066,0.0188
516.75,121.960,0.1588,0.0184,0.1472,-0.0441,0.1302,-0.0065,0.0188,2.8337,-13.040,-2.747,0.0397,4.37685,9.93928,0.00237469,0.1588,-0.0119,-19.789,-13.530,2.8290,-0.0065,0.0188
516.85,121.980,0.1588,-0.0016,0.1324,-0.3403,-0.3902,-0.0064,0.0188,2.8372,-13.040,-2.746,0.0361,4.41297,10.1351,0.00209788,0.1588,-0.0119,-19.801,-13.551,2.8335,-0.0065,0.0188
516.95,122.000,0.1588,-0.0119,0.1238,-0.0391,0.1326,-0.0064,0.0188,2.8394,-13.040,-2.745,0.0347,4.44905,10.3348,0.00237469,0.1499,-0.0988,-19.813,-13.572,2.8377,-0.0064,0.0188
517.05,122.020,0.1499,-0.0274,0.1105,-0.0370,0.1338,-0.0063,0.0189,2.8423,-13.041,-2.744,0.0328,4.44905,10.3348,0.00237469,0.1499,-0.0988,-19.813,-13.572,2.8377,-0.0064,0.0189
517.15,122.040,0.1499,-0.0474,0.1134,-0.0331,0.1346,-0.0063,0.0189,2.8451,-13.041,-2.744,0.0329,4.49715,10.6071,0.00237469,0.1499,-0.0988,-19.828,-13.600,2.8424,-0.0063,0.0189
517.25,122.060,0.1499,-0.0674,0.1173,-0.0302,0.1352,-0.0062,0.0189,2.8480,-13.041,-2.743,0.0299,4.53328,10.816,0.00209788,0.1499,-0.0988,-19.839,-13.621,2.8456,-0.0063,0.0189
517.35,122.100,0.1499,-0.0988,0.1334,-0.0356,-0.0004,-0.0062,0.0189,2.8513,-13.042,-2.742,0.0361,4.56945,11.0288,0.00237469,0.1414,-0.1830,-19.850,-13.642,2.8492,-0.0062,0.0189
517.45,122.120,0.1414,-0.1143,0.1474,-0.0225,0.1291,-0.0061,0.0189,2.8548,-13.042,-2.741,0.0414,4.56945,11.0288,0.00237469,0.1414,-0.1830,-19.850,-13.642,2.8492,-0.0061,0.0189
517.55,122.140,0.1414,-0.1343,0.1649,-0.0457,0.0115,-0.0060,0.0190,2.8583,-13.042,-2.740,0.0432,4.61767,11.3189,0.00237469,0.1414,-0.1830,-19.864,-13.670,2.8546,-0.0060,0.0190
517.65,122.160,0.1414,-0.1543,0.1714,-0.0238,-0.0096,-0.0060,0.0190,2.8620,-13.043,-2.740,0.0451,4.65372,11.5414,0.00209788,0.1414,-0.1830,-19.875,-13.692,2.8594,-0.0060,0.0190
517.75,122.180,0.1414,-0.1743,0.1727,-0.0373,0.0060,-0.0059,0.0190,2.8660,-13.043,-2.739,0.0452,4.65372,11.5414,0.00209788,0.1414,-0.1830,-19.875,-13.692,2.8594,-0.0059,0.0190
517.85,122.200,0.1414,-0.1830,0.1749,0.3976,0.8303,-0.0058,0.0190,2.8700,-13.044,-2.738,0.0430,4.6896,11.7682,0.00237469,0.1326,-0.2693,-19.885,-13.713,2.8645,-0.0058,0.0190
517.95,122.240,0.1326,-0.2185,0.1951,0.3102,0.3380,-0.0057,0.0191,2.8744,-13.044,-2.737,0.0432,4.73708,12.0773,0.00237469,0.1326,-0.2693,-19.899,-13.741,2.8715,-0.0057,0.0191
518.05,122.260,0.1326,-0.2385,0.2009,-0.0754,-0.1408,-0.0056,0.0191,2.8795,-13.045,-2.736,0.0434,4.77238,12.3144,0.00209788,0.1326,-0.2693,-19.909,-13.762,2.8772,-0.0057,0.0191
518.15,122.280,0.1326,-0.2585,0.2018,-0.0367,0.0382,-0.0055,0.0191,2.8848,-13.045,-2.735,0.0437,4.77238,12.3144,0.00209788,0.1326,-0.2693,-19.909,-13.762,2.8772,-0.0055,0.0191
518.25,122.300,0.1326,-0.2693,0.1714,-0.2953,-0.1183,-0.0055,0.0191,2.8887,-13.046,-2.734,0.0423,4.80732,12.556,0.00237469,0.1232,-0.3000,-19.919,-13.783,2.8834,-0.0055,0.0191
518.35,122.320,0.1233,-0.2848,0.1537,-0.0852,-0.0373,-0.0054,0.0192,2.8928,-13.046,-2.733,0.0424,4.85332,12.8853,0.00237469,0.1232,-0.3000,-19.931,-13.811,2.8907,-0.0054,0.0192
518.45,122.360,0.1232,-0.3000,0.1531,-0.0361,0.0250,-0.0053,0.0192,2.8968,-13.047,-2.732,0.0424,4.88747,13.1376,0.00209788,0.1232,-0.3000,-19.940,-13.832,2.8953,-0.0053,0.0192
518.55,122.380,0.1232,-0.3000,0.1531,-0.0361,0.0252,-0.0052,0.0192,2.9006,-13.047,-2.731,0.0416,4.88747,13.1376,0.00209788,0.1232,-0.3000,-19.940,-13.832,2.8953,-0.0052,0.0192
518.65,122.400,0.1232,-0.3000,0.1302,-0.5964,0.0206,-0.0052,0.0192,2.9037,-13.047,-2.730,0.0391,4.92139,13.3947,0.00237469,0.1140,-0.3000,-19.950,-13.853,2.8998,-0.0052,0.0192
518.75,122.420,0.1140,-0.3000,0.1262,-0.0307,0.0024,-0.0051,0.0192,2.9070,-13.048,-2.729,0.0387,4.96623,13.7447,0.00237469,0.1140,-0.3000,-19.961,-13.882,2.9054,-0.0051,0.0192
518.85,122.460,0.1140,-0.3000,0.1262,-0.0384,0.0284,-0.0050,0.0193,2.9102,-13.048,-2.729,0.0381,4.96623,13.7447,0.00237469,0.1140,-0.3000,-19.961,-13.882,2.9054,-0.0051,0.0193
518.95,122.480,0.1140,-0.3000,0.1267,-0.0928,0.2119,-0.0050,0.0193,2.9131,-13.049,-2.728,0.0333,4.99964,14.0128,0.00209788,0.1140,-0.3000,-19.970,-13.903,2.9091,-0.0050,0.0193
519.05,122.500,0.1140,-0.3000,0.1272,-0.0792,0.1681,-0.0049,0.0193,2.9157,-13.049,-2.727,0.0288,5.03288,14.2857,0.00237469,0.1055,-0.3000,-19.978,-13.924,2.9129,-0.0050,0.0193
519.15,122.520,0.1055,-0.3000,0.1033,-0.0797,0.1673,-0.0049,0.0193,2.9181,-13.049,-2.727,0.0245,5.03288,14.2857,0.00237469,0.1055,-0.3000,-19.978,-13.924,2.9129,-0.0049,0.0193
519.25,122.540,0.1055,-0.3000,0.1038,-0.0794,0.1678,-0.0048,0.0193,2.9207,-13.050,-2.726,0.0214,5.07691,14.6571,0.00237469,0.1055,-0.3000,-19.989,-13.952,2.9174,-0.0049,0.0193
519.35,122.580,0.1055,-0.3000,0.1038,-0.0293,-0.0058,-0.0048,0.0193,2.9234,-13.050,-2.726,0.0214,5.10979,14.9414,0.00209788,0.1055,-0.3000,-19.997,-13.973,2.9205,-0.0048,0.0193
519.45,122.600,0.1055,-0.3000,0.1038,-0.0293,-0.0058,-0.0047,0.0193,2.9259,-13.050,-2.725,0.0194,5.14255,15.2307,0.00237469,0.0977,-0.3000,-20.005,-13.994,2.9236,-0.0048,0.0193
519.55,122.620,0.0977,-0.3000,0.0814,-0.0301,-0.0064,-0.0047,0.0193,2.9280,-13.050,-2.725,0.0168,5.14255,15.2307,0.00237469,0.0977,-0.3000,-20.005,-13.994,2.9236,-0.0047,0.0193
519.65,122.640,0.0977,-0.3000,0.0813,-0.0301,-0.0064,-0.0047,0.0194,2.9301,-13.051,-2.725,0.0168,5.18605,15.6242,0.00237469,0.0977,-0.3000,-20.016,-14.022,2.9273,-0.0047,0.0193
519.75,122.680,0.0977,-0.3000,0.0799,0.1676,0.2474,-0.0046,0.0194,2.9320,-13.051,-2.724,0.0171,5.2186,15.9253,0.00209788,0.0977,-0.3000,-20.023,-14.043,2.9296,-0.0046,0.0194
519.85,122.700,0.0977,-0.3000,0.0686,-0.0534,-0.0196,-0.0046,0.0194,2.9339,-13.051,-2.724,0.0175,5.25111,16.2315,0.00237469,0.0904,-0.3000,-20.031,-14.064,2.9320,-0.0046,0.0194
519.95,122.720,0.0904,-0.3000,0.0503,-0.5452,0.6080,-0.0046,0.0194,2.9353,-13.051,-2.724,0.0129,5.29442,16.6478,0.00237469,0.0904,-0.3000,-20.040,-14.092,2.9346,-0.0046,0.0194
520.05,122.760,0.0904,-0.3000,0.0443,-0.0674,-0.1042,-0.0045,0.0194,2.9365,-13.051,-2.723,0.0113,5.29442,16.6478,0.00237469,0.0904,-0.3000,-20.040,-14.092,2.9346,-0.0045,0.0194
520.15,122.780,0.0904,-0.3000,0.0385,-0.5494,0.4854,-0.0045,0.0194,2.9375,-13.052,-2.723,0.0100,5.32694,16.9661,0.00209788,0.0904,-0.3000,-20.047,-14.113,2.9360,-0.0045,0.0194
520.25,122.800,0.0904,-0.3000,0.0359,-0.0269,0.0858,-0.0045,0.0194,2.9384,-13.052,-2.723,0.0094,5.35955,17.2896,0.00237469,0.0827,-0.3000,-20.055,-14.133,2.9373,-0.0045,0.0194
520.35,122.820,0.0827,-0.3000,0.0360,-0.0649,-0.1031,-0.0045,0.0194,2.9392,-13.052,-2.723,0.0094,5.35955,17.2896,0.00237469,0.0827,-0.3000,-20.055,-14.133,2.9373,-0.0045,0.0194
520.45,122.840,0.0827,-0.3000,0.0374,-0.0651,-0.1102,-0.0045,0.0194,2.9401,-13.052,-2.722,0.0096,5.40322,17.7294,0.00237469,0.0827,-0.3000,-20.064,-14.161,2.9387,-0.0045,0.0194
520.55,122.860,0.0827,-0.3000,0.0290,-0.3420,-0.2260,-0.0045,0.0194,2.9408,-13.052,-2.722,0.0081,5.43612,18.0654,0.00209788,0.0827,-0.3000,-20.071,-14.182,2.9398,-0.0045,0.0194
520.65,122.900,0.0827,-0.3000,0.0251,-0.0408,-0.0003,-0.0044,0.0194,2.9416,-13.052,-2.722,0.0065,5.46917,18.4069,0.00237469,0.0000,-0.3000,-20.077,-14.203,2.9408,-0.0044,0.0194
520.75,122.920,0.0703,-0.3000,-0.0102,-0.4075,0.0818,-0.0044,0.0194,2.9417,-13.052,-2.722,0.0044,5.46917,18.4069,0.00237469,0.0000,-0.3000,-20.077,-14.203,2.9408,-0.0044,0.0194
520.85,122.940,0.0543,-0.3000,-0.0824,-0.0561,0.2469,-0.0045,0.0194,2.9401,-13.052,-2.722,0.0122,5.51348,18.8708,0.00237469,0.0000,-0.3000,-20.086,-14.230,2.9412,-0.0045,0.0194
520.95,122.960,0.0383,-0.3000,-0.1239,-0.4318,-0.0407,-0.0045,0.0194,2.9374,-13.052,-2.722,0.0168,5.54712,19.2251,0.00209788,0.0000,-0.3000,-20.091,-14.251,2.9393,-0.0045,0.0194
521.05,122.980,0.0223,-0.3000,-0.1599,-0.2583,-0.0092,-0.0046,0.0194,2.9339,-13.051,-2.721,0.0210,5.58146,19.5848,0.00237469,0.0000,-0.3000,-20.097,-14.272,2.9356,-0.0046,0.0194
521.15,123.020,-0.0000,-0.3000,-0.1694,-0.2464,-0.0593,-0.0047,0.0194,2.9298,-13.051,-2.721,0.0262,5.58146,19.5848,0.00237469,0.0000,-0.3000,-20.097,-14.272,2.9356,-0.0047,0.0194
521.25,123.040,-0.0000,-0.3000,-0.1726,-0.1179,-0.0288,-0.0048,0.0193,2.9255,-13.050,-2.721,0.0296,5.62882,20.0726,0.00237469,0.0000,-0.3000,-20.103,-14.299,2.9289,-0.0047,0.0193
521.35,123.060,-0.0000,-0.3000,-0.1596,-0.1261,-0.0314,-0.0048,0.0193,2.9211,-13.049,-2.721,0.0321,5.66569,20.4447,0.00209788,0.0000,-0.3000,-20.107,-14.320,2.9236,-0.0048,0.0193
521.45,123.100,-0.0000,-0.3000,-0.1456,-0.1337,-0.0340,-0.0049,0.0193,2.9174,-13.048,-2.721,0.0345,5.70376,20.822,0.00237469,0.0000,-0.3000,-20.112,-14.341,2.9188,-0.0049,0.0193
521.55,123.120,-0.0000,-0.3000,-0.1357,-0.1384,-0.0356,-0.0050,0.0193,2.9137,-13.048,-2.720,0.0372,5.70376,20.822,0.00237469,0.0000,-0.3000,-20.112,-14.341,2.9188,-0.0050,0.0193
521.65,123.140,-0.0000,-0.3000,-0.1297,0.2912,0.0762,-0.0050,0.0193,2.9105,-13.047,-2.720,0.0369,5.75628,21.3336,0.00237469,0.0000,-0.3000,-20.118,-14.368,2.9130,-0.0050,0.0193
521.75,123.160,-0.0000,-0.3000,-0.1581,0.2839,0.0752,-0.0051,0.0192,2.9070,-13.046,-2.720,0.0294,5.79693,21.7236,0.00209788,0.0000,-0.3000,-20.123,-14.389,2.9090,-0.0051,0.0192
521.85,123.180,-0.0000,-0.3000,-0.1858,0.2773,0.0745,-0.0052,0.0192,2.9028,-13.045,-2.720,0.0223,5.79693,21.7236,0.00209788,0.0000,-0.3000,-20.123,-14.389,2.9090,-0.0052,0.0192
521.95,123.220,-0.0000,-0.3000,-0.2259,0.2686,0.0740,-0.0053,0.0192,2.8975,-13.045,-2.720,0.0149,5.83867,22.1192,0.00237469,0.0000,-0.3000,-20.128,-14.409,2.9042,-0.0053,0.0192
522.05,123.240,-0.0000,-0.3000,-0.2519,0.2633,0.0739,-0.0054,0.0192,2.8913,-13.045,-2.720,0.0094,5.89637,22.6552,0.00237469,0.0000,-0.3000,-20.135,-14.436,2.8960,-0.0054,0.0192
522.15,123.260,0.0000,-0.3000,-0.2552,-0.0295,-0.0084,-0.0055,0.0191,2.8852,-13.044,-2.719,0.0094,5.9415,23.0634,0.00209788,0.0000,-0.3000,-20.140,-14.456,2.8885,-0.0055,0.0191
522.25,123.280,0.0000,-0.3000,-0.2545,-0.0294,-0.0085,-0.0056,0.0191,2.8791,-13.044,-2.719,0.0094,5.9415,23.0634,0.00209788,0.0000,-0.3000,-20.140,-14.456,2.8885,-0.0056,0.0191
522.35,123.320,-0.0000,-0.3000,-0.2534,-0.0294,-0.0088,-0.0058,0.0191,2.8725,-13.044,-2.719,0.0094,5.9884,23.4768,0.00237469,0.0000,-0.3000,-20.145,-14.476,2.8807,-0.0058,0.0191
522.45,123.340,-0.0000,-0.3000,-0.2527,-0.0293,-0.0089,-0.0059,0.0190,2.8659,-13.044,-2.719,0.0093,6.05382,24.0363,0.00237469,0.0000,-0.3000,-20.152,-14.503,2.8705,-0.0059,0.0190
522.55,123.360,0.0000,-0.3000,-0.2516,-0.0293,-0.0091,-0.0060,0.0190,2.8594,-13.044,-2.719,0.0093,6.10509,24.4621,0.00209788,0.0000,-0.3000,-20.158,-14.523,2.8628,-0.0060,0.0190
522.65,123.400,0.0000,-0.3000,-0.2505,-0.0292,-0.0094,-0.0061,0.0189,2.8528,-13.044,-2.719,0.0092,6.15827,24.8931,0.00237469,0.0000,-0.3000,-20.163,-14.542,2.8553,-0.0061,0.0189
522.75,123.420,0.0000,-0.3000,-0.2044,-0.2869,-0.1179,-0.0062,0.0189,2.8479,-13.043,-2.719,0.0178,6.15827,24.8931,0.00237469,0.0000,-0.3000,-20.163,-14.542,2.8553,-0.0062,0.0189
525.32,124.040,-0.0000,-0.3000,-0.1282,0.2102,0.0914,-0.0080,0.0182,2.7555,-13.025,-2.718,0.0311,7.71431,35.4602,0.00237469,0.0000,-0.3000,-20.303,-14.940,2.7585,-0.0079,0.0183
525.42,124.080,0.0000,-0.3000,-0.1603,0.2103,0.0926,-0.0080,0.0182,2.7517,-13.025,-2.718,0.0243,7.80759,36.0243,0.00209788,0.0000,-0.3000,-20.311,-14.958,2.7547,-0.0080,0.0182
525.52,124.100,0.0000,-0.3000,-0.1817,0.2102,0.0934,-0.0081,0.0182,2.7473,-13.024,-2.718,0.0177,7.90297,36.5949,0.00237469,0.0000,-0.3000,-20.318,-14.975,2.7502,-0.0081,0.0182
525.62,124.120,-0.0000,-0.3000,-0.1574,-0.0643,0.0751,-0.0082,0.0182,2.7433,-13.023,-2.719,0.0264,7.90297,36.5949,0.00237469,0.0000,-0.3000,-20.318,-14.975,2.7502,-0.0082,0.0182
525.72,124.140,0.0000,-0.3000,-0.1574,-0.0213,-0.0145,-0.0082,0.0181,2.7393,-13.023,-2.719,0.0264,8.03383,37.3652,0.00237469,0.0000,-0.3000,-20.327,-14.999,2.7433,-0.0082,0.0181
525.82,124.180,-0.0000,-0.3000,-0.1575,-0.0213,-0.0147,-0.0083,0.0181,2.7355,-13.022,-2.719,0.0262,8.13483,37.9502,0.00209788,0.0000,-0.3000,-20.335,-15.016,2.7386,-0.0083,0.0181
525.92,124.200,-0.0000,-0.3000,-0.1576,-0.0213,-0.0148,-0.0084,0.0181,2.7321,-13.022,-2.719,0.0247,8.23828,38.5415,0.00237469,0.0813,-0.3000,-20.342,-15.033,2.7339,-0.0084,0.0181
526.02,124.220,0.0124,-0.3000,-0.1302,0.1287,-0.3146,-0.0084,0.0180,2.7288,-13.021,-2.719,0.0211,8.23828,38.5415,0.00237469,0.0813,-0.3000,-20.342,-15.033,2.7339,-0.0084,0.0180
526.12,124.240,0.0284,-0.3000,-0.1023,0.2193,0.2475,-0.0085,0.0180,2.7257,-13.021,-2.719,0.0168,8.38007,39.3396,0.00237469,0.0813,-0.3000,-20.352,-15.056,2.7280,-0.0085,0.0180
526.22,124.260,0.0444,-0.3000,-0.0356,0.2167,0.2462,-0.0085,0.0180,2.7240,-13.020,-2.719,0.0078,8.48921,39.9458,0.00209788,0.0813,-0.3000,-20.361,-15.073,2.7246,-0.0085,0.0180
526.32,124.300,0.0764,-0.3000,0.0064,0.3829,-0.2705,-0.0085,0.0180,2.7237,-13.020,-2.718,0.0060,8.60051,40.5588,0.00237469,0.0805,-0.3000,-20.370,-15.089,2.7229,-0.0085,0.0180
526.42,124.320,0.0805,-0.3000,0.0259,-0.0290,-0.0136,-0.0085,0.0180,2.7244,-13.021,-2.718,0.0073,8.60051,40.5588,0.00237469,0.0805,-0.3000,-20.370,-15.089,2.7229,-0.0085,0.0180
526.52,124.340,0.0805,-0.3000,0.0259,-0.0290,-0.0136,-0.0085,0.0180,2.7250,-13.021,-2.718,0.0073,8.75151,41.3878,0.00237469,0.0805,-0.3000,-20.383,-15.110,2.7234,-0.0085,0.0180
526.62,124.380,0.0805,-0.3000,0.0259,-0.0290,-0.0136,-0.0085,0.0180,2.7257,-13.021,-2.718,0.0073,8.8663,42.0187,0.00209788,0.0805,-0.3000,-20.393,-15.126,2.7243,-0.0085,0.0180
526.72,124.400,0.0805,-0.3000,0.0259,-0.0290,-0.0136,-0.0085,0.0180,2.7263,-13.021,-2.718,0.0060,8.98235,42.6578,0.00237469,0.0779,-0.3000,-20.402,-15.142,2.7252,-0.0085,0.0180
526.82,124.420,0.0779,-0.3000,0.0200,-0.0291,-0.0136,-0.0085,0.0180,2.7268,-13.021,-2.718,0.0056,8.98235,42.6578,0.00237469,0.0779,-0.3000,-20.402,-15.142,2.7252,-0.0085,0.0180
526.92,124.440,0.0779,-0.3000,0.0200,-0.0291,-0.0136,-0.0085,0.0180,2.7273,-13.021,-2.718,0.0056,9.13907,43.5225,0.00237469,0.0779,-0.3000,-20.415,-15.163,2.7262,-0.0085,0.0180
527.02,124.480,0.0779,-0.3000,0.0200,-0.0291,-0.0136,-0.0085,0.0180,2.7278,-13.021,-2.718,0.0056,9.25816,44.1807,0.00209788,0.0779,-0.3000,-20.424,-15.179,2.7268,-0.0085,0.0180
527.12,124.500,0.0779,-0.3000,0.0200,-0.0291,-0.0136,-0.0085,0.0180,2.7282,-13.021,-2.717,0.0047,9.37861,44.8471,0.00237469,0.0750,-0.3000,-20.434,-15.194,2.7275,-0.0085,0.0180
527.22,124.520,0.0750,-0.3000,0.0134,-0.0292,-0.0136,-0.0084,0.0180,2.7286,-13.021,-2.717,0.0038,9.37861,44.8471,0.00237469,0.0750,-0.3000,-20.434,-15.194,2.7275,-0.0084,0.0180
527.32,124.540,0.0750,-0.3000,0.0134,-0.0292,-0.0136,-0.0084,0.0180,2.7288,-13.021,-2.717,0.0038,9.54136,45.7486,0.00237469,0.0750,-0.3000,-20.446,-15.215,2.7281,-0.0084,0.0180
527.42,124.560,0.0750,-0.3000,0.0134,-0.0292,-0.0136,-0.0084,0.0180,2.7292,-13.021,-2.717,0.0038,9.66508,46.4346,0.00209788,0.0750,-0.3000,-20.455,-15.231,2.7285,-0.0084,0.0180
527.52,124.580,0.0750,-0.3000,0.0134,-0.0292,-0.0136,-0.0084,0.0180,2.7295,-13.021,-2.717,0.0038,9.66508,46.4346,0.00209788,0.0750,-0.3000,-20.455,-15.231,2.7285,-0.0084,0.0180
527.62,124.600,0.0750,-0.3000,0.0072,-0.0292,-0.0136,-0.0084,0.0180,2.7297,-13.021,-2.717,0.0020,9.79026,47.129,0.00237469,0.0722,-0.3000,-20.465,-15.246,2.7289,-0.0084,0.0180
527.72,124.640,0.0722,-0.3000,0.0072,-0.0292,-0.0136,-0.0084,0.0180,2.7299,-13.021,-2.717,0.0020,9.95946,48.0681,0.00237469,0.0722,-0.3000,-20.477,-15.267,2.7293,-0.0084,0.0180
527.82,124.660,0.0722,-0.3000,0.0072,-0.0326,-0.0142,-0.0084,0.0180,2.7300,-13.022,-2.717,0.0020,10.0881,48.7825,0.00209788,0.0722,-0.3000,-20.486,-15.282,2.7295,-0.0084,0.0180
527.92,124.680,0.0722,-0.3000,0.0069,-0.0288,-0.0135,-0.0084,0.0180,2.7302,-13.022,-2.717,0.0020,10.0881,48.7825,0.00209788,0.0722,-0.3000,-20.486,-15.282,2.7295,-0.0084,0.0180
528.02,124.720,0.0696,-0.3000,0.0013,-0.0292,-0.0136,-0.0084,0.0180,2.7303,-13.022,-2.717,0.0000,10.2183,49.5056,0.00237469,0.0696,-0.3000,-20.495,-15.298,2.7297,-0.0084,0.0180
528.12,124.740,0.0696,-0.3000,0.0013,-0.0292,-0.0136,-0.0084,0.0180,2.7303,-13.022,-2.717,0.0000,10.3944,50.4832,0.00237469,0.0696,-0.3000,-20.507,-15.318,2.7298,-0.0084,0.0180
528.22,124.760,0.0696,-0.3000,0.0014,-0.0292,-0.0136,-0.0084,0.0180,2.7304,-13.022,-2.717,0.0000,10.5283,51.2267,0.00209788,0.0696,-0.3000,-20.516,-15.333,2.7298,-0.0084,0.0180
528.32,124.800,0.0696,-0.3000,0.0014,-0.0292,-0.0136,-0.0084,0.0180,2.7304,-13.022,-2.717,0.0000,10.6639,51.979,0.00237469,0.0000,-0.3000,-20.525,-15.348,2.7299,-0.0084,0.0180
528.42,124.820,0.0572,-0.3000,-0.0350,-0.3689,0.0349,-0.0084,0.0180,2.7299,-13.021,-2.717,0.0079,10.6639,51.979,0.00237469,0.0000,-0.3000,-20.525,-15.348,2.7299,-0.0084,0.0180
528.52,124.840,0.0412,-0.3000,-0.0713,-0.3524,0.0377,-0.0084,0.0180,2.7284,-13.021,-2.717,0.0155,10.8472,52.9961,0.00237469,0.0000,-0.3000,-20.536,-15.369,2.7293,-0.0084,0.0180
528.62,124.860,0.0252,-0.3000,-0.1059,-0.3573,0.0288,-0.0085,0.0180,2.7260,-13.021,-2.717,0.0231,10.9871,53.769,0.00209788,0.0000,-0.3000,-20.544,-15.384,2.7271,-0.0085,0.0180
528.72,124.880,0.0092,-0.3000,-0.1571,-0.0655,0.0725,-0.0085,0.0180,2.7228,-13.020,-2.718,0.0284,10.9871,53.769,0.00209788,0.0000,-0.3000,-20.544,-15.384,2.7271,-0.0085,0.0180
528.82,124.900,0.0000,-0.3000,-0.1570,-0.0645,0.0697,-0.0086,0.0179,2.7188,-13.020,-2.718,0.0296,11.1295,54.55,0.00237469,0.0000,-0.3000,-20.552,-15.400,2.7233,-0.0086,0.0180
528.92,124.940,0.0000,-0.3000,-0.1568,-0.0628,0.0653,-0.0087,0.0179,2.7148,-13.019,-2.718,0.0308,11.3243,55.6034,0.00237469,0.0000,-0.3000,-20.561,-15.421,2.7170,-0.0087,0.0179
529.02,124.960,0.0000,-0.3000,-0.1567,-0.0616,0.0624,-0.0088,0.0179,2.7109,-13.018,-2.719,0.0320,11.4743,56.4021,0.00209788,0.0000,-0.3000,-20.568,-15.436,2.7121,-0.0087,0.0179
529.12,124.980,0.0000,-0.3000,-0.1565,-0.0598,0.0580,-0.0088,0.0178,2.7072,-13.018,-2.719,0.0333,11.4743,56.4021,0.00209788,0.0000,-0.3000,-20.568,-15.436,2.7121,-0.0088,0.0178
529.22,125.000,0.0000,-0.3000,-0.1564,-0.0585,0.0551,-0.0089,0.0178,2.7039,-13.017,-2.720,0.0343,11.6278,57.2083,0.00237469,0.0000,-0.3000,-20.575,-15.452,2.7073,-0.0089,0.0178
529.32,125.020,0.0000,-0.3000,-0.1563,-0.0573,0.0521,-0.0090,0.0178,2.7000,-13.017,-2.721,0.0356,11.8379,58.295,0.00237469,0.0000,-0.3000,-20.585,-15.472,2.7010,-0.0089,0.0178
529.42,125.060,0.0000,-0.3000,-0.1562,-0.0552,0.0476,-0.0090,0.0177,2.6964,-13.016,-2.721,0.0367,11.8379,58.295,0.00237469,0.0000,-0.3000,-20.585,-15.472,2.7010,-0.0090,0.0177
529.52,125.080,0.0000,-0.3000,-0.1452,0.2657,0.1458,-0.0091,0.0177,2.6926,-13.016,-2.722,0.0357,11.9996,59.1188,0.00209788,0.0000,-0.3000,-20.592,-15.487,2.6963,-0.0091,0.0177
529.62,125.100,0.0000,-0.3000,-0.1379,0.0080,-0.0580,-0.0091,0.0177,2.6894,-13.015,-2.723,0.0346,12.165,59.9501,0.00237469,0.0000,-0.3000,-20.599,-15.502,2.6918,-0.0091,0.0177
529.72,125.120,0.0000,-0.3000,-0.1375,0.0087,-0.0715,-0.0092,0.0177,2.6863,-13.015,-2.723,0.0332,12.165,59.9501,0.00237469,0.0000,-0.3000,-20.599,-15.502,2.6918,-0.0092,0.0177
529.82,125.140,0.0000,-0.3000,-0.1376,0.0101,-0.0736,-0.0093,0.0176,2.6830,-13.014,-2.724,0.0318,12.3911,61.0705,0.00237469,0.0000,-0.3000,-20.609,-15.523,2.6862,-0.0092,0.0176
529.92,125.160,0.0000,-0.3000,-0.1378,0.0121,-0.0766,-0.0093,0.0176,2.6805,-13.014,-2.724,0.0308,12.5648,61.9199,0.00209788,0.0000,-0.3000,-20.616,-15.538,2.6821,-0.0093,0.0176
530.02,125.180,0.0000,-0.3000,-0.1393,0.5389,-0.9723,-0.0093,0.0176,2.6778,-13.013,-2.724,0.0230,12.5648,61.9199,0.00209788,0.0000,-0.3000,-20.616,-15.538,2.6821,-0.0093,0.0176
530.12,125.200,-0.0000,-0.3000,-0.1403,-0.0257,-0.0148,-0.0094,0.0175,2.6750,-13.013,-2.725,0.0195,12.7422,62.7771,0.00237469,0.0000,-0.3000,-20.624,-15.552,2.6780,-0.0094,0.0176
530.22,125.220,-0.0000,-0.3000,-0.1408,-0.0257,-0.0149,-0.0095,0.0175,2.6718,-13.013,-2.724,0.0195,12.9846,63.9323,0.00237469,0.0000,-0.3000,-20.634,-15.572,2.6724,-0.0094,0.0175
530.32,125.260,-0.0000,-0.3000,-0.1416,-0.0257,-0.0150,-0.0095,0.0175,2.6681,-13.012,-2.724,0.0194,12.9846,63.9323,0.00237469,0.0000,-0.3000,-20.634,-15.572,2.6724,-0.0095,0.0175
530.42,125.280,-0.0000,-0.3000,-0.1421,-0.0256,-0.0151,-0.0096,0.0174,2.6644,-13.012,-2.724,0.0193,13.1709,64.8077,0.00209788,0.0000,-0.3000,-20.641,-15.587,2.6681,-0.0096,0.0175
530.52,125.300,-0.0000,-0.3000,-0.1426,-0.0256,-0.0151,-0.0096,0.0174,2.6614,-13.011,-2.724,0.0193,13.3611,65.6909,0.00237469,0.0000,-0.3000,-20.648,-15.601,2.6639,-0.0096,0.0174
530.62,125.320,-0.0000,-0.3000,-0.1433,-0.0255,-0.0152,-0.0097,0.0174,2.6576,-13.011,-2.724,0.0192,13.621,66.8807,0.00237469,0.0000,-0.3000,-20.659,-15.621,2.6582,-0.0097,0.0174
530.72,125.360,-0.0000,-0.3000,-0.1441,-0.0253,-0.0153,-0.0098,0.0173,2.6538,-13.010,-2.724,0.0192,13.621,66.8807,0.00237469,0.0000,-0.3000,-20.659,-15.621,2.6582,-0.0098,0.0173
530.82,125.380,-0.0000,-0.3000,-0.1446,-0.0252,-0.0154,-0.0098,0.0173,2.6502,-13.010,-2.724,0.0191,13.8207,67.7821,0.00209788,0.0000,-0.3000,-20.666,-15.635,2.6538,-0.0098,0.0173
530.92,125.400,-0.0000,-0.3000,-0.1453,-0.0251,-0.0154,-0.0099,0.0173,2.6469,-13.009,-2.724,0.0190,14.0246,68.6913,0.00237469,0.0000,-0.3000,-20.674,-15.649,2.6495,-0.0099,0.0173
531.02,125.420,-0.0000,-0.3000,-0.1458,-0.0250,-0.0155,-0.0100,0.0172,2.6431,-13.009,-2.724,0.0190,14.3032,69.9156,0.00237469,0.0000,-0.3000,-20.684,-15.668,2.6437,-0.0099,0.0172
531.12,125.460,-0.0000,-0.3000,-0.1466,-0.0249,-0.0156,-0.0100,0.0172,2.6391,-13.008,-2.724,0.0189,14.3032,69.9156,0.00237469,0.0000,-0.3000,-20.684,-15.668,2.6437,-0.0100,0.0172
531.22,125.480,-0.0000,-0.3000,-0.1471,-0.0248,-0.0156,-0.0101,0.0172,2.6356,-13.008,-2.724,0.0188,14.5173,70.8429,0.00209788,0.0000,-0.3000,-20.692,-15.682,2.6393,-0.0101,0.0172
531.32,125.500,-0.0000,-0.3000,-0.1476,-0.0247,-0.0156,-0.0101,0.0171,2.6325,-13.007,-2.724,0.0188,14.7358,71.7779,0.00237469,0.0000,-0.3000,-20.699,-15.696,2.6349,-0.0101,0.0171
531.42,125.520,-0.0000,-0.3000,-0.1484,-0.0244,-0.0157,-0.0102,0.0171,2.6290,-13.007,-2.724,0.0187,14.7358,71.7779,0.00237469,0.0000,-0.3000,-20.699,-15.696,2.6349,-0.0102,0.0171
531.52,125.540,-0.0000,-0.3000,-0.1489,-0.0243,-0.0157,-0.0103,0.0171,2.6257,-13.007,-2.724,0.0186,15.0344,73.0366,0.00237469,0.0000,-0.3000,-20.709,-15.715,2.6290,-0.0102,0.0171
531.62,125.560,-0.0000,-0.3000,-0.1494,-0.0242,-0.0158,-0.0103,0.0170,2.6220,-13.006,-2.724,0.0185,15.2638,73.9897,0.00209788,0.0000,-0.3000,-20.717,-15.728,2.6245,-0.0103,0.0170
531.72,125.600,-0.0000,-0.3000,-0.1501,-0.0241,-0.0158,-0.0104,0.0170,2.6188,-13.006,-2.723,0.0185,15.4981,74.9504,0.00237469,0.0000,-0.3000,-20.725,-15.742,2.6201,-0.0104,0.0170
531.82,125.620,-0.0000,-0.3000,-0.1507,-0.0240,-0.0159,-0.0104,0.0170,2.6150,-13.005,-2.723,0.0184,15.4981,74.9504,0.00237469,0.0000,-0.3000,-20.725,-15.742,2.6201,-0.0104,0.0170
531.92,125.640,-0.0000,-0.3000,-0.1514,-0.0238,-0.0159,-0.0105,0.0169,2.6111,-13.005,-2.723,0.0183,15.818,76.2432,0.00237469,0.0000,-0.3000,-20.735,-15.760,2.6141,-0.0105,0.0169
532.02,125.660,-0.0000,-0.3000,-0.1519,-0.0237,-0.0160,-0.0106,0.0169,2.6074,-13.004,-2.723,0.0174,16.0638,77.2217,0.00209788,0.0000,-0.3000,-20.743,-15.774,2.6095,-0.0105,0.0169
532.12,125.700,0.0000,-0.3000,-0.1418,-0.0194,-0.0189,-0.0106,0.0168,2.6040,-13.004,-2.723,0.0173,16.3148,78.2079,0.00237469,0.0000,-0.3000,-20.751,-15.787,2.6051,-0.0106,0.0168
532.22,125.720,0.0000,-0.3000,-0.1419,-0.0193,-0.0190,-0.0107,0.0168,2.6007,-13.004,-2.723,0.0172,16.3148,78.2079,0.00237469,0.0000,-0.3000,-20.751,-15.787,2.6051,-0.0107,0.0168
532.32,125.740,0.0000,-0.3000,-0.1419,-0.0193,-0.0190,-0.0107,0.0168,2.5970,-13.003,-2.723,0.0171,16.6574,79.5348,0.00237469,0.0000,-0.3000,-20.762,-15.805,2.5994,-0.0107,0.0168
532.42,125.760,0.0000,-0.3000,-0.1420,-0.0192,-0.0191,-0.0108,0.0167,2.5935,-13.003,-2.723,0.0170,16.9204,80.539,0.00209788,0.0000,-0.3000,-20.770,-15.818,2.5952,-0.0108,0.0167
532.52,125.800,0.0000,-0.3000,-0.1421,-0.0191,-0.0192,-0.0109,0.0167,2.5898,-13.002,-2.723,0.0169,17.1888,81.5509,0.00237469,0.0000,-0.3000,-20.778,-15.831,2.5909,-0.0109,0.0167
532.62,125.820,0.0000,-0.3000,-0.1422,-0.0190,-0.0192,-0.0109,0.0167,2.5866,-13.002,-2.722,0.0168,17.1888,81.5509,0.00237469,0.0000,-0.3000,-20.778,-15.831,2.5909,-0.0109,0.0167
532.72,125.840,0.0000,-0.3000,-0.1494,1.0846,0.5040,-0.0110,0.0166,2.5838,-13.002,-2.722,0.0154,17.555,82.9122,0.00237469,0.0000,-0.3000,-20.788,-15.848,2.5852,-0.0110,0.0166
532.82,125.860,0.0000,-0.3000,-0.1422,-0.0602,0.0396,-0.0110,0.0166,2.5807,-13.001,-2.722,0.0168,17.555,82.9122,0.00237469,0.0000,-0.3000,-20.788,-15.848,2.5852,-0.0110,0.0166
532.92,125.880,0.0000,-0.3000,-0.1423,-0.0187,-0.0190,-0.0111,0.0165,2.5771,-13.001,-2.722,0.0166,17.8361,83.9421,0.00209788,0.0000,-0.3000,-20.796,-15.861,2.5809,-0.0110,0.0166
533.02,125.900,0.0000,-0.3000,-0.1424,-0.0187,-0.0191,-0.0111,0.0165,2.5736,-13.001,-2.722,0.0165,18.1228,84.9798,0.00237469,0.0000,-0.3000,-20.804,-15.874,2.5767,-0.0111,0.0165
533.12,125.940,0.0000,-0.3000,-0.1425,-0.0186,-0.0193,-0.0112,0.0165,2.5699,-13.000,-2.722,0.0164,18.514,86.3753,0.00237469,0.0000,-0.3000,-20.815,-15.891,2.5710,-0.0112,0.0165
533.22,125.960,0.0000,-0.3000,-0.1426,-0.0185,-0.0194,-0.0112,0.0164,2.5663,-13.000,-2.722,0.0164,18.514,86.3753,0.00237469,0.0000,-0.3000,-20.815,-15.891,2.5710,-0.0112,0.0164
533.32,125.980,0.0000,-0.3000,-0.1427,-0.0185,-0.0195,-0.0113,0.0164,2.5625,-12.999,-2.721,0.0163,18.8142,87.4308,0.00209788,0.0000,-0.3000,-20.823,-15.903,2.5667,-0.0113,0.0164
533.42,126.000,0.0000,-0.3000,-0.1428,-0.0184,-0.0195,-0.0114,0.0163,2.5592,-12.999,-2.721,0.0162,19.1204,88.494,0.00237469,0.0000,-0.3000,-20.831,-15.916,2.5625,-0.0114,0.0164
533.52,126.020,0.0000,-0.3000,-0.1428,-0.0183,-0.0196,-0.0114,0.0163,2.5563,-12.999,-2.721,0.0161,19.5381,89.9234,0.00237469,0.0000,-0.3000,-20.842,-15.932,2.5568,-0.0114,0.0163
533.62,126.040,0.0000,-0.3000,-0.1429,-0.0183,-0.0196,-0.0115,0.0163,2.5532,-12.998,-2.721,0.0161,19.5381,89.9234,0.00237469,0.0000,-0.3000,-20.842,-15.932,2.5568,-0.0114,0.0163
533.72,126.060,0.0000,-0.3000,-0.1430,-0.0182,-0.0197,-0.0115,0.0162,2.5500,-12.998,-2.721,0.0160,19.8586,91.0043,0.00209788,0.0000,-0.3000,-20.850,-15.944,2.5525,-0.0115,0.0163
533.82,126.100,0.0000,-0.3000,-0.1431,-0.0181,-0.0198,-0.0116,0.0162,2.5466,-12.998,-2.721,0.0159,20.1854,92.0928,0.00237469,0.0000,-0.3000,-20.858,-15.956,2.5482,-0.0116,0.0162
533.92,126.120,0.0000,-0.3000,-0.1432,-0.0181,-0.0198,-0.0116,0.0162,2.5432,-12.997,-2.720,0.0159,20.1854,92.0928,0.00237469,0.0000,-0.3000,-20.858,-15.956,2.5482,-0.0116,0.0162
534.02,126.140,0.0000,-0.3000,-0.1432,-0.0180,-0.0199,-0.0117,0.0161,2.5399,-12.997,-2.720,0.0158,20.6311,93.5558,0.00237469,0.0000,-0.3000,-20.869,-15.973,2.5425,-0.0117,0.0161
534.12,126.160,0.0000,-0.3000,-0.1432,-0.0599,0.0346,-0.0117,0.0161,2.5367,-12.997,-2.720,0.0158,20.973,94.6619,0.00209788,0.0000,-0.3000,-20.877,-15.985,2.5381,-0.0117,0.0161
534.22,126.180,0.0000,-0.3000,-0.1433,-0.0177,-0.0195,-0.0118,0.0160,2.5334,-12.996,-2.720,0.0157,20.973,94.6619,0.00209788,0.0000,-0.3000,-20.877,-15.985,2.5381,-0.0118,0.0161
534.32,126.220,0.0000,-0.3000,-0.1434,-0.0177,-0.0197,-0.0118,0.0160,2.5299,-12.996,-2.720,0.0157,21.3216,95.7754,0.00237469,0.0000,-0.3000,-20.886,-15.996,2.5339,-0.0118,0.0160
534.42,126.240,0.0000,-0.3000,-0.1435,-0.0176,-0.0198,-0.0119,0.0160,2.5263,-12.996,-2.719,0.0156,21.7969,97.2716,0.00237469,0.0000,-0.3000,-20.897,-16.012,2.5281,-0.0119,0.0160
534.52,126.260,0.0000,-0.3000,-0.1436,-0.0175,-0.0199,-0.0120,0.0159,2.5225,-12.995,-2.719,0.0155,22.1615,98.4024,0.00209788,0.0000,-0.3000,-20.905,-16.024,2.5238,-0.0120,0.0159
534.62,126.280,0.0000,-0.3000,-0.1437,-0.0175,-0.0200,-0.0120,0.0159,2.5189,-12.995,-2.719,0.0155,22.1615,98.4024,0.00209788,0.0000,-0.3000,-20.905,-16.024,2.5238,-0.0120,0.0159
534.72,126.320,0.0000,-0.3000,-0.1438,-0.0174,-0.0201,-0.0121,0.0158,2.5152,-12.995,-2.719,0.0154,22.5331,99.5406,0.00237469,0.0000,-0.3000,-20.913,-16.035,2.5195,-0.0121,0.0158
534.82,126.340,0.0000,-0.3000,-0.1439,-0.0174,-0.0202,-0.0121,0.0158,2.5118,-12.995,-2.719,0.0153,23.0398,101.07,0.00237469,0.0000,-0.3000,-20.924,-16.051,2.5138,-0.0121,0.0158
534.92,126.360,0.0000,-0.3000,-0.1440,-0.0173,-0.0203,-0.0122,0.0157,2.5082,-12.994,-2.718,0.0153,23.4282,102.225,0.00209788,0.0000,-0.3000,-20.932,-16.062,2.5095,-0.0122,0.0157
535.02,126.380,0.0000,-0.3000,-0.1441,-0.0172,-0.0203,-0.0122,0.0157,2.5048,-12.994,-2.718,0.0153,23.4282,102.225,0.00209788,0.0000,-0.3000,-20.932,-16.062,2.5095,-0.0122,0.0157
535.12,126.420,0.0000,-0.3000,-0.1442,-0.0171,-0.0204,-0.0123,0.0157,2.5011,-12.994,-2.718,0.0152,23.8242,103.388,0.00237469,0.0000,-0.3000,-20.941,-16.073,2.5052,-0.0123,0.0157
535.22,126.440,0.0000,-0.3000,-0.1443,-0.0170,-0.0204,-0.0123,0.0156,2.4978,-12.993,-2.718,0.0152,24.3639,104.949,0.00237469,0.0000,-0.3000,-20.952,-16.088,2.4994,-0.0123,0.0156
535.32,126.460,0.0000,-0.3000,-0.1444,-0.0170,-0.0205,-0.0124,0.0156,2.4940,-12.993,-2.717,0.0151,24.7776,106.128,0.00209788,0.0000,-0.3000,-20.960,-16.099,2.4950,-0.0124,0.0156
535.42,126.480,-0.0000,-0.3000,-0.1645,-0.3937,0.1918,-0.0125,0.0155,2.4907,-12.993,-2.717,0.0146,24.7776,106.128,0.00209788,0.0000,-0.3000,-20.960,-16.099,2.4950,-0.0125,0.0155
535.52,126.500,-0.0000,-0.3000,-0.1710,-0.0187,-0.0166,-0.0125,0.0155,2.4870,-12.992,-2.717,0.0146,25.1992,107.315,0.00237469,0.0000,-0.3000,-20.968,-16.110,2.4906,-0.0125,0.0155
535.62,126.520,-0.0000,-0.3000,-0.1715,-0.0187,-0.0167,-0.0126,0.0154,2.4830,-12.992,-2.717,0.0145,25.7741,108.907,0.00237469,0.0000,-0.3000,-20.979,-16.125,2.4839,-0.0126,0.0154
535.72,126.560,-0.0000,-0.3000,-0.1723,-0.0186,-0.0168,-0.0126,0.0154,2.4785,-12.992,-2.717,0.0143,25.7741,108.907,0.00237469,0.0000,-0.3000,-20.979,-16.125,2.4839,-0.0126,0.0154
535.82,126.580,-0.0000,-0.3000,-0.1728,-0.0185,-0.0168,-0.0127,0.0153,2.4742,-12.991,-2.717,0.0141,26.2152,110.109,0.00209788,0.0000,-0.3000,-20.988,-16.135,2.4787,-0.0127,0.0153
535.92,126.600,-0.0000,-0.3000,-0.1736,-0.0183,-0.0169,-0.0128,0.0153,2.4701,-12.991,-2.717,0.0139,26.6651,111.316,0.00237469,0.0000,-0.3000,-20.996,-16.146,2.4735,-0.0128,0.0153
536.02,126.620,-0.0000,-0.3000,-0.1741,-0.0182,-0.0169,-0.0128,0.0152,2.4659,-12.991,-2.717,0.0138,27.2789,112.936,0.00237469,0.0000,-0.3000,-21.007,-16.160,2.4666,-0.0128,0.0152
536.12,126.640,-0.0000,-0.3000,-0.1746,-0.0181,-0.0170,-0.0129,0.0152,2.4617,-12.990,-2.717,0.0136,27.2789,112.936,0.00237469,0.0000,-0.3000,-21.007,-16.160,2.4666,-0.0129,0.0152
536.22,126.680,-0.0000,-0.3000,-0.1754,-0.0180,-0.0170,-0.0130,0.0151,2.4571,-12.990,-2.717,0.0134,27.7499,114.158,0.00209788,0.0000,-0.3000,-21.016,-16.171,2.4613,-0.0130,0.0151
536.32,126.700,-0.0000,-0.3000,-0.1759,-0.0178,-0.0170,-0.0130,0.0151,2.4533,-12.990,-2.716,0.0133,28.2302,115.386,0.00237469,0.0000,-0.3000,-21.024,-16.181,2.4561,-0.0130,0.0151
536.42,126.720,-0.0000,-0.3000,-0.1764,-0.0177,-0.0170,-0.0131,0.0150,2.4494,-12.990,-2.716,0.0131,28.2302,115.386,0.00237469,0.0000,-0.3000,-21.024,-16.181,2.4561,-0.0131,0.0150
536.52,126.740,-0.0000,-0.3000,-0.1772,-0.0175,-0.0170,-0.0131,0.0149,2.4452,-12.989,-2.716,0.0130,28.8853,117.032,0.00237469,0.0000,-0.3000,-21.035,-16.195,2.4490,-0.0131,0.0150
536.62,126.760,-0.0000,-0.3000,-0.1777,-0.0173,-0.0170,-0.0132,0.0149,2.4412,-12.989,-2.716,0.0128,29.3878,118.272,0.00209788,0.0000,-0.3000,-21.044,-16.205,2.4437,-0.0132,0.0149
536.72,126.780,-0.0000,-0.3000,-0.1782,-0.0172,-0.0170,-0.0133,0.0148,2.4373,-12.989,-2.716,0.0126,29.3878,118.272,0.00209788,0.0000,-0.3000,-21.044,-16.205,2.4437,-0.0132,0.0149
536.82,126.800,-0.0000,-0.3000,-0.1788,0.3581,-0.3996,-0.0133,0.0148,2.4341,-12.989,-2.716,0.0164,29.9003,119.519,0.00237469,0.0675,-0.3000,-21.052,-16.215,2.4384,-0.0133,0.0148
536.92,126.820,0.0124,-0.3000,-0.1793,0.3626,-0.4013,-0.0134,0.0147,2.4303,-12.988,-2.716,0.0254,30.5991,121.189,0.00237469,0.0675,-0.3000,-21.064,-16.228,2.4312,-0.0134,0.0148
537.02,126.840,0.0284,-0.3000,-0.1798,0.3671,-0.4029,-0.0134,0.0147,2.4264,-12.988,-2.715,0.0364,30.5991,121.189,0.00237469,0.0675,-0.3000,-21.064,-16.228,2.4312,-0.0134,0.0147
537.12,126.880,0.0604,-0.3000,-0.1806,0.3742,-0.4050,-0.0135,0.0146,2.4221,-12.988,-2.714,0.0490,31.1351,122.447,0.00209788,0.0675,-0.3000,-21.073,-16.237,2.4258,-0.0135,0.0146
537.22,126.900,0.0675,-0.3000,-0.1811,-0.0098,-0.0231,-0.0136,0.0146,2.4177,-12.988,-2.713,0.0511,31.6816,123.711,0.00237469,0.0684,-0.3000,-21.083,-16.246,2.4204,-0.0135,0.0146
537.32,126.920,0.0684,-0.3000,-0.1819,-0.0096,-0.0232,-0.0136,0.0145,2.4130,-12.987,-2.711,0.0513,31.6816,123.711,0.00237469,0.0684,-0.3000,-21.083,-16.246,2.4204,-0.0136,0.0145
537.42,126.940,0.0684,-0.3000,-0.1824,-0.0095,-0.0232,-0.0137,0.0145,2.4086,-12.987,-2.710,0.0515,32.4267,125.404,0.00237469,0.0684,-0.3000,-21.096,-16.257,2.4132,-0.0137,0.0145
537.52,126.980,0.0684,-0.3000,-0.1832,-0.0093,-0.0232,-0.0138,0.0144,2.4037,-12.987,-2.709,0.0517,32.9982,126.679,0.00209788,0.0684,-0.3000,-21.106,-16.265,2.4077,-0.0137,0.0144
537.62,127.000,0.0684,-0.3000,-0.1837,-0.0092,-0.0232,-0.0138,0.0143,2.3998,-12.987,-2.708,0.0541,33.5807,127.959,0.00237469,0.0937,-0.3000,-21.116,-16.273,2.4022,-0.0138,0.0143
537.72,127.020,0.0808,-0.3000,-0.1927,0.2181,-0.2804,-0.0139,0.0143,2.3951,-12.987,-2.706,0.0629,33.5807,127.959,0.00237469,0.0937,-0.3000,-21.116,-16.273,2.4022,-0.0139,0.0143
537.82,127.040,0.0936,-0.3000,-0.1764,0.2144,-0.2853,-0.0140,0.0142,2.3903,-12.987,-2.705,0.0686,34.3748,129.672,0.00237469,0.0937,-0.3000,-21.130,-16.283,2.3947,-0.0139,0.0142
537.92,127.060,0.0937,-0.3000,-0.1783,0.0974,-0.0858,-0.0140,0.0141,2.3860,-12.987,-2.703,0.0728,34.9838,130.962,0.00209788,0.0937,-0.3000,-21.140,-16.290,2.3890,-0.0140,0.0142
538.02,127.080,0.0937,-0.3000,-0.1695,0.0891,-0.0820,-0.0141,0.0141,2.3824,-12.986,-2.701,0.0752,35.6046,132.256,0.00237469,0.0947,-0.3000,-21.151,-16.298,2.3837,-0.0140,0.0141
538.12,127.120,0.0947,-0.3000,-0.1591,0.0774,-0.0763,-0.0141,0.0140,2.3787,-12.986,-2.700,0.0781,35.6046,132.256,0.00237469,0.0947,-0.3000,-21.151,-16.298,2.3837,-0.0141,0.0140
538.22,127.140,0.0947,-0.3000,-0.1518,0.0700,-0.0727,-0.0142,0.0140,2.3757,-12.986,-2.698,0.0800,36.4502,133.988,0.00237469,0.0947,-0.3000,-21.165,-16.307,2.3771,-0.0142,0.0140
538.32,127.160,0.0947,-0.3000,-0.1451,0.0629,-0.0692,-0.0142,0.0140,2.3726,-12.986,-2.696,0.0820,36.4502,133.988,0.00237469,0.0947,-0.3000,-21.165,-16.307,2.3771,-0.0142,0.0140
538.42,127.180,0.0947,-0.3000,-0.1390,0.0561,-0.0658,-0.0142,0.0139,2.3694,-12.986,-2.695,0.0840,37.0979,135.293,0.00209788,0.0947,-0.3000,-21.176,-16.314,2.3726,-0.0142,0.0139
538.52,127.200,0.0947,-0.3000,-0.1334,0.0497,-0.0625,-0.0143,0.0139,2.3662,-12.986,-2.692,0.0861,37.7571,136.603,0.00237469,0.0954,-0.3000,-21.186,-16.321,2.3684,-0.0143,0.0139
538.62,127.220,0.0954,-0.3000,-0.1272,0.0405,-0.0576,-0.0143,0.0138,2.3629,-12.986,-2.690,0.0879,38.6537,138.359,0.00237469,0.0954,-0.3000,-21.200,-16.330,2.3631,-0.0143,0.0138
538.72,127.240,0.0954,-0.3000,-0.1229,0.0346,-0.0544,-0.0144,0.0138,2.3599,-12.986,-2.688,0.0895,38.6537,138.359,0.00237469,0.0954,-0.3000,-21.200,-16.330,2.3631,-0.0144,0.0138
538.82,127.280,0.0954,-0.3000,-0.1173,0.0262,-0.0498,-0.0144,0.0137,2.3567,-12.986,-2.686,0.0910,39.3395,139.682,0.00209788,0.0954,-0.3000,-21.211,-16.336,2.3593,-0.0144,0.0137
538.92,127.300,0.0954,-0.3000,-0.1134,0.0181,-0.0452,-0.0145,0.0137,2.3538,-12.986,-2.683,0.0923,40.0368,141.011,0.00237469,0.0957,-0.3000,-21.221,-16.343,2.3558,-0.0145,0.0137
539.02,127.320,0.0957,-0.3000,-0.1111,0.0129,-0.0423,-0.0145,0.0136,2.3511,-12.986,-2.681,0.0932,40.9843,142.794,0.00237469,0.0957,-0.3000,-21.235,-16.351,2.3513,-0.0145,0.0137
539.12,127.360,0.0957,-0.3000,-0.1091,0.0078,-0.0393,-0.0145,0.0136,2.3485,-12.986,-2.679,0.0940,40.9843,142.794,0.00237469,0.0957,-0.3000,-21.235,-16.351,2.3513,-0.0145,0.0136
539.22,127.380,0.0957,-0.3000,-0.1071,0.0003,-0.0349,-0.0146,0.0136,2.3457,-12.986,-2.676,0.0947,41.7085,144.138,0.00209788,0.0957,-0.3000,-21.246,-16.358,2.3480,-0.0146,0.0136
539.32,127.400,0.0957,-0.3000,-0.1063,-0.0070,-0.0306,-0.0146,0.0135,2.3430,-12.987,-2.674,0.0952,42.4444,145.488,0.00237469,0.0959,-0.3000,-21.256,-16.364,2.3448,-0.0146,0.0135
539.42,127.420,0.0959,-0.3000,-0.1062,-0.0119,-0.0276,-0.0146,0.0135,2.3404,-12.987,-2.672,0.0955,43.4438,147.299,0.00237469,0.0959,-0.3000,-21.270,-16.372,2.3406,-0.0146,0.0135
539.52,127.460,0.0959,-0.3000,-0.0986,-0.0189,-0.0227,-0.0147,0.0135,2.3378,-12.987,-2.669,0.0976,43.4438,147.299,0.00237469,0.0959,-0.3000,-21.270,-16.372,2.3406,-0.0147,0.0135
539.62,127.480,0.0959,-0.3000,-0.0996,-0.0234,-0.0201,-0.0147,0.0134,2.3355,-12.987,-2.667,0.0976,44.2073,148.664,0.00209788,0.0959,-0.3000,-21.280,-16.378,2.3375,-0.0147,0.0134
539.72,127.500,0.0959,-0.3000,-0.1010,-0.0280,-0.0174,-0.0147,0.0134,2.3334,-12.987,-2.665,0.0975,44.9828,150.037,0.00237469,0.0959,-0.3000,-21.291,-16.384,2.3345,-0.0147,0.0134
539.82,127.520,0.0959,-0.3000,-0.1029,-0.0326,-0.0146,-0.0148,0.0134,2.3311,-12.987,-2.663,0.0972,44.9828,150.037,0.00237469,0.0959,-0.3000,-21.291,-16.384,2.3345,-0.0148,0.0134
539.92,127.540,0.0959,-0.3000,-0.1066,-0.0396,-0.0102,-0.0148,0.0133,2.3285,-12.987,-2.660,0.0967,46.0356,151.876,0.00237469,0.0959,-0.3000,-21.305,-16.392,2.3305,-0.0148,0.0133
540.02,127.560,0.0959,-0.3000,-0.1097,-0.0445,-0.0071,-0.0148,0.0133,2.3258,-12.987,-2.658,0.0960,46.8396,153.264,0.00209788,0.0959,-0.3000,-21.315,-16.398,2.3273,-0.0148,0.0133
540.12,127.600,0.0959,-0.3000,-0.1152,-0.0519,-0.0022,-0.0149,0.0132,2.3231,-12.987,-2.656,0.0952,47.6562,154.658,0.00237469,0.0959,-0.3000,-21.325,-16.404,2.3240,-0.0149,0.0132
540.22,127.620,0.0959,-0.3000,-0.1197,-0.0557,-0.0004,-0.0149,0.0132,2.3201,-12.987,-2.653,0.0942,47.6562,154.658,0.00237469,0.0959,-0.3000,-21.325,-16.404,2.3240,-0.0149,0.0132
540.32,127.640,0.0959,-0.3000,-0.1290,-0.0549,-0.0053,-0.0150,0.0131,2.3170,-12.987,-2.651,0.0932,48.7652,156.525,0.00237469,0.0959,-0.3000,-21.339,-16.411,2.3194,-0.0150,0.0131
540.42,127.660,0.0959,-0.3000,-0.1375,-0.0534,-0.0092,-0.0150,0.0131,2.3133,-12.987,-2.648,0.0922,49.6123,157.932,0.00209788,0.0959,-0.3000,-21.349,-16.417,2.3156,-0.0150,0.0131
540.52,127.700,0.0959,-0.3000,-0.1546,-0.0495,-0.0166,-0.0150,0.0130,2.3096,-12.987,-2.646,0.0917,50.4732,159.344,0.00237469,0.1019,-0.3000,-21.359,-16.422,2.3114,-0.0150,0.0130
540.62,127.720,0.1019,-0.3000,-0.1721,-0.0440,-0.0238,-0.0151,0.0130,2.3054,-12.987,-2.644,0.0914,50.4732,159.344,0.00237469,0.1019,-0.3000,-21.359,-16.422,2.3114,-0.0151,0.0130
540.72,127.740,0.1019,-0.3000,-0.2012,-0.0330,-0.0361,-0.0152,0.0129,2.3008,-12.987,-2.642,0.0912,51.6433,161.234,0.00237469,0.1019,-0.3000,-21.373,-16.429,2.3050,-0.0152,0.0129
540.82,127.760,0.1019,-0.3000,-0.1793,-0.0388,-0.0330,-0.0152,0.0128,2.2959,-12.987,-2.639,0.0879,52.5384,162.654,0.00209788,0.1019,-0.3000,-21.383,-16.434,2.2991,-0.0152,0.0129
540.92,127.800,0.1019,-0.3000,-0.2189,-0.0250,-0.0516,-0.0153,0.0128,2.2909,-12.987,-2.637,0.0881,53.4495,164.076,0.00237469,0.1028,-0.3000,-21.393,-16.439,2.2934,-0.0153,0.0128
541.02,127.820,0.1028,-0.3000,-0.2861,-0.0142,-0.1132,-0.0154,0.0127,2.2849,-12.988,-2.635,0.0891,53.4495,164.076,0.00237469,0.1028,-0.3000,-21.393,-16.439,2.2934,-0.0153,0.0127
541.12,127.840,0.1028,-0.3000,-0.3779,-0.0026,-0.0954,-0.0155,0.0125,2.2770,-12.987,-2.633,0.0878,54.6898,165.973,0.00237469,0.1028,-0.3000,-21.407,-16.446,2.2835,-0.0154,0.0126
541.22,127.860,0.1028,-0.3000,-0.4064,0.0486,-0.0025,-0.0156,0.0124,2.2684,-12.987,-2.631,0.0875,55.6417,167.392,0.00209788,0.1028,-0.3000,-21.417,-16.450,2.2725,-0.0155,0.0125
541.32,127.880,0.1028,-0.3000,-0.3960,0.0460,-0.0053,-0.0157,0.0122,2.2584,-12.987,-2.629,0.0885,55.6417,167.392,0.00209788,0.1028,-0.3000,-21.417,-16.450,2.2725,-0.0157,0.0123
541.42,127.900,0.1028,-0.3000,-0.3948,0.0518,-0.0104,-0.0158,0.0121,2.2486,-12.988,-2.627,0.0896,56.6149,168.802,0.00237469,0.1051,-0.3000,-21.427,-16.455,2.2603,-0.0158,0.0121
541.52,127.940,0.1051,-0.3000,-0.3861,0.0486,-0.0116,-0.0159,0.0119,2.2391,-12.988,-2.625,0.0846,57.9471,170.666,0.00237469,0.1051,-0.3000,-21.441,-16.461,2.2445,-0.0159,0.0120
541.62,127.960,0.1051,-0.3000,-0.3797,0.0463,-0.0126,-0.0160,0.0118,2.2299,-12.988,-2.623,0.0857,58.972,172.053,0.00209788,0.1051,-0.3000,-21.451,-16.465,2.2329,-0.0160,0.0118
541.72,127.980,0.1051,-0.3000,-0.3716,0.0434,-0.0137,-0.0161,0.0116,2.2207,-12.988,-2.621,0.0810,58.972,172.053,0.00209788,0.1051,-0.3000,-21.451,-16.465,2.2329,-0.0161,0.0117
541.82,128.000,0.1051,-0.3000,-0.3767,0.0427,-0.0123,-0.0162,0.0115,2.2136,-12.988,-2.619,0.0831,60.0193,173.428,0.00237469,0.1103,-0.3000,-21.461,-16.469,2.2216,-0.0162,0.0115
541.92,128.020,0.1103,-0.3000,-0.3705,0.0407,-0.0133,-0.0163,0.0114,2.2051,-12.988,-2.617,0.0788,2.19937,3.36531,0.00237468,0.1103,-0.3000,-17.479,-12.781,2.2067,-0.0163,0.0114
542.02,128.040,0.1103,-0.3000,-0.3648,0.0389,-0.0141,-0.0164,0.0112,2.1960,-12.988,-2.615,0.0840,2.19937,3.36531,0.00237468,0.1103,-0.3000,-17.479,-12.781,2.2067,-0.0164,0.0113
542.12,128.080,0.1103,-0.3000,-0.3560,0.0361,-0.0154,-0.0165,0.0111,2.1867,-12.989,-2.613,0.0851,2.22937,3.38717,0.00209788,0.1103,-0.3000,-17.461,-12.764,2.1957,-0.0165,0.0111
542.22,128.100,0.1103,-0.3000,-0.3274,-0.0336,-0.0108,-0.0166,0.0109,2.1782,-12.989,-2.611,0.0834,2.26081,3.40934,0.00237468,0.0000,0.3000,-17.442,-12.746,2.1850,-0.0166,0.0109
542.32,128.120,0.0979,-0.2845,-0.2820,-0.0602,-0.0093,-0.0167,0.0108,2.1707,-12.989,-2.609,0.0821,2.30502,3.43935,0.00237469,0.0000,0.3000,-17.416,-12.723,2.1719,-0.0167,0.0108
542.42,128.140,0.0819,-0.2645,-0.2396,-0.5181,0.2463,-0.0168,0.0107,2.1651,-12.989,-2.607,0.0690,2.30502,3.43935,0.00237469,0.0000,0.3000,-17.416,-12.723,2.1719,-0.0167,0.0108
542.52,128.180,0.0499,-0.2245,-0.1790,-0.5371,0.2406,-0.0168,0.0107,2.1605,-12.989,-2.606,0.0557,2.33992,3.46223,0.00209788,0.0000,0.3000,-17.396,-12.707,2.1641,-0.0168,0.0107
542.62,128.200,0.0339,-0.2045,-0.1399,-0.5467,0.2379,-0.0169,0.0106,2.1572,-12.990,-2.605,0.0433,2.37632,3.48547,0.00237469,0.0000,0.3000,-17.376,-12.691,2.1583,-0.0168,0.0106
542.72,128.220,0.0179,-0.1845,-0.1016,-0.5539,0.2359,-0.0169,0.0106,2.1544,-12.990,-2.604,0.0284,2.37632,3.48547,0.00237469,0.0000,0.3000,-17.376,-12.691,2.1583,-0.0169,0.0106
542.82,128.240,0.0022,-0.1645,-0.0712,-0.1230,0.0386,-0.0169,0.0105,2.1525,-12.990,-2.603,0.0185,2.42715,3.51713,0.00237469,0.0000,0.3000,-17.347,-12.671,2.1534,-0.0169,0.0105
542.92,128.260,0.0000,-0.1445,-0.0616,-0.9946,0.5795,-0.0169,0.0105,2.1509,-12.990,-2.603,0.0054,2.467,3.54145,0.00209788,0.0000,0.3000,-17.325,-12.656,2.1513,-0.0169,0.0105
543.02,128.300,-0.0000,-0.1045,-0.0664,-0.0000,-0.0000,-0.0169,0.0105,2.1492,-12.990,-2.603,0.0009,2.50833,3.5663,0.00237469,0.0000,0.3000,-17.303,-12.641,2.1495,-0.0169,0.0105
543.12,128.320,-0.0000,-0.0845,-0.0531,0.0000,-0.0000,-0.0170,0.0104,2.1478,-12.990,-2.603,0.0017,2.50833,3.5663,0.00237469,0.0000,0.3000,-17.303,-12.641,2.1495,-0.0169,0.0104
543.22,128.340,-0.0000,-0.0645,-0.0332,0.0000,-0.0000,-0.0170,0.0104,2.1468,-12.990,-2.603,0.0024,2.5658,3.6003,0.00237469,0.0000,0.3000,-17.273,-12.622,2.1473,-0.0170,0.0104
543.32,128.360,-0.0000,-0.0445,-0.0199,-0.0427,-0.0695,-0.0170,0.0104,2.1462,-12.990,-2.603,0.0013,2.61069,3.62645,0.00209788,0.0000,0.3000,-17.250,-12.607,2.1462,-0.0170,0.0104
