t_s,sim_t,odom_vx,odom_wz,imu_wz,imu_ax,imu_ay,roll,pitch,yaw,gt_x,gt_y,gt_speed,ekf_cov_xx,ekf_cov_yy,ekf_cov_vx,cmd_lin_x,cmd_ang_z,ekf_x,ekf_y,ekf_yaw,imu_roll,imu_pitch
7.01,0.040,0.0000,0.0000,0.0000,0.0000,0.0000,0.0000,0.0000,0.0000,0.000,0.000,0.0000,0.0014001,0.00140011,0.000680664,0.0000,0.0000,0.000,0.000,0.0000,0.0000,0.0000
7.11,0.060,0.0000,0.0000,0.0000,0.0000,0.0000,0.0000,0.0000,0.0000,0.000,0.000,0.0000,0.00290103,0.00290125,0.00119086,0.0000,0.0000,0.000,0.000,0.0000,0.0000,0.0000
7.21,0.080,0.0000,0.0000,0.0000,0.0000,0.0000,0.0000,0.0000,0.0000,0.000,0.000,0.0000,0.00290103,0.00290125,0.00119086,0.0000,0.0000,0.000,0.000,0.0000,0.0000,0.0000
7.31,0.100,0.0000,0.0000,0.0000,0.0000,0.0000,0.0000,0.0000,0.0000,0.000,0.000,0.0000,0.00440346,0.00440478,0.00169733,0.0000,0.0000,0.000,0.000,0.0000,0.0000,0.0000
7.41,0.140,0.0000,0.0000,0.0000,0.0000,0.0000,0.0000,0.0000,0.0000,0.000,0.000,0.0000,0.00640862,0.00641555,0.00200835,0.0000,0.0000,0.000,0.000,0.0000,0.0000,0.0000
7.51,0.160,0.0000,0.0000,0.0000,0.0000,0.0000,0.0000,0.0000,0.0000,0.000,0.000,0.0000,0.0079128,0.00792992,0.00190013,0.0000,0.0000,0.000,0.000,0.0000,0.0000,0.0000
7.61,0.180,0.0000,0.0000,0.0000,0.0000,0.0000,0.0000,0.0000,0.0000,0.000,0.000,0.0000,0.0079128,0.00792992,0.00190013,0.0000,0.0000,0.000,0.000,0.0000,0.0000,0.0000
7.71,0.200,0.0000,0.0000,0.0000,0.0000,0.0000,0.0000,0.0000,0.0000,0.000,0.000,0.0000,0.00941883,0.00945121,0.00218954,0.0000,0.0000,0.000,0.000,0.0000,0.0000,0.0000
7.81,0.220,0.0000,0.0000,0.0000,0.0000,0.0000,0.0000,0.0000,0.0000,0.000,0.000,0.0000,0.00941883,0.00945121,0.00218954,0.0000,0.0000,0.000,0.000,0.0000,0.0000,0.0000
7.91,0.240,0.0000,0.0000,0.0000,0.0000,0.0000,0.0000,0.0000,0.0000,0.000,0.000,0.0000,0.0114264,0.0114927,0.00223126,0.0000,0.0000,0.000,0.000,0.0000,0.0000,0.0000
8.01,0.260,0.0000,0.0000,0.0000,0.0000,0.0000,0.0000,0.0000,0.0000,0.000,0.000,0.0000,0.012931,0.0130355,0.00199722,0.0000,0.0000,0.000,0.000,0.0000,0.0000,0.0000
8.11,0.300,0.0000,0.0000,0.0000,0.0000,0.0000,0.0000,0.0000,0.0000,0.000,0.000,0.0000,0.0144381,0.0145898,0.00225569,0.0000,0.0000,0.000,0.000,0.0000,0.0000,0.0000
8.21,0.320,0.0000,0.0000,0.0000,0.0000,0.0000,0.0000,0.0000,0.0000,0.000,0.000,0.0000,0.0144381,0.0145898,0.00225569,0.0000,0.0000,0.000,0.000,0.0000,0.0000,0.0000
8.31,0.340,0.0000,0.0000,0.0000,0.0000,0.0000,0.0000,0.0000,0.0000,0.000,0.000,0.0000,0.016446,0.0166826,0.00226285,0.0000,0.0000,0.000,0.000,0.0000,0.0000,0.0000
8.41,0.360,0.0000,0.0000,0.0000,0.0000,0.0000,0.0000,0.0000,0.0000,0.000,0.000,0.0000,0.0179505,0.0182694,0.00201298,0.0000,0.0000,0.000,0.000,0.0000,0.0000,0.0000
8.51,0.380,0.0000,0.0000,0.0000,0.0000,0.0000,0.0000,0.0000,0.0000,0.000,0.000,0.0000,0.0179505,0.0182694,0.00201298,0.0000,0.0000,0.000,0.000,0.0000,0.0000,0.0000
8.61,0.400,0.0000,0.0000,0.0000,0.0000,0.0000,0.0000,0.0000,0.0000,0.000,0.000,0.0000,0.019458,0.0198724,0.00226948,0.0000,0.0000,0.000,0.000,0.0000,0.0000,0.0000
8.71,0.420,0.0000,0.0000,0.0000,0.0000,0.0000,0.0000,0.0000,0.0000,0.000,0.000,0.0000,0.021466,0.0220376,0.00227295,0.0000,0.0000,0.000,0.000,0.0000,0.0000,0.0000
8.81,0.440,0.0000,0.0000,0.0000,0.0000,0.0000,0.0000,0.0000,0.0000,0.000,0.000,0.0000,0.021466,0.0220376,0.00227295,0.0000,0.0000,0.000,0.000,0.0000,0.0000,0.0000
8.91,0.480,0.0000,0.0000,0.0000,0.0000,0.0000,0.0000,0.0000,0.0000,0.000,0.000,0.0000,0.0229705,0.0236843,0.00201998,0.0000,0.0000,0.000,0.000,0.0000,0.0000,0.0000
9.01,0.500,0.0000,0.0000,0.0000,0.0000,0.0000,0.0000,0.0000,0.0000,0.000,0.000,0.0000,0.0244781,0.0253522,0.0022777,0.0000,0.0000,0.000,0.000,0.0000,0.0000,0.0000
9.11,0.520,0.0000,0.0000,0.0000,0.0000,0.0000,0.0000,0.0000,0.0000,0.000,0.000,0.0000,0.0244781,0.0253522,0.0022777,0.0000,0.0000,0.000,0.000,0.0000,0.0000,0.0000
9.21,0.540,0.0000,0.0000,0.0000,0.0000,0.0000,0.0000,0.0000,0.0000,0.000,0.000,0.0000,0.0264861,0.0276118,0.00228074,0.0000,0.0000,0.000,0.000,0.0000,0.0000,0.0000
9.31,0.560,0.0000,0.0000,0.0000,0.0000,0.0000,0.0000,0.0000,0.0000,0.000,0.000,0.0000,0.0279905,0.0293352,0.00202599,0.0000,0.0000,0.000,0.000,0.0000,0.0000,0.0000
9.41,0.580,0.0000,0.0000,0.0000,0.0000,0.0000,0.0000,0.0000,0.0000,0.000,0.000,0.0000,0.0279905,0.0293352,0.00202599,0.0000,0.0000,0.000,0.000,0.0000,0.0000,0.0000
9.51,0.600,0.0000,0.0000,0.0000,0.0000,0.0000,0.0000,0.0000,0.0000,0.000,0.000,0.0000,0.0294981,0.0310851,0.00228521,0.0000,0.0000,0.000,0.000,0.0000,0.0000,0.0000
9.61,0.620,0.0000,0.0000,0.0000,0.0000,0.0000,0.0000,0.0000,0.0000,0.000,0.000,0.0000,0.0315061,0.0334621,0.00228813,0.0000,0.0000,0.000,0.000,0.0000,0.0000,0.0000
9.71,0.660,0.0000,0.0000,0.0000,0.0000,0.0000,0.0000,0.0000,0.0000,0.000,0.000,0.0000,0.0315061,0.0334621,0.00228813,0.0000,0.0000,0.000,0.000,0.0000,0.0000,0.0000
9.81,0.680,0.0000,0.0000,0.0000,0.0000,0.0000,0.0000,0.0000,0.0000,0.000,0.000,0.0000,0.0330106,0.0352799,0.00203174,0.0000,0.0000,0.000,0.000,0.0000,0.0000,0.0000
9.91,0.700,0.0000,0.0000,0.0000,0.0000,0.0000,0.0000,0.0000,0.0000,0.000,0.000,0.0000,0.0345182,0.0371296,0.00229243,0.0000,0.0000,0.000,0.000,0.0000,0.0000,0.0000
10.01,0.720,0.0000,0.0000,0.0000,0.0000,0.0000,0.0000,0.0000,0.0000,0.000,0.000,0.0000,0.0345182,0.0371296,0.00229243,0.0000,0.0000,0.000,0.000,0.0000,0.0000,0.0000
10.11,0.740,0.0399,-0.0625,-0.6106,-0.2539,0.0478,0.0146,-0.0190,-0.0045,0.002,-0.000,0.0000,0.0365262,0.0396484,0.00229523,0.0000,0.0000,0.000,0.000,0.0000,0.0083,-0.0109
10.21,0.760,0.0000,0.0000,-0.0000,0.0358,0.0237,0.0146,-0.0189,-0.0045,0.002,-0.000,0.0000,0.0380306,0.0415792,0.00203725,0.0000,0.0000,0.001,-0.000,-0.0046,0.0146,-0.0189
10.31,0.780,0.0000,0.0000,-0.0000,0.0348,0.0237,0.0146,-0.0189,-0.0045,0.002,-0.000,0.0001,0.0380306,0.0415792,0.00203725,0.0000,0.0000,0.001,-0.000,-0.0046,0.0146,-0.0189
10.41,0.800,0.0000,0.0000,-0.0000,0.0340,0.0237,0.0146,-0.0189,-0.0045,0.002,-0.000,0.0002,0.0395383,0.0435477,0.00229933,0.0000,0.0000,0.001,-0.000,-0.0051,0.0146,-0.0189
10.51,0.820,0.0000,0.0000,-0.0000,0.0333,0.0237,0.0146,-0.0189,-0.0045,0.002,-0.000,0.0001,0.0415463,0.0462343,0.002302,0.0000,0.0000,0.001,-0.000,-0.0048,0.0146,-0.0189
10.61,0.840,0.0000,0.0000,-0.0000,0.0328,0.0237,0.0146,-0.0188,-0.0045,0.002,-0.000,0.0001,0.0415463,0.0462343,0.002302,0.0000,0.0000,0.001,-0.000,-0.0048,0.0146,-0.0188
10.71,0.880,0.0000,0.0000,-0.0000,0.0321,0.0237,0.0146,-0.0188,-0.0045,0.002,-0.000,0.0001,0.0430507,0.048298,0.00204249,0.0000,0.0000,0.001,-0.000,-0.0047,0.0146,-0.0188
10.81,0.900,0.0000,0.0000,-0.0000,0.0317,0.0237,0.0146,-0.0187,-0.0045,0.002,-0.000,0.0001,0.0445583,0.0504058,0.00230589,0.0000,0.0000,0.001,-0.000,-0.0046,0.0146,-0.0187
10.91,0.920,0.0000,0.0000,-0.0000,0.0313,0.0237,0.0146,-0.0186,-0.0045,0.002,-0.000,0.0002,0.0445583,0.0504058,0.00230589,0.0000,0.0000,0.001,-0.000,-0.0046,0.0146,-0.0186
11.01,0.940,0.0000,0.0000,-0.0000,0.0310,0.0237,0.0146,-0.0186,-0.0045,0.002,-0.000,0.0002,0.0465664,0.0532879,0.00230841,0.0000,0.0000,0.001,-0.000,-0.0045,0.0146,-0.0186
11.11,0.960,0.0000,0.0000,-0.0000,0.0308,0.0237,0.0146,-0.0185,-0.0045,0.002,-0.000,0.0002,0.0480708,0.0555059,0.00204744,0.0000,0.0000,0.001,-0.000,-0.0045,0.0146,-0.0185
11.21,0.980,0.0000,0.0000,-0.0000,0.0304,0.0237,0.0146,-0.0184,-0.0045,0.002,-0.000,0.0002,0.0480708,0.0555059,0.00204744,0.0000,0.0000,0.001,-0.000,-0.0045,0.0146,-0.0184
11.31,1.000,0.0000,0.0000,-0.0000,0.0302,0.0237,0.0146,-0.0184,-0.0045,0.002,-0.000,0.0002,0.0495785,0.0577746,0.00231208,0.0000,0.0000,0.001,-0.000,-0.0045,0.0146,-0.0184
11.41,1.020,0.0000,0.0000,-0.0000,0.0300,0.0237,0.0146,-0.0183,-0.0045,0.002,-0.000,0.0002,0.0495785,0.0577746,0.00231208,0.0000,0.0000,0.001,-0.000,-0.0045,0.0146,-0.0183
11.51,1.040,0.0000,0.0000,-0.0000,0.0298,0.0237,0.0146,-0.0182,-0.0044,0.002,-0.000,0.0002,0.0515865,0.060882,0.00231445,0.0000,0.0000,0.001,-0.000,-0.0045,0.0146,-0.0182
11.61,1.060,0.0000,0.0000,-0.0000,0.0297,0.0237,0.0146,-0.0181,-0.0044,0.002,-0.000,0.0002,0.0530909,0.0632773,0.00205209,0.0000,0.0000,0.001,-0.000,-0.0045,0.0146,-0.0182
11.71,1.080,0.0000,0.0000,-0.0000,0.0295,0.0237,0.0146,-0.0181,-0.0044,0.002,-0.000,0.0002,0.0530909,0.0632773,0.00205209,0.0000,0.0000,0.001,-0.000,-0.0045,0.0146,-0.0181
11.81,1.100,0.0000,0.0000,-0.0000,0.0294,0.0237,0.0146,-0.0180,-0.0044,0.002,-0.000,0.0002,0.0545986,0.0657304,0.00231788,0.0000,0.0000,0.001,-0.000,-0.0045,0.0146,-0.0180
11.91,1.140,0.0000,0.0000,-0.0000,0.0292,0.0237,0.0146,-0.0179,-0.0044,0.002,-0.000,0.0002,0.0566066,0.0690952,0.00232009,0.0000,0.0000,0.001,-0.000,-0.0044,0.0146,-0.0179
12.01,1.160,0.0000,0.0000,-0.0000,0.0173,0.0201,0.0146,-0.0178,-0.0044,0.002,-0.000,0.0004,0.0566066,0.0690952,0.00232009,0.0000,0.0000,0.001,-0.000,-0.0044,0.0146,-0.0178
12.11,1.180,0.0000,0.0000,-0.0000,0.0192,0.0206,0.0145,-0.0177,-0.0044,0.002,-0.000,0.0003,0.058111,0.0716924,0.00205642,0.0000,0.0000,0.001,-0.000,-0.0044,0.0145,-0.0177
12.21,1.200,0.0000,0.0000,-0.0000,0.0207,0.0211,0.0145,-0.0176,-0.0044,0.002,-0.000,0.0003,0.0596187,0.0743552,0.00232329,0.0000,0.0000,0.001,-0.000,-0.0044,0.0145,-0.0176
12.31,1.220,0.0000,0.0000,-0.0000,0.0220,0.0215,0.0145,-0.0175,-0.0044,0.002,-0.000,0.0002,0.0596187,0.0743552,0.00232329,0.0000,0.0000,0.001,-0.000,-0.0044,0.0145,-0.0175
12.41,1.240,0.0000,0.0000,-0.0000,0.0231,0.0218,0.0145,-0.0174,-0.0044,0.002,-0.000,0.0002,0.0616268,0.0780121,0.00232534,0.0000,0.0000,0.001,-0.000,-0.0044,0.0145,-0.0174
12.51,1.260,0.0000,0.0000,-0.0000,0.0239,0.0221,0.0144,-0.0174,-0.0044,0.002,-0.000,0.0001,0.0631312,0.0808379,0.00206044,0.0000,0.0000,0.001,-0.000,-0.0044,0.0144,-0.0174
12.61,1.280,0.0000,0.0000,-0.0000,0.0246,0.0223,0.0144,-0.0173,-0.0044,0.002,-0.000,0.0002,0.0631312,0.0808379,0.00206044,0.0000,0.0000,0.001,-0.000,-0.0044,0.0144,-0.0173
12.71,1.300,0.0000,0.0000,-0.0000,0.0254,0.0226,0.0144,-0.0173,-0.0044,0.002,-0.000,0.0002,0.0646388,0.0837377,0.0023283,0.0000,0.0000,0.001,-0.000,-0.0044,0.0144,-0.0173
12.81,1.320,0.0000,0.0000,-0.0000,0.0259,0.0227,0.0144,-0.0173,-0.0044,0.002,-0.000,0.0000,0.0646388,0.0837377,0.0023283,0.0000,0.0000,0.001,-0.000,-0.0044,0.0144,-0.0173
12.91,1.340,-0.0000,-0.0000,-0.0000,0.0262,0.0228,0.0144,-0.0172,-0.0044,0.002,-0.000,0.0002,0.0666469,0.0877241,0.00233019,0.0000,0.0000,0.001,-0.000,-0.0044,0.0144,-0.0172
13.01,1.360,-0.0000,-0.0000,-0.0000,0.0265,0.0229,0.0144,-0.0172,-0.0044,0.002,-0.000,0.0001,0.0681513,0.0908072,0.00206416,0.0000,0.0000,0.001,-0.000,-0.0044,0.0144,-0.0172
13.11,1.400,-0.0000,-0.0000,-0.0000,0.0268,0.0230,0.0144,-0.0172,-0.0044,0.002,-0.000,0.0000,0.069659,0.0939735,0.00233292,0.0000,0.0000,0.001,-0.000,-0.0044,0.0144,-0.0172
13.21,1.420,-0.0000,-0.0000,-0.0000,0.0270,0.0230,0.0144,-0.0172,-0.0044,0.002,-0.000,0.0000,0.069659,0.0939735,0.00233292,0.0000,0.0000,0.001,-0.000,-0.0044,0.0144,-0.0172
13.31,1.440,-0.0000,-0.0000,-0.0000,0.0271,0.0231,0.0144,-0.0172,-0.0044,0.002,-0.000,0.0000,0.0716671,0.0983297,0.00233466,0.0000,0.0000,0.001,-0.000,-0.0044,0.0144,-0.0172
13.41,1.460,-0.0000,-0.0000,-0.0000,0.0273,0.0231,0.0144,-0.0172,-0.0044,0.002,-0.000,0.0000,0.0731715,0.101701,0.00206757,0.0000,0.0000,0.001,-0.000,-0.0044,0.0144,-0.0172
13.51,1.480,-0.0000,-0.0000,-0.0000,0.0274,0.0232,0.0144,-0.0172,-0.0044,0.002,-0.000,0.0000,0.0731715,0.101701,0.00206757,0.0000,0.0000,0.001,-0.000,-0.0044,0.0144,-0.0172
13.61,1.500,-0.0000,-0.0000,-0.0000,0.0274,0.0232,0.0144,-0.0172,-0.0044,0.002,-0.000,0.0000,0.0746792,0.105166,0.00233716,0.0000,0.0000,0.001,-0.000,-0.0044,0.0144,-0.0172
13.71,1.520,-0.0000,-0.0000,-0.0000,0.0275,0.0232,0.0144,-0.0171,-0.0044,0.002,-0.000,0.0000,0.0766873,0.109936,0.00233876,0.0000,0.0000,0.001,-0.000,-0.0044,0.0144,-0.0171
13.81,1.560,-0.0000,-0.0000,0.0000,0.0276,0.0232,0.0144,-0.0171,-0.0044,0.002,-0.000,0.0001,0.0766873,0.109936,0.00233876,0.0000,0.0000,0.001,-0.000,-0.0044,0.0144,-0.0171
13.91,1.580,-0.0000,0.0000,0.0000,0.0277,0.0233,0.0144,-0.0171,-0.0044,0.002,-0.000,0.0000,0.0781917,0.11363,0.00207069,0.0000,0.0000,0.001,-0.000,-0.0044,0.0144,-0.0171
14.01,1.600,-0.0000,0.0000,0.0000,0.0277,0.0233,0.0144,-0.0171,-0.0044,0.002,-0.000,0.0000,0.0796994,0.117427,0.00234104,0.0000,0.0000,0.001,-0.000,-0.0044,0.0144,-0.0171
14.11,1.620,-0.0000,0.0000,0.0000,0.0277,0.0233,0.0144,-0.0171,-0.0044,0.002,-0.000,0.0000,0.0796994,0.117427,0.00234104,0.0000,0.0000,0.001,-0.000,-0.0044,0.0144,-0.0171
14.21,1.640,-0.0000,0.0000,0.0000,0.0277,0.0233,0.0144,-0.0171,-0.0044,0.002,-0.000,0.0000,0.0817075,0.122657,0.00234249,0.0000,0.0000,0.001,-0.000,-0.0044,0.0144,-0.0171
14.31,1.660,-0.0000,0.0000,0.0000,0.0277,0.0233,0.0144,-0.0171,-0.0044,0.002,-0.000,0.0000,0.0832119,0.126709,0.00207354,0.0000,0.0000,0.001,-0.000,-0.0044,0.0144,-0.0171
14.41,1.680,-0.0000,0.0000,0.0000,0.0277,0.0233,0.0144,-0.0171,-0.0044,0.002,-0.000,0.0000,0.0832119,0.126709,0.00207354,0.0000,0.0000,0.001,-0.000,-0.0044,0.0144,-0.0171
14.51,1.700,-0.0000,0.0000,0.0000,0.0277,0.0233,0.0144,-0.0171,-0.0044,0.002,-0.000,0.0000,0.0847197,0.130877,0.00234457,0.0000,0.0000,0.001,-0.000,-0.0044,0.0144,-0.0171
14.61,1.740,-0.0000,0.0000,0.0000,0.0277,0.0233,0.0144,-0.0171,-0.0044,0.002,-0.000,0.0000,0.0867278,0.136618,0.0023459,0.0000,0.0000,0.001,-0.000,-0.0044,0.0144,-0.0171
14.71,1.760,-0.0000,0.0000,0.0000,0.0277,0.0233,0.0144,-0.0171,-0.0044,0.002,-0.000,0.0000,0.0867278,0.136618,0.0023459,0.0000,0.0000,0.001,-0.000,-0.0044,0.0144,-0.0171
14.81,1.780,-0.0000,0.0000,0.0000,0.0277,0.0233,0.0144,-0.0171,-0.0044,0.002,-0.000,0.0000,0.0882322,0.141068,0.00207613,0.0000,0.0000,0.001,-0.000,-0.0044,0.0144,-0.0171
14.91,1.800,-0.0000,0.0000,0.0000,0.0278,0.0233,0.0144,-0.0171,-0.0044,0.002,-0.000,0.0000,0.0897399,0.145646,0.00234778,0.0000,0.0000,0.001,-0.000,-0.0044,0.0144,-0.0171
15.01,1.820,-0.0000,0.0000,0.0000,0.0278,0.0233,0.0144,-0.0171,-0.0044,0.002,-0.000,0.0000,0.091748,0.151954,0.00234898,0.0000,0.0000,0.001,-0.000,-0.0044,0.0144,-0.0171
15.11,1.840,-0.0000,0.0000,0.0000,0.0278,0.0233,0.0144,-0.0171,-0.0044,0.002,-0.000,0.0000,0.091748,0.151954,0.00234898,0.0000,0.0000,0.001,-0.000,-0.0044,0.0144,-0.0171
15.21,1.860,-0.0000,0.0000,0.0000,0.0278,0.0233,0.0144,-0.0171,-0.0044,0.002,-0.000,0.0000,0.0932524,0.156843,0.00207847,0.0000,0.0000,0.001,-0.000,-0.0044,0.0144,-0.0171
15.31,1.900,-0.0000,0.0000,0.0000,0.0278,0.0233,0.0144,-0.0171,-0.0044,0.002,-0.000,0.0000,0.0947602,0.161874,0.00235068,0.0000,-0.3000,0.001,-0.000,-0.0044,0.0144,-0.0171
15.41,1.920,0.0000,-0.0155,-0.0132,0.0394,0.0331,0.0144,-0.0171,-0.0046,0.002,-0.000,0.0003,0.0947602,0.161874,0.00235068,0.0000,-0.3000,0.001,-0.000,-0.0044,0.0144,-0.0171
15.51,1.940,0.0000,-0.0355,-0.0265,0.0394,0.0331,0.0144,-0.0171,-0.0051,0.002,-0.000,0.0007,0.0967683,0.168807,0.00235176,0.0000,-0.3000,0.001,-0.000,-0.0047,0.0144,-0.0171
15.61,1.960,0.0000,-0.0555,-0.0397,0.0393,0.0331,0.0144,-0.0171,-0.0059,0.002,-0.000,0.0010,0.0982728,0.174182,0.00208058,0.0000,-0.3000,0.001,-0.000,-0.0055,0.0144,-0.0171
15.71,1.980,0.0000,-0.0755,-0.0529,0.0392,0.0331,0.0144,-0.0171,-0.0071,0.002,-0.000,0.0013,0.0982728,0.174182,0.00208058,0.0000,-0.3000,0.001,-0.000,-0.0055,0.0144,-0.0171
15.81,2.000,0.0000,-0.0955,-0.0661,0.0391,0.0330,0.0144,-0.0171,-0.0084,0.002,-0.000,0.0016,0.0997806,0.179712,0.0023533,0.0000,-0.3000,0.001,-0.000,-0.0070,0.0144,-0.0171
15.91,2.020,0.0000,-0.1155,-0.0857,0.0389,0.0330,0.0145,-0.0171,-0.0101,0.002,0.000,0.0020,0.0997806,0.179712,0.0023533,0.0000,-0.3000,0.001,-0.000,-0.0070,0.0145,-0.0171
16.01,2.040,0.0000,-0.1355,-0.0923,0.0389,0.0330,0.0145,-0.0170,-0.0116,0.002,0.000,0.0022,0.101789,0.187334,0.00235427,0.0000,-0.3000,0.001,-0.000,-0.0099,0.0145,-0.0170
16.11,2.040,0.0000,-0.1355,-0.0923,0.0389,0.0330,0.0145,-0.0170,-0.0117,0.002,0.000,0.0022,0.101789,0.187334,0.00235427,0.0000,-0.3000,0.001,-0.000,-0.0099,0.0145,-0.0170
16.21,2.040,0.0000,-0.1355,-0.0988,0.0388,0.0330,0.0145,-0.0170,-0.0124,0.002,0.000,0.0023,0.101789,0.187334,0.00235427,0.0000,-0.3000,0.001,-0.000,-0.0099,0.0145,-0.0170
16.31,2.080,0.0000,-0.1755,-0.1118,0.0386,0.0330,0.0146,-0.0170,-0.0151,0.002,0.000,0.0027,0.103293,0.193243,0.00208248,0.0000,-0.3000,0.001,-0.000,-0.0128,0.0145,-0.0170
16.41,2.080,0.0000,-0.1755,-0.1183,0.0385,0.0330,0.0146,-0.0170,-0.0153,0.002,0.000,0.0027,0.103293,0.193243,0.00208248,0.0000,-0.3000,0.001,-0.000,-0.0128,0.0146,-0.0170
16.51,2.080,0.0000,-0.1755,-0.1248,0.0384,0.0330,0.0146,-0.0169,-0.0174,0.002,0.000,0.0030,0.103293,0.193243,0.00208248,0.0000,-0.3000,0.001,-0.000,-0.0128,0.0146,-0.0170
16.61,2.120,0.0000,-0.2155,-0.1440,0.0381,0.0330,0.0146,-0.0169,-0.0204,0.002,0.000,0.0033,0.104801,0.199321,0.00235566,0.0000,-0.3000,0.001,-0.000,-0.0162,0.0146,-0.0169
16.71,2.140,0.0000,-0.2355,-0.1568,0.0378,0.0329,0.0147,-0.0169,-0.0241,0.002,0.000,0.0036,0.10681,0.207699,0.00235653,0.0000,-0.3000,0.001,-0.000,-0.0218,0.0147,-0.0169
16.81,2.160,0.0000,-0.2555,-0.1695,0.0375,0.0329,0.0148,-0.0168,-0.0281,0.002,0.000,0.0039,0.108315,0.214193,0.00208419,0.0000,-0.3000,0.001,-0.000,-0.0266,0.0148,-0.0168
16.91,2.180,0.0000,-0.2755,-0.1883,0.0371,0.0329,0.0148,-0.0167,-0.0323,0.002,0.000,0.0042,0.108315,0.214193,0.00208419,0.0000,-0.3000,0.001,-0.000,-0.0266,0.0148,-0.0167
17.01,2.200,0.0000,-0.2955,-0.1943,0.0260,0.0232,0.0149,-0.0167,-0.0365,0.002,0.000,0.0043,0.109824,0.220874,0.00235777,0.0000,-0.3000,0.001,-0.000,-0.0320,0.0149,-0.0167
17.11,2.220,0.0000,-0.3000,-0.1938,0.0354,0.0128,0.0150,-0.0166,-0.0414,0.002,0.000,0.0043,0.111833,0.230078,0.00235856,0.0000,-0.3000,0.001,-0.000,-0.0398,0.0150,-0.0166
17.21,2.260,0.0000,-0.3000,-0.1930,0.0354,0.0130,0.0151,-0.0165,-0.0458,0.002,0.001,0.0043,0.111833,0.230078,0.00235856,0.0000,-0.3000,0.001,-0.000,-0.0398,0.0151,-0.0165
17.31,2.280,0.0000,-0.3000,-0.1924,0.0353,0.0132,0.0151,-0.0165,-0.0503,0.002,0.001,0.0043,0.11334,0.237211,0.00208572,0.0000,-0.3000,0.001,-0.000,-0.0457,0.0151,-0.0165
17.41,2.300,0.0000,-0.3000,-0.1919,0.0352,0.0133,0.0152,-0.0164,-0.0549,0.003,0.001,0.0044,0.11485,0.244546,0.00235967,0.0000,-0.3000,0.001,-0.000,-0.0515,0.0152,-0.0164
17.51,2.320,0.0000,-0.3000,-0.1911,0.0351,0.0135,0.0153,-0.0163,-0.0593,0.003,0.001,0.0044,0.11485,0.244546,0.00235967,0.0000,-0.3000,0.001,-0.000,-0.0515,0.0153,-0.0163
17.61,2.340,0.0000,-0.3000,-0.1906,0.0351,0.0137,0.0154,-0.0163,-0.0637,0.003,0.001,0.0045,0.116863,0.25465,0.00236037,0.0000,-0.3000,0.001,-0.000,-0.0592,0.0154,-0.0163
17.71,2.360,0.0000,-0.3000,-0.1900,0.0350,0.0138,0.0154,-0.0162,-0.0682,0.003,0.001,0.0047,0.118372,0.262478,0.00208709,0.0000,-0.3000,0.001,-0.000,-0.0650,0.0154,-0.0162
17.81,2.400,0.0000,-0.3000,-0.1892,0.0349,0.0141,0.0155,-0.0161,-0.0726,0.003,0.001,0.0048,0.119885,0.270526,0.00236136,0.0000,-0.3000,0.001,-0.000,-0.0707,0.0155,-0.0161
17.91,2.420,0.0000,-0.3000,-0.1887,0.0348,0.0142,0.0156,-0.0160,-0.0771,0.003,0.001,0.0050,0.119885,0.270526,0.00236136,0.0000,-0.3000,0.001,-0.000,-0.0707,0.0156,-0.0161
18.01,2.440,0.0000,-0.3000,-0.1882,0.0348,0.0144,0.0157,-0.0160,-0.0815,0.003,0.001,0.0051,0.121904,0.281608,0.00236199,0.0000,-0.3000,0.001,-0.000,-0.0783,0.0156,-0.0160
18.11,2.460,0.0000,-0.3000,-0.1874,0.0347,0.0146,0.0157,-0.0159,-0.0858,0.003,0.001,0.0053,0.123418,0.29019,0.00208831,0.0000,-0.3000,0.001,-0.000,-0.0839,0.0157,-0.0159
18.21,2.480,0.0000,-0.3000,-0.1869,0.0346,0.0147,0.0158,-0.0158,-0.0901,0.003,0.001,0.0055,0.123418,0.29019,0.00208831,0.0000,-0.3000,0.001,-0.000,-0.0839,0.0158,-0.0159
18.31,2.500,0.0000,-0.3000,-0.1866,0.0167,0.0149,0.0159,-0.0158,-0.0942,0.004,0.001,0.0055,0.124938,0.299011,0.00236287,0.0000,-0.3000,0.001,-0.000,-0.0895,0.0158,-0.0158
18.41,2.540,-0.0000,-0.3000,-0.1874,0.0165,0.0149,0.0159,-0.0157,-0.0987,0.004,0.001,0.0053,0.126966,0.311152,0.00236343,0.0000,-0.3000,0.001,-0.000,-0.0970,0.0159,-0.0157
18.51,2.560,-0.0000,-0.3000,-0.1879,0.0165,0.0150,0.0160,-0.0156,-0.1030,0.004,0.001,0.0051,0.126966,0.311152,0.00236343,0.0000,-0.3000,0.001,-0.000,-0.0970,0.0160,-0.0156
18.61,2.580,-0.0000,-0.3000,-0.1885,0.0164,0.0150,0.0161,-0.0156,-0.1075,0.004,0.001,0.0049,0.128489,0.320551,0.0020894,0.0000,-0.3000,0.001,-0.000,-0.1026,0.0160,-0.0156
18.71,2.600,-0.0000,-0.3000,-0.1890,0.0163,0.0151,0.0161,-0.0155,-0.1117,0.004,0.001,0.0048,0.130019,0.330207,0.00236422,0.0000,-0.3000,0.001,-0.000,-0.1083,0.0161,-0.0155
18.81,2.620,-0.0000,-0.3000,-0.1898,0.0162,0.0151,0.0162,-0.0154,-0.1160,0.004,0.001,0.0047,0.130019,0.330207,0.00236422,0.0000,-0.3000,0.001,-0.000,-0.1083,0.0162,-0.0154
18.91,2.640,-0.0000,-0.3000,-0.1903,0.0162,0.0152,0.0163,-0.0154,-0.1204,0.004,0.001,0.0045,0.132063,0.343493,0.00236472,0.0000,-0.3000,0.001,-0.000,-0.1158,0.0162,-0.0154
19.01,2.660,-0.0000,-0.3000,-0.1909,0.0161,0.0152,0.0163,-0.0153,-0.1250,0.004,0.000,0.0044,0.133599,0.353773,0.00209038,0.0000,-0.3000,0.001,-0.000,-0.1215,0.0163,-0.0153
19.11,2.700,-0.0000,-0.3000,-0.1917,0.0160,0.0153,0.0164,-0.0152,-0.1294,0.004,0.000,0.0044,0.135145,0.364331,0.00236542,0.0000,-0.3000,0.001,-0.000,-0.1273,0.0164,-0.0152
19.21,2.720,-0.0000,-0.3000,-0.1922,0.0159,0.0153,0.0165,-0.0151,-0.1340,0.004,0.000,0.0043,0.135145,0.364331,0.00236542,0.0000,-0.3000,0.001,-0.000,-0.1273,0.0165,-0.0152
19.31,2.740,-0.0000,-0.3000,-0.1927,0.0159,0.0154,0.0165,-0.0151,-0.1384,0.005,0.000,0.0043,0.137212,0.37885,0.00236586,0.0000,-0.3000,0.001,-0.000,-0.1349,0.0165,-0.0151
19.41,2.760,-0.0000,-0.3000,-0.1935,0.0158,0.0154,0.0166,-0.0150,-0.1431,0.005,0.000,0.0043,0.138768,0.390079,0.00209124,0.0000,-0.3000,0.001,-0.000,-0.1407,0.0166,-0.0150
19.51,2.780,-0.0000,-0.3000,-0.1941,0.0157,0.0155,0.0167,-0.0149,-0.1475,0.005,0.000,0.0043,0.138768,0.390079,0.00209124,0.0000,-0.3000,0.001,-0.000,-0.1407,0.0167,-0.0149
19.61,2.800,-0.0000,-0.3000,-0.1946,0.0156,0.0155,0.0167,-0.0148,-0.1518,0.005,0.000,0.0044,0.140336,0.401606,0.00236649,0.0000,-0.3000,0.001,-0.000,-0.1465,0.0167,-0.0149
19.71,2.840,-0.0000,-0.3000,-0.1954,0.0155,0.0156,0.0168,-0.0148,-0.1565,0.005,-0.000,0.0045,0.142437,0.41745,0.00236688,0.0000,-0.3000,0.001,-0.000,-0.1543,0.0168,-0.0148
19.81,2.860,-0.0000,-0.3000,-0.1959,0.0154,0.0156,0.0169,-0.0147,-0.1612,0.005,-0.000,0.0046,0.144022,0.429698,0.00209201,0.0000,-0.3000,0.001,-0.000,-0.1602,0.0169,-0.0147
19.91,2.880,-0.0000,-0.3000,-0.1965,0.0154,0.0157,0.0169,-0.0146,-0.1657,0.005,-0.000,0.0047,0.144022,0.429698,0.00209201,0.0000,-0.3000,0.001,-0.000,-0.1602,0.0169,-0.0146
20.01,2.900,-0.0000,-0.3000,-0.1973,0.0153,0.0157,0.0170,-0.0145,-0.1700,0.005,-0.000,0.0048,0.145621,0.442264,0.00236744,0.0000,-0.3000,0.001,-0.000,-0.1661,0.0170,-0.0145
20.11,2.920,-0.0000,-0.3000,-0.1978,0.0152,0.0158,0.0171,-0.0145,-0.1744,0.005,-0.000,0.0050,0.147769,0.459527,0.00236779,0.0000,-0.3000,0.001,-0.000,-0.1739,0.0171,-0.0145
20.21,2.940,-0.0000,-0.3000,-0.1984,0.0151,0.0158,0.0171,-0.0144,-0.1789,0.005,-0.001,0.0052,0.147769,0.459527,0.00236779,0.0000,-0.3000,0.001,-0.000,-0.1739,0.0171,-0.0144
20.31,2.980,-0.0000,-0.3000,-0.1992,0.0150,0.0159,0.0172,-0.0143,-0.1837,0.005,-0.001,0.0054,0.149393,0.472864,0.00209269,0.0000,-0.3000,0.001,-0.000,-0.1799,0.0172,-0.0143
20.41,3.000,-0.0000,-0.3000,-0.1997,0.0150,0.0159,0.0173,-0.0142,-0.1881,0.005,-0.001,0.0056,0.151035,0.486542,0.00236828,0.0000,-0.3000,0.001,-0.000,-0.1859,0.0173,-0.0142
20.51,3.020,-0.0000,-0.3000,-0.2003,0.0149,0.0160,0.0173,-0.0141,-0.1927,0.005,-0.001,0.0058,0.151035,0.486542,0.00236828,0.0000,-0.3000,0.001,-0.000,-0.1859,0.0173,-0.0142
20.61,3.040,-0.0000,-0.3000,-0.2008,0.0148,0.0160,0.0174,-0.0141,-0.1971,0.005,-0.001,0.0060,0.153246,0.505321,0.00236859,0.0000,-0.3000,0.001,-0.000,-0.1939,0.0174,-0.0141
20.71,3.060,-0.0000,-0.3000,-0.2016,0.0147,0.0161,0.0175,-0.0140,-0.2019,0.005,-0.001,0.0063,0.154923,0.51982,0.00209329,0.0000,-0.3000,0.001,-0.000,-0.1999,0.0175,-0.0140
20.81,3.080,-0.0000,-0.3000,-0.2022,0.0146,0.0162,0.0175,-0.0139,-0.2066,0.005,-0.001,0.0065,0.154923,0.51982,0.00209329,0.0000,-0.3000,0.001,-0.000,-0.1999,0.0175,-0.0139
20.91,3.100,-0.0000,-0.3000,-0.2027,0.0146,0.0162,0.0176,-0.0138,-0.2108,0.005,-0.001,0.0067,0.156622,0.534683,0.00236902,0.0000,-0.3000,0.001,-0.000,-0.2059,0.0176,-0.0138
21.01,3.120,-0.0000,-0.3000,-0.2033,0.0145,0.0162,0.0176,-0.0137,-0.2155,0.005,-0.002,0.0070,0.158917,0.555077,0.0023693,0.0000,-0.3000,0.001,-0.000,-0.2140,0.0176,-0.0138
21.11,3.160,-0.0000,-0.3000,-0.2041,0.0144,0.0163,0.0177,-0.0137,-0.2202,0.005,-0.002,0.0073,0.158917,0.555077,0.0023693,0.0000,-0.3000,0.001,-0.000,-0.2140,0.0177,-0.0137
21.21,3.180,-0.0000,-0.3000,-0.2046,0.0143,0.0164,0.0178,-0.0136,-0.2249,0.005,-0.002,0.0075,0.160663,0.570814,0.00209383,0.0000,-0.3000,0.001,-0.000,-0.2202,0.0178,-0.0136
21.31,3.200,-0.0000,-0.3000,-0.2052,0.0142,0.0164,0.0178,-0.0135,-0.2292,0.005,-0.002,0.0078,0.162436,0.586936,0.00236968,0.0000,-0.3000,0.001,-0.000,-0.2263,0.0178,-0.0135
21.41,3.220,-0.0000,-0.3000,-0.2057,0.0142,0.0165,0.0179,-0.0134,-0.2341,0.005,-0.002,0.0081,0.162436,0.586936,0.00236968,0.0000,-0.3000,0.001,-0.000,-0.2263,0.0179,-0.0134
21.51,3.240,-0.0000,-0.3000,-0.2066,0.0141,0.0165,0.0180,-0.0133,-0.2389,0.005,-0.002,0.0084,0.16484,0.609045,0.00236993,0.0000,-0.3000,0.001,-0.000,-0.2345,0.0180,-0.0133
21.61,3.260,-0.0000,-0.3000,-0.2071,0.0140,0.0166,0.0180,-0.0132,-0.2434,0.005,-0.003,0.0086,0.166675,0.626095,0.0020943,0.0000,-0.3000,0.001,-0.000,-0.2407,0.0180,-0.0133
21.71,3.280,-0.0000,-0.3000,-0.2077,0.0139,0.0166,0.0181,-0.0132,-0.2484,0.005,-0.003,0.0090,0.166675,0.626095,0.0020943,0.0000,-0.3000,0.001,-0.000,-0.2407,0.0181,-0.0132
21.81,3.320,-0.0000,-0.3000,-0.2085,0.0138,0.0167,0.0182,-0.0131,-0.2532,0.005,-0.003,0.0093,0.168545,0.643553,0.00237027,0.0000,-0.3000,0.001,-0.000,-0.2469,0.0182,-0.0131
21.91,3.340,-0.0000,-0.3000,-0.2091,0.0137,0.0167,0.0182,-0.0130,-0.2582,0.005,-0.003,0.0096,0.171088,0.667478,0.00237048,0.0000,-0.3000,0.001,-0.000,-0.2552,0.0182,-0.0130
22.01,3.360,-0.0000,-0.3000,-0.2096,0.0137,0.0168,0.0183,-0.0129,-0.2631,0.005,-0.003,0.0099,0.173036,0.685916,0.00209472,0.0000,-0.3000,0.001,-0.000,-0.2615,0.0183,-0.0129
22.11,3.380,-0.0000,-0.3000,-0.2105,0.0135,0.0169,0.0183,-0.0128,-0.2681,0.004,-0.004,0.0102,0.173036,0.685916,0.00209472,0.0000,-0.3000,0.001,-0.000,-0.2615,0.0183,-0.0128
22.21,3.400,-0.0000,-0.3000,-0.2111,0.0135,0.0169,0.0184,-0.0127,-0.2729,0.004,-0.004,0.0105,0.175027,0.704786,0.00237079,0.0000,-0.3000,0.001,-0.000,-0.2678,0.0184,-0.0127
22.31,3.420,-0.0000,-0.3000,-0.2116,0.0134,0.0170,0.0185,-0.0126,-0.2778,0.004,-0.004,0.0108,0.177745,0.730628,0.00237098,0.0000,-0.3000,0.001,-0.000,-0.2763,0.0184,-0.0127
22.41,3.460,-0.0000,-0.3000,-0.2125,0.0133,0.0170,0.0185,-0.0125,-0.2827,0.004,-0.004,0.0111,0.177745,0.730628,0.00237098,0.0000,-0.3000,0.001,-0.000,-0.2763,0.0185,-0.0125
22.51,3.480,-0.0000,-0.3000,-0.2130,0.0132,0.0171,0.0186,-0.0124,-0.2878,0.004,-0.005,0.0114,0.179835,0.750531,0.00209509,0.0000,-0.3000,0.001,-0.000,-0.2826,0.0186,-0.0125
22.61,3.500,-0.0000,-0.3000,-0.2136,0.0131,0.0171,0.0186,-0.0124,-0.2916,0.004,-0.005,0.0117,0.181977,0.770888,0.00237124,0.0000,-0.3000,0.001,-0.000,-0.2890,0.0186,-0.0124
22.71,3.520,-0.0000,-0.3000,-0.2142,0.0131,0.0172,0.0187,-0.0123,-0.2968,0.004,-0.005,0.0120,0.181977,0.770888,0.00237124,0.0000,-0.3000,0.001,-0.000,-0.2890,0.0187,-0.0123
22.81,3.540,-0.0000,-0.3000,-0.2147,0.0130,0.0172,0.0188,-0.0122,-0.3015,0.004,-0.005,0.0123,0.184913,0.798749,0.00237141,0.0000,-0.3000,0.001,-0.000,-0.2976,0.0187,-0.0122
22.91,3.560,-0.0000,-0.3000,-0.2156,0.0129,0.0173,0.0188,-0.0121,-0.3067,0.004,-0.006,0.0127,0.187179,0.820192,0.00209542,0.0000,-0.3000,0.001,-0.000,-0.3040,0.0188,-0.0121
23.01,3.580,-0.0000,-0.3000,-0.2162,0.0128,0.0174,0.0189,-0.0120,-0.3116,0.004,-0.006,0.0130,0.187179,0.820192,0.00209542,0.0000,-0.3000,0.001,-0.000,-0.3040,0.0189,-0.0120
23.11,3.600,-0.0000,-0.3000,-0.2168,0.0127,0.0174,0.0189,-0.0119,-0.3160,0.003,-0.006,0.0133,0.189508,0.842112,0.00237165,0.0000,-0.3000,0.001,-0.000,-0.3105,0.0189,-0.0119
23.21,3.640,-0.0000,-0.3000,-0.2176,0.0126,0.0175,0.0190,-0.0118,-0.3212,0.003,-0.006,0.0136,0.192712,0.872091,0.0023718,0.0000,-0.3000,0.001,-0.000,-0.3191,0.0190,-0.0118
23.31,3.660,-0.0000,-0.3000,-0.2182,0.0125,0.0175,0.0191,-0.0117,-0.3262,0.003,-0.007,0.0139,0.192712,0.872091,0.0023718,0.0000,-0.3000,0.001,-0.000,-0.3191,0.0190,-0.0117
23.41,3.680,-0.0000,-0.3000,-0.2188,0.0125,0.0176,0.0191,-0.0116,-0.3312,0.003,-0.007,0.0142,0.195194,0.895148,0.00209571,0.0000,-0.3000,0.001,-0.000,-0.3257,0.0191,-0.0116
23.51,3.700,-0.0000,-0.3000,-0.2194,0.0124,0.0176,0.0192,-0.0115,-0.3360,0.003,-0.007,0.0146,0.197752,0.918705,0.00237201,0.0000,-0.3000,0.001,-0.000,-0.3322,0.0192,-0.0116
23.61,3.720,-0.0000,-0.3000,-0.2203,0.0123,0.0177,0.0192,-0.0114,-0.3411,0.003,-0.008,0.0149,0.197752,0.918705,0.00237201,0.0000,-0.3000,0.001,-0.000,-0.3322,0.0192,-0.0114
23.71,3.740,-0.0000,-0.3000,-0.2208,0.0122,0.0178,0.0193,-0.0113,-0.3462,0.003,-0.008,0.0152,0.201283,0.950899,0.00237214,0.0000,-0.3000,0.001,-0.000,-0.3410,0.0193,-0.0113
23.81,3.760,-0.0000,-0.3000,-0.2214,0.0121,0.0178,0.0193,-0.0112,-0.3515,0.002,-0.008,0.0156,0.204027,0.975644,0.00209596,0.0000,-0.3000,0.001,-0.000,-0.3476,0.0193,-0.0113
23.91,3.800,-0.0000,-0.3000,-0.2223,0.0120,0.0179,0.0194,-0.0111,-0.3566,0.002,-0.009,0.0159,0.206863,1.00091,0.00237232,0.0000,-0.3000,0.001,-0.000,-0.3543,0.0194,-0.0111
24.01,3.820,-0.0000,-0.3000,-0.2229,0.0119,0.0180,0.0195,-0.0110,-0.3617,0.002,-0.009,0.0162,0.206863,1.00091,0.00237232,0.0000,-0.3000,0.001,-0.000,-0.3543,0.0195,-0.0110
24.11,3.840,-0.0000,-0.3000,-0.2235,0.0119,0.0180,0.0195,-0.0109,-0.3671,0.002,-0.009,0.0166,0.210788,1.03541,0.00237244,0.0000,-0.3000,0.001,-0.000,-0.3632,0.0195,-0.0110
24.21,3.860,-0.0000,-0.3000,-0.2244,0.0117,0.0181,0.0196,-0.0108,-0.3722,0.002,-0.010,0.0169,0.213848,1.06191,0.00209619,0.0000,-0.3000,0.001,-0.000,-0.3699,0.0196,-0.0108
24.31,3.880,-0.0000,-0.3000,-0.2250,0.0117,0.0181,0.0196,-0.0107,-0.3776,0.001,-0.010,0.0172,0.213848,1.06191,0.00209619,0.0000,-0.3000,0.001,-0.000,-0.3699,0.0196,-0.0107
24.41,3.900,-0.0000,-0.3000,-0.2256,0.0116,0.0182,0.0197,-0.0106,-0.3828,0.001,-0.010,0.0176,0.217017,1.08895,0.0023726,0.0000,-0.3000,0.001,-0.000,-0.3766,0.0197,-0.0106
24.51,3.940,-0.0000,-0.3000,-0.2262,0.0030,0.0361,0.0197,-0.0105,-0.3882,0.001,-0.011,0.0178,0.221416,1.12586,0.0023727,0.0000,-0.3000,0.001,-0.000,-0.3856,0.0197,-0.0105
24.61,3.960,-0.0000,-0.3000,-0.2260,0.0103,0.0206,0.0198,-0.0104,-0.3934,0.001,-0.011,0.0179,0.221416,1.12586,0.0023727,0.0000,-0.3000,0.001,-0.000,-0.3856,0.0198,-0.0104
24.71,3.980,-0.0000,-0.3000,-0.2264,0.0099,0.0214,0.0199,-0.0103,-0.3989,0.001,-0.011,0.0182,0.224853,1.15418,0.00209639,0.0000,-0.3000,0.001,-0.000,-0.3924,0.0198,-0.0103
24.81,4.000,-0.0000,-0.3000,-0.2270,0.0088,0.0234,0.0199,-0.0102,-0.4039,0.000,-0.012,0.0184,0.22842,1.18307,0.00237285,0.0000,-0.3000,0.001,-0.000,-0.3992,0.0199,-0.0102
24.91,4.020,-0.0000,-0.3000,-0.2272,0.0073,0.0262,0.0200,-0.0101,-0.4093,0.000,-0.012,0.0186,0.233382,1.22246,0.00237294,0.0000,-0.3000,0.001,-0.000,-0.4083,0.0200,-0.0101
25.01,4.040,-0.0000,-0.3000,-0.2272,0.0038,0.0327,0.0200,-0.0100,-0.4148,-0.000,-0.012,0.0187,0.233382,1.22246,0.00237294,0.0000,-0.3000,0.001,-0.000,-0.4083,0.0200,-0.0100
25.11,4.080,-0.0000,-0.3000,-0.2291,-0.0691,0.0341,0.0201,-0.0099,-0.4203,-0.000,-0.013,0.0191,0.237267,1.25267,0.00209657,0.0000,-0.3000,0.001,-0.000,-0.4151,0.0201,-0.0099
25.21,4.100,-0.0000,-0.3000,-0.2199,-0.2970,0.1446,0.0201,-0.0098,-0.4251,-0.001,-0.013,0.0203,0.241304,1.28346,0.00237306,0.0000,-0.3000,0.001,-0.000,-0.4219,0.0201,-0.0098
25.31,4.120,-0.0000,-0.3000,-0.2323,-0.0014,0.0007,0.0202,-0.0097,-0.4307,-0.001,-0.013,0.0214,0.241304,1.28346,0.00237306,0.0000,-0.3000,0.001,-0.000,-0.4219,0.0202,-0.0097
25.41,4.140,-0.0000,-0.3000,-0.2329,-0.0014,0.0007,0.0202,-0.0095,-0.4365,-0.002,-0.013,0.0223,0.246929,1.32542,0.00237314,0.0000,-0.3000,0.001,-0.000,-0.4310,0.0202,-0.0096
25.51,4.160,-0.0000,-0.3000,-0.2336,-0.0014,0.0007,0.0203,-0.0094,-0.4419,-0.002,-0.014,0.0231,0.251341,1.35757,0.00209672,0.0000,-0.3000,0.001,-0.000,-0.4380,0.0203,-0.0095
25.61,4.200,-0.0000,-0.3000,-0.2345,-0.0014,0.0006,0.0203,-0.0093,-0.4475,-0.003,-0.014,0.0239,0.255931,1.39032,0.00237326,0.0000,-0.3000,0.001,-0.000,-0.4450,0.0203,-0.0093
25.71,4.220,-0.0000,-0.3000,-0.2351,-0.0014,0.0006,0.0204,-0.0092,-0.4529,-0.003,-0.014,0.0248,0.255931,1.39032,0.00237326,0.0000,-0.3000,0.001,-0.000,-0.4450,0.0204,-0.0092
25.81,4.240,-0.0000,-0.3000,-0.2358,-0.0014,0.0006,0.0204,-0.0091,-0.4586,-0.004,-0.014,0.0256,0.262337,1.43492,0.00237333,0.0000,-0.3000,0.001,-0.000,-0.4544,0.0204,-0.0091
25.91,4.260,-0.0000,-0.3000,-0.2367,-0.0014,0.0006,0.0205,-0.0090,-0.4640,-0.004,-0.015,0.0264,0.267367,1.46907,0.00209686,0.0000,-0.3000,0.001,-0.000,-0.4615,0.0205,-0.0090
26.01,4.280,-0.0000,-0.3000,-0.2374,-0.0014,0.0006,0.0205,-0.0089,-0.4695,-0.005,-0.015,0.0272,0.267367,1.46907,0.00209686,0.0000,-0.3000,0.001,-0.000,-0.4615,0.0205,-0.0089
26.11,4.300,-0.0000,-0.3000,-0.2380,-0.0014,0.0006,0.0206,-0.0088,-0.4752,-0.005,-0.015,0.0281,0.272606,1.50383,0.00237343,0.0000,-0.3000,0.001,-0.000,-0.4686,0.0206,-0.0088
26.21,4.340,-0.0000,-0.3000,-0.2390,-0.0014,0.0006,0.0206,-0.0086,-0.4809,-0.006,-0.015,0.0289,0.279925,1.55112,0.00237349,0.0000,-0.3000,0.001,-0.000,-0.4781,0.0206,-0.0086
26.31,4.360,-0.0000,-0.3000,-0.2396,0.0078,0.0230,0.0207,-0.0085,-0.4864,-0.007,-0.016,0.0293,0.279925,1.55112,0.00237349,0.0000,-0.3000,0.001,-0.000,-0.4781,0.0207,-0.0085
26.41,4.380,-0.0000,-0.3000,-0.2403,0.0077,0.0230,0.0207,-0.0084,-0.4924,-0.007,-0.016,0.0296,0.285678,1.58731,0.00209698,0.0000,-0.3000,0.001,-0.000,-0.4853,0.0207,-0.0084
26.51,4.400,-0.0000,-0.3000,-0.2413,0.0076,0.0232,0.0208,-0.0083,-0.4977,-0.008,-0.016,0.0298,0.291672,1.62412,0.00237358,0.0000,-0.3000,0.001,-0.000,-0.4925,0.0208,-0.0083
26.61,4.420,-0.0000,-0.3000,-0.2420,0.0075,0.0232,0.0208,-0.0082,-0.5037,-0.009,-0.017,0.0301,0.300052,1.67416,0.00237363,0.0000,-0.3000,0.001,-0.000,-0.5021,0.0208,-0.0082
26.71,4.440,-0.0000,-0.3000,-0.2426,0.0074,0.0233,0.0209,-0.0080,-0.5093,-0.009,-0.017,0.0304,0.300052,1.67416,0.00237363,0.0000,-0.3000,0.001,-0.000,-0.5021,0.0209,-0.0081
26.81,4.480,-0.0000,-0.3000,-0.2436,0.0072,0.0235,0.0209,-0.0079,-0.5149,-0.010,-0.017,0.0307,0.306643,1.71242,0.00209709,0.0000,-0.3000,0.001,-0.000,-0.5094,0.0209,-0.0079
26.91,4.500,-0.0000,-0.3000,-0.2443,0.0071,0.0235,0.0210,-0.0078,-0.5205,-0.010,-0.018,0.0309,0.313512,1.7513,0.00237371,0.0000,-0.3000,0.001,-0.000,-0.5167,0.0209,-0.0078
27.01,4.520,-0.0000,-0.3000,-0.2450,0.0070,0.0236,0.0210,-0.0077,-0.5262,-0.011,-0.018,0.0312,0.313512,1.7513,0.00237371,0.0000,-0.3000,0.001,-0.000,-0.5167,0.0210,-0.0077
27.11,4.540,-0.0000,-0.3000,-0.2460,0.0069,0.0238,0.0210,-0.0076,-0.5321,-0.012,-0.018,0.0315,0.323118,1.80413,0.00237375,0.0000,-0.3000,0.001,-0.000,-0.5265,0.0210,-0.0076
27.21,4.560,-0.0000,-0.3000,-0.2467,0.0068,0.0238,0.0211,-0.0074,-0.5380,-0.012,-0.019,0.0318,0.330676,1.84448,0.00209718,0.0000,-0.3000,0.001,-0.000,-0.5339,0.0211,-0.0075
27.31,4.600,-0.0000,-0.3000,-0.2477,0.0066,0.0240,0.0211,-0.0073,-0.5439,-0.013,-0.019,0.0320,0.338553,1.88547,0.00237382,0.0000,-0.3000,0.001,-0.000,-0.5413,0.0211,-0.0073
27.41,4.620,-0.0000,-0.3000,-0.2484,0.0065,0.0241,0.0212,-0.0072,-0.5494,-0.014,-0.019,0.0323,0.338553,1.88547,0.00237382,0.0000,-0.3000,0.001,-0.000,-0.5413,0.0212,-0.0072
27.51,4.640,-0.0000,-0.3000,-0.2491,0.0064,0.0242,0.0212,-0.0071,-0.5556,-0.014,-0.020,0.0326,0.349571,1.94111,0.00237387,0.0000,-0.3000,0.001,-0.000,-0.5512,0.0212,-0.0071
27.61,4.660,-0.0000,-0.3000,-0.2502,0.0063,0.0243,0.0213,-0.0069,-0.5616,-0.015,-0.020,0.0328,0.358239,1.98358,0.00209726,0.0000,-0.3000,0.001,-0.000,-0.5587,0.0213,-0.0070
27.71,4.680,-0.0000,-0.3000,-0.2509,0.0062,0.0244,0.0213,-0.0068,-0.5674,-0.016,-0.020,0.0331,0.358239,1.98358,0.00209726,0.0000,-0.3000,0.001,-0.000,-0.5587,0.0213,-0.0068
27.81,4.700,-0.0000,-0.3000,-0.2516,0.0061,0.0245,0.0213,-0.0067,-0.5734,-0.017,-0.021,0.0334,0.367274,2.02668,0.00237393,0.0000,-0.3000,0.001,-0.000,-0.5662,0.0213,-0.0067
27.91,4.740,0.0000,-0.3000,-0.2526,0.0059,0.0246,0.0214,-0.0066,-0.5792,-0.017,-0.021,0.0336,0.379909,2.08513,0.00237396,0.0000,-0.3000,0.001,-0.000,-0.5762,0.0214,-0.0066
28.01,4.760,0.0000,-0.3000,-0.2534,0.0058,0.0247,0.0214,-0.0064,-0.5850,-0.018,-0.022,0.0339,0.379909,2.08513,0.00237396,0.0000,-0.3000,0.001,-0.000,-0.5762,0.0214,-0.0065
28.11,4.780,0.0000,-0.3000,-0.2541,0.0057,0.0248,0.0215,-0.0063,-0.5911,-0.019,-0.022,0.0341,0.389848,2.12971,0.00209734,0.0000,-0.3000,0.001,-0.000,-0.5838,0.0214,-0.0064
28.21,4.800,0.0000,-0.3000,-0.2552,0.0055,0.0249,0.0215,-0.0062,-0.5970,-0.019,-0.022,0.0344,0.400204,2.17493,0.00237402,0.0000,-0.3000,0.001,-0.000,-0.5914,0.0215,-0.0062
28.31,4.820,0.0000,-0.3000,-0.2559,0.0054,0.0250,0.0215,-0.0061,-0.6028,-0.020,-0.023,0.0346,0.414684,2.23619,0.00237405,0.0000,-0.3000,0.001,-0.000,-0.6016,0.0215,-0.0061
28.41,4.840,0.0000,-0.3000,-0.2566,0.0053,0.0251,0.0216,-0.0059,-0.6090,-0.021,-0.023,0.0349,0.414684,2.23619,0.00237405,0.0000,-0.3000,0.001,-0.000,-0.6016,0.0216,-0.0060
28.51,4.880,0.0000,-0.3000,-0.2577,0.0052,0.0253,0.0216,-0.0058,-0.6152,-0.022,-0.023,0.0352,0.426069,2.28288,0.0020974,0.0000,-0.3000,0.001,-0.000,-0.6093,0.0216,-0.0058
28.61,4.900,0.0000,-0.3000,-0.2585,0.0050,0.0254,0.0216,-0.0057,-0.6211,-0.022,-0.024,0.0354,0.437929,2.33019,0.00237409,0.0000,-0.3000,0.001,-0.000,-0.6170,0.0216,-0.0057
28.71,4.920,0.0000,-0.3000,-0.2592,0.0049,0.0255,0.0217,-0.0055,-0.6273,-0.023,-0.024,0.0356,0.437929,2.33019,0.00237409,0.0000,-0.3000,0.001,-0.000,-0.6170,0.0217,-0.0056
28.81,4.940,0.0000,-0.3000,-0.2604,0.0048,0.0256,0.0217,-0.0054,-0.6333,-0.024,-0.025,0.0359,0.454505,2.39423,0.00237412,0.0000,-0.3000,0.001,-0.000,-0.6274,0.0217,-0.0054
28.91,4.960,0.0000,-0.3000,-0.2611,0.0046,0.0257,0.0217,-0.0053,-0.6396,-0.025,-0.025,0.0361,0.467533,2.44299,0.00209746,0.0000,-0.3000,0.001,-0.000,-0.6352,0.0217,-0.0053
29.01,5.000,0.0000,-0.3000,-0.2623,0.0045,0.0259,0.0218,-0.0051,-0.6456,-0.025,-0.025,0.0364,0.481096,2.49236,0.00237416,0.0000,-0.3000,0.001,-0.000,-0.6430,0.0218,-0.0051
29.11,5.020,0.0000,-0.3000,-0.2631,0.0043,0.0260,0.0218,-0.0050,-0.6514,-0.026,-0.026,0.0366,0.481096,2.49236,0.00237416,0.0000,-0.3000,0.001,-0.000,-0.6430,0.0218,-0.0050
29.21,5.040,0.0000,-0.3000,-0.2639,0.0042,0.0261,0.0218,-0.0049,-0.6577,-0.027,-0.026,0.0368,0.500043,2.55914,0.00237419,0.0000,-0.3000,0.001,-0.000,-0.6535,0.0218,-0.0049
29.31,5.060,0.0000,-0.3000,-0.2650,0.0040,0.0263,0.0219,-0.0047,-0.6638,-0.028,-0.026,0.0370,0.514927,2.60993,0.00209751,0.0000,-0.3000,0.001,-0.000,-0.6615,0.0219,-0.0047
29.41,5.080,0.0000,-0.3000,-0.2658,0.0039,0.0264,0.0219,-0.0046,-0.6704,-0.028,-0.027,0.0373,0.514927,2.60993,0.00209751,0.0000,-0.3000,0.001,-0.000,-0.6615,0.0219,-0.0046
29.51,5.100,0.0000,-0.3000,-0.2666,0.0038,0.0265,0.0219,-0.0045,-0.6766,-0.029,-0.027,0.0375,0.530414,2.66132,0.00237423,0.0000,-0.3000,0.001,-0.000,-0.6694,0.0219,-0.0045
29.61,5.140,0.0000,-0.3000,-0.2678,0.0036,0.0267,0.0219,-0.0043,-0.6830,-0.030,-0.028,0.0377,0.552036,2.73076,0.00237425,0.0000,-0.3000,0.001,-0.000,-0.6801,0.0219,-0.0043
32.32,5.760,0.0000,-0.3000,-0.2969,-0.0011,0.0308,0.0224,-0.0003,-0.8625,-0.053,-0.040,0.0427,1.08542,3.94597,0.00209773,0.0000,-0.3000,0.001,-0.000,-0.8572,0.0224,-0.0004
32.42,5.800,0.0000,-0.3000,-0.2985,-0.0014,0.0310,0.0224,-0.0002,-0.8694,-0.054,-0.040,0.0428,1.12236,4.00839,0.0023745,0.0000,-0.3000,0.001,-0.000,-0.8661,0.0224,-0.0002
32.52,5.820,0.0000,-0.3000,-0.2996,-0.0016,0.0312,0.0224,-0.0000,-0.8765,-0.054,-0.041,0.0429,1.12236,4.00839,0.0023745,0.0000,-0.3000,0.001,-0.000,-0.8661,0.0224,-0.0000
32.62,5.840,-0.0000,-0.3000,-0.2993,0.0015,0.0467,0.0224,0.0001,-0.8834,-0.055,-0.041,0.0427,1.17365,4.09205,0.00237451,0.0000,-0.3000,0.001,-0.000,-0.8780,0.0224,0.0001
32.72,5.860,-0.0000,-0.3000,-0.2977,0.0010,0.0469,0.0224,0.0003,-0.8906,-0.056,-0.042,0.0425,1.2137,4.15509,0.00209774,0.0000,-0.3000,0.001,-0.000,-0.8870,0.0224,0.0003
32.82,5.880,-0.0000,-0.3000,-0.2967,0.0008,0.0470,0.0224,0.0005,-0.8977,-0.057,-0.042,0.0422,1.2137,4.15509,0.00209774,0.0000,-0.3000,0.001,-0.000,-0.8870,0.0224,0.0004
32.92,5.900,-0.0000,-0.3000,-0.2956,0.0005,0.0471,0.0224,0.0006,-0.9045,-0.058,-0.043,0.0420,1.25513,4.21836,0.00237452,0.0000,-0.3000,0.001,-0.000,-0.8959,0.0224,0.0006
33.02,5.940,-0.0000,-0.3000,-0.2940,0.0001,0.0472,0.0224,0.0008,-0.9113,-0.059,-0.043,0.0417,1.3126,4.30305,0.00237453,0.0000,-0.3000,0.001,-0.000,-0.9078,0.0224,0.0008
33.12,5.960,-0.0000,-0.3000,-0.2930,-0.0002,0.0473,0.0223,0.0009,-0.9183,-0.060,-0.043,0.0414,1.35742,4.3668,0.00209776,0.0000,-0.3000,0.001,-0.000,-0.9166,0.0224,0.0009
33.22,5.980,-0.0000,-0.3000,-0.2915,-0.0007,0.0475,0.0223,0.0011,-0.9253,-0.061,-0.044,0.0412,1.35742,4.3668,0.00209776,0.0000,-0.3000,0.001,-0.000,-0.9166,0.0223,0.0011
33.32,6.000,-0.0000,-0.3000,-0.2905,-0.0009,0.0476,0.0223,0.0012,-0.9320,-0.061,-0.044,0.0409,1.40374,4.43073,0.00237454,0.0000,-0.3000,0.001,-0.000,-0.9254,0.0223,0.0012
33.42,6.020,-0.0000,-0.3000,-0.2895,-0.0012,0.0476,0.0223,0.0014,-0.9390,-0.062,-0.045,0.0406,1.46793,4.51621,0.00237455,0.0000,-0.3000,0.001,-0.000,-0.9370,0.0223,0.0013
33.52,6.060,-0.0000,-0.3000,-0.2880,-0.0016,0.0478,0.0223,0.0015,-0.9456,-0.063,-0.045,0.0404,1.46793,4.51621,0.00237455,0.0000,-0.3000,0.001,-0.000,-0.9370,0.0223,0.0015
33.62,6.080,-0.0000,-0.3000,-0.2871,-0.0019,0.0478,0.0223,0.0017,-0.9525,-0.064,-0.046,0.0401,1.51792,4.58048,0.00209777,0.0000,-0.3000,0.001,-0.000,-0.9456,0.0223,0.0017
33.72,6.100,-0.0000,-0.3000,-0.2861,-0.0022,0.0479,0.0223,0.0018,-0.9591,-0.065,-0.046,0.0398,1.56955,4.64488,0.00237456,0.0000,-0.3000,0.001,-0.000,-0.9543,0.0223,0.0018
33.82,6.120,-0.0000,-0.3000,-0.2847,-0.0026,0.0480,0.0223,0.0020,-0.9659,-0.066,-0.046,0.0395,1.56955,4.64488,0.00237456,0.0000,-0.3000,0.001,-0.000,-0.9543,0.0223,0.0020
33.92,6.140,-0.0000,-0.3000,-0.2837,-0.0029,0.0481,0.0223,0.0021,-0.9727,-0.067,-0.047,0.0393,1.641,4.73089,0.00237456,0.0000,-0.3000,0.001,-0.000,-0.9657,0.0223,0.0021
34.02,6.160,-0.0000,-0.3000,-0.2828,-0.0032,0.0481,0.0223,0.0023,-0.9793,-0.067,-0.047,0.0390,1.6966,4.7955,0.00209779,0.0000,-0.3000,0.001,-0.000,-0.9742,0.0223,0.0022
34.12,6.200,-0.0000,-0.3000,-0.2814,-0.0036,0.0482,0.0222,0.0024,-0.9860,-0.068,-0.048,0.0387,1.75396,4.86016,0.00237457,0.0000,-0.3000,0.001,-0.000,-0.9827,0.0222,0.0024
34.22,6.220,-0.0000,-0.3000,-0.2805,-0.0039,0.0483,0.0222,0.0026,-0.9928,-0.069,-0.048,0.0384,1.75396,4.86016,0.00237457,0.0000,-0.3000,0.001,-0.000,-0.9827,0.0222,0.0025
34.32,6.240,-0.0000,-0.3000,-0.2796,-0.0042,0.0483,0.0222,0.0027,-0.9992,-0.070,-0.049,0.0381,1.83325,4.94645,0.00237458,0.0000,-0.3000,0.001,-0.000,-0.9939,0.0222,0.0027
34.42,6.260,-0.0000,-0.3000,-0.2783,-0.0046,0.0484,0.0222,0.0029,-1.0056,-0.071,-0.049,0.0378,1.89489,5.01118,0.0020978,0.0000,-0.3000,0.001,-0.000,-1.0023,0.0222,0.0029
34.52,6.280,-0.0000,-0.3000,-0.2774,-0.0049,0.0484,0.0222,0.0030,-1.0123,-0.071,-0.049,0.0375,1.89489,5.01118,0.0020978,0.0000,-0.3000,0.001,-0.000,-1.0023,0.0222,0.0030
34.62,6.300,-0.0000,-0.3000,-0.2765,-0.0052,0.0485,0.0221,0.0032,-1.0186,-0.072,-0.050,0.0372,1.95842,5.07591,0.00237458,0.0000,-0.3000,0.001,-0.000,-1.0106,0.0222,0.0031
34.72,6.340,-0.0000,-0.3000,-0.2752,-0.0056,0.0485,0.0221,0.0033,-1.0249,-0.073,-0.050,0.0369,2.04617,5.16219,0.00237459,0.0000,-0.3000,0.001,-0.000,-1.0217,0.0221,0.0033
34.82,6.360,-0.0000,-0.3000,-0.2743,-0.0058,0.0486,0.0221,0.0034,-1.0318,-0.074,-0.051,0.0366,2.1143,5.22684,0.00209781,0.0000,-0.3000,0.001,-0.000,-1.0300,0.0221,0.0034
34.92,6.380,-0.0000,-0.3000,-0.2731,-0.0063,0.0486,0.0221,0.0036,-1.0384,-0.074,-0.051,0.0363,2.1143,5.22684,0.00209781,0.0000,-0.3000,0.001,-0.000,-1.0300,0.0221,0.0036
35.02,6.400,-0.0000,-0.3000,-0.2722,-0.0065,0.0486,0.0221,0.0037,-1.0441,-0.075,-0.051,0.0361,2.18446,5.29143,0.0023746,0.0000,-0.3000,0.001,-0.000,-1.0382,0.0221,0.0037
35.12,6.420,-0.0000,-0.3000,-0.2714,-0.0068,0.0487,0.0220,0.0039,-1.0509,-0.076,-0.052,0.0357,2.28127,5.37741,0.0023746,0.0000,-0.3000,0.001,-0.000,-1.0490,0.0220,0.0038
35.22,6.460,-0.0000,-0.3000,-0.2701,-0.0072,0.0487,0.0220,0.0040,-1.0571,-0.077,-0.052,0.0354,2.28127,5.37741,0.0023746,0.0000,-0.3000,0.001,-0.000,-1.0490,0.0220,0.0040
35.32,6.480,-0.0000,-0.3000,-0.2693,-0.0075,0.0487,0.0220,0.0041,-1.0636,-0.077,-0.052,0.0351,2.35636,5.44176,0.00209782,0.0000,-0.3000,0.001,-0.000,-1.0572,0.0220,0.0041
35.42,6.500,-0.0000,-0.3000,-0.2685,-0.0078,0.0487,0.0220,0.0043,-1.0692,-0.078,-0.053,0.0348,2.43364,5.50599,0.00237461,0.0000,-0.3000,0.001,-0.000,-1.0653,0.0220,0.0042
35.52,6.520,-0.0000,-0.3000,-0.2677,-0.0080,0.0487,0.0219,0.0044,-1.0756,-0.079,-0.053,0.0345,2.43364,5.50599,0.00237461,0.0000,-0.3000,0.001,-0.000,-1.0653,0.0219,0.0044
35.62,6.540,-0.0000,-0.3000,-0.2665,-0.0085,0.0488,0.0219,0.0045,-1.0818,-0.080,-0.054,0.0342,2.54014,5.59138,0.00237461,0.0000,-0.3000,0.001,-0.000,-1.0760,0.0219,0.0045
35.72,6.560,-0.0000,-0.3000,-0.2657,-0.0087,0.0488,0.0219,0.0047,-1.0882,-0.080,-0.054,0.0339,2.62268,5.65521,0.00209782,0.0000,-0.3000,0.001,-0.000,-1.0840,0.0219,0.0047
35.82,6.600,-0.0000,-0.3000,-0.2645,-0.0091,0.0488,0.0218,0.0048,-1.0945,-0.081,-0.054,0.0336,2.70754,5.71885,0.00237462,0.0000,-0.3000,0.001,-0.000,-1.0919,0.0218,0.0048
35.92,6.620,-0.0000,-0.3000,-0.2637,-0.0094,0.0488,0.0218,0.0050,-1.1006,-0.082,-0.055,0.0333,2.70754,5.71885,0.00237462,0.0000,-0.3000,0.001,-0.000,-1.0919,0.0218,0.0049
36.02,6.640,-0.0000,-0.3000,-0.2629,-0.0097,0.0488,0.0218,0.0051,-1.1066,-0.082,-0.055,0.0330,2.8244,5.80335,0.00237462,0.0000,-0.3000,0.001,-0.000,-1.1025,0.0218,0.0051
36.12,6.660,-0.0000,-0.3000,-0.2618,-0.0101,0.0487,0.0217,0.0052,-1.1129,-0.083,-0.055,0.0326,2.91488,5.86644,0.00209783,0.0000,-0.3000,0.001,-0.000,-1.1104,0.0217,0.0052
36.22,6.680,-0.0000,-0.3000,-0.2610,-0.0103,0.0487,0.0217,0.0054,-1.1195,-0.084,-0.056,0.0323,2.91488,5.86644,0.00209783,0.0000,-0.3000,0.001,-0.000,-1.1104,0.0217,0.0053
36.32,6.700,-0.0000,-0.3000,-0.2602,-0.0106,0.0487,0.0217,0.0055,-1.1254,-0.084,-0.056,0.0320,3.00783,5.92926,0.00237462,0.0000,-0.3000,0.001,-0.000,-1.1182,0.0217,0.0055
36.42,6.740,-0.0000,-0.3000,-0.2591,-0.0110,0.0487,0.0216,0.0056,-1.1314,-0.085,-0.056,0.0317,3.13572,6.01257,0.00237463,0.0000,-0.3000,0.001,-0.000,-1.1286,0.0216,0.0056
36.52,6.760,-0.0000,-0.3000,-0.2583,-0.0113,0.0487,0.0216,0.0058,-1.1376,-0.086,-0.057,0.0314,3.13572,6.01257,0.00237463,0.0000,-0.3000,0.001,-0.000,-1.1286,0.0216,0.0057
36.62,6.780,-0.0000,-0.3000,-0.2576,-0.0115,0.0487,0.0216,0.0059,-1.1438,-0.086,-0.057,0.0310,3.23464,6.07468,0.00209784,0.0000,-0.3000,0.001,-0.000,-1.1364,0.0216,0.0058
36.72,6.800,-0.0000,-0.3000,-0.2569,-0.0118,0.0486,0.0215,0.0060,-1.1489,-0.087,-0.057,0.0307,3.3362,6.13645,0.00237463,0.0000,-0.3000,0.001,-0.000,-1.1441,0.0216,0.0060
36.82,6.820,-0.0000,-0.3000,-0.2557,-0.0122,0.0486,0.0215,0.0061,-1.1551,-0.088,-0.058,0.0304,3.47579,6.21825,0.00237463,0.0000,-0.3000,0.001,-0.000,-1.1544,0.0215,0.0061
36.92,6.840,-0.0000,-0.3000,-0.2550,-0.0124,0.0486,0.0215,0.0063,-1.1612,-0.088,-0.058,0.0301,3.47579,6.21825,0.00237463,0.0000,-0.3000,0.001,-0.000,-1.1544,0.0215,0.0062
37.02,6.880,-0.0000,-0.3000,-0.2539,-0.0128,0.0485,0.0214,0.0064,-1.1670,-0.089,-0.058,0.0298,3.58368,6.27915,0.00209784,0.0000,-0.3000,0.001,-0.000,-1.1621,0.0214,0.0064
37.12,6.900,-0.0000,-0.3000,-0.2532,-0.0131,0.0485,0.0214,0.0065,-1.1724,-0.090,-0.058,0.0295,3.69436,6.33964,0.00237464,0.0000,-0.3000,0.001,-0.000,-1.1697,0.0214,0.0065
37.22,6.920,-0.0000,-0.3000,-0.2525,-0.0133,0.0485,0.0214,0.0066,-1.1782,-0.090,-0.059,0.0292,3.69436,6.33964,0.00237464,0.0000,-0.3000,0.001,-0.000,-1.1697,0.0214,0.0066
37.32,6.940,-0.0000,-0.3000,-0.2518,-0.0136,0.0484,0.0213,0.0068,-1.1842,-0.091,-0.059,0.0288,3.84637,6.41962,0.00237464,0.0000,-0.3000,0.001,-0.000,-1.1798,0.0213,0.0067
37.42,6.960,-0.0000,-0.3000,-0.2507,-0.0140,0.0484,0.0213,0.0069,-1.1903,-0.091,-0.059,0.0285,3.96375,6.47907,0.00209785,0.0000,-0.3000,0.001,-0.000,-1.1873,0.0213,0.0069
37.52,6.980,-0.0000,-0.3000,-0.2500,-0.0142,0.0483,0.0212,0.0070,-1.1963,-0.092,-0.060,0.0281,3.96375,6.47907,0.00209785,0.0000,-0.3000,0.001,-0.000,-1.1873,0.0212,0.0070
37.62,7.000,0.0000,-0.3000,-0.2493,-0.0145,0.0483,0.0212,0.0071,-1.2017,-0.093,-0.060,0.0278,4.08409,6.53804,0.00237464,0.0000,-0.3000,0.001,-0.000,-1.1948,0.0212,0.0071
37.72,7.040,0.0000,-0.3000,-0.2483,-0.0148,0.0482,0.0212,0.0073,-1.2075,-0.093,-0.060,0.0275,4.24922,6.61588,0.00237465,0.0000,-0.3000,0.001,-0.000,-1.2048,0.0212,0.0073
37.82,7.060,0.0000,-0.3000,-0.2476,-0.0151,0.0482,0.0211,0.0074,-1.2132,-0.094,-0.060,0.0272,4.24922,6.61588,0.00237465,0.0000,-0.3000,0.001,-0.000,-1.2048,0.0211,0.0074
37.92,7.080,0.0000,-0.3000,-0.2469,-0.0153,0.0481,0.0211,0.0075,-1.2193,-0.094,-0.061,0.0268,4.37663,6.67365,0.00209785,0.0000,-0.3000,0.001,-0.000,-1.2123,0.0211,0.0075
38.02,7.100,0.0000,-0.3000,-0.2459,-0.0157,0.0480,0.0210,0.0076,-1.2247,-0.095,-0.061,0.0265,4.50717,6.73087,0.00237465,0.0000,-0.3000,0.001,-0.000,-1.2197,0.0210,0.0076
38.12,7.120,0.0000,-0.3000,-0.2452,-0.0160,0.0480,0.0210,0.0077,-1.2304,-0.095,-0.061,0.0262,4.68614,6.80627,0.00237465,0.0000,-0.3000,0.001,-0.000,-1.2295,0.0210,0.0077
38.22,7.140,0.0000,-0.3000,-0.2445,-0.0162,0.0479,0.0209,0.0079,-1.2363,-0.096,-0.061,0.0259,4.68614,6.80627,0.00237465,0.0000,-0.3000,0.001,-0.000,-1.2295,0.0210,0.0078
38.32,7.180,0.0000,-0.3000,-0.2435,-0.0166,0.0478,0.0209,0.0080,-1.2421,-0.097,-0.062,0.0255,4.82414,6.86211,0.00209785,0.0000,-0.3000,0.001,-0.000,-1.2369,0.0209,0.0080
38.42,7.200,0.0000,-0.3000,-0.2428,-0.0168,0.0478,0.0208,0.0081,-1.2477,-0.097,-0.062,0.0252,4.96542,6.91734,0.00237465,0.0000,-0.3000,0.001,-0.000,-1.2442,0.0209,0.0081
38.52,7.220,0.0000,-0.3000,-0.2421,-0.0170,0.0477,0.0208,0.0082,-1.2537,-0.098,-0.062,0.0248,4.96542,6.91734,0.00237465,0.0000,-0.3000,0.001,-0.000,-1.2442,0.0208,0.0082
38.62,7.240,0.0000,-0.3000,-0.2412,-0.0174,0.0476,0.0208,0.0083,-1.2595,-0.098,-0.062,0.0245,5.15898,6.98998,0.00237465,0.0000,-0.3000,0.001,-0.000,-1.2539,0.0208,0.0083
38.72,7.260,0.0000,-0.3000,-0.2405,-0.0176,0.0475,0.0207,0.0085,-1.2651,-0.099,-0.063,0.0242,5.30811,7.04368,0.00209786,0.0000,-0.3000,0.001,-0.000,-1.2611,0.0207,0.0084
38.82,7.300,0.0000,-0.3000,-0.2395,-0.0180,0.0474,0.0207,0.0086,-1.2708,-0.099,-0.063,0.0238,5.46069,7.09668,0.00237466,0.0000,-0.3000,0.001,-0.000,-1.2683,0.0207,0.0086
38.92,7.320,0.0000,-0.3000,-0.2389,-0.0182,0.0474,0.0206,0.0087,-1.2763,-0.100,-0.063,0.0235,5.46069,7.09668,0.00237466,0.0000,-0.3000,0.001,-0.000,-1.2683,0.0206,0.0087
39.02,7.340,0.0000,-0.3000,-0.2382,-0.0185,0.0473,0.0206,0.0088,-1.2818,-0.100,-0.063,0.0231,5.66958,7.16625,0.00237466,0.0000,-0.3000,0.001,-0.000,-1.2779,0.0206,0.0088
39.12,7.360,0.0000,-0.3000,-0.2372,-0.0188,0.0472,0.0205,0.0089,-1.2875,-0.101,-0.064,0.0228,5.8304,7.21756,0.00209786,0.0000,-0.3000,0.001,-0.000,-1.2850,0.0205,0.0089
39.22,7.380,0.0000,-0.3000,-0.2366,-0.0190,0.0471,0.0205,0.0090,-1.2932,-0.101,-0.064,0.0225,5.8304,7.21756,0.00209786,0.0000,-0.3000,0.001,-0.000,-1.2850,0.0205,0.0090
39.32,7.400,0.0000,-0.3000,-0.2360,-0.0193,0.0470,0.0204,0.0091,-1.2984,-0.102,-0.064,0.0221,5.99485,7.26812,0.00237466,0.0000,-0.3000,0.001,-0.000,-1.2921,0.0204,0.0091
39.42,7.440,0.0000,-0.3000,-0.2350,-0.0196,0.0469,0.0204,0.0093,-1.3038,-0.102,-0.064,0.0218,6.21982,7.33431,0.00237466,0.0000,-0.3000,0.001,-0.000,-1.3016,0.0204,0.0093
39.52,7.460,0.0000,-0.3000,-0.2344,-0.0198,0.0468,0.0203,0.0094,-1.3094,-0.103,-0.064,0.0215,6.21982,7.33431,0.00237466,0.0000,-0.3000,0.001,-0.000,-1.3016,0.0203,0.0094
39.62,7.480,0.0000,-0.3000,-0.2337,-0.0201,0.0467,0.0203,0.0095,-1.3150,-0.103,-0.065,0.0211,6.3929,7.38301,0.00209786,0.0000,-0.3000,0.001,-0.000,-1.3086,0.0203,0.0094
39.72,7.500,0.0000,-0.3000,-0.2328,-0.0204,0.0466,0.0202,0.0096,-1.3204,-0.104,-0.065,0.0208,6.56978,7.43089,0.00237466,0.0000,-0.3000,0.001,-0.000,-1.3156,0.0202,0.0096
39.82,7.520,0.0000,-0.3000,-0.2322,-0.0206,0.0465,0.0202,0.0097,-1.3257,-0.104,-0.065,0.0205,6.81159,7.49341,0.00237466,0.0000,-0.3000,0.001,-0.000,-1.3249,0.0202,0.0097
39.92,7.540,0.0000,-0.3000,-0.2315,-0.0209,0.0464,0.0201,0.0098,-1.3311,-0.104,-0.065,0.0201,6.81159,7.49341,0.00237466,0.0000,-0.3000,0.001,-0.000,-1.3249,0.0201,0.0098
40.02,7.580,0.0000,-0.3000,-0.2306,-0.0212,0.0463,0.0200,0.0099,-1.3364,-0.105,-0.065,0.0198,6.9975,7.53928,0.00209786,0.0000,-0.3000,0.001,-0.000,-1.3319,0.0200,0.0099
40.12,7.600,0.0000,-0.3000,-0.2300,-0.0214,0.0462,0.0200,0.0100,-1.3417,-0.105,-0.065,0.0195,7.18738,7.58426,0.00237467,0.0000,-0.3000,0.001,-0.000,-1.3388,0.0200,0.0100
40.22,7.620,0.0000,-0.3000,-0.2294,-0.0216,0.0461,0.0199,0.0101,-1.3472,-0.106,-0.066,0.0191,7.18738,7.58426,0.00237467,0.0000,-0.3000,0.001,-0.000,-1.3388,0.0200,0.0101
40.32,7.640,0.0000,-0.3000,-0.2285,-0.0219,0.0460,0.0199,0.0102,-1.3524,-0.106,-0.066,0.0188,7.4468,7.64282,0.00237467,0.0000,-0.3000,0.001,-0.000,-1.3480,0.0199,0.0102
40.42,7.660,0.0000,-0.3000,-0.2278,-0.0222,0.0459,0.0198,0.0103,-1.3577,-0.106,-0.066,0.0185,7.64612,7.68565,0.00209786,0.0000,-0.3000,0.001,-0.000,-1.3549,0.0198,0.0103
40.52,7.680,0.0000,-0.3000,-0.2272,-0.0224,0.0458,0.0198,0.0104,-1.3631,-0.107,-0.066,0.0181,7.64612,7.68565,0.00209786,0.0000,-0.3000,0.001,-0.000,-1.3549,0.0198,0.0104
40.62,7.720,0.0000,-0.3000,-0.2263,-0.0227,0.0456,0.0197,0.0106,-1.3686,-0.107,-0.066,0.0178,7.84957,7.72753,0.00237467,0.0000,-0.3000,0.001,-0.000,-1.3617,0.0197,0.0106
40.72,7.740,0.0000,-0.3000,-0.2257,-0.0229,0.0455,0.0197,0.0107,-1.3740,-0.108,-0.066,0.0174,8.12736,7.78184,0.00237467,0.0000,-0.3000,0.001,-0.000,-1.3708,0.0197,0.0106
40.82,7.760,0.0000,-0.3000,-0.2251,-0.0231,0.0454,0.0196,0.0108,-1.3792,-0.108,-0.066,0.0171,8.34066,7.82142,0.00209787,0.0000,-0.3000,0.001,-0.000,-1.3775,0.0196,0.0107
40.92,7.780,0.0000,-0.3000,-0.2242,-0.0234,0.0453,0.0195,0.0109,-1.3846,-0.108,-0.067,0.0167,8.34066,7.82142,0.00209787,0.0000,-0.3000,0.001,-0.000,-1.3775,0.0196,0.0109
41.02,7.800,0.0000,-0.3000,-0.2236,-0.0236,0.0452,0.0195,0.0110,-1.3897,-0.109,-0.067,0.0164,8.55826,7.85999,0.00237467,0.0000,-0.3000,0.001,-0.000,-1.3843,0.0195,0.0109
41.12,7.820,0.0000,-0.3000,-0.2230,-0.0238,0.0451,0.0194,0.0111,-1.3951,-0.109,-0.067,0.0161,8.85519,7.9098,0.00237467,0.0000,-0.3000,0.001,-0.000,-1.3932,0.0195,0.0110
41.22,7.860,0.0000,-0.3000,-0.2221,-0.0241,0.0449,0.0194,0.0112,-1.4004,-0.110,-0.067,0.0157,8.85519,7.9098,0.00237467,0.0000,-0.3000,0.001,-0.000,-1.3932,0.0194,0.0112
41.32,7.880,0.0000,-0.3000,-0.2215,-0.0243,0.0448,0.0193,0.0113,-1.4057,-0.110,-0.067,0.0154,9.08305,7.94593,0.00209787,0.0000,-0.3000,0.001,-0.000,-1.3999,0.0193,0.0113
41.42,7.900,0.0000,-0.3000,-0.2210,-0.0245,0.0447,0.0193,0.0114,-1.4106,-0.110,-0.067,0.0151,9.31539,7.98098,0.00237467,0.0000,-0.3000,0.001,-0.000,-1.4065,0.0193,0.0113
41.52,7.920,0.0000,-0.3000,-0.2201,-0.0248,0.0445,0.0192,0.0115,-1.4159,-0.111,-0.067,0.0147,9.63223,8.02603,0.00237467,0.0000,-0.3000,0.001,-0.000,-1.4154,0.0192,0.0115
41.62,7.940,0.0000,-0.3000,-0.2195,-0.0250,0.0444,0.0191,0.0116,-1.4211,-0.111,-0.067,0.0144,9.63223,8.02603,0.00237467,0.0000,-0.3000,0.001,-0.000,-1.4154,0.0192,0.0115
41.72,7.980,0.0000,-0.3000,-0.2186,-0.0253,0.0442,0.0191,0.0117,-1.4266,-0.111,-0.067,0.0140,9.87522,8.05853,0.00209787,0.0000,-0.3000,0.001,-0.000,-1.4220,0.0191,0.0117
41.82,8.000,0.0000,-0.3000,-0.2180,-0.0255,0.0441,0.0190,0.0118,-1.4314,-0.112,-0.068,0.0137,10.1229,8.0899,0.00237467,0.0000,-0.3000,0.001,-0.000,-1.4285,0.0190,0.0118
41.92,8.020,0.0000,-0.3000,-0.2174,-0.0257,0.0440,0.0190,0.0119,-1.4364,-0.112,-0.068,0.0134,10.1229,8.0899,0.00237467,0.0000,-0.3000,0.001,-0.000,-1.4285,0.0190,0.0118
42.02,8.040,0.0000,-0.3000,-0.2166,-0.0260,0.0438,0.0189,0.0120,-1.4416,-0.112,-0.068,0.0131,10.4604,8.12995,0.00237467,0.0000,-0.3000,0.001,-0.000,-1.4372,0.0189,0.0120
42.12,8.060,0.0000,-0.3000,-0.2160,-0.0245,0.0485,0.0188,0.0121,-1.4466,-0.112,-0.068,0.0127,10.7191,8.15863,0.00209787,0.0000,-0.3000,0.001,-0.000,-1.4437,0.0188,0.0120
42.22,8.080,0.0000,-0.3000,-0.2141,-0.0252,0.0467,0.0188,0.0122,-1.4517,-0.113,-0.068,0.0120,10.7191,8.15863,0.00209787,0.0000,-0.3000,0.001,-0.000,-1.4437,0.0188,0.0121
42.32,8.120,0.0000,-0.3000,-0.2129,-0.0248,0.0487,0.0187,0.0123,-1.4567,-0.113,-0.068,0.0115,10.9826,8.18615,0.00237468,0.0000,-0.3000,0.001,-0.000,-1.4502,0.0187,0.0122
42.42,8.140,0.0000,-0.3000,-0.2119,-0.0187,0.0509,0.0187,0.0123,-1.4617,-0.113,-0.068,0.0111,11.3416,8.22098,0.00237468,0.0000,-0.3000,0.001,-0.000,-1.4587,0.0187,0.0123
42.52,8.160,0.0000,-0.3000,-0.2137,-0.0014,0.0562,0.0186,0.0124,-1.4667,-0.113,-0.068,0.0109,11.6166,8.24571,0.00209787,0.0000,-0.3000,0.001,-0.000,-1.4651,0.0186,0.0124
42.62,8.180,0.0000,-0.3000,-0.2095,-0.1114,0.2786,0.0185,0.0125,-1.4718,-0.114,-0.068,0.0093,11.6166,8.24571,0.00209787,0.0000,-0.3000,0.001,-0.000,-1.4651,0.0185,0.0125
42.72,8.200,-0.0000,-0.3000,-0.1600,0.2974,0.0129,0.0185,0.0126,-1.4758,-0.114,-0.068,0.0016,11.8966,8.26923,0.00237468,0.0000,-0.3000,0.001,-0.000,-1.4715,0.0185,0.0126
42.82,8.220,-0.0000,-0.3000,-0.1608,0.1348,0.1186,0.0184,0.0127,-1.4796,-0.114,-0.068,0.0047,12.2777,8.29877,0.00237468,0.0000,-0.3000,0.001,-0.000,-1.4786,0.0184,0.0127
42.92,8.260,-0.0000,-0.3000,-0.1613,0.1789,0.1247,0.0184,0.0127,-1.4835,-0.114,-0.068,0.0094,12.2777,8.29877,0.00237468,0.0000,-0.3000,0.001,-0.000,-1.4786,0.0184,0.0127
43.02,8.280,-0.0000,-0.3000,-0.1602,0.1878,0.1739,0.0183,0.0128,-1.4873,-0.114,-0.069,0.0152,12.5695,8.31979,0.00209787,0.0000,-0.3000,0.001,-0.000,-1.4834,0.0183,0.0128
43.12,8.300,-0.0000,-0.3000,-0.1607,-0.0202,0.0288,0.0183,0.0129,-1.4909,-0.113,-0.069,0.0175,12.8665,8.33989,0.00237468,0.0000,-0.3000,0.001,-0.000,-1.4881,0.0183,0.0129
43.22,8.320,-0.0000,-0.3000,-0.1615,-0.0203,0.0287,0.0182,0.0130,-1.4947,-0.113,-0.069,0.0175,13.2705,8.36523,0.00237468,0.0000,-0.3000,0.001,-0.000,-1.4945,0.0182,0.0129
43.32,8.340,-0.0000,-0.3000,-0.1620,-0.0204,0.0286,0.0182,0.0130,-1.4985,-0.113,-0.070,0.0175,13.2705,8.36523,0.00237468,0.0000,-0.3000,0.001,-0.000,-1.4945,0.0182,0.0130
43.42,8.380,-0.0000,-0.3000,-0.1627,-0.0206,0.0285,0.0181,0.0131,-1.5024,-0.113,-0.070,0.0175,13.5796,8.38311,0.00209787,0.0000,-0.3000,0.001,-0.000,-1.4994,0.0181,0.0131
43.52,8.400,-0.0000,-0.3000,-0.1633,-0.0207,0.0284,0.0181,0.0132,-1.5061,-0.113,-0.070,0.0175,13.894,8.40002,0.00237468,0.0000,-0.3000,0.001,-0.000,-1.5042,0.0181,0.0132
43.62,8.420,-0.0000,-0.3000,-0.1638,-0.0207,0.0284,0.0180,0.0132,-1.5099,-0.112,-0.071,0.0175,13.894,8.40002,0.00237468,0.0000,-0.3000,0.001,-0.000,-1.5042,0.0180,0.0132
43.72,8.440,-0.0000,-0.3000,-0.1645,-0.0209,0.0282,0.0180,0.0133,-1.5138,-0.112,-0.071,0.0175,14.3217,8.421,0.00237468,0.0000,-0.3000,0.001,-0.000,-1.5108,0.0180,0.0133
43.82,8.460,-0.0000,-0.3000,-0.1650,-0.0210,0.0282,0.0179,0.0134,-1.5178,-0.112,-0.072,0.0175,14.6488,8.43554,0.00209787,0.0000,-0.3000,0.001,-0.000,-1.5157,0.0179,0.0134
43.92,8.480,-0.0000,-0.3000,-0.1656,-0.0211,0.0281,0.0179,0.0134,-1.5214,-0.112,-0.072,0.0175,14.6488,8.43554,0.00209787,0.0000,-0.3000,0.001,-0.000,-1.5157,0.0179,0.0134
44.02,8.500,-0.0000,-0.3000,-0.1661,-0.0212,0.0280,0.0178,0.0135,-1.5251,-0.112,-0.072,0.0175,14.9813,8.44905,0.00237468,0.0000,-0.3000,0.001,-0.000,-1.5206,0.0179,0.0135
44.12,8.540,-0.0000,-0.3000,-0.1668,-0.0213,0.0279,0.0178,0.0136,-1.5292,-0.111,-0.073,0.0175,15.4334,8.46539,0.00237468,0.0000,-0.3000,0.001,-0.000,-1.5273,0.0178,0.0136
44.22,8.560,-0.0000,-0.3000,-0.1674,-0.0214,0.0278,0.0177,0.0136,-1.5331,-0.111,-0.073,0.0175,15.7791,8.47639,0.00209787,0.0000,-0.3000,0.001,-0.000,-1.5323,0.0177,0.0136
44.32,8.580,0.0000,-0.3000,-0.1771,-0.2054,-0.1589,0.0177,0.0137,-1.5371,-0.111,-0.073,0.0098,15.7791,8.47639,0.00209787,0.0000,-0.3000,0.001,-0.000,-1.5323,0.0177,0.0137
44.42,8.600,0.0000,-0.3000,-0.2032,-0.0011,-0.0009,0.0176,0.0138,-1.5416,-0.111,-0.073,0.0066,16.1304,8.48629,0.00237468,0.0000,-0.3000,0.001,-0.000,-1.5375,0.0176,0.0138
44.52,8.620,0.0000,-0.3000,-0.2027,-0.0011,-0.0009,0.0175,0.0139,-1.5465,-0.111,-0.074,0.0072,16.6078,8.49759,0.00237468,0.0000,-0.3000,0.001,-0.000,-1.5453,0.0176,0.0139
44.62,8.660,0.0000,-0.3000,-0.2018,-0.0011,-0.0009,0.0175,0.0140,-1.5514,-0.111,-0.074,0.0079,16.6078,8.49759,0.00237468,0.0000,-0.3000,0.001,-0.000,-1.5453,0.0175,0.0140
44.72,8.680,0.0000,-0.3000,-0.2013,-0.0011,-0.0009,0.0174,0.0140,-1.5560,-0.111,-0.074,0.0085,16.9726,8.50449,0.00209787,0.0000,-0.3000,0.001,-0.000,-1.5515,0.0174,0.0140
44.82,8.700,0.0000,-0.3000,-0.2007,-0.0011,-0.0009,0.0173,0.0141,-1.5606,-0.111,-0.074,0.0092,17.3433,8.51,0.00237468,0.0000,-0.3000,0.001,-0.000,-1.5575,0.0174,0.0141
44.92,8.720,0.0000,-0.3000,-0.2002,-0.0011,-0.0009,0.0173,0.0142,-1.5652,-0.111,-0.074,0.0099,17.3433,8.51,0.00237468,0.0000,-0.3000,0.001,-0.000,-1.5575,0.0173,0.0142
45.02,8.740,0.0000,-0.3000,-0.1994,-0.0011,-0.0009,0.0172,0.0143,-1.5698,-0.111,-0.075,0.0107,17.8468,8.51518,0.00237468,0.0000,-0.3000,0.001,-0.000,-1.5656,0.0172,0.0143
45.12,8.760,0.0000,-0.3000,-0.1988,-0.0110,0.0110,0.0171,0.0144,-1.5746,-0.111,-0.075,0.0112,18.2314,8.51744,0.00209788,0.0000,-0.3000,0.001,-0.000,-1.5716,0.0172,0.0143
45.22,8.780,0.0000,-0.3000,-0.1983,-0.0332,0.0372,0.0171,0.0144,-1.5792,-0.112,-0.075,0.0109,18.6221,8.5183,0.00237468,0.0000,-0.3000,0.001,-0.000,-1.5775,0.0171,0.0144
45.32,8.820,0.0000,-0.3000,-0.1975,-0.0334,0.0370,0.0170,0.0145,-1.5835,-0.112,-0.075,0.0106,18.6221,8.5183,0.00237468,0.0000,-0.3000,0.001,-0.000,-1.5775,0.0170,0.0145
45.42,8.840,0.0000,-0.3000,-0.1970,-0.0335,0.0369,0.0169,0.0146,-1.5884,-0.112,-0.075,0.0103,19.1524,8.51725,0.00237468,0.0000,-0.3000,0.001,-0.000,-1.5855,0.0170,0.0146
45.52,8.860,0.0000,-0.3000,-0.1964,-0.0337,0.0368,0.0169,0.0147,-1.5929,-0.112,-0.076,0.0100,19.5573,8.51483,0.00209788,0.0000,-0.3000,0.001,-0.000,-1.5914,0.0169,0.0146
45.62,8.880,0.0000,-0.3000,-0.1956,-0.0339,0.0366,0.0168,0.0148,-1.5975,-0.112,-0.076,0.0097,19.5573,8.51483,0.00209788,0.0000,-0.3000,0.001,-0.000,-1.5914,0.0168,0.0147
45.72,8.900,0.0000,-0.3000,-0.1951,-0.0340,0.0365,0.0167,0.0148,-1.6017,-0.112,-0.076,0.0094,19.9685,8.51099,0.00237468,0.0000,-0.3000,0.001,-0.000,-1.5972,0.0168,0.0148
45.82,8.920,0.0000,-0.3000,-0.1945,-0.0342,0.0363,0.0167,0.0149,-1.6064,-0.112,-0.076,0.0091,20.5264,8.50368,0.00237468,0.0000,-0.3000,0.001,-0.000,-1.6050,0.0167,0.0149
45.92,8.960,0.0000,-0.3000,-0.1937,-0.0344,0.0361,0.0166,0.0150,-1.6109,-0.112,-0.076,0.0088,20.5264,8.50368,0.00237468,0.0000,-0.3000,0.001,-0.000,-1.6050,0.0166,0.0150
46.02,8.980,0.0000,-0.3000,-0.1932,-0.0345,0.0360,0.0165,0.0151,-1.6153,-0.112,-0.077,0.0085,20.9522,8.49655,0.00209788,0.0000,-0.3000,0.001,-0.000,-1.6109,0.0166,0.0150
46.12,9.000,0.0000,-0.3000,-0.1927,-0.0347,0.0359,0.0165,0.0151,-1.6200,-0.112,-0.077,0.0082,21.3844,8.488,0.00237468,0.0000,-0.3000,0.001,-0.000,-1.6167,0.0165,0.0151
46.22,9.020,0.0000,-0.3000,-0.1919,-0.0349,0.0357,0.0164,0.0152,-1.6246,-0.112,-0.077,0.0079,21.3844,8.488,0.00237468,0.0000,-0.3000,0.001,-0.000,-1.6167,0.0164,0.0152
46.32,9.040,0.0000,-0.3000,-0.1913,-0.0350,0.0355,0.0163,0.0153,-1.6292,-0.112,-0.077,0.0076,21.9707,8.47439,0.00237468,0.0000,-0.3000,0.001,-0.000,-1.6244,0.0164,0.0153
46.42,9.060,0.0000,-0.3000,-0.1908,-0.0351,0.0354,0.0163,0.0153,-1.6334,-0.112,-0.077,0.0074,22.4179,8.46254,0.00209788,0.0000,-0.3000,0.001,-0.000,-1.6301,0.0163,0.0153
46.52,9.100,0.0000,-0.3000,-0.1900,-0.0353,0.0352,0.0162,0.0154,-1.6379,-0.113,-0.078,0.0071,22.8716,8.44927,0.00237468,0.0000,-0.3000,0.001,-0.000,-1.6358,0.0162,0.0154
46.62,9.120,0.0000,-0.3000,-0.1895,-0.0355,0.0351,0.0161,0.0155,-1.6423,-0.113,-0.078,0.0068,22.8716,8.44927,0.00237468,0.0000,-0.3000,0.001,-0.000,-1.6358,0.0161,0.0155
46.72,9.140,0.0000,-0.3000,-0.1889,-0.0356,0.0349,0.0161,0.0156,-1.6468,-0.113,-0.078,0.0065,23.4869,8.42938,0.00237468,0.0000,-0.3000,0.001,-0.000,-1.6434,0.0161,0.0155
46.82,9.160,0.0000,-0.3000,-0.1882,-0.0358,0.0347,0.0160,0.0156,-1.6512,-0.113,-0.078,0.0063,23.956,8.41281,0.00209788,0.0000,-0.3000,0.001,-0.000,-1.6491,0.0160,0.0156
46.92,9.180,0.0000,-0.3000,-0.1876,-0.0359,0.0346,0.0159,0.0157,-1.6555,-0.113,-0.078,0.0060,23.956,8.41281,0.00209788,0.0000,-0.3000,0.001,-0.000,-1.6491,0.0159,0.0157
47.02,9.200,0.0000,-0.3000,-0.1871,-0.0360,0.0345,0.0159,0.0158,-1.6598,-0.113,-0.078,0.0058,24.4319,8.39484,0.00237468,0.0000,-0.3000,0.001,-0.000,-1.6547,0.0159,0.0158
47.12,9.240,-0.0000,-0.3000,-0.1867,-0.0247,0.0247,0.0158,0.0158,-1.6643,-0.113,-0.078,0.0056,25.0768,8.36869,0.00237468,0.0000,-0.3000,0.001,-0.000,-1.6622,0.0158,0.0158
47.22,9.260,-0.0000,-0.3000,-0.1872,-0.0248,0.0246,0.0157,0.0159,-1.6686,-0.113,-0.078,0.0056,25.0768,8.36869,0.00237468,0.0000,-0.3000,0.001,-0.000,-1.6622,0.0157,0.0159
47.32,9.280,-0.0000,-0.3000,-0.1877,-0.0249,0.0245,0.0156,0.0160,-1.6731,-0.113,-0.079,0.0056,25.5685,8.34745,0.00209788,0.0000,-0.3000,0.001,-0.000,-1.6678,0.0157,0.0160
47.42,9.300,-0.0000,-0.3000,-0.1885,-0.0251,0.0243,0.0156,0.0161,-1.6774,-0.113,-0.079,0.0057,26.0669,8.32482,0.00237468,0.0000,-0.3000,0.001,-0.000,-1.6734,0.0156,0.0160
47.52,9.320,-0.0000,-0.3000,-0.1890,-0.0251,0.0242,0.0155,0.0161,-1.6817,-0.113,-0.079,0.0057,26.7422,8.29245,0.00237468,0.0000,-0.3000,0.001,-0.000,-1.6810,0.0155,0.0161
47.62,9.340,-0.0000,-0.3000,-0.1896,-0.0252,0.0241,0.0154,0.0162,-1.6861,-0.113,-0.079,0.0057,26.7422,8.29245,0.00237468,0.0000,-0.3000,0.001,-0.000,-1.6810,0.0155,0.0162
47.72,9.380,-0.0000,-0.3000,-0.1904,-0.0254,0.0240,0.0154,0.0163,-1.6905,-0.113,-0.079,0.0057,27.2568,8.26653,0.00209788,0.0000,-0.3000,0.001,-0.000,-1.6867,0.0154,0.0163
47.82,9.400,-0.0000,-0.3000,-0.1909,-0.0254,0.0239,0.0153,0.0163,-1.6950,-0.113,-0.079,0.0058,27.7783,8.2392,0.00237468,0.0000,-0.3000,0.001,-0.000,-1.6924,0.0153,0.0163
47.92,9.420,-0.0000,-0.3000,-0.1914,-0.0255,0.0238,0.0152,0.0164,-1.6994,-0.113,-0.079,0.0058,27.7783,8.2392,0.00237468,0.0000,-0.3000,0.001,-0.000,-1.6924,0.0152,0.0164
48.02,9.440,-0.0000,-0.3000,-0.1922,-0.0257,0.0236,0.0151,0.0165,-1.7039,-0.113,-0.080,0.0058,28.4846,8.20056,0.00237468,0.0000,-0.3000,0.001,-0.000,-1.7000,0.0152,0.0165
48.12,9.460,-0.0000,-0.3000,-0.1928,-0.0258,0.0235,0.0151,0.0165,-1.7085,-0.113,-0.080,0.0058,29.0226,8.16992,0.00209788,0.0000,-0.3000,0.001,-0.000,-1.7058,0.0151,0.0165
48.22,9.480,-0.0000,-0.3000,-0.1933,-0.0258,0.0234,0.0150,0.0166,-1.7129,-0.113,-0.080,0.0058,29.0226,8.16992,0.00209788,0.0000,-0.3000,0.001,-0.000,-1.7058,0.0150,0.0166
48.32,9.520,-0.0000,-0.3000,-0.1941,-0.0260,0.0233,0.0149,0.0167,-1.7174,-0.113,-0.080,0.0059,29.5677,8.13786,0.00237468,0.0000,-0.3000,0.001,-0.000,-1.7116,0.0149,0.0167
48.42,9.540,-0.0000,-0.3000,-0.1946,-0.0261,0.0232,0.0149,0.0167,-1.7219,-0.113,-0.080,0.0059,30.3055,8.09291,0.00237468,0.0000,-0.3000,0.001,-0.000,-1.7193,0.0149,0.0167
48.52,9.560,-0.0000,-0.3000,-0.1952,-0.0262,0.0231,0.0148,0.0168,-1.7265,-0.113,-0.080,0.0059,30.8673,8.05754,0.00209788,0.0000,-0.3000,0.001,-0.000,-1.7252,0.0148,0.0168
48.62,9.580,-0.0000,-0.3000,-0.1960,-0.0263,0.0229,0.0147,0.0169,-1.7308,-0.113,-0.080,0.0059,30.8673,8.05754,0.00209788,0.0000,-0.3000,0.001,-0.000,-1.7252,0.0147,0.0169
48.72,9.600,-0.0000,-0.3000,-0.1965,-0.0264,0.0228,0.0146,0.0169,-1.7352,-0.113,-0.080,0.0060,31.4363,8.02076,0.00237468,0.0000,-0.3000,0.001,-0.000,-1.7310,0.0146,0.0169
48.82,9.620,-0.0000,-0.3000,-0.1970,-0.0265,0.0227,0.0145,0.0170,-1.7399,-0.113,-0.081,0.0060,32.2062,7.96951,0.00237468,0.0000,-0.3000,0.001,-0.000,-1.7389,0.0146,0.0170
48.92,9.640,-0.0000,-0.3000,-0.1976,-0.0265,0.0226,0.0145,0.0171,-1.7444,-0.113,-0.081,0.0060,32.2062,7.96951,0.00237468,0.0000,-0.3000,0.001,-0.000,-1.7389,0.0145,0.0170
49.02,9.680,-0.0000,-0.3000,-0.1984,-0.0267,0.0224,0.0144,0.0171,-1.7490,-0.113,-0.081,0.0060,32.7922,7.92944,0.00209788,0.0000,-0.3000,0.001,-0.000,-1.7448,0.0144,0.0171
49.12,9.700,-0.0000,-0.3000,-0.1989,-0.0268,0.0223,0.0143,0.0172,-1.7532,-0.113,-0.081,0.0061,33.3854,7.88796,0.00237468,0.0000,-0.3000,0.001,-0.000,-1.7507,0.0143,0.0172
49.22,9.720,-0.0000,-0.3000,-0.1995,-0.0268,0.0222,0.0142,0.0173,-1.7580,-0.113,-0.081,0.0061,33.3854,7.88796,0.00237468,0.0000,-0.3000,0.001,-0.000,-1.7507,0.0143,0.0172
49.32,9.740,-0.0000,-0.3000,-0.2003,-0.0270,0.0220,0.0142,0.0173,-1.7628,-0.113,-0.081,0.0061,34.1879,7.83049,0.00237468,0.0000,-0.3000,0.001,-0.000,-1.7587,0.0142,0.0173
49.42,9.760,-0.0000,-0.3000,-0.2008,-0.0271,0.0219,0.0141,0.0174,-1.7674,-0.113,-0.081,0.0061,34.7984,7.78577,0.00209788,0.0000,-0.3000,0.001,-0.000,-1.7647,0.0141,0.0174
49.52,9.780,-0.0000,-0.3000,-0.2014,-0.0271,0.0218,0.0140,0.0175,-1.7722,-0.113,-0.082,0.0062,34.7984,7.78577,0.00209788,0.0000,-0.3000,0.001,-0.000,-1.7647,0.0140,0.0174
49.62,9.800,-0.0000,-0.3000,-0.2019,-0.0272,0.0217,0.0139,0.0175,-1.7762,-0.113,-0.082,0.0062,35.4162,7.73967,0.00237468,0.0000,-0.3000,0.001,-0.000,-1.7707,0.0139,0.0175
49.72,9.840,-0.0000,-0.3000,-0.2028,-0.0274,0.0215,0.0138,0.0176,-1.7807,-0.113,-0.082,0.0062,36.2516,7.67609,0.00237468,0.0000,-0.3000,0.001,-0.000,-1.7788,0.0138,0.0176
49.82,9.860,-0.0000,-0.3000,-0.2033,-0.0274,0.0214,0.0138,0.0176,-1.7858,-0.113,-0.082,0.0062,36.2516,7.67609,0.00237468,0.0000,-0.3000,0.001,-0.000,-1.7788,0.0138,0.0176
49.92,9.880,-0.0000,-0.3000,-0.2039,-0.0275,0.0213,0.0137,0.0177,-1.7905,-0.113,-0.082,0.0063,36.8869,7.62683,0.00209788,0.0000,-0.3000,0.001,-0.000,-1.7849,0.0137,0.0177
50.02,9.900,-0.0000,-0.3000,-0.2047,-0.0277,0.0211,0.0136,0.0178,-1.7952,-0.113,-0.082,0.0063,37.5296,7.57623,0.00237468,0.0000,-0.3000,0.001,-0.000,-1.7910,0.0136,0.0178
50.12,9.920,-0.0000,-0.3000,-0.2052,-0.0277,0.0210,0.0135,0.0178,-1.8001,-0.113,-0.082,0.0063,38.3983,7.50671,0.00237468,0.0000,-0.3000,0.001,-0.000,-1.7992,0.0135,0.0178
50.22,9.940,-0.0000,-0.3000,-0.2058,-0.0278,0.0209,0.0134,0.0179,-1.8050,-0.113,-0.083,0.0063,38.3983,7.50671,0.00237468,0.0000,-0.3000,0.001,-0.000,-1.7992,0.0134,0.0179
50.32,9.980,-0.0000,-0.3000,-0.2066,-0.0279,0.0207,0.0133,0.0180,-1.8100,-0.113,-0.083,0.0064,39.0586,7.45305,0.00209788,0.0000,-0.3000,0.001,-0.000,-1.8054,0.0133,0.0180
50.42,10.000,-0.0000,-0.3000,-0.2072,-0.0280,0.0206,0.0132,0.0180,-1.8145,-0.113,-0.083,0.0064,39.7264,7.3981,0.00237468,0.0000,0.0000,0.001,-0.000,-1.8116,0.0133,0.0180
50.52,10.020,-0.0000,-0.2885,-0.1966,-0.0418,0.0305,0.0132,0.0181,-1.8189,-0.113,-0.083,0.0061,39.7264,7.3981,0.00237468,0.0000,0.0000,0.001,-0.000,-1.8116,0.0132,0.0181
50.62,10.040,-0.0000,-0.2685,-0.1765,-0.0423,0.0305,0.0131,0.0181,-1.8231,-0.113,-0.083,0.0058,40.6285,7.32289,0.00237468,0.0000,0.0000,0.001,-0.000,-1.8197,0.0131,0.0181
50.72,10.040,-0.0000,-0.2685,-0.1765,-0.0423,0.0305,0.0131,0.0182,-1.8240,-0.113,-0.083,0.0058,40.6285,7.32289,0.00237468,0.0000,0.0000,0.001,-0.000,-1.8197,0.0131,0.0181
50.82,10.060,-0.0000,-0.2485,-0.1630,-0.0426,0.0305,0.0130,0.0182,-1.8270,-0.113,-0.083,0.0056,41.3141,7.26512,0.00209788,0.0000,0.0000,0.001,-0.000,-1.8251,0.0130,0.0182
50.92,10.080,-0.0000,-0.2285,-0.1493,-0.0428,0.0305,0.0129,0.0182,-1.8307,-0.113,-0.083,0.0053,41.3141,7.26512,0.00209788,0.0000,0.0000,0.001,-0.000,-1.8251,0.0130,0.0182
51.02,10.100,-0.0000,-0.2085,-0.1496,-0.0150,0.0106,0.0129,0.0183,-1.8335,-0.113,-0.084,0.0055,42.0074,7.20636,0.00237468,0.0000,-0.3000,0.001,-0.000,-1.8300,0.0129,0.0183
51.12,10.140,-0.0000,-0.2395,-0.1711,-0.0148,0.0103,0.0128,0.0183,-1.8374,-0.113,-0.084,0.0058,42.9441,7.12676,0.00237468,0.0000,-0.3000,0.001,-0.000,-1.8359,0.0128,0.0183
51.22,10.160,-0.0000,-0.2595,-0.1856,-0.0146,0.0101,0.0127,0.0184,-1.8417,-0.114,-0.084,0.0061,42.9441,7.12676,0.00237468,0.0000,-0.3000,0.001,-0.000,-1.8359,0.0128,0.0184
51.32,10.180,-0.0000,-0.2795,-0.2001,-0.0144,0.0099,0.0127,0.0184,-1.8462,-0.114,-0.084,0.0064,43.6559,7.06613,0.00209788,0.0000,-0.3000,0.001,-0.000,-1.8410,0.0127,0.0184
51.42,10.200,-0.0000,-0.2985,-0.2119,-0.0287,0.0196,0.0126,0.0185,-1.8507,-0.114,-0.084,0.0066,44.3755,7.00459,0.00237468,0.0000,-0.3000,0.001,-0.000,-1.8468,0.0126,0.0185
51.52,10.220,-0.0000,-0.3000,-0.2128,-0.0288,0.0194,0.0125,0.0186,-1.8556,-0.114,-0.084,0.0066,44.3755,7.00459,0.00237468,0.0000,-0.3000,0.001,-0.000,-1.8468,0.0125,0.0186
51.62,10.240,-0.0000,-0.3000,-0.2133,-0.0289,0.0193,0.0124,0.0186,-1.8605,-0.114,-0.084,0.0066,45.3471,6.92089,0.00237468,0.0000,-0.3000,0.001,-0.000,-1.8553,0.0124,0.0186
51.72,10.260,-0.0000,-0.3000,-0.2139,-0.0290,0.0192,0.0123,0.0187,-1.8654,-0.114,-0.084,0.0067,46.0846,6.85684,0.00209788,0.0000,-0.3000,0.001,-0.000,-1.8618,0.0123,0.0187
51.82,10.300,-0.0000,-0.3000,-0.2148,-0.0291,0.0190,0.0122,0.0187,-1.8703,-0.114,-0.085,0.0067,46.8299,6.79173,0.00237468,0.0000,-0.3000,0.001,-0.000,-1.8682,0.0122,0.0187
51.92,10.320,-0.0000,-0.3000,-0.2153,-0.0292,0.0188,0.0121,0.0188,-1.8750,-0.114,-0.085,0.0067,46.8299,6.79173,0.00237468,0.0000,-0.3000,0.001,-0.000,-1.8682,0.0121,0.0188
52.02,10.340,-0.0000,-0.3000,-0.2159,-0.0293,0.0187,0.0120,0.0189,-1.8798,-0.114,-0.085,0.0067,47.8354,6.70333,0.00237468,0.0000,-0.3000,0.001,-0.000,-1.8769,0.0121,0.0188
52.12,10.360,-0.0000,-0.3000,-0.2165,-0.0294,0.0186,0.0119,0.0189,-1.8848,-0.114,-0.085,0.0068,48.5985,6.63588,0.00209788,0.0000,-0.3000,0.001,-0.000,-1.8834,0.0120,0.0189
52.22,10.380,-0.0000,-0.3000,-0.2174,-0.0295,0.0184,0.0118,0.0190,-1.8902,-0.114,-0.085,0.0068,48.5985,6.63588,0.00209788,0.0000,-0.3000,0.001,-0.000,-1.8834,0.0118,0.0190
52.32,10.400,-0.0000,-0.3000,-0.2179,-0.0296,0.0183,0.0117,0.0190,-1.8950,-0.114,-0.085,0.0068,49.3691,6.56751,0.00237468,0.0000,-0.3000,0.001,-0.000,-1.8899,0.0118,0.0190
52.42,10.420,-0.0000,-0.3000,-0.2185,-0.0296,0.0181,0.0117,0.0191,-1.8998,-0.114,-0.086,0.0069,50.4086,6.47496,0.00237468,0.0000,-0.3000,0.001,-0.000,-1.8986,0.0117,0.0191
52.52,10.460,-0.0000,-0.3000,-0.2194,-0.0297,0.0179,0.0116,0.0192,-1.9050,-0.114,-0.086,0.0069,50.4086,6.47496,0.00237468,0.0000,-0.3000,0.001,-0.000,-1.8986,0.0116,0.0192
52.62,10.480,-0.0000,-0.3000,-0.2200,-0.0298,0.0178,0.0115,0.0192,-1.9103,-0.114,-0.086,0.0069,51.197,6.40456,0.00209788,0.0000,-0.3000,0.001,-0.000,-1.9052,0.0115,0.0192
52.72,10.500,-0.0000,-0.3000,-0.2206,-0.0299,0.0177,0.0114,0.0193,-1.9138,-0.114,-0.086,0.0069,51.993,6.33337,0.00237468,0.0000,-0.3000,0.001,-0.000,-1.9118,0.0114,0.0193
52.82,10.500,-0.0000,-0.3000,-0.2206,-0.0299,0.0177,0.0114,0.0193,-1.9138,-0.114,-0.086,0.0069,51.993,6.33337,0.00237468,0.0000,-0.3000,0.001,-0.000,-1.9118,0.0114,0.0193
52.92,10.520,-0.0000,-0.3000,-0.2212,-0.0300,0.0175,0.0113,0.0193,-1.9191,-0.114,-0.086,0.0070,51.993,6.33337,0.00237468,0.0000,-0.3000,0.001,-0.000,-1.9118,0.0113,0.0193
53.02,10.540,-0.0000,-0.3000,-0.2218,-0.0300,0.0174,0.0112,0.0194,-1.9238,-0.114,-0.086,0.0070,53.0662,6.23729,0.00237468,0.0000,-0.3000,0.001,-0.000,-1.9206,0.0112,0.0194
53.12,10.560,-0.0000,-0.3000,-0.2223,-0.0301,0.0173,0.0111,0.0194,-1.9289,-0.114,-0.086,0.0070,53.8798,6.16442,0.00209788,0.0000,-0.3000,0.001,-0.000,-1.9273,0.0111,0.0194
53.22,10.580,-0.0000,-0.3000,-0.2232,-0.0302,0.0171,0.0110,0.0195,-1.9343,-0.114,-0.087,0.0070,53.8798,6.16442,0.00209788,0.0000,-0.3000,0.001,-0.000,-1.9273,0.0110,0.0195
53.32,10.600,-0.0000,-0.3000,-0.2238,-0.0303,0.0169,0.0109,0.0195,-1.9392,-0.114,-0.087,0.0071,54.701,6.09091,0.00237468,0.0000,-0.3000,0.001,-0.000,-1.9339,0.0109,0.0195
53.42,10.620,-0.0000,-0.3000,-0.2244,-0.0304,0.0168,0.0108,0.0196,-1.9443,-0.114,-0.087,0.0071,55.8075,5.992,0.00237468,0.0000,-0.3000,0.001,-0.000,-1.9429,0.0108,0.0196
53.52,10.660,-0.0000,-0.3000,-0.2253,-0.0305,0.0166,0.0107,0.0196,-1.9497,-0.114,-0.087,0.0071,55.8075,5.992,0.00237468,0.0000,-0.3000,0.001,-0.000,-1.9429,0.0107,0.0196
53.62,10.680,-0.0000,-0.3000,-0.2259,-0.0306,0.0165,0.0106,0.0197,-1.9552,-0.114,-0.087,0.0072,56.646,5.91721,0.00209788,0.0000,-0.3000,0.001,-0.000,-1.9496,0.0106,0.0197
53.72,10.700,-0.0000,-0.3000,-0.2265,-0.0306,0.0163,0.0105,0.0198,-1.9601,-0.114,-0.087,0.0072,57.492,5.84197,0.00237468,0.0000,-0.3000,0.001,-0.000,-1.9564,0.0105,0.0197
53.82,10.720,-0.0000,-0.3000,-0.2274,-0.0307,0.0161,0.0104,0.0198,-1.9654,-0.115,-0.088,0.0072,57.492,5.84197,0.00237468,0.0000,-0.3000,0.001,-0.000,-1.9564,0.0104,0.0198
53.92,10.740,-0.0000,-0.3000,-0.2281,-0.0308,0.0160,0.0103,0.0199,-1.9706,-0.115,-0.088,0.0073,58.6313,5.74103,0.00237468,0.0000,-0.3000,0.001,-0.000,-1.9655,0.0103,0.0199
54.02,10.760,-0.0000,-0.3000,-0.2287,-0.0309,0.0158,0.0102,0.0199,-1.9759,-0.115,-0.088,0.0073,59.4944,5.66495,0.00209788,0.0000,-0.3000,0.001,-0.000,-1.9723,0.0102,0.0199
54.12,10.780,-0.0000,-0.3000,-0.2293,-0.0310,0.0157,0.0101,0.0200,-1.9811,-0.115,-0.088,0.0073,59.4944,5.66495,0.00209788,0.0000,-0.3000,0.001,-0.000,-1.9723,0.0101,0.0200
54.22,10.820,-0.0017,-0.2979,-0.2208,-0.4938,0.3024,0.0100,0.0200,-1.9864,-0.115,-0.088,0.0047,60.3647,5.58862,0.00237468,-0.2000,0.0000,0.001,-0.000,-1.9792,0.0100,0.0200
54.32,10.840,-0.0172,-0.2785,-0.1898,-0.4987,0.3021,0.0099,0.0201,-1.9910,-0.115,-0.088,0.0120,61.5364,5.48657,0.00237468,-0.2000,0.0000,0.001,0.000,-1.9882,0.0099,0.0201
54.42,10.860,-0.0332,-0.2585,-0.1743,-0.9095,0.0382,0.0098,0.0201,-1.9948,-0.114,-0.088,0.0283,62.4237,5.40999,0.00209788,-0.2000,0.0000,0.001,0.001,-1.9940,0.0098,0.0201
54.52,10.880,-0.0492,-0.2385,-0.1588,-0.9118,0.0402,0.0097,0.0201,-1.9988,-0.114,-0.087,0.0487,62.4237,5.40999,0.00209788,-0.2000,0.0000,0.001,0.001,-1.9940,0.0097,0.0201
54.62,10.900,-0.0652,-0.2185,-0.1484,-0.9133,0.0416,0.0096,0.0202,-2.0021,-0.113,-0.086,0.0678,63.3187,5.33364,0.00237469,-0.2000,0.0000,0.002,0.002,-1.9990,0.0097,0.0202
54.72,10.920,-0.0812,-0.1985,-0.1381,-0.9149,0.0432,0.0096,0.0202,-2.0055,-0.112,-0.085,0.0889,64.5244,5.23248,0.00237469,-0.2000,0.0000,0.003,0.005,-2.0049,0.0096,0.0202
54.82,10.960,-0.1132,-0.1585,-0.1197,-0.8870,-0.0373,0.0095,0.0202,-2.0084,-0.111,-0.083,0.1087,64.5244,5.23248,0.00237469,-0.2000,0.0000,0.003,0.005,-2.0049,0.0095,0.0202
54.92,10.980,-0.1292,-0.1385,-0.1043,-0.8875,-0.0386,0.0095,0.0203,-2.0110,-0.109,-0.080,0.1282,65.4382,5.15727,0.00209788,-0.2000,0.0000,0.004,0.008,-2.0087,0.0095,0.0203
55.02,11.000,-0.1452,-0.1185,-0.0888,-0.8880,-0.0403,0.0094,0.0203,-2.0130,-0.108,-0.078,0.1469,66.3605,5.08278,0.00237469,-0.2000,0.0000,0.006,0.011,-2.0120,0.0094,0.0203
55.12,11.020,-0.1612,-0.0985,-0.0733,-0.8883,-0.0423,0.0094,0.0203,-2.0148,-0.106,-0.074,0.1673,66.3605,5.08278,0.00237469,-0.2000,0.0000,0.006,0.011,-2.0120,0.0094,0.0203
55.22,11.040,-0.1772,-0.0785,-0.0500,-0.8888,-0.0459,0.0094,0.0203,-2.0161,-0.104,-0.071,0.1861,67.604,4.98484,0.00237469,-0.2000,0.0000,0.008,0.016,-2.0152,0.0094,0.0203
55.32,11.060,-0.1932,-0.0585,-0.0344,-0.0889,-0.0488,0.0093,0.0203,-2.0170,-0.102,-0.067,0.1977,68.5473,4.91263,0.00209788,-0.2000,0.0000,0.011,0.022,-2.0168,0.0093,0.0203
55.42,11.080,-0.2000,-0.0385,-0.0188,-0.0891,-0.0522,0.0093,0.0203,-2.0175,-0.100,-0.063,0.1990,68.5473,4.91263,0.00209788,-0.2000,0.0000,0.011,0.022,-2.0168,0.0093,0.0203
55.52,11.120,-0.2000,-0.0006,0.0000,-0.0329,0.0151,0.0093,0.0203,-2.0176,-0.098,-0.059,0.2000,69.5002,4.84164,0.00237469,-0.2000,0.0000,0.013,0.027,-2.0177,0.0093,0.0203
55.62,11.140,-0.2000,-0.0000,0.0000,-0.0329,0.0151,0.0093,0.0203,-2.0176,-0.096,-0.055,0.2000,70.7865,4.74912,0.00237469,-0.2000,0.0000,0.017,0.034,-2.0179,0.0093,0.0203
55.72,11.160,-0.2000,-0.0000,0.0000,-0.0329,0.0151,0.0093,0.0203,-2.0176,-0.094,-0.050,0.2000,70.7865,4.74912,0.00237469,-0.2000,0.0000,0.017,0.034,-2.0179,0.0093,0.0203
55.82,11.180,-0.2000,-0.0000,0.0000,-0.0329,0.0151,0.0093,0.0203,-2.0176,-0.092,-0.046,0.2000,71.7633,4.68146,0.00209788,-0.2000,0.0000,0.019,0.039,-2.0178,0.0093,0.0203
55.92,11.200,-0.2000,-0.0000,0.0000,-0.0329,0.0151,0.0093,0.0203,-2.0176,-0.090,-0.042,0.2000,72.7507,4.61531,0.00237469,-0.2000,0.0000,0.022,0.045,-2.0177,0.0093,0.0203
56.02,11.220,-0.2000,-0.0000,0.0000,-0.0329,0.0151,0.0093,0.0203,-2.0176,-0.088,-0.038,0.2000,74.0837,4.5295,0.00237469,-0.2000,0.0000,0.025,0.052,-2.0177,0.0093,0.0203
56.12,11.240,-0.2000,-0.0000,0.0000,-0.0329,0.0151,0.0093,0.0203,-2.0176,-0.086,-0.034,0.2000,74.0837,4.5295,0.00237469,-0.2000,0.0000,0.025,0.052,-2.0177,0.0093,0.0203
56.22,11.280,-0.2000,-0.0000,0.0000,-0.0329,0.0151,0.0093,0.0203,-2.0176,-0.084,-0.030,0.2000,75.0959,4.46695,0.00209788,-0.2000,0.0000,0.028,0.057,-2.0176,0.0093,0.0203
56.32,11.300,-0.2000,-0.0000,0.0000,-0.0329,0.0151,0.0093,0.0203,-2.0176,-0.083,-0.026,0.2000,76.1189,4.40598,0.00237469,-0.2000,0.0000,0.030,0.063,-2.0176,0.0093,0.0203
56.42,11.320,-0.2000,-0.0000,0.0000,-0.0329,0.0151,0.0093,0.0203,-2.0176,-0.081,-0.022,0.2000,76.1189,4.40598,0.00237469,-0.2000,0.0000,0.030,0.063,-2.0176,0.0093,0.0203
56.52,11.340,-0.2000,-0.0000,0.0000,-0.0329,0.0151,0.0093,0.0203,-2.0176,-0.079,-0.018,0.2000,77.4999,4.32714,0.00237469,-0.2000,0.0000,0.034,0.070,-2.0176,0.0093,0.0203
56.62,11.360,-0.2000,-0.0000,0.0000,-0.0329,0.0151,0.0093,0.0203,-2.0176,-0.077,-0.014,0.2000,78.5484,4.26989,0.00209788,-0.2000,0.0000,0.036,0.075,-2.0176,0.0093,0.0203
56.72,11.380,-0.2000,-0.0000,0.0000,-0.0329,0.0151,0.0093,0.0203,-2.0176,-0.075,-0.010,0.2000,78.5484,4.26989,0.00209788,-0.2000,0.0000,0.036,0.075,-2.0176,0.0093,0.0203
56.82,11.400,-0.2000,-0.0000,0.0000,-0.0329,0.0151,0.0093,0.0203,-2.0176,-0.073,-0.006,0.2000,79.608,4.21428,0.00237469,-0.2000,0.0000,0.039,0.081,-2.0176,0.0093,0.0203
56.92,11.420,-0.2000,-0.0000,0.0000,-0.0329,0.0151,0.0093,0.0203,-2.0176,-0.071,-0.001,0.2000,81.0382,4.14269,0.00237469,-0.2000,0.0000,0.042,0.088,-2.0176,0.0093,0.0203
57.02,11.460,-0.2000,-0.0000,0.0000,-0.0329,0.0151,0.0093,0.0203,-2.0176,-0.069,0.003,0.2000,81.0382,4.14269,0.00237469,-0.2000,0.0000,0.042,0.088,-2.0176,0.0093,0.0203
57.12,11.480,-0.2000,-0.0000,0.0000,-0.0329,0.0151,0.0093,0.0203,-2.0176,-0.067,0.007,0.2000,82.1239,4.09096,0.00209788,-0.2000,0.0000,0.045,0.093,-2.0176,0.0093,0.0203
57.22,11.500,-0.2000,-0.0000,0.0000,-0.0329,0.0151,0.0093,0.0203,-2.0176,-0.065,0.011,0.2000,83.221,4.04092,0.00237469,-0.2000,0.0000,0.048,0.099,-2.0176,0.0093,0.0203
57.32,11.520,-0.2000,-0.0000,0.0000,-0.0329,0.0151,0.0093,0.0203,-2.0176,-0.063,0.015,0.2000,83.221,4.04092,0.00237469,-0.2000,0.0000,0.048,0.099,-2.0176,0.0093,0.0203
57.42,11.540,-0.2000,-0.0000,0.0000,-0.0329,0.0151,0.0093,0.0203,-2.0176,-0.061,0.020,0.2000,84.7017,3.97688,0.00237469,-0.2000,0.0000,0.051,0.106,-2.0176,0.0093,0.0203
57.52,11.560,-0.2000,-0.0000,0.0000,-0.0329,0.0151,0.0093,0.0203,-2.0176,-0.059,0.024,0.2000,85.8256,3.93089,0.00209788,-0.2000,0.0000,0.054,0.111,-2.0176,0.0093,0.0203
57.62,11.580,-0.2000,-0.0000,0.0000,-0.0329,0.0151,0.0093,0.0203,-2.0176,-0.057,0.028,0.2000,86.9612,3.88666,0.00237469,-0.2000,0.0000,0.056,0.117,-2.0176,0.0093,0.0203
57.72,11.620,-0.2000,-0.0000,0.0000,-0.0329,0.0151,0.0093,0.0203,-2.0176,-0.055,0.032,0.2000,86.9612,3.88666,0.00237469,-0.2000,0.0000,0.056,0.117,-2.0176,0.0093,0.0203
57.82,11.640,-0.2000,-0.0000,0.0000,-0.0329,0.0151,0.0093,0.0203,-2.0176,-0.053,0.036,0.2000,88.4936,3.83046,0.00237469,-0.2000,0.0000,0.060,0.124,-2.0176,0.0093,0.0203
57.92,11.660,-0.2000,0.0000,-0.0000,-0.0329,0.0151,0.0093,0.0203,-2.0176,-0.051,0.040,0.2000,89.6567,3.79043,0.00209788,-0.2000,0.0000,0.062,0.129,-2.0176,0.0093,0.0203
58.02,11.680,-0.2000,0.0000,-0.0000,-0.0329,0.0151,0.0093,0.0203,-2.0176,-0.049,0.045,0.2000,89.6567,3.79043,0.00209788,-0.2000,0.0000,0.062,0.129,-2.0176,0.0093,0.0203
58.12,11.700,-0.2000,0.0000,-0.0000,-0.0329,0.0151,0.0093,0.0203,-2.0176,-0.047,0.049,0.2000,90.8318,3.75223,0.00237469,-0.2000,0.0000,0.065,0.135,-2.0176,0.0093,0.0203
58.22,11.720,-0.2000,0.0000,-0.0000,-0.0329,0.0151,0.0093,0.0203,-2.0176,-0.045,0.053,0.2000,92.4173,3.70419,0.00237469,-0.2000,0.0000,0.068,0.142,-2.0176,0.0093,0.0203
58.32,11.760,-0.2000,0.0000,-0.0000,-0.0329,0.0151,0.0093,0.0203,-2.0176,-0.043,0.057,0.2000,92.4173,3.70419,0.00237469,-0.2000,0.0000,0.068,0.142,-2.0176,0.0093,0.0203
58.42,11.780,-0.2000,0.0000,-0.0000,-0.0329,0.0151,0.0093,0.0203,-2.0176,-0.041,0.061,0.2000,93.6206,3.67035,0.00209788,-0.2000,0.0000,0.071,0.147,-2.0176,0.0093,0.0203
58.52,11.800,-0.2000,0.0000,-0.0000,-0.0329,0.0151,0.0093,0.0203,-2.0176,-0.039,0.065,0.2000,94.8361,3.63842,0.00237469,-0.2000,0.0000,0.074,0.153,-2.0176,0.0093,0.0203
58.62,11.820,-0.2000,0.0000,-0.0000,-0.0329,0.0151,0.0093,0.0203,-2.0176,-0.037,0.069,0.2000,94.8361,3.63842,0.00237469,-0.2000,0.0000,0.074,0.153,-2.0176,0.0093,0.0203
58.72,11.840,-0.2000,0.0000,-0.0000,-0.0329,0.0151,0.0093,0.0203,-2.0176,-0.035,0.074,0.2000,96.4761,3.59884,0.00237469,-0.2000,0.0000,0.077,0.160,-2.0176,0.0093,0.0203
58.82,11.860,-0.2000,0.0000,-0.0000,-0.0330,0.0151,0.0093,0.0203,-2.0176,-0.033,0.078,0.2000,97.7206,3.57143,0.00209788,-0.2000,0.0000,0.080,0.165,-2.0176,0.0093,0.0203
58.92,11.880,-0.2000,0.0000,-0.0000,-0.0329,0.0151,0.0093,0.0203,-2.0176,-0.031,0.082,0.2000,97.7206,3.57143,0.00209788,-0.2000,0.0000,0.080,0.165,-2.0176,0.0093,0.0203
59.02,11.920,-0.2000,0.0000,-0.0000,-0.0329,0.0151,0.0093,0.0203,-2.0176,-0.029,0.086,0.2000,98.9777,3.54599,0.00237469,-0.2000,0.0000,0.082,0.171,-2.0176,0.0093,0.0203
59.12,11.940,-0.2000,0.0000,-0.0000,-0.0329,0.0151,0.0093,0.0203,-2.0176,-0.027,0.090,0.2000,100.673,3.51519,0.00237469,-0.2000,0.0000,0.086,0.178,-2.0176,0.0093,0.0203
59.22,11.960,-0.2000,0.0000,-0.0000,-0.0329,0.0151,0.0093,0.0203,-2.0176,-0.025,0.094,0.2000,101.96,3.49444,0.00209788,-0.2000,0.0000,0.088,0.183,-2.0176,0.0093,0.0203
59.32,11.980,-0.2000,0.0000,-0.0000,-0.0329,0.0151,0.0093,0.0203,-2.0176,-0.023,0.098,0.2000,101.96,3.49444,0.00209788,-0.2000,0.0000,0.088,0.183,-2.0176,0.0093,0.0203
59.42,12.000,-0.2000,0.0000,-0.0000,-0.0329,0.0151,0.0093,0.0203,-2.0176,-0.021,0.102,0.2000,103.26,3.47575,0.00237469,-0.2000,0.0000,0.091,0.189,-2.0176,0.0093,0.0203
59.52,12.020,-0.2000,0.0000,-0.0000,-0.0329,0.0151,0.0093,0.0203,-2.0176,-0.019,0.107,0.2000,105.013,3.45404,0.00237469,-0.2000,0.0000,0.094,0.196,-2.0176,0.0093,0.0203
59.62,12.040,-0.2000,0.0000,-0.0000,-0.0329,0.0151,0.0093,0.0203,-2.0176,-0.017,0.111,0.2000,105.013,3.45404,0.00237469,-0.2000,0.0000,0.094,0.196,-2.0176,0.0093,0.0203
59.72,12.080,-0.2000,0.0000,-0.0000,-0.0329,0.0151,0.0093,0.0203,-2.0176,-0.015,0.115,0.2000,106.343,3.44021,0.00209788,-0.2000,0.0000,0.097,0.201,-2.0176,0.0093,0.0203
59.82,12.100,-0.2000,0.0000,-0.0000,-0.0329,0.0151,0.0093,0.0203,-2.0176,-0.013,0.119,0.2000,107.686,3.4285,0.00237469,-0.2000,0.0000,0.100,0.207,-2.0176,0.0093,0.0203
59.92,12.120,-0.2000,0.0000,-0.0000,-0.0329,0.0151,0.0093,0.0203,-2.0176,-0.011,0.123,0.2000,107.686,3.4285,0.00237469,-0.2000,0.0000,0.100,0.207,-2.0176,0.0093,0.0203
60.02,12.140,-0.2000,0.0000,-0.0000,-0.0329,0.0151,0.0093,0.0203,-2.0176,-0.009,0.127,0.2000,109.498,3.41621,0.00237469,-0.2000,0.0000,0.103,0.214,-2.0176,0.0093,0.0203
60.12,12.160,-0.2000,0.0000,-0.0000,-0.0329,0.0151,0.0093,0.0203,-2.0176,-0.007,0.132,0.2000,110.872,3.40953,0.00209788,-0.2000,0.0000,0.106,0.220,-2.0176,0.0093,0.0203
60.22,12.180,-0.2000,0.0000,-0.0000,-0.0329,0.0151,0.0093,0.0203,-2.0176,-0.005,0.136,0.2000,110.872,3.40953,0.00209788,-0.2000,0.0000,0.106,0.220,-2.0176,0.0093,0.0203
60.32,12.220,-0.2000,0.0000,-0.0000,-0.0329,0.0151,0.0093,0.0203,-2.0176,-0.003,0.140,0.2000,112.26,3.40505,0.00237469,-0.2000,0.0000,0.108,0.225,-2.0176,0.0093,0.0203
60.42,12.240,-0.2000,0.0000,-0.0000,-0.0329,0.0151,0.0093,0.0203,-2.0176,-0.001,0.144,0.2000,114.132,3.40253,0.00237469,-0.2000,0.0000,0.112,0.232,-2.0176,0.0093,0.0203
60.52,12.260,-0.2000,0.0000,-0.0000,-0.0329,0.0151,0.0093,0.0203,-2.0176,0.001,0.148,0.2000,115.552,3.40325,0.00209788,-0.2000,0.0000,0.114,0.238,-2.0176,0.0093,0.0203
60.62,12.280,-0.2000,0.0000,-0.0000,-0.0329,0.0151,0.0093,0.0203,-2.0176,0.003,0.152,0.2000,115.552,3.40325,0.00209788,-0.2000,0.0000,0.114,0.238,-2.0176,0.0093,0.0203
60.72,12.300,-0.2000,0.0000,-0.0000,-0.0329,0.0151,0.0093,0.0203,-2.0176,0.005,0.156,0.2000,116.986,3.40625,0.00237469,-0.2000,0.0000,0.117,0.243,-2.0176,0.0093,0.0203
60.82,12.320,-0.2000,0.0000,-0.0000,-0.0329,0.0151,0.0093,0.0203,-2.0176,0.007,0.161,0.2000,118.919,3.41382,0.00237469,-0.2000,0.0000,0.120,0.250,-2.0176,0.0093,0.0203
60.92,12.340,-0.2000,0.0000,-0.0000,-0.0329,0.0151,0.0093,0.0203,-2.0176,0.009,0.165,0.2000,118.919,3.41382,0.00237469,-0.2000,0.0000,0.120,0.250,-2.0176,0.0093,0.0203
61.02,12.380,-0.2000,-0.0000,0.0000,-0.0329,0.0151,0.0093,0.0203,-2.0176,0.011,0.169,0.2000,120.385,3.42221,0.00209788,-0.2000,0.0000,0.123,0.256,-2.0176,0.0093,0.0203
61.12,12.400,-0.2000,-0.0000,0.0000,-0.0329,0.0151,0.0093,0.0203,-2.0176,0.013,0.173,0.2000,121.866,3.43295,0.00237469,-0.2000,0.0000,0.125,0.261,-2.0176,0.0093,0.0203
61.22,12.420,-0.2000,-0.0000,0.0000,-0.0329,0.0151,0.0093,0.0203,-2.0176,0.015,0.177,0.2000,121.866,3.43295,0.00237469,-0.2000,0.0000,0.125,0.261,-2.0176,0.0093,0.0203
61.32,12.440,-0.2000,-0.0000,0.0000,-0.0329,0.0151,0.0093,0.0203,-2.0176,0.017,0.181,0.2000,123.862,3.45095,0.00237469,-0.2000,0.0000,0.129,0.268,-2.0176,0.0093,0.0203
61.42,12.460,-0.2000,-0.0000,0.0000,-0.0329,0.0151,0.0093,0.0203,-2.0176,0.019,0.186,0.2000,125.376,3.46726,0.00209788,-0.2000,0.0000,0.131,0.274,-2.0176,0.0093,0.0203
61.52,12.480,-0.2000,-0.0000,0.0000,-0.0329,0.0151,0.0093,0.0203,-2.0176,0.021,0.190,0.2000,125.376,3.46726,0.00209788,-0.2000,0.0000,0.131,0.274,-2.0176,0.0093,0.0203
61.62,12.500,-0.2000,-0.0000,0.0000,-0.0329,0.0151,0.0093,0.0203,-2.0176,0.023,0.194,0.2000,126.905,3.48599,0.00237469,-0.2000,0.0000,0.134,0.279,-2.0176,0.0093,0.0203
61.72,12.540,-0.2000,-0.0000,0.0000,-0.0329,0.0151,0.0093,0.0203,-2.0176,0.025,0.198,0.2000,128.966,3.51479,0.00237469,-0.2000,0.0000,0.138,0.286,-2.0176,0.0093,0.0203
61.82,12.560,-0.2000,-0.0000,0.0000,-0.0329,0.0151,0.0093,0.0203,-2.0176,0.027,0.202,0.2000,128.966,3.51479,0.00237469,-0.2000,0.0000,0.138,0.286,-2.0176,0.0093,0.0203
61.92,12.580,-0.2000,-0.0000,0.0000,-0.0329,0.0151,0.0093,0.0203,-2.0176,0.029,0.206,0.2000,130.529,3.53927,0.00209788,-0.2000,0.0000,0.140,0.292,-2.0176,0.0093,0.0203
64.61,13.200,-0.2000,0.0000,-0.0000,-0.0329,0.0151,0.0093,0.0203,-2.0176,0.082,0.318,0.2000,166.954,4.67049,0.00237469,-0.2000,0.0000,0.195,0.405,-2.0176,0.0093,0.0203
64.71,13.220,-0.2000,0.0000,-0.0000,-0.0329,0.0151,0.0093,0.0203,-2.0176,0.084,0.322,0.2000,166.954,4.67049,0.00237469,-0.2000,0.0000,0.195,0.405,-2.0176,0.0093,0.0203
64.81,13.240,-0.2000,0.0000,-0.0000,-0.0329,0.0151,0.0093,0.0203,-2.0176,0.086,0.325,0.2000,169.511,4.78502,0.00237469,-0.2000,0.0000,0.198,0.413,-2.0176,0.0093,0.0203
64.91,13.260,-0.2000,0.0000,-0.0000,-0.0329,0.0151,0.0093,0.0203,-2.0176,0.088,0.329,0.2000,171.45,4.87449,0.00209788,-0.2000,0.0000,0.201,0.418,-2.0176,0.0093,0.0203
65.01,13.280,-0.2000,0.0000,-0.0000,-0.0329,0.0151,0.0093,0.0203,-2.0176,0.090,0.333,0.2000,171.45,4.87449,0.00209788,-0.2000,0.0000,0.201,0.418,-2.0176,0.0093,0.0203
65.11,13.300,-0.2000,0.0000,-0.0000,-0.0329,0.0151,0.0093,0.0203,-2.0176,0.092,0.338,0.2000,173.406,4.96706,0.00237469,-0.2000,0.0000,0.203,0.423,-2.0176,0.0093,0.0203
65.21,13.340,-0.2000,0.0000,-0.0000,-0.0329,0.0151,0.0093,0.0203,-2.0176,0.094,0.342,0.2000,176.041,5.09536,0.00237469,-0.2000,0.0000,0.207,0.431,-2.0176,0.0093,0.0203
65.31,13.360,-0.2000,0.0000,-0.0000,-0.0329,0.0151,0.0093,0.0203,-2.0176,0.096,0.346,0.2000,176.041,5.09536,0.00237469,-0.2000,0.0000,0.207,0.431,-2.0176,0.0093,0.0203
65.41,13.380,-0.2000,0.0000,-0.0000,-0.0329,0.0151,0.0093,0.0203,-2.0176,0.098,0.350,0.2000,178.038,5.19527,0.00209788,-0.2000,0.0000,0.209,0.436,-2.0176,0.0093,0.0203
65.51,13.400,-0.2000,0.0000,-0.0000,-0.0329,0.0151,0.0093,0.0203,-2.0176,0.099,0.354,0.2000,180.053,5.29837,0.00237469,-0.2000,0.0000,0.212,0.441,-2.0176,0.0093,0.0203
65.61,13.420,-0.2000,0.0000,-0.0000,-0.0329,0.0151,0.0093,0.0203,-2.0176,0.101,0.358,0.2000,180.053,5.29837,0.00237469,-0.2000,0.0000,0.212,0.441,-2.0176,0.0093,0.0203
65.71,13.440,-0.2000,0.0000,-0.0000,-0.0329,0.0151,0.0093,0.0203,-2.0176,0.103,0.362,0.2000,182.768,5.44085,0.00237469,-0.2000,0.0000,0.215,0.449,-2.0176,0.0093,0.0203
65.81,13.460,-0.2000,0.0000,-0.0000,-0.0329,0.0151,0.0093,0.0203,-2.0176,0.105,0.366,0.2000,184.825,5.55149,0.00209788,-0.2000,0.0000,0.218,0.454,-2.0176,0.0093,0.0203
65.91,13.500,-0.2000,0.0000,-0.0000,-0.0329,0.0151,0.0093,0.0203,-2.0176,0.107,0.371,0.2000,186.9,5.66543,0.00237469,-0.2000,0.0000,0.221,0.459,-2.0176,0.0093,0.0203
66.01,13.520,-0.2000,0.0000,-0.0000,-0.0329,0.0151,0.0093,0.0203,-2.0176,0.109,0.374,0.2000,186.9,5.66543,0.00237469,-0.2000,0.0000,0.221,0.459,-2.0176,0.0093,0.0203
66.11,13.540,-0.2000,0.0000,-0.0000,-0.0329,0.0151,0.0093,0.0203,-2.0176,0.111,0.378,0.2000,189.696,5.82249,0.00237469,-0.2000,0.0000,0.224,0.467,-2.0176,0.0093,0.0203
66.21,13.560,-0.2000,0.0000,-0.0000,-0.0329,0.0151,0.0093,0.0203,-2.0176,0.113,0.383,0.2000,191.814,5.94418,0.00209788,-0.2000,0.0000,0.227,0.472,-2.0176,0.0093,0.0203
66.31,13.580,-0.2000,0.0000,-0.0000,-0.0329,0.0151,0.0093,0.0203,-2.0176,0.115,0.387,0.2000,191.814,5.94418,0.00209788,-0.2000,0.0000,0.227,0.472,-2.0176,0.0093,0.0203
66.41,13.600,-0.2000,0.0000,-0.0000,-0.0329,0.0151,0.0093,0.0203,-2.0176,0.117,0.390,0.2000,193.951,6.06925,0.00237469,-0.2000,0.0000,0.229,0.477,-2.0176,0.0093,0.0203
66.51,13.620,-0.2000,0.0000,-0.0000,-0.0329,0.0151,0.0093,0.0203,-2.0176,0.119,0.395,0.2000,196.83,6.24131,0.00237469,-0.2000,0.0000,0.233,0.485,-2.0176,0.0093,0.0203
66.61,13.640,-0.2000,0.0000,-0.0000,-0.0329,0.0151,0.0093,0.0203,-2.0176,0.121,0.399,0.2000,196.83,6.24131,0.00237469,-0.2000,0.0000,0.233,0.485,-2.0176,0.0093,0.0203
66.71,13.680,-0.2000,0.0000,-0.0000,-0.0329,0.0151,0.0093,0.0203,-2.0176,0.123,0.403,0.2000,199.011,6.37436,0.00209788,-0.2000,0.0000,0.235,0.490,-2.0176,0.0093,0.0203
66.81,13.700,-0.2000,0.0000,-0.0000,-0.0329,0.0151,0.0093,0.0203,-2.0176,0.125,0.407,0.2000,201.211,6.51088,0.00237469,-0.2000,0.0000,0.238,0.496,-2.0176,0.0093,0.0203
66.91,13.720,-0.2000,0.0000,-0.0000,-0.0329,0.0151,0.0093,0.0203,-2.0176,0.127,0.412,0.2000,201.211,6.51088,0.00237469,-0.2000,0.0000,0.238,0.496,-2.0176,0.0093,0.0203
67.01,13.740,-0.2000,0.0000,-0.0000,-0.0329,0.0151,0.0093,0.0203,-2.0176,0.129,0.416,0.2000,204.175,6.69835,0.00237469,-0.2000,0.0000,0.241,0.503,-2.0176,0.0093,0.0203
67.11,13.760,-0.2000,0.0000,0.0000,-0.0329,0.0151,0.0093,0.0203,-2.0176,0.131,0.420,0.2000,206.42,6.84307,0.00209788,-0.2000,0.0000,0.244,0.508,-2.0176,0.0093,0.0203
67.21,13.780,-0.2000,-0.0000,0.0000,-0.0329,0.0151,0.0093,0.0203,-2.0176,0.133,0.424,0.2000,206.42,6.84307,0.00209788,-0.2000,0.0000,0.244,0.508,-2.0176,0.0093,0.0203
67.31,13.820,-0.2000,-0.0000,0.0000,-0.0329,0.0151,0.0093,0.0203,-2.0176,0.135,0.428,0.2000,208.684,6.99136,0.00237469,-0.2000,0.0000,0.246,0.514,-2.0176,0.0093,0.0203
67.41,13.840,-0.1983,0.0021,0.0026,0.6694,0.0519,0.0093,0.0203,-2.0176,0.137,0.432,0.1936,211.734,7.19467,0.00237469,0.0000,0.5000,0.250,0.521,-2.0176,0.0093,0.0203
67.51,13.860,-0.1828,0.0215,0.0112,0.6688,0.0524,0.0093,0.0203,-2.0174,0.139,0.436,0.1782,211.734,7.19467,0.00237469,0.0000,0.5000,0.250,0.521,-2.0176,0.0093,0.0203
67.61,13.880,-0.1668,0.0415,0.0198,0.6690,0.0511,0.0093,0.0203,-2.0169,0.141,0.440,0.1607,214.045,7.35138,0.00209788,0.0000,0.5000,0.252,0.526,-2.0175,0.0093,0.0203
67.71,13.900,-0.1508,0.0615,0.0327,0.6696,0.0495,0.0094,0.0203,-2.0163,0.142,0.443,0.1452,216.376,7.51167,0.00237469,0.0000,0.5000,0.255,0.531,-2.0170,0.0094,0.0203
67.81,13.920,-0.1348,0.0815,0.0414,0.6702,0.0487,0.0094,0.0203,-2.0154,0.144,0.446,0.1284,219.516,7.73076,0.00237469,0.0000,0.5000,0.257,0.536,-2.0157,0.0094,0.0203
67.91,13.960,-0.1028,0.1215,0.0544,0.6713,0.0480,0.0094,0.0203,-2.0142,0.145,0.448,0.1116,219.516,7.73076,0.00237469,0.0000,0.5000,0.257,0.536,-2.0157,0.0094,0.0203
68.01,13.980,-0.0868,0.1415,0.0632,0.6721,0.0478,0.0094,0.0203,-2.0127,0.146,0.451,0.0947,221.896,7.89894,0.00209788,0.0000,0.5000,0.258,0.538,-2.0142,0.0094,0.0203
68.11,14.000,-0.0708,0.1615,0.0720,0.6732,0.0479,0.0095,0.0203,-2.0113,0.147,0.452,0.0800,224.298,8.07027,0.00237469,0.0000,0.5000,0.260,0.541,-2.0124,0.0095,0.0203
68.21,14.020,-0.0548,0.1815,0.0808,0.6743,0.0481,0.0095,0.0203,-2.0094,0.148,0.454,0.0639,224.298,8.07027,0.00237469,0.0000,0.5000,0.260,0.541,-2.0124,0.0095,0.0203
68.31,14.040,-0.0388,0.2015,0.0942,0.6763,0.0490,0.0095,0.0202,-2.0074,0.149,0.455,0.0479,227.537,8.30335,0.00237469,0.0000,0.5000,0.261,0.544,-2.0093,0.0095,0.0202
68.41,14.060,-0.0228,0.2215,0.1033,0.6778,0.0498,0.0096,0.0202,-2.0050,0.149,0.455,0.0315,229.993,8.48141,0.00209788,0.0000,0.5000,0.261,0.544,-2.0065,0.0096,0.0202
68.51,14.080,-0.0068,0.2415,0.1191,0.1241,-0.0591,0.0096,0.0202,-2.0023,0.150,0.456,0.0231,229.993,8.48141,0.00209788,0.0000,0.5000,0.261,0.544,-2.0065,0.0096,0.0202
68.61,14.120,0.0000,0.2815,0.1661,0.1258,-0.0606,0.0097,0.0202,-1.9988,0.150,0.456,0.0191,232.474,8.66205,0.00237469,0.0000,0.5000,0.261,0.545,-2.0033,0.0097,0.0202
68.71,14.140,0.0000,0.2994,0.1943,0.2003,-0.0974,0.0098,0.0201,-1.9946,0.150,0.456,0.0143,235.821,8.90644,0.00237469,0.0000,0.5000,0.261,0.545,-1.9974,0.0098,0.0201
68.81,14.160,0.0000,0.3000,0.2151,0.1996,-0.0981,0.0099,0.0201,-1.9897,0.150,0.457,0.0084,238.363,9.09167,0.00209788,0.0000,0.5000,0.261,0.545,-1.9915,0.0099,0.0201
68.91,14.180,0.0000,0.3000,0.2301,-0.0311,0.0155,0.0100,0.0200,-1.9842,0.151,0.457,0.0063,238.363,9.09167,0.00209788,0.0000,0.5000,0.261,0.545,-1.9915,0.0100,0.0200
69.01,14.200,0.0000,0.3000,0.2294,-0.0310,0.0156,0.0101,0.0200,-1.9789,0.151,0.457,0.0063,240.934,9.27792,0.00237469,0.0000,0.5000,0.261,0.545,-1.9847,0.0101,0.0200
69.11,14.220,0.0000,0.3000,0.2288,-0.0309,0.0157,0.0102,0.0199,-1.9734,0.151,0.457,0.0063,244.408,9.52716,0.00237469,0.0000,0.5000,0.261,0.545,-1.9753,0.0102,0.0199
69.21,14.260,0.0000,0.3000,0.2279,-0.0308,0.0159,0.0103,0.0198,-1.9682,0.151,0.457,0.0062,244.408,9.52716,0.00237469,0.0000,0.5000,0.261,0.545,-1.9753,0.0103,0.0198
69.31,14.280,0.0000,0.3000,0.2273,-0.0307,0.0161,0.0104,0.0198,-1.9630,0.151,0.457,0.0062,247.048,9.71457,0.00209788,0.0000,0.5000,0.261,0.545,-1.9684,0.0104,0.0198
69.41,14.300,0.0000,0.3000,0.2267,-0.0307,0.0162,0.0105,0.0197,-1.9580,0.151,0.457,0.0062,249.719,9.90227,0.00237469,0.0000,0.5000,0.261,0.545,-1.9615,0.0105,0.0198
69.51,14.320,0.0000,0.3000,0.2258,-0.0306,0.0164,0.0106,0.0197,-1.9525,0.151,0.457,0.0061,249.719,9.90227,0.00237469,0.0000,0.5000,0.261,0.545,-1.9615,0.0106,0.0197
69.61,14.340,0.0000,0.3000,0.2252,-0.0305,0.0166,0.0107,0.0196,-1.9471,0.151,0.458,0.0061,253.327,10.1528,0.00237469,0.0000,0.5000,0.261,0.545,-1.9524,0.0107,0.0196
69.71,14.360,0.0000,0.3000,0.2246,-0.0304,0.0167,0.0108,0.0196,-1.9420,0.151,0.458,0.0061,256.069,10.3407,0.00209788,0.0000,0.5000,0.261,0.545,-1.9456,0.0108,0.0196
69.81,14.400,0.0000,0.3000,0.2237,-0.0303,0.0169,0.0109,0.0195,-1.9368,0.151,0.458,0.0060,258.841,10.5285,0.00237469,0.0000,0.5000,0.261,0.545,-1.9389,0.0109,0.0195
69.91,14.420,0.0000,0.3000,0.2231,-0.0302,0.0171,0.0110,0.0195,-1.9317,0.151,0.458,0.0060,258.841,10.5285,0.00237469,0.0000,0.5000,0.261,0.545,-1.9389,0.0110,0.0195
70.01,14.440,0.0000,0.3000,0.2225,-0.0302,0.0172,0.0111,0.0194,-1.9263,0.151,0.458,0.0060,262.586,10.7786,0.00237469,0.0000,0.5000,0.261,0.545,-1.9300,0.0111,0.0194
70.11,14.460,0.0000,0.3000,0.2216,-0.0301,0.0174,0.0112,0.0193,-1.9212,0.152,0.458,0.0059,265.43,10.9657,0.00209788,0.0000,0.5000,0.261,0.545,-1.9233,0.0112,0.0193
70.21,14.480,0.0000,0.3000,0.2210,-0.0300,0.0175,0.0113,0.0193,-1.9159,0.152,0.458,0.0059,265.43,10.9657,0.00209788,0.0000,0.5000,0.261,0.545,-1.9233,0.0113,0.0193
70.31,14.500,0.0000,0.3000,0.2204,-0.0299,0.0177,0.0114,0.0192,-1.9106,0.152,0.458,0.0059,268.306,11.1524,0.00237469,0.0000,0.5000,0.261,0.545,-1.9166,0.0114,0.0192
70.41,14.540,0.0000,0.3000,0.2196,-0.0298,0.0179,0.0115,0.0192,-1.9053,0.152,0.458,0.0058,272.189,11.4002,0.00237469,0.0000,0.5000,0.261,0.545,-1.9078,0.0115,0.0192
70.51,14.560,0.0000,0.3000,0.2190,-0.0297,0.0180,0.0116,0.0191,-1.9003,0.152,0.459,0.0058,272.189,11.4002,0.00237469,0.0000,0.5000,0.261,0.545,-1.9078,0.0116,0.0191
70.61,14.580,0.0000,0.3000,0.2184,-0.0296,0.0181,0.0117,0.0190,-1.8950,0.152,0.459,0.0058,275.137,11.5853,0.00209788,0.0000,0.5000,0.261,0.545,-1.9012,0.0117,0.0191
70.71,14.600,0.0000,0.3000,0.2175,-0.0295,0.0183,0.0118,0.0190,-1.8900,0.152,0.459,0.0057,278.118,11.7694,0.00237469,0.0000,0.5000,0.261,0.545,-1.8947,0.0118,0.0190
70.81,14.620,0.0000,0.3000,0.2169,-0.0294,0.0184,0.0119,0.0189,-1.8850,0.152,0.459,0.0057,282.142,12.0134,0.00237469,0.0000,0.5000,0.261,0.545,-1.8860,0.0119,0.0189
70.91,14.640,0.0000,0.3000,0.2164,-0.0294,0.0186,0.0120,0.0189,-1.8798,0.152,0.459,0.0057,282.142,12.0134,0.00237469,0.0000,0.5000,0.261,0.545,-1.8860,0.0120,0.0189
71.01,14.680,0.0000,0.3000,0.2155,-0.0293,0.0188,0.0121,0.0188,-1.8747,0.152,0.459,0.0056,285.197,12.195,0.00209788,0.0000,0.5000,0.261,0.545,-1.8795,0.0121,0.0188
71.11,14.700,0.0000,0.3000,0.2149,-0.0292,0.0189,0.0122,0.0187,-1.8697,0.152,0.459,0.0056,288.284,12.3754,0.00237469,0.0000,0.5000,0.261,0.545,-1.8730,0.0122,0.0187
71.21,14.720,0.0000,0.3000,0.2141,-0.0291,0.0191,0.0123,0.0187,-1.8646,0.152,0.459,0.0056,288.284,12.3754,0.00237469,0.0000,0.5000,0.261,0.545,-1.8730,0.0123,0.0187
71.31,14.740,0.0000,0.3000,0.2135,-0.0290,0.0192,0.0124,0.0186,-1.8594,0.152,0.459,0.0055,292.451,12.6138,0.00237469,0.0000,0.5000,0.261,0.545,-1.8644,0.0124,0.0186
71.41,14.760,0.0000,0.3000,0.2129,-0.0289,0.0193,0.0125,0.0185,-1.8543,0.153,0.460,0.0055,295.613,12.7909,0.00209788,0.0000,0.5000,0.261,0.545,-1.8580,0.0125,0.0186
71.51,14.800,0.0000,0.3000,0.2121,-0.0288,0.0195,0.0126,0.0185,-1.8492,0.153,0.460,0.0055,298.809,12.9663,0.00237469,0.0000,0.5000,0.261,0.545,-1.8516,0.0126,0.0185
71.61,14.820,0.0000,0.3000,0.2115,-0.0287,0.0196,0.0127,0.0184,-1.8444,0.153,0.460,0.0054,298.809,12.9663,0.00237469,0.0000,0.5000,0.261,0.545,-1.8516,0.0127,0.0184
71.71,14.840,0.0000,0.3000,0.2107,-0.0286,0.0198,0.0128,0.0183,-1.8391,0.153,0.460,0.0054,303.121,13.1975,0.00237469,0.0000,0.5000,0.261,0.545,-1.8432,0.0128,0.0183
71.81,14.860,0.0000,0.3000,0.2101,-0.0285,0.0200,0.0129,0.0183,-1.8343,0.153,0.460,0.0054,306.393,13.3688,0.00209788,0.0000,0.5000,0.261,0.545,-1.8368,0.0129,0.0183
71.91,14.880,0.0000,0.3000,0.2095,-0.0284,0.0201,0.0130,0.0182,-1.8294,0.153,0.460,0.0053,306.393,13.3688,0.00209788,0.0000,0.5000,0.261,0.545,-1.8368,0.0129,0.0182
72.01,14.900,0.0000,0.3000,0.2090,-0.0283,0.0202,0.0131,0.0182,-1.8246,0.153,0.460,0.0053,309.698,13.5381,0.00237469,0.0000,0.5000,0.261,0.545,-1.8305,0.0130,0.0182
72.11,14.940,0.0000,0.3000,0.2081,-0.0282,0.0204,0.0131,0.0181,-1.8196,0.153,0.460,0.0053,314.157,13.7606,0.00237469,0.0000,0.5000,0.261,0.545,-1.8222,0.0131,0.0181
72.21,14.960,0.0000,0.3000,0.2076,-0.0281,0.0205,0.0132,0.0180,-1.8146,0.153,0.460,0.0052,317.541,13.925,0.00209788,0.0000,0.5000,0.261,0.545,-1.8159,0.0132,0.0181
72.31,14.980,0.0000,0.3000,0.2067,-0.0280,0.0207,0.0133,0.0180,-1.8097,0.153,0.460,0.0052,317.541,13.925,0.00209788,0.0000,0.5000,0.261,0.545,-1.8159,0.0133,0.0180
72.41,15.000,0.0000,0.3000,0.2062,-0.0279,0.0208,0.0134,0.0179,-1.8049,0.153,0.461,0.0052,320.957,14.087,0.00237469,0.0000,0.5000,0.261,0.545,-1.8097,0.0134,0.0179
72.51,15.020,0.0000,0.3000,0.2056,-0.0278,0.0209,0.0135,0.0178,-1.8000,0.153,0.461,0.0051,325.566,14.2994,0.00237469,0.0000,0.5000,0.261,0.545,-1.8015,0.0135,0.0179
72.61,15.060,0.0000,0.3000,0.2048,-0.0277,0.0211,0.0136,0.0178,-1.7953,0.153,0.461,0.0051,325.566,14.2994,0.00237469,0.0000,0.5000,0.261,0.545,-1.8015,0.0136,0.0178
72.71,15.080,0.0000,0.3000,0.2043,-0.0276,0.0212,0.0137,0.0177,-1.7906,0.153,0.461,0.0051,329.061,14.4558,0.00209788,0.0000,0.5000,0.261,0.545,-1.7953,0.0137,0.0177
72.81,15.100,0.0000,0.3000,0.2037,-0.0275,0.0213,0.0137,0.0176,-1.7859,0.154,0.461,0.0050,332.591,14.6095,0.00237469,0.0000,0.5000,0.261,0.545,-1.7892,0.0137,0.0177
72.91,15.120,0.0000,0.3000,0.2029,-0.0274,0.0215,0.0138,0.0176,-1.7810,0.154,0.461,0.0050,332.591,14.6095,0.00237469,0.0000,0.5000,0.261,0.545,-1.7892,0.0138,0.0176
73.01,15.140,0.0000,0.3000,0.2023,-0.0273,0.0216,0.0139,0.0175,-1.7761,0.154,0.461,0.0050,337.351,14.8104,0.00237469,0.0000,0.5000,0.261,0.545,-1.7810,0.0139,0.0175
73.11,15.160,0.0000,0.3000,0.2018,-0.0272,0.0217,0.0140,0.0174,-1.7715,0.154,0.461,0.0049,340.961,14.9577,0.00209788,0.0000,0.5000,0.261,0.545,-1.7749,0.0140,0.0175
73.21,15.200,0.0000,0.3000,0.2010,-0.0271,0.0219,0.0141,0.0174,-1.7667,0.154,0.461,0.0049,344.605,15.1022,0.00237469,0.0000,0.5000,0.261,0.545,-1.7689,0.0141,0.0174
73.31,15.220,0.0000,0.3000,0.2004,-0.0270,0.0220,0.0142,0.0173,-1.7621,0.154,0.461,0.0049,344.605,15.1022,0.00237469,0.0000,0.5000,0.261,0.545,-1.7689,0.0141,0.0173
73.41,15.240,0.0000,0.3000,0.1999,-0.0269,0.0221,0.0142,0.0172,-1.7573,0.154,0.462,0.0049,349.518,15.2902,0.00237469,0.0000,0.5000,0.261,0.545,-1.7609,0.0142,0.0173
73.51,15.260,0.0000,0.3000,0.1991,-0.0268,0.0223,0.0143,0.0172,-1.7525,0.154,0.462,0.0048,353.243,15.4277,0.00209788,0.0000,0.5000,0.261,0.545,-1.7549,0.0143,0.0172
73.61,15.280,0.0000,0.3000,0.1985,-0.0267,0.0224,0.0144,0.0171,-1.7477,0.154,0.462,0.0048,353.243,15.4277,0.00209788,0.0000,0.5000,0.261,0.545,-1.7549,0.0144,0.0171
73.71,15.300,0.0000,0.3000,0.1980,-0.0266,0.0225,0.0145,0.0170,-1.7431,0.154,0.462,0.0048,357.003,15.562,0.00237469,0.0000,0.5000,0.261,0.545,-1.7489,0.0145,0.0171
73.81,15.340,0.0000,0.3000,0.1972,-0.0265,0.0227,0.0146,0.0170,-1.7384,0.154,0.462,0.0047,362.071,15.736,0.00237469,0.0000,0.5000,0.261,0.545,-1.7410,0.0146,0.0170
73.91,15.360,0.0000,0.3000,0.1966,-0.0264,0.0228,0.0147,0.0169,-1.7337,0.154,0.462,0.0047,365.913,15.8626,0.00209788,0.0000,0.5000,0.261,0.545,-1.7351,0.0146,0.0169
74.01,15.380,0.0000,0.3000,0.1958,-0.0263,0.0229,0.0147,0.0168,-1.7290,0.154,0.462,0.0047,365.913,15.8626,0.00209788,0.0000,0.5000,0.261,0.545,-1.7351,0.0147,0.0168
74.11,15.400,0.0000,0.3000,0.1953,-0.0262,0.0230,0.0148,0.0168,-1.7245,0.154,0.462,0.0046,369.791,15.9858,0.00237469,0.0000,0.5000,0.261,0.545,-1.7292,0.0148,0.0168
74.21,15.420,0.0000,0.3000,0.1948,-0.0261,0.0231,0.0149,0.0167,-1.7198,0.154,0.462,0.0046,375.016,16.1447,0.00237469,0.0000,0.5000,0.261,0.545,-1.7214,0.0149,0.0167
74.31,15.460,0.0000,0.3000,0.1939,-0.0260,0.0233,0.0150,0.0166,-1.7152,0.154,0.462,0.0046,375.016,16.1447,0.00237469,0.0000,0.5000,0.261,0.545,-1.7214,0.0150,0.0166
74.41,15.480,0.0000,0.3000,0.1934,-0.0259,0.0234,0.0150,0.0166,-1.7105,0.154,0.462,0.0045,378.976,16.2598,0.00209788,0.0000,0.5000,0.261,0.545,-1.7155,0.0150,0.0166
74.51,15.500,0.0000,0.3000,0.1926,-0.0257,0.0236,0.0151,0.0165,-1.7059,0.155,0.463,0.0045,382.972,16.3712,0.00237469,0.0000,0.5000,0.261,0.545,-1.7097,0.0151,0.0165
74.61,15.520,0.0000,0.3000,0.1921,-0.0256,0.0237,0.0152,0.0164,-1.7013,0.155,0.463,0.0045,388.356,16.5139,0.00237469,0.0000,0.5000,0.261,0.545,-1.7020,0.0152,0.0164
74.71,15.540,0.0000,0.3000,0.1915,-0.0256,0.0238,0.0153,0.0164,-1.6970,0.155,0.463,0.0045,388.356,16.5139,0.00237469,0.0000,0.5000,0.261,0.545,-1.7020,0.0152,0.0164
74.81,15.580,0.0000,0.3000,0.1907,-0.0351,0.0136,0.0153,0.0163,-1.6925,0.155,0.463,0.0045,392.435,16.6166,0.00209788,0.0000,0.5000,0.261,0.545,-1.6963,0.0153,0.0163
74.91,15.600,0.0000,0.3000,0.1902,-0.0350,0.0138,0.0154,0.0162,-1.6879,0.155,0.463,0.0046,396.551,16.7155,0.00237469,0.0000,0.5000,0.261,0.545,-1.6906,0.0154,0.0162
75.01,15.620,0.0000,0.3000,0.1897,-0.0350,0.0139,0.0155,0.0161,-1.6833,0.155,0.463,0.0047,396.551,16.7155,0.00237469,0.0000,0.5000,0.261,0.545,-1.6906,0.0155,0.0162
75.11,15.640,0.0000,0.3000,0.1889,-0.0349,0.0142,0.0156,0.0161,-1.6788,0.155,0.463,0.0049,402.095,16.8412,0.00237469,0.0000,0.5000,0.261,0.545,-1.6830,0.0155,0.0161
75.21,15.660,0.0000,0.3000,0.1884,-0.0348,0.0143,0.0156,0.0160,-1.6745,0.155,0.463,0.0051,406.296,16.9309,0.00209788,0.0000,0.5000,0.261,0.545,-1.6773,0.0156,0.0160
75.31,15.680,0.0000,0.3000,0.1878,-0.0347,0.0145,0.0157,0.0159,-1.6700,0.155,0.463,0.0052,410.533,17.0166,0.00237469,0.0000,0.5000,0.261,0.545,-1.6716,0.0157,0.0160
75.41,15.720,0.0000,0.3000,0.1870,-0.0346,0.0147,0.0158,0.0159,-1.6658,0.155,0.464,0.0054,410.533,17.0166,0.00237469,0.0000,0.5000,0.261,0.545,-1.6716,0.0158,0.0159
75.51,15.740,0.0000,0.3000,0.1865,-0.0346,0.0148,0.0158,0.0158,-1.6615,0.155,0.464,0.0056,416.239,17.1246,0.00237469,0.0000,0.5000,0.261,0.545,-1.6641,0.0158,0.0158
75.61,15.760,-0.0000,0.3000,0.1872,-0.0166,0.0149,0.0159,0.0157,-1.6567,0.155,0.464,0.0053,420.561,17.2007,0.00209788,0.0000,0.5000,0.261,0.545,-1.6585,0.0159,0.0157
75.71,15.780,-0.0000,0.3000,0.1878,-0.0165,0.0149,0.0160,0.0157,-1.6522,0.155,0.464,0.0051,420.561,17.2007,0.00209788,0.0000,0.5000,0.261,0.545,-1.6585,0.0160,0.0157
75.81,15.800,-0.0000,0.3000,0.1820,-0.0003,0.0179,0.0160,0.0156,-1.6481,0.155,0.464,0.0047,424.921,17.2727,0.00237469,0.0000,0.0000,0.261,0.545,-1.6529,0.0160,0.0156
75.91,15.820,-0.0000,0.2845,0.1699,-0.0019,0.0199,0.0161,0.0155,-1.6445,0.155,0.464,0.0042,430.79,17.3621,0.00237469,0.0000,0.0000,0.261,0.545,-1.6456,0.0161,0.0156
76.01,15.860,-0.0000,0.2445,0.1516,-0.0040,0.0228,0.0162,0.0155,-1.6408,0.155,0.464,0.0038,430.79,17.3621,0.00237469,0.0000,0.0000,0.261,0.545,-1.6456,0.0162,0.0155
76.11,15.860,-0.0000,0.2445,0.1516,-0.0040,0.0228,0.0162,0.0155,-1.6403,0.155,0.464,0.0037,430.79,17.3621,0.00237469,0.0000,0.0000,0.261,0.545,-1.6456,0.0162,0.0155
76.21,15.880,-0.0000,0.2245,0.1392,-0.0053,0.0245,0.0162,0.0154,-1.6373,0.155,0.464,0.0033,435.236,17.4244,0.00209788,0.0000,0.0000,0.261,0.545,-1.6408,0.0162,0.0154
76.31,15.900,-0.0000,0.2045,0.1268,-0.0065,0.0260,0.0163,0.0154,-1.6344,0.155,0.464,0.0029,439.718,17.4831,0.00237469,0.0000,-0.3000,0.261,0.545,-1.6365,0.0162,0.0154
76.41,15.920,-0.0000,0.1845,0.1081,-0.0080,0.0281,0.0163,0.0153,-1.6317,0.155,0.464,0.0025,445.752,17.5565,0.00237469,0.0000,-0.3000,0.261,0.545,-1.6316,0.0163,0.0153
76.51,15.940,-0.0000,0.1645,0.0955,-0.0089,0.0294,0.0163,0.0153,-1.6293,0.155,0.464,0.0021,445.752,17.5565,0.00237469,0.0000,-0.3000,0.261,0.545,-1.6316,0.0163,0.0153
76.61,15.980,-0.0000,0.1245,0.0766,-0.0100,0.0309,0.0164,0.0153,-1.6274,0.155,0.465,0.0018,450.32,17.6085,0.00209788,0.0000,-0.3000,0.261,0.545,-1.6287,0.0164,0.0153
76.71,16.000,-0.0000,0.1045,0.0639,-0.0106,0.0318,0.0164,0.0152,-1.6257,0.155,0.465,0.0014,454.925,17.6584,0.00237469,0.0000,-0.3000,0.261,0.545,-1.6263,0.0164,0.0152
76.81,16.020,-0.0000,0.0845,0.0511,-0.0111,0.0324,0.0164,0.0152,-1.6245,0.155,0.465,0.0010,454.925,17.6584,0.00237469,0.0000,-0.3000,0.261,0.545,-1.6263,0.0164,0.0152
76.91,16.040,-0.0000,0.0645,0.0320,-0.0116,0.0332,0.0164,0.0152,-1.6236,0.155,0.465,0.0007,461.123,17.7225,0.00237469,0.0000,-0.3000,0.261,0.545,-1.6241,0.0164,0.0152
77.01,16.060,-0.0000,0.0445,0.0192,-0.0118,0.0335,0.0164,0.0152,-1.6230,0.155,0.465,0.0004,465.815,17.7693,0.00209788,0.0000,-0.3000,0.261,0.545,-1.6230,0.0164,0.0152
77.11,16.080,-0.0000,0.0245,0.0064,-0.0119,0.0337,0.0164,0.0152,-1.6228,0.155,0.465,0.0000,465.815,17.7693,0.00209788,0.0000,-0.3000,0.261,0.545,-1.6230,0.0164,0.0152
77.21,16.120,0.0000,-0.0155,-0.0128,0.0011,0.0196,0.0164,0.0152,-1.6230,0.155,0.465,0.0006,470.543,17.8156,0.00237469,0.0000,-0.3000,0.261,0.545,-1.6226,0.0164,0.0152
77.31,16.140,0.0000,-0.0355,-0.0256,0.0009,0.0198,0.0164,0.0152,-1.6235,0.155,0.465,0.0012,476.906,17.8773,0.00237469,0.0000,-0.3000,0.261,0.545,-1.6229,0.0164,0.0152
77.41,16.160,0.0000,-0.0555,-0.0384,0.0005,0.0201,0.0164,0.0152,-1.6243,0.155,0.465,0.0018,481.721,17.9243,0.00209788,0.0000,-0.3000,0.261,0.545,-1.6238,0.0164,0.0152
77.51,16.180,0.0000,-0.0755,-0.0575,-0.0002,0.0207,0.0164,0.0152,-1.6256,0.155,0.464,0.0024,481.721,17.9243,0.00209788,0.0000,-0.3000,0.261,0.545,-1.6238,0.0164,0.0152
77.61,16.200,0.0000,-0.0955,-0.0702,-0.0010,0.0213,0.0164,0.0152,-1.6271,0.155,0.464,0.0030,486.573,17.9725,0.00237469,0.0000,-0.3000,0.261,0.545,-1.6252,0.0164,0.0152
77.71,16.220,0.0000,-0.1155,-0.0829,-0.0018,0.0220,0.0163,0.0153,-1.6290,0.155,0.464,0.0035,493.101,18.0393,0.00237469,0.0000,-0.3000,0.261,0.545,-1.6281,0.0163,0.0153
77.81,16.260,0.0000,-0.1555,-0.1018,-0.0033,0.0233,0.0163,0.0153,-1.6313,0.155,0.464,0.0040,493.101,18.0393,0.00237469,0.0000,-0.3000,0.261,0.545,-1.6281,0.0163,0.0153
77.91,16.280,0.0000,-0.1755,-0.1144,-0.0046,0.0244,0.0163,0.0154,-1.6337,0.155,0.464,0.0045,498.041,18.0921,0.00209788,0.0000,-0.3000,0.261,0.545,-1.6309,0.0163,0.0153
78.01,16.300,0.0000,-0.1955,-0.1268,-0.0059,0.0255,0.0162,0.0154,-1.6361,0.155,0.464,0.0049,503.018,18.1478,0.00237469,0.0000,-0.3000,0.261,0.545,-1.6342,0.0162,0.0154
78.11,16.320,0.0000,-0.2155,-0.1393,-0.0074,0.0267,0.0162,0.0154,-1.6393,0.155,0.464,0.0053,503.018,18.1478,0.00237469,0.0000,-0.3000,0.261,0.545,-1.6342,0.0162,0.0154
78.21,16.340,0.0000,-0.2355,-0.1516,-0.0091,0.0280,0.0161,0.0155,-1.6428,0.155,0.464,0.0056,509.712,18.2274,0.00237469,0.0000,-0.3000,0.261,0.545,-1.6396,0.0161,0.0155
78.31,16.360,0.0000,-0.2555,-0.1699,-0.0119,0.0303,0.0161,0.0156,-1.6464,0.155,0.464,0.0059,514.776,18.2918,0.00209788,0.0000,-0.3000,0.261,0.545,-1.6443,0.0161,0.0156
78.41,16.380,0.0000,-0.2755,-0.1820,-0.0139,0.0319,0.0160,0.0156,-1.6507,0.154,0.464,0.0062,514.776,18.2918,0.00209788,0.0000,-0.3000,0.261,0.545,-1.6443,0.0160,0.0156
78.51,16.400,0.0000,-0.2955,-0.1878,-0.0359,0.0346,0.0159,0.0157,-1.6544,0.154,0.463,0.0061,519.877,18.361,0.00237469,0.0000,-0.3000,0.261,0.545,-1.6495,0.0160,0.0157
78.61,16.420,0.0000,-0.3000,-0.1873,-0.0360,0.0345,0.0159,0.0158,-1.6587,0.154,0.463,0.0058,526.736,18.4613,0.00237469,0.0000,-0.3000,0.261,0.545,-1.6570,0.0159,0.0157
78.71,16.460,0.0000,-0.3000,-0.1865,-0.0317,0.0317,0.0158,0.0158,-1.6630,0.154,0.463,0.0056,526.736,18.4613,0.00237469,0.0000,-0.3000,0.261,0.545,-1.6570,0.0158,0.0158
78.81,16.480,-0.0000,-0.3000,-0.1870,-0.0248,0.0246,0.0157,0.0159,-1.6675,0.154,0.463,0.0056,531.924,18.543,0.00209788,0.0000,-0.3000,0.261,0.545,-1.6628,0.0158,0.0159
78.91,16.500,-0.0000,-0.3000,-0.1875,-0.0249,0.0245,0.0157,0.0160,-1.6716,0.154,0.463,0.0056,537.148,18.6303,0.00237469,0.0000,-0.3000,0.261,0.545,-1.6684,0.0157,0.0159
79.01,16.520,-0.0000,-0.3000,-0.1883,-0.0250,0.0244,0.0156,0.0160,-1.6760,0.154,0.463,0.0057,537.148,18.6303,0.00237469,0.0000,-0.3000,0.261,0.545,-1.6684,0.0156,0.0160
79.11,16.540,-0.0000,-0.3000,-0.1889,-0.0251,0.0243,0.0155,0.0161,-1.6805,0.154,0.463,0.0057,544.17,18.7556,0.00237469,0.0000,-0.3000,0.261,0.545,-1.6759,0.0155,0.0161
79.21,16.560,-0.0000,-0.3000,-0.1894,-0.0252,0.0242,0.0155,0.0162,-1.6849,0.154,0.463,0.0057,549.48,18.8563,0.00209788,0.0000,-0.3000,0.261,0.545,-1.6816,0.0155,0.0161
79.31,16.600,-0.0000,-0.3000,-0.1902,-0.0253,0.0240,0.0154,0.0162,-1.6892,0.154,0.462,0.0057,554.827,18.9628,0.00237469,0.0000,-0.3000,0.261,0.545,-1.6873,0.0154,0.0162
79.41,16.620,-0.0000,-0.3000,-0.1907,-0.0254,0.0239,0.0153,0.0163,-1.6936,0.154,0.462,0.0057,554.827,18.9628,0.00237469,0.0000,-0.3000,0.261,0.545,-1.6873,0.0153,0.0163
79.51,16.640,-0.0000,-0.3000,-0.1913,-0.0255,0.0238,0.0152,0.0164,-1.6980,0.154,0.462,0.0058,562.013,19.1141,0.00237469,0.0000,-0.3000,0.261,0.545,-1.6949,0.0153,0.0163
79.61,16.660,-0.0000,-0.3000,-0.1921,-0.0256,0.0237,0.0152,0.0164,-1.7024,0.154,0.462,0.0058,567.446,19.2346,0.00209788,0.0000,-0.3000,0.261,0.545,-1.7007,0.0152,0.0164
79.71,16.680,-0.0000,-0.3000,-0.1926,-0.0257,0.0236,0.0151,0.0165,-1.7070,0.154,0.462,0.0058,567.446,19.2346,0.00209788,0.0000,-0.3000,0.261,0.545,-1.7007,0.0151,0.0165
79.81,16.700,-0.0000,-0.3000,-0.1931,-0.0258,0.0235,0.0150,0.0166,-1.7107,0.154,0.462,0.0058,572.915,19.3614,0.00237469,0.0000,-0.3000,0.261,0.545,-1.7064,0.0150,0.0166
79.91,16.720,-0.0000,-0.3000,-0.1937,-0.0259,0.0234,0.0150,0.0166,-1.7153,0.154,0.462,0.0059,580.264,19.5403,0.00237469,0.0000,-0.3000,0.261,0.545,-1.7142,0.0150,0.0166
80.01,16.760,-0.0000,-0.3000,-0.1945,-0.0260,0.0232,0.0149,0.0167,-1.7200,0.154,0.462,0.0059,580.264,19.5403,0.00237469,0.0000,-0.3000,0.261,0.545,-1.7142,0.0149,0.0167
80.11,16.780,-0.0000,-0.3000,-0.1950,-0.0261,0.0231,0.0148,0.0168,-1.7243,0.154,0.461,0.0059,585.818,19.682,0.00209788,0.0000,-0.3000,0.261,0.545,-1.7200,0.0148,0.0168
80.21,16.800,-0.0000,-0.3000,-0.1955,-0.0262,0.0230,0.0147,0.0168,-1.7282,0.154,0.461,0.0059,591.409,19.8304,0.00237469,0.0000,-0.3000,0.261,0.545,-1.7258,0.0148,0.0168
80.31,16.820,-0.0000,-0.3000,-0.1961,-0.0263,0.0229,0.0147,0.0169,-1.7329,0.154,0.461,0.0060,591.409,19.8304,0.00237469,0.0000,-0.3000,0.261,0.545,-1.7258,0.0147,0.0169
80.41,16.840,-0.0000,-0.3000,-0.1969,-0.0264,0.0228,0.0146,0.0170,-1.7374,0.154,0.461,0.0060,598.92,20.0386,0.00237469,0.0000,-0.3000,0.261,0.545,-1.7337,0.0146,0.0170
80.51,16.860,-0.0000,-0.3000,-0.1974,-0.0265,0.0227,0.0145,0.0170,-1.7420,0.154,0.461,0.0060,604.596,20.2028,0.00209788,0.0000,-0.3000,0.261,0.545,-1.7396,0.0145,0.0170
80.61,16.880,-0.0000,-0.3000,-0.1980,-0.0266,0.0225,0.0144,0.0171,-1.7467,0.154,0.461,0.0060,604.596,20.2028,0.00209788,0.0000,-0.3000,0.261,0.545,-1.7396,0.0145,0.0171
80.71,16.900,-0.0000,-0.3000,-0.1985,-0.0267,0.0224,0.0144,0.0172,-1.7509,0.154,0.461,0.0060,610.307,20.3741,0.00237469,0.0000,-0.3000,0.261,0.545,-1.7455,0.0144,0.0171
80.81,16.940,-0.0000,-0.3000,-0.1993,-0.0268,0.0223,0.0143,0.0172,-1.7554,0.154,0.460,0.0061,617.979,20.6137,0.00237469,0.0000,-0.3000,0.261,0.545,-1.7534,0.0143,0.0172
80.91,16.960,-0.0000,-0.3000,-0.1998,-0.0269,0.0222,0.0142,0.0173,-1.7602,0.154,0.460,0.0061,617.979,20.6137,0.00237469,0.0000,-0.3000,0.261,0.545,-1.7534,0.0142,0.0173
81.01,16.980,-0.0000,-0.3000,-0.2004,-0.0270,0.0221,0.0141,0.0174,-1.7648,0.154,0.460,0.0061,623.774,20.8019,0.00209788,0.0000,-0.3000,0.261,0.545,-1.7594,0.0141,0.0173
81.11,17.000,-0.0000,-0.3000,-0.2012,-0.0271,0.0219,0.0140,0.0174,-1.7695,0.154,0.460,0.0062,629.605,20.9978,0.00237469,0.0000,-0.3000,0.261,0.545,-1.7654,0.0140,0.0174
81.21,17.020,-0.0000,-0.3000,-0.2018,-0.0272,0.0218,0.0140,0.0175,-1.7739,0.154,0.460,0.0062,637.436,21.2708,0.00237469,0.0000,-0.3000,0.261,0.545,-1.7735,0.0140,0.0175
81.31,17.040,-0.0000,-0.3000,-0.2023,-0.0273,0.0217,0.0139,0.0175,-1.7788,0.154,0.460,0.0062,637.436,21.2708,0.00237469,0.0000,-0.3000,0.261,0.545,-1.7735,0.0139,0.0175
81.41,17.080,-0.0000,-0.3000,-0.2031,-0.0274,0.0215,0.0138,0.0176,-1.7834,0.154,0.460,0.0062,643.349,21.4849,0.00209788,0.0000,-0.3000,0.261,0.545,-1.7795,0.0138,0.0176
81.51,17.100,-0.0000,-0.3000,-0.2037,-0.0275,0.0214,0.0137,0.0177,-1.7881,0.154,0.459,0.0063,649.298,21.707,0.00237469,0.0000,-0.3000,0.261,0.545,-1.7856,0.0137,0.0177
81.61,17.120,-0.0000,-0.3000,-0.2042,-0.0276,0.0213,0.0136,0.0177,-1.7930,0.154,0.459,0.0063,649.298,21.707,0.00237469,0.0000,-0.3000,0.261,0.545,-1.7856,0.0136,0.0177
81.71,17.140,-0.0000,-0.3000,-0.2051,-0.0277,0.0211,0.0135,0.0178,-1.7977,0.154,0.459,0.0063,657.285,22.016,0.00237469,0.0000,-0.3000,0.261,0.545,-1.7938,0.0135,0.0178
81.81,17.160,-0.0000,-0.3000,-0.2056,-0.0278,0.0210,0.0135,0.0179,-1.8024,0.154,0.459,0.0063,663.315,22.2576,0.00209788,0.0000,-0.3000,0.261,0.545,-1.7999,0.0135,0.0179
81.91,17.180,-0.0000,-0.3000,-0.2062,-0.0278,0.0209,0.0134,0.0179,-1.8074,0.154,0.459,0.0064,663.315,22.2576,0.00209788,0.0000,-0.3000,0.261,0.545,-1.7999,0.0134,0.0179
82.01,17.200,-0.0000,-0.3000,-0.2067,-0.0279,0.0208,0.0133,0.0180,-1.8119,0.154,0.459,0.0064,669.38,22.508,0.00237469,0.0000,-0.3000,0.261,0.545,-1.8061,0.0133,0.0180
82.11,17.240,-0.0000,-0.3000,-0.2075,-0.0280,0.0206,0.0132,0.0181,-1.8169,0.154,0.459,0.0064,677.52,22.8556,0.00237469,0.0000,-0.3000,0.261,0.545,-1.8144,0.0132,0.0181
82.21,17.260,-0.0000,-0.3000,-0.2081,-0.0281,0.0205,0.0131,0.0181,-1.8217,0.154,0.458,0.0064,677.52,22.8556,0.00237469,0.0000,-0.3000,0.261,0.545,-1.8144,0.0131,0.0181
82.31,17.280,-0.0000,-0.3000,-0.2087,-0.0282,0.0204,0.0130,0.0182,-1.8267,0.154,0.458,0.0065,683.665,23.1269,0.00209788,0.0000,-0.3000,0.261,0.545,-1.8206,0.0131,0.0182
82.41,17.300,-0.0000,-0.3000,-0.2095,-0.0283,0.0202,0.0129,0.0182,-1.8311,0.154,0.458,0.0065,689.844,23.4075,0.00237469,0.0000,-0.3000,0.261,0.545,-1.8268,0.0129,0.0182
82.51,17.320,-0.0000,-0.3000,-0.2101,-0.0284,0.0201,0.0129,0.0183,-1.8359,0.154,0.458,0.0065,698.134,23.7966,0.00237469,0.0000,-0.3000,0.261,0.545,-1.8352,0.0129,0.0183
82.61,17.340,-0.0000,-0.3000,-0.2106,-0.0285,0.0199,0.0128,0.0184,-1.8412,0.154,0.458,0.0065,698.134,23.7966,0.00237469,0.0000,-0.3000,0.261,0.545,-1.8352,0.0128,0.0184
82.71,17.380,-0.0000,-0.3000,-0.2115,-0.0286,0.0198,0.0127,0.0184,-1.8460,0.154,0.458,0.0066,704.391,24.0999,0.00209788,0.0000,-0.3000,0.261,0.545,-1.8415,0.0127,0.0184
82.81,17.400,-0.0000,-0.3000,-0.2120,-0.0287,0.0196,0.0126,0.0185,-1.8507,0.153,0.458,0.0066,710.68,24.4132,0.00237469,0.0000,-0.3000,0.261,0.545,-1.8479,0.0126,0.0185
82.91,17.420,-0.0000,-0.3000,-0.2126,-0.0288,0.0195,0.0125,0.0186,-1.8558,0.153,0.457,0.0066,710.68,24.4132,0.00237469,0.0000,-0.3000,0.261,0.545,-1.8479,0.0125,0.0185
83.01,17.440,-0.0000,-0.3000,-0.2135,-0.0289,0.0193,0.0124,0.0186,-1.8607,0.153,0.457,0.0067,719.117,24.847,0.00237469,0.0000,-0.3000,0.261,0.545,-1.8564,0.0124,0.0186
83.11,17.460,-0.0000,-0.3000,-0.2140,-0.0290,0.0192,0.0123,0.0187,-1.8656,0.153,0.457,0.0067,725.483,25.1847,0.00209788,0.0000,-0.3000,0.261,0.545,-1.8628,0.0123,0.0187
83.21,17.480,-0.0000,-0.3000,-0.2146,-0.0291,0.0191,0.0122,0.0187,-1.8708,0.153,0.457,0.0067,725.483,25.1847,0.00209788,0.0000,-0.3000,0.261,0.545,-1.8628,0.0122,0.0187
83.31,17.520,-0.0000,-0.3000,-0.2155,-0.0292,0.0189,0.0121,0.0188,-1.8757,0.153,0.457,0.0067,731.88,25.5331,0.00237469,0.0000,-0.3000,0.261,0.545,-1.8692,0.0121,0.0188
83.41,17.540,-0.0000,-0.3000,-0.2160,-0.0293,0.0188,0.0120,0.0189,-1.8807,0.153,0.457,0.0068,740.46,26.0151,0.00237469,0.0000,-0.3000,0.261,0.545,-1.8778,0.0120,0.0189
83.51,17.560,-0.0000,-0.3000,-0.2166,-0.0293,0.0186,0.0119,0.0189,-1.8855,0.153,0.457,0.0068,746.931,26.3898,0.00209788,0.0000,-0.3000,0.261,0.545,-1.8843,0.0120,0.0189
83.61,17.580,-0.0000,-0.3000,-0.2175,-0.0295,0.0184,0.0118,0.0190,-1.8907,0.153,0.456,0.0068,746.931,26.3898,0.00209788,0.0000,-0.3000,0.261,0.545,-1.8843,0.0118,0.0190
83.71,17.600,-0.0000,-0.3000,-0.2181,-0.0295,0.0183,0.0117,0.0190,-1.8957,0.153,0.456,0.0069,753.432,26.7762,0.00237469,0.0000,-0.3000,0.261,0.545,-1.8908,0.0117,0.0190
83.81,17.620,-0.0000,-0.3000,-0.2186,-0.0296,0.0182,0.0116,0.0191,-1.9005,0.153,0.456,0.0069,762.149,27.3101,0.00237469,0.0000,-0.3000,0.261,0.545,-1.8995,0.0117,0.0191
83.91,17.640,-0.0000,-0.3000,-0.2192,-0.0297,0.0180,0.0115,0.0192,-1.9057,0.153,0.456,0.0069,762.149,27.3101,0.00237469,0.0000,-0.3000,0.261,0.545,-1.8995,0.0116,0.0191
84.01,17.680,-0.0000,-0.3000,-0.2201,-0.0298,0.0178,0.0114,0.0192,-1.9110,0.153,0.456,0.0069,768.722,27.7248,0.00209788,0.0000,-0.3000,0.261,0.545,-1.9061,0.0115,0.0192
84.11,17.700,-0.0000,-0.3000,-0.2207,-0.0299,0.0177,0.0113,0.0193,-1.9159,0.153,0.456,0.0070,775.324,28.1521,0.00237469,0.0000,-0.3000,0.261,0.545,-1.9127,0.0114,0.0193
84.21,17.720,-0.0000,-0.3000,-0.2213,-0.0299,0.0176,0.0112,0.0193,-1.9210,0.153,0.455,0.0070,775.324,28.1521,0.00237469,0.0000,-0.3000,0.261,0.545,-1.9127,0.0113,0.0193
84.31,17.740,-0.0000,-0.3000,-0.2222,-0.0301,0.0174,0.0111,0.0194,-1.9263,0.153,0.455,0.0070,784.172,28.7419,0.00237469,0.0000,-0.3000,0.261,0.545,-1.9215,0.0112,0.0194
84.41,17.760,-0.0000,-0.3000,-0.2228,-0.0301,0.0172,0.0110,0.0195,-1.9314,0.153,0.455,0.0071,790.842,29.1998,0.00209788,0.0000,-0.3000,0.261,0.545,-1.9282,0.0111,0.0194
84.51,17.780,-0.0000,-0.3000,-0.2234,-0.0302,0.0171,0.0109,0.0195,-1.9365,0.153,0.455,0.0071,790.842,29.1998,0.00209788,0.0000,-0.3000,0.261,0.545,-1.9282,0.0110,0.0195
84.61,17.820,-0.0000,-0.3000,-0.2243,-0.0303,0.0169,0.0108,0.0196,-1.9417,0.153,0.455,0.0071,797.54,29.6712,0.00237469,0.0000,-0.3000,0.261,0.545,-1.9349,0.0108,0.0196
84.71,17.840,-0.0000,-0.3000,-0.2249,-0.0304,0.0168,0.0107,0.0196,-1.9469,0.153,0.455,0.0072,806.515,30.3214,0.00237469,0.0000,-0.3000,0.261,0.545,-1.9438,0.0108,0.0196
84.81,17.860,-0.0000,-0.3000,-0.2255,-0.0305,0.0166,0.0106,0.0197,-1.9523,0.153,0.454,0.0072,813.277,30.8257,0.00209788,0.0000,-0.3000,0.261,0.545,-1.9506,0.0107,0.0197
84.91,17.880,-0.0000,-0.3000,-0.2264,-0.0306,0.0164,0.0105,0.0197,-1.9575,0.153,0.454,0.0072,813.277,30.8257,0.00209788,0.0000,-0.3000,0.261,0.545,-1.9506,0.0105,0.0197
85.01,17.900,-0.0000,-0.3000,-0.2270,-0.0307,0.0163,0.0104,0.0198,-1.9627,0.153,0.454,0.0072,820.066,31.3447,0.00237469,0.0000,-0.3000,0.261,0.545,-1.9574,0.0105,0.0198
85.11,17.920,-0.0000,-0.3000,-0.2276,-0.0307,0.0161,0.0103,0.0198,-1.9679,0.153,0.454,0.0073,829.159,32.0601,0.00237469,0.0000,-0.3000,0.261,0.545,-1.9664,0.0104,0.0198
85.21,17.960,-0.0000,-0.3000,-0.2285,-0.0308,0.0159,0.0102,0.0199,-1.9732,0.152,0.454,0.0073,829.159,32.0601,0.00237469,0.0000,-0.3000,0.261,0.545,-1.9664,0.0102,0.0199
85.31,17.980,-0.0000,-0.3000,-0.2291,-0.0309,0.0158,0.0101,0.0200,-1.9787,0.152,0.454,0.0073,836.009,32.6146,0.00209788,0.0000,-0.3000,0.261,0.545,-1.9733,0.0101,0.0199
85.41,18.000,-0.0000,-0.3000,-0.2297,-0.0310,0.0156,0.0100,0.0200,-1.9837,0.152,0.454,0.0074,842.884,33.1849,0.00237469,0.0000,-0.3000,0.261,0.545,-1.9801,0.0100,0.0200
85.51,18.020,-0.0000,-0.3000,-0.2303,-0.0310,0.0155,0.0099,0.0201,-1.9890,0.152,0.453,0.0074,842.884,33.1849,0.00237469,0.0000,-0.3000,0.261,0.545,-1.9801,0.0099,0.0200
85.61,18.040,-0.0000,-0.3000,-0.2313,-0.0312,0.0153,0.0098,0.0201,-1.9943,0.152,0.453,0.0074,852.089,33.9705,0.00237469,0.0000,-0.3000,0.261,0.545,-1.9893,0.0098,0.0201
85.71,18.060,-0.0000,-0.3000,-0.2319,-0.0312,0.0151,0.0097,0.0202,-1.9997,0.152,0.453,0.0075,859.02,34.579,0.00209788,0.0000,-0.3000,0.261,0.545,-1.9963,0.0097,0.0201
85.81,18.080,-0.0000,-0.3000,-0.2325,-0.0313,0.0150,0.0096,0.0202,-2.0050,0.152,0.453,0.0075,859.02,34.579,0.00209788,0.0000,-0.3000,0.261,0.545,-1.9963,0.0096,0.0202
85.91,18.120,-0.0000,-0.3000,-0.2335,-0.0314,0.0147,0.0095,0.0203,-2.0104,0.152,0.453,0.0075,865.974,35.2046,0.00237469,0.0000,-0.3000,0.261,0.545,-2.0032,0.0095,0.0203
86.01,18.140,-0.0000,-0.3000,-0.2341,-0.0315,0.0146,0.0094,0.0203,-2.0160,0.152,0.453,0.0076,875.282,36.0658,0.00237469,0.0000,-0.3000,0.261,0.545,-2.0126,0.0094,0.0203
86.11,18.160,-0.0000,-0.3000,-0.2347,-0.0315,0.0145,0.0093,0.0204,-2.0214,0.152,0.452,0.0076,882.289,36.7326,0.00209788,0.0000,-0.3000,0.261,0.545,-2.0196,0.0093,0.0203
86.21,18.180,-0.0000,-0.3000,-0.2357,-0.0316,0.0142,0.0091,0.0204,-2.0268,0.152,0.452,0.0076,882.289,36.7326,0.00209788,0.0000,-0.3000,0.261,0.545,-2.0196,0.0091,0.0204
86.31,18.200,-0.0000,-0.3000,-0.2363,-0.0317,0.0141,0.0090,0.0205,-2.0325,0.152,0.452,0.0076,889.316,37.4178,0.00237469,0.0000,-0.3000,0.261,0.545,-2.0266,0.0091,0.0205
86.41,18.220,-0.0000,-0.3000,-0.2370,-0.0318,0.0139,0.0089,0.0205,-2.0379,0.152,0.452,0.0077,898.718,38.3605,0.00237469,0.0000,-0.3000,0.261,0.545,-2.0361,0.0090,0.0205
86.51,18.260,-0.0000,-0.3000,-0.2379,-0.0319,0.0137,0.0088,0.0206,-2.0436,0.152,0.452,0.0077,898.718,38.3605,0.00237469,0.0000,-0.3000,0.261,0.545,-2.0361,0.0088,0.0206
86.61,18.280,-0.0000,-0.3000,-0.2386,-0.0319,0.0135,0.0087,0.0206,-2.0493,0.152,0.451,0.0077,905.793,39.09,0.00209788,0.0000,-0.3000,0.261,0.545,-2.0432,0.0087,0.0206
86.71,18.300,-0.0000,-0.3000,-0.2392,-0.0320,0.0134,0.0086,0.0207,-2.0546,0.152,0.451,0.0078,912.887,39.8392,0.00237469,0.0000,-0.3000,0.261,0.545,-2.0504,0.0086,0.0206
86.81,18.320,-0.0000,-0.3000,-0.2402,-0.0321,0.0131,0.0085,0.0207,-2.0603,0.152,0.451,0.0078,912.887,39.8392,0.00237469,0.0000,-0.3000,0.261,0.545,-2.0504,0.0085,0.0207
86.91,18.340,-0.0000,-0.3000,-0.2409,-0.0321,0.0130,0.0083,0.0208,-2.0659,0.152,0.451,0.0078,922.373,40.8696,0.00237469,0.0000,-0.3000,0.261,0.545,-2.0600,0.0084,0.0207
87.01,18.360,-0.0000,-0.3000,-0.2415,-0.0322,0.0128,0.0082,0.0208,-2.0717,0.152,0.451,0.0079,929.509,41.6665,0.00209788,0.0000,-0.3000,0.261,0.545,-2.0672,0.0083,0.0208
87.11,18.400,-0.0000,-0.3000,-0.2425,-0.0323,0.0126,0.0081,0.0208,-2.0773,0.151,0.451,0.0079,936.661,42.4847,0.00237469,0.0000,-0.3000,0.261,0.545,-2.0744,0.0081,0.0208
87.21,18.420,-0.0000,-0.3000,-0.2432,-0.0324,0.0124,0.0080,0.0209,-2.0826,0.151,0.450,0.0079,936.661,42.4847,0.00237469,0.0000,-0.3000,0.261,0.545,-2.0744,0.0080,0.0209
87.31,18.440,-0.0000,-0.3000,-0.2439,-0.0324,0.0123,0.0079,0.0209,-2.0887,0.151,0.450,0.0080,946.222,43.6093,0.00237469,0.0000,-0.3000,0.261,0.545,-2.0841,0.0079,0.0209
87.41,18.460,-0.0000,-0.3000,-0.2449,-0.0325,0.0120,0.0077,0.0210,-2.0943,0.151,0.450,0.0080,953.41,44.4788,0.00209788,0.0000,-0.3000,0.261,0.545,-2.0915,0.0078,0.0210
87.51,18.480,-0.0000,-0.3000,-0.2455,-0.0326,0.0119,0.0076,0.0210,-2.1002,0.151,0.450,0.0080,953.41,44.4788,0.00209788,0.0000,-0.3000,0.261,0.545,-2.0915,0.0077,0.0210
87.61,18.500,-0.0000,-0.3000,-0.2462,-0.0326,0.0117,0.0075,0.0211,-2.1059,0.151,0.450,0.0081,960.612,45.371,0.00237469,0.0000,-0.3000,0.261,0.545,-2.0988,0.0075,0.0211
87.71,18.540,0.0000,-0.3000,-0.2473,-0.0327,0.0115,0.0074,0.0211,-2.1118,0.151,0.450,0.0081,970.235,46.5969,0.00237469,0.0000,-0.3000,0.261,0.545,-2.1087,0.0074,0.0211
87.81,18.560,0.0000,-0.3000,-0.2479,-0.0328,0.0113,0.0073,0.0212,-2.1170,0.151,0.449,0.0081,970.235,46.5969,0.00237469,0.0000,-0.3000,0.261,0.545,-2.1087,0.0073,0.0211
87.91,18.580,0.0000,-0.3000,-0.2486,-0.0328,0.0111,0.0071,0.0212,-2.1227,0.151,0.449,0.0082,977.467,47.5441,0.00209788,0.0000,-0.3000,0.261,0.545,-2.1161,0.0072,0.0212
88.01,18.600,0.0000,-0.3000,-0.2493,-0.0329,0.0110,0.0070,0.0212,-2.1275,0.151,0.449,0.0082,984.71,48.5158,0.00237469,0.0000,-0.3000,0.261,0.545,-2.1235,0.0071,0.0212
88.11,18.620,0.0000,-0.3000,-0.2500,-0.0329,0.0108,0.0069,0.0213,-2.1332,0.151,0.449,0.0082,984.71,48.5158,0.00237469,0.0000,-0.3000,0.261,0.545,-2.1235,0.0070,0.0213
88.21,18.640,0.0000,-0.3000,-0.2511,-0.0330,0.0105,0.0068,0.0213,-2.1390,0.151,0.449,0.0082,994.384,49.8503,0.00237469,0.0000,-0.3000,0.261,0.545,-2.1335,0.0068,0.0213
88.31,18.660,0.0000,-0.3000,-0.2518,-0.0331,0.0104,0.0067,0.0213,-2.1450,0.151,0.449,0.0083,1001.65,50.881,0.00209788,0.0000,-0.3000,0.261,0.545,-2.1411,0.0067,0.0213
88.41,18.700,0.0000,-0.3000,-0.2529,-0.0331,0.0101,0.0065,0.0214,-2.1511,0.151,0.448,0.0083,1008.93,51.938,0.00237469,0.0000,-0.3000,0.261,0.545,-2.1486,0.0065,0.0214
88.51,18.720,0.0000,-0.3000,-0.2536,-0.0332,0.0099,0.0064,0.0214,-2.1567,0.151,0.448,0.0083,1008.93,51.938,0.00237469,0.0000,-0.3000,0.261,0.545,-2.1486,0.0064,0.0214
88.61,18.740,0.0000,-0.3000,-0.2543,-0.0332,0.0098,0.0063,0.0215,-2.1628,0.150,0.448,0.0084,1018.64,53.3889,0.00237469,0.0000,-0.3000,0.261,0.545,-2.1587,0.0063,0.0215
88.71,18.760,0.0000,-0.3000,-0.2554,-0.0333,0.0095,0.0062,0.0215,-2.1689,0.150,0.448,0.0084,1025.93,54.509,0.00209788,0.0000,-0.3000,0.261,0.545,-2.1664,0.0062,0.0215
88.81,18.780,0.0000,-0.3000,-0.2562,-0.0334,0.0093,0.0060,0.0215,-2.1748,0.150,0.448,0.0084,1025.93,54.509,0.00209788,0.0000,-0.3000,0.261,0.545,-2.1664,0.0061,0.0215
88.91,18.800,0.0000,-0.3000,-0.2569,-0.0334,0.0092,0.0059,0.0216,-2.1807,0.150,0.447,0.0085,1033.22,55.6571,0.00237469,0.0000,-0.3000,0.261,0.545,-2.1741,0.0059,0.0216
89.01,18.820,0.0000,-0.3000,-0.2580,-0.0335,0.0089,0.0058,0.0216,-2.1866,0.150,0.447,0.0085,1042.96,57.2326,0.00237469,0.0000,-0.3000,0.261,0.545,-2.1843,0.0058,0.0216
89.11,18.860,0.0000,-0.3000,-0.2588,-0.0335,0.0087,0.0057,0.0216,-2.1925,0.150,0.447,0.0085,1042.96,57.2326,0.00237469,0.0000,-0.3000,0.261,0.545,-2.1843,0.0057,0.0216
89.21,18.880,0.0000,-0.3000,-0.2595,-0.0336,0.0085,0.0055,0.0217,-2.1988,0.150,0.447,0.0086,1050.26,58.4484,0.00209788,0.0000,-0.3000,0.261,0.545,-2.1921,0.0055,0.0217
89.31,18.900,0.0000,-0.3000,-0.2603,-0.0336,0.0084,0.0054,0.0217,-2.2045,0.150,0.447,0.0086,1057.57,59.6941,0.00237469,0.0000,-0.3000,0.261,0.545,-2.1999,0.0054,0.0217
89.41,18.920,0.0000,-0.3000,-0.2614,-0.0337,0.0081,0.0053,0.0217,-2.2108,0.150,0.447,0.0086,1057.57,59.6941,0.00237469,0.0000,-0.3000,0.261,0.545,-2.1999,0.0053,0.0217
89.51,18.940,0.0000,-0.3000,-0.2622,-0.0337,0.0079,0.0051,0.0218,-2.2168,0.150,0.446,0.0087,1067.31,61.4028,0.00237469,0.0000,-0.3000,0.261,0.545,-2.2103,0.0052,0.0218
89.61,18.960,0.0000,-0.3000,-0.2630,-0.0338,0.0077,0.0050,0.0218,-2.2231,0.150,0.446,0.0087,1074.62,62.7207,0.00209788,0.0000,-0.3000,0.261,0.545,-2.2181,0.0050,0.0218
89.71,19.000,0.0000,-0.3000,-0.2641,-0.0338,0.0075,0.0049,0.0218,-2.2292,0.150,0.446,0.0087,1081.92,64.0707,0.00237469,0.0000,-0.3000,0.261,0.545,-2.2260,0.0049,0.0218
89.81,19.020,0.0000,-0.3000,-0.2649,-0.0339,0.0073,0.0047,0.0219,-2.2355,0.150,0.446,0.0088,1081.92,64.0707,0.00237469,0.0000,-0.3000,0.261,0.545,-2.2260,0.0048,0.0219
89.91,19.040,0.0000,-0.3000,-0.2660,-0.0617,0.0130,0.0046,0.0219,-2.2416,0.149,0.446,0.0081,1091.66,65.9215,0.00237469,0.0000,-0.3000,0.261,0.545,-2.2366,0.0046,0.0219
90.01,19.060,0.0000,-0.3000,-0.2730,-0.0665,0.0134,0.0044,0.0219,-2.2479,0.149,0.445,0.0076,1098.95,67.3485,0.00209788,0.0000,-0.3000,0.261,0.545,-2.2446,0.0045,0.0219
90.11,19.080,0.0000,-0.3000,-0.2801,-0.3089,0.0609,0.0043,0.0220,-2.2546,0.149,0.445,0.0053,1098.95,67.3485,0.00209788,0.0000,-0.3000,0.261,0.545,-2.2446,0.0043,0.0219
90.21,19.100,0.0000,-0.3000,-0.3042,-0.0375,0.0071,0.0041,0.0220,-2.2615,0.149,0.445,0.0040,1106.24,68.8098,0.00237469,0.0000,-0.3000,0.261,0.545,-2.2529,0.0042,0.0220
90.31,19.140,0.0000,-0.3000,-0.3060,-0.0357,0.0064,0.0040,0.0220,-2.2688,0.150,0.445,0.0040,1115.95,70.8135,0.00237469,0.0000,-0.3000,0.261,0.545,-2.2647,0.0040,0.0220
90.41,19.160,0.0000,-0.3000,-0.3072,-0.0357,0.0062,0.0038,0.0220,-2.2762,0.150,0.445,0.0040,1123.21,72.3599,0.00209788,0.0000,-0.3000,0.261,0.545,-2.2739,0.0039,0.0220
90.51,19.180,0.0000,-0.3000,-0.3090,-0.0358,0.0058,0.0037,0.0221,-2.2833,0.150,0.445,0.0040,1123.21,72.3599,0.00209788,0.0000,-0.3000,0.261,0.545,-2.2739,0.0037,0.0221
90.61,19.200,0.0000,-0.3000,-0.3102,-0.0358,0.0056,0.0035,0.0221,-2.2904,0.150,0.445,0.0040,1130.46,73.9447,0.00237469,0.0000,-0.3000,0.261,0.545,-2.2832,0.0035,0.0221
90.71,19.220,0.0000,-0.3000,-0.3115,-0.0358,0.0054,0.0033,0.0221,-2.2979,0.150,0.445,0.0040,1140.09,76.119,0.00237469,0.0000,-0.3000,0.261,0.545,-2.2956,0.0034,0.0221
90.81,19.260,0.0000,-0.3000,-0.3134,-0.0359,0.0050,0.0032,0.0221,-2.3050,0.150,0.445,0.0040,1140.09,76.119,0.00237469,0.0000,-0.3000,0.261,0.545,-2.2956,0.0032,0.0221
90.91,19.280,0.0000,-0.3000,-0.3147,-0.0359,0.0048,0.0030,0.0222,-2.3123,0.150,0.445,0.0040,1147.29,77.7964,0.00209788,0.0000,-0.3000,0.261,0.545,-2.3050,0.0030,0.0222
91.01,19.300,0.0000,-0.3000,-0.3160,-0.0359,0.0046,0.0029,0.0222,-2.3195,0.150,0.445,0.0040,1154.47,79.5149,0.00237469,0.0000,-0.3000,0.261,0.545,-2.3144,0.0029,0.0222
91.11,19.320,0.0000,-0.3000,-0.3173,-0.0360,0.0043,0.0027,0.0222,-2.3272,0.150,0.445,0.0040,1154.47,79.5149,0.00237469,0.0000,-0.3000,0.261,0.545,-2.3144,0.0028,0.0222
91.21,19.340,0.0000,-0.3000,-0.3193,-0.0360,0.0040,0.0025,0.0222,-2.3345,0.150,0.444,0.0040,1164.01,81.8712,0.00237469,0.0000,-0.3000,0.261,0.545,-2.3271,0.0026,0.0222
91.31,19.360,0.0000,-0.3000,-0.3206,-0.0360,0.0038,0.0024,0.0222,-2.3422,0.150,0.444,0.0040,1171.13,83.6883,0.00209788,0.0000,-0.3000,0.261,0.545,-2.3367,0.0024,0.0222
91.41,19.400,0.0000,-0.3000,-0.3226,-0.0361,0.0034,0.0022,0.0223,-2.3499,0.150,0.444,0.0040,1178.22,85.549,0.00237469,0.0000,-0.3000,0.261,0.545,-2.3463,0.0022,0.0223
91.51,19.420,0.0000,-0.3000,-0.3240,-0.0361,0.0032,0.0020,0.0223,-2.3573,0.150,0.444,0.0040,1178.22,85.549,0.00237469,0.0000,-0.3000,0.261,0.545,-2.3463,0.0021,0.0223
91.61,19.440,0.0000,-0.3000,-0.3254,-0.0361,0.0029,0.0018,0.0223,-2.3652,0.150,0.444,0.0040,1187.63,88.0991,0.00237469,0.0000,-0.3000,0.261,0.545,-2.3592,0.0019,0.0223
91.71,19.460,0.0000,-0.3000,-0.3276,-0.0361,0.0026,0.0017,0.0223,-2.3727,0.150,0.444,0.0040,1194.65,90.0647,0.00209788,0.0000,-0.3000,0.261,0.545,-2.3690,0.0017,0.0223
91.81,19.480,0.0000,-0.3000,-0.3290,-0.0362,0.0023,0.0015,0.0223,-2.3802,0.150,0.444,0.0040,1194.65,90.0647,0.00209788,0.0000,-0.3000,0.261,0.545,-2.3690,0.0015,0.0223
91.91,19.500,0.0000,-0.3000,-0.3305,-0.0362,0.0021,0.0014,0.0223,-2.3875,0.150,0.444,0.0040,1201.64,92.0767,0.00237469,0.0000,-0.3000,0.261,0.545,-2.3788,0.0014,0.0223
92.01,19.540,0.0000,-0.3000,-0.3327,-0.0362,0.0017,0.0012,0.0223,-2.3955,0.151,0.444,0.0040,1210.9,94.8328,0.00237469,0.0000,-0.3000,0.261,0.545,-2.3921,0.0012,0.0223
92.11,19.560,0.0000,-0.3000,-0.3342,-0.0362,0.0015,0.0010,0.0223,-2.4031,0.151,0.444,0.0040,1210.9,94.8328,0.00237469,0.0000,-0.3000,0.261,0.545,-2.3921,0.0010,0.0223
92.21,19.580,0.0000,-0.3000,-0.3357,-0.0362,0.0012,0.0008,0.0224,-2.4105,0.151,0.444,0.0040,1217.8,96.9562,0.00209788,0.0000,-0.3000,0.261,0.545,-2.4020,0.0009,0.0224
92.31,19.600,0.0000,-0.3000,-0.3373,-0.0362,0.0010,0.0007,0.0224,-2.4179,0.151,0.444,0.0040,1224.66,99.1287,0.00237469,0.0000,-0.3000,0.261,0.545,-2.4121,0.0007,0.0224
92.41,19.620,0.0000,-0.3000,-0.3396,-0.0362,0.0006,0.0005,0.0224,-2.4261,0.151,0.444,0.0039,1224.66,99.1287,0.00237469,0.0000,-0.3000,0.261,0.545,-2.4121,0.0005,0.0224
92.51,19.640,0.0000,-0.3000,-0.3412,-0.0362,0.0004,0.0003,0.0224,-2.4342,0.151,0.444,0.0039,1233.74,102.103,0.00237469,0.0000,-0.3000,0.261,0.545,-2.4256,0.0003,0.0224
92.61,19.660,0.0000,-0.3000,-0.3429,-0.0362,0.0001,0.0001,0.0224,-2.4421,0.151,0.443,0.0039,1240.49,104.394,0.00209788,0.0000,-0.3000,0.261,0.545,-2.4358,0.0002,0.0224
92.71,19.700,0.0000,-0.3000,-0.3441,-0.0201,-0.0002,-0.0000,0.0224,-2.4500,0.151,0.443,0.0039,1247.2,106.737,0.00237469,0.0000,-0.3000,0.261,0.545,-2.4462,-0.0000,0.0224
92.81,19.720,-0.0000,-0.3000,-0.3430,-0.0362,-0.0005,-0.0002,0.0224,-2.4576,0.151,0.443,0.0039,1247.2,106.737,0.00237469,0.0000,-0.3000,0.261,0.545,-2.4462,-0.0002,0.0224
92.91,19.740,-0.0000,-0.3000,-0.3414,-0.0362,-0.0007,-0.0004,0.0224,-2.4655,0.151,0.443,0.0039,1256.07,109.943,0.00237469,0.0000,-0.3000,0.261,0.545,-2.4599,-0.0003,0.0224
93.01,19.760,-0.0000,-0.3000,-0.3390,-0.0362,-0.0011,-0.0006,0.0224,-2.4736,0.151,0.443,0.0039,1262.66,112.41,0.00209788,0.0000,-0.3000,0.261,0.545,-2.4702,-0.0006,0.0224
93.11,19.780,-0.0000,-0.3000,-0.3374,-0.0362,-0.0013,-0.0007,0.0224,-2.4807,0.151,0.443,0.0039,1262.66,112.41,0.00209788,0.0000,-0.3000,0.261,0.545,-2.4702,-0.0007,0.0224
93.21,19.800,-0.0000,-0.3000,-0.3359,-0.0362,-0.0016,-0.0009,0.0223,-2.4885,0.151,0.443,0.0039,1269.2,114.932,0.00237469,0.0000,-0.3000,0.261,0.545,-2.4803,-0.0009,0.0224
93.31,19.820,-0.0000,-0.3000,-0.3343,-0.0362,-0.0018,-0.0011,0.0223,-2.4962,0.151,0.443,0.0039,1277.83,118.379,0.00237469,0.0000,-0.3000,0.261,0.545,-2.4938,-0.0010,0.0223
93.41,19.860,-0.0000,-0.3000,-0.3320,-0.0432,-0.0026,-0.0012,0.0223,-2.5038,0.151,0.443,0.0039,1277.83,118.379,0.00237469,0.0000,-0.3000,0.261,0.545,-2.4938,-0.0012,0.0223
93.51,19.880,-0.0000,-0.3000,-0.3290,-0.0375,-0.0025,-0.0014,0.0223,-2.5117,0.151,0.443,0.0039,1284.24,121.03,0.00209788,0.0000,-0.3000,0.261,0.545,-2.5038,-0.0014,0.0223
93.61,19.900,-0.0000,-0.3000,-0.3274,-0.0378,-0.0028,-0.0016,0.0223,-2.5193,0.151,0.443,0.0039,1290.59,123.738,0.00237469,0.0000,-0.3000,0.261,0.545,-2.5137,-0.0015,0.0223
93.71,19.920,-0.0000,-0.3000,-0.3250,-0.0384,-0.0032,-0.0018,0.0223,-2.5271,0.152,0.443,0.0039,1290.59,123.738,0.00237469,0.0000,-0.3000,0.261,0.545,-2.5137,-0.0018,0.0223
93.81,19.940,-0.0000,-0.3000,-0.3234,-0.0390,-0.0035,-0.0019,0.0223,-2.5346,0.152,0.443,0.0039,1298.98,127.436,0.00237469,0.0000,-0.3000,0.261,0.545,-2.5268,-0.0019,0.0223
93.91,19.960,-0.0000,-0.3000,-0.3216,-0.0401,-0.0038,-0.0021,0.0223,-2.5420,0.152,0.443,0.0039,1305.2,130.276,0.00209788,0.0000,-0.3000,0.261,0.545,-2.5365,-0.0020,0.0223
94.01,20.000,-0.0000,-0.3000,-0.3188,-0.0433,-0.0045,-0.0023,0.0223,-2.5493,0.152,0.443,0.0040,1311.36,133.175,0.00237469,0.0000,-0.3000,0.261,0.545,-2.5461,-0.0023,0.0223
94.11,20.020,-0.0000,-0.3000,-0.3166,-0.0488,-0.0054,-0.0024,0.0222,-2.5563,0.152,0.443,0.0040,1311.36,133.175,0.00237469,0.0000,-0.3000,0.261,0.545,-2.5461,-0.0024,0.0222
96.74,20.620,-0.0000,-0.3000,-0.2563,-0.0334,-0.0093,-0.0061,0.0215,-2.7219,0.157,0.444,0.0083,1429.09,209.514,0.00237469,0.0000,-0.3000,0.261,0.545,-2.7212,-0.0060,0.0215
96.84,20.640,-0.0000,-0.3000,-0.2556,-0.0333,-0.0095,-0.0062,0.0215,-2.7280,0.157,0.444,0.0083,1429.09,209.514,0.00237469,0.0000,-0.3000,0.261,0.545,-2.7212,-0.0061,0.0215
96.94,20.680,-0.0000,-0.3000,-0.2545,-0.0332,-0.0098,-0.0063,0.0215,-2.7339,0.157,0.444,0.0083,1433.93,213.812,0.00209788,0.0000,-0.3000,0.261,0.545,-2.7288,-0.0063,0.0215
97.04,20.700,-0.0000,-0.3000,-0.2538,-0.0332,-0.0099,-0.0064,0.0214,-2.7397,0.157,0.444,0.0082,1438.7,218.18,0.00237469,0.0000,-0.3000,0.261,0.545,-2.7365,-0.0064,0.0214
97.14,20.720,-0.0000,-0.3000,-0.2531,-0.0331,-0.0101,-0.0066,0.0214,-2.7458,0.158,0.444,0.0082,1438.7,218.18,0.00237469,0.0000,-0.3000,0.261,0.545,-2.7365,-0.0065,0.0214
97.24,20.740,-0.0000,-0.3000,-0.2520,-0.0331,-0.0103,-0.0067,0.0213,-2.7516,0.158,0.444,0.0082,1444.96,224.11,0.00237469,0.0000,-0.3000,0.261,0.545,-2.7466,-0.0067,0.0213
97.34,20.760,-0.0000,-0.3000,-0.2513,-0.0330,-0.0105,-0.0068,0.0213,-2.7576,0.158,0.444,0.0081,1449.58,228.638,0.00209788,0.0000,-0.3000,0.261,0.545,-2.7542,-0.0068,0.0213
97.44,20.780,-0.0000,-0.3000,-0.2506,-0.0330,-0.0107,-0.0069,0.0213,-2.7634,0.158,0.444,0.0081,1449.58,228.638,0.00209788,0.0000,-0.3000,0.261,0.545,-2.7542,-0.0069,0.0213
97.54,20.800,-0.0000,-0.3000,-0.2499,-0.0329,-0.0108,-0.0071,0.0212,-2.7689,0.158,0.444,0.0081,1454.12,233.237,0.00237469,0.0000,-0.3000,0.261,0.545,-2.7617,-0.0070,0.0212
97.64,20.840,0.0000,-0.3000,-0.2488,-0.0328,-0.0111,-0.0072,0.0212,-2.7749,0.158,0.444,0.0081,1460.08,239.479,0.00237469,0.0000,-0.3000,0.261,0.545,-2.7717,-0.0072,0.0212
97.74,20.860,0.0000,-0.3000,-0.2481,-0.0328,-0.0112,-0.0073,0.0211,-2.7808,0.159,0.444,0.0080,1464.47,244.243,0.00209788,0.0000,-0.3000,0.261,0.545,-2.7792,-0.0073,0.0212
97.84,20.880,0.0000,-0.3000,-0.2471,-0.0327,-0.0115,-0.0074,0.0211,-2.7868,0.159,0.444,0.0080,1464.47,244.243,0.00209788,0.0000,-0.3000,0.261,0.545,-2.7792,-0.0074,0.0211
97.94,20.900,0.0000,-0.3000,-0.2464,-0.0326,-0.0116,-0.0075,0.0211,-2.7922,0.159,0.444,0.0080,1468.79,249.079,0.00237469,0.0000,-0.3000,0.261,0.545,-2.7866,-0.0075,0.0211
98.04,20.920,0.0000,-0.3000,-0.2457,-0.0326,-0.0118,-0.0077,0.0210,-2.7979,0.159,0.444,0.0079,1474.43,255.639,0.00237469,0.0000,-0.3000,0.261,0.545,-2.7965,-0.0076,0.0210
98.14,20.960,0.0000,-0.3000,-0.2447,-0.0325,-0.0120,-0.0078,0.0210,-2.8037,0.159,0.444,0.0079,1474.43,255.639,0.00237469,0.0000,-0.3000,0.261,0.545,-2.7965,-0.0078,0.0210
98.24,20.980,0.0000,-0.3000,-0.2440,-0.0324,-0.0122,-0.0079,0.0209,-2.8098,0.160,0.444,0.0079,1478.58,260.643,0.00209788,0.0000,-0.3000,0.261,0.545,-2.8038,-0.0079,0.0209
98.34,21.000,0.0000,-0.3000,-0.2434,-0.0324,-0.0123,-0.0080,0.0209,-2.8154,0.160,0.444,0.0078,1482.66,265.721,0.00237469,0.0000,-0.3000,0.261,0.545,-2.8112,-0.0080,0.0209
98.44,21.020,0.0000,-0.3000,-0.2424,-0.0323,-0.0126,-0.0082,0.0208,-2.8213,0.160,0.444,0.0078,1482.66,265.721,0.00237469,0.0000,-0.3000,0.261,0.545,-2.8112,-0.0081,0.0208
98.54,21.040,0.0000,-0.3000,-0.2417,-0.0322,-0.0127,-0.0083,0.0208,-2.8273,0.160,0.444,0.0078,1487.99,272.605,0.00237469,0.0000,-0.3000,0.261,0.545,-2.8209,-0.0082,0.0208
98.64,21.080,0.0000,-0.3000,-0.2410,-0.0322,-0.0129,-0.0084,0.0207,-2.8326,0.160,0.444,0.0077,1491.9,277.855,0.00209788,0.0000,-0.3000,0.261,0.545,-2.8282,-0.0083,0.0208
98.74,21.100,0.0000,-0.3000,-0.2400,-0.0321,-0.0131,-0.0085,0.0207,-2.8384,0.160,0.444,0.0077,1495.73,283.179,0.00237469,0.0000,-0.3000,0.261,0.545,-2.8354,-0.0085,0.0207
98.84,21.120,0.0000,-0.3000,-0.2394,-0.0320,-0.0133,-0.0086,0.0206,-2.8437,0.161,0.444,0.0077,1495.73,283.179,0.00237469,0.0000,-0.3000,0.261,0.545,-2.8354,-0.0086,0.0206
98.94,21.140,0.0000,-0.3000,-0.2384,-0.0319,-0.0135,-0.0087,0.0206,-2.8494,0.161,0.444,0.0076,1500.73,290.395,0.00237469,0.0000,-0.3000,0.261,0.545,-2.8450,-0.0087,0.0206
99.04,21.160,0.0000,-0.3000,-0.2378,-0.0319,-0.0136,-0.0089,0.0205,-2.8551,0.161,0.444,0.0076,1504.4,295.895,0.00209788,0.0000,-0.3000,0.261,0.545,-2.8521,-0.0088,0.0205
99.14,21.180,0.0000,-0.3000,-0.2371,-0.0318,-0.0138,-0.0090,0.0205,-2.8606,0.161,0.444,0.0076,1504.4,295.895,0.00209788,0.0000,-0.3000,0.261,0.545,-2.8521,-0.0089,0.0205
99.24,21.200,0.0000,-0.3000,-0.2365,-0.0317,-0.0139,-0.0091,0.0204,-2.8660,0.161,0.444,0.0076,1507.98,301.47,0.00237469,0.0000,-0.3000,0.261,0.545,-2.8593,-0.0090,0.0205
99.34,21.240,0.0000,-0.3000,-0.2355,-0.0317,-0.0142,-0.0092,0.0204,-2.8717,0.161,0.444,0.0075,1512.65,309.023,0.00237469,0.0000,-0.3000,0.261,0.545,-2.8687,-0.0092,0.0204
99.44,21.260,0.0000,-0.3000,-0.2349,-0.0316,-0.0143,-0.0093,0.0203,-2.8773,0.162,0.444,0.0075,1516.06,314.777,0.00209788,0.0000,-0.3000,0.261,0.545,-2.8758,-0.0093,0.0204
99.54,21.280,0.0000,-0.3000,-0.2339,-0.0315,-0.0145,-0.0094,0.0203,-2.8827,0.162,0.444,0.0075,1516.06,314.777,0.00209788,0.0000,-0.3000,0.261,0.545,-2.8758,-0.0094,0.0203
99.64,21.300,0.0000,-0.3000,-0.2333,-0.0314,-0.0147,-0.0095,0.0202,-2.8883,0.162,0.445,0.0074,1519.39,320.608,0.00237469,0.0000,-0.3000,0.261,0.545,-2.8828,-0.0095,0.0202
99.74,21.320,0.0000,-0.3000,-0.2327,-0.0314,-0.0148,-0.0096,0.0202,-2.8937,0.162,0.445,0.0074,1523.71,328.503,0.00237469,0.0000,-0.3000,0.261,0.545,-2.8922,-0.0096,0.0202
99.84,21.340,0.0000,-0.3000,-0.2320,-0.0313,-0.0150,-0.0097,0.0201,-2.8990,0.162,0.445,0.0074,1523.71,328.503,0.00237469,0.0000,-0.3000,0.261,0.545,-2.8922,-0.0097,0.0202
99.94,21.380,0.0000,-0.3000,-0.2311,-0.0312,-0.0152,-0.0099,0.0201,-2.9046,0.163,0.445,0.0073,1526.87,334.515,0.00209788,0.0000,-0.3000,0.261,0.545,-2.8991,-0.0098,0.0201
100.04,21.400,0.0000,-0.3000,-0.2305,-0.0311,-0.0153,-0.0100,0.0200,-2.9096,0.163,0.445,0.0073,1529.94,340.605,0.00237469,0.0000,-0.3000,0.261,0.545,-2.9061,-0.0099,0.0200
100.14,21.420,0.0000,-0.3000,-0.2299,-0.0310,-0.0155,-0.0101,0.0200,-2.9149,0.163,0.445,0.0073,1529.94,340.605,0.00237469,0.0000,-0.3000,0.261,0.545,-2.9061,-0.0100,0.0200
100.24,21.440,0.0000,-0.3000,-0.2290,-0.0309,-0.0157,-0.0102,0.0199,-2.9204,0.163,0.445,0.0073,1533.92,348.848,0.00237469,0.0000,-0.3000,0.261,0.545,-2.9153,-0.0102,0.0199
100.34,21.460,0.0000,-0.3000,-0.2283,-0.0309,-0.0158,-0.0103,0.0199,-2.9259,0.163,0.445,0.0072,1536.81,355.123,0.00209788,0.0000,-0.3000,0.261,0.545,-2.9222,-0.0103,0.0199
100.44,21.500,0.0000,-0.3000,-0.2274,-0.0308,-0.0160,-0.0104,0.0198,-2.9311,0.163,0.445,0.0072,1539.62,361.477,0.00237469,0.0000,-0.3000,0.261,0.545,-2.9290,-0.0104,0.0198
100.54,21.520,0.0000,-0.3000,-0.2268,-0.0307,-0.0162,-0.0105,0.0198,-2.9364,0.164,0.445,0.0072,1539.62,361.477,0.00237469,0.0000,-0.3000,0.261,0.545,-2.9290,-0.0105,0.0198
100.64,21.540,0.0000,-0.3000,-0.2262,-0.0306,-0.0163,-0.0106,0.0197,-2.9418,0.164,0.445,0.0071,1543.24,370.072,0.00237469,0.0000,-0.3000,0.261,0.545,-2.9381,-0.0106,0.0197
100.74,21.560,0.0000,-0.3000,-0.2253,-0.0305,-0.0165,-0.0107,0.0196,-2.9470,0.164,0.445,0.0071,1545.87,376.613,0.00209788,0.0000,-0.3000,0.261,0.545,-2.9449,-0.0107,0.0196
100.84,21.580,0.0000,-0.3000,-0.2247,-0.0304,-0.0167,-0.0108,0.0196,-2.9522,0.164,0.445,0.0071,1545.87,376.613,0.00209788,0.0000,-0.3000,0.261,0.545,-2.9449,-0.0108,0.0196
100.94,21.600,0.0000,-0.3000,-0.2241,-0.0304,-0.0168,-0.0109,0.0195,-2.9573,0.164,0.445,0.0071,1548.42,383.233,0.00237469,0.0000,-0.3000,0.261,0.545,-2.9516,-0.0109,0.0195
101.04,21.620,0.0000,-0.3000,-0.2235,-0.0303,-0.0170,-0.0110,0.0195,-2.9625,0.164,0.445,0.0070,1551.68,392.187,0.00237469,0.0000,-0.3000,0.261,0.545,-2.9606,-0.0110,0.0195
101.14,21.660,0.0000,-0.3000,-0.2226,-0.0302,-0.0172,-0.0111,0.0194,-2.9676,0.165,0.445,0.0070,1551.68,392.187,0.00237469,0.0000,-0.3000,0.261,0.545,-2.9606,-0.0111,0.0194
101.24,21.680,0.0000,-0.3000,-0.2220,-0.0301,-0.0173,-0.0112,0.0194,-2.9729,0.165,0.445,0.0070,1554.04,398.996,0.00209788,0.0000,-0.3000,0.261,0.545,-2.9673,-0.0112,0.0194
101.34,21.700,0.0000,-0.3000,-0.2214,-0.0300,-0.0174,-0.0113,0.0193,-2.9780,0.165,0.445,0.0069,1556.31,405.887,0.00237469,0.0000,-0.3000,0.261,0.545,-2.9739,-0.0113,0.0193
101.44,21.720,0.0000,-0.3000,-0.2205,-0.0299,-0.0176,-0.0114,0.0192,-2.9831,0.165,0.445,0.0069,1556.31,405.887,0.00237469,0.0000,-0.3000,0.261,0.545,-2.9739,-0.0114,0.0192
101.54,21.740,0.0000,-0.3000,-0.2200,-0.0298,-0.0178,-0.0115,0.0192,-2.9884,0.165,0.445,0.0069,1559.22,415.202,0.00237469,0.0000,-0.3000,0.261,0.545,-2.9828,-0.0115,0.0192
101.64,21.780,0.0000,-0.3000,-0.2191,-0.0297,-0.0180,-0.0116,0.0191,-2.9937,0.165,0.445,0.0069,1561.31,422.283,0.00209788,0.0000,-0.3000,0.261,0.545,-2.9894,-0.0116,0.0191
101.74,21.800,0.0000,-0.3000,-0.2185,-0.0297,-0.0181,-0.0117,0.0191,-2.9989,0.165,0.445,0.0068,1563.31,429.447,0.00237469,0.0000,-0.3000,0.261,0.545,-2.9960,-0.0117,0.0191
101.84,21.820,0.0000,-0.3000,-0.2179,-0.0296,-0.0182,-0.0118,0.0190,-3.0039,0.166,0.445,0.0068,1563.31,429.447,0.00237469,0.0000,-0.3000,0.261,0.545,-2.9960,-0.0118,0.0190
101.94,21.840,0.0000,-0.3000,-0.2171,-0.0295,-0.0184,-0.0119,0.0189,-3.0089,0.166,0.445,0.0068,1565.85,439.128,0.00237469,0.0000,-0.3000,0.261,0.545,-3.0047,-0.0119,0.0189
102.04,21.860,0.0000,-0.3000,-0.2165,-0.0294,-0.0186,-0.0120,0.0189,-3.0143,0.166,0.445,0.0067,1567.66,446.485,0.00209788,0.0000,-0.3000,0.261,0.545,-3.0112,-0.0120,0.0189
102.14,21.880,0.0000,-0.3000,-0.2159,-0.0293,-0.0187,-0.0121,0.0188,-3.0195,0.166,0.445,0.0067,1569.39,453.925,0.00237469,0.0000,-0.3000,0.261,0.545,-3.0177,-0.0121,0.0188
102.24,21.920,0.0000,-0.3000,-0.2150,-0.0292,-0.0189,-0.0122,0.0188,-3.0245,0.166,0.445,0.0067,1569.39,453.925,0.00237469,0.0000,-0.3000,0.261,0.545,-3.0177,-0.0122,0.0188
102.34,21.940,0.0000,-0.3000,-0.2145,-0.0291,-0.0190,-0.0123,0.0187,-3.0296,0.166,0.445,0.0067,1571.56,463.974,0.00237469,0.0000,-0.3000,0.261,0.545,-3.0263,-0.0123,0.0187
102.44,21.960,0.0000,-0.3000,-0.2139,-0.0290,-0.0191,-0.0124,0.0186,-3.0345,0.167,0.445,0.0066,1573.09,471.609,0.00209788,0.0000,-0.3000,0.261,0.545,-3.0328,-0.0123,0.0187
102.54,21.980,0.0000,-0.3000,-0.2130,-0.0289,-0.0193,-0.0125,0.0186,-3.0397,0.167,0.445,0.0066,1573.09,471.609,0.00209788,0.0000,-0.3000,0.261,0.545,-3.0328,-0.0125,0.0186
102.64,22.000,0.0000,-0.3000,-0.2125,-0.0288,-0.0194,-0.0126,0.0185,-3.0446,0.167,0.445,0.0066,1574.54,479.327,0.00237469,0.0000,-0.3000,0.261,0.545,-3.0392,-0.0125,0.0185
102.74,22.040,0.0000,-0.3000,-0.2116,-0.0287,-0.0196,-0.0127,0.0184,-3.0496,0.167,0.445,0.0066,1576.35,489.749,0.00237469,0.0000,-0.3000,0.261,0.545,-3.0477,-0.0127,0.0184
102.84,22.060,0.0000,-0.3000,-0.2111,-0.0286,-0.0198,-0.0128,0.0184,-3.0547,0.167,0.445,0.0065,1576.35,489.749,0.00237469,0.0000,-0.3000,0.261,0.545,-3.0477,-0.0127,0.0184
102.94,22.080,0.0000,-0.3000,-0.2105,-0.0285,-0.0199,-0.0128,0.0183,-3.0593,0.167,0.445,0.0065,1577.6,497.664,0.00209788,0.0000,-0.3000,0.261,0.545,-3.0540,-0.0128,0.0183
103.04,22.100,0.0000,-0.3000,-0.2099,-0.0285,-0.0200,-0.0129,0.0183,-3.0644,0.168,0.445,0.0065,1578.77,505.663,0.00237469,0.0000,-0.3000,0.261,0.545,-3.0603,-0.0129,0.0183
103.14,22.120,0.0000,-0.3000,-0.2091,-0.0283,-0.0202,-0.0130,0.0182,-3.0692,0.168,0.445,0.0064,1580.21,516.46,0.00237469,0.0000,-0.3000,0.261,0.545,-3.0687,-0.0130,0.0182
103.24,22.140,0.0000,-0.3000,-0.2085,-0.0282,-0.0203,-0.0131,0.0181,-3.0742,0.168,0.445,0.0064,1580.21,516.46,0.00237469,0.0000,-0.3000,0.261,0.545,-3.0687,-0.0131,0.0181
103.34,22.180,0.0000,-0.3000,-0.2077,-0.0281,-0.0205,-0.0132,0.0181,-3.0790,0.168,0.445,0.0064,1581.18,524.656,0.00209788,0.0000,-0.3000,0.261,0.545,-3.0750,-0.0132,0.0181
103.44,22.200,0.0000,-0.3000,-0.2071,-0.0280,-0.0206,-0.0133,0.0180,-3.0838,0.168,0.445,0.0064,1582.07,532.938,0.00237469,0.0000,-0.3000,0.261,0.545,-3.0812,-0.0133,0.0180
103.54,22.220,0.0000,-0.3000,-0.2066,-0.0280,-0.0207,-0.0134,0.0179,-3.0887,0.168,0.445,0.0063,1582.07,532.938,0.00237469,0.0000,-0.3000,0.261,0.545,-3.0812,-0.0133,0.0180
103.64,22.240,0.0000,-0.3000,-0.2057,-0.0278,-0.0209,-0.0135,0.0179,-3.0935,0.168,0.445,0.0063,1583.13,544.113,0.00237469,0.0000,-0.3000,0.261,0.545,-3.0895,-0.0135,0.0179
103.74,22.260,0.0000,-0.3000,-0.2052,-0.0277,-0.0210,-0.0135,0.0178,-3.0984,0.169,0.445,0.0063,1583.82,552.593,0.00209788,0.0000,-0.3000,0.261,0.545,-3.0957,-0.0135,0.0178
103.84,22.280,0.0000,-0.3000,-0.2046,-0.0277,-0.0211,-0.0136,0.0177,-3.1031,0.169,0.445,0.0063,1583.82,552.593,0.00209788,0.0000,-0.3000,0.261,0.545,-3.0957,-0.0136,0.0178
103.94,22.320,0.0000,-0.3000,-0.2038,-0.0275,-0.0213,-0.0137,0.0177,-3.1078,0.169,0.445,0.0062,1584.43,561.159,0.00237469,0.0000,-0.3000,0.261,0.545,-3.1018,-0.0137,0.0177
104.04,22.340,0.0000,-0.3000,-0.2033,-0.0274,-0.0214,-0.0138,0.0176,-3.1125,0.169,0.445,0.0062,1585.12,572.714,0.00237469,0.0000,-0.3000,0.261,0.545,-3.1100,-0.0138,0.0176
104.14,22.360,0.0000,-0.3000,-0.2027,-0.0274,-0.0215,-0.0139,0.0175,-3.1171,0.169,0.445,0.0062,1585.53,581.48,0.00209788,0.0000,-0.3000,0.261,0.545,-3.1161,-0.0139,0.0176
104.24,22.380,0.0000,-0.3000,-0.2019,-0.0272,-0.0217,-0.0140,0.0175,-3.1220,0.169,0.445,0.0062,1585.53,581.48,0.00209788,0.0000,-0.3000,0.261,0.545,-3.1161,-0.0140,0.0175
104.34,22.400,0.0000,-0.3000,-0.2013,-0.0271,-0.0218,-0.0140,0.0174,-3.1266,0.169,0.445,0.0061,1585.86,590.332,0.00237469,0.0000,-0.3000,0.261,0.545,-3.1222,-0.0140,0.0174
104.44,22.420,0.0000,-0.3000,-0.2008,-0.0271,-0.0219,-0.0141,0.0173,-3.1315,0.170,0.445,0.0061,1586.17,602.268,0.00237469,0.0000,-0.3000,0.261,0.545,-3.1302,-0.0141,0.0174
104.54,22.440,0.0000,-0.3000,-0.2003,-0.0270,-0.0221,-0.0142,0.0173,-3.1359,0.170,0.445,0.0061,1586.17,602.268,0.00237469,0.0000,-0.3000,0.261,0.545,-3.1302,-0.0142,0.0173
104.64,22.480,0.0000,-0.3000,-0.1994,-0.0268,-0.0222,-0.0143,0.0172,-3.1405,0.170,0.445,0.0061,1586.3,611.321,0.00209788,0.0000,-0.3000,0.261,0.545,-3.1362,-0.0143,0.0172
104.74,22.500,0.0000,-0.3000,-0.1989,-0.0268,-0.0223,-0.0144,0.0171,3.1380,0.170,0.445,0.0041,1586.35,620.459,0.00237469,0.0404,-0.3000,0.261,0.545,3.1410,-0.0143,0.0172
104.84,22.520,0.0124,-0.3000,-0.1981,0.7822,-0.0373,-0.0144,0.0171,3.1333,0.170,0.445,0.0149,1586.35,620.459,0.00237469,0.0404,-0.3000,0.261,0.545,3.1410,-0.0144,0.0171
104.94,22.540,0.0284,-0.3000,-0.1976,0.7823,-0.0406,-0.0145,0.0170,3.1287,0.169,0.445,0.0311,1586.29,632.779,0.00237469,0.0404,-0.3000,0.261,0.545,3.1331,-0.0145,0.0170
105.04,22.560,0.0404,-0.3000,-0.1970,-0.0175,-0.0411,-0.0146,0.0169,3.1242,0.169,0.445,0.0312,1586.14,642.119,0.00209788,0.0404,-0.3000,0.260,0.545,3.1272,-0.0146,0.0170
105.14,22.580,0.0404,-0.3000,-0.1965,-0.0174,-0.0411,-0.0147,0.0169,3.1197,0.168,0.445,0.0314,1585.91,651.546,0.00237469,0.0418,-0.3000,0.259,0.545,3.1213,-0.0146,0.0169
105.24,22.620,0.0418,-0.3000,-0.1957,-0.0172,-0.0415,-0.0147,0.0168,3.1154,0.167,0.445,0.0330,1585.91,651.546,0.00237469,0.0418,-0.3000,0.259,0.545,3.1213,-0.0147,0.0168
105.34,22.640,0.0418,-0.3000,-0.1951,-0.0171,-0.0415,-0.0148,0.0167,3.1107,0.166,0.445,0.0332,1585.47,664.25,0.00237469,0.0418,-0.3000,0.257,0.545,3.1134,-0.0148,0.0168
105.44,22.660,0.0418,-0.3000,-0.1946,-0.0169,-0.0416,-0.0149,0.0167,3.1060,0.166,0.445,0.0334,1585.04,673.879,0.00209788,0.0418,-0.3000,0.256,0.545,3.1076,-0.0149,0.0167
105.54,22.680,0.0418,-0.3000,-0.1938,-0.0168,-0.0416,-0.0150,0.0166,3.1015,0.165,0.444,0.0336,1585.04,673.879,0.00209788,0.0418,-0.3000,0.256,0.545,3.1076,-0.0150,0.0166
105.64,22.700,0.0418,-0.3000,-0.1933,-0.0166,-0.0420,-0.0151,0.0165,3.0971,0.164,0.444,0.0353,1584.54,683.595,0.00237469,0.0433,-0.3000,0.255,0.545,3.1017,-0.0150,0.0166
105.74,22.720,0.0433,-0.3000,-0.1927,-0.0165,-0.0420,-0.0151,0.0165,3.0925,0.163,0.444,0.0355,1583.73,696.684,0.00237469,0.0433,-0.3000,0.253,0.545,3.0940,-0.0151,0.0165
105.84,22.760,0.0433,-0.3000,-0.1919,-0.0163,-0.0421,-0.0152,0.0164,3.0879,0.162,0.444,0.0357,1583.73,696.684,0.00237469,0.0433,-0.3000,0.253,0.545,3.0940,-0.0152,0.0164
105.94,22.780,0.0433,-0.3000,-0.1914,-0.0162,-0.0421,-0.0153,0.0163,3.0836,0.162,0.444,0.0359,1583.02,706.602,0.00209788,0.0433,-0.3000,0.252,0.545,3.0882,-0.0153,0.0164
106.04,22.800,0.0433,-0.3000,-0.1909,-0.0161,-0.0421,-0.0153,0.0163,3.0794,0.161,0.444,0.0375,1582.23,716.606,0.00237469,0.0446,-0.3000,0.251,0.545,3.0825,-0.0153,0.0163
106.14,22.820,0.0446,-0.3000,-0.1901,-0.0159,-0.0425,-0.0154,0.0162,3.0747,0.160,0.444,0.0377,1582.23,716.606,0.00237469,0.0446,-0.3000,0.251,0.545,3.0825,-0.0154,0.0162
106.24,22.840,0.0446,-0.3000,-0.1895,-0.0157,-0.0425,-0.0155,0.0161,3.0705,0.159,0.445,0.0380,1581.05,730.081,0.00237469,0.0446,-0.3000,0.249,0.545,3.0749,-0.0155,0.0162
106.34,22.860,0.0446,-0.3000,-0.1890,-0.0156,-0.0425,-0.0156,0.0161,3.0662,0.158,0.445,0.0382,1580.07,740.289,0.00209788,0.0446,-0.3000,0.247,0.545,3.0692,-0.0155,0.0161
106.44,22.900,0.0446,-0.3000,-0.1882,-0.0154,-0.0426,-0.0156,0.0160,3.0616,0.157,0.445,0.0392,1579.01,750.583,0.00237469,0.0460,-0.3000,0.246,0.546,3.0635,-0.0156,0.0160
106.54,22.920,0.0460,-0.3000,-0.1877,-0.0153,-0.0429,-0.0157,0.0159,3.0575,0.156,0.445,0.0400,1579.01,750.583,0.00237469,0.0460,-0.3000,0.246,0.546,3.0635,-0.0157,0.0159
106.64,22.940,0.0460,-0.3000,-0.1872,-0.0152,-0.0429,-0.0158,0.0159,3.0532,0.155,0.445,0.0403,1577.46,764.443,0.00237469,0.0460,-0.3000,0.244,0.546,3.0560,-0.0157,0.0159
106.74,22.960,0.0460,-0.3000,-0.1866,-0.0167,-0.0234,-0.0158,0.0158,3.0487,0.154,0.445,0.0404,1576.21,774.94,0.00209788,0.0460,-0.3000,0.243,0.546,3.0504,-0.0158,0.0158
106.84,22.980,0.0460,-0.3000,-0.1871,-0.0166,-0.0235,-0.0159,0.0157,3.0442,0.153,0.445,0.0407,1576.21,774.94,0.00209788,0.0460,-0.3000,0.243,0.546,3.0504,-0.0159,0.0157
106.94,23.000,0.0460,-0.3000,-0.1877,0.0035,-0.0035,-0.0160,0.0157,3.0405,0.153,0.445,0.0419,1574.87,785.524,0.00237469,0.0474,-0.3000,0.242,0.546,3.0448,-0.0160,0.0157
107.04,23.020,0.0474,-0.3000,-0.1882,-0.0164,-0.0239,-0.0160,0.0156,3.0361,0.152,0.445,0.0424,1572.96,799.771,0.00237469,0.0474,-0.3000,0.240,0.546,3.0373,-0.0160,0.0156
107.14,23.060,0.0474,-0.3000,-0.1890,-0.0163,-0.0240,-0.0161,0.0155,3.0318,0.151,0.445,0.0426,1572.96,799.771,0.00237469,0.0474,-0.3000,0.240,0.546,3.0373,-0.0161,0.0155
107.24,23.080,0.0474,-0.3000,-0.1895,-0.0163,-0.0241,-0.0162,0.0155,3.0275,0.150,0.445,0.0428,1571.43,810.557,0.00209788,0.0474,-0.3000,0.238,0.546,3.0316,-0.0162,0.0155
107.34,23.100,0.0474,-0.3000,-0.1900,-0.0162,-0.0241,-0.0162,0.0154,3.0233,0.149,0.445,0.0436,1569.82,821.429,0.00237469,0.0487,-0.3000,0.237,0.546,3.0260,-0.0162,0.0154
107.44,23.120,0.0487,-0.3000,-0.1906,0.0037,-0.0035,-0.0163,0.0153,3.0189,0.148,0.445,0.0444,1569.82,821.429,0.00237469,0.0487,-0.3000,0.237,0.546,3.0260,-0.0163,0.0153
107.54,23.140,0.0487,-0.3000,-0.1914,-0.0160,-0.0246,-0.0164,0.0152,3.0145,0.147,0.446,0.0447,1567.54,836.061,0.00237469,0.0487,-0.3000,0.235,0.547,3.0183,-0.0164,0.0153
107.64,23.160,0.0487,-0.3000,-0.1919,-0.0160,-0.0246,-0.0164,0.0152,3.0099,0.146,0.446,0.0449,1565.73,847.135,0.00209788,0.0487,-0.3000,0.234,0.547,3.0126,-0.0164,0.0152
107.74,23.180,0.0487,-0.3000,-0.1924,-0.0159,-0.0247,-0.0165,0.0151,3.0053,0.145,0.446,0.0452,1563.84,858.295,0.00237469,0.0501,-0.3000,0.232,0.547,3.0069,-0.0165,0.0151
107.84,23.220,0.0501,-0.3000,-0.1932,0.0038,-0.0035,-0.0166,0.0150,3.0009,0.144,0.446,0.0465,1563.84,858.295,0.00237469,0.0501,-0.3000,0.232,0.547,3.0069,-0.0166,0.0150
107.94,23.240,0.0501,-0.3000,-0.1938,-0.0157,-0.0251,-0.0166,0.0150,2.9964,0.142,0.446,0.0469,1561.18,873.309,0.00237469,0.0501,-0.3000,0.230,0.547,2.9991,-0.0166,0.0150
108.04,23.260,0.0501,-0.3000,-0.1943,-0.0157,-0.0252,-0.0167,0.0149,2.9917,0.141,0.446,0.0471,1559.09,884.67,0.00209788,0.0501,-0.3000,0.229,0.547,2.9933,-0.0167,0.0149
108.14,23.280,0.0501,-0.3000,-0.1951,-0.0155,-0.0253,-0.0168,0.0148,2.9871,0.140,0.446,0.0473,1559.09,884.67,0.00209788,0.0501,-0.3000,0.229,0.547,2.9933,-0.0168,0.0148
108.24,23.300,0.0501,-0.3000,-0.1956,0.0040,-0.0035,-0.0168,0.0147,2.9832,0.139,0.446,0.0484,1556.92,896.116,0.00237469,0.0514,-0.3000,0.227,0.548,2.9875,-0.0168,0.0147
108.34,23.320,0.0514,-0.3000,-0.1962,0.0040,-0.0034,-0.0169,0.0146,2.9785,0.138,0.446,0.0491,1553.88,911.509,0.00237469,0.0514,-0.3000,0.225,0.548,2.9797,-0.0169,0.0147
108.44,23.360,0.0514,-0.3000,-0.1970,-0.0153,-0.0258,-0.0170,0.0146,2.9737,0.137,0.446,0.0493,1553.88,911.509,0.00237469,0.0514,-0.3000,0.225,0.548,2.9797,-0.0170,0.0146
108.54,23.380,0.0514,-0.3000,-0.1975,-0.0152,-0.0259,-0.0170,0.0145,2.9692,0.136,0.446,0.0495,1551.5,923.154,0.00209788,0.0514,-0.3000,0.224,0.548,2.9738,-0.0170,0.0145
108.64,23.400,0.0514,-0.3000,-0.1981,-0.0152,-0.0260,-0.0171,0.0144,2.9651,0.135,0.447,0.0503,1549.04,934.883,0.00237469,0.0529,-0.3000,0.222,0.549,2.9679,-0.0171,0.0144
108.74,23.420,0.0529,-0.3000,-0.1986,0.0041,-0.0034,-0.0172,0.0143,2.9603,0.134,0.447,0.0512,1549.04,934.883,0.00237469,0.0529,-0.3000,0.222,0.549,2.9679,-0.0171,0.0144
108.84,23.440,0.0529,-0.3000,-0.1994,-0.0150,-0.0265,-0.0172,0.0143,2.9557,0.132,0.447,0.0514,1545.62,950.653,0.00237469,0.0529,-0.3000,0.220,0.549,2.9599,-0.0172,0.0143
108.94,23.460,0.0529,-0.3000,-0.2000,-0.0149,-0.0265,-0.0173,0.0142,2.9509,0.131,0.447,0.0516,1542.95,962.578,0.00209788,0.0529,-0.3000,0.218,0.549,2.9539,-0.0173,0.0142
109.04,23.480,0.0529,-0.3000,-0.2005,-0.0148,-0.0266,-0.0174,0.0141,2.9463,0.130,0.447,0.0518,1540.2,974.587,0.00237469,0.0543,-0.3000,0.217,0.549,2.9480,-0.0173,0.0141
109.14,23.520,0.0543,-0.3000,-0.2030,0.0113,-0.0091,-0.0174,0.0140,2.9419,0.129,0.447,0.0535,1540.2,974.587,0.00237469,0.0543,-0.3000,0.217,0.549,2.9480,-0.0174,0.0140
109.24,23.540,0.0543,-0.3000,-0.2050,0.0337,-0.0269,-0.0175,0.0139,2.9372,0.128,0.447,0.0546,1536.39,990.728,0.00237469,0.0543,-0.3000,0.215,0.550,2.9399,-0.0175,0.0140
109.34,23.560,0.0543,-0.3000,-0.2220,0.0059,-0.0046,-0.0176,0.0138,2.9319,0.126,0.447,0.0580,1533.43,1002.93,0.00209788,0.0543,-0.3000,0.213,0.550,2.9336,-0.0175,0.0139
109.44,23.580,0.0543,-0.3000,-0.2231,0.0059,-0.0046,-0.0176,0.0138,2.9268,0.125,0.448,0.0587,1533.43,1002.93,0.00209788,0.0543,-0.3000,0.213,0.550,2.9336,-0.0176,0.0138
109.54,23.600,0.0543,-0.3000,-0.2238,0.0061,-0.0046,-0.0177,0.0137,2.9218,0.124,0.448,0.0601,1530.37,1015.21,0.00237469,0.0558,-0.3000,0.212,0.551,2.9269,-0.0177,0.0137
109.64,23.620,0.0558,-0.3000,-0.2245,0.0061,-0.0046,-0.0178,0.0136,2.9167,0.122,0.448,0.0608,1526.15,1031.71,0.00237469,0.0558,-0.3000,0.209,0.551,2.9180,-0.0178,0.0136
109.74,23.660,0.0558,-0.3000,-0.2256,0.0061,-0.0045,-0.0179,0.0135,2.9111,0.121,0.448,0.0616,1526.15,1031.71,0.00237469,0.0558,-0.3000,0.209,0.551,2.9180,-0.0178,0.0135
109.84,23.680,0.0558,-0.3000,-0.2264,0.0061,-0.0045,-0.0179,0.0134,2.9056,0.119,0.448,0.0623,1522.86,1044.18,0.00209788,0.0558,-0.3000,0.208,0.551,2.9112,-0.0179,0.0134
109.94,23.700,0.0558,-0.3000,-0.2271,0.0061,-0.0045,-0.0180,0.0133,2.9006,0.118,0.448,0.0639,1519.48,1056.73,0.00237469,0.0574,-0.3000,0.206,0.552,2.9044,-0.0180,0.0133
110.04,23.720,0.0574,-0.3000,-0.2282,0.0063,-0.0045,-0.0181,0.0132,2.8954,0.116,0.449,0.0646,1519.48,1056.73,0.00237469,0.0574,-0.3000,0.206,0.552,2.9044,-0.0181,0.0132
110.14,23.740,0.0574,-0.3000,-0.2289,0.0063,-0.0045,-0.0181,0.0131,2.8897,0.115,0.449,0.0654,1514.82,1073.58,0.00237469,0.0574,-0.3000,0.204,0.552,2.8953,-0.0181,0.0131
110.24,23.760,0.0574,-0.3000,-0.2297,-0.0111,-0.0287,-0.0182,0.0130,2.8842,0.113,0.449,0.0657,1511.21,1086.31,0.00209788,0.0574,-0.3000,0.202,0.553,2.8884,-0.0182,0.0130
110.34,23.800,0.0574,-0.3000,-0.2308,-0.0110,-0.0288,-0.0183,0.0129,2.8789,0.112,0.449,0.0667,1507.51,1099.12,0.00237469,0.0591,-0.3000,0.201,0.553,2.8815,-0.0183,0.0129
110.44,23.820,0.0591,-0.3000,-0.2316,0.0065,-0.0044,-0.0183,0.0128,2.8733,0.110,0.449,0.0676,1507.51,1099.12,0.00237469,0.0591,-0.3000,0.201,0.553,2.8815,-0.0183,0.0128
110.54,23.840,0.0591,-0.3000,-0.2323,-0.0108,-0.0293,-0.0184,0.0127,2.8682,0.109,0.449,0.0680,1502.41,1116.31,0.00237469,0.0591,-0.3000,0.198,0.554,2.8723,-0.0184,0.0127
110.64,23.860,0.0591,-0.3000,-0.2334,-0.0107,-0.0295,-0.0185,0.0126,2.8629,0.107,0.449,0.0682,1498.47,1129.28,0.00209788,0.0591,-0.3000,0.197,0.554,2.8653,-0.0185,0.0126
110.74,23.880,0.0591,-0.3000,-0.2342,-0.0106,-0.0296,-0.0186,0.0125,2.8570,0.105,0.450,0.0685,1498.47,1129.28,0.00209788,0.0591,-0.3000,0.197,0.554,2.8653,-0.0185,0.0125
110.84,23.900,0.0591,-0.3000,-0.2350,0.0066,-0.0044,-0.0186,0.0124,2.8518,0.104,0.450,0.0700,1494.44,1142.34,0.00237469,0.0607,-0.3000,0.195,0.555,2.8583,-0.0186,0.0124
110.94,23.940,0.0607,-0.3000,-0.2361,-0.0104,-0.0302,-0.0187,0.0123,2.8464,0.102,0.450,0.0706,1488.9,1159.85,0.00237469,0.0607,-0.3000,0.193,0.555,2.8489,-0.0187,0.0123
111.04,23.960,0.0607,-0.3000,-0.2369,-0.0103,-0.0303,-0.0188,0.0122,2.8410,0.101,0.450,0.0708,1488.9,1159.85,0.00237469,0.0607,-0.3000,0.193,0.555,2.8489,-0.0187,0.0122
111.14,23.980,0.0607,-0.3000,-0.2376,-0.0103,-0.0303,-0.0188,0.0121,2.8358,0.099,0.450,0.0710,1484.63,1173.07,0.00209788,0.0607,-0.3000,0.191,0.556,2.8418,-0.0188,0.0121
111.24,24.000,0.0607,-0.3000,-0.2384,-0.0102,-0.0304,-0.0189,0.0120,2.8308,0.098,0.451,0.0654,1480.27,1186.37,0.00237469,0.0000,0.0000,0.189,0.557,2.8347,-0.0189,0.0120
111.34,24.020,0.0483,-0.2845,-0.2232,-0.8415,-0.0761,-0.0189,0.0119,2.8263,0.096,0.451,0.0492,1480.27,1186.37,0.00237469,0.0000,0.0000,0.189,0.557,2.8347,-0.0189,0.0119
111.44,24.040,0.0323,-0.2645,-0.1992,-0.8439,-0.0730,-0.0190,0.0118,2.8213,0.095,0.451,0.0302,1474.29,1204.2,0.00237469,0.0000,0.0000,0.187,0.557,2.8255,-0.0190,0.0118
111.55,24.040,0.0323,-0.2645,-0.1992,-0.8439,-0.0730,-0.0190,0.0118,2.8213,0.095,0.451,0.0302,1474.29,1204.2,0.00237469,0.0000,0.0000,0.187,0.557,2.8255,-0.0190,0.0118
111.64,24.060,0.0163,-0.2445,-0.1837,-0.8450,-0.0726,-0.0190,0.0117,2.8171,0.095,0.450,0.0146,1469.7,1217.65,0.00209788,0.0000,0.0000,0.187,0.557,2.8193,-0.0190,0.0118
111.74,24.080,0.0012,-0.2245,-0.1680,-0.0456,-0.0755,-0.0191,0.0117,2.8132,0.095,0.450,0.0121,1469.7,1217.65,0.00209788,0.0000,0.0000,0.187,0.557,2.8193,-0.0191,0.0117
111.84,24.100,-0.0000,-0.2045,-0.1613,0.3776,-0.2890,-0.0191,0.0116,2.8095,0.094,0.450,0.0148,1465.03,1231.18,0.00237469,0.0641,-0.3000,0.186,0.558,2.8138,-0.0191,0.0116
111.94,24.140,0.0284,-0.2355,-0.1623,0.4018,-0.3008,-0.0192,0.0115,2.8056,0.094,0.450,0.0240,1458.69,1249.33,0.00237469,0.0641,-0.3000,0.186,0.558,2.8074,-0.0192,0.0115
112.04,24.160,0.0444,-0.2555,-0.1752,0.7412,-0.0948,-0.0192,0.0114,2.8016,0.093,0.451,0.0409,1453.86,1263.04,0.00209788,0.0641,-0.3000,0.185,0.558,2.8025,-0.0192,0.0115
112.14,24.180,0.0604,-0.2755,-0.1907,0.7332,-0.0787,-0.0193,0.0114,2.7973,0.092,0.451,0.0534,1453.86,1263.04,0.00209788,0.0641,-0.3000,0.185,0.558,2.8025,-0.0192,0.0114
112.24,24.200,0.0641,-0.2955,-0.2264,0.2996,-0.1748,-0.0193,0.0113,2.7925,0.091,0.452,0.0594,1448.97,1276.82,0.00237469,0.0654,-0.2865,0.183,0.559,2.7970,-0.0193,0.0113
112.34,24.220,0.0654,-0.2869,-0.2346,0.0067,-0.0038,-0.0194,0.0112,2.7869,0.090,0.452,0.0619,1442.31,1295.3,0.00237469,0.0654,-0.2865,0.181,0.559,2.7882,-0.0194,0.0112
112.44,24.240,0.0654,-0.2865,-0.2353,0.0067,-0.0037,-0.0194,0.0111,2.7814,0.089,0.453,0.0624,1442.31,1295.3,0.00237469,0.0654,-0.2865,0.181,0.559,2.7882,-0.0194,0.0111
112.54,24.280,0.0654,-0.2865,-0.2364,0.0066,-0.0037,-0.0195,0.0109,2.7758,0.087,0.454,0.0629,1437.22,1309.24,0.00209788,0.0654,-0.2865,0.179,0.560,2.7810,-0.0195,0.0110
112.64,24.300,0.0654,-0.2865,-0.2372,0.0066,-0.0036,-0.0196,0.0108,2.7708,0.086,0.454,0.0646,1432.02,1323.24,0.00237469,0.0670,-0.2554,0.177,0.561,2.7739,-0.0196,0.0109
112.74,24.320,0.0670,-0.2710,-0.2213,0.0063,-0.0034,-0.0196,0.0107,2.7656,0.085,0.455,0.0651,1432.02,1323.24,0.00237469,0.0670,-0.2554,0.177,0.561,2.7739,-0.0196,0.0108
112.84,24.340,0.0670,-0.2554,-0.2130,0.0060,-0.0032,-0.0197,0.0106,2.7605,0.083,0.455,0.0657,1424.96,1342,0.00237469,0.0670,-0.2554,0.175,0.562,2.7647,-0.0197,0.0106
112.94,24.360,0.0670,-0.2554,-0.2136,0.0060,-0.0032,-0.0197,0.0106,2.7556,0.082,0.456,0.0662,1419.55,1356.15,0.00209788,0.0670,-0.2554,0.173,0.562,2.7582,-0.0197,0.0106
113.04,24.380,0.0670,-0.2554,-0.2141,0.0060,-0.0031,-0.0198,0.0105,2.7507,0.080,0.457,0.0667,1419.55,1356.15,0.00209788,0.0670,-0.2554,0.173,0.562,2.7582,-0.0198,0.0105
113.14,24.400,0.0670,-0.2554,-0.2063,0.0059,-0.0030,-0.0198,0.0104,2.7459,0.079,0.457,0.0685,1414.07,1370.36,0.00237469,0.0687,-0.2222,0.171,0.563,2.7519,-0.0198,0.0104
113.24,24.440,0.0687,-0.2225,-0.1875,0.0053,-0.0027,-0.0199,0.0103,2.7417,0.078,0.458,0.0690,1406.62,1389.4,0.00237469,0.0687,-0.2222,0.169,0.564,2.7436,-0.0199,0.0103
113.34,24.460,0.0687,-0.2222,-0.1880,0.0053,-0.0027,-0.0199,0.0102,2.7374,0.076,0.458,0.0695,1406.62,1389.4,0.00237469,0.0687,-0.2222,0.169,0.564,2.7436,-0.0199,0.0102
113.44,24.480,0.0687,-0.2222,-0.1884,0.0052,-0.0026,-0.0200,0.0101,2.7329,0.075,0.459,0.0700,1400.95,1403.76,0.00209788,0.0687,-0.2222,0.167,0.565,2.7380,-0.0199,0.0101
113.54,24.500,0.0687,-0.2222,-0.1806,0.0051,-0.0025,-0.0200,0.0100,2.7288,0.073,0.460,0.0717,1395.21,1418.18,0.00237469,0.0702,-0.1927,0.165,0.566,2.7324,-0.0200,0.0100
113.64,24.520,0.0702,-0.2067,-0.1644,0.0046,-0.0023,-0.0200,0.0099,2.7248,0.072,0.460,0.0722,1387.45,1437.51,0.00237469,0.0702,-0.1927,0.162,0.567,2.7252,-0.0200,0.0099
113.74,24.540,0.0702,-0.1927,-0.1647,0.0046,-0.0022,-0.0201,0.0099,2.7209,0.070,0.461,0.0727,1387.45,1437.51,0.00237469,0.0702,-0.1927,0.162,0.567,2.7252,-0.0201,0.0099
113.84,24.560,0.0702,-0.1927,-0.1651,0.0046,-0.0022,-0.0201,0.0098,2.7173,0.068,0.461,0.0732,1381.56,1452.08,0.00209788,0.0702,-0.1927,0.160,0.568,2.7202,-0.0201,0.0098
113.94,24.600,0.0702,-0.1927,-0.1656,0.0046,-0.0022,-0.0201,0.0097,2.7135,0.067,0.462,0.0747,1375.6,1466.73,0.00237469,0.0715,-0.1669,0.158,0.569,2.7153,-0.0201,0.0097
114.04,24.620,0.0715,-0.1772,-0.1487,0.0042,-0.0020,-0.0202,0.0096,2.7101,0.065,0.462,0.0752,1375.6,1466.73,0.00237469,0.0715,-0.1669,0.158,0.569,2.7153,-0.0202,0.0097
114.14,24.640,0.0715,-0.1669,-0.1440,0.0040,-0.0019,-0.0202,0.0096,2.7066,0.064,0.463,0.0757,1367.58,1486.35,0.00237469,0.0715,-0.1669,0.156,0.570,2.7090,-0.0202,0.0096
114.24,24.660,0.0715,-0.1669,-0.1444,0.0040,-0.0019,-0.0202,0.0095,2.7033,0.062,0.464,0.0763,1361.49,1501.15,0.00209788,0.0715,-0.1669,0.154,0.571,2.7047,-0.0202,0.0095
114.34,24.680,0.0715,-0.1669,-0.1447,0.0040,-0.0018,-0.0203,0.0094,2.7000,0.060,0.464,0.0768,1361.49,1501.15,0.00209788,0.0715,-0.1669,0.154,0.571,2.7047,-0.0203,0.0094
114.44,24.700,0.0715,-0.1669,-0.1363,0.0038,-0.0017,-0.0203,0.0094,2.6968,0.059,0.465,0.0782,1355.36,1516.03,0.00237469,0.0726,-0.1443,0.152,0.572,2.7004,-0.0203,0.0094
114.54,24.740,0.0726,-0.1443,-0.1257,0.0035,-0.0016,-0.0203,0.0093,2.6939,0.057,0.465,0.0787,1347.11,1535.96,0.00237469,0.0726,-0.1443,0.149,0.573,2.6950,-0.0203,0.0093
114.64,24.760,0.0726,-0.1443,-0.1259,-0.0134,-0.0385,-0.0204,0.0093,2.6910,0.055,0.466,0.0788,1347.11,1535.96,0.00237469,0.0726,-0.1443,0.149,0.573,2.6950,-0.0204,0.0093
114.74,24.780,0.0726,-0.1443,-0.1261,-0.0133,-0.0386,-0.0204,0.0092,2.6880,0.053,0.466,0.0788,1340.87,1551,0.00209788,0.0726,-0.1443,0.147,0.574,2.6912,-0.0204,0.0092
114.84,24.800,0.0726,-0.1443,-0.1263,-0.0132,-0.0386,-0.0204,0.0091,2.6852,0.052,0.467,0.0794,1334.59,1566.11,0.00237469,0.0736,-0.1247,0.145,0.575,2.6875,-0.0204,0.0092
114.94,24.820,0.0736,-0.1289,-0.1094,-0.0135,-0.0385,-0.0204,0.0091,2.6827,0.050,0.467,0.0789,1334.59,1566.11,0.00237469,0.0736,-0.1247,0.145,0.575,2.6875,-0.0204,0.0091
115.04,24.840,0.0736,-0.1247,-0.1095,-0.0135,-0.0385,-0.0205,0.0090,2.6802,0.048,0.468,0.0789,1326.15,1586.37,0.00237469,0.0736,-0.1247,0.143,0.576,2.6828,-0.0205,0.0090
115.14,24.860,0.0736,-0.1247,-0.1097,-0.0134,-0.0385,-0.0205,0.0090,2.6776,0.046,0.469,0.0789,1319.79,1601.65,0.00209788,0.0736,-0.1247,0.141,0.577,2.6795,-0.0205,0.0090
115.24,24.900,0.0736,-0.1247,-0.1099,-0.0133,-0.0386,-0.0205,0.0089,2.6751,0.045,0.469,0.0794,1313.39,1617,0.00237469,0.0745,-0.1077,0.139,0.578,2.6762,-0.0205,0.0089
115.34,24.920,0.0745,-0.1098,-0.0950,-0.0135,-0.0383,-0.0205,0.0089,2.6728,0.043,0.470,0.0790,1313.39,1617,0.00237469,0.0745,-0.1077,0.139,0.578,2.6762,-0.0205,0.0089
115.44,24.940,0.0745,-0.1077,-0.0951,-0.0135,-0.0383,-0.0205,0.0088,2.6706,0.041,0.470,0.0790,1304.8,1637.59,0.00237469,0.0745,-0.1077,0.136,0.579,2.6721,-0.0205,0.0089
115.54,24.960,0.0745,-0.1077,-0.0953,-0.0134,-0.0384,-0.0206,0.0088,2.6684,0.040,0.471,0.0790,1298.33,1653.13,0.00209788,0.0745,-0.1077,0.134,0.580,2.6693,-0.0206,0.0088
115.64,24.980,0.0745,-0.1077,-0.0954,-0.0133,-0.0384,-0.0206,0.0087,2.6662,0.038,0.472,0.0790,1298.33,1653.13,0.00209788,0.0745,-0.1077,0.134,0.580,2.6693,-0.0206,0.0088
115.74,25.000,0.0745,-0.1077,-0.0866,-0.0500,-0.1247,-0.0206,0.0087,2.6642,0.036,0.472,0.0791,1291.84,1668.74,0.00237469,0.0753,-0.0929,0.132,0.581,2.6665,-0.0206,0.0087
115.84,25.020,0.0753,-0.0938,-0.0825,-0.0134,-0.0381,-0.0206,0.0087,2.6623,0.035,0.473,0.0791,1283.14,1689.68,0.00237469,0.0753,-0.0929,0.130,0.583,2.6629,-0.0206,0.0087
115.94,25.060,0.0753,-0.0929,-0.0826,-0.0134,-0.0381,-0.0206,0.0086,2.6603,0.033,0.474,0.0791,1283.14,1689.68,0.00237469,0.0753,-0.0929,0.130,0.583,2.6629,-0.0206,0.0086
116.04,25.080,0.0753,-0.0929,-0.0827,-0.0133,-0.0382,-0.0207,0.0086,2.6585,0.031,0.474,0.0791,1276.59,1705.48,0.00209788,0.0753,-0.0929,0.128,0.584,2.6604,-0.0206,0.0086
116.14,25.100,0.0753,-0.0929,-0.0828,-0.0132,-0.0382,-0.0207,0.0086,2.6567,0.030,0.475,0.0794,1270.01,1721.35,0.00237469,0.0759,-0.0800,0.126,0.585,2.6580,-0.0207,0.0086
116.24,25.120,0.0759,-0.0803,-0.0714,-0.0133,-0.0378,-0.0207,0.0085,2.6550,0.028,0.476,0.0792,1270.01,1721.35,0.00237469,0.0759,-0.0800,0.126,0.585,2.6580,-0.0207,0.0085
116.34,25.140,0.0759,-0.0800,-0.0715,-0.0133,-0.0378,-0.0207,0.0085,2.6534,0.026,0.476,0.0792,1261.22,1742.65,0.00237469,0.0759,-0.0800,0.123,0.586,2.6549,-0.0207,0.0085
116.44,25.160,0.0759,-0.0800,-0.0716,-0.0132,-0.0379,-0.0207,0.0084,2.6516,0.024,0.477,0.0792,1254.61,1758.72,0.00209788,0.0759,-0.0800,0.121,0.587,2.6528,-0.0207,0.0085
116.54,25.180,0.0759,-0.0800,-0.0716,-0.0132,-0.0379,-0.0207,0.0084,2.6500,0.023,0.478,0.0792,1247.99,1774.88,0.00237469,0.0765,-0.0689,0.119,0.588,2.6507,-0.0207,0.0084
116.64,25.220,0.0765,-0.0689,-0.0618,-0.0132,-0.0375,-0.0207,0.0084,2.6487,0.021,0.479,0.0792,1247.99,1774.88,0.00237469,0.0765,-0.0689,0.119,0.588,2.6507,-0.0207,0.0084
116.74,25.240,0.0765,-0.0689,-0.0618,-0.0132,-0.0375,-0.0207,0.0084,2.6472,0.020,0.479,0.0792,1239.13,1796.54,0.00237469,0.0765,-0.0689,0.116,0.590,2.6480,-0.0207,0.0084
116.84,25.260,0.0765,-0.0689,-0.0619,-0.0132,-0.0375,-0.0208,0.0083,2.6457,0.018,0.480,0.0792,1232.47,1812.9,0.00209788,0.0765,-0.0689,0.114,0.591,2.6462,-0.0208,0.0083
116.94,25.280,0.0765,-0.0689,-0.0620,-0.0131,-0.0376,-0.0208,0.0083,2.6443,0.016,0.481,0.0792,1232.47,1812.9,0.00209788,0.0765,-0.0689,0.114,0.591,2.6462,-0.0208,0.0083
117.04,25.300,0.0765,-0.0689,-0.0534,-0.0346,-0.0910,-0.0208,0.0083,2.6430,0.015,0.482,0.0793,1225.8,1829.33,0.00237469,0.0770,-0.0593,0.112,0.592,2.6443,-0.0208,0.0083
117.14,25.320,0.0770,-0.0593,-0.0534,-0.0131,-0.0372,-0.0208,0.0082,2.6418,0.013,0.482,0.0793,1216.9,1851.39,0.00237469,0.0770,-0.0593,0.109,0.594,2.6421,-0.0208,0.0082
117.24,25.360,0.0770,-0.0593,-0.0535,-0.0131,-0.0372,-0.0208,0.0082,2.6405,0.011,0.483,0.0793,1216.9,1851.39,0.00237469,0.0770,-0.0593,0.109,0.594,2.6421,-0.0208,0.0082
117.34,25.380,0.0770,-0.0593,-0.0535,-0.0130,-0.0372,-0.0208,0.0082,2.6393,0.010,0.484,0.0793,1210.22,1868.03,0.00209788,0.0770,-0.0593,0.107,0.595,2.6405,-0.0208,0.0082
117.44,25.400,0.0770,-0.0593,-0.0535,-0.0130,-0.0372,-0.0208,0.0082,2.6381,0.008,0.485,0.0795,1203.52,1884.76,0.00237469,0.0774,-0.0511,0.105,0.596,2.6389,-0.0208,0.0082
117.54,25.420,0.0774,-0.0511,-0.0461,-0.0130,-0.0369,-0.0208,0.0081,2.6370,0.006,0.485,0.0794,1203.52,1884.76,0.00237469,0.0774,-0.0511,0.105,0.596,2.6389,-0.0208,0.0082
117.64,25.440,0.0774,-0.0511,-0.0461,-0.0130,-0.0369,-0.0208,0.0081,2.6360,0.005,0.486,0.0794,1194.59,1907.21,0.00237469,0.0774,-0.0511,0.103,0.597,2.6369,-0.0208,0.0081
117.74,25.460,0.0774,-0.0511,-0.0462,-0.0130,-0.0369,-0.0209,0.0081,2.6349,0.003,0.487,0.0794,1187.89,1924.15,0.00209788,0.0774,-0.0511,0.101,0.598,2.6355,-0.0208,0.0081
117.84,25.480,0.0774,-0.0511,-0.0462,-0.0129,-0.0369,-0.0209,0.0081,2.6338,0.001,0.488,0.0794,1181.19,1941.18,0.00237469,0.0778,-0.0439,0.099,0.599,2.6342,-0.0209,0.0081
117.94,25.520,0.0778,-0.0439,-0.0398,-0.0129,-0.0366,-0.0209,0.0081,2.6329,-0.000,0.489,0.0795,1181.19,1941.18,0.00237469,0.0778,-0.0439,0.099,0.599,2.6342,-0.0209,0.0081
118.04,25.540,0.0778,-0.0439,-0.0398,-0.0129,-0.0366,-0.0209,0.0080,2.6319,-0.002,0.489,0.0795,1172.24,1964.03,0.00237469,0.0778,-0.0439,0.096,0.601,2.6325,-0.0209,0.0080
118.14,25.560,0.0778,-0.0439,-0.0398,-0.0129,-0.0366,-0.0209,0.0080,2.6310,-0.004,0.490,0.0795,1165.53,1981.28,0.00209788,0.0778,-0.0439,0.094,0.602,2.6313,-0.0209,0.0080
118.24,25.580,0.0778,-0.0439,-0.0398,-0.0128,-0.0366,-0.0209,0.0080,2.6301,-0.005,0.491,0.0795,1165.53,1981.28,0.00209788,0.0778,-0.0439,0.094,0.602,2.6313,-0.0209,0.0080
118.34,25.600,0.0778,-0.0439,-0.0343,-0.0128,-0.0363,-0.0209,0.0080,2.6293,-0.007,0.492,0.0795,1158.83,1998.62,0.00237469,0.0781,-0.0378,0.092,0.603,2.6301,-0.0209,0.0080
118.44,25.620,0.0781,-0.0378,-0.0343,-0.0128,-0.0363,-0.0209,0.0080,2.6284,-0.009,0.493,0.0795,1149.89,2021.89,0.00237469,0.0781,-0.0378,0.089,0.605,2.6287,-0.0209,0.0080
118.54,25.660,0.0781,-0.0378,-0.0343,-0.0128,-0.0363,-0.0209,0.0079,2.6276,-0.010,0.494,0.0795,1149.89,2021.89,0.00237469,0.0781,-0.0378,0.089,0.605,2.6287,-0.0209,0.0079
118.64,25.680,0.0781,-0.0378,-0.0343,-0.0128,-0.0363,-0.0209,0.0079,2.6269,-0.012,0.494,0.0795,1143.18,2039.45,0.00209788,0.0781,-0.0378,0.087,0.606,2.6276,-0.0209,0.0079
118.74,25.700,0.0781,-0.0378,-0.0343,-0.0127,-0.0363,-0.0209,0.0079,2.6261,-0.014,0.495,0.0796,1136.49,2057.11,0.00237469,0.0783,-0.0325,0.085,0.607,2.6266,-0.0209,0.0079
118.84,25.720,0.0783,-0.0325,-0.0295,-0.0127,-0.0360,-0.0209,0.0079,2.6254,-0.015,0.496,0.0796,1136.49,2057.11,0.00237469,0.0783,-0.0325,0.085,0.607,2.6266,-0.0209,0.0079
118.94,25.740,0.0783,-0.0325,-0.0295,-0.0127,-0.0360,-0.0209,0.0079,2.6247,-0.017,0.497,0.0796,1127.56,2080.8,0.00237469,0.0783,-0.0325,0.082,0.609,2.6254,-0.0209,0.0079
119.04,25.760,0.0783,-0.0325,-0.0296,-0.0127,-0.0360,-0.0209,0.0079,2.6240,-0.018,0.498,0.0796,1120.87,2098.69,0.00209788,0.0783,-0.0325,0.080,0.610,2.6245,-0.0209,0.0079
119.14,25.800,0.0783,-0.0325,-0.0296,-0.0127,-0.0361,-0.0209,0.0079,2.6233,-0.020,0.499,0.0796,1114.19,2116.67,0.00237469,0.0786,-0.0279,0.078,0.611,2.6236,-0.0209,0.0079
119.24,25.820,0.0786,-0.0279,-0.0254,-0.0127,-0.0358,-0.0209,0.0078,2.6227,-0.022,0.499,0.0796,1114.19,2116.67,0.00237469,0.0786,-0.0279,0.078,0.611,2.6236,-0.0209,0.0078
119.34,25.840,0.0786,-0.0279,-0.0254,-0.0126,-0.0358,-0.0210,0.0078,2.6222,-0.023,0.500,0.0796,1105.29,2140.8,0.00237469,0.0786,-0.0279,0.076,0.613,2.6225,-0.0210,0.0078
119.44,25.860,0.0786,-0.0279,-0.0254,-0.0126,-0.0358,-0.0210,0.0078,2.6216,-0.025,0.501,0.0796,1098.62,2159.01,0.00209788,0.0786,-0.0279,0.074,0.614,2.6218,-0.0210,0.0078
119.54,25.880,0.0786,-0.0279,-0.0255,-0.0126,-0.0358,-0.0210,0.0078,2.6210,-0.027,0.502,0.0796,1098.62,2159.01,0.00209788,0.0786,-0.0279,0.074,0.614,2.6218,-0.0210,0.0078
119.64,25.900,0.0786,-0.0279,-0.0219,-0.0126,-0.0356,-0.0210,0.0078,2.6205,-0.028,0.503,0.0797,1091.96,2177.33,0.00237469,0.0788,-0.0240,0.071,0.615,2.6210,-0.0210,0.0078
119.74,25.920,0.0788,-0.0240,-0.0219,-0.0126,-0.0356,-0.0210,0.0078,2.6200,-0.030,0.504,0.0797,1083.1,2201.9,0.00237469,0.0788,-0.0240,0.069,0.616,2.6201,-0.0210,0.0078
119.84,25.960,0.0788,-0.0240,-0.0219,-0.0126,-0.0356,-0.0210,0.0078,2.6194,-0.031,0.505,0.0797,1083.1,2201.9,0.00237469,0.0788,-0.0240,0.069,0.616,2.6201,-0.0210,0.0078
119.94,25.980,0.0788,-0.0240,-0.0218,-0.0126,-0.0356,-0.0210,0.0078,2.6189,-0.033,0.505,0.0797,1076.46,2220.46,0.00209788,0.0788,-0.0240,0.067,0.618,2.6194,-0.0210,0.0078
120.04,26.000,0.0788,-0.0240,-0.0218,-0.0126,-0.0356,-0.0210,0.0078,2.6185,-0.035,0.506,0.0797,1069.83,2239.11,0.00237469,0.0790,-0.0206,0.065,0.619,2.6188,-0.0210,0.0078
120.14,26.020,0.0790,-0.0206,-0.0188,-0.0126,-0.0354,-0.0210,0.0077,2.6180,-0.036,0.507,0.0797,1069.83,2239.11,0.00237469,0.0790,-0.0206,0.065,0.619,2.6188,-0.0210,0.0077
120.24,26.040,0.0790,-0.0206,-0.0188,-0.0126,-0.0354,-0.0210,0.0077,2.6176,-0.038,0.508,0.0797,1061.01,2264.14,0.00237469,0.0790,-0.0206,0.062,0.620,2.6180,-0.0210,0.0077
120.34,26.060,0.0790,-0.0206,-0.0188,-0.0126,-0.0354,-0.0210,0.0077,2.6171,-0.040,0.509,0.0797,1054.41,2283.03,0.00209788,0.0790,-0.0206,0.060,0.622,2.6174,-0.0210,0.0077
120.44,26.100,0.0790,-0.0206,-0.0188,-0.0126,-0.0355,-0.0210,0.0077,2.6167,-0.041,0.510,0.0798,1047.81,2302.03,0.00237469,0.0791,-0.0177,0.058,0.623,2.6169,-0.0210,0.0077
120.54,26.120,0.0791,-0.0177,-0.0161,-0.0126,-0.0353,-0.0210,0.0077,2.6163,-0.043,0.511,0.0797,1047.81,2302.03,0.00237469,0.0791,-0.0177,0.058,0.623,2.6169,-0.0210,0.0077
120.64,26.140,0.0791,-0.0177,-0.0161,-0.0127,-0.0353,-0.0210,0.0077,2.6160,-0.044,0.512,0.0797,1039.04,2327.53,0.00237469,0.0791,-0.0177,0.055,0.624,2.6162,-0.0210,0.0077
120.74,26.160,0.0791,-0.0177,-0.0161,-0.0128,-0.0354,-0.0210,0.0077,2.6156,-0.046,0.513,0.0797,1032.48,2346.77,0.00209788,0.0791,-0.0177,0.053,0.626,2.6157,-0.0210,0.0077
120.84,26.180,0.0791,-0.0177,-0.0161,-0.0131,-0.0355,-0.0210,0.0077,2.6152,-0.048,0.514,0.0797,1032.48,2346.77,0.00209788,0.0791,-0.0177,0.053,0.626,2.6157,-0.0210,0.0077
120.94,26.200,0.0791,-0.0177,-0.0137,-0.0137,-0.0355,-0.0210,0.0077,2.6149,-0.049,0.514,0.0797,1025.93,2366.12,0.00237469,0.0792,-0.0152,0.051,0.627,2.6153,-0.0210,0.0077
121.04,26.220,0.0792,-0.0152,-0.0136,-0.0184,-0.0373,-0.0210,0.0077,2.6146,-0.051,0.515,0.0793,1017.22,2392.09,0.00237469,0.0792,-0.0152,0.048,0.628,2.6147,-0.0210,0.0077
121.14,26.260,0.0792,-0.0152,-0.0125,-0.0124,-0.0350,-0.0210,0.0077,2.6143,-0.053,0.516,0.0793,1017.22,2392.09,0.00237469,0.0792,-0.0152,0.048,0.628,2.6147,-0.0210,0.0077
121.24,26.280,0.0792,-0.0152,-0.0125,-0.0124,-0.0350,-0.0210,0.0077,2.6140,-0.054,0.517,0.0793,1010.7,2411.69,0.00209788,0.0792,-0.0152,0.046,0.629,2.6143,-0.0210,0.0077
121.34,26.300,0.0792,-0.0152,-0.0125,-0.0124,-0.0350,-0.0210,0.0077,2.6137,-0.056,0.518,0.0794,1004.2,2431.4,0.00237469,0.0793,-0.0131,0.044,0.631,2.6139,-0.0210,0.0077
121.44,26.320,0.0793,-0.0131,-0.0108,-0.0124,-0.0349,-0.0210,0.0077,2.6135,-0.057,0.519,0.0794,1004.2,2431.4,0.00237469,0.0793,-0.0131,0.044,0.631,2.6139,-0.0210,0.0077
121.54,26.340,0.0793,-0.0131,-0.0108,-0.0124,-0.0349,-0.0210,0.0076,2.6132,-0.059,0.520,0.0794,995.558,2457.85,0.00237469,0.0793,-0.0131,0.041,0.632,2.6135,-0.0210,0.0076
121.64,26.360,0.0793,-0.0131,-0.0108,-0.0124,-0.0349,-0.0210,0.0076,2.6130,-0.061,0.521,0.0794,989.092,2477.81,0.00209788,0.0793,-0.0131,0.039,0.633,2.6132,-0.0210,0.0076
121.74,26.400,0.0793,-0.0131,-0.0108,-0.0124,-0.0349,-0.0210,0.0076,2.6127,-0.062,0.522,0.0795,982.643,2497.89,0.00237469,0.0794,-0.0115,0.037,0.635,2.6128,-0.0210,0.0076
121.84,26.420,0.0794,-0.0115,-0.0094,-0.0124,-0.0348,-0.0210,0.0076,2.6125,-0.064,0.522,0.0795,982.643,2497.89,0.00237469,0.0794,-0.0115,0.037,0.635,2.6128,-0.0210,0.0076
121.94,26.440,0.0794,-0.0115,-0.0094,-0.0124,-0.0348,-0.0210,0.0076,2.6123,-0.065,0.523,0.0795,974.07,2524.83,0.00237469,0.0794,-0.0115,0.035,0.636,2.6124,-0.0210,0.0076
122.04,26.460,0.0794,-0.0115,-0.0094,-0.0123,-0.0348,-0.0210,0.0076,2.6121,-0.067,0.524,0.0795,967.66,2545.17,0.00209788,0.0794,-0.0115,0.032,0.637,2.6122,-0.0210,0.0076
122.14,26.480,0.0794,-0.0115,-0.0094,-0.0123,-0.0348,-0.0210,0.0076,2.6118,-0.069,0.525,0.0795,967.66,2545.17,0.00209788,0.0794,-0.0115,0.032,0.637,2.6122,-0.0210,0.0076
122.24,26.520,0.0795,-0.0101,-0.0083,-0.0123,-0.0347,-0.0210,0.0076,2.6116,-0.070,0.526,0.0796,961.268,2565.61,0.00237469,0.0795,-0.0101,0.030,0.639,2.6119,-0.0210,0.0076
122.34,26.540,0.0795,-0.0101,-0.0083,-0.0123,-0.0347,-0.0210,0.0076,2.6114,-0.072,0.527,0.0796,952.771,2593.05,0.00237469,0.0795,-0.0101,0.028,0.640,2.6115,-0.0210,0.0076
122.44,26.560,0.0795,-0.0101,-0.0083,-0.0123,-0.0347,-0.0210,0.0076,2.6112,-0.074,0.528,0.0796,946.42,2613.76,0.00209788,0.0795,-0.0101,0.026,0.642,2.6113,-0.0210,0.0076
122.54,26.580,0.0795,-0.0101,-0.0083,-0.0123,-0.0347,-0.0210,0.0076,2.6110,-0.075,0.529,0.0796,946.42,2613.76,0.00209788,0.0795,-0.0101,0.026,0.642,2.6113,-0.0210,0.0076
122.64,26.600,0.0795,-0.0101,-0.0072,-0.0123,-0.0346,-0.0210,0.0076,2.6109,-0.077,0.530,0.0796,940.087,2634.59,0.00237469,0.0796,-0.0088,0.024,0.643,2.6110,-0.0210,0.0076
122.74,26.620,0.0796,-0.0088,-0.0072,-0.0123,-0.0346,-0.0210,0.0076,2.6107,-0.078,0.531,0.0796,931.671,2662.53,0.00237469,0.0796,-0.0088,0.021,0.644,2.6107,-0.0210,0.0076
122.84,26.640,0.0796,-0.0088,-0.0072,-0.0123,-0.0346,-0.0210,0.0076,2.6105,-0.080,0.532,0.0796,931.671,2662.53,0.00237469,0.0796,-0.0088,0.021,0.644,2.6107,-0.0210,0.0076
122.94,26.680,0.0796,-0.0088,-0.0072,-0.0123,-0.0346,-0.0210,0.0076,2.6104,-0.081,0.533,0.0796,925.382,2683.62,0.00209788,0.0796,-0.0088,0.019,0.646,2.6105,-0.0210,0.0076
123.04,26.700,0.0796,-0.0088,-0.0072,-0.0123,-0.0347,-0.0210,0.0076,2.6102,-0.083,0.533,0.0797,919.111,2704.83,0.00237469,0.0796,-0.0074,0.017,0.647,2.6103,-0.0210,0.0076
123.14,26.720,0.0796,-0.0074,-0.0061,-0.0123,-0.0346,-0.0210,0.0076,2.6101,-0.085,0.534,0.0797,919.111,2704.83,0.00237469,0.0796,-0.0074,0.017,0.647,2.6103,-0.0210,0.0076
123.24,26.740,0.0796,-0.0074,-0.0061,-0.0123,-0.0346,-0.0210,0.0076,2.6099,-0.086,0.535,0.0797,910.781,2733.29,0.00237469,0.0796,-0.0074,0.014,0.648,2.6100,-0.0210,0.0076
123.34,26.760,0.0796,-0.0074,-0.0061,-0.0123,-0.0346,-0.0210,0.0076,2.6098,-0.088,0.536,0.0797,904.556,2754.76,0.00209788,0.0796,-0.0074,0.012,0.650,2.6099,-0.0210,0.0076
123.44,26.780,0.0796,-0.0074,-0.0061,-0.0123,-0.0346,-0.0210,0.0076,2.6096,-0.090,0.537,0.0797,904.556,2754.76,0.00209788,0.0796,-0.0074,0.012,0.650,2.6099,-0.0210,0.0076
123.54,26.800,0.0796,-0.0074,-0.0056,-0.0123,-0.0345,-0.0210,0.0076,2.6095,-0.091,0.538,0.0797,898.352,2776.36,0.00237469,0.0797,-0.0068,0.010,0.651,2.6097,-0.0210,0.0076
123.64,26.840,0.0797,-0.0068,-0.0056,-0.0123,-0.0345,-0.0210,0.0076,2.6094,-0.093,0.539,0.0797,890.111,2805.34,0.00237469,0.0797,-0.0068,0.007,0.652,2.6095,-0.0210,0.0076
123.74,26.860,0.0797,-0.0068,-0.0056,-0.0122,-0.0345,-0.0211,0.0076,2.6093,-0.094,0.540,0.0797,883.954,2827.21,0.00209788,0.0797,-0.0068,0.005,0.654,2.6093,-0.0211,0.0076
123.84,26.880,0.0797,-0.0068,-0.0056,-0.0122,-0.0345,-0.0211,0.0076,2.6091,-0.096,0.541,0.0797,883.954,2827.21,0.00209788,0.0797,-0.0068,0.005,0.654,2.6093,-0.0211,0.0076
123.94,26.900,0.0797,-0.0068,-0.0049,-0.0122,-0.0345,-0.0211,0.0076,2.6090,-0.097,0.542,0.0797,877.818,2849.2,0.00237469,0.0797,-0.0060,0.003,0.655,2.6091,-0.0211,0.0076
124.04,26.920,0.0797,-0.0060,-0.0049,-0.0122,-0.0345,-0.0211,0.0076,2.6089,-0.099,0.543,0.0797,869.669,2878.7,0.00237469,0.0797,-0.0060,0.000,0.656,2.6089,-0.0211,0.0076
124.14,26.960,0.0797,-0.0060,-0.0049,-0.0122,-0.0345,-0.0211,0.0076,2.6088,-0.101,0.544,0.0797,869.669,2878.7,0.00237469,0.0797,-0.0060,0.000,0.656,2.6089,-0.0211,0.0076
124.24,26.980,0.0797,-0.0060,-0.0049,-0.0122,-0.0345,-0.0211,0.0075,2.6087,-0.102,0.545,0.0797,863.583,2900.97,0.00209788,0.0797,-0.0060,-0.002,0.658,2.6088,-0.0211,0.0075
124.34,27.000,0.0797,-0.0060,-0.0049,-0.0122,-0.0345,-0.0211,0.0075,2.6086,-0.104,0.546,0.0798,857.518,2923.36,0.00237469,0.0797,-0.0050,-0.004,0.659,2.6086,-0.0211,0.0075
124.44,27.020,0.0797,-0.0050,-0.0041,-0.0122,-0.0344,-0.0211,0.0075,2.6085,-0.106,0.547,0.0798,857.518,2923.36,0.00237469,0.0797,-0.0050,-0.004,0.659,2.6086,-0.0211,0.0075
124.54,27.040,0.0797,-0.0050,-0.0041,-0.0122,-0.0344,-0.0211,0.0075,2.6084,-0.107,0.548,0.0798,849.465,2953.4,0.00237469,0.0797,-0.0050,-0.007,0.660,2.6085,-0.0211,0.0075
124.64,27.060,0.0797,-0.0050,-0.0041,-0.0122,-0.0344,-0.0211,0.0075,2.6083,-0.109,0.548,0.0798,843.451,2976.07,0.00209788,0.0797,-0.0050,-0.009,0.662,2.6083,-0.0211,0.0075
124.74,27.100,0.0797,-0.0050,-0.0041,-0.0122,-0.0344,-0.0211,0.0075,2.6082,-0.110,0.549,0.0798,837.46,2998.86,0.00237469,0.0798,-0.0046,-0.011,0.663,2.6082,-0.0211,0.0075
124.84,27.120,0.0798,-0.0046,-0.0038,-0.0122,-0.0344,-0.0211,0.0075,2.6081,-0.112,0.550,0.0798,837.46,2998.86,0.00237469,0.0798,-0.0046,-0.011,0.663,2.6082,-0.0211,0.0075
124.94,27.140,0.0798,-0.0046,-0.0038,-0.0122,-0.0344,-0.0211,0.0075,2.6080,-0.114,0.551,0.0798,829.507,3029.45,0.00237469,0.0798,-0.0046,-0.014,0.665,2.6081,-0.0211,0.0075
125.04,27.160,0.0798,-0.0046,-0.0038,-0.0122,-0.0344,-0.0211,0.0075,2.6079,-0.115,0.552,0.0798,823.568,3052.52,0.00209788,0.0798,-0.0046,-0.016,0.666,2.6079,-0.0211,0.0075
125.14,27.180,0.0798,-0.0046,-0.0038,-0.0122,-0.0344,-0.0211,0.0075,2.6078,-0.117,0.553,0.0798,823.568,3052.52,0.00209788,0.0798,-0.0046,-0.016,0.666,2.6079,-0.0211,0.0075
125.24,27.200,0.0798,-0.0046,-0.0033,-0.0122,-0.0344,-0.0211,0.0075,2.6077,-0.118,0.554,0.0798,817.653,3075.73,0.00237469,0.0798,-0.0040,-0.018,0.667,2.6078,-0.0211,0.0075
125.34,27.240,0.0798,-0.0040,-0.0033,-0.0122,-0.0344,-0.0211,0.0075,2.6077,-0.120,0.555,0.0798,809.803,3106.86,0.00237469,0.0798,-0.0040,-0.020,0.669,2.6077,-0.0211,0.0075
125.44,27.260,0.0798,-0.0040,-0.0033,-0.0122,-0.0344,-0.0211,0.0075,2.6076,-0.122,0.556,0.0798,803.942,3130.35,0.00209788,0.0798,-0.0040,-0.022,0.670,2.6076,-0.0211,0.0075
125.54,27.280,0.0798,-0.0040,-0.0033,-0.0122,-0.0344,-0.0211,0.0075,2.6075,-0.123,0.557,0.0798,803.942,3130.35,0.00209788,0.0798,-0.0040,-0.022,0.670,2.6076,-0.0211,0.0075
125.64,27.300,0.0798,-0.0040,-0.0029,-0.0122,-0.0344,-0.0211,0.0075,2.6074,-0.125,0.558,0.0798,798.105,3153.97,0.00237469,0.0798,-0.0035,-0.025,0.671,2.6075,-0.0211,0.0075
125.74,27.320,0.0798,-0.0035,-0.0029,-0.0122,-0.0344,-0.0211,0.0075,2.6074,-0.127,0.559,0.0798,790.36,3185.66,0.00237469,0.0798,-0.0035,-0.027,0.673,2.6074,-0.0211,0.0075
125.84,27.360,0.0798,-0.0035,-0.0029,-0.0122,-0.0344,-0.0211,0.0075,2.6073,-0.128,0.560,0.0798,790.36,3185.66,0.00237469,0.0798,-0.0035,-0.027,0.673,2.6074,-0.0211,0.0075
125.94,27.380,0.0798,-0.0035,-0.0029,-0.0122,-0.0344,-0.0211,0.0075,2.6072,-0.130,0.561,0.0798,784.58,3209.57,0.00209788,0.0798,-0.0035,-0.029,0.674,2.6073,-0.0211,0.0075
126.04,27.400,0.0798,-0.0035,-0.0029,-0.0122,-0.0344,-0.0211,0.0075,2.6072,-0.132,0.562,0.0799,778.824,3233.61,0.00237469,0.0798,-0.0031,-0.031,0.675,2.6072,-0.0211,0.0075
126.14,27.420,0.0798,-0.0031,-0.0025,-0.0122,-0.0343,-0.0211,0.0075,2.6071,-0.133,0.563,0.0799,778.824,3233.61,0.00237469,0.0798,-0.0031,-0.031,0.675,2.6072,-0.0211,0.0075
126.24,27.440,0.0798,-0.0031,-0.0025,-0.0122,-0.0343,-0.0211,0.0075,2.6070,-0.135,0.564,0.0799,771.188,3265.86,0.00237469,0.0798,-0.0031,-0.034,0.677,2.6071,-0.0211,0.0075
126.34,27.460,0.0798,-0.0031,-0.0025,-0.0122,-0.0343,-0.0211,0.0075,2.6070,-0.136,0.565,0.0799,765.489,3290.19,0.00209788,0.0798,-0.0031,-0.036,0.678,2.6070,-0.0211,0.0075
129.01,28.080,0.0799,-0.0014,-0.0011,-0.0121,-0.0342,-0.0211,0.0075,2.6059,-0.179,0.590,0.0799,657.059,3804.5,0.00209788,0.0799,-0.0014,-0.077,0.702,2.6060,-0.0211,0.0075
129.11,28.100,0.0799,-0.0014,-0.0010,-0.0121,-0.0342,-0.0211,0.0075,2.6059,-0.181,0.591,0.0799,651.929,3831.63,0.00237469,0.0799,-0.0012,-0.079,0.704,2.6060,-0.0211,0.0075
129.21,28.140,0.0799,-0.0012,-0.0010,-0.0121,-0.0342,-0.0211,0.0075,2.6059,-0.182,0.592,0.0799,645.134,3868.02,0.00237469,0.0799,-0.0012,-0.082,0.705,2.6059,-0.0211,0.0075
129.31,28.160,0.0799,-0.0012,-0.0010,-0.0121,-0.0342,-0.0211,0.0075,2.6059,-0.184,0.593,0.0799,640.072,3895.48,0.00209788,0.0799,-0.0012,-0.084,0.706,2.6059,-0.0211,0.0075
129.41,28.180,0.0799,-0.0012,-0.0010,-0.0121,-0.0342,-0.0211,0.0075,2.6059,-0.185,0.594,0.0799,640.072,3895.48,0.00209788,0.0799,-0.0012,-0.084,0.706,2.6059,-0.0211,0.0075
129.51,28.200,0.0799,-0.0012,-0.0009,-0.0121,-0.0342,-0.0211,0.0075,2.6058,-0.187,0.594,0.0800,635.04,3923.07,0.00237469,0.0799,-0.0011,-0.086,0.708,2.6059,-0.0211,0.0075
129.61,28.220,0.0799,-0.0011,-0.0009,-0.0121,-0.0342,-0.0211,0.0075,2.6058,-0.188,0.595,0.0800,628.376,3960.08,0.00237469,0.0799,-0.0011,-0.089,0.709,2.6058,-0.0211,0.0075
129.71,28.240,0.0799,-0.0011,-0.0009,-0.0121,-0.0342,-0.0211,0.0075,2.6058,-0.190,0.596,0.0800,628.376,3960.08,0.00237469,0.0799,-0.0011,-0.089,0.709,2.6058,-0.0211,0.0075
129.81,28.280,0.0799,-0.0011,-0.0009,-0.0121,-0.0342,-0.0211,0.0075,2.6058,-0.192,0.597,0.0800,623.413,3988.01,0.00209788,0.0799,-0.0011,-0.091,0.711,2.6058,-0.0211,0.0075
129.91,28.300,0.0799,-0.0011,-0.0009,-0.0121,-0.0343,-0.0211,0.0075,2.6058,-0.193,0.598,0.0800,618.48,4016.07,0.00237469,0.0800,-0.0009,-0.093,0.712,2.6058,-0.0211,0.0075
130.01,28.320,0.0800,-0.0009,-0.0008,-0.0120,-0.0342,-0.0211,0.0075,2.6057,-0.195,0.599,0.0800,618.48,4016.07,0.00237469,0.0800,-0.0009,-0.093,0.712,2.6058,-0.0211,0.0075
130.11,28.340,0.0800,-0.0009,-0.0007,-0.0121,-0.0342,-0.0211,0.0075,2.6057,-0.196,0.600,0.0800,611.95,4053.71,0.00237469,0.0800,-0.0009,-0.096,0.713,2.6057,-0.0211,0.0075
130.21,28.360,0.0800,-0.0009,-0.0007,-0.0121,-0.0342,-0.0211,0.0075,2.6057,-0.198,0.601,0.0800,607.088,4082.11,0.00209788,0.0800,-0.0009,-0.098,0.715,2.6057,-0.0211,0.0075
130.31,28.380,0.0800,-0.0009,-0.0007,-0.0121,-0.0342,-0.0211,0.0075,2.6057,-0.200,0.602,0.0800,607.088,4082.11,0.00209788,0.0800,-0.0009,-0.098,0.715,2.6057,-0.0211,0.0075
130.41,28.420,0.0800,-0.0008,-0.0006,-0.0121,-0.0342,-0.0211,0.0075,2.6057,-0.201,0.603,0.0800,602.257,4110.64,0.00237469,0.0800,-0.0008,-0.100,0.716,2.6057,-0.0211,0.0075
130.51,28.440,0.0800,-0.0008,-0.0006,-0.0121,-0.0342,-0.0211,0.0075,2.6057,-0.203,0.604,0.0800,595.864,4148.92,0.00237469,0.0800,-0.0008,-0.103,0.717,2.6057,-0.0211,0.0075
130.61,28.460,0.0800,-0.0008,-0.0006,-0.0121,-0.0342,-0.0211,0.0075,2.6056,-0.205,0.605,0.0800,591.105,4177.79,0.00209788,0.0800,-0.0008,-0.105,0.719,2.6056,-0.0211,0.0075
130.71,28.480,0.0800,-0.0008,-0.0006,-0.0121,-0.0342,-0.0211,0.0075,2.6056,-0.206,0.606,0.0800,591.105,4177.79,0.00209788,0.0800,-0.0008,-0.105,0.719,2.6056,-0.0211,0.0075
130.81,28.500,0.0800,-0.0008,-0.0005,-0.0121,-0.0342,-0.0211,0.0075,2.6056,-0.208,0.607,0.0800,586.378,4206.81,0.00237469,0.0800,-0.0007,-0.107,0.720,2.6056,-0.0211,0.0075
130.91,28.520,0.0800,-0.0007,-0.0005,-0.0121,-0.0342,-0.0211,0.0075,2.6056,-0.209,0.608,0.0800,580.124,4245.73,0.00237469,0.0800,-0.0007,-0.110,0.722,2.6056,-0.0211,0.0075
131.01,28.560,0.0800,-0.0007,-0.0005,-0.0121,-0.0342,-0.0211,0.0075,2.6056,-0.211,0.609,0.0800,580.124,4245.73,0.00237469,0.0800,-0.0007,-0.110,0.722,2.6056,-0.0211,0.0075
131.11,28.580,0.0800,-0.0007,-0.0005,-0.0121,-0.0342,-0.0211,0.0075,2.6056,-0.213,0.610,0.0800,575.471,4275.08,0.00209788,0.0800,-0.0007,-0.112,0.723,2.6056,-0.0211,0.0075
131.21,28.600,0.0800,-0.0007,-0.0005,-0.0121,-0.0342,-0.0211,0.0075,2.6056,-0.214,0.611,0.0800,570.85,4304.59,0.00237469,0.0800,-0.0007,-0.114,0.724,2.6056,-0.0211,0.0075
131.31,28.620,0.0800,-0.0007,-0.0005,-0.0121,-0.0342,-0.0211,0.0075,2.6056,-0.216,0.611,0.0800,570.85,4304.59,0.00237469,0.0800,-0.0007,-0.114,0.724,2.6056,-0.0211,0.0075
131.41,28.640,0.0800,-0.0007,-0.0005,-0.0121,-0.0342,-0.0211,0.0075,2.6055,-0.217,0.612,0.0800,564.738,4344.15,0.00237469,0.0800,-0.0007,-0.117,0.726,2.6056,-0.0211,0.0075
131.51,28.660,0.0800,-0.0007,-0.0005,-0.0121,-0.0342,-0.0211,0.0075,2.6055,-0.219,0.613,0.0800,560.192,4374,0.00209788,0.0800,-0.0007,-0.119,0.727,2.6055,-0.0211,0.0075
131.61,28.700,0.0800,-0.0007,-0.0005,-0.0121,-0.0342,-0.0211,0.0075,2.6055,-0.221,0.614,0.0800,555.678,4403.99,0.00237469,0.0800,-0.0006,-0.121,0.728,2.6055,-0.0211,0.0075
131.71,28.720,0.0800,-0.0006,-0.0004,-0.0121,-0.0342,-0.0211,0.0075,2.6055,-0.222,0.615,0.0800,555.678,4403.99,0.00237469,0.0800,-0.0006,-0.121,0.728,2.6055,-0.0211,0.0075
131.81,28.740,0.0800,-0.0006,-0.0004,-0.0121,-0.0342,-0.0211,0.0075,2.6055,-0.224,0.616,0.0800,549.711,4444.22,0.00237469,0.0800,-0.0006,-0.123,0.730,2.6055,-0.0211,0.0075
131.91,28.760,0.0800,-0.0006,-0.0004,-0.0121,-0.0342,-0.0211,0.0075,2.6055,-0.225,0.617,0.0800,545.274,4474.56,0.00209788,0.0800,-0.0006,-0.126,0.731,2.6055,-0.0211,0.0075
132.01,28.780,0.0800,-0.0006,-0.0004,-0.0121,-0.0342,-0.0211,0.0075,2.6055,-0.227,0.618,0.0800,545.274,4474.56,0.00209788,0.0800,-0.0006,-0.126,0.731,2.6055,-0.0211,0.0075
132.11,28.800,0.0800,-0.0006,-0.0004,-0.0121,-0.0342,-0.0211,0.0075,2.6055,-0.229,0.619,0.0800,540.87,4505.05,0.00237469,0.0800,-0.0005,-0.128,0.732,2.6055,-0.0211,0.0075
132.21,28.840,0.0800,-0.0005,-0.0004,-0.0121,-0.0342,-0.0211,0.0075,2.6055,-0.230,0.620,0.0800,535.05,4545.94,0.00237469,0.0800,-0.0005,-0.130,0.734,2.6055,-0.0211,0.0075
132.31,28.860,0.0800,-0.0005,-0.0004,-0.0121,-0.0342,-0.0211,0.0075,2.6055,-0.232,0.621,0.0800,530.725,4576.78,0.00209788,0.0800,-0.0005,-0.132,0.735,2.6055,-0.0211,0.0075
132.41,28.880,0.0800,-0.0005,-0.0004,-0.0121,-0.0342,-0.0211,0.0075,2.6054,-0.233,0.622,0.0800,530.725,4576.78,0.00209788,0.0800,-0.0005,-0.132,0.735,2.6055,-0.0211,0.0075
132.51,28.900,0.0800,-0.0005,-0.0003,-0.0121,-0.0342,-0.0211,0.0075,2.6054,-0.235,0.623,0.0800,526.433,4607.77,0.00237469,0.0800,-0.0005,-0.134,0.736,2.6054,-0.0211,0.0075
132.61,28.920,0.0800,-0.0005,-0.0003,-0.0121,-0.0342,-0.0211,0.0075,2.6054,-0.237,0.624,0.0800,520.763,4649.33,0.00237469,0.0800,-0.0005,-0.137,0.738,2.6054,-0.0211,0.0075
132.71,28.940,0.0800,-0.0005,-0.0003,-0.0121,-0.0342,-0.0211,0.0075,2.6054,-0.238,0.625,0.0800,520.763,4649.33,0.00237469,0.0800,-0.0005,-0.137,0.738,2.6054,-0.0211,0.0075
132.81,28.980,0.0800,-0.0005,-0.0003,-0.0121,-0.0342,-0.0211,0.0075,2.6054,-0.240,0.626,0.0800,516.55,4680.68,0.00209788,0.0800,-0.0005,-0.139,0.739,2.6054,-0.0211,0.0075
132.91,29.000,0.0800,-0.0005,-0.0003,-0.0121,-0.0342,-0.0211,0.0075,2.6054,-0.242,0.627,0.0800,512.372,4712.18,0.00237469,0.0800,-0.0004,-0.141,0.740,2.6054,-0.0211,0.0075
133.01,29.020,0.0800,-0.0004,-0.0003,-0.0121,-0.0342,-0.0211,0.0075,2.6054,-0.243,0.628,0.0800,512.372,4712.18,0.00237469,0.0800,-0.0004,-0.141,0.740,2.6054,-0.0211,0.0075
133.11,29.040,0.0800,-0.0004,-0.0003,-0.0121,-0.0342,-0.0211,0.0075,2.6054,-0.245,0.629,0.0800,506.855,4754.42,0.00237469,0.0800,-0.0004,-0.144,0.742,2.6054,-0.0211,0.0075
133.21,29.060,0.0800,-0.0004,-0.0003,-0.0121,-0.0342,-0.0211,0.0075,2.6054,-0.246,0.630,0.0800,502.758,4786.28,0.00209788,0.0800,-0.0004,-0.146,0.743,2.6054,-0.0211,0.0075
133.31,29.100,0.0800,-0.0004,-0.0003,-0.0121,-0.0342,-0.0211,0.0075,2.6054,-0.248,0.631,0.0800,498.696,4818.29,0.00237469,0.0800,-0.0004,-0.148,0.744,2.6054,-0.0211,0.0075
133.41,29.120,0.0800,-0.0004,-0.0003,-0.0121,-0.0342,-0.0211,0.0075,2.6054,-0.250,0.632,0.0800,498.696,4818.29,0.00237469,0.0800,-0.0004,-0.148,0.744,2.6054,-0.0211,0.0075
133.51,29.140,0.0800,-0.0004,-0.0003,-0.0121,-0.0342,-0.0211,0.0075,2.6054,-0.251,0.633,0.0800,493.334,4861.22,0.00237469,0.0800,-0.0004,-0.151,0.746,2.6054,-0.0211,0.0075
133.61,29.160,0.0800,-0.0004,-0.0003,-0.0121,-0.0342,-0.0211,0.0075,2.6054,-0.253,0.634,0.0800,489.354,4893.59,0.00209788,0.0800,-0.0004,-0.153,0.747,2.6054,-0.0211,0.0075
133.71,29.180,0.0800,-0.0004,-0.0003,-0.0121,-0.0342,-0.0211,0.0075,2.6054,-0.255,0.635,0.0800,489.354,4893.59,0.00209788,0.0800,-0.0004,-0.153,0.747,2.6054,-0.0211,0.0075
133.81,29.200,0.0800,-0.0004,-0.0002,-0.0121,-0.0342,-0.0211,0.0075,2.6053,-0.256,0.635,0.0800,485.41,4926.12,0.00237469,0.0800,-0.0003,-0.155,0.749,2.6054,-0.0211,0.0075
133.91,29.240,0.0800,-0.0003,-0.0002,-0.0121,-0.0342,-0.0211,0.0075,2.6053,-0.258,0.636,0.0800,480.206,4969.75,0.00237469,0.0800,-0.0003,-0.158,0.750,2.6053,-0.0211,0.0075
134.01,29.260,0.0800,-0.0003,-0.0002,-0.0121,-0.0342,-0.0211,0.0075,2.6053,-0.259,0.637,0.0800,480.206,4969.75,0.00237469,0.0800,-0.0003,-0.158,0.750,2.6053,-0.0211,0.0075
134.11,29.280,0.0800,-0.0003,-0.0002,-0.0121,-0.0342,-0.0211,0.0075,2.6053,-0.261,0.638,0.0800,476.346,5002.64,0.00209788,0.0800,-0.0003,-0.160,0.751,2.6053,-0.0211,0.0075
134.21,29.300,0.0800,-0.0003,-0.0002,-0.0121,-0.0342,-0.0211,0.0075,2.6053,-0.263,0.639,0.0800,472.521,5035.7,0.00237469,0.0800,-0.0003,-0.162,0.753,2.6053,-0.0211,0.0075
134.31,29.320,0.0800,-0.0003,-0.0002,-0.0121,-0.0342,-0.0211,0.0075,2.6053,-0.264,0.640,0.0800,467.479,5080.02,0.00237469,0.0800,-0.0003,-0.165,0.754,2.6053,-0.0211,0.0075
134.41,29.340,0.0800,-0.0003,-0.0002,-0.0121,-0.0342,-0.0211,0.0075,2.6053,-0.266,0.641,0.0800,467.479,5080.02,0.00237469,0.0800,-0.0003,-0.165,0.754,2.6053,-0.0211,0.0075
134.51,29.380,0.0800,-0.0003,-0.0002,-0.0121,-0.0342,-0.0211,0.0075,2.6053,-0.267,0.642,0.0800,463.739,5113.45,0.00209788,0.0800,-0.0003,-0.167,0.755,2.6053,-0.0211,0.0075
134.61,29.400,0.0800,-0.0003,-0.0002,-0.0121,-0.0342,-0.0211,0.0075,2.6053,-0.269,0.643,0.0800,460.037,5147.04,0.00237469,0.0800,-0.0003,-0.169,0.757,2.6053,-0.0211,0.0075
134.71,29.420,0.0800,-0.0003,-0.0002,-0.0121,-0.0342,-0.0211,0.0075,2.6053,-0.271,0.644,0.0800,460.037,5147.04,0.00237469,0.0800,-0.0003,-0.169,0.757,2.6053,-0.0211,0.0075
134.81,29.440,0.0800,-0.0003,-0.0002,-0.0121,-0.0342,-0.0211,0.0075,2.6053,-0.272,0.645,0.0800,455.158,5192.07,0.00237469,0.0800,-0.0003,-0.172,0.758,2.6053,-0.0211,0.0075
134.91,29.460,0.0800,-0.0003,-0.0002,-0.0121,-0.0342,-0.0211,0.0075,2.6053,-0.274,0.646,0.0800,451.542,5226.03,0.00209788,0.0800,-0.0003,-0.174,0.760,2.6053,-0.0211,0.0075
135.01,29.480,0.0800,-0.0003,-0.0002,-0.0121,-0.0342,-0.0211,0.0075,2.6053,-0.275,0.647,0.0800,447.964,5260.16,0.00237469,0.0800,-0.0002,-0.176,0.761,2.6053,-0.0211,0.0075
135.11,29.520,0.0800,-0.0002,-0.0002,-0.0121,-0.0342,-0.0211,0.0075,2.6053,-0.277,0.648,0.0800,447.964,5260.16,0.00237469,0.0800,-0.0002,-0.176,0.761,2.6053,-0.0211,0.0075
135.21,29.540,0.0800,-0.0002,-0.0002,-0.0121,-0.0342,-0.0211,0.0075,2.6053,-0.279,0.649,0.0800,443.251,5305.91,0.00237469,0.0800,-0.0002,-0.178,0.762,2.6053,-0.0211,0.0075
135.31,29.560,0.0800,-0.0002,-0.0002,-0.0121,-0.0342,-0.0211,0.0075,2.6053,-0.280,0.650,0.0800,439.761,5340.41,0.00209788,0.0800,-0.0002,-0.181,0.764,2.6053,-0.0211,0.0075
135.41,29.580,0.0800,-0.0002,-0.0002,-0.0121,-0.0342,-0.0211,0.0075,2.6053,-0.282,0.651,0.0800,439.761,5340.41,0.00209788,0.0800,-0.0002,-0.181,0.764,2.6053,-0.0211,0.0075
135.51,29.600,0.0800,-0.0002,-0.0002,-0.0121,-0.0342,-0.0211,0.0075,2.6053,-0.283,0.651,0.0800,436.308,5375.07,0.00237469,0.0800,-0.0002,-0.183,0.765,2.6053,-0.0211,0.0075
135.61,29.620,0.0800,-0.0002,-0.0002,-0.0121,-0.0342,-0.0211,0.0075,2.6053,-0.285,0.652,0.0800,431.765,5421.55,0.00237469,0.0800,-0.0002,-0.185,0.767,2.6053,-0.0211,0.0075
135.71,29.640,0.0800,-0.0002,-0.0002,-0.0121,-0.0342,-0.0211,0.0075,2.6053,-0.286,0.653,0.0800,431.765,5421.55,0.00237469,0.0800,-0.0002,-0.185,0.767,2.6053,-0.0211,0.0075
135.81,29.680,0.0800,-0.0002,-0.0002,-0.0121,-0.0342,-0.0211,0.0075,2.6053,-0.288,0.654,0.0800,428.402,5456.6,0.00209788,0.0800,-0.0002,-0.187,0.768,2.6053,-0.0211,0.0075
135.91,29.700,0.0800,-0.0002,-0.0002,-0.0121,-0.0342,-0.0211,0.0075,2.6053,-0.290,0.655,0.0800,425.078,5491.81,0.00237469,0.0800,-0.0002,-0.189,0.769,2.6053,-0.0211,0.0075
136.01,29.720,0.0800,-0.0002,-0.0001,-0.0121,-0.0342,-0.0211,0.0075,2.6052,-0.291,0.656,0.0800,425.078,5491.81,0.00237469,0.0800,-0.0002,-0.189,0.769,2.6053,-0.0211,0.0075
136.11,29.740,0.0800,-0.0002,-0.0001,-0.0121,-0.0342,-0.0211,0.0075,2.6052,-0.293,0.657,0.0800,420.706,5539.02,0.00237469,0.0800,-0.0002,-0.192,0.771,2.6052,-0.0211,0.0075
136.21,29.760,0.0800,-0.0002,-0.0001,-0.0121,-0.0342,-0.0211,0.0075,2.6052,-0.294,0.658,0.0800,417.473,5574.62,0.00209788,0.0800,-0.0002,-0.194,0.772,2.6052,-0.0211,0.0075
136.31,29.780,0.0800,-0.0002,-0.0001,-0.0121,-0.0342,-0.0211,0.0075,2.6052,-0.296,0.659,0.0800,414.279,5610.38,0.00237469,0.0584,0.3000,-0.196,0.773,2.6052,-0.0211,0.0075
136.41,29.820,0.0676,0.0153,0.0145,-0.7835,0.0454,-0.0211,0.0075,2.6054,-0.297,0.660,0.0631,414.279,5610.38,0.00237469,0.0584,0.3000,-0.196,0.773,2.6052,-0.0211,0.0075
136.51,29.840,0.0584,0.0353,0.0296,-0.0005,0.0002,-0.0211,0.0075,2.6060,-0.299,0.661,0.0594,410.083,5658.34,0.00237469,0.0584,0.3000,-0.199,0.775,2.6055,-0.0211,0.0075
136.61,29.860,0.0584,0.0553,0.0444,-0.0008,0.0003,-0.0211,0.0075,2.6069,-0.300,0.661,0.0597,406.984,5694.5,0.00209788,0.0584,0.3000,-0.200,0.775,2.6064,-0.0211,0.0075
136.71,29.880,0.0584,0.0753,0.0680,-0.0108,0.0039,-0.0211,0.0075,2.6083,-0.301,0.662,0.0596,406.984,5694.5,0.00209788,0.0584,0.3000,-0.200,0.775,2.6064,-0.0211,0.0075
136.81,29.900,0.0584,0.0953,0.0837,-0.0186,0.0067,-0.0210,0.0076,2.6099,-0.302,0.662,0.0597,403.931,5730.87,0.00237469,0.0584,0.3000,-0.202,0.776,2.6081,-0.0210,0.0076
136.91,29.920,0.0584,0.1153,0.1004,-0.0412,0.0149,-0.0210,0.0076,2.6121,-0.303,0.663,0.0593,399.938,5779.68,0.00237469,0.0584,0.3000,-0.204,0.778,2.6114,-0.0210,0.0076
137.01,29.940,0.0584,0.1353,0.1209,-0.1603,0.0584,-0.0210,0.0077,2.6150,-0.305,0.664,0.0577,399.938,5779.68,0.00237469,0.0584,0.3000,-0.204,0.778,2.6114,-0.0210,0.0077
137.11,29.980,0.0584,0.1753,0.1469,-0.0238,0.0088,-0.0210,0.0078,2.6183,-0.306,0.664,0.0576,397.006,5816.56,0.00209788,0.0584,0.3000,-0.205,0.778,2.6149,-0.0210,0.0077
137.21,30.000,0.0584,0.1953,0.1629,-0.0239,0.0089,-0.0210,0.0078,2.6212,-0.307,0.665,0.0579,394.132,5853.69,0.00237469,0.0590,0.3000,-0.207,0.779,2.6191,-0.0210,0.0078
137.31,30.020,0.0590,0.2153,0.1789,-0.0241,0.0090,-0.0209,0.0079,2.6248,-0.308,0.665,0.0579,394.132,5853.69,0.00237469,0.0590,0.3000,-0.207,0.779,2.6191,-0.0209,0.0079
137.41,30.040,0.0590,0.2353,0.1947,-0.0241,0.0092,-0.0209,0.0080,2.6288,-0.309,0.665,0.0578,390.396,5903.63,0.00237469,0.0590,0.3000,-0.209,0.780,2.6260,-0.0209,0.0080
137.51,30.060,0.0590,0.2553,0.2105,-0.0242,0.0093,-0.0209,0.0081,2.6331,-0.310,0.666,0.0577,390.396,5903.63,0.00237469,0.0590,0.3000,-0.209,0.780,2.6260,-0.0209,0.0080
137.61,30.080,0.0590,0.2753,0.2255,0.0339,-0.0133,-0.0208,0.0082,2.6377,-0.312,0.666,0.0582,387.67,5941.42,0.00209788,0.0590,0.3000,-0.211,0.781,2.6320,-0.0208,0.0081
137.71,30.100,0.0590,0.2953,0.2268,0.0464,-0.0184,-0.0208,0.0082,2.6416,-0.313,0.666,0.0621,385.011,5979.52,0.00237469,0.0602,0.3000,-0.212,0.782,2.6387,-0.0208,0.0082
137.81,30.120,0.0602,0.3000,0.2233,0.0484,-0.0194,-0.0208,0.0083,2.6466,-0.314,0.667,0.0637,385.011,5979.52,0.00237469,0.0602,0.3000,-0.212,0.782,2.6387,-0.0208,0.0083
137.91,30.140,0.0602,0.3000,0.2178,0.0142,-0.0058,-0.0207,0.0084,2.6509,-0.315,0.667,0.0650,381.573,6030.82,0.00237469,0.0602,0.3000,-0.214,0.783,2.6478,-0.0207,0.0084
138.01,30.160,0.0602,0.3000,0.2173,-0.0046,0.0019,-0.0207,0.0085,2.6555,-0.316,0.668,0.0653,381.573,6030.82,0.00237469,0.0602,0.3000,-0.214,0.783,2.6478,-0.0207,0.0085
138.11,30.180,0.0602,0.3000,0.2168,-0.0046,0.0019,-0.0206,0.0086,2.6601,-0.318,0.668,0.0656,379.074,6069.67,0.00209788,0.0602,0.3000,-0.216,0.784,2.6545,-0.0207,0.0086
138.21,30.200,0.0602,0.3000,0.2163,-0.0047,0.0020,-0.0206,0.0087,2.6642,-0.319,0.669,0.0673,376.641,6108.84,0.00237469,0.0619,0.3000,-0.217,0.785,2.6610,-0.0206,0.0087
138.31,30.220,0.0619,0.3000,0.2159,-0.0048,0.0021,-0.0206,0.0088,2.6689,-0.320,0.669,0.0676,376.641,6108.84,0.00237469,0.0619,0.3000,-0.217,0.785,2.6610,-0.0206,0.0088
138.41,30.240,0.0619,0.3000,0.2154,-0.0048,0.0021,-0.0205,0.0089,2.6737,-0.322,0.670,0.0679,373.497,6161.56,0.00237469,0.0619,0.3000,-0.220,0.786,2.6697,-0.0205,0.0089
138.51,30.260,0.0619,0.3000,0.2147,-0.0049,0.0022,-0.0205,0.0090,2.6780,-0.323,0.670,0.0682,371.212,6201.47,0.00209788,0.0619,0.3000,-0.221,0.787,2.6762,-0.0205,0.0090
138.61,30.280,0.0619,0.3000,0.2142,-0.0049,0.0022,-0.0204,0.0091,2.6829,-0.325,0.670,0.0686,371.212,6201.47,0.00209788,0.0619,0.3000,-0.221,0.787,2.6762,-0.0204,0.0091
138.71,30.300,0.0619,0.3000,0.2137,-0.0051,0.0023,-0.0204,0.0092,2.6872,-0.326,0.671,0.0702,368.989,6241.7,0.00237469,0.0635,0.3000,-0.223,0.788,2.6826,-0.0204,0.0092
138.81,30.320,0.0635,0.3000,0.2132,-0.0051,0.0023,-0.0204,0.0093,2.6916,-0.327,0.671,0.0705,368.989,6241.7,0.00237469,0.0635,0.3000,-0.223,0.788,2.6826,-0.0204,0.0093
138.91,30.340,0.0635,0.3000,0.2127,-0.0051,0.0024,-0.0203,0.0094,2.6961,-0.329,0.672,0.0709,366.119,6295.84,0.00237469,0.0635,0.3000,-0.225,0.789,2.6912,-0.0203,0.0093
139.01,30.360,0.0635,0.3000,0.2123,-0.0051,0.0024,-0.0203,0.0095,2.7008,-0.330,0.672,0.0712,364.036,6336.81,0.00209788,0.0635,0.3000,-0.227,0.790,2.6976,-0.0203,0.0094
139.11,30.380,0.0635,0.3000,0.2118,-0.0052,0.0025,-0.0202,0.0095,2.7052,-0.332,0.672,0.0716,364.036,6336.81,0.00209788,0.0635,0.3000,-0.227,0.790,2.6976,-0.0202,0.0095
139.21,30.400,0.0635,0.3000,0.2064,-0.0052,0.0025,-0.0202,0.0096,2.7096,-0.333,0.673,0.0731,362.01,6378.1,0.00237469,0.0651,0.2931,-0.229,0.791,2.7039,-0.0202,0.0096
139.31,30.420,0.0651,0.2931,0.2060,-0.0052,0.0025,-0.0201,0.0097,2.7141,-0.335,0.673,0.0735,359.398,6433.65,0.00237469,0.0651,0.2931,-0.231,0.792,2.7123,-0.0202,0.0097
139.41,30.460,0.0651,0.2931,0.2053,-0.0224,-0.0326,-0.0201,0.0098,2.7187,-0.336,0.673,0.0735,359.398,6433.65,0.00237469,0.0651,0.2931,-0.231,0.792,2.7123,-0.0201,0.0098
139.51,30.480,0.0651,0.2931,0.2049,-0.0229,-0.0331,-0.0201,0.0099,2.7228,-0.338,0.674,0.0734,357.502,6475.68,0.00209788,0.0651,0.2931,-0.233,0.792,2.7184,-0.0201,0.0099
139.61,30.500,0.0651,0.2931,0.2044,-0.0234,-0.0337,-0.0200,0.0100,2.7270,-0.339,0.674,0.0745,355.661,6518.03,0.00237469,0.0666,0.2627,-0.234,0.793,2.7246,-0.0200,0.0100
139.71,30.520,0.0666,0.2776,0.1905,-0.0829,-0.0237,-0.0200,0.0101,2.7309,-0.341,0.674,0.0736,355.661,6518.03,0.00237469,0.0666,0.2627,-0.234,0.793,2.7246,-0.0200,0.0101
139.81,30.540,0.0666,0.2627,0.2007,-0.1755,0.0892,-0.0199,0.0101,2.7346,-0.342,0.675,0.0701,353.287,6574.98,0.00237469,0.0666,0.2627,-0.237,0.794,2.7325,-0.0199,0.0101
139.91,30.560,0.0666,0.2627,0.2003,-0.0044,0.0023,-0.0199,0.0102,2.7384,-0.343,0.675,0.0704,353.287,6574.98,0.00237469,0.0666,0.2627,-0.237,0.794,2.7325,-0.0199,0.0102
140.01,30.580,0.0666,0.2627,0.1998,-0.0044,0.0023,-0.0199,0.0103,2.7426,-0.345,0.675,0.0708,351.565,6618.06,0.00209788,0.0666,0.2627,-0.239,0.795,2.7384,-0.0199,0.0103
140.11,30.600,0.0666,0.2627,0.1993,-0.0210,-0.0294,-0.0198,0.0104,2.7464,-0.346,0.675,0.0713,349.893,6661.45,0.00237469,0.0681,0.2337,-0.241,0.796,2.7444,-0.0198,0.0104
140.21,30.620,0.0681,0.2472,0.1837,-0.0294,-0.0883,-0.0198,0.0104,2.7504,-0.348,0.676,0.0717,349.893,6661.45,0.00237469,0.0681,0.2337,-0.241,0.796,2.7444,-0.0198,0.0104
140.31,30.640,0.0681,0.2337,0.1765,-0.0204,-0.0283,-0.0197,0.0105,2.7540,-0.349,0.676,0.0715,347.74,6719.79,0.00237469,0.0681,0.2337,-0.243,0.797,2.7520,-0.0197,0.0105
140.41,30.660,0.0681,0.2337,0.1762,-0.0205,-0.0282,-0.0197,0.0106,2.7577,-0.350,0.676,0.0714,347.74,6719.79,0.00237469,0.0681,0.2337,-0.243,0.797,2.7520,-0.0197,0.0106
140.51,30.680,0.0681,0.2337,0.1758,-0.0207,-0.0282,-0.0197,0.0107,2.7615,-0.352,0.677,0.0714,346.179,6763.91,0.00209788,0.0681,0.2337,-0.245,0.798,2.7573,-0.0197,0.0107
140.61,30.700,0.0681,0.2337,0.1754,-0.0208,-0.0281,-0.0196,0.0107,2.7649,-0.353,0.677,0.0725,344.662,6808.33,0.00237469,0.0695,0.2061,-0.247,0.798,2.7626,-0.0196,0.0107
140.71,30.720,0.0695,0.2182,0.1601,-0.0288,-0.0837,-0.0196,0.0108,2.7686,-0.355,0.677,0.0722,344.662,6808.33,0.00237469,0.0695,0.2061,-0.247,0.798,2.7626,-0.0196,0.0108
140.81,30.740,0.0695,0.2061,0.1541,-0.0203,-0.0274,-0.0195,0.0109,2.7718,-0.356,0.677,0.0721,342.706,6868.03,0.00237469,0.0695,0.2061,-0.249,0.799,2.7693,-0.0196,0.0108
140.91,30.760,0.0695,0.2061,0.1539,-0.0204,-0.0274,-0.0195,0.0109,2.7751,-0.358,0.678,0.0721,341.287,6913.15,0.00209788,0.0695,0.2061,-0.251,0.800,2.7739,-0.0195,0.0109
141.01,30.780,0.0695,0.2061,0.1534,-0.0206,-0.0273,-0.0195,0.0110,2.7785,-0.360,0.678,0.0720,341.287,6913.15,0.00209788,0.0695,0.2061,-0.251,0.800,2.7739,-0.0195,0.0110
141.11,30.800,0.0695,0.2061,0.1457,-0.0284,-0.0802,-0.0194,0.0111,2.7816,-0.361,0.678,0.0730,339.908,6958.56,0.00237469,0.0707,0.1821,-0.253,0.801,2.7785,-0.0194,0.0111
141.21,30.820,0.0707,0.1906,0.1350,-0.0202,-0.0269,-0.0194,0.0111,2.7845,-0.362,0.679,0.0728,338.128,7019.57,0.00237469,0.0707,0.1821,-0.256,0.802,2.7843,-0.0194,0.0111
141.31,30.840,0.0707,0.1821,0.1348,-0.0203,-0.0268,-0.0194,0.0112,2.7876,-0.364,0.679,0.0727,338.128,7019.57,0.00237469,0.0707,0.1821,-0.256,0.802,2.7843,-0.0194,0.0112
141.41,30.860,0.0707,0.1821,0.1346,-0.0204,-0.0268,-0.0193,0.0112,2.7904,-0.366,0.679,0.0727,336.835,7065.66,0.00209788,0.0707,0.1821,-0.258,0.803,2.7883,-0.0194,0.0112
141.51,30.880,0.0707,0.1821,0.1344,-0.0205,-0.0268,-0.0193,0.0113,2.7934,-0.367,0.680,0.0727,336.835,7065.66,0.00209788,0.0707,0.1821,-0.258,0.803,2.7883,-0.0193,0.0113
141.61,30.920,0.0718,0.1666,0.1193,-0.0276,-0.0767,-0.0193,0.0113,2.7961,-0.369,0.680,0.0734,335.577,7112.04,0.00237469,0.0718,0.1611,-0.260,0.803,2.7923,-0.0193,0.0113
141.71,30.940,0.0718,0.1611,0.1185,-0.0202,-0.0266,-0.0193,0.0114,2.7985,-0.370,0.681,0.0734,333.954,7174.33,0.00237469,0.0718,0.1611,-0.263,0.804,2.7974,-0.0193,0.0114
141.81,30.960,0.0718,0.1611,0.1183,-0.0203,-0.0265,-0.0192,0.0114,2.8013,-0.372,0.681,0.0734,333.954,7174.33,0.00237469,0.0718,0.1611,-0.263,0.804,2.7974,-0.0192,0.0114
141.91,30.980,0.0718,0.1611,0.1181,-0.0204,-0.0265,-0.0192,0.0115,2.8040,-0.373,0.681,0.0733,332.774,7221.37,0.00209788,0.0718,0.1611,-0.265,0.805,2.8009,-0.0192,0.0115
142.01,31.000,0.0718,0.1611,0.1180,-0.0205,-0.0264,-0.0192,0.0115,2.8063,-0.375,0.682,0.0742,331.627,7268.69,0.00237469,0.0727,0.1428,-0.267,0.806,2.8045,-0.0192,0.0115
142.11,31.020,0.0727,0.1459,0.1044,-0.0202,-0.0265,-0.0191,0.0116,2.8086,-0.376,0.682,0.0740,331.627,7268.69,0.00237469,0.0727,0.1428,-0.267,0.806,2.8045,-0.0191,0.0116
142.21,31.040,0.0727,0.1428,0.1042,-0.0203,-0.0264,-0.0191,0.0116,2.8108,-0.378,0.682,0.0740,330.144,7332.22,0.00237469,0.0727,0.1428,-0.269,0.807,2.8089,-0.0191,0.0116
142.31,31.060,0.0727,0.1428,0.1041,-0.0203,-0.0264,-0.0191,0.0117,2.8131,-0.380,0.683,0.0740,329.067,7380.2,0.00209788,0.0727,0.1428,-0.271,0.808,2.8120,-0.0191,0.0117
142.41,31.080,0.0727,0.1428,0.1040,-0.0204,-0.0263,-0.0191,0.0117,2.8154,-0.381,0.683,0.0739,329.067,7380.2,0.00209788,0.0727,0.1428,-0.271,0.808,2.8120,-0.0191,0.0117
142.51,31.100,0.0727,0.1428,0.0966,-0.0267,-0.0720,-0.0190,0.0118,2.8176,-0.383,0.684,0.0746,328.018,7428.45,0.00237469,0.0735,0.1268,-0.273,0.808,2.8151,-0.0190,0.0117
142.61,31.120,0.0735,0.1283,0.0921,-0.0202,-0.0264,-0.0190,0.0118,2.8197,-0.384,0.684,0.0745,326.664,7493.21,0.00237469,0.0735,0.1268,-0.276,0.809,2.8190,-0.0190,0.0118
142.71,31.160,0.0735,0.1268,0.0919,-0.0203,-0.0264,-0.0190,0.0118,2.8218,-0.386,0.684,0.0745,326.664,7493.21,0.00237469,0.0735,0.1268,-0.276,0.809,2.8190,-0.0190,0.0118
142.81,31.180,0.0735,0.1268,0.0918,-0.0204,-0.0263,-0.0190,0.0119,2.8240,-0.388,0.685,0.0745,325.679,7542.11,0.00209788,0.0735,0.1268,-0.278,0.810,2.8218,-0.0190,0.0119
142.91,31.200,0.0735,0.1268,0.0917,-0.0204,-0.0263,-0.0189,0.0119,2.8259,-0.389,0.685,0.0752,324.721,7591.27,0.00237469,0.0743,0.1126,-0.280,0.811,2.8245,-0.0189,0.0119
143.01,31.220,0.0743,0.1133,0.0814,-0.0203,-0.0265,-0.0189,0.0119,2.8275,-0.391,0.686,0.0751,324.721,7591.27,0.00237469,0.0743,0.1126,-0.280,0.811,2.8245,-0.0189,0.0119
143.11,31.240,0.0743,0.1126,0.0813,-0.0203,-0.0264,-0.0189,0.0120,2.8293,-0.392,0.686,0.0751,323.484,7657.26,0.00237469,0.0743,0.1126,-0.283,0.811,2.8280,-0.0189,0.0120
143.21,31.260,0.0743,0.1126,0.0812,-0.0204,-0.0264,-0.0189,0.0120,2.8309,-0.394,0.686,0.0750,322.585,7707.06,0.00209788,0.0743,0.1126,-0.285,0.812,2.8304,-0.0189,0.0120
143.31,31.280,0.0743,0.1126,0.0820,-0.0140,-0.0252,-0.0189,0.0120,2.8327,-0.395,0.687,0.0753,322.585,7707.06,0.00209788,0.0743,0.1126,-0.285,0.812,2.8304,-0.0189,0.0120
143.41,31.300,0.0743,0.1126,0.0753,-0.0132,-0.0662,-0.0188,0.0121,2.8346,-0.397,0.687,0.0761,321.71,7757.13,0.00237469,0.0749,0.1002,-0.287,0.813,2.8328,-0.0188,0.0121
143.51,31.320,0.0749,0.1004,0.0794,-0.0027,0.0017,-0.0188,0.0121,2.8363,-0.399,0.688,0.0776,320.58,7824.32,0.00237469,0.0749,0.1002,-0.290,0.814,2.8359,-0.0188,0.0121
143.61,31.360,0.0749,0.1002,0.0793,-0.0207,-0.0261,-0.0188,0.0121,2.8382,-0.401,0.688,0.0780,320.58,7824.32,0.00237469,0.0749,0.1002,-0.290,0.814,2.8359,-0.0188,0.0121
143.71,31.380,0.0749,0.1002,0.0792,-0.0208,-0.0261,-0.0188,0.0122,2.8401,-0.402,0.689,0.0780,319.76,7875.03,0.00209788,0.0749,0.1002,-0.292,0.814,2.8383,-0.0188,0.0122
143.81,31.400,0.0749,0.1002,0.0791,-0.0208,-0.0261,-0.0187,0.0122,2.8419,-0.404,0.689,0.0783,318.963,7926.02,0.00237469,0.0755,0.0887,-0.295,0.815,2.8407,-0.0187,0.0122
143.91,31.420,0.0755,0.0888,0.0700,-0.0206,-0.0263,-0.0187,0.0122,2.8435,-0.406,0.689,0.0781,318.963,7926.02,0.00237469,0.0755,0.0887,-0.295,0.815,2.8407,-0.0187,0.0122
144.01,31.440,0.0755,0.0887,0.0699,-0.0207,-0.0263,-0.0187,0.0123,2.8452,-0.408,0.690,0.0781,317.936,7994.42,0.00237469,0.0755,0.0887,-0.297,0.816,2.8436,-0.0187,0.0123
144.11,31.460,0.0755,0.0887,0.0699,-0.0207,-0.0263,-0.0187,0.0123,2.8468,-0.409,0.690,0.0781,317.191,8046.04,0.00209788,0.0755,0.0887,-0.300,0.817,2.8457,-0.0187,0.0123
144.21,31.500,0.0755,0.0887,0.0698,-0.0208,-0.0262,-0.0187,0.0123,2.8485,-0.411,0.691,0.0781,316.468,8097.93,0.00237469,0.0762,0.0749,-0.302,0.817,2.8478,-0.0187,0.0123
144.31,31.520,0.0762,0.0755,0.0589,-0.0206,-0.0266,-0.0186,0.0124,2.8497,-0.413,0.691,0.0784,316.468,8097.93,0.00237469,0.0762,0.0749,-0.302,0.817,2.8478,-0.0186,0.0124
144.41,31.540,0.0762,0.0749,0.0588,-0.0207,-0.0266,-0.0186,0.0124,2.8511,-0.415,0.692,0.0784,315.536,8167.55,0.00237469,0.0762,0.0749,-0.305,0.818,2.8504,-0.0186,0.0124
144.51,31.560,0.0762,0.0749,0.0588,-0.0207,-0.0266,-0.0186,0.0124,2.8525,-0.416,0.692,0.0783,314.86,8220.07,0.00209788,0.0762,0.0749,-0.307,0.819,2.8521,-0.0186,0.0124
144.61,31.580,0.0762,0.0749,0.0587,-0.0207,-0.0265,-0.0186,0.0124,2.8538,-0.418,0.692,0.0783,314.86,8220.07,0.00209788,0.0762,0.0749,-0.307,0.819,2.8521,-0.0186,0.0124
144.71,31.600,0.0762,0.0749,0.0538,-0.0207,-0.0267,-0.0186,0.0125,2.8551,-0.420,0.693,0.0785,314.205,8272.87,0.00237469,0.0765,0.0687,-0.309,0.819,2.8539,-0.0186,0.0125
144.81,31.620,0.0765,0.0687,0.0537,-0.0207,-0.0267,-0.0186,0.0125,2.8563,-0.421,0.693,0.0785,313.361,8343.69,0.00237469,0.0765,0.0687,-0.312,0.820,2.8561,-0.0186,0.0125
144.91,31.640,0.0765,0.0687,0.0537,-0.0207,-0.0267,-0.0185,0.0125,2.8576,-0.423,0.694,0.0784,313.361,8343.69,0.00237469,0.0765,0.0687,-0.312,0.820,2.8561,-0.0186,0.0125
145.01,31.680,0.0765,0.0687,0.0536,-0.0208,-0.0267,-0.0185,0.0125,2.8588,-0.425,0.694,0.0784,312.75,8397.11,0.00209788,0.0765,0.0687,-0.314,0.821,2.8577,-0.0185,0.0125
145.11,31.700,0.0765,0.0687,0.0536,-0.0208,-0.0266,-0.0185,0.0125,2.8600,-0.427,0.695,0.0787,312.159,8450.81,0.00237469,0.0769,0.0606,-0.316,0.822,2.8593,-0.0185,0.0125
145.21,31.720,0.0769,0.0606,0.0473,-0.0207,-0.0269,-0.0185,0.0126,2.8611,-0.428,0.695,0.0786,312.159,8450.81,0.00237469,0.0769,0.0606,-0.316,0.822,2.8593,-0.0185,0.0126
145.31,31.740,0.0769,0.0606,0.0472,-0.0208,-0.0269,-0.0185,0.0126,2.8622,-0.430,0.696,0.0786,311.399,8522.83,0.00237469,0.0769,0.0606,-0.319,0.823,2.8613,-0.0185,0.0126
145.41,31.760,0.0769,0.0606,0.0472,-0.0208,-0.0269,-0.0185,0.0126,2.8633,-0.432,0.696,0.0786,310.85,8577.16,0.00209788,0.0769,0.0606,-0.322,0.823,2.8627,-0.0185,0.0126
145.51,31.780,0.0769,0.0606,0.0472,-0.0208,-0.0269,-0.0185,0.0126,2.8643,-0.434,0.696,0.0786,310.85,8577.16,0.00209788,0.0769,0.0606,-0.322,0.823,2.8627,-0.0185,0.0126
145.61,31.800,0.0769,0.0606,0.0415,-0.0208,-0.0271,-0.0184,0.0126,2.8653,-0.435,0.697,0.0787,310.319,8631.76,0.00237469,0.0773,0.0534,-0.324,0.824,2.8641,-0.0185,0.0126
145.71,31.840,0.0773,0.0534,0.0415,-0.0208,-0.0271,-0.0184,0.0127,2.8663,-0.437,0.697,0.0787,309.638,8704.98,0.00237469,0.0773,0.0534,-0.327,0.825,2.8658,-0.0184,0.0127
145.81,31.860,0.0773,0.0534,0.0414,-0.0208,-0.0271,-0.0184,0.0127,2.8673,-0.439,0.698,0.0787,309.638,8704.98,0.00237469,0.0773,0.0534,-0.327,0.825,2.8658,-0.0184,0.0127
145.91,31.880,0.0773,0.0534,0.0414,-0.0209,-0.0271,-0.0184,0.0127,2.8682,-0.441,0.698,0.0787,309.148,8760.22,0.00209788,0.0773,0.0534,-0.329,0.825,2.8671,-0.0184,0.0127
146.01,31.900,0.0773,0.0534,0.0365,-0.0208,-0.0273,-0.0184,0.0127,2.8691,-0.442,0.699,0.0789,308.675,8815.72,0.00237469,0.0776,0.0470,-0.331,0.826,2.8683,-0.0184,0.0127
146.11,31.920,0.0776,0.0470,0.0364,-0.0209,-0.0273,-0.0184,0.0127,2.8699,-0.444,0.699,0.0789,308.071,8890.15,0.00237469,0.0776,0.0470,-0.334,0.827,2.8698,-0.0184,0.0127
146.21,31.940,0.0776,0.0470,0.0364,-0.0209,-0.0273,-0.0184,0.0127,2.8708,-0.446,0.700,0.0789,308.071,8890.15,0.00237469,0.0776,0.0470,-0.334,0.827,2.8698,-0.0184,0.0127
146.31,31.980,0.0776,0.0470,0.0364,-0.0209,-0.0273,-0.0184,0.0128,2.8717,-0.448,0.700,0.0789,307.637,8946.29,0.00209788,0.0776,0.0470,-0.336,0.827,2.8709,-0.0184,0.0128
146.41,32.000,0.0776,0.0470,0.0364,-0.0209,-0.0273,-0.0184,0.0128,2.8724,-0.450,0.700,0.0791,307.219,9002.7,0.00237469,0.0779,0.0415,-0.339,0.828,2.8720,-0.0184,0.0128
146.51,32.020,0.0779,0.0415,0.0321,-0.0209,-0.0275,-0.0183,0.0128,2.8732,-0.451,0.701,0.0790,307.219,9002.7,0.00237469,0.0779,0.0415,-0.339,0.828,2.8720,-0.0184,0.0128
146.61,32.040,0.0779,0.0415,0.0320,-0.0209,-0.0275,-0.0183,0.0128,2.8739,-0.453,0.701,0.0790,306.688,9078.33,0.00237469,0.0779,0.0415,-0.342,0.829,2.8734,-0.0183,0.0128
146.71,32.060,0.0779,0.0415,0.0320,-0.0210,-0.0275,-0.0183,0.0128,2.8747,-0.455,0.702,0.0790,306.308,9135.38,0.00209788,0.0779,0.0415,-0.344,0.829,2.8743,-0.0183,0.0128
146.81,32.080,0.0779,0.0415,0.0320,-0.0210,-0.0275,-0.0183,0.0128,2.8755,-0.457,0.702,0.0790,306.308,9135.38,0.00209788,0.0779,0.0415,-0.344,0.829,2.8743,-0.0183,0.0128
146.91,32.100,0.0779,0.0415,0.0282,-0.0209,-0.0277,-0.0183,0.0128,2.8761,-0.458,0.703,0.0791,305.944,9192.69,0.00237469,0.0781,0.0366,-0.346,0.830,2.8753,-0.0183,0.0128
147.01,32.140,0.0781,0.0366,0.0282,-0.0210,-0.0277,-0.0183,0.0129,2.8768,-0.460,0.703,0.0791,305.483,9269.54,0.00237469,0.0781,0.0366,-0.349,0.831,2.8765,-0.0183,0.0129
147.11,32.160,0.0781,0.0366,0.0282,-0.0210,-0.0276,-0.0183,0.0129,2.8774,-0.462,0.704,0.0791,305.156,9327.5,0.00209788,0.0781,0.0366,-0.351,0.831,2.8773,-0.0183,0.0129
147.21,32.180,0.0781,0.0366,0.0282,-0.0210,-0.0276,-0.0183,0.0129,2.8781,-0.464,0.704,0.0791,305.156,9327.5,0.00209788,0.0781,0.0366,-0.351,0.831,2.8773,-0.0183,0.0129
147.31,32.200,0.0781,0.0366,0.0249,-0.0210,-0.0278,-0.0183,0.0129,2.8787,-0.466,0.705,0.0792,304.844,9385.73,0.00237469,0.0784,0.0323,-0.354,0.832,2.8781,-0.0183,0.0129
147.41,32.220,0.0784,0.0323,0.0248,-0.0210,-0.0278,-0.0183,0.0129,2.8793,-0.467,0.705,0.0792,304.452,9463.8,0.00237469,0.0784,0.0323,-0.357,0.833,2.8792,-0.0183,0.0129
147.51,32.240,0.0784,0.0323,0.0248,-0.0210,-0.0278,-0.0183,0.0129,2.8799,-0.469,0.705,0.0792,304.452,9463.8,0.00237469,0.0784,0.0323,-0.357,0.833,2.8792,-0.0183,0.0129
147.61,32.280,0.0784,0.0323,0.0248,-0.0211,-0.0278,-0.0183,0.0129,2.8804,-0.471,0.706,0.0792,304.176,9522.67,0.00209788,0.0784,0.0323,-0.359,0.833,2.8799,-0.0183,0.0129
147.71,32.300,0.0784,0.0323,0.0248,-0.0211,-0.0278,-0.0182,0.0129,2.8810,-0.473,0.706,0.0793,303.915,9581.81,0.00237469,0.0785,0.0285,-0.361,0.834,2.8806,-0.0183,0.0129
147.81,32.320,0.0785,0.0285,0.0219,-0.0211,-0.0280,-0.0182,0.0129,2.8815,-0.474,0.707,0.0793,303.915,9581.81,0.00237469,0.0785,0.0285,-0.361,0.834,2.8806,-0.0182,0.0129
147.91,32.340,0.0785,0.0285,0.0219,-0.0211,-0.0279,-0.0182,0.0130,2.8820,-0.476,0.707,0.0793,303.59,9661.11,0.00237469,0.0785,0.0285,-0.364,0.835,2.8816,-0.0182,0.0130
148.01,32.360,0.0785,0.0285,0.0219,-0.0211,-0.0279,-0.0182,0.0130,2.8825,-0.478,0.708,0.0793,303.364,9720.9,0.00209788,0.0785,0.0285,-0.367,0.836,2.8822,-0.0182,0.0130
148.11,32.380,0.0785,0.0285,0.0219,-0.0211,-0.0279,-0.0182,0.0130,2.8830,-0.480,0.708,0.0793,303.364,9720.9,0.00209788,0.0785,0.0285,-0.367,0.836,2.8822,-0.0182,0.0130
148.21,32.420,0.0787,0.0252,0.0193,-0.0211,-0.0281,-0.0182,0.0130,2.8835,-0.482,0.709,0.0793,303.153,9780.97,0.00237469,0.0787,0.0252,-0.369,0.836,2.8829,-0.0182,0.0130
148.31,32.440,0.0787,0.0252,0.0193,-0.0211,-0.0281,-0.0182,0.0130,2.8839,-0.483,0.709,0.0793,302.894,9861.49,0.00237469,0.0787,0.0252,-0.372,0.837,2.8837,-0.0182,0.0130
148.41,32.460,0.0787,0.0252,0.0193,-0.0211,-0.0281,-0.0182,0.0130,2.8844,-0.485,0.709,0.0793,302.718,9922.21,0.00209788,0.0787,0.0252,-0.374,0.838,2.8843,-0.0182,0.0130
148.51,32.480,0.0787,0.0252,0.0193,-0.0211,-0.0281,-0.0182,0.0130,2.8848,-0.487,0.710,0.0793,302.718,9922.21,0.00209788,0.0787,0.0252,-0.374,0.838,2.8843,-0.0182,0.0130
148.61,32.500,0.0787,0.0252,0.0170,-0.0211,-0.0282,-0.0182,0.0130,2.8852,-0.489,0.710,0.0794,302.556,9983.2,0.00237469,0.0789,0.0222,-0.376,0.838,2.8848,-0.0182,0.0130
148.71,32.520,0.0789,0.0222,0.0170,-0.0211,-0.0282,-0.0182,0.0130,2.8856,-0.490,0.711,0.0794,302.362,10065,0.00237469,0.0789,0.0222,-0.380,0.839,2.8855,-0.0182,0.0130
148.81,32.540,0.0789,0.0222,0.0170,-0.0212,-0.0282,-0.0182,0.0130,2.8860,-0.492,0.711,0.0794,302.362,10065,0.00237469,0.0789,0.0222,-0.380,0.839,2.8855,-0.0182,0.0130
148.91,32.580,0.0789,0.0222,0.0170,-0.0212,-0.0282,-0.0182,0.0130,2.8864,-0.494,0.712,0.0794,302.234,10126.6,0.00209788,0.0789,0.0222,-0.382,0.840,2.8860,-0.0182,0.0130
149.01,32.600,0.0789,0.0222,0.0170,-0.0212,-0.0282,-0.0182,0.0130,2.8868,-0.496,0.712,0.0795,302.121,10188.5,0.00237469,0.0790,0.0196,-0.384,0.840,2.8865,-0.0182,0.0130
149.11,32.620,0.0790,0.0196,0.0150,-0.0212,-0.0283,-0.0182,0.0130,2.8871,-0.498,0.713,0.0795,302.121,10188.5,0.00237469,0.0790,0.0196,-0.384,0.840,2.8865,-0.0182,0.0130
149.21,32.640,0.0790,0.0196,0.0150,-0.0212,-0.0283,-0.0182,0.0131,2.8875,-0.499,0.713,0.0795,301.992,10271.6,0.00237469,0.0790,0.0196,-0.387,0.841,2.8872,-0.0182,0.0131
149.31,32.660,0.0790,0.0196,0.0150,-0.0212,-0.0283,-0.0182,0.0131,2.8878,-0.501,0.713,0.0795,301.913,10334.1,0.00209788,0.0790,0.0196,-0.389,0.842,2.8876,-0.0182,0.0131
149.41,32.680,0.0790,0.0196,0.0150,-0.0212,-0.0283,-0.0182,0.0131,2.8882,-0.503,0.714,0.0795,301.913,10334.1,0.00209788,0.0790,0.0196,-0.389,0.842,2.8876,-0.0182,0.0131
149.51,32.720,0.0791,0.0174,0.0133,-0.0212,-0.0284,-0.0182,0.0131,2.8885,-0.505,0.714,0.0795,301.848,10397,0.00237469,0.0791,0.0174,-0.392,0.842,2.8881,-0.0182,0.0131
149.61,32.740,0.0791,0.0174,0.0133,-0.0212,-0.0284,-0.0181,0.0131,2.8888,-0.506,0.715,0.0795,301.783,10481.3,0.00237469,0.0791,0.0174,-0.395,0.843,2.8886,-0.0181,0.0131
149.71,32.760,0.0791,0.0174,0.0133,-0.0212,-0.0284,-0.0181,0.0131,2.8891,-0.508,0.715,0.0795,301.752,10544.8,0.00209788,0.0791,0.0174,-0.397,0.843,2.8890,-0.0181,0.0131
149.81,32.780,0.0791,0.0174,0.0133,-0.0212,-0.0284,-0.0181,0.0131,2.8894,-0.510,0.716,0.0795,301.752,10544.8,0.00209788,0.0791,0.0174,-0.397,0.843,2.8890,-0.0181,0.0131
149.91,32.800,0.0791,0.0174,0.0117,-0.0212,-0.0285,-0.0181,0.0131,2.8897,-0.512,0.716,0.0796,301.735,10608.6,0.00237469,0.0792,0.0153,-0.399,0.844,2.8894,-0.0181,0.0131
150.01,32.820,0.0792,0.0153,0.0117,-0.0212,-0.0285,-0.0181,0.0131,2.8900,-0.514,0.717,0.0796,301.734,10694.1,0.00237469,0.0792,0.0153,-0.402,0.845,2.8899,-0.0181,0.0131
150.11,32.840,0.0792,0.0153,0.0117,-0.0212,-0.0285,-0.0181,0.0131,2.8902,-0.515,0.717,0.0796,301.734,10694.1,0.00237469,0.0792,0.0153,-0.402,0.845,2.8899,-0.0181,0.0131
150.21,32.880,0.0792,0.0153,0.0117,-0.0213,-0.0285,-0.0181,0.0131,2.8905,-0.517,0.717,0.0796,301.751,10758.6,0.00209788,0.0792,0.0153,-0.405,0.845,2.8903,-0.0181,0.0131
150.31,32.900,0.0792,0.0153,0.0117,-0.0213,-0.0285,-0.0181,0.0131,2.8907,-0.519,0.718,0.0796,301.782,10823.4,0.00237469,0.0793,0.0136,-0.407,0.846,2.8906,-0.0181,0.0131
150.41,32.920,0.0793,0.0136,0.0104,-0.0213,-0.0286,-0.0181,0.0131,2.8910,-0.521,0.718,0.0796,301.782,10823.4,0.00237469,0.0793,0.0136,-0.407,0.846,2.8906,-0.0181,0.0131
150.51,32.940,0.0793,0.0136,0.0104,-0.0213,-0.0286,-0.0181,0.0131,2.8912,-0.522,0.719,0.0796,301.845,10910.2,0.00237469,0.0793,0.0136,-0.410,0.847,2.8910,-0.0181,0.0131
150.61,32.960,0.0793,0.0136,0.0104,-0.0213,-0.0285,-0.0181,0.0131,2.8915,-0.524,0.719,0.0796,301.909,10975.6,0.00209788,0.0793,0.0136,-0.412,0.847,2.8913,-0.0181,0.0131
150.71,32.980,0.0793,0.0136,0.0104,-0.0213,-0.0285,-0.0181,0.0131,2.8917,-0.526,0.720,0.0796,301.909,10975.6,0.00209788,0.0793,0.0136,-0.412,0.847,2.8913,-0.0181,0.0131
150.81,33.000,0.0793,0.0136,0.0092,-0.0213,-0.0286,-0.0181,0.0131,2.8919,-0.528,0.720,0.0797,301.988,11041.4,0.00237469,0.0794,0.0120,-0.415,0.848,2.8917,-0.0181,0.0131
150.91,33.040,0.0794,0.0120,0.0092,-0.0213,-0.0286,-0.0181,0.0131,2.8921,-0.530,0.721,0.0797,302.116,11129.5,0.00237469,0.0794,0.0120,-0.418,0.849,2.8920,-0.0181,0.0131
151.01,33.060,0.0794,0.0120,0.0092,-0.0213,-0.0286,-0.0181,0.0131,2.8924,-0.531,0.721,0.0797,302.228,11195.9,0.00209788,0.0794,0.0120,-0.420,0.849,2.8923,-0.0181,0.0131
151.11,33.080,0.0794,0.0120,0.0092,-0.0213,-0.0286,-0.0181,0.0131,2.8926,-0.533,0.721,0.0797,302.228,11195.9,0.00209788,0.0794,0.0120,-0.420,0.849,2.8923,-0.0181,0.0131
151.21,33.100,0.0794,0.0120,0.0081,-0.0213,-0.0287,-0.0181,0.0131,2.8928,-0.535,0.722,0.0797,302.355,11262.6,0.00237469,0.0795,0.0106,-0.422,0.850,2.8926,-0.0181,0.0131
151.31,33.120,0.0795,0.0106,0.0081,-0.0213,-0.0287,-0.0181,0.0132,2.8930,-0.537,0.722,0.0797,302.546,11352,0.00237469,0.0795,0.0106,-0.426,0.851,2.8929,-0.0181,0.0132
151.41,33.140,0.0795,0.0106,0.0081,-0.0213,-0.0287,-0.0181,0.0132,2.8931,-0.539,0.723,0.0797,302.546,11352,0.00237469,0.0795,0.0106,-0.426,0.851,2.8929,-0.0181,0.0132
151.51,33.180,0.0795,0.0106,0.0081,-0.0213,-0.0287,-0.0181,0.0132,2.8933,-0.540,0.723,0.0797,302.706,11419.4,0.00209788,0.0795,0.0106,-0.428,0.851,2.8932,-0.0181,0.0132
151.61,33.200,0.0795,0.0106,0.0081,-0.0213,-0.0287,-0.0181,0.0132,2.8935,-0.542,0.724,0.0797,302.881,11487,0.00237469,0.0795,0.0094,-0.430,0.852,2.8934,-0.0181,0.0132
151.71,33.220,0.0795,0.0094,0.0072,-0.0213,-0.0287,-0.0181,0.0132,2.8937,-0.544,0.724,0.0797,302.881,11487,0.00237469,0.0795,0.0094,-0.430,0.852,2.8934,-0.0181,0.0132
151.81,33.240,0.0795,0.0094,0.0072,-0.0213,-0.0287,-0.0181,0.0132,2.8938,-0.545,0.725,0.0797,303.137,11577.7,0.00237469,0.0795,0.0094,-0.433,0.853,2.8937,-0.0181,0.0132
151.91,33.260,0.0795,0.0094,0.0072,-0.0213,-0.0287,-0.0181,0.0132,2.8940,-0.547,0.725,0.0797,303.346,11646.1,0.00209788,0.0795,0.0094,-0.436,0.853,2.8939,-0.0181,0.0132
152.01,33.280,0.0795,0.0094,0.0072,-0.0213,-0.0287,-0.0181,0.0132,2.8942,-0.549,0.725,0.0797,303.346,11646.1,0.00209788,0.0795,0.0094,-0.436,0.853,2.8939,-0.0181,0.0132
152.11,33.300,0.0795,0.0094,0.0061,-0.0214,-0.0288,-0.0181,0.0132,2.8943,-0.551,0.726,0.0798,303.569,11714.7,0.00237469,0.0796,0.0080,-0.438,0.854,2.8941,-0.0181,0.0132
152.21,33.340,0.0796,0.0080,0.0061,-0.0214,-0.0288,-0.0181,0.0132,2.8944,-0.553,0.726,0.0798,303.889,11806.8,0.00237469,0.0796,0.0080,-0.441,0.855,2.8944,-0.0181,0.0132
152.31,33.360,0.0796,0.0080,0.0061,-0.0214,-0.0288,-0.0181,0.0132,2.8946,-0.554,0.727,0.0798,303.889,11806.8,0.00237469,0.0796,0.0080,-0.441,0.855,2.8944,-0.0181,0.0132
152.41,33.380,0.0796,0.0080,0.0061,-0.0214,-0.0288,-0.0181,0.0132,2.8947,-0.556,0.727,0.0798,304.146,11876.1,0.00209788,0.0796,0.0080,-0.443,0.855,2.8946,-0.0181,0.0132
152.51,33.400,0.0796,0.0080,0.0061,-0.0214,-0.0288,-0.0181,0.0132,2.8948,-0.558,0.728,0.0798,304.418,11945.8,0.00237469,0.0796,0.0071,-0.446,0.856,2.8947,-0.0181,0.0132
152.61,33.420,0.0796,0.0071,0.0054,-0.0214,-0.0288,-0.0181,0.0132,2.8950,-0.560,0.728,0.0798,304.803,12039.1,0.00237469,0.0796,0.0071,-0.449,0.857,2.8950,-0.0181,0.0132
152.71,33.440,0.0796,0.0071,0.0054,-0.0214,-0.0288,-0.0181,0.0132,2.8951,-0.562,0.729,0.0798,304.803,12039.1,0.00237469,0.0796,0.0071,-0.449,0.857,2.8950,-0.0181,0.0132
152.81,33.480,0.0796,0.0071,0.0054,-0.0214,-0.0288,-0.0181,0.0132,2.8952,-0.563,0.729,0.0798,305.11,12109.5,0.00209788,0.0796,0.0071,-0.451,0.857,2.8951,-0.0181,0.0132
152.91,33.500,0.0796,0.0071,0.0054,-0.0214,-0.0288,-0.0181,0.0132,2.8954,-0.565,0.729,0.0798,305.431,12180.1,0.00237469,0.0797,0.0063,-0.453,0.858,2.8953,-0.0181,0.0132
153.01,33.520,0.0797,0.0063,0.0048,-0.0214,-0.0289,-0.0181,0.0132,2.8955,-0.567,0.730,0.0798,305.431,12180.1,0.00237469,0.0797,0.0063,-0.453,0.858,2.8953,-0.0181,0.0132
153.11,33.540,0.0797,0.0063,0.0048,-0.0214,-0.0289,-0.0181,0.0132,2.8956,-0.569,0.730,0.0798,305.881,12274.8,0.00237469,0.0797,0.0063,-0.456,0.859,2.8955,-0.0181,0.0132
153.21,33.560,0.0797,0.0063,0.0048,-0.0214,-0.0289,-0.0181,0.0132,2.8957,-0.571,0.731,0.0798,306.237,12346.2,0.00209788,0.0797,0.0063,-0.459,0.859,2.8956,-0.0181,0.0132
153.31,33.580,0.0797,0.0063,0.0048,-0.0214,-0.0289,-0.0181,0.0132,2.8958,-0.572,0.731,0.0798,306.237,12346.2,0.00209788,0.0797,0.0063,-0.459,0.859,2.8956,-0.0181,0.0132
153.41,33.600,0.0797,0.0063,0.0044,-0.0214,-0.0289,-0.0181,0.0132,2.8959,-0.574,0.732,0.0798,306.607,12417.8,0.00237469,0.0797,0.0058,-0.461,0.860,2.8958,-0.0181,0.0132
153.51,33.640,0.0797,0.0058,0.0044,-0.0214,-0.0289,-0.0181,0.0132,2.8960,-0.576,0.732,0.0798,307.124,12513.9,0.00237469,0.0797,0.0058,-0.464,0.860,2.8960,-0.0181,0.0132
153.61,33.660,0.0797,0.0058,0.0044,-0.0214,-0.0289,-0.0181,0.0132,2.8961,-0.578,0.733,0.0798,307.124,12513.9,0.00237469,0.0797,0.0058,-0.464,0.860,2.8960,-0.0181,0.0132
153.71,33.680,0.0797,0.0058,0.0044,-0.0214,-0.0289,-0.0180,0.0132,2.8962,-0.580,0.733,0.0798,307.529,12586.2,0.00209788,0.0797,0.0058,-0.466,0.861,2.8961,-0.0181,0.0132
153.81,33.700,0.0797,0.0058,0.0039,-0.0214,-0.0289,-0.0180,0.0132,2.8963,-0.581,0.733,0.0799,307.949,12658.9,0.00237469,0.0797,0.0052,-0.469,0.862,2.8962,-0.0180,0.0132
153.91,33.720,0.0797,0.0052,0.0039,-0.0214,-0.0289,-0.0180,0.0132,2.8964,-0.583,0.734,0.0799,308.532,12756.3,0.00237469,0.0797,0.0052,-0.472,0.862,2.8964,-0.0180,0.0132
154.01,33.740,0.0797,0.0052,0.0039,-0.0214,-0.0289,-0.0180,0.0132,2.8965,-0.585,0.734,0.0799,308.532,12756.3,0.00237469,0.0797,0.0052,-0.472,0.862,2.8964,-0.0180,0.0132
154.11,33.780,0.0797,0.0052,0.0039,-0.0214,-0.0289,-0.0180,0.0132,2.8966,-0.587,0.735,0.0799,308.988,12829.7,0.00209788,0.0797,0.0052,-0.474,0.863,2.8965,-0.0180,0.0132
154.21,33.800,0.0797,0.0052,0.0039,-0.0214,-0.0289,-0.0180,0.0132,2.8967,-0.588,0.735,0.0799,309.458,12903.4,0.00237469,0.0798,0.0046,-0.476,0.864,2.8966,-0.0180,0.0132
154.31,33.820,0.0798,0.0046,0.0035,-0.0214,-0.0290,-0.0180,0.0132,2.8968,-0.590,0.736,0.0799,309.458,12903.4,0.00237469,0.0798,0.0046,-0.476,0.864,2.8966,-0.0180,0.0132
154.41,33.840,0.0798,0.0046,0.0035,-0.0214,-0.0289,-0.0180,0.0132,2.8968,-0.592,0.736,0.0799,310.108,13002.2,0.00237469,0.0798,0.0046,-0.480,0.864,2.8968,-0.0180,0.0132
154.51,33.860,0.0798,0.0046,0.0035,-0.0214,-0.0289,-0.0180,0.0132,2.8969,-0.594,0.737,0.0799,310.614,13076.6,0.00209788,0.0798,0.0046,-0.482,0.865,2.8969,-0.0180,0.0132
154.61,33.880,0.0798,0.0046,0.0035,-0.0214,-0.0289,-0.0180,0.0132,2.8970,-0.596,0.737,0.0799,310.614,13076.6,0.00209788,0.0798,0.0046,-0.482,0.865,2.8969,-0.0180,0.0132
154.71,33.920,0.0798,0.0041,0.0031,-0.0214,-0.0290,-0.0180,0.0132,2.8971,-0.598,0.737,0.0799,311.135,13151.4,0.00237469,0.0798,0.0041,-0.484,0.866,2.8970,-0.0180,0.0132
154.81,33.940,0.0798,0.0041,0.0031,-0.0214,-0.0290,-0.0180,0.0132,2.8971,-0.599,0.738,0.0799,311.853,13251.5,0.00237469,0.0798,0.0041,-0.487,0.866,2.8971,-0.0180,0.0132
154.91,33.960,0.0798,0.0041,0.0031,-0.0214,-0.0290,-0.0180,0.0132,2.8972,-0.601,0.738,0.0799,312.41,13327,0.00209788,0.0798,0.0041,-0.490,0.867,2.8972,-0.0180,0.0132
155.01,33.980,0.0798,0.0041,0.0031,-0.0214,-0.0290,-0.0180,0.0132,2.8973,-0.603,0.739,0.0799,312.41,13327,0.00209788,0.0798,0.0041,-0.490,0.867,2.8972,-0.0180,0.0132
155.11,34.000,0.0798,0.0041,0.0027,-0.0214,-0.0290,-0.0180,0.0132,2.8974,-0.605,0.739,0.0799,312.982,13402.8,0.00237469,0.0798,0.0036,-0.492,0.867,2.8973,-0.0180,0.0132
155.21,34.020,0.0798,0.0036,0.0027,-0.0214,-0.0290,-0.0180,0.0132,2.8974,-0.607,0.740,0.0799,313.769,13504.4,0.00237469,0.0798,0.0036,-0.495,0.868,2.8974,-0.0180,0.0132
155.31,34.060,0.0798,0.0036,0.0027,-0.0214,-0.0290,-0.0180,0.0132,2.8975,-0.608,0.740,0.0799,313.769,13504.4,0.00237469,0.0798,0.0036,-0.495,0.868,2.8974,-0.0180,0.0132
155.41,34.080,0.0798,0.0036,0.0027,-0.0214,-0.0290,-0.0180,0.0132,2.8975,-0.610,0.741,0.0799,314.377,13580.9,0.00209788,0.0798,0.0036,-0.497,0.869,2.8975,-0.0180,0.0132
155.51,34.100,0.0798,0.0036,0.0027,-0.0214,-0.0290,-0.0180,0.0132,2.8976,-0.612,0.741,0.0799,315.001,13657.8,0.00237469,0.0798,0.0032,-0.500,0.869,2.8976,-0.0180,0.0132
155.61,34.120,0.0798,0.0032,0.0024,-0.0214,-0.0290,-0.0180,0.0132,2.8977,-0.614,0.742,0.0799,315.001,13657.8,0.00237469,0.0798,0.0032,-0.500,0.869,2.8976,-0.0180,0.0132
155.71,34.140,0.0798,0.0032,0.0024,-0.0214,-0.0290,-0.0180,0.0132,2.8977,-0.616,0.742,0.0799,315.857,13760.7,0.00237469,0.0798,0.0032,-0.503,0.870,2.8977,-0.0180,0.0132
155.81,34.160,0.0798,0.0032,0.0024,-0.0214,-0.0290,-0.0180,0.0132,2.8978,-0.618,0.742,0.0799,316.517,13838.3,0.00209788,0.0798,0.0032,-0.505,0.871,2.8977,-0.0180,0.0132
155.91,34.200,0.0798,0.0032,0.0024,-0.0214,-0.0290,-0.0180,0.0132,2.8978,-0.619,0.743,0.0799,317.193,13916.3,0.00237469,0.0799,0.0027,-0.507,0.871,2.8978,-0.0180,0.0132
156.01,34.220,0.0799,0.0027,0.0021,-0.0215,-0.0290,-0.0180,0.0132,2.8979,-0.621,0.743,0.0799,317.193,13916.3,0.00237469,0.0799,0.0027,-0.507,0.871,2.8978,-0.0180,0.0132
156.11,34.240,0.0799,0.0027,0.0021,-0.0215,-0.0290,-0.0180,0.0132,2.8979,-0.623,0.744,0.0799,318.118,14020.7,0.00237469,0.0799,0.0027,-0.511,0.872,2.8979,-0.0180,0.0132
156.21,34.260,0.0799,0.0027,0.0021,-0.0215,-0.0290,-0.0180,0.0132,2.8980,-0.625,0.744,0.0799,318.831,14099.3,0.00209788,0.0799,0.0027,-0.513,0.873,2.8980,-0.0180,0.0132
156.31,34.280,0.0799,0.0027,0.0021,-0.0215,-0.0290,-0.0180,0.0132,2.8980,-0.627,0.745,0.0799,318.831,14099.3,0.00209788,0.0799,0.0027,-0.513,0.873,2.8980,-0.0180,0.0132
156.41,34.300,0.0799,0.0027,0.0019,-0.0215,-0.0290,-0.0180,0.0132,2.8981,-0.628,0.745,0.0799,319.56,14178.3,0.00237469,0.0799,0.0025,-0.515,0.873,2.8980,-0.0180,0.0132
156.51,34.340,0.0799,0.0025,0.0019,-0.0215,-0.0290,-0.0180,0.0132,2.8981,-0.630,0.746,0.0799,320.556,14284.1,0.00237469,0.0799,0.0025,-0.518,0.874,2.8981,-0.0180,0.0132
156.61,34.360,0.0799,0.0025,0.0019,-0.0215,-0.0290,-0.0180,0.0132,2.8982,-0.632,0.746,0.0799,320.556,14284.1,0.00237469,0.0799,0.0025,-0.518,0.874,2.8981,-0.0180,0.0132
156.71,34.380,0.0799,0.0025,0.0019,-0.0215,-0.0290,-0.0180,0.0132,2.8982,-0.634,0.746,0.0799,321.322,14363.9,0.00209788,0.0799,0.0025,-0.521,0.875,2.8981,-0.0180,0.0132
156.81,34.400,0.0799,0.0025,0.0017,-0.0215,-0.0291,-0.0180,0.0132,2.8982,-0.636,0.747,0.0799,322.104,14444,0.00237469,0.0799,0.0022,-0.523,0.875,2.8982,-0.0180,0.0132
156.91,34.420,0.0799,0.0022,0.0017,-0.0215,-0.0291,-0.0180,0.0132,2.8983,-0.637,0.747,0.0799,323.172,14551.3,0.00237469,0.0799,0.0022,-0.526,0.876,2.8983,-0.0180,0.0132
157.01,34.440,0.0799,0.0022,0.0017,-0.0215,-0.0291,-0.0180,0.0132,2.8983,-0.639,0.748,0.0799,323.172,14551.3,0.00237469,0.0799,0.0022,-0.526,0.876,2.8983,-0.0180,0.0132
157.11,34.480,0.0799,0.0022,0.0017,-0.0215,-0.0291,-0.0180,0.0132,2.8984,-0.641,0.748,0.0799,323.992,14632.1,0.00209788,0.0799,0.0022,-0.528,0.877,2.8983,-0.0180,0.0132
157.21,34.500,0.0799,0.0022,0.0017,-0.0215,-0.0291,-0.0180,0.0133,2.8984,-0.643,0.749,0.0799,324.827,14713.3,0.00237469,0.0799,0.0020,-0.531,0.877,2.8984,-0.0180,0.0133
157.31,34.520,0.0799,0.0020,0.0015,-0.0215,-0.0291,-0.0180,0.0133,2.8984,-0.645,0.749,0.0799,324.827,14713.3,0.00237469,0.0799,0.0020,-0.531,0.877,2.8984,-0.0180,0.0133
157.41,34.540,0.0799,0.0020,0.0015,-0.0215,-0.0291,-0.0180,0.0133,2.8985,-0.646,0.750,0.0799,325.967,14822,0.00237469,0.0799,0.0020,-0.534,0.878,2.8984,-0.0180,0.0133
157.51,34.560,0.0799,0.0020,0.0015,-0.0215,-0.0291,-0.0180,0.0133,2.8985,-0.648,0.750,0.0799,326.841,14904,0.00209788,0.0799,0.0020,-0.536,0.878,2.8985,-0.0180,0.0133
157.61,34.580,0.0799,0.0020,0.0015,-0.0215,-0.0291,-0.0180,0.0133,2.8985,-0.650,0.750,0.0799,326.841,14904,0.00209788,0.0799,0.0020,-0.536,0.878,2.8985,-0.0180,0.0133
157.71,34.600,0.0799,0.0020,0.0013,-0.0216,-0.0291,-0.0180,0.0133,2.8986,-0.652,0.751,0.0799,327.732,14986.2,0.00237469,0.0799,0.0017,-0.538,0.879,2.8985,-0.0180,0.0133
157.81,34.640,0.0799,0.0017,0.0010,-0.0301,-0.0302,-0.0180,0.0133,2.8986,-0.654,0.751,0.0799,328.944,15096.5,0.00237469,0.0799,0.0017,-0.542,0.880,2.8986,-0.0180,0.0133
157.91,34.660,0.0799,0.0017,0.0012,-0.0215,-0.0291,-0.0180,0.0133,2.8986,-0.655,0.752,0.0799,329.873,15179.5,0.00209788,0.0799,0.0017,-0.544,0.880,2.8986,-0.0180,0.0133
158.01,34.680,0.0799,0.0017,0.0012,-0.0215,-0.0291,-0.0180,0.0133,2.8986,-0.657,0.752,0.0799,329.873,15179.5,0.00209788,0.0799,0.0017,-0.544,0.880,2.8986,-0.0180,0.0133
158.11,34.700,0.0799,0.0017,0.0011,-0.0215,-0.0291,-0.0180,0.0133,2.8987,-0.659,0.753,0.0799,330.819,15262.9,0.00237469,0.0799,0.0016,-0.546,0.881,2.8986,-0.0180,0.0133
158.21,34.720,0.0799,0.0016,0.0011,-0.0215,-0.0291,-0.0180,0.0133,2.8987,-0.661,0.753,0.0799,332.105,15374.6,0.00237469,0.0799,0.0016,-0.549,0.882,2.8987,-0.0180,0.0133
158.31,34.740,0.0799,0.0016,0.0011,-0.0215,-0.0292,-0.0180,0.0133,2.8987,-0.663,0.754,0.0799,332.105,15374.6,0.00237469,0.0799,0.0016,-0.549,0.882,2.8987,-0.0180,0.0133
158.41,34.780,0.0799,0.0016,0.0010,-0.0210,-0.0296,-0.0180,0.0133,2.8987,-0.664,0.754,0.0799,333.089,15458.8,0.00209788,0.0799,0.0016,-0.552,0.882,2.8987,-0.0180,0.0133
158.51,34.800,0.0799,0.0016,0.0010,-0.0215,-0.0291,-0.0180,0.0133,2.8988,-0.666,0.754,0.0799,334.091,15543.3,0.00237469,0.0799,0.0014,-0.554,0.883,2.8988,-0.0180,0.0133
158.61,34.820,0.0799,0.0014,0.0009,-0.0215,-0.0291,-0.0180,0.0133,2.8988,-0.668,0.755,0.0799,334.091,15543.3,0.00237469,0.0799,0.0014,-0.554,0.883,2.8988,-0.0180,0.0133
161.29,35.440,0.0800,0.0008,0.0005,-0.0215,-0.0291,-0.0180,0.0133,2.8992,-0.716,0.767,0.0800,359.55,17428.5,0.00237469,0.0800,0.0008,-0.604,0.895,2.8992,-0.0180,0.0133
161.39,35.460,0.0800,0.0008,0.0005,-0.0215,-0.0291,-0.0180,0.0133,2.8992,-0.718,0.767,0.0800,360.94,17520.8,0.00209788,0.0800,0.0008,-0.606,0.896,2.8992,-0.0180,0.0133
161.49,35.480,0.0800,0.0008,0.0005,-0.0215,-0.0291,-0.0180,0.0133,2.8992,-0.720,0.768,0.0800,360.94,17520.8,0.00209788,0.0800,0.0008,-0.606,0.896,2.8992,-0.0180,0.0133
161.59,35.500,0.0800,0.0008,0.0004,-0.0215,-0.0291,-0.0180,0.0133,2.8992,-0.722,0.768,0.0800,362.349,17613.5,0.00237469,0.0800,0.0007,-0.608,0.896,2.8992,-0.0180,0.0133
161.69,35.540,0.0800,0.0007,0.0004,-0.0215,-0.0291,-0.0180,0.0133,2.8992,-0.723,0.769,0.0800,364.255,17737.6,0.00237469,0.0800,0.0007,-0.611,0.897,2.8992,-0.0180,0.0133
161.79,35.560,0.0800,0.0007,0.0004,-0.0215,-0.0291,-0.0180,0.0133,2.8993,-0.725,0.769,0.0800,365.706,17831.1,0.00209788,0.0800,0.0007,-0.614,0.898,2.8993,-0.0180,0.0133
161.89,35.580,0.0800,0.0007,0.0004,-0.0215,-0.0291,-0.0180,0.0133,2.8993,-0.727,0.769,0.0800,365.706,17831.1,0.00209788,0.0800,0.0007,-0.614,0.898,2.8993,-0.0180,0.0133
161.99,35.600,0.0800,0.0007,0.0004,-0.0215,-0.0291,-0.0180,0.0133,2.8993,-0.729,0.770,0.0800,367.176,17925,0.00237469,0.0800,0.0006,-0.616,0.898,2.8993,-0.0180,0.0133
162.09,35.620,0.0800,0.0006,0.0004,-0.0215,-0.0291,-0.0180,0.0133,2.8993,-0.731,0.770,0.0800,369.163,18050.7,0.00237469,0.0800,0.0006,-0.619,0.899,2.8993,-0.0180,0.0133
162.19,35.640,0.0800,0.0006,0.0004,-0.0215,-0.0291,-0.0180,0.0133,2.8993,-0.732,0.771,0.0800,369.163,18050.7,0.00237469,0.0800,0.0006,-0.619,0.899,2.8993,-0.0180,0.0133
162.29,35.680,0.0800,0.0006,0.0004,-0.0215,-0.0291,-0.0180,0.0133,2.8993,-0.734,0.771,0.0800,370.676,18145.4,0.00209788,0.0800,0.0006,-0.622,0.900,2.8993,-0.0180,0.0133
162.39,35.700,0.0800,0.0006,0.0004,-0.0215,-0.0291,-0.0180,0.0133,2.8993,-0.736,0.772,0.0800,372.207,18240.5,0.00237469,0.0800,0.0006,-0.624,0.900,2.8993,-0.0180,0.0133
162.49,35.720,0.0800,0.0006,0.0004,-0.0215,-0.0291,-0.0180,0.0133,2.8993,-0.738,0.772,0.0800,372.207,18240.5,0.00237469,0.0800,0.0006,-0.624,0.900,2.8993,-0.0180,0.0133
162.59,35.740,0.0800,0.0006,0.0004,-0.0215,-0.0291,-0.0180,0.0133,2.8993,-0.740,0.773,0.0800,374.277,18367.9,0.00237469,0.0800,0.0006,-0.627,0.901,2.8993,-0.0180,0.0133
162.69,35.760,0.0800,0.0006,0.0004,-0.0215,-0.0291,-0.0180,0.0133,2.8993,-0.741,0.773,0.0800,375.851,18463.8,0.00209788,0.0800,0.0006,-0.629,0.901,2.8993,-0.0180,0.0133
162.79,35.780,0.0800,0.0006,0.0004,-0.0215,-0.0291,-0.0180,0.0133,2.8994,-0.743,0.773,0.0800,375.851,18463.8,0.00209788,0.0800,0.0006,-0.629,0.901,2.8993,-0.0180,0.0133
162.89,35.820,0.0800,0.0005,0.0003,-0.0215,-0.0291,-0.0180,0.0133,2.8994,-0.745,0.774,0.0800,377.444,18560.1,0.00237469,0.0800,0.0005,-0.632,0.902,2.8993,-0.0180,0.0133
162.99,35.840,0.0800,0.0005,0.0003,-0.0215,-0.0291,-0.0180,0.0133,2.8994,-0.747,0.774,0.0800,379.597,18689.1,0.00237469,0.0800,0.0005,-0.635,0.903,2.8994,-0.0180,0.0133
163.09,35.860,0.0800,0.0005,0.0003,-0.0215,-0.0291,-0.0180,0.0133,2.8994,-0.749,0.775,0.0800,381.233,18786.3,0.00209788,0.0800,0.0005,-0.637,0.903,2.8994,-0.0180,0.0133
163.19,35.880,0.0800,0.0005,0.0003,-0.0215,-0.0291,-0.0180,0.0133,2.8994,-0.750,0.775,0.0800,381.233,18786.3,0.00209788,0.0800,0.0005,-0.637,0.903,2.8994,-0.0180,0.0133
163.29,35.900,0.0800,0.0005,0.0003,-0.0215,-0.0291,-0.0180,0.0133,2.8994,-0.752,0.776,0.0800,382.889,18883.9,0.00237469,0.0800,0.0005,-0.639,0.904,2.8994,-0.0180,0.0133
163.39,35.920,0.0800,0.0005,0.0003,-0.0215,-0.0291,-0.0180,0.0133,2.8994,-0.754,0.776,0.0800,385.126,19014.5,0.00237469,0.0800,0.0005,-0.642,0.905,2.8994,-0.0180,0.0133
163.49,35.940,0.0800,0.0005,0.0003,-0.0215,-0.0291,-0.0180,0.0133,2.8994,-0.756,0.777,0.0800,385.126,19014.5,0.00237469,0.0800,0.0005,-0.642,0.905,2.8994,-0.0180,0.0133
163.59,35.980,0.0800,0.0005,0.0003,-0.0215,-0.0291,-0.0180,0.0133,2.8994,-0.757,0.777,0.0800,386.826,19113,0.00209788,0.0800,0.0005,-0.645,0.905,2.8994,-0.0180,0.0133
163.69,36.000,0.0800,0.0005,0.0003,-0.0215,-0.0291,-0.0180,0.0133,2.8994,-0.759,0.777,0.0800,388.545,19211.8,0.00237469,0.0800,0.0004,-0.647,0.906,2.8994,-0.0180,0.0133
163.79,36.020,0.0800,0.0004,0.0003,-0.0215,-0.0291,-0.0180,0.0133,2.8994,-0.761,0.778,0.0800,388.545,19211.8,0.00237469,0.0800,0.0004,-0.647,0.906,2.8994,-0.0180,0.0133
163.89,36.040,0.0800,0.0004,0.0003,-0.0215,-0.0291,-0.0180,0.0133,2.8994,-0.763,0.778,0.0800,390.867,19344.1,0.00237469,0.0800,0.0004,-0.650,0.907,2.8994,-0.0180,0.0133
163.99,36.060,0.0800,0.0004,0.0003,-0.0215,-0.0291,-0.0180,0.0133,2.8994,-0.765,0.779,0.0800,392.631,19443.8,0.00209788,0.0800,0.0004,-0.653,0.907,2.8994,-0.0180,0.0133
164.09,36.080,0.0800,0.0004,0.0003,-0.0215,-0.0291,-0.0180,0.0133,2.8994,-0.766,0.779,0.0800,392.631,19443.8,0.00209788,0.0800,0.0004,-0.653,0.907,2.8994,-0.0180,0.0133
164.19,36.100,0.0800,0.0004,0.0002,-0.0215,-0.0291,-0.0180,0.0133,2.8994,-0.768,0.780,0.0800,394.414,19543.8,0.00237469,0.0800,0.0004,-0.655,0.908,2.8994,-0.0180,0.0133
164.29,36.140,0.0800,0.0004,0.0002,-0.0215,-0.0291,-0.0180,0.0133,2.8995,-0.770,0.780,0.0800,396.821,19677.9,0.00237469,0.0800,0.0004,-0.658,0.909,2.8994,-0.0180,0.0133
164.39,36.160,0.0800,0.0004,0.0002,-0.0215,-0.0291,-0.0180,0.0133,2.8995,-0.772,0.781,0.0800,398.649,19778.8,0.00209788,0.0800,0.0004,-0.660,0.909,2.8995,-0.0180,0.0133
164.49,36.180,0.0800,0.0004,0.0002,-0.0215,-0.0291,-0.0180,0.0133,2.8995,-0.774,0.781,0.0800,398.649,19778.8,0.00209788,0.0800,0.0004,-0.660,0.909,2.8995,-0.0180,0.0133
164.59,36.200,0.0800,0.0004,0.0002,-0.0215,-0.0291,-0.0180,0.0133,2.8995,-0.775,0.781,0.0800,400.497,19880.1,0.00237469,0.0800,0.0004,-0.663,0.910,2.8995,-0.0180,0.0133
164.69,36.220,0.0800,0.0004,0.0002,-0.0215,-0.0291,-0.0180,0.0133,2.8995,-0.777,0.782,0.0800,402.991,20015.9,0.00237469,0.0800,0.0004,-0.666,0.910,2.8995,-0.0180,0.0133
164.79,36.240,0.0800,0.0004,0.0002,-0.0215,-0.0291,-0.0180,0.0133,2.8995,-0.779,0.782,0.0800,402.991,20015.9,0.00237469,0.0800,0.0004,-0.666,0.910,2.8995,-0.0180,0.0133
164.89,36.280,0.0800,0.0004,0.0002,-0.0215,-0.0291,-0.0180,0.0133,2.8995,-0.781,0.783,0.0800,404.885,20118.1,0.00209788,0.0800,0.0004,-0.668,0.911,2.8995,-0.0180,0.0133
164.99,36.300,0.0800,0.0004,0.0002,-0.0215,-0.0291,-0.0180,0.0133,2.8995,-0.783,0.783,0.0800,406.798,20220.7,0.00237469,0.0800,0.0003,-0.670,0.912,2.8995,-0.0180,0.0133
165.09,36.320,0.0800,0.0003,0.0002,-0.0215,-0.0291,-0.0180,0.0133,2.8995,-0.784,0.784,0.0800,406.798,20220.7,0.00237469,0.0800,0.0003,-0.670,0.912,2.8995,-0.0180,0.0133
165.19,36.340,0.0800,0.0003,0.0002,-0.0215,-0.0291,-0.0180,0.0133,2.8995,-0.786,0.784,0.0800,409.38,20358.1,0.00237469,0.0800,0.0003,-0.674,0.912,2.8995,-0.0180,0.0133
165.29,36.360,0.0800,0.0003,0.0002,-0.0215,-0.0291,-0.0180,0.0133,2.8995,-0.788,0.785,0.0800,411.339,20461.7,0.00209788,0.0800,0.0003,-0.676,0.913,2.8995,-0.0180,0.0133
165.39,36.380,0.0800,0.0003,0.0002,-0.0215,-0.0291,-0.0180,0.0133,2.8995,-0.790,0.785,0.0800,413.319,20565.6,0.00237469,0.0800,0.0003,-0.678,0.914,2.8995,-0.0180,0.0133
165.49,36.420,0.0800,0.0003,0.0002,-0.0215,-0.0292,-0.0180,0.0133,2.8995,-0.792,0.785,0.0800,413.319,20565.6,0.00237469,0.0800,0.0003,-0.678,0.914,2.8995,-0.0180,0.0133
165.59,36.440,0.0800,0.0003,0.0002,-0.0215,-0.0292,-0.0180,0.0133,2.8995,-0.793,0.786,0.0800,415.989,20704.7,0.00237469,0.0800,0.0003,-0.681,0.914,2.8995,-0.0180,0.0133
165.69,36.460,0.0800,0.0003,0.0002,-0.0215,-0.0292,-0.0180,0.0133,2.8995,-0.795,0.786,0.0800,418.015,20809.6,0.00209788,0.0800,0.0003,-0.684,0.915,2.8995,-0.0180,0.0133
165.79,36.480,0.0800,0.0003,0.0002,-0.0215,-0.0292,-0.0180,0.0133,2.8995,-0.797,0.787,0.0800,418.015,20809.6,0.00209788,0.0800,0.0003,-0.684,0.915,2.8995,-0.0180,0.0133
165.89,36.500,0.0800,0.0003,0.0002,-0.0215,-0.0292,-0.0180,0.0133,2.8995,-0.799,0.787,0.0800,420.061,20914.8,0.00237469,0.0800,0.0003,-0.686,0.915,2.8995,-0.0180,0.0133
165.99,36.520,0.0800,0.0003,0.0002,-0.0215,-0.0292,-0.0180,0.0133,2.8995,-0.800,0.788,0.0800,422.82,21055.7,0.00237469,0.0800,0.0003,-0.689,0.916,2.8995,-0.0180,0.0133
166.09,36.540,0.0800,0.0003,0.0002,-0.0215,-0.0292,-0.0180,0.0133,2.8995,-0.802,0.788,0.0800,422.82,21055.7,0.00237469,0.0800,0.0003,-0.689,0.916,2.8995,-0.0180,0.0133
166.19,36.580,0.0800,0.0003,0.0002,-0.0215,-0.0292,-0.0180,0.0133,2.8995,-0.804,0.788,0.0800,424.914,21161.8,0.00209788,0.0800,0.0003,-0.691,0.917,2.8995,-0.0180,0.0133
166.29,36.600,0.0800,0.0003,0.0002,-0.0215,-0.0292,-0.0180,0.0133,2.8995,-0.806,0.789,0.0800,427.027,21268.4,0.00237469,0.0800,0.0002,-0.694,0.917,2.8995,-0.0180,0.0133
166.39,36.620,0.0800,0.0002,0.0002,-0.0215,-0.0292,-0.0180,0.0133,2.8995,-0.807,0.789,0.0800,427.027,21268.4,0.00237469,0.0800,0.0002,-0.694,0.917,2.8995,-0.0180,0.0133
166.49,36.640,0.0800,0.0002,0.0002,-0.0215,-0.0292,-0.0180,0.0133,2.8996,-0.809,0.790,0.0800,429.877,21411,0.00237469,0.0800,0.0002,-0.697,0.918,2.8995,-0.0180,0.0133
166.59,36.660,0.0800,0.0002,0.0002,-0.0215,-0.0292,-0.0180,0.0133,2.8996,-0.811,0.790,0.0800,432.038,21518.5,0.00209788,0.0800,0.0002,-0.699,0.919,2.8996,-0.0180,0.0133
166.69,36.680,0.0800,0.0002,0.0002,-0.0215,-0.0292,-0.0180,0.0133,2.8996,-0.813,0.791,0.0800,432.038,21518.5,0.00209788,0.0800,0.0002,-0.699,0.919,2.8996,-0.0180,0.0133
166.79,36.700,0.0800,0.0002,0.0001,-0.0215,-0.0292,-0.0180,0.0133,2.8996,-0.815,0.791,0.0800,434.22,21626.3,0.00237469,0.0800,0.0002,-0.701,0.919,2.8996,-0.0180,0.0133
166.89,36.740,0.0800,0.0002,0.0001,-0.0215,-0.0292,-0.0180,0.0133,2.8996,-0.817,0.792,0.0800,437.161,21770.8,0.00237469,0.0800,0.0002,-0.705,0.920,2.8996,-0.0180,0.0133
166.99,36.760,0.0800,0.0002,0.0001,-0.0215,-0.0292,-0.0180,0.0133,2.8996,-0.818,0.792,0.0800,439.391,21879.6,0.00209788,0.0800,0.0002,-0.707,0.921,2.8996,-0.0180,0.0133
167.09,36.780,0.0800,0.0002,0.0001,-0.0215,-0.0292,-0.0180,0.0133,2.8996,-0.820,0.792,0.0800,439.391,21879.6,0.00209788,0.0800,0.0002,-0.707,0.921,2.8996,-0.0180,0.0133
167.19,36.800,0.0800,0.0002,0.0001,-0.0215,-0.0292,-0.0180,0.0133,2.8996,-0.822,0.793,0.0800,441.641,21988.8,0.00237469,0.0800,0.0002,-0.709,0.921,2.8996,-0.0180,0.0133
167.29,36.820,0.0800,0.0002,0.0001,-0.0215,-0.0292,-0.0180,0.0133,2.8996,-0.824,0.793,0.0800,444.674,22135,0.00237469,0.0800,0.0002,-0.712,0.922,2.8996,-0.0180,0.0133
167.39,36.860,0.0800,0.0002,0.0001,-0.0215,-0.0292,-0.0180,0.0133,2.8996,-0.826,0.794,0.0800,444.674,22135,0.00237469,0.0800,0.0002,-0.712,0.922,2.8996,-0.0180,0.0133
167.49,36.880,0.0800,0.0002,0.0001,-0.0215,-0.0292,-0.0180,0.0133,2.8996,-0.828,0.794,0.0800,446.974,22245.2,0.00209788,0.0800,0.0002,-0.715,0.923,2.8996,-0.0180,0.0133
167.59,36.900,0.0800,0.0002,0.0001,-0.0215,-0.0292,-0.0180,0.0133,2.8996,-0.829,0.795,0.0800,449.294,22355.7,0.00237469,0.0800,0.0002,-0.717,0.923,2.8996,-0.0180,0.0133
167.69,36.920,0.0800,0.0002,0.0001,-0.0215,-0.0292,-0.0180,0.0133,2.8996,-0.831,0.795,0.0800,449.294,22355.7,0.00237469,0.0800,0.0002,-0.717,0.923,2.8996,-0.0180,0.0133
167.79,36.940,0.0800,0.0002,0.0001,-0.0215,-0.0292,-0.0180,0.0133,2.8996,-0.833,0.796,0.0800,452.42,22503.7,0.00237469,0.0800,0.0002,-0.720,0.924,2.8996,-0.0180,0.0133
167.89,36.960,0.0800,0.0002,0.0001,-0.0215,-0.0292,-0.0180,0.0133,2.8996,-0.835,0.796,0.0800,454.789,22615.2,0.00209788,0.0800,0.0002,-0.722,0.924,2.8996,-0.0180,0.0133
167.99,37.000,0.0800,0.0002,0.0001,-0.0215,-0.0292,-0.0180,0.0133,2.8996,-0.837,0.797,0.0800,457.179,22727.2,0.00237469,0.0800,0.0002,-0.725,0.925,2.8996,-0.0180,0.0133
168.09,37.020,0.0800,0.0002,0.0001,-0.0215,-0.0292,-0.0180,0.0133,2.8996,-0.838,0.797,0.0800,457.179,22727.2,0.00237469,0.0800,0.0002,-0.725,0.925,2.8996,-0.0180,0.0133
168.19,37.040,0.0800,0.0002,0.0001,-0.0215,-0.0292,-0.0180,0.0133,2.8996,-0.840,0.797,0.0800,460.4,22877,0.00237469,0.0800,0.0002,-0.728,0.926,2.8996,-0.0180,0.0133
168.29,37.060,0.0800,0.0002,0.0001,-0.0215,-0.0292,-0.0180,0.0133,2.8996,-0.842,0.798,0.0800,462.84,22989.9,0.00209788,0.0800,0.0002,-0.730,0.926,2.8996,-0.0180,0.0133
168.39,37.080,0.0800,0.0002,0.0001,-0.0215,-0.0292,-0.0180,0.0133,2.8996,-0.844,0.798,0.0800,462.84,22989.9,0.00209788,0.0800,0.0002,-0.730,0.926,2.8996,-0.0180,0.0133
168.49,37.100,0.0800,0.0002,0.0001,-0.0215,-0.0292,-0.0180,0.0133,2.8996,-0.846,0.799,0.0800,465.301,23103.2,0.00237469,0.0800,0.0001,-0.733,0.927,2.8996,-0.0180,0.0133
168.59,37.140,0.0800,0.0001,0.0001,-0.0215,-0.0292,-0.0180,0.0133,2.8996,-0.847,0.799,0.0800,468.616,23254.9,0.00237469,0.0800,0.0001,-0.736,0.928,2.8996,-0.0180,0.0133
168.69,37.160,0.0800,0.0001,0.0001,-0.0215,-0.0292,-0.0180,0.0133,2.8996,-0.849,0.800,0.0800,468.616,23254.9,0.00237469,0.0800,0.0001,-0.736,0.928,2.8996,-0.0180,0.0133
168.79,37.180,0.0800,0.0001,0.0001,-0.0215,-0.0292,-0.0180,0.0133,2.8996,-0.851,0.800,0.0800,471.128,23369.1,0.00209788,0.0800,0.0001,-0.738,0.928,2.8996,-0.0180,0.0133
168.89,37.200,0.0800,0.0001,0.0001,-0.0215,-0.0292,-0.0180,0.0133,2.8996,-0.853,0.801,0.0800,473.661,23483.8,0.00237469,0.0800,0.0001,-0.740,0.929,2.8996,-0.0180,0.0133
168.99,37.220,0.0800,0.0001,0.0001,-0.0215,-0.0292,-0.0180,0.0133,2.8996,-0.855,0.801,0.0800,477.072,23637.3,0.00237469,0.0800,0.0001,-0.743,0.930,2.8996,-0.0180,0.0133
169.09,37.240,0.0800,0.0001,0.0001,-0.0215,-0.0292,-0.0180,0.0133,2.8996,-0.857,0.801,0.0800,477.072,23637.3,0.00237469,0.0800,0.0001,-0.743,0.930,2.8996,-0.0180,0.0133
169.19,37.280,0.0800,0.0001,0.0001,-0.0215,-0.0292,-0.0180,0.0133,2.8996,-0.858,0.802,0.0800,479.655,23753,0.00209788,0.0800,0.0001,-0.746,0.930,2.8996,-0.0180,0.0133
169.29,37.300,0.0800,0.0001,0.0001,-0.0215,-0.0292,-0.0180,0.0133,2.8996,-0.860,0.802,0.0800,482.261,23869.1,0.00237469,0.0800,0.0001,-0.748,0.931,2.8996,-0.0180,0.0133
169.39,37.320,0.0800,0.0001,0.0001,-0.0215,-0.0292,-0.0180,0.0133,2.8996,-0.862,0.803,0.0800,482.261,23869.1,0.00237469,0.0800,0.0001,-0.748,0.931,2.8996,-0.0180,0.0133
169.49,37.340,0.0800,0.0001,0.0001,-0.0215,-0.0292,-0.0180,0.0133,2.8996,-0.864,0.803,0.0800,485.769,24024.5,0.00237469,0.0800,0.0001,-0.751,0.932,2.8996,-0.0180,0.0133
169.59,37.360,0.0800,0.0001,0.0001,-0.0215,-0.0292,-0.0180,0.0133,2.8996,-0.866,0.804,0.0800,488.425,24141.5,0.00209788,0.0800,0.0001,-0.754,0.932,2.8996,-0.0180,0.0133
169.69,37.380,0.0800,0.0001,0.0001,-0.0215,-0.0292,-0.0180,0.0133,2.8996,-0.867,0.804,0.0800,488.425,24141.5,0.00209788,0.0800,0.0001,-0.754,0.932,2.8996,-0.0180,0.0133
169.79,37.420,0.0800,0.0001,0.0001,-0.0215,-0.0292,-0.0180,0.0133,2.8996,-0.869,0.805,0.0800,491.104,24259,0.00237469,0.0800,0.0001,-0.756,0.933,2.8996,-0.0180,0.0133
169.89,37.440,0.0800,0.0001,0.0001,-0.0215,-0.0292,-0.0180,0.0133,2.8996,-0.871,0.805,0.0800,494.71,24416.3,0.00237469,0.0800,0.0001,-0.759,0.933,2.8996,-0.0180,0.0133
169.99,37.460,0.0800,0.0001,0.0001,-0.0215,-0.0292,-0.0180,0.0133,2.8996,-0.873,0.805,0.0800,497.44,24534.8,0.00209788,0.0800,0.0001,-0.761,0.934,2.8996,-0.0180,0.0133
170.09,37.480,0.0800,0.0001,0.0001,-0.0215,-0.0292,-0.0180,0.0133,2.8996,-0.875,0.806,0.0800,497.44,24534.8,0.00209788,0.0800,0.0001,-0.761,0.934,2.8996,-0.0180,0.0133
170.19,37.500,0.0800,0.0001,0.0001,-0.0215,-0.0292,-0.0180,0.0133,2.8996,-0.876,0.806,0.0800,500.192,24653.7,0.00237469,0.0800,0.0001,-0.764,0.935,2.8996,-0.0180,0.0133
170.29,37.520,0.0800,0.0001,0.0001,-0.0215,-0.0292,-0.0180,0.0133,2.8996,-0.878,0.807,0.0800,503.897,24812.9,0.00237469,0.0800,0.0001,-0.767,0.935,2.8996,-0.0180,0.0133
170.39,37.560,0.0800,0.0001,0.0001,-0.0215,-0.0292,-0.0180,0.0133,2.8996,-0.880,0.807,0.0800,503.897,24812.9,0.00237469,0.0800,0.0001,-0.767,0.935,2.8996,-0.0180,0.0133
170.49,37.580,0.0800,0.0001,0.0001,-0.0215,-0.0292,-0.0180,0.0133,2.8996,-0.882,0.808,0.0800,506.701,24932.8,0.00209788,0.0800,0.0001,-0.769,0.936,2.8996,-0.0180,0.0133
170.59,37.600,0.0800,0.0001,0.0001,-0.0215,-0.0292,-0.0180,0.0133,2.8997,-0.884,0.808,0.0745,509.528,25053.1,0.00237469,0.0709,0.1790,-0.771,0.937,2.8996,-0.0180,0.0133
170.69,37.620,0.0709,0.0156,0.0191,-0.0025,-0.0020,-0.0180,0.0133,2.8999,-0.885,0.809,0.0715,509.528,25053.1,0.00237469,0.0709,0.1790,-0.771,0.937,2.8996,-0.0180,0.0133
170.79,37.640,0.0709,0.0356,0.0317,-0.0027,-0.0014,-0.0180,0.0133,2.9006,-0.887,0.809,0.0719,513.332,25214.2,0.00237469,0.0709,0.1790,-0.774,0.937,2.8999,-0.0180,0.0133
170.89,37.660,0.0709,0.0556,0.0443,-0.0030,-0.0009,-0.0180,0.0133,2.9016,-0.889,0.809,0.0724,516.206,25335.6,0.00209788,0.0709,0.1790,-0.776,0.938,2.9007,-0.0180,0.0133
170.99,37.700,0.0709,0.0956,0.0633,-0.0036,-0.0004,-0.0180,0.0133,2.9028,-0.890,0.810,0.0728,519.091,25457.4,0.00237469,0.0709,0.1782,-0.778,0.938,2.9021,-0.0180,0.0133
171.09,37.720,0.0709,0.1156,0.0758,-0.0041,-0.0002,-0.0179,0.0134,2.9045,-0.892,0.810,0.0733,519.091,25457.4,0.00237469,0.0709,0.1782,-0.778,0.938,2.9021,-0.0179,0.0134
171.19,37.740,0.0709,0.1356,0.0884,-0.0047,-0.0001,-0.0179,0.0134,2.9065,-0.894,0.810,0.0737,522.942,25620.6,0.00237469,0.0709,0.1782,-0.781,0.939,2.9049,-0.0179,0.0134
171.29,37.760,0.0709,0.1556,0.1071,-0.0058,-0.0002,-0.0179,0.0134,2.9088,-0.895,0.811,0.0741,525.824,25743.5,0.00209788,0.0709,0.1782,-0.783,0.939,2.9076,-0.0179,0.0134
171.39,37.780,0.0709,0.1753,0.1120,-0.0244,-0.0243,-0.0178,0.0135,2.9114,-0.897,0.811,0.0742,525.824,25743.5,0.00209788,0.0709,0.1782,-0.783,0.939,2.9076,-0.0179,0.0135
171.49,37.800,0.0709,0.1782,0.1057,0.5293,-0.3380,-0.0178,0.0135,2.9139,-0.899,0.811,0.0828,528.692,25867,0.00237469,0.1678,0.1684,-0.785,0.940,2.9109,-0.0178,0.0135
171.59,37.840,0.0993,0.1684,0.1056,0.7803,-0.0152,-0.0178,0.0136,2.9164,-0.901,0.812,0.1000,532.485,26032.5,0.00237469,0.1678,0.1684,-0.788,0.941,2.9154,-0.0178,0.0136
171.69,37.860,0.1153,0.1684,0.1055,0.7803,-0.0134,-0.0177,0.0136,2.9189,-0.903,0.812,0.1192,532.485,26032.5,0.00237469,0.1678,0.1684,-0.788,0.941,2.9154,-0.0178,0.0136
171.79,37.880,0.1313,0.1684,0.1054,0.7804,-0.0114,-0.0177,0.0137,2.9215,-0.906,0.813,0.1385,535.307,26157.3,0.00209788,0.1678,0.1684,-0.792,0.941,2.9186,-0.0177,0.0136
171.89,37.900,0.1473,0.1684,0.0990,0.7971,0.0115,-0.0177,0.0137,2.9239,-0.910,0.814,0.1571,538.11,26282.6,0.00237469,0.1697,0.1526,-0.795,0.942,2.9218,-0.0177,0.0137
171.99,37.920,0.1633,0.1540,0.0957,-0.0062,0.0048,-0.0176,0.0137,2.9261,-0.913,0.815,0.1675,541.816,26450.5,0.00237469,0.1697,0.1526,-0.801,0.944,2.9258,-0.0177,0.0137
172.09,37.940,0.1697,0.1526,0.0958,-0.0041,0.0032,-0.0176,0.0138,2.9283,-0.917,0.816,0.1679,541.816,26450.5,0.00237469,0.1697,0.1526,-0.801,0.944,2.9258,-0.0176,0.0138
172.19,37.980,0.1697,0.1526,0.0949,-0.0063,0.0069,-0.0176,0.0138,2.9307,-0.921,0.817,0.1681,544.574,26577,0.00209788,0.1697,0.1526,-0.806,0.945,2.9287,-0.0176,0.0138
172.29,38.000,0.1697,0.1526,0.0949,-0.0051,0.0076,-0.0176,0.0139,2.9329,-0.925,0.818,0.1721,547.315,26704.1,0.00237469,0.1714,0.1386,-0.811,0.946,2.9315,-0.0176,0.0139
172.39,38.020,0.1714,0.1392,0.0935,-0.0080,0.0064,-0.0175,0.0139,2.9351,-0.929,0.819,0.1724,547.315,26704.1,0.00237469,0.1714,0.1386,-0.811,0.946,2.9315,-0.0175,0.0139
172.49,38.040,0.1714,0.1386,0.0934,-0.0080,0.0064,-0.0175,0.0139,2.9373,-0.933,0.819,0.1727,550.941,26874.3,0.00237469,0.1714,0.1386,-0.818,0.947,2.9353,-0.0175,0.0139
172.59,38.060,0.1714,0.1386,0.0933,-0.0080,0.0064,-0.0175,0.0140,2.9394,-0.937,0.820,0.1730,553.639,27002.6,0.00209788,0.1714,0.1386,-0.823,0.948,2.9381,-0.0175,0.0140
172.69,38.080,0.1714,0.1386,0.0931,-0.0080,0.0064,-0.0174,0.0140,2.9416,-0.941,0.821,0.1733,553.639,27002.6,0.00209788,0.1714,0.1386,-0.823,0.948,2.9381,-0.0174,0.0140
172.79,38.120,0.1730,0.1260,0.0843,-0.0073,0.0059,-0.0174,0.0140,2.9435,-0.944,0.822,0.1745,556.319,27131.5,0.00237469,0.1730,0.1257,-0.828,0.949,2.9409,-0.0174,0.0140
172.89,38.140,0.1730,0.1257,0.0922,-0.0078,0.0063,-0.0174,0.0141,2.9456,-0.949,0.823,0.1733,559.861,27304.1,0.00237469,0.1730,0.1257,-0.835,0.951,2.9444,-0.0174,0.0141
172.99,38.160,0.1730,0.1257,0.0921,-0.0078,0.0063,-0.0173,0.0141,2.9477,-0.952,0.823,0.1737,562.497,27434.1,0.00209788,0.1730,0.1257,-0.840,0.952,2.9471,-0.0174,0.0141
173.09,38.180,0.1730,0.1257,0.0919,-0.0078,0.0064,-0.0173,0.0142,2.9498,-0.956,0.824,0.1741,562.497,27434.1,0.00209788,0.1730,0.1257,-0.840,0.952,2.9471,-0.0173,0.0142
173.19,38.200,0.1730,0.1257,0.0845,-0.0073,0.0060,-0.0173,0.0142,2.9520,-0.960,0.825,0.1757,565.113,27564.7,0.00237469,0.1749,0.1094,-0.845,0.953,2.9499,-0.0173,0.0142
173.29,38.220,0.1749,0.1111,0.0798,-0.0068,0.0056,-0.0173,0.0142,2.9539,-0.965,0.826,0.1761,568.568,27739.7,0.00237469,0.1749,0.1094,-0.852,0.954,2.9533,-0.0173,0.0142
173.39,38.260,0.1749,0.1094,0.0797,-0.0068,0.0057,-0.0172,0.0143,2.9557,-0.969,0.826,0.1764,568.568,27739.7,0.00237469,0.1749,0.1094,-0.852,0.954,2.9533,-0.0172,0.0143
173.49,38.280,0.1749,0.1094,0.0796,-0.0246,-0.0157,-0.0172,0.0143,2.9576,-0.973,0.827,0.1766,571.139,27871.5,0.00209788,0.1749,0.1094,-0.857,0.955,2.9557,-0.0172,0.0143
173.59,38.300,0.1749,0.1094,0.0795,-0.0246,-0.0157,-0.0172,0.0143,2.9594,-0.977,0.828,0.1773,573.692,28003.9,0.00237469,0.1759,0.1013,-0.862,0.956,2.9581,-0.0172,0.0143
173.69,38.320,0.1759,0.1013,0.0735,-0.0245,-0.0163,-0.0172,0.0144,2.9611,-0.981,0.829,0.1774,573.692,28003.9,0.00237469,0.1759,0.1013,-0.862,0.956,2.9581,-0.0172,0.0144
173.79,38.340,0.1759,0.1013,0.0734,-0.0245,-0.0163,-0.0171,0.0144,2.9628,-0.985,0.829,0.1774,577.07,28181.2,0.00237469,0.1759,0.1013,-0.869,0.957,2.9611,-0.0171,0.0144
173.89,38.360,0.1759,0.1013,0.0733,-0.0246,-0.0163,-0.0171,0.0144,2.9646,-0.989,0.830,0.1773,579.584,28314.8,0.00209788,0.1759,0.1013,-0.874,0.958,2.9633,-0.0171,0.0144
173.99,38.400,0.1759,0.1013,0.0732,-0.0246,-0.0163,-0.0171,0.0144,2.9662,-0.993,0.831,0.1778,582.082,28448.9,0.00237469,0.1771,0.0908,-0.879,0.959,2.9655,-0.0171,0.0144
174.09,38.420,0.1771,0.0908,0.0655,-0.0244,-0.0172,-0.0171,0.0145,2.9677,-0.997,0.831,0.1784,582.082,28448.9,0.00237469,0.1771,0.0908,-0.879,0.959,2.9655,-0.0171,0.0145
174.19,38.440,0.1771,0.0908,0.0655,-0.0245,-0.0172,-0.0170,0.0145,2.9693,-1.001,0.832,0.1784,585.387,28628.5,0.00237469,0.1771,0.0908,-0.886,0.960,2.9683,-0.0170,0.0145
174.29,38.460,0.1771,0.0908,0.0654,-0.0245,-0.0172,-0.0170,0.0145,2.9709,-1.005,0.833,0.1783,587.849,28763.8,0.00209788,0.1771,0.0908,-0.891,0.961,2.9702,-0.0170,0.0145
174.39,38.480,0.1771,0.0908,0.0653,-0.0246,-0.0171,-0.0170,0.0145,2.9724,-1.009,0.833,0.1783,587.849,28763.8,0.00209788,0.1771,0.0908,-0.891,0.961,2.9702,-0.0170,0.0145
174.49,38.500,0.1771,0.0908,0.0584,-0.0052,0.0044,-0.0170,0.0146,2.9737,-1.013,0.834,0.1793,590.297,28899.7,0.00237469,0.1783,0.0813,-0.897,0.962,2.9722,-0.0170,0.0146
174.59,38.540,0.1783,0.0813,0.0583,-0.0244,-0.0180,-0.0170,0.0146,2.9751,-1.018,0.835,0.1793,593.539,29081.6,0.00237469,0.1783,0.0813,-0.904,0.963,2.9746,-0.0170,0.0146
174.69,38.560,0.1783,0.0813,0.0583,-0.0245,-0.0180,-0.0169,0.0146,2.9764,-1.021,0.835,0.1793,593.539,29081.6,0.00237469,0.1783,0.0813,-0.904,0.963,2.9746,-0.0169,0.0146
174.79,38.580,0.1783,0.0813,0.0582,-0.0245,-0.0180,-0.0169,0.0146,2.9777,-1.026,0.836,0.1793,595.955,29218.7,0.00209788,0.1783,0.0813,-0.909,0.964,2.9764,-0.0169,0.0146
174.89,38.600,0.1783,0.0813,0.0582,-0.0245,-0.0179,-0.0169,0.0147,2.9791,-1.030,0.837,0.1800,598.359,29356.3,0.00237469,0.1793,0.0728,-0.914,0.965,2.9781,-0.0169,0.0147
174.99,38.620,0.1793,0.0728,0.0521,-0.0244,-0.0188,-0.0169,0.0147,2.9803,-1.034,0.837,0.1801,598.359,29356.3,0.00237469,0.1793,0.0728,-0.914,0.965,2.9781,-0.0169,0.0147
175.09,38.640,0.1793,0.0728,0.0520,-0.0245,-0.0187,-0.0169,0.0147,2.9814,-1.038,0.838,0.1801,601.545,29540.5,0.00237469,0.1793,0.0728,-0.921,0.966,2.9803,-0.0169,0.0147
175.19,38.660,0.1793,0.0728,0.0520,-0.0245,-0.0187,-0.0168,0.0147,2.9827,-1.042,0.839,0.1801,603.921,29679.3,0.00209788,0.1793,0.0728,-0.927,0.967,2.9818,-0.0168,0.0147
175.29,38.700,0.1793,0.0728,0.0519,-0.0245,-0.0187,-0.0168,0.0147,2.9839,-1.046,0.839,0.1806,606.287,29818.7,0.00237469,0.1802,0.0653,-0.932,0.968,2.9834,-0.0168,0.0147
175.39,38.720,0.1802,0.0653,0.0465,-0.0244,-0.0194,-0.0168,0.0148,2.9849,-1.050,0.840,0.1809,606.287,29818.7,0.00237469,0.1802,0.0653,-0.932,0.968,2.9834,-0.0168,0.0148
175.49,38.740,0.1802,0.0653,0.0465,-0.0245,-0.0194,-0.0168,0.0148,2.9860,-1.054,0.840,0.1809,609.425,30005.2,0.00237469,0.1802,0.0653,-0.939,0.969,2.9853,-0.0168,0.0148
175.59,38.760,0.1802,0.0653,0.0464,-0.0245,-0.0194,-0.0168,0.0148,2.9872,-1.059,0.841,0.1809,611.767,30145.8,0.00209788,0.1802,0.0653,-0.944,0.970,2.9867,-0.0168,0.0148
175.69,38.780,0.1802,0.0653,0.0464,-0.0245,-0.0194,-0.0168,0.0148,2.9882,-1.063,0.842,0.1809,611.767,30145.8,0.00209788,0.1802,0.0653,-0.944,0.970,2.9867,-0.0168,0.0148
175.79,38.800,0.1802,0.0653,0.0416,-0.0037,0.0033,-0.0167,0.0148,2.9892,-1.067,0.842,0.1816,614.1,30286.8,0.00237469,0.1810,0.0586,-0.950,0.971,2.9881,-0.0167,0.0148
175.89,38.820,0.1810,0.0586,0.0416,-0.0245,-0.0201,-0.0167,0.0148,2.9901,-1.071,0.843,0.1816,617.197,30475.7,0.00237469,0.1810,0.0586,-0.957,0.972,2.9898,-0.0167,0.0148
175.99,38.860,0.1810,0.0586,0.0415,-0.0245,-0.0200,-0.0167,0.0149,2.9911,-1.075,0.844,0.1816,617.197,30475.7,0.00237469,0.1810,0.0586,-0.957,0.972,2.9898,-0.0167,0.0149
176.09,38.880,0.1810,0.0586,0.0415,-0.0245,-0.0200,-0.0167,0.0149,2.9921,-1.079,0.844,0.1816,619.51,30618,0.00209788,0.1810,0.0586,-0.962,0.973,2.9911,-0.0167,0.0149
176.19,38.900,0.1810,0.0586,0.0415,-0.0245,-0.0200,-0.0167,0.0149,2.9930,-1.083,0.845,0.1822,621.816,30760.8,0.00237469,0.1817,0.0526,-0.968,0.973,2.9923,-0.0167,0.0149
176.29,38.920,0.1817,0.0526,0.0372,-0.0245,-0.0206,-0.0167,0.0149,2.9939,-1.088,0.845,0.1822,621.816,30760.8,0.00237469,0.1817,0.0526,-0.968,0.973,2.9923,-0.0167,0.0149
176.39,38.940,0.1817,0.0526,0.0372,-0.0245,-0.0206,-0.0167,0.0149,2.9947,-1.092,0.846,0.1822,624.878,30952,0.00237469,0.1817,0.0526,-0.975,0.975,2.9939,-0.0167,0.0149
176.49,38.960,0.1817,0.0526,0.0372,-0.0245,-0.0206,-0.0166,0.0149,2.9956,-1.096,0.847,0.1822,627.166,31096,0.00209788,0.1817,0.0526,-0.980,0.975,2.9950,-0.0167,0.0149
176.59,39.000,0.1817,0.0526,0.0372,-0.0246,-0.0206,-0.0166,0.0150,2.9964,-1.100,0.847,0.1826,629.449,31240.5,0.00237469,0.1823,0.0473,-0.985,0.976,2.9961,-0.0166,0.0150
176.69,39.020,0.1823,0.0473,0.0334,-0.0245,-0.0212,-0.0166,0.0150,2.9972,-1.104,0.848,0.1828,629.449,31240.5,0.00237469,0.1823,0.0473,-0.985,0.976,2.9961,-0.0166,0.0150
176.79,39.040,0.1823,0.0473,0.0333,-0.0245,-0.0211,-0.0166,0.0150,2.9980,-1.109,0.848,0.1828,632.482,31434,0.00237469,0.1823,0.0473,-0.993,0.977,2.9975,-0.0166,0.0150
176.89,39.060,0.1823,0.0473,0.0333,-0.0260,-0.0212,-0.0166,0.0150,2.9987,-1.113,0.849,0.1827,634.75,31579.8,0.00209788,0.1823,0.0473,-0.998,0.978,2.9985,-0.0166,0.0150
176.99,39.080,0.1823,0.0473,0.0333,-0.0246,-0.0211,-0.0166,0.0150,2.9995,-1.117,0.850,0.1827,634.75,31579.8,0.00209788,0.1823,0.0473,-0.998,0.978,2.9985,-0.0166,0.0150
177.09,39.100,0.1823,0.0473,0.0299,-0.0246,-0.0216,-0.0166,0.0150,3.0002,-1.121,0.850,0.1833,637.013,31726.1,0.00237469,0.1829,0.0425,-1.004,0.979,2.9994,-0.0166,0.0150
177.19,39.120,0.1829,0.0425,0.0299,-0.0246,-0.0216,-0.0166,0.0150,3.0009,-1.125,0.851,0.1833,640.023,31921.9,0.00237469,0.1829,0.0425,-1.011,0.980,3.0007,-0.0166,0.0150
177.29,39.160,0.1829,0.0425,0.0299,-0.0246,-0.0216,-0.0166,0.0150,3.0016,-1.129,0.851,0.1832,640.023,31921.9,0.00237469,0.1829,0.0425,-1.011,0.980,3.0007,-0.0166,0.0150
177.39,39.180,0.1829,0.0425,0.0298,-0.0246,-0.0216,-0.0165,0.0150,3.0023,-1.133,0.852,0.1832,642.275,32069.4,0.00209788,0.1829,0.0425,-1.016,0.981,3.0016,-0.0166,0.0150
177.49,39.200,0.1829,0.0425,0.0298,-0.0247,-0.0216,-0.0165,0.0151,3.0029,-1.137,0.852,0.1837,644.522,32217.5,0.00237469,0.1834,0.0383,-1.022,0.981,3.0025,-0.0165,0.0151
177.59,39.220,0.1834,0.0383,0.0268,-0.0247,-0.0221,-0.0165,0.0151,3.0036,-1.142,0.853,0.1837,644.522,32217.5,0.00237469,0.1834,0.0383,-1.022,0.981,3.0025,-0.0165,0.0151
177.69,39.240,0.1834,0.0383,0.0268,-0.0247,-0.0220,-0.0165,0.0151,3.0042,-1.146,0.854,0.1837,647.513,32415.7,0.00237469,0.1834,0.0383,-1.029,0.982,3.0036,-0.0165,0.0151
177.79,39.260,0.1834,0.0383,0.0268,-0.0247,-0.0220,-0.0165,0.0151,3.0048,-1.150,0.854,0.1837,649.752,32564.9,0.00209788,0.1834,0.0383,-1.034,0.983,3.0044,-0.0165,0.0151
177.89,39.300,0.1834,0.0383,0.0268,-0.0248,-0.0220,-0.0165,0.0151,3.0054,-1.154,0.855,0.1837,651.988,32714.7,0.00237469,0.1839,0.0344,-1.040,0.984,3.0052,-0.0165,0.0151
177.99,39.320,0.1839,0.0344,0.0241,-0.0249,-0.0225,-0.0165,0.0151,3.0060,-1.158,0.855,0.1841,651.988,32714.7,0.00237469,0.1839,0.0344,-1.040,0.984,3.0052,-0.0165,0.0151
178.09,39.340,0.1839,0.0344,0.0240,-0.0252,-0.0225,-0.0165,0.0151,3.0065,-1.163,0.856,0.1841,654.965,32915.3,0.00237469,0.1839,0.0344,-1.047,0.985,3.0062,-0.0165,0.0151
178.19,39.360,0.1839,0.0344,0.0240,-0.0261,-0.0225,-0.0165,0.0151,3.0071,-1.167,0.856,0.1838,657.194,33066.3,0.00209788,0.1839,0.0344,-1.052,0.986,3.0069,-0.0165,0.0151
178.29,39.380,0.1839,0.0344,0.0221,-0.0246,-0.0228,-0.0165,0.0151,3.0076,-1.171,0.857,0.1834,657.194,33066.3,0.00209788,0.1839,0.0344,-1.052,0.986,3.0069,-0.0165,0.0151
178.39,39.400,0.1839,0.0344,0.0199,-0.0246,-0.0231,-0.0165,0.0151,3.0080,-1.175,0.857,0.1839,659.422,33217.9,0.00237469,0.1843,0.0310,-1.058,0.986,3.0076,-0.0165,0.0151
178.49,39.420,0.1843,0.0310,0.0199,-0.0246,-0.0231,-0.0165,0.0152,3.0085,-1.179,0.858,0.1839,662.39,33420.8,0.00237469,0.1843,0.0310,-1.065,0.987,3.0084,-0.0165,0.0151
178.59,39.440,0.1843,0.0310,0.0199,-0.0246,-0.0231,-0.0164,0.0152,3.0090,-1.183,0.859,0.1839,662.39,33420.8,0.00237469,0.1843,0.0310,-1.065,0.987,3.0084,-0.0165,0.0152
178.69,39.480,0.1843,0.0310,0.0199,-0.0247,-0.0231,-0.0164,0.0152,3.0094,-1.188,0.859,0.1839,664.615,33573.6,0.00209788,0.1843,0.0310,-1.071,0.988,3.0090,-0.0164,0.0152
178.79,39.500,0.1843,0.0310,0.0199,-0.0247,-0.0231,-0.0164,0.0152,3.0098,-1.191,0.860,0.1842,666.84,33726.9,0.00237469,0.1846,0.0282,-1.076,0.989,3.0096,-0.0164,0.0152
178.89,39.520,0.1846,0.0282,0.0181,-0.0247,-0.0234,-0.0164,0.0152,3.0102,-1.196,0.860,0.1842,666.84,33726.9,0.00237469,0.1846,0.0282,-1.076,0.989,3.0096,-0.0164,0.0152
178.99,39.540,0.1846,0.0282,0.0180,-0.0247,-0.0234,-0.0164,0.0152,3.0107,-1.200,0.861,0.1842,669.805,33932.2,0.00237469,0.1846,0.0282,-1.084,0.990,3.0103,-0.0164,0.0152
179.09,39.560,0.1846,0.0282,0.0180,-0.0247,-0.0234,-0.0164,0.0152,3.0111,-1.204,0.861,0.1842,672.029,34086.7,0.00209788,0.1846,0.0282,-1.089,0.990,3.0109,-0.0164,0.0152
179.19,39.580,0.1846,0.0282,0.0180,-0.0247,-0.0234,-0.0164,0.0152,3.0115,-1.208,0.862,0.1842,672.029,34086.7,0.00209788,0.1846,0.0282,-1.089,0.990,3.0109,-0.0164,0.0152
179.29,39.600,0.1846,0.0282,0.0164,-0.0247,-0.0236,-0.0164,0.0152,3.0119,-1.212,0.862,0.1846,674.254,34241.9,0.00237469,0.1849,0.0257,-1.095,0.991,3.0114,-0.0164,0.0152
179.39,39.640,0.1849,0.0257,0.0164,-0.0247,-0.0236,-0.0164,0.0152,3.0123,-1.217,0.863,0.1846,677.22,34449.5,0.00237469,0.1849,0.0257,-1.102,0.992,3.0121,-0.0164,0.0152
179.49,39.660,0.1849,0.0257,0.0164,-0.0247,-0.0236,-0.0164,0.0152,3.0126,-1.221,0.864,0.1846,677.22,34449.5,0.00237469,0.1849,0.0257,-1.102,0.992,3.0121,-0.0164,0.0152
179.59,39.680,0.1849,0.0257,0.0164,-0.0247,-0.0236,-0.0164,0.0152,3.0130,-1.225,0.864,0.1846,679.445,34605.9,0.00209788,0.1849,0.0257,-1.107,0.993,3.0126,-0.0164,0.0152
179.69,39.700,0.1849,0.0257,0.0149,-0.0247,-0.0239,-0.0164,0.0152,3.0134,-1.229,0.865,0.1849,681.671,34762.8,0.00237469,0.1852,0.0234,-1.113,0.994,3.0131,-0.0164,0.0152
179.79,39.720,0.1852,0.0234,0.0149,-0.0247,-0.0239,-0.0164,0.0152,3.0137,-1.234,0.865,0.1849,684.64,34972.9,0.00237469,0.1852,0.0234,-1.120,0.994,3.0137,-0.0164,0.0152
179.89,39.740,0.1852,0.0234,0.0149,-0.0247,-0.0239,-0.0164,0.0152,3.0141,-1.238,0.866,0.1849,684.64,34972.9,0.00237469,0.1852,0.0234,-1.120,0.994,3.0137,-0.0164,0.0152
179.99,39.780,0.1852,0.0234,0.0149,-0.0247,-0.0240,-0.0164,0.0152,3.0144,-1.242,0.866,0.1849,686.868,35131,0.00209788,0.1852,0.0234,-1.126,0.995,3.0141,-0.0164,0.0152
180.09,39.800,0.1852,0.0234,0.0149,-0.0247,-0.0240,-0.0164,0.0153,3.0147,-1.246,0.867,0.1850,689.098,35289.8,0.00237469,0.1854,0.0213,-1.131,0.996,3.0146,-0.0164,0.0153
180.19,39.820,0.1854,0.0213,0.0136,-0.0078,-0.0064,-0.0164,0.0153,3.0150,-1.250,0.867,0.1852,689.098,35289.8,0.00237469,0.1854,0.0213,-1.131,0.996,3.0146,-0.0164,0.0153
180.29,39.840,0.1854,0.0213,0.0135,-0.0235,-0.0241,-0.0164,0.0153,3.0153,-1.254,0.868,0.1852,692.072,35502.2,0.00237469,0.1854,0.0213,-1.139,0.997,3.0151,-0.0164,0.0153
180.39,39.860,0.1854,0.0213,0.0126,-0.0248,-0.0242,-0.0163,0.0153,3.0156,-1.259,0.868,0.1855,694.305,35662.2,0.00209788,0.1854,0.0213,-1.144,0.998,3.0155,-0.0163,0.0153
180.49,39.880,0.1854,0.0213,0.0126,-0.0248,-0.0242,-0.0163,0.0153,3.0159,-1.263,0.869,0.1855,694.305,35662.2,0.00209788,0.1854,0.0213,-1.144,0.998,3.0155,-0.0163,0.0153
180.59,39.900,0.1854,0.0213,0.0115,-0.0248,-0.0244,-0.0163,0.0153,3.0162,-1.267,0.869,0.1857,696.54,35822.8,0.00237469,0.1857,0.0195,-1.150,0.998,3.0159,-0.0163,0.0153
180.69,39.920,0.1857,0.0195,0.0115,-0.0248,-0.0244,-0.0163,0.0153,3.0164,-1.271,0.870,0.1857,699.523,36037.7,0.00237469,0.1857,0.0195,-1.157,0.999,3.0164,-0.0163,0.0153
180.79,39.960,0.1857,0.0195,0.0115,-0.0248,-0.0244,-0.0163,0.0153,3.0167,-1.275,0.870,0.1857,699.523,36037.7,0.00237469,0.1857,0.0195,-1.157,0.999,3.0164,-0.0163,0.0153
180.89,39.980,0.1857,0.0195,0.0115,-0.0248,-0.0244,-0.0163,0.0153,3.0170,-1.280,0.871,0.1857,701.764,36199.5,0.00209788,0.1857,0.0195,-1.162,1.000,3.0167,-0.0163,0.0153
180.99,40.000,0.1857,0.0195,0.0115,-0.0248,-0.0244,-0.0163,0.0153,3.0172,-1.283,0.871,0.1859,704.007,36361.8,0.00237469,0.1859,0.0179,-1.168,1.001,3.0171,-0.0163,0.0153
181.09,40.020,0.1859,0.0179,0.0105,-0.0248,-0.0245,-0.0163,0.0153,3.0175,-1.288,0.872,0.1859,704.007,36361.8,0.00237469,0.1859,0.0179,-1.168,1.001,3.0171,-0.0163,0.0153
181.19,40.040,0.1859,0.0179,0.0105,-0.0248,-0.0245,-0.0163,0.0153,3.0177,-1.292,0.872,0.1859,707.003,36579.2,0.00237469,0.1859,0.0179,-1.175,1.001,3.0175,-0.0163,0.0153
181.29,40.060,0.1859,0.0179,0.0105,-0.0248,-0.0245,-0.0163,0.0153,3.0179,-1.296,0.873,0.1859,709.253,36742.8,0.00209788,0.1859,0.0179,-1.181,1.002,3.0178,-0.0163,0.0153
181.39,40.080,0.1859,0.0179,0.0105,-0.0248,-0.0245,-0.0163,0.0153,3.0182,-1.301,0.874,0.1859,709.253,36742.8,0.00209788,0.1859,0.0179,-1.181,1.002,3.0178,-0.0163,0.0153
181.49,40.100,0.1859,0.0179,0.0097,-0.0248,-0.0246,-0.0163,0.0153,3.0184,-1.304,0.874,0.1861,711.506,36907,0.00237469,0.1860,0.0165,-1.186,1.003,3.0181,-0.0163,0.0153
181.59,40.140,0.1860,0.0165,0.0097,-0.0248,-0.0246,-0.0163,0.0153,3.0186,-1.309,0.875,0.1861,714.515,37126.8,0.00237469,0.1860,0.0165,-1.194,1.004,3.0185,-0.0163,0.0153
181.69,40.160,0.1860,0.0165,0.0097,-0.0248,-0.0246,-0.0163,0.0153,3.0188,-1.313,0.875,0.1861,716.775,37292.3,0.00209788,0.1860,0.0165,-1.199,1.004,3.0188,-0.0163,0.0153
181.79,40.180,0.1860,0.0165,0.0097,-0.0248,-0.0246,-0.0163,0.0153,3.0191,-1.317,0.876,0.1861,716.775,37292.3,0.00209788,0.1860,0.0165,-1.199,1.004,3.0188,-0.0163,0.0153
181.89,40.200,0.1860,0.0165,0.0089,-0.0248,-0.0248,-0.0163,0.0153,3.0193,-1.322,0.876,0.1862,719.039,37458.4,0.00237469,0.1862,0.0152,-1.205,1.005,3.0191,-0.0163,0.0153
181.99,40.220,0.1862,0.0152,0.0089,-0.0249,-0.0247,-0.0163,0.0153,3.0195,-1.326,0.877,0.1862,722.063,37680.7,0.00237469,0.1862,0.0152,-1.212,1.006,3.0195,-0.0163,0.0153
182.09,40.260,0.1862,0.0152,0.0089,-0.0249,-0.0247,-0.0163,0.0153,3.0197,-1.330,0.877,0.1862,722.063,37680.7,0.00237469,0.1862,0.0152,-1.212,1.006,3.0195,-0.0163,0.0153
182.19,40.280,0.1862,0.0152,0.0089,-0.0249,-0.0247,-0.0163,0.0153,3.0199,-1.335,0.878,0.1862,724.335,37848,0.00209788,0.1862,0.0152,-1.218,1.007,3.0197,-0.0163,0.0153
182.29,40.300,0.1862,0.0152,0.0089,-0.0249,-0.0247,-0.0163,0.0153,3.0201,-1.339,0.878,0.1864,726.611,38016,0.00237469,0.1863,0.0140,-1.223,1.007,3.0200,-0.0163,0.0153
182.39,40.320,0.1863,0.0140,0.0082,-0.0249,-0.0249,-0.0163,0.0153,3.0203,-1.343,0.879,0.1864,726.611,38016,0.00237469,0.1863,0.0140,-1.223,1.007,3.0200,-0.0163,0.0153
182.49,40.340,0.1863,0.0140,0.0082,-0.0249,-0.0248,-0.0163,0.0153,3.0205,-1.348,0.879,0.1864,729.652,38240.8,0.00237469,0.1863,0.0140,-1.231,1.008,3.0203,-0.0163,0.0153
182.59,40.360,0.1863,0.0140,0.0082,-0.0249,-0.0248,-0.0163,0.0153,3.0207,-1.352,0.880,0.1864,731.937,38410,0.00209788,0.1863,0.0140,-1.236,1.009,3.0206,-0.0163,0.0153
182.69,40.400,0.1863,0.0140,0.0082,-0.0249,-0.0248,-0.0163,0.0154,3.0209,-1.356,0.880,0.1864,734.226,38579.8,0.00237469,0.1865,0.0129,-1.242,1.010,3.0208,-0.0163,0.0154
182.79,40.420,0.1865,0.0129,0.0075,-0.0249,-0.0250,-0.0163,0.0154,3.0211,-1.361,0.881,0.1865,734.226,38579.8,0.00237469,0.1865,0.0129,-1.242,1.010,3.0208,-0.0163,0.0154
182.89,40.440,0.1865,0.0129,0.0075,-0.0249,-0.0249,-0.0163,0.0154,3.0212,-1.365,0.881,0.1865,737.284,38807.1,0.00237469,0.1865,0.0129,-1.249,1.011,3.0211,-0.0163,0.0154
182.99,40.460,0.1865,0.0129,0.0075,-0.0249,-0.0249,-0.0163,0.0154,3.0214,-1.369,0.882,0.1865,739.582,38978.2,0.00209788,0.1865,0.0129,-1.255,1.011,3.0214,-0.0163,0.0154
183.09,40.480,0.1865,0.0129,0.0075,-0.0249,-0.0249,-0.0163,0.0154,3.0216,-1.374,0.882,0.1865,739.582,38978.2,0.00209788,0.1865,0.0129,-1.255,1.011,3.0214,-0.0163,0.0154
183.19,40.500,0.1865,0.0129,0.0069,-0.0249,-0.0250,-0.0163,0.0154,3.0218,-1.378,0.883,0.1866,741.885,39149.9,0.00237469,0.1866,0.0119,-1.260,1.012,3.0216,-0.0163,0.0154
183.29,40.520,0.1866,0.0119,0.0069,-0.0249,-0.0250,-0.0163,0.0154,3.0219,-1.382,0.883,0.1866,744.962,39379.7,0.00237469,0.1866,0.0119,-1.268,1.013,3.0219,-0.0163,0.0154
183.39,40.560,0.1866,0.0119,0.0069,-0.0249,-0.0250,-0.0162,0.0154,3.0221,-1.386,0.884,0.1866,744.962,39379.7,0.00237469,0.1866,0.0119,-1.268,1.013,3.0219,-0.0162,0.0154
183.49,40.580,0.1866,0.0119,0.0069,-0.0249,-0.0250,-0.0162,0.0154,3.0222,-1.391,0.885,0.1866,747.275,39552.8,0.00209788,0.1866,0.0119,-1.273,1.013,3.0221,-0.0162,0.0154
183.59,40.600,0.1866,0.0119,0.0069,-0.0249,-0.0250,-0.0162,0.0154,3.0224,-1.395,0.885,0.1867,749.593,39726.4,0.00237469,0.1867,0.0109,-1.279,1.014,3.0223,-0.0162,0.0154
183.69,40.620,0.1867,0.0109,0.0064,-0.0249,-0.0251,-0.0162,0.0154,3.0225,-1.399,0.886,0.1867,749.593,39726.4,0.00237469,0.1867,0.0109,-1.279,1.014,3.0223,-0.0162,0.0154
183.79,40.640,0.1867,0.0109,0.0064,-0.0249,-0.0251,-0.0162,0.0154,3.0227,-1.404,0.886,0.1867,752.69,39958.8,0.00237469,0.1867,0.0109,-1.286,1.015,3.0225,-0.0162,0.0154
183.89,40.660,0.1867,0.0109,0.0064,-0.0249,-0.0251,-0.0162,0.0154,3.0228,-1.408,0.887,0.1867,755.019,40133.7,0.00209788,0.1867,0.0109,-1.292,1.016,3.0227,-0.0162,0.0154
183.99,40.700,0.1867,0.0109,0.0064,-0.0249,-0.0251,-0.0162,0.0154,3.0230,-1.412,0.887,0.1868,757.352,40309.2,0.00237469,0.1868,0.0098,-1.297,1.016,3.0229,-0.0162,0.0154
184.09,40.720,0.1868,0.0098,0.0058,-0.0249,-0.0252,-0.0162,0.0154,3.0231,-1.417,0.888,0.1868,757.352,40309.2,0.00237469,0.1868,0.0098,-1.297,1.016,3.0229,-0.0162,0.0154
184.19,40.740,0.1868,0.0098,0.0058,-0.0249,-0.0252,-0.0162,0.0154,3.0233,-1.421,0.888,0.1868,760.471,40544.2,0.00237469,0.1868,0.0098,-1.305,1.017,3.0232,-0.0162,0.0154
184.29,40.760,0.1868,0.0098,0.0057,-0.0249,-0.0252,-0.0162,0.0154,3.0234,-1.425,0.889,0.1868,762.816,40721.1,0.00209788,0.1868,0.0098,-1.310,1.018,3.0233,-0.0162,0.0154
184.39,40.780,0.1868,0.0098,0.0057,-0.0249,-0.0252,-0.0162,0.0154,3.0235,-1.430,0.889,0.1868,762.816,40721.1,0.00209788,0.1868,0.0098,-1.310,1.018,3.0233,-0.0162,0.0154
184.49,40.800,0.1868,0.0098,0.0054,-0.0250,-0.0253,-0.0162,0.0154,3.0237,-1.434,0.890,0.1869,765.166,40898.5,0.00237469,0.1869,0.0093,-1.316,1.019,3.0235,-0.0162,0.0154
184.59,40.840,0.1869,0.0093,0.0054,-0.0250,-0.0253,-0.0162,0.0154,3.0238,-1.438,0.890,0.1869,768.308,41136.1,0.00237469,0.1869,0.0093,-1.323,1.019,3.0237,-0.0162,0.0154
184.69,40.860,0.1869,0.0093,0.0055,-0.0249,-0.0253,-0.0162,0.0154,3.0239,-1.443,0.891,0.1869,768.308,41136.1,0.00237469,0.1869,0.0093,-1.323,1.019,3.0237,-0.0162,0.0154
184.79,40.880,0.1869,0.0093,0.0055,-0.0248,-0.0253,-0.0162,0.0154,3.0240,-1.447,0.891,0.1869,770.67,41314.9,0.00209788,0.1869,0.0093,-1.329,1.020,3.0239,-0.0162,0.0154
184.89,40.900,0.1869,0.0093,0.0050,-0.0234,-0.0403,-0.0162,0.0154,3.0242,-1.451,0.892,0.1870,773.037,41494.3,0.00237469,0.1870,0.0086,-1.335,1.021,3.0240,-0.0162,0.0154
184.99,40.920,0.1870,0.0086,0.0054,-0.0250,-0.0253,-0.0162,0.0154,3.0243,-1.456,0.892,0.1872,776.202,41734.4,0.00237469,0.1870,0.0086,-1.342,1.022,3.0243,-0.0162,0.0154
185.09,40.940,0.1870,0.0086,0.0054,-0.0250,-0.0253,-0.0162,0.0154,3.0244,-1.460,0.893,0.1871,776.202,41734.4,0.00237469,0.1870,0.0086,-1.342,1.022,3.0243,-0.0162,0.0154
185.19,40.980,0.1870,0.0086,0.0054,-0.0250,-0.0252,-0.0162,0.0154,3.0245,-1.464,0.893,0.1871,778.582,41915.2,0.00209788,0.1870,0.0086,-1.348,1.022,3.0244,-0.0162,0.0154
185.29,41.000,0.1870,0.0086,0.0054,-0.0250,-0.0252,-0.0162,0.0154,3.0247,-1.469,0.894,0.1872,780.967,42096.6,0.00237469,0.1871,0.0079,-1.353,1.023,3.0246,-0.0162,0.0154
185.39,41.020,0.1871,0.0079,0.0050,-0.0250,-0.0253,-0.0162,0.0154,3.0248,-1.473,0.894,0.1872,780.967,42096.6,0.00237469,0.1871,0.0079,-1.353,1.023,3.0246,-0.0162,0.0154
185.49,41.040,0.1871,0.0079,0.0050,-0.0250,-0.0253,-0.0162,0.0154,3.0249,-1.477,0.895,0.1872,784.155,42339.4,0.00237469,0.1871,0.0079,-1.361,1.024,3.0248,-0.0162,0.0154
185.59,41.060,0.1871,0.0079,0.0050,-0.0250,-0.0253,-0.0162,0.0154,3.0250,-1.482,0.895,0.1872,786.553,42522.1,0.00209788,0.1871,0.0079,-1.366,1.024,3.0249,-0.0162,0.0154
185.69,41.080,0.1871,0.0079,0.0050,-0.0250,-0.0253,-0.0162,0.0154,3.0251,-1.486,0.896,0.1872,786.553,42522.1,0.00209788,0.1871,0.0079,-1.366,1.024,3.0249,-0.0162,0.0154
185.79,41.120,0.1871,0.0072,0.0046,-0.0250,-0.0254,-0.0162,0.0154,3.0252,-1.490,0.896,0.1873,788.956,42705.5,0.00237469,0.1871,0.0072,-1.372,1.025,3.0251,-0.0162,0.0154
185.89,41.140,0.1871,0.0072,0.0046,-0.0250,-0.0254,-0.0162,0.0154,3.0253,-1.495,0.897,0.1873,792.168,42950.9,0.00237469,0.1871,0.0072,-1.379,1.026,3.0253,-0.0162,0.0154
185.99,41.160,0.1871,0.0072,0.0046,-0.0250,-0.0254,-0.0162,0.0154,3.0254,-1.499,0.897,0.1873,794.584,43135.6,0.00209788,0.1871,0.0072,-1.385,1.027,3.0254,-0.0162,0.0154
186.09,41.180,0.1871,0.0072,0.0046,-0.0250,-0.0254,-0.0162,0.0154,3.0256,-1.503,0.898,0.1873,794.584,43135.6,0.00209788,0.1871,0.0072,-1.385,1.027,3.0254,-0.0162,0.0154
186.19,41.200,0.1871,0.0072,0.0042,-0.0250,-0.0255,-0.0162,0.0154,3.0256,-1.507,0.898,0.1873,797.006,43321,0.00237469,0.1872,0.0066,-1.390,1.027,3.0255,-0.0162,0.0154
186.29,41.220,0.1872,0.0066,0.0042,-0.0250,-0.0255,-0.0162,0.0154,3.0257,-1.512,0.899,0.1873,800.244,43569,0.00237469,0.1872,0.0066,-1.398,1.028,3.0257,-0.0162,0.0154
186.39,41.260,0.1872,0.0066,0.0042,-0.0250,-0.0255,-0.0162,0.0154,3.0258,-1.516,0.899,0.1873,800.244,43569,0.00237469,0.1872,0.0066,-1.398,1.028,3.0257,-0.0162,0.0154
186.49,41.280,0.1872,0.0066,0.0042,-0.0250,-0.0255,-0.0162,0.0154,3.0259,-1.521,0.900,0.1873,802.679,43755.8,0.00209788,0.1872,0.0066,-1.403,1.029,3.0258,-0.0162,0.0154
186.59,41.300,0.1872,0.0066,0.0042,-0.0250,-0.0255,-0.0162,0.0154,3.0260,-1.525,0.900,0.1874,805.12,43943.2,0.00237469,0.1873,0.0060,-1.409,1.029,3.0260,-0.0162,0.0154
186.69,41.320,0.1873,0.0060,0.0038,-0.0250,-0.0255,-0.0162,0.0154,3.0261,-1.529,0.901,0.1874,805.12,43943.2,0.00237469,0.1873,0.0060,-1.409,1.029,3.0260,-0.0162,0.0154
186.79,41.340,0.1873,0.0060,0.0038,-0.0250,-0.0255,-0.0162,0.0154,3.0262,-1.533,0.901,0.1874,808.384,44193.9,0.00237469,0.1873,0.0060,-1.416,1.030,3.0261,-0.0162,0.0154
186.89,41.360,0.1873,0.0060,0.0038,-0.0251,-0.0255,-0.0162,0.0154,3.0263,-1.538,0.902,0.1874,810.839,44382.7,0.00209788,0.1873,0.0060,-1.422,1.031,3.0262,-0.0162,0.0154
186.99,41.400,0.1873,0.0060,0.0038,-0.0251,-0.0256,-0.0162,0.0154,3.0264,-1.542,0.902,0.1874,813.3,44572.1,0.00237469,0.1873,0.0055,-1.427,1.032,3.0264,-0.0162,0.0154
187.09,41.420,0.1873,0.0055,0.0035,-0.0252,-0.0256,-0.0162,0.0154,3.0265,-1.546,0.903,0.1874,813.3,44572.1,0.00237469,0.1873,0.0055,-1.427,1.032,3.0264,-0.0162,0.0154
187.19,41.440,0.1873,0.0055,0.0035,-0.0258,-0.0252,-0.0162,0.0154,3.0266,-1.551,0.903,0.1875,816.592,44825.5,0.00237469,0.1873,0.0055,-1.435,1.032,3.0265,-0.0162,0.0154
187.29,41.460,0.1873,0.0055,0.0038,-0.0250,-0.0255,-0.0162,0.0154,3.0266,-1.555,0.904,0.1873,819.067,45016.3,0.00209788,0.1873,0.0055,-1.441,1.033,3.0266,-0.0162,0.0154
187.39,41.480,0.1873,0.0055,0.0038,-0.0250,-0.0255,-0.0162,0.0154,3.0267,-1.560,0.904,0.1873,819.067,45016.3,0.00209788,0.1873,0.0055,-1.441,1.033,3.0266,-0.0162,0.0154
187.49,41.500,0.1873,0.0055,0.0035,-0.0250,-0.0256,-0.0162,0.0154,3.0268,-1.564,0.905,0.1874,821.549,45207.7,0.00237469,0.1874,0.0050,-1.446,1.034,3.0267,-0.0162,0.0154
187.59,41.540,0.1874,0.0050,0.0035,-0.0250,-0.0256,-0.0162,0.0155,3.0269,-1.568,0.905,0.1874,824.868,45463.9,0.00237469,0.1874,0.0050,-1.454,1.035,3.0269,-0.0162,0.0155
187.69,41.560,0.1874,0.0050,0.0035,-0.0250,-0.0255,-0.0162,0.0155,3.0270,-1.573,0.906,0.1874,824.868,45463.9,0.00237469,0.1874,0.0050,-1.454,1.035,3.0269,-0.0162,0.0155
187.79,41.580,0.1874,0.0050,0.0035,-0.0250,-0.0255,-0.0162,0.0155,3.0271,-1.577,0.906,0.1874,827.365,45656.8,0.00209788,0.1874,0.0050,-1.459,1.035,3.0270,-0.0162,0.0155
187.89,41.600,0.1874,0.0050,0.0035,-0.0250,-0.0255,-0.0162,0.0155,3.0271,-1.581,0.907,0.1874,829.867,45850.2,0.00237469,0.1875,0.0046,-1.465,1.036,3.0271,-0.0162,0.0155
187.99,41.620,0.1875,0.0046,0.0032,-0.0250,-0.0256,-0.0162,0.0155,3.0272,-1.585,0.907,0.1874,829.867,45850.2,0.00237469,0.1875,0.0046,-1.465,1.036,3.0271,-0.0162,0.0155
188.09,41.640,0.1875,0.0046,0.0032,-0.0250,-0.0256,-0.0162,0.0155,3.0273,-1.590,0.908,0.1874,833.214,46109.2,0.00237469,0.1875,0.0046,-1.472,1.037,3.0272,-0.0162,0.0155
188.19,41.680,0.1875,0.0046,0.0032,-0.0250,-0.0256,-0.0162,0.0155,3.0274,-1.594,0.908,0.1874,835.732,46304.1,0.00209788,0.1875,0.0046,-1.478,1.037,3.0273,-0.0162,0.0155
188.29,41.700,0.1875,0.0046,0.0032,-0.0250,-0.0256,-0.0162,0.0155,3.0274,-1.599,0.909,0.1875,838.256,46499.6,0.00237469,0.1875,0.0041,-1.483,1.038,3.0274,-0.0162,0.0155
188.39,41.720,0.1875,0.0041,0.0029,-0.0250,-0.0257,-0.0162,0.0155,3.0275,-1.603,0.909,0.1875,838.256,46499.6,0.00237469,0.1875,0.0041,-1.483,1.038,3.0274,-0.0162,0.0155
188.49,41.740,0.1875,0.0041,0.0029,-0.0250,-0.0256,-0.0162,0.0155,3.0276,-1.607,0.910,0.1875,841.632,46761.3,0.00237469,0.1875,0.0041,-1.491,1.039,3.0275,-0.0162,0.0155
188.59,41.760,0.1875,0.0041,0.0029,-0.0250,-0.0256,-0.0162,0.0155,3.0276,-1.612,0.910,0.1875,844.172,46958.3,0.00209788,0.1875,0.0041,-1.496,1.040,3.0276,-0.0162,0.0155
188.69,41.780,0.1875,0.0041,0.0029,-0.0251,-0.0256,-0.0162,0.0155,3.0277,-1.616,0.911,0.1875,844.172,46958.3,0.00209788,0.1875,0.0041,-1.496,1.040,3.0276,-0.0162,0.0155
188.79,41.820,0.1875,0.0038,0.0026,-0.0251,-0.0257,-0.0162,0.0155,3.0278,-1.620,0.911,0.1875,846.718,47155.9,0.00237469,0.1875,0.0038,-1.502,1.040,3.0277,-0.0162,0.0155
188.89,41.840,0.1875,0.0038,0.0026,-0.0251,-0.0257,-0.0162,0.0155,3.0278,-1.625,0.912,0.1875,850.124,47420.4,0.00237469,0.1875,0.0038,-1.509,1.041,3.0278,-0.0162,0.0155
188.99,41.860,0.1875,0.0038,0.0026,-0.0251,-0.0257,-0.0162,0.0155,3.0279,-1.629,0.912,0.1875,852.686,47619.4,0.00209788,0.1875,0.0038,-1.515,1.042,3.0279,-0.0162,0.0155
189.09,41.880,0.1875,0.0038,0.0026,-0.0251,-0.0257,-0.0162,0.0155,3.0279,-1.634,0.913,0.1875,852.686,47619.4,0.00209788,0.1875,0.0038,-1.515,1.042,3.0279,-0.0162,0.0155
189.19,41.900,0.1875,0.0038,0.0023,-0.0251,-0.0257,-0.0162,0.0155,3.0280,-1.638,0.913,0.1876,855.255,47819.2,0.00237469,0.1876,0.0034,-1.521,1.042,3.0279,-0.0162,0.0155
189.29,41.920,0.1876,0.0034,0.0023,-0.0251,-0.0257,-0.0162,0.0155,3.0280,-1.642,0.914,0.1876,858.691,48086.4,0.00237469,0.1876,0.0034,-1.528,1.043,3.0280,-0.0162,0.0155
189.39,41.960,0.1876,0.0034,0.0023,-0.0251,-0.0257,-0.0162,0.0155,3.0281,-1.647,0.914,0.1876,858.691,48086.4,0.00237469,0.1876,0.0034,-1.528,1.043,3.0280,-0.0162,0.0155
189.49,41.980,0.1876,0.0034,0.0023,-0.0251,-0.0257,-0.0162,0.0155,3.0282,-1.651,0.915,0.1876,861.277,48287.6,0.00209788,0.1876,0.0034,-1.534,1.044,3.0281,-0.0162,0.0155
189.59,42.000,0.1876,0.0034,0.0023,-0.0251,-0.0257,-0.0162,0.0155,3.0282,-1.655,0.915,0.1820,863.87,48489.4,0.00237469,0.1792,0.0734,-1.539,1.044,3.0282,-0.0162,0.0155
189.69,42.020,0.1792,0.0189,0.0230,-0.0215,-0.0182,-0.0161,0.0155,3.0286,-1.659,0.916,0.1793,863.87,48489.4,0.00237469,0.1792,0.0734,-1.539,1.044,3.0282,-0.0161,0.0155
189.79,42.040,0.1792,0.0389,0.0367,-0.0218,-0.0161,-0.0161,0.0155,3.0294,-1.664,0.916,0.1794,867.336,48759.5,0.00237469,0.1792,0.0734,-1.547,1.045,3.0285,-0.0161,0.0155
189.89,42.060,0.1792,0.0589,0.0504,-0.0224,-0.0141,-0.0161,0.0155,3.0305,-1.668,0.917,0.1794,869.934,48962.9,0.00209788,0.1792,0.0734,-1.552,1.046,3.0295,-0.0161,0.0155
189.99,42.100,0.1792,0.0734,0.0504,-0.0259,-0.0178,-0.0161,0.0155,3.0317,-1.672,0.917,0.1796,872.514,49166.8,0.00237469,0.1794,0.0721,-1.557,1.046,3.0309,-0.0161,0.0155
190.09,42.120,0.1794,0.0721,0.0494,-0.0259,-0.0179,-0.0161,0.0155,3.0328,-1.676,0.918,0.1796,872.514,49166.8,0.00237469,0.1794,0.0721,-1.557,1.046,3.0309,-0.0161,0.0155
190.19,42.140,0.1794,0.0721,0.0493,-0.0259,-0.0179,-0.0161,0.0156,3.0340,-1.680,0.918,0.1795,875.912,49439.9,0.00237469,0.1794,0.0721,-1.564,1.047,3.0330,-0.0161,0.0156
190.29,42.160,0.1794,0.0721,0.0481,-0.0084,-0.0111,-0.0161,0.0156,3.0351,-1.685,0.918,0.1794,878.429,49645.5,0.00209788,0.1794,0.0721,-1.570,1.048,3.0345,-0.0160,0.0156
190.39,42.180,0.1794,0.0721,0.0482,-0.0209,-0.0216,-0.0160,0.0156,3.0363,-1.689,0.919,0.1800,878.429,49645.5,0.00209788,0.1794,0.0721,-1.570,1.048,3.0345,-0.0160,0.0156
190.49,42.200,0.1794,0.0721,0.0436,-0.0154,-0.0256,-0.0160,0.0156,3.0373,-1.693,0.919,0.1805,880.918,49851.7,0.00237469,0.1802,0.0651,-1.575,1.048,3.0360,-0.0160,0.0156
190.59,42.240,0.1802,0.0651,0.0436,-0.0214,-0.0219,-0.0160,0.0156,3.0383,-1.697,0.920,0.1808,884.198,50127.7,0.00237469,0.1802,0.0651,-1.582,1.049,3.0378,-0.0160,0.0156
190.69,42.260,0.1802,0.0651,0.0436,-0.0214,-0.0219,-0.0160,0.0157,3.0394,-1.702,0.920,0.1809,886.63,50335.6,0.00209788,0.1802,0.0651,-1.588,1.050,3.0391,-0.0160,0.0157
190.79,42.280,0.1802,0.0651,0.0437,-0.0214,-0.0219,-0.0160,0.0157,3.0404,-1.706,0.921,0.1810,886.63,50335.6,0.00209788,0.1802,0.0651,-1.588,1.050,3.0391,-0.0160,0.0157
190.89,42.300,0.1802,0.0651,0.0395,-0.0088,-0.0113,-0.0160,0.0157,3.0414,-1.710,0.921,0.1814,889.039,50544.1,0.00237469,0.1810,0.0588,-1.593,1.050,3.0404,-0.0160,0.0157
193.55,42.940,0.1842,0.0320,0.0178,-0.0473,-0.0408,-0.0146,0.0292,3.0596,-1.824,0.931,0.1842,936.002,55154.7,0.00237469,0.1842,0.0320,-1.709,1.061,3.0595,-0.0146,0.0292
193.65,42.960,0.1842,0.0320,0.0179,-0.0482,-0.0407,-0.0143,0.0297,3.0600,-1.829,0.932,0.1840,936.002,55154.7,0.00237469,0.1842,0.0320,-1.709,1.061,3.0595,-0.0144,0.0296
193.75,42.980,0.1842,0.0320,0.0180,-0.0487,-0.0405,-0.0141,0.0302,3.0604,-1.833,0.932,0.1837,938.065,55378.5,0.00209788,0.1842,0.0320,-1.715,1.061,3.0600,-0.0142,0.0300
193.85,43.000,0.1842,0.0320,0.0172,-0.0495,-0.0402,-0.0138,0.0308,3.0608,-1.837,0.933,0.1836,940.121,55603,0.00237469,0.1844,0.0304,-1.720,1.062,3.0605,-0.0138,0.0307
193.95,43.020,0.1844,0.0304,0.0173,-0.0501,-0.0399,-0.0135,0.0314,3.0613,-1.842,0.933,0.1849,942.849,55903.4,0.00237469,0.1844,0.0304,-1.728,1.062,3.0612,-0.0135,0.0313
194.05,43.060,0.1844,0.0304,0.0173,-0.0593,-0.0260,-0.0135,0.0314,3.0617,-1.846,0.933,0.1820,942.849,55903.4,0.00237469,0.1844,0.0304,-1.728,1.062,3.0612,-0.0135,0.0314
194.15,43.080,0.1844,0.0304,0.0173,-0.0509,-0.0187,-0.0134,0.0315,3.0621,-1.851,0.934,0.1819,944.886,56129.5,0.00209788,0.1844,0.0304,-1.733,1.063,3.0618,-0.0134,0.0314
194.25,43.100,0.1844,0.0304,0.0173,-0.0509,-0.0186,-0.0134,0.0315,3.0625,-1.854,0.934,0.1824,946.914,56356.3,0.00237469,0.1846,0.0280,-1.739,1.063,3.0623,-0.0134,0.0315
194.35,43.120,0.1846,0.0280,0.0160,-0.0403,-0.0248,-0.0134,0.0315,3.0628,-1.858,0.935,0.1824,946.914,56356.3,0.00237469,0.1846,0.0280,-1.739,1.063,3.0623,-0.0134,0.0315
194.45,43.140,0.1846,0.0280,0.0159,-0.0511,-0.0188,-0.0134,0.0315,3.0632,-1.863,0.935,0.1824,949.606,56659.9,0.00237469,0.1846,0.0280,-1.746,1.064,3.0629,-0.0134,0.0315
194.55,43.160,0.1846,0.0280,0.0159,-0.0512,-0.0188,-0.0134,0.0316,3.0636,-1.867,0.935,0.1824,951.618,56888.3,0.00209788,0.1846,0.0280,-1.752,1.064,3.0634,-0.0134,0.0316
194.65,43.180,0.1846,0.0280,0.0159,-0.0512,-0.0188,-0.0134,0.0316,3.0640,-1.871,0.936,0.1824,953.622,57117.5,0.00237469,0.1849,0.0258,-1.757,1.065,3.0639,-0.0134,0.0316
194.75,43.220,0.1849,0.0258,0.0147,-0.0399,-0.0252,-0.0134,0.0316,3.0643,-1.875,0.936,0.1829,953.622,57117.5,0.00237469,0.1849,0.0258,-1.757,1.065,3.0639,-0.0134,0.0316
194.85,43.240,0.1849,0.0258,0.0147,-0.0513,-0.0190,-0.0134,0.0317,3.0647,-1.880,0.936,0.1828,956.283,57424.1,0.00237469,0.1849,0.0258,-1.764,1.065,3.0645,-0.0134,0.0317
194.95,43.260,0.1849,0.0258,0.0147,-0.0513,-0.0190,-0.0134,0.0317,3.0650,-1.884,0.937,0.1828,958.272,57655,0.00209788,0.1849,0.0258,-1.770,1.066,3.0649,-0.0134,0.0317
195.05,43.280,0.1849,0.0258,0.0147,-0.0514,-0.0190,-0.0134,0.0317,3.0654,-1.889,0.937,0.1828,958.272,57655,0.00209788,0.1849,0.0258,-1.770,1.066,3.0649,-0.0134,0.0317
195.15,43.300,0.1849,0.0258,0.0135,-0.0394,-0.0257,-0.0134,0.0318,3.0657,-1.892,0.938,0.1832,960.255,57886.5,0.00237469,0.1851,0.0238,-1.775,1.066,3.0654,-0.0134,0.0317
195.25,43.320,0.1851,0.0238,0.0135,-0.0606,-0.0269,-0.0134,0.0318,3.0660,-1.897,0.938,0.1832,962.888,58196.3,0.00237469,0.1851,0.0238,-1.783,1.067,3.0659,-0.0134,0.0318
195.35,43.360,0.1851,0.0238,0.0135,-0.0515,-0.0192,-0.0134,0.0318,3.0663,-1.901,0.938,0.1832,962.888,58196.3,0.00237469,0.1851,0.0238,-1.783,1.067,3.0659,-0.0134,0.0318
195.45,43.380,0.1851,0.0238,0.0135,-0.0516,-0.0191,-0.0134,0.0319,3.0666,-1.905,0.939,0.1832,964.857,58429.5,0.00209788,0.1851,0.0238,-1.788,1.067,3.0663,-0.0134,0.0318
195.55,43.400,0.1851,0.0238,0.0135,-0.0516,-0.0191,-0.0134,0.0319,3.0669,-1.909,0.939,0.1836,966.82,58663.4,0.00237469,0.1854,0.0220,-1.794,1.067,3.0667,-0.0134,0.0319
195.65,43.420,0.1854,0.0220,0.0125,-0.0594,-0.0259,-0.0134,0.0319,3.0672,-1.914,0.939,0.1836,966.82,58663.4,0.00237469,0.1854,0.0220,-1.794,1.067,3.0667,-0.0134,0.0319
195.75,43.440,0.1854,0.0220,0.0125,-0.0517,-0.0193,-0.0134,0.0319,3.0675,-1.918,0.940,0.1836,969.429,58976.3,0.00237469,0.1854,0.0220,-1.801,1.068,3.0672,-0.0134,0.0319
195.85,43.460,0.1854,0.0220,0.0125,-0.0518,-0.0193,-0.0133,0.0320,3.0677,-1.921,0.940,0.1836,971.38,59211.9,0.00209788,0.1854,0.0220,-1.807,1.068,3.0676,-0.0133,0.0320
195.95,43.480,0.1854,0.0220,0.0125,-0.0518,-0.0193,-0.0133,0.0320,3.0680,-1.926,0.940,0.1836,971.38,59211.9,0.00209788,0.1854,0.0220,-1.807,1.068,3.0676,-0.0133,0.0320
196.05,43.500,0.1854,0.0220,0.0115,-0.0398,-0.0260,-0.0133,0.0320,3.0683,-1.929,0.941,0.1840,973.325,59448.2,0.00237469,0.1856,0.0203,-1.812,1.069,3.0680,-0.0133,0.0320
196.15,43.520,0.1856,0.0203,0.0115,-0.0519,-0.0195,-0.0133,0.0321,3.0685,-1.933,0.941,0.1839,975.912,59764.3,0.00237469,0.1856,0.0203,-1.820,1.069,3.0684,-0.0133,0.0320
196.25,43.560,0.1856,0.0203,0.0115,-0.0520,-0.0195,-0.0133,0.0321,3.0688,-1.938,0.941,0.1839,975.912,59764.3,0.00237469,0.1856,0.0203,-1.820,1.069,3.0684,-0.0133,0.0321
196.35,43.580,0.1856,0.0203,0.0115,-0.0520,-0.0194,-0.0133,0.0321,3.0690,-1.942,0.942,0.1839,977.847,60002.3,0.00209788,0.1856,0.0203,-1.825,1.070,3.0688,-0.0133,0.0321
196.45,43.600,0.1856,0.0203,0.0115,-0.0521,-0.0194,-0.0133,0.0321,3.0693,-1.946,0.942,0.1842,979.778,60241,0.00237469,0.1858,0.0187,-1.831,1.070,3.0691,-0.0133,0.0321
196.55,43.620,0.1858,0.0187,0.0106,-0.0521,-0.0196,-0.0133,0.0322,3.0695,-1.950,0.942,0.1843,979.778,60241,0.00237469,0.1858,0.0187,-1.831,1.070,3.0691,-0.0133,0.0322
196.65,43.640,0.1858,0.0187,0.0106,-0.0522,-0.0196,-0.0133,0.0322,3.0698,-1.955,0.943,0.1843,982.345,60560.3,0.00237469,0.1858,0.0187,-1.838,1.071,3.0696,-0.0133,0.0322
196.75,43.660,0.1858,0.0187,0.0106,-0.0522,-0.0196,-0.0133,0.0322,3.0701,-1.959,0.943,0.1843,984.266,60800.7,0.00209788,0.1858,0.0187,-1.844,1.071,3.0699,-0.0133,0.0322
196.85,43.700,0.1858,0.0187,0.0106,-0.0523,-0.0196,-0.0133,0.0323,3.0703,-1.963,0.943,0.1845,986.183,61041.8,0.00237469,0.1859,0.0173,-1.849,1.072,3.0702,-0.0133,0.0323
196.95,43.720,0.1859,0.0173,0.0098,-0.0615,-0.0275,-0.0133,0.0323,3.0705,-1.968,0.944,0.1845,986.183,61041.8,0.00237469,0.1859,0.0173,-1.849,1.072,3.0702,-0.0133,0.0323
197.05,43.740,0.1859,0.0173,0.0098,-0.0523,-0.0197,-0.0133,0.0323,3.0708,-1.972,0.944,0.1845,988.734,61364.4,0.00237469,0.1859,0.0173,-1.857,1.072,3.0706,-0.0133,0.0323
197.15,43.760,0.1859,0.0173,0.0098,-0.0524,-0.0197,-0.0133,0.0324,3.0710,-1.977,0.944,0.1845,990.643,61607.2,0.00209788,0.1859,0.0173,-1.862,1.072,3.0709,-0.0133,0.0323
197.25,43.780,0.1859,0.0173,0.0098,-0.0524,-0.0197,-0.0133,0.0324,3.0712,-1.981,0.945,0.1845,990.643,61607.2,0.00209788,0.1859,0.0173,-1.862,1.072,3.0709,-0.0133,0.0324
197.35,43.820,0.1861,0.0159,0.0090,-0.0605,-0.0266,-0.0133,0.0324,3.0714,-1.985,0.945,0.1848,992.548,61850.8,0.00237469,0.1861,0.0159,-1.868,1.073,3.0712,-0.0133,0.0324
197.45,43.840,0.1861,0.0159,0.0090,-0.0525,-0.0198,-0.0133,0.0324,3.0717,-1.990,0.946,0.1848,995.084,62176.6,0.00237469,0.1861,0.0159,-1.875,1.073,3.0715,-0.0133,0.0324
197.55,43.860,0.1861,0.0159,0.0090,-0.0526,-0.0198,-0.0133,0.0325,3.0719,-1.994,0.946,0.1848,996.983,62421.9,0.00209788,0.1861,0.0159,-1.881,1.074,3.0718,-0.0133,0.0325
197.65,43.880,0.1861,0.0159,0.0090,-0.0526,-0.0198,-0.0133,0.0325,3.0721,-1.999,0.946,0.1848,996.983,62421.9,0.00209788,0.1861,0.0159,-1.881,1.074,3.0718,-0.0133,0.0325
197.75,43.900,0.1861,0.0159,0.0075,-0.1265,0.1748,-0.0133,0.0325,3.0723,-2.003,0.946,0.1859,998.878,62667.9,0.00237469,0.1862,0.0147,-1.887,1.074,3.0721,-0.0133,0.0325
197.85,43.920,0.1862,0.0147,0.0102,-0.7614,-0.6496,-0.0133,0.0318,3.0725,-2.007,0.947,0.1843,1001.4,62997,0.00237469,0.1862,0.0147,-1.894,1.075,3.0724,-0.0133,0.0322
197.95,43.960,0.1862,0.0147,0.0121,-0.2578,0.0726,-0.0133,0.0304,3.0728,-2.012,0.947,0.1817,1001.4,62997,0.00237469,0.1862,0.0147,-1.894,1.075,3.0724,-0.0133,0.0306
198.05,43.980,0.1862,0.0147,0.0098,-0.2501,0.0738,-0.0133,0.0282,3.0731,-2.016,0.947,0.1795,1003.29,63244.7,0.00209788,0.1862,0.0147,-1.900,1.075,3.0728,-0.0133,0.0289
198.15,44.000,0.1862,0.0147,0.0029,-0.8129,0.3056,-0.0132,0.0254,3.0733,-2.020,0.948,0.1775,1005.18,63493.1,0.00237469,0.1864,0.0135,-1.905,1.075,3.0731,-0.0132,0.0254
198.25,44.020,0.1864,0.0135,0.0011,-0.2780,-0.0363,-0.0132,0.0219,3.0734,-2.024,0.948,0.1746,1007.68,63825.6,0.00237469,0.1864,0.0135,-1.913,1.076,3.0734,-0.0132,0.0226
198.35,44.040,0.1864,0.0135,-0.0003,-0.2244,-0.0171,-0.0132,0.0177,3.0735,-2.029,0.948,0.1834,1007.68,63825.6,0.00237469,0.1864,0.0135,-1.913,1.076,3.0734,-0.0132,0.0192
198.45,44.080,0.1864,0.0135,0.0135,0.6295,-0.0189,-0.0132,0.0174,3.0738,-2.033,0.949,0.1884,1009.56,64075.8,0.00209788,0.1864,0.0135,-1.918,1.076,3.0735,-0.0132,0.0173
198.55,44.100,0.1864,0.0135,0.0135,-0.6633,-0.0189,-0.0132,0.0179,3.0741,-2.037,0.949,0.1865,1011.44,64326.7,0.00237469,0.1865,0.0125,-1.924,1.077,3.0739,-0.0132,0.0179
198.65,44.120,0.1865,0.0125,0.0086,-0.0281,-0.0206,-0.0132,0.0179,3.0743,-2.042,0.949,0.1865,1011.44,64326.7,0.00237469,0.1865,0.0125,-1.924,1.077,3.0739,-0.0132,0.0179
198.75,44.140,0.1865,0.0125,0.0086,-0.0281,-0.0207,-0.0132,0.0179,3.0745,-2.046,0.949,0.1865,1013.94,64662.4,0.00237469,0.1865,0.0125,-1.931,1.077,3.0743,-0.0132,0.0179
198.85,44.160,0.1865,0.0125,0.0086,-0.0281,-0.0207,-0.0132,0.0179,3.0747,-2.050,0.950,0.1865,1015.8,64915.1,0.00209788,0.1865,0.0125,-1.937,1.078,3.0746,-0.0132,0.0179
198.95,44.200,0.1865,0.0125,0.0086,-0.0282,-0.0207,-0.0132,0.0179,3.0749,-2.055,0.950,0.1865,1017.67,65168.6,0.00237469,0.1867,0.0110,-1.942,1.078,3.0748,-0.0132,0.0179
199.05,44.220,0.1867,0.0110,0.0076,-0.0282,-0.0208,-0.0132,0.0179,3.0751,-2.059,0.950,0.1867,1017.67,65168.6,0.00237469,0.1867,0.0110,-1.942,1.078,3.0748,-0.0132,0.0179
199.15,44.240,0.1867,0.0110,0.0076,-0.0283,-0.0208,-0.0132,0.0179,3.0753,-2.064,0.951,0.1867,1020.15,65507.7,0.00237469,0.1867,0.0110,-1.950,1.078,3.0751,-0.0132,0.0179
199.25,44.260,0.1867,0.0110,0.0076,-0.0283,-0.0208,-0.0132,0.0179,3.0754,-2.068,0.951,0.1867,1022.01,65762.9,0.00209788,0.1867,0.0110,-1.955,1.079,3.0754,-0.0132,0.0179
199.35,44.280,0.1867,0.0110,0.0076,-0.0283,-0.0208,-0.0132,0.0179,3.0756,-2.072,0.951,0.1867,1022.01,65762.9,0.00209788,0.1867,0.0110,-1.955,1.079,3.0754,-0.0132,0.0179
199.45,44.300,0.1867,0.0110,0.0069,-0.0283,-0.0209,-0.0132,0.0179,3.0758,-2.077,0.951,0.1868,1023.86,66018.8,0.00237469,0.1868,0.0100,-1.961,1.079,3.0756,-0.0132,0.0179
199.55,44.340,0.1868,0.0100,0.0069,-0.0283,-0.0209,-0.0132,0.0179,3.0760,-2.081,0.952,0.1868,1026.33,66361.3,0.00237469,0.1868,0.0100,-1.968,1.080,3.0759,-0.0132,0.0179
199.65,44.360,0.1868,0.0100,0.0069,-0.0283,-0.0209,-0.0132,0.0179,3.0761,-2.086,0.952,0.1868,1028.19,66619,0.00209788,0.1868,0.0100,-1.974,1.080,3.0761,-0.0132,0.0179
199.75,44.380,0.1868,0.0100,0.0069,-0.0283,-0.0209,-0.0132,0.0179,3.0763,-2.090,0.952,0.1868,1028.19,66619,0.00209788,0.1868,0.0100,-1.974,1.080,3.0761,-0.0132,0.0179
199.85,44.400,0.1868,0.0100,0.0062,-0.0284,-0.0209,-0.0132,0.0179,3.0764,-2.095,0.953,0.1869,1030.04,66877.5,0.00237469,0.1869,0.0090,-1.980,1.080,3.0763,-0.0132,0.0179
199.95,44.420,0.1869,0.0090,0.0062,-0.0284,-0.0209,-0.0132,0.0179,3.0766,-2.099,0.953,0.1869,1032.5,67223.3,0.00237469,0.1869,0.0090,-1.987,1.081,3.0765,-0.0132,0.0179
200.05,44.460,0.1869,0.0090,0.0062,-0.0284,-0.0209,-0.0132,0.0179,3.0767,-2.103,0.953,0.1869,1032.5,67223.3,0.00237469,0.1869,0.0090,-1.987,1.081,3.0765,-0.0132,0.0179
200.15,44.480,0.1869,0.0090,0.0062,-0.0284,-0.0209,-0.0132,0.0179,3.0769,-2.108,0.953,0.1869,1034.35,67483.6,0.00209788,0.1869,0.0090,-1.993,1.081,3.0767,-0.0132,0.0179
200.25,44.500,0.1869,0.0090,0.0062,-0.0284,-0.0209,-0.0132,0.0179,3.0770,-2.112,0.954,0.1870,1036.19,67744.6,0.00237469,0.1870,0.0081,-1.998,1.082,3.0769,-0.0132,0.0179
200.35,44.520,0.1870,0.0081,0.0062,-0.0284,-0.0209,-0.0132,0.0179,3.0771,-2.116,0.954,0.1869,1036.19,67744.6,0.00237469,0.1870,0.0081,-1.998,1.082,3.0769,-0.0132,0.0179
200.45,44.540,0.1870,0.0081,0.0062,-0.0284,-0.0209,-0.0132,0.0179,3.0773,-2.121,0.954,0.1869,1038.65,68093.9,0.00237469,0.1870,0.0081,-2.006,1.082,3.0772,-0.0132,0.0179
200.55,44.560,0.1870,0.0081,0.0062,-0.0284,-0.0209,-0.0132,0.0179,3.0774,-2.125,0.955,0.1869,1040.5,68356.7,0.00209788,0.1870,0.0081,-2.011,1.082,3.0773,-0.0132,0.0179
200.65,44.580,0.1870,0.0081,0.0062,-0.0284,-0.0209,-0.0132,0.0179,3.0776,-2.129,0.955,0.1869,1042.34,68620.3,0.00237469,0.1871,0.0073,-2.017,1.083,3.0775,-0.0132,0.0179
200.75,44.620,0.1871,0.0073,0.0056,-0.0285,-0.0210,-0.0132,0.0179,3.0777,-2.133,0.955,0.1870,1042.34,68620.3,0.00237469,0.1871,0.0073,-2.017,1.083,3.0775,-0.0132,0.0179
200.85,44.640,0.1871,0.0073,0.0056,-0.0285,-0.0210,-0.0132,0.0179,3.0778,-2.137,0.955,0.1870,1044.79,68973,0.00237469,0.1871,0.0073,-2.024,1.083,3.0778,-0.0132,0.0179
200.95,44.660,0.1871,0.0073,0.0056,-0.0285,-0.0210,-0.0132,0.0179,3.0780,-2.142,0.956,0.1870,1046.63,69238.4,0.00209788,0.1871,0.0073,-2.030,1.084,3.0779,-0.0132,0.0179
201.05,44.680,0.1871,0.0073,0.0056,-0.0285,-0.0210,-0.0132,0.0179,3.0781,-2.146,0.956,0.1870,1046.63,69238.4,0.00209788,0.1871,0.0073,-2.030,1.084,3.0779,-0.0132,0.0179
201.15,44.700,0.1871,0.0073,0.0050,-0.0286,-0.0210,-0.0132,0.0179,3.0782,-2.150,0.956,0.1871,1048.47,69504.6,0.00237469,0.1872,0.0065,-2.036,1.084,3.0781,-0.0132,0.0179
201.25,44.720,0.1872,0.0065,0.0050,-0.0286,-0.0210,-0.0132,0.0179,3.0783,-2.155,0.956,0.1871,1050.92,69860.8,0.00237469,0.1872,0.0065,-2.043,1.084,3.0783,-0.0132,0.0179
201.35,44.740,0.1872,0.0065,0.0050,-0.0286,-0.0210,-0.0132,0.0179,3.0784,-2.158,0.957,0.1871,1050.92,69860.8,0.00237469,0.1872,0.0065,-2.043,1.084,3.0783,-0.0132,0.0179
201.45,44.780,0.1872,0.0065,0.0050,-0.0286,-0.0210,-0.0132,0.0179,3.0785,-2.163,0.957,0.1871,1052.76,70128.8,0.00209788,0.1872,0.0065,-2.049,1.085,3.0784,-0.0132,0.0179
201.55,44.800,0.1872,0.0065,0.0050,-0.0286,-0.0210,-0.0132,0.0179,3.0787,-2.167,0.957,0.1872,1054.6,70397.6,0.00237469,0.1873,0.0058,-2.054,1.085,3.0786,-0.0132,0.0179
201.65,44.820,0.1873,0.0058,0.0044,-0.0286,-0.0210,-0.0132,0.0179,3.0788,-2.172,0.958,0.1872,1054.6,70397.6,0.00237469,0.1873,0.0058,-2.054,1.085,3.0786,-0.0132,0.0179
201.75,44.840,0.1873,0.0058,0.0044,-0.0286,-0.0210,-0.0131,0.0179,3.0789,-2.176,0.958,0.1872,1057.05,70757.2,0.00237469,0.1873,0.0058,-2.062,1.086,3.0788,-0.0131,0.0179
201.85,44.860,0.1873,0.0058,0.0044,-0.0286,-0.0210,-0.0131,0.0179,3.0790,-2.180,0.958,0.1872,1058.89,71027.8,0.00209788,0.1873,0.0058,-2.067,1.086,3.0789,-0.0131,0.0179
201.95,44.880,0.1873,0.0058,0.0044,-0.0286,-0.0210,-0.0131,0.0179,3.0791,-2.185,0.958,0.1872,1058.89,71027.8,0.00209788,0.1873,0.0058,-2.067,1.086,3.0789,-0.0131,0.0179
202.05,44.900,0.1873,0.0058,0.0040,-0.0287,-0.0210,-0.0131,0.0179,3.0792,-2.189,0.959,0.1873,1060.73,71299.2,0.00237469,0.1874,0.0052,-2.073,1.086,3.0790,-0.0131,0.0179
202.15,44.940,0.1874,0.0052,0.0040,-0.0287,-0.0210,-0.0131,0.0179,3.0792,-2.193,0.959,0.1873,1063.18,71662.4,0.00237469,0.1874,0.0052,-2.080,1.087,3.0792,-0.0131,0.0179
202.25,44.960,0.1874,0.0052,0.0040,-0.0287,-0.0210,-0.0131,0.0179,3.0793,-2.198,0.959,0.1873,1063.18,71662.4,0.00237469,0.1874,0.0052,-2.080,1.087,3.0792,-0.0131,0.0179
202.35,44.980,0.1874,0.0052,0.0040,-0.0287,-0.0210,-0.0131,0.0179,3.0794,-2.202,0.959,0.1873,1065.02,71935.6,0.00209788,0.1874,0.0052,-2.086,1.087,3.0793,-0.0131,0.0179
202.45,45.000,0.1874,0.0052,0.0035,-0.0287,-0.0210,-0.0131,0.0179,3.0795,-2.206,0.960,0.1874,1066.86,72209.7,0.00237469,0.1874,0.0046,-2.092,1.088,3.0794,-0.0131,0.0179
202.55,45.020,0.1874,0.0046,0.0035,-0.0287,-0.0210,-0.0131,0.0179,3.0796,-2.210,0.960,0.1874,1066.86,72209.7,0.00237469,0.1874,0.0046,-2.092,1.088,3.0794,-0.0131,0.0179
202.65,45.040,0.1874,0.0046,0.0035,-0.0287,-0.0210,-0.0131,0.0179,3.0797,-2.214,0.960,0.1874,1069.31,72576.3,0.00237469,0.1874,0.0046,-2.099,1.088,3.0796,-0.0131,0.0179
202.75,45.060,0.1874,0.0046,0.0035,-0.0287,-0.0210,-0.0131,0.0179,3.0798,-2.219,0.960,0.1874,1071.15,72852.2,0.00209788,0.1874,0.0046,-2.105,1.088,3.0797,-0.0131,0.0179
202.85,45.100,0.1874,0.0046,0.0035,-0.0287,-0.0210,-0.0131,0.0179,3.0798,-2.223,0.961,0.1874,1072.99,73128.9,0.00237469,0.1875,0.0042,-2.110,1.089,3.0798,-0.0131,0.0179
202.95,45.120,0.1875,0.0042,0.0032,-0.0288,-0.0211,-0.0131,0.0179,3.0799,-2.227,0.961,0.1874,1072.99,73128.9,0.00237469,0.1875,0.0042,-2.110,1.089,3.0798,-0.0131,0.0179
203.05,45.140,0.1875,0.0042,0.0032,-0.0288,-0.0211,-0.0131,0.0179,3.0800,-2.232,0.961,0.1874,1075.45,73499.1,0.00237469,0.1875,0.0042,-2.118,1.089,3.0799,-0.0131,0.0179
203.15,45.160,0.1875,0.0042,0.0032,-0.0288,-0.0211,-0.0131,0.0179,3.0800,-2.236,0.961,0.1875,1077.29,73777.7,0.00209788,0.1875,0.0042,-2.123,1.090,3.0800,-0.0131,0.0179
203.25,45.180,0.1875,0.0042,0.0032,-0.0288,-0.0211,-0.0131,0.0179,3.0801,-2.240,0.962,0.1875,1077.29,73777.7,0.00209788,0.1875,0.0042,-2.123,1.090,3.0800,-0.0131,0.0179
203.35,45.200,0.1875,0.0042,0.0028,-0.0288,-0.0211,-0.0131,0.0179,3.0802,-2.245,0.962,0.1875,1079.14,74057.1,0.00237469,0.1876,0.0037,-2.129,1.090,3.0801,-0.0131,0.0179
203.45,45.240,0.1876,0.0037,0.0028,-0.0288,-0.0211,-0.0131,0.0179,3.0803,-2.249,0.962,0.1875,1081.6,74430.9,0.00237469,0.1876,0.0037,-2.137,1.090,3.0802,-0.0131,0.0179
203.55,45.260,0.1876,0.0037,0.0028,-0.0288,-0.0211,-0.0131,0.0179,3.0803,-2.253,0.963,0.1875,1081.6,74430.9,0.00237469,0.1876,0.0037,-2.137,1.090,3.0802,-0.0131,0.0179
203.65,45.280,0.1876,0.0037,0.0028,-0.0288,-0.0211,-0.0131,0.0179,3.0804,-2.258,0.963,0.1875,1083.45,74712.1,0.00209788,0.1876,0.0037,-2.142,1.091,3.0803,-0.0131,0.0179
203.75,45.300,0.1876,0.0037,0.0028,-0.0289,-0.0211,-0.0131,0.0179,3.0804,-2.262,0.963,0.1875,1085.3,74994.2,0.00237469,0.1876,0.0033,-2.148,1.091,3.0804,-0.0131,0.0179
203.85,45.320,0.1876,0.0033,0.0023,-0.0288,-0.0211,-0.0131,0.0179,3.0805,-2.266,0.963,0.1875,1085.3,74994.2,0.00237469,0.1876,0.0033,-2.148,1.091,3.0804,-0.0131,0.0179
203.95,45.340,0.1876,0.0033,0.0023,-0.0288,-0.0211,-0.0131,0.0179,3.0806,-2.270,0.964,0.1875,1087.77,75371.5,0.00237469,0.1876,0.0033,-2.155,1.091,3.0805,-0.0131,0.0179
204.05,45.360,0.1876,0.0033,0.0023,-0.0288,-0.0211,-0.0131,0.0179,3.0806,-2.274,0.964,0.1875,1089.62,75655.5,0.00209788,0.1876,0.0033,-2.161,1.092,3.0806,-0.0131,0.0179
204.15,45.380,0.1876,0.0033,0.0023,-0.0288,-0.0211,-0.0131,0.0179,3.0807,-2.279,0.964,0.1875,1089.62,75655.5,0.00209788,0.1876,0.0033,-2.161,1.092,3.0806,-0.0131,0.0179
204.25,45.420,0.1876,0.0030,0.0021,-0.0289,-0.0211,-0.0131,0.0179,3.0807,-2.283,0.964,0.1876,1091.48,75940.3,0.00237469,0.1876,0.0030,-2.166,1.092,3.0806,-0.0131,0.0179
204.35,45.440,0.1876,0.0030,0.0021,-0.0289,-0.0211,-0.0131,0.0179,3.0807,-2.287,0.965,0.1876,1093.95,76321.3,0.00237469,0.1876,0.0030,-2.174,1.093,3.0807,-0.0131,0.0179
204.45,45.460,0.1876,0.0030,0.0021,-0.0289,-0.0211,-0.0131,0.0179,3.0808,-2.291,0.965,0.1876,1095.81,76608,0.00209788,0.1876,0.0030,-2.180,1.093,3.0808,-0.0131,0.0179
204.55,45.480,0.1876,0.0030,0.0021,-0.0289,-0.0211,-0.0131,0.0179,3.0808,-2.296,0.965,0.1876,1095.81,76608,0.00209788,0.1876,0.0030,-2.180,1.093,3.0808,-0.0131,0.0179
204.65,45.500,0.1876,0.0030,0.0019,-0.0289,-0.0211,-0.0131,0.0179,3.0809,-2.300,0.965,0.1876,1097.67,76895.5,0.00237469,0.1877,0.0027,-2.185,1.093,3.0808,-0.0131,0.0179
204.75,45.520,0.1877,0.0027,0.0019,-0.0289,-0.0211,-0.0131,0.0179,3.0809,-2.304,0.966,0.1876,1100.16,77280.1,0.00237469,0.1877,0.0027,-2.193,1.094,3.0809,-0.0131,0.0179
204.85,45.540,0.1877,0.0027,0.0019,-0.0289,-0.0211,-0.0131,0.0179,3.0810,-2.309,0.966,0.1876,1100.16,77280.1,0.00237469,0.1877,0.0027,-2.193,1.094,3.0809,-0.0131,0.0179
204.95,45.580,0.1877,0.0027,0.0019,-0.0289,-0.0211,-0.0131,0.0179,3.0810,-2.313,0.966,0.1876,1102.03,77569.5,0.00209788,0.1877,0.0027,-2.198,1.094,3.0810,-0.0131,0.0179
205.05,45.600,0.1877,0.0027,0.0019,-0.0289,-0.0211,-0.0131,0.0179,3.0811,-2.317,0.966,0.1876,1103.9,77859.8,0.00237469,0.1877,0.0024,-2.204,1.094,3.0810,-0.0131,0.0179
205.15,45.620,0.1877,0.0024,0.0017,-0.0289,-0.0211,-0.0131,0.0179,3.0811,-2.322,0.967,0.1876,1103.9,77859.8,0.00237469,0.1877,0.0024,-2.204,1.094,3.0810,-0.0131,0.0179
205.25,45.640,0.1877,0.0024,0.0017,-0.0289,-0.0211,-0.0131,0.0179,3.0811,-2.326,0.967,0.1876,1106.39,78248,0.00237469,0.1877,0.0024,-2.211,1.095,3.0811,-0.0131,0.0179
205.35,45.660,0.1877,0.0024,0.0017,-0.0289,-0.0211,-0.0131,0.0179,3.0812,-2.330,0.967,0.1876,1108.27,78540.2,0.00209788,0.1877,0.0024,-2.217,1.095,3.0812,-0.0131,0.0179
205.45,45.680,0.1877,0.0024,0.0017,-0.0289,-0.0211,-0.0131,0.0179,3.0812,-2.335,0.968,0.1877,1108.27,78540.2,0.00209788,0.1877,0.0024,-2.217,1.095,3.0812,-0.0131,0.0179
205.55,45.720,0.1877,0.0022,0.0015,-0.0289,-0.0211,-0.0131,0.0179,3.0813,-2.339,0.968,0.1877,1110.15,78833.2,0.00237469,0.1877,0.0022,-2.223,1.096,3.0812,-0.0131,0.0179
205.65,45.740,0.1877,0.0022,0.0015,-0.0289,-0.0211,-0.0131,0.0179,3.0813,-2.343,0.968,0.1877,1112.65,79225.2,0.00237469,0.1877,0.0022,-2.230,1.096,3.0813,-0.0131,0.0179
205.75,45.760,0.1877,0.0022,0.0015,-0.0289,-0.0211,-0.0131,0.0179,3.0813,-2.347,0.968,0.1877,1114.54,79520.2,0.00209788,0.1877,0.0022,-2.236,1.096,3.0813,-0.0131,0.0179
205.85,45.780,0.1877,0.0022,0.0015,-0.0289,-0.0211,-0.0131,0.0179,3.0814,-2.352,0.969,0.1877,1114.54,79520.2,0.00209788,0.1877,0.0022,-2.236,1.096,3.0813,-0.0131,0.0179
205.95,45.800,0.1877,0.0022,0.0014,-0.0289,-0.0211,-0.0131,0.0179,3.0814,-2.356,0.969,0.1877,1116.42,79816,0.00237469,0.1878,0.0020,-2.241,1.097,3.0814,-0.0131,0.0179
206.05,45.820,0.1878,0.0020,0.0014,-0.0289,-0.0211,-0.0131,0.0179,3.0814,-2.361,0.969,0.1877,1118.94,80211.7,0.00237469,0.1878,0.0020,-2.249,1.097,3.0814,-0.0131,0.0179
206.15,45.840,0.1878,0.0020,0.0014,-0.0289,-0.0211,-0.0131,0.0179,3.0815,-2.365,0.969,0.1877,1118.94,80211.7,0.00237469,0.1878,0.0020,-2.249,1.097,3.0814,-0.0131,0.0179
206.25,45.880,0.1878,0.0020,0.0014,-0.0289,-0.0211,-0.0131,0.0179,3.0815,-2.369,0.970,0.1877,1120.83,80509.4,0.00209788,0.1878,0.0020,-2.255,1.097,3.0815,-0.0131,0.0179
206.35,45.900,0.1878,0.0020,0.0014,-0.0289,-0.0211,-0.0131,0.0179,3.0815,-2.374,0.970,0.1877,1122.73,80808,0.00237469,0.1878,0.0018,-2.260,1.098,3.0815,-0.0131,0.0179
206.45,45.920,0.1878,0.0018,0.0012,-0.0290,-0.0211,-0.0131,0.0179,3.0815,-2.378,0.970,0.1877,1122.73,80808,0.00237469,0.1878,0.0018,-2.260,1.098,3.0815,-0.0131,0.0179
206.55,45.940,0.1878,0.0018,0.0012,-0.0290,-0.0211,-0.0131,0.0179,3.0816,-2.382,0.970,0.1877,1125.25,81207.4,0.00237469,0.1878,0.0018,-2.268,1.098,3.0816,-0.0131,0.0179
206.65,45.960,0.1878,0.0018,0.0012,-0.0290,-0.0211,-0.0131,0.0179,3.0816,-2.386,0.971,0.1877,1127.16,81508,0.00209788,0.1878,0.0018,-2.273,1.099,3.0816,-0.0131,0.0179
206.75,45.980,0.1878,0.0018,0.0012,-0.0290,-0.0211,-0.0131,0.0179,3.0816,-2.391,0.971,0.1877,1127.16,81508,0.00209788,0.1878,0.0018,-2.273,1.099,3.0816,-0.0131,0.0179
206.85,46.000,0.1878,0.0018,0.0011,-0.0290,-0.0211,-0.0131,0.0179,3.0817,-2.394,0.971,0.1878,1129.06,81809.4,0.00237469,0.1878,0.0016,-2.279,1.099,3.0816,-0.0131,0.0179
206.95,46.040,0.1878,0.0016,0.0011,-0.0289,-0.0211,-0.0131,0.0179,3.0817,-2.399,0.971,0.1878,1131.6,82212.6,0.00237469,0.1878,0.0016,-2.286,1.099,3.0817,-0.0131,0.0179
207.05,46.060,0.1878,0.0016,0.0010,-0.0290,-0.0211,-0.0131,0.0179,3.0817,-2.403,0.972,0.1878,1131.6,82212.6,0.00237469,0.1878,0.0016,-2.286,1.099,3.0817,-0.0131,0.0179
207.15,46.080,0.1878,0.0016,0.0010,-0.0290,-0.0211,-0.0131,0.0179,3.0817,-2.408,0.972,0.1878,1133.51,82516,0.00209788,0.1878,0.0016,-2.292,1.100,3.0817,-0.0131,0.0179
207.25,46.100,0.1878,0.0016,0.0010,-0.0290,-0.0211,-0.0131,0.0179,3.0818,-2.412,0.972,0.1878,1135.42,82820.3,0.00237469,0.1878,0.0015,-2.298,1.100,3.0817,-0.0131,0.0179
207.35,46.120,0.1878,0.0015,0.0010,-0.0290,-0.0212,-0.0131,0.0179,3.0818,-2.416,0.972,0.1878,1135.42,82820.3,0.00237469,0.1878,0.0015,-2.298,1.100,3.0817,-0.0131,0.0179
207.45,46.140,0.1878,0.0015,0.0010,-0.0290,-0.0211,-0.0131,0.0179,3.0818,-2.420,0.973,0.1878,1137.98,83227.3,0.00237469,0.1878,0.0015,-2.305,1.101,3.0818,-0.0131,0.0179
207.55,46.160,0.1878,0.0015,0.0010,-0.0290,-0.0211,-0.0131,0.0179,3.0818,-2.425,0.973,0.1878,1139.9,83533.5,0.00209788,0.1878,0.0015,-2.311,1.101,3.0818,-0.0131,0.0179
207.65,46.200,0.1878,0.0015,0.0010,-0.0290,-0.0211,-0.0131,0.0180,3.0818,-2.429,0.973,0.1878,1141.82,83840.6,0.00237469,0.1878,0.0014,-2.316,1.101,3.0818,-0.0131,0.0180
207.75,46.220,0.1878,0.0014,0.0009,-0.0290,-0.0212,-0.0131,0.0180,3.0819,-2.433,0.973,0.1878,1141.82,83840.6,0.00237469,0.1878,0.0014,-2.316,1.101,3.0818,-0.0131,0.0180
207.85,46.240,0.1878,0.0014,0.0009,-0.0290,-0.0212,-0.0131,0.0180,3.0819,-2.438,0.974,0.1878,1144.39,84251.4,0.00237469,0.1878,0.0014,-2.324,1.102,3.0819,-0.0131,0.0180
207.95,46.260,0.1878,0.0014,0.0009,-0.0290,-0.0212,-0.0131,0.0180,3.0819,-2.442,0.974,0.1878,1146.32,84560.5,0.00209788,0.1878,0.0014,-2.330,1.102,3.0819,-0.0131,0.0180
208.05,46.280,0.1878,0.0014,0.0009,-0.0290,-0.0212,-0.0131,0.0180,3.0819,-2.446,0.974,0.1878,1146.32,84560.5,0.00209788,0.1878,0.0014,-2.330,1.102,3.0819,-0.0131,0.0180
208.15,46.300,0.1878,0.0014,0.0008,-0.0290,-0.0212,-0.0131,0.0180,3.0819,-2.451,0.974,0.1878,1148.26,84870.5,0.00237469,0.1878,0.0013,-2.335,1.102,3.0819,-0.0131,0.0180
208.25,46.320,0.1878,0.0013,0.0008,-0.0290,-0.0212,-0.0131,0.0180,3.0820,-2.455,0.975,0.1878,1150.84,85285.2,0.00237469,0.1878,0.0013,-2.343,1.103,3.0820,-0.0131,0.0180
208.35,46.360,0.1878,0.0013,0.0008,-0.0290,-0.0212,-0.0131,0.0180,3.0820,-2.460,0.975,0.1878,1150.84,85285.2,0.00237469,0.1878,0.0013,-2.343,1.103,3.0820,-0.0131,0.0180
208.45,46.380,0.1878,0.0013,0.0008,-0.0290,-0.0212,-0.0131,0.0180,3.0820,-2.464,0.975,0.1878,1152.78,85597.2,0.00209788,0.1878,0.0013,-2.348,1.103,3.0820,-0.0131,0.0180
208.55,46.400,0.1878,0.0013,0.0008,-0.0290,-0.0212,-0.0131,0.0180,3.0820,-2.467,0.975,0.1847,1154.73,85910,0.00237469,0.1836,0.0365,-2.354,1.103,3.0820,-0.0131,0.0180
208.65,46.420,0.1836,0.0168,0.0135,-0.0280,-0.0204,-0.0131,0.0180,3.0823,-2.471,0.976,0.1838,1154.73,85910,0.00237469,0.1836,0.0365,-2.354,1.103,3.0820,-0.0131,0.0180
208.75,46.440,0.1836,0.0354,0.0232,-0.0271,-0.0197,-0.0131,0.0180,3.0828,-2.476,0.976,0.1838,1157.32,86328.6,0.00237469,0.1836,0.0365,-2.361,1.104,3.0823,-0.0131,0.0180
208.85,46.460,0.1836,0.0365,0.0232,-0.0271,-0.0197,-0.0131,0.0180,3.0833,-2.480,0.976,0.1839,1159.26,86643.5,0.00209788,0.1836,0.0365,-2.367,1.104,3.0829,-0.0131,0.0180
208.95,46.480,0.1836,0.0365,0.0232,-0.0271,-0.0197,-0.0131,0.0180,3.0839,-2.484,0.977,0.1839,1159.26,86643.5,0.00209788,0.1836,0.0365,-2.367,1.104,3.0829,-0.0131,0.0180
209.05,46.500,0.1836,0.0365,0.0225,-0.0272,-0.0197,-0.0131,0.0180,3.0843,-2.488,0.977,0.1840,1161.18,86959.3,0.00237469,0.1838,0.0354,-2.372,1.105,3.0837,-0.0131,0.0180
209.15,46.540,0.1838,0.0354,0.0225,-0.0272,-0.0197,-0.0130,0.0180,3.0849,-2.492,0.977,0.1841,1163.71,87381.7,0.00237469,0.1838,0.0354,-2.380,1.105,3.0846,-0.0130,0.0180
209.25,46.560,0.1838,0.0354,0.0225,-0.0272,-0.0197,-0.0130,0.0180,3.0854,-2.497,0.977,0.1841,1163.71,87381.7,0.00237469,0.1838,0.0354,-2.380,1.105,3.0846,-0.0130,0.0180
209.35,46.580,0.1838,0.0354,0.0225,-0.0272,-0.0197,-0.0130,0.0180,3.0859,-2.501,0.977,0.1842,1165.58,87699.6,0.00209788,0.1838,0.0354,-2.385,1.105,3.0853,-0.0130,0.0180
209.45,46.600,0.1838,0.0354,0.0226,-0.0272,-0.0197,-0.0130,0.0180,3.0864,-2.505,0.978,0.1844,1167.43,88018.4,0.00237469,0.1841,0.0322,-2.391,1.106,3.0860,-0.0130,0.0180
209.55,46.620,0.1841,0.0322,0.0205,-0.0274,-0.0198,-0.0130,0.0180,3.0868,-2.509,0.978,0.1845,1167.43,88018.4,0.00237469,0.1841,0.0322,-2.391,1.106,3.0860,-0.0130,0.0180
209.65,46.640,0.1841,0.0322,0.0205,-0.0274,-0.0198,-0.0130,0.0180,3.0873,-2.513,0.978,0.1845,1169.88,88444.9,0.00237469,0.1841,0.0322,-2.398,1.106,3.0868,-0.0130,0.0180
209.75,46.660,0.1841,0.0322,0.0205,-0.0274,-0.0198,-0.0130,0.0180,3.0878,-2.517,0.978,0.1846,1171.69,88765.7,0.00209788,0.1841,0.0322,-2.404,1.106,3.0875,-0.0130,0.0180
209.85,46.680,0.1841,0.0322,0.0205,-0.0274,-0.0197,-0.0130,0.0180,3.0882,-2.521,0.979,0.1846,1173.48,89087.5,0.00237469,0.1845,0.0293,-2.409,1.107,3.0881,-0.0130,0.0180
209.95,46.720,0.1845,0.0293,0.0187,-0.0276,-0.0198,-0.0130,0.0180,3.0887,-2.526,0.979,0.1849,1173.48,89087.5,0.00237469,0.1845,0.0293,-2.409,1.107,3.0881,-0.0130,0.0180
210.05,46.740,0.1845,0.0293,0.0187,-0.0276,-0.0198,-0.0130,0.0180,3.0891,-2.530,0.979,0.1849,1175.85,89517.9,0.00237469,0.1845,0.0293,-2.416,1.107,3.0888,-0.0130,0.0180
210.15,46.760,0.1845,0.0293,0.0187,-0.0276,-0.0198,-0.0130,0.0181,3.0895,-2.534,0.979,0.1849,1177.61,89841.8,0.00209788,0.1845,0.0293,-2.422,1.107,3.0894,-0.0130,0.0180
210.25,46.780,0.1845,0.0293,0.0187,-0.0276,-0.0198,-0.0129,0.0181,3.0900,-2.538,0.980,0.1850,1177.61,89841.8,0.00209788,0.1845,0.0293,-2.422,1.107,3.0894,-0.0129,0.0181
210.35,46.800,0.1845,0.0293,0.0170,-0.0276,-0.0198,-0.0129,0.0181,3.0904,-2.543,0.980,0.1852,1179.35,90166.6,0.00237469,0.1848,0.0266,-2.427,1.108,3.0900,-0.0129,0.0181
210.45,46.820,0.1848,0.0266,0.0171,-0.0275,-0.0197,-0.0129,0.0181,3.0907,-2.547,0.980,0.1853,1181.65,90601,0.00237469,0.1848,0.0266,-2.435,1.108,3.0907,-0.0129,0.0181
210.55,46.860,0.1848,0.0266,0.0171,-0.0266,-0.0191,-0.0129,0.0181,3.0912,-2.551,0.980,0.1853,1181.65,90601,0.00237469,0.1848,0.0266,-2.435,1.108,3.0907,-0.0129,0.0181
210.65,46.880,0.1848,0.0266,0.0185,-0.0277,-0.0198,-0.0129,0.0181,3.0916,-2.555,0.981,0.1857,1183.36,90927.9,0.00209788,0.1848,0.0266,-2.440,1.108,3.0912,-0.0129,0.0181
210.75,46.900,0.1848,0.0266,0.0185,-0.0277,-0.0198,-0.0129,0.0181,3.0920,-2.560,0.981,0.1859,1185.06,91255.7,0.00237469,0.1851,0.0242,-2.446,1.108,3.0917,-0.0129,0.0181
210.85,46.920,0.1851,0.0242,0.0169,-0.0278,-0.0198,-0.0129,0.0181,3.0924,-2.564,0.981,0.1859,1185.06,91255.7,0.00237469,0.1851,0.0242,-2.446,1.108,3.0917,-0.0129,0.0181
210.95,46.940,0.1851,0.0242,0.0169,-0.0278,-0.0198,-0.0129,0.0181,3.0927,-2.568,0.981,0.1859,1187.29,91694.2,0.00237469,0.1851,0.0242,-2.453,1.109,3.0924,-0.0129,0.0181
211.05,46.960,0.1851,0.0242,0.0169,-0.0278,-0.0198,-0.0129,0.0181,3.0931,-2.572,0.981,0.1860,1188.95,92024.1,0.00209788,0.1851,0.0242,-2.459,1.109,3.0929,-0.0129,0.0181
211.15,46.980,0.1851,0.0242,0.0169,-0.0278,-0.0198,-0.0129,0.0181,3.0935,-2.577,0.982,0.1860,1188.95,92024.1,0.00209788,0.1851,0.0242,-2.459,1.109,3.0929,-0.0129,0.0181
211.25,47.020,0.1854,0.0218,0.0152,-0.0280,-0.0199,-0.0129,0.0181,3.0939,-2.581,0.982,0.1862,1190.6,92354.9,0.00237469,0.1854,0.0218,-2.464,1.109,3.0934,-0.0129,0.0181
211.35,47.040,0.1854,0.0218,0.0152,-0.0280,-0.0199,-0.0129,0.0181,3.0942,-2.585,0.982,0.1862,1192.77,92797.5,0.00237469,0.1854,0.0218,-2.472,1.110,3.0940,-0.0129,0.0181
211.45,47.060,0.1854,0.0218,0.0153,-0.0280,-0.0199,-0.0129,0.0181,3.0946,-2.589,0.982,0.1862,1194.39,93130.5,0.00209788,0.1854,0.0218,-2.477,1.110,3.0945,-0.0129,0.0181
211.55,47.080,0.1854,0.0218,0.0153,-0.0280,-0.0199,-0.0129,0.0181,3.0949,-2.594,0.982,0.1863,1194.39,93130.5,0.00209788,0.1854,0.0218,-2.477,1.110,3.0945,-0.0129,0.0181
211.65,47.100,0.1854,0.0218,0.0133,-0.0282,-0.0200,-0.0129,0.0181,3.0952,-2.597,0.983,0.1865,1195.99,93464.4,0.00237469,0.1857,0.0190,-2.483,1.110,3.0949,-0.0129,0.0181
211.75,47.120,0.1857,0.0190,0.0133,-0.0282,-0.0200,-0.0128,0.0181,3.0955,-2.602,0.983,0.1865,1195.99,93464.4,0.00237469,0.1857,0.0190,-2.483,1.110,3.0949,-0.0128,0.0181
211.85,47.140,0.1857,0.0190,0.0133,-0.0282,-0.0200,-0.0128,0.0181,3.0958,-2.606,0.983,0.1865,1198.11,93911,0.00237469,0.1857,0.0190,-2.490,1.111,3.0955,-0.0128,0.0181
211.95,47.160,0.1857,0.0190,0.0133,-0.0293,-0.0184,-0.0128,0.0181,3.0961,-2.610,0.983,0.1865,1199.69,94247,0.00209788,0.1857,0.0190,-2.496,1.111,3.0959,-0.0128,0.0181
212.05,47.200,0.1857,0.0190,0.0133,-0.0293,-0.0183,-0.0128,0.0181,3.0964,-2.615,0.984,0.1866,1201.25,94584,0.00237469,0.1859,0.0172,-2.501,1.111,3.0963,-0.0128,0.0181
212.15,47.220,0.1859,0.0172,0.0120,-0.0283,-0.0200,-0.0128,0.0181,3.0967,-2.619,0.984,0.1867,1201.25,94584,0.00237469,0.1859,0.0172,-2.501,1.111,3.0963,-0.0128,0.0181
212.25,47.240,0.1859,0.0172,0.0120,-0.0294,-0.0186,-0.0128,0.0181,3.0970,-2.623,0.984,0.1867,1203.32,95034.7,0.00237469,0.1859,0.0172,-2.509,1.111,3.0968,-0.0128,0.0181
212.35,47.260,0.1859,0.0172,0.0120,-0.0294,-0.0186,-0.0128,0.0182,3.0973,-2.628,0.984,0.1867,1204.86,95373.9,0.00209788,0.1859,0.0172,-2.514,1.112,3.0972,-0.0128,0.0181
212.45,47.280,0.1859,0.0172,0.0120,-0.0294,-0.0185,-0.0128,0.0182,3.0976,-2.632,0.984,0.1867,1204.86,95373.9,0.00209788,0.1859,0.0172,-2.514,1.112,3.0972,-0.0128,0.0182
212.55,47.300,0.1859,0.0172,0.0112,-0.0284,-0.0200,-0.0128,0.0182,3.0978,-2.636,0.985,0.1868,1206.39,95713.9,0.00237469,0.1861,0.0160,-2.520,1.112,3.0975,-0.0128,0.0182
212.65,47.340,0.1861,0.0160,0.0112,-0.0294,-0.0187,-0.0128,0.0182,3.0981,-2.640,0.985,0.1868,1208.42,96168.8,0.00237469,0.1861,0.0160,-2.527,1.112,3.0980,-0.0128,0.0182
212.75,47.360,0.1861,0.0160,0.0112,-0.0294,-0.0187,-0.0128,0.0182,3.0983,-2.645,0.985,0.1868,1208.42,96168.8,0.00237469,0.1861,0.0160,-2.527,1.112,3.0980,-0.0128,0.0182
212.85,47.380,0.1861,0.0160,0.0112,-0.0294,-0.0187,-0.0128,0.0182,3.0986,-2.649,0.985,0.1868,1209.93,96511,0.00209788,0.1861,0.0160,-2.533,1.113,3.0983,-0.0128,0.0182
212.95,47.400,0.1861,0.0160,0.0112,-0.0294,-0.0186,-0.0128,0.0182,3.0988,-2.653,0.985,0.1869,1211.43,96854.2,0.00237469,0.1863,0.0145,-2.539,1.113,3.0986,-0.0128,0.0182
213.05,47.420,0.1863,0.0145,0.0101,-0.0294,-0.0188,-0.0128,0.0182,3.0991,-2.657,0.986,0.1869,1211.43,96854.2,0.00237469,0.1863,0.0145,-2.539,1.113,3.0986,-0.0128,0.0182
213.15,47.440,0.1863,0.0145,0.0101,-0.0294,-0.0188,-0.0128,0.0182,3.0993,-2.662,0.986,0.1869,1213.42,97313.2,0.00237469,0.1863,0.0145,-2.546,1.113,3.0991,-0.0128,0.0182
213.25,47.460,0.1863,0.0145,0.0101,-0.0294,-0.0188,-0.0128,0.0182,3.0995,-2.666,0.986,0.1869,1214.9,97658.6,0.00209788,0.1863,0.0145,-2.552,1.113,3.0994,-0.0128,0.0182
213.35,47.500,0.1863,0.0145,0.0101,-0.0294,-0.0188,-0.0128,0.0182,3.0998,-2.670,0.986,0.1870,1216.37,98004.9,0.00237469,0.1864,0.0130,-2.557,1.114,3.0997,-0.0128,0.0182
213.45,47.520,0.1864,0.0130,0.0091,-0.0287,-0.0201,-0.0128,0.0182,3.1000,-2.675,0.986,0.1870,1216.37,98004.9,0.00237469,0.1864,0.0130,-2.557,1.114,3.0997,-0.0128,0.0182
213.55,47.540,0.1864,0.0130,0.0091,-0.0295,-0.0190,-0.0128,0.0182,3.1002,-2.679,0.986,0.1870,1218.32,98468.1,0.00237469,0.1864,0.0130,-2.565,1.114,3.1000,-0.0128,0.0182
213.65,47.560,0.1864,0.0130,0.0091,-0.0295,-0.0189,-0.0128,0.0182,3.1004,-2.683,0.987,0.1870,1219.78,98816.6,0.00209788,0.1864,0.0130,-2.570,1.114,3.1003,-0.0128,0.0182
213.75,47.580,0.1864,0.0130,0.0091,-0.0295,-0.0189,-0.0128,0.0182,3.1006,-2.687,0.987,0.1870,1219.78,98816.6,0.00209788,0.1864,0.0130,-2.570,1.114,3.1003,-0.0128,0.0182
213.85,47.600,0.1864,0.0130,0.0082,-0.0288,-0.0202,-0.0128,0.0182,3.1008,-2.692,0.987,0.1871,1221.23,99166,0.00237469,0.1866,0.0117,-2.576,1.114,3.1006,-0.0128,0.0182
213.95,47.620,0.1866,0.0117,0.0082,-0.0296,-0.0190,-0.0127,0.0182,3.1010,-2.696,0.987,0.1871,1223.15,99633.5,0.00237469,0.1866,0.0117,-2.583,1.115,3.1009,-0.0128,0.0182
214.05,47.660,0.1866,0.0117,0.0083,-0.0299,-0.0192,-0.0127,0.0182,3.1012,-2.700,0.987,0.1871,1223.15,99633.5,0.00237469,0.1866,0.0117,-2.583,1.115,3.1009,-0.0127,0.0182
214.15,47.680,0.1866,0.0117,0.0068,-0.0008,0.0007,-0.0127,0.0182,3.1014,-2.705,0.988,0.1871,1224.58,99985.1,0.00209788,0.1866,0.0117,-2.589,1.115,3.1012,-0.0127,0.0182
214.25,47.700,0.1866,0.0117,0.0090,-0.0286,-0.0200,-0.0127,0.0182,3.1015,-2.709,0.988,0.1867,1226.01,100338,0.00237469,0.1867,0.0106,-2.594,1.115,3.1014,-0.0127,0.0182
214.35,47.720,0.1867,0.0106,0.0082,-0.0288,-0.0201,-0.0127,0.0182,3.1017,-2.713,0.988,0.1867,1226.01,100338,0.00237469,0.1867,0.0106,-2.594,1.115,3.1014,-0.0127,0.0182
214.45,47.740,0.1867,0.0106,0.0082,-0.0288,-0.0201,-0.0127,0.0182,3.1019,-2.717,0.988,0.1867,1227.9,100809,0.00237469,0.1867,0.0106,-2.602,1.115,3.1018,-0.0127,0.0182
214.55,47.760,0.1867,0.0106,0.0082,-0.0288,-0.0201,-0.0127,0.0182,3.1021,-2.722,0.988,0.1867,1229.31,101164,0.00209788,0.1867,0.0106,-2.608,1.116,3.1020,-0.0127,0.0182
214.65,47.780,0.1867,0.0106,0.0082,-0.0288,-0.0201,-0.0127,0.0182,3.1023,-2.726,0.988,0.1867,1229.31,101164,0.00209788,0.1867,0.0106,-2.608,1.116,3.1020,-0.0127,0.0182
214.75,47.820,0.1869,0.0095,0.0073,-0.0289,-0.0202,-0.0127,0.0182,3.1025,-2.730,0.989,0.1868,1230.71,101520,0.00237469,0.1869,0.0095,-2.613,1.116,3.1022,-0.0127,0.0182
214.85,47.840,0.1869,0.0095,0.0073,-0.0289,-0.0202,-0.0127,0.0182,3.1026,-2.735,0.989,0.1869,1232.58,101996,0.00237469,0.1869,0.0095,-2.621,1.116,3.1025,-0.0127,0.0182
214.95,47.860,0.1869,0.0095,0.0073,-0.0289,-0.0202,-0.0127,0.0182,3.1028,-2.739,0.989,0.1869,1233.97,102354,0.00209788,0.1869,0.0095,-2.626,1.116,3.1028,-0.0127,0.0182
215.05,47.880,0.1869,0.0095,0.0073,-0.0289,-0.0201,-0.0127,0.0182,3.1030,-2.743,0.989,0.1869,1233.97,102354,0.00209788,0.1869,0.0095,-2.626,1.116,3.1028,-0.0127,0.0182
215.15,47.900,0.1869,0.0095,0.0065,-0.0290,-0.0202,-0.0127,0.0182,3.1031,-2.747,0.989,0.1870,1235.36,102713,0.00237469,0.1870,0.0084,-2.632,1.117,3.1030,-0.0127,0.0182
215.25,47.920,0.1870,0.0084,0.0065,-0.0290,-0.0202,-0.0127,0.0182,3.1033,-2.752,0.989,0.1870,1237.2,103193,0.00237469,0.1870,0.0084,-2.639,1.117,3.1033,-0.0127,0.0182
215.35,47.960,0.1870,0.0084,0.0065,-0.0290,-0.0202,-0.0127,0.0182,3.1034,-2.756,0.990,0.1870,1237.2,103193,0.00237469,0.1870,0.0084,-2.639,1.117,3.1033,-0.0127,0.0182
215.45,47.980,0.1870,0.0084,0.0065,-0.0290,-0.0202,-0.0127,0.0182,3.1036,-2.760,0.990,0.1870,1238.57,103554,0.00209788,0.1870,0.0084,-2.645,1.117,3.1034,-0.0127,0.0182
215.55,48.000,0.1870,0.0084,0.0065,-0.0290,-0.0202,-0.0127,0.0182,3.1037,-2.765,0.990,0.1871,1239.94,103917,0.00237469,0.1871,0.0075,-2.650,1.117,3.1036,-0.0127,0.0182
215.65,48.020,0.1871,0.0075,0.0058,-0.0290,-0.0202,-0.0127,0.0182,3.1039,-2.769,0.990,0.1871,1239.94,103917,0.00237469,0.1871,0.0075,-2.650,1.117,3.1036,-0.0127,0.0182
215.75,48.040,0.1871,0.0075,0.0058,-0.0290,-0.0202,-0.0127,0.0182,3.1040,-2.773,0.990,0.1871,1241.76,104401,0.00237469,0.1871,0.0075,-2.658,1.118,3.1039,-0.0127,0.0182
215.85,48.060,0.1871,0.0075,0.0058,-0.0290,-0.0202,-0.0127,0.0182,3.1041,-2.778,0.990,0.1871,1243.12,104766,0.00209788,0.1871,0.0075,-2.664,1.118,3.1040,-0.0127,0.0182
215.95,48.080,0.1871,0.0075,0.0058,-0.0290,-0.0202,-0.0127,0.0182,3.1043,-2.782,0.991,0.1871,1244.47,105131,0.00237469,0.1872,0.0066,-2.669,1.118,3.1042,-0.0127,0.0182
216.05,48.120,0.1872,0.0066,0.0051,-0.0291,-0.0202,-0.0127,0.0182,3.1044,-2.786,0.991,0.1872,1244.47,105131,0.00237469,0.1872,0.0066,-2.669,1.118,3.1042,-0.0127,0.0182
216.15,48.140,0.1872,0.0066,0.0051,-0.0291,-0.0202,-0.0127,0.0182,3.1045,-2.791,0.991,0.1872,1246.27,105620,0.00237469,0.1872,0.0066,-2.677,1.118,3.1044,-0.0127,0.0182
216.25,48.160,0.1872,0.0066,0.0051,-0.0291,-0.0202,-0.0127,0.0182,3.1046,-2.795,0.991,0.1872,1247.62,105988,0.00209788,0.1872,0.0066,-2.682,1.118,3.1046,-0.0127,0.0182
216.35,48.180,0.1872,0.0066,0.0051,-0.0291,-0.0202,-0.0127,0.0182,3.1047,-2.799,0.991,0.1872,1247.62,105988,0.00209788,0.1872,0.0066,-2.682,1.118,3.1046,-0.0127,0.0182
216.45,48.200,0.1872,0.0066,0.0046,-0.0292,-0.0203,-0.0127,0.0182,3.1049,-2.804,0.991,0.1873,1248.96,106357,0.00237469,0.1873,0.0059,-2.688,1.119,3.1047,-0.0127,0.0182
216.55,48.220,0.1873,0.0059,0.0046,-0.0292,-0.0203,-0.0127,0.0182,3.1050,-2.808,0.992,0.1873,1250.75,106850,0.00237469,0.1873,0.0059,-2.695,1.119,3.1049,-0.0127,0.0182
216.65,48.260,0.1873,0.0059,0.0046,-0.0292,-0.0203,-0.0127,0.0182,3.1051,-2.813,0.992,0.1873,1250.75,106850,0.00237469,0.1873,0.0059,-2.695,1.119,3.1049,-0.0127,0.0182
216.75,48.280,0.1873,0.0059,0.0046,-0.0293,-0.0203,-0.0127,0.0183,3.1052,-2.817,0.992,0.1873,1252.08,107221,0.00209788,0.1873,0.0059,-2.701,1.119,3.1051,-0.0127,0.0183
216.85,48.300,0.1873,0.0059,0.0045,-0.0297,-0.0206,-0.0127,0.0183,3.1053,-2.821,0.992,0.1873,1253.42,107593,0.00237469,0.1874,0.0053,-2.707,1.119,3.1052,-0.0127,0.0183
216.95,48.320,0.1874,0.0053,0.0037,-0.0292,-0.0203,-0.0127,0.0183,3.1054,-2.826,0.992,0.1873,1253.42,107593,0.00237469,0.1874,0.0053,-2.707,1.119,3.1052,-0.0127,0.0183
217.05,48.340,0.1874,0.0053,0.0037,-0.0292,-0.0203,-0.0127,0.0183,3.1055,-2.830,0.992,0.1873,1255.19,108090,0.00237469,0.1874,0.0053,-2.714,1.120,3.1054,-0.0127,0.0183
217.15,48.380,0.1874,0.0053,0.0037,-0.0292,-0.0203,-0.0127,0.0183,3.1055,-2.835,0.993,0.1873,1256.52,108465,0.00209788,0.1874,0.0053,-2.720,1.120,3.1055,-0.0127,0.0183
217.25,48.400,0.1874,0.0053,0.0037,-0.0296,-0.0198,-0.0127,0.0183,3.1056,-2.839,0.993,0.1874,1257.84,108840,0.00237469,0.1874,0.0047,-2.725,1.120,3.1056,-0.0127,0.0183
217.35,48.420,0.1874,0.0047,0.0033,-0.0293,-0.0203,-0.0127,0.0183,3.1057,-2.843,0.993,0.1874,1257.84,108840,0.00237469,0.1874,0.0047,-2.725,1.120,3.1056,-0.0127,0.0183
217.45,48.440,0.1874,0.0047,0.0033,-0.0293,-0.0203,-0.0127,0.0183,3.1058,-2.848,0.993,0.1874,1259.61,109342,0.00237469,0.1874,0.0047,-2.733,1.120,3.1057,-0.0127,0.0183
217.55,48.460,0.1874,0.0047,0.0033,-0.0296,-0.0199,-0.0127,0.0183,3.1059,-2.852,0.993,0.1874,1260.93,109720,0.00209788,0.1874,0.0047,-2.738,1.121,3.1058,-0.0127,0.0183
217.65,48.480,0.1874,0.0047,0.0033,-0.0296,-0.0199,-0.0127,0.0183,3.1059,-2.856,0.993,0.1874,1260.93,109720,0.00209788,0.1874,0.0047,-2.738,1.121,3.1058,-0.0127,0.0183
217.75,48.500,0.1874,0.0047,0.0030,-0.0293,-0.0203,-0.0127,0.0183,3.1060,-2.861,0.994,0.1875,1262.25,110098,0.00237469,0.1875,0.0042,-2.744,1.121,3.1059,-0.0127,0.0183
217.85,48.540,0.1875,0.0042,0.0030,-0.0293,-0.0203,-0.0127,0.0183,3.1061,-2.865,0.994,0.1875,1264,110605,0.00237469,0.1875,0.0042,-2.752,1.121,3.1060,-0.0127,0.0183
217.95,48.560,0.1875,0.0042,0.0030,-0.0296,-0.0199,-0.0127,0.0183,3.1061,-2.870,0.994,0.1875,1265.32,110986,0.00209788,0.1875,0.0042,-2.757,1.121,3.1061,-0.0127,0.0183
218.05,48.580,0.1875,0.0042,0.0030,-0.0296,-0.0199,-0.0127,0.0183,3.1062,-2.874,0.994,0.1875,1265.32,110986,0.00209788,0.1875,0.0042,-2.757,1.121,3.1061,-0.0127,0.0183
218.15,48.600,0.1875,0.0042,0.0027,-0.0294,-0.0203,-0.0127,0.0183,3.1063,-2.878,0.994,0.1875,1266.64,111368,0.00237469,0.1875,0.0038,-2.763,1.121,3.1062,-0.0127,0.0183
218.25,48.620,0.1875,0.0038,0.0027,-0.0294,-0.0203,-0.0127,0.0183,3.1063,-2.883,0.994,0.1875,1268.39,111879,0.00237469,0.1875,0.0038,-2.770,1.122,3.1063,-0.0127,0.0183
218.35,48.660,0.1875,0.0038,0.0027,-0.0296,-0.0200,-0.0127,0.0183,3.1064,-2.887,0.994,0.1875,1268.39,111879,0.00237469,0.1875,0.0038,-2.770,1.122,3.1063,-0.0127,0.0183
218.45,48.680,0.1875,0.0038,0.0027,-0.0296,-0.0200,-0.0126,0.0183,3.1065,-2.892,0.995,0.1875,1269.7,112263,0.00209788,0.1875,0.0038,-2.776,1.122,3.1064,-0.0126,0.0183
218.55,48.700,0.1875,0.0038,0.0027,-0.0296,-0.0200,-0.0126,0.0183,3.1065,-2.896,0.995,0.1876,1271.01,112649,0.00237469,0.1876,0.0035,-2.782,1.122,3.1065,-0.0126,0.0183
218.65,48.720,0.1876,0.0035,0.0024,-0.0294,-0.0203,-0.0126,0.0183,3.1066,-2.900,0.995,0.1876,1271.01,112649,0.00237469,0.1876,0.0035,-2.782,1.122,3.1065,-0.0126,0.0183
218.75,48.740,0.1876,0.0035,0.0024,-0.0296,-0.0200,-0.0126,0.0183,3.1066,-2.905,0.995,0.1876,1272.76,113164,0.00237469,0.1876,0.0035,-2.789,1.122,3.1066,-0.0126,0.0183
218.85,48.760,0.1876,0.0035,0.0024,-0.0296,-0.0200,-0.0126,0.0183,3.1067,-2.909,0.995,0.1876,1274.07,113552,0.00209788,0.1876,0.0035,-2.795,1.123,3.1067,-0.0126,0.0183
218.95,48.800,0.1876,0.0035,0.0024,-0.0296,-0.0200,-0.0126,0.0183,3.1068,-2.914,0.995,0.1876,1275.38,113941,0.00237469,0.1876,0.0031,-2.800,1.123,3.1067,-0.0126,0.0183
219.05,48.820,0.1876,0.0031,0.0022,-0.0294,-0.0203,-0.0126,0.0183,3.1068,-2.918,0.996,0.1876,1275.38,113941,0.00237469,0.1876,0.0031,-2.800,1.123,3.1067,-0.0126,0.0183
219.15,48.840,0.1876,0.0031,0.0022,-0.0294,-0.0203,-0.0126,0.0183,3.1069,-2.922,0.996,0.1876,1277.12,114460,0.00237469,0.1876,0.0031,-2.808,1.123,3.1068,-0.0126,0.0183
219.25,48.860,0.1876,0.0031,0.0022,-0.0296,-0.0201,-0.0126,0.0183,3.1069,-2.927,0.996,0.1876,1278.43,114852,0.00209788,0.1876,0.0031,-2.813,1.123,3.1069,-0.0126,0.0183
219.35,48.880,0.1876,0.0031,0.0022,-0.0296,-0.0201,-0.0126,0.0183,3.1070,-2.931,0.996,0.1876,1278.43,114852,0.00209788,0.1876,0.0031,-2.813,1.123,3.1069,-0.0126,0.0183
219.45,48.900,0.1876,0.0031,0.0020,-0.0294,-0.0204,-0.0126,0.0183,3.1070,-2.935,0.996,0.1876,1279.74,115244,0.00237469,0.1877,0.0028,-2.819,1.123,3.1070,-0.0126,0.0183
219.55,48.940,0.1877,0.0028,0.0020,-0.0294,-0.0204,-0.0126,0.0183,3.1071,-2.940,0.996,0.1876,1281.48,115768,0.00237469,0.1877,0.0028,-2.827,1.124,3.1070,-0.0126,0.0183
219.65,48.960,0.1877,0.0028,0.0020,-0.0296,-0.0201,-0.0126,0.0183,3.1071,-2.944,0.996,0.1876,1281.48,115768,0.00237469,0.1877,0.0028,-2.827,1.124,3.1070,-0.0126,0.0183
219.75,48.980,0.1877,0.0028,0.0020,-0.0296,-0.0201,-0.0126,0.0183,3.1072,-2.949,0.997,0.1876,1282.79,116163,0.00209788,0.1877,0.0028,-2.832,1.124,3.1071,-0.0126,0.0183
219.85,49.000,0.1877,0.0028,0.0018,-0.0294,-0.0204,-0.0126,0.0183,3.1072,-2.953,0.997,0.1877,1284.1,116559,0.00237469,0.1877,0.0025,-2.838,1.124,3.1072,-0.0126,0.0183
219.95,49.020,0.1877,0.0025,0.0018,-0.0294,-0.0204,-0.0126,0.0183,3.1072,-2.958,0.997,0.1877,1285.84,117088,0.00237469,0.1877,0.0025,-2.845,1.124,3.1072,-0.0126,0.0183
220.05,49.060,0.1877,0.0025,0.0018,-0.0296,-0.0201,-0.0126,0.0183,3.1073,-2.962,0.997,0.1877,1285.84,117088,0.00237469,0.1877,0.0025,-2.845,1.124,3.1072,-0.0126,0.0183
220.15,49.080,0.1877,0.0025,0.0018,-0.0296,-0.0201,-0.0126,0.0183,3.1073,-2.966,0.997,0.1877,1287.14,117486,0.00209788,0.1877,0.0025,-2.851,1.124,3.1073,-0.0126,0.0183
220.25,49.100,0.1877,0.0025,0.0018,-0.0296,-0.0201,-0.0126,0.0183,3.1074,-2.971,0.997,0.1877,1288.45,117885,0.00237469,0.1877,0.0023,-2.857,1.125,3.1073,-0.0126,0.0183
220.35,49.120,0.1877,0.0023,0.0016,-0.0293,-0.0202,-0.0126,0.0183,3.1074,-2.975,0.998,0.1877,1288.45,117885,0.00237469,0.1877,0.0023,-2.857,1.125,3.1073,-0.0126,0.0183
220.45,49.140,0.1877,0.0023,0.0015,-0.0295,-0.0204,-0.0126,0.0183,3.1074,-2.980,0.998,0.1877,1290.19,118418,0.00237469,0.1877,0.0023,-2.864,1.125,3.1074,-0.0126,0.0183
220.55,49.160,0.1877,0.0023,0.0015,-0.0295,-0.0204,-0.0126,0.0183,3.1075,-2.984,0.998,0.1877,1291.5,118820,0.00209788,0.1877,0.0023,-2.870,1.125,3.1074,-0.0126,0.0183
220.65,49.200,0.1877,0.0023,0.0015,-0.0295,-0.0204,-0.0126,0.0183,3.1075,-2.989,0.998,0.1877,1292.81,119222,0.00237469,0.1878,0.0021,-2.875,1.125,3.1075,-0.0126,0.0183
220.75,49.220,0.1878,0.0021,0.0013,-0.0295,-0.0204,-0.0126,0.0183,3.1075,-2.993,0.998,0.1877,1292.81,119222,0.00237469,0.1878,0.0021,-2.875,1.125,3.1075,-0.0126,0.0183
220.85,49.240,0.1878,0.0021,0.0013,-0.0295,-0.0204,-0.0126,0.0183,3.1076,-2.997,0.998,0.1877,1294.55,119761,0.00237469,0.1878,0.0021,-2.883,1.126,3.1075,-0.0126,0.0183
220.95,49.260,0.1878,0.0021,0.0013,-0.0295,-0.0204,-0.0126,0.0183,3.1076,-3.002,0.998,0.1877,1295.86,120166,0.00209788,0.1878,0.0021,-2.888,1.126,3.1076,-0.0126,0.0183
221.05,49.280,0.1878,0.0021,0.0013,-0.0295,-0.0204,-0.0126,0.0183,3.1076,-3.006,0.999,0.1877,1295.86,120166,0.00209788,0.1878,0.0021,-2.888,1.126,3.1076,-0.0126,0.0183
221.15,49.300,0.1878,0.0021,0.0012,-0.0295,-0.0204,-0.0126,0.0183,3.1077,-3.010,0.999,0.1877,1297.17,120572,0.00237469,0.1878,0.0019,-2.894,1.126,3.1076,-0.0126,0.0183
221.25,49.320,0.1878,0.0019,0.0012,-0.0295,-0.0204,-0.0126,0.0183,3.1077,-3.014,0.999,0.1877,1298.91,121115,0.00237469,0.1878,0.0019,-2.902,1.126,3.1077,-0.0126,0.0183
221.35,49.360,0.1878,0.0019,0.0012,-0.0295,-0.0204,-0.0126,0.0183,3.1077,-3.019,0.999,0.1878,1298.91,121115,0.00237469,0.1878,0.0019,-2.902,1.126,3.1077,-0.0126,0.0183
221.45,49.380,0.1878,0.0019,0.0012,-0.0295,-0.0204,-0.0126,0.0183,3.1077,-3.023,0.999,0.1878,1300.22,121523,0.00209788,0.1878,0.0019,-2.907,1.126,3.1077,-0.0126,0.0183
221.55,49.400,0.1878,0.0019,0.0012,-0.0295,-0.0204,-0.0126,0.0183,3.1078,-3.027,0.999,0.1878,1301.53,121933,0.00237469,0.1878,0.0017,-2.913,1.127,3.1077,-0.0126,0.0183
221.65,49.420,0.1878,0.0017,0.0011,-0.0295,-0.0204,-0.0126,0.0183,3.1078,-3.032,0.999,0.1878,1301.53,121933,0.00237469,0.1878,0.0017,-2.913,1.127,3.1077,-0.0126,0.0183
221.75,49.440,0.1878,0.0017,0.0011,-0.0295,-0.0204,-0.0126,0.0183,3.1078,-3.036,1.000,0.1878,1303.28,122481,0.00237469,0.1878,0.0017,-2.920,1.127,3.1078,-0.0126,0.0183
221.85,49.480,0.1878,0.0017,0.0011,-0.0295,-0.0204,-0.0126,0.0183,3.1078,-3.041,1.000,0.1878,1304.59,122893,0.00209788,0.1878,0.0017,-2.926,1.127,3.1078,-0.0126,0.0183
221.95,49.500,0.1878,0.0017,0.0011,-0.0295,-0.0204,-0.0126,0.0183,3.1079,-3.045,1.000,0.1878,1305.9,123306,0.00237469,0.1878,0.0016,-2.932,1.127,3.1079,-0.0126,0.0183
222.05,49.520,0.1878,0.0016,0.0010,-0.0295,-0.0204,-0.0126,0.0183,3.1079,-3.050,1.000,0.1878,1305.9,123306,0.00237469,0.1878,0.0016,-2.932,1.127,3.1079,-0.0126,0.0183
222.15,49.540,0.1878,0.0016,0.0010,-0.0295,-0.0204,-0.0126,0.0183,3.1079,-3.054,1.000,0.1878,1307.65,123858,0.00237469,0.1878,0.0016,-2.939,1.127,3.1079,-0.0126,0.0183
222.25,49.560,0.1878,0.0016,0.0010,-0.0295,-0.0204,-0.0126,0.0183,3.1079,-3.058,1.000,0.1878,1308.97,124274,0.00209788,0.1878,0.0016,-2.945,1.128,3.1079,-0.0126,0.0183
222.35,49.580,0.1878,0.0016,0.0010,-0.0295,-0.0204,-0.0126,0.0183,3.1080,-3.063,1.001,0.1878,1308.97,124274,0.00209788,0.1878,0.0016,-2.945,1.128,3.1079,-0.0126,0.0183
222.45,49.620,0.1878,0.0014,0.0009,-0.0295,-0.0204,-0.0126,0.0183,3.1080,-3.067,1.001,0.1878,1310.28,124690,0.00237469,0.1878,0.0014,-2.950,1.128,3.1080,-0.0126,0.0183
222.55,49.640,0.1878,0.0014,0.0009,-0.0295,-0.0204,-0.0126,0.0183,3.1080,-3.072,1.001,0.1878,1312.04,125248,0.00237469,0.1878,0.0014,-2.958,1.128,3.1080,-0.0126,0.0183
222.65,49.660,0.1878,0.0014,0.0009,-0.0295,-0.0204,-0.0126,0.0183,3.1080,-3.076,1.001,0.1878,1313.35,125667,0.00209788,0.1878,0.0014,-2.964,1.128,3.1080,-0.0126,0.0183
222.75,49.680,0.1878,0.0014,0.0009,-0.0295,-0.0204,-0.0126,0.0183,3.1081,-3.081,1.001,0.1878,1313.35,125667,0.00209788,0.1878,0.0014,-2.964,1.128,3.1080,-0.0126,0.0183
222.85,49.700,0.1878,0.0014,0.0008,-0.0295,-0.0204,-0.0126,0.0183,3.1081,-3.084,1.001,0.1878,1314.67,126087,0.00237469,0.1878,0.0013,-2.969,1.128,3.1081,-0.0126,0.0183
222.95,49.720,0.1878,0.0013,0.0008,-0.0295,-0.0204,-0.0126,0.0183,3.1081,-3.089,1.001,0.1878,1316.43,126649,0.00237469,0.1878,0.0013,-2.977,1.129,3.1081,-0.0126,0.0183
223.05,49.740,0.1878,0.0013,0.0008,-0.0295,-0.0204,-0.0126,0.0183,3.1081,-3.093,1.002,0.1878,1316.43,126649,0.00237469,0.1878,0.0013,-2.977,1.129,3.1081,-0.0126,0.0183
223.15,49.780,0.1878,0.0013,0.0008,-0.0295,-0.0204,-0.0126,0.0183,3.1081,-3.097,1.002,0.1878,1317.75,127072,0.00209788,0.1878,0.0013,-2.982,1.129,3.1081,-0.0126,0.0183
225.85,50.400,0.1879,0.0007,0.0005,-0.0296,-0.0204,-0.0126,0.0183,3.1086,-3.216,1.006,0.1879,1345.73,136203,0.00237469,0.1879,0.0007,-3.101,1.133,3.1085,-0.0126,0.0183
225.95,50.420,0.1879,0.0007,0.0005,-0.0296,-0.0203,-0.0126,0.0183,3.1086,-3.220,1.006,0.1879,1347.52,136800,0.00237469,0.1879,0.0007,-3.108,1.133,3.1086,-0.0126,0.0183
226.05,50.440,0.1879,0.0007,0.0005,-0.0296,-0.0203,-0.0126,0.0183,3.1086,-3.225,1.006,0.1879,1347.52,136800,0.00237469,0.1879,0.0007,-3.108,1.133,3.1086,-0.0126,0.0183
226.15,50.480,0.1879,0.0007,0.0005,-0.0296,-0.0203,-0.0126,0.0183,3.1086,-3.229,1.006,0.1879,1348.87,137248,0.00209788,0.1879,0.0007,-3.114,1.133,3.1086,-0.0126,0.0183
226.25,50.500,0.1879,0.0007,0.0005,-0.0296,-0.0203,-0.0126,0.0183,3.1086,-3.234,1.006,0.1879,1350.22,137698,0.00237469,0.1879,0.0006,-3.119,1.133,3.1086,-0.0126,0.0183
226.35,50.520,0.1879,0.0006,0.0004,-0.0296,-0.0204,-0.0126,0.0183,3.1086,-3.238,1.006,0.1879,1350.22,137698,0.00237469,0.1879,0.0006,-3.119,1.133,3.1086,-0.0126,0.0183
226.45,50.540,0.1879,0.0006,0.0004,-0.0296,-0.0203,-0.0126,0.0183,3.1086,-3.242,1.007,0.1879,1352.02,138299,0.00237469,0.1879,0.0006,-3.127,1.134,3.1086,-0.0126,0.0183
226.55,50.560,0.1879,0.0006,0.0004,-0.0296,-0.0203,-0.0126,0.0183,3.1086,-3.247,1.007,0.1879,1353.37,138752,0.00209788,0.1879,0.0006,-3.133,1.134,3.1086,-0.0126,0.0183
226.65,50.600,0.1879,0.0006,0.0004,-0.0296,-0.0203,-0.0126,0.0183,3.1086,-3.251,1.007,0.1879,1354.73,139205,0.00237469,0.1856,0.0202,-3.138,1.134,3.1086,-0.0126,0.0183
226.75,50.620,0.1856,0.0161,0.0142,-0.0202,-0.0139,-0.0126,0.0183,3.1088,-3.256,1.007,0.1860,1354.73,139205,0.00237469,0.1856,0.0202,-3.138,1.134,3.1086,-0.0126,0.0183
226.85,50.640,0.1856,0.0202,0.0142,-0.0284,-0.0196,-0.0126,0.0183,3.1092,-3.260,1.007,0.1860,1356.53,139811,0.00237469,0.1856,0.0202,-3.146,1.134,3.1089,-0.0126,0.0183
226.95,50.660,0.1856,0.0202,0.0143,-0.0287,-0.0197,-0.0126,0.0183,3.1095,-3.264,1.007,0.1860,1357.87,140268,0.00209788,0.1856,0.0202,-3.151,1.135,3.1093,-0.0126,0.0183
227.05,50.680,0.1856,0.0202,0.0143,-0.0290,-0.0199,-0.0126,0.0183,3.1099,-3.269,1.007,0.1860,1357.87,140268,0.00209788,0.1856,0.0202,-3.151,1.135,3.1093,-0.0126,0.0183
227.15,50.700,0.1856,0.0202,0.0110,-0.0012,0.0012,-0.0126,0.0183,3.1102,-3.273,1.008,0.1858,1359.2,140725,0.00237469,0.1857,0.0193,-3.157,1.135,3.1098,-0.0126,0.0183
227.25,50.740,0.1857,0.0193,0.0150,-0.0284,-0.0195,-0.0126,0.0183,3.1105,-3.278,1.008,0.1857,1360.94,141336,0.00237469,0.1857,0.0193,-3.164,1.135,3.1103,-0.0126,0.0183
227.35,50.760,0.1857,0.0193,0.0150,-0.0284,-0.0195,-0.0126,0.0183,3.1109,-3.282,1.008,0.1857,1360.94,141336,0.00237469,0.1857,0.0193,-3.164,1.135,3.1103,-0.0126,0.0183
227.45,50.780,0.1857,0.0193,0.0150,-0.0284,-0.0195,-0.0126,0.0183,3.1112,-3.287,1.008,0.1858,1362.23,141796,0.00209788,0.1857,0.0193,-3.170,1.135,3.1108,-0.0126,0.0183
227.55,50.800,0.1857,0.0193,0.0135,-0.0285,-0.0195,-0.0126,0.0183,3.1115,-3.291,1.008,0.1859,1363.5,142258,0.00237469,0.1859,0.0173,-3.175,1.135,3.1112,-0.0126,0.0183
227.65,50.820,0.1859,0.0173,0.0135,-0.0285,-0.0195,-0.0126,0.0183,3.1119,-3.295,1.008,0.1860,1365.17,142874,0.00237469,0.1859,0.0173,-3.183,1.135,3.1118,-0.0126,0.0183
227.75,50.860,0.1859,0.0173,0.0135,-0.0285,-0.0195,-0.0125,0.0183,3.1122,-3.300,1.008,0.1860,1365.17,142874,0.00237469,0.1859,0.0173,-3.183,1.135,3.1118,-0.0125,0.0183
227.85,50.880,0.1859,0.0173,0.0135,-0.0285,-0.0195,-0.0125,0.0183,3.1125,-3.304,1.008,0.1860,1366.41,143338,0.00209788,0.1859,0.0173,-3.188,1.136,3.1122,-0.0125,0.0183
227.95,50.900,0.1859,0.0173,0.0135,-0.0286,-0.0195,-0.0125,0.0183,3.1128,-3.308,1.009,0.1862,1367.63,143803,0.00237469,0.1862,0.0153,-3.194,1.136,3.1126,-0.0125,0.0183
228.05,50.920,0.1862,0.0153,0.0119,-0.0287,-0.0196,-0.0125,0.0184,3.1131,-3.313,1.009,0.1862,1367.63,143803,0.00237469,0.1862,0.0153,-3.194,1.136,3.1126,-0.0125,0.0184
228.15,50.940,0.1862,0.0153,0.0119,-0.0287,-0.0196,-0.0125,0.0184,3.1134,-3.317,1.009,0.1862,1369.23,144425,0.00237469,0.1862,0.0153,-3.201,1.136,3.1131,-0.0125,0.0184
228.25,50.960,0.1862,0.0153,0.0119,-0.0287,-0.0196,-0.0125,0.0184,3.1137,-3.321,1.009,0.1863,1370.41,144893,0.00209788,0.1862,0.0153,-3.207,1.136,3.1135,-0.0125,0.0184
228.35,51.000,0.1862,0.0153,0.0119,-0.0287,-0.0196,-0.0125,0.0184,3.1139,-3.326,1.009,0.1864,1371.59,145362,0.00237469,0.1864,0.0136,-3.212,1.136,3.1138,-0.0125,0.0184
228.45,51.020,0.1864,0.0136,0.0106,-0.0288,-0.0196,-0.0125,0.0184,3.1142,-3.330,1.009,0.1864,1371.59,145362,0.00237469,0.1864,0.0136,-3.212,1.136,3.1138,-0.0125,0.0184
228.55,51.040,0.1864,0.0136,0.0106,-0.0288,-0.0196,-0.0125,0.0184,3.1144,-3.335,1.009,0.1865,1373.13,145989,0.00237469,0.1864,0.0136,-3.220,1.137,3.1143,-0.0125,0.0184
228.65,51.060,0.1864,0.0136,0.0106,-0.0288,-0.0196,-0.0125,0.0184,3.1147,-3.339,1.010,0.1865,1374.27,146461,0.00209788,0.1864,0.0136,-3.226,1.137,3.1146,-0.0125,0.0184
228.75,51.080,0.1864,0.0136,0.0106,-0.0289,-0.0196,-0.0125,0.0184,3.1149,-3.343,1.010,0.1865,1374.27,146461,0.00209788,0.1864,0.0136,-3.226,1.137,3.1146,-0.0125,0.0184
228.85,51.100,0.1864,0.0136,0.0094,-0.0290,-0.0197,-0.0125,0.0184,3.1152,-3.348,1.010,0.1867,1375.41,146933,0.00237469,0.1866,0.0121,-3.231,1.137,3.1149,-0.0125,0.0184
228.95,51.140,0.1866,0.0121,0.0094,-0.0290,-0.0197,-0.0125,0.0184,3.1154,-3.352,1.010,0.1867,1376.9,147566,0.00237469,0.1866,0.0121,-3.239,1.137,3.1153,-0.0125,0.0184
229.05,51.160,0.1866,0.0121,0.0094,-0.0290,-0.0197,-0.0125,0.0184,3.1156,-3.357,1.010,0.1867,1378.01,148041,0.00209788,0.1866,0.0121,-3.244,1.137,3.1156,-0.0125,0.0184
229.15,51.180,0.1866,0.0121,0.0094,-0.0290,-0.0197,-0.0125,0.0184,3.1158,-3.361,1.010,0.1867,1378.01,148041,0.00209788,0.1866,0.0121,-3.244,1.137,3.1156,-0.0125,0.0184
229.25,51.200,0.1866,0.0121,0.0083,-0.0291,-0.0197,-0.0125,0.0184,3.1160,-3.365,1.010,0.1868,1379.1,148518,0.00237469,0.1867,0.0107,-3.250,1.137,3.1158,-0.0125,0.0184
229.35,51.220,0.1867,0.0107,0.0083,-0.0291,-0.0197,-0.0125,0.0184,3.1162,-3.370,1.010,0.1868,1380.55,149156,0.00237469,0.1867,0.0107,-3.257,1.138,3.1162,-0.0125,0.0184
229.45,51.260,0.1867,0.0107,0.0083,-0.0292,-0.0198,-0.0125,0.0184,3.1164,-3.374,1.010,0.1869,1380.55,149156,0.00237469,0.1867,0.0107,-3.257,1.138,3.1162,-0.0125,0.0184
229.55,51.280,0.1867,0.0107,0.0083,-0.0293,-0.0198,-0.0125,0.0184,3.1166,-3.379,1.011,0.1869,1381.62,149635,0.00209788,0.1867,0.0107,-3.263,1.138,3.1164,-0.0125,0.0184
229.65,51.300,0.1867,0.0107,0.0083,-0.0301,-0.0204,-0.0125,0.0184,3.1168,-3.383,1.011,0.1869,1382.69,150116,0.00237469,0.1869,0.0095,-3.268,1.138,3.1167,-0.0125,0.0184
229.75,51.320,0.1869,0.0095,0.0067,-0.0298,-0.0189,-0.0125,0.0184,3.1170,-3.388,1.011,0.1869,1382.69,150116,0.00237469,0.1869,0.0095,-3.268,1.138,3.1167,-0.0125,0.0184
229.85,51.340,0.1869,0.0095,0.0067,-0.0298,-0.0189,-0.0125,0.0184,3.1171,-3.392,1.011,0.1869,1384.09,150759,0.00237469,0.1869,0.0095,-3.276,1.138,3.1170,-0.0125,0.0184
229.95,51.380,0.1869,0.0095,0.0067,-0.0298,-0.0189,-0.0125,0.0184,3.1173,-3.397,1.011,0.1869,1385.14,151242,0.00209788,0.1869,0.0095,-3.282,1.138,3.1172,-0.0125,0.0184
230.05,51.400,0.1869,0.0095,0.0067,-0.0298,-0.0189,-0.0124,0.0184,3.1174,-3.401,1.011,0.1870,1386.18,151727,0.00237469,0.1870,0.0085,-3.287,1.138,3.1174,-0.0124,0.0184
230.15,51.420,0.1870,0.0085,0.0060,-0.0293,-0.0198,-0.0124,0.0184,3.1176,-3.405,1.011,0.1870,1386.18,151727,0.00237469,0.1870,0.0085,-3.287,1.138,3.1174,-0.0124,0.0184
230.25,51.440,0.1870,0.0085,0.0060,-0.0298,-0.0190,-0.0124,0.0184,3.1177,-3.410,1.011,0.1870,1387.55,152375,0.00237469,0.1870,0.0085,-3.295,1.138,3.1176,-0.0124,0.0184
230.35,51.460,0.1870,0.0085,0.0060,-0.0298,-0.0190,-0.0124,0.0184,3.1179,-3.415,1.012,0.1870,1388.57,152863,0.00209788,0.1870,0.0085,-3.300,1.139,3.1178,-0.0124,0.0184
230.45,51.500,0.1870,0.0085,0.0060,-0.0298,-0.0190,-0.0124,0.0184,3.1180,-3.419,1.012,0.1870,1389.59,153351,0.00237469,0.1871,0.0076,-3.306,1.139,3.1180,-0.0124,0.0184
230.55,51.520,0.1871,0.0076,0.0054,-0.0294,-0.0198,-0.0124,0.0184,3.1182,-3.423,1.012,0.1871,1389.59,153351,0.00237469,0.1871,0.0076,-3.306,1.139,3.1180,-0.0124,0.0184
230.65,51.540,0.1871,0.0076,0.0054,-0.0294,-0.0198,-0.0124,0.0184,3.1183,-3.428,1.012,0.1871,1390.93,154005,0.00237469,0.1871,0.0076,-3.313,1.139,3.1182,-0.0124,0.0184
230.75,51.560,0.1871,0.0076,0.0054,-0.0298,-0.0191,-0.0124,0.0184,3.1184,-3.432,1.012,0.1871,1391.94,154497,0.00209788,0.1871,0.0076,-3.319,1.139,3.1184,-0.0124,0.0184
230.85,51.580,0.1871,0.0076,0.0054,-0.0298,-0.0191,-0.0124,0.0184,3.1185,-3.437,1.012,0.1871,1391.94,154497,0.00209788,0.1871,0.0076,-3.319,1.139,3.1184,-0.0124,0.0184
230.95,51.600,0.1871,0.0076,0.0049,-0.0294,-0.0198,-0.0124,0.0184,3.1187,-3.441,1.012,0.1872,1392.93,154989,0.00237469,0.1872,0.0068,-3.325,1.139,3.1185,-0.0124,0.0184
231.05,51.640,0.1872,0.0068,0.0049,-0.0294,-0.0198,-0.0124,0.0184,3.1188,-3.445,1.012,0.1872,1394.25,155648,0.00237469,0.1872,0.0068,-3.332,1.139,3.1187,-0.0124,0.0184
231.15,51.660,0.1872,0.0068,0.0049,-0.0298,-0.0192,-0.0124,0.0184,3.1189,-3.450,1.012,0.1872,1394.25,155648,0.00237469,0.1872,0.0068,-3.332,1.139,3.1187,-0.0124,0.0184
231.25,51.680,0.1872,0.0068,0.0049,-0.0298,-0.0192,-0.0124,0.0184,3.1190,-3.454,1.012,0.1872,1395.24,156144,0.00209788,0.1872,0.0068,-3.338,1.139,3.1189,-0.0124,0.0184
231.35,51.700,0.1872,0.0068,0.0044,-0.0295,-0.0199,-0.0124,0.0184,3.1191,-3.459,1.013,0.1872,1396.22,156641,0.00237469,0.1873,0.0062,-3.343,1.140,3.1190,-0.0124,0.0184
231.45,51.720,0.1873,0.0062,0.0044,-0.0295,-0.0199,-0.0124,0.0184,3.1192,-3.463,1.013,0.1873,1397.52,157305,0.00237469,0.1873,0.0062,-3.351,1.140,3.1192,-0.0124,0.0184
231.55,51.760,0.1873,0.0062,0.0044,-0.0298,-0.0193,-0.0124,0.0184,3.1193,-3.468,1.013,0.1873,1397.52,157305,0.00237469,0.1873,0.0062,-3.351,1.140,3.1192,-0.0124,0.0184
231.65,51.780,0.1873,0.0062,0.0044,-0.0299,-0.0193,-0.0124,0.0184,3.1194,-3.472,1.013,0.1873,1398.49,157805,0.00209788,0.1873,0.0062,-3.356,1.140,3.1193,-0.0124,0.0184
231.75,51.800,0.1873,0.0062,0.0044,-0.0299,-0.0193,-0.0124,0.0184,3.1195,-3.477,1.013,0.1873,1399.45,158305,0.00237469,0.1873,0.0055,-3.362,1.140,3.1195,-0.0124,0.0184
231.85,51.820,0.1873,0.0055,0.0039,-0.0295,-0.0199,-0.0124,0.0184,3.1196,-3.481,1.013,0.1873,1399.45,158305,0.00237469,0.1873,0.0055,-3.362,1.140,3.1195,-0.0124,0.0184
231.95,51.840,0.1873,0.0055,0.0039,-0.0299,-0.0194,-0.0124,0.0184,3.1197,-3.485,1.013,0.1873,1400.73,158975,0.00237469,0.1873,0.0055,-3.369,1.140,3.1196,-0.0124,0.0184
232.05,51.880,0.1873,0.0055,0.0039,-0.0299,-0.0194,-0.0124,0.0184,3.1198,-3.490,1.013,0.1873,1401.68,159479,0.00209788,0.1873,0.0055,-3.375,1.140,3.1197,-0.0124,0.0184
232.15,51.900,0.1873,0.0055,0.0039,-0.0299,-0.0194,-0.0124,0.0184,3.1199,-3.494,1.013,0.1874,1402.63,159984,0.00237469,0.1874,0.0050,-3.381,1.140,3.1198,-0.0124,0.0184
232.25,51.920,0.1874,0.0050,0.0035,-0.0296,-0.0199,-0.0124,0.0184,3.1200,-3.499,1.014,0.1874,1402.63,159984,0.00237469,0.1874,0.0050,-3.381,1.140,3.1198,-0.0124,0.0184
232.35,51.940,0.1874,0.0050,0.0035,-0.0299,-0.0194,-0.0124,0.0184,3.1201,-3.503,1.014,0.1874,1403.9,160659,0.00237469,0.1874,0.0050,-3.388,1.141,3.1200,-0.0124,0.0184
232.45,51.960,0.1874,0.0050,0.0035,-0.0299,-0.0194,-0.0124,0.0184,3.1201,-3.508,1.014,0.1874,1404.84,161167,0.00209788,0.1874,0.0050,-3.394,1.141,3.1201,-0.0124,0.0184
232.55,51.980,0.1874,0.0050,0.0035,-0.0299,-0.0194,-0.0124,0.0184,3.1202,-3.512,1.014,0.1874,1405.78,161676,0.00237469,0.1875,0.0045,-3.399,1.141,3.1202,-0.0124,0.0184
232.65,52.020,0.1875,0.0045,0.0032,-0.0296,-0.0199,-0.0124,0.0184,3.1203,-3.517,1.014,0.1874,1405.78,161676,0.00237469,0.1875,0.0045,-3.399,1.141,3.1202,-0.0124,0.0184
232.75,52.040,0.1875,0.0045,0.0032,-0.0298,-0.0195,-0.0124,0.0184,3.1204,-3.521,1.014,0.1875,1407.02,162357,0.00237469,0.1875,0.0045,-3.407,1.141,3.1203,-0.0124,0.0184
232.85,52.060,0.1875,0.0045,0.0032,-0.0299,-0.0195,-0.0124,0.0184,3.1205,-3.526,1.014,0.1875,1407.95,162869,0.00209788,0.1875,0.0045,-3.413,1.141,3.1204,-0.0124,0.0184
232.95,52.080,0.1875,0.0045,0.0032,-0.0299,-0.0195,-0.0124,0.0184,3.1205,-3.530,1.014,0.1875,1407.95,162869,0.00209788,0.1875,0.0045,-3.413,1.141,3.1204,-0.0124,0.0184
233.05,52.100,0.1875,0.0045,0.0029,-0.0296,-0.0199,-0.0124,0.0184,3.1206,-3.534,1.014,0.1875,1408.88,163382,0.00237469,0.1875,0.0040,-3.418,1.141,3.1205,-0.0124,0.0184
233.15,52.140,0.1875,0.0040,0.0028,-0.0298,-0.0196,-0.0124,0.0184,3.1207,-3.539,1.014,0.1875,1410.11,164068,0.00237469,0.1875,0.0040,-3.426,1.141,3.1206,-0.0124,0.0184
233.25,52.160,0.1875,0.0040,0.0028,-0.0297,-0.0195,-0.0124,0.0184,3.1207,-3.543,1.015,0.1875,1410.11,164068,0.00237469,0.1875,0.0040,-3.426,1.141,3.1206,-0.0124,0.0184
233.35,52.180,0.1875,0.0040,0.0020,0.0003,0.0006,-0.0124,0.0184,3.1208,-3.548,1.015,0.1875,1411.04,164585,0.00209788,0.1875,0.0040,-3.431,1.141,3.1207,-0.0124,0.0184
233.45,52.200,0.1875,0.0040,0.0024,-0.0297,-0.0199,-0.0124,0.0184,3.1209,-3.552,1.015,0.1875,1411.95,165102,0.00237469,0.1876,0.0036,-3.437,1.142,3.1208,-0.0124,0.0184
233.55,52.220,0.1876,0.0036,0.0024,-0.0297,-0.0199,-0.0124,0.0184,3.1209,-3.557,1.015,0.1875,1413.18,165794,0.00237469,0.1876,0.0036,-3.444,1.142,3.1209,-0.0124,0.0184
233.65,52.240,0.1876,0.0036,0.0024,-0.0297,-0.0199,-0.0124,0.0184,3.1210,-3.561,1.015,0.1875,1413.18,165794,0.00237469,0.1876,0.0036,-3.444,1.142,3.1209,-0.0124,0.0184
233.75,52.280,0.1876,0.0036,0.0024,-0.0297,-0.0199,-0.0124,0.0184,3.1210,-3.566,1.015,0.1875,1414.09,166314,0.00209788,0.1876,0.0036,-3.450,1.142,3.1210,-0.0124,0.0184
233.85,52.300,0.1876,0.0036,0.0024,-0.0297,-0.0199,-0.0124,0.0184,3.1211,-3.570,1.015,0.1876,1415,166836,0.00237469,0.1876,0.0033,-3.456,1.142,3.1210,-0.0124,0.0184
233.95,52.320,0.1876,0.0033,0.0021,-0.0297,-0.0199,-0.0124,0.0185,3.1211,-3.574,1.015,0.1876,1415,166836,0.00237469,0.1876,0.0033,-3.456,1.142,3.1210,-0.0124,0.0185
234.05,52.340,0.1876,0.0033,0.0021,-0.0297,-0.0199,-0.0124,0.0185,3.1212,-3.579,1.015,0.1876,1416.22,167533,0.00237469,0.1876,0.0033,-3.463,1.142,3.1211,-0.0124,0.0185
234.15,52.360,0.1876,0.0033,0.0021,-0.0297,-0.0199,-0.0124,0.0185,3.1212,-3.583,1.015,0.1876,1417.12,168058,0.00209788,0.1876,0.0033,-3.469,1.142,3.1212,-0.0124,0.0185
234.25,52.400,0.1876,0.0033,0.0021,-0.0297,-0.0199,-0.0124,0.0185,3.1213,-3.588,1.015,0.1876,1418.03,168584,0.00237469,0.1876,0.0030,-3.474,1.142,3.1213,-0.0124,0.0185
234.35,52.420,0.1876,0.0030,0.0020,-0.0297,-0.0199,-0.0124,0.0185,3.1213,-3.592,1.016,0.1876,1418.03,168584,0.00237469,0.1876,0.0030,-3.474,1.142,3.1213,-0.0124,0.0185
234.45,52.440,0.1876,0.0030,0.0020,-0.0297,-0.0199,-0.0124,0.0185,3.1214,-3.596,1.016,0.1876,1419.23,169287,0.00237469,0.1876,0.0030,-3.482,1.143,3.1213,-0.0124,0.0185
234.55,52.460,0.1876,0.0030,0.0020,-0.0297,-0.0199,-0.0124,0.0185,3.1214,-3.601,1.016,0.1876,1420.14,169816,0.00209788,0.1876,0.0030,-3.488,1.143,3.1214,-0.0124,0.0185
234.65,52.480,0.1876,0.0030,0.0020,-0.0297,-0.0199,-0.0124,0.0185,3.1215,-3.606,1.016,0.1876,1420.14,169816,0.00209788,0.1876,0.0030,-3.488,1.143,3.1214,-0.0124,0.0185
234.75,52.500,0.1876,0.0030,0.0018,-0.0297,-0.0199,-0.0124,0.0185,3.1215,-3.610,1.016,0.1877,1421.04,170346,0.00237469,0.1877,0.0027,-3.493,1.143,3.1215,-0.0124,0.0185
234.85,52.540,0.1877,0.0027,0.0018,-0.0297,-0.0199,-0.0124,0.0185,3.1216,-3.614,1.016,0.1877,1422.24,171054,0.00237469,0.1877,0.0027,-3.501,1.143,3.1215,-0.0124,0.0185
234.95,52.560,0.1877,0.0027,0.0018,-0.0297,-0.0199,-0.0124,0.0185,3.1216,-3.618,1.016,0.1877,1422.24,171054,0.00237469,0.1877,0.0027,-3.501,1.143,3.1215,-0.0124,0.0185
235.05,52.580,0.1877,0.0027,0.0018,-0.0297,-0.0199,-0.0124,0.0185,3.1216,-3.623,1.016,0.1877,1423.13,171587,0.00209788,0.1877,0.0027,-3.506,1.143,3.1216,-0.0124,0.0185
235.15,52.600,0.1877,0.0027,0.0018,-0.0297,-0.0199,-0.0124,0.0185,3.1217,-3.627,1.016,0.1877,1424.03,172122,0.00237469,0.1877,0.0025,-3.512,1.143,3.1216,-0.0124,0.0185
235.25,52.620,0.1877,0.0025,0.0016,-0.0298,-0.0199,-0.0124,0.0185,3.1217,-3.631,1.016,0.1877,1424.03,172122,0.00237469,0.1877,0.0025,-3.512,1.143,3.1216,-0.0124,0.0185
235.35,52.640,0.1877,0.0025,0.0016,-0.0298,-0.0199,-0.0124,0.0185,3.1217,-3.636,1.016,0.1877,1425.22,172836,0.00237469,0.1877,0.0025,-3.519,1.143,3.1217,-0.0124,0.0185
235.45,52.660,0.1877,0.0025,0.0016,-0.0298,-0.0199,-0.0124,0.0185,3.1218,-3.640,1.016,0.1877,1426.11,173374,0.00209788,0.1877,0.0025,-3.525,1.143,3.1218,-0.0124,0.0185
235.55,52.700,0.1877,0.0025,0.0016,-0.0298,-0.0199,-0.0124,0.0185,3.1218,-3.644,1.017,0.1877,1427.01,173912,0.00237469,0.1877,0.0023,-3.531,1.144,3.1218,-0.0124,0.0185
235.65,52.720,0.1877,0.0023,0.0015,-0.0298,-0.0199,-0.0124,0.0185,3.1218,-3.648,1.017,0.1877,1427.01,173912,0.00237469,0.1877,0.0023,-3.531,1.144,3.1218,-0.0124,0.0185
235.75,52.740,0.1877,0.0023,0.0015,-0.0298,-0.0199,-0.0124,0.0185,3.1219,-3.652,1.017,0.1877,1428.19,174632,0.00237469,0.1877,0.0023,-3.538,1.144,3.1219,-0.0124,0.0185
235.85,52.760,0.1877,0.0023,0.0015,-0.0298,-0.0199,-0.0124,0.0185,3.1219,-3.657,1.017,0.1877,1429.08,175174,0.00209788,0.1877,0.0023,-3.544,1.144,3.1219,-0.0124,0.0185
235.95,52.780,0.1877,0.0023,0.0015,-0.0298,-0.0199,-0.0124,0.0185,3.1220,-3.661,1.017,0.1877,1429.08,175174,0.00209788,0.1877,0.0023,-3.544,1.144,3.1219,-0.0124,0.0185
236.05,52.800,0.1877,0.0023,0.0013,-0.0298,-0.0199,-0.0124,0.0185,3.1220,-3.665,1.017,0.1877,1429.97,175717,0.00237469,0.1878,0.0021,-3.549,1.144,3.1220,-0.0124,0.0185
236.15,52.820,0.1878,0.0021,0.0013,-0.0298,-0.0199,-0.0124,0.0185,3.1220,-3.670,1.017,0.1877,1431.16,176443,0.00237469,0.1878,0.0021,-3.557,1.144,3.1220,-0.0124,0.0185
236.25,52.860,0.1878,0.0021,0.0014,-0.0295,-0.0197,-0.0124,0.0185,3.1220,-3.674,1.017,0.1878,1431.16,176443,0.00237469,0.1878,0.0021,-3.557,1.144,3.1220,-0.0124,0.0185
236.35,52.880,0.1878,0.0021,0.0015,-0.0298,-0.0199,-0.0124,0.0185,3.1221,-3.678,1.017,0.1878,1432.04,176989,0.00209788,0.1878,0.0021,-3.563,1.144,3.1220,-0.0124,0.0185
236.45,52.900,0.1878,0.0021,0.0015,-0.0298,-0.0199,-0.0124,0.0185,3.1221,-3.682,1.017,0.1878,1432.93,177536,0.00237469,0.1878,0.0019,-3.568,1.144,3.1221,-0.0124,0.0185
236.55,52.920,0.1878,0.0019,0.0013,-0.0298,-0.0199,-0.0124,0.0185,3.1221,-3.687,1.017,0.1878,1432.93,177536,0.00237469,0.1878,0.0019,-3.568,1.144,3.1221,-0.0124,0.0185
236.65,52.940,0.1878,0.0019,0.0013,-0.0298,-0.0199,-0.0124,0.0185,3.1222,-3.691,1.017,0.1878,1434.11,178268,0.00237469,0.1878,0.0019,-3.576,1.144,3.1221,-0.0124,0.0185
236.75,52.960,0.1878,0.0019,0.0013,-0.0298,-0.0199,-0.0124,0.0185,3.1222,-3.696,1.018,0.1878,1434.99,178818,0.00209788,0.1878,0.0019,-3.581,1.145,3.1222,-0.0124,0.0185
236.85,53.000,0.1878,0.0019,0.0013,-0.0298,-0.0199,-0.0124,0.0185,3.1222,-3.700,1.018,0.1878,1435.88,179370,0.00237469,0.1878,0.0017,-3.587,1.145,3.1222,-0.0124,0.0185
236.95,53.020,0.1878,0.0017,0.0012,-0.0298,-0.0199,-0.0124,0.0185,3.1223,-3.704,1.018,0.1878,1435.88,179370,0.00237469,0.1878,0.0017,-3.587,1.145,3.1222,-0.0124,0.0185
237.05,53.040,0.1878,0.0017,0.0012,-0.0298,-0.0199,-0.0124,0.0185,3.1223,-3.708,1.018,0.1878,1437.05,180107,0.00237469,0.1878,0.0017,-3.595,1.145,3.1223,-0.0124,0.0185
237.15,53.060,0.1878,0.0017,0.0012,-0.0298,-0.0199,-0.0124,0.0185,3.1223,-3.713,1.018,0.1878,1437.94,180662,0.00209788,0.1878,0.0017,-3.600,1.145,3.1223,-0.0124,0.0185
237.25,53.080,0.1878,0.0017,0.0012,-0.0298,-0.0199,-0.0124,0.0185,3.1223,-3.717,1.018,0.1878,1437.94,180662,0.00209788,0.1878,0.0017,-3.600,1.145,3.1223,-0.0124,0.0185
237.35,53.100,0.1878,0.0017,0.0011,-0.0298,-0.0200,-0.0124,0.0185,3.1224,-3.721,1.018,0.1878,1438.82,181218,0.00237469,0.1878,0.0015,-3.606,1.145,3.1223,-0.0124,0.0185
237.45,53.120,0.1878,0.0015,0.0011,-0.0298,-0.0200,-0.0124,0.0185,3.1224,-3.725,1.018,0.1878,1439.99,181962,0.00237469,0.1878,0.0015,-3.613,1.145,3.1224,-0.0124,0.0185
237.55,53.140,0.1878,0.0015,0.0011,-0.0298,-0.0200,-0.0124,0.0185,3.1224,-3.730,1.018,0.1878,1439.99,181962,0.00237469,0.1878,0.0015,-3.613,1.145,3.1224,-0.0124,0.0185
237.65,53.160,0.1878,0.0015,0.0011,-0.0298,-0.0199,-0.0124,0.0185,3.1224,-3.734,1.018,0.1878,1440.87,182521,0.00209788,0.1878,0.0015,-3.619,1.145,3.1224,-0.0124,0.0185
237.75,53.200,0.1878,0.0015,0.0011,-0.0298,-0.0199,-0.0124,0.0185,3.1225,-3.738,1.018,0.1879,1441.75,183081,0.00237469,0.1878,0.0014,-3.625,1.145,3.1225,-0.0124,0.0185
237.85,53.220,0.1878,0.0014,0.0010,-0.0298,-0.0200,-0.0124,0.0185,3.1225,-3.742,1.018,0.1879,1441.75,183081,0.00237469,0.1878,0.0014,-3.625,1.145,3.1225,-0.0124,0.0185
237.95,53.240,0.1878,0.0014,0.0010,-0.0298,-0.0200,-0.0124,0.0185,3.1225,-3.747,1.019,0.1879,1442.92,183831,0.00237469,0.1878,0.0014,-3.632,1.145,3.1225,-0.0124,0.0185
238.05,53.260,0.1878,0.0014,0.0010,-0.0298,-0.0200,-0.0124,0.0185,3.1225,-3.751,1.019,0.1879,1443.8,184394,0.00209788,0.1878,0.0014,-3.638,1.146,3.1225,-0.0124,0.0185
238.15,53.280,0.1878,0.0014,0.0010,-0.0299,-0.0198,-0.0124,0.0185,3.1226,-3.755,1.019,0.1879,1443.8,184394,0.00209788,0.1878,0.0014,-3.638,1.146,3.1225,-0.0124,0.0185
238.25,53.300,0.1878,0.0014,0.0009,-0.0298,-0.0200,-0.0124,0.0185,3.1226,-3.759,1.019,0.1879,1444.68,184959,0.00237469,0.1879,0.0012,-3.643,1.146,3.1226,-0.0124,0.0185
238.35,53.320,0.1879,0.0012,0.0009,-0.0299,-0.0198,-0.0124,0.0185,3.1226,-3.764,1.019,0.1879,1445.85,185714,0.00237469,0.1879,0.0012,-3.651,1.146,3.1226,-0.0124,0.0185
238.45,53.360,0.1879,0.0012,0.0009,-0.0299,-0.0198,-0.0124,0.0185,3.1226,-3.768,1.019,0.1879,1445.85,185714,0.00237469,0.1879,0.0012,-3.651,1.146,3.1226,-0.0124,0.0185
238.55,53.380,0.1879,0.0012,0.0009,-0.0299,-0.0198,-0.0124,0.0185,3.1226,-3.772,1.019,0.1879,1446.73,186282,0.00209788,0.1879,0.0012,-3.656,1.146,3.1226,-0.0124,0.0185
238.65,53.400,0.1879,0.0012,0.0009,-0.0299,-0.0198,-0.0124,0.0185,3.1227,-3.777,1.019,0.1879,1447.61,186852,0.00237469,0.1879,0.0011,-3.662,1.146,3.1226,-0.0124,0.0185
238.75,53.420,0.1879,0.0011,0.0008,-0.0299,-0.0199,-0.0124,0.0185,3.1227,-3.781,1.019,0.1879,1447.61,186852,0.00237469,0.1879,0.0011,-3.662,1.146,3.1226,-0.0124,0.0185
238.85,53.440,0.1879,0.0011,0.0008,-0.0299,-0.0199,-0.0124,0.0185,3.1227,-3.786,1.019,0.1879,1448.78,187613,0.00237469,0.1879,0.0011,-3.670,1.146,3.1227,-0.0124,0.0185
238.95,53.460,0.1879,0.0011,0.0008,-0.0299,-0.0199,-0.0124,0.0185,3.1227,-3.790,1.019,0.1879,1449.65,188186,0.00209788,0.1879,0.0011,-3.675,1.146,3.1227,-0.0124,0.0185
239.05,53.480,0.1879,0.0011,0.0008,-0.0299,-0.0199,-0.0124,0.0185,3.1227,-3.793,1.019,0.1879,1449.65,188186,0.00209788,0.1879,0.0011,-3.675,1.146,3.1227,-0.0124,0.0185
239.15,53.520,0.1879,0.0010,0.0007,-0.0299,-0.0199,-0.0124,0.0185,3.1227,-3.798,1.020,0.1879,1450.53,188759,0.00237469,0.1879,0.0010,-3.681,1.146,3.1227,-0.0124,0.0185
239.25,53.540,0.1879,0.0010,0.0007,-0.0299,-0.0199,-0.0124,0.0185,3.1228,-3.802,1.020,0.1879,1451.7,189527,0.00237469,0.1879,0.0010,-3.688,1.147,3.1228,-0.0124,0.0185
239.35,53.560,0.1879,0.0010,0.0007,-0.0299,-0.0199,-0.0123,0.0185,3.1228,-3.807,1.020,0.1879,1452.58,190104,0.00209788,0.1879,0.0010,-3.694,1.147,3.1228,-0.0123,0.0185
239.45,53.580,0.1879,0.0010,0.0007,-0.0299,-0.0199,-0.0123,0.0185,3.1228,-3.811,1.020,0.1879,1452.58,190104,0.00209788,0.1879,0.0010,-3.694,1.147,3.1228,-0.0123,0.0185
239.55,53.600,0.1879,0.0010,0.0006,-0.0299,-0.0200,-0.0123,0.0185,3.1228,-3.815,1.020,0.1879,1453.46,190682,0.00237469,0.1879,0.0009,-3.700,1.147,3.1228,-0.0123,0.0185
239.65,53.620,0.1879,0.0009,0.0006,-0.0299,-0.0199,-0.0123,0.0185,3.1228,-3.820,1.020,0.1879,1454.63,191455,0.00237469,0.1879,0.0009,-3.707,1.147,3.1228,-0.0123,0.0185
239.75,53.640,0.1879,0.0009,0.0006,-0.0299,-0.0199,-0.0123,0.0185,3.1228,-3.824,1.020,0.1879,1454.63,191455,0.00237469,0.1879,0.0009,-3.707,1.147,3.1228,-0.0123,0.0185
239.85,53.680,0.1879,0.0009,0.0006,-0.0299,-0.0199,-0.0123,0.0185,3.1229,-3.828,1.020,0.1879,1455.5,192037,0.00209788,0.1879,0.0009,-3.713,1.147,3.1228,-0.0123,0.0185
239.95,53.700,0.1879,0.0009,0.0006,-0.0299,-0.0199,-0.0123,0.0185,3.1229,-3.832,1.020,0.1879,1456.38,192620,0.00237469,0.1879,0.0008,-3.718,1.147,3.1229,-0.0123,0.0185
240.05,53.720,0.1879,0.0008,0.0006,-0.0299,-0.0200,-0.0123,0.0185,3.1229,-3.837,1.020,0.1879,1456.38,192620,0.00237469,0.1879,0.0008,-3.718,1.147,3.1229,-0.0123,0.0185
240.15,53.740,0.1879,0.0008,0.0005,-0.0299,-0.0199,-0.0123,0.0185,3.1229,-3.841,1.020,0.1880,1457.55,193399,0.00237469,0.1879,0.0008,-3.726,1.147,3.1229,-0.0123,0.0185
240.25,53.760,0.1879,0.0008,0.0006,-0.0300,-0.0201,-0.0123,0.0185,3.1229,-3.845,1.020,0.1879,1458.43,193985,0.00209788,0.1879,0.0008,-3.732,1.147,3.1229,-0.0123,0.0185
240.35,53.780,0.1879,0.0008,0.0006,-0.0299,-0.0200,-0.0123,0.0185,3.1229,-3.850,1.021,0.1879,1458.43,193985,0.00209788,0.1879,0.0008,-3.732,1.147,3.1229,-0.0123,0.0185
240.45,53.800,0.1879,0.0008,0.0006,-0.0299,-0.0200,-0.0123,0.0185,3.1229,-3.854,1.021,0.1879,1459.31,194573,0.00237469,0.1879,0.0007,-3.737,1.147,3.1229,-0.0123,0.0185
240.55,53.840,0.1879,0.0007,0.0006,-0.0299,-0.0200,-0.0123,0.0185,3.1229,-3.858,1.021,0.1879,1460.48,195358,0.00237469,0.1879,0.0007,-3.745,1.148,3.1229,-0.0123,0.0185
240.65,53.860,0.1879,0.0007,0.0006,-0.0299,-0.0200,-0.0123,0.0185,3.1230,-3.862,1.021,0.1879,1460.48,195358,0.00237469,0.1879,0.0007,-3.745,1.148,3.1229,-0.0123,0.0185
240.75,53.880,0.1879,0.0007,0.0006,-0.0299,-0.0200,-0.0123,0.0185,3.1230,-3.867,1.021,0.1879,1461.36,195949,0.00209788,0.1879,0.0007,-3.750,1.148,3.1230,-0.0123,0.0185
240.85,53.900,0.1879,0.0007,0.0005,-0.0299,-0.0200,-0.0123,0.0185,3.1230,-3.871,1.021,0.1879,1462.23,196541,0.00237469,0.1879,0.0007,-3.756,1.148,3.1230,-0.0123,0.0185
240.95,53.920,0.1879,0.0007,0.0005,-0.0299,-0.0200,-0.0123,0.0185,3.1230,-3.875,1.021,0.1879,1463.41,197333,0.00237469,0.1879,0.0007,-3.764,1.148,3.1230,-0.0123,0.0185
241.05,53.940,0.1879,0.0007,0.0005,-0.0299,-0.0200,-0.0123,0.0185,3.1230,-3.880,1.021,0.1879,1463.41,197333,0.00237469,0.1879,0.0007,-3.764,1.148,3.1230,-0.0123,0.0185
241.15,53.980,0.1879,0.0007,0.0005,-0.0299,-0.0200,-0.0123,0.0185,3.1230,-3.884,1.021,0.1879,1464.29,197928,0.00209788,0.1879,0.0007,-3.769,1.148,3.1230,-0.0123,0.0185
241.25,54.000,0.1879,0.0007,0.0005,-0.0299,-0.0200,-0.0123,0.0185,3.1230,-3.888,1.021,0.1879,1465.17,198525,0.00237469,0.1879,0.0006,-3.775,1.148,3.1230,-0.0123,0.0185
241.35,54.020,0.1879,0.0006,0.0005,-0.0299,-0.0200,-0.0123,0.0185,3.1230,-3.893,1.021,0.1879,1465.17,198525,0.00237469,0.1879,0.0006,-3.775,1.148,3.1230,-0.0123,0.0185
241.45,54.040,0.1879,0.0006,0.0005,-0.0299,-0.0200,-0.0123,0.0185,3.1231,-3.897,1.021,0.1879,1466.34,199323,0.00237469,0.1879,0.0006,-3.782,1.148,3.1230,-0.0123,0.0185
241.55,54.060,0.1879,0.0006,0.0005,-0.0299,-0.0200,-0.0123,0.0185,3.1231,-3.901,1.021,0.1879,1467.22,199923,0.00209788,0.1879,0.0006,-3.788,1.148,3.1231,-0.0123,0.0185
241.65,54.080,0.1879,0.0006,0.0005,-0.0299,-0.0200,-0.0123,0.0185,3.1231,-3.906,1.022,0.1879,1467.22,199923,0.00209788,0.1879,0.0006,-3.788,1.148,3.1231,-0.0123,0.0185
241.75,54.100,0.1879,0.0006,0.0004,-0.0299,-0.0200,-0.0123,0.0185,3.1231,-3.910,1.022,0.1879,1468.1,200524,0.00237469,0.1879,0.0005,-3.794,1.149,3.1231,-0.0123,0.0185
241.85,54.140,0.1879,0.0005,0.0004,-0.0299,-0.0200,-0.0123,0.0185,3.1231,-3.914,1.022,0.1879,1469.27,201328,0.00237469,0.1879,0.0005,-3.801,1.149,3.1231,-0.0123,0.0185
241.95,54.160,0.1879,0.0005,0.0004,-0.0299,-0.0200,-0.0123,0.0185,3.1231,-3.919,1.022,0.1879,1469.27,201328,0.00237469,0.1879,0.0005,-3.801,1.149,3.1231,-0.0123,0.0185
242.05,54.180,0.1879,0.0005,0.0004,-0.0299,-0.0200,-0.0123,0.0185,3.1231,-3.923,1.022,0.1879,1470.16,201933,0.00209788,0.1879,0.0005,-3.807,1.149,3.1231,-0.0123,0.0185
242.15,54.200,0.1879,0.0005,0.0004,-0.0299,-0.0200,-0.0123,0.0185,3.1231,-3.927,1.022,0.1879,1471.04,202539,0.00237469,0.1879,0.0004,-3.812,1.149,3.1231,-0.0123,0.0185
242.25,54.220,0.1879,0.0004,0.0004,-0.0299,-0.0200,-0.0123,0.0185,3.1231,-3.931,1.022,0.1879,1471.04,202539,0.00237469,0.1879,0.0004,-3.812,1.149,3.1231,-0.0123,0.0185
242.35,54.240,0.1879,0.0004,0.0004,-0.0299,-0.0200,-0.0123,0.0185,3.1231,-3.936,1.022,0.1879,1472.22,203349,0.00237469,0.1879,0.0004,-3.820,1.149,3.1231,-0.0123,0.0185
242.45,54.260,0.1879,0.0004,0.0004,-0.0299,-0.0200,-0.0123,0.0185,3.1231,-3.940,1.022,0.1879,1473.1,203958,0.00209788,0.1879,0.0004,-3.826,1.149,3.1231,-0.0123,0.0185
242.55,54.300,0.1879,0.0004,0.0003,-0.0299,-0.0200,-0.0123,0.0185,3.1232,-3.944,1.022,0.1879,1473.98,204569,0.00237469,0.1880,0.0004,-3.831,1.149,3.1232,-0.0123,0.0185
242.65,54.320,0.1880,0.0004,0.0003,-0.0299,-0.0200,-0.0123,0.0185,3.1232,-3.948,1.022,0.1879,1473.98,204569,0.00237469,0.1880,0.0004,-3.831,1.149,3.1232,-0.0123,0.0185
242.75,54.340,0.1880,0.0004,0.0003,-0.0299,-0.0200,-0.0123,0.0185,3.1232,-3.953,1.022,0.1879,1475.16,205385,0.00237469,0.1880,0.0004,-3.839,1.149,3.1232,-0.0123,0.0185
242.85,54.360,0.1880,0.0004,0.0003,-0.0299,-0.0200,-0.0123,0.0185,3.1232,-3.957,1.023,0.1879,1476.05,206000,0.00209788,0.1880,0.0004,-3.844,1.149,3.1232,-0.0123,0.0185
242.95,54.380,0.1880,0.0004,0.0003,-0.0299,-0.0199,-0.0123,0.0185,3.1232,-3.961,1.023,0.1879,1476.05,206000,0.00209788,0.1880,0.0004,-3.844,1.149,3.1232,-0.0123,0.0185
243.05,54.400,0.1880,0.0004,0.0003,-0.0299,-0.0200,-0.0123,0.0185,3.1232,-3.966,1.023,0.1879,1476.93,206615,0.00237469,0.1880,0.0004,-3.850,1.150,3.1232,-0.0123,0.0185
243.15,54.420,0.1880,0.0004,0.0003,-0.0299,-0.0200,-0.0123,0.0185,3.1232,-3.970,1.023,0.1879,1478.11,207438,0.00237469,0.1880,0.0004,-3.858,1.150,3.1232,-0.0123,0.0185
243.25,54.440,0.1880,0.0004,0.0003,-0.0299,-0.0199,-0.0123,0.0185,3.1232,-3.974,1.023,0.1879,1478.11,207438,0.00237469,0.1880,0.0004,-3.858,1.150,3.1232,-0.0123,0.0185
243.35,54.480,0.1880,0.0004,0.0003,-0.0299,-0.0199,-0.0123,0.0185,3.1232,-3.979,1.023,0.1879,1479,208057,0.00209788,0.1880,0.0004,-3.863,1.150,3.1232,-0.0123,0.0185
243.45,54.500,0.1880,0.0004,0.0003,-0.0299,-0.0199,-0.0123,0.0185,3.1232,-3.983,1.023,0.1879,1479.89,208677,0.00237469,0.1880,0.0003,-3.869,1.150,3.1232,-0.0123,0.0185
243.55,54.520,0.1880,0.0003,0.0002,-0.0299,-0.0200,-0.0123,0.0185,3.1232,-3.987,1.023,0.1879,1479.89,208677,0.00237469,0.1880,0.0003,-3.869,1.150,3.1232,-0.0123,0.0185
243.65,54.540,0.1880,0.0003,0.0002,-0.0299,-0.0199,-0.0123,0.0185,3.1232,-3.992,1.023,0.1879,1481.07,209506,0.00237469,0.1880,0.0003,-3.876,1.150,3.1232,-0.0123,0.0185
243.75,54.560,0.1880,0.0003,0.0002,-0.0299,-0.0199,-0.0123,0.0185,3.1232,-3.996,1.023,0.1879,1481.96,210130,0.00209788,0.1880,0.0003,-3.882,1.150,3.1232,-0.0123,0.0185
243.85,54.580,0.1880,0.0003,0.0002,-0.0299,-0.0199,-0.0123,0.0185,3.1232,-4.000,1.023,0.1879,1481.96,210130,0.00209788,0.1880,0.0003,-3.882,1.150,3.1232,-0.0123,0.0185
243.95,54.620,0.1880,0.0003,0.0002,-0.0299,-0.0200,-0.0123,0.0185,3.1232,-4.004,1.023,0.1879,1482.85,210755,0.00237469,0.1880,0.0003,-3.888,1.150,3.1232,-0.0123,0.0185
244.05,54.640,0.1880,0.0003,0.0002,-0.0299,-0.0200,-0.0123,0.0185,3.1232,-4.009,1.023,0.1879,1484.04,211590,0.00237469,0.1880,0.0003,-3.895,1.150,3.1232,-0.0123,0.0185
244.15,54.660,0.1880,0.0003,0.0002,-0.0299,-0.0199,-0.0123,0.0185,3.1232,-4.013,1.024,0.1879,1484.93,212219,0.00209788,0.1880,0.0003,-3.901,1.150,3.1232,-0.0123,0.0185
244.25,54.680,0.1880,0.0003,0.0002,-0.0299,-0.0199,-0.0123,0.0185,3.1233,-4.017,1.024,0.1879,1484.93,212219,0.00209788,0.1880,0.0003,-3.901,1.150,3.1232,-0.0123,0.0185
244.35,54.700,0.1880,0.0003,0.0002,-0.0299,-0.0200,-0.0123,0.0185,3.1233,-4.022,1.024,0.1879,1485.82,212848,0.00237469,0.1880,0.0003,-3.906,1.151,3.1233,-0.0123,0.0185
244.45,54.720,0.1880,0.0003,0.0002,-0.0299,-0.0200,-0.0123,0.0185,3.1233,-4.026,1.024,0.1879,1487.01,213690,0.00237469,0.1880,0.0003,-3.914,1.151,3.1233,-0.0123,0.0185
244.55,54.740,0.1880,0.0003,0.0002,-0.0299,-0.0200,-0.0123,0.0185,3.1233,-4.030,1.024,0.1879,1487.01,213690,0.00237469,0.1880,0.0003,-3.914,1.151,3.1233,-0.0123,0.0185
244.65,54.780,0.1880,0.0003,0.0002,-0.0299,-0.0200,-0.0123,0.0185,3.1233,-4.035,1.024,0.1879,1487.91,214324,0.00209788,0.1880,0.0003,-3.920,1.151,3.1233,-0.0123,0.0185
244.75,54.800,0.1880,0.0003,0.0002,-0.0299,-0.0200,-0.0123,0.0185,3.1233,-4.039,1.024,0.1866,1488.8,214958,0.00237469,0.1867,0.0112,-3.925,1.151,3.1233,-0.0123,0.0185
244.85,54.820,0.1867,0.0112,0.0080,-0.0292,-0.0195,-0.0123,0.0185,3.1235,-4.043,1.024,0.1865,1488.8,214958,0.00237469,0.1867,0.0112,-3.925,1.151,3.1233,-0.0123,0.0185
244.95,54.840,0.1867,0.0112,0.0080,-0.0293,-0.0195,-0.0123,0.0185,3.1236,-4.048,1.024,0.1865,1489.99,215807,0.00237469,0.1867,0.0112,-3.933,1.151,3.1234,-0.0123,0.0185
245.05,54.860,0.1867,0.0112,0.0080,-0.0293,-0.0195,-0.0123,0.0185,3.1238,-4.052,1.024,0.1865,1490.88,216445,0.00209788,0.1867,0.0112,-3.938,1.151,3.1237,-0.0123,0.0185
245.15,54.880,0.1867,0.0112,0.0080,-0.0293,-0.0195,-0.0123,0.0185,3.1240,-4.056,1.024,0.1866,1490.88,216445,0.00209788,0.1867,0.0112,-3.938,1.151,3.1237,-0.0123,0.0185
245.25,54.900,0.1867,0.0112,0.0076,-0.0293,-0.0195,-0.0123,0.0185,3.1242,-4.060,1.024,0.1866,1491.75,217084,0.00237469,0.1867,0.0107,-3.944,1.151,3.1239,-0.0123,0.0185
245.35,54.940,0.1867,0.0107,0.0076,-0.0293,-0.0195,-0.0123,0.0185,3.1244,-4.065,1.025,0.1866,1492.9,217939,0.00237469,0.1867,0.0107,-3.951,1.151,3.1243,-0.0123,0.0185
245.45,54.960,0.1867,0.0107,0.0076,-0.0293,-0.0195,-0.0123,0.0185,3.1245,-4.069,1.025,0.1867,1492.9,217939,0.00237469,0.1867,0.0107,-3.951,1.151,3.1243,-0.0123,0.0185
245.55,54.980,0.1867,0.0107,0.0076,-0.0293,-0.0195,-0.0123,0.0185,3.1247,-4.073,1.025,0.1867,1493.75,218582,0.00209788,0.1867,0.0107,-3.957,1.152,3.1245,-0.0123,0.0185
245.65,55.000,0.1867,0.0107,0.0068,-0.0294,-0.0196,-0.0123,0.0185,3.1249,-4.078,1.025,0.1868,1494.58,219227,0.00237469,0.1869,0.0096,-3.963,1.152,3.1247,-0.0123,0.0185
245.75,55.020,0.1869,0.0096,0.0068,-0.0294,-0.0195,-0.0123,0.0185,3.1250,-4.082,1.025,0.1868,1495.68,220088,0.00237469,0.1869,0.0096,-3.970,1.152,3.1250,-0.0123,0.0185
245.85,55.040,0.1869,0.0096,0.0068,-0.0294,-0.0195,-0.0123,0.0185,3.1252,-4.086,1.025,0.1868,1495.68,220088,0.00237469,0.1869,0.0096,-3.970,1.152,3.1250,-0.0123,0.0185
245.95,55.080,0.1869,0.0096,0.0068,-0.0294,-0.0195,-0.0123,0.0185,3.1253,-4.091,1.025,0.1868,1496.5,220736,0.00209788,0.1869,0.0096,-3.976,1.152,3.1252,-0.0123,0.0185
246.05,55.100,0.1869,0.0096,0.0068,-0.0294,-0.0195,-0.0123,0.0185,3.1255,-4.095,1.025,0.1869,1497.3,221385,0.00237469,0.1870,0.0086,-3.981,1.152,3.1254,-0.0123,0.0185
246.15,55.120,0.1870,0.0086,0.0061,-0.0294,-0.0195,-0.0123,0.0185,3.1256,-4.099,1.025,0.1870,1497.3,221385,0.00237469,0.1870,0.0086,-3.981,1.152,3.1254,-0.0123,0.0185
246.25,55.140,0.1870,0.0086,0.0061,-0.0294,-0.0195,-0.0123,0.0185,3.1258,-4.103,1.025,0.1870,1498.36,222253,0.00237469,0.1870,0.0086,-3.989,1.152,3.1257,-0.0123,0.0185
246.35,55.160,0.1870,0.0086,0.0061,-0.0293,-0.0195,-0.0123,0.0185,3.1259,-4.108,1.025,0.1870,1499.15,222906,0.00209788,0.1870,0.0086,-3.994,1.152,3.1259,-0.0123,0.0185
246.45,55.180,0.1870,0.0086,0.0061,-0.0294,-0.0187,-0.0123,0.0185,3.1261,-4.112,1.025,0.1870,1499.15,222906,0.00209788,0.1870,0.0086,-3.994,1.152,3.1259,-0.0123,0.0185
246.55,55.200,0.1870,0.0086,0.0038,-0.0015,-0.0001,-0.0123,0.0185,3.1261,-4.116,1.025,0.1873,1499.93,223560,0.00237469,0.1871,0.0077,-4.000,1.152,3.1260,-0.0123,0.0185
246.65,55.240,0.1871,0.0077,0.0038,-0.0300,-0.0192,-0.0123,0.0185,3.1262,-4.121,1.026,0.1878,1500.95,224435,0.00237469,0.1871,0.0077,-4.007,1.152,3.1262,-0.0123,0.0185
246.75,55.260,0.1871,0.0077,0.0038,-0.0300,-0.0192,-0.0123,0.0185,3.1263,-4.125,1.026,0.1878,1500.95,224435,0.00237469,0.1871,0.0077,-4.007,1.152,3.1262,-0.0123,0.0185
246.85,55.280,0.1871,0.0077,0.0038,-0.0300,-0.0192,-0.0123,0.0185,3.1264,-4.129,1.026,0.1878,1501.71,225093,0.00209788,0.1871,0.0077,-4.013,1.152,3.1263,-0.0123,0.0185
246.95,55.300,0.1871,0.0077,0.0035,-0.0300,-0.0192,-0.0123,0.0185,3.1265,-4.134,1.026,0.1879,1502.47,225752,0.00237469,0.1872,0.0071,-4.019,1.152,3.1264,-0.0123,0.0185
247.05,55.320,0.1872,0.0071,0.0035,-0.0300,-0.0192,-0.0123,0.0185,3.1266,-4.138,1.026,0.1879,1503.47,226634,0.00237469,0.1872,0.0071,-4.026,1.153,3.1266,-0.0123,0.0185
247.15,55.340,0.1872,0.0071,0.0046,-0.0296,-0.0196,-0.0123,0.0185,3.1267,-4.142,1.026,0.1871,1503.47,226634,0.00237469,0.1872,0.0071,-4.026,1.153,3.1266,-0.0123,0.0185
247.25,55.360,0.1872,0.0071,0.0046,-0.0296,-0.0196,-0.0123,0.0185,3.1268,-4.147,1.026,0.1871,1504.22,227296,0.00209788,0.1872,0.0071,-4.032,1.153,3.1267,-0.0123,0.0185
247.35,55.400,0.1872,0.0071,0.0046,-0.0296,-0.0196,-0.0123,0.0185,3.1269,-4.151,1.026,0.1872,1504.96,227961,0.00237469,0.1872,0.0066,-4.037,1.153,3.1268,-0.0123,0.0185
247.45,55.420,0.1872,0.0066,0.0043,-0.0296,-0.0196,-0.0123,0.0185,3.1270,-4.155,1.026,0.1872,1504.96,227961,0.00237469,0.1872,0.0066,-4.037,1.153,3.1268,-0.0123,0.0185
247.55,55.440,0.1872,0.0066,0.0043,-0.0296,-0.0196,-0.0123,0.0185,3.1271,-4.159,1.026,0.1872,1505.94,228849,0.00237469,0.1872,0.0066,-4.045,1.153,3.1270,-0.0123,0.0185
247.65,55.460,0.1872,0.0066,0.0043,-0.0296,-0.0196,-0.0123,0.0185,3.1272,-4.164,1.026,0.1872,1506.67,229516,0.00209788,0.1872,0.0066,-4.050,1.153,3.1271,-0.0123,0.0185
247.75,55.480,0.1872,0.0066,0.0043,-0.0296,-0.0196,-0.0123,0.0185,3.1273,-4.168,1.026,0.1872,1506.67,229516,0.00209788,0.1872,0.0066,-4.050,1.153,3.1271,-0.0123,0.0185
247.85,55.500,0.1872,0.0066,0.0039,-0.0297,-0.0196,-0.0123,0.0185,3.1274,-4.172,1.026,0.1873,1507.39,230186,0.00237469,0.1873,0.0060,-4.056,1.153,3.1273,-0.0123,0.0185
247.95,55.520,0.1873,0.0060,0.0039,-0.0297,-0.0196,-0.0123,0.0185,3.1275,-4.176,1.026,0.1873,1508.35,231080,0.00237469,0.1873,0.0060,-4.064,1.153,3.1274,-0.0123,0.0185
248.05,55.560,0.1873,0.0060,0.0039,-0.0297,-0.0196,-0.0123,0.0185,3.1275,-4.181,1.026,0.1873,1508.35,231080,0.00237469,0.1873,0.0060,-4.064,1.153,3.1274,-0.0123,0.0185
248.15,55.580,0.1873,0.0060,0.0039,-0.0297,-0.0196,-0.0123,0.0185,3.1276,-4.185,1.026,0.1873,1509.06,231753,0.00209788,0.1873,0.0060,-4.069,1.153,3.1275,-0.0123,0.0185
248.25,55.600,0.1873,0.0060,0.0039,-0.0297,-0.0196,-0.0123,0.0185,3.1277,-4.189,1.026,0.1873,1509.76,232428,0.00237469,0.1873,0.0055,-4.075,1.153,3.1277,-0.0123,0.0185
248.35,55.620,0.1873,0.0055,0.0036,-0.0297,-0.0196,-0.0123,0.0185,3.1278,-4.194,1.027,0.1874,1509.76,232428,0.00237469,0.1873,0.0055,-4.075,1.153,3.1277,-0.0123,0.0185
248.45,55.640,0.1873,0.0055,0.0036,-0.0297,-0.0196,-0.0123,0.0185,3.1279,-4.198,1.027,0.1874,1510.69,233329,0.00237469,0.1873,0.0055,-4.082,1.153,3.1278,-0.0123,0.0185
248.55,55.660,0.1873,0.0055,0.0036,-0.0297,-0.0196,-0.0123,0.0185,3.1280,-4.202,1.027,0.1874,1511.39,234007,0.00209788,0.1873,0.0055,-4.088,1.153,3.1279,-0.0123,0.0185
248.65,55.700,0.1873,0.0055,0.0036,-0.0297,-0.0196,-0.0123,0.0185,3.1281,-4.207,1.027,0.1874,1512.07,234686,0.00237469,0.1874,0.0050,-4.093,1.154,3.1280,-0.0123,0.0185
248.75,55.720,0.1874,0.0050,0.0032,-0.0297,-0.0197,-0.0123,0.0185,3.1281,-4.211,1.027,0.1874,1512.07,234686,0.00237469,0.1874,0.0050,-4.093,1.154,3.1280,-0.0123,0.0185
248.85,55.740,0.1874,0.0050,0.0032,-0.0297,-0.0197,-0.0122,0.0185,3.1282,-4.215,1.027,0.1874,1512.98,235595,0.00237469,0.1874,0.0050,-4.101,1.154,3.1282,-0.0122,0.0185
248.95,55.760,0.1874,0.0050,0.0032,-0.0298,-0.0197,-0.0122,0.0185,3.1283,-4.220,1.027,0.1874,1513.66,236278,0.00209788,0.1874,0.0050,-4.107,1.154,3.1282,-0.0122,0.0185
249.05,55.780,0.1874,0.0050,0.0032,-0.0298,-0.0197,-0.0122,0.0185,3.1283,-4.224,1.027,0.1874,1513.66,236278,0.00209788,0.1874,0.0050,-4.107,1.154,3.1282,-0.0122,0.0185
249.15,55.800,0.1874,0.0050,0.0029,-0.0297,-0.0196,-0.0122,0.0185,3.1284,-4.228,1.027,0.1875,1514.34,236962,0.00237469,0.1875,0.0045,-4.112,1.154,3.1283,-0.0122,0.0185
249.25,55.820,0.1875,0.0045,0.0030,-0.0297,-0.0196,-0.0122,0.0185,3.1285,-4.232,1.027,0.1875,1515.23,237877,0.00237469,0.1875,0.0045,-4.120,1.154,3.1285,-0.0122,0.0185
249.35,55.860,0.1875,0.0045,0.0030,-0.0293,-0.0193,-0.0122,0.0185,3.1286,-4.237,1.027,0.1875,1515.23,237877,0.00237469,0.1875,0.0045,-4.120,1.154,3.1285,-0.0122,0.0185
249.45,55.880,0.1875,0.0045,0.0032,-0.0298,-0.0196,-0.0122,0.0185,3.1286,-4.241,1.027,0.1876,1515.89,238566,0.00209788,0.1875,0.0045,-4.125,1.154,3.1286,-0.0122,0.0185
249.55,55.900,0.1875,0.0045,0.0032,-0.0298,-0.0196,-0.0122,0.0185,3.1287,-4.245,1.027,0.1876,1516.55,239255,0.00237469,0.1875,0.0041,-4.131,1.154,3.1286,-0.0122,0.0185
249.65,55.920,0.1875,0.0041,0.0029,-0.0298,-0.0197,-0.0122,0.0185,3.1288,-4.249,1.027,0.1876,1516.55,239255,0.00237469,0.1875,0.0041,-4.131,1.154,3.1286,-0.0122,0.0185
249.75,55.940,0.1875,0.0041,0.0029,-0.0298,-0.0197,-0.0122,0.0185,3.1288,-4.254,1.027,0.1876,1517.43,240177,0.00237469,0.1875,0.0041,-4.138,1.154,3.1288,-0.0122,0.0185
249.85,55.960,0.1875,0.0041,0.0029,-0.0298,-0.0197,-0.0122,0.0185,3.1289,-4.258,1.027,0.1876,1518.08,240871,0.00209788,0.1875,0.0041,-4.144,1.154,3.1289,-0.0122,0.0185
249.95,55.980,0.1875,0.0041,0.0029,-0.0298,-0.0197,-0.0122,0.0185,3.1290,-4.262,1.027,0.1876,1518.08,240871,0.00209788,0.1875,0.0041,-4.144,1.154,3.1289,-0.0122,0.0185
250.05,56.000,0.1875,0.0041,0.0026,-0.0298,-0.0197,-0.0122,0.0185,3.1290,-4.266,1.028,0.1877,1518.73,241565,0.00237469,0.1876,0.0037,-4.150,1.154,3.1289,-0.0122,0.0185
250.15,56.020,0.1876,0.0037,0.0026,-0.0298,-0.0197,-0.0122,0.0185,3.1291,-4.270,1.028,0.1877,1519.59,242494,0.00237469,0.1876,0.0037,-4.157,1.154,3.1291,-0.0122,0.0185
250.25,56.060,0.1876,0.0037,0.0026,-0.0298,-0.0197,-0.0122,0.0185,3.1291,-4.275,1.028,0.1877,1519.59,242494,0.00237469,0.1876,0.0037,-4.157,1.154,3.1291,-0.0122,0.0185
250.35,56.080,0.1876,0.0037,0.0026,-0.0298,-0.0197,-0.0122,0.0185,3.1292,-4.279,1.028,0.1877,1520.23,243193,0.00209788,0.1876,0.0037,-4.163,1.154,3.1291,-0.0122,0.0185
250.45,56.100,0.1876,0.0037,0.0026,-0.0298,-0.0197,-0.0122,0.0186,3.1293,-4.283,1.028,0.1877,1520.86,243893,0.00237469,0.1876,0.0033,-4.168,1.155,3.1292,-0.0122,0.0186
250.55,56.120,0.1876,0.0033,0.0024,-0.0298,-0.0197,-0.0122,0.0186,3.1293,-4.288,1.028,0.1877,1520.86,243893,0.00237469,0.1876,0.0033,-4.168,1.155,3.1292,-0.0122,0.0186
250.65,56.140,0.1876,0.0033,0.0024,-0.0298,-0.0197,-0.0122,0.0186,3.1294,-4.292,1.028,0.1877,1521.71,244829,0.00237469,0.1876,0.0033,-4.176,1.155,3.1293,-0.0122,0.0186
250.75,56.160,0.1876,0.0033,0.0024,-0.0298,-0.0197,-0.0122,0.0186,3.1294,-4.296,1.028,0.1877,1522.33,245533,0.00209788,0.1876,0.0033,-4.182,1.155,3.1294,-0.0122,0.0186
250.85,56.200,0.1876,0.0033,0.0024,-0.0299,-0.0197,-0.0122,0.0186,3.1295,-4.301,1.028,0.1877,1522.96,246238,0.00237469,0.1876,0.0030,-4.187,1.155,3.1294,-0.0122,0.0186
250.95,56.220,0.1876,0.0030,0.0021,-0.0299,-0.0197,-0.0122,0.0186,3.1295,-4.305,1.028,0.1877,1522.96,246238,0.00237469,0.1876,0.0030,-4.187,1.155,3.1294,-0.0122,0.0186
251.05,56.240,0.1876,0.0030,0.0021,-0.0299,-0.0197,-0.0122,0.0186,3.1296,-4.309,1.028,0.1877,1523.79,247181,0.00237469,0.1876,0.0030,-4.195,1.155,3.1295,-0.0122,0.0186
251.15,56.260,0.1876,0.0030,0.0021,-0.0299,-0.0197,-0.0122,0.0186,3.1296,-4.314,1.028,0.1877,1524.41,247890,0.00209788,0.1876,0.0030,-4.200,1.155,3.1296,-0.0122,0.0186
251.25,56.280,0.1876,0.0030,0.0021,-0.0299,-0.0197,-0.0122,0.0186,3.1297,-4.318,1.028,0.1878,1524.41,247890,0.00209788,0.1876,0.0030,-4.200,1.155,3.1296,-0.0122,0.0186
251.35,56.300,0.1876,0.0030,0.0019,-0.0299,-0.0197,-0.0122,0.0186,3.1297,-4.322,1.028,0.1878,1525.03,248600,0.00237469,0.1877,0.0027,-4.206,1.155,3.1297,-0.0122,0.0186
251.45,56.320,0.1877,0.0027,0.0019,-0.0301,-0.0194,-0.0122,0.0186,3.1298,-4.326,1.028,0.1878,1525.84,249550,0.00237469,0.1877,0.0027,-4.213,1.155,3.1297,-0.0122,0.0186
251.55,56.360,0.1877,0.0027,0.0019,-0.0301,-0.0194,-0.0122,0.0186,3.1298,-4.331,1.028,0.1878,1525.84,249550,0.00237469,0.1877,0.0027,-4.213,1.155,3.1297,-0.0122,0.0186
251.65,56.380,0.1877,0.0027,0.0019,-0.0301,-0.0194,-0.0122,0.0186,3.1298,-4.335,1.028,0.1878,1526.45,250264,0.00209788,0.1877,0.0027,-4.219,1.155,3.1298,-0.0122,0.0186
251.75,56.400,0.1877,0.0027,0.0019,-0.0301,-0.0194,-0.0122,0.0186,3.1299,-4.339,1.028,0.1878,1527.06,250980,0.00237469,0.1877,0.0024,-4.225,1.155,3.1299,-0.0122,0.0186
251.85,56.420,0.1877,0.0024,0.0017,-0.0301,-0.0195,-0.0122,0.0186,3.1299,-4.344,1.028,0.1878,1527.06,250980,0.00237469,0.1877,0.0024,-4.225,1.155,3.1299,-0.0122,0.0186
251.95,56.440,0.1877,0.0024,0.0017,-0.0301,-0.0195,-0.0122,0.0186,3.1300,-4.348,1.029,0.1878,1527.87,251937,0.00237469,0.1877,0.0024,-4.232,1.155,3.1299,-0.0122,0.0186
252.05,56.460,0.1877,0.0024,0.0017,-0.0301,-0.0195,-0.0122,0.0186,3.1300,-4.352,1.029,0.1878,1528.47,252656,0.00209788,0.1877,0.0024,-4.238,1.155,3.1300,-0.0122,0.0186
252.15,56.500,0.1877,0.0024,0.0017,-0.0301,-0.0195,-0.0122,0.0186,3.1300,-4.357,1.029,0.1878,1529.08,253378,0.00237469,0.1877,0.0021,-4.244,1.155,3.1300,-0.0122,0.0186
252.25,56.520,0.1877,0.0021,0.0015,-0.0301,-0.0195,-0.0122,0.0186,3.1301,-4.361,1.029,0.1878,1529.08,253378,0.00237469,0.1877,0.0021,-4.244,1.155,3.1300,-0.0122,0.0186
252.35,56.540,0.1877,0.0021,0.0015,-0.0301,-0.0195,-0.0122,0.0186,3.1301,-4.365,1.029,0.1878,1529.87,254342,0.00237469,0.1877,0.0021,-4.251,1.156,3.1301,-0.0122,0.0186
252.45,56.560,0.1877,0.0021,0.0015,-0.0301,-0.0195,-0.0122,0.0186,3.1301,-4.370,1.029,0.1878,1530.47,255066,0.00209788,0.1877,0.0021,-4.257,1.156,3.1301,-0.0122,0.0186
252.55,56.580,0.1877,0.0021,0.0015,-0.0301,-0.0195,-0.0122,0.0186,3.1302,-4.374,1.029,0.1878,1530.47,255066,0.00209788,0.1877,0.0021,-4.257,1.156,3.1301,-0.0122,0.0186
252.65,56.600,0.1877,0.0021,0.0014,-0.0300,-0.0196,-0.0122,0.0186,3.1302,-4.379,1.029,0.1878,1531.07,255793,0.00237469,0.1878,0.0019,-4.262,1.156,3.1302,-0.0122,0.0186
252.75,56.620,0.1878,0.0019,0.0014,-0.0301,-0.0195,-0.0122,0.0186,3.1302,-4.383,1.029,0.1878,1531.86,256764,0.00237469,0.1878,0.0019,-4.270,1.156,3.1302,-0.0122,0.0186
252.85,56.660,0.1878,0.0019,0.0014,-0.0301,-0.0195,-0.0122,0.0186,3.1303,-4.387,1.029,0.1878,1531.86,256764,0.00237469,0.1878,0.0019,-4.270,1.156,3.1302,-0.0122,0.0186
252.95,56.680,0.1878,0.0019,0.0014,-0.0301,-0.0195,-0.0122,0.0186,3.1303,-4.392,1.029,0.1878,1532.45,257494,0.00209788,0.1878,0.0019,-4.275,1.156,3.1303,-0.0122,0.0186
253.05,56.700,0.1878,0.0019,0.0014,-0.0301,-0.0195,-0.0122,0.0186,3.1303,-4.396,1.029,0.1878,1533.04,258226,0.00237469,0.1878,0.0018,-4.281,1.156,3.1303,-0.0122,0.0186
253.15,56.720,0.1878,0.0018,0.0013,-0.0311,-0.0204,-0.0122,0.0186,3.1304,-4.400,1.029,0.1878,1533.04,258226,0.00237469,0.1878,0.0018,-4.281,1.156,3.1303,-0.0122,0.0186
253.25,56.740,0.1878,0.0018,0.0013,-0.0301,-0.0196,-0.0122,0.0186,3.1304,-4.405,1.029,0.1878,1533.82,259204,0.00237469,0.1878,0.0018,-4.289,1.156,3.1304,-0.0122,0.0186
253.35,56.760,0.1878,0.0018,0.0013,-0.0303,-0.0195,-0.0122,0.0186,3.1304,-4.409,1.029,0.1878,1534.41,259940,0.00209788,0.1878,0.0018,-4.294,1.156,3.1304,-0.0122,0.0186
253.45,56.800,0.1878,0.0018,0.0014,-0.0300,-0.0197,-0.0122,0.0186,3.1305,-4.414,1.029,0.1878,1534.99,260677,0.00237469,0.1878,0.0016,-4.300,1.156,3.1304,-0.0122,0.0186
253.55,56.820,0.1878,0.0016,0.0012,-0.0300,-0.0197,-0.0122,0.0186,3.1305,-4.418,1.029,0.1878,1534.99,260677,0.00237469,0.1878,0.0016,-4.300,1.156,3.1304,-0.0122,0.0186
253.65,56.840,0.1878,0.0016,0.0012,-0.0300,-0.0197,-0.0122,0.0186,3.1305,-4.422,1.029,0.1878,1535.77,261663,0.00237469,0.1878,0.0016,-4.307,1.156,3.1305,-0.0122,0.0186
253.75,56.860,0.1878,0.0016,0.0012,-0.0300,-0.0197,-0.0122,0.0186,3.1306,-4.427,1.029,0.1878,1536.35,262404,0.00209788,0.1878,0.0016,-4.313,1.156,3.1305,-0.0122,0.0186
253.85,56.880,0.1878,0.0016,0.0012,-0.0300,-0.0197,-0.0122,0.0186,3.1306,-4.431,1.029,0.1878,1536.35,262404,0.00209788,0.1878,0.0016,-4.313,1.156,3.1305,-0.0122,0.0186
253.95,56.920,0.1878,0.0014,0.0011,-0.0300,-0.0197,-0.0122,0.0186,3.1306,-4.435,1.030,0.1878,1536.93,263146,0.00237469,0.1878,0.0014,-4.319,1.156,3.1306,-0.0122,0.0186
254.05,56.940,0.1878,0.0014,0.0011,-0.0300,-0.0197,-0.0122,0.0186,3.1306,-4.440,1.030,0.1878,1537.7,264139,0.00237469,0.1878,0.0014,-4.326,1.156,3.1306,-0.0122,0.0186
254.15,56.960,0.1878,0.0014,0.0011,-0.0300,-0.0197,-0.0122,0.0186,3.1307,-4.444,1.030,0.1878,1537.7,264139,0.00237469,0.1878,0.0014,-4.326,1.156,3.1306,-0.0122,0.0186
254.25,56.980,0.1878,0.0014,0.0011,-0.0300,-0.0197,-0.0122,0.0186,3.1307,-4.449,1.030,0.1878,1538.28,264885,0.00209788,0.1878,0.0014,-4.332,1.156,3.1307,-0.0122,0.0186
254.35,57.000,0.1878,0.0014,0.0010,-0.0300,-0.0197,-0.0122,0.0186,3.1307,-4.453,1.030,0.1878,1538.86,265634,0.00237469,0.1879,0.0013,-4.337,1.156,3.1307,-0.0122,0.0186
254.45,57.020,0.1879,0.0013,0.0010,-0.0300,-0.0197,-0.0122,0.0186,3.1307,-4.457,1.030,0.1878,1539.62,266634,0.00237469,0.1879,0.0013,-4.345,1.157,3.1307,-0.0122,0.0186
254.55,57.040,0.1879,0.0013,0.0010,-0.0300,-0.0197,-0.0122,0.0186,3.1308,-4.462,1.030,0.1878,1539.62,266634,0.00237469,0.1879,0.0013,-4.345,1.157,3.1307,-0.0122,0.0186
254.65,57.080,0.1879,0.0013,0.0010,-0.0300,-0.0197,-0.0122,0.0186,3.1308,-4.466,1.030,0.1878,1540.2,267386,0.00209788,0.1879,0.0013,-4.351,1.157,3.1308,-0.0122,0.0186
254.75,57.100,0.1879,0.0013,0.0010,-0.0300,-0.0197,-0.0122,0.0186,3.1308,-4.471,1.030,0.1878,1540.77,268139,0.00237469,0.1879,0.0011,-4.356,1.157,3.1308,-0.0122,0.0186
254.85,57.120,0.1879,0.0011,0.0009,-0.0300,-0.0197,-0.0122,0.0186,3.1308,-4.474,1.030,0.1878,1540.77,268139,0.00237469,0.1879,0.0011,-4.356,1.157,3.1308,-0.0122,0.0186
254.95,57.140,0.1879,0.0011,0.0009,-0.0300,-0.0197,-0.0122,0.0186,3.1308,-4.479,1.030,0.1878,1541.53,269146,0.00237469,0.1879,0.0011,-4.364,1.157,3.1308,-0.0122,0.0186
255.05,57.160,0.1879,0.0011,0.0009,-0.0300,-0.0197,-0.0122,0.0186,3.1309,-4.484,1.030,0.1878,1542.1,269904,0.00209788,0.1879,0.0011,-4.369,1.157,3.1308,-0.0122,0.0186
255.15,57.180,0.1879,0.0011,0.0009,-0.0300,-0.0197,-0.0122,0.0186,3.1309,-4.488,1.030,0.1878,1542.1,269904,0.00209788,0.1879,0.0011,-4.369,1.157,3.1308,-0.0122,0.0186
255.25,57.220,0.1879,0.0010,0.0008,-0.0300,-0.0197,-0.0122,0.0186,3.1309,-4.492,1.030,0.1879,1542.67,270663,0.00237469,0.1879,0.0010,-4.375,1.157,3.1309,-0.0122,0.0186
255.35,57.240,0.1879,0.0010,0.0008,-0.0300,-0.0197,-0.0122,0.0186,3.1309,-4.497,1.030,0.1879,1543.43,271678,0.00237469,0.1879,0.0010,-4.382,1.157,3.1309,-0.0122,0.0186
258.01,57.860,0.1879,0.0005,0.0004,-0.0301,-0.0197,-0.0122,0.0186,3.1312,-4.613,1.031,0.1879,1554.7,287257,0.00237469,0.1879,0.0005,-4.495,1.158,3.1312,-0.0122,0.0186
258.12,57.880,0.1879,0.0005,0.0004,-0.0301,-0.0197,-0.0122,0.0186,3.1312,-4.617,1.031,0.1879,1555.26,288054,0.00209788,0.1879,0.0005,-4.501,1.158,3.1312,-0.0122,0.0186
258.21,57.900,0.1879,0.0005,0.0004,-0.0301,-0.0197,-0.0122,0.0186,3.1313,-4.621,1.032,0.1879,1555.83,288852,0.00237469,0.1879,0.0005,-4.507,1.158,3.1312,-0.0122,0.0186
258.32,57.920,0.1879,0.0005,0.0003,-0.0301,-0.0197,-0.0122,0.0186,3.1313,-4.626,1.032,0.1879,1555.83,288852,0.00237469,0.1879,0.0005,-4.507,1.158,3.1312,-0.0122,0.0186
258.41,57.940,0.1879,0.0005,0.0003,-0.0301,-0.0197,-0.0122,0.0186,3.1313,-4.630,1.032,0.1879,1556.57,289919,0.00237469,0.1879,0.0005,-4.514,1.158,3.1313,-0.0122,0.0186
258.52,57.960,0.1879,0.0005,0.0003,-0.0301,-0.0197,-0.0122,0.0186,3.1313,-4.634,1.032,0.1879,1557.13,290722,0.00209788,0.1879,0.0005,-4.520,1.158,3.1313,-0.0122,0.0186
258.62,58.000,0.1879,0.0005,0.0003,-0.0301,-0.0197,-0.0122,0.0186,3.1313,-4.639,1.032,0.1879,1557.7,291526,0.00237469,0.1879,0.0004,-4.525,1.158,3.1313,-0.0122,0.0186
258.71,58.020,0.1879,0.0004,0.0003,-0.0301,-0.0197,-0.0122,0.0186,3.1313,-4.643,1.032,0.1879,1557.7,291526,0.00237469,0.1879,0.0004,-4.525,1.158,3.1313,-0.0122,0.0186
258.81,58.040,0.1879,0.0004,0.0003,-0.0301,-0.0197,-0.0122,0.0186,3.1313,-4.648,1.032,0.1879,1558.44,292601,0.00237469,0.1879,0.0004,-4.533,1.159,3.1313,-0.0122,0.0186
258.91,58.060,0.1879,0.0004,0.0003,-0.0301,-0.0197,-0.0122,0.0186,3.1313,-4.652,1.032,0.1879,1559.01,293410,0.00209788,0.1879,0.0004,-4.538,1.159,3.1313,-0.0122,0.0186
259.01,58.080,0.1879,0.0004,0.0003,-0.0301,-0.0197,-0.0122,0.0186,3.1313,-4.656,1.032,0.1879,1559.01,293410,0.00209788,0.1879,0.0004,-4.538,1.159,3.1313,-0.0122,0.0186
259.12,58.100,0.1879,0.0004,0.0003,-0.0301,-0.0197,-0.0122,0.0186,3.1313,-4.661,1.032,0.1879,1559.57,294220,0.00237469,0.1880,0.0004,-4.544,1.159,3.1313,-0.0122,0.0186
259.21,58.140,0.1880,0.0004,0.0003,-0.0301,-0.0197,-0.0122,0.0186,3.1313,-4.665,1.032,0.1879,1560.32,295302,0.00237469,0.1880,0.0004,-4.552,1.159,3.1313,-0.0122,0.0186
259.31,58.160,0.1880,0.0004,0.0003,-0.0301,-0.0197,-0.0122,0.0186,3.1313,-4.669,1.032,0.1879,1560.32,295302,0.00237469,0.1880,0.0004,-4.552,1.159,3.1313,-0.0122,0.0186
259.41,58.180,0.1880,0.0004,0.0003,-0.0301,-0.0197,-0.0122,0.0186,3.1313,-4.674,1.032,0.1879,1560.88,296116,0.00209788,0.1880,0.0004,-4.557,1.159,3.1313,-0.0122,0.0186
259.51,58.200,0.1880,0.0004,0.0002,-0.0301,-0.0197,-0.0122,0.0186,3.1313,-4.678,1.032,0.1879,1561.44,296932,0.00237469,0.1880,0.0003,-4.563,1.159,3.1313,-0.0122,0.0186
259.62,58.220,0.1880,0.0003,0.0002,-0.0301,-0.0197,-0.0122,0.0186,3.1313,-4.682,1.032,0.1879,1562.19,298023,0.00237469,0.1880,0.0003,-4.570,1.159,3.1313,-0.0122,0.0186
259.72,58.240,0.1880,0.0003,0.0002,-0.0301,-0.0197,-0.0122,0.0186,3.1314,-4.687,1.032,0.1879,1562.19,298023,0.00237469,0.1880,0.0003,-4.570,1.159,3.1313,-0.0122,0.0186
259.82,58.280,0.1880,0.0003,0.0002,-0.0301,-0.0197,-0.0122,0.0186,3.1314,-4.691,1.032,0.1879,1562.75,298843,0.00209788,0.1880,0.0003,-4.576,1.159,3.1314,-0.0122,0.0186
259.92,58.300,0.1880,0.0003,0.0002,-0.0301,-0.0197,-0.0122,0.0186,3.1314,-4.696,1.032,0.1879,1563.31,299664,0.00237469,0.1880,0.0003,-4.582,1.159,3.1314,-0.0122,0.0186
260.02,58.320,0.1880,0.0003,0.0002,-0.0301,-0.0197,-0.0122,0.0186,3.1314,-4.700,1.032,0.1879,1563.31,299664,0.00237469,0.1880,0.0003,-4.582,1.159,3.1314,-0.0122,0.0186
260.11,58.340,0.1880,0.0003,0.0002,-0.0301,-0.0197,-0.0122,0.0186,3.1314,-4.704,1.032,0.1879,1564.06,300763,0.00237469,0.1880,0.0003,-4.589,1.159,3.1314,-0.0122,0.0186
260.21,58.360,0.1880,0.0003,0.0002,-0.0301,-0.0197,-0.0122,0.0186,3.1314,-4.709,1.032,0.1879,1564.62,301589,0.00209788,0.1880,0.0003,-4.595,1.159,3.1314,-0.0122,0.0186
260.32,58.380,0.1880,0.0003,0.0002,-0.0301,-0.0197,-0.0122,0.0186,3.1314,-4.713,1.032,0.1879,1564.62,301589,0.00209788,0.1880,0.0003,-4.595,1.159,3.1314,-0.0122,0.0186
260.42,58.420,0.1880,0.0003,0.0002,-0.0301,-0.0197,-0.0122,0.0186,3.1314,-4.718,1.033,0.1879,1565.18,302416,0.00237469,0.1880,0.0003,-4.600,1.159,3.1314,-0.0122,0.0186
260.52,58.440,0.1880,0.0003,0.0002,-0.0301,-0.0197,-0.0122,0.0186,3.1314,-4.722,1.033,0.1879,1565.94,303522,0.00237469,0.1880,0.0003,-4.608,1.159,3.1314,-0.0122,0.0186
260.62,58.460,0.1880,0.0003,0.0002,-0.0301,-0.0197,-0.0122,0.0186,3.1314,-4.726,1.033,0.1879,1566.5,304354,0.00209788,0.1880,0.0003,-4.614,1.159,3.1314,-0.0122,0.0186
260.72,58.480,0.1880,0.0003,0.0002,-0.0301,-0.0197,-0.0122,0.0186,3.1314,-4.731,1.033,0.1879,1566.5,304354,0.00209788,0.1880,0.0003,-4.614,1.159,3.1314,-0.0122,0.0186
260.82,58.500,0.1880,0.0003,0.0002,-0.0301,-0.0197,-0.0122,0.0186,3.1314,-4.735,1.033,0.1879,1567.06,305187,0.00237469,0.1880,0.0003,-4.619,1.159,3.1314,-0.0122,0.0186
260.92,58.520,0.1880,0.0003,0.0002,-0.0301,-0.0197,-0.0122,0.0186,3.1314,-4.740,1.033,0.1879,1567.81,306301,0.00237469,0.1880,0.0003,-4.627,1.160,3.1314,-0.0122,0.0186
261.02,58.560,0.1880,0.0003,0.0002,-0.0301,-0.0197,-0.0122,0.0186,3.1314,-4.744,1.033,0.1879,1567.81,306301,0.00237469,0.1880,0.0003,-4.627,1.160,3.1314,-0.0122,0.0186
261.12,58.580,0.1880,0.0003,0.0002,-0.0301,-0.0197,-0.0122,0.0186,3.1314,-4.749,1.033,0.1879,1568.38,307139,0.00209788,0.1880,0.0003,-4.632,1.160,3.1314,-0.0122,0.0186
261.22,58.600,0.1880,0.0003,0.0002,-0.0301,-0.0197,-0.0122,0.0186,3.1314,-4.753,1.033,0.1879,1568.94,307978,0.00237469,0.1880,0.0002,-4.638,1.160,3.1314,-0.0122,0.0186
261.31,58.620,0.1880,0.0002,0.0002,-0.0301,-0.0197,-0.0122,0.0186,3.1314,-4.757,1.033,0.1879,1568.94,307978,0.00237469,0.1880,0.0002,-4.638,1.160,3.1314,-0.0122,0.0186
261.41,58.640,0.1880,0.0002,0.0002,-0.0301,-0.0197,-0.0122,0.0186,3.1314,-4.762,1.033,0.1879,1569.69,309100,0.00237469,0.1880,0.0002,-4.646,1.160,3.1314,-0.0122,0.0186
261.51,58.680,0.1880,0.0002,0.0002,-0.0301,-0.0197,-0.0122,0.0186,3.1314,-4.766,1.033,0.1879,1570.26,309944,0.00209788,0.1880,0.0002,-4.651,1.160,3.1314,-0.0122,0.0186
261.62,58.700,0.1880,0.0002,0.0002,-0.0301,-0.0197,-0.0122,0.0186,3.1314,-4.770,1.033,0.1879,1570.82,310789,0.00237469,0.1880,0.0002,-4.657,1.160,3.1314,-0.0122,0.0186
261.71,58.720,0.1880,0.0002,0.0001,-0.0301,-0.0197,-0.0122,0.0186,3.1314,-4.775,1.033,0.1879,1570.82,310789,0.00237469,0.1880,0.0002,-4.657,1.160,3.1314,-0.0122,0.0186
261.82,58.740,0.1880,0.0002,0.0001,-0.0301,-0.0197,-0.0122,0.0186,3.1314,-4.779,1.033,0.1879,1571.58,311919,0.00237469,0.1880,0.0002,-4.664,1.160,3.1314,-0.0122,0.0186
261.92,58.760,0.1880,0.0002,0.0001,-0.0301,-0.0197,-0.0122,0.0186,3.1314,-4.784,1.033,0.1879,1572.14,312769,0.00209788,0.1880,0.0002,-4.670,1.160,3.1314,-0.0122,0.0186
262.02,58.780,0.1880,0.0002,0.0001,-0.0301,-0.0197,-0.0122,0.0186,3.1314,-4.788,1.033,0.1879,1572.14,312769,0.00209788,0.1880,0.0002,-4.670,1.160,3.1314,-0.0122,0.0186
262.12,58.800,0.1880,0.0002,0.0001,-0.0301,-0.0197,-0.0122,0.0186,3.1315,-4.792,1.033,0.1879,1572.71,313620,0.00237469,0.1880,0.0002,-4.676,1.160,3.1314,-0.0122,0.0186
262.22,58.840,0.1880,0.0002,0.0001,-0.0301,-0.0197,-0.0122,0.0186,3.1315,-4.797,1.033,0.1879,1573.46,314758,0.00237469,0.1880,0.0002,-4.683,1.160,3.1315,-0.0122,0.0186
262.31,58.860,0.1880,0.0002,0.0001,-0.0301,-0.0197,-0.0122,0.0186,3.1315,-4.801,1.033,0.1879,1573.46,314758,0.00237469,0.1880,0.0002,-4.683,1.160,3.1315,-0.0122,0.0186
262.42,58.880,0.1880,0.0002,0.0001,-0.0301,-0.0197,-0.0122,0.0186,3.1315,-4.805,1.033,0.1880,1574.03,315614,0.00209788,0.1880,0.0002,-4.689,1.160,3.1315,-0.0122,0.0186
262.52,58.900,0.1880,0.0002,0.0001,-0.0301,-0.0197,-0.0122,0.0186,3.1315,-4.809,1.033,0.1874,1574.59,316471,0.00237469,0.1873,0.0062,-4.694,1.160,3.1315,-0.0122,0.0186
262.62,58.920,0.1873,0.0062,0.0044,-0.0297,-0.0195,-0.0122,0.0186,3.1316,-4.813,1.034,0.1874,1574.59,316471,0.00237469,0.1873,0.0062,-4.694,1.160,3.1315,-0.0122,0.0186
262.71,58.940,0.1873,0.0062,0.0044,-0.0297,-0.0195,-0.0122,0.0186,3.1317,-4.818,1.034,0.1874,1575.35,317617,0.00237469,0.1873,0.0062,-4.702,1.160,3.1316,-0.0122,0.0186
262.81,58.960,0.1873,0.0062,0.0044,-0.0297,-0.0195,-0.0122,0.0186,3.1318,-4.822,1.034,0.1874,1575.91,318479,0.00209788,0.1873,0.0062,-4.708,1.160,3.1317,-0.0122,0.0186
262.92,59.000,0.1873,0.0062,0.0044,-0.0297,-0.0195,-0.0122,0.0186,3.1319,-4.826,1.034,0.1874,1576.46,319342,0.00237469,0.1873,0.0059,-4.713,1.160,3.1318,-0.0122,0.0186
263.01,59.020,0.1873,0.0059,0.0042,-0.0297,-0.0195,-0.0122,0.0186,3.1320,-4.831,1.034,0.1874,1576.46,319342,0.00237469,0.1873,0.0059,-4.713,1.160,3.1318,-0.0122,0.0186
263.11,59.040,0.1873,0.0059,0.0042,-0.0297,-0.0195,-0.0122,0.0186,3.1321,-4.835,1.034,0.1874,1577.19,320496,0.00237469,0.1873,0.0059,-4.721,1.160,3.1320,-0.0122,0.0186
263.21,59.060,0.1873,0.0059,0.0042,-0.0297,-0.0195,-0.0122,0.0186,3.1322,-4.839,1.034,0.1874,1577.72,321364,0.00209788,0.1873,0.0059,-4.726,1.161,3.1321,-0.0122,0.0186
263.31,59.080,0.1873,0.0059,0.0042,-0.0297,-0.0195,-0.0122,0.0186,3.1323,-4.844,1.034,0.1874,1577.72,321364,0.00209788,0.1873,0.0059,-4.726,1.161,3.1321,-0.0122,0.0186
263.42,59.100,0.1873,0.0059,0.0038,-0.0298,-0.0195,-0.0122,0.0186,3.1324,-4.848,1.034,0.1875,1578.25,322234,0.00237469,0.1874,0.0053,-4.732,1.161,3.1323,-0.0122,0.0186
263.52,59.120,0.1874,0.0053,0.0038,-0.0298,-0.0195,-0.0122,0.0186,3.1325,-4.852,1.034,0.1875,1578.95,323396,0.00237469,0.1874,0.0053,-4.739,1.161,3.1324,-0.0122,0.0186
263.62,59.160,0.1874,0.0053,0.0038,-0.0298,-0.0195,-0.0122,0.0186,3.1325,-4.857,1.034,0.1875,1578.95,323396,0.00237469,0.1874,0.0053,-4.739,1.161,3.1324,-0.0122,0.0186
263.72,59.180,0.1874,0.0053,0.0038,-0.0298,-0.0195,-0.0122,0.0186,3.1326,-4.861,1.034,0.1875,1579.46,324270,0.00209788,0.1874,0.0053,-4.745,1.161,3.1325,-0.0122,0.0186
263.81,59.200,0.1874,0.0053,0.0038,-0.0298,-0.0195,-0.0122,0.0186,3.1327,-4.865,1.034,0.1876,1579.97,325145,0.00237469,0.1874,0.0047,-4.751,1.161,3.1327,-0.0122,0.0186
263.91,59.220,0.1874,0.0047,0.0034,-0.0298,-0.0195,-0.0122,0.0186,3.1328,-4.869,1.034,0.1876,1579.97,325145,0.00237469,0.1874,0.0047,-4.751,1.161,3.1327,-0.0122,0.0186
264.01,59.240,0.1874,0.0047,0.0034,-0.0298,-0.0195,-0.0122,0.0186,3.1329,-4.874,1.034,0.1876,1580.64,326316,0.00237469,0.1874,0.0047,-4.758,1.161,3.1328,-0.0122,0.0186
264.11,59.260,0.1874,0.0047,0.0034,-0.0298,-0.0195,-0.0122,0.0186,3.1329,-4.878,1.034,0.1876,1581.13,327196,0.00209788,0.1874,0.0047,-4.764,1.161,3.1329,-0.0122,0.0186
264.22,59.300,0.1874,0.0047,0.0034,-0.0298,-0.0195,-0.0122,0.0186,3.1330,-4.883,1.034,0.1876,1581.62,328077,0.00237469,0.1875,0.0042,-4.769,1.161,3.1330,-0.0122,0.0186
264.32,59.300,0.1874,0.0047,0.0030,-0.0299,-0.0195,-0.0122,0.0186,3.1331,-4.886,1.034,0.1876,1581.62,328077,0.00237469,0.1875,0.0042,-4.769,1.161,3.1330,-0.0122,0.0186
264.42,59.340,0.1875,0.0042,0.0030,-0.0299,-0.0195,-0.0122,0.0186,3.1332,-4.891,1.034,0.1876,1582.27,329256,0.00237469,0.1875,0.0042,-4.777,1.161,3.1331,-0.0122,0.0186
264.52,59.360,0.1875,0.0042,0.0030,-0.0299,-0.0195,-0.0122,0.0186,3.1332,-4.895,1.034,0.1876,1582.75,330142,0.00209788,0.1875,0.0042,-4.783,1.161,3.1332,-0.0122,0.0186
264.62,59.380,0.1875,0.0042,0.0030,-0.0299,-0.0195,-0.0122,0.0186,3.1333,-4.900,1.034,0.1876,1582.75,330142,0.00209788,0.1875,0.0042,-4.783,1.161,3.1332,-0.0122,0.0186
264.72,59.400,0.1875,0.0042,0.0027,-0.0299,-0.0195,-0.0122,0.0186,3.1334,-4.904,1.034,0.1877,1583.22,331030,0.00237469,0.1875,0.0038,-4.788,1.161,3.1333,-0.0122,0.0186
264.82,59.420,0.1875,0.0038,0.0027,-0.0299,-0.0195,-0.0122,0.0186,3.1334,-4.908,1.034,0.1877,1583.85,332217,0.00237469,0.1875,0.0038,-4.796,1.161,3.1334,-0.0122,0.0186
264.91,59.460,0.1875,0.0038,0.0027,-0.0299,-0.0195,-0.0122,0.0186,3.1335,-4.913,1.034,0.1877,1583.85,332217,0.00237469,0.1875,0.0038,-4.796,1.161,3.1334,-0.0122,0.0186
265.01,59.480,0.1875,0.0038,0.0027,-0.0299,-0.0195,-0.0121,0.0186,3.1336,-4.917,1.034,0.1877,1584.31,333109,0.00209788,0.1875,0.0038,-4.801,1.161,3.1335,-0.0122,0.0186
265.12,59.500,0.1875,0.0038,0.0027,-0.0301,-0.0192,-0.0121,0.0186,3.1336,-4.921,1.035,0.1877,1584.77,334004,0.00237469,0.1876,0.0034,-4.807,1.161,3.1336,-0.0121,0.0186
265.21,59.520,0.1876,0.0034,0.0024,-0.0301,-0.0192,-0.0121,0.0186,3.1337,-4.926,1.035,0.1877,1584.77,334004,0.00237469,0.1876,0.0034,-4.807,1.161,3.1336,-0.0121,0.0186
265.32,59.540,0.1876,0.0034,0.0024,-0.0301,-0.0192,-0.0121,0.0186,3.1337,-4.930,1.035,0.1877,1585.38,335199,0.00237469,0.1876,0.0034,-4.814,1.161,3.1337,-0.0121,0.0186
265.42,59.560,0.1876,0.0034,0.0024,-0.0301,-0.0192,-0.0121,0.0186,3.1338,-4.935,1.035,0.1877,1585.83,336097,0.00209788,0.1876,0.0034,-4.820,1.161,3.1338,-0.0121,0.0186
265.52,59.600,0.1876,0.0034,0.0024,-0.0301,-0.0192,-0.0121,0.0186,3.1338,-4.939,1.035,0.1877,1586.27,336998,0.00237469,0.1876,0.0031,-4.826,1.161,3.1338,-0.0121,0.0186
265.62,59.620,0.1876,0.0031,0.0022,-0.0301,-0.0193,-0.0121,0.0186,3.1339,-4.943,1.035,0.1877,1586.27,336998,0.00237469,0.1876,0.0031,-4.826,1.161,3.1338,-0.0121,0.0186
265.71,59.640,0.1876,0.0031,0.0022,-0.0301,-0.0193,-0.0121,0.0186,3.1339,-4.948,1.035,0.1877,1586.86,338201,0.00237469,0.1876,0.0031,-4.833,1.161,3.1339,-0.0121,0.0186
265.82,59.660,0.1876,0.0031,0.0022,-0.0301,-0.0192,-0.0121,0.0186,3.1340,-4.952,1.035,0.1877,1587.3,339106,0.00209788,0.1876,0.0031,-4.839,1.161,3.1340,-0.0121,0.0186
265.91,59.680,0.1876,0.0031,0.0022,-0.0302,-0.0192,-0.0121,0.0186,3.1341,-4.956,1.035,0.1877,1587.3,339106,0.00209788,0.1876,0.0031,-4.839,1.161,3.1340,-0.0121,0.0186
266.02,59.700,0.1876,0.0031,0.0020,-0.0300,-0.0196,-0.0121,0.0186,3.1341,-4.960,1.035,0.1878,1587.74,340013,0.00237469,0.1877,0.0028,-4.844,1.162,3.1340,-0.0121,0.0186
266.12,59.720,0.1877,0.0028,0.0020,-0.0302,-0.0193,-0.0121,0.0186,3.1341,-4.965,1.035,0.1878,1588.31,341225,0.00237469,0.1877,0.0028,-4.852,1.162,3.1341,-0.0121,0.0186
266.22,59.760,0.1877,0.0028,0.0020,-0.0302,-0.0193,-0.0121,0.0186,3.1342,-4.969,1.035,0.1878,1588.31,341225,0.00237469,0.1877,0.0028,-4.852,1.162,3.1341,-0.0121,0.0186
266.31,59.780,0.1877,0.0028,0.0020,-0.0303,-0.0193,-0.0121,0.0186,3.1342,-4.974,1.035,0.1878,1588.74,342136,0.00209788,0.1877,0.0028,-4.858,1.162,3.1342,-0.0121,0.0186
266.41,59.800,0.1877,0.0028,0.0022,-0.0300,-0.0195,-0.0121,0.0186,3.1343,-4.978,1.035,0.1877,1589.16,343049,0.00237469,0.1877,0.0025,-4.863,1.162,3.1342,-0.0121,0.0186
266.52,59.820,0.1877,0.0025,0.0020,-0.0300,-0.0195,-0.0121,0.0186,3.1343,-4.982,1.035,0.1877,1589.16,343049,0.00237469,0.1877,0.0025,-4.863,1.162,3.1342,-0.0121,0.0186
266.61,59.840,0.1877,0.0025,0.0020,-0.0300,-0.0195,-0.0121,0.0186,3.1344,-4.987,1.035,0.1877,1589.72,344269,0.00237469,0.1877,0.0025,-4.871,1.162,3.1343,-0.0121,0.0186
266.72,59.860,0.1877,0.0025,0.0020,-0.0300,-0.0195,-0.0121,0.0186,3.1344,-4.991,1.035,0.1877,1590.14,345187,0.00209788,0.1877,0.0025,-4.876,1.162,3.1344,-0.0121,0.0186
266.82,59.900,0.1877,0.0025,0.0020,-0.0300,-0.0195,-0.0121,0.0186,3.1345,-4.995,1.035,0.1877,1590.56,346106,0.00237469,0.1877,0.0022,-4.882,1.162,3.1344,-0.0121,0.0186
266.92,59.920,0.1877,0.0022,0.0017,-0.0300,-0.0196,-0.0121,0.0186,3.1345,-5.000,1.035,0.1877,1590.56,346106,0.00237469,0.1877,0.0022,-4.882,1.162,3.1344,-0.0121,0.0186
267.02,59.940,0.1877,0.0022,0.0017,-0.0300,-0.0196,-0.0121,0.0186,3.1345,-5.004,1.035,0.1877,1591.1,347335,0.00237469,0.1877,0.0022,-4.889,1.162,3.1345,-0.0121,0.0186
267.11,59.960,0.1877,0.0022,0.0017,-0.0300,-0.0196,-0.0121,0.0186,3.1346,-5.009,1.035,0.1877,1591.51,348259,0.00209788,0.1877,0.0022,-4.895,1.162,3.1346,-0.0121,0.0186
267.21,59.980,0.1877,0.0022,0.0017,-0.0300,-0.0195,-0.0121,0.0186,3.1346,-5.013,1.035,0.1877,1591.51,348259,0.00209788,0.1877,0.0022,-4.895,1.162,3.1346,-0.0121,0.0186
267.31,60.000,0.1877,0.0022,0.0015,-0.0300,-0.0196,-0.0121,0.0186,3.1347,-5.017,1.035,0.1877,1591.92,349185,0.00237469,0.1878,0.0020,-4.901,1.162,3.1346,-0.0121,0.0186
267.42,60.040,0.1878,0.0020,0.0015,-0.0300,-0.0196,-0.0121,0.0186,3.1347,-5.022,1.035,0.1877,1592.45,350422,0.00237469,0.1878,0.0020,-4.908,1.162,3.1347,-0.0121,0.0186
267.52,60.060,0.1878,0.0020,0.0015,-0.0300,-0.0196,-0.0121,0.0186,3.1347,-5.026,1.035,0.1877,1592.45,350422,0.00237469,0.1878,0.0020,-4.908,1.162,3.1347,-0.0121,0.0186
267.62,60.080,0.1878,0.0020,0.0015,-0.0300,-0.0196,-0.0121,0.0186,3.1348,-5.031,1.035,0.1877,1592.85,351352,0.00209788,0.1878,0.0020,-4.914,1.162,3.1347,-0.0121,0.0186
267.72,60.100,0.1878,0.0020,0.0014,-0.0300,-0.0196,-0.0121,0.0186,3.1348,-5.035,1.035,0.1878,1593.25,352285,0.00237469,0.1878,0.0017,-4.920,1.162,3.1348,-0.0121,0.0186
267.82,60.120,0.1878,0.0017,0.0014,-0.0300,-0.0196,-0.0121,0.0186,3.1348,-5.039,1.035,0.1878,1593.78,353530,0.00237469,0.1878,0.0017,-4.927,1.162,3.1348,-0.0121,0.0186
267.92,60.140,0.1878,0.0017,0.0014,-0.0300,-0.0196,-0.0121,0.0186,3.1349,-5.044,1.035,0.1878,1593.78,353530,0.00237469,0.1878,0.0017,-4.927,1.162,3.1348,-0.0121,0.0186
268.01,60.180,0.1878,0.0017,0.0014,-0.0300,-0.0196,-0.0121,0.0186,3.1349,-5.048,1.035,0.1878,1594.17,354467,0.00209788,0.1878,0.0017,-4.933,1.162,3.1349,-0.0121,0.0186
268.12,60.200,0.1878,0.0017,0.0014,-0.0300,-0.0196,-0.0121,0.0186,3.1349,-5.052,1.036,0.1878,1594.56,355406,0.00237469,0.1878,0.0015,-4.938,1.162,3.1349,-0.0121,0.0186
268.22,60.220,0.1878,0.0015,0.0012,-0.0301,-0.0196,-0.0121,0.0186,3.1350,-5.057,1.036,0.1878,1594.56,355406,0.00237469,0.1878,0.0015,-4.938,1.162,3.1349,-0.0121,0.0186
268.32,60.240,0.1878,0.0015,0.0012,-0.0301,-0.0196,-0.0121,0.0186,3.1350,-5.061,1.036,0.1878,1595.07,356660,0.00237469,0.1878,0.0015,-4.946,1.162,3.1350,-0.0121,0.0186
268.42,60.260,0.1878,0.0015,0.0012,-0.0301,-0.0196,-0.0121,0.0186,3.1350,-5.065,1.036,0.1878,1595.46,357603,0.00209788,0.1878,0.0015,-4.951,1.162,3.1350,-0.0121,0.0186
268.51,60.280,0.1878,0.0015,0.0012,-0.0301,-0.0196,-0.0121,0.0186,3.1350,-5.070,1.036,0.1878,1595.46,357603,0.00209788,0.1878,0.0015,-4.951,1.162,3.1350,-0.0121,0.0186
268.61,60.320,0.1878,0.0014,0.0010,-0.0301,-0.0196,-0.0121,0.0186,3.1351,-5.074,1.036,0.1878,1595.84,358549,0.00237469,0.1878,0.0014,-4.957,1.162,3.1350,-0.0121,0.0186
268.71,60.340,0.1878,0.0014,0.0010,-0.0301,-0.0196,-0.0121,0.0186,3.1351,-5.079,1.036,0.1878,1596.35,359812,0.00237469,0.1878,0.0014,-4.965,1.162,3.1351,-0.0121,0.0186
268.81,60.360,0.1878,0.0014,0.0010,-0.0301,-0.0196,-0.0121,0.0186,3.1351,-5.083,1.036,0.1878,1596.73,360761,0.00209788,0.1878,0.0014,-4.970,1.162,3.1351,-0.0121,0.0186
268.92,60.380,0.1878,0.0014,0.0010,-0.0301,-0.0196,-0.0121,0.0186,3.1351,-5.088,1.036,0.1878,1596.73,360761,0.00209788,0.1878,0.0014,-4.970,1.162,3.1351,-0.0121,0.0186
269.01,60.400,0.1878,0.0014,0.0009,-0.0301,-0.0196,-0.0121,0.0186,3.1352,-5.092,1.036,0.1878,1597.11,361713,0.00237469,0.1879,0.0012,-4.976,1.162,3.1351,-0.0121,0.0186
269.11,60.420,0.1879,0.0012,0.0009,-0.0301,-0.0196,-0.0121,0.0186,3.1352,-5.096,1.036,0.1878,1597.61,362985,0.00237469,0.1879,0.0012,-4.983,1.162,3.1352,-0.0121,0.0186
269.21,60.460,0.1879,0.0012,0.0009,-0.0301,-0.0196,-0.0121,0.0186,3.1352,-5.101,1.036,0.1878,1597.61,362985,0.00237469,0.1879,0.0012,-4.983,1.162,3.1352,-0.0121,0.0186
269.32,60.480,0.1879,0.0012,0.0009,-0.0301,-0.0196,-0.0121,0.0186,3.1352,-5.105,1.036,0.1878,1597.99,363941,0.00209788,0.1879,0.0012,-4.989,1.163,3.1352,-0.0121,0.0186
269.42,60.500,0.1879,0.0012,0.0009,-0.0301,-0.0196,-0.0121,0.0186,3.1352,-5.109,1.036,0.1878,1598.36,364899,0.00237469,0.1879,0.0011,-4.995,1.163,3.1352,-0.0121,0.0186
269.52,60.520,0.1879,0.0011,0.0008,-0.0301,-0.0196,-0.0121,0.0186,3.1353,-5.114,1.036,0.1878,1598.36,364899,0.00237469,0.1879,0.0011,-4.995,1.163,3.1352,-0.0121,0.0186
269.62,60.540,0.1879,0.0011,0.0008,-0.0301,-0.0196,-0.0121,0.0186,3.1353,-5.118,1.036,0.1878,1598.86,366180,0.00237469,0.1879,0.0011,-5.002,1.163,3.1353,-0.0121,0.0186
269.71,60.560,0.1879,0.0011,0.0008,-0.0302,-0.0195,-0.0121,0.0186,3.1353,-5.123,1.036,0.1878,1599.23,367142,0.00209788,0.1879,0.0011,-5.008,1.163,3.1353,-0.0121,0.0186
269.82,60.600,0.1879,0.0011,0.0008,-0.0302,-0.0195,-0.0121,0.0186,3.1353,-5.127,1.036,0.1878,1599.6,368107,0.00237469,0.1879,0.0010,-5.013,1.163,3.1353,-0.0121,0.0186
269.91,60.620,0.1879,0.0010,0.0007,-0.0301,-0.0196,-0.0121,0.0186,3.1353,-5.131,1.036,0.1879,1599.6,368107,0.00237469,0.1879,0.0010,-5.013,1.163,3.1353,-0.0121,0.0186
270.02,60.640,0.1879,0.0010,0.0007,-0.0302,-0.0195,-0.0121,0.0186,3.1353,-5.135,1.036,0.1879,1600.1,369396,0.00237469,0.1879,0.0010,-5.021,1.163,3.1353,-0.0121,0.0186
270.12,60.660,0.1879,0.0010,0.0007,-0.0302,-0.0195,-0.0121,0.0186,3.1354,-5.140,1.036,0.1879,1600.47,370366,0.00209788,0.1879,0.0010,-5.027,1.163,3.1354,-0.0121,0.0186
270.22,60.680,0.1879,0.0010,0.0007,-0.0302,-0.0195,-0.0121,0.0186,3.1354,-5.144,1.036,0.1879,1600.47,370366,0.00209788,0.1879,0.0010,-5.027,1.163,3.1354,-0.0121,0.0186
270.32,60.700,0.1879,0.0010,0.0006,-0.0301,-0.0196,-0.0121,0.0186,3.1354,-5.148,1.036,0.1879,1600.83,371337,0.00237469,0.1879,0.0009,-5.032,1.163,3.1354,-0.0121,0.0186
270.42,60.720,0.1879,0.0009,0.0006,-0.0301,-0.0196,-0.0121,0.0186,3.1354,-5.153,1.036,0.1879,1601.32,372635,0.00237469,0.1879,0.0009,-5.040,1.163,3.1354,-0.0121,0.0186
270.52,60.760,0.1879,0.0009,0.0006,-0.0302,-0.0195,-0.0121,0.0186,3.1354,-5.157,1.036,0.1879,1601.32,372635,0.00237469,0.1879,0.0009,-5.040,1.163,3.1354,-0.0121,0.0186
270.62,60.780,0.1879,0.0009,0.0006,-0.0302,-0.0195,-0.0121,0.0186,3.1354,-5.161,1.036,0.1879,1601.69,373611,0.00209788,0.1879,0.0009,-5.045,1.163,3.1354,-0.0121,0.0186
270.72,60.800,0.1879,0.0009,0.0006,-0.0302,-0.0195,-0.0121,0.0186,3.1354,-5.166,1.036,0.1879,1602.05,374589,0.00237469,0.1879,0.0008,-5.051,1.163,3.1354,-0.0121,0.0186
270.82,60.820,0.1879,0.0008,0.0006,-0.0301,-0.0196,-0.0121,0.0186,3.1355,-5.170,1.036,0.1879,1602.05,374589,0.00237469,0.1879,0.0008,-5.051,1.163,3.1354,-0.0121,0.0186
270.92,60.840,0.1879,0.0008,0.0006,-0.0302,-0.0195,-0.0121,0.0186,3.1355,-5.174,1.036,0.1879,1602.54,375896,0.00237469,0.1879,0.0008,-5.059,1.163,3.1355,-0.0121,0.0186
271.02,60.860,0.1879,0.0008,0.0006,-0.0302,-0.0195,-0.0121,0.0186,3.1355,-5.179,1.036,0.1879,1602.9,376879,0.00209788,0.1879,0.0008,-5.064,1.163,3.1355,-0.0121,0.0186
271.11,60.880,0.1879,0.0008,0.0006,-0.0302,-0.0195,-0.0121,0.0186,3.1355,-5.183,1.036,0.1879,1603.26,377863,0.00237469,0.1879,0.0007,-5.070,1.163,3.1355,-0.0121,0.0186
271.21,60.920,0.1879,0.0007,0.0005,-0.0301,-0.0196,-0.0121,0.0186,3.1355,-5.187,1.036,0.1879,1603.26,377863,0.00237469,0.1879,0.0007,-5.070,1.163,3.1355,-0.0121,0.0186
271.32,60.940,0.1879,0.0007,0.0005,-0.0302,-0.0195,-0.0121,0.0186,3.1355,-5.192,1.036,0.1879,1603.74,379179,0.00237469,0.1879,0.0007,-5.077,1.163,3.1355,-0.0121,0.0186
271.42,60.960,0.1879,0.0007,0.0005,-0.0302,-0.0195,-0.0121,0.0186,3.1355,-5.196,1.036,0.1879,1604.1,380169,0.00209788,0.1879,0.0007,-5.083,1.163,3.1355,-0.0121,0.0186
271.51,60.980,0.1879,0.0007,0.0005,-0.0302,-0.0195,-0.0121,0.0186,3.1355,-5.200,1.036,0.1879,1604.1,380169,0.00209788,0.1879,0.0007,-5.083,1.163,3.1355,-0.0121,0.0186
271.62,61.000,0.1879,0.0007,0.0005,-0.0301,-0.0196,-0.0121,0.0186,3.1356,-5.204,1.036,0.1879,1604.46,381160,0.00237469,0.1879,0.0006,-5.089,1.163,3.1355,-0.0121,0.0186
271.72,61.020,0.1879,0.0006,0.0005,-0.0301,-0.0196,-0.0121,0.0186,3.1356,-5.209,1.037,0.1879,1604.94,382485,0.00237469,0.1879,0.0006,-5.096,1.163,3.1356,-0.0121,0.0186
271.82,61.040,0.1879,0.0006,0.0005,-0.0302,-0.0195,-0.0121,0.0186,3.1356,-5.213,1.037,0.1879,1604.94,382485,0.00237469,0.1879,0.0006,-5.096,1.163,3.1356,-0.0121,0.0186
271.92,61.080,0.1879,0.0006,0.0005,-0.0302,-0.0195,-0.0121,0.0186,3.1356,-5.217,1.037,0.1879,1605.3,383481,0.00209788,0.1879,0.0006,-5.102,1.163,3.1356,-0.0121,0.0186
272.02,61.100,0.1879,0.0006,0.0005,-0.0302,-0.0195,-0.0121,0.0186,3.1356,-5.221,1.037,0.1879,1605.66,384479,0.00237469,0.1879,0.0006,-5.107,1.163,3.1356,-0.0121,0.0186
272.12,61.120,0.1879,0.0006,0.0004,-0.0301,-0.0196,-0.0121,0.0186,3.1356,-5.226,1.037,0.1879,1605.66,384479,0.00237469,0.1879,0.0006,-5.107,1.163,3.1356,-0.0121,0.0186
272.22,61.140,0.1879,0.0006,0.0004,-0.0302,-0.0195,-0.0121,0.0186,3.1356,-5.230,1.037,0.1879,1606.14,385813,0.00237469,0.1879,0.0006,-5.115,1.163,3.1356,-0.0121,0.0186
272.32,61.160,0.1879,0.0006,0.0004,-0.0302,-0.0195,-0.0121,0.0186,3.1356,-5.235,1.037,0.1879,1606.49,386816,0.00209788,0.1879,0.0006,-5.121,1.163,3.1356,-0.0121,0.0186
272.42,61.180,0.1879,0.0006,0.0004,-0.0302,-0.0195,-0.0121,0.0186,3.1356,-5.239,1.037,0.1879,1606.49,386816,0.00209788,0.1879,0.0006,-5.121,1.163,3.1356,-0.0121,0.0186
272.52,61.200,0.1879,0.0006,0.0004,-0.0301,-0.0196,-0.0121,0.0186,3.1356,-5.243,1.037,0.1879,1606.85,387821,0.00237469,0.1879,0.0005,-5.126,1.163,3.1356,-0.0121,0.0186
272.62,61.240,0.1879,0.0005,0.0004,-0.0301,-0.0195,-0.0121,0.0186,3.1357,-5.247,1.037,0.1879,1607.33,389164,0.00237469,0.1879,0.0005,-5.134,1.163,3.1356,-0.0121,0.0186
272.72,61.260,0.1879,0.0005,0.0003,-0.0301,-0.0196,-0.0121,0.0186,3.1357,-5.252,1.037,0.1879,1607.33,389164,0.00237469,0.1879,0.0005,-5.134,1.163,3.1356,-0.0121,0.0186
272.82,61.280,0.1879,0.0005,0.0003,-0.0301,-0.0196,-0.0121,0.0186,3.1357,-5.256,1.037,0.1879,1607.68,390173,0.00209788,0.1879,0.0005,-5.139,1.163,3.1357,-0.0121,0.0186
272.92,61.300,0.1879,0.0005,0.0003,-0.0302,-0.0196,-0.0121,0.0186,3.1357,-5.260,1.037,0.1879,1608.04,391185,0.00237469,0.1879,0.0005,-5.145,1.163,3.1357,-0.0121,0.0186
273.02,61.320,0.1879,0.0005,0.0003,-0.0302,-0.0196,-0.0121,0.0186,3.1357,-5.265,1.037,0.1879,1608.51,392537,0.00237469,0.1879,0.0005,-5.152,1.164,3.1357,-0.0121,0.0186
273.12,61.340,0.1879,0.0005,0.0003,-0.0302,-0.0196,-0.0121,0.0186,3.1357,-5.269,1.037,0.1879,1608.51,392537,0.00237469,0.1879,0.0005,-5.152,1.164,3.1357,-0.0121,0.0186
273.22,61.380,0.1879,0.0005,0.0003,-0.0302,-0.0196,-0.0121,0.0186,3.1357,-5.273,1.037,0.1879,1608.87,393553,0.00209788,0.1879,0.0005,-5.158,1.164,3.1357,-0.0121,0.0186
273.32,61.400,0.1879,0.0005,0.0003,-0.0302,-0.0196,-0.0121,0.0186,3.1357,-5.278,1.037,0.1879,1609.22,394572,0.00237469,0.1879,0.0004,-5.164,1.164,3.1357,-0.0121,0.0186
273.42,61.420,0.1879,0.0004,0.0003,-0.0302,-0.0196,-0.0121,0.0186,3.1357,-5.282,1.037,0.1879,1609.22,394572,0.00237469,0.1879,0.0004,-5.164,1.164,3.1357,-0.0121,0.0186
273.52,61.440,0.1879,0.0004,0.0003,-0.0302,-0.0196,-0.0121,0.0186,3.1357,-5.286,1.037,0.1879,1609.69,395933,0.00237469,0.1879,0.0004,-5.171,1.164,3.1357,-0.0121,0.0186
273.62,61.460,0.1879,0.0004,0.0003,-0.0302,-0.0196,-0.0121,0.0186,3.1357,-5.291,1.037,0.1879,1610.05,396956,0.00209788,0.1879,0.0004,-5.177,1.164,3.1357,-0.0121,0.0186
273.71,61.480,0.1879,0.0004,0.0003,-0.0302,-0.0196,-0.0121,0.0186,3.1357,-5.295,1.037,0.1879,1610.05,396956,0.00209788,0.1879,0.0004,-5.177,1.164,3.1357,-0.0121,0.0186
273.82,61.500,0.1879,0.0004,0.0003,-0.0302,-0.0196,-0.0121,0.0186,3.1357,-5.299,1.037,0.1879,1610.4,397982,0.00237469,0.1880,0.0004,-5.183,1.164,3.1357,-0.0121,0.0186
273.92,61.540,0.1880,0.0004,0.0003,-0.0302,-0.0196,-0.0121,0.0186,3.1357,-5.303,1.037,0.1879,1610.87,399352,0.00237469,0.1880,0.0004,-5.190,1.164,3.1357,-0.0121,0.0186
274.02,61.560,0.1880,0.0004,0.0003,-0.0302,-0.0196,-0.0121,0.0186,3.1357,-5.308,1.037,0.1879,1610.87,399352,0.00237469,0.1880,0.0004,-5.190,1.164,3.1357,-0.0121,0.0186
274.11,61.580,0.1880,0.0004,0.0003,-0.0302,-0.0196,-0.0121,0.0186,3.1358,-5.312,1.037,0.1879,1611.22,400382,0.00209788,0.1880,0.0004,-5.196,1.164,3.1357,-0.0121,0.0186
274.22,61.600,0.1880,0.0004,0.0002,-0.0302,-0.0196,-0.0121,0.0186,3.1358,-5.316,1.037,0.1879,1611.58,401414,0.00237469,0.1880,0.0004,-5.201,1.164,3.1358,-0.0121,0.0186
274.31,61.620,0.1880,0.0004,0.0002,-0.0302,-0.0196,-0.0121,0.0186,3.1358,-5.321,1.037,0.1879,1611.58,401414,0.00237469,0.1880,0.0004,-5.201,1.164,3.1358,-0.0121,0.0186
274.42,61.640,0.1880,0.0004,0.0002,-0.0302,-0.0196,-0.0121,0.0186,3.1358,-5.325,1.037,0.1879,1612.05,402794,0.00237469,0.1880,0.0004,-5.209,1.164,3.1358,-0.0121,0.0186
274.52,61.660,0.1880,0.0004,0.0002,-0.0302,-0.0196,-0.0121,0.0186,3.1358,-5.329,1.037,0.1879,1612.4,403831,0.00209788,0.1880,0.0004,-5.214,1.164,3.1358,-0.0121,0.0186
274.62,61.700,0.1880,0.0004,0.0002,-0.0302,-0.0196,-0.0121,0.0186,3.1358,-5.334,1.037,0.1879,1612.75,404870,0.00237469,0.1880,0.0003,-5.220,1.164,3.1358,-0.0121,0.0186
274.71,61.720,0.1880,0.0003,0.0002,-0.0302,-0.0196,-0.0121,0.0186,3.1358,-5.338,1.037,0.1879,1612.75,404870,0.00237469,0.1880,0.0003,-5.220,1.164,3.1358,-0.0121,0.0186
274.82,61.740,0.1880,0.0003,0.0002,-0.0302,-0.0196,-0.0121,0.0186,3.1358,-5.342,1.037,0.1879,1613.22,406259,0.00237469,0.1880,0.0003,-5.228,1.164,3.1358,-0.0121,0.0186
274.91,61.760,0.1880,0.0003,0.0002,-0.0302,-0.0196,-0.0121,0.0186,3.1358,-5.347,1.037,0.1879,1613.57,407303,0.00209788,0.1880,0.0003,-5.233,1.164,3.1358,-0.0121,0.0186
275.02,61.780,0.1880,0.0003,0.0002,-0.0302,-0.0196,-0.0121,0.0186,3.1358,-5.351,1.037,0.1879,1613.57,407303,0.00209788,0.1880,0.0003,-5.233,1.164,3.1358,-0.0121,0.0186
275.12,61.800,0.1880,0.0003,0.0002,-0.0302,-0.0196,-0.0121,0.0186,3.1358,-5.355,1.037,0.1879,1613.93,408349,0.00237469,0.1880,0.0003,-5.239,1.164,3.1358,-0.0121,0.0186
275.22,61.840,0.1880,0.0003,0.0002,-0.0302,-0.0196,-0.0121,0.0186,3.1358,-5.360,1.037,0.1879,1614.4,409747,0.00237469,0.1880,0.0003,-5.246,1.164,3.1358,-0.0121,0.0186
275.32,61.860,0.1880,0.0003,0.0002,-0.0302,-0.0196,-0.0121,0.0186,3.1358,-5.364,1.037,0.1879,1614.4,409747,0.00237469,0.1880,0.0003,-5.246,1.164,3.1358,-0.0121,0.0186
275.42,61.880,0.1880,0.0003,0.0002,-0.0302,-0.0196,-0.0121,0.0186,3.1358,-5.368,1.037,0.1879,1614.75,410799,0.00209788,0.1880,0.0003,-5.252,1.164,3.1358,-0.0121,0.0186
275.51,61.900,0.1880,0.0003,0.0002,-0.0302,-0.0196,-0.0121,0.0186,3.1358,-5.373,1.037,0.1879,1615.1,411852,0.00237469,0.1880,0.0003,-5.258,1.164,3.1358,-0.0121,0.0186
275.62,61.920,0.1880,0.0003,0.0002,-0.0302,-0.0196,-0.0121,0.0186,3.1358,-5.377,1.038,0.1879,1615.1,411852,0.00237469,0.1880,0.0003,-5.258,1.164,3.1358,-0.0121,0.0186
275.71,61.940,0.1880,0.0003,0.0002,-0.0302,-0.0196,-0.0121,0.0186,3.1358,-5.381,1.038,0.1879,1615.57,413259,0.00237469,0.1880,0.0003,-5.265,1.164,3.1358,-0.0121,0.0186
275.82,61.960,0.1880,0.0003,0.0002,-0.0302,-0.0196,-0.0121,0.0186,3.1358,-5.385,1.038,0.1879,1615.92,414317,0.00209788,0.1880,0.0003,-5.271,1.164,3.1358,-0.0121,0.0186
275.91,61.980,0.1880,0.0003,0.0002,-0.0302,-0.0196,-0.0121,0.0186,3.1358,-5.389,1.038,0.1879,1615.92,414317,0.00209788,0.1880,0.0003,-5.271,1.164,3.1358,-0.0121,0.0186
276.01,62.020,0.1880,0.0002,0.0002,-0.0302,-0.0196,-0.0121,0.0186,3.1358,-5.393,1.038,0.1879,1616.27,415378,0.00237469,0.1880,0.0002,-5.277,1.164,3.1358,-0.0121,0.0186
276.12,62.040,0.1880,0.0002,0.0002,-0.0302,-0.0196,-0.0121,0.0186,3.1358,-5.398,1.038,0.1879,1616.74,416795,0.00237469,0.1880,0.0002,-5.284,1.164,3.1358,-0.0121,0.0186
276.21,62.060,0.1880,0.0002,0.0002,-0.0302,-0.0196,-0.0121,0.0186,3.1358,-5.402,1.038,0.1879,1617.09,417860,0.00209788,0.1880,0.0002,-5.290,1.164,3.1358,-0.0121,0.0186
276.31,62.080,0.1880,0.0002,0.0002,-0.0302,-0.0196,-0.0121,0.0186,3.1359,-5.407,1.038,0.1879,1617.09,417860,0.00209788,0.1880,0.0002,-5.290,1.164,3.1358,-0.0121,0.0186
276.42,62.100,0.1880,0.0002,0.0002,-0.0302,-0.0196,-0.0121,0.0186,3.1359,-5.411,1.038,0.1880,1617.44,418927,0.00237469,0.1880,0.0002,-5.295,1.164,3.1359,-0.0121,0.0186
276.52,62.120,0.1880,0.0002,0.0002,-0.0302,-0.0196,-0.0121,0.0186,3.1359,-5.415,1.038,0.1880,1617.91,420353,0.00237469,0.1880,0.0002,-5.303,1.164,3.1359,-0.0121,0.0186
276.62,62.140,0.1880,0.0002,0.0002,-0.0302,-0.0196,-0.0121,0.0186,3.1359,-5.420,1.038,0.1880,1617.91,420353,0.00237469,0.1880,0.0002,-5.303,1.164,3.1359,-0.0121,0.0186
276.72,62.180,0.1880,0.0002,0.0002,-0.0302,-0.0196,-0.0121,0.0186,3.1359,-5.424,1.038,0.1880,1618.26,421426,0.00209788,0.1880,0.0002,-5.308,1.164,3.1359,-0.0121,0.0186
276.81,62.200,0.1880,0.0002,0.0002,-0.0302,-0.0196,-0.0121,0.0186,3.1359,-5.428,1.038,0.1880,1618.62,422500,0.00237469,0.1880,0.0002,-5.314,1.164,3.1359,-0.0121,0.0186
276.92,62.220,0.1880,0.0002,0.0001,-0.0302,-0.0196,-0.0121,0.0186,3.1359,-5.432,1.038,0.1880,1618.62,422500,0.00237469,0.1880,0.0002,-5.314,1.164,3.1359,-0.0121,0.0186
277.02,62.240,0.1880,0.0002,0.0001,-0.0302,-0.0196,-0.0121,0.0186,3.1359,-5.437,1.038,0.1880,1619.08,423936,0.00237469,0.1880,0.0002,-5.322,1.164,3.1359,-0.0121,0.0186
277.12,62.260,0.1880,0.0002,0.0001,-0.0302,-0.0196,-0.0121,0.0186,3.1359,-5.441,1.038,0.1880,1619.44,425015,0.00209788,0.1880,0.0002,-5.327,1.165,3.1359,-0.0121,0.0186
277.21,62.280,0.1880,0.0002,0.0001,-0.0302,-0.0196,-0.0121,0.0186,3.1359,-5.445,1.038,0.1880,1619.44,425015,0.00209788,0.1880,0.0002,-5.327,1.165,3.1359,-0.0121,0.0186
277.31,62.300,0.1880,0.0002,0.0001,-0.0302,-0.0196,-0.0121,0.0186,3.1359,-5.450,1.038,0.1880,1619.79,426097,0.00237469,0.1880,0.0002,-5.333,1.165,3.1359,-0.0121,0.0186
277.42,62.340,0.1880,0.0002,0.0001,-0.0302,-0.0196,-0.0121,0.0186,3.1359,-5.454,1.038,0.1880,1620.26,427542,0.00237469,0.1880,0.0002,-5.340,1.165,3.1359,-0.0121,0.0186
277.51,62.360,0.1880,0.0002,0.0001,-0.0302,-0.0196,-0.0121,0.0186,3.1359,-5.459,1.038,0.1880,1620.61,428629,0.00209788,0.1880,0.0002,-5.346,1.165,3.1359,-0.0121,0.0186
277.61,62.380,0.1880,0.0002,0.0001,-0.0302,-0.0196,-0.0121,0.0186,3.1359,-5.463,1.038,0.1880,1620.61,428629,0.00209788,0.1880,0.0002,-5.346,1.165,3.1359,-0.0121,0.0186
277.72,62.400,0.1880,0.0002,0.0001,-0.0302,-0.0196,-0.0121,0.0186,3.1359,-5.467,1.038,0.1880,1620.96,429718,0.00237469,0.1880,0.0002,-5.352,1.165,3.1359,-0.0121,0.0186
277.81,62.420,0.1880,0.0002,0.0001,-0.0302,-0.0196,-0.0121,0.0186,3.1359,-5.472,1.038,0.1880,1621.43,431173,0.00237469,0.1880,0.0002,-5.359,1.165,3.1359,-0.0121,0.0186
277.91,62.440,0.1880,0.0002,0.0001,-0.0302,-0.0196,-0.0121,0.0186,3.1359,-5.476,1.038,0.1880,1621.43,431173,0.00237469,0.1880,0.0002,-5.359,1.165,3.1359,-0.0121,0.0186
278.01,62.480,0.1880,0.0002,0.0001,-0.0302,-0.0196,-0.0121,0.0186,3.1359,-5.480,1.038,0.1880,1621.78,432267,0.00209788,0.1880,0.0002,-5.365,1.165,3.1359,-0.0121,0.0186
278.12,62.500,0.1880,0.0002,0.0001,-0.0302,-0.0196,-0.0121,0.0186,3.1359,-5.484,1.038,0.1880,1622.13,433362,0.00237469,0.1880,0.0001,-5.371,1.165,3.1359,-0.0121,0.0186
278.22,62.520,0.1880,0.0001,0.0001,-0.0302,-0.0196,-0.0121,0.0186,3.1359,-5.489,1.038,0.1880,1622.13,433362,0.00237469,0.1880,0.0001,-5.371,1.165,3.1359,-0.0121,0.0186
278.32,62.540,0.1880,0.0001,0.0001,-0.0302,-0.0196,-0.0121,0.0186,3.1359,-5.493,1.038,0.1880,1622.6,434827,0.00237469,0.1880,0.0001,-5.378,1.165,3.1359,-0.0121,0.0186
278.41,62.560,0.1880,0.0001,0.0001,-0.0302,-0.0196,-0.0121,0.0186,3.1359,-5.497,1.038,0.1880,1622.95,435928,0.00209788,0.1880,0.0001,-5.384,1.165,3.1359,-0.0121,0.0186
278.52,62.580,0.1880,0.0001,0.0001,-0.0302,-0.0196,-0.0121,0.0186,3.1359,-5.502,1.038,0.1880,1622.95,435928,0.00209788,0.1880,0.0001,-5.384,1.165,3.1359,-0.0121,0.0186
278.62,62.600,0.1880,0.0001,0.0001,-0.0302,-0.0196,-0.0121,0.0186,3.1359,-5.506,1.038,0.1880,1623.3,437031,0.00237469,0.1880,0.0001,-5.389,1.165,3.1359,-0.0121,0.0186
278.72,62.620,0.1880,0.0001,0.0001,-0.0302,-0.0196,-0.0121,0.0186,3.1359,-5.510,1.038,0.1880,1623.77,438506,0.00237469,0.1880,0.0001,-5.397,1.165,3.1359,-0.0121,0.0186
278.81,62.660,0.1880,0.0001,0.0001,-0.0302,-0.0196,-0.0121,0.0186,3.1359,-5.514,1.038,0.1880,1623.77,438506,0.00237469,0.1880,0.0001,-5.397,1.165,3.1359,-0.0121,0.0186
278.92,62.680,0.1880,0.0001,0.0001,-0.0302,-0.0196,-0.0121,0.0186,3.1359,-5.519,1.038,0.1880,1624.13,439614,0.00209788,0.1880,0.0001,-5.402,1.165,3.1359,-0.0121,0.0186
279.02,62.700,0.1880,0.0001,0.0001,-0.0302,-0.0196,-0.0121,0.0186,3.1359,-5.523,1.038,0.1880,1624.48,440725,0.00237469,0.1880,0.0001,-5.408,1.165,3.1359,-0.0121,0.0186
279.12,62.720,0.1880,0.0001,0.0001,-0.0302,-0.0196,-0.0121,0.0186,3.1359,-5.527,1.038,0.1880,1624.48,440725,0.00237469,0.1880,0.0001,-5.408,1.165,3.1359,-0.0121,0.0186
279.21,62.740,0.1880,0.0001,0.0001,-0.0302,-0.0196,-0.0121,0.0186,3.1359,-5.532,1.038,0.1880,1624.95,442209,0.00237469,0.1880,0.0001,-5.416,1.165,3.1359,-0.0121,0.0186
279.32,62.760,0.1880,0.0001,0.0001,-0.0302,-0.0196,-0.0121,0.0186,3.1359,-5.536,1.038,0.1880,1625.3,443324,0.00209788,0.1880,0.0001,-5.421,1.165,3.1359,-0.0121,0.0186
279.41,62.800,0.1880,0.0001,0.0001,-0.0302,-0.0196,-0.0121,0.0186,3.1359,-5.541,1.038,0.1880,1625.65,444442,0.00237469,0.1880,0.0001,-5.427,1.165,3.1359,-0.0121,0.0186
279.51,62.820,0.1880,0.0001,0.0001,-0.0302,-0.0196,-0.0121,0.0186,3.1359,-5.545,1.038,0.1880,1625.65,444442,0.00237469,0.1880,0.0001,-5.427,1.165,3.1359,-0.0121,0.0186
279.62,62.840,0.1880,0.0001,0.0001,-0.0302,-0.0196,-0.0121,0.0186,3.1359,-5.549,1.039,0.1880,1626.12,445936,0.00237469,0.1880,0.0001,-5.434,1.165,3.1359,-0.0121,0.0186
279.72,62.860,0.1880,0.0001,0.0001,-0.0302,-0.0196,-0.0121,0.0186,3.1359,-5.554,1.039,0.1880,1626.48,447059,0.00209788,0.1880,0.0001,-5.440,1.165,3.1359,-0.0121,0.0186
279.82,62.880,0.1880,0.0001,0.0001,-0.0302,-0.0196,-0.0121,0.0186,3.1359,-5.558,1.039,0.1880,1626.48,447059,0.00209788,0.1880,0.0001,-5.440,1.165,3.1359,-0.0121,0.0186
279.92,62.900,0.1880,0.0001,0.0001,-0.0302,-0.0196,-0.0121,0.0186,3.1359,-5.562,1.039,0.1880,1626.83,448184,0.00237469,0.1880,0.0001,-5.446,1.165,3.1359,-0.0121,0.0186
280.02,62.920,0.1880,0.0001,0.0001,-0.0302,-0.0196,-0.0121,0.0186,3.1359,-5.566,1.039,0.1880,1627.3,449688,0.00237469,0.1880,0.0001,-5.453,1.165,3.1359,-0.0121,0.0186
280.11,62.960,0.1880,0.0001,0.0001,-0.0302,-0.0196,-0.0121,0.0186,3.1359,-5.571,1.039,0.1880,1627.3,449688,0.00237469,0.1880,0.0001,-5.453,1.165,3.1359,-0.0121,0.0186
280.21,62.980,0.1880,0.0001,0.0001,-0.0302,-0.0196,-0.0121,0.0186,3.1359,-5.575,1.039,0.1880,1627.65,450818,0.00209788,0.1880,0.0001,-5.459,1.165,3.1359,-0.0121,0.0186
280.31,63.000,0.1880,0.0001,0.0001,-0.0302,-0.0196,-0.0121,0.0186,3.1360,-5.579,1.039,0.1880,1628.01,451951,0.00237469,0.1880,0.0001,-5.464,1.165,3.1359,-0.0121,0.0186
280.42,63.020,0.1880,0.0001,0.0001,-0.0302,-0.0196,-0.0121,0.0186,3.1360,-5.583,1.039,0.1880,1628.01,451951,0.00237469,0.1880,0.0001,-5.464,1.165,3.1359,-0.0121,0.0186
280.51,63.040,0.1880,0.0001,0.0001,-0.0302,-0.0196,-0.0121,0.0186,3.1360,-5.588,1.039,0.1880,1628.48,453464,0.00237469,0.1880,0.0001,-5.472,1.165,3.1360,-0.0121,0.0186
280.62,63.060,0.1880,0.0001,0.0001,-0.0302,-0.0196,-0.0121,0.0186,3.1360,-5.592,1.039,0.1880,1628.83,454602,0.00209788,0.1880,0.0001,-5.478,1.165,3.1360,-0.0121,0.0186
280.72,63.100,0.1880,0.0001,0.0001,-0.0302,-0.0196,-0.0121,0.0186,3.1360,-5.597,1.039,0.1880,1629.19,455742,0.00237469,0.1876,0.0034,-5.483,1.165,3.1360,-0.0121,0.0186
280.82,63.120,0.1876,0.0034,0.0027,-0.0300,-0.0195,-0.0121,0.0186,3.1360,-5.601,1.039,0.1876,1629.19,455742,0.00237469,0.1876,0.0034,-5.483,1.165,3.1360,-0.0121,0.0186
280.92,63.140,0.1876,0.0034,0.0027,-0.0300,-0.0195,-0.0121,0.0186,3.1361,-5.605,1.039,0.1876,1629.66,457266,0.00237469,0.1876,0.0034,-5.491,1.165,3.1360,-0.0121,0.0186
281.01,63.160,0.1876,0.0034,0.0027,-0.0300,-0.0195,-0.0121,0.0186,3.1361,-5.609,1.039,0.1876,1630.01,458411,0.00209788,0.1876,0.0034,-5.496,1.165,3.1361,-0.0121,0.0186
281.11,63.180,0.1876,0.0034,0.0027,-0.0300,-0.0195,-0.0121,0.0186,3.1362,-5.614,1.039,0.1876,1630.01,458411,0.00209788,0.1876,0.0034,-5.496,1.165,3.1361,-0.0121,0.0186
281.21,63.200,0.1876,0.0034,0.0026,-0.0300,-0.0195,-0.0121,0.0186,3.1363,-5.618,1.039,0.1876,1630.35,459558,0.00237469,0.1876,0.0032,-5.502,1.166,3.1362,-0.0121,0.0186
281.31,63.220,0.1876,0.0032,0.0026,-0.0300,-0.0195,-0.0121,0.0186,3.1363,-5.622,1.039,0.1876,1630.8,461092,0.00237469,0.1876,0.0032,-5.510,1.166,3.1363,-0.0121,0.0186
281.42,63.260,0.1876,0.0032,0.0026,-0.0300,-0.0195,-0.0121,0.0186,3.1364,-5.627,1.039,0.1876,1630.8,461092,0.00237469,0.1876,0.0032,-5.510,1.166,3.1363,-0.0121,0.0186
281.51,63.280,0.1876,0.0032,0.0026,-0.0300,-0.0195,-0.0121,0.0186,3.1364,-5.631,1.039,0.1876,1631.13,462245,0.00209788,0.1876,0.0032,-5.515,1.166,3.1364,-0.0121,0.0186
281.62,63.300,0.1876,0.0032,0.0026,-0.0300,-0.0195,-0.0121,0.0186,3.1365,-5.636,1.039,0.1877,1631.46,463399,0.00237469,0.1877,0.0029,-5.521,1.166,3.1365,-0.0121,0.0186
281.71,63.320,0.1877,0.0029,0.0021,-0.0302,-0.0192,-0.0121,0.0186,3.1366,-5.640,1.039,0.1876,1631.46,463399,0.00237469,0.1877,0.0029,-5.521,1.166,3.1365,-0.0121,0.0186
281.81,63.340,0.1877,0.0029,0.0021,-0.0302,-0.0192,-0.0121,0.0186,3.1366,-5.645,1.039,0.1876,1631.89,464943,0.00237469,0.1877,0.0029,-5.528,1.166,3.1366,-0.0121,0.0186
281.92,63.360,0.1877,0.0029,0.0021,-0.0302,-0.0192,-0.0121,0.0186,3.1366,-5.649,1.039,0.1876,1632.21,466103,0.00209788,0.1877,0.0029,-5.534,1.166,3.1366,-0.0121,0.0186
282.01,63.400,0.1877,0.0029,0.0021,-0.0302,-0.0192,-0.0121,0.0186,3.1367,-5.653,1.039,0.1877,1632.52,467266,0.00237469,0.1877,0.0025,-5.540,1.166,3.1367,-0.0121,0.0186
282.12,63.420,0.1877,0.0025,0.0018,-0.0300,-0.0195,-0.0121,0.0186,3.1367,-5.657,1.039,0.1877,1632.52,467266,0.00237469,0.1877,0.0025,-5.540,1.166,3.1367,-0.0121,0.0186
282.22,63.440,0.1877,0.0025,0.0018,-0.0300,-0.0195,-0.0121,0.0186,3.1368,-5.662,1.039,0.1877,1632.94,468819,0.00237469,0.1877,0.0025,-5.547,1.166,3.1367,-0.0121,0.0186
282.32,63.460,0.1877,0.0025,0.0018,-0.0302,-0.0192,-0.0121,0.0186,3.1368,-5.666,1.039,0.1877,1633.24,469987,0.00209788,0.1877,0.0025,-5.553,1.166,3.1368,-0.0121,0.0186
282.42,63.480,0.1877,0.0025,0.0018,-0.0302,-0.0192,-0.0121,0.0186,3.1369,-5.671,1.039,0.1877,1633.24,469987,0.00209788,0.1877,0.0025,-5.553,1.166,3.1368,-0.0121,0.0186
282.52,63.500,0.1877,0.0025,0.0016,-0.0301,-0.0195,-0.0121,0.0186,3.1369,-5.675,1.039,0.1877,1633.54,471157,0.00237469,0.1877,0.0023,-5.558,1.166,3.1369,-0.0121,0.0186
282.62,63.540,0.1877,0.0023,0.0016,-0.0302,-0.0193,-0.0121,0.0186,3.1369,-5.679,1.039,0.1877,1633.94,472721,0.00237469,0.1877,0.0023,-5.566,1.166,3.1369,-0.0121,0.0186
282.72,63.560,0.1877,0.0023,0.0016,-0.0302,-0.0193,-0.0121,0.0186,3.1370,-5.684,1.039,0.1877,1633.94,472721,0.00237469,0.1877,0.0023,-5.566,1.166,3.1369,-0.0121,0.0186
282.82,63.580,0.1877,0.0023,0.0016,-0.0302,-0.0193,-0.0121,0.0186,3.1370,-5.688,1.039,0.1877,1634.24,473896,0.00209788,0.1877,0.0023,-5.571,1.166,3.1370,-0.0121,0.0186
282.92,63.600,0.1877,0.0023,0.0015,-0.0301,-0.0195,-0.0121,0.0186,3.1371,-5.693,1.039,0.1877,1634.53,475074,0.00237469,0.1878,0.0020,-5.577,1.166,3.1370,-0.0121,0.0186
283.01,63.620,0.1878,0.0020,0.0015,-0.0301,-0.0195,-0.0121,0.0186,3.1371,-5.697,1.039,0.1877,1634.92,476648,0.00237469,0.1878,0.0020,-5.585,1.166,3.1371,-0.0121,0.0186
283.12,63.660,0.1878,0.0020,0.0015,-0.0302,-0.0193,-0.0121,0.0186,3.1371,-5.701,1.039,0.1877,1634.92,476648,0.00237469,0.1878,0.0020,-5.585,1.166,3.1371,-0.0121,0.0186
283.22,63.680,0.1878,0.0020,0.0015,-0.0302,-0.0193,-0.0121,0.0186,3.1372,-5.706,1.039,0.1877,1635.2,477831,0.00209788,0.1878,0.0020,-5.590,1.166,3.1371,-0.0121,0.0186
283.32,63.700,0.1878,0.0020,0.0015,-0.0302,-0.0193,-0.0121,0.0186,3.1372,-5.710,1.039,0.1878,1635.49,479016,0.00237469,0.1878,0.0018,-5.596,1.166,3.1372,-0.0121,0.0186
283.41,63.720,0.1878,0.0018,0.0013,-0.0301,-0.0195,-0.0121,0.0186,3.1372,-5.715,1.039,0.1878,1635.49,479016,0.00237469,0.1878,0.0018,-5.596,1.166,3.1372,-0.0121,0.0186
283.51,63.740,0.1878,0.0018,0.0013,-0.0302,-0.0193,-0.0121,0.0186,3.1373,-5.719,1.039,0.1878,1635.86,480600,0.00237469,0.1878,0.0018,-5.603,1.166,3.1372,-0.0121,0.0186
283.62,63.760,0.1878,0.0018,0.0013,-0.0302,-0.0193,-0.0121,0.0186,3.1373,-5.723,1.039,0.1878,1636.14,481791,0.00209788,0.1878,0.0018,-5.609,1.166,3.1373,-0.0121,0.0186
283.72,63.780,0.1878,0.0018,0.0013,-0.0302,-0.0193,-0.0121,0.0186,3.1373,-5.728,1.039,0.1878,1636.42,482984,0.00237469,0.1878,0.0016,-5.615,1.166,3.1373,-0.0121,0.0186
283.82,63.820,0.1878,0.0016,0.0011,-0.0301,-0.0195,-0.0121,0.0186,3.1373,-5.732,1.039,0.1878,1636.42,482984,0.00237469,0.1878,0.0016,-5.615,1.166,3.1373,-0.0121,0.0186
283.91,63.840,0.1878,0.0016,0.0011,-0.0301,-0.0195,-0.0121,0.0186,3.1374,-5.737,1.040,0.1878,1636.78,484578,0.00237469,0.1878,0.0016,-5.622,1.166,3.1374,-0.0121,0.0186
284.02,63.860,0.1878,0.0016,0.0011,-0.0302,-0.0193,-0.0121,0.0186,3.1374,-5.741,1.040,0.1878,1637.05,485777,0.00209788,0.1878,0.0016,-5.628,1.166,3.1374,-0.0121,0.0186
284.11,63.880,0.1878,0.0016,0.0011,-0.0302,-0.0193,-0.0121,0.0186,3.1374,-5.745,1.040,0.1878,1637.05,485777,0.00209788,0.1878,0.0016,-5.628,1.166,3.1374,-0.0121,0.0186
284.22,63.900,0.1878,0.0016,0.0011,-0.0301,-0.0195,-0.0121,0.0187,3.1374,-5.750,1.040,0.1878,1637.32,486978,0.00237469,0.1878,0.0015,-5.633,1.166,3.1374,-0.0121,0.0187
284.31,63.920,0.1878,0.0015,0.0011,-0.0302,-0.0194,-0.0121,0.0187,3.1375,-5.754,1.040,0.1878,1637.68,488582,0.00237469,0.1878,0.0015,-5.641,1.166,3.1375,-0.0121,0.0187
284.42,63.960,0.1878,0.0015,0.0011,-0.0302,-0.0194,-0.0121,0.0187,3.1375,-5.758,1.040,0.1878,1637.68,488582,0.00237469,0.1878,0.0015,-5.641,1.166,3.1375,-0.0121,0.0187
284.51,63.980,0.1878,0.0015,0.0011,-0.0302,-0.0194,-0.0121,0.0187,3.1375,-5.763,1.040,0.1878,1637.94,489788,0.00209788,0.1878,0.0015,-5.647,1.166,3.1375,-0.0121,0.0187
284.61,64.000,0.1878,0.0015,0.0011,-0.0302,-0.0194,-0.0121,0.0187,3.1375,-5.767,1.040,0.1878,1638.2,490997,0.00237469,0.1878,0.0013,-5.652,1.166,3.1375,-0.0121,0.0187
284.72,64.020,0.1878,0.0013,0.0010,-0.0301,-0.0195,-0.0121,0.0187,3.1376,-5.771,1.040,0.1878,1638.2,490997,0.00237469,0.1878,0.0013,-5.652,1.166,3.1375,-0.0121,0.0187
284.82,64.040,0.1878,0.0013,0.0010,-0.0302,-0.0194,-0.0121,0.0187,3.1376,-5.776,1.040,0.1878,1638.55,492612,0.00237469,0.1878,0.0013,-5.660,1.166,3.1376,-0.0121,0.0187
284.92,64.060,0.1878,0.0013,0.0010,-0.0302,-0.0194,-0.0121,0.0187,3.1376,-5.780,1.040,0.1878,1638.81,493826,0.00209788,0.1878,0.0013,-5.665,1.166,3.1376,-0.0121,0.0187
285.02,64.100,0.1878,0.0013,0.0010,-0.0302,-0.0194,-0.0121,0.0187,3.1376,-5.785,1.040,0.1878,1639.07,495042,0.00237469,0.1879,0.0012,-5.671,1.166,3.1376,-0.0121,0.0187
285.12,64.120,0.1879,0.0012,0.0008,-0.0301,-0.0195,-0.0121,0.0187,3.1377,-5.789,1.040,0.1878,1639.07,495042,0.00237469,0.1879,0.0012,-5.671,1.166,3.1376,-0.0121,0.0187
285.21,64.140,0.1879,0.0012,0.0008,-0.0301,-0.0195,-0.0121,0.0187,3.1377,-5.793,1.040,0.1878,1639.41,496668,0.00237469,0.1879,0.0012,-5.679,1.166,3.1377,-0.0121,0.0187
285.31,64.160,0.1879,0.0012,0.0008,-0.0302,-0.0194,-0.0121,0.0187,3.1377,-5.798,1.040,0.1878,1639.66,497889,0.00209788,0.1879,0.0012,-5.684,1.166,3.1377,-0.0121,0.0187
285.41,64.180,0.1879,0.0012,0.0008,-0.0302,-0.0194,-0.0121,0.0187,3.1377,-5.802,1.040,0.1878,1639.66,497889,0.00209788,0.1879,0.0012,-5.684,1.166,3.1377,-0.0121,0.0187
285.52,64.200,0.1879,0.0012,0.0007,-0.0301,-0.0195,-0.0121,0.0187,3.1377,-5.807,1.040,0.1878,1639.91,499113,0.00237469,0.1879,0.0010,-5.690,1.166,3.1377,-0.0121,0.0187
285.62,64.240,0.1879,0.0010,0.0082,0.0003,0.0596,-0.0108,0.0178,3.1379,-5.811,1.040,0.1837,1640.25,500749,0.00237469,0.1879,0.0010,-5.697,1.166,3.1378,-0.0109,0.0179
285.72,64.260,0.1879,0.0010,0.0049,0.0128,0.0700,-0.0097,0.0169,3.1381,-5.815,1.040,0.1844,1640.49,501979,0.00209788,0.1879,0.0010,-5.703,1.166,3.1380,-0.0100,0.0171
285.82,64.280,0.1879,0.0010,0.0028,0.0263,0.0820,-0.0091,0.0160,3.1382,-5.819,1.040,0.1852,1640.49,501979,0.00209788,0.1879,0.0010,-5.703,1.166,3.1380,-0.0093,0.0163
285.92,64.300,0.1879,0.0010,0.0013,0.0330,0.0752,-0.0087,0.0152,3.1382,-5.824,1.040,0.1861,1640.72,503211,0.00237469,0.1879,0.0006,-5.709,1.166,3.1382,-0.0087,0.0153
286.02,64.320,0.1879,0.0006,0.0006,0.2731,0.4648,-0.0087,0.0146,3.1382,-5.828,1.040,0.1866,1641.01,504857,0.00237469,0.1879,0.0006,-5.716,1.166,3.1382,-0.0087,0.0147
286.11,64.360,0.1879,0.0006,0.0003,-0.0135,-0.0195,-0.0089,0.0141,3.1383,-5.833,1.040,0.1868,1641.01,504857,0.00237469,0.1879,0.0006,-5.716,1.166,3.1382,-0.0089,0.0141
286.21,64.380,0.1879,0.0006,0.0003,-0.0131,-0.0197,-0.0092,0.0137,3.1383,-5.837,1.040,0.1869,1641.23,506095,0.00209788,0.1879,0.0006,-5.722,1.166,3.1383,-0.0091,0.0138
286.31,64.400,0.1879,0.0006,0.0003,-0.0127,-0.0199,-0.0094,0.0133,3.1383,-5.842,1.040,0.1871,1641.45,507335,0.00237469,0.1880,0.0002,-5.727,1.166,3.1383,-0.0093,0.0134
286.41,64.420,0.1880,0.0002,0.0001,-0.0122,-0.0202,-0.0096,0.0130,3.1383,-5.846,1.040,0.1871,1641.45,507335,0.00237469,0.1880,0.0002,-5.727,1.166,3.1383,-0.0096,0.0130
286.51,64.440,0.1880,0.0002,0.0001,-0.0119,-0.0204,-0.0098,0.0127,3.1383,-5.850,1.040,0.1872,1641.73,508992,0.00237469,0.1880,0.0002,-5.735,1.167,3.1383,-0.0097,0.0127
286.62,64.480,0.1880,0.0002,0.0001,-0.0115,-0.0207,-0.0100,0.0123,3.1383,-5.855,1.040,0.1873,1641.95,510237,0.00209788,0.1880,0.0002,-5.741,1.167,3.1383,-0.0100,0.0123
286.71,64.500,0.1880,0.0002,0.0001,-0.0113,-0.0208,-0.0101,0.0121,3.1383,-5.859,1.040,0.1873,1642.16,511485,0.00237469,0.1880,0.0002,-5.746,1.167,3.1383,-0.0101,0.0121
286.82,64.520,0.1880,0.0002,0.0001,-0.0110,-0.0210,-0.0102,0.0119,3.1383,-5.864,1.040,0.1874,1642.16,511485,0.00237469,0.1880,0.0002,-5.746,1.167,3.1383,-0.0102,0.0119
286.92,64.540,0.1880,0.0002,0.0001,-0.0107,-0.0211,-0.0104,0.0116,3.1383,-5.868,1.040,0.1875,1642.45,513153,0.00237469,0.1880,0.0002,-5.754,1.167,3.1383,-0.0104,0.0116
287.01,64.560,0.1880,0.0002,0.0001,-0.0106,-0.0213,-0.0105,0.0114,3.1383,-5.873,1.040,0.1875,1642.66,514406,0.00209788,0.1880,0.0002,-5.759,1.167,3.1383,-0.0105,0.0115
287.12,64.580,0.1880,0.0002,0.0001,-0.0104,-0.0213,-0.0106,0.0113,3.1383,-5.877,1.040,0.1876,1642.66,514406,0.00209788,0.1880,0.0002,-5.759,1.167,3.1383,-0.0105,0.0113
287.22,64.620,0.1880,0.0002,0.0001,-0.0102,-0.0215,-0.0106,0.0112,3.1383,-5.882,1.040,0.1877,1642.88,515662,0.00237469,0.1880,0.0002,-5.765,1.167,3.1383,-0.0106,0.0112
287.32,64.640,0.1880,0.0002,0.0001,-0.0101,-0.0215,-0.0107,0.0111,3.1383,-5.886,1.040,0.1877,1643.16,517340,0.00237469,0.1880,0.0002,-5.772,1.167,3.1383,-0.0107,0.0111
287.41,64.660,0.1880,0.0002,0.0001,-0.0101,-0.0216,-0.0108,0.0110,3.1383,-5.891,1.040,0.1878,1643.38,518601,0.00209788,0.1880,0.0002,-5.778,1.167,3.1383,-0.0107,0.0110
287.52,64.680,0.1880,0.0002,0.0001,-0.0100,-0.0217,-0.0108,0.0109,3.1383,-5.895,1.040,0.1878,1643.38,518601,0.00209788,0.1880,0.0002,-5.778,1.167,3.1383,-0.0108,0.0109
287.62,64.700,0.1880,0.0002,0.0001,-0.0100,-0.0217,-0.0108,0.0109,3.1383,-5.900,1.040,0.1879,1643.59,519865,0.00237469,0.1880,0.0001,-5.784,1.167,3.1383,-0.0108,0.0109
290.28,65.340,0.1880,0.0002,0.0001,-0.0160,-0.0189,-0.0083,0.0162,3.1383,-6.017,1.041,0.1878,1648.19,547408,0.00237469,0.1880,0.0002,-5.904,1.167,3.1383,-0.0083,0.0162
290.38,65.360,0.1880,0.0002,0.0001,-0.0159,-0.0190,-0.0083,0.0161,3.1383,-6.021,1.041,0.1879,1648.19,547408,0.00237469,0.1880,0.0002,-5.904,1.167,3.1383,-0.0083,0.0161
290.48,65.380,0.1880,0.0002,0.0001,-0.0159,-0.0190,-0.0083,0.0161,3.1383,-6.026,1.041,0.1879,1648.4,548726,0.00209788,0.1880,0.0002,-5.910,1.167,3.1383,-0.0083,0.0161
290.58,65.400,0.1880,0.0002,0.0001,-0.0160,-0.0190,-0.0083,0.0161,3.1383,-6.030,1.041,0.1880,1648.62,550047,0.00237469,0.1880,0.0002,-5.915,1.167,3.1383,-0.0083,0.0161
290.68,65.420,0.1880,0.0002,0.0001,-0.0160,-0.0190,-0.0083,0.0162,3.1383,-6.035,1.041,0.1881,1648.91,551812,0.00237469,0.1880,0.0002,-5.923,1.167,3.1383,-0.0083,0.0162
290.78,65.440,0.1880,0.0002,0.0001,-0.0161,-0.0189,-0.0083,0.0163,3.1383,-6.039,1.041,0.1882,1648.91,551812,0.00237469,0.1880,0.0002,-5.923,1.167,3.1383,-0.0083,0.0163
290.88,65.480,0.1880,0.0002,0.0001,-0.0163,-0.0189,-0.0082,0.0164,3.1383,-6.043,1.041,0.1883,1649.13,553139,0.00209788,0.1880,0.0002,-5.929,1.167,3.1383,-0.0082,0.0164
290.98,65.500,0.1880,0.0002,0.0001,-0.0165,-0.0188,-0.0081,0.0166,3.1383,-6.048,1.041,0.1884,1649.35,554469,0.00237469,0.1880,0.0001,-5.934,1.167,3.1383,-0.0082,0.0166
291.08,65.520,0.1880,0.0001,0.0001,-0.0167,-0.0187,-0.0080,0.0168,3.1383,-6.053,1.041,0.1884,1649.35,554469,0.00237469,0.1880,0.0001,-5.934,1.167,3.1383,-0.0081,0.0167
291.18,65.540,0.1880,0.0001,0.0001,-0.0170,-0.0185,-0.0079,0.0170,3.1383,-6.057,1.041,0.1885,1649.64,556245,0.00237469,0.1880,0.0001,-5.942,1.167,3.1383,-0.0079,0.0170
291.28,65.560,0.1880,0.0001,0.0001,-0.0172,-0.0185,-0.0079,0.0172,3.1383,-6.061,1.041,0.1878,1649.85,557580,0.00209788,0.1880,0.0001,-5.947,1.167,3.1383,-0.0079,0.0172
291.38,65.600,0.1880,0.0001,0.0001,-0.0171,-0.0185,-0.0079,0.0171,3.1383,-6.066,1.041,0.1879,1650.07,558918,0.00237469,0.1880,0.0001,-5.953,1.167,3.1383,-0.0079,0.0171
291.48,65.620,0.1880,0.0001,0.0001,-0.0171,-0.0185,-0.0079,0.0171,3.1383,-6.070,1.041,0.1880,1650.07,558918,0.00237469,0.1880,0.0001,-5.953,1.167,3.1383,-0.0079,0.0171
291.58,65.640,0.1880,0.0001,0.0001,-0.0172,-0.0185,-0.0079,0.0172,3.1383,-6.075,1.041,0.1881,1650.36,560705,0.00237469,0.1880,0.0001,-5.960,1.167,3.1383,-0.0079,0.0172
291.68,65.660,0.1880,0.0001,0.0001,-0.0175,-0.0184,-0.0079,0.0173,3.1383,-6.079,1.041,0.1880,1650.58,562049,0.00209788,0.1880,0.0001,-5.966,1.167,3.1383,-0.0079,0.0173
291.78,65.680,0.1880,0.0001,0.0001,-0.0280,-0.0127,-0.0079,0.0173,3.1383,-6.084,1.041,0.1880,1650.58,562049,0.00209788,0.1880,0.0001,-5.966,1.167,3.1383,-0.0079,0.0173
291.88,65.700,0.1880,0.0001,0.0001,-0.0280,-0.0127,-0.0079,0.0173,3.1383,-6.088,1.041,0.1880,1650.8,563395,0.00237469,0.1880,0.0001,-5.972,1.167,3.1383,-0.0079,0.0173
291.98,65.740,0.1880,0.0001,0.0001,-0.0281,-0.0127,-0.0079,0.0173,3.1383,-6.092,1.041,0.1880,1651.09,565194,0.00237469,0.1880,0.0001,-5.979,1.167,3.1383,-0.0079,0.0173
292.08,65.760,0.1880,0.0001,0.0001,-0.0281,-0.0127,-0.0079,0.0173,3.1383,-6.097,1.041,0.1880,1651.09,565194,0.00237469,0.1880,0.0001,-5.979,1.167,3.1383,-0.0079,0.0173
292.18,65.780,0.1880,0.0001,0.0021,-0.2291,0.3384,-0.0075,0.0177,3.1384,-6.101,1.041,0.1893,1651.31,566546,0.00209788,0.1880,0.0001,-5.985,1.167,3.1383,-0.0076,0.0175
292.28,65.800,0.1880,0.0001,-0.0004,0.4734,-0.0137,-0.0077,0.0193,3.1384,-6.105,1.041,0.1924,1651.52,567900,0.00237469,0.1880,0.0001,-5.991,1.167,3.1384,-0.0076,0.0185
292.38,65.820,0.1880,0.0001,0.0001,-0.6658,-0.0127,-0.0079,0.0202,3.1384,-6.110,1.041,0.1871,1651.81,569710,0.00237469,0.1880,0.0001,-5.998,1.167,3.1384,-0.0079,0.0202
292.48,65.840,0.1880,0.0001,0.0001,-0.0325,-0.0127,-0.0079,0.0200,3.1384,-6.114,1.041,0.1880,1651.81,569710,0.00237469,0.1880,0.0001,-5.998,1.167,3.1384,-0.0079,0.0200
292.58,65.880,0.1880,0.0001,0.0001,-0.0325,-0.0127,-0.0079,0.0200,3.1384,-6.119,1.041,0.1880,1652.03,571071,0.00209788,0.1880,0.0001,-6.004,1.167,3.1384,-0.0079,0.0200
292.68,65.900,0.1880,0.0001,0.0001,-0.0324,-0.0127,-0.0079,0.0200,3.1384,-6.123,1.041,0.1880,1652.24,572434,0.00237469,0.1880,0.0001,-6.009,1.167,3.1384,-0.0079,0.0200
292.78,65.920,0.1880,0.0001,0.0001,-0.0324,-0.0127,-0.0079,0.0200,3.1384,-6.127,1.041,0.1880,1652.24,572434,0.00237469,0.1880,0.0001,-6.009,1.167,3.1384,-0.0079,0.0200
292.88,65.940,0.1880,0.0001,0.0001,-0.0324,-0.0127,-0.0079,0.0200,3.1384,-6.131,1.041,0.1880,1652.53,574255,0.00237469,0.1880,0.0001,-6.017,1.167,3.1384,-0.0079,0.0200
292.98,65.960,0.1880,0.0001,0.0001,-0.0324,-0.0127,-0.0079,0.0200,3.1384,-6.136,1.041,0.1880,1652.75,575624,0.00209788,0.1880,0.0001,-6.023,1.167,3.1384,-0.0079,0.0200
293.08,65.980,0.1880,0.0001,0.0001,-0.0324,-0.0127,-0.0079,0.0200,3.1384,-6.140,1.041,0.1880,1652.75,575624,0.00209788,0.1880,0.0001,-6.023,1.167,3.1384,-0.0079,0.0200
293.18,66.000,0.1880,0.0001,0.0000,-0.0324,-0.0127,-0.0079,0.0200,3.1384,-6.145,1.041,0.1880,1652.96,576996,0.00237469,0.1880,0.0001,-6.028,1.167,3.1384,-0.0079,0.0200
293.28,66.040,0.1880,0.0001,0.0000,-0.0324,-0.0127,-0.0079,0.0200,3.1384,-6.149,1.041,0.1880,1653.25,578828,0.00237469,0.1880,0.0001,-6.036,1.167,3.1384,-0.0079,0.0200
293.38,66.060,0.1880,0.0001,0.0000,-0.0324,-0.0127,-0.0079,0.0200,3.1384,-6.154,1.041,0.1880,1653.46,580206,0.00209788,0.1880,0.0001,-6.041,1.168,3.1384,-0.0079,0.0200
293.48,66.080,0.1880,0.0001,0.0000,-0.0324,-0.0127,-0.0079,0.0200,3.1384,-6.158,1.041,0.1880,1653.46,580206,0.00209788,0.1880,0.0001,-6.041,1.168,3.1384,-0.0079,0.0200
293.58,66.100,0.1880,0.0001,0.0000,-0.0324,-0.0127,-0.0079,0.0200,3.1384,-6.162,1.041,0.1880,1653.68,581586,0.00237469,0.1880,0.0000,-6.047,1.168,3.1384,-0.0079,0.0200
293.68,66.120,0.1880,0.0000,0.0000,-0.0324,-0.0127,-0.0079,0.0200,3.1384,-6.167,1.041,0.1880,1653.97,583430,0.00237469,0.1880,0.0000,-6.054,1.168,3.1384,-0.0079,0.0200
293.78,66.160,0.1880,0.0000,0.0000,-0.0324,-0.0127,-0.0079,0.0200,3.1384,-6.171,1.041,0.1880,1653.97,583430,0.00237469,0.1880,0.0000,-6.054,1.168,3.1384,-0.0079,0.0200
293.88,66.180,0.1880,0.0000,0.0000,-0.0324,-0.0127,-0.0079,0.0200,3.1384,-6.176,1.041,0.1880,1654.18,584816,0.00209788,0.1880,0.0000,-6.060,1.168,3.1384,-0.0079,0.0200
293.98,66.200,0.1880,0.0000,0.0000,-0.0324,-0.0127,-0.0079,0.0200,3.1384,-6.179,1.041,0.1880,1654.4,586205,0.00237469,0.1880,0.0000,-6.066,1.168,3.1384,-0.0079,0.0200
294.08,66.220,0.1880,0.0000,0.0000,-0.0324,-0.0127,-0.0079,0.0200,3.1384,-6.184,1.041,0.1880,1654.4,586205,0.00237469,0.1880,0.0000,-6.066,1.168,3.1384,-0.0079,0.0200
294.18,66.240,0.1880,0.0000,0.0000,-0.0324,-0.0127,-0.0079,0.0200,3.1384,-6.188,1.041,0.1880,1654.69,588061,0.00237469,0.1880,0.0000,-6.073,1.168,3.1384,-0.0079,0.0200
294.28,66.260,0.1880,0.0000,0.0000,-0.0324,-0.0127,-0.0079,0.0200,3.1384,-6.193,1.041,0.1880,1654.9,589455,0.00209788,0.1880,0.0000,-6.079,1.168,3.1384,-0.0079,0.0200
294.38,66.280,0.1880,0.0000,0.0000,-0.0324,-0.0127,-0.0079,0.0200,3.1384,-6.197,1.041,0.1880,1654.9,589455,0.00209788,0.1880,0.0000,-6.079,1.168,3.1384,-0.0079,0.0200
294.48,66.300,0.1880,0.0000,0.0000,-0.0324,-0.0127,-0.0079,0.0200,3.1384,-6.201,1.041,0.1880,1655.12,590853,0.00237469,0.1880,0.0000,-6.085,1.168,3.1384,-0.0079,0.0200
294.58,66.340,0.1880,0.0000,0.0000,-0.0324,-0.0127,-0.0079,0.0200,3.1384,-6.205,1.041,0.1880,1655.41,592720,0.00237469,0.1880,0.0000,-6.092,1.168,3.1384,-0.0079,0.0200
294.68,66.360,0.1880,0.0000,0.0000,-0.0324,-0.0127,-0.0079,0.0200,3.1384,-6.210,1.041,0.1880,1655.63,594123,0.00209788,0.1880,0.0000,-6.098,1.168,3.1384,-0.0079,0.0200
294.78,66.380,0.1880,0.0000,0.0000,-0.0324,-0.0127,-0.0079,0.0200,3.1384,-6.215,1.041,0.1880,1655.63,594123,0.00209788,0.1880,0.0000,-6.098,1.168,3.1384,-0.0079,0.0200
294.88,66.400,0.1880,0.0000,0.0000,-0.0324,-0.0127,-0.0079,0.0200,3.1384,-6.219,1.041,0.1880,1655.84,595529,0.00237469,0.1880,0.0000,-6.103,1.168,3.1384,-0.0079,0.0200
294.98,66.420,0.1880,0.0000,0.0000,-0.0324,-0.0127,-0.0079,0.0200,3.1384,-6.223,1.041,0.1880,1656.13,597408,0.00237469,0.1880,0.0000,-6.111,1.168,3.1384,-0.0079,0.0200
295.08,66.440,0.1880,0.0000,0.0000,-0.0324,-0.0127,-0.0079,0.0200,3.1384,-6.227,1.041,0.1880,1656.13,597408,0.00237469,0.1880,0.0000,-6.111,1.168,3.1384,-0.0079,0.0200
295.18,66.480,0.1880,0.0000,0.0000,-0.0324,-0.0127,-0.0079,0.0200,3.1384,-6.232,1.041,0.1880,1656.35,598820,0.00209788,0.1880,0.0000,-6.117,1.168,3.1384,-0.0079,0.0200
295.28,66.500,0.1880,0.0000,0.0000,-0.0324,-0.0127,-0.0079,0.0200,3.1384,-6.236,1.041,0.1880,1656.57,600235,0.00237469,0.1880,0.0000,-6.122,1.168,3.1384,-0.0079,0.0200
295.38,66.520,0.1880,0.0000,0.0000,-0.0324,-0.0127,-0.0079,0.0200,3.1384,-6.240,1.041,0.1880,1656.57,600235,0.00237469,0.1880,0.0000,-6.122,1.168,3.1384,-0.0079,0.0200
295.48,66.540,0.1880,0.0000,0.0000,-0.0324,-0.0127,-0.0079,0.0200,3.1384,-6.245,1.041,0.1880,1656.85,602125,0.00237469,0.1880,0.0000,-6.130,1.168,3.1384,-0.0079,0.0200
295.58,66.560,0.1880,0.0000,0.0000,-0.0324,-0.0127,-0.0079,0.0200,3.1384,-6.249,1.041,0.1880,1657.07,603546,0.00209788,0.1880,0.0000,-6.135,1.168,3.1384,-0.0079,0.0200
295.68,66.580,0.1880,0.0000,0.0000,-0.0324,-0.0127,-0.0079,0.0200,3.1384,-6.254,1.041,0.1880,1657.07,603546,0.00209788,0.1880,0.0000,-6.135,1.168,3.1384,-0.0079,0.0200
295.78,66.620,0.1880,0.0000,0.0000,-0.0324,-0.0127,-0.0079,0.0200,3.1384,-6.258,1.041,0.1880,1657.29,604969,0.00237469,0.1880,0.0000,-6.141,1.168,3.1384,-0.0079,0.0200
295.88,66.640,0.1880,0.0000,0.0000,-0.0324,-0.0127,-0.0079,0.0200,3.1384,-6.262,1.041,0.1880,1657.58,606871,0.00237469,0.1880,0.0000,-6.148,1.168,3.1384,-0.0079,0.0200
295.98,66.660,0.1880,0.0000,0.0000,-0.0324,-0.0127,-0.0079,0.0200,3.1384,-6.267,1.042,0.1880,1657.8,608301,0.00209788,0.1880,0.0000,-6.154,1.168,3.1384,-0.0079,0.0200
296.08,66.680,0.1880,0.0000,0.0000,-0.0324,-0.0127,-0.0079,0.0200,3.1384,-6.271,1.042,0.1880,1657.8,608301,0.00209788,0.1880,0.0000,-6.154,1.168,3.1384,-0.0079,0.0200
296.18,66.700,0.1880,0.0000,0.0000,-0.0324,-0.0127,-0.0079,0.0200,3.1384,-6.276,1.042,0.1880,1658.01,609733,0.00237469,0.1880,0.0000,-6.160,1.168,3.1384,-0.0079,0.0200
296.28,66.720,0.1880,0.0000,0.0000,-0.0324,-0.0127,-0.0079,0.0200,3.1384,-6.280,1.042,0.1880,1658.3,611647,0.00237469,0.1880,0.0000,-6.167,1.168,3.1384,-0.0079,0.0200
296.38,66.760,0.1880,0.0000,0.0000,-0.0324,-0.0127,-0.0079,0.0200,3.1384,-6.284,1.042,0.1880,1658.3,611647,0.00237469,0.1880,0.0000,-6.167,1.168,3.1384,-0.0079,0.0200
296.48,66.780,0.1880,0.0000,0.0000,-0.0324,-0.0127,-0.0079,0.0200,3.1384,-6.289,1.042,0.1880,1658.52,613085,0.00209788,0.1880,0.0000,-6.173,1.168,3.1384,-0.0079,0.0200
296.58,66.800,0.1880,0.0000,0.0000,-0.0324,-0.0127,-0.0079,0.0200,3.1384,-6.293,1.042,0.1880,1658.74,614526,0.00237469,0.1880,0.0000,-6.179,1.168,3.1384,-0.0079,0.0200
296.68,66.820,0.1880,0.0000,0.0000,-0.0324,-0.0127,-0.0079,0.0200,3.1384,-6.298,1.042,0.1880,1658.74,614526,0.00237469,0.1880,0.0000,-6.179,1.168,3.1384,-0.0079,0.0200
296.78,66.840,0.1880,0.0000,0.0000,-0.0324,-0.0127,-0.0079,0.0200,3.1384,-6.302,1.042,0.1880,1659.03,616452,0.00237469,0.1880,0.0000,-6.186,1.168,3.1384,-0.0079,0.0200
296.88,66.880,0.1880,0.0000,0.0000,-0.0324,-0.0127,-0.0079,0.0200,3.1384,-6.306,1.042,0.1880,1659.25,617899,0.00209788,0.1880,0.0000,-6.192,1.168,3.1384,-0.0079,0.0200
296.98,66.900,0.1880,0.0000,0.0000,-0.0324,-0.0127,-0.0079,0.0200,3.1384,-6.311,1.042,0.1880,1659.47,619349,0.00237469,0.1880,0.0000,-6.197,1.168,3.1384,-0.0079,0.0200
297.08,66.920,0.1880,0.0000,0.0000,-0.0324,-0.0127,-0.0079,0.0200,3.1384,-6.315,1.042,0.1880,1659.47,619349,0.00237469,0.1880,0.0000,-6.197,1.168,3.1384,-0.0079,0.0200
297.18,66.940,0.1880,0.0000,0.0000,-0.0324,-0.0127,-0.0079,0.0200,3.1384,-6.320,1.042,0.1880,1659.76,621287,0.00237469,0.1880,0.0000,-6.205,1.168,3.1384,-0.0079,0.0200
297.28,66.960,0.1880,0.0000,0.0000,-0.0324,-0.0127,-0.0079,0.0200,3.1384,-6.324,1.042,0.1880,1659.98,622743,0.00209788,0.1880,0.0000,-6.211,1.168,3.1384,-0.0079,0.0200
297.38,66.980,0.1880,0.0000,0.0000,-0.0324,-0.0127,-0.0079,0.0200,3.1384,-6.329,1.042,0.1880,1659.98,622743,0.00209788,0.1880,0.0000,-6.211,1.168,3.1384,-0.0079,0.0200
297.48,67.000,0.1880,0.0000,0.0000,-0.0324,-0.0127,-0.0079,0.0200,3.1384,-6.333,1.042,0.1880,1660.2,624202,0.00237469,0.1880,0.0000,-6.216,1.168,3.1384,-0.0079,0.0200
297.58,67.040,0.1880,0.0000,0.0000,-0.0324,-0.0127,-0.0079,0.0200,3.1384,-6.337,1.042,0.1880,1660.49,626151,0.00237469,0.1880,0.0000,-6.224,1.168,3.1384,-0.0079,0.0200
297.68,67.060,0.1880,0.0000,0.0000,-0.0324,-0.0127,-0.0079,0.0200,3.1384,-6.342,1.042,0.1880,1660.71,627616,0.00209788,0.1880,0.0000,-6.229,1.168,3.1384,-0.0079,0.0200
297.78,67.080,0.1880,0.0000,0.0000,-0.0324,-0.0127,-0.0079,0.0200,3.1384,-6.346,1.042,0.1880,1660.71,627616,0.00209788,0.1880,0.0000,-6.229,1.168,3.1384,-0.0079,0.0200
297.88,67.100,0.1880,0.0000,0.0000,-0.0324,-0.0127,-0.0079,0.0200,3.1384,-6.350,1.042,0.1880,1660.93,629084,0.00237469,0.1880,0.0000,-6.235,1.168,3.1384,-0.0079,0.0200
297.98,67.120,0.1880,0.0000,0.0000,-0.0324,-0.0127,-0.0079,0.0200,3.1384,-6.355,1.042,0.1880,1661.22,631045,0.00237469,0.1880,0.0000,-6.242,1.168,3.1384,-0.0079,0.0200
298.08,67.160,0.1880,0.0000,0.0000,-0.0324,-0.0127,-0.0079,0.0200,3.1384,-6.359,1.042,0.1880,1661.22,631045,0.00237469,0.1880,0.0000,-6.242,1.168,3.1384,-0.0079,0.0200
298.18,67.180,0.1880,0.0000,0.0000,-0.0324,-0.0127,-0.0079,0.0200,3.1384,-6.364,1.042,0.1880,1661.44,632519,0.00209788,0.1880,0.0000,-6.248,1.168,3.1384,-0.0079,0.0200
298.28,67.200,0.1880,0.0000,0.0000,-0.0324,-0.0127,-0.0079,0.0200,3.1384,-6.368,1.042,0.1880,1661.66,633996,0.00237469,0.1880,0.0000,-6.254,1.168,3.1384,-0.0079,0.0200
298.38,67.220,0.1880,0.0000,0.0000,-0.0324,-0.0127,-0.0079,0.0200,3.1384,-6.372,1.042,0.1880,1661.66,633996,0.00237469,0.1880,0.0000,-6.254,1.168,3.1384,-0.0079,0.0200
298.48,67.240,0.1880,0.0000,0.0000,-0.0324,-0.0127,-0.0079,0.0200,3.1384,-6.377,1.042,0.1880,1661.95,635969,0.00237469,0.1880,0.0000,-6.261,1.168,3.1384,-0.0079,0.0200
298.58,67.260,0.1880,0.0000,0.0000,-0.0324,-0.0128,-0.0079,0.0200,3.1384,-6.381,1.042,0.1880,1662.17,637453,0.00209788,0.1880,0.0000,-6.267,1.168,3.1384,-0.0079,0.0200
298.68,67.280,0.1880,0.0000,0.0000,-0.0324,-0.0128,-0.0079,0.0200,3.1384,-6.385,1.042,0.1880,1662.39,638938,0.00237469,0.1898,0.0019,-6.273,1.168,3.1384,-0.0079,0.0200
298.78,67.320,0.1898,0.0019,0.0013,-0.0153,-0.0016,-0.0079,0.0199,3.1385,-6.390,1.042,0.1896,1662.39,638938,0.00237469,0.1898,0.0019,-6.273,1.168,3.1384,-0.0079,0.0199
298.88,67.340,0.1898,0.0019,0.0013,0.0113,-0.0322,-0.0079,0.0200,3.1385,-6.394,1.042,0.1899,1662.68,640924,0.00237469,0.1898,0.0019,-6.280,1.168,3.1385,-0.0079,0.0199
298.98,67.360,0.1898,0.0019,0.0014,-0.0324,-0.0125,-0.0079,0.0200,3.1385,-6.399,1.042,0.1898,1662.9,642416,0.00209788,0.1898,0.0019,-6.286,1.168,3.1385,-0.0079,0.0200
299.08,67.380,0.1898,0.0019,0.0014,-0.0324,-0.0125,-0.0079,0.0200,3.1386,-6.404,1.042,0.1898,1662.9,642416,0.00209788,0.1898,0.0019,-6.286,1.168,3.1385,-0.0079,0.0200
299.18,67.400,0.1898,0.0019,0.0013,-0.0324,-0.0125,-0.0079,0.0200,3.1386,-6.408,1.042,0.1898,1663.11,643911,0.00237469,0.1898,0.0018,-6.291,1.168,3.1385,-0.0079,0.0200
299.28,67.440,0.1898,0.0018,0.0013,-0.0324,-0.0125,-0.0079,0.0200,3.1386,-6.412,1.042,0.1898,1663.39,645908,0.00237469,0.1898,0.0018,-6.299,1.168,3.1386,-0.0079,0.0200
299.38,67.460,0.1898,0.0018,0.0013,-0.0324,-0.0125,-0.0079,0.0200,3.1386,-6.417,1.042,0.1898,1663.39,645908,0.00237469,0.1898,0.0018,-6.299,1.168,3.1386,-0.0079,0.0200
299.48,67.480,0.1898,0.0018,0.0013,-0.0324,-0.0125,-0.0079,0.0200,3.1387,-6.421,1.042,0.1898,1663.6,647410,0.00209788,0.1898,0.0018,-6.305,1.168,3.1386,-0.0079,0.0200
299.58,67.500,0.1898,0.0018,0.0012,-0.0324,-0.0125,-0.0079,0.0200,3.1387,-6.426,1.042,0.1898,1663.81,648914,0.00237469,0.1898,0.0016,-6.310,1.168,3.1387,-0.0079,0.0200
299.68,67.520,0.1898,0.0016,0.0012,-0.0324,-0.0125,-0.0079,0.0200,3.1387,-6.430,1.042,0.1898,1664.08,650923,0.00237469,0.1898,0.0016,-6.318,1.168,3.1387,-0.0079,0.0200
299.78,67.540,0.1898,0.0016,0.0012,-0.0324,-0.0125,-0.0079,0.0200,3.1388,-6.435,1.042,0.1898,1664.08,650923,0.00237469,0.1898,0.0016,-6.318,1.168,3.1387,-0.0079,0.0200
299.88,67.580,0.1898,0.0016,0.0012,-0.0324,-0.0125,-0.0079,0.0200,3.1388,-6.439,1.042,0.1898,1664.28,652434,0.00209788,0.1898,0.0016,-6.324,1.168,3.1388,-0.0079,0.0200
299.98,67.600,0.1898,0.0016,0.0012,-0.0324,-0.0125,-0.0079,0.0200,3.1388,-6.443,1.042,0.1898,1664.47,653947,0.00237469,0.1898,0.0015,-6.329,1.168,3.1388,-0.0079,0.0200
300.08,67.620,0.1898,0.0015,0.0011,-0.0324,-0.0125,-0.0079,0.0200,3.1388,-6.448,1.042,0.1898,1664.47,653947,0.00237469,0.1898,0.0015,-6.329,1.168,3.1388,-0.0079,0.0200
300.18,67.640,0.1898,0.0015,0.0011,-0.0324,-0.0125,-0.0079,0.0200,3.1389,-6.452,1.042,0.1898,1664.73,655969,0.00237469,0.1898,0.0015,-6.337,1.168,3.1388,-0.0079,0.0200
300.28,67.660,0.1898,0.0015,0.0011,-0.0324,-0.0125,-0.0079,0.0200,3.1389,-6.457,1.042,0.1898,1664.92,657488,0.00209788,0.1898,0.0015,-6.343,1.168,3.1389,-0.0079,0.0200
300.38,67.680,0.1898,0.0015,0.0011,-0.0324,-0.0125,-0.0079,0.0200,3.1389,-6.461,1.042,0.1898,1664.92,657488,0.00209788,0.1898,0.0015,-6.343,1.168,3.1389,-0.0079,0.0200
300.48,67.720,0.1898,0.0013,0.0010,-0.0324,-0.0125,-0.0079,0.0200,3.1389,-6.465,1.042,0.1898,1665.11,659011,0.00237469,0.1898,0.0013,-6.348,1.168,3.1389,-0.0079,0.0200
300.58,67.740,0.1898,0.0013,0.0010,-0.0324,-0.0125,-0.0079,0.0200,3.1390,-6.470,1.042,0.1898,1665.36,661045,0.00237469,0.1898,0.0013,-6.356,1.168,3.1390,-0.0079,0.0200
300.68,67.760,0.1898,0.0013,0.0010,-0.0324,-0.0125,-0.0079,0.0200,3.1390,-6.474,1.042,0.1898,1665.55,662574,0.00209788,0.1898,0.0013,-6.362,1.169,3.1390,-0.0079,0.0200
300.78,67.780,0.1898,0.0013,0.0010,-0.0324,-0.0125,-0.0079,0.0200,3.1390,-6.479,1.042,0.1898,1665.55,662574,0.00209788,0.1898,0.0013,-6.362,1.169,3.1390,-0.0079,0.0200
300.88,67.800,0.1898,0.0013,0.0009,-0.0323,-0.0126,-0.0079,0.0200,3.1390,-6.483,1.042,0.1899,1665.73,664106,0.00237469,0.1899,0.0012,-6.367,1.169,3.1390,-0.0079,0.0200
300.98,67.820,0.1899,0.0012,0.0009,-0.0323,-0.0126,-0.0079,0.0200,3.1390,-6.487,1.042,0.1899,1665.97,666152,0.00237469,0.1899,0.0012,-6.375,1.169,3.1390,-0.0079,0.0200
301.08,67.840,0.1899,0.0012,0.0009,-0.0323,-0.0126,-0.0079,0.0200,3.1391,-6.492,1.042,0.1899,1665.97,666152,0.00237469,0.1899,0.0012,-6.375,1.169,3.1390,-0.0079,0.0200
301.18,67.880,0.1899,0.0012,0.0009,-0.0318,-0.0125,-0.0078,0.0200,3.1391,-6.496,1.042,0.1899,1666.15,667690,0.00209788,0.1899,0.0012,-6.381,1.169,3.1391,-0.0078,0.0200
301.28,67.900,0.1899,0.0012,0.0009,-0.0323,-0.0127,-0.0078,0.0200,3.1391,-6.501,1.042,0.1899,1666.33,669231,0.00237469,0.1899,0.0010,-6.386,1.169,3.1391,-0.0078,0.0200
301.38,67.920,0.1899,0.0010,0.0008,-0.0323,-0.0127,-0.0078,0.0200,3.1391,-6.505,1.042,0.1899,1666.33,669231,0.00237469,0.1899,0.0010,-6.386,1.169,3.1391,-0.0078,0.0200
301.48,67.940,0.1899,0.0010,0.0008,-0.0324,-0.0126,-0.0078,0.0200,3.1392,-6.509,1.042,0.1899,1666.56,671290,0.00237469,0.1899,0.0010,-6.394,1.169,3.1391,-0.0078,0.0200
301.58,67.960,0.1899,0.0010,0.0008,-0.0324,-0.0126,-0.0078,0.0200,3.1392,-6.514,1.042,0.1899,1666.73,672837,0.00209788,0.1899,0.0010,-6.400,1.169,3.1392,-0.0078,0.0200
301.68,68.000,0.1899,0.0010,0.0008,-0.0324,-0.0126,-0.0078,0.0200,3.1392,-6.518,1.042,0.1899,1666.9,674388,0.00237469,0.1899,0.0009,-6.405,1.169,3.1392,-0.0078,0.0200
301.78,68.020,0.1899,0.0009,0.0007,-0.0324,-0.0126,-0.0078,0.0200,3.1392,-6.523,1.042,0.1899,1666.9,674388,0.00237469,0.1899,0.0009,-6.405,1.169,3.1392,-0.0078,0.0200
301.88,68.040,0.1899,0.0009,0.0007,-0.0324,-0.0126,-0.0078,0.0200,3.1392,-6.527,1.042,0.1899,1667.13,676459,0.00237469,0.1899,0.0009,-6.413,1.169,3.1392,-0.0078,0.0200
301.98,68.060,0.1899,0.0009,0.0007,-0.0324,-0.0126,-0.0078,0.0200,3.1392,-6.532,1.042,0.1899,1667.3,678016,0.00209788,0.1899,0.0009,-6.419,1.169,3.1392,-0.0078,0.0200
302.08,68.080,0.1899,0.0009,0.0007,-0.0324,-0.0126,-0.0078,0.0200,3.1393,-6.536,1.042,0.1899,1667.3,678016,0.00209788,0.1899,0.0009,-6.419,1.169,3.1392,-0.0078,0.0200
302.18,68.100,0.1899,0.0009,0.0007,-0.0324,-0.0126,-0.0078,0.0200,3.1393,-6.540,1.042,0.1899,1667.46,679575,0.00237469,0.1899,0.0008,-6.424,1.169,3.1393,-0.0078,0.0200
302.28,68.120,0.1899,0.0008,0.0007,-0.0324,-0.0126,-0.0078,0.0200,3.1393,-6.545,1.042,0.1899,1667.68,681659,0.00237469,0.1899,0.0008,-6.432,1.169,3.1393,-0.0078,0.0200
302.38,68.160,0.1899,0.0008,0.0007,-0.0324,-0.0126,-0.0078,0.0200,3.1393,-6.549,1.042,0.1899,1667.68,681659,0.00237469,0.1899,0.0008,-6.432,1.169,3.1393,-0.0078,0.0200
302.48,68.180,0.1899,0.0008,0.0007,-0.0324,-0.0126,-0.0078,0.0200,3.1393,-6.554,1.042,0.1899,1667.85,683225,0.00209788,0.1899,0.0008,-6.438,1.169,3.1393,-0.0078,0.0200
302.58,68.200,0.1899,0.0008,0.0007,-0.0324,-0.0126,-0.0078,0.0200,3.1393,-6.558,1.042,0.1899,1668.01,684794,0.00237469,0.1899,0.0007,-6.443,1.169,3.1393,-0.0078,0.0200
302.68,68.220,0.1899,0.0007,0.0006,-0.0324,-0.0126,-0.0078,0.0200,3.1394,-6.562,1.042,0.1899,1668.01,684794,0.00237469,0.1899,0.0007,-6.443,1.169,3.1393,-0.0078,0.0200
302.78,68.240,0.1899,0.0007,0.0006,-0.0324,-0.0126,-0.0078,0.0200,3.1394,-6.567,1.042,0.1899,1668.22,686891,0.00237469,0.1899,0.0007,-6.451,1.169,3.1393,-0.0078,0.0200
302.88,68.260,0.1899,0.0007,0.0006,-0.0324,-0.0126,-0.0078,0.0200,3.1394,-6.571,1.042,0.1899,1668.38,688466,0.00209788,0.1899,0.0007,-6.457,1.169,3.1394,-0.0078,0.0200
302.98,68.300,0.1899,0.0007,0.0006,-0.0324,-0.0126,-0.0078,0.0200,3.1394,-6.576,1.042,0.1899,1668.54,690045,0.00237469,0.1899,0.0006,-6.462,1.169,3.1394,-0.0078,0.0200
303.08,68.320,0.1899,0.0006,0.0005,-0.0324,-0.0126,-0.0078,0.0200,3.1394,-6.580,1.042,0.1899,1668.54,690045,0.00237469,0.1899,0.0006,-6.462,1.169,3.1394,-0.0078,0.0200
303.18,68.340,0.1899,0.0006,0.0005,-0.0324,-0.0126,-0.0078,0.0200,3.1394,-6.585,1.042,0.1899,1668.75,692154,0.00237469,0.1899,0.0006,-6.470,1.169,3.1394,-0.0078,0.0200
303.28,68.360,0.1899,0.0006,0.0005,-0.0324,-0.0126,-0.0078,0.0200,3.1394,-6.589,1.043,0.1899,1668.9,693739,0.00209788,0.1899,0.0006,-6.476,1.169,3.1394,-0.0078,0.0200
303.38,68.380,0.1899,0.0006,0.0005,-0.0324,-0.0126,-0.0078,0.0200,3.1394,-6.594,1.043,0.1899,1668.9,693739,0.00209788,0.1899,0.0006,-6.476,1.169,3.1394,-0.0078,0.0200
303.48,68.400,0.1899,0.0006,0.0005,-0.0324,-0.0126,-0.0078,0.0200,3.1395,-6.598,1.043,0.1899,1669.06,695327,0.00237469,0.1899,0.0006,-6.481,1.169,3.1394,-0.0078,0.0200
303.58,68.440,0.1899,0.0006,0.0005,-0.0324,-0.0126,-0.0078,0.0200,3.1395,-6.602,1.043,0.1899,1669.26,697449,0.00237469,0.1899,0.0006,-6.489,1.169,3.1395,-0.0078,0.0200
303.68,68.460,0.1899,0.0006,0.0005,-0.0324,-0.0126,-0.0078,0.0200,3.1395,-6.607,1.043,0.1899,1669.26,697449,0.00237469,0.1899,0.0006,-6.489,1.169,3.1395,-0.0078,0.0200
303.78,68.480,0.1899,0.0006,0.0005,-0.0324,-0.0126,-0.0078,0.0200,3.1395,-6.611,1.043,0.1899,1669.42,699043,0.00209788,0.1899,0.0006,-6.495,1.169,3.1395,-0.0078,0.0200
303.88,68.500,0.1899,0.0006,0.0004,-0.0324,-0.0126,-0.0078,0.0200,3.1395,-6.615,1.043,0.1899,1669.57,700641,0.00237469,0.1899,0.0005,-6.500,1.169,3.1395,-0.0078,0.0200
303.98,68.520,0.1899,0.0005,0.0004,-0.0324,-0.0126,-0.0078,0.0200,3.1395,-6.620,1.043,0.1899,1669.77,702775,0.00237469,0.1899,0.0005,-6.508,1.169,3.1395,-0.0078,0.0200
304.08,68.540,0.1899,0.0005,0.0004,-0.0324,-0.0126,-0.0078,0.0200,3.1395,-6.624,1.043,0.1899,1669.77,702775,0.00237469,0.1899,0.0005,-6.508,1.169,3.1395,-0.0078,0.0200
304.18,68.580,0.1899,0.0005,0.0004,-0.0324,-0.0126,-0.0078,0.0200,3.1395,-6.629,1.043,0.1899,1669.92,704379,0.00209788,0.1899,0.0005,-6.514,1.169,3.1395,-0.0078,0.0200
304.28,68.600,0.1899,0.0005,0.0004,-0.0324,-0.0126,-0.0078,0.0200,3.1395,-6.633,1.043,0.1899,1670.07,705986,0.00237469,0.1899,0.0004,-6.519,1.169,3.1395,-0.0078,0.0200
304.38,68.620,0.1899,0.0004,0.0004,-0.0324,-0.0126,-0.0078,0.0200,3.1395,-6.637,1.043,0.1899,1670.07,705986,0.00237469,0.1899,0.0004,-6.519,1.169,3.1395,-0.0078,0.0200
304.48,68.640,0.1899,0.0004,0.0004,-0.0324,-0.0126,-0.0078,0.0200,3.1395,-6.642,1.043,0.1899,1670.26,708134,0.00237469,0.1899,0.0004,-6.527,1.169,3.1395,-0.0078,0.0200
304.58,68.660,0.1899,0.0004,0.0004,-0.0324,-0.0126,-0.0078,0.0200,3.1396,-6.646,1.043,0.1899,1670.41,709747,0.00209788,0.1899,0.0004,-6.533,1.169,3.1395,-0.0078,0.0200
304.68,68.680,0.1899,0.0004,0.0004,-0.0324,-0.0126,-0.0078,0.0200,3.1396,-6.650,1.043,0.1899,1670.41,709747,0.00209788,0.1899,0.0004,-6.533,1.169,3.1395,-0.0078,0.0200
304.78,68.700,0.1899,0.0004,0.0003,-0.0324,-0.0126,-0.0078,0.0200,3.1396,-6.655,1.043,0.1899,1670.56,711364,0.00237469,0.1900,0.0004,-6.538,1.169,3.1396,-0.0078,0.0200
304.88,68.740,0.1900,0.0004,0.0002,-0.1034,0.0256,-0.0078,0.0200,3.1396,-6.659,1.043,0.1899,1670.75,713524,0.00237469,0.1900,0.0004,-6.546,1.169,3.1396,-0.0078,0.0200
304.98,68.760,0.1900,0.0004,0.0002,-0.0324,-0.0127,-0.0078,0.0200,3.1396,-6.664,1.043,0.1899,1670.75,713524,0.00237469,0.1900,0.0004,-6.546,1.169,3.1396,-0.0078,0.0200
305.08,68.780,0.1900,0.0004,0.0002,-0.0325,-0.0127,-0.0078,0.0200,3.1396,-6.668,1.043,0.1899,1670.9,715147,0.00209788,0.1900,0.0004,-6.552,1.169,3.1396,-0.0078,0.0200
305.18,68.800,0.1900,0.0004,0.0002,-0.0325,-0.0126,-0.0078,0.0201,3.1396,-6.672,1.043,0.1899,1671.04,716774,0.00237469,0.1900,0.0003,-6.557,1.169,3.1396,-0.0078,0.0201
305.28,68.820,0.1900,0.0003,0.0003,-0.0324,-0.0129,-0.0078,0.0200,3.1396,-6.677,1.043,0.1899,1671.23,718947,0.00237469,0.1900,0.0003,-6.565,1.169,3.1396,-0.0078,0.0200
305.38,68.840,0.1900,0.0003,0.0003,-0.0324,-0.0129,-0.0078,0.0200,3.1396,-6.681,1.043,0.1899,1671.23,718947,0.00237469,0.1900,0.0003,-6.565,1.169,3.1396,-0.0078,0.0200
305.48,68.880,0.1900,0.0003,0.0003,-0.0324,-0.0128,-0.0078,0.0200,3.1396,-6.686,1.043,0.1899,1671.38,720580,0.00209788,0.1900,0.0003,-6.571,1.169,3.1396,-0.0078,0.0200
305.58,68.900,0.1900,0.0003,0.0003,-0.0324,-0.0128,-0.0078,0.0200,3.1396,-6.690,1.043,0.1899,1671.52,722216,0.00237469,0.1900,0.0003,-6.576,1.169,3.1396,-0.0078,0.0200
305.68,68.920,0.1900,0.0003,0.0003,-0.0324,-0.0128,-0.0078,0.0200,3.1396,-6.694,1.043,0.1899,1671.52,722216,0.00237469,0.1900,0.0003,-6.576,1.169,3.1396,-0.0078,0.0200
305.78,68.940,0.1900,0.0003,0.0003,-0.0324,-0.0127,-0.0078,0.0200,3.1396,-6.699,1.043,0.1899,1671.71,724402,0.00237469,0.1900,0.0003,-6.584,1.169,3.1396,-0.0078,0.0200
305.88,68.960,0.1900,0.0003,0.0003,-0.0324,-0.0127,-0.0078,0.0200,3.1396,-6.703,1.043,0.1899,1671.85,726045,0.00209788,0.1900,0.0003,-6.590,1.169,3.1396,-0.0078,0.0200
305.98,68.980,0.1900,0.0003,0.0003,-0.0324,-0.0127,-0.0078,0.0200,3.1396,-6.708,1.043,0.1899,1671.85,726045,0.00209788,0.1900,0.0003,-6.590,1.169,3.1396,-0.0078,0.0200
306.08,69.000,0.1900,0.0003,0.0003,-0.0324,-0.0127,-0.0078,0.0200,3.1396,-6.712,1.043,0.1899,1672,727690,0.00237469,0.1900,0.0003,-6.595,1.169,3.1396,-0.0078,0.0200
306.18,69.040,0.1900,0.0003,0.0003,-0.0324,-0.0127,-0.0078,0.0200,3.1397,-6.716,1.043,0.1899,1672.18,729889,0.00237469,0.1900,0.0003,-6.603,1.169,3.1396,-0.0078,0.0200
306.28,69.060,0.1900,0.0003,0.0003,-0.0324,-0.0127,-0.0078,0.0200,3.1397,-6.721,1.043,0.1899,1672.18,729889,0.00237469,0.1900,0.0003,-6.603,1.169,3.1396,-0.0078,0.0200
306.38,69.080,0.1900,0.0003,0.0003,-0.0324,-0.0127,-0.0078,0.0200,3.1397,-6.725,1.043,0.1899,1672.33,731542,0.00209788,0.1900,0.0003,-6.609,1.169,3.1397,-0.0078,0.0200
306.48,69.100,0.1900,0.0003,0.0003,-0.0324,-0.0127,-0.0078,0.0200,3.1397,-6.729,1.043,0.1899,1672.47,733197,0.00237469,0.1900,0.0002,-6.614,1.169,3.1397,-0.0078,0.0200
306.58,69.120,0.1900,0.0002,0.0002,-0.0324,-0.0127,-0.0078,0.0200,3.1397,-6.733,1.043,0.1899,1672.47,733197,0.00237469,0.1900,0.0002,-6.614,1.169,3.1397,-0.0078,0.0200
306.68,69.140,0.1900,0.0002,0.0002,-0.0324,-0.0127,-0.0078,0.0200,3.1397,-6.738,1.043,0.1899,1672.65,735409,0.00237469,0.1900,0.0002,-6.622,1.169,3.1397,-0.0078,0.0200
306.78,69.160,0.1900,0.0002,0.0002,-0.0324,-0.0127,-0.0078,0.0200,3.1397,-6.742,1.043,0.1899,1672.79,737072,0.00209788,0.1900,0.0002,-6.628,1.169,3.1397,-0.0078,0.0200
306.88,69.200,0.1900,0.0002,0.0002,-0.0324,-0.0127,-0.0078,0.0200,3.1397,-6.747,1.043,0.1899,1672.93,738737,0.00237469,0.1900,0.0002,-6.633,1.169,3.1397,-0.0078,0.0200
306.98,69.220,0.1900,0.0002,0.0002,-0.0324,-0.0127,-0.0078,0.0200,3.1397,-6.750,1.043,0.1899,1672.93,738737,0.00237469,0.1900,0.0002,-6.633,1.169,3.1397,-0.0078,0.0200
307.08,69.240,0.1900,0.0002,0.0001,-0.0324,-0.0127,-0.0078,0.0200,3.1397,-6.755,1.043,0.1899,1673.11,740962,0.00237469,0.1900,0.0002,-6.641,1.169,3.1397,-0.0078,0.0200
307.18,69.260,0.1900,0.0002,0.0001,-0.0324,-0.0127,-0.0078,0.0200,3.1397,-6.759,1.043,0.1899,1673.25,742635,0.00209788,0.1900,0.0002,-6.647,1.169,3.1397,-0.0078,0.0200
307.28,69.280,0.1900,0.0002,0.0001,-0.0324,-0.0127,-0.0078,0.0200,3.1397,-6.764,1.043,0.1899,1673.25,742635,0.00209788,0.1900,0.0002,-6.647,1.169,3.1397,-0.0078,0.0200
307.38,69.300,0.1900,0.0002,0.0001,-0.0324,-0.0127,-0.0078,0.0200,3.1397,-6.768,1.043,0.1899,1673.39,744310,0.00237469,0.1900,0.0002,-6.652,1.169,3.1397,-0.0078,0.0200
307.48,69.320,0.1900,0.0002,0.0001,-0.0324,-0.0127,-0.0078,0.0200,3.1397,-6.772,1.043,0.1899,1673.57,746548,0.00237469,0.1900,0.0002,-6.660,1.169,3.1397,-0.0078,0.0200
307.58,69.360,0.1900,0.0002,0.0001,-0.0324,-0.0127,-0.0078,0.0200,3.1397,-6.777,1.043,0.1899,1673.57,746548,0.00237469,0.1900,0.0002,-6.660,1.169,3.1397,-0.0078,0.0200
307.68,69.380,0.1900,0.0002,0.0001,-0.0324,-0.0127,-0.0078,0.0200,3.1397,-6.781,1.043,0.1899,1673.71,748230,0.00209788,0.1900,0.0002,-6.666,1.169,3.1397,-0.0078,0.0200
307.78,69.400,0.1900,0.0002,0.0001,-0.0324,-0.0127,-0.0078,0.0200,3.1397,-6.785,1.043,0.1899,1673.85,749915,0.00237469,0.1900,0.0002,-6.671,1.169,3.1397,-0.0078,0.0200
307.88,69.420,0.1900,0.0002,0.0001,-0.0324,-0.0127,-0.0078,0.0200,3.1397,-6.790,1.043,0.1899,1673.85,749915,0.00237469,0.1900,0.0002,-6.671,1.169,3.1397,-0.0078,0.0200
307.98,69.440,0.1900,0.0002,0.0001,-0.0324,-0.0127,-0.0078,0.0200,3.1397,-6.794,1.043,0.1899,1674.03,752167,0.00237469,0.1900,0.0002,-6.679,1.169,3.1397,-0.0078,0.0200
308.08,69.460,0.1900,0.0002,0.0001,-0.0324,-0.0127,-0.0078,0.0200,3.1397,-6.799,1.043,0.1899,1674.17,753859,0.00209788,0.1900,0.0002,-6.685,1.169,3.1397,-0.0078,0.0200
308.18,69.500,0.1900,0.0002,0.0001,-0.0324,-0.0127,-0.0078,0.0200,3.1397,-6.803,1.043,0.1899,1674.31,755554,0.00237469,0.1900,0.0002,-6.690,1.169,3.1397,-0.0078,0.0200
308.28,69.500,0.1900,0.0002,0.0001,-0.0324,-0.0127,-0.0078,0.0200,3.1397,-6.807,1.043,0.1899,1674.31,755554,0.00237469,0.1900,0.0002,-6.690,1.169,3.1397,-0.0078,0.0200
308.38,69.540,0.1900,0.0002,0.0001,-0.0324,-0.0127,-0.0078,0.0200,3.1397,-6.811,1.043,0.1899,1674.49,757819,0.00237469,0.1900,0.0002,-6.698,1.169,3.1397,-0.0078,0.0200
308.48,69.560,0.1900,0.0002,0.0001,-0.0324,-0.0127,-0.0078,0.0200,3.1397,-6.816,1.043,0.1899,1674.49,757819,0.00237469,0.1900,0.0002,-6.698,1.169,3.1397,-0.0078,0.0200
308.58,69.580,0.1900,0.0002,0.0001,-0.0324,-0.0127,-0.0078,0.0200,3.1397,-6.820,1.043,0.1899,1674.63,759521,0.00209788,0.1900,0.0002,-6.704,1.169,3.1397,-0.0078,0.0200
308.68,69.600,0.1900,0.0002,0.0001,-0.0324,-0.0127,-0.0078,0.0200,3.1397,-6.824,1.043,0.1899,1674.76,761226,0.00237469,0.1900,0.0001,-6.709,1.169,3.1397,-0.0078,0.0200
308.78,69.620,0.1900,0.0001,0.0001,-0.0324,-0.0127,-0.0078,0.0200,3.1397,-6.829,1.043,0.1899,1674.76,761226,0.00237469,0.1900,0.0001,-6.709,1.169,3.1397,-0.0078,0.0200
308.88,69.640,0.1900,0.0001,0.0001,-0.0324,-0.0127,-0.0078,0.0200,3.1397,-6.833,1.043,0.1899,1674.94,763504,0.00237469,0.1900,0.0001,-6.717,1.169,3.1397,-0.0078,0.0200
308.98,69.660,0.1900,0.0001,0.0001,-0.0324,-0.0127,-0.0078,0.0200,3.1397,-6.837,1.043,0.1899,1675.08,765217,0.00209788,0.1900,0.0001,-6.723,1.169,3.1397,-0.0078,0.0200
309.08,69.700,0.1900,0.0001,0.0001,-0.0324,-0.0127,-0.0078,0.0200,3.1397,-6.841,1.043,0.1899,1675.22,766932,0.00237469,0.1900,0.0001,-6.728,1.169,3.1397,-0.0078,0.0200
309.18,69.720,0.1900,0.0001,0.0001,-0.0324,-0.0127,-0.0078,0.0200,3.1397,-6.846,1.043,0.1899,1675.22,766932,0.00237469,0.1900,0.0001,-6.728,1.169,3.1397,-0.0078,0.0200
309.28,69.740,0.1900,0.0001,0.0001,-0.0324,-0.0127,-0.0078,0.0200,3.1398,-6.850,1.043,0.1899,1675.4,769223,0.00237469,0.1900,0.0001,-6.736,1.169,3.1397,-0.0078,0.0200
309.38,69.760,0.1900,0.0001,0.0001,-0.0324,-0.0127,-0.0078,0.0200,3.1398,-6.855,1.043,0.1899,1675.53,770946,0.00209788,0.1900,0.0001,-6.742,1.169,3.1398,-0.0078,0.0200
309.48,69.780,0.1900,0.0001,0.0001,-0.0324,-0.0127,-0.0078,0.0200,3.1398,-6.859,1.043,0.1899,1675.53,770946,0.00209788,0.1900,0.0001,-6.742,1.169,3.1398,-0.0078,0.0200
309.58,69.800,0.1900,0.0001,0.0001,-0.0324,-0.0127,-0.0078,0.0200,3.1398,-6.863,1.043,0.1899,1675.67,772671,0.00237469,0.1900,0.0001,-6.747,1.169,3.1398,-0.0078,0.0200
309.68,69.820,0.1900,0.0001,0.0001,-0.0324,-0.0127,-0.0078,0.0200,3.1398,-6.867,1.043,0.1899,1675.85,774976,0.00237469,0.1900,0.0001,-6.755,1.169,3.1398,-0.0078,0.0200
309.78,69.860,0.1900,0.0001,0.0001,-0.0324,-0.0127,-0.0078,0.0200,3.1398,-6.872,1.043,0.1899,1675.85,774976,0.00237469,0.1900,0.0001,-6.755,1.169,3.1398,-0.0078,0.0200
309.88,69.880,0.1900,0.0001,0.0001,-0.0324,-0.0127,-0.0078,0.0200,3.1398,-6.876,1.043,0.1899,1675.98,776708,0.00209788,0.1900,0.0001,-6.761,1.169,3.1398,-0.0078,0.0200
309.98,69.900,0.1900,0.0001,0.0001,-0.0324,-0.0127,-0.0078,0.0200,3.1398,-6.880,1.043,0.1899,1676.12,778444,0.00237469,0.1900,0.0001,-6.766,1.169,3.1398,-0.0078,0.0200
310.08,69.920,0.1900,0.0001,0.0001,-0.0324,-0.0127,-0.0078,0.0200,3.1398,-6.885,1.043,0.1900,1676.12,778444,0.00237469,0.1900,0.0001,-6.766,1.169,3.1398,-0.0078,0.0200
310.18,69.940,0.1900,0.0001,0.0001,-0.0324,-0.0127,-0.0078,0.0200,3.1398,-6.889,1.043,0.1900,1676.3,780762,0.00237469,0.1900,0.0001,-6.774,1.169,3.1398,-0.0078,0.0200
310.28,69.960,0.1900,0.0001,0.0001,-0.0324,-0.0127,-0.0078,0.0200,3.1398,-6.894,1.043,0.1900,1676.43,782505,0.00209788,0.1900,0.0001,-6.780,1.169,3.1398,-0.0078,0.0200
310.38,69.980,0.1900,0.0001,0.0001,-0.0324,-0.0127,-0.0078,0.0200,3.1398,-6.898,1.043,0.1900,1676.57,784250,0.00237469,0.1900,0.0001,-6.785,1.169,3.1398,-0.0078,0.0200
310.48,70.020,0.1900,0.0001,0.0001,-0.0324,-0.0127,-0.0078,0.0200,3.1398,-6.902,1.043,0.1900,1676.57,784250,0.00237469,0.1900,0.0001,-6.785,1.169,3.1398,-0.0078,0.0200
310.58,70.040,0.1900,0.0001,0.0001,-0.0324,-0.0127,-0.0078,0.0200,3.1398,-6.906,1.043,0.1900,1676.74,786583,0.00237469,0.1900,0.0001,-6.793,1.169,3.1398,-0.0078,0.0200
310.68,70.060,0.1900,0.0001,0.0001,-0.0324,-0.0127,-0.0078,0.0200,3.1398,-6.911,1.043,0.1900,1676.74,786583,0.00237469,0.1900,0.0001,-6.793,1.169,3.1398,-0.0078,0.0200
310.78,70.080,0.1900,0.0001,0.0001,-0.0324,-0.0127,-0.0078,0.0200,3.1398,-6.915,1.043,0.1900,1676.88,788335,0.00209788,0.1900,0.0001,-6.799,1.169,3.1398,-0.0078,0.0200
310.88,70.100,0.1900,0.0001,0.0001,-0.0324,-0.0127,-0.0078,0.0200,3.1398,-6.918,1.043,0.1900,1677.01,790091,0.00237469,0.1900,0.0001,-6.804,1.169,3.1398,-0.0078,0.0200
310.98,70.120,0.1900,0.0001,0.0001,-0.0324,-0.0127,-0.0078,0.0200,3.1398,-6.923,1.043,0.1900,1677.01,790091,0.00237469,0.1900,0.0001,-6.804,1.169,3.1398,-0.0078,0.0200
311.08,70.140,0.1900,0.0001,0.0001,-0.0324,-0.0127,-0.0078,0.0200,3.1398,-6.927,1.043,0.1900,1677.19,792437,0.00237469,0.1900,0.0001,-6.812,1.169,3.1398,-0.0078,0.0200
311.18,70.160,0.1900,0.0001,0.0001,-0.0324,-0.0127,-0.0078,0.0200,3.1398,-6.931,1.043,0.1900,1677.33,794200,0.00209788,0.1900,0.0001,-6.818,1.169,3.1398,-0.0078,0.0200
311.28,70.180,0.1900,0.0001,0.0001,-0.0324,-0.0127,-0.0078,0.0200,3.1398,-6.935,1.043,0.1900,1677.33,794200,0.00209788,0.1900,0.0001,-6.818,1.169,3.1398,-0.0078,0.0200
311.38,70.200,0.1900,0.0001,0.0001,-0.0324,-0.0127,-0.0078,0.0200,3.1398,-6.939,1.043,0.1900,1677.46,795966,0.00237469,0.1900,0.0001,-6.823,1.169,3.1398,-0.0078,0.0200
311.48,70.220,0.1900,0.0001,0.0001,-0.0324,-0.0127,-0.0078,0.0200,3.1398,-6.944,1.043,0.1900,1677.64,798326,0.00237469,0.1900,0.0001,-6.831,1.169,3.1398,-0.0078,0.0200
311.58,70.260,0.1900,0.0001,0.0000,-0.0324,-0.0127,-0.0078,0.0200,3.1398,-6.948,1.043,0.1900,1677.64,798326,0.00237469,0.1900,0.0001,-6.831,1.169,3.1398,-0.0078,0.0200
311.68,70.280,0.1900,0.0001,0.0000,-0.0324,-0.0127,-0.0078,0.0200,3.1398,-6.952,1.043,0.1900,1677.77,800099,0.00209788,0.1900,0.0001,-6.837,1.169,3.1398,-0.0078,0.0200
311.78,70.300,0.1900,0.0001,0.0000,-0.0324,-0.0127,-0.0078,0.0200,3.1398,-6.957,1.043,0.1900,1677.91,801875,0.00237469,0.1900,0.0001,-6.842,1.169,3.1398,-0.0078,0.0200
311.88,70.320,0.1900,0.0001,0.0000,-0.0324,-0.0127,-0.0078,0.0200,3.1398,-6.961,1.043,0.1900,1677.91,801875,0.00237469,0.1900,0.0001,-6.842,1.169,3.1398,-0.0078,0.0200
311.98,70.340,0.1900,0.0001,0.0000,-0.0324,-0.0127,-0.0078,0.0200,3.1398,-6.966,1.043,0.1900,1678.08,804248,0.00237469,0.1900,0.0001,-6.850,1.169,3.1398,-0.0078,0.0200
312.08,70.360,0.1900,0.0001,0.0000,-0.0324,-0.0127,-0.0078,0.0200,3.1398,-6.970,1.043,0.1900,1678.22,806032,0.00209788,0.1900,0.0001,-6.856,1.170,3.1398,-0.0078,0.0200
312.18,70.380,0.1900,0.0001,0.0000,-0.0324,-0.0127,-0.0078,0.0200,3.1398,-6.974,1.043,0.1900,1678.35,807819,0.00237469,0.1900,0.0001,-6.861,1.170,3.1398,-0.0078,0.0200
312.28,70.400,0.1900,0.0001,0.0000,-0.0324,-0.0127,-0.0078,0.0200,3.1398,-6.978,1.043,0.1900,1678.35,807819,0.00237469,0.1900,0.0001,-6.861,1.170,3.1398,-0.0078,0.0200
312.38,70.440,0.1900,0.0001,0.0000,-0.0324,-0.0127,-0.0078,0.0200,3.1398,-6.982,1.043,0.1900,1678.53,810206,0.00237469,0.1900,0.0001,-6.869,1.170,3.1398,-0.0078,0.0200
312.48,70.460,0.1900,0.0001,0.0000,-0.0324,-0.0127,-0.0078,0.0200,3.1398,-6.987,1.043,0.1900,1678.53,810206,0.00237469,0.1900,0.0001,-6.869,1.170,3.1398,-0.0078,0.0200
312.58,70.480,0.1900,0.0001,0.0000,-0.0324,-0.0127,-0.0078,0.0200,3.1398,-6.991,1.043,0.1900,1678.66,812000,0.00209788,0.1900,0.0001,-6.875,1.170,3.1398,-0.0078,0.0200
312.68,70.500,0.1900,0.0001,0.0000,-0.0324,-0.0127,-0.0078,0.0200,3.1398,-6.996,1.043,0.1900,1678.8,813797,0.00237469,0.1900,0.0001,-6.880,1.170,3.1398,-0.0078,0.0200
312.78,70.520,0.1900,0.0001,0.0000,-0.0324,-0.0127,-0.0078,0.0200,3.1398,-7.000,1.043,0.1900,1678.98,816198,0.00237469,0.1900,0.0001,-6.888,1.170,3.1398,-0.0078,0.0200
312.88,70.540,0.1900,0.0001,0.0000,-0.0324,-0.0127,-0.0078,0.0200,3.1398,-7.004,1.043,0.1900,1678.98,816198,0.00237469,0.1900,0.0001,-6.888,1.170,3.1398,-0.0078,0.0200
312.98,70.580,0.1900,0.0001,0.0000,-0.0324,-0.0127,-0.0078,0.0200,3.1398,-7.009,1.043,0.1900,1679.11,818003,0.00209788,0.1900,0.0001,-6.894,1.170,3.1398,-0.0078,0.0200
313.08,70.600,0.1900,0.0001,0.0000,-0.0324,-0.0127,-0.0078,0.0200,3.1398,-7.013,1.043,0.1900,1679.24,819810,0.00237469,0.1900,0.0000,-6.899,1.170,3.1398,-0.0078,0.0200
313.18,70.620,0.1900,0.0000,0.0000,-0.0324,-0.0127,-0.0078,0.0200,3.1398,-7.017,1.043,0.1900,1679.24,819810,0.00237469,0.1900,0.0000,-6.899,1.170,3.1398,-0.0078,0.0200
313.28,70.640,0.1900,0.0000,0.0000,-0.0324,-0.0127,-0.0078,0.0200,3.1398,-7.022,1.043,0.1900,1679.42,822225,0.00237469,0.1900,0.0000,-6.907,1.170,3.1398,-0.0078,0.0200
313.38,70.660,0.1900,0.0000,0.0000,-0.0324,-0.0127,-0.0078,0.0200,3.1398,-7.026,1.043,0.1900,1679.56,824040,0.00209788,0.1900,0.0000,-6.913,1.170,3.1398,-0.0078,0.0200
313.48,70.680,0.1900,0.0000,0.0000,-0.0324,-0.0127,-0.0078,0.0200,3.1398,-7.031,1.043,0.1900,1679.56,824040,0.00209788,0.1900,0.0000,-6.913,1.170,3.1398,-0.0078,0.0200
313.58,70.720,0.1900,0.0000,0.0000,-0.0324,-0.0127,-0.0078,0.0200,3.1398,-7.035,1.043,0.1900,1679.69,825858,0.00237469,0.1900,0.0000,-6.918,1.170,3.1398,-0.0078,0.0200
313.68,70.740,0.1900,0.0000,0.0000,-0.0324,-0.0127,-0.0078,0.0200,3.1398,-7.040,1.043,0.1900,1679.87,828287,0.00237469,0.1900,0.0000,-6.926,1.170,3.1398,-0.0078,0.0200
313.78,70.760,0.1900,0.0000,0.0000,-0.0324,-0.0127,-0.0078,0.0200,3.1398,-7.044,1.043,0.1900,1680,830112,0.00209788,0.1900,0.0000,-6.932,1.170,3.1398,-0.0078,0.0200
313.88,70.780,0.1900,0.0000,0.0000,-0.0324,-0.0127,-0.0078,0.0200,3.1398,-7.049,1.043,0.1900,1680,830112,0.00209788,0.1900,0.0000,-6.932,1.170,3.1398,-0.0078,0.0200
313.98,70.800,0.1900,0.0000,0.0000,-0.0324,-0.0127,-0.0078,0.0200,3.1398,-7.053,1.043,0.1900,1680.14,831941,0.00237469,0.1900,0.0000,-6.937,1.170,3.1398,-0.0078,0.0200
314.08,70.820,0.1900,0.0000,0.0000,-0.0324,-0.0127,-0.0078,0.0200,3.1398,-7.057,1.043,0.1900,1680.31,834384,0.00237469,0.1900,0.0000,-6.945,1.170,3.1398,-0.0078,0.0200
314.18,70.860,0.1900,0.0000,0.0000,-0.0324,-0.0127,-0.0078,0.0200,3.1398,-7.062,1.043,0.1900,1680.31,834384,0.00237469,0.1900,0.0000,-6.945,1.170,3.1398,-0.0078,0.0200
314.28,70.880,0.1900,0.0000,0.0000,-0.0324,-0.0127,-0.0078,0.0200,3.1398,-7.066,1.043,0.1900,1680.45,836220,0.00209788,0.1900,0.0000,-6.951,1.170,3.1398,-0.0078,0.0200
314.38,70.900,0.1900,0.0000,0.0000,-0.0324,-0.0127,-0.0078,0.0200,3.1398,-7.071,1.043,0.1900,1680.58,838059,0.00237469,0.1900,0.0000,-6.956,1.170,3.1398,-0.0078,0.0200
314.48,70.920,0.1900,0.0000,0.0000,-0.0324,-0.0127,-0.0078,0.0200,3.1398,-7.075,1.043,0.1900,1680.58,838059,0.00237469,0.1900,0.0000,-6.956,1.170,3.1398,-0.0078,0.0200
314.58,70.940,0.1900,0.0000,0.0000,-0.0324,-0.0127,-0.0078,0.0200,3.1398,-7.080,1.043,0.1900,1680.76,840516,0.00237469,0.1900,0.0000,-6.964,1.170,3.1398,-0.0078,0.0200
314.68,70.960,0.1900,0.0000,0.0000,-0.0324,-0.0127,-0.0078,0.0200,3.1398,-7.084,1.043,0.1900,1680.89,842363,0.00209788,0.1900,0.0000,-6.970,1.170,3.1398,-0.0078,0.0200
314.78,71.000,0.1900,0.0000,0.0000,-0.0324,-0.0127,-0.0078,0.0200,3.1398,-7.089,1.043,0.1900,1681.03,844213,0.00237469,0.1900,0.0000,-6.975,1.170,3.1398,-0.0078,0.0200
314.88,71.020,0.1900,0.0000,0.0000,-0.0324,-0.0127,-0.0078,0.0200,3.1398,-7.093,1.043,0.1900,1681.03,844213,0.00237469,0.1900,0.0000,-6.975,1.170,3.1398,-0.0078,0.0200
314.98,71.040,0.1900,0.0000,0.0000,-0.0324,-0.0127,-0.0078,0.0200,3.1398,-7.098,1.043,0.1900,1681.21,846684,0.00237469,0.1900,0.0000,-6.983,1.170,3.1398,-0.0078,0.0200
315.08,71.060,0.1900,0.0000,0.0000,-0.0324,-0.0127,-0.0078,0.0200,3.1398,-7.102,1.043,0.1900,1681.34,848541,0.00209788,0.1900,0.0000,-6.989,1.170,3.1398,-0.0078,0.0200
315.18,71.080,0.1900,0.0000,0.0000,-0.0324,-0.0127,-0.0078,0.0200,3.1398,-7.106,1.043,0.1900,1681.34,848541,0.00209788,0.1900,0.0000,-6.989,1.170,3.1398,-0.0078,0.0200
315.28,71.100,0.1900,0.0000,0.0000,-0.0324,-0.0127,-0.0078,0.0200,3.1398,-7.110,1.044,0.1900,1681.47,850402,0.00237469,0.1900,0.0000,-6.994,1.170,3.1398,-0.0078,0.0200
315.38,71.140,0.1900,0.0000,0.0000,-0.0324,-0.0127,-0.0078,0.0200,3.1398,-7.115,1.044,0.1900,1681.65,852887,0.00237469,0.1900,0.0000,-7.002,1.170,3.1398,-0.0078,0.0200
315.48,71.160,0.1900,0.0000,0.0000,-0.0324,-0.0127,-0.0078,0.0200,3.1398,-7.119,1.044,0.1900,1681.65,852887,0.00237469,0.1900,0.0000,-7.002,1.170,3.1398,-0.0078,0.0200
315.58,71.180,0.1900,0.0000,0.0000,-0.0324,-0.0127,-0.0078,0.0200,3.1398,-7.124,1.044,0.1900,1681.79,854755,0.00209788,0.1900,0.0000,-7.008,1.170,3.1398,-0.0078,0.0200
315.68,71.200,0.1900,0.0000,0.0000,-0.0324,-0.0127,-0.0078,0.0200,3.1398,-7.128,1.044,0.1900,1681.92,856627,0.00237469,0.1900,0.0000,-7.013,1.170,3.1398,-0.0078,0.0200
315.78,71.220,0.1900,0.0000,0.0000,-0.0324,-0.0127,-0.0078,0.0200,3.1398,-7.133,1.044,0.1900,1682.1,859126,0.00237469,0.1900,0.0000,-7.021,1.170,3.1398,-0.0078,0.0200
315.88,71.240,0.1900,0.0000,0.0000,-0.0324,-0.0127,-0.0078,0.0200,3.1398,-7.137,1.044,0.1900,1682.1,859126,0.00237469,0.1900,0.0000,-7.021,1.170,3.1398,-0.0078,0.0200
315.98,71.280,0.1900,0.0000,0.0000,-0.0324,-0.0127,-0.0078,0.0200,3.1398,-7.142,1.044,0.1900,1682.23,861005,0.00209788,0.1900,0.0000,-7.027,1.170,3.1398,-0.0078,0.0200
316.08,71.300,0.1900,0.0000,0.0000,-0.0324,-0.0127,-0.0078,0.0200,3.1398,-7.146,1.044,0.1900,1682.37,862887,0.00237469,0.1900,0.0000,-7.032,1.170,3.1398,-0.0078,0.0200
316.18,71.320,0.1900,0.0000,0.0000,-0.0324,-0.0127,-0.0078,0.0200,3.1398,-7.150,1.044,0.1900,1682.37,862887,0.00237469,0.1900,0.0000,-7.032,1.170,3.1398,-0.0078,0.0200
316.28,71.340,0.1900,0.0000,0.0000,-0.0324,-0.0127,-0.0078,0.0200,3.1398,-7.155,1.044,0.1900,1682.55,865401,0.00237469,0.1900,0.0000,-7.040,1.170,3.1398,-0.0078,0.0200
316.38,71.360,0.1900,0.0000,0.0000,-0.0324,-0.0127,-0.0078,0.0200,3.1398,-7.159,1.044,0.1900,1682.68,867291,0.00209788,0.1900,0.0000,-7.046,1.170,3.1398,-0.0078,0.0200
316.48,71.380,0.1900,0.0000,0.0000,-0.0324,-0.0127,-0.0078,0.0200,3.1398,-7.164,1.044,0.1900,1682.68,867291,0.00209788,0.1900,0.0000,-7.046,1.170,3.1398,-0.0078,0.0200
316.58,71.400,0.1900,0.0000,0.0009,-0.0323,-0.0127,-0.0078,0.0200,3.1398,-7.168,1.044,0.1879,1682.82,869184,0.00237469,0.1879,0.0011,-7.051,1.170,3.1398,-0.0078,0.0200
316.68,71.440,0.1879,0.0011,0.0009,-0.0323,-0.0127,-0.0078,0.0200,3.1399,-7.172,1.044,0.1879,1682.99,871712,0.00237469,0.1879,0.0011,-7.059,1.170,3.1398,-0.0078,0.0200
316.78,71.460,0.1879,0.0011,0.0009,-0.0323,-0.0127,-0.0078,0.0200,3.1399,-7.177,1.044,0.1879,1683.13,873613,0.00209788,0.1879,0.0011,-7.064,1.170,3.1399,-0.0078,0.0200
316.88,71.480,0.1879,0.0011,0.0009,-0.0323,-0.0127,-0.0078,0.0200,3.1399,-7.181,1.044,0.1879,1683.13,873613,0.00209788,0.1879,0.0011,-7.064,1.170,3.1399,-0.0078,0.0200
316.98,71.500,0.1879,0.0011,0.0008,-0.0323,-0.0127,-0.0078,0.0200,3.1399,-7.186,1.044,0.1879,1683.26,875516,0.00237469,0.1879,0.0010,-7.070,1.170,3.1399,-0.0078,0.0200
317.08,71.520,0.1879,0.0010,0.0008,-0.0324,-0.0125,-0.0078,0.0200,3.1399,-7.190,1.044,0.1879,1683.43,878059,0.00237469,0.1879,0.0010,-7.078,1.170,3.1399,-0.0078,0.0200
317.18,71.540,0.1879,0.0010,0.0008,-0.0324,-0.0125,-0.0078,0.0200,3.1400,-7.194,1.044,0.1879,1683.43,878059,0.00237469,0.1879,0.0010,-7.078,1.170,3.1399,-0.0078,0.0200
317.28,71.560,0.1879,0.0010,0.0008,-0.0324,-0.0125,-0.0078,0.0200,3.1400,-7.198,1.044,0.1879,1683.55,879971,0.00209788,0.1879,0.0010,-7.083,1.170,3.1400,-0.0078,0.0200
317.38,71.600,0.1879,0.0010,0.0008,-0.0324,-0.0125,-0.0078,0.0200,3.1400,-7.202,1.044,0.1879,1683.68,881885,0.00237469,0.1879,0.0009,-7.089,1.170,3.1400,-0.0078,0.0200
317.48,71.620,0.1879,0.0009,0.0007,-0.0324,-0.0125,-0.0078,0.0200,3.1400,-7.206,1.044,0.1879,1683.68,881885,0.00237469,0.1879,0.0009,-7.089,1.170,3.1400,-0.0078,0.0200
317.58,71.640,0.1879,0.0009,0.0007,-0.0324,-0.0125,-0.0078,0.0200,3.1400,-7.211,1.044,0.1879,1683.84,884443,0.00237469,0.1879,0.0009,-7.096,1.170,3.1400,-0.0078,0.0200
317.68,71.660,0.1879,0.0009,0.0007,-0.0324,-0.0125,-0.0078,0.0200,3.1400,-7.215,1.044,0.1879,1683.96,886365,0.00209788,0.1879,0.0009,-7.102,1.170,3.1400,-0.0078,0.0200
317.78,71.680,0.1879,0.0009,0.0007,-0.0324,-0.0125,-0.0078,0.0200,3.1401,-7.220,1.044,0.1879,1683.96,886365,0.00209788,0.1879,0.0009,-7.102,1.170,3.1400,-0.0078,0.0200
317.88,71.700,0.1879,0.0009,0.0006,-0.0324,-0.0126,-0.0078,0.0200,3.1401,-7.224,1.044,0.1879,1684.08,888290,0.00237469,0.1879,0.0008,-7.108,1.170,3.1401,-0.0078,0.0200
317.98,71.740,0.1879,0.0008,0.0006,-0.0324,-0.0126,-0.0078,0.0200,3.1401,-7.229,1.044,0.1879,1684.23,890863,0.00237469,0.1879,0.0008,-7.115,1.170,3.1401,-0.0078,0.0200
318.08,71.760,0.1879,0.0008,0.0006,-0.0324,-0.0126,-0.0078,0.0200,3.1401,-7.233,1.044,0.1879,1684.35,892796,0.00209788,0.1879,0.0008,-7.121,1.170,3.1401,-0.0078,0.0200
318.18,71.780,0.1879,0.0008,0.0006,-0.0324,-0.0126,-0.0078,0.0200,3.1401,-7.237,1.044,0.1879,1684.35,892796,0.00209788,0.1879,0.0008,-7.121,1.170,3.1401,-0.0078,0.0200
318.28,71.800,0.1879,0.0008,0.0006,-0.0323,-0.0127,-0.0078,0.0200,3.1401,-7.241,1.044,0.1879,1684.46,894732,0.00237469,0.1879,0.0007,-7.126,1.170,3.1401,-0.0078,0.0200
318.38,71.820,0.1879,0.0007,0.0006,-0.0323,-0.0127,-0.0078,0.0200,3.1401,-7.246,1.044,0.1879,1684.61,897319,0.00237469,0.1879,0.0007,-7.134,1.170,3.1401,-0.0078,0.0200
318.48,71.840,0.1879,0.0007,0.0006,-0.0323,-0.0127,-0.0078,0.0200,3.1402,-7.250,1.044,0.1879,1684.61,897319,0.00237469,0.1879,0.0007,-7.134,1.170,3.1401,-0.0078,0.0200
318.58,71.880,0.1879,0.0007,0.0006,-0.0323,-0.0127,-0.0078,0.0200,3.1402,-7.255,1.044,0.1879,1684.72,899263,0.00209788,0.1879,0.0007,-7.140,1.170,3.1402,-0.0078,0.0200
318.68,71.900,0.1879,0.0007,0.0006,-0.0323,-0.0127,-0.0078,0.0200,3.1402,-7.259,1.044,0.1879,1684.83,901211,0.00237469,0.1879,0.0006,-7.145,1.170,3.1402,-0.0078,0.0200
318.78,71.920,0.1879,0.0006,0.0006,-0.0323,-0.0127,-0.0078,0.0200,3.1402,-7.263,1.044,0.1879,1684.83,901211,0.00237469,0.1879,0.0006,-7.145,1.170,3.1402,-0.0078,0.0200
318.88,71.940,0.1879,0.0006,0.0006,-0.0323,-0.0127,-0.0078,0.0200,3.1402,-7.268,1.044,0.1879,1684.98,903813,0.00237469,0.1879,0.0006,-7.153,1.170,3.1402,-0.0078,0.0200
318.98,71.960,0.1879,0.0006,0.0006,-0.0323,-0.0127,-0.0078,0.0200,3.1402,-7.272,1.044,0.1879,1685.08,905768,0.00209788,0.1879,0.0006,-7.158,1.170,3.1402,-0.0078,0.0200
319.08,71.980,0.1879,0.0006,0.0006,-0.0323,-0.0127,-0.0078,0.0200,3.1402,-7.277,1.044,0.1879,1685.08,905768,0.00209788,0.1879,0.0006,-7.158,1.170,3.1402,-0.0078,0.0200
319.18,72.020,0.1879,0.0005,0.0005,-0.0324,-0.0127,-0.0078,0.0200,3.1403,-7.281,1.044,0.1879,1685.19,907726,0.00237469,0.1879,0.0005,-7.164,1.170,3.1402,-0.0078,0.0200
319.28,72.040,0.1879,0.0005,0.0005,-0.0324,-0.0127,-0.0078,0.0200,3.1403,-7.285,1.044,0.1879,1685.33,910343,0.00237469,0.1879,0.0005,-7.172,1.170,3.1403,-0.0078,0.0200
319.38,72.060,0.1879,0.0005,0.0005,-0.0324,-0.0127,-0.0078,0.0200,3.1403,-7.290,1.044,0.1879,1685.43,912309,0.00209788,0.1879,0.0005,-7.177,1.170,3.1403,-0.0078,0.0200
319.48,72.080,0.1879,0.0005,0.0005,-0.0324,-0.0127,-0.0078,0.0200,3.1403,-7.294,1.044,0.1879,1685.43,912309,0.00209788,0.1879,0.0005,-7.177,1.170,3.1403,-0.0078,0.0200
319.58,72.100,0.1879,0.0005,0.0004,-0.0324,-0.0127,-0.0078,0.0200,3.1403,-7.298,1.044,0.1879,1685.53,914279,0.00237469,0.1879,0.0005,-7.183,1.170,3.1403,-0.0078,0.0200
319.68,72.120,0.1879,0.0005,0.0004,-0.0324,-0.0127,-0.0078,0.0200,3.1403,-7.303,1.044,0.1879,1685.66,916910,0.00237469,0.1879,0.0005,-7.190,1.170,3.1403,-0.0078,0.0200
319.78,72.160,0.1879,0.0005,0.0004,-0.0324,-0.0127,-0.0078,0.0200,3.1403,-7.307,1.044,0.1879,1685.66,916910,0.00237469,0.1879,0.0005,-7.190,1.170,3.1403,-0.0078,0.0200
319.88,72.180,0.1879,0.0005,0.0004,-0.0324,-0.0127,-0.0078,0.0200,3.1403,-7.312,1.044,0.1879,1685.76,918888,0.00209788,0.1879,0.0005,-7.196,1.170,3.1403,-0.0078,0.0200
322.53,72.780,0.1880,0.0002,0.0002,-0.0324,-0.0126,-0.0078,0.0200,3.1405,-7.427,1.044,0.1879,1687.61,959148,0.00209788,0.1880,0.0002,-7.309,1.170,3.1405,-0.0078,0.0200
322.63,72.800,0.1880,0.0002,0.0001,-0.0324,-0.0126,-0.0078,0.0200,3.1405,-7.431,1.044,0.1879,1687.7,961197,0.00237469,0.1880,0.0002,-7.314,1.170,3.1405,-0.0078,0.0200
322.73,72.840,0.1880,0.0002,0.0001,-0.0324,-0.0126,-0.0078,0.0200,3.1405,-7.435,1.044,0.1879,1687.82,963935,0.00237469,0.1880,0.0002,-7.322,1.170,3.1405,-0.0078,0.0200
322.83,72.860,0.1880,0.0002,0.0001,-0.0324,-0.0126,-0.0078,0.0200,3.1405,-7.439,1.044,0.1879,1687.82,963935,0.00237469,0.1880,0.0002,-7.322,1.170,3.1405,-0.0078,0.0200
322.93,72.880,0.1880,0.0002,0.0001,-0.0324,-0.0126,-0.0078,0.0200,3.1405,-7.443,1.044,0.1879,1687.9,965992,0.00209788,0.1880,0.0002,-7.328,1.170,3.1405,-0.0078,0.0200
323.03,72.900,0.1880,0.0002,0.0001,-0.0324,-0.0126,-0.0078,0.0200,3.1405,-7.447,1.044,0.1879,1687.99,968052,0.00237469,0.1880,0.0002,-7.333,1.170,3.1405,-0.0078,0.0200
323.13,72.920,0.1880,0.0002,0.0001,-0.0324,-0.0126,-0.0078,0.0200,3.1405,-7.450,1.044,0.1879,1687.99,968052,0.00237469,0.1880,0.0002,-7.333,1.170,3.1405,-0.0078,0.0200
323.23,72.940,0.1880,0.0002,0.0001,-0.0324,-0.0126,-0.0078,0.0200,3.1405,-7.454,1.044,0.1879,1688.11,970805,0.00237469,0.1880,0.0002,-7.341,1.170,3.1405,-0.0078,0.0200
323.33,72.960,0.1880,0.0002,0.0001,-0.0324,-0.0126,-0.0078,0.0200,3.1405,-7.458,1.044,0.1879,1688.11,970805,0.00237469,0.1880,0.0002,-7.341,1.170,3.1405,-0.0078,0.0200
323.43,72.980,0.1880,0.0002,0.0001,-0.0324,-0.0126,-0.0078,0.0200,3.1405,-7.462,1.044,0.1879,1688.19,972873,0.00209788,0.1880,0.0002,-7.346,1.170,3.1405,-0.0078,0.0200
323.53,73.000,0.1880,0.0002,0.0001,-0.0324,-0.0126,-0.0078,0.0200,3.1405,-7.465,1.044,0.1879,1688.28,974945,0.00237469,0.1880,0.0001,-7.352,1.170,3.1405,-0.0078,0.0200
323.63,73.020,0.1880,0.0001,0.0001,-0.0324,-0.0126,-0.0078,0.0200,3.1405,-7.469,1.044,0.1879,1688.28,974945,0.00237469,0.1880,0.0001,-7.352,1.170,3.1405,-0.0078,0.0200
323.73,73.040,0.1880,0.0001,0.0001,-0.0324,-0.0126,-0.0078,0.0200,3.1405,-7.473,1.044,0.1879,1688.39,977713,0.00237469,0.1880,0.0001,-7.360,1.170,3.1405,-0.0078,0.0200
323.83,73.060,0.1880,0.0001,0.0001,-0.0324,-0.0126,-0.0078,0.0200,3.1405,-7.477,1.044,0.1879,1688.39,977713,0.00237469,0.1880,0.0001,-7.360,1.170,3.1405,-0.0078,0.0200
323.93,73.080,0.1880,0.0001,0.0001,-0.0324,-0.0126,-0.0078,0.0200,3.1405,-7.481,1.044,0.1879,1688.48,979793,0.00209788,0.1880,0.0001,-7.365,1.170,3.1405,-0.0078,0.0200
324.03,73.100,0.1880,0.0001,0.0001,-0.0324,-0.0126,-0.0078,0.0200,3.1405,-7.484,1.044,0.1879,1688.56,981877,0.00237469,0.1880,0.0001,-7.371,1.170,3.1405,-0.0078,0.0200
324.13,73.120,0.1880,0.0001,0.0001,-0.0324,-0.0126,-0.0078,0.0200,3.1405,-7.488,1.044,0.1879,1688.56,981877,0.00237469,0.1880,0.0001,-7.371,1.170,3.1405,-0.0078,0.0200
324.23,73.140,0.1880,0.0001,0.0001,-0.0324,-0.0126,-0.0078,0.0200,3.1405,-7.493,1.044,0.1879,1688.68,984660,0.00237469,0.1880,0.0001,-7.378,1.170,3.1405,-0.0078,0.0200
324.33,73.160,0.1880,0.0001,0.0001,-0.0324,-0.0126,-0.0078,0.0200,3.1405,-7.497,1.044,0.1879,1688.76,986752,0.00209788,0.1880,0.0001,-7.384,1.170,3.1405,-0.0078,0.0200
324.43,73.180,0.1880,0.0001,0.0001,-0.0324,-0.0126,-0.0078,0.0200,3.1405,-7.502,1.044,0.1879,1688.76,986752,0.00209788,0.1880,0.0001,-7.384,1.170,3.1405,-0.0078,0.0200
324.53,73.200,0.1880,0.0001,0.0001,-0.0324,-0.0127,-0.0078,0.0200,3.1405,-7.506,1.044,0.1880,1688.85,988847,0.00237469,0.1880,0.0001,-7.390,1.170,3.1405,-0.0078,0.0200
324.63,73.240,0.1880,0.0001,0.0001,-0.0324,-0.0127,-0.0078,0.0200,3.1405,-7.510,1.044,0.1880,1688.96,991646,0.00237469,0.1880,0.0001,-7.397,1.170,3.1405,-0.0078,0.0200
324.73,73.260,0.1880,0.0001,0.0001,-0.0324,-0.0127,-0.0078,0.0200,3.1405,-7.515,1.044,0.1879,1688.96,991646,0.00237469,0.1880,0.0001,-7.397,1.170,3.1405,-0.0078,0.0200
324.83,73.280,0.1880,0.0001,0.0001,-0.0324,-0.0127,-0.0078,0.0200,3.1405,-7.519,1.044,0.1879,1689.04,993749,0.00209788,0.1880,0.0001,-7.403,1.170,3.1405,-0.0078,0.0200
324.93,73.300,0.1880,0.0001,0.0001,-0.0324,-0.0127,-0.0078,0.0200,3.1405,-7.524,1.044,0.1880,1689.13,995856,0.00237469,0.1880,0.0001,-7.408,1.170,3.1405,-0.0078,0.0200
325.03,73.320,0.1880,0.0001,0.0001,-0.0324,-0.0127,-0.0078,0.0200,3.1405,-7.528,1.044,0.1880,1689.24,998671,0.00237469,0.1880,0.0001,-7.416,1.170,3.1405,-0.0078,0.0200
325.13,73.340,0.1880,0.0001,0.0001,-0.0324,-0.0127,-0.0078,0.0200,3.1405,-7.532,1.044,0.1880,1689.24,998671,0.00237469,0.1880,0.0001,-7.416,1.170,3.1405,-0.0078,0.0200
325.23,73.380,0.1880,0.0001,0.0001,-0.0324,-0.0127,-0.0078,0.0200,3.1405,-7.537,1.044,0.1880,1689.32,1.00079e+06,0.00209788,0.1880,0.0001,-7.422,1.170,3.1405,-0.0078,0.0200
325.33,73.400,0.1880,0.0001,0.0001,-0.0324,-0.0127,-0.0078,0.0200,3.1405,-7.541,1.044,0.1880,1689.41,1.0029e+06,0.00237469,0.1880,0.0001,-7.427,1.170,3.1405,-0.0078,0.0200
325.43,73.420,0.1880,0.0001,0.0001,-0.0324,-0.0127,-0.0078,0.0200,3.1405,-7.545,1.044,0.1880,1689.41,1.0029e+06,0.00237469,0.1880,0.0001,-7.427,1.170,3.1405,-0.0078,0.0200
325.53,73.440,0.1880,0.0001,0.0001,-0.0324,-0.0127,-0.0078,0.0200,3.1405,-7.550,1.044,0.1880,1689.52,1.00574e+06,0.00237469,0.1880,0.0001,-7.435,1.170,3.1405,-0.0078,0.0200
325.63,73.460,0.1880,0.0001,0.0001,-0.0324,-0.0127,-0.0078,0.0200,3.1405,-7.554,1.044,0.1880,1689.6,1.00786e+06,0.00209788,0.1880,0.0001,-7.440,1.170,3.1405,-0.0078,0.0200
325.73,73.480,0.1880,0.0001,0.0001,-0.0324,-0.0127,-0.0078,0.0200,3.1405,-7.559,1.044,0.1880,1689.6,1.00786e+06,0.00209788,0.1880,0.0001,-7.440,1.170,3.1405,-0.0078,0.0200
325.83,73.520,0.1880,0.0001,0.0001,-0.0324,-0.0127,-0.0078,0.0200,3.1406,-7.563,1.044,0.1880,1689.68,1.00999e+06,0.00237469,0.1880,0.0001,-7.446,1.170,3.1405,-0.0078,0.0200
325.93,73.540,0.1880,0.0001,0.0001,-0.0324,-0.0127,-0.0078,0.0200,3.1406,-7.567,1.044,0.1880,1689.79,1.01284e+06,0.00237469,0.1880,0.0001,-7.454,1.170,3.1406,-0.0078,0.0200
326.03,73.560,0.1880,0.0001,0.0001,-0.0324,-0.0127,-0.0078,0.0200,3.1406,-7.572,1.044,0.1880,1689.88,1.01498e+06,0.00209788,0.1880,0.0001,-7.459,1.170,3.1406,-0.0078,0.0200
326.13,73.580,0.1880,0.0001,0.0001,-0.0324,-0.0127,-0.0078,0.0200,3.1406,-7.576,1.044,0.1880,1689.88,1.01498e+06,0.00209788,0.1880,0.0001,-7.459,1.170,3.1406,-0.0078,0.0200
326.23,73.600,0.1880,0.0001,0.0001,-0.0324,-0.0127,-0.0078,0.0200,3.1406,-7.580,1.044,0.1880,1689.96,1.01712e+06,0.00237469,0.1880,0.0001,-7.465,1.170,3.1406,-0.0078,0.0200
326.33,73.620,0.1880,0.0001,0.0001,-0.0324,-0.0127,-0.0078,0.0200,3.1406,-7.585,1.044,0.1880,1690.07,1.01998e+06,0.00237469,0.1880,0.0001,-7.472,1.170,3.1406,-0.0078,0.0200
326.43,73.660,0.1880,0.0001,0.0001,-0.0324,-0.0127,-0.0078,0.0200,3.1406,-7.589,1.044,0.1880,1690.07,1.01998e+06,0.00237469,0.1880,0.0001,-7.472,1.170,3.1406,-0.0078,0.0200
326.53,73.680,0.1880,0.0001,0.0001,-0.0324,-0.0127,-0.0078,0.0200,3.1406,-7.593,1.044,0.1880,1690.15,1.02213e+06,0.00209788,0.1880,0.0001,-7.478,1.170,3.1406,-0.0078,0.0200
326.63,73.700,0.1880,0.0001,0.0001,-0.0324,-0.0127,-0.0078,0.0200,3.1406,-7.598,1.044,0.1880,1690.23,1.02429e+06,0.00237469,0.1880,0.0001,-7.484,1.170,3.1406,-0.0078,0.0200
326.73,73.720,0.1880,0.0001,0.0000,-0.0324,-0.0127,-0.0078,0.0200,3.1406,-7.602,1.044,0.1880,1690.23,1.02429e+06,0.00237469,0.1880,0.0001,-7.484,1.170,3.1406,-0.0078,0.0200
326.83,73.740,0.1880,0.0001,0.0000,-0.0324,-0.0127,-0.0078,0.0200,3.1406,-7.606,1.044,0.1880,1690.34,1.02716e+06,0.00237469,0.1880,0.0001,-7.491,1.170,3.1406,-0.0078,0.0200
326.93,73.760,0.1880,0.0001,0.0000,-0.0324,-0.0127,-0.0078,0.0200,3.1406,-7.611,1.044,0.1880,1690.43,1.02933e+06,0.00209788,0.1880,0.0001,-7.497,1.170,3.1406,-0.0078,0.0200
327.03,73.780,0.1880,0.0001,0.0000,-0.0324,-0.0127,-0.0078,0.0200,3.1406,-7.615,1.044,0.1880,1690.43,1.02933e+06,0.00209788,0.1880,0.0001,-7.497,1.170,3.1406,-0.0078,0.0200
327.13,73.820,0.1880,0.0001,0.0000,-0.0324,-0.0127,-0.0078,0.0200,3.1406,-7.619,1.044,0.1880,1690.51,1.03149e+06,0.00237469,0.1880,0.0001,-7.502,1.170,3.1406,-0.0078,0.0200
327.23,73.840,0.1880,0.0001,0.0000,-0.0324,-0.0127,-0.0078,0.0200,3.1406,-7.623,1.044,0.1880,1690.62,1.03439e+06,0.00237469,0.1880,0.0001,-7.510,1.170,3.1406,-0.0078,0.0200
327.33,73.860,0.1880,0.0001,0.0000,-0.0314,-0.0123,-0.0078,0.0200,3.1406,-7.628,1.044,0.1880,1690.7,1.03656e+06,0.00209788,0.1880,0.0001,-7.516,1.170,3.1406,-0.0078,0.0200
327.43,73.880,0.1880,0.0001,0.0000,-0.0324,-0.0127,-0.0078,0.0200,3.1406,-7.632,1.044,0.1880,1690.7,1.03656e+06,0.00209788,0.1880,0.0001,-7.516,1.170,3.1406,-0.0078,0.0200
327.53,73.900,0.1880,0.0001,0.0000,-0.0324,-0.0127,-0.0078,0.0200,3.1406,-7.636,1.044,0.1880,1690.78,1.03874e+06,0.00237469,0.1880,0.0001,-7.521,1.170,3.1406,-0.0078,0.0200
327.63,73.920,0.1880,0.0001,0.0000,-0.0324,-0.0127,-0.0078,0.0200,3.1406,-7.641,1.044,0.1880,1690.89,1.04165e+06,0.00237469,0.1880,0.0001,-7.529,1.170,3.1406,-0.0078,0.0200
327.73,73.960,0.1880,0.0001,0.0000,-0.0324,-0.0127,-0.0078,0.0200,3.1406,-7.645,1.044,0.1880,1690.89,1.04165e+06,0.00237469,0.1880,0.0001,-7.529,1.170,3.1406,-0.0078,0.0200
327.83,73.980,0.1880,0.0001,0.0000,-0.0324,-0.0127,-0.0078,0.0200,3.1406,-7.650,1.044,0.1880,1690.97,1.04384e+06,0.00209788,0.1880,0.0001,-7.534,1.170,3.1406,-0.0078,0.0200
327.93,74.000,0.1880,0.0001,0.0000,-0.0324,-0.0127,-0.0078,0.0200,3.1406,-7.654,1.044,0.1880,1691.06,1.04603e+06,0.00237469,0.1880,0.0000,-7.540,1.170,3.1406,-0.0078,0.0200
328.03,74.020,0.1880,0.0000,0.0000,-0.0324,-0.0127,-0.0078,0.0200,3.1406,-7.658,1.044,0.1880,1691.06,1.04603e+06,0.00237469,0.1880,0.0000,-7.540,1.170,3.1406,-0.0078,0.0200
328.13,74.040,0.1880,0.0000,0.0000,-0.0324,-0.0127,-0.0078,0.0200,3.1406,-7.663,1.044,0.1880,1691.17,1.04895e+06,0.00237469,0.1880,0.0000,-7.548,1.170,3.1406,-0.0078,0.0200
328.23,74.060,0.1880,0.0000,0.0000,-0.0324,-0.0127,-0.0078,0.0200,3.1406,-7.667,1.044,0.1880,1691.25,1.05115e+06,0.00209788,0.1880,0.0000,-7.553,1.170,3.1406,-0.0078,0.0200
328.33,74.080,0.1880,0.0000,0.0000,-0.0324,-0.0127,-0.0078,0.0200,3.1406,-7.671,1.044,0.1880,1691.25,1.05115e+06,0.00209788,0.1880,0.0000,-7.553,1.170,3.1406,-0.0078,0.0200
328.43,74.120,0.1880,0.0000,0.0000,-0.0324,-0.0127,-0.0078,0.0200,3.1406,-7.676,1.044,0.1880,1691.33,1.05335e+06,0.00237469,0.1880,0.0000,-7.559,1.170,3.1406,-0.0078,0.0200
328.53,74.140,0.1880,0.0000,0.0000,-0.0324,-0.0127,-0.0078,0.0200,3.1406,-7.680,1.044,0.1880,1691.44,1.05629e+06,0.00237469,0.1880,0.0000,-7.566,1.170,3.1406,-0.0078,0.0200
328.63,74.160,0.1880,0.0000,0.0000,-0.0324,-0.0127,-0.0078,0.0200,3.1406,-7.684,1.044,0.1880,1691.52,1.05851e+06,0.00209788,0.1880,0.0000,-7.572,1.170,3.1406,-0.0078,0.0200
328.73,74.180,0.1880,0.0000,0.0000,-0.0324,-0.0127,-0.0078,0.0200,3.1406,-7.689,1.044,0.1880,1691.52,1.05851e+06,0.00209788,0.1880,0.0000,-7.572,1.170,3.1406,-0.0078,0.0200
328.83,74.200,0.1880,0.0000,0.0000,-0.0324,-0.0127,-0.0078,0.0200,3.1406,-7.693,1.044,0.1880,1691.6,1.06072e+06,0.00237469,0.1880,0.0000,-7.578,1.170,3.1406,-0.0078,0.0200
328.93,74.220,0.1880,0.0000,0.0000,-0.0324,-0.0127,-0.0078,0.0200,3.1406,-7.697,1.044,0.1880,1691.71,1.06368e+06,0.00237469,0.1880,0.0000,-7.585,1.170,3.1406,-0.0078,0.0200
329.03,74.240,0.1880,0.0000,0.0000,-0.0324,-0.0127,-0.0078,0.0200,3.1406,-7.702,1.044,0.1880,1691.71,1.06368e+06,0.00237469,0.1880,0.0000,-7.585,1.170,3.1406,-0.0078,0.0200
329.13,74.280,0.1880,0.0000,0.0000,-0.0324,-0.0127,-0.0078,0.0200,3.1406,-7.706,1.044,0.1880,1691.79,1.0659e+06,0.00209788,0.1880,0.0000,-7.591,1.170,3.1406,-0.0078,0.0200
329.23,74.300,0.1880,0.0000,0.0000,-0.0324,-0.0127,-0.0078,0.0200,3.1406,-7.710,1.044,0.1880,1691.87,1.06813e+06,0.00237469,0.1880,0.0000,-7.596,1.171,3.1406,-0.0078,0.0200
329.33,74.320,0.1880,0.0000,0.0000,-0.0324,-0.0127,-0.0078,0.0200,3.1406,-7.715,1.044,0.1880,1691.87,1.06813e+06,0.00237469,0.1880,0.0000,-7.596,1.171,3.1406,-0.0078,0.0200
329.43,74.340,0.1880,0.0000,0.0000,-0.0324,-0.0127,-0.0078,0.0200,3.1406,-7.719,1.044,0.1880,1691.98,1.0711e+06,0.00237469,0.1880,0.0000,-7.604,1.171,3.1406,-0.0078,0.0200
329.53,74.360,0.1880,0.0000,0.0000,-0.0324,-0.0127,-0.0078,0.0200,3.1406,-7.724,1.044,0.1880,1692.06,1.07334e+06,0.00209788,0.1880,0.0000,-7.610,1.171,3.1406,-0.0078,0.0200
329.63,74.400,0.1880,0.0000,0.0000,-0.0324,-0.0127,-0.0078,0.0200,3.1406,-7.728,1.044,0.1880,1692.14,1.07558e+06,0.00237469,0.1880,0.0000,-7.615,1.171,3.1406,-0.0078,0.0200
329.73,74.420,0.1880,0.0000,0.0000,-0.0324,-0.0127,-0.0078,0.0200,3.1406,-7.732,1.044,0.1880,1692.14,1.07558e+06,0.00237469,0.1880,0.0000,-7.615,1.171,3.1406,-0.0078,0.0200
329.83,74.440,0.1880,0.0000,0.0000,-0.0324,-0.0127,-0.0078,0.0200,3.1406,-7.737,1.044,0.1880,1692.25,1.07857e+06,0.00237469,0.1880,0.0000,-7.623,1.171,3.1406,-0.0078,0.0200
329.93,74.460,0.1880,0.0000,0.0000,-0.0324,-0.0127,-0.0078,0.0200,3.1406,-7.741,1.044,0.1880,1692.33,1.08081e+06,0.00209788,0.1880,0.0000,-7.628,1.171,3.1406,-0.0078,0.0200
330.03,74.480,0.1880,0.0000,0.0000,-0.0324,-0.0127,-0.0078,0.0200,3.1406,-7.746,1.044,0.1880,1692.33,1.08081e+06,0.00209788,0.1880,0.0000,-7.628,1.171,3.1406,-0.0078,0.0200
330.13,74.500,0.1880,0.0000,0.0000,-0.0324,-0.0127,-0.0078,0.0200,3.1406,-7.750,1.044,0.1880,1692.42,1.08307e+06,0.00237469,0.1880,0.0000,-7.634,1.171,3.1406,-0.0078,0.0200
330.23,74.540,0.1880,0.0000,0.0000,-0.0324,-0.0127,-0.0078,0.0200,3.1406,-7.755,1.044,0.1880,1692.52,1.08607e+06,0.00237469,0.1880,0.0000,-7.642,1.171,3.1406,-0.0078,0.0200
330.33,74.560,0.1880,0.0000,0.0000,-0.0324,-0.0127,-0.0078,0.0200,3.1406,-7.759,1.044,0.1880,1692.52,1.08607e+06,0.00237469,0.1880,0.0000,-7.642,1.171,3.1406,-0.0078,0.0200
330.43,74.580,0.1880,0.0000,0.0000,-0.0324,-0.0127,-0.0078,0.0200,3.1406,-7.764,1.044,0.1880,1692.61,1.08833e+06,0.00209788,0.1880,0.0000,-7.647,1.171,3.1406,-0.0078,0.0200
330.53,74.600,0.1880,0.0000,0.0000,-0.0324,-0.0127,-0.0078,0.0200,3.1406,-7.768,1.044,0.1880,1692.69,1.0906e+06,0.00237469,0.1880,0.0000,-7.653,1.171,3.1406,-0.0078,0.0200
330.63,74.620,0.1880,0.0000,0.0000,-0.0324,-0.0127,-0.0078,0.0200,3.1406,-7.772,1.044,0.1880,1692.8,1.09362e+06,0.00237469,0.1880,0.0000,-7.660,1.171,3.1406,-0.0078,0.0200
330.73,74.640,0.1880,0.0000,0.0000,-0.0324,-0.0127,-0.0078,0.0200,3.1406,-7.777,1.044,0.1880,1692.8,1.09362e+06,0.00237469,0.1880,0.0000,-7.660,1.171,3.1406,-0.0078,0.0200
330.83,74.680,0.1880,0.0000,0.0000,-0.0324,-0.0127,-0.0078,0.0200,3.1406,-7.781,1.044,0.1880,1692.88,1.09589e+06,0.00209788,0.1880,0.0000,-7.666,1.171,3.1406,-0.0078,0.0200
330.93,74.700,0.1880,0.0000,0.0000,-0.0324,-0.0127,-0.0078,0.0200,3.1406,-7.785,1.044,0.1880,1692.96,1.09817e+06,0.00237469,0.1880,0.0000,-7.672,1.171,3.1406,-0.0078,0.0200
331.03,74.720,0.1880,0.0000,0.0000,-0.0324,-0.0127,-0.0078,0.0200,3.1406,-7.789,1.044,0.1880,1692.96,1.09817e+06,0.00237469,0.1880,0.0000,-7.672,1.171,3.1406,-0.0078,0.0200
331.13,74.740,0.1880,0.0000,0.0000,-0.0324,-0.0127,-0.0078,0.0200,3.1406,-7.793,1.044,0.1880,1693.07,1.10121e+06,0.00237469,0.1880,0.0000,-7.679,1.171,3.1406,-0.0078,0.0200
331.23,74.760,0.1880,0.0000,0.0000,-0.0324,-0.0127,-0.0078,0.0200,3.1406,-7.798,1.044,0.1880,1693.15,1.10349e+06,0.00209788,0.1880,0.0000,-7.685,1.171,3.1406,-0.0078,0.0200
331.33,74.780,0.1880,0.0000,0.0000,-0.0324,-0.0127,-0.0078,0.0200,3.1406,-7.801,1.044,0.1880,1693.15,1.10349e+06,0.00209788,0.1880,0.0000,-7.685,1.171,3.1406,-0.0078,0.0200
331.43,74.800,0.1880,0.0000,0.0000,-0.0348,-0.0136,-0.0078,0.0200,3.1406,-7.806,1.044,0.1880,1693.23,1.10578e+06,0.00237469,0.1880,0.0000,-7.690,1.171,3.1406,-0.0078,0.0200
331.53,74.820,0.1880,0.0000,0.0000,-0.0324,-0.0127,-0.0078,0.0200,3.1406,-7.810,1.044,0.1880,1693.34,1.10884e+06,0.00237469,0.1880,0.0000,-7.698,1.171,3.1406,-0.0078,0.0200
331.63,74.840,0.1880,0.0000,0.0000,-0.0324,-0.0127,-0.0078,0.0200,3.1406,-7.814,1.044,0.1880,1693.34,1.10884e+06,0.00237469,0.1880,0.0000,-7.698,1.171,3.1406,-0.0078,0.0200
331.73,74.880,0.1880,0.0000,0.0000,-0.0324,-0.0127,-0.0078,0.0200,3.1406,-7.819,1.044,0.1880,1693.42,1.11113e+06,0.00209788,0.1880,0.0000,-7.704,1.171,3.1406,-0.0078,0.0200
331.83,74.900,0.1880,0.0000,0.0000,-0.0324,-0.0127,-0.0078,0.0200,3.1406,-7.823,1.044,0.1880,1693.5,1.11343e+06,0.00237469,0.1880,0.0000,-7.709,1.171,3.1406,-0.0078,0.0200
331.93,74.920,0.1880,0.0000,0.0000,-0.0324,-0.0127,-0.0078,0.0200,3.1406,-7.827,1.044,0.1880,1693.5,1.11343e+06,0.00237469,0.1880,0.0000,-7.709,1.171,3.1406,-0.0078,0.0200
332.03,74.940,0.1880,0.0000,0.0000,-0.0324,-0.0127,-0.0078,0.0200,3.1406,-7.831,1.044,0.1880,1693.61,1.11651e+06,0.00237469,0.1880,0.0000,-7.717,1.171,3.1406,-0.0078,0.0200
332.13,74.960,0.1880,0.0000,0.0000,-0.0324,-0.0127,-0.0078,0.0200,3.1406,-7.836,1.044,0.1880,1693.69,1.11882e+06,0.00209788,0.1880,0.0000,-7.722,1.171,3.1406,-0.0078,0.0200
332.23,74.980,0.1880,0.0000,0.0000,-0.0324,-0.0127,-0.0078,0.0200,3.1406,-7.840,1.044,0.1880,1693.69,1.11882e+06,0.00209788,0.1880,0.0000,-7.722,1.171,3.1406,-0.0078,0.0200
332.33,75.000,0.1880,0.0000,0.0000,-0.0324,-0.0127,-0.0078,0.0200,3.1406,-7.844,1.044,0.1880,1693.77,1.12113e+06,0.00237469,0.1880,0.0000,-7.728,1.171,3.1406,-0.0078,0.0200
332.43,75.040,0.1880,0.0000,0.0000,-0.0324,-0.0127,-0.0078,0.0200,3.1406,-7.849,1.044,0.1880,1693.88,1.12422e+06,0.00237469,0.1880,0.0000,-7.736,1.171,3.1406,-0.0078,0.0200
332.53,75.060,0.1880,0.0000,0.0000,-0.0324,-0.0127,-0.0078,0.0200,3.1406,-7.853,1.044,0.1880,1693.88,1.12422e+06,0.00237469,0.1880,0.0000,-7.736,1.171,3.1406,-0.0078,0.0200
332.63,75.080,0.1880,0.0000,0.0000,-0.0324,-0.0127,-0.0078,0.0200,3.1406,-7.857,1.044,0.1880,1693.96,1.12654e+06,0.00209788,0.1880,0.0000,-7.741,1.171,3.1406,-0.0078,0.0200
332.73,75.100,0.1880,0.0000,0.0000,-0.0324,-0.0127,-0.0078,0.0200,3.1406,-7.861,1.044,0.1880,1694.04,1.12887e+06,0.00237469,0.1880,0.0000,-7.747,1.171,3.1406,-0.0078,0.0200
332.83,75.120,0.1880,0.0000,0.0000,-0.0324,-0.0127,-0.0078,0.0200,3.1406,-7.866,1.044,0.1880,1694.04,1.12887e+06,0.00237469,0.1880,0.0000,-7.747,1.171,3.1406,-0.0078,0.0200
332.93,75.140,0.1880,0.0000,0.0000,-0.0324,-0.0127,-0.0078,0.0200,3.1406,-7.870,1.044,0.1880,1694.15,1.13198e+06,0.00237469,0.1880,0.0000,-7.754,1.171,3.1406,-0.0078,0.0200
333.03,75.160,0.1880,0.0000,0.0000,-0.0324,-0.0127,-0.0078,0.0200,3.1406,-7.873,1.044,0.1880,1694.23,1.13431e+06,0.00209788,0.1880,0.0000,-7.760,1.171,3.1406,-0.0078,0.0200
333.13,75.180,0.1880,0.0000,0.0000,-0.0324,-0.0127,-0.0078,0.0200,3.1406,-7.877,1.044,0.1880,1694.23,1.13431e+06,0.00209788,0.1880,0.0000,-7.760,1.171,3.1406,-0.0078,0.0200
333.23,75.200,0.1880,0.0000,0.0000,-0.0324,-0.0127,-0.0078,0.0200,3.1406,-7.881,1.044,0.1880,1694.32,1.13665e+06,0.00237469,0.1880,0.0000,-7.766,1.171,3.1406,-0.0078,0.0200
333.33,75.220,0.1880,0.0000,0.0000,-0.0324,-0.0127,-0.0078,0.0200,3.1406,-7.886,1.044,0.1880,1694.42,1.13977e+06,0.00237469,0.1880,0.0000,-7.773,1.171,3.1406,-0.0078,0.0200
333.43,75.260,0.1880,0.0000,0.0000,-0.0324,-0.0127,-0.0078,0.0200,3.1406,-7.890,1.044,0.1880,1694.42,1.13977e+06,0.00237469,0.1880,0.0000,-7.773,1.171,3.1406,-0.0078,0.0200
333.53,75.280,0.1880,0.0000,0.0000,-0.0324,-0.0127,-0.0078,0.0200,3.1406,-7.894,1.044,0.1880,1694.51,1.14212e+06,0.00209788,0.1880,0.0000,-7.779,1.171,3.1406,-0.0078,0.0200
333.63,75.300,0.1880,0.0000,0.0000,-0.0324,-0.0127,-0.0078,0.0200,3.1406,-7.898,1.044,0.1880,1694.59,1.14447e+06,0.00237469,0.1880,0.0000,-7.784,1.171,3.1406,-0.0078,0.0200
333.73,75.320,0.1880,0.0000,0.0000,-0.0324,-0.0127,-0.0078,0.0200,3.1406,-7.903,1.044,0.1880,1694.59,1.14447e+06,0.00237469,0.1880,0.0000,-7.784,1.171,3.1406,-0.0078,0.0200
333.83,75.340,0.1880,0.0000,0.0000,-0.0324,-0.0127,-0.0078,0.0200,3.1406,-7.907,1.045,0.1880,1694.7,1.14761e+06,0.00237469,0.1880,0.0000,-7.792,1.171,3.1406,-0.0078,0.0200
333.93,75.360,0.1880,0.0000,0.0000,-0.0324,-0.0127,-0.0078,0.0200,3.1406,-7.911,1.045,0.1880,1694.78,1.14997e+06,0.00209788,0.1880,0.0000,-7.798,1.171,3.1406,-0.0078,0.0200
334.03,75.380,0.1880,0.0000,0.0000,-0.0324,-0.0127,-0.0078,0.0200,3.1406,-7.916,1.045,0.1880,1694.86,1.15234e+06,0.00237469,0.1880,0.0000,-7.803,1.171,3.1406,-0.0078,0.0200
334.13,75.420,0.1880,0.0000,0.0000,-0.0324,-0.0127,-0.0078,0.0200,3.1406,-7.920,1.045,0.1880,1694.86,1.15234e+06,0.00237469,0.1880,0.0000,-7.803,1.171,3.1406,-0.0078,0.0200
334.23,75.440,0.1880,0.0000,0.0000,-0.0324,-0.0127,-0.0078,0.0200,3.1406,-7.924,1.045,0.1880,1694.97,1.1555e+06,0.00237469,0.1880,0.0000,-7.811,1.171,3.1406,-0.0078,0.0200
334.33,75.460,0.1880,0.0000,0.0000,-0.0324,-0.0127,-0.0078,0.0200,3.1406,-7.929,1.045,0.1880,1695.05,1.15787e+06,0.00209788,0.1880,0.0000,-7.816,1.171,3.1406,-0.0078,0.0200
334.43,75.480,0.1880,0.0000,0.0000,-0.0324,-0.0127,-0.0078,0.0200,3.1406,-7.933,1.045,0.1880,1695.05,1.15787e+06,0.00209788,0.1880,0.0000,-7.816,1.171,3.1406,-0.0078,0.0200
334.53,75.500,0.1880,0.0000,0.0005,-0.0324,-0.0127,-0.0078,0.0200,3.1406,-7.937,1.045,0.1879,1695.13,1.16024e+06,0.00237469,0.1879,0.0006,-7.822,1.171,3.1406,-0.0078,0.0200
334.63,75.520,0.1879,0.0006,0.0005,-0.0324,-0.0127,-0.0078,0.0200,3.1406,-7.942,1.045,0.1879,1695.24,1.16342e+06,0.00237469,0.1879,0.0006,-7.830,1.171,3.1406,-0.0078,0.0200
334.73,75.540,0.1879,0.0006,0.0005,-0.0324,-0.0127,-0.0078,0.0200,3.1406,-7.946,1.045,0.1879,1695.24,1.16342e+06,0.00237469,0.1879,0.0006,-7.830,1.171,3.1406,-0.0078,0.0200
334.83,75.580,0.1879,0.0006,0.0005,-0.0324,-0.0127,-0.0078,0.0200,3.1406,-7.950,1.045,0.1879,1695.32,1.16581e+06,0.00209788,0.1879,0.0006,-7.835,1.171,3.1406,-0.0078,0.0200
334.93,75.600,0.1879,0.0006,0.0005,-0.0324,-0.0127,-0.0078,0.0200,3.1407,-7.954,1.045,0.1879,1695.4,1.1682e+06,0.00237469,0.1879,0.0005,-7.841,1.171,3.1406,-0.0078,0.0200
335.03,75.620,0.1879,0.0005,0.0004,-0.0324,-0.0127,-0.0078,0.0200,3.1407,-7.959,1.045,0.1879,1695.4,1.1682e+06,0.00237469,0.1879,0.0005,-7.841,1.171,3.1406,-0.0078,0.0200
335.13,75.640,0.1879,0.0005,0.0004,-0.0324,-0.0127,-0.0078,0.0200,3.1407,-7.963,1.045,0.1879,1695.5,1.17139e+06,0.00237469,0.1879,0.0005,-7.848,1.171,3.1407,-0.0078,0.0200
335.23,75.660,0.1879,0.0005,0.0004,-0.0324,-0.0127,-0.0078,0.0200,3.1407,-7.967,1.045,0.1879,1695.58,1.17379e+06,0.00209788,0.1879,0.0005,-7.854,1.171,3.1407,-0.0078,0.0200
335.33,75.680,0.1879,0.0005,0.0004,-0.0324,-0.0127,-0.0078,0.0200,3.1407,-7.972,1.045,0.1879,1695.58,1.17379e+06,0.00209788,0.1879,0.0005,-7.854,1.171,3.1407,-0.0078,0.0200
335.43,75.700,0.1879,0.0005,0.0004,-0.0324,-0.0126,-0.0078,0.0200,3.1407,-7.976,1.045,0.1879,1695.66,1.17619e+06,0.00237469,0.1879,0.0005,-7.860,1.171,3.1407,-0.0078,0.0200
335.53,75.720,0.1879,0.0005,0.0004,-0.0324,-0.0126,-0.0078,0.0200,3.1407,-7.980,1.045,0.1879,1695.76,1.1794e+06,0.00237469,0.1879,0.0005,-7.867,1.171,3.1407,-0.0078,0.0200
335.63,75.760,0.1879,0.0005,0.0004,-0.0324,-0.0126,-0.0078,0.0200,3.1407,-7.984,1.045,0.1879,1695.76,1.1794e+06,0.00237469,0.1879,0.0005,-7.867,1.171,3.1407,-0.0078,0.0200
335.73,75.780,0.1879,0.0005,0.0004,-0.0324,-0.0126,-0.0078,0.0200,3.1407,-7.988,1.045,0.1879,1695.83,1.18181e+06,0.00209788,0.1879,0.0005,-7.873,1.171,3.1407,-0.0078,0.0200
335.83,75.800,0.1879,0.0005,0.0004,-0.0324,-0.0126,-0.0078,0.0200,3.1407,-7.992,1.045,0.1879,1695.9,1.18422e+06,0.00237469,0.1879,0.0004,-7.878,1.171,3.1407,-0.0078,0.0200
335.93,75.820,0.1879,0.0004,0.0004,-0.0324,-0.0126,-0.0078,0.0200,3.1407,-7.997,1.045,0.1879,1695.9,1.18422e+06,0.00237469,0.1879,0.0004,-7.878,1.171,3.1407,-0.0078,0.0200
336.03,75.840,0.1879,0.0004,0.0004,-0.0324,-0.0126,-0.0078,0.0200,3.1408,-8.001,1.045,0.1879,1696,1.18745e+06,0.00237469,0.1879,0.0004,-7.886,1.171,3.1407,-0.0078,0.0200
336.13,75.860,0.1879,0.0004,0.0004,-0.0324,-0.0126,-0.0078,0.0200,3.1408,-8.005,1.045,0.1879,1696.07,1.18988e+06,0.00209788,0.1879,0.0004,-7.892,1.171,3.1408,-0.0078,0.0200
336.23,75.880,0.1879,0.0004,0.0004,-0.0324,-0.0126,-0.0078,0.0200,3.1408,-8.010,1.045,0.1879,1696.07,1.18988e+06,0.00209788,0.1879,0.0004,-7.892,1.171,3.1408,-0.0078,0.0200
336.33,75.920,0.1880,0.0004,0.0003,-0.0324,-0.0126,-0.0078,0.0200,3.1408,-8.014,1.045,0.1879,1696.14,1.1923e+06,0.00237469,0.1880,0.0004,-7.897,1.171,3.1408,-0.0078,0.0200
336.43,75.940,0.1880,0.0004,0.0003,-0.0324,-0.0126,-0.0078,0.0200,3.1408,-8.018,1.045,0.1879,1696.23,1.19555e+06,0.00237469,0.1880,0.0004,-7.905,1.171,3.1408,-0.0078,0.0200
336.53,75.960,0.1880,0.0004,0.0003,-0.0324,-0.0126,-0.0078,0.0200,3.1408,-8.023,1.045,0.1879,1696.3,1.19799e+06,0.00209788,0.1880,0.0004,-7.910,1.171,3.1408,-0.0078,0.0200
336.63,75.980,0.1880,0.0004,0.0003,-0.0324,-0.0126,-0.0078,0.0200,3.1408,-8.027,1.045,0.1879,1696.3,1.19799e+06,0.00209788,0.1880,0.0004,-7.910,1.171,3.1408,-0.0078,0.0200
336.73,76.000,0.1880,0.0004,0.0003,-0.0324,-0.0126,-0.0078,0.0200,3.1408,-8.031,1.045,0.1879,1696.36,1.20043e+06,0.00237469,0.1880,0.0003,-7.916,1.171,3.1408,-0.0078,0.0200
336.83,76.020,0.1880,0.0003,0.0003,-0.0324,-0.0126,-0.0078,0.0200,3.1408,-8.035,1.045,0.1879,1696.45,1.20369e+06,0.00237469,0.1880,0.0003,-7.923,1.171,3.1408,-0.0078,0.0200
336.93,76.060,0.1880,0.0003,0.0003,-0.0324,-0.0126,-0.0078,0.0200,3.1408,-8.040,1.045,0.1879,1696.45,1.20369e+06,0.00237469,0.1880,0.0003,-7.923,1.171,3.1408,-0.0078,0.0200
337.03,76.080,0.1880,0.0003,0.0003,-0.0324,-0.0126,-0.0078,0.0200,3.1408,-8.044,1.045,0.1879,1696.52,1.20614e+06,0.00209788,0.1880,0.0003,-7.929,1.171,3.1408,-0.0078,0.0200
337.13,76.100,0.1880,0.0003,0.0003,-0.0324,-0.0126,-0.0078,0.0200,3.1408,-8.048,1.045,0.1879,1696.58,1.20859e+06,0.00237469,0.1880,0.0003,-7.935,1.171,3.1408,-0.0078,0.0200
337.23,76.120,0.1880,0.0003,0.0002,-0.0324,-0.0126,-0.0078,0.0200,3.1408,-8.052,1.045,0.1879,1696.58,1.20859e+06,0.00237469,0.1880,0.0003,-7.935,1.171,3.1408,-0.0078,0.0200
337.33,76.140,0.1880,0.0003,0.0002,-0.0324,-0.0126,-0.0078,0.0200,3.1408,-8.056,1.045,0.1879,1696.67,1.21187e+06,0.00237469,0.1880,0.0003,-7.942,1.171,3.1408,-0.0078,0.0200
337.43,76.160,0.1880,0.0003,0.0002,-0.0324,-0.0126,-0.0078,0.0200,3.1408,-8.061,1.045,0.1879,1696.73,1.21434e+06,0.00209788,0.1880,0.0003,-7.948,1.171,3.1408,-0.0078,0.0200
337.53,76.180,0.1880,0.0003,0.0002,-0.0324,-0.0126,-0.0078,0.0200,3.1409,-8.065,1.045,0.1879,1696.73,1.21434e+06,0.00209788,0.1880,0.0003,-7.948,1.171,3.1408,-0.0078,0.0200
337.63,76.200,0.1880,0.0003,0.0002,-0.0324,-0.0126,-0.0078,0.0200,3.1409,-8.069,1.045,0.1879,1696.79,1.2168e+06,0.00237469,0.1880,0.0003,-7.954,1.171,3.1409,-0.0078,0.0200
337.73,76.220,0.1880,0.0003,0.0002,-0.0324,-0.0126,-0.0078,0.0200,3.1409,-8.073,1.045,0.1879,1696.87,1.2201e+06,0.00237469,0.1880,0.0003,-7.961,1.171,3.1409,-0.0078,0.0200
337.83,76.260,0.1880,0.0003,0.0001,-0.0655,-0.0017,-0.0078,0.0200,3.1409,-8.077,1.045,0.1879,1696.87,1.2201e+06,0.00237469,0.1880,0.0003,-7.961,1.171,3.1409,-0.0078,0.0200
337.93,76.280,0.1880,0.0003,0.0002,-0.0324,-0.0127,-0.0078,0.0200,3.1409,-8.082,1.045,0.1879,1696.94,1.22258e+06,0.00209788,0.1880,0.0003,-7.967,1.171,3.1409,-0.0078,0.0200
338.03,76.300,0.1880,0.0003,0.0002,-0.0324,-0.0127,-0.0078,0.0200,3.1409,-8.086,1.045,0.1879,1697,1.22506e+06,0.00237469,0.1880,0.0002,-7.972,1.171,3.1409,-0.0078,0.0200
338.13,76.320,0.1880,0.0002,0.0002,-0.0324,-0.0127,-0.0078,0.0200,3.1409,-8.090,1.045,0.1879,1697,1.22506e+06,0.00237469,0.1880,0.0002,-7.972,1.171,3.1409,-0.0078,0.0200
338.23,76.340,0.1880,0.0002,0.0002,-0.0324,-0.0127,-0.0078,0.0200,3.1409,-8.094,1.045,0.1879,1697.08,1.22837e+06,0.00237469,0.1880,0.0002,-7.980,1.171,3.1409,-0.0078,0.0200
338.33,76.360,0.1880,0.0002,0.0002,-0.0324,-0.0127,-0.0078,0.0200,3.1409,-8.099,1.045,0.1879,1697.14,1.23086e+06,0.00209788,0.1880,0.0002,-7.986,1.171,3.1409,-0.0078,0.0200
338.43,76.380,0.1880,0.0002,0.0002,-0.0324,-0.0127,-0.0078,0.0200,3.1409,-8.103,1.045,0.1879,1697.14,1.23086e+06,0.00209788,0.1880,0.0002,-7.986,1.171,3.1409,-0.0078,0.0200
338.53,76.400,0.1880,0.0002,0.0002,-0.0324,-0.0127,-0.0078,0.0200,3.1409,-8.107,1.045,0.1879,1697.2,1.23336e+06,0.00237469,0.1880,0.0002,-7.991,1.171,3.1409,-0.0078,0.0200
338.63,76.440,0.1880,0.0002,0.0002,-0.0324,-0.0127,-0.0078,0.0200,3.1409,-8.112,1.045,0.1879,1697.28,1.23669e+06,0.00237469,0.1880,0.0002,-7.999,1.171,3.1409,-0.0078,0.0200
338.73,76.460,0.1880,0.0002,0.0002,-0.0324,-0.0127,-0.0078,0.0200,3.1409,-8.116,1.045,0.1879,1697.28,1.23669e+06,0.00237469,0.1880,0.0002,-7.999,1.171,3.1409,-0.0078,0.0200
338.83,76.480,0.1880,0.0002,0.0002,-0.0324,-0.0127,-0.0078,0.0200,3.1409,-8.120,1.045,0.1879,1697.34,1.23919e+06,0.00209788,0.1880,0.0002,-8.004,1.171,3.1409,-0.0078,0.0200
338.93,76.500,0.1880,0.0002,0.0002,-0.0324,-0.0127,-0.0078,0.0200,3.1409,-8.124,1.045,0.1879,1697.39,1.2417e+06,0.00237469,0.1880,0.0002,-8.010,1.171,3.1409,-0.0078,0.0200
339.03,76.520,0.1880,0.0002,0.0001,-0.0324,-0.0127,-0.0078,0.0200,3.1409,-8.129,1.045,0.1879,1697.39,1.2417e+06,0.00237469,0.1880,0.0002,-8.010,1.171,3.1409,-0.0078,0.0200
339.13,76.540,0.1880,0.0002,0.0001,-0.0324,-0.0127,-0.0078,0.0200,3.1409,-8.133,1.045,0.1879,1697.47,1.24505e+06,0.00237469,0.1880,0.0002,-8.017,1.171,3.1409,-0.0078,0.0200
339.23,76.560,0.1880,0.0002,0.0001,-0.0324,-0.0127,-0.0078,0.0200,3.1409,-8.138,1.045,0.1879,1697.53,1.24757e+06,0.00209788,0.1880,0.0002,-8.023,1.171,3.1409,-0.0078,0.0200
339.33,76.600,0.1880,0.0002,0.0001,-0.0324,-0.0127,-0.0078,0.0200,3.1409,-8.142,1.045,0.1879,1697.59,1.25009e+06,0.00237469,0.1880,0.0002,-8.029,1.171,3.1409,-0.0078,0.0200
339.43,76.620,0.1880,0.0002,0.0001,-0.0324,-0.0127,-0.0078,0.0200,3.1409,-8.146,1.045,0.1879,1697.59,1.25009e+06,0.00237469,0.1880,0.0002,-8.029,1.171,3.1409,-0.0078,0.0200
339.53,76.640,0.1880,0.0002,0.0001,-0.0324,-0.0127,-0.0078,0.0200,3.1409,-8.150,1.045,0.1879,1697.66,1.25346e+06,0.00237469,0.1880,0.0002,-8.036,1.171,3.1409,-0.0078,0.0200
339.63,76.660,0.1880,0.0002,0.0001,-0.0324,-0.0127,-0.0078,0.0200,3.1409,-8.155,1.045,0.1879,1697.72,1.25599e+06,0.00209788,0.1880,0.0002,-8.042,1.171,3.1409,-0.0078,0.0200
339.73,76.680,0.1880,0.0002,0.0001,-0.0324,-0.0127,-0.0078,0.0200,3.1409,-8.159,1.045,0.1879,1697.72,1.25599e+06,0.00209788,0.1880,0.0002,-8.042,1.171,3.1409,-0.0078,0.0200
339.83,76.700,0.1880,0.0002,0.0001,-0.0324,-0.0127,-0.0078,0.0200,3.1409,-8.163,1.045,0.1879,1697.78,1.25852e+06,0.00237469,0.1880,0.0002,-8.048,1.171,3.1409,-0.0078,0.0200
339.93,76.720,0.1880,0.0002,0.0001,-0.0324,-0.0127,-0.0078,0.0200,3.1409,-8.168,1.045,0.1879,1697.85,1.26191e+06,0.00237469,0.1880,0.0002,-8.055,1.171,3.1409,-0.0078,0.0200
340.03,76.760,0.1880,0.0002,0.0001,-0.0324,-0.0127,-0.0078,0.0200,3.1409,-8.172,1.045,0.1879,1697.85,1.26191e+06,0.00237469,0.1880,0.0002,-8.055,1.171,3.1409,-0.0078,0.0200
340.13,76.780,0.1880,0.0002,0.0001,-0.0324,-0.0127,-0.0078,0.0200,3.1409,-8.176,1.045,0.1879,1697.91,1.26445e+06,0.00209788,0.1880,0.0002,-8.061,1.171,3.1409,-0.0078,0.0200
340.23,76.800,0.1880,0.0002,0.0001,-0.0324,-0.0127,-0.0078,0.0200,3.1409,-8.181,1.045,0.1879,1697.96,1.267e+06,0.00237469,0.1880,0.0001,-8.066,1.171,3.1409,-0.0078,0.0200
340.33,76.820,0.1880,0.0001,0.0001,-0.0324,-0.0127,-0.0078,0.0200,3.1409,-8.185,1.045,0.1879,1697.96,1.267e+06,0.00237469,0.1880,0.0001,-8.066,1.171,3.1409,-0.0078,0.0200
340.43,76.840,0.1880,0.0001,0.0001,-0.0324,-0.0126,-0.0078,0.0200,3.1409,-8.190,1.045,0.1879,1698.03,1.2704e+06,0.00237469,0.1880,0.0001,-8.074,1.171,3.1409,-0.0078,0.0200
340.53,76.860,0.1880,0.0001,0.0001,-0.0324,-0.0127,-0.0078,0.0200,3.1410,-8.194,1.045,0.1880,1698.09,1.27296e+06,0.00209788,0.1880,0.0001,-8.080,1.171,3.1409,-0.0078,0.0200
340.63,76.900,0.1880,0.0001,0.0001,-0.0324,-0.0127,-0.0078,0.0200,3.1410,-8.198,1.045,0.1880,1698.14,1.27552e+06,0.00237469,0.1880,0.0001,-8.085,1.171,3.1410,-0.0078,0.0200
340.73,76.920,0.1880,0.0001,0.0001,-0.0324,-0.0127,-0.0078,0.0200,3.1410,-8.202,1.045,0.1880,1698.14,1.27552e+06,0.00237469,0.1880,0.0001,-8.085,1.171,3.1410,-0.0078,0.0200
340.83,76.940,0.1880,0.0001,0.0001,-0.0324,-0.0127,-0.0078,0.0200,3.1410,-8.207,1.045,0.1880,1698.22,1.27894e+06,0.00237469,0.1880,0.0001,-8.093,1.171,3.1410,-0.0078,0.0200
340.93,76.960,0.1880,0.0001,0.0001,-0.0324,-0.0127,-0.0078,0.0200,3.1410,-8.211,1.045,0.1880,1698.27,1.28151e+06,0.00209788,0.1880,0.0001,-8.098,1.171,3.1410,-0.0078,0.0200
341.03,76.980,0.1880,0.0001,0.0001,-0.0324,-0.0127,-0.0078,0.0200,3.1410,-8.216,1.045,0.1880,1698.27,1.28151e+06,0.00209788,0.1880,0.0001,-8.098,1.171,3.1410,-0.0078,0.0200
341.13,77.000,0.1880,0.0001,0.0001,-0.0324,-0.0127,-0.0078,0.0200,3.1410,-8.220,1.045,0.1880,1698.33,1.28409e+06,0.00237469,0.1880,0.0001,-8.104,1.171,3.1410,-0.0078,0.0200
341.23,77.020,0.1880,0.0001,0.0001,-0.0324,-0.0127,-0.0078,0.0200,3.1410,-8.224,1.045,0.1880,1698.4,1.28753e+06,0.00237469,0.1880,0.0001,-8.111,1.171,3.1410,-0.0078,0.0200
341.33,77.060,0.1880,0.0001,0.0001,-0.0324,-0.0127,-0.0078,0.0200,3.1410,-8.228,1.045,0.1880,1698.4,1.28753e+06,0.00237469,0.1880,0.0001,-8.111,1.171,3.1410,-0.0078,0.0200
341.43,77.080,0.1880,0.0001,0.0001,-0.0324,-0.0127,-0.0078,0.0200,3.1410,-8.233,1.045,0.1880,1698.45,1.29011e+06,0.00209788,0.1880,0.0001,-8.117,1.171,3.1410,-0.0078,0.0200
341.53,77.100,0.1880,0.0001,0.0001,-0.0324,-0.0126,-0.0078,0.0200,3.1410,-8.237,1.045,0.1880,1698.5,1.2927e+06,0.00237469,0.1880,0.0001,-8.123,1.171,3.1410,-0.0078,0.0200
341.63,77.120,0.1880,0.0001,0.0001,-0.0324,-0.0126,-0.0078,0.0200,3.1410,-8.241,1.045,0.1880,1698.5,1.2927e+06,0.00237469,0.1880,0.0001,-8.123,1.171,3.1410,-0.0078,0.0200
341.73,77.140,0.1880,0.0001,0.0001,-0.0324,-0.0126,-0.0078,0.0200,3.1410,-8.246,1.045,0.1880,1698.58,1.29616e+06,0.00237469,0.1880,0.0001,-8.130,1.171,3.1410,-0.0078,0.0200
341.83,77.160,0.1880,0.0001,0.0001,-0.0324,-0.0126,-0.0078,0.0200,3.1410,-8.250,1.045,0.1880,1698.63,1.29875e+06,0.00209788,0.1880,0.0001,-8.136,1.171,3.1410,-0.0078,0.0200
341.93,77.200,0.1880,0.0001,0.0001,-0.0324,-0.0126,-0.0078,0.0200,3.1410,-8.254,1.045,0.1880,1698.68,1.30136e+06,0.00237469,0.1880,0.0001,-8.142,1.171,3.1410,-0.0078,0.0200
342.03,77.220,0.1880,0.0001,0.0001,-0.0324,-0.0126,-0.0078,0.0200,3.1410,-8.259,1.045,0.1880,1698.68,1.30136e+06,0.00237469,0.1880,0.0001,-8.142,1.171,3.1410,-0.0078,0.0200
342.13,77.240,0.1880,0.0001,0.0001,-0.0324,-0.0126,-0.0078,0.0200,3.1410,-8.263,1.045,0.1880,1698.75,1.30483e+06,0.00237469,0.1880,0.0001,-8.149,1.171,3.1410,-0.0078,0.0200
342.23,77.260,0.1880,0.0001,0.0001,-0.0324,-0.0126,-0.0078,0.0200,3.1410,-8.267,1.045,0.1880,1698.8,1.30744e+06,0.00209788,0.1880,0.0001,-8.155,1.171,3.1410,-0.0078,0.0200
342.33,77.280,0.1880,0.0001,0.0001,-0.0324,-0.0126,-0.0078,0.0200,3.1410,-8.272,1.045,0.1880,1698.8,1.30744e+06,0.00209788,0.1880,0.0001,-8.155,1.171,3.1410,-0.0078,0.0200
342.43,77.300,0.1880,0.0001,0.0001,-0.0324,-0.0126,-0.0078,0.0200,3.1410,-8.276,1.045,0.1880,1698.86,1.31006e+06,0.00237469,0.1880,0.0001,-8.160,1.171,3.1410,-0.0078,0.0200
342.53,77.320,0.1880,0.0001,0.0001,-0.0324,-0.0126,-0.0078,0.0200,3.1410,-8.280,1.045,0.1880,1698.93,1.31355e+06,0.00237469,0.1880,0.0001,-8.168,1.171,3.1410,-0.0078,0.0200
342.63,77.360,0.1880,0.0001,0.0001,-0.0324,-0.0126,-0.0078,0.0200,3.1410,-8.285,1.045,0.1880,1698.93,1.31355e+06,0.00237469,0.1880,0.0001,-8.168,1.171,3.1410,-0.0078,0.0200
342.73,77.380,0.1880,0.0001,0.0001,-0.0324,-0.0126,-0.0078,0.0200,3.1410,-8.289,1.045,0.1880,1698.98,1.31618e+06,0.00209788,0.1880,0.0001,-8.174,1.171,3.1410,-0.0078,0.0200
342.83,77.400,0.1880,0.0001,0.0001,-0.0324,-0.0126,-0.0078,0.0200,3.1410,-8.293,1.045,0.1880,1699.03,1.31881e+06,0.00237469,0.1880,0.0001,-8.179,1.171,3.1410,-0.0078,0.0200
342.93,77.420,0.1880,0.0001,0.0001,-0.0324,-0.0126,-0.0078,0.0200,3.1410,-8.298,1.045,0.1880,1699.03,1.31881e+06,0.00237469,0.1880,0.0001,-8.179,1.171,3.1410,-0.0078,0.0200
343.03,77.440,0.1880,0.0001,0.0001,-0.0324,-0.0126,-0.0078,0.0200,3.1410,-8.302,1.045,0.1880,1699.1,1.32232e+06,0.00237469,0.1880,0.0001,-8.187,1.171,3.1410,-0.0078,0.0200
343.13,77.460,0.1880,0.0001,0.0001,-0.0324,-0.0126,-0.0078,0.0200,3.1410,-8.307,1.045,0.1880,1699.15,1.32496e+06,0.00209788,0.1880,0.0001,-8.192,1.171,3.1410,-0.0078,0.0200
343.23,77.500,0.1880,0.0001,0.0001,-0.0324,-0.0126,-0.0078,0.0200,3.1410,-8.311,1.045,0.1880,1699.2,1.32761e+06,0.00237469,0.1880,0.0001,-8.198,1.171,3.1410,-0.0078,0.0200
343.33,77.520,0.1880,0.0001,0.0000,-0.0324,-0.0126,-0.0078,0.0200,3.1410,-8.315,1.045,0.1880,1699.2,1.32761e+06,0.00237469,0.1880,0.0001,-8.198,1.171,3.1410,-0.0078,0.0200
343.43,77.540,0.1880,0.0001,0.0000,-0.0324,-0.0126,-0.0078,0.0200,3.1410,-8.319,1.045,0.1880,1699.27,1.33114e+06,0.00237469,0.1880,0.0001,-8.205,1.171,3.1410,-0.0078,0.0200
343.53,77.560,0.1880,0.0001,0.0000,-0.0324,-0.0126,-0.0078,0.0200,3.1410,-8.324,1.045,0.1880,1699.32,1.33379e+06,0.00209788,0.1880,0.0001,-8.211,1.171,3.1410,-0.0078,0.0200
343.63,77.580,0.1880,0.0001,0.0000,-0.0324,-0.0126,-0.0078,0.0200,3.1410,-8.328,1.045,0.1880,1699.32,1.33379e+06,0.00209788,0.1880,0.0001,-8.211,1.171,3.1410,-0.0078,0.0200
343.73,77.600,0.1880,0.0001,0.0000,-0.0324,-0.0126,-0.0078,0.0200,3.1410,-8.332,1.045,0.1880,1699.37,1.33645e+06,0.00237469,0.1880,0.0001,-8.217,1.171,3.1410,-0.0078,0.0200
343.83,77.620,0.1880,0.0001,0.0000,-0.0324,-0.0126,-0.0078,0.0200,3.1410,-8.337,1.045,0.1880,1699.44,1.34e+06,0.00237469,0.1880,0.0001,-8.224,1.171,3.1410,-0.0078,0.0200
343.93,77.660,0.1880,0.0001,0.0000,-0.0324,-0.0126,-0.0078,0.0200,3.1410,-8.341,1.045,0.1880,1699.44,1.34e+06,0.00237469,0.1880,0.0001,-8.224,1.171,3.1410,-0.0078,0.0200
344.03,77.680,0.1880,0.0001,0.0000,-0.0324,-0.0126,-0.0078,0.0200,3.1410,-8.345,1.045,0.1880,1699.49,1.34266e+06,0.00209788,0.1880,0.0001,-8.230,1.171,3.1410,-0.0078,0.0200
344.13,77.700,0.1880,0.0001,0.0000,-0.0324,-0.0126,-0.0078,0.0200,3.1410,-8.350,1.045,0.1880,1699.54,1.34534e+06,0.00237469,0.1880,0.0000,-8.236,1.171,3.1410,-0.0078,0.0200
344.23,77.720,0.1880,0.0000,0.0000,-0.0324,-0.0126,-0.0078,0.0200,3.1410,-8.354,1.045,0.1880,1699.54,1.34534e+06,0.00237469,0.1880,0.0000,-8.236,1.171,3.1410,-0.0078,0.0200
344.33,77.740,0.1880,0.0000,0.0000,-0.0324,-0.0126,-0.0078,0.0200,3.1410,-8.358,1.045,0.1880,1699.61,1.3489e+06,0.00237469,0.1880,0.0000,-8.243,1.171,3.1410,-0.0078,0.0200
344.43,77.760,0.1880,0.0000,0.0000,-0.0324,-0.0126,-0.0078,0.0200,3.1410,-8.363,1.045,0.1880,1699.66,1.35159e+06,0.00209788,0.1880,0.0000,-8.249,1.171,3.1410,-0.0078,0.0200
344.53,77.780,0.1880,0.0000,0.0000,-0.0324,-0.0126,-0.0078,0.0200,3.1410,-8.367,1.045,0.1880,1699.71,1.35427e+06,0.00237469,0.1880,0.0000,-8.254,1.171,3.1410,-0.0078,0.0200
344.63,77.820,0.1880,0.0000,0.0000,-0.0324,-0.0127,-0.0078,0.0200,3.1410,-8.371,1.045,0.1880,1699.71,1.35427e+06,0.00237469,0.1880,0.0000,-8.254,1.171,3.1410,-0.0078,0.0200
344.73,77.840,0.1880,0.0000,0.0000,-0.0324,-0.0127,-0.0078,0.0200,3.1410,-8.375,1.045,0.1880,1699.78,1.35786e+06,0.00237469,0.1880,0.0000,-8.262,1.171,3.1410,-0.0078,0.0200
344.83,77.860,0.1880,0.0000,0.0000,-0.0324,-0.0127,-0.0078,0.0200,3.1410,-8.380,1.045,0.1880,1699.83,1.36055e+06,0.00209788,0.1880,0.0000,-8.268,1.171,3.1410,-0.0078,0.0200
344.93,77.880,0.1880,0.0000,0.0000,-0.0324,-0.0127,-0.0078,0.0200,3.1410,-8.384,1.045,0.1880,1699.83,1.36055e+06,0.00209788,0.1880,0.0000,-8.268,1.171,3.1410,-0.0078,0.0200
345.03,77.900,0.1880,0.0000,0.0000,-0.0324,-0.0127,-0.0078,0.0200,3.1410,-8.388,1.045,0.1880,1699.88,1.36325e+06,0.00237469,0.1880,0.0000,-8.273,1.171,3.1410,-0.0078,0.0200
345.13,77.920,0.1880,0.0000,0.0000,-0.0324,-0.0127,-0.0078,0.0200,3.1410,-8.393,1.045,0.1880,1699.95,1.36686e+06,0.00237469,0.1880,0.0000,-8.281,1.171,3.1410,-0.0078,0.0200
345.23,77.960,0.1880,0.0000,0.0000,-0.0324,-0.0127,-0.0078,0.0200,3.1410,-8.397,1.045,0.1880,1699.95,1.36686e+06,0.00237469,0.1880,0.0000,-8.281,1.171,3.1410,-0.0078,0.0200
345.33,77.980,0.1880,0.0000,0.0000,-0.0324,-0.0127,-0.0078,0.0200,3.1410,-8.402,1.045,0.1880,1700,1.36957e+06,0.00209788,0.1880,0.0000,-8.286,1.171,3.1410,-0.0078,0.0200
345.43,78.000,0.1880,0.0000,0.0000,-0.0324,-0.0127,-0.0078,0.0200,3.1410,-8.406,1.045,0.1880,1700.05,1.37228e+06,0.00237469,0.1880,0.0000,-8.292,1.171,3.1410,-0.0078,0.0200
345.53,78.020,0.1880,0.0000,0.0000,-0.0324,-0.0127,-0.0078,0.0200,3.1410,-8.410,1.045,0.1880,1700.05,1.37228e+06,0.00237469,0.1880,0.0000,-8.292,1.171,3.1410,-0.0078,0.0200
345.63,78.040,0.1880,0.0000,0.0000,-0.0324,-0.0127,-0.0078,0.0200,3.1410,-8.414,1.045,0.1880,1700.12,1.37591e+06,0.00237469,0.1880,0.0000,-8.299,1.171,3.1410,-0.0078,0.0200
345.73,78.060,0.1880,0.0000,0.0000,-0.0324,-0.0127,-0.0078,0.0200,3.1410,-8.419,1.045,0.1880,1700.17,1.37863e+06,0.00209788,0.1880,0.0000,-8.305,1.171,3.1410,-0.0078,0.0200
345.83,78.080,0.1880,0.0000,0.0000,-0.0324,-0.0127,-0.0078,0.0200,3.1410,-8.423,1.045,0.1880,1700.17,1.37863e+06,0.00209788,0.1880,0.0000,-8.305,1.171,3.1410,-0.0078,0.0200
345.93,78.120,0.1880,0.0000,0.0000,-0.0324,-0.0127,-0.0078,0.0200,3.1410,-8.427,1.045,0.1880,1700.22,1.38136e+06,0.00237469,0.1880,0.0000,-8.311,1.171,3.1410,-0.0078,0.0200
346.03,78.140,0.1880,0.0000,0.0000,-0.0324,-0.0127,-0.0078,0.0200,3.1410,-8.431,1.045,0.1880,1700.28,1.385e+06,0.00237469,0.1880,0.0000,-8.318,1.171,3.1410,-0.0078,0.0200
346.13,78.160,0.1880,0.0000,0.0000,-0.0324,-0.0127,-0.0078,0.0200,3.1410,-8.436,1.045,0.1880,1700.33,1.38774e+06,0.00209788,0.1880,0.0000,-8.324,1.171,3.1410,-0.0078,0.0200
346.23,78.180,0.1880,0.0000,0.0000,-0.0324,-0.0127,-0.0078,0.0200,3.1410,-8.440,1.045,0.1880,1700.33,1.38774e+06,0.00209788,0.1880,0.0000,-8.324,1.171,3.1410,-0.0078,0.0200
346.33,78.200,0.1880,0.0000,0.0000,-0.0324,-0.0127,-0.0078,0.0200,3.1410,-8.444,1.045,0.1880,1700.38,1.39048e+06,0.00237469,0.1880,0.0000,-8.330,1.171,3.1410,-0.0078,0.0200
346.43,78.220,0.1880,0.0000,0.0000,-0.0324,-0.0127,-0.0078,0.0200,3.1410,-8.449,1.045,0.1880,1700.45,1.39414e+06,0.00237469,0.1880,0.0000,-8.337,1.171,3.1410,-0.0078,0.0200
346.53,78.240,0.1880,0.0000,0.0000,-0.0324,-0.0127,-0.0078,0.0200,3.1410,-8.453,1.045,0.1880,1700.45,1.39414e+06,0.00237469,0.1880,0.0000,-8.337,1.171,3.1410,-0.0078,0.0200
346.63,78.280,0.1880,0.0000,0.0000,-0.0324,-0.0127,-0.0078,0.0200,3.1410,-8.457,1.045,0.1880,1700.5,1.3969e+06,0.00209788,0.1880,0.0000,-8.343,1.171,3.1410,-0.0078,0.0200
346.73,78.300,0.1880,0.0000,0.0000,-0.0324,-0.0127,-0.0078,0.0200,3.1410,-8.462,1.045,0.1880,1700.55,1.39965e+06,0.00237469,0.1880,0.0000,-8.348,1.171,3.1410,-0.0078,0.0200
346.83,78.320,0.1880,0.0000,0.0000,-0.0324,-0.0126,-0.0078,0.0200,3.1410,-8.466,1.045,0.1880,1700.55,1.39965e+06,0.00237469,0.1880,0.0000,-8.348,1.171,3.1410,-0.0078,0.0200
346.93,78.340,0.1880,0.0000,0.0000,-0.0324,-0.0126,-0.0078,0.0200,3.1410,-8.471,1.045,0.1880,1700.62,1.40333e+06,0.00237469,0.1880,0.0000,-8.356,1.171,3.1410,-0.0078,0.0200
347.03,78.360,0.1880,0.0000,0.0000,-0.0324,-0.0126,-0.0078,0.0200,3.1410,-8.475,1.045,0.1880,1700.66,1.4061e+06,0.00209788,0.1880,0.0000,-8.362,1.171,3.1410,-0.0078,0.0200
347.13,78.380,0.1880,0.0000,0.0000,-0.0324,-0.0126,-0.0078,0.0200,3.1410,-8.479,1.045,0.1880,1700.66,1.4061e+06,0.00209788,0.1880,0.0000,-8.362,1.171,3.1410,-0.0078,0.0200
347.23,78.400,0.1880,0.0000,0.0000,-0.0324,-0.0126,-0.0078,0.0200,3.1410,-8.484,1.045,0.1880,1700.71,1.40887e+06,0.00237469,0.1880,0.0000,-8.367,1.171,3.1410,-0.0078,0.0200
347.33,78.440,0.1880,0.0000,0.0000,-0.0324,-0.0126,-0.0078,0.0200,3.1410,-8.488,1.045,0.1880,1700.78,1.41257e+06,0.00237469,0.1880,0.0000,-8.375,1.171,3.1410,-0.0078,0.0200
347.43,78.460,0.1880,0.0000,0.0000,-0.0324,-0.0126,-0.0078,0.0200,3.1410,-8.492,1.045,0.1880,1700.83,1.41535e+06,0.00209788,0.1880,0.0000,-8.380,1.171,3.1410,-0.0078,0.0200
347.53,78.480,0.1880,0.0000,0.0000,-0.0324,-0.0126,-0.0078,0.0200,3.1410,-8.497,1.045,0.1880,1700.83,1.41535e+06,0.00209788,0.1880,0.0000,-8.380,1.171,3.1410,-0.0078,0.0200
347.63,78.500,0.1880,0.0000,0.0000,-0.0324,-0.0126,-0.0078,0.0200,3.1410,-8.501,1.045,0.1880,1700.88,1.41814e+06,0.00237469,0.1880,0.0000,-8.386,1.171,3.1410,-0.0078,0.0200
347.73,78.520,0.1880,0.0000,0.0000,-0.0324,-0.0126,-0.0078,0.0200,3.1410,-8.505,1.045,0.1880,1700.95,1.42186e+06,0.00237469,0.1880,0.0000,-8.393,1.171,3.1410,-0.0078,0.0200
347.83,78.560,0.1880,0.0000,0.0000,-0.0324,-0.0126,-0.0078,0.0200,3.1410,-8.510,1.045,0.1880,1700.95,1.42186e+06,0.00237469,0.1880,0.0000,-8.393,1.171,3.1410,-0.0078,0.0200
347.93,78.580,0.1880,0.0000,0.0000,-0.0324,-0.0126,-0.0078,0.0200,3.1410,-8.514,1.045,0.1880,1701,1.42465e+06,0.00209788,0.1880,0.0000,-8.399,1.171,3.1410,-0.0078,0.0200
348.03,78.600,0.1880,0.0000,0.0000,-0.0324,-0.0126,-0.0078,0.0200,3.1410,-8.519,1.045,0.1880,1701.05,1.42745e+06,0.00237469,0.1880,0.0000,-8.405,1.171,3.1410,-0.0078,0.0200
348.13,78.620,0.1880,0.0000,0.0000,-0.0324,-0.0126,-0.0078,0.0200,3.1410,-8.523,1.045,0.1880,1701.05,1.42745e+06,0.00237469,0.1880,0.0000,-8.405,1.171,3.1410,-0.0078,0.0200
348.23,78.640,0.1880,0.0000,0.0000,-0.0324,-0.0126,-0.0078,0.0200,3.1410,-8.527,1.045,0.1880,1701.11,1.43119e+06,0.00237469,0.1880,0.0000,-8.412,1.171,3.1410,-0.0078,0.0200
348.33,78.660,0.1880,0.0000,0.0000,-0.0324,-0.0126,-0.0078,0.0200,3.1410,-8.531,1.045,0.1880,1701.16,1.434e+06,0.00209788,0.1880,0.0000,-8.418,1.171,3.1410,-0.0078,0.0200
348.43,78.680,0.1880,0.0000,0.0000,-0.0324,-0.0126,-0.0078,0.0200,3.1410,-8.536,1.045,0.1880,1701.21,1.43681e+06,0.00237469,0.1880,0.0000,-8.424,1.171,3.1410,-0.0078,0.0200
348.53,78.720,0.1880,0.0000,0.0000,-0.0324,-0.0126,-0.0078,0.0200,3.1410,-8.540,1.045,0.1880,1701.21,1.43681e+06,0.00237469,0.1880,0.0000,-8.424,1.171,3.1410,-0.0078,0.0200
348.63,78.740,0.1880,0.0000,0.0000,-0.0324,-0.0126,-0.0078,0.0200,3.1410,-8.544,1.045,0.1880,1701.28,1.44057e+06,0.00237469,0.1880,0.0000,-8.431,1.171,3.1410,-0.0078,0.0200
348.73,78.760,0.1880,0.0000,0.0000,-0.0324,-0.0126,-0.0078,0.0200,3.1410,-8.549,1.045,0.1880,1701.28,1.44057e+06,0.00237469,0.1880,0.0000,-8.431,1.171,3.1410,-0.0078,0.0200
348.83,78.780,0.1880,0.0000,0.0000,-0.0324,-0.0126,-0.0078,0.0200,3.1410,-8.553,1.045,0.1880,1701.33,1.4434e+06,0.00209788,0.1880,0.0000,-8.437,1.171,3.1410,-0.0078,0.0200
348.93,78.800,0.1880,0.0000,0.0000,-0.0324,-0.0126,-0.0078,0.0200,3.1410,-8.557,1.045,0.1880,1701.38,1.44623e+06,0.00237469,0.1880,0.0000,-8.442,1.171,3.1410,-0.0078,0.0200
349.03,78.820,0.1880,0.0000,0.0000,-0.0324,-0.0126,-0.0078,0.0200,3.1410,-8.562,1.045,0.1880,1701.44,1.45e+06,0.00237469,0.1880,0.0000,-8.450,1.171,3.1410,-0.0078,0.0200
349.13,78.840,0.1880,0.0000,0.0000,-0.0324,-0.0126,-0.0078,0.0200,3.1410,-8.566,1.045,0.1880,1701.44,1.45e+06,0.00237469,0.1880,0.0000,-8.450,1.171,3.1410,-0.0078,0.0200
349.23,78.880,0.1880,0.0000,0.0000,-0.0324,-0.0127,-0.0078,0.0200,3.1410,-8.570,1.045,0.1880,1701.49,1.45284e+06,0.00209788,0.1880,0.0000,-8.456,1.171,3.1410,-0.0078,0.0200
349.33,78.900,0.1880,0.0000,0.0000,-0.0324,-0.0127,-0.0078,0.0200,3.1410,-8.575,1.045,0.1880,1701.54,1.45569e+06,0.00237469,0.1880,0.0000,-8.461,1.171,3.1410,-0.0078,0.0200
349.43,78.920,0.1880,0.0000,0.0000,-0.0324,-0.0127,-0.0078,0.0200,3.1410,-8.579,1.045,0.1880,1701.54,1.45569e+06,0.00237469,0.1880,0.0000,-8.461,1.171,3.1410,-0.0078,0.0200
349.53,78.940,0.1880,0.0000,0.0000,-0.0324,-0.0127,-0.0078,0.0200,3.1410,-8.583,1.045,0.1880,1701.61,1.45948e+06,0.00237469,0.1880,0.0000,-8.469,1.171,3.1410,-0.0078,0.0200
349.63,78.960,0.1880,0.0000,0.0000,-0.0324,-0.0127,-0.0078,0.0200,3.1410,-8.588,1.045,0.1880,1701.66,1.46234e+06,0.00209788,0.1880,0.0000,-8.474,1.171,3.1410,-0.0078,0.0200
349.73,78.980,0.1880,0.0000,0.0000,-0.0324,-0.0127,-0.0078,0.0200,3.1410,-8.592,1.045,0.1880,1701.66,1.46234e+06,0.00209788,0.1880,0.0000,-8.474,1.171,3.1410,-0.0078,0.0200
349.83,79.000,0.1880,0.0000,0.0000,-0.0324,-0.0127,-0.0078,0.0200,3.1410,-8.596,1.045,0.1880,1701.71,1.46519e+06,0.00237469,0.1880,0.0000,-8.480,1.171,3.1410,-0.0078,0.0200
349.93,79.040,0.1880,0.0000,0.0000,-0.0324,-0.0127,-0.0078,0.0200,3.1410,-8.601,1.045,0.1880,1701.78,1.46901e+06,0.00237469,0.1880,0.0000,-8.487,1.171,3.1410,-0.0078,0.0200
350.03,79.060,0.1880,0.0000,0.0000,-0.0324,-0.0127,-0.0078,0.0200,3.1410,-8.605,1.045,0.1880,1701.82,1.47188e+06,0.00209788,0.1880,0.0000,-8.493,1.171,3.1410,-0.0078,0.0200
350.13,79.080,0.1880,0.0000,0.0000,-0.0324,-0.0127,-0.0078,0.0200,3.1410,-8.609,1.045,0.1880,1701.82,1.47188e+06,0.00209788,0.1880,0.0000,-8.493,1.171,3.1410,-0.0078,0.0200
350.23,79.100,0.1880,0.0000,0.0000,-0.0324,-0.0127,-0.0078,0.0200,3.1410,-8.613,1.045,0.1880,1701.87,1.47475e+06,0.00237469,0.1880,0.0000,-8.499,1.171,3.1410,-0.0078,0.0200
350.33,79.120,0.1880,0.0000,0.0000,-0.0324,-0.0127,-0.0078,0.0200,3.1410,-8.618,1.045,0.1880,1701.94,1.47859e+06,0.00237469,0.1880,0.0000,-8.506,1.171,3.1410,-0.0078,0.0200
350.43,79.140,0.1880,0.0000,0.0000,-0.0324,-0.0127,-0.0078,0.0200,3.1410,-8.622,1.045,0.1880,1701.94,1.47859e+06,0.00237469,0.1880,0.0000,-8.506,1.171,3.1410,-0.0078,0.0200
350.53,79.180,0.1880,0.0000,0.0000,-0.0324,-0.0127,-0.0078,0.0200,3.1410,-8.627,1.045,0.1880,1701.99,1.48147e+06,0.00209788,0.1880,0.0000,-8.512,1.171,3.1410,-0.0078,0.0200
350.63,79.200,0.1880,0.0000,0.0000,-0.0324,-0.0127,-0.0078,0.0200,3.1410,-8.631,1.045,0.1880,1702.04,1.48436e+06,0.00237469,0.1880,0.0000,-8.518,1.171,3.1410,-0.0078,0.0200
350.73,79.220,0.1880,0.0000,0.0000,-0.0324,-0.0126,-0.0078,0.0200,3.1410,-8.635,1.045,0.1880,1702.04,1.48436e+06,0.00237469,0.1880,0.0000,-8.518,1.171,3.1410,-0.0078,0.0200
350.83,79.240,0.1880,0.0000,0.0000,-0.0324,-0.0127,-0.0078,0.0200,3.1410,-8.640,1.045,0.1880,1702.11,1.48822e+06,0.00237469,0.1880,0.0000,-8.525,1.171,3.1410,-0.0078,0.0200
350.93,79.260,0.1880,0.0000,0.0000,-0.0324,-0.0127,-0.0078,0.0200,3.1410,-8.644,1.045,0.1880,1702.16,1.49111e+06,0.00209788,0.1880,0.0000,-8.531,1.171,3.1410,-0.0078,0.0200
351.03,79.280,0.1880,0.0000,0.0000,-0.0324,-0.0127,-0.0078,0.0200,3.1410,-8.649,1.045,0.1880,1702.21,1.49402e+06,0.00237469,0.1880,0.0000,-8.536,1.171,3.1410,-0.0078,0.0200
351.13,79.320,0.1880,0.0000,0.0000,-0.0324,-0.0127,-0.0078,0.0200,3.1410,-8.653,1.045,0.1880,1702.21,1.49402e+06,0.00237469,0.1880,0.0000,-8.536,1.171,3.1410,-0.0078,0.0200
351.23,79.340,0.1880,0.0000,0.0000,-0.0324,-0.0127,-0.0078,0.0200,3.1410,-8.657,1.045,0.1880,1702.27,1.49789e+06,0.00237469,0.1880,0.0000,-8.544,1.171,3.1410,-0.0078,0.0200
351.33,79.360,0.1880,0.0000,0.0000,-0.0324,-0.0127,-0.0078,0.0200,3.1410,-8.662,1.045,0.1880,1702.32,1.50081e+06,0.00209788,0.1880,0.0000,-8.550,1.171,3.1410,-0.0078,0.0200
351.43,79.380,0.1880,0.0000,0.0000,-0.0324,-0.0127,-0.0078,0.0200,3.1410,-8.666,1.045,0.1880,1702.32,1.50081e+06,0.00209788,0.1880,0.0000,-8.550,1.171,3.1410,-0.0078,0.0200
351.53,79.400,0.1880,0.0000,0.0000,-0.0324,-0.0127,-0.0078,0.0200,3.1410,-8.670,1.045,0.1880,1702.37,1.50372e+06,0.00237469,0.1880,0.0000,-8.555,1.171,3.1410,-0.0078,0.0200
351.63,79.420,0.1880,0.0000,0.0000,-0.0324,-0.0127,-0.0078,0.0200,3.1410,-8.674,1.045,0.1880,1702.44,1.50762e+06,0.00237469,0.1880,0.0000,-8.563,1.171,3.1410,-0.0078,0.0200
351.73,79.440,0.1880,0.0000,0.0000,-0.0324,-0.0127,-0.0078,0.0200,3.1410,-8.679,1.045,0.1880,1702.44,1.50762e+06,0.00237469,0.1880,0.0000,-8.563,1.171,3.1410,-0.0078,0.0200
351.83,79.480,0.1880,0.0000,0.0000,-0.0324,-0.0127,-0.0078,0.0200,3.1410,-8.683,1.045,0.1880,1702.49,1.51055e+06,0.00209788,0.1880,0.0000,-8.568,1.171,3.1410,-0.0078,0.0200
351.93,79.500,0.1880,0.0000,0.0000,-0.0324,-0.0127,-0.0078,0.0200,3.1410,-8.687,1.045,0.1880,1702.54,1.51348e+06,0.00237469,0.1880,0.0000,-8.574,1.171,3.1410,-0.0078,0.0200
352.03,79.520,0.1880,0.0000,0.0000,-0.0324,-0.0127,-0.0078,0.0200,3.1410,-8.691,1.045,0.1880,1702.54,1.51348e+06,0.00237469,0.1880,0.0000,-8.574,1.171,3.1410,-0.0078,0.0200
352.13,79.540,0.1880,0.0000,0.0000,-0.0324,-0.0127,-0.0078,0.0200,3.1410,-8.696,1.045,0.1880,1702.6,1.51739e+06,0.00237469,0.1880,0.0000,-8.581,1.171,3.1410,-0.0078,0.0200
354.82,80.160,0.1880,0.0002,0.0002,-0.0324,-0.0126,-0.0078,0.0200,3.1411,-8.811,1.045,0.1879,1703.54,1.57711e+06,0.00237469,0.1880,0.0002,-8.694,1.171,3.1411,-0.0078,0.0200
354.92,80.180,0.1880,0.0002,0.0002,-0.0324,-0.0126,-0.0078,0.0200,3.1411,-8.815,1.045,0.1879,1703.58,1.58014e+06,0.00209788,0.1880,0.0002,-8.700,1.171,3.1411,-0.0078,0.0200
355.02,80.200,0.1880,0.0002,0.0002,-0.0324,-0.0126,-0.0078,0.0200,3.1411,-8.819,1.045,0.1880,1703.63,1.58318e+06,0.00237469,0.1880,0.0002,-8.706,1.171,3.1411,-0.0078,0.0200
355.12,80.220,0.1880,0.0002,0.0002,-0.0324,-0.0126,-0.0078,0.0200,3.1412,-8.823,1.045,0.1880,1703.63,1.58318e+06,0.00237469,0.1880,0.0002,-8.706,1.171,3.1411,-0.0078,0.0200
355.22,80.240,0.1880,0.0002,0.0002,-0.0324,-0.0126,-0.0078,0.0200,3.1412,-8.828,1.045,0.1880,1703.68,1.58724e+06,0.00237469,0.1880,0.0002,-8.713,1.171,3.1412,-0.0078,0.0200
355.32,80.260,0.1880,0.0002,0.0002,-0.0324,-0.0126,-0.0078,0.0200,3.1412,-8.832,1.045,0.1880,1703.72,1.59029e+06,0.00209788,0.1880,0.0002,-8.719,1.171,3.1412,-0.0078,0.0200
355.42,80.280,0.1880,0.0002,0.0002,-0.0324,-0.0126,-0.0078,0.0200,3.1412,-8.837,1.045,0.1880,1703.72,1.59029e+06,0.00209788,0.1880,0.0002,-8.719,1.171,3.1412,-0.0078,0.0200
355.52,80.320,0.1880,0.0002,0.0001,-0.0324,-0.0126,-0.0078,0.0200,3.1412,-8.841,1.045,0.1880,1703.76,1.59334e+06,0.00237469,0.1880,0.0002,-8.724,1.171,3.1412,-0.0078,0.0200
355.62,80.340,0.1880,0.0002,0.0001,-0.0324,-0.0126,-0.0078,0.0200,3.1412,-8.845,1.045,0.1880,1703.81,1.59742e+06,0.00237469,0.1880,0.0002,-8.732,1.171,3.1412,-0.0078,0.0200
355.72,80.360,0.1880,0.0002,0.0001,-0.0324,-0.0126,-0.0078,0.0200,3.1412,-8.850,1.045,0.1880,1703.85,1.60048e+06,0.00209788,0.1880,0.0002,-8.737,1.171,3.1412,-0.0078,0.0200
355.82,80.380,0.1880,0.0002,0.0001,-0.0324,-0.0126,-0.0078,0.0200,3.1412,-8.854,1.045,0.1880,1703.85,1.60048e+06,0.00209788,0.1880,0.0002,-8.737,1.171,3.1412,-0.0078,0.0200
355.92,80.400,0.1880,0.0002,0.0001,-0.0324,-0.0126,-0.0078,0.0200,3.1412,-8.858,1.045,0.1880,1703.89,1.60355e+06,0.00237469,0.1880,0.0002,-8.743,1.171,3.1412,-0.0078,0.0200
356.02,80.420,0.1880,0.0002,0.0001,-0.0324,-0.0126,-0.0078,0.0200,3.1412,-8.863,1.045,0.1880,1703.94,1.60765e+06,0.00237469,0.1880,0.0002,-8.751,1.171,3.1412,-0.0078,0.0200
356.12,80.460,0.1880,0.0002,0.0001,-0.0324,-0.0126,-0.0078,0.0200,3.1412,-8.867,1.045,0.1880,1703.94,1.60765e+06,0.00237469,0.1880,0.0002,-8.751,1.171,3.1412,-0.0078,0.0200
356.23,80.480,0.1880,0.0002,0.0001,-0.0324,-0.0126,-0.0078,0.0200,3.1412,-8.872,1.045,0.1880,1703.98,1.61073e+06,0.00209788,0.1880,0.0002,-8.756,1.171,3.1412,-0.0078,0.0200
356.32,80.500,0.1880,0.0002,0.0001,-0.0324,-0.0126,-0.0078,0.0200,3.1412,-8.876,1.045,0.1880,1704.02,1.61382e+06,0.00237469,0.1880,0.0001,-8.762,1.171,3.1412,-0.0078,0.0200
356.42,80.520,0.1880,0.0001,0.0001,-0.0324,-0.0126,-0.0078,0.0200,3.1412,-8.880,1.045,0.1880,1704.02,1.61382e+06,0.00237469,0.1880,0.0001,-8.762,1.171,3.1412,-0.0078,0.0200
356.52,80.540,0.1880,0.0001,0.0001,-0.0324,-0.0126,-0.0078,0.0200,3.1412,-8.884,1.045,0.1880,1704.06,1.61794e+06,0.00237469,0.1880,0.0001,-8.769,1.171,3.1412,-0.0078,0.0200
356.62,80.560,0.1880,0.0001,0.0001,-0.0324,-0.0126,-0.0078,0.0200,3.1412,-8.889,1.045,0.1880,1704.1,1.62103e+06,0.00209788,0.1880,0.0001,-8.775,1.171,3.1412,-0.0078,0.0200
356.72,80.580,0.1880,0.0001,0.0001,-0.0324,-0.0126,-0.0078,0.0200,3.1412,-8.893,1.045,0.1880,1704.14,1.62413e+06,0.00237469,0.1880,0.0001,-8.781,1.171,3.1412,-0.0078,0.0200
356.82,80.620,0.1880,0.0001,0.0001,-0.0324,-0.0126,-0.0078,0.0200,3.1412,-8.897,1.045,0.1880,1704.14,1.62413e+06,0.00237469,0.1880,0.0001,-8.781,1.171,3.1412,-0.0078,0.0200
356.92,80.640,0.1880,0.0001,0.0001,-0.0324,-0.0126,-0.0078,0.0200,3.1412,-8.901,1.045,0.1880,1704.19,1.62827e+06,0.00237469,0.1880,0.0001,-8.788,1.171,3.1412,-0.0078,0.0200
357.02,80.660,0.1880,0.0001,0.0001,-0.0324,-0.0126,-0.0078,0.0200,3.1412,-8.905,1.045,0.1880,1704.19,1.62827e+06,0.00237469,0.1880,0.0001,-8.788,1.171,3.1412,-0.0078,0.0200
357.12,80.680,0.1880,0.0001,0.0001,-0.0324,-0.0126,-0.0078,0.0200,3.1412,-8.909,1.045,0.1880,1704.22,1.63138e+06,0.00209788,0.1880,0.0001,-8.794,1.171,3.1412,-0.0078,0.0200
357.22,80.700,0.1880,0.0001,0.0001,-0.0324,-0.0126,-0.0078,0.0200,3.1412,-8.913,1.045,0.1880,1704.26,1.6345e+06,0.00237469,0.1880,0.0001,-8.800,1.171,3.1412,-0.0078,0.0200
357.32,80.720,0.1880,0.0001,0.0001,-0.0324,-0.0126,-0.0078,0.0200,3.1412,-8.917,1.045,0.1880,1704.26,1.6345e+06,0.00237469,0.1880,0.0001,-8.800,1.171,3.1412,-0.0078,0.0200
357.42,80.740,0.1880,0.0001,0.0001,-0.0324,-0.0126,-0.0078,0.0200,3.1412,-8.922,1.045,0.1880,1704.3,1.63866e+06,0.00237469,0.1880,0.0001,-8.807,1.171,3.1412,-0.0078,0.0200
357.52,80.760,0.1880,0.0001,0.0001,-0.0324,-0.0126,-0.0078,0.0200,3.1412,-8.926,1.045,0.1880,1704.34,1.64179e+06,0.00209788,0.1880,0.0001,-8.813,1.171,3.1412,-0.0078,0.0200
357.62,80.780,0.1880,0.0001,0.0001,-0.0324,-0.0126,-0.0078,0.0200,3.1412,-8.931,1.045,0.1880,1704.34,1.64179e+06,0.00209788,0.1880,0.0001,-8.813,1.171,3.1412,-0.0078,0.0200
357.72,80.820,0.1880,0.0001,0.0000,-0.0294,-0.0113,-0.0078,0.0200,3.1412,-8.935,1.045,0.1880,1704.37,1.64492e+06,0.00237469,0.1880,0.0001,-8.818,1.171,3.1412,-0.0078,0.0200
357.82,80.840,0.1880,0.0001,0.0001,-0.0324,-0.0126,-0.0078,0.0200,3.1412,-8.939,1.045,0.1880,1704.42,1.6491e+06,0.00237469,0.1880,0.0001,-8.826,1.171,3.1412,-0.0078,0.0200
357.92,80.860,0.1880,0.0001,0.0001,-0.0324,-0.0126,-0.0078,0.0200,3.1412,-8.943,1.045,0.1880,1704.46,1.65225e+06,0.00209788,0.1880,0.0001,-8.831,1.171,3.1412,-0.0078,0.0200
358.02,80.880,0.1880,0.0001,0.0001,-0.0324,-0.0126,-0.0078,0.0200,3.1412,-8.948,1.045,0.1880,1704.46,1.65225e+06,0.00209788,0.1880,0.0001,-8.831,1.171,3.1412,-0.0078,0.0200
358.12,80.900,0.1880,0.0001,0.0001,-0.0324,-0.0126,-0.0078,0.0200,3.1412,-8.952,1.045,0.1880,1704.49,1.65539e+06,0.00237469,0.1880,0.0001,-8.837,1.171,3.1412,-0.0078,0.0200
358.22,80.920,0.1880,0.0001,0.0001,-0.0324,-0.0126,-0.0078,0.0200,3.1412,-8.957,1.045,0.1880,1704.54,1.6596e+06,0.00237469,0.1880,0.0001,-8.845,1.171,3.1412,-0.0078,0.0200
358.32,80.960,0.1880,0.0001,0.0001,-0.0324,-0.0126,-0.0078,0.0200,3.1412,-8.961,1.045,0.1880,1704.54,1.6596e+06,0.00237469,0.1880,0.0001,-8.845,1.171,3.1412,-0.0078,0.0200
358.42,80.980,0.1880,0.0001,0.0001,-0.0324,-0.0126,-0.0078,0.0200,3.1412,-8.965,1.045,0.1880,1704.57,1.66276e+06,0.00209788,0.1880,0.0001,-8.850,1.171,3.1412,-0.0078,0.0200
358.52,81.000,0.1880,0.0001,0.0001,-0.0324,-0.0126,-0.0078,0.0200,3.1412,-8.970,1.045,0.1880,1704.6,1.66592e+06,0.00237469,0.1880,0.0001,-8.856,1.171,3.1412,-0.0078,0.0200
358.62,81.020,0.1880,0.0001,0.0001,-0.0324,-0.0126,-0.0078,0.0200,3.1412,-8.974,1.045,0.1880,1704.6,1.66592e+06,0.00237469,0.1880,0.0001,-8.856,1.171,3.1412,-0.0078,0.0200
358.72,81.040,0.1880,0.0001,0.0001,-0.0324,-0.0126,-0.0078,0.0200,3.1412,-8.978,1.045,0.1880,1704.65,1.67014e+06,0.00237469,0.1880,0.0001,-8.863,1.171,3.1412,-0.0078,0.0200
358.82,81.060,0.1880,0.0001,0.0001,-0.0324,-0.0126,-0.0078,0.0200,3.1412,-8.983,1.045,0.1880,1704.68,1.67332e+06,0.00209788,0.1880,0.0001,-8.869,1.171,3.1412,-0.0078,0.0200
358.92,81.100,0.1880,0.0001,0.0001,-0.0324,-0.0126,-0.0078,0.0200,3.1412,-8.987,1.045,0.1880,1704.71,1.6765e+06,0.00237469,0.1880,0.0001,-8.875,1.171,3.1412,-0.0078,0.0200
359.02,81.120,0.1880,0.0001,0.0001,-0.0324,-0.0126,-0.0078,0.0200,3.1412,-8.992,1.045,0.1880,1704.71,1.6765e+06,0.00237469,0.1880,0.0001,-8.875,1.171,3.1412,-0.0078,0.0200
359.12,81.140,0.1880,0.0001,0.0001,-0.0324,-0.0126,-0.0078,0.0200,3.1412,-8.996,1.045,0.1880,1704.76,1.68074e+06,0.00237469,0.1880,0.0001,-8.882,1.171,3.1412,-0.0078,0.0200
359.22,81.160,0.1880,0.0001,0.0001,-0.0324,-0.0126,-0.0078,0.0200,3.1412,-9.000,1.045,0.1880,1704.79,1.68393e+06,0.00209788,0.1880,0.0001,-8.888,1.171,3.1412,-0.0078,0.0200
359.32,81.180,0.1880,0.0001,0.0001,-0.0324,-0.0126,-0.0078,0.0200,3.1412,-9.005,1.045,0.1880,1704.79,1.68393e+06,0.00209788,0.1880,0.0001,-8.888,1.171,3.1412,-0.0078,0.0200
359.42,81.200,0.1880,0.0001,0.0000,-0.0324,-0.0126,-0.0078,0.0200,3.1412,-9.009,1.045,0.1880,1704.82,1.68713e+06,0.00237469,0.1880,0.0001,-8.894,1.171,3.1412,-0.0078,0.0200
359.52,81.220,0.1880,0.0001,0.0000,-0.0324,-0.0126,-0.0078,0.0200,3.1412,-9.013,1.045,0.1880,1704.87,1.6914e+06,0.00237469,0.1880,0.0001,-8.901,1.171,3.1412,-0.0078,0.0200
359.62,81.260,0.1880,0.0001,0.0000,-0.0324,-0.0126,-0.0078,0.0200,3.1412,-9.018,1.045,0.1880,1704.87,1.6914e+06,0.00237469,0.1880,0.0001,-8.901,1.171,3.1412,-0.0078,0.0200
359.73,81.280,0.1880,0.0001,0.0000,-0.0324,-0.0126,-0.0078,0.0200,3.1412,-9.022,1.045,0.1880,1704.9,1.6946e+06,0.00209788,0.1880,0.0001,-8.907,1.171,3.1412,-0.0078,0.0200
359.83,81.300,0.1880,0.0001,0.0000,-0.0324,-0.0126,-0.0078,0.0200,3.1413,-9.026,1.045,0.1880,1704.93,1.69781e+06,0.00237469,0.1880,0.0000,-8.912,1.171,3.1412,-0.0078,0.0200
359.92,81.320,0.1880,0.0000,0.0000,-0.0324,-0.0126,-0.0078,0.0200,3.1413,-9.031,1.045,0.1880,1704.93,1.69781e+06,0.00237469,0.1880,0.0000,-8.912,1.171,3.1412,-0.0078,0.0200
360.02,81.340,0.1880,0.0000,0.0000,-0.0324,-0.0126,-0.0078,0.0200,3.1413,-9.035,1.045,0.1880,1704.97,1.7021e+06,0.00237469,0.1880,0.0000,-8.920,1.171,3.1413,-0.0078,0.0200
360.12,81.360,0.1880,0.0000,0.0000,-0.0324,-0.0126,-0.0078,0.0200,3.1413,-9.040,1.045,0.1880,1705.01,1.70532e+06,0.00209788,0.1880,0.0000,-8.925,1.171,3.1413,-0.0078,0.0200
360.22,81.400,0.1880,0.0000,0.0000,-0.0324,-0.0126,-0.0078,0.0200,3.1413,-9.044,1.045,0.1880,1705.04,1.70855e+06,0.00237469,0.1880,0.0000,-8.931,1.171,3.1413,-0.0078,0.0200
360.32,81.420,0.1880,0.0000,0.0000,-0.0324,-0.0126,-0.0078,0.0200,3.1413,-9.048,1.045,0.1880,1705.04,1.70855e+06,0.00237469,0.1880,0.0000,-8.931,1.171,3.1413,-0.0078,0.0200
360.42,81.440,0.1880,0.0000,0.0000,-0.0324,-0.0126,-0.0078,0.0200,3.1413,-9.053,1.045,0.1880,1705.08,1.71286e+06,0.00237469,0.1880,0.0000,-8.939,1.171,3.1413,-0.0078,0.0200
360.52,81.460,0.1880,0.0000,0.0000,-0.0324,-0.0126,-0.0078,0.0200,3.1413,-9.057,1.045,0.1880,1705.11,1.7161e+06,0.00209788,0.1880,0.0000,-8.944,1.171,3.1413,-0.0078,0.0200
360.62,81.480,0.1880,0.0000,0.0000,-0.0324,-0.0126,-0.0078,0.0200,3.1413,-9.062,1.045,0.1880,1705.11,1.7161e+06,0.00209788,0.1880,0.0000,-8.944,1.171,3.1413,-0.0078,0.0200
360.72,81.500,0.1880,0.0000,0.0000,-0.0324,-0.0126,-0.0078,0.0200,3.1413,-9.066,1.045,0.1880,1705.14,1.71934e+06,0.00237469,0.1880,0.0000,-8.950,1.171,3.1413,-0.0078,0.0200
360.82,81.540,0.1880,0.0000,0.0000,-0.0324,-0.0126,-0.0078,0.0200,3.1413,-9.070,1.045,0.1880,1705.19,1.72367e+06,0.00237469,0.1880,0.0000,-8.957,1.171,3.1413,-0.0078,0.0200
360.92,81.560,0.1880,0.0000,0.0000,-0.0324,-0.0126,-0.0078,0.0200,3.1413,-9.075,1.045,0.1880,1705.19,1.72367e+06,0.00237469,0.1880,0.0000,-8.957,1.171,3.1413,-0.0078,0.0200
361.02,81.580,0.1880,0.0000,0.0000,-0.0324,-0.0126,-0.0078,0.0200,3.1413,-9.079,1.045,0.1880,1705.22,1.72693e+06,0.00209788,0.1880,0.0000,-8.963,1.171,3.1413,-0.0078,0.0200
361.12,81.600,0.1880,0.0000,0.0000,-0.0324,-0.0126,-0.0078,0.0200,3.1413,-9.083,1.045,0.1880,1705.25,1.73019e+06,0.00237469,0.1880,0.0000,-8.969,1.171,3.1413,-0.0078,0.0200
361.22,81.620,0.1880,0.0000,0.0000,-0.0324,-0.0126,-0.0078,0.0200,3.1413,-9.088,1.045,0.1880,1705.29,1.73454e+06,0.00237469,0.1880,0.0000,-8.976,1.171,3.1413,-0.0078,0.0200
361.32,81.640,0.1880,0.0000,0.0000,-0.0324,-0.0126,-0.0078,0.0200,3.1413,-9.092,1.045,0.1880,1705.29,1.73454e+06,0.00237469,0.1880,0.0000,-8.976,1.171,3.1413,-0.0078,0.0200
361.42,81.680,0.1880,0.0000,0.0000,-0.0324,-0.0126,-0.0078,0.0200,3.1413,-9.096,1.045,0.1880,1705.32,1.73781e+06,0.00209788,0.1880,0.0000,-8.982,1.171,3.1413,-0.0078,0.0200
361.52,81.700,0.1880,0.0000,0.0000,-0.0324,-0.0126,-0.0078,0.0200,3.1413,-9.101,1.045,0.1880,1705.35,1.74109e+06,0.00237469,0.1880,0.0000,-8.988,1.171,3.1413,-0.0078,0.0200
361.62,81.720,0.1880,0.0000,0.0000,-0.0324,-0.0126,-0.0078,0.0200,3.1413,-9.105,1.045,0.1880,1705.35,1.74109e+06,0.00237469,0.1880,0.0000,-8.988,1.171,3.1413,-0.0078,0.0200
361.72,81.740,0.1880,0.0000,0.0000,-0.0324,-0.0126,-0.0078,0.0200,3.1413,-9.109,1.045,0.1880,1705.39,1.74546e+06,0.00237469,0.1880,0.0000,-8.995,1.171,3.1413,-0.0078,0.0200
361.82,81.760,0.1880,0.0000,0.0000,-0.0324,-0.0126,-0.0078,0.0200,3.1413,-9.114,1.045,0.1880,1705.43,1.74875e+06,0.00209788,0.1880,0.0000,-9.001,1.171,3.1413,-0.0078,0.0200
361.92,81.780,0.1880,0.0000,0.0000,-0.0324,-0.0126,-0.0078,0.0200,3.1413,-9.118,1.045,0.1880,1705.43,1.74875e+06,0.00209788,0.1880,0.0000,-9.001,1.171,3.1413,-0.0078,0.0200
362.02,81.820,0.1880,0.0000,0.0000,-0.0324,-0.0126,-0.0078,0.0200,3.1413,-9.123,1.045,0.1880,1705.46,1.75204e+06,0.00237469,0.1880,0.0000,-9.006,1.171,3.1413,-0.0078,0.0200
362.12,81.840,0.1880,0.0000,0.0000,-0.0324,-0.0126,-0.0078,0.0200,3.1413,-9.127,1.045,0.1880,1705.5,1.75644e+06,0.00237469,0.1880,0.0000,-9.014,1.171,3.1413,-0.0078,0.0200
362.22,81.860,0.1880,0.0000,0.0000,-0.0324,-0.0126,-0.0078,0.0200,3.1413,-9.132,1.045,0.1880,1705.53,1.75974e+06,0.00209788,0.1880,0.0000,-9.019,1.171,3.1413,-0.0078,0.0200
362.32,81.880,0.1880,0.0000,0.0000,-0.0324,-0.0126,-0.0078,0.0200,3.1413,-9.136,1.045,0.1880,1705.53,1.75974e+06,0.00209788,0.1880,0.0000,-9.019,1.171,3.1413,-0.0078,0.0200
362.42,81.900,0.1880,0.0000,0.0000,-0.0324,-0.0126,-0.0078,0.0200,3.1413,-9.140,1.045,0.1880,1705.56,1.76305e+06,0.00237469,0.1880,0.0000,-9.025,1.171,3.1413,-0.0078,0.0200
362.52,81.920,0.1880,0.0000,0.0000,-0.0324,-0.0126,-0.0078,0.0200,3.1413,-9.145,1.045,0.1880,1705.6,1.76747e+06,0.00237469,0.1880,0.0000,-9.033,1.171,3.1413,-0.0078,0.0200
362.62,81.960,0.1880,0.0000,0.0000,-0.0324,-0.0126,-0.0078,0.0200,3.1413,-9.149,1.045,0.1880,1705.6,1.76747e+06,0.00237469,0.1880,0.0000,-9.033,1.171,3.1413,-0.0078,0.0200
362.72,81.980,0.1880,0.0000,0.0000,-0.0324,-0.0126,-0.0078,0.0200,3.1413,-9.154,1.045,0.1880,1705.63,1.77079e+06,0.00209788,0.1880,0.0000,-9.038,1.171,3.1413,-0.0078,0.0200
362.83,82.000,0.1880,0.0000,0.0000,-0.0324,-0.0126,-0.0078,0.0200,3.1413,-9.158,1.045,0.1880,1705.66,1.77411e+06,0.00237469,0.1880,0.0000,-9.044,1.171,3.1413,-0.0078,0.0200
362.92,82.020,0.1880,0.0000,0.0000,-0.0324,-0.0126,-0.0078,0.0200,3.1413,-9.162,1.045,0.1880,1705.66,1.77411e+06,0.00237469,0.1880,0.0000,-9.044,1.171,3.1413,-0.0078,0.0200
363.02,82.040,0.1880,0.0000,0.0000,-0.0324,-0.0126,-0.0078,0.0200,3.1413,-9.167,1.045,0.1880,1705.7,1.77855e+06,0.00237469,0.1880,0.0000,-9.051,1.171,3.1413,-0.0078,0.0200
363.12,82.060,0.1880,0.0000,0.0000,-0.0324,-0.0126,-0.0078,0.0200,3.1413,-9.171,1.045,0.1880,1705.73,1.78189e+06,0.00209788,0.1880,0.0000,-9.057,1.171,3.1413,-0.0078,0.0200
363.22,82.100,0.1880,0.0000,0.0000,-0.0324,-0.0126,-0.0078,0.0200,3.1413,-9.176,1.045,0.1880,1705.77,1.78523e+06,0.00237469,0.1880,0.0000,-9.063,1.171,3.1413,-0.0078,0.0200
363.32,82.120,0.1880,0.0000,0.0000,-0.0324,-0.0126,-0.0078,0.0200,3.1413,-9.180,1.045,0.1880,1705.77,1.78523e+06,0.00237469,0.1880,0.0000,-9.063,1.171,3.1413,-0.0078,0.0200
363.42,82.140,0.1880,0.0000,0.0000,-0.0324,-0.0126,-0.0078,0.0200,3.1413,-9.184,1.045,0.1880,1705.81,1.78969e+06,0.00237469,0.1880,0.0000,-9.070,1.171,3.1413,-0.0078,0.0200
363.52,82.160,0.1880,0.0000,0.0000,-0.0324,-0.0126,-0.0078,0.0200,3.1413,-9.189,1.045,0.1880,1705.84,1.79305e+06,0.00209788,0.1880,0.0000,-9.076,1.171,3.1413,-0.0078,0.0200
363.62,82.180,0.1880,0.0000,0.0000,-0.0324,-0.0126,-0.0078,0.0200,3.1413,-9.193,1.045,0.1880,1705.84,1.79305e+06,0.00209788,0.1880,0.0000,-9.076,1.171,3.1413,-0.0078,0.0200
363.72,82.200,0.1880,0.0000,0.0000,-0.0324,-0.0126,-0.0078,0.0200,3.1413,-9.197,1.045,0.1880,1705.87,1.7964e+06,0.00237469,0.1880,0.0000,-9.082,1.171,3.1413,-0.0078,0.0200
363.82,82.240,0.1880,0.0000,0.0000,-0.0324,-0.0126,-0.0078,0.0200,3.1413,-9.202,1.045,0.1880,1705.91,1.80089e+06,0.00237469,0.1880,0.0000,-9.089,1.171,3.1413,-0.0078,0.0200
363.92,82.260,0.1880,0.0000,0.0000,-0.0324,-0.0126,-0.0078,0.0200,3.1413,-9.206,1.045,0.1880,1705.91,1.80089e+06,0.00237469,0.1880,0.0000,-9.089,1.171,3.1413,-0.0078,0.0200
364.02,82.280,0.1880,0.0000,0.0000,-0.0324,-0.0126,-0.0078,0.0200,3.1413,-9.211,1.045,0.1880,1705.94,1.80426e+06,0.00209788,0.1880,0.0000,-9.095,1.171,3.1413,-0.0078,0.0200
364.12,82.300,0.1880,0.0000,0.0000,-0.0324,-0.0126,-0.0078,0.0200,3.1413,-9.215,1.045,0.1880,1705.97,1.80763e+06,0.00237469,0.1880,0.0000,-9.100,1.171,3.1413,-0.0078,0.0200
364.22,82.320,0.1880,0.0000,0.0000,-0.0324,-0.0126,-0.0078,0.0200,3.1413,-9.219,1.045,0.1880,1706.01,1.81214e+06,0.00237469,0.1880,0.0000,-9.108,1.171,3.1413,-0.0078,0.0200
364.32,82.340,0.1880,0.0000,0.0000,-0.0324,-0.0126,-0.0078,0.0200,3.1413,-9.224,1.045,0.1880,1706.01,1.81214e+06,0.00237469,0.1880,0.0000,-9.108,1.171,3.1413,-0.0078,0.0200
364.42,82.380,0.1880,0.0000,0.0000,-0.0324,-0.0126,-0.0078,0.0200,3.1413,-9.228,1.045,0.1880,1706.04,1.81552e+06,0.00209788,0.1880,0.0000,-9.113,1.171,3.1413,-0.0078,0.0200
364.52,82.400,0.1880,0.0000,0.0000,-0.0324,-0.0126,-0.0078,0.0200,3.1413,-9.232,1.045,0.1880,1706.07,1.81891e+06,0.00237469,0.1880,0.0000,-9.119,1.171,3.1413,-0.0078,0.0200
364.62,82.420,0.1880,0.0000,0.0000,-0.0324,-0.0126,-0.0078,0.0200,3.1413,-9.236,1.045,0.1880,1706.07,1.81891e+06,0.00237469,0.1880,0.0000,-9.119,1.171,3.1413,-0.0078,0.0200
364.72,82.440,0.1880,0.0000,0.0000,-0.0324,-0.0126,-0.0078,0.0200,3.1413,-9.241,1.045,0.1880,1706.11,1.82344e+06,0.00237469,0.1880,0.0000,-9.127,1.171,3.1413,-0.0078,0.0200
364.82,82.460,0.1880,0.0000,0.0000,-0.0324,-0.0126,-0.0078,0.0200,3.1413,-9.245,1.045,0.1880,1706.14,1.82685e+06,0.00209788,0.1880,0.0000,-9.132,1.171,3.1413,-0.0078,0.0200
364.92,82.480,0.1880,0.0000,0.0000,-0.0324,-0.0126,-0.0078,0.0200,3.1413,-9.249,1.045,0.1880,1706.14,1.82685e+06,0.00209788,0.1880,0.0000,-9.132,1.171,3.1413,-0.0078,0.0200
365.02,82.500,0.1880,0.0000,0.0000,-0.0324,-0.0126,-0.0078,0.0200,3.1413,-9.254,1.045,0.1880,1706.17,1.83025e+06,0.00237469,0.1880,0.0000,-9.138,1.171,3.1413,-0.0078,0.0200
365.12,82.540,0.1880,0.0000,0.0000,-0.0324,-0.0126,-0.0078,0.0200,3.1413,-9.258,1.045,0.1880,1706.21,1.83481e+06,0.00237469,0.1880,0.0000,-9.145,1.171,3.1413,-0.0078,0.0200
365.22,82.560,0.1880,0.0000,0.0000,-0.0324,-0.0126,-0.0078,0.0200,3.1413,-9.263,1.045,0.1880,1706.21,1.83481e+06,0.00237469,0.1880,0.0000,-9.145,1.171,3.1413,-0.0078,0.0200
365.32,82.580,0.1880,0.0000,0.0000,-0.0324,-0.0126,-0.0078,0.0200,3.1413,-9.267,1.045,0.1880,1706.24,1.83822e+06,0.00209788,0.1880,0.0000,-9.151,1.171,3.1413,-0.0078,0.0200
365.42,82.600,0.1880,0.0000,0.0000,-0.0324,-0.0126,-0.0078,0.0200,3.1413,-9.271,1.045,0.1880,1706.27,1.84165e+06,0.00237469,0.1880,0.0000,-9.157,1.171,3.1413,-0.0078,0.0200
365.52,82.620,0.1880,0.0000,0.0000,-0.0324,-0.0126,-0.0078,0.0200,3.1413,-9.276,1.045,0.1880,1706.31,1.84622e+06,0.00237469,0.1880,0.0000,-9.164,1.171,3.1413,-0.0078,0.0200
365.62,82.640,0.1880,0.0000,0.0000,-0.0324,-0.0126,-0.0078,0.0200,3.1413,-9.280,1.045,0.1880,1706.31,1.84622e+06,0.00237469,0.1880,0.0000,-9.164,1.171,3.1413,-0.0078,0.0200
365.72,82.680,0.1880,0.0000,0.0000,-0.0324,-0.0126,-0.0078,0.0200,3.1413,-9.284,1.045,0.1880,1706.35,1.84966e+06,0.00209788,0.1880,0.0000,-9.170,1.171,3.1413,-0.0078,0.0200
365.82,82.700,0.1880,0.0000,0.0000,-0.0324,-0.0126,-0.0078,0.0200,3.1413,-9.288,1.045,0.1880,1706.38,1.8531e+06,0.00237469,0.1880,0.0000,-9.176,1.171,3.1413,-0.0078,0.0200
365.92,82.720,0.1880,0.0000,0.0000,-0.0324,-0.0126,-0.0078,0.0200,3.1413,-9.292,1.045,0.1880,1706.38,1.8531e+06,0.00237469,0.1880,0.0000,-9.176,1.171,3.1413,-0.0078,0.0200
366.02,82.740,0.1880,0.0000,0.0000,-0.0324,-0.0126,-0.0078,0.0200,3.1413,-9.296,1.045,0.1880,1706.42,1.8577e+06,0.00237469,0.1880,0.0000,-9.183,1.171,3.1413,-0.0078,0.0200
366.12,82.760,0.1880,0.0000,0.0000,-0.0324,-0.0126,-0.0078,0.0200,3.1413,-9.300,1.045,0.1880,1706.45,1.86115e+06,0.00209788,0.1880,0.0000,-9.189,1.171,3.1413,-0.0078,0.0200
366.22,82.780,0.1880,0.0000,0.0000,-0.0324,-0.0126,-0.0078,0.0200,3.1413,-9.305,1.045,0.1880,1706.45,1.86115e+06,0.00209788,0.1880,0.0000,-9.189,1.171,3.1413,-0.0078,0.0200
366.32,82.800,0.1880,0.0000,0.0000,-0.0324,-0.0126,-0.0078,0.0200,3.1413,-9.309,1.045,0.1880,1706.48,1.86461e+06,0.00237469,0.1880,0.0000,-9.194,1.171,3.1413,-0.0078,0.0200
366.43,82.820,0.1880,0.0000,0.0000,-0.0324,-0.0126,-0.0078,0.0200,3.1413,-9.313,1.045,0.1880,1706.52,1.86923e+06,0.00237469,0.1880,0.0000,-9.202,1.171,3.1413,-0.0078,0.0200
366.52,82.840,0.1880,0.0000,0.0000,-0.0324,-0.0126,-0.0078,0.0200,3.1413,-9.318,1.045,0.1880,1706.52,1.86923e+06,0.00237469,0.1880,0.0000,-9.202,1.171,3.1413,-0.0078,0.0200
366.62,82.880,0.1880,0.0000,0.0000,-0.0324,-0.0126,-0.0078,0.0200,3.1413,-9.322,1.045,0.1880,1706.55,1.8727e+06,0.00209788,0.1880,0.0000,-9.207,1.171,3.1413,-0.0078,0.0200
366.72,82.900,0.1880,0.0000,0.0000,-0.0324,-0.0126,-0.0078,0.0200,3.1413,-9.326,1.045,0.1880,1706.58,1.87617e+06,0.00237469,0.1880,0.0000,-9.213,1.171,3.1413,-0.0078,0.0200
366.82,82.920,0.1880,0.0000,0.0000,-0.0324,-0.0126,-0.0078,0.0200,3.1413,-9.330,1.045,0.1880,1706.58,1.87617e+06,0.00237469,0.1880,0.0000,-9.213,1.171,3.1413,-0.0078,0.0200
366.93,82.940,0.1880,0.0000,0.0000,-0.0324,-0.0126,-0.0078,0.0200,3.1413,-9.335,1.045,0.1880,1706.62,1.88081e+06,0.00237469,0.1880,0.0000,-9.221,1.171,3.1413,-0.0078,0.0200
367.02,82.960,0.1880,0.0000,0.0000,-0.0324,-0.0126,-0.0078,0.0200,3.1413,-9.339,1.045,0.1880,1706.65,1.8843e+06,0.00209788,0.1880,0.0000,-9.226,1.171,3.1413,-0.0078,0.0200
367.12,82.980,0.1880,0.0000,0.0000,-0.0324,-0.0126,-0.0078,0.0200,3.1413,-9.343,1.045,0.1880,1706.65,1.8843e+06,0.00209788,0.1880,0.0000,-9.226,1.171,3.1413,-0.0078,0.0200
367.22,83.000,0.1880,0.0000,0.0000,-0.0324,-0.0126,-0.0078,0.0200,3.1413,-9.347,1.045,0.1880,1706.68,1.88779e+06,0.00237469,0.1880,0.0000,-9.232,1.171,3.1413,-0.0078,0.0200
367.32,83.020,0.1880,0.0000,0.0000,-0.0324,-0.0126,-0.0078,0.0200,3.1413,-9.352,1.045,0.1880,1706.72,1.89246e+06,0.00237469,0.1880,0.0000,-9.239,1.171,3.1413,-0.0078,0.0200
367.42,83.060,0.1880,0.0000,0.0000,-0.0324,-0.0126,-0.0078,0.0200,3.1413,-9.356,1.045,0.1880,1706.72,1.89246e+06,0.00237469,0.1880,0.0000,-9.239,1.171,3.1413,-0.0078,0.0200
367.52,83.080,0.1880,0.0000,0.0000,-0.0324,-0.0126,-0.0078,0.0200,3.1413,-9.361,1.045,0.1880,1706.75,1.89596e+06,0.00209788,0.1880,0.0000,-9.245,1.171,3.1413,-0.0078,0.0200
367.62,83.100,0.1880,0.0000,0.0000,-0.0324,-0.0126,-0.0078,0.0200,3.1413,-9.365,1.045,0.1880,1706.78,1.89947e+06,0.00237469,0.1880,0.0000,-9.251,1.171,3.1413,-0.0078,0.0200
367.72,83.120,0.1880,0.0000,0.0000,-0.0324,-0.0126,-0.0078,0.0200,3.1413,-9.369,1.045,0.1880,1706.78,1.89947e+06,0.00237469,0.1880,0.0000,-9.251,1.171,3.1413,-0.0078,0.0200
367.82,83.140,0.1880,0.0000,0.0000,-0.0324,-0.0126,-0.0078,0.0200,3.1413,-9.374,1.045,0.1880,1706.82,1.90416e+06,0.00237469,0.1880,0.0000,-9.258,1.171,3.1413,-0.0078,0.0200
367.92,83.160,0.1880,0.0000,0.0000,-0.0324,-0.0126,-0.0078,0.0200,3.1413,-9.378,1.045,0.1880,1706.85,1.90768e+06,0.00209788,0.1880,0.0000,-9.264,1.171,3.1413,-0.0078,0.0200
368.02,83.200,0.1880,0.0000,0.0000,-0.0324,-0.0126,-0.0078,0.0200,3.1413,-9.382,1.045,0.1880,1706.88,1.9112e+06,0.00237469,0.1880,0.0000,-9.270,1.171,3.1413,-0.0078,0.0200
368.12,83.220,0.1880,0.0000,0.0000,-0.0324,-0.0126,-0.0078,0.0200,3.1413,-9.386,1.045,0.1880,1706.88,1.9112e+06,0.00237469,0.1880,0.0000,-9.270,1.171,3.1413,-0.0078,0.0200
368.22,83.240,0.1880,0.0000,0.0000,-0.0324,-0.0126,-0.0078,0.0200,3.1413,-9.391,1.045,0.1880,1706.92,1.91591e+06,0.00237469,0.1880,0.0000,-9.277,1.171,3.1413,-0.0078,0.0200
368.32,83.260,0.1880,0.0000,0.0000,-0.0324,-0.0126,-0.0078,0.0200,3.1413,-9.395,1.045,0.1880,1706.95,1.91945e+06,0.00209788,0.1880,0.0000,-9.283,1.171,3.1413,-0.0078,0.0200
368.42,83.280,0.1880,0.0000,0.0000,-0.0324,-0.0126,-0.0078,0.0200,3.1413,-9.399,1.045,0.1880,1706.95,1.91945e+06,0.00209788,0.1880,0.0000,-9.283,1.171,3.1413,-0.0078,0.0200
368.52,83.300,0.1880,0.0000,0.0000,-0.0324,-0.0126,-0.0078,0.0200,3.1413,-9.404,1.045,0.1880,1706.98,1.923e+06,0.00237469,0.1880,0.0000,-9.288,1.171,3.1413,-0.0078,0.0200
368.62,83.320,0.1880,0.0000,0.0000,-0.0324,-0.0126,-0.0078,0.0200,3.1413,-9.408,1.045,0.1880,1707.02,1.92773e+06,0.00237469,0.1880,0.0000,-9.296,1.171,3.1413,-0.0078,0.0200
368.72,83.360,0.1880,0.0000,0.0000,-0.0324,-0.0126,-0.0078,0.0200,3.1413,-9.412,1.045,0.1880,1707.02,1.92773e+06,0.00237469,0.1880,0.0000,-9.296,1.171,3.1413,-0.0078,0.0200
368.82,83.380,0.1880,0.0000,0.0000,-0.0324,-0.0126,-0.0078,0.0200,3.1413,-9.417,1.045,0.1880,1707.05,1.93129e+06,0.00209788,0.1880,0.0000,-9.301,1.171,3.1413,-0.0078,0.0200
368.92,83.400,0.1880,0.0000,0.0000,-0.0324,-0.0126,-0.0078,0.0200,3.1413,-9.421,1.045,0.1880,1707.08,1.93485e+06,0.00237469,0.1880,0.0000,-9.307,1.171,3.1413,-0.0078,0.0200
369.02,83.420,0.1880,0.0000,0.0000,-0.0324,-0.0126,-0.0078,0.0200,3.1413,-9.425,1.045,0.1880,1707.08,1.93485e+06,0.00237469,0.1880,0.0000,-9.307,1.171,3.1413,-0.0078,0.0200
369.12,83.440,0.1880,0.0000,0.0000,-0.0324,-0.0126,-0.0078,0.0200,3.1413,-9.430,1.045,0.1880,1707.13,1.9396e+06,0.00237469,0.1880,0.0000,-9.315,1.171,3.1413,-0.0078,0.0200
369.22,83.460,0.1880,0.0000,0.0000,-0.0324,-0.0126,-0.0078,0.0200,3.1413,-9.434,1.045,0.1880,1707.16,1.94318e+06,0.00209788,0.1880,0.0000,-9.320,1.171,3.1413,-0.0078,0.0200
369.32,83.500,0.1880,0.0000,0.0000,-0.0324,-0.0126,-0.0078,0.0200,3.1413,-9.438,1.045,0.1880,1707.19,1.94675e+06,0.00237469,0.1880,0.0000,-9.326,1.171,3.1413,-0.0078,0.0200
369.42,83.520,0.1880,0.0000,0.0000,-0.0324,-0.0126,-0.0078,0.0200,3.1413,-9.443,1.045,0.1880,1707.19,1.94675e+06,0.00237469,0.1880,0.0000,-9.326,1.171,3.1413,-0.0078,0.0200
369.52,83.540,0.1880,0.0000,0.0000,-0.0324,-0.0126,-0.0078,0.0200,3.1413,-9.447,1.045,0.1880,1707.23,1.95153e+06,0.00237469,0.1880,0.0000,-9.333,1.171,3.1413,-0.0078,0.0200
369.62,83.560,0.1880,0.0000,0.0000,-0.0324,-0.0126,-0.0078,0.0200,3.1413,-9.451,1.045,0.1880,1707.26,1.95512e+06,0.00209788,0.1880,0.0000,-9.339,1.172,3.1413,-0.0078,0.0200
369.72,83.580,0.1880,0.0000,0.0000,-0.0324,-0.0126,-0.0078,0.0200,3.1413,-9.456,1.045,0.1880,1707.26,1.95512e+06,0.00209788,0.1880,0.0000,-9.339,1.172,3.1413,-0.0078,0.0200
369.82,83.600,0.1880,0.0000,0.0000,-0.0324,-0.0126,-0.0078,0.0200,3.1413,-9.460,1.045,0.1880,1707.29,1.95872e+06,0.00237469,0.1880,0.0000,-9.345,1.172,3.1413,-0.0078,0.0200
369.92,83.620,0.1880,0.0000,0.0000,-0.0324,-0.0126,-0.0078,0.0200,3.1413,-9.465,1.045,0.1880,1707.33,1.96352e+06,0.00237469,0.1880,0.0000,-9.352,1.172,3.1413,-0.0078,0.0200
370.02,83.660,0.1880,0.0000,0.0000,-0.0324,-0.0126,-0.0078,0.0200,3.1413,-9.469,1.045,0.1880,1707.33,1.96352e+06,0.00237469,0.1880,0.0000,-9.352,1.172,3.1413,-0.0078,0.0200
370.12,83.680,0.1880,0.0000,0.0000,-0.0324,-0.0126,-0.0078,0.0200,3.1413,-9.473,1.045,0.1880,1707.36,1.96713e+06,0.00209788,0.1880,0.0000,-9.358,1.172,3.1413,-0.0078,0.0200
370.22,83.700,0.1880,0.0000,0.0000,-0.0324,-0.0126,-0.0078,0.0200,3.1413,-9.477,1.045,0.1880,1707.39,1.97074e+06,0.00237469,0.1880,0.0000,-9.364,1.172,3.1413,-0.0078,0.0200
370.32,83.720,0.1880,0.0000,0.0000,-0.0324,-0.0126,-0.0078,0.0200,3.1413,-9.481,1.045,0.1880,1707.39,1.97074e+06,0.00237469,0.1880,0.0000,-9.364,1.172,3.1413,-0.0078,0.0200
370.42,83.740,0.1880,0.0000,0.0000,-0.0324,-0.0126,-0.0078,0.0200,3.1413,-9.486,1.045,0.1880,1707.43,1.97557e+06,0.00237469,0.1880,0.0000,-9.371,1.172,3.1413,-0.0078,0.0200
370.52,83.760,0.1880,0.0000,0.0000,-0.0324,-0.0126,-0.0078,0.0200,3.1413,-9.490,1.045,0.1880,1707.46,1.97919e+06,0.00209788,0.1880,0.0000,-9.377,1.172,3.1413,-0.0078,0.0200
370.62,83.800,0.1880,0.0000,0.0000,-0.0324,-0.0126,-0.0078,0.0200,3.1413,-9.495,1.045,0.1880,1707.49,1.98282e+06,0.00237469,0.1880,0.0002,-9.382,1.172,3.1413,-0.0078,0.0200
370.72,83.820,0.1880,0.0002,0.0002,-0.0324,-0.0126,-0.0078,0.0200,3.1413,-9.499,1.045,0.1879,1707.49,1.98282e+06,0.00237469,0.1880,0.0002,-9.382,1.172,3.1413,-0.0078,0.0200
370.82,83.840,0.1880,0.0002,0.0002,-0.0324,-0.0126,-0.0078,0.0200,3.1413,-9.503,1.045,0.1879,1707.53,1.98767e+06,0.00237469,0.1880,0.0002,-9.390,1.172,3.1413,-0.0078,0.0200
370.92,83.860,0.1880,0.0002,0.0002,-0.0324,-0.0126,-0.0078,0.0200,3.1413,-9.508,1.045,0.1879,1707.56,1.99132e+06,0.00209788,0.1880,0.0002,-9.395,1.172,3.1413,-0.0078,0.0200
371.02,83.880,0.1880,0.0002,0.0002,-0.0324,-0.0126,-0.0078,0.0200,3.1413,-9.512,1.045,0.1879,1707.56,1.99132e+06,0.00209788,0.1880,0.0002,-9.395,1.172,3.1413,-0.0078,0.0200
371.12,83.900,0.1880,0.0002,0.0002,-0.0324,-0.0126,-0.0078,0.0200,3.1413,-9.516,1.045,0.1879,1707.59,1.99496e+06,0.00237469,0.1880,0.0002,-9.401,1.172,3.1413,-0.0078,0.0200
371.22,83.920,0.1880,0.0002,0.0002,-0.0324,-0.0126,-0.0078,0.0200,3.1413,-9.520,1.045,0.1879,1707.63,1.99984e+06,0.00237469,0.1880,0.0002,-9.409,1.172,3.1413,-0.0078,0.0200
371.32,83.940,0.1880,0.0002,0.0002,-0.0324,-0.0126,-0.0078,0.0200,3.1413,-9.524,1.045,0.1879,1707.63,1.99984e+06,0.00237469,0.1880,0.0002,-9.409,1.172,3.1413,-0.0078,0.0200
371.42,83.980,0.1880,0.0002,0.0002,-0.0324,-0.0126,-0.0078,0.0200,3.1413,-9.529,1.045,0.1879,1707.66,2.0035e+06,0.00209788,0.1880,0.0002,-9.414,1.172,3.1413,-0.0078,0.0200
371.52,84.000,0.1880,0.0002,0.0002,-0.0324,-0.0126,-0.0078,0.0200,3.1413,-9.533,1.045,0.1879,1707.69,2.00716e+06,0.00237469,0.1880,0.0002,-9.420,1.172,3.1413,-0.0078,0.0200
371.62,84.020,0.1880,0.0002,0.0001,-0.0324,-0.0126,-0.0078,0.0200,3.1413,-9.537,1.045,0.1879,1707.69,2.00716e+06,0.00237469,0.1880,0.0002,-9.420,1.172,3.1413,-0.0078,0.0200
371.72,84.040,0.1880,0.0002,0.0001,-0.0324,-0.0126,-0.0078,0.0200,3.1413,-9.542,1.045,0.1879,1707.72,2.01206e+06,0.00237469,0.1880,0.0002,-9.427,1.172,3.1413,-0.0078,0.0200
371.82,84.060,0.1880,0.0002,0.0001,-0.0324,-0.0126,-0.0078,0.0200,3.1413,-9.546,1.045,0.1879,1707.75,2.01574e+06,0.00209788,0.1880,0.0002,-9.433,1.172,3.1413,-0.0078,0.0200
371.92,84.080,0.1880,0.0002,0.0001,-0.0324,-0.0126,-0.0078,0.0200,3.1413,-9.550,1.045,0.1879,1707.75,2.01574e+06,0.00209788,0.1880,0.0002,-9.433,1.172,3.1413,-0.0078,0.0200
372.02,84.100,0.1880,0.0002,0.0001,-0.0324,-0.0126,-0.0078,0.0200,3.1413,-9.555,1.045,0.1879,1707.78,2.01942e+06,0.00237469,0.1880,0.0001,-9.439,1.172,3.1413,-0.0078,0.0200
372.12,84.140,0.1880,0.0001,0.0001,-0.0324,-0.0126,-0.0078,0.0200,3.1413,-9.559,1.045,0.1879,1707.81,2.02434e+06,0.00237469,0.1880,0.0001,-9.446,1.172,3.1413,-0.0078,0.0200
372.22,84.160,0.1880,0.0001,0.0001,-0.0324,-0.0126,-0.0078,0.0200,3.1413,-9.563,1.045,0.1879,1707.81,2.02434e+06,0.00237469,0.1880,0.0001,-9.446,1.172,3.1413,-0.0078,0.0200
372.32,84.180,0.1880,0.0001,0.0001,-0.0324,-0.0126,-0.0078,0.0200,3.1413,-9.568,1.045,0.1879,1707.84,2.02804e+06,0.00209788,0.1880,0.0001,-9.452,1.172,3.1413,-0.0078,0.0200
372.42,84.200,0.1880,0.0001,0.0001,-0.0324,-0.0126,-0.0078,0.0200,3.1413,-9.572,1.045,0.1880,1707.86,2.03174e+06,0.00237469,0.1880,0.0001,-9.458,1.172,3.1413,-0.0078,0.0200
372.52,84.220,0.1880,0.0001,0.0001,-0.0324,-0.0126,-0.0078,0.0200,3.1413,-9.576,1.045,0.1880,1707.9,2.03668e+06,0.00237469,0.1880,0.0001,-9.465,1.172,3.1413,-0.0078,0.0200
372.63,84.240,0.1880,0.0001,0.0001,-0.0324,-0.0126,-0.0078,0.0200,3.1413,-9.580,1.045,0.1880,1707.9,2.03668e+06,0.00237469,0.1880,0.0001,-9.465,1.172,3.1413,-0.0078,0.0200
372.72,84.260,0.1880,0.0001,0.0001,-0.0324,-0.0126,-0.0078,0.0200,3.1413,-9.584,1.045,0.1880,1707.92,2.04039e+06,0.00209788,0.1880,0.0001,-9.471,1.172,3.1413,-0.0078,0.0200
372.82,84.280,0.1880,0.0001,0.0001,-0.0324,-0.0126,-0.0078,0.0200,3.1413,-9.588,1.045,0.1880,1707.92,2.04039e+06,0.00209788,0.1880,0.0001,-9.471,1.172,3.1413,-0.0078,0.0200
372.92,84.300,0.1880,0.0001,0.0001,-0.0324,-0.0126,-0.0078,0.0200,3.1413,-9.592,1.045,0.1880,1707.95,2.04411e+06,0.00237469,0.1880,0.0001,-9.476,1.172,3.1413,-0.0078,0.0200
373.02,84.320,0.1880,0.0001,0.0001,-0.0325,-0.0127,-0.0078,0.0200,3.1414,-9.596,1.045,0.1880,1707.98,2.04908e+06,0.00237469,0.1880,0.0001,-9.484,1.172,3.1414,-0.0078,0.0200
373.12,84.360,0.1880,0.0001,0.0001,-0.0324,-0.0126,-0.0078,0.0200,3.1414,-9.600,1.045,0.1880,1707.98,2.04908e+06,0.00237469,0.1880,0.0001,-9.484,1.172,3.1414,-0.0078,0.0200
373.22,84.380,0.1880,0.0001,0.0001,-0.0324,-0.0126,-0.0078,0.0200,3.1414,-9.604,1.045,0.1880,1708,2.05281e+06,0.00209788,0.1880,0.0001,-9.489,1.172,3.1414,-0.0078,0.0200
373.32,84.400,0.1880,0.0001,0.0001,-0.0324,-0.0126,-0.0078,0.0200,3.1414,-9.609,1.045,0.1880,1708.03,2.05655e+06,0.00237469,0.1880,0.0001,-9.495,1.172,3.1414,-0.0078,0.0200
373.42,84.420,0.1880,0.0001,0.0001,-0.0324,-0.0126,-0.0078,0.0200,3.1414,-9.613,1.045,0.1880,1708.03,2.05655e+06,0.00237469,0.1880,0.0001,-9.495,1.172,3.1414,-0.0078,0.0200
373.52,84.440,0.1880,0.0001,0.0001,-0.0324,-0.0126,-0.0078,0.0200,3.1414,-9.617,1.045,0.1880,1708.06,2.06154e+06,0.00237469,0.1880,0.0001,-9.503,1.172,3.1414,-0.0078,0.0200
373.62,84.460,0.1880,0.0001,0.0001,-0.0324,-0.0126,-0.0078,0.0200,3.1414,-9.622,1.045,0.1880,1708.08,2.06529e+06,0.00209788,0.1880,0.0001,-9.508,1.172,3.1414,-0.0078,0.0200
373.72,84.480,0.1880,0.0001,0.0001,-0.0324,-0.0126,-0.0078,0.0200,3.1414,-9.626,1.045,0.1880,1708.1,2.06905e+06,0.00237469,0.1880,0.0001,-9.514,1.172,3.1414,-0.0078,0.0200
373.82,84.520,0.1880,0.0001,0.0001,-0.0324,-0.0126,-0.0078,0.0200,3.1414,-9.630,1.045,0.1880,1708.1,2.06905e+06,0.00237469,0.1880,0.0001,-9.514,1.172,3.1414,-0.0078,0.0200
373.92,84.540,0.1880,0.0001,0.0001,-0.0324,-0.0126,-0.0078,0.0200,3.1414,-9.634,1.045,0.1880,1708.13,2.07406e+06,0.00237469,0.1880,0.0001,-9.521,1.172,3.1414,-0.0078,0.0200
374.02,84.560,0.1880,0.0001,0.0001,-0.0324,-0.0126,-0.0078,0.0200,3.1414,-9.639,1.045,0.1880,1708.16,2.07783e+06,0.00209788,0.1880,0.0001,-9.527,1.172,3.1414,-0.0078,0.0200
374.12,84.580,0.1880,0.0001,0.0001,-0.0324,-0.0126,-0.0078,0.0200,3.1414,-9.643,1.045,0.1880,1708.16,2.07783e+06,0.00209788,0.1880,0.0001,-9.527,1.172,3.1414,-0.0078,0.0200
374.23,84.600,0.1880,0.0001,0.0001,-0.0324,-0.0126,-0.0078,0.0200,3.1414,-9.647,1.045,0.1880,1708.18,2.0816e+06,0.00237469,0.1880,0.0001,-9.533,1.172,3.1414,-0.0078,0.0200
374.32,84.620,0.1880,0.0001,0.0001,-0.0324,-0.0126,-0.0078,0.0200,3.1414,-9.652,1.045,0.1880,1708.21,2.08664e+06,0.00237469,0.1880,0.0001,-9.540,1.172,3.1414,-0.0078,0.0200
374.42,84.640,0.1880,0.0001,0.0001,-0.0324,-0.0126,-0.0078,0.0200,3.1414,-9.656,1.045,0.1880,1708.21,2.08664e+06,0.00237469,0.1880,0.0001,-9.540,1.172,3.1414,-0.0078,0.0200
374.52,84.680,0.1880,0.0001,0.0001,-0.0324,-0.0126,-0.0078,0.0200,3.1414,-9.660,1.045,0.1880,1708.23,2.09043e+06,0.00209788,0.1880,0.0001,-9.546,1.172,3.1414,-0.0078,0.0200
374.62,84.700,0.1880,0.0001,0.0001,-0.0324,-0.0126,-0.0078,0.0200,3.1414,-9.664,1.045,0.1880,1708.25,2.09422e+06,0.00237469,0.1880,0.0001,-9.551,1.172,3.1414,-0.0078,0.0200
374.72,84.720,0.1880,0.0001,0.0000,-0.0324,-0.0126,-0.0078,0.0200,3.1414,-9.669,1.045,0.1880,1708.25,2.09422e+06,0.00237469,0.1880,0.0001,-9.551,1.172,3.1414,-0.0078,0.0200
374.82,84.740,0.1880,0.0001,0.0000,-0.0324,-0.0126,-0.0078,0.0200,3.1414,-9.673,1.045,0.1880,1708.28,2.09928e+06,0.00237469,0.1880,0.0001,-9.559,1.172,3.1414,-0.0078,0.0200
374.92,84.760,0.1880,0.0001,0.0000,-0.0324,-0.0126,-0.0078,0.0200,3.1414,-9.677,1.045,0.1880,1708.31,2.10309e+06,0.00209788,0.1880,0.0001,-9.565,1.172,3.1414,-0.0078,0.0200
375.02,84.780,0.1880,0.0001,0.0000,-0.0324,-0.0126,-0.0078,0.0200,3.1414,-9.682,1.045,0.1880,1708.31,2.10309e+06,0.00209788,0.1880,0.0001,-9.565,1.172,3.1414,-0.0078,0.0200
375.12,84.800,0.1880,0.0001,0.0000,-0.0324,-0.0126,-0.0078,0.0200,3.1414,-9.686,1.045,0.1880,1708.33,2.1069e+06,0.00237469,0.1880,0.0001,-9.570,1.172,3.1414,-0.0078,0.0200
375.22,84.820,0.1880,0.0001,0.0000,-0.0324,-0.0126,-0.0078,0.0200,3.1414,-9.690,1.045,0.1880,1708.36,2.11198e+06,0.00237469,0.1880,0.0001,-9.578,1.172,3.1414,-0.0078,0.0200
375.32,84.860,0.1880,0.0001,0.0000,-0.0324,-0.0126,-0.0078,0.0200,3.1414,-9.694,1.045,0.1880,1708.36,2.11198e+06,0.00237469,0.1880,0.0001,-9.578,1.172,3.1414,-0.0078,0.0200
375.42,84.880,0.1880,0.0001,0.0000,-0.0324,-0.0126,-0.0078,0.0200,3.1414,-9.699,1.045,0.1880,1708.38,2.11581e+06,0.00209788,0.1880,0.0001,-9.583,1.172,3.1414,-0.0078,0.0200
375.52,84.900,0.1880,0.0001,0.0000,-0.0324,-0.0126,-0.0078,0.0200,3.1414,-9.703,1.045,0.1880,1708.4,2.11963e+06,0.00237469,0.1880,0.0000,-9.589,1.172,3.1414,-0.0078,0.0200
375.62,84.920,0.1880,0.0000,0.0000,-0.0324,-0.0126,-0.0078,0.0200,3.1414,-9.708,1.045,0.1880,1708.4,2.11963e+06,0.00237469,0.1880,0.0000,-9.589,1.172,3.1414,-0.0078,0.0200
375.72,84.940,0.1880,0.0000,0.0000,-0.0324,-0.0126,-0.0078,0.0200,3.1414,-9.712,1.045,0.1880,1708.43,2.12474e+06,0.00237469,0.1880,0.0000,-9.597,1.172,3.1414,-0.0078,0.0200
375.82,84.960,0.1880,0.0000,0.0000,-0.0324,-0.0126,-0.0078,0.0200,3.1414,-9.716,1.045,0.1880,1708.45,2.12859e+06,0.00209788,0.1880,0.0000,-9.602,1.172,3.1414,-0.0078,0.0200
375.92,85.000,0.1880,0.0000,0.0000,-0.0324,-0.0126,-0.0078,0.0200,3.1414,-9.720,1.045,0.1880,1708.47,2.13243e+06,0.00237469,0.1880,0.0000,-9.608,1.172,3.1414,-0.0078,0.0200
376.02,85.020,0.1880,0.0000,0.0000,-0.0324,-0.0126,-0.0078,0.0200,3.1414,-9.725,1.045,0.1880,1708.47,2.13243e+06,0.00237469,0.1880,0.0000,-9.608,1.172,3.1414,-0.0078,0.0200
376.12,85.040,0.1880,0.0000,0.0000,-0.0324,-0.0126,-0.0078,0.0200,3.1414,-9.729,1.045,0.1880,1708.5,2.13757e+06,0.00237469,0.1880,0.0000,-9.615,1.172,3.1414,-0.0078,0.0200
376.22,85.060,0.1880,0.0000,0.0000,-0.0324,-0.0126,-0.0078,0.0200,3.1414,-9.733,1.045,0.1880,1708.52,2.14143e+06,0.00209788,0.1880,0.0000,-9.621,1.172,3.1414,-0.0078,0.0200
376.32,85.080,0.1880,0.0000,0.0000,-0.0324,-0.0126,-0.0078,0.0200,3.1414,-9.738,1.045,0.1880,1708.52,2.14143e+06,0.00209788,0.1880,0.0000,-9.621,1.172,3.1414,-0.0078,0.0200
376.42,85.100,0.1880,0.0000,0.0000,-0.0324,-0.0126,-0.0078,0.0200,3.1414,-9.742,1.045,0.1880,1708.54,2.14529e+06,0.00237469,0.1880,0.0000,-9.627,1.172,3.1414,-0.0078,0.0200
376.52,85.120,0.1880,0.0000,0.0000,-0.0324,-0.0126,-0.0078,0.0200,3.1414,-9.746,1.045,0.1880,1708.56,2.15045e+06,0.00237469,0.1880,0.0000,-9.634,1.172,3.1414,-0.0078,0.0200
376.62,85.160,0.1880,0.0000,0.0000,-0.0324,-0.0126,-0.0078,0.0200,3.1414,-9.750,1.045,0.1880,1708.56,2.15045e+06,0.00237469,0.1880,0.0000,-9.634,1.172,3.1414,-0.0078,0.0200
376.72,85.180,0.1880,0.0000,0.0000,-0.0324,-0.0126,-0.0078,0.0200,3.1414,-9.755,1.045,0.1880,1708.59,2.15433e+06,0.00209788,0.1880,0.0000,-9.640,1.172,3.1414,-0.0078,0.0200
376.82,85.200,0.1880,0.0000,0.0000,-0.0324,-0.0126,-0.0078,0.0200,3.1414,-9.759,1.045,0.1880,1708.61,2.15821e+06,0.00237469,0.1880,0.0000,-9.645,1.172,3.1414,-0.0078,0.0200
376.92,85.220,0.1880,0.0000,0.0000,-0.0324,-0.0126,-0.0078,0.0200,3.1414,-9.763,1.045,0.1880,1708.61,2.15821e+06,0.00237469,0.1880,0.0000,-9.645,1.172,3.1414,-0.0078,0.0200
377.02,85.240,0.1880,0.0000,0.0000,-0.0324,-0.0126,-0.0078,0.0200,3.1414,-9.767,1.045,0.1880,1708.63,2.1634e+06,0.00237469,0.1880,0.0000,-9.653,1.172,3.1414,-0.0078,0.0200
377.12,85.260,0.1880,0.0000,0.0000,-0.0324,-0.0126,-0.0078,0.0200,3.1414,-9.772,1.045,0.1880,1708.65,2.16729e+06,0.00209788,0.1880,0.0000,-9.659,1.172,3.1414,-0.0078,0.0200
377.22,85.280,0.1880,0.0000,0.0000,-0.0324,-0.0126,-0.0078,0.0200,3.1414,-9.776,1.045,0.1880,1708.65,2.16729e+06,0.00209788,0.1880,0.0000,-9.659,1.172,3.1414,-0.0078,0.0200
377.32,85.300,0.1880,0.0000,0.0000,-0.0324,-0.0126,-0.0078,0.0200,3.1414,-9.780,1.045,0.1880,1708.67,2.17119e+06,0.00237469,0.1880,0.0000,-9.664,1.172,3.1414,-0.0078,0.0200
377.42,85.340,0.1880,0.0000,0.0000,-0.0324,-0.0126,-0.0078,0.0200,3.1414,-9.785,1.045,0.1880,1708.7,2.1764e+06,0.00237469,0.1880,0.0000,-9.672,1.172,3.1414,-0.0078,0.0200
377.52,85.360,0.1880,0.0000,0.0000,-0.0324,-0.0126,-0.0078,0.0200,3.1414,-9.789,1.045,0.1880,1708.7,2.1764e+06,0.00237469,0.1880,0.0000,-9.672,1.172,3.1414,-0.0078,0.0200
377.62,85.380,0.1880,0.0000,0.0000,-0.0324,-0.0126,-0.0078,0.0200,3.1414,-9.793,1.045,0.1880,1708.72,2.18032e+06,0.00209788,0.1880,0.0000,-9.677,1.172,3.1414,-0.0078,0.0200
377.72,85.400,0.1880,0.0000,0.0000,-0.0324,-0.0126,-0.0078,0.0200,3.1414,-9.798,1.045,0.1880,1708.74,2.18424e+06,0.00237469,0.1880,0.0000,-9.683,1.172,3.1414,-0.0078,0.0200
377.82,85.420,0.1880,0.0000,0.0000,-0.0324,-0.0126,-0.0078,0.0200,3.1414,-9.802,1.045,0.1880,1708.77,2.18947e+06,0.00237469,0.1880,0.0000,-9.691,1.172,3.1414,-0.0078,0.0200
377.92,85.440,0.1880,0.0000,0.0000,-0.0324,-0.0126,-0.0078,0.0200,3.1414,-9.806,1.045,0.1880,1708.77,2.18947e+06,0.00237469,0.1880,0.0000,-9.691,1.172,3.1414,-0.0078,0.0200
378.02,85.480,0.1880,0.0000,0.0000,-0.0324,-0.0126,-0.0078,0.0200,3.1414,-9.811,1.045,0.1880,1708.79,2.19341e+06,0.00209788,0.1880,0.0000,-9.696,1.172,3.1414,-0.0078,0.0200
378.12,85.500,0.1880,0.0000,0.0000,-0.0324,-0.0126,-0.0078,0.0200,3.1414,-9.815,1.045,0.1880,1708.81,2.19734e+06,0.00237469,0.1880,0.0000,-9.702,1.172,3.1414,-0.0078,0.0200
378.22,85.520,0.1880,0.0000,0.0000,-0.0324,-0.0126,-0.0078,0.0200,3.1414,-9.819,1.045,0.1880,1708.81,2.19734e+06,0.00237469,0.1880,0.0000,-9.702,1.172,3.1414,-0.0078,0.0200
378.32,85.540,0.1880,0.0000,0.0000,-0.0324,-0.0126,-0.0078,0.0200,3.1414,-9.823,1.045,0.1880,1708.83,2.2026e+06,0.00237469,0.1880,0.0000,-9.709,1.172,3.1414,-0.0078,0.0200
378.42,85.560,0.1880,0.0000,0.0000,-0.0324,-0.0126,-0.0078,0.0200,3.1414,-9.828,1.045,0.1880,1708.85,2.20656e+06,0.00209788,0.1880,0.0000,-9.715,1.172,3.1414,-0.0078,0.0200
378.52,85.580,0.1880,0.0000,0.0000,-0.0324,-0.0126,-0.0078,0.0200,3.1414,-9.832,1.045,0.1880,1708.85,2.20656e+06,0.00209788,0.1880,0.0000,-9.715,1.172,3.1414,-0.0078,0.0200
378.62,85.600,0.1880,0.0000,0.0000,-0.0324,-0.0126,-0.0078,0.0200,3.1414,-9.836,1.045,0.1880,1708.87,2.21051e+06,0.00237469,0.1880,0.0000,-9.721,1.172,3.1414,-0.0078,0.0200
378.72,85.620,0.1880,0.0000,0.0000,-0.0324,-0.0126,-0.0078,0.0200,3.1414,-9.840,1.045,0.1880,1708.9,2.2158e+06,0.00237469,0.1880,0.0000,-9.728,1.172,3.1414,-0.0078,0.0200
378.82,85.660,0.1880,0.0000,0.0000,-0.0324,-0.0126,-0.0078,0.0200,3.1414,-9.845,1.045,0.1880,1708.9,2.2158e+06,0.00237469,0.1880,0.0000,-9.728,1.172,3.1414,-0.0078,0.0200
378.92,85.680,0.1880,0.0000,0.0000,-0.0324,-0.0126,-0.0078,0.0200,3.1414,-9.849,1.045,0.1880,1708.92,2.21977e+06,0.00209788,0.1880,0.0000,-9.734,1.172,3.1414,-0.0078,0.0200
379.03,85.700,0.1880,0.0000,0.0000,-0.0324,-0.0126,-0.0078,0.0200,3.1414,-9.853,1.045,0.1880,1708.94,2.22374e+06,0.00237469,0.1880,0.0000,-9.739,1.172,3.1414,-0.0078,0.0200
379.12,85.720,0.1880,0.0000,0.0000,-0.0324,-0.0126,-0.0078,0.0200,3.1414,-9.857,1.045,0.1880,1708.94,2.22374e+06,0.00237469,0.1880,0.0000,-9.739,1.172,3.1414,-0.0078,0.0200
379.22,85.740,0.1880,0.0000,0.0000,-0.0324,-0.0126,-0.0078,0.0200,3.1414,-9.861,1.045,0.1880,1708.96,2.22905e+06,0.00237469,0.1880,0.0000,-9.747,1.172,3.1414,-0.0078,0.0200
379.32,85.760,0.1880,0.0000,0.0000,-0.0324,-0.0126,-0.0078,0.0200,3.1414,-9.865,1.045,0.1880,1708.98,2.23304e+06,0.00209788,0.1880,0.0000,-9.753,1.172,3.1414,-0.0078,0.0200
379.42,85.780,0.1880,0.0000,0.0000,-0.0324,-0.0126,-0.0078,0.0200,3.1414,-9.870,1.045,0.1880,1708.98,2.23304e+06,0.00209788,0.1880,0.0000,-9.753,1.172,3.1414,-0.0078,0.0200
379.52,85.800,0.1880,0.0000,0.0000,-0.0324,-0.0126,-0.0078,0.0200,3.1414,-9.874,1.045,0.1880,1709,2.23704e+06,0.00237469,0.1880,0.0000,-9.758,1.172,3.1414,-0.0078,0.0200
379.62,85.840,0.1880,0.0000,0.0000,-0.0324,-0.0126,-0.0078,0.0200,3.1414,-9.878,1.045,0.1880,1709.03,2.24237e+06,0.00237469,0.1880,0.0000,-9.766,1.172,3.1414,-0.0078,0.0200
379.72,85.860,0.1880,0.0000,0.0000,-0.0324,-0.0126,-0.0078,0.0200,3.1414,-9.883,1.045,0.1880,1709.03,2.24237e+06,0.00237469,0.1880,0.0000,-9.766,1.172,3.1414,-0.0078,0.0200
379.82,85.880,0.1880,0.0000,0.0000,-0.0324,-0.0126,-0.0078,0.0200,3.1414,-9.887,1.045,0.1880,1709.05,2.24638e+06,0.00209788,0.1880,0.0000,-9.771,1.172,3.1414,-0.0078,0.0200
379.92,85.900,0.1880,0.0000,0.0000,-0.0324,-0.0126,-0.0078,0.0200,3.1414,-9.891,1.045,0.1880,1709.07,2.25039e+06,0.00237469,0.1880,0.0000,-9.777,1.172,3.1414,-0.0078,0.0200
380.02,85.920,0.1880,0.0000,0.0000,-0.0324,-0.0126,-0.0078,0.0200,3.1414,-9.896,1.045,0.1880,1709.09,2.25575e+06,0.00237469,0.1880,0.0000,-9.785,1.172,3.1414,-0.0078,0.0200
380.12,85.940,0.1880,0.0000,0.0000,-0.0324,-0.0126,-0.0078,0.0200,3.1414,-9.900,1.045,0.1880,1709.09,2.25575e+06,0.00237469,0.1880,0.0000,-9.785,1.172,3.1414,-0.0078,0.0200
380.22,85.980,0.1880,0.0000,0.0000,-0.0324,-0.0126,-0.0078,0.0200,3.1414,-9.905,1.045,0.1880,1709.11,2.25978e+06,0.00209788,0.1880,0.0000,-9.790,1.172,3.1414,-0.0078,0.0200
380.32,86.000,0.1880,0.0000,0.0000,-0.0324,-0.0126,-0.0078,0.0200,3.1414,-9.908,1.045,0.1880,1709.13,2.26381e+06,0.00237469,0.1880,0.0000,-9.796,1.172,3.1414,-0.0078,0.0200
380.43,86.020,0.1880,0.0000,0.0000,-0.0324,-0.0126,-0.0078,0.0200,3.1414,-9.913,1.045,0.1880,1709.13,2.26381e+06,0.00237469,0.1880,0.0000,-9.796,1.172,3.1414,-0.0078,0.0200
380.52,86.040,0.1880,0.0000,0.0000,-0.0324,-0.0126,-0.0078,0.0200,3.1414,-9.917,1.045,0.1880,1709.16,2.2692e+06,0.00237469,0.1880,0.0000,-9.803,1.172,3.1414,-0.0078,0.0200
380.62,86.060,0.1880,0.0000,0.0000,-0.0324,-0.0126,-0.0078,0.0200,3.1414,-9.921,1.045,0.1880,1709.18,2.27324e+06,0.00209788,0.1880,0.0000,-9.809,1.172,3.1414,-0.0078,0.0200
380.72,86.080,0.1880,0.0000,0.0000,-0.0324,-0.0126,-0.0078,0.0200,3.1414,-9.926,1.045,0.1880,1709.18,2.27324e+06,0.00209788,0.1880,0.0000,-9.809,1.172,3.1414,-0.0078,0.0200
380.82,86.100,0.1880,0.0000,0.0000,-0.0324,-0.0126,-0.0078,0.0200,3.1414,-9.930,1.045,0.1880,1709.19,2.2773e+06,0.00237469,0.1880,0.0000,-9.815,1.172,3.1414,-0.0078,0.0200
380.92,86.120,0.1880,0.0000,0.0000,-0.0324,-0.0126,-0.0078,0.0200,3.1414,-9.934,1.045,0.1880,1709.22,2.28271e+06,0.00237469,0.1880,0.0000,-9.822,1.172,3.1414,-0.0078,0.0200
381.02,86.160,0.1880,0.0000,0.0000,-0.0324,-0.0126,-0.0078,0.0200,3.1414,-9.939,1.045,0.1880,1709.22,2.28271e+06,0.00237469,0.1880,0.0000,-9.822,1.172,3.1414,-0.0078,0.0200
381.12,86.180,0.1880,0.0000,0.0000,-0.0324,-0.0126,-0.0078,0.0200,3.1414,-9.943,1.045,0.1880,1709.24,2.28677e+06,0.00209788,0.1880,0.0000,-9.828,1.172,3.1414,-0.0078,0.0200
381.22,86.200,0.1880,0.0000,0.0000,-0.0324,-0.0126,-0.0078,0.0200,3.1414,-9.947,1.045,0.1880,1709.26,2.29084e+06,0.00237469,0.1880,0.0000,-9.833,1.172,3.1414,-0.0078,0.0200
381.32,86.220,0.1880,0.0000,0.0000,-0.0324,-0.0126,-0.0078,0.0200,3.1414,-9.952,1.045,0.1880,1709.26,2.29084e+06,0.00237469,0.1880,0.0000,-9.833,1.172,3.1414,-0.0078,0.0200
381.42,86.240,0.1880,0.0000,0.0000,-0.0324,-0.0126,-0.0078,0.0200,3.1414,-9.956,1.045,0.1880,1709.28,2.29628e+06,0.00237469,0.1880,0.0000,-9.841,1.172,3.1414,-0.0078,0.0200
381.52,86.260,0.1880,0.0000,0.0000,-0.0324,-0.0126,-0.0078,0.0200,3.1414,-9.960,1.045,0.1880,1709.3,2.30036e+06,0.00209788,0.1880,0.0000,-9.847,1.172,3.1414,-0.0078,0.0200
381.62,86.300,0.1880,0.0000,0.0000,-0.0324,-0.0126,-0.0078,0.0200,3.1414,-9.965,1.045,0.1880,1709.32,2.30445e+06,0.00237469,0.1880,0.0000,-9.852,1.172,3.1414,-0.0078,0.0200
381.72,86.320,0.1880,0.0000,0.0000,-0.0324,-0.0126,-0.0078,0.0200,3.1414,-9.969,1.045,0.1880,1709.32,2.30445e+06,0.00237469,0.1880,0.0000,-9.852,1.172,3.1414,-0.0078,0.0200
381.82,86.340,0.1880,0.0000,0.0000,-0.0324,-0.0126,-0.0078,0.0200,3.1414,-9.973,1.045,0.1880,1709.35,2.30991e+06,0.00237469,0.1880,0.0000,-9.860,1.172,3.1414,-0.0078,0.0200
381.92,86.360,0.1880,0.0000,0.0000,-0.0324,-0.0126,-0.0078,0.0200,3.1414,-9.977,1.045,0.1880,1709.37,2.31402e+06,0.00209788,0.1880,0.0000,-9.865,1.172,3.1414,-0.0078,0.0200
382.02,86.380,0.1880,0.0000,0.0000,-0.0324,-0.0126,-0.0078,0.0200,3.1414,-9.982,1.045,0.1880,1709.37,2.31402e+06,0.00209788,0.1880,0.0000,-9.865,1.172,3.1414,-0.0078,0.0200
382.12,86.400,0.1880,0.0000,0.0000,-0.0324,-0.0126,-0.0078,0.0200,3.1414,-9.986,1.045,0.1880,1709.38,2.31813e+06,0.00237469,0.1880,0.0000,-9.871,1.172,3.1414,-0.0078,0.0200
382.22,86.420,0.1880,0.0000,0.0000,-0.0324,-0.0126,-0.0078,0.0200,3.1414,-9.991,1.045,0.1880,1709.41,2.32361e+06,0.00237469,0.1880,0.0000,-9.879,1.172,3.1414,-0.0078,0.0200
382.32,86.460,0.1880,0.0000,0.0000,-0.0324,-0.0126,-0.0078,0.0200,3.1414,-9.995,1.045,0.1880,1709.41,2.32361e+06,0.00237469,0.1880,0.0000,-9.879,1.172,3.1414,-0.0078,0.0200
382.42,86.480,0.1880,0.0000,0.0000,-0.0324,-0.0126,-0.0078,0.0200,3.1414,-9.999,1.045,0.1880,1709.43,2.32774e+06,0.00209788,0.1880,0.0000,-9.884,1.172,3.1414,-0.0078,0.0200
382.52,86.500,0.1880,0.0000,0.0000,-0.0324,-0.0126,-0.0078,0.0200,3.1414,-10.004,1.045,0.1880,1709.45,2.33187e+06,0.00237469,0.1880,0.0000,-9.890,1.172,3.1414,-0.0078,0.0200
382.62,86.520,0.1880,0.0000,0.0000,-0.0324,-0.0126,-0.0078,0.0200,3.1414,-10.008,1.045,0.1880,1709.45,2.33187e+06,0.00237469,0.1880,0.0000,-9.890,1.172,3.1414,-0.0078,0.0200
382.72,86.540,0.1880,0.0000,0.0000,-0.0324,-0.0126,-0.0078,0.0200,3.1414,-10.012,1.045,0.1880,1709.47,2.33738e+06,0.00237469,0.1880,0.0000,-9.897,1.172,3.1414,-0.0078,0.0200
382.82,86.560,0.1880,0.0000,0.0000,-0.0324,-0.0126,-0.0078,0.0200,3.1414,-10.017,1.045,0.1880,1709.49,2.34152e+06,0.00209788,0.1880,0.0000,-9.903,1.172,3.1414,-0.0078,0.0200
382.92,86.580,0.1880,0.0000,0.0000,-0.0324,-0.0126,-0.0078,0.0200,3.1414,-10.021,1.045,0.1880,1709.51,2.34567e+06,0.00237469,0.1880,0.0000,-9.909,1.172,3.1414,-0.0078,0.0200
383.02,86.620,0.1880,0.0000,0.0000,-0.0324,-0.0126,-0.0078,0.0200,3.1414,-10.025,1.045,0.1880,1709.51,2.34567e+06,0.00237469,0.1880,0.0000,-9.909,1.172,3.1414,-0.0078,0.0200
383.12,86.640,0.1880,0.0000,0.0000,-0.0324,-0.0126,-0.0078,0.0200,3.1414,-10.030,1.045,0.1880,1709.54,2.35121e+06,0.00237469,0.1880,0.0000,-9.916,1.172,3.1414,-0.0078,0.0200
383.22,86.660,0.1880,0.0000,0.0000,-0.0324,-0.0126,-0.0078,0.0200,3.1414,-10.034,1.045,0.1880,1709.56,2.35537e+06,0.00209788,0.1880,0.0000,-9.922,1.172,3.1414,-0.0078,0.0200
383.32,86.680,0.1880,0.0000,0.0000,-0.0324,-0.0126,-0.0078,0.0200,3.1414,-10.039,1.045,0.1880,1709.56,2.35537e+06,0.00209788,0.1880,0.0000,-9.922,1.172,3.1414,-0.0078,0.0200
383.42,86.700,0.1880,0.0000,0.0000,-0.0324,-0.0126,-0.0078,0.0200,3.1414,-10.042,1.045,0.1880,1709.57,2.35954e+06,0.00237469,0.1880,0.0000,-9.927,1.172,3.1414,-0.0078,0.0200
383.52,86.720,0.1880,0.0000,0.0000,-0.0324,-0.0126,-0.0078,0.0200,3.1414,-10.047,1.045,0.1880,1709.6,2.3651e+06,0.00237469,0.1880,0.0000,-9.935,1.172,3.1414,-0.0078,0.0200
383.62,86.760,0.1880,0.0000,0.0000,-0.0324,-0.0126,-0.0078,0.0200,3.1414,-10.052,1.045,0.1880,1709.6,2.3651e+06,0.00237469,0.1880,0.0000,-9.935,1.172,3.1414,-0.0078,0.0200
383.72,86.780,0.1880,0.0000,0.0000,-0.0324,-0.0126,-0.0078,0.0200,3.1414,-10.056,1.045,0.1880,1709.62,2.36928e+06,0.00209788,0.1880,0.0000,-9.941,1.172,3.1414,-0.0078,0.0200
383.82,86.800,0.1880,0.0000,0.0000,-0.0324,-0.0126,-0.0078,0.0200,3.1414,-10.060,1.045,0.1880,1709.64,2.37347e+06,0.00237469,0.1880,0.0000,-9.946,1.172,3.1414,-0.0078,0.0200
383.92,86.820,0.1880,0.0000,0.0000,-0.0324,-0.0126,-0.0078,0.0200,3.1414,-10.064,1.045,0.1880,1709.64,2.37347e+06,0.00237469,0.1880,0.0000,-9.946,1.172,3.1414,-0.0078,0.0200
384.02,86.840,0.1880,0.0000,0.0000,-0.0324,-0.0126,-0.0078,0.0200,3.1414,-10.069,1.045,0.1880,1709.66,2.37906e+06,0.00237469,0.1880,0.0000,-9.954,1.172,3.1414,-0.0078,0.0200
384.12,86.860,0.1880,0.0000,0.0000,-0.0324,-0.0126,-0.0078,0.0200,3.1414,-10.073,1.045,0.1880,1709.68,2.38326e+06,0.00209788,0.1880,0.0000,-9.959,1.172,3.1414,-0.0078,0.0200
384.22,86.900,0.1880,0.0000,0.0000,-0.0324,-0.0126,-0.0078,0.0200,3.1414,-10.078,1.045,0.1880,1709.7,2.38746e+06,0.00237469,0.1880,0.0000,-9.965,1.172,3.1414,-0.0078,0.0200
384.32,86.920,0.1880,0.0000,0.0000,-0.0324,-0.0126,-0.0078,0.0200,3.1414,-10.082,1.045,0.1880,1709.7,2.38746e+06,0.00237469,0.1880,0.0000,-9.965,1.172,3.1414,-0.0078,0.0200
384.42,86.940,0.1880,0.0000,0.0000,-0.0324,-0.0126,-0.0078,0.0200,3.1414,-10.086,1.045,0.1880,1709.73,2.39308e+06,0.00237469,0.1880,0.0000,-9.973,1.172,3.1414,-0.0078,0.0200
387.15,87.560,0.1880,0.0000,0.0000,-0.0324,-0.0126,-0.0078,0.0200,3.1414,-10.204,1.046,0.1880,1710.12,2.48294e+06,0.00209788,0.1880,0.0000,-10.091,1.172,3.1414,-0.0078,0.0200
387.25,87.580,0.1880,0.0000,0.0000,-0.0324,-0.0126,-0.0078,0.0200,3.1414,-10.208,1.046,0.1880,1710.12,2.48294e+06,0.00209788,0.1880,0.0000,-10.091,1.172,3.1414,-0.0078,0.0200
387.35,87.600,0.1880,0.0000,0.0000,-0.0324,-0.0126,-0.0078,0.0200,3.1414,-10.212,1.046,0.1880,1710.14,2.48729e+06,0.00237469,0.1880,0.0000,-10.097,1.172,3.1414,-0.0078,0.0200
387.45,87.640,0.1880,0.0000,0.0000,-0.0324,-0.0126,-0.0078,0.0200,3.1414,-10.217,1.046,0.1880,1710.16,2.49309e+06,0.00237469,0.1880,0.0000,-10.104,1.172,3.1414,-0.0078,0.0200
387.55,87.660,0.1880,0.0000,0.0000,-0.0324,-0.0126,-0.0078,0.0200,3.1414,-10.221,1.046,0.1880,1710.16,2.49309e+06,0.00237469,0.1880,0.0000,-10.104,1.172,3.1414,-0.0078,0.0200
387.65,87.680,0.1880,0.0000,0.0000,-0.0324,-0.0126,-0.0078,0.0200,3.1414,-10.226,1.046,0.1880,1710.18,2.49745e+06,0.00209788,0.1880,0.0000,-10.110,1.172,3.1414,-0.0078,0.0200
387.75,87.700,0.1880,0.0000,0.0000,-0.0324,-0.0126,-0.0078,0.0200,3.1414,-10.230,1.046,0.1880,1710.2,2.50182e+06,0.00237469,0.1880,0.0000,-10.115,1.172,3.1414,-0.0078,0.0200
387.85,87.720,0.1880,0.0000,0.0000,-0.0324,-0.0126,-0.0078,0.0200,3.1414,-10.234,1.046,0.1880,1710.23,2.50765e+06,0.00237469,0.1880,0.0000,-10.123,1.172,3.1414,-0.0078,0.0200
387.95,87.740,0.1880,0.0000,0.0000,-0.0324,-0.0126,-0.0078,0.0200,3.1414,-10.238,1.046,0.1880,1710.23,2.50765e+06,0.00237469,0.1880,0.0000,-10.123,1.172,3.1414,-0.0078,0.0200
388.05,87.780,0.1880,0.0000,0.0000,-0.0324,-0.0126,-0.0078,0.0200,3.1414,-10.243,1.046,0.1880,1710.25,2.51202e+06,0.00209788,0.1880,0.0000,-10.129,1.172,3.1414,-0.0078,0.0200
388.15,87.800,0.1880,0.0000,0.0000,-0.0324,-0.0126,-0.0078,0.0200,3.1414,-10.247,1.046,0.1880,1710.27,2.51641e+06,0.00237469,0.1880,0.0000,-10.134,1.172,3.1414,-0.0078,0.0200
388.25,87.820,0.1880,0.0000,0.0000,-0.0324,-0.0126,-0.0078,0.0200,3.1414,-10.251,1.046,0.1880,1710.27,2.51641e+06,0.00237469,0.1880,0.0000,-10.134,1.172,3.1414,-0.0078,0.0200
388.35,87.840,0.1880,0.0000,0.0000,-0.0324,-0.0126,-0.0078,0.0200,3.1414,-10.255,1.046,0.1880,1710.29,2.52227e+06,0.00237469,0.1880,0.0000,-10.142,1.172,3.1414,-0.0078,0.0200
388.45,87.860,0.1880,0.0000,0.0000,-0.0324,-0.0126,-0.0078,0.0200,3.1414,-10.260,1.046,0.1880,1710.31,2.52666e+06,0.00209788,0.1880,0.0000,-10.147,1.172,3.1414,-0.0078,0.0200
388.55,87.880,0.1880,0.0000,0.0000,-0.0324,-0.0126,-0.0078,0.0200,3.1414,-10.264,1.046,0.1880,1710.31,2.52666e+06,0.00209788,0.1880,0.0000,-10.147,1.172,3.1414,-0.0078,0.0200
388.65,87.900,0.1880,0.0000,0.0000,-0.0324,-0.0126,-0.0078,0.0200,3.1414,-10.268,1.046,0.1880,1710.33,2.53107e+06,0.00237469,0.1880,0.0000,-10.153,1.172,3.1414,-0.0078,0.0200
388.75,87.920,0.1880,0.0000,0.0000,-0.0324,-0.0126,-0.0078,0.0200,3.1414,-10.273,1.046,0.1880,1710.35,2.53695e+06,0.00237469,0.1880,0.0000,-10.161,1.172,3.1414,-0.0078,0.0200
388.85,87.960,0.1880,0.0000,0.0000,-0.0324,-0.0126,-0.0078,0.0200,3.1414,-10.277,1.046,0.1880,1710.35,2.53695e+06,0.00237469,0.1880,0.0000,-10.161,1.172,3.1414,-0.0078,0.0200
388.95,87.980,0.1880,0.0000,0.0000,-0.0324,-0.0126,-0.0078,0.0200,3.1414,-10.281,1.046,0.1880,1710.37,2.54137e+06,0.00209788,0.1880,0.0000,-10.166,1.172,3.1414,-0.0078,0.0200
389.05,88.000,0.1880,0.0000,0.0000,-0.0324,-0.0126,-0.0078,0.0200,3.1414,-10.286,1.046,0.1899,1710.39,2.5458e+06,0.00237469,0.1900,0.0001,-10.172,1.172,3.1414,-0.0078,0.0200
389.15,88.020,0.1900,0.0001,0.0001,-0.0324,-0.0126,-0.0078,0.0200,3.1414,-10.290,1.046,0.1899,1710.39,2.5458e+06,0.00237469,0.1900,0.0001,-10.172,1.172,3.1414,-0.0078,0.0200
389.25,88.040,0.1900,0.0001,0.0001,-0.0324,-0.0126,-0.0078,0.0200,3.1414,-10.294,1.046,0.1899,1710.42,2.55171e+06,0.00237469,0.1900,0.0001,-10.179,1.172,3.1414,-0.0078,0.0200
389.35,88.060,0.1900,0.0001,0.0001,-0.0324,-0.0126,-0.0078,0.0200,3.1414,-10.299,1.046,0.1899,1710.44,2.55615e+06,0.00209788,0.1900,0.0001,-10.185,1.172,3.1414,-0.0078,0.0200
389.45,88.100,0.1900,0.0001,0.0001,-0.0324,-0.0126,-0.0078,0.0200,3.1414,-10.303,1.046,0.1899,1710.45,2.5606e+06,0.00237469,0.1900,0.0001,-10.191,1.172,3.1414,-0.0078,0.0200
389.55,88.120,0.1900,0.0001,0.0001,-0.0324,-0.0126,-0.0078,0.0200,3.1414,-10.307,1.046,0.1899,1710.45,2.5606e+06,0.00237469,0.1900,0.0001,-10.191,1.172,3.1414,-0.0078,0.0200
389.65,88.140,0.1900,0.0001,0.0001,-0.0324,-0.0126,-0.0078,0.0200,3.1414,-10.312,1.046,0.1899,1710.48,2.56653e+06,0.00237469,0.1900,0.0001,-10.198,1.172,3.1414,-0.0078,0.0200
389.75,88.160,0.1900,0.0001,0.0001,-0.0324,-0.0126,-0.0078,0.0200,3.1414,-10.316,1.046,0.1899,1710.5,2.57099e+06,0.00209788,0.1900,0.0001,-10.204,1.172,3.1414,-0.0078,0.0200
389.85,88.180,0.1900,0.0001,0.0001,-0.0324,-0.0126,-0.0078,0.0200,3.1414,-10.321,1.046,0.1899,1710.5,2.57099e+06,0.00209788,0.1900,0.0001,-10.204,1.172,3.1414,-0.0078,0.0200
389.95,88.200,0.1900,0.0001,0.0001,-0.0324,-0.0126,-0.0078,0.0200,3.1414,-10.324,1.046,0.1899,1710.51,2.57546e+06,0.00237469,0.1900,0.0001,-10.210,1.172,3.1414,-0.0078,0.0200
390.05,88.220,0.1900,0.0001,0.0001,-0.0324,-0.0126,-0.0078,0.0200,3.1414,-10.328,1.046,0.1899,1710.54,2.58143e+06,0.00237469,0.1900,0.0001,-10.217,1.172,3.1414,-0.0078,0.0200
390.15,88.240,0.1900,0.0001,0.0001,-0.0324,-0.0126,-0.0078,0.0200,3.1414,-10.333,1.046,0.1899,1710.54,2.58143e+06,0.00237469,0.1900,0.0001,-10.217,1.172,3.1414,-0.0078,0.0200
390.25,88.260,0.1900,0.0001,0.0001,-0.0324,-0.0126,-0.0078,0.0200,3.1414,-10.337,1.046,0.1899,1710.55,2.58591e+06,0.00209788,0.1900,0.0001,-10.223,1.172,3.1414,-0.0078,0.0200
390.35,88.300,0.1900,0.0001,0.0001,-0.0324,-0.0126,-0.0078,0.0200,3.1414,-10.342,1.046,0.1900,1710.57,2.59039e+06,0.00237469,0.1900,0.0001,-10.229,1.172,3.1414,-0.0078,0.0200
390.45,88.320,0.1900,0.0001,0.0001,-0.0324,-0.0126,-0.0078,0.0200,3.1414,-10.346,1.046,0.1900,1710.57,2.59039e+06,0.00237469,0.1900,0.0001,-10.229,1.172,3.1414,-0.0078,0.0200
390.55,88.340,0.1900,0.0001,0.0001,-0.0324,-0.0126,-0.0078,0.0200,3.1414,-10.350,1.046,0.1900,1710.59,2.59639e+06,0.00237469,0.1900,0.0001,-10.236,1.172,3.1414,-0.0078,0.0200
390.65,88.360,0.1900,0.0001,0.0001,-0.0324,-0.0126,-0.0078,0.0200,3.1414,-10.355,1.046,0.1900,1710.61,2.60089e+06,0.00209788,0.1900,0.0001,-10.242,1.172,3.1414,-0.0078,0.0200
390.75,88.380,0.1900,0.0001,0.0001,-0.0324,-0.0126,-0.0078,0.0200,3.1414,-10.359,1.046,0.1900,1710.61,2.60089e+06,0.00209788,0.1900,0.0001,-10.242,1.172,3.1414,-0.0078,0.0200
390.85,88.400,0.1900,0.0001,0.0001,-0.0324,-0.0126,-0.0078,0.0200,3.1414,-10.363,1.046,0.1900,1710.62,2.60539e+06,0.00237469,0.1900,0.0001,-10.248,1.172,3.1414,-0.0078,0.0200
390.95,88.440,0.1900,0.0001,0.0001,-0.0324,-0.0126,-0.0078,0.0200,3.1414,-10.368,1.046,0.1900,1710.65,2.61141e+06,0.00237469,0.1900,0.0001,-10.255,1.172,3.1414,-0.0078,0.0200
391.05,88.460,0.1900,0.0001,0.0001,-0.0324,-0.0126,-0.0078,0.0200,3.1414,-10.372,1.046,0.1900,1710.65,2.61141e+06,0.00237469,0.1900,0.0001,-10.255,1.172,3.1414,-0.0078,0.0200
391.15,88.480,0.1900,0.0001,0.0001,-0.0324,-0.0126,-0.0078,0.0200,3.1415,-10.376,1.046,0.1900,1710.66,2.61594e+06,0.00209788,0.1900,0.0001,-10.261,1.172,3.1414,-0.0078,0.0200
391.25,88.500,0.1900,0.0001,0.0001,-0.0324,-0.0126,-0.0078,0.0200,3.1415,-10.381,1.046,0.1900,1710.68,2.62047e+06,0.00237469,0.1900,0.0001,-10.267,1.172,3.1415,-0.0078,0.0200
391.35,88.520,0.1900,0.0001,0.0000,-0.0324,-0.0126,-0.0078,0.0200,3.1415,-10.385,1.046,0.1900,1710.68,2.62047e+06,0.00237469,0.1900,0.0001,-10.267,1.172,3.1415,-0.0078,0.0200
391.45,88.540,0.1900,0.0001,0.0000,-0.0324,-0.0126,-0.0078,0.0200,3.1415,-10.390,1.046,0.1900,1710.7,2.62651e+06,0.00237469,0.1900,0.0001,-10.274,1.172,3.1415,-0.0078,0.0200
391.55,88.560,0.1900,0.0001,0.0000,-0.0324,-0.0126,-0.0078,0.0200,3.1415,-10.394,1.046,0.1900,1710.71,2.63106e+06,0.00209788,0.1900,0.0001,-10.280,1.172,3.1415,-0.0078,0.0200
391.65,88.580,0.1900,0.0001,0.0000,-0.0324,-0.0126,-0.0078,0.0200,3.1415,-10.398,1.046,0.1900,1710.73,2.6356e+06,0.00237469,0.1900,0.0001,-10.286,1.172,3.1415,-0.0078,0.0200
391.75,88.600,0.1900,0.0001,0.0000,-0.0324,-0.0126,-0.0078,0.0200,3.1415,-10.402,1.046,0.1900,1710.73,2.6356e+06,0.00237469,0.1900,0.0001,-10.286,1.172,3.1415,-0.0078,0.0200
391.85,88.640,0.1900,0.0001,0.0000,-0.0324,-0.0126,-0.0078,0.0200,3.1415,-10.406,1.046,0.1900,1710.75,2.64168e+06,0.00237469,0.1900,0.0001,-10.293,1.172,3.1415,-0.0078,0.0200
391.95,88.660,0.1900,0.0001,0.0000,-0.0324,-0.0126,-0.0078,0.0200,3.1415,-10.410,1.046,0.1900,1710.75,2.64168e+06,0.00237469,0.1900,0.0001,-10.293,1.172,3.1415,-0.0078,0.0200
392.05,88.680,0.1900,0.0001,0.0000,-0.0324,-0.0126,-0.0078,0.0200,3.1415,-10.415,1.046,0.1900,1710.76,2.64624e+06,0.00209788,0.1900,0.0001,-10.299,1.172,3.1415,-0.0078,0.0200
392.15,88.700,0.1900,0.0001,0.0000,-0.0324,-0.0126,-0.0078,0.0200,3.1415,-10.418,1.046,0.1900,1710.78,2.65081e+06,0.00237469,0.1900,0.0001,-10.305,1.172,3.1415,-0.0078,0.0200
392.25,88.720,0.1900,0.0001,0.0000,-0.0324,-0.0126,-0.0078,0.0200,3.1415,-10.423,1.046,0.1900,1710.78,2.65081e+06,0.00237469,0.1900,0.0001,-10.305,1.172,3.1415,-0.0078,0.0200
392.35,88.740,0.1900,0.0001,0.0000,-0.0324,-0.0126,-0.0078,0.0200,3.1415,-10.428,1.046,0.1900,1710.8,2.65692e+06,0.00237469,0.1900,0.0001,-10.312,1.172,3.1415,-0.0078,0.0200
392.45,88.760,0.1900,0.0001,0.0000,-0.0324,-0.0126,-0.0078,0.0200,3.1415,-10.432,1.046,0.1900,1710.81,2.6615e+06,0.00209788,0.1900,0.0001,-10.318,1.172,3.1415,-0.0078,0.0200
392.55,88.800,0.1900,0.0001,0.0000,-0.0324,-0.0126,-0.0078,0.0200,3.1415,-10.436,1.046,0.1900,1710.83,2.66609e+06,0.00237469,0.1900,0.0000,-10.324,1.172,3.1415,-0.0078,0.0200
392.65,88.800,0.1900,0.0001,0.0000,-0.0324,-0.0126,-0.0078,0.0200,3.1415,-10.439,1.046,0.1900,1710.83,2.66609e+06,0.00237469,0.1900,0.0000,-10.324,1.172,3.1415,-0.0078,0.0200
392.75,88.820,0.1900,0.0000,0.0000,-0.0324,-0.0126,-0.0078,0.0200,3.1415,-10.442,1.046,0.1900,1710.85,2.67222e+06,0.00237469,0.1900,0.0000,-10.331,1.172,3.1415,-0.0078,0.0200
392.85,88.840,0.1900,0.0000,0.0000,-0.0324,-0.0126,-0.0078,0.0200,3.1415,-10.446,1.046,0.1900,1710.85,2.67222e+06,0.00237469,0.1900,0.0000,-10.331,1.172,3.1415,-0.0078,0.0200
392.95,88.860,0.1900,0.0000,0.0000,-0.0324,-0.0126,-0.0078,0.0200,3.1415,-10.451,1.046,0.1900,1710.86,2.67683e+06,0.00209788,0.1900,0.0000,-10.337,1.172,3.1415,-0.0078,0.0200
393.05,88.900,0.1900,0.0000,0.0000,-0.0324,-0.0126,-0.0078,0.0200,3.1415,-10.455,1.046,0.1900,1710.88,2.68144e+06,0.00237469,0.1900,0.0000,-10.343,1.172,3.1415,-0.0078,0.0200
393.15,88.920,0.1900,0.0000,0.0000,-0.0324,-0.0126,-0.0078,0.0200,3.1415,-10.459,1.046,0.1900,1710.88,2.68144e+06,0.00237469,0.1900,0.0000,-10.343,1.172,3.1415,-0.0078,0.0200
393.25,88.940,0.1900,0.0000,0.0000,-0.0324,-0.0126,-0.0078,0.0200,3.1415,-10.463,1.046,0.1900,1710.89,2.6876e+06,0.00237469,0.1900,0.0000,-10.350,1.172,3.1415,-0.0078,0.0200
393.35,88.960,0.1900,0.0000,0.0000,-0.0324,-0.0126,-0.0078,0.0200,3.1415,-10.468,1.046,0.1900,1710.91,2.69222e+06,0.00209788,0.1900,0.0000,-10.356,1.172,3.1415,-0.0078,0.0200
393.45,88.980,0.1900,0.0000,0.0000,-0.0324,-0.0126,-0.0078,0.0200,3.1415,-10.472,1.046,0.1900,1710.91,2.69222e+06,0.00209788,0.1900,0.0000,-10.356,1.172,3.1415,-0.0078,0.0200
393.55,89.000,0.1900,0.0000,0.0000,-0.0324,-0.0126,-0.0078,0.0200,3.1415,-10.476,1.046,0.1900,1710.92,2.69686e+06,0.00237469,0.1900,0.0000,-10.362,1.172,3.1415,-0.0078,0.0200
393.65,89.020,0.1900,0.0000,0.0321,0.7688,2.0520,-0.0071,0.0196,-3.1415,-10.481,1.046,0.1774,1710.94,2.70304e+06,0.00237469,0.1900,0.0000,-10.369,1.172,-3.1416,-0.0075,0.0199
393.75,89.040,0.1900,0.0000,0.0263,-0.0043,0.1204,-0.0045,0.0179,-3.1409,-10.485,1.046,0.1790,1710.94,2.70304e+06,0.00237469,0.1900,0.0000,-10.369,1.172,-3.1416,-0.0053,0.0185
393.85,89.080,0.1900,0.0000,0.0008,-0.4691,-0.0035,-0.0031,0.0155,-3.1405,-10.489,1.046,0.1725,1710.92,2.70769e+06,0.00209788,0.1900,0.0000,-10.375,1.172,-3.1409,-0.0031,0.0159
393.95,89.100,0.1900,0.0000,0.0007,-0.4851,-0.0035,-0.0030,0.0110,-3.1405,-10.493,1.046,0.1704,1710.83,2.71234e+06,0.00237469,0.1899,-0.0012,-10.381,1.172,-3.1405,-0.0030,0.0123
394.05,89.120,0.1899,-0.0012,0.0060,0.0739,0.1594,-0.0038,0.0050,-3.1403,-10.497,1.046,0.1739,1710.83,2.71234e+06,0.00237469,0.1899,-0.0012,-10.381,1.172,-3.1405,-0.0038,0.0052
394.15,89.140,0.1899,-0.0012,0.0050,0.0296,0.0739,-0.0051,-0.0006,-3.1402,-10.502,1.046,0.1751,1710.68,2.71856e+06,0.00237469,0.1899,-0.0012,-10.388,1.172,-3.1403,-0.0049,0.0003
394.25,89.160,0.1899,-0.0012,0.0026,0.0400,0.0709,-0.0069,-0.0064,-3.1401,-10.506,1.045,0.1758,1710.55,2.72323e+06,0.00209788,0.1899,-0.0012,-10.394,1.172,-3.1402,-0.0063,-0.0045
394.35,89.200,0.1899,-0.0012,-0.0012,0.6586,-0.0126,-0.0078,-0.0110,-3.1400,-10.510,1.045,0.1816,1710.4,2.7279e+06,0.00237469,0.1897,-0.0023,-10.400,1.172,-3.1401,-0.0078,-0.0109
394.45,89.220,0.1897,-0.0023,-0.0023,0.6627,-0.0129,-0.0078,-0.0132,-3.1401,-10.514,1.045,0.1867,1710.4,2.7279e+06,0.00237469,0.1897,-0.0023,-10.400,1.172,-3.1401,-0.0078,-0.0130
394.55,89.240,0.1897,-0.0023,-0.0023,0.6639,-0.0129,-0.0078,-0.0132,-3.1401,-10.519,1.045,0.1922,1710.2,2.73415e+06,0.00237469,0.1897,-0.0023,-10.407,1.172,-3.1401,-0.0078,-0.0135
394.65,89.260,0.1897,-0.0023,-0.0021,0.0232,-0.0144,-0.0075,-0.0114,-3.1402,-10.523,1.045,0.1941,1710.05,2.73884e+06,0.00209788,0.1897,-0.0023,-10.413,1.172,-3.1402,-0.0075,-0.0116
394.75,89.280,0.1897,-0.0023,-0.0021,0.0180,-0.0121,-0.0064,-0.0094,-3.1403,-10.528,1.045,0.1942,1710.05,2.73884e+06,0.00209788,0.1897,-0.0023,-10.413,1.172,-3.1402,-0.0067,-0.0100
394.85,89.300,0.1897,-0.0023,-0.0022,0.0162,-0.0112,-0.0056,-0.0078,-3.1403,-10.532,1.045,0.1942,1709.91,2.74353e+06,0.00237469,0.1897,-0.0024,-10.419,1.172,-3.1402,-0.0059,-0.0084
394.95,89.340,0.1897,-0.0024,-0.0022,0.0134,-0.0098,-0.0046,-0.0059,-3.1404,-10.537,1.046,0.1942,1709.74,2.7498e+06,0.00237469,0.1897,-0.0024,-10.426,1.172,-3.1403,-0.0046,-0.0060
395.05,89.360,0.1897,-0.0024,-0.0022,0.0116,-0.0089,-0.0035,-0.0038,-3.1404,-10.542,1.046,0.1942,1709.61,2.75452e+06,0.00209788,0.1897,-0.0024,-10.432,1.172,-3.1404,-0.0038,-0.0043
395.15,89.380,0.1897,-0.0024,-0.0024,-0.6404,-0.0053,-0.0026,-0.0020,-3.1405,-10.546,1.046,0.1920,1709.61,2.75452e+06,0.00209788,0.1897,-0.0024,-10.432,1.172,-3.1404,-0.0026,-0.0020
395.25,89.400,0.1897,-0.0024,-0.0020,-0.6407,-0.0051,-0.0026,-0.0020,-3.1405,-10.550,1.046,0.1874,1709.5,2.75923e+06,0.00237469,0.1898,-0.0020,-10.438,1.172,-3.1405,-0.0026,-0.0019
395.35,89.420,0.1898,-0.0020,-0.0018,0.0127,-0.0101,-0.0031,-0.0028,-3.1406,-10.555,1.046,0.1878,1709.36,2.76553e+06,0.00237469,0.1898,-0.0020,-10.445,1.172,-3.1406,-0.0030,-0.0026
395.45,89.440,0.1898,-0.0020,-0.0018,0.0135,-0.0106,-0.0036,-0.0037,-3.1406,-10.559,1.046,0.1879,1709.36,2.76553e+06,0.00237469,0.1898,-0.0020,-10.445,1.172,-3.1406,-0.0034,-0.0033
395.55,89.480,0.1898,-0.0020,-0.0018,0.0147,-0.0112,-0.0041,-0.0045,-3.1407,-10.564,1.046,0.1879,1709.26,2.77027e+06,0.00209788,0.1898,-0.0020,-10.451,1.172,-3.1406,-0.0040,-0.0044
395.65,89.500,0.1898,-0.0020,-0.0018,0.0154,-0.0117,-0.0045,-0.0052,-3.1407,-10.568,1.046,0.1880,1709.16,2.775e+06,0.00237469,0.1898,-0.0017,-10.457,1.172,-3.1407,-0.0044,-0.0050
395.75,89.520,0.1898,-0.0017,-0.0015,0.0165,-0.0123,-0.0050,-0.0060,-3.1407,-10.573,1.046,0.1881,1709.16,2.775e+06,0.00237469,0.1898,-0.0017,-10.457,1.172,-3.1407,-0.0050,-0.0060
395.85,89.540,0.1898,-0.0017,-0.0015,0.0172,-0.0127,-0.0055,-0.0067,-3.1408,-10.577,1.045,0.1881,1709.05,2.78133e+06,0.00237469,0.1898,-0.0017,-10.464,1.172,-3.1407,-0.0054,-0.0066
395.95,89.560,0.1898,-0.0017,-0.0015,0.0179,-0.0131,-0.0059,-0.0074,-3.1408,-10.582,1.045,0.1882,1708.96,2.78609e+06,0.00209788,0.1898,-0.0017,-10.470,1.172,-3.1408,-0.0057,-0.0072
396.05,89.600,0.1898,-0.0017,-0.0015,0.0204,-0.0145,-0.0063,-0.0081,-3.1408,-10.586,1.045,0.1882,1708.88,2.79085e+06,0.00237469,0.1898,-0.0015,-10.476,1.172,-3.1408,-0.0063,-0.0081
396.15,89.620,0.1898,-0.0015,-0.0013,0.0211,-0.0149,-0.0067,-0.0087,-3.1409,-10.590,1.045,0.1883,1708.88,2.79085e+06,0.00237469,0.1898,-0.0015,-10.476,1.172,-3.1408,-0.0066,-0.0086
396.25,89.640,0.1898,-0.0015,-0.0013,0.0217,-0.0152,-0.0071,-0.0094,-3.1409,-10.595,1.045,0.1883,1708.78,2.7972e+06,0.00237469,0.1898,-0.0015,-10.483,1.172,-3.1409,-0.0069,-0.0092
396.35,89.660,0.1898,-0.0015,-0.0013,0.0225,-0.0158,-0.0075,-0.0100,-3.1409,-10.599,1.045,0.1884,1708.71,2.80198e+06,0.00209788,0.1898,-0.0015,-10.489,1.172,-3.1409,-0.0074,-0.0099
396.45,89.680,0.1898,-0.0015,-0.0013,0.0231,-0.0162,-0.0078,-0.0106,-3.1409,-10.604,1.045,0.1891,1708.71,2.80198e+06,0.00209788,0.1898,-0.0015,-10.489,1.172,-3.1409,-0.0077,-0.0104
396.55,89.700,0.1898,-0.0015,-0.0012,0.0214,-0.0151,-0.0077,-0.0103,-3.1410,-10.608,1.045,0.1907,1708.65,2.80676e+06,0.00237469,0.1898,-0.0013,-10.495,1.172,-3.1409,-0.0077,-0.0104
396.65,89.740,0.1898,-0.0013,-0.0012,0.0208,-0.0149,-0.0075,-0.0099,-3.1410,-10.613,1.045,0.1908,1708.56,2.81315e+06,0.00237469,0.1898,-0.0013,-10.502,1.172,-3.1410,-0.0075,-0.0099
396.75,89.760,0.1898,-0.0013,-0.0012,0.0204,-0.0148,-0.0073,-0.0094,-3.1410,-10.617,1.045,0.1908,1708.5,2.81794e+06,0.00209788,0.1898,-0.0013,-10.508,1.172,-3.1410,-0.0074,-0.0095
396.85,89.780,0.1898,-0.0013,-0.0012,0.0198,-0.0145,-0.0071,-0.0090,-3.1411,-10.622,1.045,0.1908,1708.5,2.81794e+06,0.00209788,0.1898,-0.0013,-10.508,1.172,-3.1410,-0.0072,-0.0090
396.95,89.800,0.1898,-0.0013,-0.0010,0.0193,-0.0143,-0.0070,-0.0085,-3.1411,-10.626,1.045,0.1909,1708.45,2.82275e+06,0.00237469,0.1899,-0.0012,-10.514,1.172,-3.1411,-0.0070,-0.0086
397.05,89.820,0.1899,-0.0012,-0.0010,0.0189,-0.0142,-0.0067,-0.0081,-3.1411,-10.631,1.045,0.1909,1708.38,2.82916e+06,0.00237469,0.1899,-0.0012,-10.521,1.172,-3.1411,-0.0068,-0.0082
397.15,89.860,0.1899,-0.0012,-0.0010,0.0181,-0.0139,-0.0065,-0.0076,-3.1411,-10.635,1.045,0.1910,1708.38,2.82916e+06,0.00237469,0.1899,-0.0012,-10.521,1.172,-3.1411,-0.0065,-0.0076
397.25,89.880,0.1899,-0.0012,-0.0010,0.0177,-0.0137,-0.0063,-0.0070,-3.1412,-10.640,1.045,0.1910,1708.33,2.83398e+06,0.00209788,0.1899,-0.0012,-10.527,1.172,-3.1411,-0.0064,-0.0072
397.35,89.900,0.1899,-0.0012,-0.0010,0.0171,-0.0135,-0.0061,-0.0065,-3.1412,-10.645,1.045,0.1911,1708.29,2.83881e+06,0.00237469,0.1899,-0.0010,-10.533,1.172,-3.1412,-0.0062,-0.0067
397.45,89.920,0.1899,-0.0010,-0.0009,0.0163,-0.0131,-0.0058,-0.0060,-3.1412,-10.649,1.045,0.1911,1708.24,2.84525e+06,0.00237469,0.1899,-0.0010,-10.540,1.172,-3.1412,-0.0058,-0.0060
397.55,89.940,0.1899,-0.0010,-0.0009,0.0158,-0.0129,-0.0056,-0.0054,-3.1412,-10.654,1.046,0.1912,1708.24,2.84525e+06,0.00237469,0.1899,-0.0010,-10.540,1.172,-3.1412,-0.0056,-0.0056
397.65,89.980,0.1899,-0.0010,-0.0009,0.0149,-0.0125,-0.0053,-0.0048,-3.1413,-10.658,1.046,0.1913,1708.2,2.85009e+06,0.00209788,0.1899,-0.0010,-10.546,1.172,-3.1412,-0.0053,-0.0048
397.75,90.000,0.1899,-0.0010,-0.0009,0.0143,-0.0122,-0.0050,-0.0042,-3.1413,-10.663,1.046,0.1913,1708.17,2.85494e+06,0.00237469,0.1899,-0.0008,-10.552,1.172,-3.1413,-0.0050,-0.0043
397.85,90.020,0.1899,-0.0008,-0.0007,0.0137,-0.0119,-0.0047,-0.0035,-3.1413,-10.667,1.046,0.1914,1708.17,2.85494e+06,0.00237469,0.1899,-0.0008,-10.552,1.172,-3.1413,-0.0048,-0.0038
397.95,90.040,0.1899,-0.0008,-0.0007,0.0127,-0.0115,-0.0044,-0.0028,-3.1413,-10.672,1.046,0.1915,1708.13,2.86141e+06,0.00237469,0.1899,-0.0008,-10.559,1.172,-3.1413,-0.0044,-0.0029
398.05,90.060,0.1899,-0.0008,-0.0007,0.0120,-0.0112,-0.0040,-0.0021,-3.1414,-10.677,1.046,0.1915,1708.1,2.86627e+06,0.00209788,0.1899,-0.0008,-10.565,1.172,-3.1413,-0.0041,-0.0023
398.15,90.100,0.1899,-0.0008,-0.0007,0.0109,-0.0107,-0.0037,-0.0014,-3.1414,-10.681,1.046,0.1916,1708.08,2.87114e+06,0.00237469,0.1899,-0.0007,-10.571,1.172,-3.1414,-0.0037,-0.0014
398.25,90.120,0.1899,-0.0007,-0.0006,0.0102,-0.0104,-0.0033,-0.0006,-3.1414,-10.686,1.046,0.1917,1708.08,2.87114e+06,0.00237469,0.1899,-0.0007,-10.571,1.172,-3.1414,-0.0034,-0.0008
398.35,90.140,0.1899,-0.0007,-0.0006,0.0094,-0.0100,-0.0029,0.0002,-3.1414,-10.690,1.046,0.1917,1708.05,2.87764e+06,0.00237469,0.1899,-0.0007,-10.578,1.172,-3.1414,-0.0031,-0.0001
398.45,90.160,0.1899,-0.0007,-0.0008,-0.6439,-0.0046,-0.0027,0.0007,-3.1414,-10.695,1.046,0.1893,1708.03,2.88253e+06,0.00209788,0.1899,-0.0007,-10.584,1.172,-3.1414,-0.0027,0.0007
398.55,90.180,0.1899,-0.0007,-0.0006,0.0087,-0.0099,-0.0029,0.0005,-3.1414,-10.699,1.046,0.1894,1708.03,2.88253e+06,0.00209788,0.1899,-0.0007,-10.584,1.172,-3.1414,-0.0028,0.0005
398.65,90.200,0.1899,-0.0007,-0.0005,0.0089,-0.0100,-0.0030,0.0003,-3.1415,-10.704,1.046,0.1895,1708.02,2.88742e+06,0.00237469,0.1899,-0.0006,-10.590,1.172,-3.1414,-0.0030,0.0004
398.75,90.240,0.1899,-0.0006,-0.0005,0.0091,-0.0103,-0.0031,0.0001,-3.1415,-10.708,1.046,0.1895,1708,2.89395e+06,0.00237469,0.1899,-0.0006,-10.597,1.172,-3.1415,-0.0031,0.0002
398.85,90.260,0.1899,-0.0006,-0.0005,0.0092,-0.0104,-0.0033,0.0000,-3.1415,-10.712,1.046,0.1896,1708,2.89395e+06,0.00237469,0.1899,-0.0006,-10.597,1.172,-3.1415,-0.0032,0.0000
398.95,90.280,0.1899,-0.0006,-0.0005,0.0094,-0.0105,-0.0034,-0.0001,-3.1415,-10.717,1.046,0.1897,1707.99,2.89885e+06,0.00209788,0.1899,-0.0006,-10.603,1.172,-3.1415,-0.0034,-0.0001
399.05,90.300,0.1899,-0.0006,-0.0004,0.0094,-0.0106,-0.0034,-0.0002,-3.1415,-10.721,1.046,0.1898,1707.98,2.90376e+06,0.00237469,0.1899,-0.0005,-10.609,1.172,-3.1415,-0.0034,-0.0002
399.15,90.320,0.1899,-0.0005,-0.0004,0.0094,-0.0107,-0.0035,-0.0002,-3.1415,-10.726,1.046,0.1898,1707.97,2.91033e+06,0.00237469,0.1899,-0.0005,-10.616,1.172,-3.1415,-0.0035,-0.0002
399.25,90.360,0.1899,-0.0005,-0.0004,0.0094,-0.0108,-0.0036,-0.0002,-3.1415,-10.731,1.046,0.1899,1707.97,2.91033e+06,0.00237469,0.1899,-0.0005,-10.616,1.172,-3.1415,-0.0036,-0.0002
399.35,90.380,0.1899,-0.0005,-0.0004,0.0094,-0.0108,-0.0036,-0.0002,-3.1415,-10.735,1.046,0.1900,1707.96,2.91525e+06,0.00209788,0.1899,-0.0005,-10.622,1.172,-3.1415,-0.0036,-0.0002
399.45,90.400,0.1899,-0.0005,-0.0004,0.0093,-0.0108,-0.0036,-0.0001,-3.1415,-10.740,1.046,0.1901,1707.96,2.92019e+06,0.00237469,0.1899,-0.0005,-10.628,1.172,-3.1415,-0.0036,-0.0001
399.55,90.420,0.1899,-0.0005,-0.0004,0.0092,-0.0108,-0.0036,-0.0000,-3.1415,-10.744,1.046,0.1901,1707.96,2.92019e+06,0.00237469,0.1899,-0.0005,-10.628,1.172,-3.1415,-0.0036,-0.0000
399.65,90.440,0.1899,-0.0005,-0.0004,0.0091,-0.0108,-0.0036,0.0001,-3.1416,-10.749,1.046,0.1902,1707.95,2.92678e+06,0.00237469,0.1899,-0.0005,-10.635,1.172,-3.1415,-0.0036,0.0001
399.75,90.480,0.1899,-0.0005,-0.0004,0.0089,-0.0108,-0.0036,0.0002,-3.1416,-10.753,1.046,0.1903,1707.95,2.93173e+06,0.00209788,0.1899,-0.0005,-10.641,1.172,-3.1416,-0.0036,0.0002
399.85,90.500,0.1899,-0.0005,-0.0004,0.0087,-0.0108,-0.0035,0.0004,-3.1416,-10.758,1.046,0.1904,1707.95,2.93668e+06,0.00237469,0.1900,-0.0004,-10.647,1.172,-3.1416,-0.0035,0.0004
399.95,90.520,0.1900,-0.0004,-0.0003,0.0085,-0.0107,-0.0034,0.0006,-3.1416,-10.762,1.046,0.1904,1707.95,2.93668e+06,0.00237469,0.1900,-0.0004,-10.647,1.172,-3.1416,-0.0035,0.0006
400.05,90.540,0.1900,-0.0004,0.0079,0.2916,0.0949,-0.0026,0.0023,-3.1414,-10.767,1.046,0.1871,1707.95,2.9433e+06,0.00237469,0.1900,-0.0004,-10.654,1.172,-3.1416,-0.0026,0.0018
400.15,90.560,0.1900,-0.0004,0.0077,0.2035,0.3398,-0.0027,0.0084,-3.1413,-10.771,1.046,0.1891,1707.95,2.94828e+06,0.00209788,0.1900,-0.0004,-10.660,1.172,-3.1415,-0.0027,0.0070
400.25,90.580,0.1900,-0.0004,-0.0022,-0.5267,0.0729,-0.0027,0.0142,-3.1413,-10.776,1.046,0.2003,1707.95,2.94828e+06,0.00209788,0.1900,-0.0004,-10.660,1.172,-3.1415,-0.0027,0.0125
400.35,90.620,0.1899,-0.0006,-0.0019,-0.2310,0.2409,-0.0027,0.0181,-3.1415,-10.780,1.046,0.1988,1707.93,2.95325e+06,0.00237469,0.1899,-0.0006,-10.666,1.172,-3.1413,-0.0027,0.0181
400.45,90.640,0.1899,-0.0006,-0.0020,-0.2149,0.2375,-0.0027,0.0214,-3.1415,-10.785,1.046,0.1956,1707.9,2.9599e+06,0.00237469,0.1899,-0.0006,-10.673,1.172,-3.1415,-0.0027,0.0209
400.55,90.660,0.1899,-0.0006,-0.0006,-0.5629,0.0907,-0.0027,0.0235,-3.1415,-10.789,1.046,0.1942,1707.89,2.9649e+06,0.00209788,0.1899,-0.0006,-10.679,1.172,-3.1415,-0.0027,0.0230
400.65,90.680,0.1899,-0.0006,0.0002,-0.0944,-0.1478,-0.0027,0.0249,-3.1415,-10.794,1.046,0.1921,1707.89,2.9649e+06,0.00209788,0.1899,-0.0006,-10.679,1.172,-3.1415,-0.0027,0.0244
400.75,90.700,0.1899,-0.0006,-0.0005,-0.6472,0.0250,-0.0027,0.0254,-3.1415,-10.798,1.046,0.1905,1707.88,2.9699e+06,0.00237469,0.1899,-0.0005,-10.685,1.172,-3.1415,-0.0027,0.0254
400.85,90.720,0.1899,-0.0005,-0.0004,-0.0411,-0.0044,-0.0027,0.0254,-3.1416,-10.802,1.046,0.1899,1707.88,2.97658e+06,0.00237469,0.1899,-0.0005,-10.692,1.172,-3.1416,-0.0027,0.0254
400.95,90.740,0.1899,-0.0005,-0.0004,-0.0411,-0.0044,-0.0027,0.0254,-3.1416,-10.807,1.046,0.1899,1707.88,2.97658e+06,0.00237469,0.1899,-0.0005,-10.692,1.172,-3.1416,-0.0027,0.0254
401.05,90.780,0.1899,-0.0005,-0.0004,-0.0411,-0.0044,-0.0027,0.0254,-3.1416,-10.811,1.046,0.1899,1707.88,2.98159e+06,0.00209788,0.1899,-0.0005,-10.698,1.172,-3.1416,-0.0027,0.0254
401.15,90.800,0.1899,-0.0005,-0.0004,-0.0411,-0.0044,-0.0027,0.0254,-3.1416,-10.815,1.046,0.1899,1707.88,2.98662e+06,0.00237469,0.1900,-0.0004,-10.704,1.172,-3.1416,-0.0027,0.0254
401.25,90.820,0.1900,-0.0004,-0.0004,-0.0411,-0.0044,-0.0027,0.0254,3.1416,-10.820,1.046,0.1899,1707.88,2.98662e+06,0.00237469,0.1900,-0.0004,-10.704,1.172,-3.1416,-0.0027,0.0254
401.35,90.840,0.1900,-0.0004,-0.0004,-0.0411,-0.0044,-0.0027,0.0254,3.1416,-10.824,1.046,0.1899,1707.88,2.99332e+06,0.00237469,0.1900,-0.0004,-10.711,1.172,3.1416,-0.0027,0.0254
401.45,90.860,0.1900,-0.0004,-0.0004,-0.0411,-0.0044,-0.0027,0.0254,3.1416,-10.829,1.046,0.1899,1707.88,2.99836e+06,0.00209788,0.1900,-0.0004,-10.717,1.172,3.1416,-0.0027,0.0254
401.55,90.880,0.1900,-0.0004,-0.0004,-0.0411,-0.0044,-0.0027,0.0254,3.1416,-10.833,1.046,0.1899,1707.88,2.99836e+06,0.00209788,0.1900,-0.0004,-10.717,1.172,3.1416,-0.0027,0.0254
401.65,90.900,0.1900,-0.0004,-0.0003,-0.0411,-0.0044,-0.0027,0.0254,3.1416,-10.837,1.046,0.1899,1707.88,3.00341e+06,0.00237469,0.1900,-0.0004,-10.723,1.172,3.1416,-0.0027,0.0254
401.75,90.940,0.1900,-0.0004,-0.0003,-0.0411,-0.0044,-0.0027,0.0254,3.1415,-10.842,1.046,0.1899,1707.89,3.01015e+06,0.00237469,0.1900,-0.0004,-10.730,1.172,3.1416,-0.0027,0.0254
401.85,90.960,0.1900,-0.0004,-0.0003,-0.0411,-0.0044,-0.0027,0.0254,3.1415,-10.846,1.046,0.1899,1707.89,3.01015e+06,0.00237469,0.1900,-0.0004,-10.730,1.172,3.1416,-0.0027,0.0254
401.95,90.980,0.1900,-0.0004,-0.0003,-0.0411,-0.0044,-0.0027,0.0254,3.1415,-10.850,1.046,0.1899,1707.9,3.01521e+06,0.00209788,0.1900,-0.0004,-10.736,1.172,3.1415,-0.0027,0.0254
402.05,91.000,0.1900,-0.0004,-0.0003,-0.0411,-0.0044,-0.0027,0.0254,3.1415,-10.855,1.046,0.1899,1707.9,3.02028e+06,0.00237469,0.1900,-0.0003,-10.742,1.172,3.1415,-0.0027,0.0254
402.15,91.020,0.1900,-0.0003,-0.0003,-0.0411,-0.0044,-0.0027,0.0254,3.1415,-10.859,1.046,0.1899,1707.92,3.02705e+06,0.00237469,0.1900,-0.0003,-10.749,1.172,3.1415,-0.0027,0.0254
402.25,91.040,0.1900,-0.0003,-0.0003,-0.0411,-0.0044,-0.0027,0.0254,3.1415,-10.863,1.046,0.1899,1707.92,3.02705e+06,0.00237469,0.1900,-0.0003,-10.749,1.172,3.1415,-0.0027,0.0254
402.35,91.080,0.1900,-0.0003,-0.0003,-0.0411,-0.0044,-0.0027,0.0254,3.1415,-10.868,1.046,0.1899,1707.92,3.03213e+06,0.00209788,0.1900,-0.0003,-10.755,1.172,3.1415,-0.0027,0.0254
402.45,91.100,0.1900,-0.0003,-0.0003,-0.0411,-0.0044,-0.0027,0.0254,3.1415,-10.872,1.046,0.1899,1707.93,3.03722e+06,0.00237469,0.1900,-0.0003,-10.761,1.172,3.1415,-0.0027,0.0254
402.55,91.120,0.1900,-0.0003,-0.0002,-0.0411,-0.0044,-0.0027,0.0254,3.1415,-10.877,1.046,0.1899,1707.93,3.03722e+06,0.00237469,0.1900,-0.0003,-10.761,1.172,3.1415,-0.0027,0.0254
402.65,91.140,0.1900,-0.0003,-0.0002,-0.0411,-0.0044,-0.0027,0.0254,3.1415,-10.881,1.046,0.1899,1707.95,3.04402e+06,0.00237469,0.1900,-0.0003,-10.768,1.172,3.1415,-0.0027,0.0254
402.75,91.160,0.1900,-0.0003,-0.0002,-0.0412,-0.0044,-0.0027,0.0254,3.1415,-10.885,1.046,0.1899,1707.96,3.04913e+06,0.00209788,0.1900,-0.0003,-10.774,1.172,3.1415,-0.0027,0.0254
402.85,91.180,0.1900,-0.0003,-0.0002,-0.0412,-0.0044,-0.0027,0.0254,3.1415,-10.889,1.046,0.1899,1707.96,3.04913e+06,0.00209788,0.1900,-0.0003,-10.774,1.172,3.1415,-0.0027,0.0254
402.95,91.200,0.1900,-0.0003,-0.0002,-0.0412,-0.0044,-0.0027,0.0254,3.1415,-10.892,1.046,0.1899,1707.97,3.05424e+06,0.00237469,0.1900,-0.0002,-10.780,1.172,3.1415,-0.0027,0.0254
403.05,91.220,0.1900,-0.0002,-0.0002,-0.0412,-0.0044,-0.0027,0.0254,3.1415,-10.895,1.046,0.1899,1707.97,3.05424e+06,0.00237469,0.1900,-0.0002,-10.780,1.172,3.1415,-0.0027,0.0254
403.15,91.240,0.1900,-0.0002,-0.0002,-0.0412,-0.0044,-0.0027,0.0254,3.1415,-10.899,1.046,0.1899,1707.99,3.06107e+06,0.00237469,0.1900,-0.0002,-10.787,1.172,3.1415,-0.0027,0.0254
403.25,91.260,0.1900,-0.0002,-0.0002,-0.0411,-0.0044,-0.0027,0.0254,3.1415,-10.903,1.046,0.1899,1707.99,3.06107e+06,0.00237469,0.1900,-0.0002,-10.787,1.172,3.1415,-0.0027,0.0254
403.35,91.280,0.1900,-0.0002,-0.0002,-0.0411,-0.0044,-0.0027,0.0254,3.1415,-10.907,1.046,0.1899,1708.01,3.0662e+06,0.00209788,0.1900,-0.0002,-10.793,1.172,3.1415,-0.0027,0.0254
403.45,91.300,0.1900,-0.0002,-0.0002,-0.0411,-0.0044,-0.0027,0.0254,3.1415,-10.911,1.046,0.1899,1708.02,3.07133e+06,0.00237469,0.1900,-0.0002,-10.799,1.172,3.1415,-0.0027,0.0254
403.55,91.320,0.1900,-0.0002,-0.0002,-0.0411,-0.0044,-0.0027,0.0254,3.1414,-10.915,1.046,0.1899,1708.02,3.07133e+06,0.00237469,0.1900,-0.0002,-10.799,1.172,3.1415,-0.0027,0.0254
403.65,91.340,0.1900,-0.0002,-0.0002,-0.0411,-0.0044,-0.0027,0.0254,3.1414,-10.920,1.046,0.1899,1708.04,3.07819e+06,0.00237469,0.1900,-0.0002,-10.806,1.172,3.1414,-0.0027,0.0254
403.75,91.360,0.1900,-0.0002,-0.0002,-0.0411,-0.0044,-0.0027,0.0254,3.1414,-10.924,1.046,0.1899,1708.06,3.08334e+06,0.00209788,0.1900,-0.0002,-10.812,1.172,3.1414,-0.0027,0.0254
403.85,91.380,0.1900,-0.0002,-0.0002,-0.0411,-0.0044,-0.0027,0.0254,3.1414,-10.928,1.046,0.1899,1708.08,3.0885e+06,0.00237469,0.1900,-0.0002,-10.818,1.172,3.1414,-0.0027,0.0254
403.95,91.420,0.1900,-0.0002,-0.0001,-0.0411,-0.0044,-0.0027,0.0254,3.1414,-10.933,1.046,0.1899,1708.08,3.0885e+06,0.00237469,0.1900,-0.0002,-10.818,1.172,3.1414,-0.0027,0.0254
404.05,91.440,0.1900,-0.0002,-0.0001,-0.0411,-0.0044,-0.0027,0.0254,3.1414,-10.937,1.046,0.1899,1708.1,3.09539e+06,0.00237469,0.1900,-0.0002,-10.825,1.172,3.1414,-0.0027,0.0254
404.15,91.460,0.1900,-0.0002,-0.0001,-0.0411,-0.0044,-0.0027,0.0254,3.1414,-10.941,1.046,0.1899,1708.1,3.09539e+06,0.00237469,0.1900,-0.0002,-10.825,1.172,3.1414,-0.0027,0.0254
404.25,91.480,0.1900,-0.0002,-0.0001,-0.0411,-0.0044,-0.0027,0.0254,3.1414,-10.945,1.046,0.1899,1708.12,3.10057e+06,0.00209788,0.1900,-0.0002,-10.831,1.172,3.1414,-0.0027,0.0254
404.35,91.500,0.1900,-0.0002,-0.0001,-0.0411,-0.0044,-0.0027,0.0254,3.1414,-10.949,1.046,0.1899,1708.14,3.10575e+06,0.00237469,0.1900,-0.0002,-10.837,1.172,3.1414,-0.0027,0.0254
404.45,91.520,0.1900,-0.0002,-0.0001,-0.0411,-0.0044,-0.0027,0.0254,3.1414,-10.954,1.046,0.1899,1708.14,3.10575e+06,0.00237469,0.1900,-0.0002,-10.837,1.172,3.1414,-0.0027,0.0254
404.55,91.540,0.1900,-0.0002,-0.0001,-0.0411,-0.0044,-0.0027,0.0254,3.1414,-10.958,1.046,0.1899,1708.16,3.11267e+06,0.00237469,0.1900,-0.0002,-10.844,1.172,3.1414,-0.0027,0.0254
404.65,91.560,0.1900,-0.0002,-0.0001,-0.0411,-0.0044,-0.0027,0.0254,3.1414,-10.962,1.046,0.1899,1708.18,3.11786e+06,0.00209788,0.1900,-0.0002,-10.850,1.172,3.1414,-0.0027,0.0254
404.75,91.580,0.1900,-0.0002,-0.0001,-0.0411,-0.0044,-0.0027,0.0254,3.1414,-10.966,1.046,0.1899,1708.18,3.11786e+06,0.00209788,0.1900,-0.0002,-10.850,1.172,3.1414,-0.0027,0.0254
404.85,91.620,0.1900,-0.0001,-0.0001,-0.0411,-0.0044,-0.0027,0.0254,3.1414,-10.970,1.046,0.1899,1708.2,3.12307e+06,0.00237469,0.1900,-0.0001,-10.856,1.172,3.1414,-0.0027,0.0254
404.95,91.640,0.1900,-0.0001,-0.0001,-0.0411,-0.0044,-0.0027,0.0254,3.1414,-10.975,1.046,0.1899,1708.23,3.13002e+06,0.00237469,0.1900,-0.0001,-10.863,1.172,3.1414,-0.0027,0.0254
405.05,91.660,0.1900,-0.0001,-0.0001,-0.0411,-0.0044,-0.0027,0.0254,3.1414,-10.979,1.046,0.1899,1708.23,3.13002e+06,0.00237469,0.1900,-0.0001,-10.863,1.172,3.1414,-0.0027,0.0254
405.15,91.680,0.1900,-0.0001,-0.0001,-0.0411,-0.0044,-0.0027,0.0254,3.1414,-10.983,1.046,0.1899,1708.25,3.13524e+06,0.00209788,0.1900,-0.0001,-10.869,1.172,3.1414,-0.0027,0.0254
405.25,91.700,0.1900,-0.0001,-0.0001,-0.0411,-0.0044,-0.0027,0.0254,3.1414,-10.987,1.046,0.1899,1708.27,3.14047e+06,0.00237469,0.1900,-0.0001,-10.875,1.172,3.1414,-0.0027,0.0254
405.35,91.720,0.1900,-0.0001,-0.0001,-0.0411,-0.0044,-0.0027,0.0254,3.1414,-10.991,1.046,0.1899,1708.27,3.14047e+06,0.00237469,0.1900,-0.0001,-10.875,1.172,3.1414,-0.0027,0.0254
405.45,91.740,0.1900,-0.0001,-0.0001,-0.0411,-0.0044,-0.0027,0.0254,3.1414,-10.996,1.046,0.1899,1708.3,3.14745e+06,0.00237469,0.1900,-0.0001,-10.882,1.172,3.1414,-0.0027,0.0254
405.55,91.760,0.1900,-0.0001,-0.0001,-0.0411,-0.0044,-0.0027,0.0254,3.1414,-11.000,1.046,0.1899,1708.32,3.15269e+06,0.00209788,0.1900,-0.0001,-10.888,1.172,3.1414,-0.0027,0.0254
405.65,91.800,0.1900,-0.0001,-0.0001,-0.0411,-0.0044,-0.0027,0.0254,3.1414,-11.005,1.046,0.1899,1708.35,3.15794e+06,0.00237469,0.1900,-0.0001,-10.894,1.172,3.1414,-0.0027,0.0254
405.75,91.820,0.1900,-0.0001,-0.0001,-0.0411,-0.0044,-0.0027,0.0254,3.1414,-11.009,1.046,0.1899,1708.35,3.15794e+06,0.00237469,0.1900,-0.0001,-10.894,1.172,3.1414,-0.0027,0.0254
405.85,91.840,0.1900,-0.0001,-0.0001,-0.0411,-0.0044,-0.0027,0.0254,3.1414,-11.013,1.046,0.1899,1708.38,3.16496e+06,0.00237469,0.1900,-0.0001,-10.901,1.172,3.1414,-0.0027,0.0254
405.95,91.860,0.1900,-0.0001,-0.0001,-0.0412,-0.0044,-0.0027,0.0254,3.1414,-11.018,1.046,0.1899,1708.4,3.17022e+06,0.00209788,0.1900,-0.0001,-10.907,1.172,3.1414,-0.0027,0.0254
406.05,91.880,0.1900,-0.0001,-0.0001,-0.0411,-0.0044,-0.0027,0.0254,3.1414,-11.022,1.046,0.1899,1708.4,3.17022e+06,0.00209788,0.1900,-0.0001,-10.907,1.172,3.1414,-0.0027,0.0254
406.15,91.900,0.1900,-0.0001,-0.0001,-0.0411,-0.0044,-0.0027,0.0254,3.1414,-11.026,1.046,0.1899,1708.42,3.1755e+06,0.00237469,0.1900,-0.0001,-10.913,1.172,3.1414,-0.0027,0.0254
406.25,91.920,0.1900,-0.0001,-0.0001,-0.0411,-0.0044,-0.0027,0.0254,3.1414,-11.030,1.046,0.1899,1708.45,3.18254e+06,0.00237469,0.1900,-0.0001,-10.920,1.172,3.1414,-0.0027,0.0254
406.35,91.940,0.1900,-0.0001,-0.0001,-0.0411,-0.0044,-0.0027,0.0254,3.1414,-11.035,1.046,0.1899,1708.45,3.18254e+06,0.00237469,0.1900,-0.0001,-10.920,1.172,3.1414,-0.0027,0.0254
406.45,91.980,0.1900,-0.0001,-0.0001,-0.0411,-0.0044,-0.0027,0.0254,3.1414,-11.039,1.046,0.1899,1708.48,3.18783e+06,0.00209788,0.1900,-0.0001,-10.926,1.172,3.1414,-0.0027,0.0254
406.55,92.000,0.1900,-0.0001,-0.0001,-0.0411,-0.0044,-0.0027,0.0254,3.1414,-11.043,1.046,0.1899,1708.5,3.19313e+06,0.00237469,0.1900,-0.0001,-10.932,1.172,3.1414,-0.0027,0.0254
406.65,92.020,0.1900,-0.0001,-0.0001,-0.0411,-0.0044,-0.0027,0.0254,3.1414,-11.048,1.046,0.1899,1708.5,3.19313e+06,0.00237469,0.1900,-0.0001,-10.932,1.172,3.1414,-0.0027,0.0254
406.75,92.040,0.1900,-0.0001,-0.0001,-0.0411,-0.0044,-0.0027,0.0254,3.1414,-11.052,1.046,0.1899,1708.54,3.2002e+06,0.00237469,0.1900,-0.0001,-10.939,1.172,3.1414,-0.0027,0.0254
406.85,92.060,0.1900,-0.0001,-0.0001,-0.0411,-0.0044,-0.0027,0.0254,3.1414,-11.056,1.046,0.1899,1708.56,3.20551e+06,0.00209788,0.1900,-0.0001,-10.945,1.172,3.1414,-0.0027,0.0254
406.95,92.080,0.1900,-0.0001,-0.0001,-0.0411,-0.0044,-0.0027,0.0254,3.1414,-11.061,1.046,0.1899,1708.56,3.20551e+06,0.00209788,0.1900,-0.0001,-10.945,1.172,3.1414,-0.0027,0.0254
407.05,92.100,0.1900,-0.0001,0.0001,-0.0411,-0.0044,-0.0027,0.0254,3.1414,-11.065,1.046,0.1899,1708.59,3.21083e+06,0.00237469,0.1900,0.0001,-10.951,1.172,3.1414,-0.0027,0.0254
407.15,92.120,0.1900,0.0001,0.0001,-0.0411,-0.0044,-0.0027,0.0254,3.1414,-11.069,1.046,0.1899,1708.62,3.21794e+06,0.00237469,0.1900,0.0001,-10.958,1.172,3.1414,-0.0027,0.0254
407.25,92.160,0.1900,0.0001,0.0001,-0.0411,-0.0044,-0.0027,0.0254,3.1414,-11.073,1.046,0.1899,1708.62,3.21794e+06,0.00237469,0.1900,0.0001,-10.958,1.172,3.1414,-0.0027,0.0254
407.35,92.180,0.1900,0.0001,0.0001,-0.0411,-0.0044,-0.0027,0.0254,3.1414,-11.078,1.046,0.1899,1708.65,3.22327e+06,0.00209788,0.1900,0.0001,-10.964,1.172,3.1414,-0.0027,0.0254
407.45,92.200,0.1900,0.0001,0.0001,-0.0411,-0.0044,-0.0027,0.0254,3.1414,-11.082,1.046,0.1899,1708.67,3.22862e+06,0.00237469,0.1900,0.0001,-10.970,1.172,3.1414,-0.0027,0.0254
407.55,92.220,0.1900,0.0001,0.0001,-0.0411,-0.0044,-0.0027,0.0254,3.1414,-11.086,1.046,0.1899,1708.67,3.22862e+06,0.00237469,0.1900,0.0001,-10.970,1.172,3.1414,-0.0027,0.0254
407.65,92.240,0.1900,0.0001,0.0001,-0.0411,-0.0044,-0.0027,0.0254,3.1414,-11.090,1.046,0.1899,1708.7,3.23575e+06,0.00237469,0.1900,0.0001,-10.977,1.172,3.1414,-0.0027,0.0254
407.75,92.260,0.1900,0.0001,0.0001,-0.0411,-0.0044,-0.0027,0.0254,3.1414,-11.095,1.046,0.1899,1708.73,3.24111e+06,0.00209788,0.1900,0.0001,-10.983,1.172,3.1414,-0.0027,0.0254
407.85,92.280,0.1900,0.0001,0.0001,-0.0411,-0.0044,-0.0027,0.0254,3.1414,-11.099,1.046,0.1899,1708.75,3.24648e+06,0.00237469,0.1900,0.0001,-10.989,1.172,3.1414,-0.0027,0.0254
407.95,92.300,0.1900,0.0001,0.0001,-0.0411,-0.0044,-0.0027,0.0254,3.1414,-11.103,1.046,0.1899,1708.75,3.24648e+06,0.00237469,0.1900,0.0001,-10.989,1.172,3.1414,-0.0027,0.0254
408.05,92.340,0.1900,0.0001,0.0001,-0.0411,-0.0044,-0.0027,0.0254,3.1414,-11.108,1.046,0.1899,1708.78,3.25365e+06,0.00237469,0.1900,0.0001,-10.996,1.172,3.1414,-0.0027,0.0254
408.15,92.360,0.1900,0.0001,0.0001,-0.0411,-0.0044,-0.0027,0.0254,3.1414,-11.112,1.046,0.1899,1708.81,3.25903e+06,0.00209788,0.1900,0.0001,-11.002,1.172,3.1414,-0.0027,0.0254
408.25,92.380,0.1900,0.0001,0.0001,-0.0411,-0.0044,-0.0027,0.0254,3.1414,-11.116,1.046,0.1899,1708.81,3.25903e+06,0.00209788,0.1900,0.0001,-11.002,1.172,3.1414,-0.0027,0.0254
408.35,92.400,0.1900,0.0001,0.0001,-0.0411,-0.0044,-0.0027,0.0254,3.1414,-11.120,1.046,0.1899,1708.83,3.26442e+06,0.00237469,0.1900,0.0001,-11.008,1.172,3.1414,-0.0027,0.0254
408.45,92.420,0.1900,0.0001,0.0001,-0.0411,-0.0044,-0.0027,0.0254,3.1414,-11.125,1.046,0.1899,1708.83,3.26442e+06,0.00237469,0.1900,0.0001,-11.008,1.172,3.1414,-0.0027,0.0254
408.55,92.440,0.1900,0.0001,0.0001,-0.0411,-0.0044,-0.0027,0.0254,3.1414,-11.129,1.046,0.1899,1708.86,3.27162e+06,0.00237469,0.1900,0.0001,-11.015,1.172,3.1414,-0.0027,0.0254
408.65,92.460,0.1900,0.0001,0.0001,-0.0411,-0.0044,-0.0027,0.0254,3.1414,-11.133,1.046,0.1899,1708.88,3.27703e+06,0.00209788,0.1900,0.0001,-11.021,1.172,3.1414,-0.0027,0.0254
408.75,92.500,0.1900,0.0001,0.0001,-0.0411,-0.0044,-0.0027,0.0254,3.1414,-11.138,1.046,0.1899,1708.9,3.28244e+06,0.00237469,0.1900,0.0001,-11.027,1.172,3.1414,-0.0027,0.0254
408.85,92.520,0.1900,0.0001,0.0001,-0.0411,-0.0044,-0.0027,0.0254,3.1414,-11.142,1.046,0.1899,1708.9,3.28244e+06,0.00237469,0.1900,0.0001,-11.027,1.172,3.1414,-0.0027,0.0254
408.95,92.540,0.1900,0.0001,0.0001,-0.0411,-0.0044,-0.0027,0.0254,3.1414,-11.146,1.046,0.1899,1708.93,3.28967e+06,0.00237469,0.1900,0.0001,-11.034,1.172,3.1414,-0.0027,0.0254
409.05,92.560,0.1900,0.0001,0.0001,-0.0411,-0.0044,-0.0027,0.0254,3.1414,-11.151,1.046,0.1899,1708.96,3.2951e+06,0.00209788,0.1900,0.0001,-11.040,1.172,3.1414,-0.0027,0.0254
409.15,92.580,0.1900,0.0001,0.0001,-0.0411,-0.0044,-0.0027,0.0254,3.1414,-11.155,1.046,0.1899,1708.96,3.2951e+06,0.00209788,0.1900,0.0001,-11.040,1.172,3.1414,-0.0027,0.0254
409.25,92.600,0.1900,0.0001,0.0000,-0.0411,-0.0044,-0.0027,0.0254,3.1414,-11.159,1.046,0.1899,1708.98,3.30054e+06,0.00237469,0.1900,0.0001,-11.046,1.172,3.1414,-0.0027,0.0254
409.35,92.620,0.1900,0.0001,0.0000,-0.0411,-0.0044,-0.0027,0.0254,3.1414,-11.163,1.046,0.1899,1709.01,3.3078e+06,0.00237469,0.1900,0.0001,-11.053,1.172,3.1414,-0.0027,0.0254
409.45,92.640,0.1900,0.0001,0.0000,-0.0411,-0.0044,-0.0027,0.0254,3.1414,-11.168,1.046,0.1899,1709.01,3.3078e+06,0.00237469,0.1900,0.0001,-11.053,1.172,3.1414,-0.0027,0.0254
409.55,92.680,0.1900,0.0001,0.0000,-0.0411,-0.0044,-0.0027,0.0254,3.1414,-11.172,1.046,0.1899,1709.03,3.31326e+06,0.00209788,0.1900,0.0001,-11.059,1.172,3.1414,-0.0027,0.0254
409.65,92.700,0.1900,0.0001,0.0000,-0.0411,-0.0044,-0.0027,0.0254,3.1414,-11.176,1.046,0.1899,1709.05,3.31872e+06,0.00237469,0.1900,0.0000,-11.065,1.172,3.1414,-0.0027,0.0254
409.75,92.720,0.1900,0.0000,0.0000,-0.0411,-0.0044,-0.0027,0.0254,3.1414,-11.180,1.046,0.1899,1709.05,3.31872e+06,0.00237469,0.1900,0.0000,-11.065,1.172,3.1414,-0.0027,0.0254
409.85,92.740,0.1900,0.0000,0.0000,-0.0411,-0.0044,-0.0027,0.0254,3.1414,-11.184,1.046,0.1899,1709.08,3.32601e+06,0.00237469,0.1900,0.0000,-11.072,1.172,3.1414,-0.0027,0.0254
409.95,92.760,0.1900,0.0000,0.0000,-0.0411,-0.0044,-0.0027,0.0254,3.1414,-11.188,1.046,0.1899,1709.08,3.32601e+06,0.00237469,0.1900,0.0000,-11.072,1.172,3.1414,-0.0027,0.0254
410.05,92.780,0.1900,0.0000,0.0000,-0.0411,-0.0044,-0.0027,0.0254,3.1414,-11.192,1.046,0.1899,1709.1,3.33149e+06,0.00209788,0.1900,0.0000,-11.078,1.172,3.1414,-0.0027,0.0254
410.15,92.800,0.1900,0.0000,0.0001,-0.0421,-0.0047,-0.0027,0.0254,3.1414,-11.196,1.046,0.1899,1709.12,3.33698e+06,0.00237469,0.1900,0.0000,-11.084,1.172,3.1414,-0.0027,0.0254
410.25,92.820,0.1900,0.0000,0.0000,-0.0411,-0.0044,-0.0027,0.0254,3.1414,-11.201,1.046,0.1899,1709.12,3.33698e+06,0.00237469,0.1900,0.0000,-11.084,1.172,3.1414,-0.0027,0.0254
410.35,92.840,0.1900,0.0000,0.0000,-0.0411,-0.0044,-0.0027,0.0254,3.1414,-11.205,1.046,0.1899,1709.15,3.3443e+06,0.00237469,0.1900,0.0000,-11.091,1.172,3.1414,-0.0027,0.0254
410.45,92.860,0.1900,0.0000,0.0000,-0.0411,-0.0044,-0.0027,0.0254,3.1414,-11.209,1.046,0.1899,1709.17,3.34981e+06,0.00209788,0.1900,0.0000,-11.097,1.172,3.1414,-0.0027,0.0254
410.55,92.900,0.1900,0.0000,0.0000,-0.0411,-0.0044,-0.0027,0.0254,3.1414,-11.214,1.046,0.1899,1709.19,3.35532e+06,0.00237469,0.1900,0.0000,-11.103,1.172,3.1414,-0.0027,0.0254
410.65,92.920,0.1900,0.0000,0.0000,-0.0411,-0.0044,-0.0027,0.0254,3.1414,-11.218,1.046,0.1899,1709.19,3.35532e+06,0.00237469,0.1900,0.0000,-11.103,1.172,3.1414,-0.0027,0.0254
410.75,92.940,0.1900,0.0000,0.0000,-0.0411,-0.0044,-0.0027,0.0254,3.1414,-11.222,1.046,0.1899,1709.22,3.36267e+06,0.00237469,0.1900,0.0000,-11.110,1.172,3.1414,-0.0027,0.0254
410.85,92.960,0.1900,0.0000,0.0000,-0.0411,-0.0044,-0.0027,0.0254,3.1414,-11.227,1.046,0.1899,1709.24,3.3682e+06,0.00209788,0.1900,0.0000,-11.116,1.172,3.1414,-0.0027,0.0254
410.95,92.980,0.1900,0.0000,0.0000,-0.0411,-0.0044,-0.0027,0.0254,3.1414,-11.231,1.046,0.1899,1709.24,3.3682e+06,0.00209788,0.1900,0.0000,-11.116,1.172,3.1414,-0.0027,0.0254
411.05,93.000,0.1900,0.0000,0.0000,-0.0411,-0.0044,-0.0027,0.0254,3.1414,-11.236,1.046,0.1899,1709.26,3.37373e+06,0.00237469,0.1900,0.0000,-11.122,1.172,3.1414,-0.0027,0.0254
411.15,93.020,0.1900,0.0000,0.0000,-0.0411,-0.0044,-0.0027,0.0254,3.1414,-11.240,1.046,0.1899,1709.28,3.38112e+06,0.00237469,0.1900,0.0000,-11.129,1.172,3.1414,-0.0027,0.0254
411.25,93.060,0.1900,0.0000,0.0000,-0.0411,-0.0044,-0.0027,0.0254,3.1414,-11.244,1.046,0.1899,1709.28,3.38112e+06,0.00237469,0.1900,0.0000,-11.129,1.172,3.1414,-0.0027,0.0254
411.35,93.080,0.1900,0.0000,0.0000,-0.0411,-0.0044,-0.0027,0.0254,3.1414,-11.249,1.046,0.1899,1709.31,3.38667e+06,0.00209788,0.1900,0.0000,-11.135,1.172,3.1414,-0.0027,0.0254
411.45,93.100,0.1900,0.0000,0.0000,-0.0411,-0.0044,-0.0027,0.0254,3.1414,-11.253,1.046,0.1899,1709.33,3.39223e+06,0.00237469,0.1900,0.0000,-11.141,1.172,3.1414,-0.0027,0.0254
411.55,93.120,0.1900,0.0000,0.0000,-0.0411,-0.0044,-0.0027,0.0254,3.1414,-11.257,1.046,0.1899,1709.33,3.39223e+06,0.00237469,0.1900,0.0000,-11.141,1.172,3.1414,-0.0027,0.0254
411.65,93.140,0.1900,0.0000,0.0000,-0.0411,-0.0044,-0.0027,0.0254,3.1414,-11.262,1.046,0.1899,1709.35,3.39965e+06,0.00237469,0.1900,0.0000,-11.148,1.172,3.1414,-0.0027,0.0254
411.75,93.160,0.1900,0.0000,0.0000,-0.0411,-0.0044,-0.0027,0.0254,3.1414,-11.266,1.046,0.1899,1709.37,3.40523e+06,0.00209788,0.1900,0.0000,-11.154,1.172,3.1414,-0.0027,0.0254
411.85,93.180,0.1900,0.0000,0.0000,-0.0411,-0.0044,-0.0027,0.0254,3.1414,-11.270,1.046,0.1899,1709.39,3.41081e+06,0.00237469,0.1900,0.0000,-11.160,1.172,3.1414,-0.0027,0.0254
411.95,93.220,0.1900,0.0000,0.0000,-0.0411,-0.0044,-0.0027,0.0254,3.1414,-11.275,1.046,0.1899,1709.39,3.41081e+06,0.00237469,0.1900,0.0000,-11.160,1.172,3.1414,-0.0027,0.0254
412.05,93.240,0.1900,0.0000,0.0000,-0.0411,-0.0044,-0.0027,0.0254,3.1414,-11.279,1.046,0.1899,1709.42,3.41826e+06,0.00237469,0.1900,0.0000,-11.167,1.172,3.1414,-0.0027,0.0254
412.15,93.260,0.1900,0.0000,0.0000,-0.0411,-0.0044,-0.0027,0.0254,3.1414,-11.284,1.046,0.1899,1709.44,3.42386e+06,0.00209788,0.1900,0.0000,-11.173,1.172,3.1414,-0.0027,0.0254
412.25,93.280,0.1900,0.0000,0.0000,-0.0411,-0.0044,-0.0027,0.0254,3.1414,-11.288,1.046,0.1899,1709.44,3.42386e+06,0.00209788,0.1900,0.0000,-11.173,1.172,3.1414,-0.0027,0.0254
412.35,93.300,0.1900,0.0000,0.0000,-0.0411,-0.0044,-0.0027,0.0254,3.1414,-11.292,1.046,0.1899,1709.46,3.42947e+06,0.00237469,0.1900,0.0000,-11.179,1.172,3.1414,-0.0027,0.0254
412.45,93.320,0.1900,0.0000,0.0000,-0.0411,-0.0044,-0.0027,0.0254,3.1414,-11.297,1.046,0.1899,1709.48,3.43695e+06,0.00237469,0.1900,0.0000,-11.186,1.172,3.1414,-0.0027,0.0254
412.55,93.360,0.1900,0.0000,0.0000,-0.0411,-0.0044,-0.0027,0.0254,3.1414,-11.301,1.046,0.1899,1709.48,3.43695e+06,0.00237469,0.1900,0.0000,-11.186,1.172,3.1414,-0.0027,0.0254
412.65,93.380,0.1900,0.0000,0.0000,-0.0411,-0.0044,-0.0027,0.0254,3.1414,-11.306,1.046,0.1899,1709.5,3.44258e+06,0.00209788,0.1900,0.0000,-11.192,1.172,3.1414,-0.0027,0.0254
412.75,93.400,0.1900,0.0000,0.0000,-0.0411,-0.0044,-0.0027,0.0254,3.1414,-11.310,1.046,0.1899,1709.52,3.44821e+06,0.00237469,0.1900,0.0000,-11.198,1.172,3.1414,-0.0027,0.0254
412.85,93.420,0.1900,0.0000,0.0000,-0.0411,-0.0044,-0.0027,0.0254,3.1414,-11.315,1.046,0.1899,1709.52,3.44821e+06,0.00237469,0.1900,0.0000,-11.198,1.172,3.1414,-0.0027,0.0254
412.95,93.440,0.1900,0.0000,0.0000,-0.0411,-0.0044,-0.0027,0.0254,3.1414,-11.319,1.046,0.1899,1709.55,3.45572e+06,0.00237469,0.1900,0.0000,-11.205,1.172,3.1414,-0.0027,0.0254
413.05,93.460,0.1900,0.0000,0.0000,-0.0411,-0.0044,-0.0027,0.0254,3.1414,-11.323,1.046,0.1899,1709.57,3.46137e+06,0.00209788,0.1900,0.0000,-11.211,1.172,3.1414,-0.0027,0.0254
413.15,93.500,0.1900,0.0000,0.0000,-0.0411,-0.0044,-0.0027,0.0254,3.1414,-11.327,1.046,0.1899,1709.59,3.46703e+06,0.00237469,0.1900,0.0000,-11.217,1.172,3.1414,-0.0027,0.0254
413.25,93.520,0.1900,0.0000,0.0000,-0.0411,-0.0044,-0.0027,0.0254,3.1414,-11.332,1.046,0.1899,1709.59,3.46703e+06,0.00237469,0.1900,0.0000,-11.217,1.172,3.1414,-0.0027,0.0254
413.35,93.540,0.1900,0.0000,0.0000,-0.0411,-0.0044,-0.0027,0.0254,3.1414,-11.336,1.046,0.1899,1709.61,3.47458e+06,0.00237469,0.1900,0.0000,-11.224,1.172,3.1414,-0.0027,0.0254
413.45,93.560,0.1900,0.0000,0.0000,-0.0411,-0.0044,-0.0027,0.0254,3.1414,-11.341,1.046,0.1899,1709.63,3.48025e+06,0.00209788,0.1900,0.0000,-11.230,1.172,3.1414,-0.0027,0.0254
413.55,93.580,0.1900,0.0000,0.0000,-0.0411,-0.0044,-0.0027,0.0254,3.1414,-11.345,1.046,0.1899,1709.63,3.48025e+06,0.00209788,0.1900,0.0000,-11.230,1.172,3.1414,-0.0027,0.0254
413.65,93.600,0.1900,0.0000,0.0000,-0.0411,-0.0044,-0.0027,0.0254,3.1414,-11.350,1.046,0.1899,1709.65,3.48593e+06,0.00237469,0.1900,0.0000,-11.236,1.172,3.1414,-0.0027,0.0254
413.75,93.620,0.1900,0.0000,0.0000,-0.0411,-0.0044,-0.0027,0.0254,3.1414,-11.354,1.046,0.1899,1709.68,3.49351e+06,0.00237469,0.1900,0.0000,-11.243,1.172,3.1414,-0.0027,0.0254
413.85,93.660,0.1900,0.0000,0.0000,-0.0411,-0.0044,-0.0027,0.0254,3.1414,-11.358,1.046,0.1899,1709.68,3.49351e+06,0.00237469,0.1900,0.0000,-11.243,1.172,3.1414,-0.0027,0.0254
413.95,93.680,0.1900,0.0000,0.0000,-0.0411,-0.0044,-0.0027,0.0254,3.1414,-11.362,1.046,0.1899,1709.69,3.49921e+06,0.00209788,0.1900,0.0000,-11.249,1.172,3.1414,-0.0027,0.0254
414.05,93.700,0.1900,0.0000,0.0000,-0.0411,-0.0044,-0.0027,0.0254,3.1414,-11.367,1.046,0.1899,1709.71,3.50491e+06,0.00237469,0.1900,0.0000,-11.255,1.172,3.1414,-0.0027,0.0254
414.15,93.720,0.1900,0.0000,0.0000,-0.0411,-0.0044,-0.0027,0.0254,3.1414,-11.371,1.046,0.1899,1709.71,3.50491e+06,0.00237469,0.1900,0.0000,-11.255,1.172,3.1414,-0.0027,0.0254
414.25,93.740,0.1900,0.0000,0.0000,-0.0411,-0.0044,-0.0027,0.0254,3.1414,-11.376,1.046,0.1899,1709.74,3.51253e+06,0.00237469,0.1900,0.0000,-11.262,1.172,3.1414,-0.0027,0.0254
414.35,93.760,0.1900,0.0000,0.0000,-0.0411,-0.0044,-0.0027,0.0254,3.1414,-11.380,1.046,0.1899,1709.76,3.51825e+06,0.00209788,0.1900,0.0000,-11.268,1.172,3.1414,-0.0027,0.0254
414.45,93.800,0.1900,0.0000,0.0000,-0.0411,-0.0044,-0.0027,0.0254,3.1414,-11.384,1.046,0.1899,1709.78,3.52398e+06,0.00237469,0.1900,0.0000,-11.274,1.172,3.1414,-0.0027,0.0254
414.55,93.820,0.1900,0.0000,0.0000,-0.0411,-0.0044,-0.0027,0.0254,3.1414,-11.389,1.046,0.1899,1709.78,3.52398e+06,0.00237469,0.1900,0.0000,-11.274,1.172,3.1414,-0.0027,0.0254
414.65,93.840,0.1900,0.0000,0.0000,-0.0411,-0.0044,-0.0027,0.0254,3.1414,-11.393,1.046,0.1899,1709.8,3.53163e+06,0.00237469,0.1900,0.0000,-11.281,1.172,3.1414,-0.0027,0.0254
414.75,93.860,0.1900,0.0000,0.0000,-0.0411,-0.0044,-0.0027,0.0254,3.1414,-11.398,1.046,0.1899,1709.82,3.53737e+06,0.00209788,0.1900,0.0000,-11.287,1.172,3.1414,-0.0027,0.0254
414.85,93.880,0.1900,0.0000,0.0000,-0.0411,-0.0044,-0.0027,0.0254,3.1414,-11.402,1.046,0.1899,1709.82,3.53737e+06,0.00209788,0.1900,0.0000,-11.287,1.172,3.1414,-0.0027,0.0254
414.95,93.900,0.1900,0.0000,0.0000,-0.0411,-0.0044,-0.0027,0.0254,3.1414,-11.406,1.046,0.1899,1709.84,3.54312e+06,0.00237469,0.1900,0.0000,-11.293,1.172,3.1414,-0.0027,0.0254
415.05,93.920,0.1900,0.0000,0.0000,-0.0411,-0.0044,-0.0027,0.0254,3.1414,-11.410,1.046,0.1899,1709.87,3.55081e+06,0.00237469,0.1900,0.0000,-11.300,1.172,3.1414,-0.0027,0.0254
415.15,93.940,0.1900,0.0000,0.0000,-0.0411,-0.0044,-0.0027,0.0254,3.1414,-11.414,1.046,0.1899,1709.87,3.55081e+06,0.00237469,0.1900,0.0000,-11.300,1.172,3.1414,-0.0027,0.0254
415.25,93.960,0.1900,0.0000,0.0000,-0.0411,-0.0044,-0.0027,0.0254,3.1414,-11.418,1.046,0.1899,1709.88,3.55658e+06,0.00209788,0.1900,0.0000,-11.306,1.172,3.1414,-0.0027,0.0254
415.35,94.000,0.1900,0.0000,0.0000,-0.0411,-0.0044,-0.0027,0.0254,3.1414,-11.423,1.046,0.1899,1709.9,3.56236e+06,0.00237469,0.1900,0.0000,-11.312,1.172,3.1414,-0.0027,0.0254
415.45,94.020,0.1900,0.0000,0.0000,-0.0411,-0.0044,-0.0027,0.0254,3.1414,-11.427,1.046,0.1899,1709.9,3.56236e+06,0.00237469,0.1900,0.0000,-11.312,1.172,3.1414,-0.0027,0.0254
415.55,94.040,0.1900,0.0000,0.0000,-0.0411,-0.0044,-0.0027,0.0254,3.1414,-11.432,1.046,0.1899,1709.93,3.57007e+06,0.00237469,0.1900,0.0000,-11.319,1.172,3.1414,-0.0027,0.0254
415.65,94.060,0.1900,0.0000,0.0000,-0.0411,-0.0044,-0.0027,0.0254,3.1414,-11.436,1.046,0.1899,1709.95,3.57587e+06,0.00209788,0.1900,0.0000,-11.325,1.172,3.1414,-0.0027,0.0254
415.75,94.080,0.1900,0.0000,0.0000,-0.0411,-0.0044,-0.0027,0.0254,3.1414,-11.440,1.046,0.1899,1709.95,3.57587e+06,0.00209788,0.1900,0.0000,-11.325,1.172,3.1414,-0.0027,0.0254
415.85,94.100,0.1900,0.0000,0.0000,-0.0411,-0.0044,-0.0027,0.0254,3.1414,-11.445,1.046,0.1899,1709.97,3.58167e+06,0.00237469,0.1900,0.0000,-11.331,1.172,3.1414,-0.0027,0.0254
415.95,94.140,0.1900,0.0000,0.0000,-0.0411,-0.0044,-0.0027,0.0254,3.1414,-11.449,1.046,0.1899,1709.99,3.58942e+06,0.00237469,0.1900,0.0000,-11.338,1.172,3.1414,-0.0027,0.0254
416.05,94.160,0.1900,0.0000,0.0000,-0.0411,-0.0044,-0.0027,0.0254,3.1414,-11.453,1.046,0.1899,1709.99,3.58942e+06,0.00237469,0.1900,0.0000,-11.338,1.172,3.1414,-0.0027,0.0254
416.15,94.180,0.1900,0.0000,0.0000,-0.0411,-0.0044,-0.0027,0.0254,3.1414,-11.458,1.046,0.1899,1710.01,3.59524e+06,0.00209788,0.1900,0.0000,-11.344,1.172,3.1414,-0.0027,0.0254
416.25,94.200,0.1900,0.0000,0.0000,-0.0411,-0.0044,-0.0027,0.0254,3.1414,-11.462,1.046,0.1899,1710.03,3.60106e+06,0.00237469,0.1900,0.0000,-11.350,1.172,3.1414,-0.0027,0.0254
416.35,94.220,0.1900,0.0000,0.0000,-0.0411,-0.0044,-0.0027,0.0254,3.1414,-11.467,1.046,0.1899,1710.03,3.60106e+06,0.00237469,0.1900,0.0000,-11.350,1.172,3.1414,-0.0027,0.0254
416.45,94.240,0.1900,0.0000,0.0000,-0.0411,-0.0044,-0.0027,0.0254,3.1414,-11.471,1.046,0.1899,1710.06,3.60885e+06,0.00237469,0.1900,0.0000,-11.357,1.172,3.1414,-0.0027,0.0254
416.55,94.260,0.1900,0.0000,0.0000,-0.0411,-0.0044,-0.0027,0.0254,3.1414,-11.475,1.046,0.1899,1710.07,3.61469e+06,0.00209788,0.1900,0.0000,-11.363,1.172,3.1414,-0.0027,0.0254
416.65,94.300,0.1900,0.0000,0.0000,-0.0411,-0.0044,-0.0027,0.0254,3.1414,-11.480,1.046,0.1899,1710.09,3.62054e+06,0.00237469,0.1900,0.0000,-11.369,1.172,3.1414,-0.0027,0.0254
419.32,94.920,0.1900,0.0000,0.0000,-0.0411,-0.0044,-0.0027,0.0254,3.1414,-11.598,1.046,0.1899,1710.47,3.73918e+06,0.00237469,0.1900,0.0000,-11.483,1.172,3.1414,-0.0027,0.0254
419.42,94.940,0.1900,0.0000,0.0000,-0.0411,-0.0044,-0.0027,0.0254,3.1414,-11.603,1.046,0.1899,1710.49,3.7472e+06,0.00237469,0.1900,0.0000,-11.490,1.172,3.1414,-0.0027,0.0254
419.52,94.960,0.1900,0.0000,0.0000,-0.0411,-0.0044,-0.0027,0.0254,3.1414,-11.607,1.046,0.1899,1710.51,3.75322e+06,0.00209788,0.1900,0.0000,-11.496,1.172,3.1414,-0.0027,0.0254
419.62,94.980,0.1900,0.0000,0.0000,-0.0411,-0.0044,-0.0027,0.0254,3.1414,-11.611,1.046,0.1899,1710.51,3.75322e+06,0.00209788,0.1900,0.0000,-11.496,1.172,3.1414,-0.0027,0.0254
419.72,95.000,0.1900,0.0000,0.0000,-0.0411,-0.0044,-0.0027,0.0254,3.1414,-11.616,1.046,0.1899,1710.53,3.75925e+06,0.00237469,0.1900,0.0000,-11.502,1.172,3.1414,-0.0027,0.0254
419.82,95.040,0.1900,0.0000,0.0000,-0.0411,-0.0044,-0.0027,0.0254,3.1414,-11.620,1.046,0.1899,1710.56,3.76731e+06,0.00237469,0.1900,0.0000,-11.509,1.172,3.1414,-0.0027,0.0254
419.92,95.060,0.1900,0.0000,0.0000,-0.0411,-0.0044,-0.0027,0.0254,3.1414,-11.625,1.046,0.1899,1710.56,3.76731e+06,0.00237469,0.1900,0.0000,-11.509,1.172,3.1414,-0.0027,0.0254
420.02,95.080,0.1900,0.0000,0.0000,-0.0411,-0.0044,-0.0027,0.0254,3.1414,-11.629,1.046,0.1899,1710.58,3.77335e+06,0.00209788,0.1900,0.0000,-11.515,1.172,3.1414,-0.0027,0.0254
420.12,95.100,0.1900,0.0000,0.0000,-0.0411,-0.0044,-0.0027,0.0254,3.1414,-11.633,1.046,0.1899,1710.6,3.77941e+06,0.00237469,0.1900,0.0000,-11.521,1.172,3.1414,-0.0027,0.0254
420.22,95.120,0.1900,0.0000,0.0000,-0.0411,-0.0044,-0.0027,0.0254,3.1414,-11.637,1.046,0.1899,1710.6,3.77941e+06,0.00237469,0.1900,0.0000,-11.521,1.172,3.1414,-0.0027,0.0254
420.32,95.140,0.1900,0.0000,0.0000,-0.0411,-0.0044,-0.0027,0.0254,3.1414,-11.642,1.046,0.1899,1710.62,3.7875e+06,0.00237469,0.1900,0.0000,-11.528,1.172,3.1414,-0.0027,0.0254
420.42,95.160,0.1900,0.0000,0.0000,-0.0411,-0.0044,-0.0027,0.0254,3.1414,-11.646,1.046,0.1899,1710.64,3.79357e+06,0.00209788,0.1900,0.0000,-11.534,1.172,3.1414,-0.0027,0.0254
420.52,95.200,0.1900,0.0000,0.0000,-0.0411,-0.0044,-0.0027,0.0254,3.1414,-11.651,1.046,0.1899,1710.66,3.79965e+06,0.00237469,0.1900,0.0000,-11.540,1.172,3.1414,-0.0027,0.0254
420.62,95.220,0.1900,0.0000,0.0000,-0.0411,-0.0044,-0.0027,0.0254,3.1414,-11.655,1.046,0.1899,1710.66,3.79965e+06,0.00237469,0.1900,0.0000,-11.540,1.172,3.1414,-0.0027,0.0254
420.72,95.240,0.1900,0.0000,0.0000,-0.0411,-0.0044,-0.0027,0.0254,3.1414,-11.659,1.046,0.1899,1710.68,3.80777e+06,0.00237469,0.1900,0.0000,-11.547,1.172,3.1414,-0.0027,0.0254
420.82,95.260,0.1900,0.0000,0.0000,-0.0411,-0.0044,-0.0027,0.0254,3.1414,-11.664,1.046,0.1899,1710.7,3.81387e+06,0.00209788,0.1900,0.0000,-11.553,1.172,3.1414,-0.0027,0.0254
420.92,95.280,0.1900,0.0000,0.0000,-0.0411,-0.0044,-0.0027,0.0254,3.1414,-11.668,1.046,0.1899,1710.7,3.81387e+06,0.00209788,0.1900,0.0000,-11.553,1.172,3.1414,-0.0027,0.0254
421.02,95.300,0.1900,0.0000,0.0000,-0.0411,-0.0044,-0.0027,0.0254,3.1414,-11.673,1.046,0.1899,1710.72,3.81998e+06,0.00237469,0.1900,0.0000,-11.559,1.172,3.1414,-0.0027,0.0254
421.12,95.340,0.1900,0.0000,0.0000,-0.0411,-0.0044,-0.0027,0.0254,3.1414,-11.677,1.046,0.1899,1710.75,3.82813e+06,0.00237469,0.1900,0.0000,-11.566,1.172,3.1414,-0.0027,0.0254
421.22,95.360,0.1900,0.0000,0.0000,-0.0411,-0.0044,-0.0027,0.0254,3.1414,-11.682,1.046,0.1899,1710.75,3.82813e+06,0.00237469,0.1900,0.0000,-11.566,1.172,3.1414,-0.0027,0.0254
421.32,95.380,0.1900,0.0000,0.0000,-0.0411,-0.0044,-0.0027,0.0254,3.1414,-11.686,1.046,0.1899,1710.77,3.83426e+06,0.00209788,0.1900,0.0000,-11.572,1.172,3.1414,-0.0027,0.0254
421.42,95.400,0.1900,0.0000,0.0000,-0.0411,-0.0044,-0.0027,0.0254,3.1414,-11.690,1.046,0.1899,1710.78,3.84039e+06,0.00237469,0.1900,0.0000,-11.578,1.172,3.1414,-0.0027,0.0254
421.52,95.420,0.1900,0.0000,0.0000,-0.0411,-0.0044,-0.0027,0.0254,3.1414,-11.695,1.046,0.1899,1710.81,3.84858e+06,0.00237469,0.1900,0.0000,-11.585,1.172,3.1414,-0.0027,0.0254
421.62,95.440,0.1900,0.0000,0.0000,-0.0411,-0.0044,-0.0027,0.0254,3.1414,-11.699,1.046,0.1899,1710.81,3.84858e+06,0.00237469,0.1900,0.0000,-11.585,1.172,3.1414,-0.0027,0.0254
421.72,95.460,0.1900,0.0000,0.0000,-0.0411,-0.0044,-0.0027,0.0254,3.1414,-11.703,1.046,0.1899,1710.83,3.85473e+06,0.00209788,0.1900,0.0000,-11.591,1.172,3.1414,-0.0027,0.0254
421.82,95.500,0.1900,0.0000,0.0000,-0.0411,-0.0044,-0.0027,0.0254,3.1414,-11.707,1.046,0.1899,1710.85,3.86089e+06,0.00237469,0.1900,0.0000,-11.597,1.172,3.1414,-0.0027,0.0254
421.92,95.520,0.1900,0.0000,0.0000,-0.0411,-0.0044,-0.0027,0.0254,3.1414,-11.711,1.046,0.1899,1710.85,3.86089e+06,0.00237469,0.1900,0.0000,-11.597,1.172,3.1414,-0.0027,0.0254
422.02,95.540,0.1900,0.0000,0.0000,-0.0411,-0.0044,-0.0027,0.0254,3.1414,-11.716,1.046,0.1899,1710.87,3.86912e+06,0.00237469,0.1900,0.0000,-11.604,1.172,3.1414,-0.0027,0.0254
422.12,95.560,0.1900,0.0000,0.0000,-0.0411,-0.0044,-0.0027,0.0254,3.1414,-11.720,1.046,0.1899,1710.89,3.87529e+06,0.00209788,0.1900,0.0000,-11.610,1.172,3.1414,-0.0027,0.0254
422.22,95.580,0.1900,0.0000,0.0000,-0.0411,-0.0044,-0.0027,0.0254,3.1414,-11.725,1.046,0.1899,1710.89,3.87529e+06,0.00209788,0.1900,0.0000,-11.610,1.172,3.1414,-0.0027,0.0254
422.32,95.600,0.1900,0.0000,0.0000,-0.0411,-0.0044,-0.0027,0.0254,3.1414,-11.728,1.046,0.1899,1710.91,3.88148e+06,0.00237469,0.1900,0.0000,-11.616,1.172,3.1414,-0.0027,0.0254
422.42,95.620,0.1900,0.0000,0.0000,-0.0411,-0.0044,-0.0027,0.0254,3.1414,-11.733,1.046,0.1899,1710.94,3.88974e+06,0.00237469,0.1900,0.0000,-11.623,1.172,3.1414,-0.0027,0.0254
422.52,95.640,0.1900,0.0000,0.0000,-0.0411,-0.0044,-0.0027,0.0254,3.1414,-11.737,1.046,0.1899,1710.94,3.88974e+06,0.00237469,0.1900,0.0000,-11.623,1.172,3.1414,-0.0027,0.0254
422.62,95.680,0.1900,0.0000,0.0000,-0.0411,-0.0044,-0.0027,0.0254,3.1414,-11.742,1.046,0.1899,1710.96,3.89594e+06,0.00209788,0.1900,0.0000,-11.629,1.172,3.1414,-0.0027,0.0254
422.72,95.700,0.1900,0.0000,0.0000,-0.0411,-0.0044,-0.0027,0.0254,3.1414,-11.746,1.046,0.1899,1710.97,3.90215e+06,0.00237469,0.1900,0.0000,-11.635,1.172,3.1414,-0.0027,0.0254
422.82,95.720,0.1900,0.0000,0.0000,-0.0411,-0.0044,-0.0027,0.0254,3.1414,-11.751,1.046,0.1899,1710.97,3.90215e+06,0.00237469,0.1900,0.0000,-11.635,1.172,3.1414,-0.0027,0.0254
422.92,95.740,0.1900,0.0000,0.0000,-0.0411,-0.0044,-0.0027,0.0254,3.1414,-11.755,1.046,0.1899,1711,3.91045e+06,0.00237469,0.1900,0.0000,-11.642,1.172,3.1414,-0.0027,0.0254
423.02,95.760,0.1900,0.0000,0.0000,-0.0411,-0.0044,-0.0027,0.0254,3.1414,-11.760,1.046,0.1899,1711.02,3.91668e+06,0.00209788,0.1900,0.0000,-11.648,1.172,3.1414,-0.0027,0.0254
423.12,95.780,0.1900,0.0000,0.0000,-0.0411,-0.0044,-0.0027,0.0254,3.1414,-11.764,1.046,0.1899,1711.04,3.92291e+06,0.00237469,0.1900,0.0000,-11.654,1.172,3.1414,-0.0027,0.0254
423.22,95.820,0.1900,0.0000,0.0000,-0.0411,-0.0044,-0.0027,0.0254,3.1414,-11.768,1.046,0.1899,1711.04,3.92291e+06,0.00237469,0.1900,0.0000,-11.654,1.172,3.1414,-0.0027,0.0254
423.32,95.840,0.1900,0.0000,0.0000,-0.0411,-0.0044,-0.0027,0.0254,3.1414,-11.773,1.046,0.1899,1711.06,3.93124e+06,0.00237469,0.1900,0.0000,-11.661,1.172,3.1414,-0.0027,0.0254
423.42,95.860,0.1900,0.0000,0.0000,-0.0411,-0.0044,-0.0027,0.0254,3.1414,-11.777,1.046,0.1899,1711.08,3.9375e+06,0.00209788,0.1900,0.0000,-11.667,1.172,3.1414,-0.0027,0.0254
423.52,95.880,0.1900,0.0000,0.0000,-0.0411,-0.0044,-0.0027,0.0254,3.1414,-11.782,1.046,0.1899,1711.08,3.9375e+06,0.00209788,0.1900,0.0000,-11.667,1.172,3.1414,-0.0027,0.0254
423.62,95.900,0.1900,0.0000,0.0000,-0.0411,-0.0044,-0.0027,0.0254,3.1414,-11.785,1.046,0.1899,1711.1,3.94376e+06,0.00237469,0.1900,0.0000,-11.673,1.172,3.1414,-0.0027,0.0254
423.72,95.920,0.1900,0.0000,0.0000,-0.0411,-0.0044,-0.0027,0.0254,3.1414,-11.790,1.046,0.1899,1711.13,3.95213e+06,0.00237469,0.1900,0.0000,-11.680,1.172,3.1414,-0.0027,0.0254
423.82,95.940,0.1900,0.0000,0.0000,-0.0411,-0.0044,-0.0027,0.0254,3.1414,-11.794,1.046,0.1899,1711.13,3.95213e+06,0.00237469,0.1900,0.0000,-11.680,1.172,3.1414,-0.0027,0.0254
423.92,95.980,0.1900,0.0000,0.0000,-0.0411,-0.0044,-0.0027,0.0254,3.1414,-11.799,1.046,0.1899,1711.14,3.95841e+06,0.00209788,0.1900,0.0000,-11.686,1.172,3.1414,-0.0027,0.0254
424.02,96.000,0.1900,0.0000,0.0000,-0.0411,-0.0044,-0.0027,0.0254,3.1414,-11.803,1.046,0.1899,1711.16,3.9647e+06,0.00237469,0.1900,0.0000,-11.692,1.172,3.1414,-0.0027,0.0254
424.12,96.020,0.1900,0.0000,0.0000,-0.0411,-0.0044,-0.0027,0.0254,3.1414,-11.807,1.046,0.1899,1711.16,3.9647e+06,0.00237469,0.1900,0.0000,-11.692,1.172,3.1414,-0.0027,0.0254
424.22,96.040,0.1900,0.0000,0.0000,-0.0411,-0.0044,-0.0027,0.0254,3.1414,-11.811,1.046,0.1899,1711.19,3.9731e+06,0.00237469,0.1900,0.0000,-11.699,1.172,3.1414,-0.0027,0.0254
424.32,96.060,0.1900,0.0000,0.0000,-0.0411,-0.0044,-0.0027,0.0254,3.1414,-11.816,1.046,0.1899,1711.21,3.97941e+06,0.00209788,0.1900,0.0000,-11.705,1.172,3.1414,-0.0027,0.0254
424.42,96.080,0.1900,0.0000,0.0000,-0.0411,-0.0044,-0.0027,0.0254,3.1414,-11.821,1.046,0.1899,1711.21,3.97941e+06,0.00209788,0.1900,0.0000,-11.705,1.172,3.1414,-0.0027,0.0254
424.52,96.100,0.1900,0.0000,0.0000,-0.0411,-0.0044,-0.0027,0.0254,3.1414,-11.825,1.046,0.1899,1711.23,3.98572e+06,0.00237469,0.1900,0.0000,-11.711,1.172,3.1414,-0.0027,0.0254
424.62,96.140,0.1900,0.0000,0.0000,-0.0411,-0.0044,-0.0027,0.0254,3.1414,-11.829,1.046,0.1899,1711.25,3.99416e+06,0.00237469,0.1900,0.0000,-11.718,1.172,3.1414,-0.0027,0.0254
424.72,96.160,0.1900,0.0000,0.0000,-0.0411,-0.0044,-0.0027,0.0254,3.1414,-11.833,1.046,0.1899,1711.25,3.99416e+06,0.00237469,0.1900,0.0000,-11.718,1.172,3.1414,-0.0027,0.0254
424.82,96.180,0.1900,0.0000,0.0000,-0.0411,-0.0044,-0.0027,0.0254,3.1414,-11.838,1.046,0.1899,1711.27,4.00049e+06,0.00209788,0.1900,0.0000,-11.724,1.172,3.1414,-0.0027,0.0254
424.92,96.200,0.1900,0.0000,0.0000,-0.0411,-0.0044,-0.0027,0.0254,3.1414,-11.842,1.046,0.1859,1711.29,4.00684e+06,0.00237469,0.1860,0.0001,-11.730,1.172,3.1414,-0.0027,0.0254
425.02,96.220,0.1860,0.0001,0.0001,-0.0411,-0.0044,-0.0027,0.0254,3.1414,-11.846,1.046,0.1859,1711.29,4.00684e+06,0.00237469,0.1860,0.0001,-11.730,1.172,3.1414,-0.0027,0.0254
425.12,96.240,0.1860,0.0001,0.0001,-0.0411,-0.0044,-0.0027,0.0254,3.1414,-11.851,1.046,0.1859,1711.32,4.01531e+06,0.00237469,0.1860,0.0001,-11.737,1.172,3.1414,-0.0027,0.0254
425.22,96.280,0.1860,0.0001,0.0001,-0.0431,-0.0046,-0.0027,0.0254,3.1414,-11.855,1.046,0.1859,1711.33,4.02167e+06,0.00209788,0.1860,0.0001,-11.743,1.172,3.1414,-0.0027,0.0254
425.32,96.300,0.1860,0.0001,0.0001,-0.0411,-0.0044,-0.0027,0.0254,3.1414,-11.859,1.046,0.1859,1711.35,4.02804e+06,0.00237469,0.1860,0.0001,-11.748,1.172,3.1414,-0.0027,0.0254
425.42,96.320,0.1860,0.0001,0.0001,-0.0411,-0.0044,-0.0027,0.0254,3.1414,-11.864,1.046,0.1859,1711.35,4.02804e+06,0.00237469,0.1860,0.0001,-11.748,1.172,3.1414,-0.0027,0.0254
425.52,96.340,0.1860,0.0001,0.0001,-0.0411,-0.0044,-0.0027,0.0254,3.1414,-11.868,1.046,0.1859,1711.38,4.03655e+06,0.00237469,0.1860,0.0001,-11.756,1.172,3.1414,-0.0027,0.0254
425.62,96.360,0.1860,0.0001,0.0001,-0.0411,-0.0044,-0.0027,0.0254,3.1414,-11.873,1.046,0.1859,1711.39,4.04293e+06,0.00209788,0.1860,0.0001,-11.761,1.172,3.1414,-0.0027,0.0254
425.72,96.380,0.1860,0.0001,0.0001,-0.0411,-0.0044,-0.0027,0.0254,3.1415,-11.877,1.046,0.1859,1711.39,4.04293e+06,0.00209788,0.1860,0.0001,-11.761,1.172,3.1414,-0.0027,0.0254
425.82,96.420,0.1860,0.0001,0.0001,-0.0411,-0.0044,-0.0027,0.0254,3.1415,-11.881,1.046,0.1859,1711.41,4.04933e+06,0.00237469,0.1860,0.0001,-11.767,1.172,3.1415,-0.0027,0.0254
425.92,96.440,0.1860,0.0001,0.0001,-0.0411,-0.0044,-0.0027,0.0254,3.1415,-11.886,1.046,0.1859,1711.44,4.05787e+06,0.00237469,0.1860,0.0001,-11.774,1.172,3.1415,-0.0027,0.0254
426.02,96.460,0.1860,0.0001,0.0001,-0.0411,-0.0044,-0.0027,0.0254,3.1415,-11.890,1.046,0.1859,1711.45,4.06429e+06,0.00209788,0.1860,0.0001,-11.780,1.172,3.1415,-0.0027,0.0254
426.12,96.480,0.1860,0.0001,0.0001,-0.0411,-0.0044,-0.0027,0.0254,3.1415,-11.894,1.046,0.1859,1711.45,4.06429e+06,0.00209788,0.1860,0.0001,-11.780,1.172,3.1415,-0.0027,0.0254
426.22,96.500,0.1860,0.0001,0.0001,-0.0411,-0.0044,-0.0027,0.0254,3.1415,-11.898,1.046,0.1859,1711.47,4.07071e+06,0.00237469,0.1860,0.0001,-11.785,1.172,3.1415,-0.0027,0.0254
426.32,96.520,0.1860,0.0001,0.0001,-0.0411,-0.0044,-0.0027,0.0254,3.1415,-11.903,1.046,0.1859,1711.49,4.07929e+06,0.00237469,0.1860,0.0001,-11.793,1.172,3.1415,-0.0027,0.0254
426.42,96.540,0.1860,0.0001,0.0001,-0.0411,-0.0044,-0.0027,0.0254,3.1415,-11.907,1.046,0.1859,1711.49,4.07929e+06,0.00237469,0.1860,0.0001,-11.793,1.172,3.1415,-0.0027,0.0254
426.52,96.580,0.1860,0.0001,0.0001,-0.0411,-0.0044,-0.0027,0.0254,3.1415,-11.912,1.046,0.1859,1711.51,4.08573e+06,0.00209788,0.1860,0.0001,-11.798,1.172,3.1415,-0.0027,0.0254
426.62,96.600,0.1860,0.0001,0.0001,-0.0411,-0.0044,-0.0027,0.0254,3.1415,-11.916,1.046,0.1859,1711.52,4.09218e+06,0.00237469,0.1860,0.0001,-11.804,1.172,3.1415,-0.0027,0.0254
426.72,96.620,0.1860,0.0001,0.0001,-0.0411,-0.0044,-0.0027,0.0254,3.1415,-11.920,1.046,0.1859,1711.52,4.09218e+06,0.00237469,0.1860,0.0001,-11.804,1.172,3.1415,-0.0027,0.0254
426.82,96.640,0.1860,0.0001,0.0001,-0.0411,-0.0044,-0.0027,0.0254,3.1415,-11.924,1.046,0.1859,1711.54,4.1008e+06,0.00237469,0.1860,0.0001,-11.811,1.172,3.1415,-0.0027,0.0254
426.92,96.660,0.1860,0.0001,0.0001,-0.0411,-0.0044,-0.0027,0.0254,3.1415,-11.929,1.046,0.1859,1711.56,4.10726e+06,0.00209788,0.1860,0.0001,-11.817,1.172,3.1415,-0.0027,0.0254
427.02,96.680,0.1860,0.0001,0.0001,-0.0411,-0.0044,-0.0027,0.0254,3.1415,-11.933,1.046,0.1859,1711.56,4.10726e+06,0.00209788,0.1860,0.0001,-11.817,1.172,3.1415,-0.0027,0.0254
427.12,96.720,0.1860,0.0000,0.0000,-0.0411,-0.0044,-0.0027,0.0254,3.1415,-11.937,1.046,0.1859,1711.57,4.11374e+06,0.00237469,0.1860,0.0000,-11.823,1.172,3.1415,-0.0027,0.0254
427.22,96.740,0.1860,0.0000,0.0000,-0.0411,-0.0044,-0.0027,0.0254,3.1415,-11.941,1.046,0.1859,1711.59,4.12239e+06,0.00237469,0.1860,0.0000,-11.830,1.172,3.1415,-0.0027,0.0254
427.32,96.760,0.1860,0.0000,0.0000,-0.0411,-0.0044,-0.0027,0.0254,3.1415,-11.946,1.046,0.1859,1711.61,4.12889e+06,0.00209788,0.1860,0.0000,-11.836,1.172,3.1415,-0.0027,0.0254
427.42,96.780,0.1860,0.0000,0.0000,-0.0411,-0.0044,-0.0027,0.0254,3.1415,-11.950,1.046,0.1859,1711.61,4.12889e+06,0.00209788,0.1860,0.0000,-11.836,1.172,3.1415,-0.0027,0.0254
427.52,96.800,0.1860,0.0000,0.0000,-0.0411,-0.0044,-0.0027,0.0254,3.1415,-11.954,1.046,0.1859,1711.62,4.13539e+06,0.00237469,0.1860,0.0000,-11.841,1.172,3.1415,-0.0027,0.0254
427.62,96.820,0.1860,0.0000,0.0000,-0.0411,-0.0044,-0.0027,0.0254,3.1415,-11.958,1.046,0.1859,1711.64,4.14408e+06,0.00237469,0.1860,0.0000,-11.849,1.172,3.1415,-0.0027,0.0254
427.72,96.840,0.1860,0.0000,0.0000,-0.0411,-0.0044,-0.0027,0.0254,3.1415,-11.963,1.046,0.1859,1711.64,4.14408e+06,0.00237469,0.1860,0.0000,-11.849,1.172,3.1415,-0.0027,0.0254
427.82,96.880,0.1860,0.0000,0.0000,-0.0411,-0.0044,-0.0027,0.0254,3.1415,-11.967,1.046,0.1859,1711.66,4.1506e+06,0.00209788,0.1860,0.0000,-11.854,1.172,3.1415,-0.0027,0.0254
427.92,96.900,0.1860,0.0000,0.0000,-0.0411,-0.0044,-0.0027,0.0254,3.1415,-11.971,1.046,0.1859,1711.67,4.15713e+06,0.00237469,0.1860,0.0000,-11.860,1.172,3.1415,-0.0027,0.0254
428.02,96.920,0.1860,0.0000,0.0000,-0.0411,-0.0044,-0.0027,0.0254,3.1415,-11.976,1.046,0.1859,1711.67,4.15713e+06,0.00237469,0.1860,0.0000,-11.860,1.172,3.1415,-0.0027,0.0254
428.12,96.940,0.1860,0.0000,0.0000,-0.0411,-0.0044,-0.0027,0.0254,3.1415,-11.980,1.046,0.1859,1711.69,4.16585e+06,0.00237469,0.1860,0.0000,-11.867,1.172,3.1415,-0.0027,0.0254
428.22,96.960,0.1860,0.0000,0.0000,-0.0411,-0.0044,-0.0027,0.0254,3.1415,-11.984,1.046,0.1859,1711.71,4.1724e+06,0.00209788,0.1860,0.0000,-11.873,1.172,3.1415,-0.0027,0.0254
428.32,96.980,0.1860,0.0000,0.0000,-0.0411,-0.0044,-0.0027,0.0254,3.1415,-11.989,1.046,0.1859,1711.71,4.1724e+06,0.00209788,0.1860,0.0000,-11.873,1.172,3.1415,-0.0027,0.0254
428.42,97.020,0.1860,0.0000,0.0000,-0.0411,-0.0044,-0.0027,0.0254,3.1415,-11.993,1.046,0.1859,1711.72,4.17896e+06,0.00237469,0.1860,0.0000,-11.878,1.172,3.1415,-0.0027,0.0254
428.52,97.040,0.1860,0.0000,0.0000,-0.0411,-0.0044,-0.0027,0.0254,3.1415,-11.997,1.046,0.1859,1711.74,4.18772e+06,0.00237469,0.1860,0.0000,-11.886,1.172,3.1415,-0.0027,0.0254
428.62,97.060,0.1860,0.0000,0.0000,-0.0411,-0.0044,-0.0027,0.0254,3.1415,-12.001,1.046,0.1859,1711.75,4.1943e+06,0.00209788,0.1860,0.0000,-11.891,1.172,3.1415,-0.0027,0.0254
428.72,97.080,0.1860,0.0000,0.0000,-0.0411,-0.0044,-0.0027,0.0254,3.1415,-12.006,1.046,0.1859,1711.75,4.1943e+06,0.00209788,0.1860,0.0000,-11.891,1.172,3.1415,-0.0027,0.0254
428.82,97.100,0.1860,0.0000,0.0000,-0.0411,-0.0044,-0.0027,0.0254,3.1415,-12.010,1.046,0.1859,1711.77,4.20089e+06,0.00237469,0.1860,0.0000,-11.897,1.172,3.1415,-0.0027,0.0254
428.92,97.120,0.1860,0.0000,0.0000,-0.0411,-0.0044,-0.0027,0.0254,3.1415,-12.014,1.046,0.1859,1711.78,4.20968e+06,0.00237469,0.1860,0.0000,-11.904,1.172,3.1415,-0.0027,0.0254
429.02,97.140,0.1860,0.0000,0.0000,-0.0411,-0.0044,-0.0027,0.0254,3.1415,-12.018,1.046,0.1859,1711.78,4.20968e+06,0.00237469,0.1860,0.0000,-11.904,1.172,3.1415,-0.0027,0.0254
429.12,97.160,0.1860,0.0000,0.0000,-0.0411,-0.0044,-0.0027,0.0254,3.1415,-12.022,1.046,0.1859,1711.8,4.21629e+06,0.00209788,0.1860,0.0000,-11.910,1.172,3.1415,-0.0027,0.0254
429.22,97.200,0.1860,0.0000,0.0000,-0.0411,-0.0044,-0.0027,0.0254,3.1415,-12.026,1.046,0.1859,1711.81,4.2229e+06,0.00237469,0.1860,0.0000,-11.916,1.172,3.1415,-0.0027,0.0254
429.32,97.220,0.1860,0.0000,0.0000,-0.0411,-0.0044,-0.0027,0.0254,3.1415,-12.031,1.046,0.1859,1711.81,4.2229e+06,0.00237469,0.1860,0.0000,-11.916,1.172,3.1415,-0.0027,0.0254
429.42,97.240,0.1860,0.0000,0.0000,-0.0411,-0.0044,-0.0027,0.0254,3.1415,-12.035,1.046,0.1859,1711.83,4.23173e+06,0.00237469,0.1860,0.0000,-11.923,1.172,3.1415,-0.0027,0.0254
429.52,97.260,0.1860,0.0000,0.0000,-0.0411,-0.0044,-0.0027,0.0254,3.1415,-12.039,1.046,0.1859,1711.84,4.23836e+06,0.00209788,0.1860,0.0000,-11.929,1.172,3.1415,-0.0027,0.0254
429.62,97.280,0.1860,0.0000,0.0000,-0.0411,-0.0044,-0.0027,0.0254,3.1415,-12.044,1.046,0.1859,1711.84,4.23836e+06,0.00209788,0.1860,0.0000,-11.929,1.172,3.1415,-0.0027,0.0254
429.72,97.300,0.1860,0.0000,0.0000,-0.0411,-0.0044,-0.0027,0.0254,3.1415,-12.048,1.046,0.1859,1711.85,4.245e+06,0.00237469,0.1860,0.0000,-11.934,1.172,3.1415,-0.0027,0.0254
429.82,97.340,0.1860,0.0000,0.0000,-0.0411,-0.0044,-0.0027,0.0254,3.1415,-12.052,1.046,0.1859,1711.87,4.25387e+06,0.00237469,0.1860,0.0000,-11.942,1.172,3.1415,-0.0027,0.0254
429.92,97.360,0.1860,0.0000,0.0000,-0.0411,-0.0044,-0.0027,0.0254,3.1415,-12.057,1.046,0.1859,1711.87,4.25387e+06,0.00237469,0.1860,0.0000,-11.942,1.172,3.1415,-0.0027,0.0254
430.02,97.380,0.1860,0.0000,0.0000,-0.0411,-0.0044,-0.0027,0.0254,3.1415,-12.061,1.046,0.1859,1711.88,4.26053e+06,0.00209788,0.1860,0.0000,-11.947,1.172,3.1415,-0.0027,0.0254
430.12,97.400,0.1860,0.0000,0.0000,-0.0411,-0.0044,-0.0027,0.0254,3.1415,-12.065,1.046,0.1859,1711.9,4.2672e+06,0.00237469,0.1860,0.0000,-11.953,1.172,3.1415,-0.0027,0.0254
430.22,97.420,0.1860,0.0000,0.0000,-0.0411,-0.0044,-0.0027,0.0254,3.1415,-12.069,1.046,0.1859,1711.9,4.2672e+06,0.00237469,0.1860,0.0000,-11.953,1.172,3.1415,-0.0027,0.0254
430.32,97.440,0.1860,0.0000,0.0000,-0.0411,-0.0044,-0.0027,0.0254,3.1415,-12.073,1.046,0.1859,1711.91,4.27611e+06,0.00237469,0.1860,0.0000,-11.960,1.172,3.1415,-0.0027,0.0254
430.42,97.460,0.1860,0.0000,0.0000,-0.0411,-0.0044,-0.0027,0.0254,3.1415,-12.078,1.046,0.1859,1711.93,4.28279e+06,0.00209788,0.1860,0.0000,-11.966,1.172,3.1415,-0.0027,0.0254
430.52,97.480,0.1860,0.0000,0.0000,-0.0411,-0.0044,-0.0027,0.0254,3.1415,-12.082,1.046,0.1859,1711.94,4.28949e+06,0.00237469,0.1860,0.0000,-11.971,1.172,3.1415,-0.0027,0.0254
430.62,97.520,0.1860,0.0000,0.0000,-0.0411,-0.0044,-0.0027,0.0254,3.1415,-12.086,1.046,0.1859,1711.94,4.28949e+06,0.00237469,0.1860,0.0000,-11.971,1.172,3.1415,-0.0027,0.0254
430.72,97.540,0.1860,0.0000,0.0000,-0.0411,-0.0044,-0.0027,0.0254,3.1415,-12.091,1.046,0.1859,1711.96,4.29843e+06,0.00237469,0.1860,0.0000,-11.979,1.172,3.1415,-0.0027,0.0254
430.82,97.560,0.1860,0.0000,0.0000,-0.0411,-0.0044,-0.0027,0.0254,3.1415,-12.095,1.046,0.1859,1711.97,4.30515e+06,0.00209788,0.1860,0.0000,-11.984,1.172,3.1415,-0.0027,0.0254
430.92,97.580,0.1860,0.0000,0.0000,-0.0411,-0.0044,-0.0027,0.0254,3.1415,-12.099,1.046,0.1859,1711.97,4.30515e+06,0.00209788,0.1860,0.0000,-11.984,1.172,3.1415,-0.0027,0.0254
431.02,97.600,0.1860,0.0000,0.0000,-0.0411,-0.0044,-0.0027,0.0254,3.1415,-12.103,1.046,0.1859,1711.98,4.31187e+06,0.00237469,0.1860,0.0000,-11.990,1.172,3.1415,-0.0027,0.0254
431.12,97.620,0.1860,0.0000,0.0000,-0.0411,-0.0044,-0.0027,0.0254,3.1415,-12.108,1.046,0.1859,1712,4.32085e+06,0.00237469,0.1860,0.0000,-11.997,1.172,3.1415,-0.0027,0.0254
431.22,97.660,0.1860,0.0000,0.0000,-0.0411,-0.0044,-0.0027,0.0254,3.1415,-12.112,1.046,0.1859,1712,4.32085e+06,0.00237469,0.1860,0.0000,-11.997,1.172,3.1415,-0.0027,0.0254
431.32,97.680,0.1860,0.0000,0.0000,-0.0411,-0.0044,-0.0027,0.0254,3.1415,-12.116,1.046,0.1859,1712.01,4.32759e+06,0.00209788,0.1860,0.0000,-12.003,1.172,3.1415,-0.0027,0.0254
431.42,97.700,0.1860,0.0000,0.0000,-0.0411,-0.0044,-0.0027,0.0254,3.1415,-12.120,1.046,0.1859,1712.03,4.33434e+06,0.00237469,0.1860,0.0000,-12.009,1.172,3.1415,-0.0027,0.0254
431.52,97.720,0.1860,0.0000,0.0000,-0.0411,-0.0044,-0.0027,0.0254,3.1415,-12.124,1.046,0.1859,1712.03,4.33434e+06,0.00237469,0.1860,0.0000,-12.009,1.172,3.1415,-0.0027,0.0254
431.62,97.740,0.1860,0.0000,0.0000,-0.0411,-0.0044,-0.0027,0.0254,3.1415,-12.129,1.046,0.1859,1712.04,4.34336e+06,0.00237469,0.1860,0.0000,-12.016,1.172,3.1415,-0.0027,0.0254
431.72,97.760,0.1860,0.0000,0.0000,-0.0411,-0.0044,-0.0027,0.0254,3.1415,-12.133,1.046,0.1859,1712.05,4.35013e+06,0.00209788,0.1860,0.0000,-12.022,1.172,3.1415,-0.0027,0.0254
431.82,97.780,0.1860,0.0000,0.0000,-0.0411,-0.0044,-0.0027,0.0254,3.1415,-12.137,1.046,0.1859,1712.05,4.35013e+06,0.00209788,0.1860,0.0000,-12.022,1.172,3.1415,-0.0027,0.0254
431.92,97.820,0.1860,0.0000,0.0000,-0.0411,-0.0044,-0.0027,0.0254,3.1415,-12.142,1.046,0.1859,1712.07,4.35691e+06,0.00237469,0.1860,0.0000,-12.027,1.172,3.1415,-0.0027,0.0254
432.02,97.840,0.1860,0.0000,0.0000,-0.0411,-0.0044,-0.0027,0.0254,3.1415,-12.146,1.046,0.1859,1712.08,4.36596e+06,0.00237469,0.1860,0.0000,-12.035,1.172,3.1415,-0.0027,0.0254
432.12,97.860,0.1860,0.0000,0.0000,-0.0411,-0.0044,-0.0027,0.0254,3.1415,-12.150,1.046,0.1859,1712.1,4.37276e+06,0.00209788,0.1860,0.0000,-12.040,1.172,3.1415,-0.0027,0.0254
432.22,97.880,0.1860,0.0000,0.0000,-0.0411,-0.0044,-0.0027,0.0254,3.1415,-12.155,1.046,0.1859,1712.1,4.37276e+06,0.00209788,0.1860,0.0000,-12.040,1.172,3.1415,-0.0027,0.0254
432.32,97.900,0.1860,0.0000,0.0000,-0.0411,-0.0044,-0.0027,0.0254,3.1415,-12.159,1.046,0.1859,1712.11,4.37957e+06,0.00237469,0.1860,0.0000,-12.046,1.172,3.1415,-0.0027,0.0254
432.42,97.920,0.1860,0.0000,0.0000,-0.0411,-0.0044,-0.0027,0.0254,3.1415,-12.163,1.046,0.1859,1712.12,4.38866e+06,0.00237469,0.1860,0.0000,-12.053,1.172,3.1415,-0.0027,0.0254
432.52,97.940,0.1860,0.0000,0.0000,-0.0411,-0.0044,-0.0027,0.0254,3.1415,-12.167,1.046,0.1859,1712.12,4.38866e+06,0.00237469,0.1860,0.0000,-12.053,1.172,3.1415,-0.0027,0.0254
432.62,97.980,0.1860,0.0000,0.0000,-0.0411,-0.0044,-0.0027,0.0254,3.1415,-12.172,1.046,0.1859,1712.14,4.39549e+06,0.00209788,0.1860,0.0000,-12.059,1.172,3.1415,-0.0027,0.0254
432.72,98.000,0.1860,0.0000,0.0000,-0.0411,-0.0044,-0.0027,0.0254,3.1415,-12.176,1.046,0.1859,1712.15,4.40233e+06,0.00237469,0.1860,0.0000,-12.064,1.172,3.1415,-0.0027,0.0254
432.82,98.020,0.1860,0.0000,0.0000,-0.0411,-0.0044,-0.0027,0.0254,3.1415,-12.180,1.046,0.1859,1712.15,4.40233e+06,0.00237469,0.1860,0.0000,-12.064,1.172,3.1415,-0.0027,0.0254
432.92,98.040,0.1860,0.0000,0.0000,-0.0411,-0.0044,-0.0027,0.0254,3.1415,-12.184,1.046,0.1859,1712.17,4.41145e+06,0.00237469,0.1860,0.0000,-12.072,1.172,3.1415,-0.0027,0.0254
433.02,98.060,0.1860,0.0000,0.0000,-0.0411,-0.0044,-0.0027,0.0254,3.1415,-12.189,1.046,0.1859,1712.18,4.41831e+06,0.00209788,0.1860,0.0000,-12.077,1.172,3.1415,-0.0027,0.0254
433.12,98.080,0.1860,0.0000,0.0000,-0.0411,-0.0044,-0.0027,0.0254,3.1415,-12.193,1.046,0.1859,1712.18,4.41831e+06,0.00209788,0.1860,0.0000,-12.077,1.172,3.1415,-0.0027,0.0254
433.22,98.100,0.1860,0.0000,0.0000,-0.0411,-0.0044,-0.0027,0.0254,3.1415,-12.197,1.046,0.1859,1712.19,4.42517e+06,0.00237469,0.1860,0.0000,-12.083,1.172,3.1415,-0.0027,0.0254
433.32,98.140,0.1860,0.0000,0.0000,-0.0411,-0.0044,-0.0027,0.0254,3.1415,-12.202,1.046,0.1859,1712.21,4.43434e+06,0.00237469,0.1860,0.0000,-12.090,1.172,3.1415,-0.0027,0.0254
433.42,98.160,0.1860,0.0000,0.0000,-0.0411,-0.0044,-0.0027,0.0254,3.1415,-12.206,1.046,0.1859,1712.22,4.44122e+06,0.00209788,0.1860,0.0000,-12.096,1.172,3.1415,-0.0027,0.0254
433.52,98.180,0.1860,0.0000,0.0000,-0.0411,-0.0044,-0.0027,0.0254,3.1415,-12.210,1.046,0.1859,1712.22,4.44122e+06,0.00209788,0.1860,0.0000,-12.096,1.172,3.1415,-0.0027,0.0254
433.62,98.200,0.1860,0.0000,0.0000,-0.0411,-0.0044,-0.0027,0.0254,3.1415,-12.214,1.046,0.1859,1712.23,4.44811e+06,0.00237469,0.1860,0.0000,-12.102,1.172,3.1415,-0.0027,0.0254
433.72,98.220,0.1860,0.0000,0.0000,-0.0411,-0.0044,-0.0027,0.0254,3.1415,-12.219,1.046,0.1859,1712.25,4.45732e+06,0.00237469,0.1860,0.0000,-12.109,1.172,3.1415,-0.0027,0.0254
433.82,98.240,0.1860,0.0000,0.0000,-0.0411,-0.0044,-0.0027,0.0254,3.1415,-12.223,1.046,0.1859,1712.25,4.45732e+06,0.00237469,0.1860,0.0000,-12.109,1.172,3.1415,-0.0027,0.0254
433.92,98.280,0.1860,0.0000,0.0000,-0.0411,-0.0044,-0.0027,0.0254,3.1415,-12.227,1.046,0.1859,1712.26,4.46423e+06,0.00209788,0.1860,0.0000,-12.115,1.172,3.1415,-0.0027,0.0254
434.02,98.300,0.1860,0.0000,0.0000,-0.0411,-0.0044,-0.0027,0.0254,3.1415,-12.232,1.046,0.1859,1712.27,4.47115e+06,0.00237469,0.1860,0.0000,-12.120,1.172,3.1415,-0.0027,0.0254
434.12,98.320,0.1860,0.0000,0.0000,-0.0411,-0.0044,-0.0027,0.0254,3.1415,-12.236,1.046,0.1859,1712.27,4.47115e+06,0.00237469,0.1860,0.0000,-12.120,1.172,3.1415,-0.0027,0.0254
434.22,98.340,0.1860,0.0000,0.0000,-0.0411,-0.0044,-0.0027,0.0254,3.1415,-12.240,1.046,0.1859,1712.29,4.48039e+06,0.00237469,0.1860,0.0000,-12.128,1.172,3.1415,-0.0027,0.0254
434.32,98.360,0.1860,0.0000,0.0000,-0.0411,-0.0044,-0.0027,0.0254,3.1415,-12.245,1.046,0.1859,1712.3,4.48733e+06,0.00209788,0.1860,0.0000,-12.133,1.172,3.1415,-0.0027,0.0254
434.42,98.380,0.1860,0.0000,0.0000,-0.0411,-0.0044,-0.0027,0.0254,3.1415,-12.249,1.046,0.1859,1712.3,4.48733e+06,0.00209788,0.1860,0.0000,-12.133,1.172,3.1415,-0.0027,0.0254
434.52,98.400,0.1860,0.0000,0.0000,-0.0411,-0.0044,-0.0027,0.0254,3.1415,-12.253,1.046,0.1859,1712.31,4.49428e+06,0.00237469,0.1860,0.0000,-12.139,1.172,3.1415,-0.0027,0.0254
434.62,98.440,0.1860,0.0000,0.0000,-0.0411,-0.0044,-0.0027,0.0254,3.1415,-12.257,1.046,0.1859,1712.33,4.50356e+06,0.00237469,0.1860,0.0000,-12.146,1.172,3.1415,-0.0027,0.0254
434.72,98.460,0.1860,0.0000,0.0000,-0.0411,-0.0044,-0.0027,0.0254,3.1415,-12.261,1.046,0.1859,1712.33,4.50356e+06,0.00237469,0.1860,0.0000,-12.146,1.172,3.1415,-0.0027,0.0254
434.82,98.480,0.1860,0.0000,0.0000,-0.0411,-0.0044,-0.0027,0.0254,3.1415,-12.266,1.046,0.1859,1712.34,4.51053e+06,0.00209788,0.1860,0.0000,-12.152,1.172,3.1415,-0.0027,0.0254
434.92,98.500,0.1860,0.0000,0.0000,-0.0411,-0.0044,-0.0027,0.0254,3.1415,-12.270,1.046,0.1859,1712.35,4.51751e+06,0.00237469,0.1860,0.0000,-12.157,1.172,3.1415,-0.0027,0.0254
435.02,98.520,0.1860,0.0000,0.0000,-0.0411,-0.0044,-0.0027,0.0254,3.1415,-12.274,1.046,0.1859,1712.37,4.52682e+06,0.00237469,0.1860,0.0000,-12.165,1.172,3.1415,-0.0027,0.0254
435.12,98.540,0.1860,0.0000,0.0000,-0.0411,-0.0044,-0.0027,0.0254,3.1415,-12.278,1.046,0.1859,1712.37,4.52682e+06,0.00237469,0.1860,0.0000,-12.165,1.172,3.1415,-0.0027,0.0254
435.22,98.560,0.1860,0.0000,0.0000,-0.0411,-0.0044,-0.0027,0.0254,3.1415,-12.283,1.046,0.1859,1712.38,4.53382e+06,0.00209788,0.1860,0.0000,-12.170,1.172,3.1415,-0.0027,0.0254
435.32,98.600,0.1860,0.0000,0.0000,-0.0411,-0.0044,-0.0027,0.0254,3.1415,-12.287,1.046,0.1859,1712.39,4.54083e+06,0.00237469,0.1860,0.0000,-12.176,1.172,3.1415,-0.0027,0.0254
435.42,98.620,0.1860,0.0000,0.0000,-0.0411,-0.0044,-0.0027,0.0254,3.1415,-12.291,1.046,0.1859,1712.39,4.54083e+06,0.00237469,0.1860,0.0000,-12.176,1.172,3.1415,-0.0027,0.0254
435.52,98.640,0.1860,0.0000,0.0000,-0.0411,-0.0044,-0.0027,0.0254,3.1415,-12.295,1.046,0.1859,1712.41,4.55018e+06,0.00237469,0.1860,0.0000,-12.183,1.172,3.1415,-0.0027,0.0254
435.62,98.660,0.1860,0.0000,0.0000,-0.0411,-0.0044,-0.0027,0.0254,3.1415,-12.299,1.046,0.1859,1712.42,4.55721e+06,0.00209788,0.1860,0.0000,-12.189,1.172,3.1415,-0.0027,0.0254
435.72,98.680,0.1860,0.0000,0.0000,-0.0411,-0.0044,-0.0027,0.0254,3.1415,-12.304,1.046,0.1859,1712.42,4.55721e+06,0.00209788,0.1860,0.0000,-12.189,1.172,3.1415,-0.0027,0.0254
435.82,98.700,0.1860,0.0000,0.0000,-0.0411,-0.0044,-0.0027,0.0254,3.1415,-12.308,1.046,0.1859,1712.43,4.56424e+06,0.00237469,0.1860,0.0000,-12.195,1.172,3.1415,-0.0027,0.0254
435.92,98.720,0.1860,0.0000,0.0000,-0.0411,-0.0044,-0.0027,0.0254,3.1415,-12.312,1.046,0.1859,1712.45,4.57364e+06,0.00237469,0.1860,0.0000,-12.202,1.172,3.1415,-0.0027,0.0254
436.02,98.760,0.1860,0.0000,0.0000,-0.0411,-0.0044,-0.0027,0.0254,3.1415,-12.317,1.046,0.1859,1712.45,4.57364e+06,0.00237469,0.1860,0.0000,-12.202,1.172,3.1415,-0.0027,0.0254
436.12,98.780,0.1860,0.0000,0.0000,-0.0411,-0.0044,-0.0027,0.0254,3.1415,-12.321,1.046,0.1859,1712.46,4.58069e+06,0.00209788,0.1860,0.0000,-12.208,1.172,3.1415,-0.0027,0.0254
436.22,98.800,0.1860,0.0000,0.0000,-0.0411,-0.0044,-0.0027,0.0254,3.1415,-12.325,1.046,0.1859,1712.47,4.58776e+06,0.00237469,0.1860,0.0000,-12.213,1.172,3.1415,-0.0027,0.0254
436.32,98.820,0.1860,0.0000,0.0000,-0.0411,-0.0044,-0.0027,0.0254,3.1415,-12.329,1.046,0.1859,1712.47,4.58776e+06,0.00237469,0.1860,0.0000,-12.213,1.172,3.1415,-0.0027,0.0254
436.42,98.840,0.1860,0.0000,0.0000,-0.0411,-0.0044,-0.0027,0.0254,3.1415,-12.333,1.046,0.1859,1712.49,4.59719e+06,0.00237469,0.1860,0.0000,-12.221,1.172,3.1415,-0.0027,0.0254
436.52,98.860,0.1860,0.0000,0.0000,-0.0411,-0.0044,-0.0027,0.0254,3.1415,-12.337,1.046,0.1859,1712.5,4.60427e+06,0.00209788,0.1860,0.0000,-12.226,1.172,3.1415,-0.0027,0.0254
436.62,98.880,0.1860,0.0000,0.0000,-0.0411,-0.0044,-0.0027,0.0254,3.1415,-12.342,1.046,0.1859,1712.5,4.60427e+06,0.00209788,0.1860,0.0000,-12.226,1.172,3.1415,-0.0027,0.0254
436.72,98.900,0.1860,0.0000,0.0000,-0.0411,-0.0044,-0.0027,0.0254,3.1415,-12.345,1.046,0.1859,1712.51,4.61137e+06,0.00237469,0.1860,0.0000,-12.232,1.172,3.1415,-0.0027,0.0254
436.82,98.920,0.1860,0.0000,0.0000,-0.0411,-0.0044,-0.0027,0.0254,3.1415,-12.350,1.046,0.1859,1712.53,4.62084e+06,0.00237469,0.1860,0.0000,-12.239,1.172,3.1415,-0.0027,0.0254
436.92,98.960,0.1860,0.0000,0.0000,-0.0411,-0.0044,-0.0027,0.0254,3.1415,-12.354,1.046,0.1859,1712.53,4.62084e+06,0.00237469,0.1860,0.0000,-12.239,1.172,3.1415,-0.0027,0.0254
437.02,98.980,0.1860,0.0000,0.0000,-0.0411,-0.0044,-0.0027,0.0254,3.1415,-12.358,1.046,0.1859,1712.54,4.62795e+06,0.00209788,0.1860,0.0000,-12.245,1.172,3.1415,-0.0027,0.0254
437.12,99.000,0.1860,0.0000,0.0000,-0.0411,-0.0044,-0.0027,0.0254,3.1415,-12.362,1.046,0.1859,1712.55,4.63507e+06,0.00237469,0.1860,0.0000,-12.250,1.172,3.1415,-0.0027,0.0254
437.22,99.020,0.1860,0.0000,0.0000,-0.0411,-0.0044,-0.0027,0.0254,3.1415,-12.366,1.046,0.1859,1712.55,4.63507e+06,0.00237469,0.1860,0.0000,-12.250,1.172,3.1415,-0.0027,0.0254
437.32,99.040,0.1860,0.0000,0.0000,-0.0411,-0.0044,-0.0027,0.0254,3.1415,-12.370,1.046,0.1859,1712.57,4.64458e+06,0.00237469,0.1860,0.0000,-12.258,1.172,3.1415,-0.0027,0.0254
437.42,99.060,0.1860,0.0000,0.0000,-0.0411,-0.0044,-0.0027,0.0254,3.1415,-12.375,1.046,0.1859,1712.58,4.65172e+06,0.00209788,0.1860,0.0000,-12.263,1.172,3.1415,-0.0027,0.0254
437.52,99.080,0.1860,0.0000,0.0000,-0.0411,-0.0044,-0.0027,0.0254,3.1415,-12.379,1.046,0.1859,1712.58,4.65172e+06,0.00209788,0.1860,0.0000,-12.263,1.172,3.1415,-0.0027,0.0254
437.62,99.100,0.1860,0.0000,0.0000,-0.0411,-0.0044,-0.0027,0.0254,3.1415,-12.383,1.046,0.1859,1712.59,4.65887e+06,0.00237469,0.1860,0.0000,-12.269,1.172,3.1415,-0.0027,0.0254
437.72,99.140,0.1860,0.0000,0.0000,-0.0411,-0.0044,-0.0027,0.0254,3.1415,-12.387,1.046,0.1859,1712.61,4.66842e+06,0.00237469,0.1860,0.0000,-12.276,1.172,3.1415,-0.0027,0.0254
437.82,99.160,0.1860,0.0000,0.0000,-0.0411,-0.0044,-0.0027,0.0254,3.1415,-12.392,1.046,0.1859,1712.61,4.66842e+06,0.00237469,0.1860,0.0000,-12.276,1.172,3.1415,-0.0027,0.0254
437.92,99.180,0.1860,0.0000,0.0000,-0.0411,-0.0044,-0.0027,0.0254,3.1415,-12.396,1.046,0.1859,1712.62,4.67559e+06,0.00209788,0.1860,0.0000,-12.282,1.172,3.1415,-0.0027,0.0254
438.02,99.200,0.1860,0.0000,0.0000,-0.0411,-0.0044,-0.0027,0.0254,3.1415,-12.400,1.046,0.1859,1712.63,4.68277e+06,0.00237469,0.1860,0.0000,-12.288,1.172,3.1415,-0.0027,0.0254
438.12,99.220,0.1860,0.0000,0.0000,-0.0411,-0.0044,-0.0027,0.0254,3.1415,-12.404,1.046,0.1859,1712.63,4.68277e+06,0.00237469,0.1860,0.0000,-12.288,1.172,3.1415,-0.0027,0.0254
438.22,99.240,0.1860,0.0000,0.0000,-0.0411,-0.0044,-0.0027,0.0254,3.1415,-12.408,1.046,0.1859,1712.65,4.69236e+06,0.00237469,0.1860,0.0000,-12.295,1.172,3.1415,-0.0027,0.0254
438.32,99.260,0.1860,0.0000,0.0000,-0.0411,-0.0044,-0.0027,0.0254,3.1415,-12.412,1.046,0.1859,1712.66,4.69956e+06,0.00209788,0.1860,0.0000,-12.301,1.172,3.1415,-0.0027,0.0254
438.42,99.300,0.1860,0.0000,0.0000,-0.0411,-0.0044,-0.0027,0.0254,3.1415,-12.417,1.046,0.1859,1712.67,4.70677e+06,0.00237469,0.1860,0.0000,-12.306,1.172,3.1415,-0.0027,0.0254
438.52,99.320,0.1860,0.0000,0.0000,-0.0412,-0.0042,-0.0027,0.0254,3.1415,-12.420,1.046,0.1859,1712.67,4.70677e+06,0.00237469,0.1860,0.0000,-12.306,1.172,3.1415,-0.0027,0.0254
438.62,99.340,0.1860,0.0000,0.0000,-0.0411,-0.0044,-0.0027,0.0254,3.1415,-12.425,1.046,0.1859,1712.69,4.71639e+06,0.00237469,0.1860,0.0000,-12.314,1.172,3.1415,-0.0027,0.0254
438.72,99.360,0.1860,0.0000,0.0000,-0.0411,-0.0044,-0.0027,0.0254,3.1415,-12.429,1.046,0.1859,1712.7,4.72362e+06,0.00209788,0.1860,0.0000,-12.319,1.172,3.1415,-0.0027,0.0254
438.82,99.380,0.1860,0.0000,0.0000,-0.0411,-0.0044,-0.0027,0.0254,3.1415,-12.433,1.046,0.1859,1712.7,4.72362e+06,0.00209788,0.1860,0.0000,-12.319,1.172,3.1415,-0.0027,0.0254
438.92,99.400,0.1860,0.0000,0.0000,-0.0411,-0.0044,-0.0027,0.0254,3.1415,-12.437,1.046,0.1859,1712.71,4.73086e+06,0.00237469,0.1860,0.0000,-12.325,1.172,3.1415,-0.0027,0.0254
439.02,99.420,0.1860,0.0000,0.0000,-0.0411,-0.0044,-0.0027,0.0254,3.1415,-12.441,1.046,0.1859,1712.73,4.74053e+06,0.00237469,0.1860,0.0000,-12.332,1.172,3.1415,-0.0027,0.0254
439.12,99.440,0.1860,0.0000,0.0000,-0.0411,-0.0044,-0.0027,0.0254,3.1415,-12.446,1.046,0.1859,1712.73,4.74053e+06,0.00237469,0.1860,0.0000,-12.332,1.172,3.1415,-0.0027,0.0254
439.22,99.460,0.1860,0.0000,0.0000,-0.0411,-0.0044,-0.0027,0.0254,3.1415,-12.450,1.046,0.1859,1712.74,4.74779e+06,0.00209788,0.1860,0.0000,-12.338,1.172,3.1415,-0.0027,0.0254
439.32,99.500,0.1860,0.0000,0.0000,-0.0411,-0.0044,-0.0027,0.0254,3.1415,-12.454,1.046,0.1859,1712.75,4.75505e+06,0.00237469,0.1860,0.0000,-12.343,1.172,3.1415,-0.0027,0.0254
439.42,99.520,0.1860,0.0000,0.0000,-0.0411,-0.0044,-0.0027,0.0254,3.1415,-12.459,1.046,0.1859,1712.75,4.75505e+06,0.00237469,0.1860,0.0000,-12.343,1.172,3.1415,-0.0027,0.0254
439.52,99.540,0.1860,0.0000,0.0000,-0.0411,-0.0044,-0.0027,0.0254,3.1415,-12.463,1.046,0.1859,1712.77,4.76476e+06,0.00237469,0.1860,0.0000,-12.351,1.172,3.1415,-0.0027,0.0254
439.62,99.560,0.1860,0.0000,0.0000,-0.0411,-0.0044,-0.0027,0.0254,3.1415,-12.467,1.046,0.1859,1712.78,4.77205e+06,0.00209788,0.1860,0.0000,-12.356,1.172,3.1415,-0.0027,0.0254
439.72,99.580,0.1860,0.0000,0.0000,-0.0411,-0.0044,-0.0027,0.0254,3.1415,-12.471,1.046,0.1859,1712.78,4.77205e+06,0.00209788,0.1860,0.0000,-12.356,1.172,3.1415,-0.0027,0.0254
439.82,99.600,0.1860,0.0000,0.0000,-0.0411,-0.0044,-0.0027,0.0254,3.1415,-12.475,1.046,0.1859,1712.79,4.77934e+06,0.00237469,0.1860,0.0000,-12.362,1.172,3.1415,-0.0027,0.0254
439.92,99.620,0.1860,0.0000,0.0000,-0.0411,-0.0044,-0.0027,0.0254,3.1415,-12.480,1.046,0.1859,1712.81,4.78909e+06,0.00237469,0.1860,0.0000,-12.369,1.172,3.1415,-0.0027,0.0254
440.02,99.660,0.1860,0.0000,0.0000,-0.0411,-0.0044,-0.0027,0.0254,3.1415,-12.484,1.046,0.1859,1712.81,4.78909e+06,0.00237469,0.1860,0.0000,-12.369,1.172,3.1415,-0.0027,0.0254
440.12,99.680,0.1860,0.0000,0.0000,-0.0411,-0.0044,-0.0027,0.0254,3.1415,-12.488,1.046,0.1859,1712.82,4.7964e+06,0.00209788,0.1860,0.0000,-12.375,1.172,3.1415,-0.0027,0.0254
440.22,99.700,0.1860,0.0000,0.0000,-0.0411,-0.0044,-0.0027,0.0254,3.1415,-12.492,1.046,0.1859,1712.83,4.80373e+06,0.00237469,0.1860,0.0000,-12.381,1.172,3.1415,-0.0027,0.0254
440.32,99.720,0.1860,0.0000,0.0000,-0.0411,-0.0044,-0.0027,0.0254,3.1415,-12.497,1.046,0.1859,1712.83,4.80373e+06,0.00237469,0.1860,0.0000,-12.381,1.172,3.1415,-0.0027,0.0254
440.42,99.740,0.1860,0.0000,0.0000,-0.0411,-0.0044,-0.0027,0.0254,3.1415,-12.501,1.046,0.1859,1712.85,4.81351e+06,0.00237469,0.1860,0.0000,-12.388,1.172,3.1415,-0.0027,0.0254
440.52,99.760,0.1860,0.0000,0.0000,-0.0411,-0.0044,-0.0027,0.0254,3.1415,-12.505,1.046,0.1859,1712.86,4.82086e+06,0.00209788,0.1860,0.0000,-12.394,1.172,3.1415,-0.0027,0.0254
440.62,99.800,0.1860,0.0000,0.0000,-0.0411,-0.0044,-0.0027,0.0254,3.1415,-12.510,1.046,0.1859,1712.87,4.82822e+06,0.00237469,0.1860,0.0000,-12.399,1.172,3.1415,-0.0027,0.0254
440.72,99.820,0.1860,0.0000,0.0000,-0.0411,-0.0044,-0.0027,0.0254,3.1415,-12.514,1.046,0.1859,1712.87,4.82822e+06,0.00237469,0.1860,0.0000,-12.399,1.172,3.1415,-0.0027,0.0254
440.82,99.840,0.1860,0.0000,0.0000,-0.0411,-0.0044,-0.0027,0.0254,3.1415,-12.518,1.046,0.1859,1712.89,4.83804e+06,0.00237469,0.1860,0.0000,-12.407,1.172,3.1415,-0.0027,0.0254
440.92,99.860,0.1860,0.0000,0.0000,-0.0411,-0.0044,-0.0027,0.0254,3.1415,-12.523,1.046,0.1859,1712.9,4.84542e+06,0.00209788,0.1860,0.0000,-12.412,1.172,3.1415,-0.0027,0.0254
441.02,99.880,0.1860,0.0000,0.0000,-0.0411,-0.0044,-0.0027,0.0254,3.1415,-12.527,1.046,0.1859,1712.9,4.84542e+06,0.00209788,0.1860,0.0000,-12.412,1.172,3.1415,-0.0027,0.0254
441.12,99.900,0.1860,0.0000,0.0000,-0.0411,-0.0044,-0.0027,0.0254,3.1415,-12.531,1.046,0.1859,1712.91,4.85281e+06,0.00237469,0.1860,0.0000,-12.418,1.172,3.1415,-0.0027,0.0254
441.22,99.920,0.1860,0.0000,0.0000,-0.0411,-0.0044,-0.0027,0.0254,3.1415,-12.535,1.046,0.1859,1712.93,4.86267e+06,0.00237469,0.1860,0.0000,-12.425,1.172,3.1415,-0.0027,0.0254
441.32,99.960,0.1860,0.0000,0.0000,-0.0411,-0.0044,-0.0027,0.0254,3.1415,-12.540,1.046,0.1859,1712.93,4.86267e+06,0.00237469,0.1860,0.0000,-12.425,1.172,3.1415,-0.0027,0.0254
441.42,99.980,0.1860,0.0000,0.0000,-0.0411,-0.0044,-0.0027,0.0254,3.1415,-12.544,1.046,0.1859,1712.94,4.87007e+06,0.00209788,0.1860,0.0000,-12.431,1.172,3.1415,-0.0027,0.0254
441.52,100.000,0.1860,0.0000,0.0000,-0.0411,-0.0044,-0.0027,0.0254,3.1415,-12.548,1.046,0.1859,1712.95,4.87749e+06,0.00237469,0.1860,0.0000,-12.436,1.172,3.1415,-0.0027,0.0254
441.62,100.020,0.1860,0.0000,0.0000,-0.0411,-0.0044,-0.0027,0.0254,3.1415,-12.552,1.046,0.1859,1712.95,4.87749e+06,0.00237469,0.1860,0.0000,-12.436,1.172,3.1415,-0.0027,0.0254
441.72,100.040,0.1860,0.0000,0.0000,-0.0411,-0.0044,-0.0027,0.0254,3.1415,-12.557,1.046,0.1859,1712.97,4.88739e+06,0.00237469,0.1860,0.0000,-12.444,1.172,3.1415,-0.0027,0.0254
441.82,100.060,0.1860,0.0000,0.0000,-0.0411,-0.0044,-0.0027,0.0254,3.1415,-12.561,1.046,0.1859,1712.98,4.89483e+06,0.00209788,0.1860,0.0000,-12.449,1.172,3.1415,-0.0027,0.0254
441.92,100.080,0.1860,0.0000,0.0000,-0.0411,-0.0044,-0.0027,0.0254,3.1415,-12.565,1.046,0.1859,1712.99,4.90228e+06,0.00237469,0.1860,0.0000,-12.455,1.172,3.1415,-0.0027,0.0254
442.02,100.120,0.1860,0.0000,0.0000,-0.0411,-0.0044,-0.0027,0.0254,3.1415,-12.570,1.046,0.1859,1712.99,4.90228e+06,0.00237469,0.1860,0.0000,-12.455,1.172,3.1415,-0.0027,0.0254
442.12,100.140,0.1860,0.0000,0.0000,-0.0411,-0.0044,-0.0027,0.0254,3.1415,-12.574,1.046,0.1859,1713.01,4.91222e+06,0.00237469,0.1860,0.0000,-12.462,1.172,3.1415,-0.0027,0.0254
442.22,100.160,0.1860,0.0000,0.0000,-0.0411,-0.0044,-0.0027,0.0254,3.1415,-12.578,1.046,0.1859,1713.02,4.91969e+06,0.00209788,0.1860,0.0000,-12.468,1.172,3.1415,-0.0027,0.0254
442.32,100.180,0.1860,0.0000,0.0000,-0.0411,-0.0044,-0.0027,0.0254,3.1415,-12.582,1.046,0.1859,1713.02,4.91969e+06,0.00209788,0.1860,0.0000,-12.468,1.172,3.1415,-0.0027,0.0254
442.42,100.200,0.1860,0.0000,0.0000,-0.0411,-0.0044,-0.0027,0.0254,3.1415,-12.586,1.046,0.1859,1713.03,4.92716e+06,0.00237469,0.1860,0.0000,-12.474,1.172,3.1415,-0.0027,0.0254
442.52,100.220,0.1860,0.0000,0.0000,-0.0411,-0.0044,-0.0027,0.0254,3.1415,-12.590,1.046,0.1859,1713.05,4.93714e+06,0.00237469,0.1860,0.0000,-12.481,1.172,3.1415,-0.0027,0.0254
442.62,100.240,0.1860,0.0000,0.0000,-0.0411,-0.0044,-0.0027,0.0254,3.1415,-12.595,1.046,0.1859,1713.05,4.93714e+06,0.00237469,0.1860,0.0000,-12.481,1.172,3.1415,-0.0027,0.0254
442.72,100.280,0.1860,0.0000,0.0000,-0.0411,-0.0044,-0.0027,0.0254,3.1415,-12.599,1.046,0.1859,1713.06,4.94464e+06,0.00209788,0.1860,0.0000,-12.487,1.172,3.1415,-0.0027,0.0254
442.82,100.300,0.1860,0.0000,0.0000,-0.0411,-0.0044,-0.0027,0.0254,3.1415,-12.603,1.046,0.1859,1713.07,4.95215e+06,0.00237469,0.1860,0.0000,-12.492,1.172,3.1415,-0.0027,0.0254
442.92,100.320,0.1860,0.0000,0.0000,-0.0411,-0.0044,-0.0027,0.0254,3.1415,-12.608,1.046,0.1859,1713.07,4.95215e+06,0.00237469,0.1860,0.0000,-12.492,1.172,3.1415,-0.0027,0.0254
443.02,100.340,0.1860,0.0000,0.0000,-0.0411,-0.0044,-0.0027,0.0254,3.1415,-12.612,1.046,0.1859,1713.09,4.96217e+06,0.00237469,0.1860,0.0000,-12.500,1.172,3.1415,-0.0027,0.0254
443.12,100.360,0.1860,0.0000,0.0000,-0.0411,-0.0044,-0.0027,0.0254,3.1415,-12.616,1.046,0.1859,1713.1,4.9697e+06,0.00209788,0.1860,0.0000,-12.505,1.172,3.1415,-0.0027,0.0254
443.22,100.380,0.1860,0.0000,0.0000,-0.0411,-0.0044,-0.0027,0.0254,3.1415,-12.621,1.046,0.1859,1713.1,4.9697e+06,0.00209788,0.1860,0.0000,-12.505,1.172,3.1415,-0.0027,0.0254
443.32,100.420,0.1860,0.0001,0.0000,-0.0411,-0.0044,-0.0027,0.0254,3.1415,-12.625,1.046,0.1859,1713.11,4.97723e+06,0.00237469,0.1860,0.0001,-12.511,1.172,3.1415,-0.0027,0.0254
443.42,100.440,0.1860,0.0001,0.0000,-0.0411,-0.0044,-0.0027,0.0254,3.1415,-12.629,1.046,0.1859,1713.13,4.9873e+06,0.00237469,0.1860,0.0001,-12.518,1.172,3.1415,-0.0027,0.0254
443.52,100.460,0.1860,0.0001,0.0000,-0.0411,-0.0044,-0.0027,0.0254,3.1415,-12.634,1.046,0.1859,1713.13,4.9873e+06,0.00237469,0.1860,0.0001,-12.518,1.172,3.1415,-0.0027,0.0254
443.62,100.480,0.1860,0.0001,0.0000,-0.0411,-0.0044,-0.0027,0.0254,3.1415,-12.638,1.046,0.1859,1713.14,4.99485e+06,0.00209788,0.1860,0.0001,-12.524,1.172,3.1415,-0.0027,0.0254
443.72,100.500,0.1860,0.0001,0.0000,-0.0411,-0.0044,-0.0027,0.0254,3.1415,-12.642,1.046,0.1859,1713.15,5.00242e+06,0.00237469,0.1860,0.0001,-12.529,1.172,3.1415,-0.0027,0.0254
443.82,100.520,0.1860,0.0001,0.0000,-0.0411,-0.0044,-0.0027,0.0254,3.1415,-12.646,1.046,0.1859,1713.17,5.01252e+06,0.00237469,0.1860,0.0001,-12.537,1.172,3.1415,-0.0027,0.0254
443.92,100.540,0.1860,0.0001,0.0000,-0.0411,-0.0044,-0.0027,0.0254,3.1415,-12.650,1.046,0.1859,1713.17,5.01252e+06,0.00237469,0.1860,0.0001,-12.537,1.172,3.1415,-0.0027,0.0254
444.02,100.580,0.1860,0.0001,0.0000,-0.0411,-0.0044,-0.0027,0.0254,3.1415,-12.655,1.046,0.1859,1713.18,5.02011e+06,0.00209788,0.1860,0.0001,-12.542,1.172,3.1415,-0.0027,0.0254
444.12,100.600,0.1860,0.0001,0.0000,-0.0411,-0.0044,-0.0027,0.0254,3.1415,-12.659,1.046,0.1859,1713.19,5.02771e+06,0.00237469,0.1860,0.0000,-12.548,1.172,3.1415,-0.0027,0.0254
444.22,100.620,0.1860,0.0000,0.0000,-0.0411,-0.0044,-0.0027,0.0254,3.1415,-12.663,1.046,0.1859,1713.19,5.02771e+06,0.00237469,0.1860,0.0000,-12.548,1.172,3.1415,-0.0027,0.0254
444.32,100.640,0.1860,0.0000,0.0000,-0.0411,-0.0044,-0.0027,0.0254,3.1415,-12.668,1.046,0.1859,1713.2,5.03785e+06,0.00237469,0.1860,0.0000,-12.555,1.172,3.1415,-0.0027,0.0254
444.42,100.660,0.1860,0.0000,0.0000,-0.0411,-0.0044,-0.0027,0.0254,3.1415,-12.672,1.046,0.1859,1713.21,5.04547e+06,0.00209788,0.1860,0.0000,-12.561,1.172,3.1415,-0.0027,0.0254
444.52,100.680,0.1860,0.0000,0.0000,-0.0411,-0.0044,-0.0027,0.0254,3.1415,-12.676,1.046,0.1859,1713.21,5.04547e+06,0.00209788,0.1860,0.0000,-12.561,1.172,3.1415,-0.0027,0.0254
444.62,100.700,0.1860,0.0000,0.0000,-0.0411,-0.0044,-0.0027,0.0254,3.1415,-12.681,1.046,0.1859,1713.22,5.0531e+06,0.00237469,0.1860,0.0000,-12.567,1.172,3.1415,-0.0027,0.0254
444.72,100.740,0.1860,0.0000,0.0000,-0.0411,-0.0044,-0.0027,0.0254,3.1415,-12.685,1.046,0.1859,1713.24,5.06328e+06,0.00237469,0.1860,0.0000,-12.574,1.172,3.1415,-0.0027,0.0254
444.82,100.760,0.1860,0.0000,0.0000,-0.0411,-0.0044,-0.0027,0.0254,3.1415,-12.689,1.046,0.1859,1713.25,5.07093e+06,0.00209788,0.1860,0.0000,-12.580,1.172,3.1415,-0.0027,0.0254
444.92,100.780,0.1860,0.0000,0.0000,-0.0411,-0.0044,-0.0027,0.0254,3.1415,-12.694,1.046,0.1859,1713.25,5.07093e+06,0.00209788,0.1860,0.0000,-12.580,1.172,3.1415,-0.0027,0.0254
445.02,100.800,0.1860,0.0000,0.0000,-0.0411,-0.0044,-0.0027,0.0254,3.1415,-12.698,1.046,0.1859,1713.26,5.07859e+06,0.00237469,0.1860,0.0000,-12.585,1.172,3.1415,-0.0027,0.0254
445.12,100.820,0.1860,0.0000,0.0000,-0.0411,-0.0044,-0.0027,0.0254,3.1415,-12.702,1.046,0.1859,1713.27,5.08882e+06,0.00237469,0.1860,0.0000,-12.593,1.172,3.1415,-0.0027,0.0254
445.22,100.840,0.1860,0.0000,0.0000,-0.0411,-0.0044,-0.0027,0.0254,3.1415,-12.707,1.046,0.1859,1713.27,5.08882e+06,0.00237469,0.1860,0.0000,-12.593,1.172,3.1415,-0.0027,0.0254
445.32,100.880,0.1860,0.0000,0.0000,-0.0411,-0.0044,-0.0027,0.0254,3.1415,-12.711,1.046,0.1859,1713.28,5.0965e+06,0.00209788,0.1860,0.0000,-12.598,1.172,3.1415,-0.0027,0.0254
445.42,100.900,0.1860,0.0000,0.0000,-0.0411,-0.0044,-0.0027,0.0254,3.1415,-12.715,1.046,0.1859,1713.29,5.10419e+06,0.00237469,0.1860,0.0000,-12.604,1.172,3.1415,-0.0027,0.0254
445.52,100.920,0.1860,0.0000,0.0000,-0.0411,-0.0044,-0.0027,0.0254,3.1415,-12.720,1.046,0.1859,1713.29,5.10419e+06,0.00237469,0.1860,0.0000,-12.604,1.172,3.1415,-0.0027,0.0254
445.62,100.940,0.1860,0.0000,0.0000,-0.0411,-0.0044,-0.0027,0.0254,3.1415,-12.724,1.046,0.1859,1713.31,5.11445e+06,0.00237469,0.1860,0.0000,-12.611,1.172,3.1415,-0.0027,0.0254
445.72,100.960,0.1860,0.0000,0.0000,-0.0411,-0.0044,-0.0027,0.0254,3.1415,-12.729,1.046,0.1859,1713.32,5.12216e+06,0.00209788,0.1860,0.0000,-12.617,1.172,3.1415,-0.0027,0.0254
445.82,100.980,0.1860,0.0000,0.0000,-0.0411,-0.0044,-0.0027,0.0254,3.1415,-12.733,1.046,0.1859,1713.33,5.12988e+06,0.00237469,0.1860,0.0000,-12.622,1.172,3.1415,-0.0027,0.0254
445.92,101.020,0.1860,0.0000,0.0000,-0.0411,-0.0044,-0.0027,0.0254,3.1415,-12.737,1.046,0.1859,1713.33,5.12988e+06,0.00237469,0.1860,0.0000,-12.622,1.172,3.1415,-0.0027,0.0254
446.02,101.040,0.1860,0.0000,0.0000,-0.0411,-0.0044,-0.0027,0.0254,3.1415,-12.741,1.046,0.1859,1713.34,5.14019e+06,0.00237469,0.1860,0.0000,-12.630,1.172,3.1415,-0.0027,0.0254
446.12,101.060,0.1860,0.0000,0.0000,-0.0411,-0.0044,-0.0027,0.0254,3.1415,-12.746,1.046,0.1859,1713.35,5.14793e+06,0.00209788,0.1860,0.0000,-12.635,1.172,3.1415,-0.0027,0.0254
446.22,101.080,0.1860,0.0000,0.0000,-0.0411,-0.0044,-0.0027,0.0254,3.1415,-12.750,1.046,0.1859,1713.35,5.14793e+06,0.00209788,0.1860,0.0000,-12.635,1.172,3.1415,-0.0027,0.0254
446.32,101.100,0.1860,0.0000,0.0000,-0.0411,-0.0044,-0.0027,0.0254,3.1415,-12.754,1.046,0.1859,1713.36,5.15568e+06,0.00237469,0.1860,0.0000,-12.641,1.172,3.1415,-0.0027,0.0254
446.42,101.140,0.1860,0.0000,0.0000,-0.0411,-0.0044,-0.0027,0.0254,3.1415,-12.759,1.046,0.1859,1713.37,5.16603e+06,0.00237469,0.1860,0.0000,-12.648,1.172,3.1415,-0.0027,0.0254
446.52,101.160,0.1860,0.0000,0.0000,-0.0411,-0.0044,-0.0027,0.0254,3.1415,-12.763,1.046,0.1859,1713.37,5.16603e+06,0.00237469,0.1860,0.0000,-12.648,1.172,3.1415,-0.0027,0.0254
446.62,101.180,0.1860,0.0000,0.0000,-0.0411,-0.0044,-0.0027,0.0254,3.1415,-12.767,1.046,0.1859,1713.38,5.1738e+06,0.00209788,0.1860,0.0000,-12.654,1.172,3.1415,-0.0027,0.0254
446.72,101.200,0.1860,0.0000,0.0000,-0.0411,-0.0044,-0.0027,0.0254,3.1415,-12.772,1.046,0.1859,1713.39,5.18158e+06,0.00237469,0.1860,0.0000,-12.660,1.172,3.1415,-0.0027,0.0254
446.82,101.220,0.1860,0.0000,0.0000,-0.0411,-0.0044,-0.0027,0.0254,3.1415,-12.776,1.046,0.1859,1713.4,5.19197e+06,0.00237469,0.1860,0.0000,-12.667,1.172,3.1415,-0.0027,0.0254
446.92,101.240,0.1860,0.0000,0.0000,-0.0411,-0.0044,-0.0027,0.0254,3.1415,-12.780,1.046,0.1859,1713.4,5.19197e+06,0.00237469,0.1860,0.0000,-12.667,1.172,3.1415,-0.0027,0.0254
447.02,101.280,0.1860,0.0000,0.0000,-0.0411,-0.0044,-0.0027,0.0254,3.1415,-12.785,1.046,0.1859,1713.41,5.19978e+06,0.00209788,0.1860,0.0000,-12.673,1.172,3.1415,-0.0027,0.0254
447.12,101.300,0.1860,0.0000,0.0000,-0.0411,-0.0044,-0.0027,0.0254,3.1415,-12.789,1.046,0.1859,1713.42,5.20759e+06,0.00237469,0.1860,0.0000,-12.678,1.172,3.1415,-0.0027,0.0254
447.22,101.320,0.1860,0.0000,0.0000,-0.0411,-0.0044,-0.0027,0.0254,3.1415,-12.793,1.046,0.1859,1713.42,5.20759e+06,0.00237469,0.1860,0.0000,-12.678,1.172,3.1415,-0.0027,0.0254
447.32,101.340,0.1860,0.0000,0.0000,-0.0411,-0.0044,-0.0027,0.0254,3.1415,-12.798,1.046,0.1859,1713.43,5.21802e+06,0.00237469,0.1860,0.0000,-12.686,1.172,3.1415,-0.0027,0.0254
447.42,101.360,0.1860,0.0000,0.0000,-0.0411,-0.0044,-0.0027,0.0254,3.1415,-12.802,1.046,0.1859,1713.44,5.22585e+06,0.00209788,0.1860,0.0000,-12.691,1.172,3.1415,-0.0027,0.0254
447.52,101.380,0.1860,0.0000,0.0000,-0.0411,-0.0044,-0.0027,0.0254,3.1415,-12.807,1.046,0.1859,1713.44,5.22585e+06,0.00209788,0.1860,0.0000,-12.691,1.172,3.1415,-0.0027,0.0254
447.62,101.400,0.1860,0.0000,0.0000,-0.0411,-0.0044,-0.0027,0.0254,3.1415,-12.811,1.046,0.1859,1713.45,5.2337e+06,0.00237469,0.1860,0.0000,-12.697,1.172,3.1415,-0.0027,0.0254
447.72,101.440,0.1860,0.0000,0.0000,-0.0411,-0.0044,-0.0027,0.0254,3.1415,-12.815,1.046,0.1859,1713.46,5.24417e+06,0.00237469,0.1860,0.0000,-12.704,1.172,3.1415,-0.0027,0.0254
447.82,101.460,0.1860,0.0000,0.0000,-0.0411,-0.0044,-0.0027,0.0254,3.1415,-12.819,1.046,0.1859,1713.47,5.25204e+06,0.00209788,0.1860,0.0000,-12.710,1.172,3.1415,-0.0027,0.0254
447.92,101.480,0.1860,0.0000,0.0000,-0.0411,-0.0044,-0.0027,0.0254,3.1415,-12.824,1.046,0.1859,1713.47,5.25204e+06,0.00209788,0.1860,0.0000,-12.710,1.172,3.1415,-0.0027,0.0254
448.02,101.500,0.1860,0.0000,0.0000,-0.0411,-0.0044,-0.0027,0.0254,3.1415,-12.828,1.046,0.1859,1713.48,5.25991e+06,0.00237469,0.1860,0.0000,-12.715,1.172,3.1415,-0.0027,0.0254
448.12,101.520,0.1860,0.0000,0.0000,-0.0411,-0.0044,-0.0027,0.0254,3.1415,-12.833,1.046,0.1859,1713.49,5.27043e+06,0.00237469,0.1860,0.0000,-12.723,1.172,3.1415,-0.0027,0.0254
448.22,101.560,0.1860,0.0000,0.0000,-0.0411,-0.0044,-0.0027,0.0254,3.1415,-12.837,1.046,0.1859,1713.49,5.27043e+06,0.00237469,0.1860,0.0000,-12.723,1.172,3.1415,-0.0027,0.0254
448.32,101.580,0.1860,0.0000,0.0000,-0.0411,-0.0044,-0.0027,0.0254,3.1415,-12.841,1.046,0.1859,1713.5,5.27832e+06,0.00209788,0.1860,0.0000,-12.728,1.172,3.1415,-0.0027,0.0254
448.42,101.600,0.1860,0.0000,0.0000,-0.0411,-0.0044,-0.0027,0.0254,3.1415,-12.846,1.046,0.1859,1713.5,5.28623e+06,0.00237469,0.1860,0.0000,-12.734,1.172,3.1415,-0.0027,0.0254
448.52,101.620,0.1860,0.0000,0.0000,-0.0411,-0.0044,-0.0027,0.0254,3.1415,-12.850,1.046,0.1859,1713.5,5.28623e+06,0.00237469,0.1860,0.0000,-12.734,1.172,3.1415,-0.0027,0.0254
448.62,101.640,0.1860,0.0000,0.0000,-0.0411,-0.0044,-0.0027,0.0254,3.1415,-12.854,1.046,0.1859,1713.52,5.29678e+06,0.00237469,0.1860,0.0000,-12.741,1.172,3.1415,-0.0027,0.0254
448.72,101.660,0.1860,0.0000,0.0000,-0.0411,-0.0044,-0.0027,0.0254,3.1415,-12.859,1.046,0.1859,1713.52,5.30471e+06,0.00209788,0.1860,0.0000,-12.747,1.172,3.1415,-0.0027,0.0254
448.82,101.700,0.1860,0.0000,0.0000,-0.0411,-0.0044,-0.0027,0.0254,3.1415,-12.863,1.046,0.1859,1713.53,5.31265e+06,0.00237469,0.1860,0.0000,-12.753,1.172,3.1415,-0.0027,0.0254
448.92,101.720,0.1860,0.0000,0.0000,-0.0411,-0.0044,-0.0027,0.0254,3.1415,-12.867,1.046,0.1859,1713.53,5.31265e+06,0.00237469,0.1860,0.0000,-12.753,1.172,3.1415,-0.0027,0.0254
451.60,102.320,0.1860,0.0000,0.0000,-0.0411,-0.0044,-0.0027,0.0254,3.1415,-12.982,1.046,0.1859,1713.7,5.48425e+06,0.00237469,0.1860,0.0000,-12.872,1.172,3.1415,-0.0027,0.0254
451.70,102.360,0.1860,0.0000,0.0000,-0.0412,-0.0042,-0.0027,0.0254,3.1415,-12.986,1.046,0.1859,1713.7,5.48425e+06,0.00237469,0.1860,0.0000,-12.872,1.172,3.1415,-0.0027,0.0254
451.80,102.380,0.1860,0.0000,0.0000,-0.0411,-0.0044,-0.0027,0.0254,3.1415,-12.991,1.046,0.1859,1713.71,5.4924e+06,0.00209788,0.1860,0.0000,-12.877,1.172,3.1415,-0.0027,0.0254
451.90,102.400,0.1860,0.0000,0.0000,-0.0411,-0.0044,-0.0027,0.0254,3.1415,-12.995,1.046,0.1859,1713.72,5.50056e+06,0.00237469,0.1860,0.0000,-12.883,1.172,3.1415,-0.0027,0.0254
452.00,102.420,0.1860,0.0000,0.0000,-0.0411,-0.0044,-0.0027,0.0254,3.1415,-12.999,1.046,0.1859,1713.72,5.50056e+06,0.00237469,0.1860,0.0000,-12.883,1.172,3.1415,-0.0027,0.0254
452.10,102.440,0.1860,0.0000,0.0000,-0.0411,-0.0044,-0.0027,0.0254,3.1415,-13.004,1.046,0.1859,1713.73,5.51145e+06,0.00237469,0.1860,0.0000,-12.890,1.172,3.1415,-0.0027,0.0254
452.20,102.460,0.1860,0.0000,0.0000,-0.0411,-0.0044,-0.0027,0.0254,3.1415,-13.008,1.046,0.1859,1713.74,5.51964e+06,0.00209788,0.1860,0.0000,-12.896,1.172,3.1415,-0.0027,0.0254
452.30,102.500,0.1860,0.0000,0.0000,-0.0411,-0.0044,-0.0027,0.0254,3.1415,-13.012,1.046,0.1859,1713.75,5.52783e+06,0.00237469,0.1860,0.0000,-12.901,1.172,3.1415,-0.0027,0.0254
452.40,102.520,0.1860,0.0000,0.0000,-0.0411,-0.0044,-0.0027,0.0254,3.1415,-13.016,1.046,0.1859,1713.75,5.52783e+06,0.00237469,0.1860,0.0000,-12.901,1.172,3.1415,-0.0027,0.0254
452.50,102.540,0.1860,0.0000,0.0000,-0.0411,-0.0044,-0.0027,0.0254,3.1415,-13.020,1.046,0.1859,1713.76,5.53877e+06,0.00237469,0.1860,0.0000,-12.909,1.172,3.1415,-0.0027,0.0254
452.60,102.560,0.1860,0.0000,0.0000,-0.0411,-0.0044,-0.0027,0.0254,3.1415,-13.025,1.046,0.1859,1713.76,5.54698e+06,0.00209788,0.1860,0.0000,-12.914,1.172,3.1415,-0.0027,0.0254
452.70,102.580,0.1860,0.0000,0.0000,-0.0411,-0.0044,-0.0027,0.0254,3.1415,-13.029,1.046,0.1859,1713.76,5.54698e+06,0.00209788,0.1860,0.0000,-12.914,1.172,3.1415,-0.0027,0.0254
452.80,102.600,0.1860,0.0000,0.0000,-0.0411,-0.0044,-0.0027,0.0254,3.1415,-13.033,1.046,0.1859,1713.77,5.55521e+06,0.00237469,0.1860,0.0000,-12.920,1.172,3.1415,-0.0027,0.0254
452.90,102.620,0.1860,0.0000,0.0000,-0.0411,-0.0044,-0.0027,0.0254,3.1415,-13.037,1.046,0.1859,1713.78,5.56619e+06,0.00237469,0.1860,0.0000,-12.927,1.172,3.1415,-0.0027,0.0254
453.00,102.660,0.1860,0.0000,0.0000,-0.0411,-0.0044,-0.0027,0.0254,3.1415,-13.041,1.046,0.1859,1713.78,5.56619e+06,0.00237469,0.1860,0.0000,-12.927,1.172,3.1415,-0.0027,0.0254
453.10,102.680,0.1860,0.0000,0.0000,-0.0411,-0.0044,-0.0027,0.0254,3.1415,-13.046,1.046,0.1859,1713.79,5.57443e+06,0.00209788,0.1860,0.0000,-12.933,1.172,3.1415,-0.0027,0.0254
453.20,102.700,0.1860,0.0000,0.0000,-0.0411,-0.0044,-0.0027,0.0254,3.1415,-13.050,1.046,0.1859,1713.8,5.58269e+06,0.00237469,0.1860,0.0000,-12.939,1.172,3.1415,-0.0027,0.0254
453.30,102.720,0.1860,0.0000,0.0000,-0.0411,-0.0044,-0.0027,0.0254,3.1415,-13.054,1.046,0.1859,1713.8,5.58269e+06,0.00237469,0.1860,0.0000,-12.939,1.172,3.1415,-0.0027,0.0254
453.40,102.740,0.1860,0.0000,0.0000,-0.0411,-0.0044,-0.0027,0.0254,3.1415,-13.059,1.046,0.1859,1713.81,5.59372e+06,0.00237469,0.1860,0.0000,-12.946,1.172,3.1415,-0.0027,0.0254
453.50,102.760,0.1860,0.0000,0.0000,-0.0411,-0.0044,-0.0027,0.0254,3.1415,-13.063,1.046,0.1859,1713.82,5.602e+06,0.00209788,0.1860,0.0000,-12.952,1.172,3.1415,-0.0027,0.0254
453.60,102.780,0.1860,0.0000,0.0000,-0.0411,-0.0044,-0.0027,0.0254,3.1415,-13.067,1.046,0.1859,1713.82,5.61028e+06,0.00237469,0.1860,0.0000,-12.957,1.172,3.1415,-0.0027,0.0254
453.70,102.820,0.1860,0.0000,0.0000,-0.0411,-0.0044,-0.0027,0.0254,3.1415,-13.072,1.046,0.1859,1713.82,5.61028e+06,0.00237469,0.1860,0.0000,-12.957,1.172,3.1415,-0.0027,0.0254
453.80,102.840,0.1860,0.0000,0.0000,-0.0411,-0.0044,-0.0027,0.0254,3.1415,-13.076,1.046,0.1859,1713.83,5.62135e+06,0.00237469,0.1860,0.0000,-12.965,1.172,3.1415,-0.0027,0.0254
453.90,102.860,0.1860,0.0000,0.0000,-0.0411,-0.0044,-0.0027,0.0254,3.1415,-13.080,1.046,0.1859,1713.84,5.62966e+06,0.00209788,0.1860,0.0000,-12.970,1.172,3.1415,-0.0027,0.0254
454.00,102.880,0.1860,0.0000,0.0000,-0.0411,-0.0044,-0.0027,0.0254,3.1415,-13.084,1.046,0.1859,1713.84,5.62966e+06,0.00209788,0.1860,0.0000,-12.970,1.172,3.1415,-0.0027,0.0254
454.10,102.900,0.1860,0.0000,0.0000,-0.0411,-0.0044,-0.0027,0.0254,3.1415,-13.088,1.046,0.1859,1713.85,5.63799e+06,0.00237469,0.1860,0.0000,-12.976,1.172,3.1415,-0.0027,0.0254
454.20,102.920,0.1860,0.0000,0.0000,-0.0411,-0.0044,-0.0027,0.0254,3.1415,-13.092,1.046,0.1859,1713.86,5.6491e+06,0.00237469,0.1860,0.0000,-12.983,1.172,3.1415,-0.0027,0.0254
454.30,102.940,0.1860,0.0000,0.0000,-0.0411,-0.0044,-0.0027,0.0254,3.1415,-13.097,1.046,0.1859,1713.86,5.6491e+06,0.00237469,0.1860,0.0000,-12.983,1.172,3.1415,-0.0027,0.0254
454.40,102.980,0.1860,0.0000,0.0000,-0.0411,-0.0044,-0.0027,0.0254,3.1415,-13.101,1.046,0.1859,1713.87,5.65744e+06,0.00209788,0.1860,0.0000,-12.989,1.172,3.1415,-0.0027,0.0254
454.50,103.000,0.1860,0.0000,0.0000,-0.0411,-0.0044,-0.0027,0.0254,3.1415,-13.105,1.046,0.1859,1713.88,5.6658e+06,0.00237469,0.1860,0.0000,-12.994,1.172,3.1415,-0.0027,0.0254
454.60,103.020,0.1860,0.0000,0.0000,-0.0411,-0.0044,-0.0027,0.0254,3.1415,-13.109,1.046,0.1859,1713.88,5.6658e+06,0.00237469,0.1860,0.0000,-12.994,1.172,3.1415,-0.0027,0.0254
454.70,103.040,0.1860,0.0000,0.0000,-0.0411,-0.0044,-0.0027,0.0254,3.1415,-13.114,1.046,0.1859,1713.89,5.67695e+06,0.00237469,0.1860,0.0000,-13.002,1.172,3.1415,-0.0027,0.0254
454.80,103.060,0.1860,0.0000,0.0000,-0.0411,-0.0044,-0.0027,0.0254,3.1415,-13.118,1.046,0.1859,1713.89,5.68533e+06,0.00209788,0.1860,0.0000,-13.007,1.172,3.1415,-0.0027,0.0254
454.90,103.080,0.1860,0.0000,0.0000,-0.0411,-0.0044,-0.0027,0.0254,3.1415,-13.122,1.046,0.1859,1713.89,5.68533e+06,0.00209788,0.1860,0.0000,-13.007,1.172,3.1415,-0.0027,0.0254
455.00,103.100,0.1860,0.0000,0.0000,-0.0411,-0.0044,-0.0027,0.0254,3.1415,-13.127,1.046,0.1859,1713.9,5.69371e+06,0.00237469,0.1860,0.0000,-13.013,1.172,3.1415,-0.0027,0.0254
455.10,103.140,0.1860,0.0000,0.0000,-0.0411,-0.0044,-0.0027,0.0254,3.1415,-13.131,1.046,0.1859,1713.91,5.70491e+06,0.00237469,0.1860,0.0000,-13.020,1.172,3.1415,-0.0027,0.0254
455.20,103.160,0.1860,0.0000,0.0000,-0.0411,-0.0044,-0.0027,0.0254,3.1415,-13.135,1.046,0.1859,1713.91,5.70491e+06,0.00237469,0.1860,0.0000,-13.020,1.172,3.1415,-0.0027,0.0254
455.30,103.180,0.1860,0.0000,0.0000,-0.0411,-0.0044,-0.0027,0.0254,3.1415,-13.139,1.046,0.1859,1713.92,5.71332e+06,0.00209788,0.1860,0.0000,-13.026,1.172,3.1415,-0.0027,0.0254
455.40,103.200,0.1860,0.0000,0.0000,-0.0411,-0.0044,-0.0027,0.0254,3.1415,-13.143,1.046,0.1859,1713.93,5.72174e+06,0.00237469,0.1860,0.0000,-13.032,1.172,3.1415,-0.0027,0.0254
455.50,103.220,0.1860,0.0000,0.0000,-0.0411,-0.0044,-0.0027,0.0254,3.1415,-13.147,1.046,0.1859,1713.93,5.72174e+06,0.00237469,0.1860,0.0000,-13.032,1.172,3.1415,-0.0027,0.0254
455.60,103.240,0.1860,0.0000,0.0000,-0.0411,-0.0044,-0.0027,0.0254,3.1415,-13.151,1.046,0.1859,1713.94,5.73299e+06,0.00237469,0.1860,0.0000,-13.039,1.172,3.1415,-0.0027,0.0254
455.70,103.260,0.1860,0.0000,0.0000,-0.0411,-0.0044,-0.0027,0.0254,3.1415,-13.156,1.046,0.1859,1713.95,5.74143e+06,0.00209788,0.1860,0.0000,-13.045,1.172,3.1415,-0.0027,0.0254
455.80,103.280,0.1860,0.0000,0.0000,-0.0411,-0.0044,-0.0027,0.0254,3.1415,-13.160,1.046,0.1859,1713.95,5.74143e+06,0.00209788,0.1860,0.0000,-13.045,1.172,3.1415,-0.0027,0.0254
455.90,103.320,0.1860,0.0000,0.0000,-0.0411,-0.0044,-0.0027,0.0254,3.1415,-13.164,1.046,0.1859,1713.95,5.74988e+06,0.00237469,0.1860,0.0000,-13.050,1.172,3.1415,-0.0027,0.0254
456.00,103.340,0.1860,0.0000,0.0000,-0.0411,-0.0044,-0.0027,0.0254,3.1415,-13.169,1.046,0.1859,1713.96,5.76117e+06,0.00237469,0.1860,0.0000,-13.058,1.172,3.1415,-0.0027,0.0254
456.10,103.360,0.1860,0.0000,0.0000,-0.0411,-0.0044,-0.0027,0.0254,3.1415,-13.173,1.046,0.1859,1713.97,5.76964e+06,0.00209788,0.1860,0.0000,-13.063,1.172,3.1415,-0.0027,0.0254
456.20,103.380,0.1860,0.0000,0.0000,-0.0411,-0.0044,-0.0027,0.0254,3.1415,-13.177,1.046,0.1859,1713.97,5.76964e+06,0.00209788,0.1860,0.0000,-13.063,1.172,3.1415,-0.0027,0.0254
456.30,103.400,0.1860,0.0000,0.0000,-0.0411,-0.0044,-0.0027,0.0254,3.1415,-13.181,1.046,0.1859,1713.98,5.77813e+06,0.00237469,0.1860,0.0000,-13.069,1.172,3.1415,-0.0027,0.0254
456.40,103.420,0.1860,0.0000,0.0000,-0.0411,-0.0044,-0.0027,0.0254,3.1415,-13.186,1.046,0.1859,1713.99,5.78946e+06,0.00237469,0.1860,0.0000,-13.076,1.172,3.1415,-0.0027,0.0254
456.50,103.440,0.1860,0.0000,0.0000,-0.0411,-0.0044,-0.0027,0.0254,3.1415,-13.190,1.046,0.1859,1713.99,5.78946e+06,0.00237469,0.1860,0.0000,-13.076,1.172,3.1415,-0.0027,0.0254
456.60,103.480,0.1860,0.0000,0.0000,-0.0411,-0.0044,-0.0027,0.0254,3.1415,-13.194,1.046,0.1859,1714,5.79797e+06,0.00209788,0.1860,0.0000,-13.082,1.172,3.1415,-0.0027,0.0254
456.70,103.500,0.1860,0.0000,0.0000,-0.0411,-0.0044,-0.0027,0.0254,3.1415,-13.198,1.046,0.1859,1714,5.80649e+06,0.00237469,0.1860,0.0000,-13.087,1.172,3.1415,-0.0027,0.0254
456.80,103.520,0.1860,0.0000,0.0000,-0.0411,-0.0044,-0.0027,0.0254,3.1415,-13.203,1.046,0.1859,1714,5.80649e+06,0.00237469,0.1860,0.0000,-13.087,1.172,3.1415,-0.0027,0.0254
456.90,103.540,0.1860,0.0000,0.0000,-0.0411,-0.0044,-0.0027,0.0254,3.1415,-13.207,1.046,0.1859,1714.01,5.81786e+06,0.00237469,0.1860,0.0000,-13.095,1.172,3.1415,-0.0027,0.0254
457.00,103.560,0.1860,0.0000,0.0000,-0.0411,-0.0044,-0.0027,0.0254,3.1415,-13.211,1.046,0.1859,1714.02,5.8264e+06,0.00209788,0.1860,0.0000,-13.100,1.172,3.1415,-0.0027,0.0254
457.10,103.580,0.1860,0.0000,0.0000,-0.0411,-0.0044,-0.0027,0.0254,3.1415,-13.215,1.046,0.1859,1714.02,5.8264e+06,0.00209788,0.1860,0.0000,-13.100,1.172,3.1415,-0.0027,0.0254
457.20,103.600,0.1860,0.0000,0.0000,-0.0411,-0.0044,-0.0027,0.0254,3.1415,-13.219,1.046,0.1859,1714.03,5.83496e+06,0.00237469,0.1860,0.0000,-13.106,1.172,3.1415,-0.0027,0.0254
457.30,103.620,0.1860,0.0000,0.0000,-0.0411,-0.0044,-0.0027,0.0254,3.1415,-13.223,1.046,0.1859,1714.04,5.84637e+06,0.00237469,0.1860,0.0000,-13.113,1.172,3.1415,-0.0027,0.0254
457.40,103.660,0.1860,0.0000,0.0000,-0.0411,-0.0044,-0.0027,0.0254,3.1415,-13.228,1.046,0.1859,1714.04,5.84637e+06,0.00237469,0.1860,0.0000,-13.113,1.172,3.1415,-0.0027,0.0254
457.50,103.680,0.1860,0.0000,0.0000,-0.0411,-0.0044,-0.0027,0.0254,3.1415,-13.232,1.046,0.1859,1714.05,5.85495e+06,0.00209788,0.1860,0.0000,-13.119,1.172,3.1415,-0.0027,0.0254
457.60,103.700,0.1860,0.0000,0.0000,-0.0411,-0.0044,-0.0027,0.0254,3.1415,-13.236,1.046,0.1859,1714.06,5.86354e+06,0.00237469,0.1860,0.0000,-13.125,1.172,3.1415,-0.0027,0.0254
457.70,103.720,0.1860,0.0000,0.0000,-0.0411,-0.0044,-0.0027,0.0254,3.1415,-13.241,1.046,0.1859,1714.06,5.86354e+06,0.00237469,0.1860,0.0000,-13.125,1.172,3.1415,-0.0027,0.0254
457.80,103.740,0.1860,0.0000,0.0000,-0.0411,-0.0044,-0.0027,0.0254,3.1415,-13.245,1.046,0.1859,1714.07,5.875e+06,0.00237469,0.1860,0.0000,-13.132,1.172,3.1415,-0.0027,0.0254
457.90,103.760,0.1860,0.0000,0.0000,-0.0411,-0.0044,-0.0027,0.0254,3.1415,-13.250,1.046,0.1859,1714.07,5.88361e+06,0.00209788,0.1860,0.0000,-13.138,1.172,3.1415,-0.0027,0.0254
458.00,103.800,0.1860,0.0000,0.0000,-0.0411,-0.0044,-0.0027,0.0254,3.1415,-13.254,1.046,0.1859,1714.08,5.89223e+06,0.00237469,0.1860,0.0000,-13.143,1.172,3.1415,-0.0027,0.0254
458.10,103.820,0.1860,0.0000,0.0000,-0.0411,-0.0044,-0.0027,0.0254,3.1415,-13.258,1.046,0.1859,1714.08,5.89223e+06,0.00237469,0.1860,0.0000,-13.143,1.172,3.1415,-0.0027,0.0254
458.20,103.840,0.1860,0.0000,0.0000,-0.0411,-0.0044,-0.0027,0.0254,3.1415,-13.262,1.046,0.1859,1714.09,5.90373e+06,0.00237469,0.1860,0.0000,-13.151,1.172,3.1415,-0.0027,0.0254
458.30,103.860,0.1860,0.0000,0.0000,-0.0411,-0.0044,-0.0027,0.0254,3.1415,-13.266,1.046,0.1859,1714.1,5.91238e+06,0.00209788,0.1860,0.0000,-13.156,1.172,3.1415,-0.0027,0.0254
458.40,103.880,0.1860,0.0000,0.0000,-0.0411,-0.0044,-0.0027,0.0254,3.1415,-13.270,1.046,0.1859,1714.1,5.91238e+06,0.00209788,0.1860,0.0000,-13.156,1.172,3.1415,-0.0027,0.0254
458.50,103.900,0.1860,0.0000,0.0000,-0.0411,-0.0044,-0.0027,0.0254,3.1415,-13.275,1.046,0.1859,1714.11,5.92103e+06,0.00237469,0.1860,0.0000,-13.162,1.172,3.1415,-0.0027,0.0254
458.60,103.920,0.1860,0.0000,0.0000,-0.0411,-0.0044,-0.0027,0.0254,3.1415,-13.278,1.046,0.1859,1714.12,5.93258e+06,0.00237469,0.1860,0.0000,-13.169,1.172,3.1415,-0.0027,0.0254
